mtllib material.mtl
usemtl spoonmetal
v -0.01861500 -0.05636300 0.00831000
v 0.01861500 -0.05636300 0.00831000
v 0.01174000 -0.11588900 0.01246300
v -0.01174000 -0.11588900 0.01246300
v -0.02389000 -0.08144700 0.00974200
v 0.02389000 -0.08144800 0.00974200
v -0.01121600 -0.08131600 0.00374900
v -0.00663800 -0.10692000 0.00758400
v 0.01121600 -0.08131600 0.00374900
v 0.00663800 -0.10692000 0.00758400
v -0.01127800 -0.06297300 0.00423100
v 0.01127800 -0.06297300 0.00423100
v -0.00359600 -0.05736500 0.00441000
v 0.00359600 -0.05736500 0.00441000
v -0.01893400 -0.05610600 0.00693200
v 0.01893400 -0.05610600 0.00693200
v 0.01195600 -0.11626800 0.01110300
v -0.01195600 -0.11626800 0.01110300
v -0.02434200 -0.08151000 0.00839200
v 0.02434200 -0.08151000 0.00839200
v -0.00581300 -0.04598900 0.00753500
v 0.00581300 -0.04598900 0.00753500
v -0.00235300 0.12111300 0.00127200
v -0.00364300 -0.03164300 0.01294000
v 0.00364400 -0.03164300 0.01294000
v -0.01149300 -0.08138200 0.00206000
v -0.00680700 -0.10730900 0.00591200
v 0.01149300 -0.08138200 0.00206000
v 0.00680700 -0.10730900 0.00591200
v -0.01153400 -0.06271900 0.00253800
v 0.01153400 -0.06271900 0.00253800
v -0.00366700 -0.05700500 0.00270400
v 0.00366700 -0.05700500 0.00270400
v -0.00924500 0.09729100 0.00056900
v -0.00415600 0.00484400 0.01212600
v 0.00415600 0.00484400 0.01212600
v -0.00591900 0.11639800 0.00090400
v -0.00730800 0.06240800 0.00387900
v -0.00574200 -0.04636200 0.00902600
v 0.00574200 -0.04636200 0.00902600
v -0.00363700 -0.03183700 0.01439600
v -0.00235300 0.12052700 0.00303800
v -0.00415600 0.00476700 0.01364500
v -0.00591900 0.11633100 0.00290900
v -0.00924500 0.09743200 0.00245500
v -0.00730800 0.06247400 0.00562100
v -0.00848700 0.10758500 0.00259400
v -0.00848700 0.10745900 0.00063600
v -0.00881300 0.08513400 0.00119400
v -0.00881300 0.08525600 0.00302900
v 0.00235300 0.12111300 0.00127200
v 0.00924500 0.09729100 0.00056900
v 0.00591900 0.11639800 0.00090400
v 0.00730800 0.06240800 0.00387900
v 0.00363700 -0.03183700 0.01439600
v 0.00235300 0.12052700 0.00303800
v 0.00415600 0.00476700 0.01364500
v 0.00591900 0.11633100 0.00290900
v 0.00924500 0.09743200 0.00245500
v 0.00730800 0.06247500 0.00562100
v 0.00848700 0.10758500 0.00259400
v 0.00848700 0.10745900 0.00063600
v 0.00881300 0.08513400 0.00119400
v 0.00881300 0.08525600 0.00302900
v 0.00000000 -0.04347300 0.00851800
v 0.00000000 -0.03162400 0.01279400
v 0.00000000 0.00485200 0.01197400
v 0.00000000 -0.03185600 0.01454200
v 0.00000000 -0.04387600 0.01022400
v 0.00000000 0.00475900 0.01379600
v 0.00000000 0.11632400 0.00310900
v 0.00000000 0.09744600 0.00264400
v 0.00000000 0.06248100 0.00579600
v 0.00000000 0.12086100 0.00316100
v 0.00000000 0.10759800 0.00279000
v 0.00000000 0.08526800 0.00321200
v 0.00000000 0.12159400 0.00120700
v 0.00000000 0.09727700 0.00038000
v 0.00000000 0.11640500 0.00070300
v 0.00000000 0.06240100 0.00370500
v 0.00000000 0.10744600 0.00044000
v 0.00000000 0.08512200 0.00101100
v -0.02032400 -0.05454300 0.00878800
v 0.02032400 -0.05454300 0.00878800
v 0.01298500 -0.11782700 0.01306200
v -0.01298500 -0.11782700 0.01306200
v -0.02614000 -0.08140000 0.01061600
v 0.02614000 -0.08140000 0.01061600
v -0.00762200 -0.04453200 0.00930200
v 0.00762200 -0.04453200 0.00930200
v -0.00220700 0.12122800 0.00218400
v -0.00436800 -0.03174000 0.01366800
v -0.01109300 0.09736200 0.00151200
v -0.00498700 0.00480500 0.01288500
v -0.00710300 0.11636400 0.00190600
v -0.00876900 0.06244100 0.00475000
v -0.01018500 0.10752200 0.00161500
v -0.01057500 0.08519500 0.00211200
v 0.00220700 0.12122800 0.00218400
v 0.01109300 0.09736200 0.00151200
v 0.00710300 0.11636400 0.00190600
v 0.00876900 0.06244100 0.00475000
v 0.01018500 0.10752200 0.00161500
v 0.01057500 0.08519500 0.00211200
v 0.00436800 -0.03174000 0.01366800
v 0.00498700 0.00480500 0.01288500
v -0.00000000 0.12204200 0.00224100
v -0.01092900 -0.08496200 0.00406900
v -0.01050200 -0.08873400 0.00449000
v -0.00995900 -0.09251000 0.00498800
v -0.00932600 -0.09617200 0.00553900
v -0.00862800 -0.09959700 0.00611500
v -0.00790000 -0.10266100 0.00668500
v -0.00718700 -0.10522000 0.00720700
v 0.01092900 -0.08496200 0.00406900
v 0.01050200 -0.08873400 0.00449000
v 0.00995900 -0.09251000 0.00498800
v 0.00932600 -0.09617200 0.00553900
v 0.00862800 -0.09959700 0.00611500
v 0.00790000 -0.10266100 0.00668500
v 0.00718700 -0.10522000 0.00720700
v 0.00549100 -0.10742500 0.00754400
v 0.00384200 -0.10796200 0.00750300
v 0.00197200 -0.10833600 0.00747500
v -0.00000000 -0.10847300 0.00746500
v -0.00197200 -0.10833600 0.00747500
v -0.00384200 -0.10796200 0.00750300
v -0.00549100 -0.10742500 0.00754400
v -0.01130500 -0.06395200 0.00406400
v -0.01130900 -0.06542300 0.00386200
v -0.01129700 -0.06724200 0.00368000
v -0.01130100 -0.06940500 0.00353900
v -0.01134000 -0.07191800 0.00346000
v -0.01137400 -0.07475800 0.00345700
v -0.01135100 -0.07790000 0.00354800
v 0.01130500 -0.06395200 0.00406400
v 0.01130900 -0.06542300 0.00386200
v 0.01129700 -0.06724200 0.00368000
v 0.01130100 -0.06940500 0.00353900
v 0.01134000 -0.07191800 0.00346000
v 0.01137400 -0.07475800 0.00345700
v 0.01135100 -0.07790000 0.00354800
v -0.00862600 -0.08116300 0.00325800
v -0.00585200 -0.08100300 0.00291100
v -0.00295600 -0.08087700 0.00270600
v 0.00000000 -0.08082600 0.00263800
v 0.00295600 -0.08087700 0.00270600
v 0.00585200 -0.08100300 0.00291100
v 0.00862600 -0.08116300 0.00325800
v -0.00401100 -0.05797400 0.00427100
v -0.00464900 -0.05880300 0.00411600
v -0.00547400 -0.05968100 0.00399800
v -0.00650900 -0.06053200 0.00393600
v -0.00775700 -0.06130400 0.00394400
v -0.00909600 -0.06198500 0.00401200
v -0.01036600 -0.06256700 0.00412300
v 0.01036600 -0.06256700 0.00412300
v 0.00909600 -0.06198500 0.00401200
v 0.00775700 -0.06130400 0.00394400
v 0.00650900 -0.06053200 0.00393600
v 0.00547400 -0.05968100 0.00399800
v 0.00464900 -0.05880300 0.00411600
v 0.00401100 -0.05797400 0.00427100
v -0.00368500 -0.03435200 0.01392200
v -0.00375300 -0.03654200 0.01336400
v -0.00385600 -0.03845900 0.01273800
v -0.00401100 -0.04015900 0.01206200
v -0.00423600 -0.04170100 0.01135200
v -0.00455700 -0.04315800 0.01061800
v -0.00501100 -0.04461900 0.00986500
v -0.00392300 -0.00172000 0.01428400
v -0.00375600 -0.00759500 0.01474600
v -0.00364600 -0.01289100 0.01504000
v -0.00358400 -0.01764100 0.01517900
v -0.00356100 -0.02187800 0.01517300
v -0.00356800 -0.02563400 0.01503300
v -0.00359600 -0.02894300 0.01477100
v -0.02338600 -0.08598100 0.01006700
v -0.02257600 -0.09070700 0.01042300
v -0.02146700 -0.09549700 0.01079500
v -0.02006900 -0.10022200 0.01117100
v -0.01838900 -0.10475200 0.01153900
v -0.01643600 -0.10896000 0.01188500
v -0.01421600 -0.11271500 0.01219700
v 0.02338600 -0.08598100 0.01006700
v 0.02257600 -0.09070700 0.01042300
v 0.02146700 -0.09549700 0.01079500
v 0.02006900 -0.10022200 0.01117100
v 0.01838900 -0.10475200 0.01153900
v 0.01643600 -0.10896000 0.01188500
v 0.01421600 -0.11271500 0.01219700
v 0.00902300 -0.11837400 0.01267100
v 0.00611900 -0.12014900 0.01282000
v 0.00309100 -0.12121400 0.01290900
v -0.00000000 -0.12156900 0.01293900
v -0.00309100 -0.12121400 0.01290900
v -0.00611900 -0.12014900 0.01282000
v -0.00902300 -0.11837400 0.01267100
v -0.01996400 -0.05841900 0.00840900
v -0.02116300 -0.06077700 0.00852300
v -0.02218900 -0.06344200 0.00865600
v -0.02301700 -0.06641500 0.00881200
v -0.02362500 -0.06970000 0.00899500
v -0.02398800 -0.07329900 0.00920800
v -0.02408500 -0.07721400 0.00945600
v 0.01996400 -0.05841900 0.00840900
v 0.02116300 -0.06077700 0.00852300
v 0.02218900 -0.06344200 0.00865600
v 0.02301700 -0.06641500 0.00881200
v 0.02362500 -0.06970000 0.00899500
v 0.02398800 -0.07329900 0.00920800
v 0.02408500 -0.07721400 0.00945600
v -0.00736900 -0.04760000 0.00859500
v -0.00896100 -0.04861200 0.00835500
v -0.01060200 -0.04960300 0.00821300
v -0.01227000 -0.05064200 0.00814400
v -0.01393600 -0.05178900 0.00813100
v -0.01557000 -0.05309300 0.00816200
v -0.01714000 -0.05460100 0.00822500
v 0.01714000 -0.05460100 0.00822500
v 0.01557000 -0.05309300 0.00816200
v 0.01393600 -0.05178900 0.00813100
v 0.01227000 -0.05064200 0.00814400
v 0.01060200 -0.04960300 0.00821300
v 0.00896100 -0.04861200 0.00835500
v 0.00736900 -0.04760000 0.00859500
v -0.01125800 -0.11514100 0.01197500
v -0.01069000 -0.11424000 0.01138500
v -0.01005100 -0.11319200 0.01072400
v -0.00935900 -0.11200200 0.01002000
v -0.00863000 -0.11068800 0.00930600
v -0.00789100 -0.10931000 0.00862100
v -0.00718100 -0.10795900 0.00801100
v -0.01357400 -0.08142800 0.00438100
v -0.01569600 -0.08149900 0.00512200
v -0.01759000 -0.08153500 0.00593500
v -0.01926200 -0.08154400 0.00678200
v -0.02072000 -0.08153300 0.00762400
v -0.02197300 -0.08150800 0.00842300
v -0.02302700 -0.08147700 0.00914200
v 0.02302700 -0.08147700 0.00914200
v 0.02197300 -0.08150800 0.00842300
v 0.02072000 -0.08153300 0.00762400
v 0.01926200 -0.08154400 0.00678200
v 0.01759000 -0.08153500 0.00593500
v 0.01569600 -0.08149900 0.00512200
v 0.01357400 -0.08142800 0.00438100
v 0.00718100 -0.10795900 0.00801100
v 0.00789100 -0.10931000 0.00862100
v 0.00863000 -0.11068800 0.00930600
v 0.00935900 -0.11200200 0.01002000
v 0.01005100 -0.11319200 0.01072400
v 0.01069000 -0.11424000 0.01138500
v 0.01125800 -0.11514100 0.01197500
v -0.01210000 -0.06241700 0.00454300
v -0.01316400 -0.06162000 0.00501000
v -0.01425200 -0.06071800 0.00555900
v -0.01530400 -0.05976800 0.00615300
v -0.01628600 -0.05881800 0.00675900
v -0.01717600 -0.05790800 0.00734200
v -0.01795800 -0.05707700 0.00787000
v 0.01795800 -0.05707700 0.00787000
v 0.01717600 -0.05790800 0.00734200
v 0.01628600 -0.05881800 0.00675900
v 0.01530400 -0.05976800 0.00615300
v 0.01425200 -0.06071800 0.00555900
v 0.01316400 -0.06162000 0.00501000
v 0.01210000 -0.06241700 0.00454300
v -0.00560400 -0.04803500 0.00824200
v -0.00536700 -0.04953000 0.00755300
v -0.00507500 -0.05100100 0.00689200
v -0.00475700 -0.05245900 0.00626200
v -0.00443600 -0.05389300 0.00567200
v -0.00412100 -0.05525800 0.00514400
v -0.00382300 -0.05648500 0.00470200
v 0.00382300 -0.05648500 0.00470200
v 0.00412100 -0.05525800 0.00514400
v 0.00443600 -0.05389300 0.00567200
v 0.00475700 -0.05245900 0.00626200
v 0.00507500 -0.05100100 0.00689200
v 0.00536700 -0.04953000 0.00755300
v 0.00560400 -0.04803500 0.00824200
v -0.00866600 0.10638100 0.00255400
v -0.00881800 0.10517100 0.00251700
v -0.00894600 0.10394900 0.00248400
v -0.00905000 0.10270800 0.00245700
v -0.00913100 0.10144200 0.00243900
v -0.00919000 0.10014500 0.00243100
v -0.00922800 0.09881000 0.00243600
v -0.00871100 0.08355900 0.00129600
v -0.00859800 0.08186900 0.00142000
v -0.00846500 0.07994100 0.00158800
v -0.00830800 0.07765100 0.00182300
v -0.00812000 0.07487700 0.00214700
v -0.00789500 0.07149400 0.00258300
v -0.00762600 0.06737900 0.00315300
v -0.01120200 -0.08508200 0.00238100
v -0.01076600 -0.08890600 0.00280500
v -0.01021200 -0.09273200 0.00330500
v -0.00956400 -0.09643800 0.00385800
v -0.00884900 -0.09990400 0.00443700
v -0.00810200 -0.10300300 0.00500900
v -0.00737000 -0.10559100 0.00553400
v 0.01120200 -0.08508200 0.00238100
v 0.01076600 -0.08890600 0.00280500
v 0.01021200 -0.09273200 0.00330500
v 0.00956400 -0.09643800 0.00385800
v 0.00884900 -0.09990400 0.00443700
v 0.00810200 -0.10300300 0.00500900
v 0.00737000 -0.10559100 0.00553400
v 0.00563100 -0.10782000 0.00587100
v 0.00394000 -0.10836400 0.00582900
v 0.00202300 -0.10874300 0.00580000
v -0.00000000 -0.10888200 0.00579000
v -0.00202300 -0.10874300 0.00580000
v -0.00394000 -0.10836400 0.00582900
v -0.00563100 -0.10782000 0.00587100
v -0.01156500 -0.06371500 0.00237100
v -0.01157200 -0.06521300 0.00216800
v -0.01156400 -0.06706600 0.00198600
v -0.01157100 -0.06926900 0.00184600
v -0.01161300 -0.07182700 0.00176700
v -0.01165100 -0.07471800 0.00176500
v -0.01162900 -0.07791300 0.00185700
v 0.01156500 -0.06371500 0.00237100
v 0.01157200 -0.06521300 0.00216800
v 0.01156400 -0.06706600 0.00198600
v 0.01157100 -0.06926900 0.00184600
v 0.01161300 -0.07182700 0.00176700
v 0.01165100 -0.07471800 0.00176500
v 0.01162900 -0.07791300 0.00185700
v -0.00884000 -0.08122600 0.00156300
v -0.00599800 -0.08106200 0.00121200
v -0.00303000 -0.08093300 0.00100300
v 0.00000000 -0.08088100 0.00093500
v 0.00303000 -0.08093300 0.00100300
v 0.00599800 -0.08106200 0.00121200
v 0.00884000 -0.08122600 0.00156300
v 0.00028300 -0.04376800 0.00834300
v 0.00071000 -0.04416300 0.00811800
v 0.00123900 -0.04456600 0.00790400
v 0.00187000 -0.04492900 0.00772800
v 0.00260700 -0.04522100 0.00761100
v 0.00346400 -0.04546500 0.00754500
v 0.00446800 -0.04569500 0.00752100
v -0.00409200 -0.05762200 0.00256500
v -0.00474500 -0.05846400 0.00241000
v -0.00559000 -0.05935600 0.00229300
v -0.00665000 -0.06022300 0.00223300
v -0.00792800 -0.06101000 0.00224300
v -0.00930000 -0.06170600 0.00231400
v -0.01060000 -0.06230100 0.00242700
v 0.01060000 -0.06230100 0.00242700
v 0.00930000 -0.06170600 0.00231400
v 0.00792800 -0.06101000 0.00224300
v 0.00665000 -0.06022300 0.00223300
v 0.00559000 -0.05935600 0.00229300
v 0.00474500 -0.05846400 0.00241000
v 0.00409200 -0.05762200 0.00256500
v -0.00369400 -0.03413900 0.01247000
v -0.00376600 -0.03630600 0.01191600
v -0.00387300 -0.03820000 0.01129300
v -0.00403400 -0.03987700 0.01061900
v -0.00426600 -0.04139500 0.00990700
v -0.00459600 -0.04282800 0.00916600
v -0.00506300 -0.04426600 0.00840100
v -0.00392300 -0.00162700 0.01278300
v -0.00375600 -0.00748800 0.01325800
v -0.00364600 -0.01277100 0.01356200
v -0.00358500 -0.01750800 0.01370800
v -0.00356200 -0.02173200 0.01370700
v -0.00357100 -0.02547400 0.01357100
v -0.00360100 -0.02876700 0.01331100
v 0.00506300 -0.04426600 0.00840100
v 0.00459600 -0.04282800 0.00916600
v 0.00426600 -0.04139500 0.00990700
v 0.00403400 -0.03987700 0.01061900
v 0.00387300 -0.03820000 0.01129300
v 0.00376600 -0.03630600 0.01191600
v 0.00369500 -0.03413900 0.01247000
v -0.00054500 -0.03162400 0.01279500
v -0.00108200 -0.03162400 0.01279700
v -0.00160100 -0.03162500 0.01280200
v -0.00209500 -0.03162600 0.01281200
v -0.00255500 -0.03162900 0.01283000
v -0.00297200 -0.03163200 0.01285600
v -0.00333800 -0.03163700 0.01289200
v -0.02383000 -0.08609100 0.00871800
v -0.02300400 -0.09086300 0.00907300
v -0.02187400 -0.09569800 0.00944400
v -0.02044800 -0.10046600 0.00981900
v -0.01873500 -0.10503600 0.01018500
v -0.01674300 -0.10928000 0.01052900
v -0.01448000 -0.11306700 0.01083900
v 0.02383000 -0.08609100 0.00871800
v 0.02300400 -0.09086300 0.00907300
v 0.02187400 -0.09569800 0.00944400
v 0.02044800 -0.10046600 0.00981900
v 0.01873500 -0.10503600 0.01018500
v 0.01674300 -0.10928000 0.01052900
v 0.01448000 -0.11306700 0.01083900
v 0.00918900 -0.11877400 0.01131000
v 0.00623100 -0.12056500 0.01145800
v 0.00314700 -0.12163900 0.01154600
v -0.00000000 -0.12199700 0.01157600
v -0.00314700 -0.12163900 0.01154600
v -0.00623100 -0.12056500 0.01145800
v -0.00918900 -0.11877400 0.01131000
v -0.02031300 -0.05819100 0.00703500
v -0.02153900 -0.06058400 0.00715400
v -0.02258900 -0.06328500 0.00729100
v -0.02343800 -0.06629900 0.00745100
v -0.02406200 -0.06962600 0.00763800
v -0.02443700 -0.07326900 0.00785400
v -0.02453800 -0.07723000 0.00810400
v 0.02031300 -0.05819100 0.00703500
v 0.02153900 -0.06058400 0.00715400
v 0.02258900 -0.06328600 0.00729100
v 0.02343800 -0.06629900 0.00745100
v 0.02406200 -0.06962600 0.00763800
v 0.02443700 -0.07326900 0.00785400
v 0.02453800 -0.07723000 0.00810400
v -0.00746900 -0.04723300 0.00714100
v -0.00909000 -0.04825300 0.00692300
v -0.01076200 -0.04925300 0.00679800
v -0.01246200 -0.05030500 0.00674100
v -0.01416000 -0.05146700 0.00673700
v -0.01582700 -0.05278900 0.00677400
v -0.01742800 -0.05431900 0.00684200
v 0.01742900 -0.05431900 0.00684200
v 0.01582700 -0.05278900 0.00677400
v 0.01416000 -0.05146700 0.00673700
v 0.01246200 -0.05030500 0.00674100
v 0.01076200 -0.04925300 0.00679800
v 0.00909000 -0.04825300 0.00692300
v 0.00746900 -0.04723300 0.00714100
v -0.01148400 -0.11554200 0.01052100
v -0.01091900 -0.11465500 0.00985900
v -0.01027800 -0.11361400 0.00914400
v -0.00957900 -0.11242500 0.00840200
v -0.00884000 -0.11110600 0.00766300
v -0.00808800 -0.10971900 0.00696200
v -0.00736200 -0.10835700 0.00634400
v -0.01390700 -0.08149700 0.00270000
v -0.01607600 -0.08157000 0.00345400
v -0.01800700 -0.08160800 0.00428700
v -0.01970800 -0.08161700 0.00516300
v -0.02118500 -0.08160400 0.00604700
v -0.02244500 -0.08157800 0.00690300
v -0.02349500 -0.08154400 0.00769600
v 0.02349500 -0.08154400 0.00769700
v 0.02244500 -0.08157800 0.00690300
v 0.02118500 -0.08160500 0.00604700
v 0.01970800 -0.08161700 0.00516300
v 0.01800700 -0.08160800 0.00428700
v 0.01607600 -0.08157000 0.00345400
v 0.01390700 -0.08149700 0.00270000
v 0.00736200 -0.10835800 0.00634400
v 0.00808800 -0.10971900 0.00696200
v 0.00884000 -0.11110600 0.00766300
v 0.00957900 -0.11242500 0.00840200
v 0.01027800 -0.11361400 0.00914400
v 0.01091900 -0.11465500 0.00985900
v 0.01148400 -0.11554200 0.01052100
v -0.01237400 -0.06215600 0.00285300
v -0.01345700 -0.06135100 0.00332800
v -0.01456300 -0.06044200 0.00389300
v -0.01563000 -0.05948800 0.00451300
v -0.01662000 -0.05853700 0.00515800
v -0.01751200 -0.05763000 0.00579600
v -0.01828900 -0.05680700 0.00639700
v 0.01828900 -0.05680700 0.00639700
v 0.01751200 -0.05763000 0.00579600
v 0.01662000 -0.05853700 0.00515800
v 0.01563000 -0.05948800 0.00451300
v 0.01456300 -0.06044200 0.00389300
v 0.01345700 -0.06135100 0.00332800
v 0.01237400 -0.06215600 0.00285300
v -0.00568300 -0.04763900 0.00667000
v -0.00544900 -0.04912400 0.00593200
v -0.00515800 -0.05059400 0.00523800
v -0.00483900 -0.05205500 0.00458500
v -0.00451700 -0.05349700 0.00398100
v -0.00419900 -0.05487400 0.00344400
v -0.00389700 -0.05611400 0.00299800
v 0.00389700 -0.05611400 0.00299800
v 0.00419900 -0.05487400 0.00344400
v 0.00451700 -0.05349700 0.00398100
v 0.00483900 -0.05205500 0.00458500
v 0.00515800 -0.05059400 0.00523800
v 0.00544900 -0.04912400 0.00593200
v 0.00568300 -0.04763900 0.00667000
v -0.00866600 0.10625200 0.00060600
v -0.00881800 0.10503900 0.00057800
v -0.00894600 0.10381400 0.00055400
v -0.00905000 0.10257100 0.00053700
v -0.00913100 0.10130300 0.00052700
v -0.00919000 0.10000400 0.00052800
v -0.00922800 0.09866900 0.00054100
v -0.00871100 0.08367700 0.00312500
v -0.00859800 0.08198300 0.00324200
v -0.00846500 0.08005100 0.00340300
v -0.00830800 0.07775600 0.00362900
v -0.00812000 0.07497500 0.00394200
v -0.00789500 0.07158400 0.00436300
v -0.00762600 0.06745800 0.00491600
v -0.02034700 -0.05452600 0.00868400
v -0.02035100 -0.05453000 0.00856700
v -0.02031700 -0.05457400 0.00842600
v -0.02022800 -0.05467800 0.00824900
v -0.02006300 -0.05486300 0.00802300
v -0.01980500 -0.05515000 0.00773600
v -0.01943500 -0.05555700 0.00737700
v 0.02034700 -0.05452600 0.00868400
v 0.02035100 -0.05453000 0.00856700
v 0.02031700 -0.05457400 0.00842600
v 0.02022800 -0.05467800 0.00824900
v 0.02006300 -0.05486400 0.00802300
v 0.01980500 -0.05515000 0.00773600
v 0.01943500 -0.05555700 0.00737700
v 0.01300000 -0.11785300 0.01295800
v 0.01300200 -0.11785700 0.01284100
v 0.01297600 -0.11782000 0.01269800
v 0.01290900 -0.11772000 0.01251300
v 0.01278700 -0.11753500 0.01227500
v 0.01259700 -0.11724600 0.01197000
v 0.01232500 -0.11683100 0.01158400
v -0.01300000 -0.11785300 0.01295800
v -0.01300200 -0.11785700 0.01284100
v -0.01297600 -0.11782000 0.01269800
v -0.01290900 -0.11772000 0.01251300
v -0.01278700 -0.11753500 0.01227500
v -0.01259700 -0.11724600 0.01197000
v -0.01232500 -0.11683100 0.01158400
v -0.02617300 -0.08140500 0.01051400
v -0.02618100 -0.08141100 0.01039400
v -0.02614000 -0.08141800 0.01024100
v -0.02602600 -0.08142800 0.01003800
v -0.02581300 -0.08144200 0.00976900
v -0.02547800 -0.08145900 0.00941600
v -0.02499600 -0.08148200 0.00896200
v 0.02617300 -0.08140500 0.01051400
v 0.02618100 -0.08141100 0.01039400
v 0.02614000 -0.08141800 0.01024100
v 0.02602600 -0.08142800 0.01003800
v 0.02581300 -0.08144200 0.00976900
v 0.02547800 -0.08145900 0.00941600
v 0.02499600 -0.08148200 0.00896200
v -0.00762600 -0.04450900 0.00919500
v -0.00761100 -0.04450200 0.00907900
v -0.00756000 -0.04452900 0.00894400
v -0.00745400 -0.04460400 0.00878300
v -0.00727200 -0.04474800 0.00858500
v -0.00698500 -0.04498700 0.00833600
v -0.00655100 -0.04535600 0.00801400
v 0.00762600 -0.04450900 0.00919500
v 0.00761100 -0.04450200 0.00907900
v 0.00756000 -0.04452900 0.00894400
v 0.00745400 -0.04460400 0.00878300
v 0.00727200 -0.04474800 0.00858500
v 0.00698500 -0.04498700 0.00833600
v 0.00655100 -0.04535600 0.00801400
v -0.00220700 0.12128400 0.00203800
v -0.00221000 0.12133100 0.00189500
v -0.00221900 0.12136100 0.00175800
v -0.00223500 0.12136400 0.00163000
v -0.00226200 0.12133500 0.00151300
v -0.00229400 0.12127500 0.00141100
v -0.00232700 0.12119200 0.00132700
v -0.00436800 -0.03172500 0.01355900
v -0.00435800 -0.03171100 0.01345200
v -0.00433200 -0.03169800 0.01334800
v -0.00428000 -0.03168400 0.01324900
v -0.00419300 -0.03167200 0.01315700
v -0.00406400 -0.03166100 0.01307400
v -0.00388400 -0.03165100 0.01300100
v -0.01109000 0.09735100 0.00137100
v -0.01106500 0.09734100 0.00123200
v -0.01099600 0.09733100 0.00109700
v -0.01086200 0.09732100 0.00097000
v -0.01064200 0.09731200 0.00085100
v -0.01031300 0.09730400 0.00074300
v -0.00985500 0.09729700 0.00064800
v 0.00360100 -0.02876700 0.01331100
v 0.00357100 -0.02547400 0.01357100
v 0.00356200 -0.02173200 0.01370700
v 0.00358500 -0.01750800 0.01370800
v 0.00364600 -0.01277100 0.01356200
v 0.00375600 -0.00748800 0.01325800
v 0.00392300 -0.00162700 0.01278300
v -0.00498500 0.00481100 0.01277200
v -0.00497400 0.00481700 0.01266000
v -0.00494300 0.00482200 0.01255200
v -0.00488300 0.00482800 0.01244900
v -0.00478400 0.00483300 0.01235300
v -0.00463600 0.00483700 0.01226600
v -0.00443000 0.00484100 0.01219000
v -0.00062200 0.00485200 0.01197500
v -0.00123400 0.00485200 0.01197700
v -0.00182600 0.00485200 0.01198200
v -0.00239000 0.00485100 0.01199300
v -0.00291400 0.00485000 0.01201100
v -0.00339000 0.00484900 0.01203800
v -0.00380700 0.00484700 0.01207600
v -0.00259600 0.12033700 0.00304600
v -0.00295800 0.12003200 0.00305100
v -0.00338800 0.11963600 0.00304700
v -0.00386700 0.11915000 0.00303400
v -0.00437900 0.11857500 0.00301200
v -0.00490500 0.11791200 0.00298200
v -0.00542500 0.11716400 0.00294600
v -0.00259600 0.12089900 0.00123500
v -0.00295800 0.12055200 0.00118600
v -0.00338800 0.12009800 0.00113400
v -0.00386700 0.11954100 0.00108300
v -0.00437900 0.11888400 0.00103500
v -0.00490500 0.11813600 0.00098800
v -0.00542500 0.11730400 0.00094500
v -0.00710100 0.11636900 0.00175600
v -0.00708500 0.11637400 0.00160900
v -0.00704100 0.11637900 0.00146600
v -0.00695500 0.11638400 0.00133000
v -0.00681400 0.11638800 0.00120300
v -0.00660400 0.11639200 0.00108900
v -0.00631000 0.11639500 0.00098800
v -0.00693800 0.05656300 0.00649000
v -0.00652800 0.04987300 0.00748800
v -0.00609500 0.04260800 0.00857000
v -0.00565500 0.03497000 0.00969000
v -0.00522500 0.02716400 0.01080300
v -0.00482100 0.01939200 0.01186300
v -0.00445900 0.01185900 0.01282600
v -0.00693800 0.05651100 0.00477300
v -0.00652800 0.04983800 0.00579900
v -0.00609500 0.04259100 0.00691100
v -0.00565500 0.03497300 0.00806300
v -0.00522500 0.02718600 0.00920600
v -0.00482100 0.01943400 0.01029600
v -0.00445900 0.01191900 0.01128500
v -0.00876600 0.06244600 0.00488100
v -0.00874600 0.06245100 0.00500900
v -0.00869200 0.06245600 0.00513300
v -0.00858700 0.06246000 0.00525100
v -0.00841300 0.06246400 0.00536100
v -0.00815300 0.06246800 0.00546100
v -0.00779000 0.06247200 0.00554800
v -0.00637300 0.11541800 0.00287000
v -0.00678400 0.11443200 0.00283100
v -0.00715500 0.11338500 0.00279200
v -0.00748800 0.11228700 0.00275300
v -0.00778500 0.11114700 0.00271300
v -0.00805000 0.10997700 0.00267300
v -0.00828300 0.10878600 0.00263400
v -0.00637300 0.11542500 0.00086500
v -0.00678400 0.11439500 0.00082800
v -0.00715500 0.11331500 0.00079400
v -0.00748800 0.11219300 0.00076000
v -0.00778500 0.11103900 0.00072800
v -0.00805000 0.10985900 0.00069700
v -0.00828300 0.10866300 0.00066600
v -0.01018200 0.10751300 0.00146800
v -0.01015800 0.10750300 0.00132400
v -0.01009500 0.10749400 0.00118500
v -0.00997300 0.10748600 0.00105200
v -0.00977100 0.10747800 0.00092800
v -0.00946900 0.10747000 0.00081600
v -0.00904800 0.10746400 0.00071800
v -0.00924200 0.09586600 0.00061200
v -0.00922100 0.09440000 0.00066900
v -0.00918400 0.09289900 0.00073900
v -0.00913300 0.09137100 0.00081800
v -0.00906800 0.08982300 0.00090600
v -0.00899200 0.08826300 0.00099900
v -0.00890600 0.08669800 0.00109600
v -0.00924200 0.09600700 0.00249100
v -0.00922100 0.09453900 0.00254100
v -0.00918400 0.09303600 0.00260400
v -0.00913300 0.09150600 0.00267700
v -0.00906800 0.08995500 0.00275800
v -0.00899200 0.08839200 0.00284500
v -0.00890600 0.08682300 0.00293600
v -0.01057200 0.08520400 0.00224900
v -0.01054800 0.08521300 0.00238400
v -0.01048200 0.08522200 0.00251500
v -0.01035500 0.08523000 0.00263900
v -0.01014500 0.08523800 0.00275500
v -0.00983200 0.08524500 0.00286000
v -0.00939400 0.08525100 0.00295200
v 0.00392300 -0.00172000 0.01428400
v 0.00375600 -0.00759500 0.01474600
v 0.00364600 -0.01289100 0.01504000
v 0.00358400 -0.01764100 0.01517900
v 0.00356100 -0.02187800 0.01517300
v 0.00356800 -0.02563400 0.01503300
v 0.00359600 -0.02894300 0.01477100
v 0.00866600 0.10638100 0.00255400
v 0.00881800 0.10517100 0.00251700
v 0.00894600 0.10394900 0.00248400
v 0.00905000 0.10270800 0.00245700
v 0.00913100 0.10144200 0.00243900
v 0.00919000 0.10014500 0.00243100
v 0.00922800 0.09881000 0.00243600
v 0.00871100 0.08355900 0.00129600
v 0.00859800 0.08186900 0.00142000
v 0.00846500 0.07994100 0.00158800
v 0.00830800 0.07765100 0.00182300
v 0.00812000 0.07487700 0.00214700
v 0.00789500 0.07149400 0.00258300
v 0.00762600 0.06737900 0.00315300
v 0.00866600 0.10625200 0.00060600
v 0.00881800 0.10503900 0.00057800
v 0.00894600 0.10381400 0.00055400
v 0.00905000 0.10257100 0.00053700
v 0.00913100 0.10130300 0.00052700
v 0.00919000 0.10000400 0.00052800
v 0.00922800 0.09866900 0.00054100
v 0.00871100 0.08367700 0.00312500
v 0.00859800 0.08198300 0.00324200
v 0.00846500 0.08005100 0.00340300
v 0.00830800 0.07775600 0.00362900
v 0.00812000 0.07497500 0.00394200
v 0.00789500 0.07158400 0.00436300
v 0.00762600 0.06745800 0.00491600
v 0.00220700 0.12128400 0.00203800
v 0.00221000 0.12133100 0.00189500
v 0.00221900 0.12136100 0.00175800
v 0.00223500 0.12136400 0.00163000
v 0.00226200 0.12133500 0.00151300
v 0.00229400 0.12127500 0.00141100
v 0.00232700 0.12119200 0.00132700
v 0.01109000 0.09735100 0.00137100
v 0.01106500 0.09734100 0.00123200
v 0.01099600 0.09733100 0.00109700
v 0.01086200 0.09732100 0.00097000
v 0.01064200 0.09731200 0.00085100
v 0.01031300 0.09730400 0.00074300
v 0.00985500 0.09729700 0.00064800
v 0.00259600 0.12033700 0.00304600
v 0.00295800 0.12003200 0.00305100
v 0.00338800 0.11963600 0.00304700
v 0.00386700 0.11915000 0.00303400
v 0.00437900 0.11857500 0.00301200
v 0.00490500 0.11791200 0.00298200
v 0.00542500 0.11716400 0.00294600
v 0.00259600 0.12089900 0.00123500
v 0.00295800 0.12055200 0.00118600
v 0.00338800 0.12009800 0.00113400
v 0.00386700 0.11954100 0.00108300
v 0.00437900 0.11888400 0.00103500
v 0.00490500 0.11813600 0.00098800
v 0.00542500 0.11730400 0.00094500
v 0.00710100 0.11636900 0.00175600
v 0.00708500 0.11637400 0.00160900
v 0.00704100 0.11637900 0.00146600
v 0.00695500 0.11638400 0.00133000
v 0.00681400 0.11638800 0.00120300
v 0.00660400 0.11639200 0.00108900
v 0.00631000 0.11639500 0.00098800
v 0.00693800 0.05656300 0.00649000
v 0.00652800 0.04987300 0.00748800
v 0.00609500 0.04260800 0.00857000
v 0.00565500 0.03497000 0.00969000
v 0.00522500 0.02716400 0.01080300
v 0.00482100 0.01939200 0.01186300
v 0.00445900 0.01185900 0.01282600
v 0.00876600 0.06244600 0.00488100
v 0.00874700 0.06245100 0.00500900
v 0.00869200 0.06245600 0.00513300
v 0.00858700 0.06246000 0.00525100
v 0.00841300 0.06246400 0.00536100
v 0.00815300 0.06246800 0.00546100
v 0.00779000 0.06247200 0.00554800
v 0.00054400 -0.03185600 0.01454200
v 0.00108000 -0.03185600 0.01454000
v 0.00159800 -0.03185500 0.01453400
v 0.00209100 -0.03185300 0.01452400
v 0.00255000 -0.03185100 0.01450600
v 0.00296600 -0.03184800 0.01448000
v 0.00333200 -0.03184300 0.01444400
v -0.00028100 -0.04417400 0.01004700
v -0.00070400 -0.04457300 0.00981900
v -0.00122700 -0.04497800 0.00959800
v -0.00185100 -0.04534000 0.00940900
v -0.00257900 -0.04563000 0.00927000
v -0.00342400 -0.04586700 0.00917100
v -0.00441500 -0.04608700 0.00909700
v 0.00062200 0.00475900 0.01379600
v 0.00123400 0.00475900 0.01379400
v 0.00182600 0.00475900 0.01378800
v 0.00239000 0.00476000 0.01377700
v 0.00291400 0.00476100 0.01375900
v 0.00339000 0.00476200 0.01373200
v 0.00380700 0.00476400 0.01369500
v 0.00088600 0.11632400 0.00310900
v 0.00175700 0.11632400 0.00310600
v 0.00260100 0.11632500 0.00309800
v 0.00340400 0.11632500 0.00308400
v 0.00415000 0.11632600 0.00306000
v 0.00482800 0.11632700 0.00302400
v 0.00542200 0.11632900 0.00297500
v -0.00138300 0.09744600 0.00264300
v -0.00274400 0.09744600 0.00264100
v -0.00406300 0.09744600 0.00263400
v -0.00531600 0.09744400 0.00262000
v -0.00648200 0.09744300 0.00259800
v -0.00754000 0.09744000 0.00256400
v -0.00846800 0.09743700 0.00251700
v -0.00109300 0.06248100 0.00579500
v -0.00216900 0.06248100 0.00579300
v -0.00321100 0.06248100 0.00578700
v -0.00420200 0.06248000 0.00577400
v -0.00512400 0.06248000 0.00575300
v -0.00596000 0.06247800 0.00572200
v -0.00669400 0.06247700 0.00567900
v -0.00030500 0.12086100 0.00316100
v -0.00061200 0.12085400 0.00315800
v -0.00092100 0.12083700 0.00315200
v -0.00123500 0.12080500 0.00314000
v -0.00155200 0.12075200 0.00312000
v -0.00186100 0.12068200 0.00309400
v -0.00214500 0.12059900 0.00306400
v 0.00637300 0.11541800 0.00287000
v 0.00678400 0.11443200 0.00283100
v 0.00715500 0.11338500 0.00279200
v 0.00748800 0.11228700 0.00275300
v 0.00778500 0.11114700 0.00271300
v 0.00805000 0.10997700 0.00267300
v 0.00828300 0.10878600 0.00263400
v 0.00637300 0.11542500 0.00086500
v 0.00678400 0.11439500 0.00082800
v 0.00715500 0.11331500 0.00079400
v 0.00748800 0.11219300 0.00076000
v 0.00778500 0.11103900 0.00072800
v 0.00805000 0.10985900 0.00069700
v 0.00828300 0.10866300 0.00066600
v 0.00127000 0.10759800 0.00278900
v 0.00252000 0.10759800 0.00278700
v 0.00373000 0.10759700 0.00277900
v 0.00488000 0.10759600 0.00276500
v 0.00595100 0.10759500 0.00274200
v 0.00692300 0.10759300 0.00270700
v 0.00777500 0.10758900 0.00265800
v 0.01018200 0.10751300 0.00146800
v 0.01015800 0.10750300 0.00132400
v 0.01009500 0.10749400 0.00118500
v 0.00997300 0.10748600 0.00105200
v 0.00977100 0.10747800 0.00092800
v 0.00946900 0.10747000 0.00081600
v 0.00904800 0.10746400 0.00071800
v 0.00924200 0.09586600 0.00061200
v 0.00922100 0.09440000 0.00066900
v 0.00918400 0.09289900 0.00073900
v 0.00913300 0.09137100 0.00081800
v 0.00906800 0.08982300 0.00090600
v 0.00899200 0.08826300 0.00099900
v 0.00890600 0.08669800 0.00109600
v 0.00924200 0.09600700 0.00249100
v 0.00922100 0.09453900 0.00254100
v 0.00918400 0.09303600 0.00260400
v 0.00913300 0.09150600 0.00267700
v 0.00906800 0.08995500 0.00275800
v 0.00899200 0.08839200 0.00284500
v 0.00890600 0.08682300 0.00293600
v 0.00131800 0.08526800 0.00321200
v 0.00261600 0.08526800 0.00320900
v 0.00387300 0.08526800 0.00320300
v 0.00506700 0.08526700 0.00318900
v 0.00617900 0.08526500 0.00316800
v 0.00718800 0.08526300 0.00313500
v 0.00807300 0.08526000 0.00308900
v 0.01057200 0.08520400 0.00224900
v 0.01054800 0.08521300 0.00238400
v 0.01048200 0.08522200 0.00251500
v 0.01035500 0.08523000 0.00263900
v 0.01014500 0.08523800 0.00275500
v 0.00983200 0.08524500 0.00286000
v 0.00939400 0.08525100 0.00295200
v 0.00030500 0.12159200 0.00120700
v 0.00061200 0.12158300 0.00120800
v 0.00092100 0.12155900 0.00121100
v 0.00123500 0.12151100 0.00121800
v 0.00155200 0.12143400 0.00122800
v 0.00186100 0.12133300 0.00124200
v 0.00214500 0.12121500 0.00125800
v -0.00138300 0.09727700 0.00038000
v -0.00274400 0.09727700 0.00038300
v -0.00406300 0.09727800 0.00039000
v -0.00531600 0.09727900 0.00040400
v -0.00648200 0.09728000 0.00042600
v -0.00754000 0.09728300 0.00046000
v -0.00846800 0.09728600 0.00050600
v 0.00445900 0.01191900 0.01128500
v 0.00482100 0.01943400 0.01029600
v 0.00522500 0.02718600 0.00920600
v 0.00565500 0.03497300 0.00806300
v 0.00609500 0.04259100 0.00691100
v 0.00652800 0.04983800 0.00579900
v 0.00693800 0.05651100 0.00477300
v -0.00088600 0.11640500 0.00070400
v -0.00175700 0.11640500 0.00070600
v -0.00260100 0.11640400 0.00071400
v -0.00340400 0.11640400 0.00072800
v -0.00415000 0.11640300 0.00075200
v -0.00482800 0.11640200 0.00078800
v -0.00542200 0.11640000 0.00083800
v -0.00109300 0.06240100 0.00370500
v -0.00216900 0.06240100 0.00370700
v -0.00321100 0.06240100 0.00371400
v -0.00420200 0.06240200 0.00372600
v -0.00512400 0.06240300 0.00374700
v -0.00596000 0.06240400 0.00377800
v -0.00669400 0.06240500 0.00382100
v -0.00127000 0.10744600 0.00044100
v -0.00252000 0.10744600 0.00044300
v -0.00373000 0.10744700 0.00045000
v -0.00488000 0.10744800 0.00046500
v -0.00595100 0.10744900 0.00048800
v -0.00692300 0.10745100 0.00052300
v -0.00777500 0.10745500 0.00057100
v -0.00131800 0.08512200 0.00101100
v -0.00261600 0.08512200 0.00101400
v -0.00387300 0.08512300 0.00102000
v -0.00506700 0.08512400 0.00103400
v -0.00617900 0.08512500 0.00105600
v -0.00718800 0.08512700 0.00108800
v -0.00807300 0.08513000 0.00113400
v 0.00368500 -0.03435200 0.01392200
v 0.00375300 -0.03654200 0.01336400
v 0.00385600 -0.03845900 0.01273800
v 0.00401100 -0.04015900 0.01206200
v 0.00423600 -0.04170100 0.01135200
v 0.00455700 -0.04315800 0.01061800
v 0.00501100 -0.04461900 0.00986500
v 0.00436800 -0.03172500 0.01355900
v 0.00435800 -0.03171100 0.01345200
v 0.00433200 -0.03169800 0.01334800
v 0.00428000 -0.03168400 0.01324900
v 0.00419300 -0.03167200 0.01315700
v 0.00406400 -0.03166100 0.01307400
v 0.00388400 -0.03165100 0.01300100
v 0.00498500 0.00481100 0.01277200
v 0.00497400 0.00481700 0.01266000
v 0.00494300 0.00482200 0.01255200
v 0.00488300 0.00482800 0.01244900
v 0.00478400 0.00483300 0.01235300
v 0.00463600 0.00483700 0.01226600
v 0.00443000 0.00484100 0.01219000
v -0.00295500 -0.05762500 0.00429300
v -0.00205500 -0.05793700 0.00416500
v -0.00105100 -0.05818100 0.00407400
v 0.00000000 -0.05827900 0.00404100
v 0.00105100 -0.05818100 0.00407400
v 0.00205500 -0.05793700 0.00416500
v 0.00295500 -0.05762500 0.00429300
v -0.00446800 -0.04569500 0.00752100
v -0.00346400 -0.04546500 0.00754500
v -0.00260700 -0.04522100 0.00761100
v -0.00187000 -0.04492900 0.00772800
v -0.00123900 -0.04456600 0.00790400
v -0.00071000 -0.04416300 0.00811800
v -0.00028300 -0.04376800 0.00834300
v 0.00333800 -0.03163700 0.01289200
v 0.00297200 -0.03163200 0.01285600
v 0.00255500 -0.03162900 0.01283000
v 0.00209500 -0.03162600 0.01281200
v 0.00160100 -0.03162500 0.01280200
v 0.00108200 -0.03162400 0.01279700
v 0.00054500 -0.03162400 0.01279500
v -0.00301400 -0.05726700 0.00258500
v -0.00209500 -0.05758400 0.00245700
v -0.00107100 -0.05783200 0.00236500
v 0.00000000 -0.05793200 0.00233100
v 0.00107100 -0.05783200 0.00236500
v 0.00209500 -0.05758400 0.00245700
v 0.00301400 -0.05726700 0.00258500
v 0.00380700 0.00484700 0.01207600
v 0.00339000 0.00484900 0.01203800
v 0.00291400 0.00485000 0.01201100
v 0.00239000 0.00485100 0.01199300
v 0.00182600 0.00485200 0.01198200
v 0.00123400 0.00485200 0.01197700
v 0.00062200 0.00485200 0.01197500
v -0.00333200 -0.03184300 0.01444400
v -0.00296600 -0.03184800 0.01448000
v -0.00255000 -0.03185100 0.01450600
v -0.00209100 -0.03185300 0.01452400
v -0.00159800 -0.03185500 0.01453400
v -0.00108000 -0.03185600 0.01454000
v -0.00054400 -0.03185600 0.01454200
v 0.00441500 -0.04608700 0.00909700
v 0.00342400 -0.04586700 0.00917100
v 0.00257900 -0.04563000 0.00927000
v 0.00185100 -0.04534000 0.00940900
v 0.00122700 -0.04497800 0.00959800
v 0.00070400 -0.04457300 0.00981900
v 0.00028100 -0.04417400 0.01004700
v -0.00380700 0.00476400 0.01369500
v -0.00339000 0.00476200 0.01373200
v -0.00291400 0.00476100 0.01375900
v -0.00239000 0.00476000 0.01377700
v -0.00182600 0.00475900 0.01378800
v -0.00123400 0.00475900 0.01379400
v -0.00062200 0.00475900 0.01379600
v -0.00542200 0.11632900 0.00297500
v -0.00482800 0.11632700 0.00302400
v -0.00415000 0.11632600 0.00306000
v -0.00340400 0.11632500 0.00308400
v -0.00260100 0.11632500 0.00309800
v -0.00175700 0.11632400 0.00310600
v -0.00088600 0.11632400 0.00310900
v 0.00846800 0.09743700 0.00251700
v 0.00754000 0.09744000 0.00256400
v 0.00648200 0.09744300 0.00259800
v 0.00531600 0.09744400 0.00262000
v 0.00406300 0.09744600 0.00263400
v 0.00274400 0.09744600 0.00264100
v 0.00138300 0.09744600 0.00264300
v 0.00669400 0.06247700 0.00567900
v 0.00596000 0.06247800 0.00572200
v 0.00512400 0.06248000 0.00575300
v 0.00420200 0.06248000 0.00577400
v 0.00321100 0.06248100 0.00578700
v 0.00217000 0.06248100 0.00579300
v 0.00109300 0.06248100 0.00579500
v 0.00214500 0.12059900 0.00306400
v 0.00186100 0.12068200 0.00309400
v 0.00155200 0.12075200 0.00312000
v 0.00123500 0.12080500 0.00314000
v 0.00092100 0.12083700 0.00315200
v 0.00061200 0.12085400 0.00315800
v 0.00030500 0.12086100 0.00316100
v -0.00777500 0.10758900 0.00265800
v -0.00692300 0.10759300 0.00270700
v -0.00595100 0.10759500 0.00274200
v -0.00488000 0.10759600 0.00276500
v -0.00373000 0.10759700 0.00277900
v -0.00252000 0.10759800 0.00278700
v -0.00127000 0.10759800 0.00278900
v -0.00807300 0.08526000 0.00308900
v -0.00718800 0.08526300 0.00313500
v -0.00617900 0.08526500 0.00316800
v -0.00506700 0.08526700 0.00318900
v -0.00387300 0.08526800 0.00320300
v -0.00261600 0.08526800 0.00320900
v -0.00131800 0.08526800 0.00321200
v -0.00214500 0.12121500 0.00125800
v -0.00186100 0.12133300 0.00124200
v -0.00155200 0.12143400 0.00122800
v -0.00123500 0.12151100 0.00121800
v -0.00092100 0.12155900 0.00121100
v -0.00061200 0.12158300 0.00120800
v -0.00030500 0.12159200 0.00120700
v 0.00846800 0.09728600 0.00050600
v 0.00754000 0.09728300 0.00046000
v 0.00648200 0.09728000 0.00042600
v 0.00531600 0.09727900 0.00040400
v 0.00406300 0.09727800 0.00039000
v 0.00274400 0.09727700 0.00038300
v 0.00138300 0.09727700 0.00038000
v 0.00542200 0.11640000 0.00083800
v 0.00482800 0.11640200 0.00078800
v 0.00415000 0.11640300 0.00075200
v 0.00340400 0.11640400 0.00072800
v 0.00260100 0.11640400 0.00071400
v 0.00175700 0.11640500 0.00070600
v 0.00088600 0.11640500 0.00070400
v 0.00669400 0.06240500 0.00382100
v 0.00596000 0.06240400 0.00377800
v 0.00512400 0.06240200 0.00374700
v 0.00420200 0.06240200 0.00372600
v 0.00321100 0.06240100 0.00371400
v 0.00217000 0.06240100 0.00370700
v 0.00109300 0.06240100 0.00370500
v 0.00777500 0.10745500 0.00057100
v 0.00692300 0.10745100 0.00052300
v 0.00595100 0.10744900 0.00048800
v 0.00488000 0.10744800 0.00046500
v 0.00373000 0.10744700 0.00045100
v 0.00252000 0.10744600 0.00044300
v 0.00127000 0.10744600 0.00044100
v 0.00807300 0.08513000 0.00113400
v 0.00718800 0.08512700 0.00108800
v 0.00617900 0.08512500 0.00105600
v 0.00506700 0.08512400 0.00103400
v 0.00387300 0.08512300 0.00102000
v 0.00261600 0.08512200 0.00101400
v 0.00131800 0.08512200 0.00101100
v 0.00000000 0.08683500 0.00312000
v 0.00000000 0.08840400 0.00303000
v 0.00000000 0.08996800 0.00294300
v 0.00000000 0.09151900 0.00286300
v 0.00000000 0.09305000 0.00279000
v 0.00000000 0.09455300 0.00272800
v 0.00000000 0.09602100 0.00267900
v 0.00000000 0.05656800 0.00666200
v 0.00000000 0.04987700 0.00765700
v 0.00000000 0.04260900 0.00873600
v 0.00000000 0.03497000 0.00985300
v 0.00000000 0.02716200 0.01096300
v 0.00000000 0.01938800 0.01202000
v 0.00000000 0.01185300 0.01298000
v 0.00000000 0.09882400 0.00262500
v 0.00000000 0.10015900 0.00262100
v 0.00000000 0.10145600 0.00263000
v 0.00000000 0.10272100 0.00264900
v 0.00000000 0.10396200 0.00267700
v 0.00000000 0.10518500 0.00271100
v 0.00000000 0.10639400 0.00274900
v 0.00000000 -0.00173000 0.01443400
v 0.00000000 -0.00760600 0.01489400
v 0.00000000 -0.01290300 0.01518800
v 0.00000000 -0.01765400 0.01532600
v 0.00000000 -0.02189200 0.01532000
v 0.00000000 -0.02565000 0.01518000
v 0.00000000 -0.02896000 0.01491700
v 0.00000000 -0.03437000 0.01406900
v 0.00000000 -0.03653600 0.01352100
v 0.00000000 -0.03838700 0.01292500
v 0.00000000 -0.03995700 0.01230600
v 0.00000000 -0.04127700 0.01169200
v 0.00000000 -0.04237500 0.01111000
v 0.00000000 -0.04326900 0.01059100
v 0.00000000 0.11715000 0.00314700
v 0.00000000 0.11789600 0.00318100
v 0.00000000 0.11856400 0.00320900
v 0.00000000 0.11915900 0.00322800
v 0.00000000 0.11968200 0.00323500
v 0.00000000 0.12013900 0.00322900
v 0.00000000 0.12053100 0.00320500
v 0.00000000 0.09585200 0.00042400
v 0.00000000 0.09438600 0.00048200
v 0.00000000 0.09288500 0.00055200
v 0.00000000 0.09135800 0.00063200
v 0.00000000 0.08981000 0.00072000
v 0.00000000 0.08825000 0.00081400
v 0.00000000 0.08668500 0.00091200
v 0.00000000 0.11542600 0.00066500
v 0.00000000 0.11439100 0.00062800
v 0.00000000 0.11330800 0.00059400
v 0.00000000 0.11218400 0.00056100
v 0.00000000 0.11102800 0.00053000
v 0.00000000 0.10984700 0.00049900
v 0.00000000 0.10865100 0.00047000
v 0.00000000 0.08354700 0.00111300
v 0.00000000 0.08185700 0.00123800
v 0.00000000 0.07993000 0.00140600
v 0.00000000 0.07764100 0.00164200
v 0.00000000 0.07486700 0.00196700
v 0.00000000 0.07148500 0.00240500
v 0.00000000 0.06737100 0.00297600
v 0.00000000 0.10879900 0.00283000
v 0.00000000 0.10998900 0.00287100
v 0.00000000 0.11115800 0.00291200
v 0.00000000 0.11229600 0.00295200
v 0.00000000 0.11339200 0.00299200
v 0.00000000 0.11443600 0.00303100
v 0.00000000 0.11541700 0.00307000
v 0.00000000 0.06746600 0.00509200
v 0.00000000 0.07159300 0.00454200
v 0.00000000 0.07498500 0.00412100
v 0.00000000 0.07776700 0.00380900
v 0.00000000 0.08006200 0.00358500
v 0.00000000 0.08199400 0.00342500
v 0.00000000 0.08368900 0.00330800
v 0.00000000 0.12123700 0.00111400
v 0.00000000 0.12079000 0.00103300
v 0.00000000 0.12025600 0.00096100
v 0.00000000 0.11963700 0.00089700
v 0.00000000 0.11893900 0.00084100
v 0.00000000 0.11816500 0.00079000
v 0.00000000 0.11731900 0.00074500
v -0.00000000 0.12197000 0.00238600
v -0.00000000 0.12189100 0.00252800
v -0.00000000 0.12179800 0.00266400
v -0.00000000 0.12168300 0.00279200
v -0.00000000 0.12153900 0.00290800
v -0.00000000 0.12135900 0.00301000
v 0.00000000 0.12113500 0.00309500
v 0.00000000 0.05650600 0.00460100
v 0.00000000 0.04983500 0.00563000
v 0.00000000 0.04259000 0.00674500
v 0.00000000 0.03497300 0.00790000
v 0.00000000 0.02718900 0.00904700
v 0.00000000 0.01943900 0.01013900
v 0.00000000 0.01192500 0.01113100
v 0.00000000 -0.00161800 0.01263300
v 0.00000000 -0.00747800 0.01310900
v 0.00000000 -0.01275900 0.01341500
v 0.00000000 -0.01749500 0.01356100
v 0.00000000 -0.02171700 0.01356000
v 0.00000000 -0.02545800 0.01342400
v 0.00000000 -0.02874900 0.01316500
v 0.00000000 -0.03411400 0.01232600
v 0.00000000 -0.03625500 0.01178400
v 0.00000000 -0.03807900 0.01119400
v 0.00000000 -0.03962300 0.01058300
v 0.00000000 -0.04092000 0.00997500
v 0.00000000 -0.04199900 0.00939700
v 0.00000000 -0.04287700 0.00888200
v 0.00000000 0.10623900 0.00041100
v 0.00000000 0.10502600 0.00038400
v 0.00000000 0.10380100 0.00036100
v 0.00000000 0.10255700 0.00034500
v 0.00000000 0.10128900 0.00033600
v 0.00000000 0.09999000 0.00033800
v 0.00000000 0.09865500 0.00035200
v -0.01913700 -0.05579600 0.00863600
v -0.01953600 -0.05536400 0.00885600
v -0.01982900 -0.05504900 0.00898400
v -0.02003400 -0.05483100 0.00903600
v -0.02016800 -0.05469100 0.00902700
v -0.02025000 -0.05460900 0.00897300
v -0.02029600 -0.05456600 0.00888800
v 0.01913700 -0.05579600 0.00863600
v 0.01953600 -0.05536400 0.00885600
v 0.01982900 -0.05504900 0.00898400
v 0.02003400 -0.05483100 0.00903600
v 0.02016800 -0.05469100 0.00902700
v 0.02025000 -0.05460900 0.00897300
v 0.02029600 -0.05456700 0.00888800
v 0.01212200 -0.11648000 0.01282600
v 0.01241400 -0.11693200 0.01307500
v 0.01262800 -0.11726500 0.01322400
v 0.01277700 -0.11749700 0.01329000
v 0.01287500 -0.11764900 0.01329100
v 0.01293300 -0.11774200 0.01324200
v 0.01296600 -0.11779400 0.01316000
v -0.01212200 -0.11648000 0.01282600
v -0.01241400 -0.11693200 0.01307500
v -0.01262800 -0.11726500 0.01322400
v -0.01277700 -0.11749700 0.01329000
v -0.01287500 -0.11764900 0.01329100
v -0.01293300 -0.11774200 0.01324200
v -0.01296600 -0.11779400 0.01316000
v -0.02457200 -0.08142400 0.01019400
v -0.02509400 -0.08140800 0.01050900
v -0.02547800 -0.08139800 0.01070700
v -0.02574800 -0.08139200 0.01080700
v -0.02592600 -0.08139100 0.01082800
v -0.02603600 -0.08139200 0.01079000
v -0.02603600 -0.08139200 0.01079000
v -0.02609900 -0.08139600 0.01071300
v 0.02457200 -0.08142400 0.01019400
v 0.02509400 -0.08140800 0.01050900
v 0.02547800 -0.08139800 0.01070700
v 0.02574800 -0.08139200 0.01080700
v 0.02592600 -0.08139100 0.01082800
v 0.02603600 -0.08139200 0.01079000
v 0.02603600 -0.08139200 0.01079000
v 0.02609900 -0.08139600 0.01071300
v -0.00648000 -0.04568900 0.00935200
v -0.00691800 -0.04528000 0.00951400
v -0.00721200 -0.04499700 0.00959000
v -0.00740300 -0.04480700 0.00960200
v -0.00752100 -0.04468200 0.00956700
v -0.00758400 -0.04460600 0.00949800
v -0.00761200 -0.04456100 0.00940600
v 0.00648000 -0.04568900 0.00935200
v 0.00691800 -0.04528000 0.00951400
v 0.00721200 -0.04499700 0.00959000
v 0.00740300 -0.04480700 0.00960200
v 0.00752100 -0.04468200 0.00956700
v 0.00758400 -0.04460600 0.00949800
v 0.00761200 -0.04456100 0.00940600
v -0.00232700 0.12062300 0.00299500
v -0.00229400 0.12074000 0.00292500
v -0.00226200 0.12085200 0.00283500
v -0.00223500 0.12095100 0.00272800
v -0.00221900 0.12103600 0.00260500
v -0.00221000 0.12110700 0.00247100
v -0.00220700 0.12116900 0.00232900
v -0.00387800 -0.03182800 0.01433500
v -0.00405800 -0.03181900 0.01426200
v -0.00418800 -0.03180800 0.01417900
v -0.00427500 -0.03179500 0.01408700
v -0.00432800 -0.03178200 0.01398800
v -0.00435600 -0.03176900 0.01388400
v -0.00436600 -0.03175400 0.01377700
v -0.00985500 0.09742600 0.00237600
v -0.01031300 0.09741900 0.00228100
v -0.01064200 0.09741100 0.00217300
v -0.01086200 0.09740200 0.00205400
v -0.01099600 0.09739300 0.00192600
v -0.01106500 0.09738300 0.00179200
v -0.01109000 0.09737200 0.00165300
v -0.00443000 0.00477000 0.01358100
v -0.00463600 0.00477400 0.01350500
v -0.00478400 0.00477800 0.01341800
v -0.00488300 0.00478300 0.01332200
v -0.00494300 0.00478800 0.01321900
v -0.00497400 0.00479400 0.01311100
v -0.00498500 0.00480000 0.01299900
v -0.00631000 0.11633400 0.00282400
v -0.00660400 0.11633700 0.00272400
v -0.00681400 0.11634100 0.00260900
v -0.00695500 0.11634500 0.00248300
v -0.00704100 0.11635000 0.00234700
v -0.00708500 0.11635500 0.00220400
v -0.00710100 0.11635900 0.00205600
v -0.00779000 0.06241000 0.00395200
v -0.00815300 0.06241400 0.00404000
v -0.00841300 0.06241800 0.00413900
v -0.00858700 0.06242200 0.00424900
v -0.00869200 0.06242600 0.00436700
v -0.00874600 0.06243100 0.00449200
v -0.00876600 0.06243600 0.00462000
v -0.00904800 0.10758000 0.00251200
v -0.00946900 0.10757400 0.00241300
v -0.00977100 0.10756600 0.00230100
v -0.00997300 0.10755800 0.00217800
v -0.01009500 0.10755000 0.00204500
v -0.01015800 0.10754100 0.00190500
v -0.01018200 0.10753100 0.00176100
v -0.00939400 0.08513900 0.00127100
v -0.00983200 0.08514600 0.00136300
v -0.01014500 0.08515200 0.00146800
v -0.01035500 0.08516000 0.00158400
v -0.01048200 0.08516800 0.00170800
v -0.01054800 0.08517700 0.00183900
v -0.01057200 0.08518600 0.00197400
v 0.00232700 0.12062300 0.00299500
v 0.00229400 0.12074000 0.00292500
v 0.00226200 0.12085200 0.00283500
v 0.00223500 0.12095100 0.00272800
v 0.00221900 0.12103600 0.00260500
v 0.00221000 0.12110700 0.00247100
v 0.00220700 0.12116900 0.00232900
v 0.00985500 0.09742600 0.00237600
v 0.01031300 0.09741900 0.00228100
v 0.01064200 0.09741100 0.00217300
v 0.01086200 0.09740200 0.00205400
v 0.01099600 0.09739300 0.00192600
v 0.01106500 0.09738300 0.00179200
v 0.01109000 0.09737200 0.00165300
v 0.00631000 0.11633400 0.00282400
v 0.00660400 0.11633700 0.00272400
v 0.00681400 0.11634100 0.00260900
v 0.00695500 0.11634500 0.00248300
v 0.00704100 0.11635000 0.00234700
v 0.00708500 0.11635500 0.00220400
v 0.00710100 0.11635900 0.00205600
v 0.00779000 0.06241000 0.00395200
v 0.00815300 0.06241400 0.00404000
v 0.00841300 0.06241800 0.00413900
v 0.00858700 0.06242200 0.00424900
v 0.00869200 0.06242600 0.00436700
v 0.00874700 0.06243100 0.00449200
v 0.00876600 0.06243600 0.00462000
v 0.00904800 0.10758000 0.00251200
v 0.00946900 0.10757400 0.00241300
v 0.00977100 0.10756600 0.00230100
v 0.00997300 0.10755800 0.00217800
v 0.01009500 0.10755000 0.00204500
v 0.01015800 0.10754100 0.00190500
v 0.01018200 0.10753100 0.00176100
v 0.00939400 0.08513900 0.00127100
v 0.00983200 0.08514600 0.00136300
v 0.01014500 0.08515200 0.00146800
v 0.01035500 0.08516000 0.00158400
v 0.01048200 0.08516800 0.00170800
v 0.01054800 0.08517700 0.00183900
v 0.01057200 0.08518600 0.00197400
v 0.00387800 -0.03182800 0.01433500
v 0.00405800 -0.03181900 0.01426200
v 0.00418800 -0.03180800 0.01417900
v 0.00427500 -0.03179500 0.01408700
v 0.00432800 -0.03178200 0.01398800
v 0.00435600 -0.03176900 0.01388400
v 0.00436600 -0.03175400 0.01377700
v 0.00443000 0.00477000 0.01358100
v 0.00463600 0.00477400 0.01350500
v 0.00478400 0.00477800 0.01341800
v 0.00488300 0.00478300 0.01332200
v 0.00494300 0.00478800 0.01321900
v 0.00497400 0.00479400 0.01311100
v 0.00498500 0.00480000 0.01299900
v 0.00000000 0.12185700 0.00131000
v -0.00000000 0.12203800 0.00142400
v -0.00000000 0.12214700 0.00154700
v -0.00000000 0.12219800 0.00167700
v -0.00000000 0.12220000 0.00181300
v -0.00000000 0.12216700 0.00195300
v -0.00000000 0.12211000 0.00209700
v 0.00176400 0.12149600 0.00220300
v 0.00138700 0.12169800 0.00221700
v 0.00106900 0.12184300 0.00222700
v 0.00079800 0.12194000 0.00223400
v 0.00056500 0.12199900 0.00223800
v 0.00036100 0.12202900 0.00224100
v 0.00017500 0.12204000 0.00224100
v 0.01068800 0.08676000 0.00201600
v 0.01079000 0.08832700 0.00192200
v 0.01088200 0.08988900 0.00183200
v 0.01095900 0.09143800 0.00174800
v 0.01102100 0.09296700 0.00167100
v 0.01106600 0.09446900 0.00160500
v 0.01109000 0.09593600 0.00155100
v 0.01107300 0.09874000 0.00148800
v 0.01102800 0.10007400 0.00147900
v 0.01095700 0.10137200 0.00148300
v 0.01086000 0.10263900 0.00149700
v 0.01073500 0.10388200 0.00151900
v 0.01058200 0.10510500 0.00154800
v 0.01039900 0.10631700 0.00158000
v 0.00535100 0.01188900 0.01205500
v 0.00578600 0.01941300 0.01108000
v 0.00627100 0.02717500 0.01000500
v 0.00678700 0.03497200 0.00887600
v 0.00731400 0.04259900 0.00774100
v 0.00783300 0.04985600 0.00664400
v 0.00832500 0.05653700 0.00563200
v 0.00993900 0.10872500 0.00165000
v 0.00965900 0.10991800 0.00168500
v 0.00934200 0.11109300 0.00172100
v 0.00898500 0.11224000 0.00175600
v 0.00858600 0.11335000 0.00179300
v 0.00814100 0.11441300 0.00183000
v 0.00764700 0.11542100 0.00186700
v 0.00431800 -0.02885500 0.01404100
v 0.00428300 -0.02555400 0.01430200
v 0.00427400 -0.02180500 0.01444000
v 0.00430100 -0.01757500 0.01444400
v 0.00437500 -0.01283100 0.01430100
v 0.00450700 -0.00754200 0.01400200
v 0.00470700 -0.00167400 0.01353400
v 0.00650800 0.11723500 0.00194600
v 0.00587600 0.11803100 0.00198500
v 0.00522200 0.11875200 0.00202500
v 0.00456400 0.11939800 0.00206200
v 0.00391700 0.11996900 0.00209800
v 0.00329800 0.12046400 0.00213100
v 0.00272200 0.12088400 0.00216000
v 0.00665000 -0.04354700 0.00973900
v 0.00590300 -0.04246900 0.01026000
v 0.00534800 -0.04125800 0.01083800
v 0.00495500 -0.03987100 0.01144700
v 0.00469200 -0.03826800 0.01206000
v 0.00452700 -0.03640600 0.01265300
v 0.00443000 -0.03424400 0.01319700
v 0.00915100 0.06741900 0.00403400
v 0.00947400 0.07153900 0.00347300
v 0.00974400 0.07492600 0.00304400
v 0.00997000 0.07770400 0.00272600
v 0.01015900 0.07999600 0.00249600
v 0.01031700 0.08192600 0.00233100
v 0.01045400 0.08361800 0.00221100
v -0.01109000 0.09593600 0.00155100
v -0.01106600 0.09446900 0.00160500
v -0.01102100 0.09296700 0.00167100
v -0.01095900 0.09143800 0.00174800
v -0.01088200 0.08988900 0.00183200
v -0.01079000 0.08832700 0.00192200
v -0.01068800 0.08676000 0.00201600
v -0.01039900 0.10631700 0.00158000
v -0.01058200 0.10510500 0.00154800
v -0.01073500 0.10388200 0.00151900
v -0.01086000 0.10263900 0.00149700
v -0.01095700 0.10137200 0.00148300
v -0.01102800 0.10007400 0.00147900
v -0.01107300 0.09874000 0.00148800
v -0.00832500 0.05653700 0.00563200
v -0.00783300 0.04985600 0.00664400
v -0.00731400 0.04259900 0.00774100
v -0.00678700 0.03497200 0.00887600
v -0.00627100 0.02717500 0.01000500
v -0.00578600 0.01941300 0.01108000
v -0.00535100 0.01188900 0.01205500
v -0.00764700 0.11542100 0.00186700
v -0.00814100 0.11441300 0.00183000
v -0.00858600 0.11335000 0.00179300
v -0.00898500 0.11224000 0.00175600
v -0.00934200 0.11109300 0.00172100
v -0.00965900 0.10991800 0.00168500
v -0.00993900 0.10872500 0.00165000
v -0.00470700 -0.00167400 0.01353400
v -0.00450700 -0.00754200 0.01400200
v -0.00437500 -0.01283100 0.01430100
v -0.00430100 -0.01757500 0.01444400
v -0.00427400 -0.02180500 0.01444000
v -0.00428300 -0.02555400 0.01430200
v -0.00431800 -0.02885500 0.01404100
v -0.00272200 0.12088400 0.00216000
v -0.00329800 0.12046400 0.00213100
v -0.00391700 0.11996900 0.00209800
v -0.00456400 0.11939800 0.00206200
v -0.00522200 0.11875200 0.00202500
v -0.00587600 0.11803100 0.00198500
v -0.00650800 0.11723500 0.00194600
v 0.01871000 -0.05264800 0.00866000
v 0.01700300 -0.05103000 0.00856500
v 0.01525500 -0.04964300 0.00851400
v 0.01351500 -0.04844100 0.00851800
v 0.01183200 -0.04737500 0.00858700
v 0.01025500 -0.04640000 0.00873400
v 0.00883600 -0.04546800 0.00896800
v -0.00883600 -0.04546800 0.00896800
v -0.01025500 -0.04640000 0.00873400
v -0.01183200 -0.04737500 0.00858700
v -0.01351500 -0.04844100 0.00851800
v -0.01525500 -0.04964300 0.00851400
v -0.01700300 -0.05103000 0.00856500
v -0.01871000 -0.05264700 0.00866000
v 0.02633600 -0.07689400 0.01031200
v 0.02621900 -0.07271800 0.01002900
v 0.02581400 -0.06887000 0.00976800
v 0.02514600 -0.06535100 0.00952800
v 0.02423800 -0.06215900 0.00931000
v 0.02311500 -0.05929400 0.00911500
v 0.02180300 -0.05675600 0.00894100
v -0.02180300 -0.05675600 0.00894100
v -0.02311500 -0.05929400 0.00911500
v -0.02423800 -0.06215900 0.00931000
v -0.02514600 -0.06535100 0.00952800
v -0.02581400 -0.06887000 0.00976800
v -0.02621900 -0.07271800 0.01002900
v -0.02633600 -0.07689400 0.01031200
v -0.00999100 -0.12044900 0.01323700
v -0.00678100 -0.12232100 0.01336300
v -0.00342600 -0.12344500 0.01343800
v -0.00000000 -0.12381900 0.01346300
v 0.00342600 -0.12344500 0.01343800
v 0.00678100 -0.12232100 0.01336300
v 0.00999100 -0.12044900 0.01323700
v 0.01570200 -0.11447900 0.01283700
v 0.01812500 -0.11051600 0.01257200
v 0.02024800 -0.10607500 0.01227400
v 0.02206400 -0.10128900 0.01195300
v 0.02356800 -0.09629300 0.01161800
v 0.02475200 -0.09122400 0.01127800
v 0.02561200 -0.08621400 0.01094100
v -0.02561200 -0.08621400 0.01094100
v -0.02475200 -0.09122400 0.01127800
v -0.02356800 -0.09629300 0.01161800
v -0.02206400 -0.10128900 0.01195300
v -0.02024800 -0.10607500 0.01227400
v -0.01812500 -0.11051600 0.01257200
v -0.01570200 -0.11447900 0.01283700
v -0.00017500 0.12204000 0.00224100
v -0.00036100 0.12202900 0.00224100
v -0.00056500 0.12199900 0.00223800
v -0.00079800 0.12194000 0.00223400
v -0.00106900 0.12184300 0.00222700
v -0.00138700 0.12169800 0.00221700
v -0.00176400 0.12149600 0.00220300
v -0.00443000 -0.03424400 0.01319700
v -0.00452700 -0.03640600 0.01265300
v -0.00469200 -0.03826800 0.01206000
v -0.00495500 -0.03987100 0.01144700
v -0.00534800 -0.04125800 0.01083800
v -0.00590300 -0.04246900 0.01026000
v -0.00665000 -0.04354700 0.00973900
v -0.01045400 0.08361800 0.00221100
v -0.01031700 0.08192600 0.00233100
v -0.01015900 0.07999600 0.00249600
v -0.00997000 0.07770400 0.00272600
v -0.00974400 0.07492600 0.00304400
v -0.00947400 0.07153900 0.00347300
v -0.00915100 0.06741900 0.00403400
v -0.00840100 -0.08478500 0.00357400
v -0.00807000 -0.08852200 0.00400000
v -0.00765500 -0.09226400 0.00451200
v -0.00717500 -0.09589900 0.00508600
v -0.00665800 -0.09932000 0.00569800
v -0.00614500 -0.10242900 0.00632200
v -0.00570100 -0.10514300 0.00693800
v -0.00569800 -0.08462500 0.00322300
v -0.00547300 -0.08835500 0.00365200
v -0.00519100 -0.09209400 0.00417600
v -0.00487000 -0.09574200 0.00477000
v -0.00452800 -0.09920700 0.00541500
v -0.00420500 -0.10242600 0.00609200
v -0.00394900 -0.10535200 0.00678900
v -0.00287800 -0.08450900 0.00301500
v -0.00276400 -0.08824600 0.00344500
v -0.00262200 -0.09199600 0.00397600
v -0.00246100 -0.09567100 0.00458600
v -0.00229100 -0.09918700 0.00525300
v -0.00213500 -0.10249600 0.00596500
v -0.00201900 -0.10555800 0.00670900
v 0.00000000 -0.08446500 0.00294600
v -0.00000000 -0.08820700 0.00337700
v -0.00000000 -0.09196500 0.00391100
v -0.00000000 -0.09565300 0.00452600
v -0.00000000 -0.09919400 0.00520200
v -0.00000000 -0.10253900 0.00592500
v -0.00000000 -0.10564500 0.00668400
v 0.00287800 -0.08450900 0.00301500
v 0.00276400 -0.08824600 0.00344500
v 0.00262200 -0.09199600 0.00397600
v 0.00246100 -0.09567100 0.00458600
v 0.00229100 -0.09918700 0.00525300
v 0.00213500 -0.10249600 0.00596500
v 0.00201900 -0.10555800 0.00670900
v 0.00569800 -0.08462500 0.00322300
v 0.00547300 -0.08835600 0.00365200
v 0.00519100 -0.09209400 0.00417600
v 0.00487000 -0.09574200 0.00477000
v 0.00452800 -0.09920700 0.00541500
v 0.00420500 -0.10242600 0.00609200
v 0.00394900 -0.10535200 0.00678900
v 0.00840100 -0.08478500 0.00357400
v 0.00807000 -0.08852200 0.00400000
v 0.00765500 -0.09226400 0.00451200
v 0.00717500 -0.09589900 0.00508600
v 0.00665800 -0.09932000 0.00569800
v 0.00614500 -0.10242900 0.00632200
v 0.00570100 -0.10514300 0.00693800
v -0.01045000 0.08360900 0.00207400
v -0.01042700 0.08360000 0.00193900
v -0.01036200 0.08359200 0.00180900
v -0.01023600 0.08358400 0.00168500
v -0.01002800 0.08357600 0.00156900
v -0.00971900 0.08356900 0.00146500
v -0.00928700 0.08356300 0.00137300
v -0.01031400 0.08191700 0.00219500
v -0.01029000 0.08190900 0.00206100
v -0.01022700 0.08190100 0.00193100
v -0.01010200 0.08189300 0.00180700
v -0.00989800 0.08188600 0.00169200
v -0.00959200 0.08187900 0.00158800
v -0.00916500 0.08187300 0.00149600
v -0.01015500 0.07998800 0.00236000
v -0.01013200 0.07997900 0.00222600
v -0.01006900 0.07997200 0.00209700
v -0.00994700 0.07996400 0.00197400
v -0.00974500 0.07995700 0.00185900
v -0.00944400 0.07995100 0.00175500
v -0.00902400 0.07994500 0.00166400
v -0.00996700 0.07769600 0.00259100
v -0.00994400 0.07768800 0.00245800
v -0.00988200 0.07768100 0.00232900
v -0.00976200 0.07767400 0.00220700
v -0.00956400 0.07766700 0.00209300
v -0.00926900 0.07766100 0.00198900
v -0.00885700 0.07765600 0.00189900
v -0.00974100 0.07491900 0.00291000
v -0.00971900 0.07491200 0.00277800
v -0.00965900 0.07490500 0.00265000
v -0.00954100 0.07489800 0.00252800
v -0.00934800 0.07489200 0.00241500
v -0.00905900 0.07488600 0.00231200
v -0.00865600 0.07488100 0.00222200
v -0.00947100 0.07153200 0.00334000
v -0.00944900 0.07152600 0.00320900
v -0.00939000 0.07151900 0.00308200
v -0.00927600 0.07151300 0.00296100
v -0.00908800 0.07150700 0.00284900
v -0.00880800 0.07150200 0.00274700
v -0.00841600 0.07149800 0.00265700
v -0.00914800 0.06741300 0.00390200
v -0.00912700 0.06740700 0.00377300
v -0.00907100 0.06740100 0.00364700
v -0.00896100 0.06739600 0.00352700
v -0.00877900 0.06739100 0.00341600
v -0.00850800 0.06738600 0.00331500
v -0.00812900 0.06738200 0.00322700
v -0.00838300 -0.10590600 0.00766800
v -0.00943200 -0.10323700 0.00719900
v -0.01039900 -0.10008700 0.00667200
v -0.01128100 -0.09657800 0.00612900
v -0.01206300 -0.09283300 0.00560200
v -0.01272300 -0.08897700 0.00511900
v -0.01323500 -0.08513300 0.00470400
v -0.00943100 -0.10695200 0.00827500
v -0.01078100 -0.10406300 0.00783400
v -0.01198100 -0.10074100 0.00733900
v -0.01304100 -0.09708800 0.00682500
v -0.01396300 -0.09321400 0.00632200
v -0.01472800 -0.08924100 0.00585500
v -0.01531300 -0.08529400 0.00544700
v -0.01041100 -0.10810300 0.00896300
v -0.01199600 -0.10500100 0.00854400
v -0.01339700 -0.10148500 0.00807700
v -0.01462000 -0.09765900 0.00759100
v -0.01566700 -0.09362900 0.00711100
v -0.01652400 -0.08951500 0.00666100
v -0.01717100 -0.08544200 0.00626200
v -0.01133000 -0.10924000 0.00968700
v -0.01310000 -0.10595300 0.00928900
v -0.01466700 -0.10225200 0.00884900
v -0.01602900 -0.09824800 0.00838900
v -0.01718400 -0.09405300 0.00793200
v -0.01811800 -0.08978900 0.00749900
v -0.01881600 -0.08557800 0.00710900
v -0.01218400 -0.11028900 0.01040600
v -0.01410400 -0.10684700 0.01003000
v -0.01580500 -0.10298300 0.00961600
v -0.01727900 -0.09881700 0.00918200
v -0.01852000 -0.09446600 0.00874800
v -0.01951500 -0.09005300 0.00833200
v -0.02025300 -0.08570100 0.00795100
v -0.01296000 -0.11122500 0.01108500
v -0.01500300 -0.10765500 0.01073200
v -0.01680900 -0.10365400 0.01034300
v -0.01837000 -0.09934500 0.00993400
v -0.01967800 -0.09485200 0.00952100
v -0.02072100 -0.09029800 0.00912100
v -0.02148900 -0.08580900 0.00875000
v -0.01364200 -0.11203700 0.01169300
v -0.01578300 -0.10836400 0.01136200
v -0.01767300 -0.10424900 0.01099600
v -0.01930100 -0.09981900 0.01060900
v -0.02066000 -0.09520000 0.01021600
v -0.02174000 -0.09051900 0.00983100
v -0.02253200 -0.08590300 0.00946800
v 0.01323500 -0.08513300 0.00470400
v 0.01272300 -0.08897700 0.00511900
v 0.01206300 -0.09283300 0.00560200
v 0.01128100 -0.09657800 0.00612900
v 0.01039900 -0.10008700 0.00667200
v 0.00943200 -0.10323700 0.00719900
v 0.00838300 -0.10590600 0.00766800
v 0.01531300 -0.08529400 0.00544700
v 0.01472800 -0.08924100 0.00585500
v 0.01396300 -0.09321400 0.00632200
v 0.01304100 -0.09708800 0.00682500
v 0.01198100 -0.10074100 0.00733900
v 0.01078100 -0.10406300 0.00783400
v 0.00943100 -0.10695200 0.00827500
v 0.01717100 -0.08544200 0.00626200
v 0.01652400 -0.08951500 0.00666100
v 0.01566700 -0.09362900 0.00711100
v 0.01462000 -0.09765900 0.00759100
v 0.01339700 -0.10148500 0.00807700
v 0.01199600 -0.10500100 0.00854400
v 0.01041100 -0.10810300 0.00896300
v 0.01881600 -0.08557800 0.00710900
v 0.01811800 -0.08978900 0.00749900
v 0.01718400 -0.09405300 0.00793200
v 0.01602900 -0.09824800 0.00838900
v 0.01466700 -0.10225200 0.00884900
v 0.01310000 -0.10595300 0.00928900
v 0.01133000 -0.10924000 0.00968700
v 0.02025300 -0.08570100 0.00795100
v 0.01951500 -0.09005300 0.00833200
v 0.01852000 -0.09446600 0.00874800
v 0.01727900 -0.09881700 0.00918200
v 0.01580500 -0.10298300 0.00961600
v 0.01410400 -0.10684700 0.01003000
v 0.01218400 -0.11028900 0.01040600
v 0.02148900 -0.08580900 0.00875000
v 0.02072100 -0.09029900 0.00912100
v 0.01967800 -0.09485200 0.00952100
v 0.01837000 -0.09934500 0.00993400
v 0.01680900 -0.10365400 0.01034300
v 0.01500300 -0.10765500 0.01073200
v 0.01296000 -0.11122500 0.01108500
v 0.02253200 -0.08590300 0.00946800
v 0.02174000 -0.09051900 0.00983100
v 0.02066000 -0.09520000 0.01021600
v 0.01930100 -0.09981900 0.01060900
v 0.01767300 -0.10424900 0.01099600
v 0.01578300 -0.10836400 0.01136200
v 0.01364200 -0.11203700 0.01169300
v 0.00569300 -0.10934100 0.00817200
v 0.00394300 -0.11025300 0.00823100
v 0.00201500 -0.11080400 0.00825200
v -0.00000000 -0.11099200 0.00825600
v -0.00201500 -0.11080400 0.00825200
v -0.00394300 -0.11025300 0.00823100
v -0.00569300 -0.10934100 0.00817200
v 0.00613400 -0.11106900 0.00884400
v 0.00419500 -0.11227200 0.00896800
v 0.00213000 -0.11298100 0.00902900
v -0.00000000 -0.11321500 0.00904500
v -0.00213000 -0.11298100 0.00902900
v -0.00419500 -0.11227200 0.00896800
v -0.00613400 -0.11106900 0.00884400
v 0.00665400 -0.11267700 0.00955300
v 0.00452300 -0.11407300 0.00971000
v 0.00228800 -0.11489700 0.00979400
v -0.00000000 -0.11516800 0.00982000
v -0.00228800 -0.11489700 0.00979400
v -0.00452300 -0.11407300 0.00971000
v -0.00665400 -0.11267700 0.00955300
v 0.00719400 -0.11414900 0.01027000
v 0.00488000 -0.11567000 0.01044000
v 0.00246500 -0.11657600 0.01053600
v -0.00000000 -0.11687500 0.01056700
v -0.00246500 -0.11657600 0.01053600
v -0.00488000 -0.11567000 0.01044000
v -0.00719400 -0.11414900 0.01027000
v 0.00771900 -0.11545900 0.01096900
v 0.00523200 -0.11707200 0.01114000
v 0.00264200 -0.11803800 0.01124000
v -0.00000000 -0.11835800 0.01127300
v -0.00264200 -0.11803800 0.01124000
v -0.00523200 -0.11707200 0.01114000
v -0.00771900 -0.11545900 0.01096900
v 0.00820900 -0.11660000 0.01162000
v 0.00556400 -0.11828400 0.01178600
v 0.00280900 -0.11929300 0.01188500
v -0.00000000 -0.11962900 0.01191800
v -0.00280900 -0.11929300 0.01188500
v -0.00556400 -0.11828400 0.01178600
v -0.00820900 -0.11660000 0.01162000
v 0.00864900 -0.11757200 0.01219600
v 0.00586300 -0.11930800 0.01235400
v 0.00296100 -0.12035000 0.01244900
v -0.00000000 -0.12069700 0.01248000
v -0.00296100 -0.12035000 0.01244900
v -0.00586300 -0.11930800 0.01235400
v -0.00864900 -0.11757200 0.01219600
v -0.01372900 -0.07796800 0.00416800
v -0.01373100 -0.07479000 0.00405600
v -0.01362500 -0.07191100 0.00403100
v -0.01345700 -0.06935000 0.00407800
v -0.01325800 -0.06712100 0.00417900
v -0.01300800 -0.06522200 0.00431400
v -0.01266200 -0.06365100 0.00445400
v -0.01586500 -0.07796200 0.00489700
v -0.01584700 -0.07471400 0.00476400
v -0.01567900 -0.07176300 0.00470900
v -0.01539800 -0.06912200 0.00471900
v -0.01503200 -0.06679600 0.00477800
v -0.01456400 -0.06477700 0.00486500
v -0.01396000 -0.06305600 0.00495300
v -0.01776900 -0.07789700 0.00569800
v -0.01773200 -0.07455300 0.00554300
v -0.01751000 -0.07150700 0.00545700
v -0.01713500 -0.06876200 0.00542900
v -0.01663000 -0.06632100 0.00544400
v -0.01599100 -0.06417400 0.00548500
v -0.01520300 -0.06231000 0.00553000
v -0.01944800 -0.07778800 0.00653300
v -0.01939500 -0.07433200 0.00635600
v -0.01912900 -0.07117400 0.00624000
v -0.01867700 -0.06831500 0.00617400
v -0.01806200 -0.06575200 0.00614700
v -0.01729300 -0.06348000 0.00614500
v -0.01637200 -0.06148700 0.00615200
v -0.02091100 -0.07765100 0.00736400
v -0.02084400 -0.07407300 0.00716600
v -0.02054200 -0.07079800 0.00702200
v -0.02003200 -0.06782100 0.00692100
v -0.01933600 -0.06514100 0.00685500
v -0.01846900 -0.06275100 0.00681400
v -0.01744800 -0.06064500 0.00678500
v -0.02216600 -0.07749900 0.00815300
v -0.02208700 -0.07380000 0.00793700
v -0.02175900 -0.07040700 0.00776600
v -0.02120600 -0.06731700 0.00763400
v -0.02045000 -0.06452700 0.00753300
v -0.01951300 -0.06203100 0.00745600
v -0.01841400 -0.05982600 0.00739500
v -0.02322100 -0.07734800 0.00886300
v -0.02313200 -0.07353400 0.00863000
v -0.02278400 -0.07003100 0.00843600
v -0.02220000 -0.06683700 0.00827600
v -0.02140200 -0.06394800 0.00814600
v -0.02041400 -0.06136000 0.00803800
v -0.01925800 -0.05907100 0.00794800
v 0.01266200 -0.06365100 0.00445400
v 0.01300800 -0.06522200 0.00431400
v 0.01325800 -0.06712100 0.00417900
v 0.01345700 -0.06935000 0.00407800
v 0.01362500 -0.07191100 0.00403100
v 0.01373100 -0.07479000 0.00405600
v 0.01372900 -0.07796800 0.00416800
v 0.01396000 -0.06305600 0.00495300
v 0.01456400 -0.06477700 0.00486500
v 0.01503200 -0.06679600 0.00477800
v 0.01539800 -0.06912200 0.00471900
v 0.01567900 -0.07176400 0.00470900
v 0.01584700 -0.07471400 0.00476400
v 0.01586500 -0.07796200 0.00489700
v 0.01520300 -0.06231000 0.00553000
v 0.01599100 -0.06417400 0.00548500
v 0.01663000 -0.06632100 0.00544400
v 0.01713500 -0.06876200 0.00542900
v 0.01751000 -0.07150700 0.00545700
v 0.01773200 -0.07455300 0.00554300
v 0.01776900 -0.07789700 0.00569800
v 0.01637200 -0.06148800 0.00615200
v 0.01729300 -0.06348000 0.00614500
v 0.01806200 -0.06575200 0.00614700
v 0.01867700 -0.06831500 0.00617400
v 0.01912900 -0.07117400 0.00624000
v 0.01939500 -0.07433200 0.00635600
v 0.01944800 -0.07778800 0.00653300
v 0.01744800 -0.06064500 0.00678500
v 0.01846900 -0.06275100 0.00681400
v 0.01933600 -0.06514100 0.00685500
v 0.02003200 -0.06782100 0.00692100
v 0.02054200 -0.07079800 0.00702200
v 0.02084400 -0.07407300 0.00716600
v 0.02091100 -0.07765100 0.00736400
v 0.01841400 -0.05982700 0.00739500
v 0.01951300 -0.06203100 0.00745600
v 0.02045000 -0.06452700 0.00753300
v 0.02120600 -0.06731700 0.00763400
v 0.02175900 -0.07040700 0.00776600
v 0.02208700 -0.07380000 0.00793700
v 0.02216600 -0.07749900 0.00815300
v 0.01925800 -0.05907100 0.00794800
v 0.02041400 -0.06136000 0.00803800
v 0.02140200 -0.06394800 0.00814600
v 0.02220000 -0.06683700 0.00827600
v 0.02278400 -0.07003100 0.00843600
v 0.02313200 -0.07353400 0.00863000
v 0.02322100 -0.07734800 0.00886300
v -0.01117100 -0.06148900 0.00452600
v -0.00999500 -0.06069700 0.00446600
v -0.00873000 -0.05993100 0.00441900
v -0.00750500 -0.05915900 0.00441000
v -0.00641400 -0.05837000 0.00445400
v -0.00546200 -0.05760700 0.00453800
v -0.00462100 -0.05693600 0.00463800
v -0.01213700 -0.06044400 0.00501000
v -0.01094400 -0.05945900 0.00497800
v -0.00967800 -0.05858800 0.00494700
v -0.00842300 -0.05778300 0.00493900
v -0.00724800 -0.05701700 0.00496900
v -0.00615400 -0.05631100 0.00502600
v -0.00512300 -0.05570600 0.00509400
v -0.01313100 -0.05937800 0.00555600
v -0.01188800 -0.05824800 0.00553500
v -0.01058000 -0.05727800 0.00551200
v -0.00926400 -0.05642100 0.00550500
v -0.00798800 -0.05564500 0.00552700
v -0.00676100 -0.05495300 0.00557000
v -0.00557800 -0.05436300 0.00562200
v -0.01409900 -0.05830600 0.00613800
v -0.01279000 -0.05706600 0.00611500
v -0.01141800 -0.05600800 0.00609500
v -0.01002500 -0.05508900 0.00609100
v -0.00864700 -0.05427700 0.00611100
v -0.00730100 -0.05356700 0.00615200
v -0.00600000 -0.05296000 0.00620500
v -0.01500100 -0.05725600 0.00672700
v -0.01362100 -0.05592700 0.00669700
v -0.01218000 -0.05479100 0.00667700
v -0.01070700 -0.05380700 0.00667700
v -0.00923300 -0.05294200 0.00670400
v -0.00778600 -0.05218700 0.00675400
v -0.00639100 -0.05154000 0.00682000
v -0.01581800 -0.05626500 0.00729200
v -0.01436900 -0.05486200 0.00725100
v -0.01285600 -0.05365800 0.00722900
v -0.01130800 -0.05261100 0.00723400
v -0.00975200 -0.05168400 0.00727400
v -0.00821900 -0.05085900 0.00734800
v -0.00674300 -0.05013100 0.00744900
v -0.01653700 -0.05536800 0.00780200
v -0.01502200 -0.05390600 0.00775000
v -0.01344400 -0.05264500 0.00772400
v -0.01182900 -0.05154300 0.00773400
v -0.01020700 -0.05055300 0.00778900
v -0.00860400 -0.04963700 0.00789900
v -0.00705100 -0.04877200 0.00806400
v 0.00462100 -0.05693600 0.00463800
v 0.00546200 -0.05760700 0.00453800
v 0.00641400 -0.05837000 0.00445400
v 0.00750500 -0.05915900 0.00441000
v 0.00873000 -0.05993100 0.00441900
v 0.00999500 -0.06069700 0.00446600
v 0.01117100 -0.06148900 0.00452600
v 0.00512300 -0.05570600 0.00509400
v 0.00615400 -0.05631100 0.00502600
v 0.00724800 -0.05701700 0.00496900
v 0.00842300 -0.05778300 0.00493900
v 0.00967800 -0.05858800 0.00494700
v 0.01094400 -0.05945900 0.00497800
v 0.01213700 -0.06044400 0.00501000
v 0.00557800 -0.05436300 0.00562200
v 0.00676100 -0.05495300 0.00557000
v 0.00798800 -0.05564500 0.00552700
v 0.00926400 -0.05642100 0.00550500
v 0.01058000 -0.05727800 0.00551200
v 0.01188800 -0.05824800 0.00553500
v 0.01313100 -0.05937800 0.00555600
v 0.00600000 -0.05296000 0.00620500
v 0.00730100 -0.05356700 0.00615200
v 0.00864700 -0.05427700 0.00611100
v 0.01002500 -0.05508900 0.00609100
v 0.01141800 -0.05600800 0.00609500
v 0.01279000 -0.05706600 0.00611500
v 0.01409900 -0.05830600 0.00613800
v 0.00639100 -0.05154000 0.00682000
v 0.00778600 -0.05218700 0.00675400
v 0.00923300 -0.05294200 0.00670400
v 0.01070700 -0.05380700 0.00667700
v 0.01218000 -0.05479100 0.00667700
v 0.01362100 -0.05592700 0.00669700
v 0.01500100 -0.05725600 0.00672700
v 0.00674300 -0.05013100 0.00744900
v 0.00821900 -0.05085900 0.00734800
v 0.00975200 -0.05168400 0.00727400
v 0.01130800 -0.05261100 0.00723400
v 0.01285600 -0.05365800 0.00722900
v 0.01436900 -0.05486200 0.00725100
v 0.01581800 -0.05626500 0.00729200
v 0.00705100 -0.04877200 0.00806400
v 0.00860400 -0.04963700 0.00789900
v 0.01020700 -0.05055300 0.00778900
v 0.01182900 -0.05154300 0.00773400
v 0.01344400 -0.05264600 0.00772400
v 0.01502200 -0.05390600 0.00775000
v 0.01653700 -0.05536800 0.00780200
v 0.00000000 -0.06672800 0.00266100
v 0.00984100 -0.06381200 0.00379900
v 0.00829200 -0.06336300 0.00362800
v 0.00676300 -0.06271700 0.00353700
v 0.00542200 -0.06189800 0.00353000
v 0.00946400 -0.06531000 0.00352800
v 0.00755100 -0.06490200 0.00330800
v 0.00569800 -0.06423400 0.00319200
v 0.00416400 -0.06330000 0.00318700
v 0.00914900 -0.06710600 0.00330300
v 0.00686000 -0.06668900 0.00304500
v 0.00453500 -0.06596000 0.00290400
v 0.00259700 -0.06480500 0.00290000
v 0.00320000 -0.05876400 0.00399700
v 0.00222100 -0.05937300 0.00379600
v 0.00113600 -0.05980300 0.00366300
v 0.00000000 -0.05996900 0.00361500
v 0.00368300 -0.05986400 0.00377200
v 0.00256600 -0.06076500 0.00350700
v 0.00131800 -0.06145200 0.00332700
v 0.00000000 -0.06173100 0.00326000
v 0.00440500 -0.06092800 0.00361200
v 0.00315700 -0.06210900 0.00329800
v 0.00168100 -0.06317000 0.00306200
v 0.00000000 -0.06371900 0.00295700
v -0.00320000 -0.05876400 0.00399700
v -0.00368300 -0.05986400 0.00377200
v -0.00440500 -0.06092800 0.00361200
v -0.00542200 -0.06189800 0.00353000
v -0.00222100 -0.05937300 0.00379600
v -0.00256600 -0.06076500 0.00350700
v -0.00315700 -0.06210900 0.00329800
v -0.00416400 -0.06330000 0.00318700
v -0.00113600 -0.05980300 0.00366300
v -0.00131800 -0.06145200 0.00332700
v -0.00168100 -0.06317000 0.00306200
v -0.00259700 -0.06480500 0.00290000
v -0.00984100 -0.06381200 0.00379900
v -0.00946400 -0.06531000 0.00352800
v -0.00914900 -0.06710600 0.00330300
v -0.00892400 -0.06924500 0.00313000
v -0.00829200 -0.06336300 0.00362800
v -0.00755100 -0.06490200 0.00330800
v -0.00686000 -0.06668900 0.00304500
v -0.00633300 -0.06883700 0.00284500
v -0.00676300 -0.06271700 0.00353700
v -0.00569800 -0.06423400 0.00319200
v -0.00453500 -0.06596000 0.00290400
v -0.00351200 -0.06812700 0.00267800
v -0.00873500 -0.07775500 0.00306900
v -0.00593000 -0.07757500 0.00273300
v -0.00299700 -0.07741700 0.00253400
v 0.00000000 -0.07734900 0.00246900
v -0.00877800 -0.07460700 0.00299600
v -0.00597900 -0.07437100 0.00267400
v -0.00302900 -0.07411700 0.00248300
v 0.00000000 -0.07399400 0.00242100
v -0.00881800 -0.07175600 0.00302200
v -0.00607100 -0.07142400 0.00271700
v -0.00311600 -0.07096300 0.00253500
v 0.00000000 -0.07065900 0.00247500
v 0.00873500 -0.07775500 0.00306900
v 0.00877800 -0.07460700 0.00299600
v 0.00881800 -0.07175600 0.00302200
v 0.00892400 -0.06924500 0.00313000
v 0.00593000 -0.07757500 0.00273300
v 0.00597900 -0.07437100 0.00267400
v 0.00607100 -0.07142400 0.00271700
v 0.00633300 -0.06883700 0.00284500
v 0.00299700 -0.07741700 0.00253400
v 0.00302900 -0.07411700 0.00248300
v 0.00311600 -0.07096300 0.00253500
v 0.00351200 -0.06812700 0.00267800
v 0.00861200 -0.08490200 0.00188100
v 0.00827500 -0.08869200 0.00230900
v 0.00785000 -0.09248300 0.00282300
v 0.00736000 -0.09616400 0.00340000
v 0.00683000 -0.09962500 0.00401500
v 0.00630400 -0.10277100 0.00464200
v 0.00584800 -0.10551500 0.00526100
v 0.00584200 -0.08473900 0.00152600
v 0.00561200 -0.08852300 0.00195700
v 0.00532400 -0.09231200 0.00248300
v 0.00499600 -0.09600600 0.00308100
v 0.00464600 -0.09951300 0.00372900
v 0.00431400 -0.10276900 0.00441000
v 0.00405100 -0.10572700 0.00511100
v 0.00295100 -0.08462200 0.00131400
v 0.00283500 -0.08841200 0.00174800
v 0.00269000 -0.09221300 0.00228100
v 0.00252500 -0.09593400 0.00289400
v 0.00235100 -0.09949300 0.00356500
v 0.00219100 -0.10284100 0.00428100
v 0.00207100 -0.10593600 0.00503000
v 0.00000000 -0.08457600 0.00124400
v -0.00000000 -0.08837200 0.00167800
v -0.00000000 -0.09218100 0.00221500
v -0.00000000 -0.09591700 0.00283300
v -0.00000000 -0.09950100 0.00351300
v -0.00000000 -0.10288400 0.00424100
v -0.00000000 -0.10602500 0.00500400
v -0.00295100 -0.08462200 0.00131400
v -0.00283500 -0.08841200 0.00174800
v -0.00269000 -0.09221300 0.00228100
v -0.00252500 -0.09593400 0.00289400
v -0.00235100 -0.09949300 0.00356500
v -0.00219100 -0.10284100 0.00428100
v -0.00207100 -0.10593600 0.00503000
v -0.00584200 -0.08473900 0.00152600
v -0.00561200 -0.08852300 0.00195700
v -0.00532400 -0.09231200 0.00248300
v -0.00499600 -0.09600600 0.00308100
v -0.00464600 -0.09951300 0.00372900
v -0.00431400 -0.10276900 0.00441000
v -0.00405100 -0.10572700 0.00511100
v -0.00861200 -0.08490200 0.00188100
v -0.00827500 -0.08869200 0.00230900
v -0.00785000 -0.09248300 0.00282300
v -0.00736000 -0.09616400 0.00340000
v -0.00683000 -0.09962500 0.00401500
v -0.00630400 -0.10277100 0.00464200
v -0.00584800 -0.10551500 0.00526100
v 0.00129600 0.10623900 0.00041200
v 0.00257300 0.10623900 0.00041400
v 0.00380800 0.10624000 0.00042100
v 0.00498300 0.10624100 0.00043600
v 0.00607600 0.10624200 0.00045900
v 0.00706800 0.10624500 0.00049300
v 0.00793800 0.10624800 0.00054200
v 0.00131900 0.10502600 0.00038500
v 0.00261800 0.10502600 0.00038700
v 0.00387500 0.10502700 0.00039500
v 0.00507000 0.10502800 0.00040900
v 0.00618300 0.10502900 0.00043200
v 0.00719200 0.10503200 0.00046600
v 0.00807800 0.10503500 0.00051400
v 0.00133800 0.10380100 0.00036200
v 0.00265600 0.10380100 0.00036400
v 0.00393100 0.10380100 0.00037200
v 0.00514400 0.10380200 0.00038600
v 0.00627300 0.10380400 0.00040900
v 0.00729700 0.10380600 0.00044300
v 0.00819500 0.10381000 0.00049100
v 0.00135400 0.10255700 0.00034500
v 0.00268700 0.10255700 0.00034800
v 0.00397700 0.10255800 0.00035500
v 0.00520400 0.10255900 0.00036900
v 0.00634600 0.10256000 0.00039200
v 0.00738200 0.10256300 0.00042600
v 0.00829000 0.10256600 0.00047300
v 0.00136600 0.10128900 0.00033700
v 0.00271100 0.10128900 0.00033900
v 0.00401300 0.10129000 0.00034600
v 0.00525000 0.10129100 0.00036000
v 0.00640300 0.10129200 0.00038300
v 0.00744800 0.10129500 0.00041700
v 0.00836400 0.10129800 0.00046400
v 0.00137500 0.09999000 0.00033800
v 0.00272800 0.09999100 0.00034100
v 0.00403900 0.09999100 0.00034800
v 0.00528400 0.09999200 0.00036200
v 0.00644400 0.09999400 0.00038400
v 0.00749600 0.09999600 0.00041800
v 0.00841800 0.10000000 0.00046500
v 0.00138100 0.09865500 0.00035200
v 0.00273900 0.09865500 0.00035500
v 0.00405500 0.09865600 0.00036200
v 0.00530600 0.09865700 0.00037500
v 0.00647000 0.09865900 0.00039800
v 0.00752600 0.09866100 0.00043200
v 0.00845300 0.09866500 0.00047900
v 0.00055200 -0.03411500 0.01232600
v 0.00109600 -0.03411600 0.01232800
v 0.00162200 -0.03411700 0.01233300
v 0.00212300 -0.03411900 0.01234300
v 0.00258900 -0.03412300 0.01236000
v 0.00301200 -0.03412700 0.01238600
v 0.00338400 -0.03413200 0.01242200
v 0.00055700 -0.03625700 0.01178300
v 0.00110600 -0.03626200 0.01178300
v 0.00163900 -0.03626900 0.01178400
v 0.00214800 -0.03627700 0.01179200
v 0.00262600 -0.03628400 0.01180600
v 0.00306100 -0.03629200 0.01183100
v 0.00344400 -0.03629900 0.01186700
v 0.00055800 -0.03808600 0.01119100
v 0.00110900 -0.03810200 0.01118400
v 0.00164800 -0.03812400 0.01117700
v 0.00216900 -0.03814700 0.01117600
v 0.00266400 -0.03816700 0.01118500
v 0.00312200 -0.03818200 0.01120700
v 0.00352900 -0.03819400 0.01124200
v 0.00055100 -0.03963900 0.01057400
v 0.00110000 -0.03967700 0.01055400
v 0.00164400 -0.03972800 0.01053100
v 0.00218000 -0.03977900 0.01051500
v 0.00270500 -0.03982200 0.01051200
v 0.00320100 -0.03985300 0.01052800
v 0.00365000 -0.03987200 0.01056200
v 0.00053400 -0.04095100 0.00995700
v 0.00107200 -0.04102700 0.00991500
v 0.00161800 -0.04112500 0.00986500
v 0.00217600 -0.04122300 0.00982400
v 0.00274300 -0.04130300 0.00980400
v 0.00329800 -0.04136000 0.00980900
v 0.00381600 -0.04139200 0.00984200
v 0.00049800 -0.04205600 0.00936300
v 0.00101200 -0.04219400 0.00928500
v 0.00155600 -0.04236300 0.00919600
v 0.00213700 -0.04252800 0.00911900
v 0.00275700 -0.04266200 0.00907400
v 0.00339900 -0.04276200 0.00906300
v 0.00403100 -0.04282500 0.00908900
v 0.00042900 -0.04298700 0.00881700
v 0.00090100 -0.04322500 0.00868100
v 0.00143600 -0.04349400 0.00853700
v 0.00204200 -0.04374600 0.00841600
v 0.00272200 -0.04395100 0.00833800
v 0.00347400 -0.04411400 0.00830300
v 0.00428400 -0.04424100 0.00831200
v -0.01391700 -0.11240900 0.01024100
v -0.01610200 -0.10870300 0.00991100
v -0.01803100 -0.10454900 0.00954700
v -0.01969400 -0.10007700 0.00916200
v -0.02108100 -0.09541300 0.00877000
v -0.02218400 -0.09068400 0.00838600
v -0.02299200 -0.08601900 0.00802300
v -0.01323800 -0.11161000 0.00956000
v -0.01532600 -0.10800600 0.00920900
v -0.01717200 -0.10396500 0.00882100
v -0.01876700 -0.09961300 0.00841300
v -0.02010300 -0.09507300 0.00800100
v -0.02116900 -0.09047000 0.00760200
v -0.02195300 -0.08593000 0.00723000
v -0.01246000 -0.11068100 0.00882700
v -0.01442400 -0.10720400 0.00845200
v -0.01616300 -0.10330000 0.00803800
v -0.01767100 -0.09909000 0.00760500
v -0.01893900 -0.09469100 0.00717200
v -0.01995600 -0.09022800 0.00675600
v -0.02070900 -0.08582500 0.00637500
v -0.01159700 -0.10963400 0.00806900
v -0.01340900 -0.10631200 0.00767200
v -0.01501200 -0.10257100 0.00723200
v -0.01640600 -0.09852300 0.00677200
v -0.01758700 -0.09428100 0.00631500
v -0.01854200 -0.08996600 0.00588200
v -0.01925400 -0.08570400 0.00549100
v -0.01066400 -0.10849300 0.00732000
v -0.01228800 -0.10535700 0.00690000
v -0.01372200 -0.10180300 0.00643300
v -0.01497400 -0.09793400 0.00594600
v -0.01604500 -0.09385600 0.00546600
v -0.01692100 -0.08969200 0.00501500
v -0.01758100 -0.08556800 0.00461400
v -0.00966500 -0.10733600 0.00661500
v -0.01104900 -0.10441500 0.00617300
v -0.01227800 -0.10105500 0.00567800
v -0.01336400 -0.09736100 0.00516200
v -0.01430700 -0.09344000 0.00465800
v -0.01508900 -0.08941700 0.00419000
v -0.01568600 -0.08541800 0.00378000
v -0.00859500 -0.10628100 0.00600000
v -0.00967100 -0.10358300 0.00552900
v -0.01066200 -0.10039700 0.00500000
v -0.01156500 -0.09684800 0.00445500
v -0.01236500 -0.09305700 0.00392600
v -0.01303900 -0.08915100 0.00344100
v -0.01356100 -0.08525600 0.00302400
v 0.02299200 -0.08601900 0.00802300
v 0.02218400 -0.09068400 0.00838600
v 0.02108100 -0.09541300 0.00877000
v 0.01969400 -0.10007700 0.00916200
v 0.01803100 -0.10454900 0.00954700
v 0.01610200 -0.10870300 0.00991100
v 0.01391700 -0.11240900 0.01024100
v 0.02195300 -0.08593000 0.00723000
v 0.02116900 -0.09047000 0.00760200
v 0.02010300 -0.09507300 0.00800100
v 0.01876700 -0.09961300 0.00841300
v 0.01717200 -0.10396500 0.00882100
v 0.01532600 -0.10800600 0.00920900
v 0.01323800 -0.11161000 0.00956000
v 0.02070900 -0.08582500 0.00637500
v 0.01995600 -0.09022800 0.00675600
v 0.01893900 -0.09469100 0.00717200
v 0.01767100 -0.09909000 0.00760500
v 0.01616300 -0.10330000 0.00803800
v 0.01442400 -0.10720400 0.00845200
v 0.01246000 -0.11068100 0.00882700
v 0.01925400 -0.08570400 0.00549100
v 0.01854200 -0.08996600 0.00588200
v 0.01758700 -0.09428100 0.00631500
v 0.01640600 -0.09852300 0.00677200
v 0.01501200 -0.10257100 0.00723200
v 0.01340900 -0.10631200 0.00767200
v 0.01159700 -0.10963400 0.00806900
v 0.01758100 -0.08556800 0.00461400
v 0.01692100 -0.08969200 0.00501500
v 0.01604500 -0.09385600 0.00546600
v 0.01497400 -0.09793400 0.00594600
v 0.01372200 -0.10180300 0.00643300
v 0.01228800 -0.10535700 0.00690000
v 0.01066400 -0.10849300 0.00732000
v 0.01568600 -0.08541800 0.00378000
v 0.01508900 -0.08941700 0.00419000
v 0.01430700 -0.09344000 0.00465800
v 0.01336400 -0.09736100 0.00516200
v 0.01227800 -0.10105500 0.00567800
v 0.01104900 -0.10441500 0.00617300
v 0.00966500 -0.10733600 0.00661500
v 0.01356100 -0.08525600 0.00302400
v 0.01303900 -0.08915100 0.00344100
v 0.01236500 -0.09305700 0.00392600
v 0.01156500 -0.09684800 0.00445500
v 0.01066200 -0.10039700 0.00500000
v 0.00967100 -0.10358400 0.00552900
v 0.00859500 -0.10628100 0.00600000
v 0.00882100 -0.11799500 0.01074100
v 0.00598000 -0.11974700 0.01089800
v 0.00302000 -0.12079800 0.01099200
v -0.00000000 -0.12114800 0.01102400
v -0.00302000 -0.12079800 0.01099200
v -0.00598000 -0.11974700 0.01089800
v -0.00882100 -0.11799500 0.01074100
v 0.00838400 -0.11703800 0.01009300
v 0.00568200 -0.11873800 0.01025800
v 0.00286900 -0.11975700 0.01035700
v -0.00000000 -0.12009600 0.01038900
v -0.00286900 -0.11975700 0.01035700
v -0.00568200 -0.11873800 0.01025800
v -0.00838400 -0.11703800 0.01009300
v 0.00789300 -0.11590300 0.00938800
v 0.00535000 -0.11753300 0.00955900
v 0.00270100 -0.11850800 0.00965900
v -0.00000000 -0.11883200 0.00969100
v -0.00270100 -0.11850800 0.00965900
v -0.00535000 -0.11753300 0.00955900
v -0.00789300 -0.11590300 0.00938800
v 0.00736400 -0.11459400 0.00865200
v 0.00499500 -0.11613100 0.00882100
v 0.00252300 -0.11704600 0.00891700
v -0.00000000 -0.11734900 0.00894700
v -0.00252300 -0.11704600 0.00891700
v -0.00499500 -0.11613100 0.00882100
v -0.00736400 -0.11459400 0.00865200
v 0.00681600 -0.11311700 0.00790900
v 0.00463300 -0.11452700 0.00806600
v 0.00234300 -0.11536000 0.00815000
v -0.00000000 -0.11563500 0.00817500
v -0.00234300 -0.11536000 0.00815000
v -0.00463300 -0.11452700 0.00806600
v -0.00681600 -0.11311700 0.00790900
v 0.00628700 -0.11149700 0.00718500
v 0.00430000 -0.11271400 0.00730900
v 0.00218300 -0.11343100 0.00736900
v -0.00000000 -0.11366800 0.00738500
v -0.00218300 -0.11343100 0.00736900
v -0.00430000 -0.11271400 0.00730900
v -0.00628700 -0.11149700 0.00718500
v 0.00583700 -0.10975500 0.00650400
v 0.00404200 -0.11067700 0.00656200
v 0.00206600 -0.11123500 0.00658300
v -0.00000000 -0.11142500 0.00658700
v -0.00206600 -0.11123500 0.00658300
v -0.00404200 -0.11067700 0.00656200
v -0.00583700 -0.10975500 0.00650400
v -0.02369100 -0.07736600 0.00741600
v -0.02359700 -0.07350400 0.00718000
v -0.02323800 -0.06995400 0.00698300
v -0.02263600 -0.06671500 0.00682000
v -0.02181700 -0.06378300 0.00668500
v -0.02080400 -0.06115700 0.00657400
v -0.01962000 -0.05883200 0.00647900
v -0.02264000 -0.07751800 0.00663100
v -0.02255600 -0.07376900 0.00641200
v -0.02221600 -0.07032800 0.00623900
v -0.02164700 -0.06719200 0.00610300
v -0.02087000 -0.06435800 0.00599900
v -0.01990800 -0.06182200 0.00591800
v -0.01878100 -0.05958100 0.00585300
v -0.02137700 -0.07767100 0.00578500
v -0.02130500 -0.07404200 0.00558500
v -0.02099300 -0.07071700 0.00543800
v -0.02046700 -0.06769400 0.00533400
v -0.01975000 -0.06497000 0.00526500
v -0.01886000 -0.06253900 0.00522000
v -0.01781200 -0.06039700 0.00518800
v -0.01989600 -0.07780900 0.00491200
v -0.01983800 -0.07430100 0.00473300
v -0.01956200 -0.07109300 0.00461500
v -0.01909500 -0.06818700 0.00454600
v -0.01846300 -0.06558100 0.00451700
v -0.01767200 -0.06326800 0.00451100
v -0.01672600 -0.06123900 0.00451500
v -0.01818800 -0.07791700 0.00404800
v -0.01814700 -0.07452100 0.00389000
v -0.01791700 -0.07142500 0.00380300
v -0.01752900 -0.06863400 0.00377300
v -0.01700800 -0.06615000 0.00378600
v -0.01635000 -0.06396400 0.00382400
v -0.01554000 -0.06206500 0.00386700
v -0.01624600 -0.07798100 0.00322700
v -0.01622400 -0.07468000 0.00309200
v -0.01604900 -0.07168100 0.00303600
v -0.01575900 -0.06899300 0.00304400
v -0.01538000 -0.06662400 0.00310200
v -0.01489700 -0.06456900 0.00318700
v -0.01427600 -0.06281500 0.00327400
v -0.01406200 -0.07798400 0.00248500
v -0.01406200 -0.07475400 0.00237200
v -0.01395100 -0.07182600 0.00234600
v -0.01377600 -0.06921900 0.00239200
v -0.01356900 -0.06694900 0.00249200
v -0.01330900 -0.06501500 0.00262700
v -0.01295200 -0.06341400 0.00276600
v 0.01962000 -0.05883200 0.00647900
v 0.02080400 -0.06115700 0.00657400
v 0.02181700 -0.06378300 0.00668500
v 0.02263600 -0.06671500 0.00682000
v 0.02323800 -0.06995400 0.00698300
v 0.02359700 -0.07350400 0.00718000
v 0.02369100 -0.07736600 0.00741600
v 0.01878100 -0.05958100 0.00585300
v 0.01990800 -0.06182200 0.00591800
v 0.02087000 -0.06435800 0.00599900
v 0.02164700 -0.06719200 0.00610300
v 0.02221600 -0.07032800 0.00623900
v 0.02255600 -0.07376900 0.00641200
v 0.02264000 -0.07751800 0.00663100
v 0.01781200 -0.06039700 0.00518800
v 0.01886000 -0.06253900 0.00522000
v 0.01975000 -0.06497000 0.00526500
v 0.02046700 -0.06769400 0.00533400
v 0.02099300 -0.07071700 0.00543800
v 0.02130500 -0.07404200 0.00558500
v 0.02137700 -0.07767100 0.00578500
v 0.01672600 -0.06123900 0.00451500
v 0.01767200 -0.06326800 0.00451100
v 0.01846300 -0.06558100 0.00451700
v 0.01909500 -0.06818700 0.00454600
v 0.01956200 -0.07109300 0.00461500
v 0.01983800 -0.07430100 0.00473300
v 0.01989600 -0.07780900 0.00491200
v 0.01554000 -0.06206500 0.00386700
v 0.01635000 -0.06396400 0.00382400
v 0.01700800 -0.06615000 0.00378600
v 0.01752900 -0.06863400 0.00377300
v 0.01791700 -0.07142500 0.00380300
v 0.01814700 -0.07452100 0.00389000
v 0.01818800 -0.07791700 0.00404800
v 0.01427600 -0.06281500 0.00327400
v 0.01489700 -0.06456900 0.00318700
v 0.01538000 -0.06662400 0.00310200
v 0.01575900 -0.06899300 0.00304400
v 0.01604900 -0.07168100 0.00303600
v 0.01622400 -0.07468000 0.00309200
v 0.01624600 -0.07798100 0.00322700
v 0.01295200 -0.06341400 0.00276600
v 0.01330900 -0.06501500 0.00262700
v 0.01356900 -0.06694900 0.00249200
v 0.01377600 -0.06921900 0.00239200
v 0.01395100 -0.07182600 0.00234600
v 0.01406200 -0.07475400 0.00237200
v 0.01406200 -0.07798400 0.00248500
v 0.00000000 -0.05077600 0.00672300
v -0.00296500 -0.05637500 0.00467900
v -0.00202500 -0.05643900 0.00461900
v -0.00102800 -0.05652600 0.00457000
v 0.00000000 -0.05656700 0.00455100
v -0.00311500 -0.05500500 0.00515700
v -0.00209400 -0.05488300 0.00515200
v -0.00105300 -0.05481900 0.00514900
v 0.00000000 -0.05479700 0.00515000
v -0.00332600 -0.05354900 0.00571100
v -0.00223000 -0.05328600 0.00575200
v -0.00112500 -0.05306200 0.00580500
v 0.00000000 -0.05294000 0.00584200
v 0.00296500 -0.05637500 0.00467900
v 0.00311500 -0.05500500 0.00515700
v 0.00332600 -0.05354900 0.00571100
v 0.00357800 -0.05205600 0.00632100
v 0.00202500 -0.05643900 0.00461900
v 0.00209400 -0.05488300 0.00515200
v 0.00223000 -0.05328600 0.00575200
v 0.00244000 -0.05170000 0.00639500
v 0.00102800 -0.05652600 0.00457000
v 0.00105300 -0.05481900 0.00514900
v 0.00112500 -0.05306200 0.00580500
v 0.00130300 -0.05132300 0.00650900
v 0.00434600 -0.04758300 0.00835200
v 0.00327500 -0.04726300 0.00844600
v 0.00236000 -0.04693800 0.00857000
v 0.00158300 -0.04654400 0.00875000
v 0.00412800 -0.04907600 0.00764300
v 0.00302300 -0.04869600 0.00774300
v 0.00204500 -0.04829800 0.00788500
v 0.00121000 -0.04779100 0.00810800
v 0.00385600 -0.05056400 0.00696600
v 0.00272300 -0.05017100 0.00706000
v 0.00166000 -0.04974100 0.00720400
v 0.00071700 -0.04912600 0.00746300
v 0.00000000 -0.04484800 0.00965200
v -0.00040900 -0.04546700 0.00930700
v -0.00093600 -0.04604500 0.00900000
v -0.00158300 -0.04654400 0.00875000
v 0.00040900 -0.04546700 0.00930700
v 0.00000000 -0.04631600 0.00884500
v -0.00053300 -0.04711300 0.00843500
v -0.00121000 -0.04779100 0.00810800
v 0.00093600 -0.04604500 0.00900000
v 0.00053300 -0.04711300 0.00843500
v 0.00000000 -0.04818000 0.00790500
v -0.00071700 -0.04912600 0.00746300
v -0.00434600 -0.04758300 0.00835200
v -0.00412800 -0.04907600 0.00764300
v -0.00385600 -0.05056400 0.00696600
v -0.00357800 -0.05205600 0.00632100
v -0.00327500 -0.04726300 0.00844600
v -0.00302300 -0.04869600 0.00774300
v -0.00272300 -0.05017100 0.00706000
v -0.00244000 -0.05170000 0.00639500
v -0.00236000 -0.04693800 0.00857000
v -0.00204500 -0.04829800 0.00788500
v -0.00166000 -0.04974100 0.00720400
v -0.00130300 -0.05132300 0.00650900
v -0.01683600 -0.05507100 0.00632400
v -0.01528900 -0.05358600 0.00626700
v -0.01367700 -0.05230700 0.00623500
v -0.01202900 -0.05118900 0.00623600
v -0.01037300 -0.05018600 0.00628100
v -0.00873900 -0.04925900 0.00637500
v -0.00715600 -0.04838500 0.00652000
v -0.01612300 -0.05596000 0.00574100
v -0.01464000 -0.05453400 0.00569600
v -0.01309300 -0.05331000 0.00566800
v -0.01151100 -0.05224700 0.00566600
v -0.00992200 -0.05130700 0.00569700
v -0.00835800 -0.05047100 0.00575900
v -0.00685100 -0.04973300 0.00584500
v -0.01530300 -0.05694800 0.00512200
v -0.01389100 -0.05559600 0.00508800
v -0.01241500 -0.05444000 0.00506300
v -0.01090900 -0.05344000 0.00505700
v -0.00940300 -0.05256200 0.00507700
v -0.00792500 -0.05179600 0.00511900
v -0.00650000 -0.05113900 0.00517600
v -0.01439400 -0.05799900 0.00449500
v -0.01305200 -0.05673700 0.00446800
v -0.01164800 -0.05565900 0.00444400
v -0.01022300 -0.05472500 0.00443600
v -0.00881300 -0.05390000 0.00445100
v -0.00743600 -0.05317900 0.00448700
v -0.00610800 -0.05256300 0.00453400
v -0.01341400 -0.05907700 0.00388800
v -0.01213900 -0.05792500 0.00386300
v -0.01079900 -0.05693700 0.00383700
v -0.00945200 -0.05606500 0.00382700
v -0.00814700 -0.05527500 0.00384500
v -0.00689100 -0.05457300 0.00388500
v -0.00568300 -0.05397400 0.00393400
v -0.01240300 -0.06015200 0.00332600
v -0.01118100 -0.05914700 0.00329200
v -0.00988400 -0.05825900 0.00325700
v -0.00859900 -0.05743900 0.00324700
v -0.00739600 -0.05666000 0.00327400
v -0.00627600 -0.05594200 0.00333000
v -0.00522200 -0.05532800 0.00339500
v -0.01142100 -0.06120900 0.00283400
v -0.01021500 -0.06039900 0.00277100
v -0.00892000 -0.05961800 0.00272100
v -0.00766400 -0.05883100 0.00271100
v -0.00654800 -0.05802800 0.00275300
v -0.00557300 -0.05725200 0.00283500
v -0.00471300 -0.05657100 0.00293400
v 0.00715600 -0.04838500 0.00652000
v 0.00873900 -0.04925900 0.00637500
v 0.01037300 -0.05018600 0.00628100
v 0.01202900 -0.05118900 0.00623600
v 0.01367700 -0.05230700 0.00623500
v 0.01528900 -0.05358600 0.00626700
v 0.01683600 -0.05507100 0.00632400
v 0.00685100 -0.04973300 0.00584500
v 0.00835800 -0.05047100 0.00575900
v 0.00992200 -0.05130700 0.00569700
v 0.01151100 -0.05224700 0.00566600
v 0.01309300 -0.05331000 0.00566800
v 0.01464000 -0.05453400 0.00569600
v 0.01612300 -0.05596000 0.00574100
v 0.00650000 -0.05114000 0.00517600
v 0.00792500 -0.05179600 0.00511900
v 0.00940300 -0.05256200 0.00507700
v 0.01090900 -0.05344000 0.00505700
v 0.01241500 -0.05444000 0.00506300
v 0.01389100 -0.05559600 0.00508800
v 0.01530300 -0.05694800 0.00512200
v 0.00610800 -0.05256300 0.00453400
v 0.00743700 -0.05317900 0.00448700
v 0.00881300 -0.05390000 0.00445100
v 0.01022300 -0.05472500 0.00443600
v 0.01164800 -0.05565900 0.00444400
v 0.01305300 -0.05673700 0.00446800
v 0.01439400 -0.05799900 0.00449500
v 0.00568300 -0.05397400 0.00393400
v 0.00689100 -0.05457300 0.00388500
v 0.00814700 -0.05527500 0.00384500
v 0.00945200 -0.05606500 0.00382700
v 0.01079900 -0.05693700 0.00383700
v 0.01213900 -0.05792500 0.00386300
v 0.01341400 -0.05907700 0.00388800
v 0.00522200 -0.05532800 0.00339500
v 0.00627600 -0.05594200 0.00333000
v 0.00739600 -0.05666000 0.00327400
v 0.00859900 -0.05743900 0.00324700
v 0.00988400 -0.05825900 0.00325700
v 0.01118100 -0.05914700 0.00329200
v 0.01240300 -0.06015200 0.00332600
v 0.00471300 -0.05657100 0.00293400
v 0.00557300 -0.05725200 0.00283500
v 0.00654800 -0.05802800 0.00275300
v 0.00766400 -0.05883100 0.00271100
v 0.00892000 -0.05961800 0.00272100
v 0.01021500 -0.06039900 0.00277100
v 0.01142100 -0.06120900 0.00283400
v 0.00000000 -0.06652700 0.00095100
v 0.00895100 -0.07776300 0.00137200
v 0.00607700 -0.07757800 0.00103100
v 0.00307200 -0.07741600 0.00083000
v 0.00000000 -0.07734600 0.00076300
v 0.00899300 -0.07456100 0.00129800
v 0.00612600 -0.07431800 0.00097100
v 0.00310300 -0.07405700 0.00077800
v 0.00000000 -0.07393100 0.00071400
v 0.00903100 -0.07165800 0.00132300
v 0.00621800 -0.07131700 0.00101300
v 0.00319100 -0.07084500 0.00082800
v 0.00000000 -0.07053400 0.00076700
v -0.00895100 -0.07776300 0.00137200
v -0.00899300 -0.07456100 0.00129800
v -0.00903100 -0.07165800 0.00132300
v -0.00913800 -0.06910000 0.00143000
v -0.00607700 -0.07757800 0.00103100
v -0.00612600 -0.07431700 0.00097100
v -0.00621800 -0.07131700 0.00101300
v -0.00648500 -0.06868100 0.00114100
v -0.00307200 -0.07741600 0.00083000
v -0.00310300 -0.07405700 0.00077800
v -0.00319100 -0.07084500 0.00082800
v -0.00359600 -0.06795400 0.00097100
v -0.01006700 -0.06356800 0.00210200
v -0.00848000 -0.06310600 0.00192700
v -0.00691500 -0.06244500 0.00183300
v -0.00554200 -0.06161000 0.00182400
v -0.00968400 -0.06509200 0.00183000
v -0.00772600 -0.06467300 0.00160500
v -0.00582900 -0.06398900 0.00148600
v -0.00425700 -0.06303600 0.00147900
v -0.00936500 -0.06692200 0.00160300
v -0.00702100 -0.06649300 0.00134200
v -0.00464100 -0.06574600 0.00119700
v -0.00265600 -0.06456800 0.00119100
v -0.00326500 -0.05842300 0.00228900
v -0.00226600 -0.05904200 0.00208600
v -0.00116000 -0.05947900 0.00195200
v 0.00000000 -0.05964700 0.00190400
v -0.00376000 -0.05954000 0.00206400
v -0.00262000 -0.06045600 0.00179700
v -0.00134600 -0.06115400 0.00161600
v 0.00000000 -0.06143800 0.00154800
v -0.00449900 -0.06062200 0.00190500
v -0.00322600 -0.06182200 0.00158900
v -0.00171800 -0.06290200 0.00135100
v 0.00000000 -0.06346100 0.00124600
v 0.00326500 -0.05842300 0.00228900
v 0.00376000 -0.05954000 0.00206400
v 0.00449900 -0.06062200 0.00190500
v 0.00554200 -0.06161000 0.00182400
v 0.00226600 -0.05904200 0.00208600
v 0.00262000 -0.06045600 0.00179700
v 0.00322600 -0.06182200 0.00158900
v 0.00425700 -0.06303600 0.00147900
v 0.00116000 -0.05947900 0.00195200
v 0.00134600 -0.06115400 0.00161600
v 0.00171800 -0.06290200 0.00135100
v 0.00265600 -0.06456800 0.00119100
v 0.01006700 -0.06356800 0.00210200
v 0.00968400 -0.06509200 0.00183000
v 0.00936500 -0.06692200 0.00160300
v 0.00913800 -0.06910000 0.00143000
v 0.00848100 -0.06310600 0.00192700
v 0.00772600 -0.06467300 0.00160500
v 0.00702100 -0.06649300 0.00134200
v 0.00648500 -0.06868100 0.00114100
v 0.00691500 -0.06244500 0.00183300
v 0.00582900 -0.06398900 0.00148600
v 0.00464100 -0.06574600 0.00119700
v 0.00359600 -0.06795400 0.00097100
v 0.00058700 -0.00161800 0.01263300
v 0.00116500 -0.00161800 0.01263500
v 0.00172400 -0.00161800 0.01264100
v 0.00225600 -0.00161900 0.01265200
v 0.00275100 -0.00162000 0.01267000
v 0.00320000 -0.00162200 0.01269600
v 0.00359300 -0.00162400 0.01273400
v 0.00056200 -0.00747800 0.01311000
v 0.00111500 -0.00747800 0.01311200
v 0.00165100 -0.00747800 0.01311700
v 0.00216000 -0.00747900 0.01312800
v 0.00263400 -0.00748000 0.01314600
v 0.00306300 -0.00748200 0.01317200
v 0.00344100 -0.00748500 0.01320900
v 0.00054600 -0.01275900 0.01341500
v 0.00108200 -0.01275900 0.01341700
v 0.00160200 -0.01276000 0.01342200
v 0.00209700 -0.01276100 0.01343300
v 0.00255700 -0.01276200 0.01345100
v 0.00297400 -0.01276400 0.01347700
v 0.00334000 -0.01276700 0.01351400
v 0.00053600 -0.01749500 0.01356100
v 0.00106400 -0.01749500 0.01356300
v 0.00157500 -0.01749600 0.01356900
v 0.00206100 -0.01749700 0.01357900
v 0.00251300 -0.01749800 0.01359700
v 0.00292400 -0.01750100 0.01362300
v 0.00328400 -0.01750400 0.01366000
v 0.00053300 -0.02171700 0.01356100
v 0.00105800 -0.02171700 0.01356300
v 0.00156600 -0.02171800 0.01356800
v 0.00204800 -0.02171900 0.01357900
v 0.00249800 -0.02172100 0.01359600
v 0.00290600 -0.02172300 0.01362200
v 0.00326300 -0.02172700 0.01365900
v 0.00053400 -0.02545800 0.01342500
v 0.00106000 -0.02545800 0.01342700
v 0.00156900 -0.02545900 0.01343200
v 0.00205300 -0.02546000 0.01344300
v 0.00250400 -0.02546200 0.01346000
v 0.00291200 -0.02546500 0.01348600
v 0.00327100 -0.02546900 0.01352200
v 0.00053900 -0.02874900 0.01316500
v 0.00106900 -0.02875000 0.01316700
v 0.00158300 -0.02875000 0.01317300
v 0.00207100 -0.02875200 0.01318300
v 0.00252500 -0.02875400 0.01320100
v 0.00293700 -0.02875700 0.01322700
v 0.00329800 -0.02876100 0.01326300
v -0.00665300 -0.04352400 0.00963200
v -0.00590400 -0.04244700 0.01015200
v -0.00534900 -0.04123600 0.01073000
v -0.00495600 -0.03985100 0.01133900
v -0.00469200 -0.03824900 0.01195200
v -0.00452700 -0.03638800 0.01254500
v -0.00442900 -0.03422800 0.01308900
v -0.00663800 -0.04351400 0.00951700
v -0.00589000 -0.04243400 0.01004000
v -0.00533700 -0.04122100 0.01062000
v -0.00494500 -0.03983400 0.01123100
v -0.00468200 -0.03823100 0.01184500
v -0.00451800 -0.03637100 0.01243800
v -0.00442000 -0.03421200 0.01298200
v -0.00658800 -0.04353100 0.00938900
v -0.00584600 -0.04244000 0.00991800
v -0.00529800 -0.04121800 0.01050500
v -0.00491200 -0.03982300 0.01112200
v -0.00465300 -0.03821700 0.01174000
v -0.00449000 -0.03635600 0.01233400
v -0.00439300 -0.03419700 0.01287800
v -0.00648700 -0.04358600 0.00923900
v -0.00575500 -0.04247500 0.00978200
v -0.00522000 -0.04123300 0.01038300
v -0.00484500 -0.03982300 0.01101100
v -0.00459400 -0.03820700 0.01163600
v -0.00443600 -0.03634200 0.01223400
v -0.00434100 -0.03418300 0.01278000
v -0.00631400 -0.04369400 0.00906100
v -0.00560100 -0.04254400 0.00962900
v -0.00508900 -0.04126900 0.01025400
v -0.00473400 -0.03983400 0.01090000
v -0.00449600 -0.03820300 0.01153700
v -0.00434500 -0.03633100 0.01214000
v -0.00425300 -0.03417000 0.01268800
v -0.00604300 -0.04386200 0.00885100
v -0.00536900 -0.04264300 0.00946500
v -0.00489400 -0.04131700 0.01012400
v -0.00456800 -0.03985100 0.01079300
v -0.00434900 -0.03820200 0.01144400
v -0.00420900 -0.03632200 0.01205400
v -0.00412200 -0.03415800 0.01260400
v -0.00564300 -0.04408500 0.00861200
v -0.00504000 -0.04275300 0.00930000
v -0.00462400 -0.04136500 0.01000400
v -0.00433800 -0.03986800 0.01069700
v -0.00414500 -0.03820200 0.01136200
v -0.00401900 -0.03631400 0.01197900
v -0.00393900 -0.03414800 0.01253100
v 0.00103800 0.05650600 0.00460200
v 0.00206000 0.05650600 0.00460400
v 0.00304900 0.05650600 0.00461000
v 0.00398900 0.05650700 0.00462300
v 0.00486400 0.05650700 0.00464300
v 0.00565800 0.05650800 0.00467400
v 0.00635500 0.05651000 0.00471600
v 0.00097700 0.04983500 0.00563100
v 0.00193800 0.04983500 0.00563300
v 0.00286900 0.04983500 0.00563900
v 0.00375400 0.04983500 0.00565100
v 0.00457700 0.04983600 0.00567200
v 0.00532400 0.04983600 0.00570200
v 0.00598000 0.04983700 0.00574400
v 0.00091200 0.04259000 0.00674600
v 0.00180900 0.04259000 0.00674800
v 0.00267900 0.04259000 0.00675400
v 0.00350500 0.04259000 0.00676600
v 0.00427400 0.04259000 0.00678600
v 0.00497100 0.04259000 0.00681500
v 0.00558300 0.04259100 0.00685700
v 0.00084600 0.03497300 0.00790000
v 0.00167900 0.03497300 0.00790200
v 0.00248500 0.03497300 0.00790800
v 0.00325200 0.03497300 0.00792000
v 0.00396500 0.03497300 0.00794000
v 0.00461300 0.03497300 0.00796900
v 0.00518100 0.03497300 0.00800900
v 0.00078200 0.02718900 0.00904700
v 0.00155100 0.02718900 0.00904900
v 0.00229600 0.02718900 0.00905500
v 0.00300500 0.02718800 0.00906700
v 0.00366400 0.02718800 0.00908600
v 0.00426200 0.02718800 0.00911400
v 0.00478700 0.02718700 0.00915400
v 0.00072100 0.01943800 0.01013900
v 0.00143100 0.01943800 0.01014200
v 0.00211900 0.01943800 0.01014700
v 0.00277200 0.01943800 0.01015900
v 0.00338100 0.01943700 0.01017700
v 0.00393200 0.01943700 0.01020500
v 0.00441600 0.01943600 0.01024400
v 0.00066700 0.01192500 0.01113100
v 0.00132400 0.01192500 0.01113300
v 0.00196000 0.01192500 0.01113900
v 0.00256400 0.01192500 0.01115000
v 0.00312700 0.01192400 0.01116800
v 0.00363700 0.01192300 0.01119600
v 0.00408500 0.01192100 0.01123400
v -0.00017600 0.12210900 0.00209700
v -0.00017800 0.12216600 0.00195300
v -0.00018200 0.12219800 0.00181300
v -0.00019200 0.12219600 0.00167700
v -0.00020700 0.12214600 0.00154700
v -0.00023000 0.12203600 0.00142400
v -0.00026200 0.12185600 0.00131000
v -0.00036100 0.12209800 0.00209600
v -0.00036400 0.12215400 0.00195200
v -0.00037400 0.12218700 0.00181200
v -0.00039200 0.12218400 0.00167600
v -0.00042100 0.12213400 0.00154700
v -0.00046600 0.12202500 0.00142400
v -0.00052800 0.12184600 0.00131100
v -0.00056500 0.12206700 0.00209400
v -0.00057000 0.12212300 0.00195000
v -0.00058300 0.12215600 0.00181000
v -0.00060800 0.12215300 0.00167500
v -0.00065000 0.12210400 0.00154600
v -0.00071200 0.12199600 0.00142500
v -0.00080100 0.12181800 0.00131300
v -0.00079800 0.12200700 0.00208900
v -0.00080400 0.12206300 0.00194600
v -0.00081900 0.12209500 0.00180700
v -0.00085000 0.12209200 0.00167300
v -0.00089900 0.12204400 0.00154500
v -0.00097600 0.12193800 0.00142700
v -0.00108500 0.12176400 0.00131700
v -0.00106900 0.12190900 0.00208200
v -0.00107600 0.12196300 0.00193900
v -0.00109200 0.12199400 0.00180100
v -0.00112400 0.12199200 0.00166800
v -0.00117800 0.12194500 0.00154400
v -0.00126100 0.12184300 0.00142900
v -0.00138200 0.12167700 0.00132300
v -0.00138800 0.12176200 0.00207200
v -0.00139400 0.12181400 0.00192900
v -0.00141000 0.12184500 0.00179100
v -0.00144100 0.12184400 0.00166100
v -0.00149200 0.12180000 0.00154000
v -0.00157200 0.12170600 0.00142900
v -0.00168900 0.12155500 0.00133000
v -0.00176400 0.12155600 0.00205700
v -0.00176900 0.12160700 0.00191500
v -0.00178300 0.12163700 0.00177700
v -0.00180800 0.12163700 0.00164800
v -0.00185100 0.12159900 0.00153000
v -0.00191300 0.12152000 0.00142500
v -0.00200100 0.12139600 0.00133400
v -0.01572100 -0.11450300 0.01273400
v -0.01814700 -0.11053800 0.01246900
v -0.02027300 -0.10609400 0.01217100
v -0.02209100 -0.10130500 0.01185100
v -0.02359700 -0.09630700 0.01151500
v -0.02478300 -0.09123500 0.01117500
v -0.02564400 -0.08622200 0.01083800
v -0.01572300 -0.11450700 0.01261700
v -0.01815000 -0.11054300 0.01235100
v -0.02027700 -0.10609900 0.01205300
v -0.02209700 -0.10131100 0.01173200
v -0.02360300 -0.09631300 0.01139700
v -0.02479000 -0.09124000 0.01105600
v -0.02565200 -0.08622800 0.01071900
v -0.01569300 -0.11447400 0.01247200
v -0.01811700 -0.11051500 0.01220500
v -0.02024000 -0.10607600 0.01190500
v -0.02205800 -0.10129300 0.01158200
v -0.02356400 -0.09630200 0.01124600
v -0.02475000 -0.09123500 0.01090400
v -0.02561100 -0.08622900 0.01056600
v -0.01561400 -0.11438400 0.01228500
v -0.01802700 -0.11043600 0.01201400
v -0.02014300 -0.10601000 0.01171200
v -0.02195400 -0.10124200 0.01138600
v -0.02345500 -0.09626500 0.01104600
v -0.02463800 -0.09121400 0.01070200
v -0.02549700 -0.08622400 0.01036300
v -0.01546900 -0.11421700 0.01204200
v -0.01786300 -0.11029000 0.01176600
v -0.01996400 -0.10588800 0.01145800
v -0.02176300 -0.10114500 0.01112700
v -0.02325500 -0.09619500 0.01078300
v -0.02443200 -0.09117200 0.01043500
v -0.02528700 -0.08620900 0.01009400
v -0.01524300 -0.11395400 0.01172900
v -0.01760700 -0.11005900 0.01144600
v -0.01968300 -0.10569400 0.01112900
v -0.02146300 -0.10099100 0.01079000
v -0.02294000 -0.09608300 0.01043800
v -0.02410600 -0.09110300 0.01008500
v -0.02495500 -0.08618400 0.00974100
v -0.01491900 -0.11357800 0.01133300
v -0.01724000 -0.10972900 0.01103800
v -0.01928000 -0.10541500 0.01070900
v -0.02103200 -0.10076800 0.01035900
v -0.02248800 -0.09592000 0.00999700
v -0.02363900 -0.09100200 0.00963700
v -0.02447700 -0.08614500 0.00928800
v 0.02564400 -0.08622200 0.01083800
v 0.02478300 -0.09123500 0.01117500
v 0.02359700 -0.09630700 0.01151500
v 0.02209100 -0.10130500 0.01185100
v 0.02027300 -0.10609400 0.01217100
v 0.01814700 -0.11053800 0.01246900
v 0.01572100 -0.11450300 0.01273400
v 0.02565200 -0.08622800 0.01071900
v 0.02479000 -0.09124000 0.01105600
v 0.02360300 -0.09631300 0.01139700
v 0.02209700 -0.10131100 0.01173200
v 0.02027700 -0.10609900 0.01205300
v 0.01815000 -0.11054300 0.01235100
v 0.01572300 -0.11450700 0.01261700
v 0.02561100 -0.08622900 0.01056600
v 0.02475000 -0.09123500 0.01090400
v 0.02356400 -0.09630200 0.01124600
v 0.02205800 -0.10129400 0.01158200
v 0.02024000 -0.10607600 0.01190500
v 0.01811700 -0.11051500 0.01220500
v 0.01569300 -0.11447400 0.01247200
v 0.02549700 -0.08622400 0.01036300
v 0.02463800 -0.09121400 0.01070200
v 0.02345500 -0.09626500 0.01104600
v 0.02195400 -0.10124200 0.01138600
v 0.02014300 -0.10601000 0.01171200
v 0.01802700 -0.11043600 0.01201400
v 0.01561400 -0.11438400 0.01228500
v 0.02528700 -0.08620900 0.01009400
v 0.02443200 -0.09117200 0.01043500
v 0.02325500 -0.09619500 0.01078300
v 0.02176300 -0.10114500 0.01112700
v 0.01996400 -0.10588800 0.01145800
v 0.01786300 -0.11029000 0.01176600
v 0.01546900 -0.11421700 0.01204200
v 0.02495500 -0.08618400 0.00974100
v 0.02410600 -0.09110300 0.01008500
v 0.02294000 -0.09608300 0.01043800
v 0.02146300 -0.10099100 0.01079000
v 0.01968300 -0.10569400 0.01112900
v 0.01760700 -0.11005900 0.01144600
v 0.01524300 -0.11395400 0.01172900
v 0.02447700 -0.08614500 0.00928800
v 0.02363900 -0.09100200 0.00963700
v 0.02248800 -0.09592000 0.00999700
v 0.02103200 -0.10076800 0.01035900
v 0.01928000 -0.10541500 0.01070900
v 0.01724000 -0.10972900 0.01103800
v 0.01491900 -0.11357800 0.01133300
v 0.01000200 -0.12047600 0.01313400
v 0.00678800 -0.12234900 0.01325900
v 0.00343000 -0.12347400 0.01333400
v -0.00000000 -0.12384800 0.01335900
v -0.00343000 -0.12347400 0.01333400
v -0.00678800 -0.12234900 0.01325900
v -0.01000200 -0.12047600 0.01313400
v 0.01000300 -0.12048000 0.01301700
v 0.00678900 -0.12235400 0.01314300
v 0.00343000 -0.12347800 0.01321800
v -0.00000000 -0.12385300 0.01324300
v -0.00343000 -0.12347800 0.01321800
v -0.00678900 -0.12235400 0.01314300
v -0.01000300 -0.12048000 0.01301700
v 0.00998300 -0.12044000 0.01287400
v 0.00677500 -0.12231100 0.01300100
v 0.00342300 -0.12343400 0.01307600
v -0.00000000 -0.12380800 0.01310200
v -0.00342300 -0.12343400 0.01307600
v -0.00677500 -0.12231100 0.01300100
v -0.00998300 -0.12044000 0.01287400
v 0.00993100 -0.12033200 0.01269200
v 0.00673900 -0.12219800 0.01282000
v 0.00340500 -0.12331700 0.01289700
v -0.00000000 -0.12369000 0.01292200
v -0.00340500 -0.12331700 0.01289700
v -0.00673900 -0.12219800 0.01282000
v -0.00993100 -0.12033200 0.01269200
v 0.00983600 -0.12013400 0.01245800
v 0.00667400 -0.12199000 0.01258800
v 0.00337200 -0.12310400 0.01266700
v -0.00000000 -0.12347500 0.01269300
v -0.00337200 -0.12310400 0.01266700
v -0.00667400 -0.12199000 0.01258800
v -0.00983600 -0.12013400 0.01245800
v 0.00968700 -0.11982300 0.01215800
v 0.00657200 -0.12166400 0.01229300
v 0.00332000 -0.12276900 0.01237300
v -0.00000000 -0.12313700 0.01240000
v -0.00332000 -0.12276900 0.01237300
v -0.00657200 -0.12166400 0.01229300
v -0.00968700 -0.11982300 0.01215800
v 0.00947500 -0.11937800 0.01178000
v 0.00642700 -0.12119700 0.01192000
v 0.00324700 -0.12228900 0.01200400
v -0.00000000 -0.12265200 0.01203200
v -0.00324700 -0.12228900 0.01200400
v -0.00642700 -0.12119700 0.01192000
v -0.00947500 -0.11937800 0.01178000
v -0.02636900 -0.07689600 0.01020900
v -0.02625200 -0.07271600 0.00992600
v -0.02584600 -0.06886600 0.00966500
v -0.02517600 -0.06534400 0.00942500
v -0.02426600 -0.06214900 0.00920700
v -0.02314200 -0.05928200 0.00901100
v -0.02182700 -0.05674100 0.00883600
v -0.02637700 -0.07690200 0.01009000
v -0.02626000 -0.07272200 0.00980700
v -0.02585400 -0.06887100 0.00954600
v -0.02518300 -0.06534800 0.00930700
v -0.02427300 -0.06215400 0.00908900
v -0.02314800 -0.05928600 0.00889300
v -0.02183200 -0.05674500 0.00871900
v -0.02633700 -0.07691500 0.00993800
v -0.02621900 -0.07274000 0.00965600
v -0.02581400 -0.06889500 0.00939600
v -0.02514400 -0.06537700 0.00915900
v -0.02423400 -0.06218700 0.00894300
v -0.02311000 -0.05932300 0.00874900
v -0.02179700 -0.05678600 0.00857700
v -0.02622200 -0.07693900 0.00973600
v -0.02610600 -0.07277900 0.00945600
v -0.02570200 -0.06894700 0.00920000
v -0.02503500 -0.06544200 0.00896600
v -0.02412900 -0.06226300 0.00875400
v -0.02300900 -0.05941000 0.00856400
v -0.02170100 -0.05688200 0.00839600
v -0.02601000 -0.07697900 0.00946800
v -0.02589500 -0.07284500 0.00919300
v -0.02549500 -0.06903700 0.00894100
v -0.02483300 -0.06555400 0.00871400
v -0.02393400 -0.06239700 0.00850900
v -0.02282300 -0.05956300 0.00832600
v -0.02152500 -0.05705200 0.00816400
v -0.02567500 -0.07703900 0.00911800
v -0.02556300 -0.07294400 0.00884800
v -0.02516800 -0.06917400 0.00860500
v -0.02451500 -0.06572700 0.00838700
v -0.02362700 -0.06260200 0.00819300
v -0.02253000 -0.05979800 0.00802100
v -0.02124800 -0.05731500 0.00786900
v -0.02519200 -0.07712100 0.00866900
v -0.02508500 -0.07308300 0.00840700
v -0.02469900 -0.06936700 0.00817600
v -0.02405800 -0.06597100 0.00797100
v -0.02318600 -0.06289400 0.00779200
v -0.02210900 -0.06013300 0.00763400
v -0.02085100 -0.05768800 0.00749700
v 0.02182700 -0.05674100 0.00883600
v 0.02314200 -0.05928200 0.00901100
v 0.02426600 -0.06214900 0.00920700
v 0.02517600 -0.06534400 0.00942500
v 0.02584600 -0.06886600 0.00966500
v 0.02625200 -0.07271600 0.00992600
v 0.02636900 -0.07689600 0.01020900
v 0.02183200 -0.05674500 0.00871900
v 0.02314800 -0.05928600 0.00889300
v 0.02427300 -0.06215400 0.00908900
v 0.02518300 -0.06534800 0.00930700
v 0.02585400 -0.06887100 0.00954600
v 0.02626000 -0.07272200 0.00980700
v 0.02637700 -0.07690200 0.01009000
v 0.02179700 -0.05678600 0.00857700
v 0.02311000 -0.05932300 0.00874900
v 0.02423400 -0.06218700 0.00894300
v 0.02514400 -0.06537700 0.00915900
v 0.02581400 -0.06889500 0.00939600
v 0.02621900 -0.07274000 0.00965600
v 0.02633700 -0.07691500 0.00993800
v 0.02170100 -0.05688200 0.00839600
v 0.02300900 -0.05941000 0.00856400
v 0.02412900 -0.06226300 0.00875400
v 0.02503500 -0.06544200 0.00896600
v 0.02570200 -0.06894700 0.00920000
v 0.02610600 -0.07277900 0.00945600
v 0.02622200 -0.07693900 0.00973600
v 0.02152500 -0.05705200 0.00816400
v 0.02282300 -0.05956300 0.00832600
v 0.02393400 -0.06239700 0.00850900
v 0.02483300 -0.06555400 0.00871400
v 0.02549500 -0.06903700 0.00894100
v 0.02589500 -0.07284500 0.00919300
v 0.02601000 -0.07697900 0.00946800
v 0.02124800 -0.05731500 0.00786900
v 0.02253000 -0.05979900 0.00802100
v 0.02362700 -0.06260200 0.00819300
v 0.02451500 -0.06572700 0.00838700
v 0.02516800 -0.06917400 0.00860500
v 0.02556300 -0.07294400 0.00884800
v 0.02567500 -0.07703900 0.00911800
v 0.02085100 -0.05768800 0.00749700
v 0.02210900 -0.06013300 0.00763400
v 0.02318600 -0.06289400 0.00779200
v 0.02405800 -0.06597100 0.00797100
v 0.02469900 -0.06936700 0.00817600
v 0.02508500 -0.07308300 0.00840700
v 0.02519200 -0.07712100 0.00866900
v -0.01873000 -0.05262900 0.00855500
v -0.01702100 -0.05101000 0.00846000
v -0.01527100 -0.04962200 0.00840800
v -0.01352800 -0.04841900 0.00841200
v -0.01184200 -0.04735200 0.00848100
v -0.01026300 -0.04637700 0.00862700
v -0.00884100 -0.04544500 0.00886200
v -0.01873300 -0.05263200 0.00843900
v -0.01702300 -0.05101300 0.00834300
v -0.01527100 -0.04962400 0.00829200
v -0.01352600 -0.04842000 0.00829500
v -0.01183700 -0.04735200 0.00836400
v -0.01025400 -0.04637500 0.00851000
v -0.00882900 -0.04544100 0.00874400
v -0.01870200 -0.05267900 0.00829900
v -0.01699400 -0.05106100 0.00820400
v -0.01524200 -0.04967300 0.00815300
v -0.01349400 -0.04846800 0.00815600
v -0.01180000 -0.04739800 0.00822500
v -0.01021100 -0.04641600 0.00837100
v -0.00878000 -0.04547500 0.00860700
v -0.01861900 -0.05279000 0.00812400
v -0.01691600 -0.05117700 0.00803200
v -0.01516700 -0.04979200 0.00798100
v -0.01341800 -0.04858600 0.00798500
v -0.01171600 -0.04751100 0.00805400
v -0.01011700 -0.04652100 0.00820100
v -0.00867700 -0.04556700 0.00844000
v -0.01846700 -0.05298800 0.00790300
v -0.01677600 -0.05138500 0.00781300
v -0.01503400 -0.05000400 0.00776500
v -0.01328400 -0.04879800 0.00777000
v -0.01157200 -0.04771700 0.00783900
v -0.00995800 -0.04671400 0.00798700
v -0.00850200 -0.04574000 0.00823000
v -0.01822900 -0.05329400 0.00762300
v -0.01655700 -0.05170600 0.00753900
v -0.01482900 -0.05033700 0.00749400
v -0.01308400 -0.04913500 0.00749900
v -0.01136400 -0.04805100 0.00756700
v -0.00972700 -0.04703300 0.00771400
v -0.00823600 -0.04602900 0.00796100
v -0.01788900 -0.05373100 0.00727400
v -0.01624600 -0.05216700 0.00719600
v -0.01454200 -0.05081500 0.00715500
v -0.01281200 -0.04962700 0.00716000
v -0.01109300 -0.04855000 0.00722400
v -0.00942800 -0.04752500 0.00736600
v -0.00787000 -0.04648600 0.00761200
v 0.00884100 -0.04544500 0.00886200
v 0.01026300 -0.04637700 0.00862700
v 0.01184200 -0.04735200 0.00848100
v 0.01352800 -0.04841900 0.00841200
v 0.01527100 -0.04962200 0.00840800
v 0.01702100 -0.05101000 0.00846000
v 0.01873000 -0.05262900 0.00855500
v 0.00882900 -0.04544100 0.00874400
v 0.01025400 -0.04637500 0.00851000
v 0.01183700 -0.04735200 0.00836400
v 0.01352600 -0.04842000 0.00829500
v 0.01527100 -0.04962400 0.00829200
v 0.01702300 -0.05101300 0.00834300
v 0.01873300 -0.05263200 0.00843900
v 0.00878000 -0.04547500 0.00860700
v 0.01021100 -0.04641600 0.00837100
v 0.01180000 -0.04739800 0.00822500
v 0.01349400 -0.04846800 0.00815600
v 0.01524200 -0.04967300 0.00815300
v 0.01699400 -0.05106100 0.00820400
v 0.01870200 -0.05267900 0.00829900
v 0.00867700 -0.04556700 0.00844000
v 0.01011700 -0.04652100 0.00820100
v 0.01171600 -0.04751100 0.00805400
v 0.01341800 -0.04858600 0.00798500
v 0.01516700 -0.04979200 0.00798100
v 0.01691600 -0.05117700 0.00803200
v 0.01861900 -0.05279000 0.00812400
v 0.00850200 -0.04574000 0.00823000
v 0.00995800 -0.04671400 0.00798700
v 0.01157200 -0.04771700 0.00783900
v 0.01328400 -0.04879800 0.00777000
v 0.01503400 -0.05000400 0.00776500
v 0.01677600 -0.05138500 0.00781300
v 0.01846700 -0.05298800 0.00790300
v 0.00823600 -0.04602900 0.00796100
v 0.00972700 -0.04703300 0.00771400
v 0.01136400 -0.04805100 0.00756700
v 0.01308400 -0.04913500 0.00749900
v 0.01482900 -0.05033700 0.00749400
v 0.01655700 -0.05170700 0.00753900
v 0.01823000 -0.05329400 0.00762300
v 0.00787000 -0.04648600 0.00761200
v 0.00942800 -0.04752500 0.00736600
v 0.01109300 -0.04855000 0.00722400
v 0.01281200 -0.04962700 0.00716000
v 0.01454200 -0.05081500 0.00715500
v 0.01624600 -0.05216700 0.00719600
v 0.01788900 -0.05373100 0.00727400
v -0.00650600 0.11724500 0.00179600
v -0.00587400 0.11804800 0.00183600
v -0.00522100 0.11877600 0.00187600
v -0.00456300 0.11942900 0.00191400
v -0.00391600 0.12000700 0.00195000
v -0.00329700 0.12050900 0.00198400
v -0.00272200 0.12093500 0.00201300
v -0.00649100 0.11725600 0.00164900
v -0.00586100 0.11806400 0.00168900
v -0.00521000 0.11879900 0.00172900
v -0.00455400 0.11945800 0.00176800
v -0.00391000 0.12004200 0.00180600
v -0.00329500 0.12054900 0.00184000
v -0.00272300 0.12097900 0.00187000
v -0.00645100 0.11726600 0.00150600
v -0.00582500 0.11808000 0.00154700
v -0.00517900 0.11881900 0.00158800
v -0.00453000 0.11948300 0.00162800
v -0.00389500 0.12006900 0.00166600
v -0.00328800 0.12057800 0.00170100
v -0.00272400 0.12100800 0.00173200
v -0.00637300 0.11727500 0.00137000
v -0.00575500 0.11809400 0.00141200
v -0.00512000 0.11883700 0.00145300
v -0.00448400 0.11950200 0.00149500
v -0.00386500 0.12008600 0.00153400
v -0.00327500 0.12059100 0.00157100
v -0.00272700 0.12101600 0.00160400
v -0.00624400 0.11728400 0.00124400
v -0.00564000 0.11810600 0.00128600
v -0.00502200 0.11885100 0.00132900
v -0.00440700 0.11951400 0.00137100
v -0.00381300 0.12009100 0.00141300
v -0.00325100 0.12058500 0.00145300
v -0.00273000 0.12099800 0.00148700
v -0.00605100 0.11729200 0.00112900
v -0.00546800 0.11811700 0.00117200
v -0.00487400 0.11886300 0.00121600
v -0.00428800 0.11952200 0.00126000
v -0.00372700 0.12009000 0.00130500
v -0.00320300 0.12056800 0.00134700
v -0.00272400 0.12096000 0.00138400
v -0.00578200 0.11729800 0.00102900
v -0.00522700 0.11812700 0.00107200
v -0.00466400 0.11887300 0.00111700
v -0.00411200 0.11952900 0.00116400
v -0.00359000 0.12008900 0.00121100
v -0.00311300 0.12055000 0.00125800
v -0.00269200 0.12091600 0.00129900
v -0.00431700 -0.02884200 0.01393200
v -0.00428200 -0.02554200 0.01419300
v -0.00427300 -0.02179400 0.01433000
v -0.00430000 -0.01756500 0.01433400
v -0.00437400 -0.01282200 0.01419100
v -0.00450600 -0.00753400 0.01389100
v -0.00470600 -0.00166700 0.01342100
v -0.00430800 -0.02882900 0.01382400
v -0.00427300 -0.02553000 0.01408500
v -0.00426300 -0.02178300 0.01422200
v -0.00429000 -0.01755500 0.01422500
v -0.00436400 -0.01281300 0.01408200
v -0.00449500 -0.00752600 0.01378100
v -0.00469500 -0.00166000 0.01331100
v -0.00428100 -0.02881600 0.01372000
v -0.00424600 -0.02551900 0.01398100
v -0.00423700 -0.02177300 0.01411800
v -0.00426300 -0.01754500 0.01412000
v -0.00433700 -0.01280500 0.01397700
v -0.00446700 -0.00751800 0.01367500
v -0.00466600 -0.00165300 0.01320400
v -0.00423000 -0.02880400 0.01362100
v -0.00419500 -0.02550800 0.01388100
v -0.00418500 -0.02176300 0.01401900
v -0.00421200 -0.01753600 0.01402100
v -0.00428400 -0.01279700 0.01387600
v -0.00441300 -0.00751100 0.01357400
v -0.00460900 -0.00164700 0.01310200
v -0.00414400 -0.02879300 0.01352900
v -0.00411000 -0.02549800 0.01378900
v -0.00410100 -0.02175400 0.01392600
v -0.00412600 -0.01752800 0.01392800
v -0.00419700 -0.01278900 0.01378300
v -0.00432400 -0.00750400 0.01348000
v -0.00451600 -0.00164100 0.01300700
v -0.00401700 -0.02878300 0.01344600
v -0.00398300 -0.02548900 0.01370600
v -0.00397400 -0.02174500 0.01384200
v -0.00399900 -0.01752000 0.01384400
v -0.00406800 -0.01278200 0.01369900
v -0.00419000 -0.00749800 0.01339500
v -0.00437600 -0.00163600 0.01292200
v -0.00383800 -0.02877400 0.01337200
v -0.00380600 -0.02548100 0.01363200
v -0.00379700 -0.02173800 0.01376900
v -0.00382100 -0.01751400 0.01377000
v -0.00388700 -0.01277600 0.01362500
v -0.00400400 -0.00749300 0.01332100
v -0.00418200 -0.00163100 0.01284600
v -0.00993600 0.10871500 0.00150300
v -0.00965600 0.10990900 0.00153700
v -0.00933900 0.11108500 0.00157200
v -0.00898200 0.11223300 0.00160700
v -0.00858300 0.11334500 0.00164300
v -0.00813800 0.11441100 0.00168000
v -0.00764500 0.11542200 0.00171800
v -0.00991300 0.10870600 0.00135800
v -0.00963400 0.10990100 0.00139200
v -0.00931800 0.11107700 0.00142600
v -0.00896200 0.11222600 0.00146100
v -0.00856300 0.11333900 0.00149600
v -0.00811900 0.11440800 0.00153200
v -0.00762700 0.11542300 0.00157000
v -0.00985200 0.10869800 0.00121800
v -0.00957500 0.10989200 0.00125100
v -0.00926000 0.11106900 0.00128400
v -0.00890600 0.11221900 0.00131900
v -0.00851000 0.11333400 0.00135400
v -0.00806900 0.11440500 0.00139000
v -0.00758000 0.11542300 0.00142700
v -0.00973200 0.10868900 0.00108400
v -0.00945800 0.10988400 0.00111700
v -0.00914800 0.11106200 0.00115000
v -0.00879800 0.11221300 0.00118400
v -0.00840700 0.11333000 0.00121800
v -0.00797100 0.11440300 0.00125400
v -0.00748800 0.11542400 0.00129100
v -0.00953500 0.10868100 0.00096000
v -0.00926600 0.10987700 0.00099200
v -0.00896200 0.11105500 0.00102500
v -0.00862000 0.11220700 0.00105800
v -0.00823600 0.11332500 0.00109200
v -0.00780900 0.11440000 0.00112800
v -0.00733600 0.11542400 0.00116500
v -0.00924100 0.10867400 0.00084800
v -0.00898000 0.10987000 0.00087900
v -0.00868500 0.11104900 0.00091100
v -0.00835400 0.11220200 0.00094400
v -0.00798200 0.11332100 0.00097800
v -0.00756800 0.11439800 0.00101300
v -0.00711000 0.11542500 0.00105000
v -0.00883000 0.10866800 0.00074900
v -0.00858100 0.10986400 0.00078000
v -0.00829900 0.11104300 0.00081100
v -0.00798200 0.11219700 0.00084400
v -0.00762700 0.11331800 0.00087700
v -0.00723200 0.11439600 0.00091200
v -0.00679300 0.11542500 0.00094900
v 0.00036000 0.12123600 0.00111500
v 0.00071800 0.12122900 0.00111600
v 0.00107500 0.12120900 0.00112100
v 0.00142900 0.12117000 0.00112900
v 0.00177600 0.12110800 0.00114400
v 0.00210300 0.12103000 0.00116400
v 0.00238900 0.12094900 0.00119300
v 0.00042400 0.12078900 0.00103300
v 0.00084400 0.12078400 0.00103500
v 0.00125800 0.12076900 0.00104000
v 0.00166200 0.12074000 0.00105100
v 0.00204900 0.12069400 0.00106800
v 0.00240700 0.12063900 0.00109500
v 0.00271800 0.12058600 0.00113300
v 0.00049600 0.12025500 0.00096100
v 0.00098600 0.12025100 0.00096300
v 0.00146400 0.12024100 0.00097000
v 0.00192500 0.12022200 0.00098200
v 0.00236200 0.12019200 0.00100200
v 0.00276100 0.12015600 0.00103200
v 0.00310800 0.12012200 0.00107500
v 0.00057300 0.11963700 0.00089700
v 0.00113800 0.11963500 0.00090000
v 0.00168700 0.11962900 0.00090700
v 0.00221200 0.11961800 0.00092000
v 0.00270500 0.11960000 0.00094200
v 0.00315300 0.11957900 0.00097500
v 0.00354500 0.11955800 0.00102100
v 0.00065300 0.11893900 0.00084100
v 0.00129600 0.11893800 0.00084400
v 0.00191900 0.11893500 0.00085100
v 0.00251300 0.11892900 0.00086500
v 0.00306800 0.11892000 0.00088800
v 0.00357100 0.11890900 0.00092200
v 0.00401200 0.11889600 0.00097000
v 0.00073300 0.11816500 0.00079100
v 0.00145500 0.11816500 0.00079300
v 0.00215400 0.11816300 0.00080100
v 0.00281900 0.11816100 0.00081500
v 0.00343800 0.11815600 0.00083900
v 0.00400000 0.11815100 0.00087400
v 0.00449300 0.11814400 0.00092300
v 0.00081100 0.11731900 0.00074500
v 0.00161000 0.11731900 0.00074800
v 0.00238400 0.11731800 0.00075500
v 0.00311900 0.11731700 0.00077000
v 0.00380300 0.11731500 0.00079400
v 0.00442400 0.11731300 0.00082900
v 0.00496900 0.11730900 0.00087900
v 0.00114100 0.06746600 0.00509200
v 0.00226400 0.06746600 0.00509000
v 0.00335100 0.06746600 0.00508300
v 0.00438500 0.06746500 0.00507000
v 0.00534700 0.06746400 0.00504900
v 0.00622000 0.06746300 0.00501800
v 0.00698600 0.06746100 0.00497400
v 0.00118100 0.07159300 0.00454100
v 0.00234400 0.07159300 0.00453900
v 0.00346900 0.07159200 0.00453200
v 0.00454000 0.07159200 0.00451900
v 0.00553600 0.07159100 0.00449800
v 0.00643900 0.07158900 0.00446600
v 0.00723200 0.07158700 0.00442200
v 0.00121500 0.07498500 0.00412100
v 0.00241100 0.07498500 0.00411800
v 0.00356800 0.07498400 0.00411200
v 0.00466900 0.07498400 0.00409900
v 0.00569400 0.07498300 0.00407700
v 0.00662300 0.07498100 0.00404500
v 0.00743800 0.07497800 0.00400100
v 0.00124300 0.07776700 0.00380900
v 0.00246700 0.07776600 0.00380700
v 0.00365100 0.07776600 0.00380000
v 0.00477700 0.07776500 0.00378700
v 0.00582600 0.07776400 0.00376500
v 0.00677600 0.07776200 0.00373300
v 0.00761100 0.07776000 0.00368800
v 0.00126700 0.08006200 0.00358400
v 0.00251300 0.08006200 0.00358200
v 0.00372000 0.08006100 0.00357500
v 0.00486800 0.08006000 0.00356200
v 0.00593600 0.08005900 0.00354000
v 0.00690500 0.08005700 0.00350800
v 0.00775500 0.08005400 0.00346300
v 0.00128600 0.08199400 0.00342400
v 0.00255200 0.08199400 0.00342200
v 0.00377800 0.08199400 0.00341500
v 0.00494400 0.08199300 0.00340200
v 0.00602900 0.08199200 0.00338000
v 0.00701300 0.08199000 0.00334800
v 0.00787600 0.08198700 0.00330300
v 0.00130300 0.08368900 0.00330700
v 0.00258600 0.08368800 0.00330500
v 0.00382800 0.08368800 0.00329800
v 0.00500900 0.08368700 0.00328500
v 0.00610800 0.08368600 0.00326300
v 0.00710500 0.08368400 0.00323100
v 0.00798000 0.08368100 0.00318500
v 0.00123900 0.10879900 0.00283000
v 0.00245900 0.10879800 0.00282700
v 0.00364000 0.10879800 0.00282000
v 0.00476300 0.10879700 0.00280600
v 0.00580800 0.10879600 0.00278200
v 0.00675600 0.10879300 0.00274700
v 0.00758700 0.10879000 0.00269900
v 0.00120400 0.10998900 0.00287100
v 0.00239000 0.10998900 0.00286800
v 0.00353700 0.10998800 0.00286100
v 0.00462800 0.10998700 0.00284600
v 0.00564400 0.10998600 0.00282300
v 0.00656500 0.10998400 0.00278800
v 0.00737300 0.10998100 0.00273900
v 0.00116500 0.11115800 0.00291100
v 0.00231100 0.11115800 0.00290800
v 0.00342100 0.11115800 0.00290100
v 0.00447700 0.11115700 0.00288700
v 0.00545900 0.11115600 0.00286300
v 0.00635000 0.11115400 0.00282800
v 0.00713100 0.11115100 0.00277900
v 0.00112000 0.11229600 0.00295100
v 0.00222300 0.11229600 0.00294900
v 0.00329100 0.11229600 0.00294100
v 0.00430500 0.11229500 0.00292700
v 0.00525000 0.11229400 0.00290300
v 0.00610700 0.11229200 0.00286800
v 0.00685900 0.11229000 0.00281800
v 0.00107000 0.11339200 0.00299100
v 0.00212400 0.11339200 0.00298900
v 0.00314400 0.11339200 0.00298100
v 0.00411400 0.11339100 0.00296700
v 0.00501700 0.11339000 0.00294300
v 0.00583600 0.11338900 0.00290700
v 0.00655400 0.11338700 0.00285800
v 0.00101500 0.11443600 0.00303100
v 0.00201400 0.11443600 0.00302800
v 0.00298100 0.11443600 0.00302100
v 0.00390100 0.11443500 0.00300600
v 0.00475700 0.11443500 0.00298200
v 0.00553300 0.11443400 0.00294700
v 0.00621400 0.11443300 0.00289700
v 0.00095300 0.11541700 0.00307000
v 0.00189200 0.11541700 0.00306700
v 0.00280100 0.11541700 0.00306000
v 0.00366400 0.11541700 0.00304500
v 0.00446800 0.11541700 0.00302200
v 0.00519800 0.11541700 0.00298600
v 0.00583800 0.11541700 0.00293600
v 0.00130300 0.08354700 0.00111400
v 0.00258600 0.08354700 0.00111600
v 0.00382800 0.08354700 0.00112300
v 0.00500900 0.08354800 0.00113600
v 0.00610800 0.08355000 0.00115800
v 0.00710500 0.08355200 0.00119000
v 0.00798000 0.08355500 0.00123600
v 0.00128600 0.08185700 0.00123800
v 0.00255200 0.08185700 0.00124100
v 0.00377800 0.08185800 0.00124700
v 0.00494400 0.08185900 0.00126000
v 0.00602900 0.08186000 0.00128200
v 0.00701300 0.08186200 0.00131500
v 0.00787600 0.08186500 0.00136000
v 0.00126700 0.07993000 0.00140700
v 0.00251300 0.07993000 0.00140900
v 0.00372000 0.07993000 0.00141600
v 0.00486800 0.07993100 0.00142900
v 0.00593600 0.07993200 0.00145100
v 0.00690500 0.07993400 0.00148300
v 0.00775500 0.07993700 0.00152800
v 0.00124300 0.07764100 0.00164300
v 0.00246700 0.07764100 0.00164500
v 0.00365100 0.07764200 0.00165200
v 0.00477700 0.07764200 0.00166500
v 0.00582600 0.07764400 0.00168600
v 0.00677600 0.07764500 0.00171800
v 0.00761100 0.07764800 0.00176300
v 0.00121500 0.07486700 0.00196800
v 0.00241100 0.07486700 0.00197000
v 0.00356800 0.07486800 0.00197700
v 0.00466900 0.07486900 0.00199000
v 0.00569400 0.07487000 0.00201100
v 0.00662300 0.07487100 0.00204300
v 0.00743800 0.07487400 0.00208800
v 0.00118100 0.07148500 0.00240500
v 0.00234400 0.07148500 0.00240700
v 0.00346900 0.07148600 0.00241400
v 0.00454000 0.07148600 0.00242700
v 0.00553600 0.07148700 0.00244800
v 0.00643900 0.07148900 0.00248000
v 0.00723200 0.07149100 0.00252400
v 0.00114100 0.06737100 0.00297700
v 0.00226400 0.06737100 0.00297900
v 0.00335100 0.06737100 0.00298500
v 0.00438500 0.06737200 0.00299800
v 0.00534700 0.06737300 0.00301900
v 0.00622000 0.06737400 0.00305100
v 0.00698600 0.06737600 0.00309400
v -0.00832200 0.05653300 0.00550300
v -0.00830300 0.05653000 0.00537700
v -0.00825200 0.05652600 0.00525400
v -0.00815200 0.05652200 0.00513800
v -0.00798600 0.05651900 0.00502900
v -0.00774000 0.05651600 0.00493100
v -0.00739500 0.05651300 0.00484500
v -0.00783100 0.04985300 0.00651700
v -0.00781300 0.04985000 0.00639300
v -0.00776500 0.04984800 0.00627300
v -0.00767000 0.04984600 0.00615800
v -0.00751500 0.04984300 0.00605200
v -0.00728300 0.04984100 0.00595500
v -0.00695900 0.04984000 0.00587000
v -0.00731200 0.04259800 0.00761700
v -0.00729500 0.04259700 0.00749400
v -0.00725000 0.04259600 0.00737600
v -0.00716200 0.04259500 0.00726400
v -0.00701600 0.04259400 0.00715900
v -0.00680000 0.04259300 0.00706400
v -0.00649700 0.04259200 0.00698100
v -0.00678400 0.03497200 0.00875500
v -0.00676900 0.03497200 0.00863500
v -0.00672700 0.03497200 0.00851900
v -0.00664500 0.03497200 0.00840800
v -0.00651000 0.03497300 0.00830600
v -0.00630900 0.03497300 0.00821300
v -0.00602900 0.03497300 0.00813100
v -0.00626800 0.02717700 0.00988500
v -0.00625400 0.02717900 0.00976800
v -0.00621500 0.02718000 0.00965400
v -0.00614000 0.02718200 0.00954600
v -0.00601500 0.02718300 0.00944500
v -0.00583000 0.02718400 0.00935400
v -0.00557000 0.02718600 0.00927300
v -0.00578400 0.01941600 0.01096200
v -0.00577000 0.01942000 0.01084700
v -0.00573500 0.01942300 0.01073500
v -0.00566500 0.01942500 0.01062900
v -0.00555000 0.01942800 0.01053000
v -0.00537900 0.01943000 0.01044000
v -0.00514000 0.01943300 0.01036200
v -0.00534900 0.01189400 0.01194000
v -0.00533700 0.01189800 0.01182600
v -0.00530400 0.01190200 0.01171700
v -0.00524000 0.01190600 0.01161200
v -0.00513300 0.01191000 0.01151500
v -0.00497500 0.01191400 0.01142700
v -0.00475400 0.01191700 0.01134900
v -0.01107000 0.09872900 0.00134700
v -0.01102500 0.10006400 0.00133700
v -0.01095400 0.10136200 0.00134000
v -0.01085700 0.10262900 0.00135300
v -0.01073200 0.10387100 0.00137500
v -0.01057800 0.10509500 0.00140300
v -0.01039500 0.10630700 0.00143400
v -0.01104400 0.09871900 0.00120700
v -0.01099900 0.10005400 0.00119700
v -0.01092900 0.10135200 0.00119900
v -0.01083200 0.10261900 0.00121200
v -0.01070700 0.10386200 0.00123300
v -0.01055400 0.10508600 0.00126000
v -0.01037200 0.10629800 0.00129100
v -0.01097600 0.09870900 0.00107200
v -0.01093100 0.10004400 0.00106100
v -0.01086100 0.10134200 0.00106300
v -0.01076500 0.10260900 0.00107500
v -0.01064100 0.10385200 0.00109500
v -0.01048900 0.10507600 0.00112200
v -0.01030700 0.10628800 0.00115200
v -0.01084200 0.09869900 0.00094400
v -0.01079800 0.10003400 0.00093200
v -0.01072900 0.10133200 0.00093300
v -0.01063400 0.10260000 0.00094500
v -0.01051200 0.10384300 0.00096400
v -0.01036100 0.10506700 0.00099000
v -0.01018200 0.10628000 0.00102000
v -0.01062300 0.09869000 0.00082400
v -0.01057900 0.10002500 0.00081200
v -0.01051200 0.10132400 0.00081300
v -0.01041800 0.10259100 0.00082400
v -0.01029800 0.10383400 0.00084300
v -0.01015100 0.10505900 0.00086800
v -0.00997600 0.10627100 0.00089700
v -0.01029500 0.09868200 0.00071600
v -0.01025300 0.10001700 0.00070400
v -0.01018700 0.10131600 0.00070400
v -0.01009700 0.10258300 0.00071400
v -0.00998000 0.10382700 0.00073200
v -0.00983800 0.10505100 0.00075700
v -0.00966800 0.10626400 0.00078600
v -0.00983700 0.09867500 0.00062100
v -0.00979700 0.10001000 0.00060800
v -0.00973400 0.10130900 0.00060800
v -0.00964800 0.10257700 0.00061700
v -0.00953700 0.10382000 0.00063500
v -0.00940000 0.10504500 0.00066000
v -0.00923800 0.10625700 0.00068800
v 0.00095300 0.11542600 0.00066500
v 0.00189200 0.11542600 0.00066800
v 0.00280100 0.11542600 0.00067500
v 0.00366400 0.11542600 0.00069000
v 0.00446800 0.11542600 0.00071300
v 0.00519800 0.11542600 0.00074900
v 0.00583800 0.11542600 0.00079900
v 0.00101500 0.11439100 0.00062800
v 0.00201400 0.11439100 0.00063100
v 0.00298100 0.11439100 0.00063900
v 0.00390100 0.11439200 0.00065300
v 0.00475700 0.11439200 0.00067700
v 0.00553300 0.11439300 0.00071300
v 0.00621400 0.11439400 0.00076200
v 0.00107000 0.11330800 0.00059400
v 0.00212400 0.11330800 0.00059700
v 0.00314400 0.11330800 0.00060400
v 0.00411400 0.11330900 0.00061900
v 0.00501700 0.11330900 0.00064200
v 0.00583600 0.11331100 0.00067800
v 0.00655400 0.11331200 0.00072800
v 0.00112000 0.11218400 0.00056100
v 0.00222300 0.11218400 0.00056400
v 0.00329100 0.11218400 0.00057100
v 0.00430500 0.11218500 0.00058600
v 0.00525000 0.11218600 0.00061000
v 0.00610700 0.11218800 0.00064500
v 0.00685900 0.11219000 0.00069400
v 0.00116500 0.11102800 0.00053000
v 0.00231100 0.11102800 0.00053300
v 0.00342100 0.11102800 0.00054000
v 0.00447700 0.11102900 0.00055400
v 0.00545900 0.11103000 0.00057800
v 0.00635000 0.11103200 0.00061300
v 0.00713100 0.11103500 0.00066300
v 0.00120400 0.10984700 0.00050000
v 0.00239000 0.10984700 0.00050200
v 0.00353700 0.10984800 0.00051000
v 0.00462800 0.10984900 0.00052400
v 0.00564400 0.10985000 0.00054700
v 0.00656500 0.10985200 0.00058300
v 0.00737300 0.10985500 0.00063200
v 0.00123900 0.10865100 0.00047000
v 0.00245900 0.10865100 0.00047300
v 0.00364000 0.10865100 0.00048000
v 0.00476300 0.10865200 0.00049400
v 0.00580800 0.10865400 0.00051800
v 0.00675600 0.10865600 0.00055300
v 0.00758700 0.10865900 0.00060100
v 0.00138300 0.09585200 0.00042400
v 0.00274400 0.09585200 0.00042700
v 0.00406100 0.09585300 0.00043400
v 0.00531400 0.09585400 0.00044700
v 0.00648000 0.09585600 0.00047000
v 0.00753800 0.09585800 0.00050300
v 0.00846600 0.09586200 0.00055000
v 0.00138000 0.09438600 0.00048200
v 0.00273800 0.09438600 0.00048500
v 0.00405200 0.09438700 0.00049200
v 0.00530200 0.09438800 0.00050500
v 0.00646600 0.09438900 0.00052800
v 0.00752100 0.09439200 0.00056100
v 0.00844700 0.09439500 0.00060700
v 0.00137400 0.09288500 0.00055300
v 0.00272700 0.09288500 0.00055500
v 0.00403600 0.09288600 0.00056200
v 0.00528100 0.09288700 0.00057600
v 0.00644000 0.09288900 0.00059800
v 0.00749100 0.09289100 0.00063100
v 0.00841300 0.09289400 0.00067700
v 0.00136600 0.09135800 0.00063300
v 0.00271100 0.09135800 0.00063500
v 0.00401300 0.09135800 0.00064200
v 0.00525100 0.09135900 0.00065600
v 0.00640400 0.09136100 0.00067800
v 0.00744900 0.09136300 0.00071100
v 0.00836600 0.09136700 0.00075700
v 0.00135700 0.08981000 0.00072100
v 0.00269200 0.08981000 0.00072300
v 0.00398500 0.08981100 0.00073000
v 0.00521400 0.08981200 0.00074400
v 0.00635800 0.08981300 0.00076600
v 0.00739600 0.08981600 0.00079900
v 0.00830600 0.08981900 0.00084500
v 0.00134500 0.08825000 0.00081500
v 0.00266900 0.08825000 0.00081700
v 0.00395200 0.08825100 0.00082400
v 0.00517000 0.08825200 0.00083700
v 0.00630500 0.08825300 0.00085900
v 0.00733400 0.08825600 0.00089200
v 0.00823700 0.08825900 0.00093800
v 0.00133200 0.08668500 0.00091200
v 0.00264400 0.08668500 0.00091500
v 0.00391400 0.08668600 0.00092100
v 0.00512100 0.08668700 0.00093500
v 0.00624500 0.08668800 0.00095700
v 0.00726400 0.08669000 0.00098900
v 0.00815800 0.08669300 0.00103500
v -0.01108700 0.09592600 0.00141100
v -0.01106100 0.09591600 0.00127200
v -0.01099300 0.09590600 0.00113800
v -0.01085900 0.09589600 0.00101100
v -0.01063900 0.09588700 0.00089300
v -0.01031100 0.09587900 0.00078500
v -0.00985200 0.09587200 0.00069100
v -0.01106200 0.09445900 0.00146500
v -0.01103700 0.09444900 0.00132700
v -0.01096800 0.09443900 0.00119400
v -0.01083500 0.09442900 0.00106700
v -0.01061500 0.09442100 0.00094900
v -0.01028800 0.09441300 0.00084200
v -0.00983000 0.09440600 0.00074800
v -0.01101800 0.09295700 0.00153200
v -0.01099200 0.09294700 0.00139400
v -0.01092400 0.09293700 0.00126100
v -0.01079200 0.09292800 0.00113500
v -0.01057300 0.09291900 0.00101700
v -0.01024600 0.09291200 0.00091100
v -0.00979100 0.09290500 0.00081700
v -0.01095600 0.09142800 0.00160900
v -0.01093100 0.09141800 0.00147200
v -0.01086300 0.09140900 0.00133900
v -0.01073100 0.09140000 0.00121300
v -0.01051300 0.09139100 0.00109600
v -0.01018900 0.09138300 0.00099000
v -0.00973600 0.09137700 0.00089600
v -0.01087800 0.08987900 0.00169300
v -0.01085300 0.08987000 0.00155700
v -0.01078600 0.08986000 0.00142500
v -0.01065500 0.08985100 0.00129900
v -0.01043900 0.08984300 0.00118200
v -0.01011600 0.08983500 0.00107600
v -0.00966700 0.08982900 0.00098400
v -0.01078700 0.08831800 0.00178400
v -0.01076200 0.08830800 0.00164800
v -0.01069500 0.08829900 0.00151600
v -0.01056600 0.08829000 0.00139100
v -0.01035100 0.08828200 0.00127500
v -0.01003200 0.08827500 0.00116900
v -0.00958600 0.08826800 0.00107600
v -0.01068400 0.08675100 0.00187800
v -0.01066000 0.08674200 0.00174300
v -0.01059400 0.08673300 0.00161200
v -0.01046500 0.08672400 0.00148700
v -0.01025300 0.08671600 0.00137100
v -0.00993600 0.08670900 0.00126500
v -0.00949400 0.08670300 0.00117300
v 0.01045000 0.08360900 0.00207400
v 0.01031400 0.08191700 0.00219500
v 0.01015500 0.07998800 0.00236000
v 0.00996700 0.07769600 0.00259100
v 0.00974100 0.07491900 0.00291000
v 0.00947100 0.07153200 0.00334000
v 0.00914800 0.06741300 0.00390200
v 0.01042700 0.08360000 0.00193900
v 0.01029000 0.08190900 0.00206100
v 0.01013200 0.07997900 0.00222600
v 0.00994400 0.07768800 0.00245800
v 0.00971900 0.07491200 0.00277800
v 0.00944900 0.07152600 0.00320900
v 0.00912700 0.06740700 0.00377300
v 0.01036200 0.08359200 0.00180900
v 0.01022700 0.08190100 0.00193100
v 0.01006900 0.07997200 0.00209700
v 0.00988200 0.07768100 0.00232900
v 0.00965900 0.07490500 0.00265000
v 0.00939000 0.07151900 0.00308200
v 0.00907100 0.06740100 0.00364700
v 0.01023600 0.08358400 0.00168500
v 0.01010200 0.08189300 0.00180700
v 0.00994700 0.07996400 0.00197400
v 0.00976200 0.07767400 0.00220700
v 0.00954100 0.07489800 0.00252800
v 0.00927600 0.07151300 0.00296100
v 0.00896100 0.06739600 0.00352700
v 0.01002800 0.08357600 0.00156900
v 0.00989800 0.08188600 0.00169200
v 0.00974500 0.07995700 0.00185900
v 0.00956400 0.07766700 0.00209300
v 0.00934800 0.07489200 0.00241500
v 0.00908800 0.07150700 0.00284900
v 0.00877900 0.06739100 0.00341600
v 0.00971900 0.08356900 0.00146500
v 0.00959200 0.08187900 0.00158800
v 0.00944400 0.07995100 0.00175500
v 0.00926900 0.07766100 0.00198900
v 0.00905900 0.07488600 0.00231200
v 0.00880800 0.07150200 0.00274700
v 0.00850800 0.06738600 0.00331500
v 0.00928700 0.08356300 0.00137300
v 0.00916500 0.08187300 0.00149600
v 0.00902400 0.07994500 0.00166400
v 0.00885700 0.07765600 0.00189900
v 0.00865600 0.07488100 0.00222200
v 0.00841600 0.07149800 0.00265700
v 0.00813000 0.06738200 0.00322700
v 0.00081100 0.11715100 0.00314600
v 0.00161000 0.11715100 0.00314300
v 0.00238400 0.11715100 0.00313600
v 0.00311900 0.11715200 0.00312200
v 0.00380300 0.11715400 0.00309800
v 0.00442400 0.11715600 0.00306200
v 0.00496900 0.11715900 0.00301200
v 0.00073300 0.11789600 0.00318000
v 0.00145500 0.11789600 0.00317800
v 0.00215400 0.11789700 0.00317000
v 0.00281900 0.11789700 0.00315600
v 0.00343800 0.11789900 0.00313200
v 0.00400000 0.11790100 0.00309700
v 0.00449300 0.11790600 0.00304700
v 0.00065300 0.11856400 0.00320800
v 0.00129600 0.11856400 0.00320600
v 0.00191900 0.11856400 0.00319800
v 0.00251300 0.11856300 0.00318400
v 0.00306800 0.11856300 0.00316000
v 0.00357100 0.11856300 0.00312500
v 0.00401200 0.11856700 0.00307600
v 0.00057300 0.11915900 0.00322800
v 0.00113800 0.11915800 0.00322500
v 0.00168700 0.11915600 0.00321800
v 0.00221200 0.11915200 0.00320300
v 0.00270500 0.11914600 0.00318000
v 0.00315300 0.11914100 0.00314500
v 0.00354500 0.11914100 0.00309700
v 0.00049600 0.11968200 0.00323500
v 0.00098600 0.11968000 0.00323200
v 0.00146400 0.11967500 0.00322500
v 0.00192500 0.11966600 0.00321100
v 0.00236200 0.11965100 0.00318800
v 0.00276100 0.11963700 0.00315400
v 0.00310800 0.11962900 0.00310800
v 0.00042400 0.12013800 0.00322800
v 0.00084400 0.12013500 0.00322600
v 0.00125800 0.12012600 0.00321900
v 0.00166200 0.12010900 0.00320500
v 0.00204900 0.12008300 0.00318200
v 0.00240700 0.12005400 0.00315000
v 0.00271800 0.12003100 0.00310700
v 0.00036000 0.12053000 0.00320400
v 0.00071800 0.12052500 0.00320200
v 0.00107500 0.12051200 0.00319500
v 0.00142900 0.12048700 0.00318200
v 0.00177600 0.12044800 0.00316000
v 0.00210300 0.12039900 0.00313100
v 0.00238900 0.12035200 0.00309300
v -0.00055000 -0.03437000 0.01406800
v -0.00109200 -0.03437100 0.01406600
v -0.00161700 -0.03437100 0.01406000
v -0.00211600 -0.03437000 0.01404900
v -0.00258200 -0.03436800 0.01403200
v -0.00300400 -0.03436500 0.01400600
v -0.00337500 -0.03436000 0.01397000
v -0.00055500 -0.03653800 0.01351900
v -0.00110200 -0.03654300 0.01351500
v -0.00163300 -0.03654800 0.01350600
v -0.00214000 -0.03655300 0.01349200
v -0.00261600 -0.03655500 0.01347300
v -0.00304900 -0.03655400 0.01344600
v -0.00343200 -0.03655000 0.01341000
v -0.00055500 -0.03839400 0.01292100
v -0.00110300 -0.03841000 0.01290900
v -0.00164000 -0.03843000 0.01289200
v -0.00215800 -0.03844900 0.01287100
v -0.00265100 -0.03846300 0.01284600
v -0.00310700 -0.03847000 0.01281700
v -0.00351300 -0.03846900 0.01278200
v -0.00054800 -0.03997200 0.01229700
v -0.00109300 -0.04001000 0.01227300
v -0.00163400 -0.04006000 0.01224000
v -0.00216700 -0.04010800 0.01220400
v -0.00268800 -0.04014500 0.01216900
v -0.00318200 -0.04016700 0.01213500
v -0.00362900 -0.04017300 0.01210000
v -0.00053000 -0.04130800 0.01167400
v -0.00106500 -0.04138400 0.01162800
v -0.00160700 -0.04148100 0.01156900
v -0.00216000 -0.04157700 0.01150900
v -0.00272300 -0.04165100 0.01145800
v -0.00327400 -0.04170000 0.01141600
v -0.00378800 -0.04171900 0.01138100
v -0.00049400 -0.04243400 0.01107500
v -0.00100400 -0.04257300 0.01099300
v -0.00154300 -0.04274200 0.01089500
v -0.00211900 -0.04290500 0.01080100
v -0.00273400 -0.04303400 0.01072700
v -0.00336900 -0.04312600 0.01067200
v -0.00399600 -0.04317600 0.01063300
v -0.00042500 -0.04338200 0.01052400
v -0.00089300 -0.04362100 0.01038500
v -0.00142300 -0.04389100 0.01023300
v -0.00202300 -0.04414300 0.01009600
v -0.00269600 -0.04434400 0.00999200
v -0.00343900 -0.04450000 0.00991800
v -0.00424000 -0.04461400 0.00986700
v 0.00665300 -0.04352400 0.00963200
v 0.00663800 -0.04351400 0.00951700
v 0.00658800 -0.04353100 0.00938900
v 0.00648700 -0.04358600 0.00923900
v 0.00631400 -0.04369400 0.00906100
v 0.00604300 -0.04386200 0.00885100
v 0.00564300 -0.04408500 0.00861200
v 0.00590400 -0.04244700 0.01015200
v 0.00589000 -0.04243400 0.01004000
v 0.00584600 -0.04244000 0.00991800
v 0.00575500 -0.04247500 0.00978200
v 0.00560100 -0.04254400 0.00962900
v 0.00536900 -0.04264300 0.00946500
v 0.00504000 -0.04275300 0.00930000
v 0.00534900 -0.04123600 0.01073000
v 0.00533700 -0.04122100 0.01062000
v 0.00529800 -0.04121800 0.01050500
v 0.00522000 -0.04123300 0.01038300
v 0.00508900 -0.04126900 0.01025400
v 0.00489400 -0.04131700 0.01012400
v 0.00462400 -0.04136500 0.01000400
v 0.00495600 -0.03985100 0.01133900
v 0.00494500 -0.03983400 0.01123100
v 0.00491200 -0.03982300 0.01112200
v 0.00484500 -0.03982300 0.01101100
v 0.00473400 -0.03983400 0.01090000
v 0.00456800 -0.03985100 0.01079300
v 0.00433800 -0.03986800 0.01069700
v 0.00469200 -0.03824900 0.01195200
v 0.00468200 -0.03823100 0.01184500
v 0.00465300 -0.03821700 0.01174000
v 0.00459400 -0.03820700 0.01163600
v 0.00449600 -0.03820300 0.01153700
v 0.00434900 -0.03820200 0.01144400
v 0.00414500 -0.03820200 0.01136200
v 0.00452700 -0.03638800 0.01254500
v 0.00451800 -0.03637100 0.01243800
v 0.00449000 -0.03635600 0.01233400
v 0.00443600 -0.03634200 0.01223400
v 0.00434500 -0.03633100 0.01214000
v 0.00420900 -0.03632200 0.01205400
v 0.00401900 -0.03631400 0.01197900
v 0.00442900 -0.03422800 0.01308900
v 0.00442000 -0.03421200 0.01298200
v 0.00439300 -0.03419700 0.01287800
v 0.00434100 -0.03418300 0.01278000
v 0.00425300 -0.03417000 0.01268800
v 0.00412200 -0.03415800 0.01260400
v 0.00393900 -0.03414800 0.01253100
v 0.00650600 0.11724500 0.00179600
v 0.00649100 0.11725600 0.00164900
v 0.00645100 0.11726600 0.00150600
v 0.00637300 0.11727500 0.00137000
v 0.00624400 0.11728400 0.00124400
v 0.00605100 0.11729200 0.00112900
v 0.00578200 0.11729800 0.00102900
v 0.00587400 0.11804800 0.00183600
v 0.00586100 0.11806400 0.00168900
v 0.00582500 0.11808000 0.00154700
v 0.00575500 0.11809400 0.00141200
v 0.00564000 0.11810600 0.00128600
v 0.00546800 0.11811700 0.00117200
v 0.00522700 0.11812700 0.00107200
v 0.00522100 0.11877600 0.00187600
v 0.00521000 0.11879900 0.00172900
v 0.00517900 0.11881900 0.00158800
v 0.00512000 0.11883700 0.00145300
v 0.00502200 0.11885100 0.00132900
v 0.00487400 0.11886300 0.00121600
v 0.00466400 0.11887300 0.00111700
v 0.00456300 0.11942900 0.00191400
v 0.00455400 0.11945800 0.00176800
v 0.00453000 0.11948300 0.00162800
v 0.00448400 0.11950200 0.00149500
v 0.00440700 0.11951400 0.00137100
v 0.00428800 0.11952200 0.00126000
v 0.00411200 0.11952900 0.00116400
v 0.00391600 0.12000700 0.00195000
v 0.00391000 0.12004200 0.00180600
v 0.00389500 0.12006900 0.00166600
v 0.00386500 0.12008600 0.00153400
v 0.00381300 0.12009100 0.00141300
v 0.00372700 0.12009000 0.00130500
v 0.00359000 0.12008900 0.00121100
v 0.00329700 0.12050900 0.00198400
v 0.00329500 0.12054900 0.00184000
v 0.00328800 0.12057800 0.00170100
v 0.00327500 0.12059100 0.00157100
v 0.00325100 0.12058500 0.00145300
v 0.00320300 0.12056800 0.00134700
v 0.00311300 0.12055000 0.00125800
v 0.00272200 0.12093500 0.00201300
v 0.00272300 0.12097900 0.00187000
v 0.00272400 0.12100800 0.00173200
v 0.00272700 0.12101600 0.00160400
v 0.00273000 0.12099800 0.00148700
v 0.00272400 0.12096000 0.00138400
v 0.00269200 0.12091600 0.00129900
v 0.00431700 -0.02884200 0.01393200
v 0.00430800 -0.02882900 0.01382400
v 0.00428100 -0.02881600 0.01372000
v 0.00423000 -0.02880400 0.01362100
v 0.00414400 -0.02879300 0.01352900
v 0.00401700 -0.02878300 0.01344600
v 0.00383800 -0.02877400 0.01337200
v 0.00428200 -0.02554200 0.01419300
v 0.00427300 -0.02553000 0.01408500
v 0.00424600 -0.02551900 0.01398100
v 0.00419500 -0.02550800 0.01388100
v 0.00411000 -0.02549800 0.01378900
v 0.00398300 -0.02548900 0.01370600
v 0.00380600 -0.02548100 0.01363200
v 0.00427300 -0.02179400 0.01433000
v 0.00426300 -0.02178300 0.01422200
v 0.00423700 -0.02177300 0.01411800
v 0.00418500 -0.02176300 0.01401900
v 0.00410100 -0.02175400 0.01392600
v 0.00397400 -0.02174500 0.01384200
v 0.00379700 -0.02173800 0.01376900
v 0.00430000 -0.01756500 0.01433400
v 0.00429000 -0.01755500 0.01422500
v 0.00426300 -0.01754500 0.01412000
v 0.00421200 -0.01753600 0.01402100
v 0.00412600 -0.01752800 0.01392800
v 0.00399900 -0.01752000 0.01384400
v 0.00382100 -0.01751400 0.01377000
v 0.00437400 -0.01282200 0.01419100
v 0.00436400 -0.01281300 0.01408200
v 0.00433700 -0.01280500 0.01397700
v 0.00428400 -0.01279700 0.01387600
v 0.00419700 -0.01278900 0.01378300
v 0.00406800 -0.01278200 0.01369900
v 0.00388700 -0.01277600 0.01362500
v 0.00450600 -0.00753400 0.01389100
v 0.00449500 -0.00752600 0.01378100
v 0.00446700 -0.00751800 0.01367500
v 0.00441300 -0.00751100 0.01357400
v 0.00432400 -0.00750400 0.01348000
v 0.00419000 -0.00749800 0.01339500
v 0.00400400 -0.00749300 0.01332100
v 0.00470600 -0.00166700 0.01342100
v 0.00469500 -0.00166000 0.01331100
v 0.00466600 -0.00165300 0.01320400
v 0.00460900 -0.00164700 0.01310200
v 0.00451600 -0.00164100 0.01300700
v 0.00437600 -0.00163600 0.01292200
v 0.00418200 -0.00163100 0.01284600
v -0.00058700 -0.00173000 0.01443400
v -0.00116500 -0.00172900 0.01443200
v -0.00172400 -0.00172900 0.01442600
v -0.00225600 -0.00172800 0.01441500
v -0.00275100 -0.00172700 0.01439700
v -0.00320000 -0.00172600 0.01437100
v -0.00359300 -0.00172300 0.01433400
v -0.00056200 -0.00760600 0.01489400
v -0.00111500 -0.00760600 0.01489200
v -0.00165100 -0.00760500 0.01488700
v -0.00216000 -0.00760500 0.01487600
v -0.00263300 -0.00760300 0.01485800
v -0.00306300 -0.00760100 0.01483200
v -0.00344000 -0.00759900 0.01479500
v -0.00054500 -0.01290300 0.01518800
v -0.00108200 -0.01290300 0.01518600
v -0.00160200 -0.01290300 0.01518000
v -0.00209600 -0.01290200 0.01517000
v -0.00255600 -0.01290000 0.01515200
v -0.00297400 -0.01289800 0.01512600
v -0.00334000 -0.01289500 0.01508900
v -0.00053600 -0.01765400 0.01532600
v -0.00106400 -0.01765400 0.01532400
v -0.00157500 -0.01765400 0.01531900
v -0.00206100 -0.01765300 0.01530800
v -0.00251300 -0.01765100 0.01529000
v -0.00292300 -0.01764900 0.01526400
v -0.00328300 -0.01764500 0.01522800
v -0.00053300 -0.02189200 0.01532000
v -0.00105700 -0.02189200 0.01531800
v -0.00156500 -0.02189200 0.01531200
v -0.00204700 -0.02189000 0.01530100
v -0.00249700 -0.02188900 0.01528400
v -0.00290400 -0.02188600 0.01525800
v -0.00326200 -0.02188200 0.01522200
v -0.00053400 -0.02565000 0.01517900
v -0.00105900 -0.02565000 0.01517700
v -0.00156800 -0.02564900 0.01517200
v -0.00205100 -0.02564800 0.01516100
v -0.00250200 -0.02564600 0.01514400
v -0.00291000 -0.02564300 0.01511800
v -0.00326800 -0.02563900 0.01508200
v -0.00053800 -0.02896000 0.01491600
v -0.00106800 -0.02896000 0.01491400
v -0.00158000 -0.02895900 0.01490900
v -0.00206800 -0.02895800 0.01489800
v -0.00252100 -0.02895600 0.01488100
v -0.00293300 -0.02895300 0.01485500
v -0.00329400 -0.02894800 0.01481900
v 0.00993600 0.10871500 0.00150300
v 0.00991300 0.10870600 0.00135800
v 0.00985200 0.10869800 0.00121800
v 0.00973200 0.10868900 0.00108400
v 0.00953500 0.10868100 0.00096000
v 0.00924100 0.10867400 0.00084800
v 0.00883000 0.10866800 0.00074900
v 0.00965600 0.10990900 0.00153700
v 0.00963400 0.10990100 0.00139200
v 0.00957500 0.10989200 0.00125100
v 0.00945800 0.10988400 0.00111700
v 0.00926600 0.10987700 0.00099200
v 0.00898000 0.10987000 0.00087900
v 0.00858100 0.10986400 0.00078000
v 0.00933900 0.11108500 0.00157200
v 0.00931800 0.11107700 0.00142600
v 0.00926000 0.11106900 0.00128400
v 0.00914800 0.11106200 0.00115000
v 0.00896200 0.11105500 0.00102500
v 0.00868500 0.11104900 0.00091100
v 0.00829900 0.11104300 0.00081100
v 0.00898200 0.11223300 0.00160700
v 0.00896200 0.11222600 0.00146100
v 0.00890600 0.11221900 0.00131900
v 0.00879800 0.11221300 0.00118400
v 0.00862000 0.11220700 0.00105800
v 0.00835400 0.11220200 0.00094400
v 0.00798200 0.11219700 0.00084400
v 0.00858300 0.11334500 0.00164300
v 0.00856300 0.11333900 0.00149600
v 0.00851000 0.11333400 0.00135400
v 0.00840700 0.11333000 0.00121800
v 0.00823600 0.11332500 0.00109200
v 0.00798200 0.11332100 0.00097800
v 0.00762700 0.11331800 0.00087700
v 0.00813800 0.11441100 0.00168000
v 0.00811900 0.11440800 0.00153200
v 0.00806900 0.11440500 0.00139000
v 0.00797100 0.11440300 0.00125400
v 0.00780900 0.11440000 0.00112800
v 0.00756800 0.11439800 0.00101300
v 0.00723200 0.11439600 0.00091200
v 0.00764500 0.11542200 0.00171800
v 0.00762700 0.11542300 0.00157000
v 0.00758000 0.11542300 0.00142700
v 0.00748800 0.11542400 0.00129100
v 0.00733600 0.11542400 0.00116500
v 0.00711000 0.11542500 0.00105000
v 0.00679400 0.11542500 0.00094900
v 0.00138100 0.09882400 0.00262500
v 0.00273900 0.09882400 0.00262200
v 0.00405500 0.09882300 0.00261500
v 0.00530600 0.09882200 0.00260100
v 0.00647000 0.09882100 0.00257900
v 0.00752600 0.09881800 0.00254500
v 0.00845300 0.09881500 0.00249800
v 0.00137500 0.10015900 0.00262100
v 0.00272800 0.10015800 0.00261800
v 0.00403900 0.10015800 0.00261100
v 0.00528400 0.10015700 0.00259700
v 0.00644400 0.10015500 0.00257500
v 0.00749600 0.10015300 0.00254100
v 0.00841800 0.10014900 0.00249400
v 0.00136600 0.10145600 0.00262900
v 0.00271100 0.10145500 0.00262700
v 0.00401300 0.10145500 0.00262000
v 0.00525000 0.10145400 0.00260600
v 0.00640300 0.10145200 0.00258300
v 0.00744800 0.10145000 0.00254900
v 0.00836400 0.10144600 0.00250200
v 0.00135400 0.10272100 0.00264900
v 0.00268700 0.10272100 0.00264600
v 0.00397700 0.10272100 0.00263900
v 0.00520400 0.10272000 0.00262500
v 0.00634600 0.10271800 0.00260200
v 0.00738200 0.10271600 0.00256800
v 0.00829000 0.10271200 0.00252000
v 0.00133800 0.10396200 0.00267600
v 0.00265600 0.10396200 0.00267400
v 0.00393100 0.10396200 0.00266700
v 0.00514400 0.10396100 0.00265300
v 0.00627300 0.10395900 0.00263000
v 0.00729700 0.10395700 0.00259500
v 0.00819500 0.10395300 0.00254800
v 0.00131900 0.10518500 0.00271000
v 0.00261800 0.10518400 0.00270800
v 0.00387500 0.10518400 0.00270100
v 0.00507000 0.10518300 0.00268700
v 0.00618300 0.10518100 0.00266400
v 0.00719200 0.10517900 0.00262900
v 0.00807800 0.10517600 0.00258100
v 0.00129600 0.10639400 0.00274900
v 0.00257300 0.10639400 0.00274600
v 0.00380800 0.10639400 0.00273900
v 0.00498300 0.10639300 0.00272500
v 0.00607600 0.10639100 0.00270200
v 0.00706800 0.10638900 0.00266700
v 0.00793800 0.10638600 0.00261900
v -0.00103800 0.05656800 0.00666200
v -0.00206000 0.05656800 0.00665900
v -0.00304900 0.05656800 0.00665300
v -0.00398900 0.05656800 0.00664000
v -0.00486400 0.05656700 0.00662000
v -0.00565800 0.05656600 0.00659000
v -0.00635500 0.05656500 0.00654700
v -0.00097700 0.04987700 0.00765700
v -0.00193800 0.04987700 0.00765400
v -0.00286900 0.04987600 0.00764800
v -0.00375300 0.04987600 0.00763600
v -0.00457700 0.04987600 0.00761600
v -0.00532400 0.04987500 0.00758600
v -0.00598000 0.04987400 0.00754400
v -0.00091200 0.04260900 0.00873500
v -0.00180900 0.04260900 0.00873300
v -0.00267800 0.04260900 0.00872700
v -0.00350500 0.04260900 0.00871500
v -0.00427400 0.04260900 0.00869500
v -0.00497100 0.04260900 0.00866600
v -0.00558300 0.04260800 0.00862500
v -0.00084600 0.03497000 0.00985200
v -0.00167900 0.03497000 0.00985000
v -0.00248500 0.03497000 0.00984400
v -0.00325200 0.03497000 0.00983200
v -0.00396500 0.03497000 0.00981300
v -0.00461300 0.03497000 0.00978400
v -0.00518000 0.03497000 0.00974400
v -0.00078200 0.02716200 0.01096200
v -0.00155100 0.02716200 0.01096000
v -0.00229600 0.02716200 0.01095400
v -0.00300500 0.02716200 0.01094300
v -0.00366400 0.02716200 0.01092400
v -0.00426200 0.02716300 0.01089500
v -0.00478700 0.02716300 0.01085600
v -0.00072100 0.01938800 0.01202000
v -0.00143100 0.01938800 0.01201800
v -0.00211900 0.01938800 0.01201200
v -0.00277200 0.01938900 0.01200000
v -0.00338100 0.01938900 0.01198200
v -0.00393200 0.01939000 0.01195400
v -0.00441600 0.01939100 0.01191500
v -0.00066700 0.01185300 0.01297900
v -0.00132400 0.01185300 0.01297700
v -0.00196000 0.01185300 0.01297200
v -0.00256400 0.01185300 0.01296000
v -0.00312700 0.01185400 0.01294200
v -0.00363700 0.01185500 0.01291500
v -0.00408500 0.01185700 0.01287700
v 0.00832200 0.05653300 0.00550300
v 0.00783100 0.04985300 0.00651700
v 0.00731200 0.04259800 0.00761700
v 0.00678400 0.03497200 0.00875500
v 0.00626800 0.02717700 0.00988500
v 0.00578400 0.01941600 0.01096200
v 0.00534900 0.01189400 0.01194000
v 0.00830300 0.05653000 0.00537700
v 0.00781300 0.04985000 0.00639300
v 0.00729500 0.04259700 0.00749400
v 0.00676900 0.03497200 0.00863500
v 0.00625400 0.02717900 0.00976800
v 0.00577000 0.01942000 0.01084700
v 0.00533700 0.01189800 0.01182600
v 0.00825200 0.05652600 0.00525400
v 0.00776500 0.04984800 0.00627300
v 0.00725000 0.04259600 0.00737600
v 0.00672700 0.03497200 0.00851900
v 0.00621500 0.02718000 0.00965400
v 0.00573500 0.01942300 0.01073500
v 0.00530400 0.01190200 0.01171700
v 0.00815200 0.05652200 0.00513800
v 0.00767000 0.04984600 0.00615800
v 0.00716200 0.04259500 0.00726400
v 0.00664500 0.03497200 0.00840800
v 0.00614000 0.02718200 0.00954600
v 0.00566500 0.01942500 0.01062900
v 0.00524000 0.01190600 0.01161200
v 0.00798600 0.05651900 0.00502900
v 0.00751500 0.04984300 0.00605200
v 0.00701600 0.04259400 0.00715900
v 0.00651000 0.03497300 0.00830600
v 0.00601500 0.02718300 0.00944500
v 0.00555000 0.01942800 0.01053000
v 0.00513300 0.01191000 0.01151500
v 0.00774000 0.05651600 0.00493100
v 0.00728300 0.04984100 0.00595500
v 0.00680000 0.04259300 0.00706400
v 0.00630900 0.03497300 0.00821300
v 0.00583000 0.02718400 0.00935400
v 0.00537900 0.01943000 0.01044000
v 0.00497500 0.01191400 0.01142700
v 0.00739600 0.05651300 0.00484500
v 0.00695900 0.04984000 0.00587000
v 0.00649700 0.04259200 0.00698100
v 0.00602900 0.03497300 0.00813100
v 0.00557000 0.02718600 0.00927300
v 0.00514000 0.01943300 0.01036200
v 0.00475400 0.01191700 0.01134900
v 0.00133200 0.08683500 0.00312000
v 0.00264400 0.08683500 0.00311700
v 0.00391400 0.08683500 0.00311100
v 0.00512100 0.08683400 0.00309700
v 0.00624500 0.08683200 0.00307500
v 0.00726400 0.08683000 0.00304300
v 0.00815800 0.08682700 0.00299700
v 0.00134500 0.08840400 0.00303000
v 0.00266900 0.08840400 0.00302700
v 0.00395200 0.08840400 0.00302000
v 0.00517000 0.08840300 0.00300700
v 0.00630500 0.08840100 0.00298500
v 0.00733400 0.08839900 0.00295200
v 0.00823700 0.08839600 0.00290600
v 0.00135700 0.08996800 0.00294300
v 0.00269200 0.08996800 0.00294000
v 0.00398500 0.08996700 0.00293400
v 0.00521400 0.08996600 0.00292000
v 0.00635800 0.08996500 0.00289800
v 0.00739600 0.08996300 0.00286500
v 0.00830600 0.08995900 0.00281900
v 0.00136600 0.09151900 0.00286200
v 0.00271100 0.09151900 0.00286000
v 0.00401300 0.09151800 0.00285300
v 0.00525100 0.09151700 0.00283900
v 0.00640400 0.09151600 0.00281700
v 0.00744900 0.09151300 0.00278400
v 0.00836600 0.09151000 0.00273800
v 0.00137400 0.09305000 0.00279000
v 0.00272700 0.09304900 0.00278700
v 0.00403600 0.09304900 0.00278000
v 0.00528100 0.09304800 0.00276700
v 0.00644000 0.09304600 0.00274500
v 0.00749100 0.09304400 0.00271200
v 0.00841300 0.09304000 0.00266500
v 0.00138000 0.09455300 0.00272800
v 0.00273800 0.09455200 0.00272500
v 0.00405200 0.09455200 0.00271800
v 0.00530200 0.09455100 0.00270500
v 0.00646600 0.09454900 0.00268200
v 0.00752100 0.09454700 0.00264900
v 0.00844700 0.09454300 0.00260300
v 0.00138300 0.09602100 0.00267800
v 0.00274400 0.09602000 0.00267600
v 0.00406100 0.09602000 0.00266900
v 0.00531400 0.09601900 0.00265500
v 0.00648000 0.09601700 0.00263300
v 0.00753800 0.09601500 0.00259900
v 0.00846600 0.09601100 0.00255300
v 0.01107000 0.09872900 0.00134700
v 0.01104400 0.09871900 0.00120700
v 0.01097600 0.09870900 0.00107200
v 0.01084200 0.09869900 0.00094400
v 0.01062300 0.09869000 0.00082400
v 0.01029500 0.09868200 0.00071600
v 0.00983700 0.09867500 0.00062100
v 0.01102500 0.10006400 0.00133700
v 0.01099900 0.10005400 0.00119700
v 0.01093100 0.10004400 0.00106100
v 0.01079800 0.10003400 0.00093200
v 0.01057900 0.10002500 0.00081200
v 0.01025300 0.10001700 0.00070400
v 0.00979700 0.10001000 0.00060800
v 0.01095400 0.10136200 0.00134000
v 0.01092900 0.10135200 0.00119900
v 0.01086100 0.10134200 0.00106300
v 0.01072900 0.10133200 0.00093300
v 0.01051200 0.10132400 0.00081300
v 0.01018700 0.10131600 0.00070400
v 0.00973400 0.10130900 0.00060800
v 0.01085700 0.10262900 0.00135300
v 0.01083200 0.10261900 0.00121200
v 0.01076500 0.10260900 0.00107500
v 0.01063400 0.10260000 0.00094500
v 0.01041800 0.10259100 0.00082400
v 0.01009700 0.10258300 0.00071400
v 0.00964800 0.10257700 0.00061700
v 0.01073200 0.10387100 0.00137500
v 0.01070700 0.10386200 0.00123300
v 0.01064100 0.10385200 0.00109500
v 0.01051200 0.10384300 0.00096400
v 0.01029800 0.10383400 0.00084300
v 0.00998000 0.10382700 0.00073200
v 0.00953700 0.10382000 0.00063500
v 0.01057800 0.10509500 0.00140300
v 0.01055400 0.10508600 0.00126000
v 0.01048900 0.10507600 0.00112200
v 0.01036100 0.10506700 0.00099000
v 0.01015100 0.10505900 0.00086800
v 0.00983800 0.10505100 0.00075700
v 0.00940000 0.10504500 0.00066000
v 0.01039500 0.10630700 0.00143400
v 0.01037200 0.10629800 0.00129100
v 0.01030700 0.10628800 0.00115200
v 0.01018200 0.10628000 0.00102000
v 0.00997600 0.10627100 0.00089700
v 0.00966800 0.10626400 0.00078600
v 0.00923800 0.10625700 0.00068800
v 0.01108700 0.09592600 0.00141100
v 0.01106200 0.09445900 0.00146500
v 0.01101800 0.09295700 0.00153200
v 0.01095600 0.09142800 0.00160900
v 0.01087800 0.08987900 0.00169300
v 0.01078700 0.08831800 0.00178400
v 0.01068400 0.08675100 0.00187800
v 0.01106100 0.09591600 0.00127200
v 0.01103700 0.09444900 0.00132700
v 0.01099200 0.09294700 0.00139400
v 0.01093100 0.09141800 0.00147200
v 0.01085300 0.08987000 0.00155700
v 0.01076200 0.08830800 0.00164800
v 0.01066000 0.08674200 0.00174300
v 0.01099300 0.09590600 0.00113800
v 0.01096800 0.09443900 0.00119400
v 0.01092400 0.09293700 0.00126100
v 0.01086300 0.09140900 0.00133900
v 0.01078600 0.08986000 0.00142500
v 0.01069500 0.08829900 0.00151600
v 0.01059400 0.08673300 0.00161200
v 0.01085900 0.09589600 0.00101100
v 0.01083500 0.09442900 0.00106700
v 0.01079200 0.09292800 0.00113500
v 0.01073100 0.09140000 0.00121300
v 0.01065500 0.08985100 0.00129900
v 0.01056600 0.08829000 0.00139100
v 0.01046500 0.08672400 0.00148700
v 0.01063900 0.09588700 0.00089300
v 0.01061500 0.09442100 0.00094900
v 0.01057300 0.09291900 0.00101700
v 0.01051300 0.09139100 0.00109600
v 0.01043900 0.08984300 0.00118200
v 0.01035100 0.08828200 0.00127500
v 0.01025300 0.08671600 0.00137100
v 0.01031100 0.09587900 0.00078500
v 0.01028800 0.09441300 0.00084200
v 0.01024600 0.09291200 0.00091100
v 0.01018900 0.09138300 0.00099000
v 0.01011600 0.08983500 0.00107600
v 0.01003200 0.08827500 0.00116900
v 0.00993600 0.08670900 0.00126500
v 0.00985200 0.09587200 0.00069100
v 0.00983000 0.09440600 0.00074800
v 0.00979100 0.09290500 0.00081700
v 0.00973600 0.09137700 0.00089600
v 0.00966700 0.08982900 0.00098400
v 0.00958600 0.08826800 0.00107600
v 0.00949400 0.08670300 0.00117300
v -0.00815800 0.08682700 0.00299700
v -0.00726400 0.08683000 0.00304300
v -0.00624500 0.08683200 0.00307500
v -0.00512100 0.08683400 0.00309700
v -0.00391400 0.08683500 0.00311100
v -0.00264400 0.08683500 0.00311700
v -0.00133200 0.08683500 0.00312000
v -0.00823700 0.08839600 0.00290600
v -0.00733400 0.08839900 0.00295200
v -0.00630500 0.08840100 0.00298500
v -0.00517000 0.08840300 0.00300700
v -0.00395200 0.08840400 0.00302000
v -0.00266900 0.08840400 0.00302700
v -0.00134500 0.08840400 0.00303000
v -0.00830600 0.08995900 0.00281900
v -0.00739600 0.08996300 0.00286500
v -0.00635800 0.08996500 0.00289800
v -0.00521400 0.08996600 0.00292000
v -0.00398500 0.08996700 0.00293400
v -0.00269200 0.08996800 0.00294000
v -0.00135700 0.08996800 0.00294300
v -0.00836600 0.09151000 0.00273800
v -0.00744900 0.09151300 0.00278400
v -0.00640400 0.09151600 0.00281700
v -0.00525100 0.09151700 0.00283900
v -0.00401300 0.09151800 0.00285300
v -0.00271100 0.09151900 0.00286000
v -0.00136600 0.09151900 0.00286200
v -0.00841300 0.09304000 0.00266500
v -0.00749100 0.09304400 0.00271200
v -0.00644000 0.09304600 0.00274500
v -0.00528100 0.09304800 0.00276700
v -0.00403600 0.09304900 0.00278000
v -0.00272700 0.09304900 0.00278700
v -0.00137400 0.09305000 0.00279000
v -0.00844700 0.09454300 0.00260300
v -0.00752100 0.09454700 0.00264900
v -0.00646600 0.09454900 0.00268200
v -0.00530200 0.09455100 0.00270500
v -0.00405200 0.09455200 0.00271800
v -0.00273800 0.09455200 0.00272500
v -0.00138000 0.09455300 0.00272800
v -0.00846600 0.09601100 0.00255300
v -0.00753800 0.09601500 0.00259900
v -0.00648000 0.09601700 0.00263300
v -0.00531400 0.09601900 0.00265500
v -0.00406100 0.09602000 0.00266900
v -0.00274400 0.09602000 0.00267600
v -0.00138300 0.09602100 0.00267800
v 0.00635500 0.05656500 0.00654700
v 0.00565800 0.05656600 0.00659000
v 0.00486400 0.05656700 0.00662000
v 0.00398900 0.05656800 0.00664000
v 0.00304900 0.05656800 0.00665300
v 0.00206000 0.05656800 0.00665900
v 0.00103800 0.05656800 0.00666200
v 0.00598000 0.04987400 0.00754400
v 0.00532400 0.04987500 0.00758600
v 0.00457700 0.04987600 0.00761600
v 0.00375400 0.04987600 0.00763600
v 0.00286900 0.04987600 0.00764800
v 0.00193800 0.04987700 0.00765400
v 0.00097700 0.04987700 0.00765700
v 0.00558300 0.04260800 0.00862500
v 0.00497100 0.04260900 0.00866600
v 0.00427400 0.04260900 0.00869500
v 0.00350500 0.04260900 0.00871500
v 0.00267800 0.04260900 0.00872700
v 0.00180900 0.04260900 0.00873300
v 0.00091200 0.04260900 0.00873500
v 0.00518100 0.03497000 0.00974400
v 0.00461300 0.03497000 0.00978400
v 0.00396500 0.03497000 0.00981300
v 0.00325200 0.03497000 0.00983200
v 0.00248500 0.03497000 0.00984400
v 0.00167900 0.03497000 0.00985000
v 0.00084600 0.03497000 0.00985200
v 0.00478700 0.02716300 0.01085600
v 0.00426200 0.02716300 0.01089500
v 0.00366400 0.02716200 0.01092400
v 0.00300500 0.02716200 0.01094300
v 0.00229600 0.02716200 0.01095400
v 0.00155100 0.02716200 0.01096000
v 0.00078200 0.02716200 0.01096200
v 0.00441600 0.01939100 0.01191500
v 0.00393200 0.01939000 0.01195400
v 0.00338100 0.01938900 0.01198200
v 0.00277200 0.01938900 0.01200000
v 0.00211900 0.01938800 0.01201200
v 0.00143100 0.01938800 0.01201800
v 0.00072100 0.01938800 0.01202000
v 0.00408500 0.01185700 0.01287700
v 0.00363700 0.01185500 0.01291500
v 0.00312700 0.01185400 0.01294200
v 0.00256400 0.01185300 0.01296000
v 0.00196000 0.01185300 0.01297200
v 0.00132400 0.01185300 0.01297700
v 0.00066700 0.01185300 0.01297900
v -0.00845300 0.09881500 0.00249800
v -0.00752600 0.09881800 0.00254500
v -0.00647000 0.09882100 0.00257900
v -0.00530600 0.09882200 0.00260100
v -0.00405500 0.09882300 0.00261500
v -0.00273900 0.09882400 0.00262200
v -0.00138100 0.09882400 0.00262500
v -0.00841800 0.10014900 0.00249400
v -0.00749600 0.10015300 0.00254100
v -0.00644400 0.10015500 0.00257500
v -0.00528400 0.10015700 0.00259700
v -0.00403900 0.10015800 0.00261100
v -0.00272800 0.10015800 0.00261800
v -0.00137500 0.10015900 0.00262100
v -0.00836400 0.10144600 0.00250200
v -0.00744800 0.10145000 0.00254900
v -0.00640300 0.10145200 0.00258300
v -0.00525000 0.10145400 0.00260600
v -0.00401300 0.10145500 0.00262000
v -0.00271100 0.10145500 0.00262700
v -0.00136600 0.10145600 0.00262900
v -0.00829000 0.10271200 0.00252000
v -0.00738200 0.10271600 0.00256800
v -0.00634600 0.10271800 0.00260200
v -0.00520400 0.10272000 0.00262500
v -0.00397700 0.10272100 0.00263900
v -0.00268700 0.10272100 0.00264600
v -0.00135400 0.10272100 0.00264900
v -0.00819500 0.10395300 0.00254800
v -0.00729700 0.10395700 0.00259500
v -0.00627300 0.10395900 0.00263000
v -0.00514400 0.10396100 0.00265300
v -0.00393100 0.10396200 0.00266700
v -0.00265600 0.10396200 0.00267400
v -0.00133800 0.10396200 0.00267600
v -0.00807800 0.10517600 0.00258100
v -0.00719200 0.10517900 0.00262900
v -0.00618300 0.10518100 0.00266400
v -0.00507000 0.10518300 0.00268700
v -0.00387500 0.10518400 0.00270100
v -0.00261800 0.10518400 0.00270800
v -0.00131900 0.10518500 0.00271000
v -0.00793800 0.10638600 0.00261900
v -0.00706800 0.10638900 0.00266700
v -0.00607600 0.10639100 0.00270200
v -0.00498300 0.10639300 0.00272500
v -0.00380800 0.10639400 0.00273900
v -0.00257300 0.10639400 0.00274600
v -0.00129600 0.10639400 0.00274900
v 0.00359300 -0.00172300 0.01433400
v 0.00320000 -0.00172600 0.01437100
v 0.00275100 -0.00172700 0.01439700
v 0.00225600 -0.00172800 0.01441500
v 0.00172400 -0.00172900 0.01442600
v 0.00116500 -0.00172900 0.01443200
v 0.00058700 -0.00173000 0.01443400
v 0.00344000 -0.00759900 0.01479500
v 0.00306300 -0.00760100 0.01483200
v 0.00263300 -0.00760300 0.01485800
v 0.00216000 -0.00760500 0.01487600
v 0.00165100 -0.00760500 0.01488700
v 0.00111500 -0.00760600 0.01489200
v 0.00056200 -0.00760600 0.01489400
v 0.00334000 -0.01289500 0.01508900
v 0.00297400 -0.01289800 0.01512600
v 0.00255600 -0.01290000 0.01515200
v 0.00209600 -0.01290200 0.01517000
v 0.00160200 -0.01290300 0.01518000
v 0.00108200 -0.01290300 0.01518600
v 0.00054500 -0.01290300 0.01518800
v 0.00328300 -0.01764500 0.01522800
v 0.00292300 -0.01764900 0.01526400
v 0.00251300 -0.01765100 0.01529000
v 0.00206100 -0.01765300 0.01530800
v 0.00157500 -0.01765400 0.01531900
v 0.00106400 -0.01765400 0.01532400
v 0.00053600 -0.01765400 0.01532600
v 0.00326200 -0.02188200 0.01522200
v 0.00290400 -0.02188600 0.01525800
v 0.00249700 -0.02188900 0.01528400
v 0.00204700 -0.02189000 0.01530100
v 0.00156500 -0.02189200 0.01531200
v 0.00105700 -0.02189200 0.01531800
v 0.00053300 -0.02189200 0.01532000
v 0.00326800 -0.02563900 0.01508200
v 0.00291000 -0.02564300 0.01511800
v 0.00250200 -0.02564600 0.01514400
v 0.00205100 -0.02564800 0.01516100
v 0.00156800 -0.02564900 0.01517200
v 0.00105900 -0.02565000 0.01517700
v 0.00053400 -0.02565000 0.01517900
v 0.00329400 -0.02894800 0.01481900
v 0.00293300 -0.02895300 0.01485500
v 0.00252100 -0.02895600 0.01488100
v 0.00206800 -0.02895800 0.01489800
v 0.00158000 -0.02895900 0.01490900
v 0.00106800 -0.02896000 0.01491400
v 0.00053800 -0.02896000 0.01491600
v 0.00337500 -0.03436000 0.01397000
v 0.00300400 -0.03436500 0.01400600
v 0.00258200 -0.03436800 0.01403200
v 0.00211600 -0.03437000 0.01404900
v 0.00161700 -0.03437100 0.01406000
v 0.00109200 -0.03437100 0.01406600
v 0.00055000 -0.03437000 0.01406800
v 0.00343200 -0.03655000 0.01341000
v 0.00304900 -0.03655400 0.01344600
v 0.00261600 -0.03655500 0.01347300
v 0.00214000 -0.03655300 0.01349200
v 0.00163300 -0.03654800 0.01350600
v 0.00110200 -0.03654300 0.01351500
v 0.00055500 -0.03653800 0.01351900
v 0.00351300 -0.03846900 0.01278200
v 0.00310700 -0.03847000 0.01281700
v 0.00265100 -0.03846300 0.01284600
v 0.00215800 -0.03844900 0.01287100
v 0.00164000 -0.03843000 0.01289200
v 0.00110300 -0.03841000 0.01290900
v 0.00055500 -0.03839400 0.01292100
v 0.00362900 -0.04017300 0.01210000
v 0.00318200 -0.04016700 0.01213500
v 0.00268800 -0.04014500 0.01216900
v 0.00216700 -0.04010800 0.01220400
v 0.00163400 -0.04006000 0.01224000
v 0.00109300 -0.04001000 0.01227300
v 0.00054800 -0.03997200 0.01229700
v 0.00378800 -0.04171900 0.01138100
v 0.00327400 -0.04170000 0.01141600
v 0.00272300 -0.04165100 0.01145800
v 0.00216000 -0.04157700 0.01150900
v 0.00160700 -0.04148100 0.01156900
v 0.00106500 -0.04138400 0.01162800
v 0.00053000 -0.04130800 0.01167400
v 0.00399600 -0.04317600 0.01063300
v 0.00336900 -0.04312600 0.01067200
v 0.00273400 -0.04303400 0.01072700
v 0.00211900 -0.04290500 0.01080100
v 0.00154300 -0.04274200 0.01089500
v 0.00100400 -0.04257300 0.01099300
v 0.00049400 -0.04243400 0.01107500
v 0.00424000 -0.04461400 0.00986700
v 0.00343900 -0.04450000 0.00991800
v 0.00269600 -0.04434400 0.00999200
v 0.00202300 -0.04414300 0.01009600
v 0.00142300 -0.04389100 0.01023300
v 0.00089300 -0.04362100 0.01038500
v 0.00042500 -0.04338200 0.01052400
v -0.00496900 0.11715900 0.00301200
v -0.00442400 0.11715600 0.00306200
v -0.00380300 0.11715400 0.00309800
v -0.00311900 0.11715200 0.00312200
v -0.00238400 0.11715100 0.00313600
v -0.00161000 0.11715100 0.00314300
v -0.00081100 0.11715100 0.00314600
v -0.00449300 0.11790600 0.00304700
v -0.00400000 0.11790100 0.00309700
v -0.00343800 0.11789900 0.00313200
v -0.00281900 0.11789700 0.00315600
v -0.00215400 0.11789700 0.00317000
v -0.00145500 0.11789600 0.00317800
v -0.00073300 0.11789600 0.00318000
v -0.00401200 0.11856700 0.00307600
v -0.00357100 0.11856300 0.00312500
v -0.00306700 0.11856300 0.00316000
v -0.00251300 0.11856300 0.00318400
v -0.00191900 0.11856400 0.00319800
v -0.00129600 0.11856400 0.00320600
v -0.00065300 0.11856400 0.00320800
v -0.00354500 0.11914100 0.00309700
v -0.00315300 0.11914100 0.00314500
v -0.00270500 0.11914600 0.00318000
v -0.00221200 0.11915200 0.00320300
v -0.00168700 0.11915600 0.00321800
v -0.00113800 0.11915800 0.00322500
v -0.00057300 0.11915900 0.00322800
v -0.00310800 0.11962900 0.00310800
v -0.00276100 0.11963700 0.00315400
v -0.00236200 0.11965100 0.00318800
v -0.00192500 0.11966600 0.00321100
v -0.00146400 0.11967500 0.00322500
v -0.00098600 0.11968000 0.00323200
v -0.00049600 0.11968200 0.00323500
v -0.00271800 0.12003100 0.00310700
v -0.00240700 0.12005400 0.00315000
v -0.00204900 0.12008300 0.00318200
v -0.00166200 0.12010900 0.00320500
v -0.00125800 0.12012600 0.00321900
v -0.00084400 0.12013500 0.00322600
v -0.00042400 0.12013800 0.00322800
v -0.00238900 0.12035200 0.00309300
v -0.00210300 0.12039900 0.00313100
v -0.00177600 0.12044800 0.00316000
v -0.00142900 0.12048700 0.00318200
v -0.00107500 0.12051200 0.00319500
v -0.00071800 0.12052500 0.00320200
v -0.00036000 0.12053000 0.00320400
v -0.00846600 0.09586200 0.00055000
v -0.00753800 0.09585800 0.00050300
v -0.00648000 0.09585600 0.00047000
v -0.00531400 0.09585400 0.00044700
v -0.00406100 0.09585300 0.00043400
v -0.00274400 0.09585200 0.00042700
v -0.00138300 0.09585200 0.00042400
v -0.00844700 0.09439500 0.00060700
v -0.00752100 0.09439200 0.00056100
v -0.00646600 0.09438900 0.00052800
v -0.00530200 0.09438800 0.00050500
v -0.00405200 0.09438700 0.00049200
v -0.00273800 0.09438600 0.00048500
v -0.00138000 0.09438600 0.00048200
v -0.00841300 0.09289400 0.00067700
v -0.00749100 0.09289100 0.00063100
v -0.00644000 0.09288900 0.00059800
v -0.00528100 0.09288700 0.00057600
v -0.00403600 0.09288600 0.00056200
v -0.00272700 0.09288500 0.00055500
v -0.00137400 0.09288500 0.00055300
v -0.00836600 0.09136700 0.00075700
v -0.00744900 0.09136300 0.00071100
v -0.00640400 0.09136100 0.00067800
v -0.00525100 0.09135900 0.00065600
v -0.00401300 0.09135800 0.00064200
v -0.00271100 0.09135800 0.00063500
v -0.00136600 0.09135800 0.00063300
v -0.00830600 0.08981900 0.00084500
v -0.00739600 0.08981600 0.00079900
v -0.00635800 0.08981300 0.00076600
v -0.00521400 0.08981200 0.00074400
v -0.00398500 0.08981100 0.00073000
v -0.00269200 0.08981000 0.00072300
v -0.00135700 0.08981000 0.00072100
v -0.00823700 0.08825900 0.00093800
v -0.00733400 0.08825600 0.00089200
v -0.00630500 0.08825300 0.00085900
v -0.00517000 0.08825200 0.00083700
v -0.00395200 0.08825100 0.00082400
v -0.00266900 0.08825000 0.00081700
v -0.00134500 0.08825000 0.00081500
v -0.00815800 0.08669300 0.00103500
v -0.00726400 0.08669000 0.00098900
v -0.00624500 0.08668800 0.00095700
v -0.00512100 0.08668700 0.00093500
v -0.00391400 0.08668600 0.00092100
v -0.00264400 0.08668500 0.00091500
v -0.00133200 0.08668500 0.00091200
v -0.00583800 0.11542600 0.00079900
v -0.00519800 0.11542600 0.00074900
v -0.00446800 0.11542600 0.00071300
v -0.00366400 0.11542600 0.00069000
v -0.00280100 0.11542600 0.00067500
v -0.00189200 0.11542600 0.00066800
v -0.00095300 0.11542600 0.00066500
v -0.00621400 0.11439400 0.00076200
v -0.00553300 0.11439300 0.00071300
v -0.00475700 0.11439200 0.00067700
v -0.00390100 0.11439200 0.00065300
v -0.00298100 0.11439100 0.00063900
v -0.00201400 0.11439100 0.00063100
v -0.00101500 0.11439100 0.00062800
v -0.00655400 0.11331200 0.00072800
v -0.00583600 0.11331100 0.00067800
v -0.00501700 0.11330900 0.00064200
v -0.00411400 0.11330900 0.00061900
v -0.00314400 0.11330800 0.00060400
v -0.00212400 0.11330800 0.00059700
v -0.00107000 0.11330800 0.00059400
v -0.00685900 0.11219000 0.00069400
v -0.00610700 0.11218800 0.00064500
v -0.00525000 0.11218600 0.00061000
v -0.00430500 0.11218500 0.00058600
v -0.00329100 0.11218400 0.00057100
v -0.00222300 0.11218400 0.00056400
v -0.00112000 0.11218400 0.00056100
v -0.00713100 0.11103500 0.00066300
v -0.00635000 0.11103200 0.00061300
v -0.00545900 0.11103000 0.00057800
v -0.00447700 0.11102900 0.00055400
v -0.00342100 0.11102800 0.00054000
v -0.00231100 0.11102800 0.00053300
v -0.00116500 0.11102800 0.00053000
v -0.00737300 0.10985500 0.00063200
v -0.00656500 0.10985200 0.00058300
v -0.00564400 0.10985000 0.00054700
v -0.00462800 0.10984900 0.00052400
v -0.00353700 0.10984800 0.00051000
v -0.00239000 0.10984700 0.00050200
v -0.00120400 0.10984700 0.00050000
v -0.00758700 0.10865900 0.00060100
v -0.00675600 0.10865600 0.00055300
v -0.00580800 0.10865400 0.00051800
v -0.00476300 0.10865200 0.00049400
v -0.00364000 0.10865100 0.00048000
v -0.00245900 0.10865100 0.00047300
v -0.00123900 0.10865100 0.00047000
v -0.00798000 0.08355500 0.00123600
v -0.00710500 0.08355200 0.00119000
v -0.00610800 0.08355000 0.00115800
v -0.00500900 0.08354800 0.00113600
v -0.00382800 0.08354700 0.00112300
v -0.00258600 0.08354700 0.00111600
v -0.00130300 0.08354700 0.00111400
v -0.00787600 0.08186500 0.00136000
v -0.00701300 0.08186200 0.00131500
v -0.00602900 0.08186000 0.00128200
v -0.00494400 0.08185900 0.00126000
v -0.00377800 0.08185800 0.00124700
v -0.00255200 0.08185700 0.00124100
v -0.00128600 0.08185700 0.00123800
v -0.00775400 0.07993700 0.00152800
v -0.00690500 0.07993400 0.00148300
v -0.00593600 0.07993200 0.00145100
v -0.00486800 0.07993100 0.00142900
v -0.00372000 0.07993000 0.00141600
v -0.00251300 0.07993000 0.00140900
v -0.00126600 0.07993000 0.00140700
v -0.00761100 0.07764800 0.00176300
v -0.00677600 0.07764500 0.00171800
v -0.00582600 0.07764400 0.00168600
v -0.00477700 0.07764200 0.00166500
v -0.00365100 0.07764200 0.00165200
v -0.00246700 0.07764100 0.00164500
v -0.00124300 0.07764100 0.00164300
v -0.00743800 0.07487400 0.00208800
v -0.00662300 0.07487100 0.00204300
v -0.00569400 0.07487000 0.00201100
v -0.00466900 0.07486900 0.00199000
v -0.00356800 0.07486800 0.00197700
v -0.00241100 0.07486700 0.00197000
v -0.00121500 0.07486700 0.00196800
v -0.00723200 0.07149100 0.00252400
v -0.00643900 0.07148900 0.00248000
v -0.00553600 0.07148700 0.00244800
v -0.00453900 0.07148600 0.00242700
v -0.00346900 0.07148600 0.00241400
v -0.00234400 0.07148500 0.00240700
v -0.00118100 0.07148500 0.00240500
v -0.00698600 0.06737600 0.00309400
v -0.00622000 0.06737400 0.00305100
v -0.00534700 0.06737300 0.00301900
v -0.00438500 0.06737200 0.00299800
v -0.00335100 0.06737100 0.00298500
v -0.00226400 0.06737100 0.00297900
v -0.00114100 0.06737100 0.00297700
v -0.00758700 0.10879000 0.00269900
v -0.00675600 0.10879300 0.00274700
v -0.00580800 0.10879600 0.00278200
v -0.00476300 0.10879700 0.00280600
v -0.00364000 0.10879800 0.00282000
v -0.00245900 0.10879800 0.00282700
v -0.00123900 0.10879900 0.00283000
v -0.00737300 0.10998100 0.00273900
v -0.00656500 0.10998400 0.00278800
v -0.00564400 0.10998600 0.00282300
v -0.00462800 0.10998700 0.00284600
v -0.00353700 0.10998800 0.00286100
v -0.00239000 0.10998900 0.00286800
v -0.00120400 0.10998900 0.00287100
v -0.00713100 0.11115100 0.00277900
v -0.00635000 0.11115400 0.00282800
v -0.00545900 0.11115600 0.00286300
v -0.00447700 0.11115700 0.00288700
v -0.00342100 0.11115800 0.00290100
v -0.00231100 0.11115800 0.00290800
v -0.00116500 0.11115800 0.00291100
v -0.00685900 0.11229000 0.00281800
v -0.00610700 0.11229200 0.00286800
v -0.00525000 0.11229400 0.00290300
v -0.00430500 0.11229500 0.00292700
v -0.00329100 0.11229600 0.00294100
v -0.00222300 0.11229600 0.00294900
v -0.00112000 0.11229600 0.00295100
v -0.00655400 0.11338700 0.00285800
v -0.00583600 0.11338900 0.00290700
v -0.00501700 0.11339000 0.00294300
v -0.00411400 0.11339100 0.00296700
v -0.00314400 0.11339200 0.00298100
v -0.00212400 0.11339200 0.00298900
v -0.00107000 0.11339200 0.00299100
v -0.00621400 0.11443300 0.00289700
v -0.00553300 0.11443400 0.00294700
v -0.00475700 0.11443500 0.00298200
v -0.00390100 0.11443500 0.00300600
v -0.00298100 0.11443600 0.00302100
v -0.00201400 0.11443600 0.00302800
v -0.00101500 0.11443600 0.00303100
v -0.00583800 0.11541700 0.00293600
v -0.00519800 0.11541700 0.00298600
v -0.00446800 0.11541700 0.00302200
v -0.00366400 0.11541700 0.00304500
v -0.00280100 0.11541700 0.00306000
v -0.00189200 0.11541700 0.00306700
v -0.00095300 0.11541700 0.00307000
v -0.00698600 0.06746100 0.00497400
v -0.00622000 0.06746300 0.00501800
v -0.00534700 0.06746400 0.00504900
v -0.00438500 0.06746500 0.00507000
v -0.00335100 0.06746600 0.00508300
v -0.00226400 0.06746600 0.00509000
v -0.00114100 0.06746600 0.00509200
v -0.00723200 0.07158700 0.00442200
v -0.00643900 0.07158900 0.00446600
v -0.00553600 0.07159100 0.00449800
v -0.00453900 0.07159200 0.00451900
v -0.00346900 0.07159200 0.00453200
v -0.00234400 0.07159300 0.00453900
v -0.00118100 0.07159300 0.00454100
v -0.00743800 0.07497800 0.00400100
v -0.00662300 0.07498100 0.00404500
v -0.00569400 0.07498300 0.00407700
v -0.00466900 0.07498400 0.00409900
v -0.00356800 0.07498400 0.00411200
v -0.00241100 0.07498500 0.00411800
v -0.00121500 0.07498500 0.00412100
v -0.00761100 0.07776000 0.00368800
v -0.00677600 0.07776200 0.00373300
v -0.00582600 0.07776400 0.00376500
v -0.00477700 0.07776500 0.00378700
v -0.00365100 0.07776600 0.00380000
v -0.00246700 0.07776600 0.00380700
v -0.00124300 0.07776700 0.00380900
v -0.00775400 0.08005400 0.00346300
v -0.00690500 0.08005700 0.00350800
v -0.00593600 0.08005900 0.00354000
v -0.00486800 0.08006000 0.00356200
v -0.00372000 0.08006100 0.00357500
v -0.00251300 0.08006200 0.00358200
v -0.00126600 0.08006200 0.00358400
v -0.00787600 0.08198700 0.00330300
v -0.00701300 0.08199000 0.00334800
v -0.00602900 0.08199200 0.00338000
v -0.00494400 0.08199300 0.00340200
v -0.00377800 0.08199400 0.00341500
v -0.00255200 0.08199400 0.00342200
v -0.00128600 0.08199400 0.00342400
v -0.00798000 0.08368100 0.00318500
v -0.00710500 0.08368400 0.00323100
v -0.00610800 0.08368600 0.00326300
v -0.00500900 0.08368700 0.00328500
v -0.00382800 0.08368800 0.00329800
v -0.00258600 0.08368800 0.00330500
v -0.00130300 0.08368900 0.00330700
v -0.00238900 0.12094900 0.00119300
v -0.00210300 0.12103000 0.00116400
v -0.00177600 0.12110800 0.00114400
v -0.00142900 0.12117000 0.00112900
v -0.00107500 0.12120900 0.00112100
v -0.00071800 0.12122900 0.00111600
v -0.00036000 0.12123600 0.00111500
v -0.00271800 0.12058600 0.00113300
v -0.00240700 0.12063900 0.00109500
v -0.00204900 0.12069400 0.00106800
v -0.00166200 0.12074000 0.00105100
v -0.00125800 0.12076900 0.00104000
v -0.00084400 0.12078400 0.00103500
v -0.00042400 0.12078900 0.00103300
v -0.00310800 0.12012200 0.00107500
v -0.00276100 0.12015600 0.00103200
v -0.00236200 0.12019200 0.00100200
v -0.00192500 0.12022200 0.00098200
v -0.00146400 0.12024100 0.00097000
v -0.00098600 0.12025100 0.00096300
v -0.00049600 0.12025500 0.00096100
v -0.00354500 0.11955800 0.00102100
v -0.00315300 0.11957900 0.00097500
v -0.00270500 0.11960000 0.00094200
v -0.00221200 0.11961800 0.00092000
v -0.00168700 0.11962900 0.00090700
v -0.00113800 0.11963500 0.00090000
v -0.00057300 0.11963700 0.00089700
v -0.00401200 0.11889600 0.00097000
v -0.00357100 0.11890900 0.00092200
v -0.00306700 0.11892000 0.00088800
v -0.00251300 0.11892900 0.00086500
v -0.00191900 0.11893500 0.00085100
v -0.00129600 0.11893800 0.00084400
v -0.00065300 0.11893900 0.00084100
v -0.00449300 0.11814400 0.00092300
v -0.00400000 0.11815100 0.00087400
v -0.00343800 0.11815600 0.00083900
v -0.00281900 0.11816100 0.00081500
v -0.00215400 0.11816300 0.00080100
v -0.00145500 0.11816500 0.00079300
v -0.00073300 0.11816500 0.00079100
v -0.00496900 0.11730900 0.00087900
v -0.00442400 0.11731300 0.00082900
v -0.00380300 0.11731500 0.00079400
v -0.00311900 0.11731700 0.00077000
v -0.00238400 0.11731800 0.00075500
v -0.00161000 0.11731900 0.00074800
v -0.00081100 0.11731900 0.00074500
v 0.00176400 0.12155600 0.00205700
v 0.00176900 0.12160700 0.00191500
v 0.00178300 0.12163700 0.00177700
v 0.00180800 0.12163700 0.00164800
v 0.00185100 0.12159900 0.00153000
v 0.00191300 0.12152000 0.00142500
v 0.00200100 0.12139600 0.00133400
v 0.00138800 0.12176200 0.00207200
v 0.00139400 0.12181400 0.00192900
v 0.00141000 0.12184500 0.00179100
v 0.00144100 0.12184400 0.00166100
v 0.00149200 0.12180000 0.00154000
v 0.00157200 0.12170600 0.00142900
v 0.00168900 0.12155500 0.00133000
v 0.00106900 0.12190900 0.00208200
v 0.00107600 0.12196300 0.00193900
v 0.00109200 0.12199400 0.00180100
v 0.00112400 0.12199200 0.00166800
v 0.00117800 0.12194500 0.00154400
v 0.00126100 0.12184300 0.00142900
v 0.00138200 0.12167700 0.00132300
v 0.00079800 0.12200700 0.00208900
v 0.00080400 0.12206300 0.00194600
v 0.00081900 0.12209500 0.00180700
v 0.00085000 0.12209200 0.00167300
v 0.00089900 0.12204400 0.00154500
v 0.00097600 0.12193800 0.00142700
v 0.00108500 0.12176400 0.00131700
v 0.00056500 0.12206700 0.00209400
v 0.00057000 0.12212300 0.00195000
v 0.00058300 0.12215600 0.00181000
v 0.00060800 0.12215300 0.00167500
v 0.00065000 0.12210400 0.00154600
v 0.00071200 0.12199600 0.00142500
v 0.00080100 0.12181800 0.00131300
v 0.00036100 0.12209800 0.00209600
v 0.00036400 0.12215400 0.00195200
v 0.00037400 0.12218700 0.00181200
v 0.00039200 0.12218400 0.00167600
v 0.00042100 0.12213400 0.00154700
v 0.00046600 0.12202500 0.00142400
v 0.00052800 0.12184600 0.00131100
v 0.00017600 0.12210900 0.00209700
v 0.00017800 0.12216600 0.00195300
v 0.00018200 0.12219900 0.00181300
v 0.00019200 0.12219600 0.00167700
v 0.00020700 0.12214600 0.00154700
v 0.00023000 0.12203600 0.00142400
v 0.00026200 0.12185600 0.00131000
v -0.00635500 0.05651000 0.00471600
v -0.00565800 0.05650800 0.00467400
v -0.00486400 0.05650700 0.00464300
v -0.00398900 0.05650700 0.00462300
v -0.00304900 0.05650600 0.00461000
v -0.00206000 0.05650600 0.00460400
v -0.00103800 0.05650600 0.00460200
v -0.00598000 0.04983700 0.00574400
v -0.00532400 0.04983600 0.00570200
v -0.00457700 0.04983600 0.00567200
v -0.00375300 0.04983500 0.00565100
v -0.00286900 0.04983500 0.00563900
v -0.00193800 0.04983500 0.00563300
v -0.00097700 0.04983500 0.00563100
v -0.00558300 0.04259100 0.00685700
v -0.00497100 0.04259000 0.00681500
v -0.00427400 0.04259000 0.00678600
v -0.00350500 0.04259000 0.00676600
v -0.00267800 0.04259000 0.00675400
v -0.00180900 0.04259000 0.00674800
v -0.00091200 0.04259000 0.00674600
v -0.00518000 0.03497300 0.00800900
v -0.00461300 0.03497300 0.00796900
v -0.00396500 0.03497300 0.00794000
v -0.00325200 0.03497300 0.00792000
v -0.00248500 0.03497300 0.00790800
v -0.00167900 0.03497300 0.00790200
v -0.00084600 0.03497300 0.00790000
v -0.00478700 0.02718700 0.00915400
v -0.00426200 0.02718800 0.00911400
v -0.00366400 0.02718800 0.00908600
v -0.00300500 0.02718800 0.00906700
v -0.00229600 0.02718900 0.00905500
v -0.00155100 0.02718900 0.00904900
v -0.00078200 0.02718900 0.00904700
v -0.00441600 0.01943600 0.01024400
v -0.00393200 0.01943700 0.01020500
v -0.00338100 0.01943700 0.01017700
v -0.00277200 0.01943800 0.01015900
v -0.00211900 0.01943800 0.01014700
v -0.00143100 0.01943800 0.01014200
v -0.00072100 0.01943900 0.01013900
v -0.00408500 0.01192100 0.01123400
v -0.00363700 0.01192300 0.01119600
v -0.00312700 0.01192400 0.01116800
v -0.00256400 0.01192500 0.01115000
v -0.00196000 0.01192500 0.01113900
v -0.00132400 0.01192500 0.01113300
v -0.00066700 0.01192500 0.01113100
v -0.00359300 -0.00162400 0.01273400
v -0.00320000 -0.00162200 0.01269600
v -0.00275100 -0.00162000 0.01267000
v -0.00225600 -0.00161900 0.01265200
v -0.00172400 -0.00161800 0.01264100
v -0.00116500 -0.00161800 0.01263500
v -0.00058700 -0.00161800 0.01263300
v -0.00344100 -0.00748500 0.01320900
v -0.00306300 -0.00748200 0.01317200
v -0.00263400 -0.00748000 0.01314600
v -0.00216000 -0.00747900 0.01312800
v -0.00165100 -0.00747800 0.01311700
v -0.00111500 -0.00747800 0.01311200
v -0.00056200 -0.00747800 0.01311000
v -0.00334000 -0.01276700 0.01351400
v -0.00297400 -0.01276400 0.01347700
v -0.00255700 -0.01276200 0.01345100
v -0.00209700 -0.01276100 0.01343300
v -0.00160200 -0.01276000 0.01342200
v -0.00108200 -0.01275900 0.01341700
v -0.00054500 -0.01275900 0.01341500
v -0.00328300 -0.01750400 0.01366000
v -0.00292400 -0.01750100 0.01362300
v -0.00251300 -0.01749800 0.01359700
v -0.00206100 -0.01749700 0.01357900
v -0.00157500 -0.01749600 0.01356900
v -0.00106400 -0.01749500 0.01356300
v -0.00053600 -0.01749500 0.01356100
v -0.00326300 -0.02172700 0.01365900
v -0.00290600 -0.02172300 0.01362200
v -0.00249800 -0.02172100 0.01359600
v -0.00204800 -0.02171900 0.01357900
v -0.00156600 -0.02171800 0.01356800
v -0.00105800 -0.02171700 0.01356300
v -0.00053300 -0.02171700 0.01356100
v -0.00327100 -0.02546900 0.01352200
v -0.00291200 -0.02546500 0.01348600
v -0.00250400 -0.02546200 0.01346000
v -0.00205300 -0.02546000 0.01344300
v -0.00156900 -0.02545900 0.01343200
v -0.00106000 -0.02545800 0.01342700
v -0.00053400 -0.02545800 0.01342500
v -0.00329800 -0.02876100 0.01326300
v -0.00293700 -0.02875700 0.01322700
v -0.00252500 -0.02875400 0.01320100
v -0.00207100 -0.02875200 0.01318300
v -0.00158300 -0.02875000 0.01317300
v -0.00106900 -0.02875000 0.01316700
v -0.00053900 -0.02874900 0.01316500
v -0.00338400 -0.03413200 0.01242200
v -0.00301200 -0.03412700 0.01238600
v -0.00258900 -0.03412300 0.01236000
v -0.00212300 -0.03411900 0.01234300
v -0.00162200 -0.03411700 0.01233300
v -0.00109600 -0.03411600 0.01232800
v -0.00055200 -0.03411500 0.01232600
v -0.00344400 -0.03629900 0.01186700
v -0.00306100 -0.03629200 0.01183100
v -0.00262500 -0.03628400 0.01180600
v -0.00214800 -0.03627700 0.01179200
v -0.00163900 -0.03626900 0.01178400
v -0.00110600 -0.03626200 0.01178300
v -0.00055700 -0.03625700 0.01178300
v -0.00352900 -0.03819400 0.01124200
v -0.00312200 -0.03818200 0.01120700
v -0.00266400 -0.03816700 0.01118500
v -0.00216900 -0.03814700 0.01117600
v -0.00164800 -0.03812400 0.01117700
v -0.00110900 -0.03810200 0.01118400
v -0.00055700 -0.03808600 0.01119100
v -0.00365000 -0.03987200 0.01056200
v -0.00320100 -0.03985300 0.01052800
v -0.00270500 -0.03982200 0.01051200
v -0.00218000 -0.03977900 0.01051500
v -0.00164400 -0.03972800 0.01053100
v -0.00110000 -0.03967700 0.01055400
v -0.00055100 -0.03963900 0.01057400
v -0.00381600 -0.04139200 0.00984200
v -0.00329800 -0.04136000 0.00980900
v -0.00274300 -0.04130300 0.00980400
v -0.00217600 -0.04122300 0.00982400
v -0.00161800 -0.04112500 0.00986500
v -0.00107200 -0.04102700 0.00991500
v -0.00053400 -0.04095100 0.00995700
v -0.00403100 -0.04282500 0.00908900
v -0.00339900 -0.04276200 0.00906300
v -0.00275700 -0.04266200 0.00907400
v -0.00213700 -0.04252800 0.00911900
v -0.00155500 -0.04236300 0.00919600
v -0.00101200 -0.04219400 0.00928500
v -0.00049800 -0.04205600 0.00936300
v -0.00428400 -0.04424100 0.00831200
v -0.00347400 -0.04411400 0.00830300
v -0.00272200 -0.04395100 0.00833800
v -0.00204200 -0.04374600 0.00841600
v -0.00143600 -0.04349400 0.00853700
v -0.00090100 -0.04322500 0.00868100
v -0.00042900 -0.04298700 0.00881700
v -0.00793800 0.10624800 0.00054200
v -0.00706800 0.10624500 0.00049300
v -0.00607600 0.10624200 0.00045900
v -0.00498300 0.10624100 0.00043600
v -0.00380800 0.10624000 0.00042100
v -0.00257300 0.10623900 0.00041400
v -0.00129600 0.10623900 0.00041200
v -0.00807800 0.10503500 0.00051400
v -0.00719200 0.10503200 0.00046600
v -0.00618300 0.10502900 0.00043200
v -0.00507000 0.10502800 0.00040900
v -0.00387500 0.10502700 0.00039500
v -0.00261800 0.10502600 0.00038700
v -0.00131900 0.10502600 0.00038500
v -0.00819500 0.10381000 0.00049100
v -0.00729700 0.10380600 0.00044300
v -0.00627300 0.10380400 0.00040900
v -0.00514400 0.10380200 0.00038600
v -0.00393100 0.10380100 0.00037200
v -0.00265600 0.10380100 0.00036400
v -0.00133800 0.10380100 0.00036200
v -0.00829000 0.10256600 0.00047300
v -0.00738200 0.10256300 0.00042600
v -0.00634600 0.10256000 0.00039200
v -0.00520400 0.10255900 0.00036900
v -0.00397700 0.10255800 0.00035500
v -0.00268700 0.10255700 0.00034800
v -0.00135400 0.10255700 0.00034500
v -0.00836400 0.10129800 0.00046400
v -0.00744800 0.10129500 0.00041700
v -0.00640300 0.10129200 0.00038300
v -0.00525000 0.10129100 0.00036000
v -0.00401300 0.10129000 0.00034600
v -0.00271100 0.10128900 0.00033900
v -0.00136600 0.10128900 0.00033700
v -0.00841800 0.10000000 0.00046500
v -0.00749600 0.09999600 0.00041800
v -0.00644400 0.09999400 0.00038400
v -0.00528400 0.09999200 0.00036200
v -0.00403900 0.09999100 0.00034800
v -0.00272800 0.09999100 0.00034100
v -0.00137500 0.09999000 0.00033800
v -0.00845300 0.09866400 0.00047900
v -0.00752600 0.09866100 0.00043200
v -0.00647000 0.09865900 0.00039800
v -0.00530600 0.09865700 0.00037500
v -0.00405500 0.09865600 0.00036200
v -0.00273900 0.09865500 0.00035500
v -0.00138100 0.09865500 0.00035200
v 0.00000000 -0.05035400 0.00502900
v -0.00440300 -0.04717800 0.00674400
v -0.00331700 -0.04684900 0.00680400
v -0.00238800 -0.04651900 0.00690300
v -0.00160100 -0.04612300 0.00706700
v -0.00418800 -0.04866300 0.00600300
v -0.00306500 -0.04827700 0.00608400
v -0.00207200 -0.04787400 0.00621000
v -0.00122500 -0.04736400 0.00642100
v -0.00391700 -0.05015000 0.00530100
v -0.00276400 -0.04975100 0.00538500
v -0.00168400 -0.04931700 0.00551900
v -0.00072600 -0.04869900 0.00577200
v 0.00000000 -0.04443300 0.00795000
v 0.00041300 -0.04504800 0.00760800
v 0.00094600 -0.04562300 0.00730700
v 0.00160100 -0.04612300 0.00706700
v -0.00041300 -0.04504800 0.00760800
v 0.00000000 -0.04589100 0.00714800
v 0.00054000 -0.04668600 0.00674200
v 0.00122500 -0.04736400 0.00642100
v -0.00094600 -0.04562300 0.00730700
v -0.00054000 -0.04668600 0.00674200
v 0.00000000 -0.04775100 0.00621200
v 0.00072600 -0.04869900 0.00577200
v 0.00440300 -0.04717800 0.00674400
v 0.00418800 -0.04866300 0.00600300
v 0.00391700 -0.05015000 0.00530100
v 0.00363800 -0.05164600 0.00463800
v 0.00331700 -0.04684900 0.00680400
v 0.00306500 -0.04827700 0.00608400
v 0.00276400 -0.04975100 0.00538500
v 0.00247900 -0.05128500 0.00470700
v 0.00238800 -0.04651900 0.00690300
v 0.00207200 -0.04787400 0.00621000
v 0.00168400 -0.04931700 0.00551900
v 0.00132300 -0.05090500 0.00481600
v 0.00302100 -0.05600200 0.00297400
v 0.00206400 -0.05606700 0.00291300
v 0.00104700 -0.05615500 0.00286300
v 0.00000000 -0.05619700 0.00284400
v 0.00317300 -0.05461700 0.00345600
v 0.00213200 -0.05449300 0.00344900
v 0.00107200 -0.05442900 0.00344500
v 0.00000000 -0.05440800 0.00344500
v 0.00338500 -0.05314800 0.00401700
v 0.00226900 -0.05288200 0.00405500
v 0.00114500 -0.05265600 0.00410600
v 0.00000000 -0.05253300 0.00414200
v -0.00302100 -0.05600200 0.00297400
v -0.00317300 -0.05461700 0.00345600
v -0.00338500 -0.05314800 0.00401700
v -0.00363800 -0.05164600 0.00463800
v -0.00206400 -0.05606700 0.00291300
v -0.00213200 -0.05449300 0.00344900
v -0.00226900 -0.05288200 0.00405500
v -0.00247900 -0.05128500 0.00470700
v -0.00104700 -0.05615500 0.00286300
v -0.00107200 -0.05442900 0.00344500
v -0.00114500 -0.05265600 0.00410600
v -0.00132300 -0.05090500 0.00481600
v 0.00200100 0.12078900 0.00301400
v 0.00191300 0.12094600 0.00294300
v 0.00185100 0.12108000 0.00285300
v 0.00180800 0.12119400 0.00274600
v 0.00178300 0.12128700 0.00262300
v 0.00176900 0.12136600 0.00249000
v 0.00176400 0.12143400 0.00234800
v 0.00168900 0.12091100 0.00303800
v 0.00157200 0.12109800 0.00296300
v 0.00149200 0.12125000 0.00287000
v 0.00144100 0.12137500 0.00276100
v 0.00141000 0.12147700 0.00263800
v 0.00139400 0.12156000 0.00250400
v 0.00138800 0.12163200 0.00236200
v 0.00138200 0.12100300 0.00306000
v 0.00126100 0.12120700 0.00298100
v 0.00117800 0.12137200 0.00288500
v 0.00112400 0.12150500 0.00277300
v 0.00109200 0.12161200 0.00264800
v 0.00107600 0.12170000 0.00251400
v 0.00106900 0.12177500 0.00237200
v 0.00108500 0.12106700 0.00307700
v 0.00097600 0.12128100 0.00299500
v 0.00089900 0.12145300 0.00289600
v 0.00085000 0.12159200 0.00278200
v 0.00081900 0.12170300 0.00265600
v 0.00080400 0.12179300 0.00252100
v 0.00079800 0.12187000 0.00237900
v 0.00080100 0.12110600 0.00308800
v 0.00071200 0.12132600 0.00300400
v 0.00065000 0.12150300 0.00290300
v 0.00060800 0.12164400 0.00278800
v 0.00058300 0.12175800 0.00266100
v 0.00057000 0.12185000 0.00252500
v 0.00056500 0.12192800 0.00238300
v 0.00052800 0.12112700 0.00309300
v 0.00046600 0.12134900 0.00300800
v 0.00042100 0.12152800 0.00290700
v 0.00039200 0.12167100 0.00279000
v 0.00037400 0.12178600 0.00266300
v 0.00036400 0.12187900 0.00252700
v 0.00036100 0.12195800 0.00238500
v 0.00026200 0.12113400 0.00309500
v 0.00023000 0.12135700 0.00301000
v 0.00020700 0.12153700 0.00290800
v 0.00019200 0.12168100 0.00279200
v 0.00018200 0.12179600 0.00266400
v 0.00017800 0.12189000 0.00252800
v 0.00017600 0.12196900 0.00238600
v 0.00985200 0.09600100 0.00241200
v 0.00983000 0.09453300 0.00246200
v 0.00979100 0.09303000 0.00252500
v 0.00973600 0.09150000 0.00259900
v 0.00966700 0.08994900 0.00268000
v 0.00958600 0.08838600 0.00276800
v 0.00949400 0.08681800 0.00285900
v 0.01031100 0.09599400 0.00231700
v 0.01028800 0.09452600 0.00236800
v 0.01024600 0.09302300 0.00243200
v 0.01018900 0.09149300 0.00250500
v 0.01011600 0.08994300 0.00258700
v 0.01003200 0.08838000 0.00267500
v 0.00993600 0.08681100 0.00276700
v 0.01063900 0.09598600 0.00221000
v 0.01061500 0.09451800 0.00226100
v 0.01057300 0.09301500 0.00232500
v 0.01051300 0.09148500 0.00239900
v 0.01043900 0.08993500 0.00248100
v 0.01035100 0.08837200 0.00256900
v 0.01025300 0.08680400 0.00266100
v 0.01085900 0.09597700 0.00209100
v 0.01083500 0.09450900 0.00214300
v 0.01079200 0.09300700 0.00220700
v 0.01073100 0.09147700 0.00228200
v 0.01065500 0.08992700 0.00236400
v 0.01056600 0.08836400 0.00245300
v 0.01046500 0.08679600 0.00254500
v 0.01099300 0.09596700 0.00196400
v 0.01096800 0.09450000 0.00201600
v 0.01092400 0.09299800 0.00208100
v 0.01086300 0.09146800 0.00215600
v 0.01078600 0.08991800 0.00223900
v 0.01069500 0.08835600 0.00232800
v 0.01059400 0.08678800 0.00242000
v 0.01106100 0.09595700 0.00183000
v 0.01103700 0.09449000 0.00188300
v 0.01099200 0.09298800 0.00194800
v 0.01093100 0.09145800 0.00202300
v 0.01085300 0.08990900 0.00210700
v 0.01076200 0.08834600 0.00219600
v 0.01066000 0.08677900 0.00228900
v 0.01108700 0.09594700 0.00169200
v 0.01106200 0.09448000 0.00174500
v 0.01101800 0.09297800 0.00181100
v 0.01095600 0.09144800 0.00188700
v 0.01087800 0.08989900 0.00197000
v 0.01078700 0.08833700 0.00206000
v 0.01068400 0.08677000 0.00215400
v 0.00983700 0.09880400 0.00235600
v 0.01029500 0.09879700 0.00226100
v 0.01062300 0.09878900 0.00215200
v 0.01084200 0.09878000 0.00203300
v 0.01097600 0.09877100 0.00190500
v 0.01104400 0.09876100 0.00177000
v 0.01107000 0.09875000 0.00163000
v 0.00979700 0.10013900 0.00235100
v 0.01025300 0.10013200 0.00225500
v 0.01057900 0.10012400 0.00214600
v 0.01079800 0.10011500 0.00202600
v 0.01093100 0.10010500 0.00189700
v 0.01099900 0.10009500 0.00176200
v 0.01102500 0.10008500 0.00162200
v 0.00973400 0.10143600 0.00235800
v 0.01018700 0.10142900 0.00226200
v 0.01051200 0.10142100 0.00215300
v 0.01072900 0.10141200 0.00203200
v 0.01086100 0.10140300 0.00190300
v 0.01092900 0.10139300 0.00176700
v 0.01095400 0.10138300 0.00162600
v 0.00964800 0.10270200 0.00237600
v 0.01009700 0.10269500 0.00228000
v 0.01041800 0.10268700 0.00217000
v 0.01063400 0.10267900 0.00204900
v 0.01076500 0.10266900 0.00191900
v 0.01083200 0.10266000 0.00178200
v 0.01085700 0.10265000 0.00164100
v 0.00953700 0.10394300 0.00240300
v 0.00998000 0.10393600 0.00230600
v 0.01029800 0.10392900 0.00219600
v 0.01051200 0.10392000 0.00207400
v 0.01064100 0.10391100 0.00194300
v 0.01070700 0.10390200 0.00180600
v 0.01073200 0.10389200 0.00166300
v 0.00940000 0.10516600 0.00243600
v 0.00983800 0.10515900 0.00233800
v 0.01015100 0.10515200 0.00222700
v 0.01036100 0.10514300 0.00210500
v 0.01048900 0.10513400 0.00197400
v 0.01055400 0.10512500 0.00183500
v 0.01057800 0.10511500 0.00169300
v 0.00923800 0.10637600 0.00247300
v 0.00966800 0.10636900 0.00237500
v 0.00997600 0.10636200 0.00226300
v 0.01018200 0.10635400 0.00214000
v 0.01030700 0.10634500 0.00200800
v 0.01037200 0.10633600 0.00186900
v 0.01039500 0.10632600 0.00172600
v 0.00739600 0.05656100 0.00641800
v 0.00695900 0.04987200 0.00741700
v 0.00649700 0.04260700 0.00850000
v 0.00602900 0.03497000 0.00962200
v 0.00557000 0.02716500 0.01073600
v 0.00514000 0.01939400 0.01179700
v 0.00475400 0.01186100 0.01276100
v 0.00774000 0.05655800 0.00633200
v 0.00728300 0.04987000 0.00733200
v 0.00680000 0.04260600 0.00841700
v 0.00630900 0.03497000 0.00954000
v 0.00583000 0.02716600 0.01065600
v 0.00537900 0.01939600 0.01171900
v 0.00497500 0.01186400 0.01268400
v 0.00798600 0.05655500 0.00623400
v 0.00751500 0.04986800 0.00723600
v 0.00701600 0.04260500 0.00832200
v 0.00651000 0.03497100 0.00944700
v 0.00601500 0.02716700 0.01056400
v 0.00555000 0.01939900 0.01162900
v 0.00513300 0.01186800 0.01259500
v 0.00815200 0.05655200 0.00612500
v 0.00767000 0.04986600 0.00712900
v 0.00716200 0.04260400 0.00821700
v 0.00664500 0.03497100 0.00934400
v 0.00614000 0.02716900 0.01046400
v 0.00566500 0.01940100 0.01153000
v 0.00524000 0.01187200 0.01249800
v 0.00825200 0.05654900 0.00600900
v 0.00776500 0.04986300 0.00701500
v 0.00725000 0.04260300 0.00810500
v 0.00672700 0.03497100 0.00923400
v 0.00621500 0.02717000 0.01035500
v 0.00573500 0.01940400 0.01142400
v 0.00530400 0.01187600 0.01239400
v 0.00830300 0.05654500 0.00588600
v 0.00781300 0.04986100 0.00689400
v 0.00729500 0.04260200 0.00798700
v 0.00676900 0.03497100 0.00911800
v 0.00625400 0.02717200 0.01024200
v 0.00577000 0.01940700 0.01131200
v 0.00533700 0.01188000 0.01228400
v 0.00832200 0.05654100 0.00576000
v 0.00783100 0.04985800 0.00677000
v 0.00731200 0.04260100 0.00786500
v 0.00678400 0.03497100 0.00899800
v 0.00626800 0.02717300 0.01012400
v 0.00578400 0.01941000 0.01119700
v 0.00534900 0.01188400 0.01217000
v 0.00883000 0.10878100 0.00255100
v 0.00924100 0.10877500 0.00245200
v 0.00953500 0.10876800 0.00234000
v 0.00973200 0.10876000 0.00221600
v 0.00985200 0.10875200 0.00208200
v 0.00991300 0.10874300 0.00194200
v 0.00993600 0.10873400 0.00179700
v 0.00858100 0.10997200 0.00259000
v 0.00898000 0.10996600 0.00249100
v 0.00926600 0.10995900 0.00237800
v 0.00945800 0.10995200 0.00225300
v 0.00957500 0.10994400 0.00211900
v 0.00963400 0.10993600 0.00197800
v 0.00965600 0.10992700 0.00183300
v 0.00829900 0.11114300 0.00263000
v 0.00868500 0.11113700 0.00253000
v 0.00896200 0.11113100 0.00241600
v 0.00914800 0.11112400 0.00229100
v 0.00926000 0.11111700 0.00215700
v 0.00931800 0.11110900 0.00201500
v 0.00933900 0.11110100 0.00186900
v 0.00798200 0.11228300 0.00266900
v 0.00835400 0.11227800 0.00256900
v 0.00862000 0.11227300 0.00245500
v 0.00879800 0.11226700 0.00232900
v 0.00890600 0.11226100 0.00219400
v 0.00896200 0.11225400 0.00205200
v 0.00898200 0.11224700 0.00190500
v 0.00762700 0.11338200 0.00270800
v 0.00798200 0.11337900 0.00260800
v 0.00823600 0.11337500 0.00249300
v 0.00840700 0.11337000 0.00236700
v 0.00851000 0.11336500 0.00223200
v 0.00856300 0.11336000 0.00208900
v 0.00858300 0.11335500 0.00194200
v 0.00723200 0.11443100 0.00274700
v 0.00756800 0.11442900 0.00264600
v 0.00780900 0.11442700 0.00253200
v 0.00797100 0.11442400 0.00240600
v 0.00806900 0.11442200 0.00227000
v 0.00811900 0.11441900 0.00212700
v 0.00813800 0.11441600 0.00198000
v 0.00679400 0.11541800 0.00278600
v 0.00711000 0.11541800 0.00268500
v 0.00733600 0.11541900 0.00257000
v 0.00748800 0.11541900 0.00244400
v 0.00758000 0.11542000 0.00230800
v 0.00762700 0.11542000 0.00216500
v 0.00764500 0.11542100 0.00201700
v 0.00383400 -0.02893500 0.01470900
v 0.00401300 -0.02892600 0.01463600
v 0.00414100 -0.02891600 0.01455300
v 0.00422700 -0.02890500 0.01446100
v 0.00427900 -0.02889300 0.01436200
v 0.00430600 -0.02888100 0.01425800
v 0.00431600 -0.02886800 0.01415000
v 0.00380400 -0.02562700 0.01497200
v 0.00398100 -0.02561900 0.01489900
v 0.00410800 -0.02561000 0.01481500
v 0.00419300 -0.02560000 0.01472300
v 0.00424500 -0.02558900 0.01462300
v 0.00427200 -0.02557800 0.01451900
v 0.00428200 -0.02556600 0.01441100
v 0.00379600 -0.02187200 0.01511200
v 0.00397300 -0.02186400 0.01503800
v 0.00409900 -0.02185600 0.01495400
v 0.00418400 -0.02184700 0.01486200
v 0.00423600 -0.02183700 0.01476200
v 0.00426200 -0.02182600 0.01465800
v 0.00427200 -0.02181600 0.01455000
v 0.00382000 -0.01763600 0.01511700
v 0.00399800 -0.01762900 0.01504400
v 0.00412600 -0.01762100 0.01495900
v 0.00421100 -0.01761300 0.01486700
v 0.00426300 -0.01760400 0.01476700
v 0.00429000 -0.01759400 0.01466200
v 0.00429900 -0.01758500 0.01455400
v 0.00388600 -0.01288600 0.01497800
v 0.00406700 -0.01288000 0.01490400
v 0.00419700 -0.01287300 0.01482000
v 0.00428400 -0.01286600 0.01472600
v 0.00433700 -0.01285800 0.01462600
v 0.00436400 -0.01284900 0.01452100
v 0.00437400 -0.01284000 0.01441200
v 0.00400400 -0.00759100 0.01468300
v 0.00419000 -0.00758500 0.01460800
v 0.00432400 -0.00757900 0.01452300
v 0.00441300 -0.00757300 0.01443000
v 0.00446700 -0.00756500 0.01432900
v 0.00449500 -0.00755800 0.01422300
v 0.00450600 -0.00755000 0.01411300
v 0.00418200 -0.00171600 0.01422100
v 0.00437600 -0.00171200 0.01414600
v 0.00451600 -0.00170600 0.01406000
v 0.00460900 -0.00170100 0.01396500
v 0.00466600 -0.00169400 0.01386300
v 0.00469500 -0.00168800 0.01375600
v 0.00470600 -0.00168100 0.01364600
v 0.00578200 0.11717000 0.00286200
v 0.00605100 0.11717700 0.00276200
v 0.00624400 0.11718500 0.00264700
v 0.00637300 0.11719400 0.00252100
v 0.00645100 0.11720400 0.00238600
v 0.00649100 0.11721400 0.00224300
v 0.00650600 0.11722400 0.00209500
v 0.00522700 0.11792200 0.00289800
v 0.00546800 0.11793500 0.00279800
v 0.00564000 0.11794900 0.00268500
v 0.00575500 0.11796400 0.00255900
v 0.00582500 0.11798000 0.00242400
v 0.00586100 0.11799700 0.00228200
v 0.00587400 0.11801400 0.00213500
v 0.00466400 0.11859000 0.00293000
v 0.00487400 0.11860900 0.00283100
v 0.00502200 0.11863100 0.00271900
v 0.00512000 0.11865500 0.00259500
v 0.00517900 0.11868000 0.00246100
v 0.00521000 0.11870400 0.00232000
v 0.00522100 0.11872800 0.00217400
v 0.00411200 0.11917000 0.00295400
v 0.00428800 0.11919800 0.00285900
v 0.00440700 0.11923200 0.00275000
v 0.00448400 0.11926800 0.00262900
v 0.00453000 0.11930200 0.00249600
v 0.00455400 0.11933500 0.00235600
v 0.00456300 0.11936700 0.00221100
v 0.00359000 0.11966200 0.00297100
v 0.00372700 0.11970300 0.00288100
v 0.00381300 0.11975100 0.00277600
v 0.00386500 0.11980100 0.00265800
v 0.00389500 0.11984700 0.00252900
v 0.00391000 0.11989000 0.00239000
v 0.00391600 0.11993000 0.00224600
v 0.00311300 0.12006600 0.00298100
v 0.00320300 0.12012500 0.00289700
v 0.00325100 0.12019200 0.00279800
v 0.00327500 0.12025800 0.00268500
v 0.00328800 0.12031700 0.00255800
v 0.00329500 0.12037000 0.00242100
v 0.00329700 0.12041800 0.00227800
v 0.00269200 0.12038500 0.00298700
v 0.00272400 0.12046800 0.00291100
v 0.00273000 0.12055700 0.00281700
v 0.00272700 0.12064100 0.00270800
v 0.00272400 0.12071300 0.00258400
v 0.00272300 0.12077600 0.00244800
v 0.00272200 0.12083100 0.00230600
v 0.00559000 -0.04440600 0.00994800
v 0.00599300 -0.04414500 0.01003100
v 0.00626800 -0.04393500 0.01006900
v 0.00644800 -0.04378200 0.01006000
v 0.00655800 -0.04367900 0.01001400
v 0.00661700 -0.04361400 0.00993800
v 0.00664200 -0.04357400 0.00984300
v 0.00500000 -0.04305500 0.01062900
v 0.00533100 -0.04291000 0.01064300
v 0.00556700 -0.04277300 0.01063800
v 0.00572500 -0.04266100 0.01060600
v 0.00582300 -0.04258200 0.01054600
v 0.00587500 -0.04252900 0.01046300
v 0.00589600 -0.04249500 0.01036500
v 0.00459300 -0.04164600 0.01132800
v 0.00486500 -0.04156700 0.01130000
v 0.00506300 -0.04148300 0.01126300
v 0.00519800 -0.04140700 0.01120900
v 0.00528100 -0.04135000 0.01113500
v 0.00532500 -0.04131000 0.01104500
v 0.00534300 -0.04128100 0.01094400
v 0.00431600 -0.04012700 0.01202000
v 0.00454700 -0.04008200 0.01197000
v 0.00471500 -0.04003100 0.01191000
v 0.00482900 -0.03998400 0.01183800
v 0.00489900 -0.03994600 0.01175300
v 0.00493600 -0.03991700 0.01165700
v 0.00495100 -0.03989300 0.01155400
v 0.00412800 -0.03843900 0.01268500
v 0.00433300 -0.03841300 0.01262200
v 0.00448200 -0.03838400 0.01254900
v 0.00458200 -0.03835500 0.01246600
v 0.00464300 -0.03833000 0.01237300
v 0.00467600 -0.03830700 0.01227300
v 0.00468900 -0.03828700 0.01216800
v 0.00400600 -0.03652900 0.01330500
v 0.00419700 -0.03651300 0.01323500
v 0.00433400 -0.03649600 0.01315500
v 0.00442700 -0.03647700 0.01306600
v 0.00448300 -0.03645900 0.01297000
v 0.00451300 -0.03644100 0.01286700
v 0.00452500 -0.03642300 0.01276100
v 0.00393000 -0.03434300 0.01386100
v 0.00411400 -0.03433200 0.01378900
v 0.00424600 -0.03431900 0.01370600
v 0.00433400 -0.03430500 0.01361500
v 0.00438900 -0.03429100 0.01351600
v 0.00441700 -0.03427500 0.01341300
v 0.00442800 -0.03425900 0.01330600
v 0.00928700 0.08367200 0.00304800
v 0.00916500 0.08197800 0.00316600
v 0.00902400 0.08004600 0.00332700
v 0.00885700 0.07775200 0.00355300
v 0.00865600 0.07497100 0.00386600
v 0.00841600 0.07158000 0.00428900
v 0.00813000 0.06745500 0.00484200
v 0.00971900 0.08366600 0.00295600
v 0.00959200 0.08197200 0.00307400
v 0.00944400 0.08004100 0.00323600
v 0.00926900 0.07774600 0.00346200
v 0.00905900 0.07496600 0.00377600
v 0.00880800 0.07157600 0.00419900
v 0.00850800 0.06745100 0.00475400
v 0.01002800 0.08365900 0.00285200
v 0.00989800 0.08196600 0.00297000
v 0.00974500 0.08003400 0.00313200
v 0.00956400 0.07774000 0.00335900
v 0.00934800 0.07496000 0.00367400
v 0.00908800 0.07157000 0.00409700
v 0.00877900 0.06744600 0.00465300
v 0.01023600 0.08365200 0.00273600
v 0.01010200 0.08195900 0.00285500
v 0.00994700 0.08002700 0.00301700
v 0.00976200 0.07773400 0.00324500
v 0.00954100 0.07495400 0.00356000
v 0.00927600 0.07156500 0.00398500
v 0.00896100 0.06744100 0.00454100
v 0.01036200 0.08364400 0.00261200
v 0.01022700 0.08195100 0.00273200
v 0.01006900 0.08002000 0.00289400
v 0.00988200 0.07772700 0.00312300
v 0.00965900 0.07494800 0.00343900
v 0.00939000 0.07155900 0.00386400
v 0.00907100 0.06743600 0.00442200
v 0.01042700 0.08363500 0.00248200
v 0.01029000 0.08194300 0.00260200
v 0.01013200 0.08001200 0.00276500
v 0.00994400 0.07771900 0.00299400
v 0.00971900 0.07494100 0.00331100
v 0.00944900 0.07155200 0.00373700
v 0.00912700 0.06743000 0.00429600
v 0.01045000 0.08362700 0.00234700
v 0.01031400 0.08193400 0.00246700
v 0.01015500 0.08000400 0.00263100
v 0.00996700 0.07771200 0.00286100
v 0.00974100 0.07493300 0.00317900
v 0.00947100 0.07154600 0.00360600
v 0.00914800 0.06742400 0.00416600
v -0.00985200 0.09600100 0.00241200
v -0.01031100 0.09599400 0.00231700
v -0.01063900 0.09598600 0.00221000
v -0.01085900 0.09597700 0.00209100
v -0.01099300 0.09596700 0.00196400
v -0.01106100 0.09595700 0.00183000
v -0.01108700 0.09594700 0.00169200
v -0.00983000 0.09453300 0.00246200
v -0.01028800 0.09452600 0.00236800
v -0.01061500 0.09451800 0.00226100
v -0.01083500 0.09450900 0.00214300
v -0.01096800 0.09450000 0.00201600
v -0.01103700 0.09449000 0.00188300
v -0.01106200 0.09448000 0.00174500
v -0.00979100 0.09303000 0.00252500
v -0.01024600 0.09302300 0.00243200
v -0.01057300 0.09301500 0.00232500
v -0.01079200 0.09300700 0.00220700
v -0.01092400 0.09299800 0.00208100
v -0.01099200 0.09298800 0.00194800
v -0.01101800 0.09297800 0.00181100
v -0.00973600 0.09150000 0.00259900
v -0.01018900 0.09149300 0.00250500
v -0.01051300 0.09148500 0.00239900
v -0.01073100 0.09147700 0.00228200
v -0.01086300 0.09146800 0.00215600
v -0.01093100 0.09145800 0.00202300
v -0.01095600 0.09144800 0.00188700
v -0.00966700 0.08994900 0.00268000
v -0.01011600 0.08994300 0.00258700
v -0.01043900 0.08993500 0.00248100
v -0.01065500 0.08992700 0.00236400
v -0.01078600 0.08991800 0.00223900
v -0.01085300 0.08990900 0.00210700
v -0.01087800 0.08989900 0.00197000
v -0.00958600 0.08838600 0.00276800
v -0.01003200 0.08838000 0.00267500
v -0.01035100 0.08837200 0.00256900
v -0.01056600 0.08836400 0.00245300
v -0.01069500 0.08835600 0.00232800
v -0.01076200 0.08834600 0.00219600
v -0.01078700 0.08833700 0.00206000
v -0.00949400 0.08681800 0.00285900
v -0.00993600 0.08681100 0.00276700
v -0.01025300 0.08680400 0.00266100
v -0.01046500 0.08679600 0.00254500
v -0.01059400 0.08678800 0.00242000
v -0.01066000 0.08677900 0.00228900
v -0.01068400 0.08677000 0.00215400
v -0.00983700 0.09880400 0.00235600
v -0.00979700 0.10013900 0.00235100
v -0.00973400 0.10143600 0.00235800
v -0.00964800 0.10270200 0.00237600
v -0.00953700 0.10394300 0.00240300
v -0.00940000 0.10516600 0.00243600
v -0.00923800 0.10637600 0.00247300
v -0.01029500 0.09879700 0.00226100
v -0.01025300 0.10013200 0.00225500
v -0.01018700 0.10142900 0.00226200
v -0.01009700 0.10269500 0.00228000
v -0.00998000 0.10393600 0.00230600
v -0.00983800 0.10515900 0.00233800
v -0.00966800 0.10636900 0.00237500
v -0.01062300 0.09878900 0.00215200
v -0.01057900 0.10012400 0.00214600
v -0.01051200 0.10142100 0.00215300
v -0.01041800 0.10268700 0.00217000
v -0.01029800 0.10392900 0.00219600
v -0.01015100 0.10515200 0.00222700
v -0.00997600 0.10636200 0.00226300
v -0.01084200 0.09878000 0.00203300
v -0.01079800 0.10011500 0.00202600
v -0.01072900 0.10141200 0.00203200
v -0.01063400 0.10267900 0.00204900
v -0.01051200 0.10392000 0.00207400
v -0.01036100 0.10514300 0.00210500
v -0.01018200 0.10635400 0.00214000
v -0.01097600 0.09877100 0.00190500
v -0.01093100 0.10010500 0.00189700
v -0.01086100 0.10140300 0.00190300
v -0.01076500 0.10266900 0.00191900
v -0.01064100 0.10391100 0.00194300
v -0.01048900 0.10513400 0.00197400
v -0.01030700 0.10634500 0.00200800
v -0.01104400 0.09876100 0.00177000
v -0.01099900 0.10009500 0.00176200
v -0.01092900 0.10139300 0.00176700
v -0.01083200 0.10266000 0.00178200
v -0.01070700 0.10390200 0.00180600
v -0.01055400 0.10512500 0.00183500
v -0.01037200 0.10633600 0.00186900
v -0.01107000 0.09875000 0.00163000
v -0.01102500 0.10008500 0.00162200
v -0.01095400 0.10138300 0.00162600
v -0.01085700 0.10264900 0.00164100
v -0.01073200 0.10389200 0.00166300
v -0.01057800 0.10511500 0.00169300
v -0.01039500 0.10632600 0.00172600
v -0.00739500 0.05656100 0.00641800
v -0.00774000 0.05655800 0.00633200
v -0.00798600 0.05655500 0.00623400
v -0.00815200 0.05655200 0.00612500
v -0.00825200 0.05654900 0.00600900
v -0.00830300 0.05654500 0.00588600
v -0.00832200 0.05654100 0.00576000
v -0.00695900 0.04987200 0.00741700
v -0.00728300 0.04987000 0.00733200
v -0.00751500 0.04986800 0.00723600
v -0.00767000 0.04986600 0.00712900
v -0.00776500 0.04986300 0.00701500
v -0.00781300 0.04986100 0.00689400
v -0.00783100 0.04985800 0.00677000
v -0.00649700 0.04260700 0.00850000
v -0.00680000 0.04260600 0.00841700
v -0.00701600 0.04260500 0.00832200
v -0.00716200 0.04260400 0.00821700
v -0.00725000 0.04260300 0.00810500
v -0.00729500 0.04260200 0.00798700
v -0.00731200 0.04260100 0.00786500
v -0.00602900 0.03497000 0.00962200
v -0.00630900 0.03497000 0.00954000
v -0.00651000 0.03497100 0.00944700
v -0.00664500 0.03497100 0.00934400
v -0.00672700 0.03497100 0.00923400
v -0.00676900 0.03497100 0.00911800
v -0.00678400 0.03497100 0.00899800
v -0.00557000 0.02716500 0.01073600
v -0.00583000 0.02716600 0.01065600
v -0.00601500 0.02716700 0.01056400
v -0.00614000 0.02716900 0.01046400
v -0.00621500 0.02717000 0.01035500
v -0.00625400 0.02717200 0.01024200
v -0.00626800 0.02717300 0.01012400
v -0.00514000 0.01939400 0.01179700
v -0.00537900 0.01939600 0.01171900
v -0.00555000 0.01939900 0.01162900
v -0.00566500 0.01940100 0.01153000
v -0.00573500 0.01940400 0.01142400
v -0.00577000 0.01940700 0.01131200
v -0.00578400 0.01941000 0.01119700
v -0.00475400 0.01186100 0.01276100
v -0.00497500 0.01186400 0.01268400
v -0.00513300 0.01186800 0.01259500
v -0.00524000 0.01187200 0.01249800
v -0.00530400 0.01187600 0.01239400
v -0.00533700 0.01188000 0.01228400
v -0.00534900 0.01188400 0.01217000
v -0.00883000 0.10878100 0.00255100
v -0.00858100 0.10997200 0.00259000
v -0.00829900 0.11114300 0.00263000
v -0.00798200 0.11228300 0.00266900
v -0.00762700 0.11338200 0.00270800
v -0.00723200 0.11443100 0.00274700
v -0.00679300 0.11541800 0.00278600
v -0.00924100 0.10877500 0.00245200
v -0.00898000 0.10996600 0.00249100
v -0.00868500 0.11113700 0.00253000
v -0.00835400 0.11227800 0.00256900
v -0.00798200 0.11337900 0.00260800
v -0.00756800 0.11442900 0.00264600
v -0.00711000 0.11541800 0.00268500
v -0.00953500 0.10876800 0.00234000
v -0.00926600 0.10995900 0.00237800
v -0.00896200 0.11113100 0.00241600
v -0.00862000 0.11227300 0.00245500
v -0.00823600 0.11337500 0.00249300
v -0.00780900 0.11442700 0.00253200
v -0.00733600 0.11541900 0.00257000
v -0.00973200 0.10876000 0.00221600
v -0.00945800 0.10995200 0.00225300
v -0.00914800 0.11112400 0.00229100
v -0.00879800 0.11226700 0.00232900
v -0.00840700 0.11337000 0.00236700
v -0.00797100 0.11442400 0.00240600
v -0.00748800 0.11541900 0.00244400
v -0.00985200 0.10875200 0.00208200
v -0.00957500 0.10994400 0.00211900
v -0.00926000 0.11111700 0.00215700
v -0.00890600 0.11226100 0.00219400
v -0.00851000 0.11336500 0.00223200
v -0.00806900 0.11442200 0.00227000
v -0.00758000 0.11542000 0.00230800
v -0.00991300 0.10874300 0.00194200
v -0.00963400 0.10993600 0.00197800
v -0.00931800 0.11110900 0.00201500
v -0.00896200 0.11225400 0.00205200
v -0.00856300 0.11336000 0.00208900
v -0.00811900 0.11441900 0.00212700
v -0.00762700 0.11542000 0.00216500
v -0.00993600 0.10873400 0.00179700
v -0.00965600 0.10992700 0.00183300
v -0.00933900 0.11110100 0.00186900
v -0.00898200 0.11224700 0.00190500
v -0.00858300 0.11335500 0.00194200
v -0.00813800 0.11441600 0.00198000
v -0.00764500 0.11542100 0.00201700
v -0.00383400 -0.02893500 0.01470900
v -0.00380400 -0.02562700 0.01497200
v -0.00379600 -0.02187200 0.01511200
v -0.00382000 -0.01763600 0.01511700
v -0.00388600 -0.01288600 0.01497800
v -0.00400400 -0.00759100 0.01468300
v -0.00418200 -0.00171600 0.01422100
v -0.00401300 -0.02892600 0.01463600
v -0.00398100 -0.02561900 0.01489900
v -0.00397300 -0.02186400 0.01503800
v -0.00399800 -0.01762900 0.01504400
v -0.00406700 -0.01288000 0.01490400
v -0.00419000 -0.00758500 0.01460800
v -0.00437600 -0.00171200 0.01414600
v -0.00414100 -0.02891600 0.01455300
v -0.00410800 -0.02561000 0.01481500
v -0.00409900 -0.02185600 0.01495400
v -0.00412600 -0.01762100 0.01495900
v -0.00419700 -0.01287300 0.01482000
v -0.00432400 -0.00757900 0.01452300
v -0.00451600 -0.00170600 0.01406000
v -0.00422700 -0.02890500 0.01446100
v -0.00419300 -0.02560000 0.01472300
v -0.00418400 -0.02184700 0.01486200
v -0.00421100 -0.01761300 0.01486700
v -0.00428400 -0.01286600 0.01472600
v -0.00441300 -0.00757300 0.01443000
v -0.00460900 -0.00170100 0.01396500
v -0.00427900 -0.02889300 0.01436200
v -0.00424500 -0.02558900 0.01462300
v -0.00423600 -0.02183700 0.01476200
v -0.00426300 -0.01760400 0.01476700
v -0.00433700 -0.01285800 0.01462600
v -0.00446700 -0.00756500 0.01432900
v -0.00466600 -0.00169400 0.01386300
v -0.00430600 -0.02888100 0.01425800
v -0.00427200 -0.02557800 0.01451900
v -0.00426200 -0.02182600 0.01465800
v -0.00429000 -0.01759400 0.01466200
v -0.00436400 -0.01284900 0.01452100
v -0.00449500 -0.00755800 0.01422300
v -0.00469500 -0.00168800 0.01375600
v -0.00431600 -0.02886800 0.01415000
v -0.00428200 -0.02556600 0.01441100
v -0.00427200 -0.02181600 0.01455000
v -0.00429900 -0.01758500 0.01455400
v -0.00437400 -0.01284000 0.01441200
v -0.00450600 -0.00755000 0.01411300
v -0.00470600 -0.00168100 0.01364600
v -0.00578200 0.11717000 0.00286200
v -0.00522700 0.11792200 0.00289800
v -0.00466400 0.11859000 0.00293000
v -0.00411200 0.11917000 0.00295400
v -0.00359000 0.11966200 0.00297100
v -0.00311300 0.12006600 0.00298100
v -0.00269200 0.12038500 0.00298700
v -0.00605100 0.11717700 0.00276200
v -0.00546800 0.11793500 0.00279800
v -0.00487400 0.11860900 0.00283100
v -0.00428800 0.11919800 0.00285900
v -0.00372700 0.11970300 0.00288100
v -0.00320300 0.12012500 0.00289700
v -0.00272400 0.12046800 0.00291100
v -0.00624400 0.11718500 0.00264700
v -0.00564000 0.11794900 0.00268500
v -0.00502200 0.11863100 0.00271900
v -0.00440700 0.11923200 0.00275000
v -0.00381300 0.11975100 0.00277600
v -0.00325100 0.12019200 0.00279800
v -0.00273000 0.12055700 0.00281700
v -0.00637300 0.11719400 0.00252100
v -0.00575500 0.11796400 0.00255900
v -0.00512000 0.11865500 0.00259500
v -0.00448400 0.11926800 0.00262900
v -0.00386500 0.11980100 0.00265800
v -0.00327500 0.12025800 0.00268500
v -0.00272700 0.12064100 0.00270800
v -0.00645100 0.11720400 0.00238600
v -0.00582500 0.11798000 0.00242400
v -0.00517900 0.11868000 0.00246100
v -0.00453000 0.11930200 0.00249600
v -0.00389500 0.11984700 0.00252900
v -0.00328800 0.12031700 0.00255800
v -0.00272400 0.12071300 0.00258400
v -0.00649100 0.11721400 0.00224300
v -0.00586100 0.11799700 0.00228200
v -0.00521000 0.11870400 0.00232000
v -0.00455400 0.11933500 0.00235600
v -0.00391000 0.11989000 0.00239000
v -0.00329500 0.12037000 0.00242100
v -0.00272300 0.12077600 0.00244800
v -0.00650600 0.11722400 0.00209500
v -0.00587400 0.11801400 0.00213500
v -0.00522100 0.11872800 0.00217400
v -0.00456300 0.11936700 0.00221100
v -0.00391600 0.11993000 0.00224600
v -0.00329700 0.12041800 0.00227800
v -0.00272200 0.12083100 0.00230600
v 0.00777600 -0.04682200 0.00893800
v 0.00930700 -0.04785500 0.00867500
v 0.01094400 -0.04887200 0.00851900
v 0.01263300 -0.04993900 0.00844300
v 0.01433300 -0.05111300 0.00843000
v 0.01600700 -0.05244800 0.00846500
v 0.01762000 -0.05399200 0.00853700
v 0.00814900 -0.04632600 0.00913300
v 0.00961700 -0.04732800 0.00887400
v 0.01122900 -0.04834000 0.00871600
v 0.01292200 -0.04941400 0.00863900
v 0.01464000 -0.05060400 0.00862700
v 0.01634100 -0.05195900 0.00866700
v 0.01798600 -0.05352900 0.00874700
v 0.00842600 -0.04599300 0.00922900
v 0.00986100 -0.04696600 0.00897900
v 0.01145400 -0.04796600 0.00882400
v 0.01314300 -0.04903900 0.00874800
v 0.01487000 -0.05023600 0.00873800
v 0.01658800 -0.05160300 0.00878200
v 0.01825600 -0.05319200 0.00886800
v 0.00861300 -0.04577300 0.00925400
v 0.01003700 -0.04672700 0.00901100
v 0.01161800 -0.04771400 0.00885900
v 0.01330100 -0.04878400 0.00878600
v 0.01503100 -0.04998200 0.00877800
v 0.01676100 -0.05135800 0.00882500
v 0.01844400 -0.05295800 0.00891500
v 0.00873000 -0.04563200 0.00922700
v 0.01014900 -0.04657300 0.00898800
v 0.01172500 -0.04755300 0.00883900
v 0.01340400 -0.04861900 0.00876700
v 0.01513700 -0.04981900 0.00876100
v 0.01687400 -0.05119900 0.00881000
v 0.01856700 -0.05280700 0.00890300
v 0.00879500 -0.04554600 0.00916200
v 0.01021200 -0.04648100 0.00892600
v 0.01178500 -0.04745700 0.00877800
v 0.01346500 -0.04852200 0.00870700
v 0.01520000 -0.04972300 0.00870200
v 0.01694200 -0.05110600 0.00875200
v 0.01864200 -0.05271900 0.00884600
v 0.00882400 -0.04549800 0.00907100
v 0.01024200 -0.04643000 0.00883600
v 0.01181600 -0.04740500 0.00868900
v 0.01349700 -0.04847000 0.00861900
v 0.01523500 -0.04967200 0.00861500
v 0.01698000 -0.05105700 0.00866600
v 0.01868400 -0.05267300 0.00876100
v -0.01762000 -0.05399200 0.00853700
v -0.01600700 -0.05244800 0.00846500
v -0.01433300 -0.05111300 0.00843000
v -0.01263300 -0.04993900 0.00844300
v -0.01094400 -0.04887200 0.00851900
v -0.00930700 -0.04785500 0.00867500
v -0.00777600 -0.04682200 0.00893800
v -0.01798600 -0.05352900 0.00874700
v -0.01634100 -0.05195900 0.00866700
v -0.01464000 -0.05060400 0.00862700
v -0.01292200 -0.04941400 0.00863900
v -0.01122900 -0.04834000 0.00871600
v -0.00961700 -0.04732800 0.00887400
v -0.00814900 -0.04632600 0.00913300
v -0.01825600 -0.05319200 0.00886800
v -0.01658800 -0.05160300 0.00878200
v -0.01487000 -0.05023600 0.00873800
v -0.01314300 -0.04903900 0.00874800
v -0.01145400 -0.04796600 0.00882400
v -0.00986100 -0.04696600 0.00897900
v -0.00842600 -0.04599300 0.00922900
v -0.01844400 -0.05295800 0.00891500
v -0.01676100 -0.05135800 0.00882500
v -0.01503100 -0.04998200 0.00877800
v -0.01330100 -0.04878400 0.00878600
v -0.01161800 -0.04771400 0.00885900
v -0.01003700 -0.04672700 0.00901100
v -0.00861300 -0.04577300 0.00925400
v -0.01856700 -0.05280700 0.00890300
v -0.01687400 -0.05119900 0.00881000
v -0.01513700 -0.04981900 0.00876100
v -0.01340400 -0.04861900 0.00876700
v -0.01172500 -0.04755300 0.00883900
v -0.01014900 -0.04657300 0.00898800
v -0.00873000 -0.04563200 0.00922700
v -0.01864200 -0.05271900 0.00884600
v -0.01694200 -0.05110600 0.00875200
v -0.01520000 -0.04972300 0.00870200
v -0.01346500 -0.04852200 0.00870700
v -0.01178500 -0.04745700 0.00877800
v -0.01021200 -0.04648100 0.00892600
v -0.00879500 -0.04554600 0.00916200
v -0.01868400 -0.05267300 0.00876100
v -0.01698000 -0.05105700 0.00866600
v -0.01523500 -0.04967200 0.00861500
v -0.01349700 -0.04847000 0.00861900
v -0.01181600 -0.04740500 0.00868900
v -0.01024200 -0.04643000 0.00883600
v -0.00882400 -0.04549800 0.00907100
v 0.02052500 -0.05789900 0.00875200
v 0.02175800 -0.06031300 0.00888500
v 0.02281200 -0.06303900 0.00903800
v 0.02366400 -0.06607900 0.00921400
v 0.02428900 -0.06943600 0.00941500
v 0.02466500 -0.07311100 0.00964300
v 0.02476700 -0.07710600 0.00990200
v 0.02095300 -0.05750400 0.00898400
v 0.02221200 -0.05996000 0.00913200
v 0.02328800 -0.06273300 0.00930000
v 0.02415800 -0.06582400 0.00949100
v 0.02479700 -0.06923600 0.00970500
v 0.02518200 -0.07296900 0.00994600
v 0.02528900 -0.07702600 0.01021300
v 0.02126800 -0.05721600 0.00912200
v 0.02254600 -0.05970300 0.00928000
v 0.02363900 -0.06251000 0.00945900
v 0.02452200 -0.06563900 0.00966100
v 0.02517100 -0.06909100 0.00988500
v 0.02556400 -0.07286700 0.01013400
v 0.02567400 -0.07696900 0.01040700
v 0.02148800 -0.05701700 0.00918000
v 0.02278000 -0.05952500 0.00934600
v 0.02388400 -0.06235600 0.00953200
v 0.02477700 -0.06551100 0.00974100
v 0.02543400 -0.06899200 0.00997300
v 0.02583100 -0.07279800 0.01022700
v 0.02594400 -0.07693100 0.01050500
v 0.02163300 -0.05689000 0.00917600
v 0.02293400 -0.05941200 0.00934500
v 0.02404600 -0.06225900 0.00953700
v 0.02494500 -0.06543100 0.00975000
v 0.02560700 -0.06892900 0.00998600
v 0.02600800 -0.07275500 0.01024400
v 0.02612200 -0.07690800 0.01052400
v 0.02172100 -0.05681500 0.00912400
v 0.02302800 -0.05934600 0.00929600
v 0.02414500 -0.06220200 0.00949000
v 0.02504800 -0.06538500 0.00970600
v 0.02504800 -0.06538500 0.00970600
v 0.02571400 -0.06889400 0.00994400
v 0.02571400 -0.06889400 0.00994400
v 0.02611600 -0.07273100 0.01020400
v 0.02611600 -0.07273100 0.01020400
v 0.02623200 -0.07689700 0.01048600
v 0.02623200 -0.07689700 0.01048600
v 0.02177100 -0.05677700 0.00904000
v 0.02308100 -0.05931200 0.00921300
v 0.02420200 -0.06217400 0.00940900
v 0.02510800 -0.06536200 0.00962600
v 0.02577500 -0.06887800 0.00986500
v 0.02617900 -0.07272100 0.01012600
v 0.02629500 -0.07689400 0.01040900
v -0.02476700 -0.07710600 0.00990200
v -0.02466500 -0.07311100 0.00964300
v -0.02428900 -0.06943600 0.00941500
v -0.02366400 -0.06607900 0.00921400
v -0.02281200 -0.06303900 0.00903800
v -0.02175800 -0.06031300 0.00888500
v -0.02052500 -0.05789900 0.00875200
v -0.02528900 -0.07702600 0.01021300
v -0.02518200 -0.07296900 0.00994600
v -0.02479700 -0.06923600 0.00970500
v -0.02415800 -0.06582400 0.00949100
v -0.02328800 -0.06273300 0.00930000
v -0.02221200 -0.05996000 0.00913200
v -0.02095300 -0.05750400 0.00898400
v -0.02567400 -0.07696900 0.01040700
v -0.02556400 -0.07286700 0.01013400
v -0.02517100 -0.06909100 0.00988500
v -0.02452200 -0.06563900 0.00966100
v -0.02363900 -0.06251000 0.00945900
v -0.02254600 -0.05970300 0.00928000
v -0.02126800 -0.05721600 0.00912200
v -0.02594400 -0.07693100 0.01050500
v -0.02583100 -0.07279800 0.01022700
v -0.02543400 -0.06899200 0.00997300
v -0.02477700 -0.06551100 0.00974100
v -0.02388400 -0.06235600 0.00953200
v -0.02278000 -0.05952500 0.00934600
v -0.02148800 -0.05701700 0.00918000
v -0.02612200 -0.07690800 0.01052400
v -0.02600800 -0.07275500 0.01024400
v -0.02560700 -0.06892900 0.00998600
v -0.02494500 -0.06543100 0.00975000
v -0.02404600 -0.06225800 0.00953700
v -0.02293400 -0.05941200 0.00934500
v -0.02163300 -0.05689000 0.00917600
v -0.02623200 -0.07689700 0.01048600
v -0.02623200 -0.07689700 0.01048600
v -0.02611600 -0.07273100 0.01020400
v -0.02611600 -0.07273100 0.01020400
v -0.02571400 -0.06889400 0.00994400
v -0.02571400 -0.06889400 0.00994400
v -0.02504800 -0.06538500 0.00970600
v -0.02504800 -0.06538500 0.00970600
v -0.02414500 -0.06220200 0.00949000
v -0.02302800 -0.05934600 0.00929600
v -0.02172100 -0.05681500 0.00912400
v -0.02629500 -0.07689400 0.01040900
v -0.02617900 -0.07272100 0.01012600
v -0.02577500 -0.06887800 0.00986500
v -0.02510800 -0.06536200 0.00962600
v -0.02420200 -0.06217400 0.00940900
v -0.02308100 -0.05931200 0.00921300
v -0.02177100 -0.05677700 0.00904000
v 0.00932100 -0.11900800 0.01302400
v 0.00632300 -0.12081400 0.01316500
v 0.00319400 -0.12189700 0.01325000
v -0.00000000 -0.12225800 0.01327800
v -0.00319400 -0.12189700 0.01325000
v -0.00632300 -0.12081400 0.01316500
v -0.00932100 -0.11900800 0.01302400
v 0.00954800 -0.11949200 0.01326400
v 0.00647800 -0.12132100 0.01340000
v 0.00327300 -0.12241800 0.01348100
v -0.00000000 -0.12278400 0.01350800
v -0.00327300 -0.12241800 0.01348100
v -0.00647800 -0.12132100 0.01340000
v -0.00954800 -0.11949200 0.01326400
v 0.00971400 -0.11984800 0.01340800
v 0.00659200 -0.12169300 0.01353900
v 0.00333100 -0.12280100 0.01361800
v -0.00000000 -0.12317000 0.01364400
v -0.00333100 -0.12280100 0.01361800
v -0.00659200 -0.12169300 0.01353900
v -0.00971400 -0.11984800 0.01340800
v 0.00983000 -0.12009700 0.01347000
v 0.00667100 -0.12195400 0.01359900
v 0.00337100 -0.12306800 0.01367600
v -0.00000000 -0.12343900 0.01370200
v -0.00337100 -0.12306800 0.01367600
v -0.00667100 -0.12195400 0.01359900
v -0.00983000 -0.12009700 0.01347000
v 0.00990600 -0.12026000 0.01346800
v 0.00672300 -0.12212400 0.01359500
v 0.00339700 -0.12324300 0.01367200
v -0.00000000 -0.12361600 0.01369700
v -0.00339700 -0.12324300 0.01367200
v -0.00672300 -0.12212400 0.01359500
v -0.00990600 -0.12026000 0.01346800
v 0.00995100 -0.12035800 0.01341800
v 0.00675300 -0.12222700 0.01354400
v 0.00341300 -0.12334900 0.01362000
v -0.00000000 -0.12372200 0.01364500
v -0.00341300 -0.12334900 0.01362000
v -0.00675300 -0.12222700 0.01354400
v -0.00995100 -0.12035800 0.01341800
v 0.00997600 -0.12041400 0.01333600
v 0.00677000 -0.12228600 0.01346100
v 0.00342100 -0.12340800 0.01353700
v -0.00000000 -0.12378300 0.01356200
v -0.00342100 -0.12340800 0.01353700
v -0.00677000 -0.12228600 0.01346100
v -0.00997600 -0.12041400 0.01333600
v 0.02406100 -0.08604400 0.01051900
v 0.02323700 -0.09085800 0.01086900
v 0.02210600 -0.09573500 0.01123100
v 0.02067700 -0.10054300 0.01159400
v 0.01895700 -0.10515300 0.01194600
v 0.01695300 -0.10943300 0.01227700
v 0.01467200 -0.11325200 0.01257400
v 0.02457800 -0.08609400 0.01083400
v 0.02374200 -0.09097500 0.01117900
v 0.02259500 -0.09591700 0.01153400
v 0.02114200 -0.10079000 0.01188700
v 0.01939000 -0.10546000 0.01222800
v 0.01734700 -0.10979500 0.01254700
v 0.01502000 -0.11366300 0.01283200
v 0.02495800 -0.08613200 0.01103200
v 0.02411500 -0.09106100 0.01137300
v 0.02295400 -0.09605200 0.01172200
v 0.02148400 -0.10097100 0.01206800
v 0.01970900 -0.10568500 0.01240100
v 0.01763700 -0.11006100 0.01271100
v 0.01527500 -0.11396500 0.01298900
v 0.02522500 -0.08616000 0.01113100
v 0.02437600 -0.09112300 0.01147100
v 0.02320600 -0.09614800 0.01181600
v 0.02172300 -0.10109900 0.01215600
v 0.01993200 -0.10584400 0.01248400
v 0.01784000 -0.11024800 0.01278800
v 0.01545300 -0.11417700 0.01306000
v 0.02540100 -0.08618100 0.01115200
v 0.02454800 -0.09116600 0.01149000
v 0.02337200 -0.09621200 0.01183300
v 0.02188000 -0.10118400 0.01217100
v 0.02007800 -0.10594900 0.01249500
v 0.01797200 -0.11037100 0.01279500
v 0.01556900 -0.11431600 0.01306400
v 0.02550900 -0.08619500 0.01111400
v 0.02550900 -0.08619500 0.01111400
v 0.02465300 -0.09119300 0.01145200
v 0.02465300 -0.09119300 0.01145200
v 0.02347300 -0.09625200 0.01179300
v 0.02347300 -0.09625200 0.01179300
v 0.02197500 -0.10123700 0.01212900
v 0.02197500 -0.10123700 0.01212900
v 0.02016700 -0.10601300 0.01245100
v 0.01805200 -0.11044600 0.01275000
v 0.01563900 -0.11440000 0.01301700
v 0.02557200 -0.08620600 0.01103700
v 0.02471400 -0.09121100 0.01137400
v 0.02353100 -0.09627700 0.01171500
v 0.02203000 -0.10126800 0.01205100
v 0.02021700 -0.10605000 0.01237200
v 0.01809800 -0.11048900 0.01267000
v 0.01567900 -0.11444800 0.01293600
v -0.01467200 -0.11325200 0.01257400
v -0.01695300 -0.10943300 0.01227700
v -0.01895700 -0.10515300 0.01194600
v -0.02067700 -0.10054300 0.01159400
v -0.02210600 -0.09573500 0.01123100
v -0.02323700 -0.09085800 0.01086900
v -0.02406100 -0.08604400 0.01051900
v -0.01502000 -0.11366300 0.01283200
v -0.01734700 -0.10979500 0.01254700
v -0.01939000 -0.10545900 0.01222800
v -0.02114200 -0.10079000 0.01188700
v -0.02259500 -0.09591700 0.01153400
v -0.02374200 -0.09097500 0.01117900
v -0.02457800 -0.08609400 0.01083400
v -0.01527500 -0.11396500 0.01298900
v -0.01763700 -0.11006100 0.01271100
v -0.01970900 -0.10568500 0.01240100
v -0.02148400 -0.10097100 0.01206800
v -0.02295400 -0.09605200 0.01172200
v -0.02411500 -0.09106100 0.01137300
v -0.02495800 -0.08613200 0.01103200
v -0.01545300 -0.11417700 0.01306000
v -0.01784000 -0.11024800 0.01278800
v -0.01993200 -0.10584400 0.01248400
v -0.02172300 -0.10109900 0.01215600
v -0.02320600 -0.09614800 0.01181600
v -0.02437600 -0.09112300 0.01147100
v -0.02522500 -0.08616000 0.01113100
v -0.01556900 -0.11431600 0.01306400
v -0.01797200 -0.11037100 0.01279500
v -0.02007800 -0.10594900 0.01249500
v -0.02188000 -0.10118400 0.01217100
v -0.02337200 -0.09621200 0.01183300
v -0.02454800 -0.09116600 0.01149000
v -0.02540100 -0.08618100 0.01115200
v -0.01563900 -0.11440000 0.01301700
v -0.01805200 -0.11044600 0.01275000
v -0.02016700 -0.10601300 0.01245100
v -0.02197500 -0.10123700 0.01212900
v -0.02197500 -0.10123700 0.01212900
v -0.02347300 -0.09625200 0.01179300
v -0.02347300 -0.09625200 0.01179300
v -0.02465300 -0.09119300 0.01145200
v -0.02465300 -0.09119300 0.01145200
v -0.02550900 -0.08619500 0.01111400
v -0.02550900 -0.08619500 0.01111400
v -0.01567900 -0.11444800 0.01293600
v -0.01809800 -0.11048900 0.01267000
v -0.02021700 -0.10605000 0.01237200
v -0.02203000 -0.10126800 0.01205100
v -0.02353100 -0.09627700 0.01171500
v -0.02471400 -0.09121100 0.01137400
v -0.02557200 -0.08620600 0.01103700
v -0.00026200 0.12113400 0.00309500
v -0.00023000 0.12135700 0.00301000
v -0.00020700 0.12153700 0.00290800
v -0.00019200 0.12168100 0.00279200
v -0.00018200 0.12179600 0.00266400
v -0.00017800 0.12189000 0.00252800
v -0.00017600 0.12196900 0.00238600
v -0.00052800 0.12112700 0.00309300
v -0.00046600 0.12134900 0.00300800
v -0.00042100 0.12152800 0.00290700
v -0.00039200 0.12167100 0.00279000
v -0.00037400 0.12178600 0.00266300
v -0.00036400 0.12187900 0.00252700
v -0.00036100 0.12195800 0.00238500
v -0.00080100 0.12110600 0.00308800
v -0.00071200 0.12132600 0.00300400
v -0.00065000 0.12150300 0.00290300
v -0.00060800 0.12164400 0.00278800
v -0.00058300 0.12175800 0.00266100
v -0.00057000 0.12185000 0.00252500
v -0.00056500 0.12192800 0.00238300
v -0.00108500 0.12106700 0.00307700
v -0.00097600 0.12128100 0.00299500
v -0.00089900 0.12145300 0.00289600
v -0.00085000 0.12159200 0.00278200
v -0.00081900 0.12170300 0.00265600
v -0.00080400 0.12179300 0.00252100
v -0.00079800 0.12187000 0.00237900
v -0.00138200 0.12100300 0.00306000
v -0.00126100 0.12120700 0.00298100
v -0.00117800 0.12137200 0.00288500
v -0.00112400 0.12150500 0.00277300
v -0.00109200 0.12161200 0.00264800
v -0.00107600 0.12170000 0.00251400
v -0.00106900 0.12177500 0.00237200
v -0.00168900 0.12091100 0.00303800
v -0.00157200 0.12109800 0.00296300
v -0.00149200 0.12125000 0.00287000
v -0.00144100 0.12137500 0.00276100
v -0.00141000 0.12147700 0.00263800
v -0.00139400 0.12156000 0.00250400
v -0.00138800 0.12163200 0.00236200
v -0.00200100 0.12078900 0.00301400
v -0.00191300 0.12094600 0.00294300
v -0.00185100 0.12108000 0.00285300
v -0.00180800 0.12119400 0.00274600
v -0.00178300 0.12128700 0.00262300
v -0.00176900 0.12136600 0.00249000
v -0.00176400 0.12143400 0.00234800
v -0.00559000 -0.04440600 0.00994800
v -0.00500000 -0.04305500 0.01062900
v -0.00459300 -0.04164600 0.01132800
v -0.00431600 -0.04012700 0.01202000
v -0.00412800 -0.03843900 0.01268500
v -0.00400600 -0.03652900 0.01330500
v -0.00393000 -0.03434300 0.01386100
v -0.00599300 -0.04414500 0.01003100
v -0.00533100 -0.04291000 0.01064300
v -0.00486500 -0.04156700 0.01130000
v -0.00454700 -0.04008200 0.01197000
v -0.00433300 -0.03841300 0.01262200
v -0.00419700 -0.03651300 0.01323500
v -0.00411400 -0.03433200 0.01378900
v -0.00626800 -0.04393500 0.01006900
v -0.00556700 -0.04277300 0.01063800
v -0.00506300 -0.04148200 0.01126300
v -0.00471500 -0.04003100 0.01191000
v -0.00448200 -0.03838400 0.01254900
v -0.00433400 -0.03649600 0.01315500
v -0.00424600 -0.03431900 0.01370600
v -0.00644800 -0.04378200 0.01006000
v -0.00572500 -0.04266100 0.01060600
v -0.00519800 -0.04140700 0.01120900
v -0.00482900 -0.03998400 0.01183800
v -0.00458200 -0.03835500 0.01246600
v -0.00442700 -0.03647700 0.01306600
v -0.00433400 -0.03430500 0.01361500
v -0.00655800 -0.04367900 0.01001400
v -0.00582300 -0.04258200 0.01054600
v -0.00528100 -0.04135000 0.01113500
v -0.00489900 -0.03994600 0.01175300
v -0.00464300 -0.03833000 0.01237300
v -0.00448300 -0.03645900 0.01297000
v -0.00438900 -0.03429100 0.01351600
v -0.00661700 -0.04361400 0.00993800
v -0.00587500 -0.04252900 0.01046300
v -0.00532500 -0.04131000 0.01104500
v -0.00493600 -0.03991700 0.01165700
v -0.00467600 -0.03830700 0.01227300
v -0.00451300 -0.03644100 0.01286700
v -0.00441700 -0.03427500 0.01341300
v -0.00664200 -0.04357400 0.00984300
v -0.00589600 -0.04249500 0.01036500
v -0.00534300 -0.04128100 0.01094400
v -0.00495100 -0.03989300 0.01155400
v -0.00468900 -0.03828700 0.01216800
v -0.00452500 -0.03642300 0.01276100
v -0.00442800 -0.03425900 0.01330600
v -0.00928700 0.08367200 0.00304800
v -0.00971900 0.08366600 0.00295600
v -0.01002800 0.08365900 0.00285200
v -0.01023600 0.08365200 0.00273600
v -0.01036200 0.08364400 0.00261200
v -0.01042700 0.08363500 0.00248200
v -0.01045000 0.08362600 0.00234700
v -0.00916500 0.08197800 0.00316600
v -0.00959200 0.08197200 0.00307400
v -0.00989800 0.08196600 0.00297000
v -0.01010200 0.08195900 0.00285500
v -0.01022700 0.08195100 0.00273200
v -0.01029000 0.08194300 0.00260200
v -0.01031400 0.08193400 0.00246700
v -0.00902400 0.08004600 0.00332700
v -0.00944400 0.08004100 0.00323600
v -0.00974500 0.08003400 0.00313200
v -0.00994700 0.08002700 0.00301700
v -0.01006900 0.08002000 0.00289400
v -0.01013200 0.08001200 0.00276500
v -0.01015500 0.08000400 0.00263100
v -0.00885700 0.07775200 0.00355300
v -0.00926900 0.07774600 0.00346200
v -0.00956400 0.07774000 0.00335900
v -0.00976200 0.07773400 0.00324500
v -0.00988200 0.07772700 0.00312300
v -0.00994400 0.07771900 0.00299400
v -0.00996700 0.07771200 0.00286100
v -0.00865600 0.07497100 0.00386600
v -0.00905900 0.07496600 0.00377600
v -0.00934800 0.07496000 0.00367400
v -0.00954100 0.07495400 0.00356000
v -0.00965900 0.07494800 0.00343900
v -0.00971900 0.07494100 0.00331100
v -0.00974100 0.07493300 0.00317900
v -0.00841600 0.07158000 0.00428900
v -0.00880800 0.07157600 0.00419900
v -0.00908800 0.07157000 0.00409700
v -0.00927600 0.07156500 0.00398500
v -0.00939000 0.07155900 0.00386400
v -0.00944900 0.07155200 0.00373700
v -0.00947100 0.07154600 0.00360600
v -0.00812900 0.06745500 0.00484200
v -0.00850800 0.06745100 0.00475400
v -0.00877900 0.06744600 0.00465300
v -0.00896100 0.06744100 0.00454100
v -0.00907100 0.06743600 0.00442200
v -0.00912700 0.06743000 0.00429600
v -0.00914800 0.06742400 0.00416600
vn 0.35260000 -0.21760000 0.91010000
vn -0.35260000 -0.21760000 0.91010000
vn -0.30940000 0.35880000 0.88060000
vn 0.30940000 0.35880000 0.88060000
vn 0.55980000 0.10130000 0.82240000
vn -0.55980000 0.10130000 0.82240000
vn 0.21770000 0.08400000 0.97240000
vn 0.17740000 0.27670000 0.94440000
vn -0.21770000 0.08400000 0.97240000
vn -0.17740000 0.27670000 0.94440000
vn 0.21520000 -0.18340000 0.95920000
vn -0.21520000 -0.18340000 0.95920000
vn 0.07360000 -0.28470000 0.95580000
vn -0.07360000 -0.28470000 0.95580000
vn -0.43210000 0.28000000 -0.85730000
vn 0.43210000 0.28000000 -0.85730000
vn 0.38610000 -0.42690000 -0.81770000
vn -0.38610000 -0.42690000 -0.81770000
vn -0.64420000 -0.10320000 -0.75790000
vn 0.64420000 -0.10320000 -0.75790000
vn -0.12870000 0.47160000 -0.87240000
vn 0.12870000 0.47160000 -0.87240000
vn -0.34140000 0.53710000 -0.77130000
vn -0.20290000 0.15690000 -0.96660000
vn 0.20290000 0.15690000 -0.96660000
vn -0.21550000 -0.08330000 -0.97290000
vn -0.17570000 -0.27610000 -0.94490000
vn 0.21550000 -0.08330000 -0.97290000
vn 0.17570000 -0.27610000 -0.94490000
vn -0.21430000 0.18170000 -0.95970000
vn 0.21430000 0.18170000 -0.95970000
vn -0.07370000 0.28250000 -0.95640000
vn 0.07370000 0.28250000 -0.95640000
vn -0.10470000 -0.02440000 -0.99420000
vn -0.18160000 -0.11490000 -0.97660000
vn 0.18160000 -0.11490000 -0.97660000
vn -0.17240000 0.13010000 -0.97640000
vn -0.12110000 -0.15370000 -0.98070000
vn 0.04320000 -0.42010000 0.90640000
vn -0.04320000 -0.42010000 0.90640000
vn -0.20220000 -0.15030000 0.96770000
vn -0.27010000 0.39710000 0.87710000
vn -0.18220000 0.09750000 0.97840000
vn -0.17250000 0.05240000 0.98360000
vn -0.10470000 0.02000000 0.99430000
vn -0.12140000 0.13420000 0.98350000
vn -0.11800000 -0.01380000 0.99290000
vn -0.11760000 0.04360000 -0.99210000
vn -0.10670000 -0.06990000 -0.99180000
vn -0.10670000 0.05290000 0.99290000
vn 0.34140000 0.53720000 -0.77130000
vn 0.10470000 -0.02440000 -0.99420000
vn 0.17240000 0.13010000 -0.97640000
vn 0.12110000 -0.15370000 -0.98070000
vn 0.20220000 -0.15030000 0.96770000
vn 0.27010000 0.39710000 0.87710000
vn 0.18220000 0.09750000 0.97840000
vn 0.17250000 0.05240000 0.98360000
vn 0.10470000 0.02000000 0.99430000
vn 0.12140000 0.13420000 0.98350000
vn 0.11800000 -0.01380000 0.99290000
vn 0.11760000 0.04360000 -0.99210000
vn 0.10670000 -0.06990000 -0.99180000
vn 0.10670000 0.05290000 0.99290000
vn -0.00000000 0.51730000 -0.85580000
vn -0.00000000 0.15640000 -0.98770000
vn -0.00000000 -0.10990000 -0.99390000
vn -0.00000000 -0.15670000 0.98760000
vn -0.00000000 -0.51420000 0.85770000
vn -0.00000000 0.10610000 0.99440000
vn -0.00000000 -0.04390000 0.99900000
vn -0.00000000 0.01900000 0.99980000
vn -0.00000000 0.14230000 0.98980000
vn -0.00000000 0.18230000 0.98320000
vn -0.00000000 -0.03370000 0.99940000
vn -0.00000000 0.05950000 0.99820000
vn -0.00000000 0.30900000 -0.95110000
vn -0.00000000 -0.02560000 -0.99970000
vn -0.00000000 0.04250000 -0.99910000
vn -0.00000000 -0.14770000 -0.98900000
vn -0.00000000 0.02420000 -0.99970000
vn -0.00000000 -0.06410000 -0.99790000
vn -0.75000000 0.58790000 0.30310000
vn 0.75000000 0.58790000 0.30310000
vn 0.69510000 -0.64980000 0.30770000
vn -0.69510000 -0.64980000 0.30770000
vn -0.93670000 -0.04830000 0.34680000
vn 0.93670000 -0.04830000 0.34680000
vn -0.68860000 0.69270000 0.21460000
vn 0.68860000 0.69270000 0.21460000
vn -0.52020000 0.79560000 0.31060000
vn -0.99980000 0.01960000 0.00840000
vn -1.00000000 0.00630000 -0.00050000
vn -0.99890000 -0.04750000 -0.00230000
vn -0.84680000 0.53150000 0.01920000
vn -0.99720000 -0.07540000 0.00290000
vn -0.98220000 0.18760000 -0.01210000
vn -0.99730000 -0.07390000 0.00490000
vn 0.52020000 0.79560000 0.31050000
vn 1.00000000 0.00630000 -0.00060000
vn 0.84680000 0.53150000 0.01920000
vn 0.99720000 -0.07540000 0.00290000
vn 0.98220000 0.18760000 -0.01210000
vn 0.99730000 -0.07390000 0.00490000
vn 0.99980000 0.01960000 0.00840000
vn 0.99890000 -0.04740000 -0.00230000
vn -0.00000000 0.89980000 0.43620000
vn 0.21930000 0.11740000 0.96860000
vn 0.21910000 0.14530000 0.96480000
vn 0.21690000 0.16960000 0.96130000
vn 0.21270000 0.19220000 0.95800000
vn 0.20620000 0.21400000 0.95480000
vn 0.19760000 0.23570000 0.95150000
vn 0.18740000 0.25740000 0.94800000
vn -0.21930000 0.11740000 0.96860000
vn -0.21910000 0.14530000 0.96480000
vn -0.21690000 0.16960000 0.96130000
vn -0.21270000 0.19220000 0.95800000
vn -0.20620000 0.21400000 0.95480000
vn -0.19760000 0.23570000 0.95150000
vn -0.18740000 0.25740000 0.94800000
vn -0.13780000 0.28070000 0.94990000
vn -0.09360000 0.28230000 0.95480000
vn -0.04780000 0.28330000 0.95780000
vn -0.00000000 0.28370000 0.95890000
vn 0.04780000 0.28330000 0.95780000
vn 0.09360000 0.28230000 0.95480000
vn 0.13780000 0.28070000 0.94990000
vn 0.21500000 -0.15110000 0.96480000
vn 0.21290000 -0.11390000 0.97040000
vn 0.20970000 -0.07920000 0.97460000
vn 0.20760000 -0.04840000 0.97700000
vn 0.20810000 -0.01850000 0.97790000
vn 0.21090000 0.01340000 0.97740000
vn 0.21450000 0.04790000 0.97550000
vn -0.21500000 -0.15110000 0.96480000
vn -0.21290000 -0.11390000 0.97040000
vn -0.20970000 -0.07920000 0.97460000
vn -0.20760000 -0.04840000 0.97700000
vn -0.20810000 -0.01850000 0.97790000
vn -0.21090000 0.01340000 0.97740000
vn -0.21450000 0.04790000 0.97550000
vn 0.15030000 0.07740000 0.98560000
vn 0.09350000 0.07190000 0.99300000
vn 0.04460000 0.06810000 0.99670000
vn -0.00000000 0.06680000 0.99780000
vn -0.04460000 0.06810000 0.99670000
vn -0.09350000 0.07190000 0.99300000
vn -0.15030000 0.07740000 0.98560000
vn 0.08860000 -0.26460000 0.96030000
vn 0.10390000 -0.24400000 0.96420000
vn 0.11700000 -0.22630000 0.96700000
vn 0.12910000 -0.21370000 0.96830000
vn 0.14360000 -0.20570000 0.96800000
vn 0.16300000 -0.19930000 0.96630000
vn 0.18750000 -0.19220000 0.96330000
vn -0.18750000 -0.19220000 0.96330000
vn -0.16300000 -0.19930000 0.96630000
vn -0.14360000 -0.20570000 0.96800000
vn -0.12910000 -0.21370000 0.96830000
vn -0.11700000 -0.22630000 0.96700000
vn -0.10390000 -0.24400000 0.96420000
vn -0.08860000 -0.26460000 0.96030000
vn -0.19660000 -0.20740000 0.95830000
vn -0.18440000 -0.26680000 0.94590000
vn -0.16290000 -0.32520000 0.93150000
vn -0.13250000 -0.37780000 0.91640000
vn -0.09560000 -0.41900000 0.90300000
vn -0.05420000 -0.44310000 0.89480000
vn -0.00800000 -0.44490000 0.89550000
vn -0.19060000 0.08050000 0.97840000
vn -0.19740000 0.06080000 0.97840000
vn -0.20230000 0.03810000 0.97860000
vn -0.20530000 0.01170000 0.97860000
vn -0.20650000 -0.01930000 0.97830000
vn -0.20630000 -0.05590000 0.97690000
vn -0.20480000 -0.09930000 0.97370000
vn 0.55000000 0.13820000 0.82360000
vn 0.53310000 0.17050000 0.82870000
vn 0.51040000 0.20010000 0.83630000
vn 0.48280000 0.22850000 0.84540000
vn 0.45030000 0.25730000 0.85500000
vn 0.41210000 0.28780000 0.86450000
vn 0.36610000 0.32160000 0.87320000
vn -0.55000000 0.13820000 0.82360000
vn -0.53310000 0.17050000 0.82870000
vn -0.51040000 0.20010000 0.83630000
vn -0.48280000 0.22850000 0.84540000
vn -0.45030000 0.25730000 0.85500000
vn -0.41210000 0.28780000 0.86450000
vn -0.36610000 0.32160000 0.87320000
vn -0.24230000 0.39540000 0.88600000
vn -0.16730000 0.42560000 0.88930000
vn -0.08570000 0.44570000 0.89110000
vn -0.00000000 0.45280000 0.89160000
vn 0.08570000 0.44570000 0.89110000
vn 0.16730000 0.42560000 0.88930000
vn 0.24230000 0.39540000 0.88600000
vn 0.39620000 -0.18610000 0.89910000
vn 0.43820000 -0.15120000 0.88610000
vn 0.47660000 -0.11280000 0.87180000
vn 0.50950000 -0.07130000 0.85750000
vn 0.53510000 -0.02770000 0.84430000
vn 0.55250000 0.01650000 0.83340000
vn 0.56080000 0.06010000 0.82580000
vn -0.39620000 -0.18610000 0.89910000
vn -0.43820000 -0.15120000 0.88610000
vn -0.47660000 -0.11280000 0.87180000
vn -0.50950000 -0.07130000 0.85750000
vn -0.53510000 -0.02770000 0.84430000
vn -0.55250000 0.01650000 0.83340000
vn -0.56080000 0.06010000 0.82580000
vn 0.08090000 -0.38480000 0.91940000
vn 0.11350000 -0.35910000 0.92640000
vn 0.14800000 -0.33780000 0.92950000
vn 0.18510000 -0.31740000 0.93000000
vn 0.22440000 -0.29610000 0.92840000
vn 0.26590000 -0.27260000 0.92470000
vn 0.30890000 -0.24640000 0.91860000
vn -0.30890000 -0.24640000 0.91860000
vn -0.26590000 -0.27260000 0.92470000
vn -0.22450000 -0.29610000 0.92840000
vn -0.18510000 -0.31740000 0.93000000
vn -0.14800000 -0.33780000 0.92950000
vn -0.11350000 -0.35910000 0.92640000
vn -0.08090000 -0.38480000 0.91940000
vn 0.31920000 0.36850000 0.87310000
vn 0.31620000 0.36760000 0.87460000
vn 0.30390000 0.35950000 0.88230000
vn 0.28450000 0.34650000 0.89390000
vn 0.26040000 0.33080000 0.90710000
vn 0.23320000 0.31360000 0.92050000
vn 0.20390000 0.29540000 0.93340000
vn 0.29000000 0.09040000 0.95270000
vn 0.35850000 0.09580000 0.92860000
vn 0.41990000 0.09970000 0.90210000
vn 0.47310000 0.10220000 0.87510000
vn 0.51660000 0.10330000 0.84990000
vn 0.54860000 0.10340000 0.82970000
vn 0.56510000 0.10260000 0.81860000
vn -0.56510000 0.10260000 0.81860000
vn -0.54860000 0.10340000 0.82970000
vn -0.51660000 0.10330000 0.84990000
vn -0.47310000 0.10220000 0.87510000
vn -0.41990000 0.09970000 0.90210000
vn -0.35850000 0.09580000 0.92860000
vn -0.29000000 0.09040000 0.95270000
vn -0.20390000 0.29540000 0.93340000
vn -0.23320000 0.31360000 0.92050000
vn -0.26040000 0.33080000 0.90710000
vn -0.28450000 0.34650000 0.89390000
vn -0.30390000 0.35950000 0.88230000
vn -0.31620000 0.36760000 0.87460000
vn -0.31920000 0.36850000 0.87310000
vn 0.24450000 -0.19790000 0.94920000
vn 0.27520000 -0.21140000 0.93780000
vn 0.30330000 -0.22190000 0.92670000
vn 0.32710000 -0.22960000 0.91660000
vn 0.34580000 -0.23430000 0.90860000
vn 0.35780000 -0.23490000 0.90380000
vn 0.36120000 -0.23020000 0.90360000
vn -0.36120000 -0.23020000 0.90360000
vn -0.35780000 -0.23490000 0.90380000
vn -0.34580000 -0.23430000 0.90860000
vn -0.32710000 -0.22960000 0.91660000
vn -0.30330000 -0.22190000 0.92670000
vn -0.27520000 -0.21140000 0.93780000
vn -0.24450000 -0.19790000 0.94920000
vn 0.07840000 -0.41200000 0.90780000
vn 0.09020000 -0.39890000 0.91260000
vn 0.09360000 -0.38480000 0.91820000
vn 0.09260000 -0.36910000 0.92480000
vn 0.08940000 -0.35110000 0.93210000
vn 0.08490000 -0.33020000 0.94010000
vn 0.07920000 -0.30690000 0.94840000
vn -0.07920000 -0.30690000 0.94840000
vn -0.08490000 -0.33020000 0.94010000
vn -0.08940000 -0.35110000 0.93210000
vn -0.09260000 -0.36910000 0.92480000
vn -0.09360000 -0.38480000 0.91820000
vn -0.09020000 -0.39890000 0.91260000
vn -0.07840000 -0.41200000 0.90780000
vn -0.11500000 -0.01570000 0.99320000
vn -0.11250000 -0.01570000 0.99350000
vn -0.11040000 -0.01370000 0.99380000
vn -0.10860000 -0.00990000 0.99400000
vn -0.10720000 -0.00430000 0.99420000
vn -0.10610000 0.00270000 0.99440000
vn -0.10530000 0.01100000 0.99440000
vn -0.10760000 -0.07550000 -0.99130000
vn -0.10860000 -0.08680000 -0.99030000
vn -0.10970000 -0.10140000 -0.98880000
vn -0.11110000 -0.11590000 -0.98700000
vn -0.11280000 -0.12860000 -0.98530000
vn -0.11500000 -0.13900000 -0.98360000
vn -0.11770000 -0.14740000 -0.98210000
vn -0.21700000 -0.11650000 -0.96920000
vn -0.21680000 -0.14430000 -0.96550000
vn -0.21470000 -0.16860000 -0.96200000
vn -0.21050000 -0.19120000 -0.95870000
vn -0.20410000 -0.21310000 -0.95550000
vn -0.19560000 -0.23480000 -0.95220000
vn -0.18550000 -0.25660000 -0.94850000
vn 0.21700000 -0.11650000 -0.96920000
vn 0.21680000 -0.14430000 -0.96550000
vn 0.21470000 -0.16860000 -0.96200000
vn 0.21050000 -0.19120000 -0.95870000
vn 0.20410000 -0.21310000 -0.95550000
vn 0.19560000 -0.23480000 -0.95220000
vn 0.18550000 -0.25660000 -0.94850000
vn 0.13630000 -0.28000000 -0.95030000
vn 0.09250000 -0.28150000 -0.95510000
vn 0.04730000 -0.28250000 -0.95810000
vn -0.00000000 -0.28290000 -0.95920000
vn -0.04730000 -0.28250000 -0.95810000
vn -0.09250000 -0.28150000 -0.95510000
vn -0.13630000 -0.28000000 -0.95030000
vn -0.21390000 0.14940000 -0.96540000
vn -0.21160000 0.11250000 -0.97090000
vn -0.20810000 0.07810000 -0.97500000
vn -0.20590000 0.04770000 -0.97740000
vn -0.20630000 0.01810000 -0.97830000
vn -0.20890000 -0.01330000 -0.97790000
vn -0.21240000 -0.04750000 -0.97600000
vn 0.21390000 0.14940000 -0.96540000
vn 0.21160000 0.11250000 -0.97090000
vn 0.20810000 0.07810000 -0.97500000
vn 0.20590000 0.04770000 -0.97740000
vn 0.20630000 0.01810000 -0.97830000
vn 0.20890000 -0.01330000 -0.97790000
vn 0.21240000 -0.04750000 -0.97600000
vn -0.14860000 -0.07670000 -0.98590000
vn -0.09240000 -0.07130000 -0.99320000
vn -0.04410000 -0.06760000 -0.99670000
vn -0.00000000 -0.06630000 -0.99780000
vn 0.04410000 -0.06760000 -0.99670000
vn 0.09240000 -0.07130000 -0.99320000
vn 0.14860000 -0.07670000 -0.98590000
vn 0.00990000 0.51060000 -0.85970000
vn 0.02290000 0.50210000 -0.86450000
vn 0.03460000 0.49370000 -0.86890000
vn 0.04640000 0.48640000 -0.87250000
vn 0.06080000 0.48040000 -0.87490000
vn 0.07890000 0.47550000 -0.87620000
vn 0.10130000 0.47220000 -0.87560000
vn -0.08870000 0.26230000 -0.96090000
vn -0.10390000 0.24160000 -0.96480000
vn -0.11680000 0.22390000 -0.96760000
vn -0.12880000 0.21140000 -0.96890000
vn -0.14320000 0.20350000 -0.96860000
vn -0.16240000 0.19720000 -0.96680000
vn -0.18670000 0.19030000 -0.96380000
vn 0.18670000 0.19030000 -0.96380000
vn 0.16240000 0.19720000 -0.96680000
vn 0.14320000 0.20350000 -0.96860000
vn 0.12880000 0.21140000 -0.96890000
vn 0.11680000 0.22390000 -0.96760000
vn 0.10390000 0.24160000 -0.96480000
vn 0.08870000 0.26230000 -0.96090000
vn -0.19960000 0.21730000 -0.95550000
vn -0.19480000 0.28290000 -0.93920000
vn -0.18720000 0.34980000 -0.91790000
vn -0.17580000 0.41190000 -0.89410000
vn -0.16080000 0.46170000 -0.87240000
vn -0.14470000 0.49170000 -0.85870000
vn -0.13210000 0.49520000 -0.85870000
vn -0.19020000 -0.09540000 -0.97710000
vn -0.19710000 -0.07270000 -0.97770000
vn -0.20220000 -0.04670000 -0.97820000
vn -0.20540000 -0.01680000 -0.97850000
vn -0.20670000 0.01760000 -0.97820000
vn -0.20660000 0.05740000 -0.97670000
vn -0.20520000 0.10360000 -0.97320000
vn 0.13210000 0.49520000 -0.85870000
vn 0.14470000 0.49170000 -0.85870000
vn 0.16080000 0.46170000 -0.87240000
vn 0.17580000 0.41190000 -0.89410000
vn 0.18720000 0.34980000 -0.91790000
vn 0.19480000 0.28290000 -0.93920000
vn 0.19960000 0.21730000 -0.95550000
vn -0.00210000 0.15640000 -0.98770000
vn -0.00700000 0.15650000 -0.98770000
vn -0.01580000 0.15660000 -0.98750000
vn -0.02960000 0.15680000 -0.98720000
vn -0.05020000 0.15700000 -0.98630000
vn -0.08070000 0.15730000 -0.98430000
vn -0.12790000 0.15740000 -0.97920000
vn -0.63470000 -0.14550000 -0.75890000
vn -0.61870000 -0.18340000 -0.76400000
vn -0.59720000 -0.21880000 -0.77170000
vn -0.57070000 -0.25380000 -0.78090000
vn -0.53880000 -0.29040000 -0.79080000
vn -0.49980000 -0.33050000 -0.80060000
vn -0.45050000 -0.37600000 -0.80980000
vn 0.63470000 -0.14550000 -0.75890000
vn 0.61870000 -0.18340000 -0.76400000
vn 0.59720000 -0.21880000 -0.77170000
vn 0.57070000 -0.25380000 -0.78090000
vn 0.53880000 -0.29040000 -0.79080000
vn 0.49980000 -0.33050000 -0.80060000
vn 0.45040000 -0.37600000 -0.80980000
vn 0.30600000 -0.47770000 -0.82350000
vn 0.21320000 -0.52020000 -0.82700000
vn 0.10980000 -0.54860000 -0.82880000
vn -0.00000000 -0.55860000 -0.82940000
vn -0.10980000 -0.54860000 -0.82880000
vn -0.21320000 -0.52020000 -0.82700000
vn -0.30600000 -0.47770000 -0.82350000
vn -0.48020000 0.23840000 -0.84420000
vn -0.52480000 0.19370000 -0.82890000
vn -0.56420000 0.14600000 -0.81270000
vn -0.59690000 0.09610000 -0.79660000
vn -0.62170000 0.04490000 -0.78190000
vn -0.63810000 -0.00630000 -0.76990000
vn -0.64560000 -0.05620000 -0.76160000
vn 0.48020000 0.23840000 -0.84420000
vn 0.52480000 0.19370000 -0.82890000
vn 0.56420000 0.14600000 -0.81270000
vn 0.59690000 0.09610000 -0.79660000
vn 0.62170000 0.04490000 -0.78190000
vn 0.63810000 -0.00630000 -0.76990000
vn 0.64560000 -0.05620000 -0.76160000
vn -0.14960000 0.45340000 -0.87860000
vn -0.17600000 0.43710000 -0.88200000
vn -0.20790000 0.42060000 -0.88310000
vn -0.24530000 0.40160000 -0.88230000
vn -0.28760000 0.37870000 -0.87970000
vn -0.33380000 0.35090000 -0.87490000
vn -0.38260000 0.31780000 -0.86750000
vn 0.38260000 0.31780000 -0.86750000
vn 0.33380000 0.35090000 -0.87490000
vn 0.28760000 0.37870000 -0.87970000
vn 0.24530000 0.40160000 -0.88230000
vn 0.20790000 0.42060000 -0.88310000
vn 0.17600000 0.43710000 -0.88200000
vn 0.14960000 0.45340000 -0.87860000
vn -0.36710000 -0.41110000 -0.83440000
vn -0.34640000 -0.39470000 -0.85100000
vn -0.32260000 -0.37650000 -0.86840000
vn -0.29510000 -0.35660000 -0.88640000
vn -0.26540000 -0.33620000 -0.90360000
vn -0.23450000 -0.31580000 -0.91940000
vn -0.20300000 -0.29570000 -0.93350000
vn -0.28810000 -0.08970000 -0.95340000
vn -0.35850000 -0.09520000 -0.92870000
vn -0.42380000 -0.09940000 -0.90030000
vn -0.48310000 -0.10210000 -0.86960000
vn -0.53560000 -0.10360000 -0.83810000
vn -0.58060000 -0.10400000 -0.80750000
vn -0.61700000 -0.10380000 -0.78010000
vn 0.61700000 -0.10380000 -0.78010000
vn 0.58060000 -0.10400000 -0.80750000
vn 0.53560000 -0.10360000 -0.83810000
vn 0.48310000 -0.10210000 -0.86960000
vn 0.42380000 -0.09940000 -0.90030000
vn 0.35850000 -0.09520000 -0.92870000
vn 0.28810000 -0.08970000 -0.95340000
vn 0.20300000 -0.29570000 -0.93350000
vn 0.23450000 -0.31580000 -0.91940000
vn 0.26540000 -0.33620000 -0.90360000
vn 0.29510000 -0.35660000 -0.88640000
vn 0.32260000 -0.37650000 -0.86840000
vn 0.34640000 -0.39470000 -0.85100000
vn 0.36710000 -0.41110000 -0.83440000
vn -0.24460000 0.19710000 -0.94940000
vn -0.27780000 0.21260000 -0.93680000
vn -0.30980000 0.22630000 -0.92350000
vn -0.33950000 0.23850000 -0.90990000
vn -0.36630000 0.24960000 -0.89640000
vn -0.38990000 0.25950000 -0.88360000
vn -0.41120000 0.26910000 -0.87100000
vn 0.41120000 0.26910000 -0.87100000
vn 0.38990000 0.25950000 -0.88360000
vn 0.36630000 0.24960000 -0.89640000
vn 0.33950000 0.23850000 -0.90990000
vn 0.30980000 0.22630000 -0.92350000
vn 0.27780000 0.21260000 -0.93680000
vn 0.24460000 0.19710000 -0.94940000
vn -0.11860000 0.43990000 -0.89020000
vn -0.11280000 0.41680000 -0.90200000
vn -0.10680000 0.39640000 -0.91180000
vn -0.10020000 0.37600000 -0.92120000
vn -0.09350000 0.35450000 -0.93040000
vn -0.08680000 0.33100000 -0.93960000
vn -0.07980000 0.30580000 -0.94870000
vn 0.07980000 0.30580000 -0.94870000
vn 0.08680000 0.33100000 -0.93960000
vn 0.09350000 0.35450000 -0.93040000
vn 0.10020000 0.37600000 -0.92120000
vn 0.10680000 0.39640000 -0.91180000
vn 0.11280000 0.41680000 -0.90200000
vn 0.11860000 0.43990000 -0.89020000
vn -0.11470000 0.03950000 -0.99260000
vn -0.11230000 0.03410000 -0.99310000
vn -0.11020000 0.02710000 -0.99350000
vn -0.10850000 0.01880000 -0.99390000
vn -0.10720000 0.00930000 -0.99420000
vn -0.10610000 -0.00130000 -0.99440000
vn -0.10520000 -0.01260000 -0.99440000
vn -0.10760000 0.05750000 0.99250000
vn -0.10860000 0.06820000 0.99170000
vn -0.10980000 0.08240000 0.99050000
vn -0.11130000 0.09670000 0.98910000
vn -0.11300000 0.10940000 0.98760000
vn -0.11520000 0.11980000 0.98610000
vn -0.11790000 0.12800000 0.98470000
vn -0.78550000 0.60410000 0.13460000
vn -0.79050000 0.58750000 -0.17330000
vn -0.71530000 0.50930000 -0.47850000
vn -0.61650000 0.42200000 -0.66480000
vn -0.54140000 0.35980000 -0.75990000
vn -0.49110000 0.32030000 -0.81010000
vn -0.45690000 0.29560000 -0.83900000
vn 0.78550000 0.60410000 0.13460000
vn 0.79050000 0.58750000 -0.17330000
vn 0.71530000 0.50930000 -0.47850000
vn 0.61650000 0.42200000 -0.66480000
vn 0.54140000 0.35980000 -0.75990000
vn 0.49110000 0.32030000 -0.81010000
vn 0.45690000 0.29560000 -0.83900000
vn 0.71560000 -0.68160000 0.15290000
vn 0.70820000 -0.69400000 -0.12960000
vn 0.63910000 -0.64490000 -0.41920000
vn 0.55180000 -0.57180000 -0.60710000
vn 0.48430000 -0.51310000 -0.70870000
vn 0.43860000 -0.47280000 -0.76420000
vn 0.40790000 -0.44580000 -0.79680000
vn -0.71560000 -0.68160000 0.15290000
vn -0.70820000 -0.69400000 -0.12960000
vn -0.63910000 -0.64490000 -0.41920000
vn -0.55180000 -0.57180000 -0.60710000
vn -0.48430000 -0.51310000 -0.70870000
vn -0.43860000 -0.47280000 -0.76420000
vn -0.40790000 -0.44580000 -0.79680000
vn -0.98000000 -0.06210000 0.18910000
vn -0.99240000 -0.08200000 -0.09190000
vn -0.92340000 -0.09570000 -0.37160000
vn -0.82880000 -0.10080000 -0.55040000
vn -0.75460000 -0.10210000 -0.64820000
vn -0.70380000 -0.10240000 -0.70290000
vn -0.66960000 -0.10270000 -0.73560000
vn 0.98000000 -0.06210000 0.18910000
vn 0.99240000 -0.08200000 -0.09190000
vn 0.92340000 -0.09570000 -0.37160000
vn 0.82880000 -0.10080000 -0.55040000
vn 0.75460000 -0.10210000 -0.64820000
vn 0.70380000 -0.10240000 -0.70290000
vn 0.66960000 -0.10270000 -0.73560000
vn -0.67390000 0.73560000 0.06900000
vn -0.60730000 0.76800000 -0.20320000
vn -0.48020000 0.73170000 -0.48370000
vn -0.35480000 0.65740000 -0.66480000
vn -0.26400000 0.58990000 -0.76310000
vn -0.20330000 0.53930000 -0.81720000
vn -0.16080000 0.50150000 -0.85010000
vn 0.67390000 0.73560000 0.06900000
vn 0.60730000 0.76800000 -0.20320000
vn 0.48020000 0.73170000 -0.48370000
vn 0.35480000 0.65740000 -0.66480000
vn 0.26400000 0.58990000 -0.76310000
vn 0.20330000 0.53930000 -0.81720000
vn 0.16080000 0.50150000 -0.85010000
vn -0.52860000 0.79770000 0.29030000
vn -0.53960000 0.80650000 0.24160000
vn -0.55140000 0.82070000 0.14980000
vn -0.55690000 0.83060000 0.00090000
vn -0.54310000 0.81560000 -0.19980000
vn -0.49780000 0.75710000 -0.42310000
vn -0.42230000 0.65590000 -0.62560000
vn -0.99870000 0.02780000 -0.04290000
vn -0.98600000 0.04620000 -0.16020000
vn -0.93440000 0.07490000 -0.34840000
vn -0.81660000 0.10700000 -0.56720000
vn -0.64390000 0.13270000 -0.75350000
vn -0.46440000 0.14770000 -0.87320000
vn -0.31440000 0.15450000 -0.93660000
vn -0.99470000 0.00390000 -0.10310000
vn -0.94740000 -0.00150000 -0.32010000
vn -0.80280000 -0.00910000 -0.59620000
vn -0.58950000 -0.01570000 -0.80760000
vn -0.39620000 -0.01990000 -0.91800000
vn -0.25830000 -0.02220000 -0.96580000
vn -0.16610000 -0.02360000 -0.98580000
vn 0.20520000 0.10360000 -0.97320000
vn 0.20660000 0.05740000 -0.97670000
vn 0.20670000 0.01760000 -0.97820000
vn 0.20540000 -0.01680000 -0.97850000
vn 0.20220000 -0.04670000 -0.97820000
vn 0.19710000 -0.07270000 -0.97770000
vn 0.19020000 -0.09540000 -0.97710000
vn -0.99670000 -0.05360000 -0.06020000
vn -0.97930000 -0.06700000 -0.19100000
vn -0.91480000 -0.08600000 -0.39460000
vn -0.77950000 -0.10390000 -0.61780000
vn -0.59770000 -0.11430000 -0.79360000
vn -0.42230000 -0.11750000 -0.89880000
vn -0.28280000 -0.11680000 -0.95210000
vn -0.00190000 -0.10990000 -0.99390000
vn -0.00640000 -0.11000000 -0.99390000
vn -0.01430000 -0.11010000 -0.99380000
vn -0.02660000 -0.11040000 -0.99350000
vn -0.04490000 -0.11090000 -0.99280000
vn -0.07220000 -0.11180000 -0.99110000
vn -0.11430000 -0.11310000 -0.98700000
vn -0.27060000 0.35780000 0.89370000
vn -0.26410000 0.30230000 0.91590000
vn -0.25180000 0.24490000 0.93630000
vn -0.23590000 0.19160000 0.95270000
vn -0.21870000 0.14530000 0.96490000
vn -0.20180000 0.10710000 0.97360000
vn -0.18620000 0.07640000 0.97950000
vn -0.33260000 0.48830000 -0.80680000
vn -0.31070000 0.41880000 -0.85320000
vn -0.28320000 0.34970000 -0.89300000
vn -0.25490000 0.28800000 -0.92310000
vn -0.22900000 0.23610000 -0.94440000
vn -0.20650000 0.19370000 -0.95910000
vn -0.18770000 0.15880000 -0.96930000
vn -0.84710000 0.53030000 -0.03390000
vn -0.83720000 0.52450000 -0.15480000
vn -0.79310000 0.50000000 -0.34790000
vn -0.69240000 0.44180000 -0.57050000
vn -0.54600000 0.35490000 -0.75890000
vn -0.39410000 0.26320000 -0.88060000
vn -0.26700000 0.18640000 -0.94550000
vn -0.12580000 0.13770000 0.98250000
vn -0.13110000 0.13840000 0.98170000
vn -0.13760000 0.13690000 0.98100000
vn -0.14510000 0.13360000 0.98040000
vn -0.15360000 0.12840000 0.97970000
vn -0.16290000 0.12120000 0.97920000
vn -0.17270000 0.11110000 0.97870000
vn -0.12540000 -0.15740000 -0.97950000
vn -0.13080000 -0.15830000 -0.97870000
vn -0.13710000 -0.15700000 -0.97800000
vn -0.14460000 -0.15380000 -0.97750000
vn -0.15310000 -0.14870000 -0.97700000
vn -0.16240000 -0.14110000 -0.97660000
vn -0.17210000 -0.13020000 -0.97640000
vn -0.99400000 -0.06230000 0.09020000
vn -0.95950000 -0.03180000 0.28000000
vn -0.84210000 0.01510000 0.53920000
vn -0.64640000 0.06240000 0.76040000
vn -0.44830000 0.09610000 0.88870000
vn -0.29680000 0.11620000 0.94780000
vn -0.19210000 0.12760000 0.97300000
vn -0.16090000 0.03420000 0.98640000
vn -0.15110000 0.02100000 0.98830000
vn -0.14300000 0.01130000 0.98970000
vn -0.13630000 0.00390000 0.99070000
vn -0.13050000 -0.00190000 0.99140000
vn -0.12570000 -0.00660000 0.99200000
vn -0.12150000 -0.01060000 0.99250000
vn -0.16000000 0.10710000 -0.98130000
vn -0.15020000 0.08970000 -0.98460000
vn -0.14210000 0.07650000 -0.98690000
vn -0.13540000 0.06640000 -0.98860000
vn -0.12980000 0.05840000 -0.98980000
vn -0.12510000 0.05220000 -0.99080000
vn -0.12110000 0.04740000 -0.99150000
vn -0.97680000 0.18890000 -0.10120000
vn -0.93780000 0.18610000 -0.29310000
vn -0.81700000 0.16900000 -0.55130000
vn -0.62410000 0.13690000 -0.76930000
vn -0.43250000 0.10260000 -0.89580000
vn -0.28670000 0.07550000 -0.95500000
vn -0.18590000 0.05650000 -0.98090000
vn -0.10430000 -0.03530000 -0.99390000
vn -0.10420000 -0.04450000 -0.99360000
vn -0.10420000 -0.05190000 -0.99320000
vn -0.10440000 -0.05790000 -0.99280000
vn -0.10480000 -0.06250000 -0.99250000
vn -0.10530000 -0.06580000 -0.99230000
vn -0.10600000 -0.06800000 -0.99200000
vn -0.10430000 0.02860000 0.99410000
vn -0.10420000 0.03580000 0.99390000
vn -0.10420000 0.04140000 0.99370000
vn -0.10440000 0.04580000 0.99350000
vn -0.10480000 0.04900000 0.99330000
vn -0.10530000 0.05110000 0.99310000
vn -0.10600000 0.05210000 0.99300000
vn -0.99220000 -0.06730000 0.10480000
vn -0.94700000 -0.05070000 0.31720000
vn -0.80680000 -0.02340000 0.59030000
vn -0.59640000 0.00540000 0.80270000
vn -0.40260000 0.02670000 0.91500000
vn -0.26300000 0.04000000 0.96400000
vn -0.16930000 0.04800000 0.98440000
vn 0.19060000 0.08050000 0.97840000
vn 0.19740000 0.06080000 0.97840000
vn 0.20230000 0.03810000 0.97860000
vn 0.20530000 0.01170000 0.97860000
vn 0.20650000 -0.01930000 0.97830000
vn 0.20630000 -0.05590000 0.97690000
vn 0.20480000 -0.09930000 0.97370000
vn 0.11500000 -0.01570000 0.99320000
vn 0.11250000 -0.01570000 0.99350000
vn 0.11040000 -0.01370000 0.99380000
vn 0.10860000 -0.00990000 0.99400000
vn 0.10720000 -0.00430000 0.99420000
vn 0.10610000 0.00270000 0.99440000
vn 0.10530000 0.01100000 0.99440000
vn 0.10760000 -0.07550000 -0.99130000
vn 0.10860000 -0.08680000 -0.99030000
vn 0.10970000 -0.10140000 -0.98880000
vn 0.11110000 -0.11590000 -0.98700000
vn 0.11280000 -0.12860000 -0.98530000
vn 0.11500000 -0.13900000 -0.98360000
vn 0.11770000 -0.14740000 -0.98210000
vn 0.11470000 0.03950000 -0.99260000
vn 0.11230000 0.03410000 -0.99310000
vn 0.11020000 0.02710000 -0.99350000
vn 0.10850000 0.01880000 -0.99390000
vn 0.10720000 0.00930000 -0.99420000
vn 0.10610000 -0.00130000 -0.99440000
vn 0.10520000 -0.01260000 -0.99440000
vn 0.10760000 0.05750000 0.99250000
vn 0.10860000 0.06820000 0.99170000
vn 0.10980000 0.08240000 0.99050000
vn 0.11130000 0.09670000 0.98910000
vn 0.11300000 0.10940000 0.98760000
vn 0.11520000 0.11980000 0.98610000
vn 0.11790000 0.12800000 0.98470000
vn 0.52860000 0.79770000 0.29030000
vn 0.53960000 0.80650000 0.24150000
vn 0.55140000 0.82070000 0.14980000
vn 0.55690000 0.83060000 0.00090000
vn 0.54310000 0.81560000 -0.19970000
vn 0.49780000 0.75710000 -0.42310000
vn 0.42240000 0.65590000 -0.62560000
vn 0.99470000 0.00390000 -0.10310000
vn 0.94740000 -0.00150000 -0.32010000
vn 0.80280000 -0.00910000 -0.59620000
vn 0.58950000 -0.01570000 -0.80760000
vn 0.39620000 -0.01990000 -0.91800000
vn 0.25830000 -0.02220000 -0.96580000
vn 0.16610000 -0.02360000 -0.98580000
vn 0.27060000 0.35780000 0.89370000
vn 0.26410000 0.30230000 0.91590000
vn 0.25180000 0.24490000 0.93630000
vn 0.23590000 0.19160000 0.95270000
vn 0.21870000 0.14530000 0.96490000
vn 0.20180000 0.10710000 0.97360000
vn 0.18620000 0.07640000 0.97950000
vn 0.33260000 0.48830000 -0.80680000
vn 0.31070000 0.41890000 -0.85320000
vn 0.28320000 0.34970000 -0.89300000
vn 0.25490000 0.28800000 -0.92310000
vn 0.22900000 0.23610000 -0.94440000
vn 0.20650000 0.19370000 -0.95910000
vn 0.18770000 0.15880000 -0.96930000
vn 0.84710000 0.53030000 -0.03390000
vn 0.83720000 0.52450000 -0.15480000
vn 0.79310000 0.50000000 -0.34790000
vn 0.69240000 0.44180000 -0.57040000
vn 0.54600000 0.35490000 -0.75890000
vn 0.39410000 0.26320000 -0.88060000
vn 0.26700000 0.18640000 -0.94550000
vn 0.12580000 0.13770000 0.98250000
vn 0.13110000 0.13840000 0.98170000
vn 0.13760000 0.13690000 0.98100000
vn 0.14510000 0.13360000 0.98040000
vn 0.15360000 0.12840000 0.97970000
vn 0.16290000 0.12120000 0.97920000
vn 0.17270000 0.11110000 0.97870000
vn 0.99400000 -0.06230000 0.09020000
vn 0.95950000 -0.03180000 0.28000000
vn 0.84210000 0.01510000 0.53920000
vn 0.64640000 0.06240000 0.76040000
vn 0.44840000 0.09610000 0.88870000
vn 0.29680000 0.11620000 0.94780000
vn 0.19210000 0.12760000 0.97300000
vn 0.00220000 -0.15670000 0.98760000
vn 0.00720000 -0.15670000 0.98760000
vn 0.01610000 -0.15670000 0.98750000
vn 0.02990000 -0.15650000 0.98720000
vn 0.05030000 -0.15610000 0.98650000
vn 0.08080000 -0.15530000 0.98460000
vn 0.12770000 -0.15370000 0.97980000
vn 0.00710000 -0.50820000 0.86120000
vn 0.01490000 -0.50060000 0.86560000
vn 0.01950000 -0.49270000 0.87000000
vn 0.02270000 -0.48500000 0.87420000
vn 0.02690000 -0.47680000 0.87860000
vn 0.03290000 -0.46660000 0.88390000
vn 0.03970000 -0.45130000 0.89150000
vn 0.00190000 0.10610000 0.99440000
vn 0.00640000 0.10600000 0.99430000
vn 0.01430000 0.10580000 0.99430000
vn 0.02660000 0.10550000 0.99410000
vn 0.04500000 0.10480000 0.99350000
vn 0.07230000 0.10360000 0.99200000
vn 0.11460000 0.10150000 0.98820000
vn 0.00180000 -0.04370000 0.99900000
vn 0.00600000 -0.04280000 0.99910000
vn 0.01360000 -0.04040000 0.99910000
vn 0.02530000 -0.03560000 0.99900000
vn 0.04270000 -0.02700000 0.99870000
vn 0.06870000 -0.01240000 0.99760000
vn 0.10870000 0.01180000 0.99400000
vn -0.00110000 0.01900000 0.99980000
vn -0.00360000 0.01900000 0.99980000
vn -0.00810000 0.01910000 0.99980000
vn -0.01510000 0.01910000 0.99970000
vn -0.02550000 0.01920000 0.99950000
vn -0.04110000 0.01940000 0.99900000
vn -0.06530000 0.01970000 0.99770000
vn -0.00130000 0.14230000 0.98980000
vn -0.00420000 0.14220000 0.98980000
vn -0.00940000 0.14210000 0.98980000
vn -0.01760000 0.14170000 0.98980000
vn -0.02970000 0.14110000 0.98960000
vn -0.04780000 0.13990000 0.98900000
vn -0.07590000 0.13790000 0.98750000
vn -0.00640000 0.18370000 0.98300000
vn -0.02110000 0.18960000 0.98160000
vn -0.04580000 0.20350000 0.97800000
vn -0.08080000 0.22850000 0.97020000
vn -0.12290000 0.26410000 0.95660000
vn -0.17040000 0.30910000 0.93560000
vn -0.22250000 0.36030000 0.90590000
vn 0.16090000 0.03420000 0.98640000
vn 0.15110000 0.02100000 0.98830000
vn 0.14300000 0.01130000 0.98970000
vn 0.13630000 0.00390000 0.99070000
vn 0.13050000 -0.00190000 0.99140000
vn 0.12570000 -0.00660000 0.99200000
vn 0.12150000 -0.01060000 0.99250000
vn 0.16000000 0.10710000 -0.98130000
vn 0.15020000 0.08970000 -0.98460000
vn 0.14210000 0.07650000 -0.98690000
vn 0.13540000 0.06640000 -0.98860000
vn 0.12980000 0.05840000 -0.98980000
vn 0.12510000 0.05220000 -0.99080000
vn 0.12110000 0.04740000 -0.99150000
vn 0.00120000 -0.03370000 0.99940000
vn 0.00410000 -0.03350000 0.99940000
vn 0.00910000 -0.03300000 0.99940000
vn 0.01700000 -0.03200000 0.99930000
vn 0.02880000 -0.03020000 0.99910000
vn 0.04640000 -0.02730000 0.99860000
vn 0.07370000 -0.02220000 0.99700000
vn 0.97680000 0.18890000 -0.10120000
vn 0.93780000 0.18610000 -0.29310000
vn 0.81700000 0.16900000 -0.55130000
vn 0.62410000 0.13690000 -0.76930000
vn 0.43250000 0.10260000 -0.89580000
vn 0.28670000 0.07550000 -0.95500000
vn 0.18590000 0.05650000 -0.98090000
vn 0.10430000 -0.03530000 -0.99390000
vn 0.10420000 -0.04450000 -0.99360000
vn 0.10420000 -0.05190000 -0.99320000
vn 0.10440000 -0.05790000 -0.99280000
vn 0.10480000 -0.06250000 -0.99250000
vn 0.10530000 -0.06580000 -0.99230000
vn 0.10600000 -0.06800000 -0.99200000
vn 0.10430000 0.02860000 0.99410000
vn 0.10420000 0.03580000 0.99390000
vn 0.10420000 0.04140000 0.99370000
vn 0.10440000 0.04580000 0.99350000
vn 0.10480000 0.04900000 0.99330000
vn 0.10530000 0.05110000 0.99310000
vn 0.10600000 0.05210000 0.99300000
vn 0.00110000 0.05950000 0.99820000
vn 0.00370000 0.05940000 0.99820000
vn 0.00830000 0.05930000 0.99820000
vn 0.01540000 0.05900000 0.99810000
vn 0.02610000 0.05840000 0.99800000
vn 0.04200000 0.05750000 0.99750000
vn 0.06660000 0.05580000 0.99620000
vn 0.99220000 -0.06730000 0.10470000
vn 0.94700000 -0.05070000 0.31720000
vn 0.80680000 -0.02340000 0.59030000
vn 0.59640000 0.00540000 0.80270000
vn 0.40260000 0.02670000 0.91500000
vn 0.26300000 0.04000000 0.96400000
vn 0.16930000 0.04800000 0.98440000
vn 0.00760000 0.31060000 -0.95050000
vn 0.02490000 0.31710000 -0.94810000
vn 0.05470000 0.33250000 -0.94150000
vn 0.09790000 0.36010000 -0.92780000
vn 0.15130000 0.39940000 -0.90420000
vn 0.21340000 0.44890000 -0.86770000
vn 0.28220000 0.50400000 -0.81630000
vn -0.00110000 -0.02560000 -0.99970000
vn -0.00360000 -0.02560000 -0.99970000
vn -0.00810000 -0.02560000 -0.99960000
vn -0.01510000 -0.02550000 -0.99960000
vn -0.02550000 -0.02540000 -0.99940000
vn -0.04110000 -0.02520000 -0.99880000
vn -0.06530000 -0.02490000 -0.99760000
vn 0.17210000 -0.13020000 -0.97640000
vn 0.16240000 -0.14110000 -0.97660000
vn 0.15310000 -0.14870000 -0.97700000
vn 0.14460000 -0.15380000 -0.97750000
vn 0.13710000 -0.15700000 -0.97800000
vn 0.13080000 -0.15830000 -0.97870000
vn 0.12540000 -0.15740000 -0.97950000
vn -0.00180000 0.04270000 -0.99910000
vn -0.00600000 0.04350000 -0.99900000
vn -0.01360000 0.04570000 -0.99890000
vn -0.02520000 0.05010000 -0.99840000
vn -0.04260000 0.05790000 -0.99740000
vn -0.06860000 0.07110000 -0.99510000
vn -0.10860000 0.09320000 -0.98970000
vn -0.00130000 -0.14770000 -0.98900000
vn -0.00420000 -0.14780000 -0.98900000
vn -0.00940000 -0.14790000 -0.98900000
vn -0.01750000 -0.14830000 -0.98880000
vn -0.02960000 -0.14880000 -0.98840000
vn -0.04770000 -0.14980000 -0.98760000
vn -0.07570000 -0.15130000 -0.98560000
vn -0.00120000 0.02420000 -0.99970000
vn -0.00410000 0.02440000 -0.99970000
vn -0.00920000 0.02490000 -0.99960000
vn -0.01700000 0.02590000 -0.99950000
vn -0.02880000 0.02760000 -0.99920000
vn -0.04640000 0.03060000 -0.99850000
vn -0.07360000 0.03550000 -0.99670000
vn -0.00110000 -0.06410000 -0.99790000
vn -0.00370000 -0.06410000 -0.99790000
vn -0.00830000 -0.06430000 -0.99790000
vn -0.01540000 -0.06460000 -0.99780000
vn -0.02610000 -0.06510000 -0.99750000
vn -0.04200000 -0.06600000 -0.99690000
vn -0.06660000 -0.06750000 -0.99550000
vn 0.19660000 -0.20740000 0.95830000
vn 0.18440000 -0.26680000 0.94590000
vn 0.16290000 -0.32520000 0.93150000
vn 0.13250000 -0.37780000 0.91640000
vn 0.09560000 -0.41900000 0.90300000
vn 0.05420000 -0.44310000 0.89480000
vn 0.00800000 -0.44490000 0.89550000
vn 0.99870000 0.02780000 -0.04290000
vn 0.98600000 0.04610000 -0.16020000
vn 0.93440000 0.07490000 -0.34840000
vn 0.81660000 0.10690000 -0.56720000
vn 0.64390000 0.13270000 -0.75350000
vn 0.46440000 0.14770000 -0.87320000
vn 0.31440000 0.15450000 -0.93660000
vn 0.99670000 -0.05360000 -0.06020000
vn 0.97930000 -0.06700000 -0.19100000
vn 0.91480000 -0.08600000 -0.39460000
vn 0.77950000 -0.10390000 -0.61780000
vn 0.59770000 -0.11430000 -0.79350000
vn 0.42230000 -0.11750000 -0.89880000
vn 0.28280000 -0.11680000 -0.95200000
vn 0.05160000 -0.27730000 0.95940000
vn 0.03070000 -0.27110000 0.96210000
vn 0.01360000 -0.26640000 0.96380000
vn -0.00000000 -0.26460000 0.96440000
vn -0.01360000 -0.26640000 0.96380000
vn -0.03070000 -0.27110000 0.96210000
vn -0.05160000 -0.27730000 0.95940000
vn -0.10130000 0.47220000 -0.87560000
vn -0.07890000 0.47550000 -0.87620000
vn -0.06080000 0.48040000 -0.87490000
vn -0.04640000 0.48640000 -0.87250000
vn -0.03460000 0.49370000 -0.86890000
vn -0.02290000 0.50210000 -0.86450000
vn -0.00990000 0.51060000 -0.85970000
vn 0.12790000 0.15740000 -0.97920000
vn 0.08070000 0.15730000 -0.98430000
vn 0.05020000 0.15700000 -0.98630000
vn 0.02960000 0.15680000 -0.98720000
vn 0.01580000 0.15660000 -0.98750000
vn 0.00700000 0.15650000 -0.98770000
vn 0.00210000 0.15640000 -0.98770000
vn -0.05160000 0.27500000 -0.96010000
vn -0.03070000 0.26860000 -0.96280000
vn -0.01360000 0.26390000 -0.96450000
vn -0.00000000 0.26200000 -0.96510000
vn 0.01360000 0.26390000 -0.96450000
vn 0.03070000 0.26860000 -0.96280000
vn 0.05160000 0.27500000 -0.96010000
vn 0.11430000 -0.11310000 -0.98700000
vn 0.07220000 -0.11180000 -0.99110000
vn 0.04490000 -0.11090000 -0.99280000
vn 0.02660000 -0.11040000 -0.99350000
vn 0.01430000 -0.11010000 -0.99380000
vn 0.00640000 -0.11000000 -0.99390000
vn 0.00190000 -0.10990000 -0.99390000
vn -0.12770000 -0.15370000 0.97980000
vn -0.08080000 -0.15530000 0.98460000
vn -0.05030000 -0.15610000 0.98650000
vn -0.02990000 -0.15650000 0.98720000
vn -0.01610000 -0.15670000 0.98750000
vn -0.00720000 -0.15670000 0.98760000
vn -0.00220000 -0.15670000 0.98760000
vn -0.03970000 -0.45130000 0.89150000
vn -0.03290000 -0.46660000 0.88390000
vn -0.02690000 -0.47680000 0.87860000
vn -0.02270000 -0.48500000 0.87420000
vn -0.01950000 -0.49270000 0.87000000
vn -0.01490000 -0.50060000 0.86560000
vn -0.00700000 -0.50820000 0.86120000
vn -0.11460000 0.10150000 0.98820000
vn -0.07230000 0.10360000 0.99200000
vn -0.04490000 0.10480000 0.99350000
vn -0.02660000 0.10550000 0.99410000
vn -0.01430000 0.10580000 0.99430000
vn -0.00640000 0.10600000 0.99430000
vn -0.00190000 0.10610000 0.99440000
vn -0.10870000 0.01180000 0.99400000
vn -0.06870000 -0.01240000 0.99760000
vn -0.04270000 -0.02700000 0.99870000
vn -0.02530000 -0.03560000 0.99900000
vn -0.01360000 -0.04040000 0.99910000
vn -0.00600000 -0.04280000 0.99910000
vn -0.00180000 -0.04370000 0.99900000
vn 0.06530000 0.01970000 0.99770000
vn 0.04110000 0.01940000 0.99900000
vn 0.02550000 0.01920000 0.99950000
vn 0.01510000 0.01910000 0.99970000
vn 0.00810000 0.01910000 0.99980000
vn 0.00360000 0.01900000 0.99980000
vn 0.00110000 0.01900000 0.99980000
vn 0.07590000 0.13790000 0.98750000
vn 0.04780000 0.13990000 0.98900000
vn 0.02970000 0.14110000 0.98960000
vn 0.01760000 0.14170000 0.98980000
vn 0.00940000 0.14210000 0.98980000
vn 0.00420000 0.14220000 0.98980000
vn 0.00130000 0.14230000 0.98980000
vn 0.22250000 0.36030000 0.90590000
vn 0.17040000 0.30910000 0.93560000
vn 0.12290000 0.26410000 0.95660000
vn 0.08080000 0.22850000 0.97020000
vn 0.04580000 0.20350000 0.97800000
vn 0.02110000 0.18960000 0.98160000
vn 0.00640000 0.18370000 0.98300000
vn -0.07370000 -0.02230000 0.99700000
vn -0.04640000 -0.02730000 0.99860000
vn -0.02880000 -0.03020000 0.99910000
vn -0.01700000 -0.03200000 0.99930000
vn -0.00910000 -0.03300000 0.99940000
vn -0.00410000 -0.03350000 0.99940000
vn -0.00120000 -0.03370000 0.99940000
vn -0.06660000 0.05580000 0.99620000
vn -0.04200000 0.05750000 0.99750000
vn -0.02610000 0.05840000 0.99800000
vn -0.01540000 0.05900000 0.99810000
vn -0.00830000 0.05930000 0.99820000
vn -0.00370000 0.05940000 0.99820000
vn -0.00110000 0.05950000 0.99820000
vn -0.28220000 0.50400000 -0.81630000
vn -0.21340000 0.44890000 -0.86770000
vn -0.15130000 0.39940000 -0.90420000
vn -0.09790000 0.36010000 -0.92780000
vn -0.05470000 0.33250000 -0.94150000
vn -0.02490000 0.31710000 -0.94810000
vn -0.00760000 0.31060000 -0.95050000
vn 0.06530000 -0.02490000 -0.99760000
vn 0.04110000 -0.02520000 -0.99880000
vn 0.02550000 -0.02540000 -0.99940000
vn 0.01510000 -0.02550000 -0.99960000
vn 0.00810000 -0.02560000 -0.99960000
vn 0.00360000 -0.02560000 -0.99970000
vn 0.00110000 -0.02560000 -0.99970000
vn 0.10860000 0.09320000 -0.98970000
vn 0.06860000 0.07110000 -0.99510000
vn 0.04260000 0.05790000 -0.99740000
vn 0.02520000 0.05010000 -0.99840000
vn 0.01360000 0.04570000 -0.99890000
vn 0.00600000 0.04350000 -0.99900000
vn 0.00180000 0.04270000 -0.99910000
vn 0.07570000 -0.15130000 -0.98560000
vn 0.04770000 -0.14980000 -0.98760000
vn 0.02960000 -0.14880000 -0.98840000
vn 0.01750000 -0.14830000 -0.98880000
vn 0.00940000 -0.14790000 -0.98900000
vn 0.00420000 -0.14780000 -0.98900000
vn 0.00130000 -0.14770000 -0.98900000
vn 0.07360000 0.03550000 -0.99670000
vn 0.04640000 0.03060000 -0.99850000
vn 0.02880000 0.02760000 -0.99920000
vn 0.01700000 0.02590000 -0.99950000
vn 0.00920000 0.02490000 -0.99960000
vn 0.00410000 0.02440000 -0.99970000
vn 0.00120000 0.02420000 -0.99970000
vn 0.06660000 -0.06750000 -0.99550000
vn 0.04200000 -0.06600000 -0.99690000
vn 0.02610000 -0.06510000 -0.99750000
vn 0.01540000 -0.06460000 -0.99780000
vn 0.00830000 -0.06430000 -0.99790000
vn 0.00370000 -0.06410000 -0.99790000
vn 0.00110000 -0.06410000 -0.99790000
vn -0.00000000 0.05810000 0.99830000
vn -0.00000000 0.05640000 0.99840000
vn -0.00000000 0.05360000 0.99860000
vn -0.00000000 0.04960000 0.99880000
vn -0.00000000 0.04430000 0.99900000
vn -0.00000000 0.03750000 0.99930000
vn -0.00000000 0.02910000 0.99960000
vn -0.00000000 0.14600000 0.98930000
vn -0.00000000 0.14700000 0.98910000
vn -0.00000000 0.14570000 0.98930000
vn -0.00000000 0.14270000 0.98980000
vn -0.00000000 0.13780000 0.99050000
vn -0.00000000 0.13060000 0.99140000
vn -0.00000000 0.12040000 0.99270000
vn -0.00000000 0.00830000 1.00000000
vn -0.00000000 -0.00190000 1.00000000
vn -0.00000000 -0.01100000 0.99990000
vn -0.00000000 -0.01880000 0.99980000
vn -0.00000000 -0.02510000 0.99970000
vn -0.00000000 -0.02980000 0.99960000
vn -0.00000000 -0.03260000 0.99950000
vn -0.00000000 0.08790000 0.99610000
vn -0.00000000 0.06670000 0.99780000
vn -0.00000000 0.04220000 0.99910000
vn -0.00000000 0.01380000 0.99990000
vn -0.00000000 -0.01940000 0.99980000
vn -0.00000000 -0.05820000 0.99830000
vn -0.00000000 -0.10380000 0.99460000
vn -0.00000000 -0.21520000 0.97660000
vn -0.00000000 -0.27610000 0.96110000
vn -0.00000000 -0.33680000 0.94160000
vn -0.00000000 -0.39420000 0.91900000
vn -0.00000000 -0.44480000 0.89560000
vn -0.00000000 -0.48440000 0.87490000
vn -0.00000000 -0.50800000 0.86140000
vn -0.00000000 -0.04550000 0.99900000
vn -0.00000000 -0.04380000 0.99900000
vn -0.00000000 -0.03700000 0.99930000
vn -0.00000000 -0.02330000 0.99970000
vn -0.00000000 0.00030000 1.00000000
vn -0.00000000 0.03800000 0.99930000
vn -0.00000000 0.09630000 0.99540000
vn -0.00000000 -0.03520000 -0.99940000
vn -0.00000000 -0.04320000 -0.99910000
vn -0.00000000 -0.04960000 -0.99880000
vn -0.00000000 -0.05460000 -0.99850000
vn -0.00000000 -0.05840000 -0.99830000
vn -0.00000000 -0.06110000 -0.99810000
vn -0.00000000 -0.06270000 -0.99800000
vn -0.00000000 0.03740000 -0.99930000
vn -0.00000000 0.03350000 -0.99940000
vn -0.00000000 0.03040000 -0.99950000
vn -0.00000000 0.02810000 -0.99960000
vn -0.00000000 0.02640000 -0.99970000
vn -0.00000000 0.02530000 -0.99970000
vn -0.00000000 0.02460000 -0.99970000
vn -0.00000000 -0.06920000 -0.99760000
vn -0.00000000 -0.08030000 -0.99680000
vn -0.00000000 -0.09490000 -0.99550000
vn -0.00000000 -0.10950000 -0.99400000
vn -0.00000000 -0.12230000 -0.99250000
vn -0.00000000 -0.13290000 -0.99110000
vn -0.00000000 -0.14130000 -0.99000000
vn -0.00000000 -0.03400000 0.99940000
vn -0.00000000 -0.03440000 0.99940000
vn -0.00000000 -0.03500000 0.99940000
vn -0.00000000 -0.03590000 0.99940000
vn -0.00000000 -0.03720000 0.99930000
vn -0.00000000 -0.03890000 0.99920000
vn -0.00000000 -0.04110000 0.99920000
vn -0.00000000 0.13600000 0.99070000
vn -0.00000000 0.12770000 0.99180000
vn -0.00000000 0.11720000 0.99310000
vn -0.00000000 0.10440000 0.99450000
vn -0.00000000 0.09000000 0.99590000
vn -0.00000000 0.07560000 0.99710000
vn -0.00000000 0.06460000 0.99790000
vn -0.00000000 0.21540000 -0.97650000
vn -0.00000000 0.15660000 -0.98770000
vn -0.00000000 0.11810000 -0.99300000
vn -0.00000000 0.09160000 -0.99580000
vn -0.00000000 0.07280000 -0.99730000
vn -0.00000000 0.05930000 -0.99820000
vn -0.00000000 0.04950000 -0.99880000
vn -0.00000000 0.88500000 0.46560000
vn -0.00000000 0.85010000 0.52660000
vn -0.00000000 0.78560000 0.61870000
vn -0.00000000 0.68820000 0.72550000
vn -0.00000000 0.56350000 0.82610000
vn -0.00000000 0.42680000 0.90430000
vn -0.00000000 0.29550000 0.95530000
vn -0.00000000 -0.15140000 -0.98850000
vn -0.00000000 -0.15230000 -0.98830000
vn -0.00000000 -0.15100000 -0.98850000
vn -0.00000000 -0.14780000 -0.98900000
vn -0.00000000 -0.14270000 -0.98980000
vn -0.00000000 -0.13520000 -0.99080000
vn -0.00000000 -0.12460000 -0.99220000
vn -0.00000000 -0.09120000 -0.99580000
vn -0.00000000 -0.06940000 -0.99760000
vn -0.00000000 -0.04430000 -0.99900000
vn -0.00000000 -0.01540000 -0.99990000
vn -0.00000000 0.01820000 -0.99980000
vn -0.00000000 0.05740000 -0.99830000
vn -0.00000000 0.10330000 -0.99470000
vn -0.00000000 0.21530000 -0.97660000
vn -0.00000000 0.27680000 -0.96090000
vn -0.00000000 0.33830000 -0.94100000
vn -0.00000000 0.39660000 -0.91800000
vn -0.00000000 0.44800000 -0.89400000
vn -0.00000000 0.48800000 -0.87290000
vn -0.00000000 0.51150000 -0.85930000
vn -0.00000000 0.02310000 -0.99970000
vn -0.00000000 0.02040000 -0.99980000
vn -0.00000000 0.01600000 -0.99990000
vn -0.00000000 0.01010000 -0.99990000
vn -0.00000000 0.00270000 -1.00000000
vn -0.00000000 -0.00590000 -1.00000000
vn -0.00000000 -0.01550000 -0.99990000
vn 0.33020000 -0.19550000 0.92340000
vn 0.29080000 -0.16130000 0.94310000
vn 0.22060000 -0.10440000 0.96970000
vn 0.08720000 -0.00080000 0.99620000
vn -0.16190000 0.18580000 0.96910000
vn -0.48380000 0.41690000 0.76950000
vn -0.68650000 0.55140000 0.47400000
vn -0.33020000 -0.19550000 0.92340000
vn -0.29080000 -0.16130000 0.94310000
vn -0.22060000 -0.10440000 0.96970000
vn -0.08720000 -0.00080000 0.99620000
vn 0.16190000 0.18580000 0.96920000
vn 0.48380000 0.41690000 0.76950000
vn 0.68650000 0.55140000 0.47400000
vn -0.28580000 0.33690000 0.89710000
vn -0.24560000 0.29990000 0.92180000
vn -0.17530000 0.23480000 0.95610000
vn -0.04170000 0.10960000 0.99310000
vn 0.20210000 -0.12580000 0.97120000
vn 0.49060000 -0.42080000 0.76300000
vn 0.65080000 -0.59690000 0.46920000
vn 0.28580000 0.33690000 0.89710000
vn 0.24560000 0.29990000 0.92180000
vn 0.17530000 0.23480000 0.95610000
vn 0.04170000 0.10960000 0.99310000
vn -0.20210000 -0.12580000 0.97120000
vn -0.49060000 -0.42080000 0.76300000
vn -0.65080000 -0.59690000 0.46920000
vn 0.53300000 0.09940000 0.84030000
vn 0.48520000 0.09700000 0.86900000
vn 0.39970000 0.09280000 0.91190000
vn 0.22940000 0.08320000 0.96980000
vn -0.11380000 0.05800000 0.99180000
vn -0.77150000 -0.01720000 0.63600000
vn -0.32840000 0.03920000 0.94370000
vn -0.85580000 -0.03060000 0.51640000
vn -0.53300000 0.09940000 0.84030000
vn -0.48520000 0.09700000 0.86900000
vn -0.39970000 0.09280000 0.91190000
vn -0.22940000 0.08320000 0.96980000
vn 0.11380000 0.05800000 0.99180000
vn 0.32840000 0.03920000 0.94370000
vn 0.77150000 -0.01720000 0.63600000
vn 0.85580000 -0.03060000 0.51640000
vn 0.00460000 -0.39190000 0.92000000
vn -0.04140000 -0.34830000 0.93650000
vn -0.11630000 -0.27200000 0.95530000
vn -0.24440000 -0.12950000 0.96100000
vn -0.44020000 0.12290000 0.88950000
vn -0.62320000 0.43340000 0.65100000
vn -0.68730000 0.62810000 0.36490000
vn -0.00460000 -0.39190000 0.92000000
vn 0.04140000 -0.34830000 0.93650000
vn 0.11630000 -0.27200000 0.95530000
vn 0.24440000 -0.12950000 0.96100000
vn 0.44020000 0.12290000 0.88950000
vn 0.62320000 0.43340000 0.65100000
vn 0.68730000 0.62810000 0.36490000
vn -0.32240000 0.49770000 0.80520000
vn -0.37730000 0.59410000 0.71040000
vn -0.42370000 0.67390000 0.60520000
vn -0.45900000 0.73180000 0.50380000
vn -0.48390000 0.76820000 0.41920000
vn -0.50050000 0.78710000 0.36040000
vn -0.51190000 0.79460000 0.32650000
vn -0.31280000 -0.14350000 0.93890000
vn -0.46120000 -0.13070000 0.87760000
vn -0.63890000 -0.10850000 0.76160000
vn -0.81080000 -0.07590000 0.58030000
vn -0.93000000 -0.03910000 0.36550000
vn -0.98390000 -0.00800000 0.17850000
vn -0.99810000 0.01120000 0.06060000
vn -0.16610000 0.02050000 0.98590000
vn -0.25830000 0.02090000 0.96580000
vn -0.39640000 0.02110000 0.91780000
vn -0.59010000 0.02040000 0.80710000
vn -0.80350000 0.01760000 0.59500000
vn -0.94780000 0.01280000 0.31850000
vn -0.99480000 0.00850000 0.10160000
vn -0.28400000 0.09040000 0.95460000
vn -0.42470000 0.07820000 0.90200000
vn -0.60160000 0.05850000 0.79660000
vn -0.78440000 0.03070000 0.61940000
vn -0.91910000 -0.00030000 0.39400000
vn -0.98180000 -0.02580000 0.18830000
vn -0.99760000 -0.04100000 0.05620000
vn -0.26710000 0.11450000 0.95680000
vn -0.39370000 0.20020000 0.89720000
vn -0.54450000 0.30450000 0.78160000
vn -0.68940000 0.40730000 0.59900000
vn -0.78910000 0.48160000 0.38120000
vn -0.83340000 0.51850000 0.19120000
vn -0.84490000 0.53010000 0.07180000
vn -0.19140000 -0.15700000 -0.96890000
vn -0.29530000 -0.16070000 -0.94180000
vn -0.44510000 -0.16290000 -0.88050000
vn -0.64090000 -0.15870000 -0.75100000
vn -0.83580000 -0.14120000 -0.53060000
vn -0.95530000 -0.11260000 -0.27330000
vn -0.99260000 -0.08780000 -0.08430000
vn -0.18690000 -0.00010000 0.98240000
vn -0.28940000 0.02080000 0.95700000
vn -0.43840000 0.05200000 0.89730000
vn -0.63470000 0.09480000 0.76690000
vn -0.82970000 0.14020000 0.54020000
vn -0.94650000 0.17160000 0.27330000
vn -0.97980000 0.18430000 0.07770000
vn -0.16930000 -0.07380000 -0.98280000
vn -0.26300000 -0.07920000 -0.96150000
vn -0.40260000 -0.08640000 -0.91130000
vn -0.59650000 -0.09370000 -0.79710000
vn -0.80700000 -0.09600000 -0.58270000
vn -0.94710000 -0.08950000 -0.30810000
vn -0.99230000 -0.07970000 -0.09510000
vn 0.32240000 0.49770000 0.80520000
vn 0.37740000 0.59420000 0.71030000
vn 0.42370000 0.67390000 0.60520000
vn 0.45900000 0.73170000 0.50380000
vn 0.48390000 0.76820000 0.41920000
vn 0.50050000 0.78710000 0.36040000
vn 0.51190000 0.79460000 0.32650000
vn 0.16610000 0.02050000 0.98590000
vn 0.25840000 0.02090000 0.96580000
vn 0.39640000 0.02110000 0.91780000
vn 0.59010000 0.02040000 0.80710000
vn 0.80360000 0.01760000 0.59500000
vn 0.94780000 0.01280000 0.31850000
vn 0.99480000 0.00850000 0.10160000
vn 0.26710000 0.11450000 0.95680000
vn 0.39370000 0.20020000 0.89720000
vn 0.54450000 0.30450000 0.78160000
vn 0.68940000 0.40730000 0.59900000
vn 0.78910000 0.48160000 0.38120000
vn 0.83340000 0.51850000 0.19120000
vn 0.84490000 0.53010000 0.07180000
vn 0.19140000 -0.15700000 -0.96890000
vn 0.29530000 -0.16070000 -0.94180000
vn 0.44510000 -0.16290000 -0.88050000
vn 0.64090000 -0.15870000 -0.75100000
vn 0.83580000 -0.14120000 -0.53060000
vn 0.95530000 -0.11260000 -0.27330000
vn 0.99260000 -0.08780000 -0.08430000
vn 0.18690000 -0.00010000 0.98240000
vn 0.28940000 0.02080000 0.95700000
vn 0.43840000 0.05200000 0.89730000
vn 0.63470000 0.09480000 0.76690000
vn 0.82970000 0.14030000 0.54020000
vn 0.94650000 0.17160000 0.27330000
vn 0.97980000 0.18430000 0.07770000
vn 0.16930000 -0.07380000 -0.98280000
vn 0.26300000 -0.07920000 -0.96150000
vn 0.40260000 -0.08640000 -0.91130000
vn 0.59650000 -0.09370000 -0.79710000
vn 0.80700000 -0.09600000 -0.58270000
vn 0.94710000 -0.08950000 -0.30810000
vn 0.99230000 -0.07970000 -0.09510000
vn 0.31280000 -0.14350000 0.93890000
vn 0.46120000 -0.13070000 0.87760000
vn 0.63890000 -0.10850000 0.76160000
vn 0.81080000 -0.07590000 0.58030000
vn 0.93000000 -0.03910000 0.36550000
vn 0.98390000 -0.00800000 0.17850000
vn 0.99810000 0.01120000 0.06060000
vn 0.28400000 0.09040000 0.95460000
vn 0.42470000 0.07820000 0.90200000
vn 0.60170000 0.05850000 0.79660000
vn 0.78440000 0.03070000 0.61940000
vn 0.91910000 -0.00030000 0.39400000
vn 0.98180000 -0.02570000 0.18830000
vn 0.99760000 -0.04100000 0.05620000
vn -0.00000000 0.45180000 -0.89210000
vn -0.00000000 0.64670000 -0.76270000
vn -0.00000000 0.85410000 -0.52020000
vn -0.00000000 0.98150000 -0.19160000
vn -0.00000000 0.99440000 0.10570000
vn -0.00000000 0.95420000 0.29910000
vn -0.00000000 0.91730000 0.39810000
vn 0.47660000 0.81030000 0.34110000
vn 0.42260000 0.82830000 0.36790000
vn 0.35510000 0.84900000 0.39130000
vn 0.27360000 0.86980000 0.41070000
vn 0.18310000 0.88660000 0.42480000
vn 0.09620000 0.89640000 0.43280000
vn 0.03210000 0.89950000 0.43570000
vn 0.99770000 -0.06820000 0.00460000
vn 0.99810000 -0.06160000 0.00430000
vn 0.99850000 -0.05390000 0.00380000
vn 0.99900000 -0.04510000 0.00320000
vn 0.99940000 -0.03490000 0.00250000
vn 0.99970000 -0.02310000 0.00160000
vn 1.00000000 -0.00950000 0.00060000
vn 0.99970000 0.02420000 -0.00190000
vn 0.99900000 0.04400000 -0.00330000
vn 0.99780000 0.06550000 -0.00480000
vn 0.99610000 0.08840000 -0.00630000
vn 0.99360000 0.11240000 -0.00780000
vn 0.99050000 0.13710000 -0.00930000
vn 0.98670000 0.16230000 -0.01070000
vn 0.99850000 -0.05470000 -0.00200000
vn 0.99820000 -0.06020000 -0.00150000
vn 0.99790000 -0.06430000 -0.00080000
vn 0.99770000 -0.06750000 -0.00000000
vn 0.99750000 -0.07010000 0.00080000
vn 0.99740000 -0.07210000 0.00150000
vn 0.99730000 -0.07390000 0.00220000
vn 0.97660000 0.21450000 -0.01330000
vn 0.96950000 0.24480000 -0.01440000
vn 0.96010000 0.27920000 -0.01500000
vn 0.94790000 0.31830000 -0.01450000
vn 0.93180000 0.36270000 -0.01220000
vn 0.91070000 0.41300000 -0.00680000
vn 0.88280000 0.46970000 0.00300000
vn 0.99990000 0.01340000 0.00560000
vn 1.00000000 0.00640000 0.00330000
vn 1.00000000 -0.00200000 0.00140000
vn 0.99990000 -0.01100000 -0.00010000
vn 0.99980000 -0.02030000 -0.00120000
vn 0.99960000 -0.02960000 -0.00190000
vn 0.99920000 -0.03880000 -0.00220000
vn 0.80520000 0.59140000 0.04300000
vn 0.76240000 0.64290000 0.07400000
vn 0.71990000 0.68510000 0.11100000
vn 0.67810000 0.71910000 0.15180000
vn 0.63730000 0.74570000 0.19430000
vn 0.59760000 0.76620000 0.23630000
vn 0.55890000 0.78210000 0.27560000
vn 0.79600000 0.57880000 0.17720000
vn 0.88730000 0.44140000 0.13390000
vn 0.94750000 0.30600000 0.09270000
vn 0.97930000 0.19350000 0.05950000
vn 0.99300000 0.11210000 0.03610000
vn 0.99800000 0.06020000 0.02140000
vn 0.99940000 0.03180000 0.01300000
vn 0.99700000 -0.07680000 0.00340000
vn 0.99690000 -0.07830000 0.00390000
vn 0.99680000 -0.07980000 0.00430000
vn 0.99670000 -0.08100000 0.00460000
vn 0.99670000 -0.08150000 0.00480000
vn 0.99670000 -0.08080000 0.00500000
vn 0.99690000 -0.07820000 0.00500000
vn -1.00000000 -0.00950000 0.00060000
vn -0.99970000 -0.02310000 0.00170000
vn -0.99940000 -0.03490000 0.00250000
vn -0.99900000 -0.04510000 0.00320000
vn -0.99850000 -0.05390000 0.00380000
vn -0.99810000 -0.06160000 0.00430000
vn -0.99770000 -0.06820000 0.00460000
vn -0.98670000 0.16230000 -0.01070000
vn -0.99050000 0.13710000 -0.00930000
vn -0.99360000 0.11240000 -0.00790000
vn -0.99610000 0.08840000 -0.00630000
vn -0.99780000 0.06550000 -0.00480000
vn -0.99900000 0.04400000 -0.00330000
vn -0.99970000 0.02420000 -0.00190000
vn -0.99730000 -0.07390000 0.00220000
vn -0.99740000 -0.07210000 0.00150000
vn -0.99750000 -0.07010000 0.00070000
vn -0.99770000 -0.06750000 -0.00000000
vn -0.99790000 -0.06430000 -0.00080000
vn -0.99820000 -0.06020000 -0.00150000
vn -0.99850000 -0.05470000 -0.00200000
vn -0.88280000 0.46970000 0.00300000
vn -0.91070000 0.41300000 -0.00680000
vn -0.93180000 0.36270000 -0.01220000
vn -0.94790000 0.31830000 -0.01450000
vn -0.96010000 0.27920000 -0.01500000
vn -0.96950000 0.24480000 -0.01440000
vn -0.97660000 0.21450000 -0.01330000
vn -0.99920000 -0.03880000 -0.00220000
vn -0.99960000 -0.02960000 -0.00190000
vn -0.99980000 -0.02030000 -0.00120000
vn -0.99990000 -0.01100000 -0.00010000
vn -1.00000000 -0.00200000 0.00140000
vn -1.00000000 0.00640000 0.00330000
vn -0.99990000 0.01340000 0.00560000
vn -0.55890000 0.78210000 0.27560000
vn -0.59760000 0.76620000 0.23630000
vn -0.63730000 0.74570000 0.19430000
vn -0.67810000 0.71910000 0.15180000
vn -0.71990000 0.68510000 0.11100000
vn -0.76240000 0.64290000 0.07400000
vn -0.80520000 0.59140000 0.04300000
vn 0.68340000 0.66710000 0.29670000
vn 0.62000000 0.72890000 0.29040000
vn 0.56820000 0.77220000 0.28420000
vn 0.53430000 0.79840000 0.27760000
vn 0.52380000 0.80810000 0.26950000
vn 0.54250000 0.79930000 0.25830000
vn 0.59700000 0.76510000 0.24130000
vn -0.59700000 0.76510000 0.24130000
vn -0.54250000 0.79930000 0.25830000
vn -0.52380000 0.80810000 0.26950000
vn -0.53430000 0.79840000 0.27760000
vn -0.56820000 0.77220000 0.28420000
vn -0.62000000 0.72890000 0.29040000
vn -0.68340000 0.66710000 0.29670000
vn 0.93830000 0.01620000 0.34560000
vn 0.93580000 0.08560000 0.34210000
vn 0.92790000 0.15980000 0.33690000
vn 0.91300000 0.23890000 0.33060000
vn 0.88950000 0.32240000 0.32370000
vn 0.85560000 0.40950000 0.31670000
vn 0.80930000 0.49910000 0.30980000
vn -0.80930000 0.49910000 0.30980000
vn -0.85560000 0.40950000 0.31670000
vn -0.88950000 0.32240000 0.32370000
vn -0.91300000 0.23890000 0.33060000
vn -0.92790000 0.15980000 0.33690000
vn -0.93580000 0.08560000 0.34210000
vn -0.93830000 0.01620000 0.34560000
vn -0.56490000 -0.76560000 0.30780000
vn -0.40020000 -0.86300000 0.30840000
vn -0.20800000 -0.92800000 0.30910000
vn -0.00000000 -0.95090000 0.30940000
vn 0.20800000 -0.92800000 0.30910000
vn 0.40020000 -0.86300000 0.30840000
vn 0.56490000 -0.76560000 0.30780000
vn 0.78590000 -0.53540000 0.30950000
vn 0.84280000 -0.43690000 0.31420000
vn 0.87820000 -0.35450000 0.32100000
vn 0.90070000 -0.28420000 0.32850000
vn 0.91540000 -0.22210000 0.33570000
vn 0.92540000 -0.16450000 0.34150000
vn 0.93220000 -0.10780000 0.34540000
vn -0.93220000 -0.10780000 0.34540000
vn -0.92540000 -0.16450000 0.34150000
vn -0.91540000 -0.22210000 0.33570000
vn -0.90070000 -0.28420000 0.32850000
vn -0.87820000 -0.35450000 0.32100000
vn -0.84280000 -0.43690000 0.31420000
vn -0.78590000 -0.53540000 0.30950000
vn -0.03210000 0.89950000 0.43570000
vn -0.09620000 0.89640000 0.43280000
vn -0.18310000 0.88660000 0.42480000
vn -0.27360000 0.86980000 0.41070000
vn -0.35510000 0.84900000 0.39130000
vn -0.42260000 0.82830000 0.36790000
vn -0.47660000 0.81020000 0.34110000
vn -0.99940000 0.03180000 0.01300000
vn -0.99800000 0.06020000 0.02140000
vn -0.99300000 0.11210000 0.03610000
vn -0.97930000 0.19350000 0.05950000
vn -0.94750000 0.30600000 0.09270000
vn -0.88730000 0.44140000 0.13390000
vn -0.79600000 0.57880000 0.17720000
vn -0.99690000 -0.07820000 0.00500000
vn -0.99670000 -0.08080000 0.00500000
vn -0.99670000 -0.08150000 0.00480000
vn -0.99670000 -0.08100000 0.00460000
vn -0.99680000 -0.07980000 0.00430000
vn -0.99690000 -0.07830000 0.00390000
vn -0.99700000 -0.07680000 0.00340000
vn 0.15240000 0.11020000 0.98220000
vn 0.15330000 0.13780000 0.97850000
vn 0.15260000 0.16200000 0.97490000
vn 0.15030000 0.18450000 0.97130000
vn 0.14630000 0.20640000 0.96750000
vn 0.14090000 0.22850000 0.96330000
vn 0.13500000 0.25190000 0.95830000
vn 0.09530000 0.10450000 0.98990000
vn 0.09640000 0.13230000 0.98650000
vn 0.09650000 0.15660000 0.98290000
vn 0.09540000 0.17950000 0.97910000
vn 0.09330000 0.20210000 0.97490000
vn 0.09060000 0.22570000 0.97000000
vn 0.08930000 0.25190000 0.96360000
vn 0.04570000 0.10090000 0.99390000
vn 0.04640000 0.12890000 0.99060000
vn 0.04660000 0.15360000 0.98700000
vn 0.04620000 0.17680000 0.98320000
vn 0.04550000 0.20010000 0.97870000
vn 0.04480000 0.22460000 0.97340000
vn 0.04500000 0.25200000 0.96670000
vn -0.00000000 0.09960000 0.99500000
vn -0.00000000 0.12770000 0.99180000
vn -0.00000000 0.15260000 0.98830000
vn -0.00000000 0.17600000 0.98440000
vn -0.00000000 0.19950000 0.97990000
vn -0.00000000 0.22440000 0.97450000
vn -0.00000000 0.25200000 0.96770000
vn -0.04570000 0.10090000 0.99390000
vn -0.04640000 0.12890000 0.99060000
vn -0.04660000 0.15360000 0.98700000
vn -0.04620000 0.17680000 0.98320000
vn -0.04550000 0.20010000 0.97870000
vn -0.04480000 0.22460000 0.97340000
vn -0.04500000 0.25200000 0.96670000
vn -0.09530000 0.10450000 0.98990000
vn -0.09640000 0.13230000 0.98650000
vn -0.09650000 0.15660000 0.98290000
vn -0.09540000 0.17950000 0.97910000
vn -0.09320000 0.20210000 0.97490000
vn -0.09060000 0.22570000 0.97000000
vn -0.08930000 0.25190000 0.96360000
vn -0.15240000 0.11020000 0.98220000
vn -0.15330000 0.13780000 0.97850000
vn -0.15260000 0.16200000 0.97490000
vn -0.15030000 0.18450000 0.97130000
vn -0.14630000 0.20640000 0.96750000
vn -0.14090000 0.22850000 0.96330000
vn -0.13500000 0.25190000 0.95830000
vn -0.99200000 -0.08450000 -0.09420000
vn -0.94740000 -0.09510000 -0.30570000
vn -0.80860000 -0.10240000 -0.57940000
vn -0.59920000 -0.10030000 -0.79430000
vn -0.40520000 -0.09280000 -0.90950000
vn -0.26500000 -0.08530000 -0.96050000
vn -0.17060000 -0.07950000 -0.98210000
vn -0.99170000 -0.08810000 -0.09330000
vn -0.94760000 -0.10080000 -0.30300000
vn -0.81040000 -0.11080000 -0.57530000
vn -0.60220000 -0.11070000 -0.79070000
vn -0.40810000 -0.10410000 -0.90700000
vn -0.26720000 -0.09680000 -0.95880000
vn -0.17210000 -0.09100000 -0.98090000
vn -0.99160000 -0.09010000 -0.09230000
vn -0.94810000 -0.10580000 -0.29970000
vn -0.81260000 -0.11960000 -0.57040000
vn -0.60570000 -0.12260000 -0.78620000
vn -0.41150000 -0.11770000 -0.90380000
vn -0.26970000 -0.11100000 -0.95650000
vn -0.17390000 -0.10550000 -0.97910000
vn -0.99170000 -0.09090000 -0.09110000
vn -0.94890000 -0.10940000 -0.29590000
vn -0.81550000 -0.12730000 -0.56460000
vn -0.61010000 -0.13380000 -0.78100000
vn -0.41560000 -0.13070000 -0.90010000
vn -0.27290000 -0.12500000 -0.95390000
vn -0.17600000 -0.11980000 -0.97710000
vn -0.99180000 -0.09070000 -0.08980000
vn -0.95000000 -0.11170000 -0.29150000
vn -0.81910000 -0.13320000 -0.55800000
vn -0.61550000 -0.14300000 -0.77510000
vn -0.42080000 -0.14190000 -0.89600000
vn -0.27670000 -0.13710000 -0.95110000
vn -0.17870000 -0.13240000 -0.97500000
vn -0.99200000 -0.09000000 -0.08820000
vn -0.95140000 -0.11280000 -0.28640000
vn -0.82350000 -0.13730000 -0.55040000
vn -0.62220000 -0.15010000 -0.76830000
vn -0.42710000 -0.15090000 -0.89150000
vn -0.28160000 -0.14700000 -0.94820000
vn -0.18200000 -0.14260000 -0.97290000
vn -0.99230000 -0.08900000 -0.08640000
vn -0.95320000 -0.11310000 -0.28040000
vn -0.82900000 -0.14000000 -0.54140000
vn -0.63060000 -0.15530000 -0.76040000
vn -0.43510000 -0.15790000 -0.88640000
vn -0.28760000 -0.15480000 -0.94510000
vn -0.18610000 -0.15080000 -0.97090000
vn 0.23650000 0.27210000 0.93280000
vn 0.25400000 0.24790000 0.93490000
vn 0.26710000 0.22480000 0.93710000
vn 0.27680000 0.20200000 0.93950000
vn 0.28380000 0.17870000 0.94210000
vn 0.28820000 0.15370000 0.94520000
vn 0.29030000 0.12490000 0.94870000
vn 0.27460000 0.28850000 0.91730000
vn 0.30240000 0.26180000 0.91650000
vn 0.32130000 0.23640000 0.91700000
vn 0.33500000 0.21200000 0.91810000
vn 0.34520000 0.18750000 0.91960000
vn 0.35250000 0.16140000 0.92180000
vn 0.35710000 0.13150000 0.92480000
vn 0.30760000 0.30280000 0.90200000
vn 0.34210000 0.27440000 0.89870000
vn 0.36670000 0.24720000 0.89690000
vn 0.38490000 0.22110000 0.89610000
vn 0.39870000 0.19510000 0.89610000
vn 0.40930000 0.16770000 0.89690000
vn 0.41660000 0.13660000 0.89880000
vn 0.33570000 0.31520000 0.88770000
vn 0.37450000 0.28470000 0.88240000
vn 0.40370000 0.25580000 0.87840000
vn 0.42610000 0.22830000 0.87540000
vn 0.44380000 0.20090000 0.87330000
vn 0.45770000 0.17220000 0.87230000
vn 0.46780000 0.14000000 0.87270000
vn 0.35790000 0.32480000 0.87540000
vn 0.39980000 0.29210000 0.86880000
vn 0.43230000 0.26180000 0.86290000
vn 0.45840000 0.23310000 0.85760000
vn 0.47970000 0.20470000 0.85320000
vn 0.49680000 0.17490000 0.85000000
vn 0.50960000 0.14180000 0.84870000
vn 0.37220000 0.33030000 0.86740000
vn 0.41630000 0.29610000 0.85970000
vn 0.45170000 0.26480000 0.85200000
vn 0.48090000 0.23530000 0.84460000
vn 0.50530000 0.20610000 0.83800000
vn 0.52520000 0.17570000 0.83260000
vn 0.54010000 0.14210000 0.82950000
vn 0.37630000 0.33020000 0.86570000
vn 0.42190000 0.29530000 0.85720000
vn 0.45930000 0.26380000 0.84820000
vn 0.49080000 0.23420000 0.83920000
vn 0.51740000 0.20490000 0.83080000
vn 0.53930000 0.17440000 0.82390000
vn 0.55560000 0.14100000 0.81940000
vn -0.29030000 0.12490000 0.94870000
vn -0.28820000 0.15370000 0.94520000
vn -0.28380000 0.17870000 0.94210000
vn -0.27680000 0.20200000 0.93950000
vn -0.26710000 0.22480000 0.93710000
vn -0.25400000 0.24790000 0.93490000
vn -0.23650000 0.27210000 0.93280000
vn -0.35710000 0.13150000 0.92480000
vn -0.35250000 0.16140000 0.92180000
vn -0.34520000 0.18750000 0.91960000
vn -0.33500000 0.21200000 0.91810000
vn -0.32130000 0.23640000 0.91700000
vn -0.30240000 0.26180000 0.91650000
vn -0.27460000 0.28850000 0.91730000
vn -0.41660000 0.13660000 0.89880000
vn -0.40930000 0.16770000 0.89690000
vn -0.39870000 0.19510000 0.89610000
vn -0.38490000 0.22110000 0.89610000
vn -0.36670000 0.24720000 0.89690000
vn -0.34210000 0.27440000 0.89870000
vn -0.30760000 0.30280000 0.90200000
vn -0.46780000 0.14000000 0.87270000
vn -0.45770000 0.17220000 0.87230000
vn -0.44380000 0.20090000 0.87330000
vn -0.42610000 0.22830000 0.87540000
vn -0.40370000 0.25580000 0.87840000
vn -0.37450000 0.28470000 0.88240000
vn -0.33570000 0.31520000 0.88770000
vn -0.50960000 0.14180000 0.84870000
vn -0.49680000 0.17490000 0.85000000
vn -0.47970000 0.20470000 0.85320000
vn -0.45840000 0.23310000 0.85760000
vn -0.43230000 0.26180000 0.86290000
vn -0.39980000 0.29210000 0.86880000
vn -0.35790000 0.32480000 0.87540000
vn -0.54010000 0.14210000 0.82950000
vn -0.52520000 0.17570000 0.83260000
vn -0.50530000 0.20610000 0.83800000
vn -0.48090000 0.23530000 0.84460000
vn -0.45170000 0.26480000 0.85200000
vn -0.41630000 0.29610000 0.85970000
vn -0.37220000 0.33030000 0.86740000
vn -0.55560000 0.14100000 0.81940000
vn -0.53930000 0.17440000 0.82390000
vn -0.51740000 0.20490000 0.83080000
vn -0.49080000 0.23420000 0.83920000
vn -0.45930000 0.26380000 0.84820000
vn -0.42190000 0.29530000 0.85720000
vn -0.37630000 0.33020000 0.86570000
vn -0.15650000 0.30840000 0.93830000
vn -0.10570000 0.31410000 0.94350000
vn -0.05380000 0.31720000 0.94680000
vn -0.00000000 0.31820000 0.94800000
vn 0.05380000 0.31720000 0.94680000
vn 0.10570000 0.31410000 0.94350000
vn 0.15650000 0.30840000 0.93830000
vn -0.17990000 0.33250000 0.92580000
vn -0.12180000 0.34420000 0.93100000
vn -0.06180000 0.35070000 0.93450000
vn -0.00000000 0.35280000 0.93570000
vn 0.06180000 0.35070000 0.93450000
vn 0.12180000 0.34420000 0.93100000
vn 0.17990000 0.33250000 0.92580000
vn -0.20220000 0.35460000 0.91290000
vn -0.13790000 0.37190000 0.91800000
vn -0.07010000 0.38240000 0.92130000
vn -0.00000000 0.38600000 0.92250000
vn 0.07010000 0.38240000 0.92130000
vn 0.13790000 0.37190000 0.91800000
vn 0.20220000 0.35460000 0.91290000
vn -0.22210000 0.37510000 0.90000000
vn -0.15250000 0.39740000 0.90490000
vn -0.07770000 0.41150000 0.90810000
vn -0.00000000 0.41640000 0.90920000
vn 0.07770000 0.41150000 0.90810000
vn 0.15250000 0.39740000 0.90490000
vn 0.22210000 0.37510000 0.90000000
vn -0.23820000 0.39240000 0.88840000
vn -0.16420000 0.41880000 0.89310000
vn -0.08390000 0.43590000 0.89610000
vn -0.00000000 0.44190000 0.89710000
vn 0.08390000 0.43590000 0.89610000
vn 0.16420000 0.41880000 0.89310000
vn 0.23820000 0.39240000 0.88840000
vn -0.24840000 0.40370000 0.88050000
vn -0.17170000 0.43330000 0.88470000
vn -0.08800000 0.45280000 0.88720000
vn -0.00000000 0.45970000 0.88810000
vn 0.08800000 0.45280000 0.88720000
vn 0.17170000 0.43330000 0.88470000
vn 0.24840000 0.40370000 0.88050000
vn -0.25080000 0.40620000 0.87870000
vn -0.17350000 0.43740000 0.88240000
vn -0.08900000 0.45820000 0.88440000
vn -0.00000000 0.46550000 0.88510000
vn 0.08900000 0.45820000 0.88440000
vn 0.17350000 0.43740000 0.88240000
vn 0.25080000 0.40620000 0.87870000
vn 0.28710000 0.05270000 0.95640000
vn 0.28270000 0.01610000 0.95910000
vn 0.27840000 -0.01840000 0.96030000
vn 0.27530000 -0.05130000 0.96000000
vn 0.27350000 -0.08510000 0.95810000
vn 0.27080000 -0.12230000 0.95480000
vn 0.26370000 -0.16180000 0.95090000
vn 0.35620000 0.05640000 0.93270000
vn 0.35120000 0.01720000 0.93610000
vn 0.34490000 -0.02060000 0.93840000
vn 0.33840000 -0.05750000 0.93920000
vn 0.33140000 -0.09530000 0.93870000
vn 0.32100000 -0.13560000 0.93730000
vn 0.30300000 -0.17650000 0.93650000
vn 0.41850000 0.05870000 0.90630000
vn 0.41280000 0.01700000 0.91070000
vn 0.40420000 -0.02410000 0.91430000
vn 0.39370000 -0.06470000 0.91700000
vn 0.38050000 -0.10600000 0.91870000
vn 0.36220000 -0.14810000 0.92030000
vn 0.33620000 -0.18830000 0.92280000
vn 0.47250000 0.05980000 0.87930000
vn 0.46610000 0.01600000 0.88460000
vn 0.45510000 -0.02780000 0.89000000
vn 0.44010000 -0.07140000 0.89510000
vn 0.42080000 -0.11480000 0.89980000
vn 0.39560000 -0.15740000 0.90480000
vn 0.36380000 -0.19660000 0.91050000
vn 0.51670000 0.06010000 0.85400000
vn 0.50960000 0.01490000 0.86030000
vn 0.49620000 -0.03080000 0.86760000
vn 0.47710000 -0.07620000 0.87550000
vn 0.45240000 -0.12060000 0.88360000
vn 0.42170000 -0.16300000 0.89200000
vn 0.38550000 -0.20130000 0.90050000
vn 0.54920000 0.05990000 0.83350000
vn 0.54150000 0.01420000 0.84060000
vn 0.52610000 -0.03230000 0.84980000
vn 0.50350000 -0.07830000 0.86040000
vn 0.47440000 -0.12280000 0.87170000
vn 0.43940000 -0.16440000 0.88310000
vn 0.39980000 -0.20200000 0.89410000
vn 0.56600000 0.05980000 0.82220000
vn 0.55790000 0.01440000 0.82980000
vn 0.54110000 -0.03160000 0.84040000
vn 0.51620000 -0.07710000 0.85300000
vn 0.48420000 -0.12060000 0.86660000
vn 0.44650000 -0.16100000 0.88020000
vn 0.40480000 -0.19760000 0.89280000
vn -0.26380000 -0.16180000 0.95090000
vn -0.27080000 -0.12230000 0.95480000
vn -0.27350000 -0.08510000 0.95810000
vn -0.27530000 -0.05130000 0.96000000
vn -0.27840000 -0.01840000 0.96030000
vn -0.28270000 0.01610000 0.95910000
vn -0.28710000 0.05270000 0.95640000
vn -0.30300000 -0.17650000 0.93650000
vn -0.32100000 -0.13560000 0.93730000
vn -0.33140000 -0.09530000 0.93870000
vn -0.33840000 -0.05750000 0.93920000
vn -0.34490000 -0.02060000 0.93840000
vn -0.35120000 0.01720000 0.93610000
vn -0.35620000 0.05640000 0.93270000
vn -0.33620000 -0.18830000 0.92280000
vn -0.36220000 -0.14810000 0.92030000
vn -0.38050000 -0.10600000 0.91870000
vn -0.39370000 -0.06470000 0.91700000
vn -0.40420000 -0.02410000 0.91430000
vn -0.41280000 0.01700000 0.91070000
vn -0.41850000 0.05870000 0.90630000
vn -0.36380000 -0.19660000 0.91050000
vn -0.39560000 -0.15740000 0.90480000
vn -0.42080000 -0.11480000 0.89980000
vn -0.44010000 -0.07140000 0.89510000
vn -0.45510000 -0.02780000 0.89000000
vn -0.46610000 0.01600000 0.88460000
vn -0.47250000 0.05980000 0.87930000
vn -0.38550000 -0.20130000 0.90050000
vn -0.42170000 -0.16300000 0.89200000
vn -0.45240000 -0.12060000 0.88360000
vn -0.47710000 -0.07620000 0.87550000
vn -0.49620000 -0.03080000 0.86760000
vn -0.50960000 0.01490000 0.86030000
vn -0.51670000 0.06010000 0.85400000
vn -0.39980000 -0.20200000 0.89410000
vn -0.43940000 -0.16440000 0.88310000
vn -0.47440000 -0.12280000 0.87170000
vn -0.50350000 -0.07830000 0.86040000
vn -0.52610000 -0.03230000 0.84980000
vn -0.54150000 0.01420000 0.84060000
vn -0.54920000 0.05990000 0.83350000
vn -0.40480000 -0.19760000 0.89280000
vn -0.44650000 -0.16100000 0.88020000
vn -0.48420000 -0.12060000 0.86660000
vn -0.51620000 -0.07710000 0.85300000
vn -0.54110000 -0.03160000 0.84040000
vn -0.55790000 0.01440000 0.82980000
vn -0.56600000 0.05980000 0.82220000
vn 0.21470000 -0.21890000 0.95180000
vn 0.18820000 -0.22850000 0.95520000
vn 0.16700000 -0.23660000 0.95710000
vn 0.15060000 -0.24570000 0.95760000
vn 0.13650000 -0.25830000 0.95640000
vn 0.12170000 -0.27460000 0.95380000
vn 0.10430000 -0.29250000 0.95050000
vn 0.24270000 -0.23470000 0.94130000
vn 0.21270000 -0.24950000 0.94470000
vn 0.18780000 -0.26110000 0.94690000
vn 0.16750000 -0.27290000 0.94740000
vn 0.14960000 -0.28690000 0.94620000
vn 0.13130000 -0.30280000 0.94400000
vn 0.11020000 -0.31840000 0.94150000
vn 0.26780000 -0.24690000 0.93130000
vn 0.23450000 -0.26530000 0.93520000
vn 0.20540000 -0.28060000 0.93760000
vn 0.18040000 -0.29540000 0.93820000
vn 0.15810000 -0.31090000 0.93720000
vn 0.13640000 -0.32660000 0.93530000
vn 0.11380000 -0.34060000 0.93330000
vn 0.28900000 -0.25600000 0.92250000
vn 0.25250000 -0.27740000 0.92700000
vn 0.21950000 -0.29610000 0.92960000
vn 0.19000000 -0.31360000 0.93030000
vn 0.16360000 -0.33040000 0.92960000
vn 0.13920000 -0.34590000 0.92790000
vn 0.11570000 -0.35910000 0.92610000
vn 0.30530000 -0.26200000 0.91550000
vn 0.26600000 -0.28590000 0.92060000
vn 0.22940000 -0.30710000 0.92360000
vn 0.19610000 -0.32660000 0.92460000
vn 0.16630000 -0.34450000 0.92390000
vn 0.13960000 -0.36050000 0.92220000
vn 0.11570000 -0.37410000 0.92020000
vn 0.31530000 -0.26370000 0.91160000
vn 0.27380000 -0.28940000 0.91720000
vn 0.23450000 -0.31240000 0.92060000
vn 0.19830000 -0.33310000 0.92180000
vn 0.16550000 -0.35210000 0.92120000
vn 0.13680000 -0.36950000 0.91910000
vn 0.11200000 -0.38520000 0.91600000
vn 0.31750000 -0.25960000 0.91200000
vn 0.27470000 -0.28610000 0.91800000
vn 0.23370000 -0.31000000 0.92160000
vn 0.19540000 -0.33140000 0.92300000
vn 0.16030000 -0.35130000 0.92240000
vn 0.12900000 -0.37080000 0.91970000
vn 0.10190000 -0.39140000 0.91450000
vn -0.10430000 -0.29250000 0.95050000
vn -0.12170000 -0.27460000 0.95380000
vn -0.13650000 -0.25830000 0.95640000
vn -0.15060000 -0.24570000 0.95760000
vn -0.16700000 -0.23660000 0.95710000
vn -0.18820000 -0.22850000 0.95520000
vn -0.21480000 -0.21890000 0.95180000
vn -0.11020000 -0.31840000 0.94150000
vn -0.13130000 -0.30280000 0.94400000
vn -0.14960000 -0.28690000 0.94620000
vn -0.16750000 -0.27290000 0.94740000
vn -0.18780000 -0.26110000 0.94690000
vn -0.21270000 -0.24950000 0.94470000
vn -0.24270000 -0.23470000 0.94130000
vn -0.11380000 -0.34060000 0.93330000
vn -0.13640000 -0.32660000 0.93530000
vn -0.15810000 -0.31090000 0.93720000
vn -0.18050000 -0.29540000 0.93820000
vn -0.20540000 -0.28060000 0.93760000
vn -0.23450000 -0.26530000 0.93520000
vn -0.26780000 -0.24690000 0.93130000
vn -0.11570000 -0.35910000 0.92610000
vn -0.13920000 -0.34590000 0.92790000
vn -0.16360000 -0.33040000 0.92960000
vn -0.19000000 -0.31360000 0.93030000
vn -0.21950000 -0.29610000 0.92960000
vn -0.25250000 -0.27740000 0.92700000
vn -0.28900000 -0.25600000 0.92250000
vn -0.11570000 -0.37410000 0.92020000
vn -0.13960000 -0.36050000 0.92220000
vn -0.16630000 -0.34450000 0.92390000
vn -0.19610000 -0.32660000 0.92460000
vn -0.22940000 -0.30710000 0.92360000
vn -0.26600000 -0.28590000 0.92060000
vn -0.30530000 -0.26200000 0.91550000
vn -0.11200000 -0.38520000 0.91600000
vn -0.13680000 -0.36950000 0.91910000
vn -0.16550000 -0.35210000 0.92120000
vn -0.19830000 -0.33310000 0.92180000
vn -0.23450000 -0.31240000 0.92060000
vn -0.27380000 -0.28940000 0.91720000
vn -0.31530000 -0.26370000 0.91160000
vn -0.10190000 -0.39140000 0.91450000
vn -0.12900000 -0.37080000 0.91970000
vn -0.16030000 -0.35130000 0.92240000
vn -0.19540000 -0.33140000 0.92300000
vn -0.23370000 -0.31000000 0.92160000
vn -0.27470000 -0.28610000 0.91800000
vn -0.31750000 -0.25960000 0.91200000
vn -0.00000000 -0.07330000 0.99730000
vn -0.17040000 -0.15380000 0.97330000
vn -0.14040000 -0.16110000 0.97690000
vn -0.11900000 -0.16820000 0.97850000
vn -0.10380000 -0.17760000 0.97860000
vn -0.16000000 -0.11450000 0.98050000
vn -0.12160000 -0.12040000 0.98530000
vn -0.09490000 -0.12850000 0.98720000
vn -0.07680000 -0.14070000 0.98710000
vn -0.15120000 -0.07930000 0.98530000
vn -0.10590000 -0.08370000 0.99090000
vn -0.07040000 -0.09080000 0.99340000
vn -0.04510000 -0.10400000 0.99360000
vn -0.06370000 -0.24460000 0.96750000
vn -0.03940000 -0.23200000 0.97190000
vn -0.01830000 -0.22340000 0.97460000
vn -0.00000000 -0.22000000 0.97550000
vn -0.07860000 -0.21640000 0.97310000
vn -0.05150000 -0.19460000 0.97950000
vn -0.02540000 -0.17920000 0.98350000
vn -0.00000000 -0.17290000 0.98490000
vn -0.09170000 -0.19330000 0.97690000
vn -0.06370000 -0.16280000 0.98460000
vn -0.03310000 -0.13620000 0.99010000
vn -0.00000000 -0.12240000 0.99250000
vn 0.06370000 -0.24460000 0.96750000
vn 0.07860000 -0.21640000 0.97310000
vn 0.09170000 -0.19330000 0.97690000
vn 0.10380000 -0.17760000 0.97860000
vn 0.03940000 -0.23200000 0.97190000
vn 0.05150000 -0.19460000 0.97950000
vn 0.06370000 -0.16280000 0.98460000
vn 0.07680000 -0.14070000 0.98710000
vn 0.01830000 -0.22340000 0.97460000
vn 0.02540000 -0.17920000 0.98350000
vn 0.03310000 -0.13620000 0.99010000
vn 0.04510000 -0.10400000 0.99360000
vn 0.17040000 -0.15380000 0.97330000
vn 0.16000000 -0.11450000 0.98050000
vn 0.15120000 -0.07930000 0.98530000
vn 0.14520000 -0.04950000 0.98820000
vn 0.14040000 -0.16110000 0.97690000
vn 0.12160000 -0.12040000 0.98530000
vn 0.10590000 -0.08370000 0.99090000
vn 0.09480000 -0.05310000 0.99410000
vn 0.11900000 -0.16820000 0.97850000
vn 0.09490000 -0.12850000 0.98720000
vn 0.07040000 -0.09080000 0.99340000
vn 0.05060000 -0.05870000 0.99700000
vn 0.14730000 0.04230000 0.98820000
vn 0.09120000 0.03700000 0.99510000
vn 0.04340000 0.03320000 0.99850000
vn -0.00000000 0.03180000 0.99950000
vn 0.14450000 0.00900000 0.98950000
vn 0.08940000 0.00420000 0.99600000
vn 0.04270000 0.00050000 0.99910000
vn -0.00000000 -0.00100000 1.00000000
vn 0.14320000 -0.02130000 0.98950000
vn 0.08980000 -0.02540000 0.99560000
vn 0.04380000 -0.02990000 0.99860000
vn -0.00000000 -0.03250000 0.99950000
vn -0.14730000 0.04230000 0.98820000
vn -0.14450000 0.00900000 0.98950000
vn -0.14320000 -0.02130000 0.98950000
vn -0.14520000 -0.04950000 0.98820000
vn -0.09120000 0.03700000 0.99510000
vn -0.08940000 0.00420000 0.99600000
vn -0.08980000 -0.02540000 0.99560000
vn -0.09480000 -0.05310000 0.99410000
vn -0.04340000 0.03320000 0.99850000
vn -0.04270000 0.00050000 0.99910000
vn -0.04380000 -0.02990000 0.99860000
vn -0.05060000 -0.05870000 0.99700000
vn 0.15070000 -0.10930000 -0.98250000
vn 0.15150000 -0.13680000 -0.97900000
vn 0.15080000 -0.16080000 -0.97540000
vn 0.14850000 -0.18330000 -0.97180000
vn 0.14450000 -0.20530000 -0.96800000
vn 0.13920000 -0.22750000 -0.96380000
vn 0.13340000 -0.25100000 -0.95870000
vn 0.09420000 -0.10360000 -0.99010000
vn 0.09520000 -0.13120000 -0.98680000
vn 0.09530000 -0.15550000 -0.98320000
vn 0.09420000 -0.17840000 -0.97940000
vn 0.09210000 -0.20100000 -0.97530000
vn 0.08950000 -0.22460000 -0.97030000
vn 0.08820000 -0.25090000 -0.96400000
vn 0.04510000 -0.10000000 -0.99400000
vn 0.04580000 -0.12780000 -0.99070000
vn 0.04600000 -0.15240000 -0.98720000
vn 0.04570000 -0.17570000 -0.98340000
vn 0.04490000 -0.19890000 -0.97900000
vn 0.04420000 -0.22350000 -0.97370000
vn 0.04450000 -0.25090000 -0.96700000
vn -0.00000000 -0.09880000 -0.99510000
vn -0.00000000 -0.12670000 -0.99190000
vn -0.00000000 -0.15140000 -0.98850000
vn -0.00000000 -0.17480000 -0.98460000
vn -0.00000000 -0.19830000 -0.98010000
vn -0.00000000 -0.22320000 -0.97480000
vn -0.00000000 -0.25100000 -0.96800000
vn -0.04510000 -0.10000000 -0.99400000
vn -0.04580000 -0.12780000 -0.99070000
vn -0.04600000 -0.15240000 -0.98720000
vn -0.04570000 -0.17570000 -0.98340000
vn -0.04490000 -0.19890000 -0.97900000
vn -0.04420000 -0.22350000 -0.97370000
vn -0.04450000 -0.25090000 -0.96700000
vn -0.09420000 -0.10360000 -0.99010000
vn -0.09520000 -0.13120000 -0.98680000
vn -0.09530000 -0.15550000 -0.98320000
vn -0.09420000 -0.17840000 -0.97940000
vn -0.09210000 -0.20100000 -0.97530000
vn -0.08950000 -0.22460000 -0.97030000
vn -0.08820000 -0.25090000 -0.96400000
vn -0.15070000 -0.10930000 -0.98250000
vn -0.15150000 -0.13680000 -0.97900000
vn -0.15080000 -0.16080000 -0.97540000
vn -0.14850000 -0.18330000 -0.97180000
vn -0.14450000 -0.20530000 -0.96800000
vn -0.13920000 -0.22750000 -0.96380000
vn -0.13340000 -0.25100000 -0.95870000
vn 0.00120000 0.02310000 -0.99970000
vn 0.00400000 0.02330000 -0.99970000
vn 0.00890000 0.02370000 -0.99970000
vn 0.01660000 0.02450000 -0.99960000
vn 0.02810000 0.02600000 -0.99930000
vn 0.04520000 0.02850000 -0.99860000
vn 0.07170000 0.03260000 -0.99690000
vn 0.00120000 0.02040000 -0.99980000
vn 0.00390000 0.02060000 -0.99980000
vn 0.00870000 0.02090000 -0.99970000
vn 0.01620000 0.02160000 -0.99960000
vn 0.02740000 0.02290000 -0.99940000
vn 0.04420000 0.02490000 -0.99870000
vn 0.07020000 0.02840000 -0.99710000
vn 0.00110000 0.01610000 -0.99990000
vn 0.00380000 0.01620000 -0.99990000
vn 0.00860000 0.01650000 -0.99980000
vn 0.01590000 0.01700000 -0.99970000
vn 0.02690000 0.01800000 -0.99950000
vn 0.04340000 0.01970000 -0.99890000
vn 0.06890000 0.02250000 -0.99740000
vn 0.00110000 0.01010000 -0.99990000
vn 0.00370000 0.01020000 -0.99990000
vn 0.00840000 0.01040000 -0.99990000
vn 0.01570000 0.01090000 -0.99980000
vn 0.02650000 0.01170000 -0.99960000
vn 0.04270000 0.01300000 -0.99900000
vn 0.06780000 0.01520000 -0.99760000
vn 0.00110000 0.00270000 -1.00000000
vn 0.00370000 0.00280000 -1.00000000
vn 0.00830000 0.00300000 -1.00000000
vn 0.01550000 0.00330000 -0.99990000
vn 0.02620000 0.00390000 -0.99970000
vn 0.04210000 0.00490000 -0.99910000
vn 0.06690000 0.00660000 -0.99770000
vn 0.00110000 -0.00580000 -1.00000000
vn 0.00370000 -0.00580000 -1.00000000
vn 0.00820000 -0.00570000 -1.00000000
vn 0.01530000 -0.00540000 -0.99990000
vn 0.02590000 -0.00500000 -0.99970000
vn 0.04170000 -0.00430000 -0.99910000
vn 0.06620000 -0.00320000 -0.99780000
vn 0.00110000 -0.01540000 -0.99990000
vn 0.00360000 -0.01540000 -0.99990000
vn 0.00820000 -0.01530000 -0.99980000
vn 0.01520000 -0.01520000 -0.99980000
vn 0.02570000 -0.01490000 -0.99960000
vn 0.04140000 -0.01450000 -0.99900000
vn 0.06570000 -0.01380000 -0.99770000
vn 0.00150000 0.21540000 -0.97650000
vn 0.00600000 0.21570000 -0.97640000
vn 0.01460000 0.21620000 -0.97620000
vn 0.02830000 0.21670000 -0.97580000
vn 0.04870000 0.21720000 -0.97490000
vn 0.07900000 0.21760000 -0.97280000
vn 0.12550000 0.21790000 -0.96790000
vn -0.00010000 0.27710000 -0.96080000
vn 0.00340000 0.27810000 -0.96060000
vn 0.01160000 0.27930000 -0.96010000
vn 0.02540000 0.28040000 -0.95950000
vn 0.04610000 0.28140000 -0.95850000
vn 0.07620000 0.28220000 -0.95630000
vn 0.12210000 0.28290000 -0.95130000
vn -0.00260000 0.33900000 -0.94080000
vn -0.00040000 0.34060000 -0.94020000
vn 0.00760000 0.34260000 -0.93950000
vn 0.02190000 0.34440000 -0.93860000
vn 0.04310000 0.34580000 -0.93730000
vn 0.07300000 0.34700000 -0.93500000
vn 0.11750000 0.34830000 -0.93000000
vn -0.00470000 0.39750000 -0.91760000
vn -0.00330000 0.39970000 -0.91660000
vn 0.00520000 0.40200000 -0.91560000
vn 0.02050000 0.40380000 -0.91460000
vn 0.04190000 0.40500000 -0.91330000
vn 0.07070000 0.40630000 -0.91100000
vn 0.11210000 0.40840000 -0.90590000
vn -0.00480000 0.44910000 -0.89350000
vn -0.00210000 0.45110000 -0.89250000
vn 0.00810000 0.45260000 -0.89170000
vn 0.02420000 0.45310000 -0.89110000
vn 0.04480000 0.45310000 -0.89030000
vn 0.07080000 0.45360000 -0.88840000
vn 0.10670000 0.45590000 -0.88360000
vn -0.00110000 0.48880000 -0.87240000
vn 0.00570000 0.48940000 -0.87200000
vn 0.01810000 0.48820000 -0.87250000
vn 0.03340000 0.48610000 -0.87330000
vn 0.05160000 0.48390000 -0.87360000
vn 0.07370000 0.48270000 -0.87270000
vn 0.10280000 0.48450000 -0.86870000
vn 0.00670000 0.51110000 -0.85950000
vn 0.01810000 0.50760000 -0.86140000
vn 0.03050000 0.50250000 -0.86410000
vn 0.04340000 0.49730000 -0.86650000
vn 0.05870000 0.49290000 -0.86810000
vn 0.07760000 0.48980000 -0.86840000
vn 0.10190000 0.48940000 -0.86610000
vn -0.42890000 -0.36420000 -0.82670000
vn -0.47650000 -0.32200000 -0.81810000
vn -0.51430000 -0.28450000 -0.80910000
vn -0.54530000 -0.24990000 -0.80020000
vn -0.57100000 -0.21650000 -0.79190000
vn -0.59200000 -0.18240000 -0.78500000
vn -0.60770000 -0.14550000 -0.78070000
vn -0.40550000 -0.35200000 -0.84360000
vn -0.45080000 -0.31300000 -0.83600000
vn -0.48620000 -0.27780000 -0.82850000
vn -0.51490000 -0.24520000 -0.82140000
vn -0.53860000 -0.21340000 -0.81510000
vn -0.55790000 -0.18060000 -0.81000000
vn -0.57230000 -0.14490000 -0.80710000
vn -0.37850000 -0.33840000 -0.86150000
vn -0.42100000 -0.30270000 -0.85510000
vn -0.45350000 -0.26990000 -0.84940000
vn -0.47900000 -0.23910000 -0.84460000
vn -0.49970000 -0.20900000 -0.84060000
vn -0.51640000 -0.17780000 -0.83770000
vn -0.52870000 -0.14340000 -0.83660000
vn -0.34750000 -0.32320000 -0.88020000
vn -0.38660000 -0.29080000 -0.87520000
vn -0.41560000 -0.26040000 -0.87150000
vn -0.43750000 -0.23160000 -0.86890000
vn -0.45460000 -0.20320000 -0.86720000
vn -0.46810000 -0.17360000 -0.86640000
vn -0.47800000 -0.14060000 -0.86700000
vn -0.31320000 -0.30700000 -0.89870000
vn -0.34770000 -0.27740000 -0.89560000
vn -0.37200000 -0.24920000 -0.89410000
vn -0.38980000 -0.22240000 -0.89360000
vn -0.40330000 -0.19590000 -0.89390000
vn -0.41350000 -0.16800000 -0.89490000
vn -0.42060000 -0.13650000 -0.89690000
vn -0.27610000 -0.29000000 -0.91630000
vn -0.30370000 -0.26270000 -0.91580000
vn -0.32220000 -0.23690000 -0.91650000
vn -0.33570000 -0.21210000 -0.91780000
vn -0.34560000 -0.18720000 -0.91950000
vn -0.35270000 -0.16090000 -0.92180000
vn -0.35710000 -0.13090000 -0.92480000
vn -0.23550000 -0.27200000 -0.93300000
vn -0.25280000 -0.24760000 -0.93530000
vn -0.26560000 -0.22420000 -0.93760000
vn -0.27520000 -0.20130000 -0.94010000
vn -0.28200000 -0.17790000 -0.94280000
vn -0.28640000 -0.15280000 -0.94590000
vn -0.28840000 -0.12410000 -0.94940000
vn 0.60770000 -0.14550000 -0.78070000
vn 0.59200000 -0.18240000 -0.78500000
vn 0.57100000 -0.21650000 -0.79190000
vn 0.54530000 -0.24990000 -0.80020000
vn 0.51430000 -0.28450000 -0.80910000
vn 0.47650000 -0.32200000 -0.81810000
vn 0.42890000 -0.36420000 -0.82670000
vn 0.57230000 -0.14490000 -0.80710000
vn 0.55790000 -0.18060000 -0.81000000
vn 0.53860000 -0.21340000 -0.81510000
vn 0.51490000 -0.24520000 -0.82140000
vn 0.48620000 -0.27780000 -0.82850000
vn 0.45080000 -0.31300000 -0.83600000
vn 0.40550000 -0.35200000 -0.84360000
vn 0.52870000 -0.14340000 -0.83660000
vn 0.51640000 -0.17780000 -0.83770000
vn 0.49970000 -0.20900000 -0.84060000
vn 0.47900000 -0.23910000 -0.84460000
vn 0.45350000 -0.26990000 -0.84940000
vn 0.42100000 -0.30270000 -0.85510000
vn 0.37850000 -0.33840000 -0.86150000
vn 0.47800000 -0.14060000 -0.86700000
vn 0.46810000 -0.17360000 -0.86640000
vn 0.45460000 -0.20320000 -0.86720000
vn 0.43750000 -0.23160000 -0.86890000
vn 0.41560000 -0.26040000 -0.87150000
vn 0.38660000 -0.29080000 -0.87520000
vn 0.34750000 -0.32320000 -0.88020000
vn 0.42060000 -0.13650000 -0.89690000
vn 0.41350000 -0.16800000 -0.89490000
vn 0.40330000 -0.19590000 -0.89390000
vn 0.38980000 -0.22240000 -0.89360000
vn 0.37200000 -0.24920000 -0.89410000
vn 0.34770000 -0.27740000 -0.89560000
vn 0.31320000 -0.30700000 -0.89870000
vn 0.35710000 -0.13090000 -0.92480000
vn 0.35270000 -0.16090000 -0.92180000
vn 0.34560000 -0.18720000 -0.91950000
vn 0.33570000 -0.21210000 -0.91780000
vn 0.32220000 -0.23690000 -0.91650000
vn 0.30370000 -0.26270000 -0.91580000
vn 0.27610000 -0.29000000 -0.91630000
vn 0.28840000 -0.12410000 -0.94940000
vn 0.28640000 -0.15280000 -0.94590000
vn 0.28200000 -0.17790000 -0.94280000
vn 0.27520000 -0.20130000 -0.94010000
vn 0.26560000 -0.22420000 -0.93760000
vn 0.25280000 -0.24760000 -0.93530000
vn 0.23550000 -0.27200000 -0.93300000
vn 0.29050000 -0.45760000 -0.84030000
vn 0.20210000 -0.49640000 -0.84420000
vn 0.10400000 -0.52230000 -0.84640000
vn -0.00000000 -0.53140000 -0.84710000
vn -0.10400000 -0.52230000 -0.84640000
vn -0.20210000 -0.49640000 -0.84420000
vn -0.29050000 -0.45760000 -0.84030000
vn 0.27340000 -0.43630000 -0.85730000
vn 0.18960000 -0.47050000 -0.86180000
vn 0.09730000 -0.49300000 -0.86460000
vn -0.00000000 -0.50090000 -0.86550000
vn -0.09730000 -0.49300000 -0.86460000
vn -0.18960000 -0.47050000 -0.86180000
vn -0.27340000 -0.43630000 -0.85730000
vn 0.25350000 -0.41280000 -0.87480000
vn 0.17500000 -0.44180000 -0.87990000
vn 0.08950000 -0.46060000 -0.88310000
vn -0.00000000 -0.46710000 -0.88420000
vn -0.08950000 -0.46060000 -0.88310000
vn -0.17500000 -0.44180000 -0.87990000
vn -0.25350000 -0.41280000 -0.87480000
vn 0.23070000 -0.38720000 -0.89270000
vn 0.15830000 -0.41080000 -0.89790000
vn 0.08070000 -0.42570000 -0.90120000
vn -0.00000000 -0.43080000 -0.90240000
vn -0.08070000 -0.42570000 -0.90120000
vn -0.15840000 -0.41080000 -0.89790000
vn -0.23070000 -0.38720000 -0.89270000
vn 0.20600000 -0.36100000 -0.90950000
vn 0.14040000 -0.37890000 -0.91470000
vn 0.07130000 -0.38960000 -0.91820000
vn -0.00000000 -0.39320000 -0.91940000
vn -0.07130000 -0.38960000 -0.91820000
vn -0.14040000 -0.37890000 -0.91470000
vn -0.20600000 -0.36100000 -0.90950000
vn 0.18070000 -0.33510000 -0.92470000
vn 0.12210000 -0.34690000 -0.92990000
vn 0.06190000 -0.35330000 -0.93340000
vn -0.00000000 -0.35540000 -0.93470000
vn -0.06190000 -0.35330000 -0.93340000
vn -0.12220000 -0.34690000 -0.92990000
vn -0.18070000 -0.33510000 -0.92470000
vn 0.15560000 -0.30880000 -0.93830000
vn 0.10500000 -0.31440000 -0.94350000
vn 0.05340000 -0.31730000 -0.94680000
vn -0.00000000 -0.31830000 -0.94800000
vn -0.05340000 -0.31730000 -0.94680000
vn -0.10500000 -0.31440000 -0.94350000
vn -0.15560000 -0.30880000 -0.93830000
vn -0.61810000 -0.05730000 -0.78400000
vn -0.61060000 -0.00810000 -0.79190000
vn -0.59450000 0.04220000 -0.80300000
vn -0.57020000 0.09240000 -0.81630000
vn -0.53860000 0.14120000 -0.83070000
vn -0.50050000 0.18740000 -0.84520000
vn -0.45740000 0.23010000 -0.85900000
vn -0.58140000 -0.05830000 -0.81150000
vn -0.57410000 -0.01020000 -0.81870000
vn -0.55920000 0.03890000 -0.82810000
vn -0.53730000 0.08780000 -0.83880000
vn -0.50870000 0.13550000 -0.85020000
vn -0.47370000 0.18080000 -0.86190000
vn -0.43350000 0.22240000 -0.87330000
vn -0.53580000 -0.05900000 -0.84230000
vn -0.52900000 -0.01250000 -0.84850000
vn -0.51610000 0.03470000 -0.85580000
vn -0.49760000 0.08180000 -0.86350000
vn -0.47350000 0.12820000 -0.87140000
vn -0.44320000 0.17290000 -0.87960000
vn -0.40680000 0.21390000 -0.88810000
vn -0.48250000 -0.05900000 -0.87390000
vn -0.47640000 -0.01460000 -0.87910000
vn -0.46580000 0.03000000 -0.88440000
vn -0.45150000 0.07440000 -0.88920000
vn -0.43280000 0.11880000 -0.89360000
vn -0.40820000 0.16280000 -0.89830000
vn -0.37660000 0.20360000 -0.90370000
vn -0.42240000 -0.05810000 -0.90460000
vn -0.41690000 -0.01620000 -0.90880000
vn -0.40870000 0.02510000 -0.91230000
vn -0.39860000 0.06590000 -0.91470000
vn -0.38610000 0.10750000 -0.91620000
vn -0.36840000 0.15020000 -0.91740000
vn -0.34290000 0.19140000 -0.91970000
vn -0.35630000 -0.05580000 -0.93270000
vn -0.35140000 -0.01680000 -0.93610000
vn -0.34540000 0.02090000 -0.93820000
vn -0.33930000 0.05750000 -0.93890000
vn -0.33280000 0.09530000 -0.93820000
vn -0.32300000 0.13570000 -0.93660000
vn -0.30550000 0.17700000 -0.93560000
vn -0.28530000 -0.05230000 -0.95700000
vn -0.28100000 -0.01590000 -0.95960000
vn -0.27690000 0.01830000 -0.96070000
vn -0.27400000 0.05080000 -0.96040000
vn -0.27250000 0.08430000 -0.95850000
vn -0.27020000 0.12130000 -0.95510000
vn -0.26360000 0.16070000 -0.95120000
vn 0.45740000 0.23010000 -0.85900000
vn 0.50050000 0.18740000 -0.84520000
vn 0.53860000 0.14120000 -0.83070000
vn 0.57020000 0.09240000 -0.81630000
vn 0.59450000 0.04220000 -0.80300000
vn 0.61060000 -0.00810000 -0.79190000
vn 0.61810000 -0.05730000 -0.78400000
vn 0.43350000 0.22240000 -0.87330000
vn 0.47370000 0.18080000 -0.86190000
vn 0.50870000 0.13550000 -0.85020000
vn 0.53730000 0.08780000 -0.83880000
vn 0.55920000 0.03890000 -0.82810000
vn 0.57410000 -0.01020000 -0.81870000
vn 0.58140000 -0.05830000 -0.81150000
vn 0.40680000 0.21390000 -0.88810000
vn 0.44320000 0.17290000 -0.87960000
vn 0.47350000 0.12820000 -0.87140000
vn 0.49760000 0.08180000 -0.86350000
vn 0.51610000 0.03470000 -0.85580000
vn 0.52900000 -0.01250000 -0.84850000
vn 0.53580000 -0.05900000 -0.84230000
vn 0.37660000 0.20360000 -0.90370000
vn 0.40820000 0.16280000 -0.89830000
vn 0.43280000 0.11880000 -0.89360000
vn 0.45150000 0.07440000 -0.88920000
vn 0.46580000 0.03000000 -0.88440000
vn 0.47640000 -0.01460000 -0.87910000
vn 0.48250000 -0.05900000 -0.87390000
vn 0.34290000 0.19140000 -0.91970000
vn 0.36840000 0.15020000 -0.91740000
vn 0.38610000 0.10750000 -0.91620000
vn 0.39860000 0.06590000 -0.91470000
vn 0.40870000 0.02510000 -0.91230000
vn 0.41690000 -0.01620000 -0.90880000
vn 0.42240000 -0.05810000 -0.90460000
vn 0.30550000 0.17700000 -0.93560000
vn 0.32300000 0.13570000 -0.93660000
vn 0.33280000 0.09530000 -0.93820000
vn 0.33930000 0.05750000 -0.93890000
vn 0.34540000 0.02090000 -0.93820000
vn 0.35140000 -0.01680000 -0.93610000
vn 0.35630000 -0.05580000 -0.93270000
vn 0.26360000 0.16070000 -0.95120000
vn 0.27020000 0.12130000 -0.95510000
vn 0.27250000 0.08430000 -0.95850000
vn 0.27400000 0.05080000 -0.96040000
vn 0.27690000 0.01830000 -0.96070000
vn 0.28100000 -0.01590000 -0.95960000
vn 0.28530000 -0.05230000 -0.95700000
vn -0.00000000 -0.39370000 0.91920000
vn 0.05130000 -0.30990000 0.94940000
vn 0.02930000 -0.30680000 0.95130000
vn 0.01240000 -0.30420000 0.95250000
vn -0.00000000 -0.30320000 0.95290000
vn 0.05770000 -0.33540000 0.94030000
vn 0.03340000 -0.33600000 0.94130000
vn 0.01420000 -0.33560000 0.94190000
vn -0.00000000 -0.33530000 0.94210000
vn 0.06390000 -0.35710000 0.93190000
vn 0.03930000 -0.35990000 0.93210000
vn 0.01740000 -0.36210000 0.93200000
vn -0.00000000 -0.36370000 0.93150000
vn -0.05130000 -0.30990000 0.94940000
vn -0.05770000 -0.33540000 0.94030000
vn -0.06390000 -0.35710000 0.93190000
vn -0.06890000 -0.37590000 0.92410000
vn -0.02930000 -0.30680000 0.95130000
vn -0.03340000 -0.33600000 0.94130000
vn -0.03930000 -0.35990000 0.93210000
vn -0.04520000 -0.38080000 0.92360000
vn -0.01240000 -0.30420000 0.95250000
vn -0.01420000 -0.33560000 0.94190000
vn -0.01740000 -0.36210000 0.93200000
vn -0.02200000 -0.38550000 0.92240000
vn -0.05900000 -0.42970000 0.90110000
vn -0.04470000 -0.44360000 0.89510000
vn -0.03260000 -0.45420000 0.89030000
vn -0.02360000 -0.46340000 0.88580000
vn -0.06960000 -0.41070000 0.90910000
vn -0.05010000 -0.42120000 0.90560000
vn -0.03300000 -0.43070000 0.90190000
vn -0.01960000 -0.44060000 0.89750000
vn -0.07160000 -0.39340000 0.91660000
vn -0.04970000 -0.40070000 0.91490000
vn -0.02860000 -0.40810000 0.91250000
vn -0.01160000 -0.41790000 0.90840000
vn -0.00000000 -0.49610000 0.86830000
vn 0.00960000 -0.48380000 0.87510000
vn 0.01700000 -0.47300000 0.88090000
vn 0.02360000 -0.46340000 0.88580000
vn -0.00960000 -0.48380000 0.87510000
vn -0.00000000 -0.46700000 0.88420000
vn 0.00950000 -0.45260000 0.89170000
vn 0.01960000 -0.44060000 0.89750000
vn -0.01700000 -0.47300000 0.88090000
vn -0.00950000 -0.45260000 0.89170000
vn -0.00000000 -0.43380000 0.90100000
vn 0.01160000 -0.41790000 0.90840000
vn 0.05900000 -0.42970000 0.90110000
vn 0.06960000 -0.41070000 0.90910000
vn 0.07160000 -0.39340000 0.91660000
vn 0.06890000 -0.37590000 0.92410000
vn 0.04470000 -0.44360000 0.89510000
vn 0.05010000 -0.42120000 0.90560000
vn 0.04970000 -0.40070000 0.91490000
vn 0.04520000 -0.38080000 0.92360000
vn 0.03260000 -0.45420000 0.89030000
vn 0.03300000 -0.43070000 0.90190000
vn 0.02860000 -0.40810000 0.91250000
vn 0.02200000 -0.38550000 0.92240000
vn -0.36380000 0.30410000 -0.88040000
vn -0.31740000 0.33480000 -0.88720000
vn -0.27340000 0.36090000 -0.89160000
vn -0.23310000 0.38270000 -0.89400000
vn -0.19720000 0.40080000 -0.89470000
vn -0.16620000 0.41610000 -0.89400000
vn -0.14010000 0.42950000 -0.89210000
vn -0.34500000 0.29190000 -0.89200000
vn -0.30120000 0.32010000 -0.89820000
vn -0.25990000 0.34430000 -0.90220000
vn -0.22220000 0.36490000 -0.90410000
vn -0.18870000 0.38250000 -0.90450000
vn -0.15950000 0.39710000 -0.90380000
vn -0.13450000 0.40860000 -0.90270000
vn -0.32420000 0.27960000 -0.90370000
vn -0.28320000 0.30500000 -0.90930000
vn -0.24530000 0.32680000 -0.91270000
vn -0.21110000 0.34600000 -0.91420000
vn -0.18070000 0.36290000 -0.91410000
vn -0.15360000 0.37740000 -0.91320000
vn -0.12920000 0.38860000 -0.91230000
vn -0.30030000 0.26640000 -0.91590000
vn -0.26280000 0.28870000 -0.92070000
vn -0.22880000 0.30760000 -0.92360000
vn -0.19900000 0.32470000 -0.92460000
vn -0.17230000 0.34090000 -0.92420000
vn -0.14760000 0.35560000 -0.92290000
vn -0.12380000 0.36760000 -0.92170000
vn -0.27370000 0.25210000 -0.92820000
vn -0.23970000 0.27090000 -0.93230000
vn -0.21030000 0.28620000 -0.93480000
vn -0.18520000 0.30080000 -0.93550000
vn -0.16300000 0.31600000 -0.93470000
vn -0.14120000 0.33120000 -0.93290000
vn -0.11840000 0.34480000 -0.93120000
vn -0.24500000 0.23640000 -0.94030000
vn -0.21470000 0.25120000 -0.94380000
vn -0.18970000 0.26260000 -0.94610000
vn -0.16950000 0.27410000 -0.94660000
vn -0.15180000 0.28800000 -0.94550000
vn -0.13360000 0.30380000 -0.94330000
vn -0.11250000 0.31950000 -0.94090000
vn -0.21480000 0.21820000 -0.95200000
vn -0.18820000 0.22770000 -0.95540000
vn -0.16720000 0.23550000 -0.95740000
vn -0.15090000 0.24450000 -0.95780000
vn -0.13710000 0.25710000 -0.95660000
vn -0.12250000 0.27330000 -0.95410000
vn -0.10520000 0.29140000 -0.95080000
vn 0.14010000 0.42950000 -0.89210000
vn 0.16620000 0.41610000 -0.89400000
vn 0.19720000 0.40080000 -0.89470000
vn 0.23310000 0.38270000 -0.89400000
vn 0.27340000 0.36090000 -0.89160000
vn 0.31740000 0.33480000 -0.88720000
vn 0.36380000 0.30410000 -0.88040000
vn 0.13450000 0.40860000 -0.90270000
vn 0.15950000 0.39710000 -0.90380000
vn 0.18870000 0.38250000 -0.90450000
vn 0.22220000 0.36490000 -0.90410000
vn 0.25990000 0.34430000 -0.90220000
vn 0.30120000 0.32010000 -0.89820000
vn 0.34500000 0.29190000 -0.89200000
vn 0.12920000 0.38860000 -0.91230000
vn 0.15360000 0.37740000 -0.91320000
vn 0.18070000 0.36290000 -0.91410000
vn 0.21110000 0.34600000 -0.91420000
vn 0.24530000 0.32680000 -0.91270000
vn 0.28320000 0.30500000 -0.90930000
vn 0.32420000 0.27960000 -0.90370000
vn 0.12380000 0.36760000 -0.92170000
vn 0.14760000 0.35560000 -0.92290000
vn 0.17230000 0.34090000 -0.92420000
vn 0.19900000 0.32470000 -0.92460000
vn 0.22880000 0.30760000 -0.92360000
vn 0.26280000 0.28870000 -0.92070000
vn 0.30030000 0.26640000 -0.91590000
vn 0.11840000 0.34480000 -0.93120000
vn 0.14120000 0.33120000 -0.93290000
vn 0.16300000 0.31590000 -0.93470000
vn 0.18520000 0.30080000 -0.93550000
vn 0.21030000 0.28620000 -0.93480000
vn 0.23970000 0.27090000 -0.93230000
vn 0.27370000 0.25210000 -0.92820000
vn 0.11250000 0.31950000 -0.94090000
vn 0.13360000 0.30380000 -0.94330000
vn 0.15180000 0.28800000 -0.94550000
vn 0.16950000 0.27410000 -0.94660000
vn 0.18970000 0.26260000 -0.94610000
vn 0.21470000 0.25120000 -0.94380000
vn 0.24500000 0.23640000 -0.94030000
vn 0.10520000 0.29140000 -0.95080000
vn 0.12250000 0.27330000 -0.95410000
vn 0.13710000 0.25710000 -0.95660000
vn 0.15090000 0.24450000 -0.95780000
vn 0.16720000 0.23550000 -0.95740000
vn 0.18820000 0.22770000 -0.95540000
vn 0.21480000 0.21820000 -0.95200000
vn -0.00000000 0.07160000 -0.99740000
vn 0.14570000 -0.04200000 -0.98840000
vn 0.09020000 -0.03680000 -0.99520000
vn 0.04290000 -0.03310000 -0.99850000
vn -0.00000000 -0.03180000 -0.99950000
vn 0.14300000 -0.00910000 -0.98970000
vn 0.08850000 -0.00450000 -0.99610000
vn 0.04230000 -0.00080000 -0.99910000
vn -0.00000000 0.00060000 -1.00000000
vn 0.14190000 0.02070000 -0.98970000
vn 0.08900000 0.02470000 -0.99570000
vn 0.04340000 0.02900000 -0.99860000
vn -0.00000000 0.03160000 -0.99950000
vn -0.14570000 -0.04200000 -0.98840000
vn -0.14300000 -0.00910000 -0.98970000
vn -0.14190000 0.02070000 -0.98970000
vn -0.14390000 0.04850000 -0.98840000
vn -0.09020000 -0.03680000 -0.99520000
vn -0.08850000 -0.00450000 -0.99610000
vn -0.08900000 0.02470000 -0.99570000
vn -0.09400000 0.05200000 -0.99420000
vn -0.04290000 -0.03310000 -0.99850000
vn -0.04230000 -0.00080000 -0.99910000
vn -0.04340000 0.02900000 -0.99860000
vn -0.05030000 0.05730000 -0.99710000
vn -0.16940000 0.15180000 -0.97380000
vn -0.13970000 0.15890000 -0.97740000
vn -0.11840000 0.16590000 -0.97900000
vn -0.10340000 0.17510000 -0.97910000
vn -0.15890000 0.11270000 -0.98080000
vn -0.12080000 0.11840000 -0.98560000
vn -0.09440000 0.12630000 -0.98750000
vn -0.07650000 0.13830000 -0.98740000
vn -0.15000000 0.07790000 -0.98560000
vn -0.10510000 0.08210000 -0.99110000
vn -0.07000000 0.08890000 -0.99360000
vn -0.04490000 0.10180000 -0.99380000
vn -0.06370000 0.24200000 -0.96820000
vn -0.03930000 0.22930000 -0.97260000
vn -0.01830000 0.22060000 -0.97520000
vn -0.00000000 0.21720000 -0.97610000
vn -0.07850000 0.21370000 -0.97380000
vn -0.05140000 0.19180000 -0.98010000
vn -0.02530000 0.17640000 -0.98400000
vn -0.00000000 0.17010000 -0.98540000
vn -0.09140000 0.19060000 -0.97740000
vn -0.06350000 0.16010000 -0.98510000
vn -0.03300000 0.13360000 -0.99050000
vn -0.00000000 0.11990000 -0.99280000
vn 0.06370000 0.24200000 -0.96820000
vn 0.07850000 0.21370000 -0.97380000
vn 0.09140000 0.19060000 -0.97740000
vn 0.10340000 0.17510000 -0.97910000
vn 0.03930000 0.22930000 -0.97260000
vn 0.05140000 0.19180000 -0.98010000
vn 0.06350000 0.16010000 -0.98510000
vn 0.07650000 0.13830000 -0.98740000
vn 0.01830000 0.22060000 -0.97520000
vn 0.02530000 0.17640000 -0.98400000
vn 0.03300000 0.13360000 -0.99050000
vn 0.04490000 0.10180000 -0.99380000
vn 0.16940000 0.15180000 -0.97380000
vn 0.15890000 0.11270000 -0.98080000
vn 0.15000000 0.07790000 -0.98560000
vn 0.14390000 0.04850000 -0.98840000
vn 0.13970000 0.15890000 -0.97740000
vn 0.12080000 0.11840000 -0.98560000
vn 0.10510000 0.08210000 -0.99110000
vn 0.09400000 0.05200000 -0.99420000
vn 0.11840000 0.16590000 -0.97900000
vn 0.09440000 0.12630000 -0.98750000
vn 0.07000000 0.08890000 -0.99360000
vn 0.05030000 0.05730000 -0.99710000
vn 0.00200000 -0.09120000 -0.99580000
vn 0.00670000 -0.09120000 -0.99580000
vn 0.01500000 -0.09140000 -0.99570000
vn 0.02790000 -0.09160000 -0.99540000
vn 0.04710000 -0.09210000 -0.99460000
vn 0.07570000 -0.09280000 -0.99280000
vn 0.11980000 -0.09390000 -0.98830000
vn 0.00210000 -0.06940000 -0.99760000
vn 0.00690000 -0.06940000 -0.99760000
vn 0.01550000 -0.06950000 -0.99750000
vn 0.02890000 -0.06970000 -0.99710000
vn 0.04890000 -0.07010000 -0.99630000
vn 0.07860000 -0.07070000 -0.99440000
vn 0.12430000 -0.07150000 -0.98970000
vn 0.00210000 -0.04430000 -0.99900000
vn 0.00710000 -0.04430000 -0.99900000
vn 0.01600000 -0.04440000 -0.99890000
vn 0.02970000 -0.04460000 -0.99860000
vn 0.05020000 -0.04480000 -0.99770000
vn 0.08060000 -0.04520000 -0.99570000
vn 0.12760000 -0.04580000 -0.99080000
vn 0.00220000 -0.01540000 -0.99990000
vn 0.00720000 -0.01540000 -0.99990000
vn 0.01620000 -0.01540000 -0.99970000
vn 0.03020000 -0.01550000 -0.99940000
vn 0.05100000 -0.01570000 -0.99860000
vn 0.08190000 -0.01590000 -0.99650000
vn 0.12960000 -0.01630000 -0.99140000
vn 0.00220000 0.01820000 -0.99980000
vn 0.00730000 0.01820000 -0.99980000
vn 0.01630000 0.01820000 -0.99970000
vn 0.03040000 0.01820000 -0.99940000
vn 0.05130000 0.01820000 -0.99850000
vn 0.08250000 0.01810000 -0.99640000
vn 0.13050000 0.01790000 -0.99130000
vn 0.00220000 0.05740000 -0.99830000
vn 0.00730000 0.05750000 -0.99830000
vn 0.01630000 0.05750000 -0.99820000
vn 0.03030000 0.05750000 -0.99790000
vn 0.05120000 0.05760000 -0.99700000
vn 0.08240000 0.05760000 -0.99490000
vn 0.13030000 0.05770000 -0.98980000
vn 0.00220000 0.10330000 -0.99470000
vn 0.00720000 0.10330000 -0.99460000
vn 0.01620000 0.10330000 -0.99450000
vn 0.03010000 0.10340000 -0.99420000
vn 0.05090000 0.10360000 -0.99330000
vn 0.08180000 0.10370000 -0.99120000
vn 0.12940000 0.10380000 -0.98610000
vn -0.77960000 0.62420000 0.05070000
vn -0.87460000 0.48390000 0.03020000
vn -0.93990000 0.34120000 0.00980000
vn -0.97540000 0.22050000 -0.00810000
vn -0.99090000 0.13250000 -0.02220000
vn -0.99660000 0.07560000 -0.03240000
vn -0.99830000 0.04330000 -0.03900000
vn -0.70950000 0.67730000 -0.19440000
vn -0.81590000 0.54900000 -0.18110000
vn -0.89900000 0.40480000 -0.16690000
vn -0.94870000 0.27460000 -0.15690000
vn -0.97240000 0.17580000 -0.15350000
vn -0.98190000 0.10940000 -0.15480000
vn -0.98510000 0.06900000 -0.15770000
vn -0.56850000 0.67950000 -0.46380000
vn -0.68040000 0.58880000 -0.43620000
vn -0.78690000 0.46730000 -0.40290000
vn -0.86280000 0.34150000 -0.37280000
vn -0.90470000 0.23650000 -0.35440000
vn -0.92390000 0.16010000 -0.34760000
vn -0.93150000 0.10870000 -0.34710000
vn -0.41900000 0.63530000 -0.64870000
vn -0.51480000 0.58190000 -0.62960000
vn -0.62170000 0.49550000 -0.60650000
vn -0.71140000 0.39170000 -0.58350000
vn -0.76860000 0.29320000 -0.56860000
vn -0.79790000 0.21300000 -0.56390000
vn -0.81090000 0.15220000 -0.56500000
vn -0.30570000 0.58480000 -0.75140000
vn -0.37670000 0.55440000 -0.74210000
vn -0.46210000 0.49480000 -0.73600000
vn -0.53950000 0.41440000 -0.73290000
vn -0.59310000 0.32930000 -0.73470000
vn -0.62260000 0.25170000 -0.74090000
vn -0.63680000 0.18630000 -0.74820000
vn -0.22790000 0.54400000 -0.80760000
vn -0.27630000 0.52680000 -0.80380000
vn -0.33510000 0.48330000 -0.80880000
vn -0.38820000 0.41890000 -0.82090000
vn -0.42570000 0.34530000 -0.83640000
vn -0.44700000 0.27230000 -0.85210000
vn -0.45800000 0.20580000 -0.86480000
vn -0.17220000 0.51370000 -0.84050000
vn -0.20180000 0.50570000 -0.83880000
vn -0.23670000 0.47110000 -0.84970000
vn -0.26750000 0.41620000 -0.86900000
vn -0.28940000 0.34990000 -0.89100000
vn -0.30230000 0.28060000 -0.91100000
vn -0.30960000 0.21440000 -0.92640000
vn 0.00130000 -0.15140000 -0.98850000
vn 0.00430000 -0.15150000 -0.98850000
vn 0.00980000 -0.15160000 -0.98840000
vn 0.01820000 -0.15200000 -0.98820000
vn 0.03070000 -0.15250000 -0.98780000
vn 0.04940000 -0.15350000 -0.98690000
vn 0.07850000 -0.15500000 -0.98480000
vn 0.00140000 -0.15230000 -0.98830000
vn 0.00450000 -0.15240000 -0.98830000
vn 0.01020000 -0.15250000 -0.98820000
vn 0.01900000 -0.15290000 -0.98810000
vn 0.03200000 -0.15350000 -0.98760000
vn 0.05160000 -0.15440000 -0.98670000
vn 0.08190000 -0.15590000 -0.98440000
vn 0.00140000 -0.15100000 -0.98850000
vn 0.00480000 -0.15110000 -0.98850000
vn 0.01070000 -0.15120000 -0.98840000
vn 0.01990000 -0.15160000 -0.98820000
vn 0.03360000 -0.15220000 -0.98780000
vn 0.05420000 -0.15310000 -0.98670000
vn 0.08590000 -0.15470000 -0.98420000
vn 0.00150000 -0.14780000 -0.98900000
vn 0.00500000 -0.14790000 -0.98900000
vn 0.01130000 -0.14810000 -0.98890000
vn 0.02100000 -0.14840000 -0.98870000
vn 0.03550000 -0.14900000 -0.98820000
vn 0.05720000 -0.15000000 -0.98700000
vn 0.09060000 -0.15150000 -0.98430000
vn 0.00160000 -0.14270000 -0.98980000
vn 0.00530000 -0.14270000 -0.98970000
vn 0.01200000 -0.14290000 -0.98970000
vn 0.02230000 -0.14330000 -0.98940000
vn 0.03770000 -0.14390000 -0.98890000
vn 0.06060000 -0.14490000 -0.98760000
vn 0.09600000 -0.14640000 -0.98460000
vn 0.00170000 -0.13520000 -0.99080000
vn 0.00570000 -0.13530000 -0.99080000
vn 0.01270000 -0.13550000 -0.99070000
vn 0.02370000 -0.13580000 -0.99050000
vn 0.04000000 -0.13640000 -0.98980000
vn 0.06440000 -0.13740000 -0.98840000
vn 0.10200000 -0.13890000 -0.98500000
vn 0.00180000 -0.12460000 -0.99220000
vn 0.00600000 -0.12470000 -0.99220000
vn 0.01350000 -0.12490000 -0.99210000
vn 0.02510000 -0.12520000 -0.99180000
vn 0.04250000 -0.12580000 -0.99110000
vn 0.06830000 -0.12670000 -0.98960000
vn 0.10820000 -0.12810000 -0.98580000
vn -0.03300000 0.91690000 0.39780000
vn -0.03390000 0.95350000 0.29940000
vn -0.03410000 0.99360000 0.10760000
vn -0.03180000 0.98170000 -0.18790000
vn -0.02590000 0.85620000 -0.51600000
vn -0.01810000 0.64970000 -0.76000000
vn -0.01170000 0.45420000 -0.89080000
vn -0.09860000 0.91300000 0.39590000
vn -0.10130000 0.94830000 0.30070000
vn -0.10210000 0.98810000 0.11500000
vn -0.09640000 0.98010000 -0.17350000
vn -0.08030000 0.86230000 -0.50000000
vn -0.05780000 0.66000000 -0.74910000
vn -0.03800000 0.46330000 -0.88540000
vn -0.18750000 0.90140000 0.39040000
vn -0.19280000 0.93370000 0.30190000
vn -0.19540000 0.97220000 0.12910000
vn -0.18750000 0.97160000 -0.14410000
vn -0.16120000 0.87040000 -0.46520000
vn -0.12050000 0.67990000 -0.72330000
vn -0.08190000 0.48330000 -0.87160000
vn -0.27990000 0.88180000 0.37970000
vn -0.28760000 0.90930000 0.30070000
vn -0.29320000 0.94470000 0.14660000
vn -0.28680000 0.95250000 -0.10240000
vn -0.25580000 0.87520000 -0.41070000
vn -0.20090000 0.70700000 -0.67810000
vn -0.14250000 0.51590000 -0.84470000
vn -0.36250000 0.85790000 0.36400000
vn -0.37220000 0.87990000 0.29530000
vn -0.38070000 0.91040000 0.16190000
vn -0.37830000 0.92390000 -0.05750000
vn -0.34900000 0.87190000 -0.34360000
vn -0.28790000 0.73480000 -0.61410000
vn -0.21360000 0.55790000 -0.80200000
vn -0.43070000 0.83440000 0.34390000
vn -0.44140000 0.85110000 0.28440000
vn -0.45190000 0.87580000 0.16980000
vn -0.45350000 0.89100000 -0.02000000
vn -0.42970000 0.85970000 -0.27610000
vn -0.37050000 0.75660000 -0.53870000
vn -0.28890000 0.60310000 -0.74350000
vn -0.48500000 0.81400000 0.31950000
vn -0.49600000 0.82630000 0.26690000
vn -0.50760000 0.84530000 0.16670000
vn -0.51200000 0.85900000 0.00160000
vn -0.49430000 0.84030000 -0.22260000
vn -0.44250000 0.76600000 -0.46630000
vn -0.36250000 0.64140000 -0.67620000
vn -0.81060000 -0.56460000 0.15510000
vn -0.87140000 -0.46380000 0.15970000
vn -0.91020000 -0.37940000 0.16600000
vn -0.93580000 -0.30710000 0.17290000
vn -0.95330000 -0.24300000 0.17940000
vn -0.96550000 -0.18330000 0.18470000
vn -0.97420000 -0.12430000 0.18820000
vn -0.80490000 -0.57990000 -0.12590000
vn -0.86820000 -0.48130000 -0.12060000
vn -0.91010000 -0.39840000 -0.11430000
vn -0.93880000 -0.32720000 -0.10750000
vn -0.95930000 -0.26370000 -0.10110000
vn -0.97430000 -0.20410000 -0.09580000
vn -0.98510000 -0.14480000 -0.09250000
vn -0.72980000 -0.54470000 -0.41310000
vn -0.79110000 -0.45770000 -0.40580000
vn -0.83310000 -0.38410000 -0.39790000
vn -0.86330000 -0.32030000 -0.39000000
vn -0.88580000 -0.26290000 -0.38240000
vn -0.90280000 -0.20850000 -0.37620000
vn -0.91530000 -0.15400000 -0.37220000
vn -0.63410000 -0.48860000 -0.59930000
vn -0.69180000 -0.41570000 -0.59040000
vn -0.73310000 -0.35350000 -0.58110000
vn -0.76400000 -0.29890000 -0.57180000
vn -0.78790000 -0.24920000 -0.56310000
vn -0.80650000 -0.20150000 -0.55590000
vn -0.82020000 -0.15300000 -0.55120000
vn -0.55980000 -0.44280000 -0.70040000
vn -0.61450000 -0.38080000 -0.69090000
vn -0.65500000 -0.32730000 -0.68100000
vn -0.68650000 -0.27990000 -0.67110000
vn -0.71140000 -0.23610000 -0.66190000
vn -0.73110000 -0.19360000 -0.65420000
vn -0.74570000 -0.14970000 -0.64920000
vn -0.50930000 -0.41130000 -0.75590000
vn -0.56170000 -0.35680000 -0.74640000
vn -0.60170000 -0.30940000 -0.73640000
vn -0.63340000 -0.26690000 -0.72630000
vn -0.65910000 -0.22710000 -0.71700000
vn -0.67950000 -0.18800000 -0.70910000
vn -0.69480000 -0.14720000 -0.70400000
vn -0.47510000 -0.39040000 -0.78860000
vn -0.52580000 -0.34100000 -0.77920000
vn -0.56530000 -0.29780000 -0.76920000
vn -0.59720000 -0.25870000 -0.75920000
vn -0.62350000 -0.22170000 -0.74980000
vn -0.64450000 -0.18480000 -0.74190000
vn -0.66030000 -0.14580000 -0.73670000
vn 0.97420000 -0.12430000 0.18820000
vn 0.96550000 -0.18330000 0.18470000
vn 0.95330000 -0.24300000 0.17940000
vn 0.93580000 -0.30710000 0.17290000
vn 0.91020000 -0.37940000 0.16600000
vn 0.87140000 -0.46380000 0.15970000
vn 0.81060000 -0.56460000 0.15510000
vn 0.98510000 -0.14480000 -0.09250000
vn 0.97430000 -0.20410000 -0.09580000
vn 0.95930000 -0.26370000 -0.10110000
vn 0.93880000 -0.32720000 -0.10750000
vn 0.91010000 -0.39840000 -0.11430000
vn 0.86820000 -0.48130000 -0.12060000
vn 0.80490000 -0.57990000 -0.12590000
vn 0.91530000 -0.15400000 -0.37220000
vn 0.90280000 -0.20850000 -0.37620000
vn 0.88580000 -0.26290000 -0.38240000
vn 0.86330000 -0.32030000 -0.39000000
vn 0.83310000 -0.38410000 -0.39800000
vn 0.79110000 -0.45770000 -0.40580000
vn 0.72980000 -0.54470000 -0.41310000
vn 0.82020000 -0.15300000 -0.55120000
vn 0.80650000 -0.20150000 -0.55590000
vn 0.78790000 -0.24920000 -0.56310000
vn 0.76400000 -0.29890000 -0.57180000
vn 0.73310000 -0.35350000 -0.58110000
vn 0.69180000 -0.41570000 -0.59040000
vn 0.63410000 -0.48860000 -0.59930000
vn 0.74570000 -0.14970000 -0.64920000
vn 0.73110000 -0.19360000 -0.65420000
vn 0.71140000 -0.23610000 -0.66190000
vn 0.68640000 -0.27990000 -0.67110000
vn 0.65500000 -0.32730000 -0.68100000
vn 0.61450000 -0.38080000 -0.69090000
vn 0.55980000 -0.44280000 -0.70040000
vn 0.69480000 -0.14720000 -0.70400000
vn 0.67950000 -0.18800000 -0.70910000
vn 0.65910000 -0.22710000 -0.71700000
vn 0.63340000 -0.26690000 -0.72630000
vn 0.60170000 -0.30940000 -0.73640000
vn 0.56170000 -0.35680000 -0.74640000
vn 0.50930000 -0.41130000 -0.75590000
vn 0.66030000 -0.14580000 -0.73670000
vn 0.64450000 -0.18480000 -0.74190000
vn 0.62350000 -0.22170000 -0.74980000
vn 0.59720000 -0.25870000 -0.75920000
vn 0.56530000 -0.29780000 -0.76920000
vn 0.52580000 -0.34100000 -0.77920000
vn 0.47510000 -0.39040000 -0.78860000
vn 0.58060000 -0.79970000 0.15260000
vn 0.41080000 -0.89880000 0.15320000
vn 0.21330000 -0.96480000 0.15380000
vn -0.00000000 -0.98800000 0.15410000
vn -0.21330000 -0.96480000 0.15380000
vn -0.41080000 -0.89880000 0.15320000
vn -0.58060000 -0.79970000 0.15260000
vn 0.57310000 -0.80890000 -0.13130000
vn 0.40460000 -0.90500000 -0.13160000
vn 0.20990000 -0.96890000 -0.13120000
vn -0.00000000 -0.99140000 -0.13100000
vn -0.20990000 -0.96890000 -0.13120000
vn -0.40460000 -0.90500000 -0.13160000
vn -0.57310000 -0.80890000 -0.13130000
vn 0.51500000 -0.74540000 -0.42330000
vn 0.36260000 -0.82940000 -0.42500000
vn 0.18780000 -0.88530000 -0.42550000
vn -0.00000000 -0.90500000 -0.42550000
vn -0.18780000 -0.88530000 -0.42550000
vn -0.36260000 -0.82940000 -0.42500000
vn -0.51500000 -0.74540000 -0.42330000
vn 0.44230000 -0.65500000 -0.61260000
vn 0.31030000 -0.72450000 -0.61550000
vn 0.16040000 -0.77070000 -0.61670000
vn -0.00000000 -0.78700000 -0.61700000
vn -0.16040000 -0.77070000 -0.61670000
vn -0.31030000 -0.72450000 -0.61550000
vn -0.44230000 -0.65500000 -0.61260000
vn 0.38630000 -0.58310000 -0.71470000
vn 0.27020000 -0.64150000 -0.71800000
vn 0.13940000 -0.68030000 -0.71950000
vn -0.00000000 -0.69400000 -0.72000000
vn -0.13940000 -0.68030000 -0.71950000
vn -0.27020000 -0.64150000 -0.71800000
vn -0.38630000 -0.58310000 -0.71470000
vn 0.34870000 -0.53400000 -0.77020000
vn 0.24330000 -0.58500000 -0.77370000
vn 0.12540000 -0.61900000 -0.77530000
vn -0.00000000 -0.63090000 -0.77580000
vn -0.12540000 -0.61900000 -0.77540000
vn -0.24330000 -0.58500000 -0.77370000
vn -0.34870000 -0.53400000 -0.77020000
vn 0.32370000 -0.50100000 -0.80260000
vn 0.22560000 -0.54710000 -0.80610000
vn 0.11620000 -0.57780000 -0.80780000
vn -0.00000000 -0.58870000 -0.80840000
vn -0.11620000 -0.57780000 -0.80780000
vn -0.22560000 -0.54710000 -0.80610000
vn -0.32370000 -0.50100000 -0.80260000
vn -0.98230000 0.00540000 0.18730000
vn -0.98000000 0.07810000 0.18300000
vn -0.97180000 0.15600000 0.17680000
vn -0.95620000 0.23880000 0.16910000
vn -0.93160000 0.32620000 0.16050000
vn -0.89600000 0.41740000 0.15160000
vn -0.84760000 0.51110000 0.14280000
vn -0.99540000 -0.01360000 -0.09480000
vn -0.99310000 0.06010000 -0.10100000
vn -0.98420000 0.13870000 -0.11000000
vn -0.96740000 0.22220000 -0.12130000
vn -0.94130000 0.31000000 -0.13410000
vn -0.90400000 0.40120000 -0.14760000
vn -0.85400000 0.49470000 -0.16100000
vn -0.92630000 -0.03220000 -0.37530000
vn -0.92290000 0.03600000 -0.38340000
vn -0.91220000 0.10850000 -0.39510000
vn -0.89320000 0.18470000 -0.41000000
vn -0.86490000 0.26390000 -0.42690000
vn -0.82630000 0.34530000 -0.44490000
vn -0.77650000 0.42790000 -0.46260000
vn -0.83110000 -0.04380000 -0.55430000
vn -0.82620000 0.01730000 -0.56300000
vn -0.81350000 0.08170000 -0.57590000
vn -0.79220000 0.14840000 -0.59190000
vn -0.76200000 0.21680000 -0.61020000
vn -0.72260000 0.28580000 -0.62940000
vn -0.67400000 0.35470000 -0.64810000
vn -0.75650000 -0.04990000 -0.65210000
vn -0.75050000 0.00590000 -0.66080000
vn -0.73630000 0.06420000 -0.67360000
vn -0.71350000 0.12400000 -0.68960000
vn -0.68230000 0.18430000 -0.70750000
vn -0.64280000 0.24420000 -0.72610000
vn -0.59550000 0.30300000 -0.74400000
vn -0.70550000 -0.05310000 -0.70670000
vn -0.69880000 -0.00060000 -0.71530000
vn -0.68370000 0.05380000 -0.72780000
vn -0.66000000 0.10920000 -0.74330000
vn -0.62810000 0.16430000 -0.76060000
vn -0.58870000 0.21830000 -0.77830000
vn -0.54260000 0.27050000 -0.79530000
vn -0.67110000 -0.05500000 -0.73940000
vn -0.66390000 -0.00430000 -0.74780000
vn -0.64810000 0.04800000 -0.76010000
vn -0.62370000 0.10070000 -0.77520000
vn -0.59130000 0.15260000 -0.79190000
vn -0.55180000 0.20280000 -0.80900000
vn -0.50650000 0.25050000 -0.82500000
vn 0.84760000 0.51110000 0.14280000
vn 0.89600000 0.41740000 0.15160000
vn 0.93160000 0.32620000 0.16050000
vn 0.95620000 0.23880000 0.16910000
vn 0.97180000 0.15600000 0.17680000
vn 0.98000000 0.07810000 0.18300000
vn 0.98230000 0.00540000 0.18730000
vn 0.85400000 0.49470000 -0.16100000
vn 0.90400000 0.40120000 -0.14760000
vn 0.94130000 0.31000000 -0.13410000
vn 0.96740000 0.22220000 -0.12130000
vn 0.98420000 0.13870000 -0.11000000
vn 0.99310000 0.06010000 -0.10100000
vn 0.99540000 -0.01360000 -0.09480000
vn 0.77650000 0.42790000 -0.46250000
vn 0.82630000 0.34530000 -0.44490000
vn 0.86490000 0.26390000 -0.42690000
vn 0.89320000 0.18470000 -0.41000000
vn 0.91220000 0.10850000 -0.39510000
vn 0.92290000 0.03600000 -0.38340000
vn 0.92630000 -0.03220000 -0.37530000
vn 0.67400000 0.35470000 -0.64810000
vn 0.72260000 0.28580000 -0.62940000
vn 0.76200000 0.21680000 -0.61020000
vn 0.79220000 0.14840000 -0.59190000
vn 0.81340000 0.08170000 -0.57590000
vn 0.82620000 0.01730000 -0.56300000
vn 0.83110000 -0.04380000 -0.55430000
vn 0.59550000 0.30300000 -0.74400000
vn 0.64280000 0.24420000 -0.72610000
vn 0.68230000 0.18430000 -0.70750000
vn 0.71350000 0.12400000 -0.68960000
vn 0.73630000 0.06420000 -0.67360000
vn 0.75050000 0.00590000 -0.66080000
vn 0.75650000 -0.04990000 -0.65210000
vn 0.54260000 0.27050000 -0.79530000
vn 0.58870000 0.21830000 -0.77830000
vn 0.62810000 0.16430000 -0.76060000
vn 0.66000000 0.10920000 -0.74330000
vn 0.68370000 0.05380000 -0.72780000
vn 0.69880000 -0.00060000 -0.71530000
vn 0.70550000 -0.05310000 -0.70670000
vn 0.50650000 0.25050000 -0.82500000
vn 0.55180000 0.20280000 -0.80900000
vn 0.59130000 0.15260000 -0.79190000
vn 0.62370000 0.10070000 -0.77520000
vn 0.64810000 0.04800000 -0.76010000
vn 0.66390000 -0.00430000 -0.74780000
vn 0.67110000 -0.05500000 -0.73940000
vn -0.71520000 0.68730000 0.12700000
vn -0.64730000 0.75270000 0.12010000
vn -0.59010000 0.79930000 0.11370000
vn -0.54980000 0.82830000 0.10740000
vn -0.53220000 0.84060000 0.10080000
vn -0.54300000 0.83450000 0.09330000
vn -0.58910000 0.80370000 0.08330000
vn -0.71830000 0.67100000 -0.18390000
vn -0.64700000 0.73770000 -0.19270000
vn -0.58440000 0.78650000 -0.19990000
vn -0.53630000 0.81870000 -0.20530000
vn -0.50830000 0.83560000 -0.20850000
vn -0.50600000 0.83680000 -0.20900000
vn -0.53680000 0.81790000 -0.20710000
vn -0.64660000 0.58310000 -0.49190000
vn -0.57810000 0.64310000 -0.50220000
vn -0.51590000 0.68850000 -0.50960000
vn -0.46500000 0.72100000 -0.51370000
vn -0.43010000 0.74260000 -0.51330000
vn -0.41640000 0.75420000 -0.50770000
vn -0.43030000 0.75320000 -0.49750000
vn -0.55350000 0.48310000 -0.67840000
vn -0.49080000 0.53370000 -0.68870000
vn -0.43280000 0.57330000 -0.69570000
vn -0.38350000 0.60380000 -0.69880000
vn -0.34650000 0.62770000 -0.69710000
vn -0.32580000 0.64630000 -0.69010000
vn -0.32610000 0.65810000 -0.67870000
vn -0.48340000 0.41150000 -0.77270000
vn -0.42570000 0.45490000 -0.78220000
vn -0.37170000 0.48990000 -0.78860000
vn -0.32450000 0.51800000 -0.79140000
vn -0.28690000 0.54150000 -0.79020000
vn -0.26160000 0.56230000 -0.78450000
vn -0.25190000 0.57970000 -0.77490000
vn -0.43660000 0.36580000 -0.82190000
vn -0.38270000 0.40460000 -0.83060000
vn -0.33180000 0.43630000 -0.83640000
vn -0.28640000 0.46220000 -0.83920000
vn -0.24840000 0.48420000 -0.83900000
vn -0.21970000 0.50430000 -0.83510000
vn -0.20300000 0.52340000 -0.82750000
vn -0.40520000 0.33680000 -0.85000000
vn -0.35400000 0.37230000 -0.85790000
vn -0.30570000 0.40190000 -0.86320000
vn -0.26180000 0.42610000 -0.86600000
vn -0.22380000 0.44640000 -0.86640000
vn -0.19270000 0.46480000 -0.86420000
vn -0.17010000 0.48330000 -0.85880000
vn 0.58910000 0.80370000 0.08330000
vn 0.54300000 0.83450000 0.09330000
vn 0.53220000 0.84060000 0.10080000
vn 0.54980000 0.82830000 0.10740000
vn 0.59010000 0.79930000 0.11370000
vn 0.64730000 0.75270000 0.12010000
vn 0.71520000 0.68730000 0.12700000
vn 0.53680000 0.81790000 -0.20710000
vn 0.50600000 0.83680000 -0.20900000
vn 0.50830000 0.83560000 -0.20850000
vn 0.53630000 0.81870000 -0.20530000
vn 0.58440000 0.78650000 -0.19990000
vn 0.64700000 0.73770000 -0.19270000
vn 0.71830000 0.67100000 -0.18390000
vn 0.43030000 0.75320000 -0.49760000
vn 0.41640000 0.75420000 -0.50770000
vn 0.43010000 0.74260000 -0.51330000
vn 0.46500000 0.72100000 -0.51370000
vn 0.51590000 0.68850000 -0.50970000
vn 0.57810000 0.64310000 -0.50220000
vn 0.64660000 0.58310000 -0.49190000
vn 0.32610000 0.65810000 -0.67870000
vn 0.32580000 0.64630000 -0.69000000
vn 0.34650000 0.62770000 -0.69710000
vn 0.38350000 0.60380000 -0.69880000
vn 0.43280000 0.57330000 -0.69570000
vn 0.49080000 0.53370000 -0.68870000
vn 0.55350000 0.48310000 -0.67840000
vn 0.25190000 0.57970000 -0.77490000
vn 0.26160000 0.56230000 -0.78450000
vn 0.28690000 0.54150000 -0.79020000
vn 0.32450000 0.51800000 -0.79140000
vn 0.37170000 0.48990000 -0.78860000
vn 0.42570000 0.45490000 -0.78220000
vn 0.48340000 0.41150000 -0.77270000
vn 0.20300000 0.52340000 -0.82750000
vn 0.21970000 0.50430000 -0.83510000
vn 0.24840000 0.48420000 -0.83900000
vn 0.28650000 0.46220000 -0.83920000
vn 0.33180000 0.43630000 -0.83640000
vn 0.38270000 0.40460000 -0.83060000
vn 0.43660000 0.36580000 -0.82190000
vn 0.17010000 0.48330000 -0.85880000
vn 0.19270000 0.46480000 -0.86420000
vn 0.22380000 0.44640000 -0.86640000
vn 0.26180000 0.42610000 -0.86600000
vn 0.30570000 0.40190000 -0.86320000
vn 0.35400000 0.37230000 -0.85790000
vn 0.40520000 0.33680000 -0.85000000
vn -0.80730000 0.59010000 -0.00360000
vn -0.76620000 0.64170000 0.03390000
vn -0.72520000 0.68420000 0.07690000
vn -0.68460000 0.71840000 0.12310000
vn -0.64460000 0.74540000 0.17000000
vn -0.60550000 0.76630000 0.21480000
vn -0.56720000 0.78300000 0.25540000
vn -0.80290000 0.58570000 -0.11100000
vn -0.76670000 0.63920000 -0.05970000
vn -0.72970000 0.68370000 -0.00310000
vn -0.69200000 0.71980000 0.05540000
vn -0.65380000 0.74830000 0.11220000
vn -0.61560000 0.77080000 0.16370000
vn -0.57790000 0.78940000 0.20720000
vn -0.77290000 0.56520000 -0.28820000
vn -0.74980000 0.62430000 -0.21900000
vn -0.72370000 0.67500000 -0.14330000
vn -0.69400000 0.71690000 -0.06590000
vn -0.66100000 0.75040000 0.00700000
vn -0.62560000 0.77700000 0.06950000
vn -0.58920000 0.79940000 0.11760000
vn -0.69440000 0.51160000 -0.50610000
vn -0.69360000 0.57910000 -0.42840000
vn -0.68820000 0.64100000 -0.33980000
vn -0.67570000 0.69500000 -0.24580000
vn -0.65500000 0.73940000 -0.15540000
vn -0.62700000 0.77490000 -0.07930000
vn -0.59390000 0.80410000 -0.02590000
vn -0.56630000 0.42270000 -0.70750000
vn -0.58710000 0.49410000 -0.64120000
vn -0.60540000 0.56590000 -0.55970000
vn -0.61670000 0.63440000 -0.46620000
vn -0.61700000 0.69510000 -0.36900000
vn -0.60450000 0.74530000 -0.28120000
vn -0.57920000 0.78500000 -0.21970000
vn -0.41990000 0.32010000 -0.84930000
vn -0.44960000 0.38430000 -0.80630000
vn -0.48110000 0.45500000 -0.74930000
vn -0.51040000 0.52980000 -0.67740000
vn -0.53200000 0.60340000 -0.59400000
vn -0.54070000 0.66980000 -0.50890000
vn -0.53120000 0.72370000 -0.44050000
vn -0.28880000 0.22830000 -0.92980000
vn -0.31530000 0.27790000 -0.90740000
vn -0.34580000 0.33600000 -0.87610000
vn -0.37860000 0.40320000 -0.83310000
vn -0.41000000 0.47670000 -0.77760000
vn -0.43400000 0.54990000 -0.71360000
vn -0.44470000 0.61410000 -0.65200000
vn -0.99880000 0.01880000 -0.04550000
vn -0.99880000 0.00940000 -0.04770000
vn -0.99880000 -0.00100000 -0.04970000
vn -0.99860000 -0.01170000 -0.05150000
vn -0.99830000 -0.02250000 -0.05330000
vn -0.99790000 -0.03320000 -0.05530000
vn -0.99740000 -0.04370000 -0.05760000
vn -0.98630000 0.03080000 -0.16220000
vn -0.98630000 0.01600000 -0.16410000
vn -0.98610000 0.00130000 -0.16610000
vn -0.98560000 -0.01330000 -0.16860000
vn -0.98470000 -0.02740000 -0.17210000
vn -0.98340000 -0.04110000 -0.17680000
vn -0.98160000 -0.05430000 -0.18310000
vn -0.93550000 0.04960000 -0.34970000
vn -0.93600000 0.02650000 -0.35100000
vn -0.93560000 0.00490000 -0.35300000
vn -0.93430000 -0.01540000 -0.35620000
vn -0.93170000 -0.03450000 -0.36160000
vn -0.92770000 -0.05250000 -0.36950000
vn -0.92210000 -0.06980000 -0.38050000
vn -0.81950000 0.07060000 -0.56880000
vn -0.82080000 0.03830000 -0.56990000
vn -0.82050000 0.00910000 -0.57160000
vn -0.81800000 -0.01740000 -0.57490000
vn -0.81300000 -0.04160000 -0.58070000
vn -0.80510000 -0.06400000 -0.58970000
vn -0.79400000 -0.08470000 -0.60200000
vn -0.64810000 0.08750000 -0.75650000
vn -0.65030000 0.04790000 -0.75820000
vn -0.65020000 0.01280000 -0.75970000
vn -0.64710000 -0.01840000 -0.76210000
vn -0.64070000 -0.04620000 -0.76640000
vn -0.63030000 -0.07130000 -0.77300000
vn -0.61590000 -0.09400000 -0.78220000
vn -0.46850000 0.09750000 -0.87810000
vn -0.47090000 0.05370000 -0.88060000
vn -0.47100000 0.01540000 -0.88200000
vn -0.46820000 -0.01820000 -0.88340000
vn -0.46210000 -0.04780000 -0.88550000
vn -0.45240000 -0.07400000 -0.88870000
vn -0.43900000 -0.09720000 -0.89320000
vn -0.31770000 0.10200000 -0.94270000
vn -0.31960000 0.05640000 -0.94590000
vn -0.31980000 0.01680000 -0.94730000
vn -0.31770000 -0.01760000 -0.94800000
vn -0.31310000 -0.04760000 -0.94850000
vn -0.30560000 -0.07380000 -0.94930000
vn -0.29540000 -0.09690000 -0.95050000
vn -0.97140000 0.21550000 -0.09940000
vn -0.96450000 0.24560000 -0.09710000
vn -0.95550000 0.27970000 -0.09390000
vn -0.94370000 0.31840000 -0.08920000
vn -0.92840000 0.36250000 -0.08220000
vn -0.90820000 0.41240000 -0.07170000
vn -0.88150000 0.46880000 -0.05620000
vn -0.93460000 0.21190000 -0.28560000
vn -0.93020000 0.24110000 -0.27680000
vn -0.92400000 0.27450000 -0.26630000
vn -0.91550000 0.31260000 -0.25340000
vn -0.90380000 0.35620000 -0.23730000
vn -0.88790000 0.40590000 -0.21670000
vn -0.86620000 0.46230000 -0.18980000
vn -0.81970000 0.19260000 -0.53940000
vn -0.82200000 0.21950000 -0.52550000
vn -0.82340000 0.25080000 -0.50900000
vn -0.82360000 0.28710000 -0.48920000
vn -0.82180000 0.32940000 -0.46490000
vn -0.81710000 0.37850000 -0.43470000
vn -0.80810000 0.43560000 -0.39650000
vn -0.63230000 0.15610000 -0.75880000
vn -0.64110000 0.17860000 -0.74640000
vn -0.65050000 0.20530000 -0.73120000
vn -0.66030000 0.23720000 -0.71260000
vn -0.67010000 0.27540000 -0.68930000
vn -0.67940000 0.32130000 -0.65970000
vn -0.68730000 0.37660000 -0.62110000
vn -0.44170000 0.11660000 -0.88960000
vn -0.45210000 0.13330000 -0.88190000
vn -0.46390000 0.15360000 -0.87250000
vn -0.47710000 0.17860000 -0.86050000
vn -0.49190000 0.20930000 -0.84510000
vn -0.50850000 0.24750000 -0.82470000
vn -0.52660000 0.29550000 -0.79710000
vn -0.29420000 0.08500000 -0.95200000
vn -0.30280000 0.09640000 -0.94820000
vn -0.31270000 0.11070000 -0.94340000
vn -0.32420000 0.12840000 -0.93720000
vn -0.33770000 0.15080000 -0.92910000
vn -0.35350000 0.17920000 -0.91810000
vn -0.37210000 0.21590000 -0.90270000
vn -0.19110000 0.06260000 -0.97960000
vn -0.19720000 0.07010000 -0.97780000
vn -0.20440000 0.07960000 -0.97570000
vn -0.21280000 0.09160000 -0.97280000
vn -0.22270000 0.10690000 -0.96900000
vn -0.23470000 0.12660000 -0.96380000
vn -0.24920000 0.15250000 -0.95640000
vn 0.00520000 0.21640000 -0.97630000
vn 0.01730000 0.22090000 -0.97510000
vn 0.03830000 0.23210000 -0.97190000
vn 0.06980000 0.25310000 -0.96490000
vn 0.11080000 0.28520000 -0.95200000
vn 0.16310000 0.33000000 -0.92980000
vn 0.23040000 0.38850000 -0.89220000
vn 0.00390000 0.15730000 -0.98750000
vn 0.01300000 0.16050000 -0.98690000
vn 0.02910000 0.16860000 -0.98530000
vn 0.05350000 0.18440000 -0.98140000
vn 0.08740000 0.21010000 -0.97380000
vn 0.13490000 0.25000000 -0.95880000
vn 0.20600000 0.31480000 -0.92650000
vn 0.00320000 0.11860000 -0.99290000
vn 0.01060000 0.12100000 -0.99260000
vn 0.02380000 0.12710000 -0.99160000
vn 0.04400000 0.13930000 -0.98930000
vn 0.07340000 0.16040000 -0.98430000
vn 0.11670000 0.19550000 -0.97370000
vn 0.18300000 0.25430000 -0.94970000
vn 0.00270000 0.09200000 -0.99580000
vn 0.00910000 0.09380000 -0.99550000
vn 0.02040000 0.09870000 -0.99490000
vn 0.03800000 0.10850000 -0.99340000
vn 0.06400000 0.12590000 -0.99000000
vn 0.10280000 0.15560000 -0.98240000
vn 0.16260000 0.20570000 -0.96500000
vn 0.00240000 0.07310000 -0.99730000
vn 0.00810000 0.07460000 -0.99720000
vn 0.01810000 0.07860000 -0.99670000
vn 0.03370000 0.08660000 -0.99570000
vn 0.05690000 0.10110000 -0.99330000
vn 0.09160000 0.12570000 -0.98780000
vn 0.14520000 0.16720000 -0.97520000
vn 0.00220000 0.05950000 -0.99820000
vn 0.00720000 0.06080000 -0.99810000
vn 0.01630000 0.06410000 -0.99780000
vn 0.03030000 0.07070000 -0.99700000
vn 0.05120000 0.08260000 -0.99530000
vn 0.08240000 0.10290000 -0.99130000
vn 0.13060000 0.13700000 -0.98190000
vn 0.00200000 0.04970000 -0.99880000
vn 0.00660000 0.05070000 -0.99870000
vn 0.01480000 0.05340000 -0.99850000
vn 0.02750000 0.05890000 -0.99790000
vn 0.04650000 0.06870000 -0.99660000
vn 0.07480000 0.08520000 -0.99360000
vn 0.11850000 0.11280000 -0.98650000
vn 0.00120000 0.13600000 0.99070000
vn 0.00410000 0.13590000 0.99070000
vn 0.00920000 0.13580000 0.99070000
vn 0.01700000 0.13540000 0.99060000
vn 0.02880000 0.13480000 0.99050000
vn 0.04640000 0.13360000 0.98990000
vn 0.07370000 0.13160000 0.98860000
vn 0.00120000 0.12760000 0.99180000
vn 0.00400000 0.12760000 0.99180000
vn 0.00890000 0.12740000 0.99180000
vn 0.01660000 0.12710000 0.99180000
vn 0.02810000 0.12640000 0.99160000
vn 0.04530000 0.12530000 0.99110000
vn 0.07200000 0.12330000 0.98980000
vn 0.00120000 0.11720000 0.99310000
vn 0.00390000 0.11710000 0.99310000
vn 0.00880000 0.11690000 0.99310000
vn 0.01630000 0.11660000 0.99300000
vn 0.02760000 0.11590000 0.99290000
vn 0.04440000 0.11480000 0.99240000
vn 0.07060000 0.11290000 0.99110000
vn 0.00120000 0.10440000 0.99450000
vn 0.00380000 0.10440000 0.99450000
vn 0.00860000 0.10420000 0.99450000
vn 0.01610000 0.10380000 0.99450000
vn 0.02720000 0.10320000 0.99430000
vn 0.04370000 0.10210000 0.99380000
vn 0.06950000 0.10020000 0.99250000
vn 0.00110000 0.09000000 0.99590000
vn 0.00380000 0.08990000 0.99590000
vn 0.00850000 0.08970000 0.99590000
vn 0.01590000 0.08940000 0.99590000
vn 0.02680000 0.08880000 0.99570000
vn 0.04320000 0.08770000 0.99520000
vn 0.06860000 0.08580000 0.99400000
vn 0.00110000 0.07560000 0.99710000
vn 0.00380000 0.07550000 0.99710000
vn 0.00840000 0.07540000 0.99710000
vn 0.01570000 0.07500000 0.99710000
vn 0.02650000 0.07440000 0.99690000
vn 0.04270000 0.07330000 0.99640000
vn 0.06780000 0.07150000 0.99510000
vn 0.00110000 0.06450000 0.99790000
vn 0.00370000 0.06450000 0.99790000
vn 0.00830000 0.06430000 0.99790000
vn 0.01550000 0.06400000 0.99780000
vn 0.02630000 0.06340000 0.99760000
vn 0.04230000 0.06240000 0.99720000
vn 0.06720000 0.06060000 0.99590000
vn 0.00130000 -0.03400000 0.99940000
vn 0.00420000 -0.03380000 0.99940000
vn 0.00940000 -0.03320000 0.99940000
vn 0.01750000 -0.03200000 0.99930000
vn 0.02970000 -0.02990000 0.99910000
vn 0.04780000 -0.02640000 0.99850000
vn 0.07590000 -0.02050000 0.99690000
vn 0.00130000 -0.03430000 0.99940000
vn 0.00430000 -0.03410000 0.99940000
vn 0.00970000 -0.03340000 0.99940000
vn 0.01810000 -0.03200000 0.99930000
vn 0.03070000 -0.02950000 0.99910000
vn 0.04940000 -0.02540000 0.99850000
vn 0.07850000 -0.01840000 0.99670000
vn 0.00140000 -0.03490000 0.99940000
vn 0.00450000 -0.03460000 0.99940000
vn 0.01010000 -0.03380000 0.99940000
vn 0.01890000 -0.03220000 0.99930000
vn 0.03190000 -0.02920000 0.99910000
vn 0.05130000 -0.02430000 0.99840000
vn 0.08160000 -0.01600000 0.99650000
vn 0.00140000 -0.03580000 0.99940000
vn 0.00470000 -0.03550000 0.99940000
vn 0.01060000 -0.03450000 0.99930000
vn 0.01970000 -0.03250000 0.99930000
vn 0.03330000 -0.02900000 0.99900000
vn 0.05360000 -0.02300000 0.99830000
vn 0.08520000 -0.01300000 0.99630000
vn 0.00150000 -0.03710000 0.99930000
vn 0.00490000 -0.03660000 0.99930000
vn 0.01110000 -0.03540000 0.99930000
vn 0.02070000 -0.03300000 0.99920000
vn 0.03500000 -0.02870000 0.99900000
vn 0.05640000 -0.02150000 0.99820000
vn 0.08950000 -0.00930000 0.99590000
vn 0.00160000 -0.03880000 0.99920000
vn 0.00520000 -0.03820000 0.99930000
vn 0.01180000 -0.03670000 0.99930000
vn 0.02190000 -0.03380000 0.99920000
vn 0.03700000 -0.02840000 0.99890000
vn 0.05970000 -0.01950000 0.99800000
vn 0.09470000 -0.00440000 0.99550000
vn 0.00170000 -0.04100000 0.99920000
vn 0.00560000 -0.04030000 0.99920000
vn 0.01260000 -0.03850000 0.99920000
vn 0.02340000 -0.03470000 0.99910000
vn 0.03960000 -0.02800000 0.99880000
vn 0.06370000 -0.01670000 0.99780000
vn 0.10100000 0.00230000 0.99490000
vn 0.00110000 -0.06920000 -0.99760000
vn 0.00370000 -0.06920000 -0.99760000
vn 0.00830000 -0.06940000 -0.99760000
vn 0.01550000 -0.06970000 -0.99740000
vn 0.02630000 -0.07030000 -0.99720000
vn 0.04230000 -0.07120000 -0.99660000
vn 0.06720000 -0.07280000 -0.99510000
vn 0.00110000 -0.08040000 -0.99680000
vn 0.00380000 -0.08040000 -0.99680000
vn 0.00840000 -0.08060000 -0.99670000
vn 0.01570000 -0.08090000 -0.99660000
vn 0.02650000 -0.08150000 -0.99630000
vn 0.04270000 -0.08250000 -0.99570000
vn 0.06780000 -0.08410000 -0.99410000
vn 0.00110000 -0.09490000 -0.99550000
vn 0.00380000 -0.09490000 -0.99550000
vn 0.00850000 -0.09510000 -0.99540000
vn 0.01590000 -0.09540000 -0.99530000
vn 0.02680000 -0.09600000 -0.99500000
vn 0.04320000 -0.09700000 -0.99430000
vn 0.06860000 -0.09870000 -0.99280000
vn 0.00120000 -0.10950000 -0.99400000
vn 0.00380000 -0.10950000 -0.99400000
vn 0.00860000 -0.10970000 -0.99390000
vn 0.01610000 -0.11000000 -0.99380000
vn 0.02720000 -0.11060000 -0.99350000
vn 0.04370000 -0.11160000 -0.99280000
vn 0.06940000 -0.11320000 -0.99110000
vn 0.00120000 -0.12230000 -0.99250000
vn 0.00390000 -0.12240000 -0.99250000
vn 0.00880000 -0.12260000 -0.99240000
vn 0.01630000 -0.12290000 -0.99230000
vn 0.02760000 -0.12350000 -0.99200000
vn 0.04440000 -0.12440000 -0.99120000
vn 0.07050000 -0.12600000 -0.98950000
vn 0.00120000 -0.13290000 -0.99110000
vn 0.00400000 -0.13300000 -0.99110000
vn 0.00890000 -0.13310000 -0.99110000
vn 0.01660000 -0.13350000 -0.99090000
vn 0.02810000 -0.13400000 -0.99060000
vn 0.04530000 -0.13500000 -0.98980000
vn 0.07190000 -0.13650000 -0.98800000
vn 0.00120000 -0.14130000 -0.99000000
vn 0.00410000 -0.14140000 -0.98990000
vn 0.00920000 -0.14160000 -0.98990000
vn 0.01700000 -0.14190000 -0.98970000
vn 0.02880000 -0.14240000 -0.98940000
vn 0.04630000 -0.14340000 -0.98860000
vn 0.07360000 -0.14490000 -0.98670000
vn -0.99290000 -0.08620000 -0.08180000
vn -0.95780000 -0.11110000 -0.26490000
vn -0.84380000 -0.14060000 -0.51790000
vn -0.65350000 -0.15990000 -0.73980000
vn -0.45750000 -0.16550000 -0.87370000
vn -0.30490000 -0.16400000 -0.93820000
vn -0.19800000 -0.16060000 -0.96690000
vn -0.99330000 -0.08410000 -0.07910000
vn -0.96070000 -0.10840000 -0.25550000
vn -0.85310000 -0.13800000 -0.50320000
vn -0.66840000 -0.15840000 -0.72670000
vn -0.47250000 -0.16530000 -0.86570000
vn -0.31660000 -0.16450000 -0.93420000
vn -0.20620000 -0.16140000 -0.96510000
vn -0.99380000 -0.08130000 -0.07610000
vn -0.96380000 -0.10460000 -0.24510000
vn -0.86330000 -0.13370000 -0.48670000
vn -0.68530000 -0.15490000 -0.71160000
vn -0.48990000 -0.16290000 -0.85640000
vn -0.33050000 -0.16280000 -0.92970000
vn -0.21600000 -0.16000000 -0.96320000
vn -0.99430000 -0.07800000 -0.07290000
vn -0.96710000 -0.09980000 -0.23410000
vn -0.87400000 -0.12790000 -0.46870000
vn -0.70380000 -0.14950000 -0.69450000
vn -0.50960000 -0.15860000 -0.84570000
vn -0.34650000 -0.15920000 -0.92450000
vn -0.22730000 -0.15670000 -0.96110000
vn -0.99480000 -0.07380000 -0.06960000
vn -0.97040000 -0.09390000 -0.22270000
vn -0.88500000 -0.12060000 -0.44970000
vn -0.72330000 -0.14210000 -0.67580000
vn -0.53110000 -0.15210000 -0.83350000
vn -0.36430000 -0.15350000 -0.91850000
vn -0.24010000 -0.15140000 -0.95890000
vn -0.99540000 -0.06870000 -0.06630000
vn -0.97350000 -0.08680000 -0.21140000
vn -0.89580000 -0.11150000 -0.43030000
vn -0.74300000 -0.13250000 -0.65600000
vn -0.55380000 -0.14310000 -0.82030000
vn -0.38360000 -0.14530000 -0.91200000
vn -0.25410000 -0.14360000 -0.95650000
vn -0.99610000 -0.06210000 -0.06310000
vn -0.97660000 -0.07800000 -0.20060000
vn -0.90590000 -0.10020000 -0.41160000
vn -0.76210000 -0.12000000 -0.63620000
vn -0.57640000 -0.13090000 -0.80660000
vn -0.40330000 -0.13360000 -0.90520000
vn -0.26860000 -0.13240000 -0.95410000
vn -0.99430000 0.02280000 -0.10380000
vn -0.99360000 0.04350000 -0.10430000
vn -0.99230000 0.06560000 -0.10460000
vn -0.99050000 0.08910000 -0.10460000
vn -0.98800000 0.11350000 -0.10430000
vn -0.98490000 0.13850000 -0.10370000
vn -0.98120000 0.16360000 -0.10260000
vn -0.94730000 0.01870000 -0.31970000
vn -0.94710000 0.04060000 -0.31850000
vn -0.94650000 0.06360000 -0.31650000
vn -0.94550000 0.08750000 -0.31370000
vn -0.94410000 0.11210000 -0.30990000
vn -0.94240000 0.13690000 -0.30530000
vn -0.94030000 0.16160000 -0.29960000
vn -0.80370000 0.01140000 -0.59490000
vn -0.80490000 0.03300000 -0.59250000
vn -0.80630000 0.05540000 -0.58890000
vn -0.80790000 0.07820000 -0.58400000
vn -0.80980000 0.10130000 -0.57790000
vn -0.81190000 0.12430000 -0.57040000
vn -0.81430000 0.14680000 -0.56160000
vn -0.59120000 0.00300000 -0.80650000
vn -0.59360000 0.02240000 -0.80450000
vn -0.59670000 0.04210000 -0.80140000
vn -0.60040000 0.06180000 -0.79730000
vn -0.60500000 0.08140000 -0.79210000
vn -0.61040000 0.10050000 -0.78570000
vn -0.61670000 0.11890000 -0.77810000
vn -0.39780000 -0.00360000 -0.91740000
vn -0.40020000 0.01300000 -0.91630000
vn -0.40330000 0.02940000 -0.91460000
vn -0.40720000 0.04550000 -0.91220000
vn -0.41200000 0.06090000 -0.90910000
vn -0.41770000 0.07570000 -0.90540000
vn -0.42450000 0.08950000 -0.90100000
vn -0.25950000 -0.00800000 -0.96570000
vn -0.26130000 0.00630000 -0.96520000
vn -0.26370000 0.02000000 -0.96440000
vn -0.26680000 0.03310000 -0.96320000
vn -0.27050000 0.04530000 -0.96170000
vn -0.27500000 0.05650000 -0.95980000
vn -0.28040000 0.06650000 -0.95760000
vn -0.16690000 -0.01080000 -0.98590000
vn -0.16820000 0.00170000 -0.98580000
vn -0.16980000 0.01360000 -0.98540000
vn -0.17200000 0.02450000 -0.98480000
vn -0.17460000 0.03440000 -0.98400000
vn -0.17770000 0.04310000 -0.98310000
vn -0.18140000 0.05040000 -0.98210000
vn 0.00170000 0.03750000 -0.99930000
vn 0.00560000 0.03820000 -0.99930000
vn 0.01260000 0.03990000 -0.99910000
vn 0.02340000 0.04340000 -0.99880000
vn 0.03950000 0.04960000 -0.99800000
vn 0.06350000 0.06020000 -0.99620000
vn 0.10070000 0.07780000 -0.99190000
vn 0.00160000 0.03360000 -0.99940000
vn 0.00520000 0.03410000 -0.99940000
vn 0.01180000 0.03550000 -0.99930000
vn 0.02190000 0.03830000 -0.99900000
vn 0.03700000 0.04340000 -0.99840000
vn 0.05950000 0.05180000 -0.99690000
vn 0.09430000 0.06600000 -0.99340000
vn 0.00150000 0.03050000 -0.99950000
vn 0.00490000 0.03100000 -0.99950000
vn 0.01110000 0.03210000 -0.99940000
vn 0.02070000 0.03440000 -0.99920000
vn 0.03500000 0.03850000 -0.99860000
vn 0.05620000 0.04550000 -0.99740000
vn 0.08920000 0.05710000 -0.99440000
vn 0.00140000 0.02820000 -0.99960000
vn 0.00470000 0.02860000 -0.99960000
vn 0.01060000 0.02950000 -0.99950000
vn 0.01970000 0.03140000 -0.99930000
vn 0.03330000 0.03490000 -0.99880000
vn 0.05350000 0.04060000 -0.99770000
vn 0.08490000 0.05020000 -0.99510000
vn 0.00140000 0.02650000 -0.99960000
vn 0.00450000 0.02680000 -0.99960000
vn 0.01010000 0.02760000 -0.99960000
vn 0.01890000 0.02920000 -0.99940000
vn 0.03190000 0.03210000 -0.99900000
vn 0.05130000 0.03690000 -0.99800000
vn 0.08130000 0.04490000 -0.99570000
vn 0.00130000 0.02530000 -0.99970000
vn 0.00430000 0.02560000 -0.99970000
vn 0.00970000 0.02630000 -0.99960000
vn 0.01820000 0.02760000 -0.99950000
vn 0.03070000 0.03000000 -0.99910000
vn 0.04940000 0.03410000 -0.99820000
vn 0.07830000 0.04090000 -0.99610000
vn 0.00130000 0.02460000 -0.99970000
vn 0.00420000 0.02490000 -0.99970000
vn 0.00940000 0.02540000 -0.99960000
vn 0.01760000 0.02660000 -0.99950000
vn 0.02970000 0.02870000 -0.99910000
vn 0.04770000 0.03210000 -0.99830000
vn 0.07580000 0.03780000 -0.99640000
vn 0.00110000 -0.03520000 -0.99940000
vn 0.00360000 -0.03520000 -0.99940000
vn 0.00810000 -0.03520000 -0.99930000
vn 0.01510000 -0.03520000 -0.99930000
vn 0.02550000 -0.03520000 -0.99910000
vn 0.04100000 -0.03520000 -0.99850000
vn 0.06510000 -0.03520000 -0.99730000
vn 0.00110000 -0.04320000 -0.99910000
vn 0.00360000 -0.04320000 -0.99910000
vn 0.00810000 -0.04320000 -0.99900000
vn 0.01500000 -0.04330000 -0.99900000
vn 0.02540000 -0.04340000 -0.99870000
vn 0.04090000 -0.04360000 -0.99820000
vn 0.06500000 -0.04390000 -0.99690000
vn 0.00110000 -0.04960000 -0.99880000
vn 0.00360000 -0.04960000 -0.99880000
vn 0.00810000 -0.04970000 -0.99870000
vn 0.01500000 -0.04980000 -0.99860000
vn 0.02540000 -0.05000000 -0.99840000
vn 0.04100000 -0.05030000 -0.99790000
vn 0.06510000 -0.05090000 -0.99660000
vn 0.00110000 -0.05460000 -0.99850000
vn 0.00360000 -0.05470000 -0.99850000
vn 0.00810000 -0.05470000 -0.99850000
vn 0.01510000 -0.05490000 -0.99840000
vn 0.02550000 -0.05520000 -0.99820000
vn 0.04100000 -0.05570000 -0.99760000
vn 0.06520000 -0.05650000 -0.99630000
vn 0.00110000 -0.05840000 -0.99830000
vn 0.00360000 -0.05850000 -0.99830000
vn 0.00810000 -0.05860000 -0.99830000
vn 0.01510000 -0.05880000 -0.99820000
vn 0.02560000 -0.05910000 -0.99790000
vn 0.04120000 -0.05970000 -0.99740000
vn 0.06540000 -0.06080000 -0.99600000
vn 0.00110000 -0.06110000 -0.99810000
vn 0.00360000 -0.06120000 -0.99810000
vn 0.00820000 -0.06130000 -0.99810000
vn 0.01520000 -0.06150000 -0.99800000
vn 0.02570000 -0.06190000 -0.99780000
vn 0.04140000 -0.06260000 -0.99720000
vn 0.06580000 -0.06380000 -0.99580000
vn 0.00110000 -0.06270000 -0.99800000
vn 0.00370000 -0.06270000 -0.99800000
vn 0.00820000 -0.06290000 -0.99800000
vn 0.01530000 -0.06310000 -0.99790000
vn 0.02590000 -0.06360000 -0.99760000
vn 0.04170000 -0.06440000 -0.99710000
vn 0.06620000 -0.06580000 -0.99560000
vn -0.99470000 -0.01280000 -0.10220000
vn -0.94730000 -0.01960000 -0.31990000
vn -0.80220000 -0.02750000 -0.59650000
vn -0.58850000 -0.03270000 -0.80790000
vn -0.39520000 -0.03480000 -0.91800000
vn -0.25750000 -0.03530000 -0.96560000
vn -0.16550000 -0.03540000 -0.98560000
vn -0.99450000 -0.02720000 -0.10120000
vn -0.94710000 -0.03500000 -0.31910000
vn -0.80180000 -0.04320000 -0.59600000
vn -0.58800000 -0.04710000 -0.80750000
vn -0.39470000 -0.04740000 -0.91760000
vn -0.25720000 -0.04640000 -0.96530000
vn -0.16530000 -0.04530000 -0.98520000
vn -0.99420000 -0.03960000 -0.10020000
vn -0.94690000 -0.04820000 -0.31800000
vn -0.80180000 -0.05640000 -0.59490000
vn -0.58810000 -0.05910000 -0.80660000
vn -0.39490000 -0.05780000 -0.91690000
vn -0.25730000 -0.05550000 -0.96470000
vn -0.16540000 -0.05340000 -0.98480000
vn -0.99380000 -0.05020000 -0.09920000
vn -0.94670000 -0.05950000 -0.31650000
vn -0.80220000 -0.06750000 -0.59320000
vn -0.58880000 -0.06910000 -0.80530000
vn -0.39550000 -0.06640000 -0.91600000
vn -0.25780000 -0.06280000 -0.96420000
vn -0.16570000 -0.06000000 -0.98440000
vn -0.99340000 -0.05940000 -0.09820000
vn -0.94670000 -0.06900000 -0.31470000
vn -0.80290000 -0.07690000 -0.59110000
vn -0.59010000 -0.07740000 -0.80360000
vn -0.39670000 -0.07330000 -0.91500000
vn -0.25860000 -0.06870000 -0.96350000
vn -0.16630000 -0.06510000 -0.98390000
vn -0.99300000 -0.06730000 -0.09720000
vn -0.94670000 -0.07710000 -0.31270000
vn -0.80400000 -0.08450000 -0.58860000
vn -0.59180000 -0.08400000 -0.80170000
vn -0.39830000 -0.07880000 -0.91390000
vn -0.25980000 -0.07320000 -0.96290000
vn -0.16710000 -0.06890000 -0.98350000
vn -0.99260000 -0.07400000 -0.09610000
vn -0.94690000 -0.08380000 -0.31040000
vn -0.80540000 -0.09070000 -0.58580000
vn -0.59400000 -0.08920000 -0.79950000
vn -0.40030000 -0.08280000 -0.91260000
vn -0.26130000 -0.07640000 -0.96220000
vn -0.16810000 -0.07150000 -0.98320000
vn 0.99200000 -0.08450000 -0.09420000
vn 0.99170000 -0.08810000 -0.09330000
vn 0.99160000 -0.09010000 -0.09220000
vn 0.99170000 -0.09090000 -0.09110000
vn 0.99180000 -0.09070000 -0.08980000
vn 0.99200000 -0.09000000 -0.08820000
vn 0.99230000 -0.08900000 -0.08640000
vn 0.94740000 -0.09510000 -0.30570000
vn 0.94770000 -0.10080000 -0.30300000
vn 0.94820000 -0.10580000 -0.29970000
vn 0.94890000 -0.10940000 -0.29590000
vn 0.95000000 -0.11170000 -0.29150000
vn 0.95140000 -0.11280000 -0.28640000
vn 0.95320000 -0.11310000 -0.28040000
vn 0.80860000 -0.10240000 -0.57930000
vn 0.81040000 -0.11080000 -0.57530000
vn 0.81260000 -0.11960000 -0.57030000
vn 0.81550000 -0.12730000 -0.56460000
vn 0.81910000 -0.13320000 -0.55800000
vn 0.82350000 -0.13730000 -0.55040000
vn 0.82910000 -0.14000000 -0.54140000
vn 0.59920000 -0.10030000 -0.79430000
vn 0.60220000 -0.11070000 -0.79070000
vn 0.60570000 -0.12260000 -0.78620000
vn 0.61010000 -0.13380000 -0.78100000
vn 0.61550000 -0.14300000 -0.77510000
vn 0.62220000 -0.15010000 -0.76830000
vn 0.63060000 -0.15530000 -0.76040000
vn 0.40520000 -0.09280000 -0.90950000
vn 0.40810000 -0.10410000 -0.90700000
vn 0.41150000 -0.11770000 -0.90380000
vn 0.41560000 -0.13070000 -0.90010000
vn 0.42080000 -0.14190000 -0.89600000
vn 0.42710000 -0.15090000 -0.89150000
vn 0.43510000 -0.15790000 -0.88640000
vn 0.26500000 -0.08530000 -0.96050000
vn 0.26720000 -0.09680000 -0.95880000
vn 0.26980000 -0.11100000 -0.95650000
vn 0.27290000 -0.12500000 -0.95390000
vn 0.27670000 -0.13710000 -0.95110000
vn 0.28160000 -0.14700000 -0.94820000
vn 0.28760000 -0.15480000 -0.94510000
vn 0.17060000 -0.07950000 -0.98210000
vn 0.17210000 -0.09100000 -0.98090000
vn 0.17390000 -0.10550000 -0.97910000
vn 0.17600000 -0.11980000 -0.97710000
vn 0.17870000 -0.13240000 -0.97500000
vn 0.18200000 -0.14260000 -0.97290000
vn 0.18610000 -0.15080000 -0.97090000
vn 0.00200000 -0.04530000 0.99900000
vn 0.00660000 -0.04410000 0.99900000
vn 0.01480000 -0.04110000 0.99900000
vn 0.02760000 -0.03490000 0.99900000
vn 0.04650000 -0.02390000 0.99860000
vn 0.07470000 -0.00540000 0.99720000
vn 0.11800000 0.02540000 0.99270000
vn 0.00220000 -0.04350000 0.99910000
vn 0.00730000 -0.04200000 0.99910000
vn 0.01630000 -0.03820000 0.99910000
vn 0.03030000 -0.03050000 0.99910000
vn 0.05110000 -0.01670000 0.99860000
vn 0.08200000 0.00640000 0.99660000
vn 0.12890000 0.04460000 0.99060000
vn 0.00240000 -0.03670000 0.99930000
vn 0.00810000 -0.03490000 0.99940000
vn 0.01810000 -0.03010000 0.99940000
vn 0.03370000 -0.02060000 0.99920000
vn 0.05660000 -0.00380000 0.99840000
vn 0.09030000 0.02440000 0.99560000
vn 0.14130000 0.07070000 0.98740000
vn 0.00270000 -0.02280000 0.99970000
vn 0.00910000 -0.02060000 0.99970000
vn 0.02040000 -0.01480000 0.99970000
vn 0.03770000 -0.00320000 0.99930000
vn 0.06300000 0.01720000 0.99790000
vn 0.09990000 0.05080000 0.99370000
vn 0.15480000 0.10540000 0.98230000
vn 0.00320000 0.00090000 1.00000000
vn 0.01050000 0.00370000 0.99990000
vn 0.02340000 0.01090000 0.99970000
vn 0.04300000 0.02510000 0.99880000
vn 0.07090000 0.04910000 0.99630000
vn 0.11060000 0.08760000 0.99000000
vn 0.16870000 0.14940000 0.97430000
vn 0.00380000 0.03880000 0.99920000
vn 0.01250000 0.04230000 0.99900000
vn 0.02770000 0.05140000 0.99830000
vn 0.05050000 0.06880000 0.99640000
vn 0.08140000 0.09660000 0.99200000
vn 0.12300000 0.13830000 0.98270000
vn 0.18210000 0.20300000 0.96210000
vn 0.00480000 0.09730000 0.99520000
vn 0.01570000 0.10190000 0.99470000
vn 0.03470000 0.11330000 0.99300000
vn 0.06230000 0.13460000 0.98890000
vn 0.09740000 0.16660000 0.98120000
vn 0.14050000 0.21010000 0.96750000
vn 0.19410000 0.26610000 0.94420000
vn -0.00270000 -0.21530000 0.97650000
vn -0.00800000 -0.21560000 0.97640000
vn -0.01680000 -0.21590000 0.97630000
vn -0.03010000 -0.21590000 0.97590000
vn -0.04970000 -0.21560000 0.97520000
vn -0.07900000 -0.21450000 0.97350000
vn -0.12440000 -0.21220000 0.96930000
vn -0.00420000 -0.27650000 0.96100000
vn -0.01030000 -0.27730000 0.96070000
vn -0.01890000 -0.27830000 0.96030000
vn -0.03100000 -0.27880000 0.95980000
vn -0.04860000 -0.27860000 0.95920000
vn -0.07530000 -0.27720000 0.95790000
vn -0.11700000 -0.27380000 0.95460000
vn -0.00660000 -0.33750000 0.94130000
vn -0.01370000 -0.33900000 0.94070000
vn -0.02170000 -0.34070000 0.93990000
vn -0.03140000 -0.34180000 0.93930000
vn -0.04530000 -0.34150000 0.93880000
vn -0.06760000 -0.33940000 0.93820000
vn -0.10350000 -0.33460000 0.93670000
vn -0.00860000 -0.39520000 0.91860000
vn -0.01600000 -0.39720000 0.91760000
vn -0.02230000 -0.39930000 0.91660000
vn -0.02840000 -0.40020000 0.91600000
vn -0.03760000 -0.39930000 0.91610000
vn -0.05430000 -0.39610000 0.91660000
vn -0.08320000 -0.38960000 0.91720000
vn -0.00860000 -0.44600000 0.89500000
vn -0.01420000 -0.44800000 0.89390000
vn -0.01710000 -0.44930000 0.89320000
vn -0.01910000 -0.44910000 0.89330000
vn -0.02370000 -0.44660000 0.89440000
vn -0.03480000 -0.44170000 0.89650000
vn -0.05640000 -0.43330000 0.89950000
vn -0.00500000 -0.48530000 0.87430000
vn -0.00560000 -0.48620000 0.87380000
vn -0.00440000 -0.48520000 0.87440000
vn -0.00350000 -0.48250000 0.87590000
vn -0.00490000 -0.47780000 0.87850000
vn -0.01060000 -0.47080000 0.88220000
vn -0.02450000 -0.46010000 0.88750000
vn 0.00290000 -0.50780000 0.86150000
vn 0.00800000 -0.50500000 0.86310000
vn 0.01150000 -0.50030000 0.86580000
vn 0.01310000 -0.49470000 0.86900000
vn 0.01400000 -0.48800000 0.87270000
vn 0.01390000 -0.47910000 0.87770000
vn 0.01030000 -0.46570000 0.88490000
vn 0.77960000 0.62420000 0.05080000
vn 0.70950000 0.67730000 -0.19440000
vn 0.56850000 0.67950000 -0.46380000
vn 0.41900000 0.63530000 -0.64870000
vn 0.30570000 0.58480000 -0.75140000
vn 0.22790000 0.54400000 -0.80760000
vn 0.17220000 0.51370000 -0.84050000
vn 0.87460000 0.48390000 0.03020000
vn 0.81590000 0.54900000 -0.18110000
vn 0.68040000 0.58880000 -0.43620000
vn 0.51480000 0.58190000 -0.62960000
vn 0.37670000 0.55440000 -0.74210000
vn 0.27630000 0.52680000 -0.80380000
vn 0.20180000 0.50570000 -0.83880000
vn 0.93990000 0.34120000 0.00980000
vn 0.89900000 0.40480000 -0.16690000
vn 0.78690000 0.46730000 -0.40290000
vn 0.62170000 0.49550000 -0.60650000
vn 0.46210000 0.49480000 -0.73600000
vn 0.33510000 0.48330000 -0.80880000
vn 0.23670000 0.47110000 -0.84970000
vn 0.97540000 0.22050000 -0.00810000
vn 0.94870000 0.27460000 -0.15690000
vn 0.86280000 0.34150000 -0.37280000
vn 0.71140000 0.39170000 -0.58350000
vn 0.53950000 0.41440000 -0.73290000
vn 0.38820000 0.41890000 -0.82080000
vn 0.26750000 0.41620000 -0.86900000
vn 0.99090000 0.13250000 -0.02220000
vn 0.97240000 0.17580000 -0.15350000
vn 0.90470000 0.23650000 -0.35430000
vn 0.76860000 0.29320000 -0.56850000
vn 0.59310000 0.32930000 -0.73470000
vn 0.42570000 0.34530000 -0.83640000
vn 0.28940000 0.34990000 -0.89100000
vn 0.99660000 0.07560000 -0.03240000
vn 0.98190000 0.10940000 -0.15480000
vn 0.92390000 0.16010000 -0.34750000
vn 0.79790000 0.21300000 -0.56390000
vn 0.62260000 0.25170000 -0.74090000
vn 0.44700000 0.27230000 -0.85210000
vn 0.30240000 0.28060000 -0.91100000
vn 0.99830000 0.04330000 -0.03900000
vn 0.98510000 0.06900000 -0.15760000
vn 0.93150000 0.10860000 -0.34710000
vn 0.81090000 0.15220000 -0.56500000
vn 0.63680000 0.18630000 -0.74820000
vn 0.45800000 0.20580000 -0.86480000
vn 0.30960000 0.21440000 -0.92640000
vn 0.80730000 0.59010000 -0.00360000
vn 0.80290000 0.58570000 -0.11100000
vn 0.77300000 0.56520000 -0.28820000
vn 0.69440000 0.51160000 -0.50610000
vn 0.56630000 0.42280000 -0.70750000
vn 0.41990000 0.32010000 -0.84930000
vn 0.28880000 0.22830000 -0.92980000
vn 0.76620000 0.64170000 0.03390000
vn 0.76670000 0.63920000 -0.05970000
vn 0.74980000 0.62430000 -0.21900000
vn 0.69360000 0.57910000 -0.42840000
vn 0.58710000 0.49410000 -0.64120000
vn 0.44960000 0.38430000 -0.80630000
vn 0.31530000 0.27790000 -0.90740000
vn 0.72520000 0.68420000 0.07690000
vn 0.72970000 0.68370000 -0.00310000
vn 0.72370000 0.67500000 -0.14330000
vn 0.68820000 0.64100000 -0.33980000
vn 0.60540000 0.56590000 -0.55970000
vn 0.48110000 0.45500000 -0.74930000
vn 0.34580000 0.33600000 -0.87610000
vn 0.68460000 0.71840000 0.12310000
vn 0.69200000 0.71980000 0.05540000
vn 0.69400000 0.71690000 -0.06590000
vn 0.67570000 0.69500000 -0.24580000
vn 0.61670000 0.63440000 -0.46620000
vn 0.51040000 0.52980000 -0.67740000
vn 0.37860000 0.40320000 -0.83310000
vn 0.64460000 0.74540000 0.17000000
vn 0.65380000 0.74830000 0.11220000
vn 0.66100000 0.75040000 0.00700000
vn 0.65500000 0.73940000 -0.15540000
vn 0.61700000 0.69510000 -0.36900000
vn 0.53200000 0.60340000 -0.59400000
vn 0.40990000 0.47660000 -0.77770000
vn 0.60550000 0.76630000 0.21480000
vn 0.61560000 0.77080000 0.16370000
vn 0.62560000 0.77700000 0.06960000
vn 0.62710000 0.77490000 -0.07920000
vn 0.60450000 0.74530000 -0.28120000
vn 0.54070000 0.66980000 -0.50890000
vn 0.43400000 0.54990000 -0.71360000
vn 0.56720000 0.78300000 0.25540000
vn 0.57790000 0.78940000 0.20720000
vn 0.58920000 0.79940000 0.11770000
vn 0.59390000 0.80410000 -0.02590000
vn 0.57920000 0.78500000 -0.21970000
vn 0.53120000 0.72370000 -0.44050000
vn 0.44470000 0.61410000 -0.65200000
vn 0.99880000 0.01880000 -0.04550000
vn 0.98630000 0.03080000 -0.16220000
vn 0.93550000 0.04960000 -0.34970000
vn 0.81950000 0.07060000 -0.56870000
vn 0.64810000 0.08750000 -0.75650000
vn 0.46850000 0.09750000 -0.87800000
vn 0.31770000 0.10200000 -0.94270000
vn 0.99880000 0.00930000 -0.04770000
vn 0.98630000 0.01600000 -0.16410000
vn 0.93600000 0.02650000 -0.35100000
vn 0.82090000 0.03830000 -0.56990000
vn 0.65030000 0.04790000 -0.75810000
vn 0.47090000 0.05370000 -0.88060000
vn 0.31960000 0.05640000 -0.94590000
vn 0.99880000 -0.00100000 -0.04970000
vn 0.98610000 0.00130000 -0.16600000
vn 0.93560000 0.00490000 -0.35290000
vn 0.82050000 0.00910000 -0.57160000
vn 0.65020000 0.01280000 -0.75970000
vn 0.47100000 0.01540000 -0.88200000
vn 0.31980000 0.01680000 -0.94730000
vn 0.99860000 -0.01170000 -0.05150000
vn 0.98560000 -0.01330000 -0.16860000
vn 0.93430000 -0.01540000 -0.35620000
vn 0.81800000 -0.01740000 -0.57490000
vn 0.64710000 -0.01840000 -0.76210000
vn 0.46820000 -0.01820000 -0.88340000
vn 0.31770000 -0.01760000 -0.94800000
vn 0.99830000 -0.02250000 -0.05330000
vn 0.98470000 -0.02740000 -0.17210000
vn 0.93170000 -0.03450000 -0.36160000
vn 0.81300000 -0.04160000 -0.58070000
vn 0.64070000 -0.04620000 -0.76640000
vn 0.46210000 -0.04780000 -0.88550000
vn 0.31310000 -0.04760000 -0.94850000
vn 0.99790000 -0.03320000 -0.05530000
vn 0.98340000 -0.04110000 -0.17680000
vn 0.92770000 -0.05250000 -0.36950000
vn 0.80510000 -0.06400000 -0.58970000
vn 0.63030000 -0.07130000 -0.77300000
vn 0.45240000 -0.07400000 -0.88870000
vn 0.30560000 -0.07380000 -0.94930000
vn 0.99740000 -0.04370000 -0.05760000
vn 0.98160000 -0.05430000 -0.18310000
vn 0.92220000 -0.06980000 -0.38050000
vn 0.79400000 -0.08470000 -0.60200000
vn 0.61600000 -0.09400000 -0.78210000
vn 0.43900000 -0.09720000 -0.89320000
vn 0.29540000 -0.09690000 -0.95050000
vn -0.00200000 0.08790000 0.99610000
vn -0.00670000 0.08790000 0.99610000
vn -0.01500000 0.08770000 0.99600000
vn -0.02790000 0.08740000 0.99580000
vn -0.04710000 0.08680000 0.99510000
vn -0.07580000 0.08580000 0.99340000
vn -0.12000000 0.08400000 0.98920000
vn -0.00210000 0.06670000 0.99780000
vn -0.00690000 0.06670000 0.99780000
vn -0.01550000 0.06660000 0.99770000
vn -0.02890000 0.06630000 0.99740000
vn -0.04890000 0.06580000 0.99660000
vn -0.07860000 0.06500000 0.99480000
vn -0.12440000 0.06350000 0.99020000
vn -0.00210000 0.04220000 0.99910000
vn -0.00710000 0.04220000 0.99910000
vn -0.01600000 0.04210000 0.99900000
vn -0.02970000 0.04190000 0.99870000
vn -0.05020000 0.04160000 0.99790000
vn -0.08070000 0.04100000 0.99590000
vn -0.12760000 0.04000000 0.99100000
vn -0.00220000 0.01380000 0.99990000
vn -0.00720000 0.01380000 0.99990000
vn -0.01620000 0.01370000 0.99980000
vn -0.03020000 0.01360000 0.99950000
vn -0.05100000 0.01340000 0.99860000
vn -0.08190000 0.01310000 0.99660000
vn -0.12960000 0.01260000 0.99150000
vn -0.00220000 -0.01940000 0.99980000
vn -0.00730000 -0.01940000 0.99980000
vn -0.01630000 -0.01940000 0.99970000
vn -0.03040000 -0.01940000 0.99930000
vn -0.05130000 -0.01940000 0.99850000
vn -0.08250000 -0.01940000 0.99640000
vn -0.13040000 -0.01940000 0.99130000
vn -0.00220000 -0.05820000 0.99830000
vn -0.00730000 -0.05820000 0.99830000
vn -0.01630000 -0.05820000 0.99820000
vn -0.03040000 -0.05810000 0.99780000
vn -0.05130000 -0.05800000 0.99700000
vn -0.08240000 -0.05770000 0.99490000
vn -0.13030000 -0.05710000 0.98980000
vn -0.00220000 -0.10380000 0.99460000
vn -0.00720000 -0.10380000 0.99460000
vn -0.01620000 -0.10370000 0.99450000
vn -0.03010000 -0.10360000 0.99420000
vn -0.05090000 -0.10330000 0.99340000
vn -0.08180000 -0.10270000 0.99130000
vn -0.12940000 -0.10160000 0.98640000
vn 0.97140000 0.21550000 -0.09940000
vn 0.93460000 0.21190000 -0.28560000
vn 0.81970000 0.19260000 -0.53940000
vn 0.63230000 0.15610000 -0.75880000
vn 0.44170000 0.11660000 -0.88960000
vn 0.29420000 0.08500000 -0.95200000
vn 0.19110000 0.06260000 -0.97960000
vn 0.96450000 0.24560000 -0.09710000
vn 0.93020000 0.24110000 -0.27680000
vn 0.82200000 0.21950000 -0.52550000
vn 0.64110000 0.17860000 -0.74640000
vn 0.45210000 0.13330000 -0.88190000
vn 0.30280000 0.09640000 -0.94820000
vn 0.19720000 0.07010000 -0.97780000
vn 0.95550000 0.27970000 -0.09390000
vn 0.92400000 0.27450000 -0.26630000
vn 0.82340000 0.25080000 -0.50900000
vn 0.65050000 0.20530000 -0.73120000
vn 0.46390000 0.15360000 -0.87250000
vn 0.31270000 0.11070000 -0.94340000
vn 0.20440000 0.07960000 -0.97570000
vn 0.94370000 0.31840000 -0.08920000
vn 0.91550000 0.31260000 -0.25340000
vn 0.82360000 0.28710000 -0.48920000
vn 0.66030000 0.23720000 -0.71260000
vn 0.47710000 0.17860000 -0.86050000
vn 0.32420000 0.12840000 -0.93720000
vn 0.21280000 0.09160000 -0.97280000
vn 0.92840000 0.36250000 -0.08220000
vn 0.90380000 0.35620000 -0.23730000
vn 0.82180000 0.32940000 -0.46490000
vn 0.67010000 0.27540000 -0.68930000
vn 0.49190000 0.20930000 -0.84510000
vn 0.33770000 0.15080000 -0.92910000
vn 0.22270000 0.10690000 -0.96900000
vn 0.90820000 0.41240000 -0.07170000
vn 0.88790000 0.40590000 -0.21670000
vn 0.81710000 0.37850000 -0.43470000
vn 0.67940000 0.32130000 -0.65970000
vn 0.50850000 0.24750000 -0.82470000
vn 0.35350000 0.17920000 -0.91810000
vn 0.23470000 0.12660000 -0.96380000
vn 0.88150000 0.46880000 -0.05620000
vn 0.86620000 0.46230000 -0.18980000
vn 0.80810000 0.43560000 -0.39650000
vn 0.68730000 0.37660000 -0.62110000
vn 0.52660000 0.29550000 -0.79710000
vn 0.37210000 0.21590000 -0.90270000
vn 0.24920000 0.15250000 -0.95640000
vn 0.00110000 0.00830000 1.00000000
vn 0.00360000 0.00830000 1.00000000
vn 0.00820000 0.00840000 0.99990000
vn 0.01520000 0.00850000 0.99980000
vn 0.02570000 0.00880000 0.99960000
vn 0.04140000 0.00920000 0.99910000
vn 0.06570000 0.00990000 0.99780000
vn 0.00110000 -0.00190000 1.00000000
vn 0.00370000 -0.00180000 1.00000000
vn 0.00820000 -0.00170000 1.00000000
vn 0.01530000 -0.00150000 0.99990000
vn 0.02590000 -0.00110000 0.99970000
vn 0.04170000 -0.00030000 0.99910000
vn 0.06620000 0.00080000 0.99780000
vn 0.00110000 -0.01100000 0.99990000
vn 0.00370000 -0.01090000 0.99990000
vn 0.00830000 -0.01070000 0.99990000
vn 0.01550000 -0.01040000 0.99980000
vn 0.02620000 -0.00980000 0.99960000
vn 0.04210000 -0.00880000 0.99910000
vn 0.06690000 -0.00710000 0.99770000
vn 0.00110000 -0.01880000 0.99980000
vn 0.00370000 -0.01870000 0.99980000
vn 0.00840000 -0.01850000 0.99980000
vn 0.01570000 -0.01800000 0.99970000
vn 0.02650000 -0.01720000 0.99950000
vn 0.04270000 -0.01590000 0.99900000
vn 0.06780000 -0.01360000 0.99760000
vn 0.00110000 -0.02510000 0.99970000
vn 0.00380000 -0.02500000 0.99970000
vn 0.00860000 -0.02470000 0.99970000
vn 0.01590000 -0.02410000 0.99960000
vn 0.02690000 -0.02310000 0.99940000
vn 0.04340000 -0.02140000 0.99880000
vn 0.06890000 -0.01850000 0.99750000
vn 0.00120000 -0.02970000 0.99960000
vn 0.00390000 -0.02960000 0.99960000
vn 0.00870000 -0.02920000 0.99950000
vn 0.01620000 -0.02850000 0.99950000
vn 0.02740000 -0.02730000 0.99930000
vn 0.04420000 -0.02520000 0.99870000
vn 0.07020000 -0.02170000 0.99730000
vn 0.00120000 -0.03260000 0.99950000
vn 0.00400000 -0.03240000 0.99950000
vn 0.00890000 -0.03200000 0.99940000
vn 0.01660000 -0.03110000 0.99940000
vn 0.02810000 -0.02960000 0.99920000
vn 0.04520000 -0.02710000 0.99860000
vn 0.07180000 -0.02290000 0.99720000
vn -0.00130000 0.14600000 0.98930000
vn -0.00430000 0.14590000 0.98930000
vn -0.00980000 0.14580000 0.98930000
vn -0.01820000 0.14540000 0.98920000
vn -0.03070000 0.14470000 0.98900000
vn -0.04950000 0.14360000 0.98840000
vn -0.07860000 0.14150000 0.98680000
vn -0.00140000 0.14690000 0.98910000
vn -0.00450000 0.14690000 0.98910000
vn -0.01020000 0.14670000 0.98910000
vn -0.01900000 0.14630000 0.98910000
vn -0.03210000 0.14560000 0.98880000
vn -0.05170000 0.14440000 0.98820000
vn -0.08200000 0.14230000 0.98640000
vn -0.00140000 0.14570000 0.98930000
vn -0.00480000 0.14570000 0.98930000
vn -0.01070000 0.14550000 0.98930000
vn -0.01990000 0.14510000 0.98920000
vn -0.03370000 0.14440000 0.98890000
vn -0.05420000 0.14320000 0.98820000
vn -0.08610000 0.14100000 0.98630000
vn -0.00150000 0.14270000 0.98980000
vn -0.00500000 0.14260000 0.98980000
vn -0.01130000 0.14240000 0.98970000
vn -0.02100000 0.14200000 0.98960000
vn -0.03560000 0.14130000 0.98930000
vn -0.05720000 0.14000000 0.98850000
vn -0.09090000 0.13780000 0.98630000
vn -0.00160000 0.13770000 0.99050000
vn -0.00530000 0.13770000 0.99050000
vn -0.01200000 0.13750000 0.99040000
vn -0.02230000 0.13710000 0.99030000
vn -0.03770000 0.13640000 0.98990000
vn -0.06070000 0.13510000 0.98900000
vn -0.09630000 0.13270000 0.98650000
vn -0.00170000 0.13060000 0.99140000
vn -0.00570000 0.13050000 0.99140000
vn -0.01270000 0.13030000 0.99140000
vn -0.02370000 0.12990000 0.99120000
vn -0.04010000 0.12920000 0.99080000
vn -0.06450000 0.12790000 0.98970000
vn -0.10220000 0.12550000 0.98680000
vn -0.00180000 0.12030000 0.99270000
vn -0.00600000 0.12030000 0.99270000
vn -0.01350000 0.12010000 0.99270000
vn -0.02520000 0.11970000 0.99250000
vn -0.04250000 0.11900000 0.99200000
vn -0.06840000 0.11770000 0.99070000
vn -0.10850000 0.11540000 0.98740000
vn 0.99290000 -0.08620000 -0.08180000
vn 0.99330000 -0.08410000 -0.07910000
vn 0.99380000 -0.08130000 -0.07600000
vn 0.99430000 -0.07800000 -0.07290000
vn 0.99480000 -0.07380000 -0.06960000
vn 0.99540000 -0.06870000 -0.06630000
vn 0.99610000 -0.06210000 -0.06310000
vn 0.95780000 -0.11110000 -0.26490000
vn 0.96070000 -0.10840000 -0.25550000
vn 0.96380000 -0.10460000 -0.24510000
vn 0.96710000 -0.09980000 -0.23410000
vn 0.97040000 -0.09390000 -0.22270000
vn 0.97350000 -0.08680000 -0.21140000
vn 0.97660000 -0.07800000 -0.20060000
vn 0.84380000 -0.14060000 -0.51790000
vn 0.85310000 -0.13800000 -0.50320000
vn 0.86330000 -0.13370000 -0.48670000
vn 0.87400000 -0.12790000 -0.46870000
vn 0.88500000 -0.12050000 -0.44970000
vn 0.89580000 -0.11150000 -0.43030000
vn 0.90590000 -0.10020000 -0.41150000
vn 0.65350000 -0.15990000 -0.73980000
vn 0.66840000 -0.15840000 -0.72670000
vn 0.68530000 -0.15490000 -0.71160000
vn 0.70380000 -0.14950000 -0.69450000
vn 0.72330000 -0.14210000 -0.67580000
vn 0.74300000 -0.13250000 -0.65600000
vn 0.76210000 -0.12000000 -0.63620000
vn 0.45750000 -0.16550000 -0.87370000
vn 0.47250000 -0.16530000 -0.86570000
vn 0.48990000 -0.16290000 -0.85640000
vn 0.50960000 -0.15860000 -0.84560000
vn 0.53120000 -0.15210000 -0.83350000
vn 0.55380000 -0.14310000 -0.82030000
vn 0.57640000 -0.13090000 -0.80660000
vn 0.30490000 -0.16400000 -0.93820000
vn 0.31660000 -0.16450000 -0.93420000
vn 0.33050000 -0.16280000 -0.92970000
vn 0.34650000 -0.15920000 -0.92450000
vn 0.36430000 -0.15350000 -0.91850000
vn 0.38360000 -0.14530000 -0.91200000
vn 0.40330000 -0.13360000 -0.90520000
vn 0.19800000 -0.16060000 -0.96690000
vn 0.20620000 -0.16140000 -0.96510000
vn 0.21600000 -0.16000000 -0.96320000
vn 0.22730000 -0.15670000 -0.96110000
vn 0.24010000 -0.15140000 -0.95890000
vn 0.25410000 -0.14360000 -0.95650000
vn 0.26860000 -0.13240000 -0.95410000
vn 0.00110000 0.05810000 0.99830000
vn 0.00370000 0.05800000 0.99830000
vn 0.00820000 0.05790000 0.99830000
vn 0.01530000 0.05760000 0.99820000
vn 0.02590000 0.05710000 0.99800000
vn 0.04170000 0.05620000 0.99750000
vn 0.06620000 0.05470000 0.99630000
vn 0.00110000 0.05640000 0.99840000
vn 0.00360000 0.05640000 0.99840000
vn 0.00820000 0.05620000 0.99840000
vn 0.01520000 0.05600000 0.99830000
vn 0.02570000 0.05560000 0.99810000
vn 0.04140000 0.05480000 0.99760000
vn 0.06580000 0.05340000 0.99640000
vn 0.00110000 0.05360000 0.99860000
vn 0.00360000 0.05360000 0.99860000
vn 0.00810000 0.05350000 0.99850000
vn 0.01510000 0.05330000 0.99850000
vn 0.02560000 0.05290000 0.99830000
vn 0.04120000 0.05220000 0.99780000
vn 0.06540000 0.05110000 0.99660000
vn 0.00110000 0.04960000 0.99880000
vn 0.00360000 0.04960000 0.99880000
vn 0.00810000 0.04950000 0.99870000
vn 0.01510000 0.04930000 0.99870000
vn 0.02550000 0.04900000 0.99850000
vn 0.04100000 0.04850000 0.99800000
vn 0.06520000 0.04750000 0.99670000
vn 0.00110000 0.04430000 0.99900000
vn 0.00360000 0.04430000 0.99900000
vn 0.00810000 0.04420000 0.99900000
vn 0.01500000 0.04410000 0.99890000
vn 0.02540000 0.04390000 0.99870000
vn 0.04090000 0.04350000 0.99820000
vn 0.06510000 0.04270000 0.99700000
vn 0.00110000 0.03750000 0.99930000
vn 0.00360000 0.03750000 0.99930000
vn 0.00810000 0.03750000 0.99930000
vn 0.01500000 0.03740000 0.99920000
vn 0.02540000 0.03730000 0.99900000
vn 0.04090000 0.03700000 0.99850000
vn 0.06500000 0.03660000 0.99720000
vn 0.00110000 0.02910000 0.99960000
vn 0.00360000 0.02910000 0.99960000
vn 0.00810000 0.02910000 0.99950000
vn 0.01510000 0.02910000 0.99950000
vn 0.02540000 0.02910000 0.99930000
vn 0.04100000 0.02900000 0.99870000
vn 0.06510000 0.02890000 0.99750000
vn 0.99430000 0.02280000 -0.10380000
vn 0.94730000 0.01870000 -0.31970000
vn 0.80370000 0.01140000 -0.59490000
vn 0.59120000 0.00300000 -0.80650000
vn 0.39790000 -0.00360000 -0.91740000
vn 0.25950000 -0.00800000 -0.96570000
vn 0.16690000 -0.01080000 -0.98590000
vn 0.99360000 0.04350000 -0.10430000
vn 0.94710000 0.04060000 -0.31850000
vn 0.80490000 0.03300000 -0.59250000
vn 0.59360000 0.02240000 -0.80440000
vn 0.40020000 0.01300000 -0.91630000
vn 0.26140000 0.00630000 -0.96520000
vn 0.16820000 0.00170000 -0.98580000
vn 0.99230000 0.06560000 -0.10460000
vn 0.94650000 0.06360000 -0.31650000
vn 0.80630000 0.05540000 -0.58890000
vn 0.59670000 0.04210000 -0.80140000
vn 0.40330000 0.02940000 -0.91460000
vn 0.26370000 0.02000000 -0.96440000
vn 0.16990000 0.01360000 -0.98540000
vn 0.99050000 0.08910000 -0.10460000
vn 0.94550000 0.08750000 -0.31370000
vn 0.80790000 0.07820000 -0.58400000
vn 0.60040000 0.06180000 -0.79730000
vn 0.40720000 0.04550000 -0.91220000
vn 0.26680000 0.03310000 -0.96320000
vn 0.17200000 0.02450000 -0.98480000
vn 0.98800000 0.11350000 -0.10430000
vn 0.94410000 0.11210000 -0.30990000
vn 0.80980000 0.10130000 -0.57790000
vn 0.60500000 0.08140000 -0.79210000
vn 0.41200000 0.06090000 -0.90910000
vn 0.27050000 0.04530000 -0.96170000
vn 0.17460000 0.03440000 -0.98400000
vn 0.98490000 0.13850000 -0.10370000
vn 0.94240000 0.13690000 -0.30530000
vn 0.81190000 0.12430000 -0.57040000
vn 0.61040000 0.10050000 -0.78570000
vn 0.41770000 0.07570000 -0.90540000
vn 0.27500000 0.05650000 -0.95980000
vn 0.17770000 0.04310000 -0.98310000
vn 0.98120000 0.16360000 -0.10260000
vn 0.94030000 0.16160000 -0.29960000
vn 0.81430000 0.14680000 -0.56160000
vn 0.61670000 0.11890000 -0.77810000
vn 0.42450000 0.08950000 -0.90100000
vn 0.28040000 0.06650000 -0.95760000
vn 0.18140000 0.05040000 -0.98210000
vn 0.99470000 -0.01280000 -0.10220000
vn 0.99450000 -0.02720000 -0.10120000
vn 0.99420000 -0.03960000 -0.10020000
vn 0.99380000 -0.05020000 -0.09920000
vn 0.99340000 -0.05940000 -0.09820000
vn 0.99300000 -0.06730000 -0.09710000
vn 0.99260000 -0.07400000 -0.09610000
vn 0.94730000 -0.01960000 -0.31980000
vn 0.94710000 -0.03500000 -0.31910000
vn 0.94690000 -0.04820000 -0.31800000
vn 0.94670000 -0.05950000 -0.31650000
vn 0.94670000 -0.06900000 -0.31470000
vn 0.94670000 -0.07710000 -0.31270000
vn 0.94690000 -0.08380000 -0.31040000
vn 0.80220000 -0.02750000 -0.59650000
vn 0.80180000 -0.04320000 -0.59600000
vn 0.80180000 -0.05640000 -0.59490000
vn 0.80220000 -0.06750000 -0.59320000
vn 0.80290000 -0.07690000 -0.59110000
vn 0.80400000 -0.08450000 -0.58860000
vn 0.80540000 -0.09070000 -0.58580000
vn 0.58850000 -0.03270000 -0.80790000
vn 0.58800000 -0.04710000 -0.80750000
vn 0.58810000 -0.05910000 -0.80660000
vn 0.58890000 -0.06910000 -0.80530000
vn 0.59010000 -0.07740000 -0.80360000
vn 0.59180000 -0.08400000 -0.80170000
vn 0.59400000 -0.08920000 -0.79950000
vn 0.39520000 -0.03480000 -0.91800000
vn 0.39470000 -0.04740000 -0.91760000
vn 0.39490000 -0.05780000 -0.91690000
vn 0.39550000 -0.06640000 -0.91600000
vn 0.39670000 -0.07330000 -0.91500000
vn 0.39830000 -0.07880000 -0.91390000
vn 0.40030000 -0.08280000 -0.91260000
vn 0.25750000 -0.03530000 -0.96560000
vn 0.25720000 -0.04640000 -0.96530000
vn 0.25730000 -0.05550000 -0.96470000
vn 0.25780000 -0.06280000 -0.96420000
vn 0.25860000 -0.06870000 -0.96350000
vn 0.25980000 -0.07320000 -0.96290000
vn 0.26130000 -0.07640000 -0.96220000
vn 0.16550000 -0.03540000 -0.98560000
vn 0.16530000 -0.04530000 -0.98520000
vn 0.16540000 -0.05340000 -0.98480000
vn 0.16570000 -0.06000000 -0.98440000
vn 0.16630000 -0.06510000 -0.98390000
vn 0.16710000 -0.06890000 -0.98350000
vn 0.16810000 -0.07150000 -0.98320000
vn -0.06620000 0.05470000 0.99630000
vn -0.04170000 0.05620000 0.99750000
vn -0.02590000 0.05710000 0.99800000
vn -0.01530000 0.05760000 0.99820000
vn -0.00820000 0.05790000 0.99830000
vn -0.00370000 0.05800000 0.99830000
vn -0.00110000 0.05810000 0.99830000
vn -0.06580000 0.05340000 0.99640000
vn -0.04140000 0.05480000 0.99760000
vn -0.02570000 0.05560000 0.99810000
vn -0.01520000 0.05600000 0.99830000
vn -0.00820000 0.05620000 0.99840000
vn -0.00360000 0.05640000 0.99840000
vn -0.00110000 0.05640000 0.99840000
vn -0.06540000 0.05110000 0.99660000
vn -0.04120000 0.05220000 0.99780000
vn -0.02560000 0.05290000 0.99830000
vn -0.01510000 0.05330000 0.99850000
vn -0.00810000 0.05350000 0.99850000
vn -0.00360000 0.05360000 0.99860000
vn -0.00110000 0.05360000 0.99860000
vn -0.06520000 0.04750000 0.99670000
vn -0.04100000 0.04850000 0.99800000
vn -0.02550000 0.04900000 0.99850000
vn -0.01510000 0.04930000 0.99870000
vn -0.00810000 0.04950000 0.99870000
vn -0.00360000 0.04960000 0.99880000
vn -0.00110000 0.04960000 0.99880000
vn -0.06510000 0.04270000 0.99700000
vn -0.04090000 0.04350000 0.99820000
vn -0.02540000 0.04390000 0.99870000
vn -0.01500000 0.04410000 0.99890000
vn -0.00810000 0.04420000 0.99900000
vn -0.00360000 0.04430000 0.99900000
vn -0.00110000 0.04430000 0.99900000
vn -0.06500000 0.03660000 0.99720000
vn -0.04090000 0.03700000 0.99850000
vn -0.02540000 0.03730000 0.99900000
vn -0.01500000 0.03740000 0.99920000
vn -0.00810000 0.03750000 0.99930000
vn -0.00360000 0.03750000 0.99930000
vn -0.00110000 0.03750000 0.99930000
vn -0.06510000 0.02890000 0.99750000
vn -0.04100000 0.02900000 0.99870000
vn -0.02540000 0.02910000 0.99930000
vn -0.01510000 0.02910000 0.99950000
vn -0.00810000 0.02910000 0.99950000
vn -0.00360000 0.02910000 0.99960000
vn -0.00110000 0.02910000 0.99960000
vn 0.07860000 0.14150000 0.98680000
vn 0.04950000 0.14360000 0.98840000
vn 0.03070000 0.14470000 0.98900000
vn 0.01820000 0.14540000 0.98920000
vn 0.00980000 0.14580000 0.98930000
vn 0.00430000 0.14590000 0.98930000
vn 0.00130000 0.14600000 0.98930000
vn 0.08200000 0.14230000 0.98640000
vn 0.05170000 0.14440000 0.98820000
vn 0.03210000 0.14560000 0.98880000
vn 0.01900000 0.14630000 0.98910000
vn 0.01020000 0.14670000 0.98910000
vn 0.00450000 0.14690000 0.98910000
vn 0.00140000 0.14690000 0.98910000
vn 0.08610000 0.14100000 0.98630000
vn 0.05420000 0.14320000 0.98820000
vn 0.03370000 0.14440000 0.98890000
vn 0.01990000 0.14510000 0.98920000
vn 0.01070000 0.14550000 0.98930000
vn 0.00480000 0.14570000 0.98930000
vn 0.00140000 0.14570000 0.98930000
vn 0.09090000 0.13780000 0.98630000
vn 0.05720000 0.14000000 0.98850000
vn 0.03560000 0.14130000 0.98930000
vn 0.02100000 0.14200000 0.98960000
vn 0.01130000 0.14240000 0.98970000
vn 0.00500000 0.14260000 0.98980000
vn 0.00150000 0.14270000 0.98980000
vn 0.09630000 0.13270000 0.98650000
vn 0.06070000 0.13510000 0.98900000
vn 0.03770000 0.13640000 0.98990000
vn 0.02230000 0.13710000 0.99030000
vn 0.01200000 0.13750000 0.99040000
vn 0.00530000 0.13770000 0.99050000
vn 0.00160000 0.13770000 0.99050000
vn 0.10220000 0.12550000 0.98680000
vn 0.06450000 0.12790000 0.98970000
vn 0.04010000 0.12920000 0.99080000
vn 0.02370000 0.12990000 0.99120000
vn 0.01270000 0.13030000 0.99140000
vn 0.00570000 0.13050000 0.99140000
vn 0.00170000 0.13060000 0.99140000
vn 0.10850000 0.11540000 0.98740000
vn 0.06840000 0.11770000 0.99070000
vn 0.04250000 0.11900000 0.99200000
vn 0.02520000 0.11970000 0.99250000
vn 0.01350000 0.12010000 0.99270000
vn 0.00600000 0.12030000 0.99270000
vn 0.00180000 0.12030000 0.99270000
vn -0.06570000 0.00990000 0.99780000
vn -0.04140000 0.00920000 0.99910000
vn -0.02570000 0.00880000 0.99960000
vn -0.01520000 0.00850000 0.99980000
vn -0.00820000 0.00840000 0.99990000
vn -0.00360000 0.00830000 1.00000000
vn -0.00110000 0.00830000 1.00000000
vn -0.06620000 0.00080000 0.99780000
vn -0.04170000 -0.00040000 0.99910000
vn -0.02590000 -0.00110000 0.99970000
vn -0.01530000 -0.00150000 0.99990000
vn -0.00820000 -0.00170000 1.00000000
vn -0.00370000 -0.00180000 1.00000000
vn -0.00110000 -0.00190000 1.00000000
vn -0.06690000 -0.00710000 0.99770000
vn -0.04210000 -0.00880000 0.99910000
vn -0.02620000 -0.00980000 0.99960000
vn -0.01550000 -0.01040000 0.99980000
vn -0.00830000 -0.01070000 0.99990000
vn -0.00370000 -0.01090000 0.99990000
vn -0.00110000 -0.01100000 0.99990000
vn -0.06780000 -0.01360000 0.99760000
vn -0.04270000 -0.01590000 0.99900000
vn -0.02650000 -0.01720000 0.99950000
vn -0.01570000 -0.01800000 0.99970000
vn -0.00840000 -0.01850000 0.99980000
vn -0.00370000 -0.01870000 0.99980000
vn -0.00110000 -0.01880000 0.99980000
vn -0.06890000 -0.01850000 0.99750000
vn -0.04340000 -0.02140000 0.99880000
vn -0.02690000 -0.02310000 0.99940000
vn -0.01590000 -0.02410000 0.99960000
vn -0.00860000 -0.02470000 0.99970000
vn -0.00380000 -0.02500000 0.99970000
vn -0.00110000 -0.02510000 0.99970000
vn -0.07020000 -0.02170000 0.99730000
vn -0.04420000 -0.02520000 0.99870000
vn -0.02740000 -0.02730000 0.99930000
vn -0.01620000 -0.02850000 0.99950000
vn -0.00870000 -0.02920000 0.99950000
vn -0.00390000 -0.02960000 0.99960000
vn -0.00120000 -0.02970000 0.99960000
vn -0.07180000 -0.02290000 0.99720000
vn -0.04520000 -0.02710000 0.99860000
vn -0.02810000 -0.02960000 0.99920000
vn -0.01660000 -0.03110000 0.99940000
vn -0.00890000 -0.03200000 0.99940000
vn -0.00400000 -0.03240000 0.99950000
vn -0.00120000 -0.03260000 0.99950000
vn 0.12000000 0.08400000 0.98920000
vn 0.07580000 0.08580000 0.99340000
vn 0.04710000 0.08680000 0.99510000
vn 0.02790000 0.08740000 0.99580000
vn 0.01500000 0.08770000 0.99600000
vn 0.00670000 0.08790000 0.99610000
vn 0.00200000 0.08790000 0.99610000
vn 0.12440000 0.06350000 0.99020000
vn 0.07860000 0.06500000 0.99480000
vn 0.04890000 0.06580000 0.99660000
vn 0.02890000 0.06630000 0.99740000
vn 0.01550000 0.06660000 0.99770000
vn 0.00690000 0.06670000 0.99780000
vn 0.00210000 0.06670000 0.99780000
vn 0.12760000 0.04000000 0.99100000
vn 0.08070000 0.04100000 0.99590000
vn 0.05020000 0.04160000 0.99790000
vn 0.02970000 0.04190000 0.99870000
vn 0.01600000 0.04210000 0.99900000
vn 0.00710000 0.04220000 0.99910000
vn 0.00210000 0.04220000 0.99910000
vn 0.12960000 0.01260000 0.99150000
vn 0.08190000 0.01310000 0.99660000
vn 0.05100000 0.01340000 0.99860000
vn 0.03020000 0.01360000 0.99950000
vn 0.01620000 0.01370000 0.99980000
vn 0.00720000 0.01380000 0.99990000
vn 0.00220000 0.01380000 0.99990000
vn 0.13040000 -0.01940000 0.99130000
vn 0.08250000 -0.01940000 0.99640000
vn 0.05130000 -0.01940000 0.99850000
vn 0.03040000 -0.01940000 0.99930000
vn 0.01630000 -0.01940000 0.99970000
vn 0.00730000 -0.01940000 0.99980000
vn 0.00220000 -0.01940000 0.99980000
vn 0.13030000 -0.05710000 0.98980000
vn 0.08240000 -0.05770000 0.99490000
vn 0.05130000 -0.05800000 0.99700000
vn 0.03040000 -0.05810000 0.99780000
vn 0.01630000 -0.05820000 0.99820000
vn 0.00730000 -0.05820000 0.99830000
vn 0.00220000 -0.05820000 0.99830000
vn 0.12940000 -0.10160000 0.98640000
vn 0.08180000 -0.10270000 0.99130000
vn 0.05090000 -0.10330000 0.99340000
vn 0.03010000 -0.10360000 0.99420000
vn 0.01620000 -0.10370000 0.99450000
vn 0.00720000 -0.10380000 0.99460000
vn 0.00220000 -0.10380000 0.99460000
vn 0.12440000 -0.21220000 0.96930000
vn 0.07900000 -0.21450000 0.97350000
vn 0.04970000 -0.21560000 0.97520000
vn 0.03010000 -0.21590000 0.97590000
vn 0.01680000 -0.21590000 0.97630000
vn 0.00800000 -0.21560000 0.97640000
vn 0.00270000 -0.21530000 0.97650000
vn 0.11700000 -0.27380000 0.95460000
vn 0.07530000 -0.27720000 0.95790000
vn 0.04860000 -0.27860000 0.95920000
vn 0.03100000 -0.27880000 0.95980000
vn 0.01890000 -0.27830000 0.96030000
vn 0.01030000 -0.27730000 0.96070000
vn 0.00420000 -0.27650000 0.96100000
vn 0.10350000 -0.33460000 0.93670000
vn 0.06760000 -0.33940000 0.93820000
vn 0.04530000 -0.34150000 0.93880000
vn 0.03140000 -0.34180000 0.93930000
vn 0.02170000 -0.34070000 0.93990000
vn 0.01370000 -0.33900000 0.94070000
vn 0.00660000 -0.33750000 0.94130000
vn 0.08320000 -0.38960000 0.91720000
vn 0.05430000 -0.39610000 0.91660000
vn 0.03760000 -0.39930000 0.91610000
vn 0.02840000 -0.40020000 0.91600000
vn 0.02230000 -0.39930000 0.91660000
vn 0.01600000 -0.39720000 0.91760000
vn 0.00860000 -0.39520000 0.91860000
vn 0.05640000 -0.43330000 0.89950000
vn 0.03480000 -0.44170000 0.89650000
vn 0.02370000 -0.44660000 0.89440000
vn 0.01910000 -0.44910000 0.89330000
vn 0.01710000 -0.44930000 0.89320000
vn 0.01420000 -0.44800000 0.89390000
vn 0.00860000 -0.44600000 0.89500000
vn 0.02450000 -0.46010000 0.88750000
vn 0.01060000 -0.47080000 0.88220000
vn 0.00490000 -0.47780000 0.87850000
vn 0.00350000 -0.48250000 0.87590000
vn 0.00430000 -0.48520000 0.87440000
vn 0.00560000 -0.48620000 0.87380000
vn 0.00500000 -0.48530000 0.87430000
vn -0.01030000 -0.46570000 0.88490000
vn -0.01390000 -0.47900000 0.87770000
vn -0.01400000 -0.48800000 0.87270000
vn -0.01310000 -0.49470000 0.86900000
vn -0.01150000 -0.50030000 0.86580000
vn -0.00800000 -0.50500000 0.86310000
vn -0.00290000 -0.50780000 0.86150000
vn -0.11800000 0.02540000 0.99270000
vn -0.07470000 -0.00540000 0.99720000
vn -0.04650000 -0.02390000 0.99860000
vn -0.02760000 -0.03490000 0.99900000
vn -0.01480000 -0.04110000 0.99900000
vn -0.00660000 -0.04410000 0.99900000
vn -0.00200000 -0.04530000 0.99900000
vn -0.12890000 0.04460000 0.99060000
vn -0.08200000 0.00640000 0.99660000
vn -0.05110000 -0.01670000 0.99860000
vn -0.03030000 -0.03050000 0.99910000
vn -0.01630000 -0.03820000 0.99910000
vn -0.00730000 -0.04200000 0.99910000
vn -0.00220000 -0.04350000 0.99910000
vn -0.14130000 0.07070000 0.98740000
vn -0.09030000 0.02440000 0.99560000
vn -0.05660000 -0.00380000 0.99840000
vn -0.03370000 -0.02060000 0.99920000
vn -0.01810000 -0.03010000 0.99940000
vn -0.00810000 -0.03490000 0.99940000
vn -0.00240000 -0.03670000 0.99930000
vn -0.15480000 0.10540000 0.98230000
vn -0.09990000 0.05080000 0.99370000
vn -0.06300000 0.01720000 0.99790000
vn -0.03770000 -0.00320000 0.99930000
vn -0.02040000 -0.01480000 0.99970000
vn -0.00910000 -0.02060000 0.99970000
vn -0.00270000 -0.02280000 0.99970000
vn -0.16870000 0.14940000 0.97430000
vn -0.11060000 0.08760000 0.99000000
vn -0.07090000 0.04910000 0.99630000
vn -0.04300000 0.02510000 0.99880000
vn -0.02340000 0.01090000 0.99970000
vn -0.01050000 0.00370000 0.99990000
vn -0.00320000 0.00090000 1.00000000
vn -0.18210000 0.20300000 0.96210000
vn -0.12300000 0.13830000 0.98270000
vn -0.08140000 0.09660000 0.99200000
vn -0.05050000 0.06880000 0.99640000
vn -0.02770000 0.05140000 0.99830000
vn -0.01250000 0.04230000 0.99900000
vn -0.00380000 0.03880000 0.99920000
vn -0.19410000 0.26610000 0.94420000
vn -0.14050000 0.21010000 0.96750000
vn -0.09740000 0.16660000 0.98120000
vn -0.06230000 0.13460000 0.98890000
vn -0.03470000 0.11330000 0.99300000
vn -0.01570000 0.10190000 0.99470000
vn -0.00480000 0.09730000 0.99520000
vn -0.06510000 -0.03520000 -0.99730000
vn -0.04100000 -0.03520000 -0.99850000
vn -0.02550000 -0.03520000 -0.99910000
vn -0.01510000 -0.03520000 -0.99930000
vn -0.00810000 -0.03520000 -0.99930000
vn -0.00360000 -0.03520000 -0.99940000
vn -0.00110000 -0.03520000 -0.99940000
vn -0.06500000 -0.04390000 -0.99690000
vn -0.04090000 -0.04360000 -0.99820000
vn -0.02540000 -0.04340000 -0.99870000
vn -0.01500000 -0.04330000 -0.99900000
vn -0.00810000 -0.04320000 -0.99900000
vn -0.00360000 -0.04320000 -0.99910000
vn -0.00110000 -0.04320000 -0.99910000
vn -0.06510000 -0.05090000 -0.99660000
vn -0.04100000 -0.05030000 -0.99790000
vn -0.02540000 -0.05000000 -0.99840000
vn -0.01500000 -0.04980000 -0.99860000
vn -0.00810000 -0.04970000 -0.99870000
vn -0.00360000 -0.04960000 -0.99880000
vn -0.00110000 -0.04960000 -0.99880000
vn -0.06520000 -0.05650000 -0.99630000
vn -0.04100000 -0.05570000 -0.99760000
vn -0.02550000 -0.05520000 -0.99820000
vn -0.01510000 -0.05490000 -0.99840000
vn -0.00810000 -0.05470000 -0.99850000
vn -0.00360000 -0.05470000 -0.99850000
vn -0.00110000 -0.05460000 -0.99850000
vn -0.06540000 -0.06080000 -0.99600000
vn -0.04120000 -0.05970000 -0.99740000
vn -0.02560000 -0.05910000 -0.99790000
vn -0.01510000 -0.05880000 -0.99820000
vn -0.00810000 -0.05860000 -0.99830000
vn -0.00360000 -0.05850000 -0.99830000
vn -0.00110000 -0.05840000 -0.99830000
vn -0.06580000 -0.06380000 -0.99580000
vn -0.04140000 -0.06260000 -0.99720000
vn -0.02570000 -0.06190000 -0.99780000
vn -0.01520000 -0.06150000 -0.99800000
vn -0.00820000 -0.06130000 -0.99810000
vn -0.00360000 -0.06120000 -0.99810000
vn -0.00110000 -0.06110000 -0.99810000
vn -0.06620000 -0.06580000 -0.99560000
vn -0.04170000 -0.06440000 -0.99710000
vn -0.02590000 -0.06360000 -0.99760000
vn -0.01530000 -0.06310000 -0.99790000
vn -0.00820000 -0.06290000 -0.99800000
vn -0.00370000 -0.06270000 -0.99800000
vn -0.00110000 -0.06270000 -0.99800000
vn -0.10070000 0.07780000 -0.99190000
vn -0.06350000 0.06020000 -0.99620000
vn -0.03950000 0.04960000 -0.99800000
vn -0.02340000 0.04340000 -0.99880000
vn -0.01260000 0.03990000 -0.99910000
vn -0.00560000 0.03820000 -0.99930000
vn -0.00170000 0.03750000 -0.99930000
vn -0.09430000 0.06600000 -0.99340000
vn -0.05950000 0.05180000 -0.99690000
vn -0.03700000 0.04340000 -0.99840000
vn -0.02190000 0.03830000 -0.99900000
vn -0.01180000 0.03550000 -0.99930000
vn -0.00520000 0.03410000 -0.99940000
vn -0.00160000 0.03360000 -0.99940000
vn -0.08920000 0.05710000 -0.99440000
vn -0.05620000 0.04550000 -0.99740000
vn -0.03500000 0.03850000 -0.99860000
vn -0.02070000 0.03440000 -0.99920000
vn -0.01110000 0.03210000 -0.99940000
vn -0.00490000 0.03100000 -0.99950000
vn -0.00150000 0.03050000 -0.99950000
vn -0.08490000 0.05020000 -0.99510000
vn -0.05350000 0.04060000 -0.99770000
vn -0.03330000 0.03490000 -0.99880000
vn -0.01970000 0.03140000 -0.99930000
vn -0.01060000 0.02950000 -0.99950000
vn -0.00470000 0.02860000 -0.99960000
vn -0.00140000 0.02820000 -0.99960000
vn -0.08130000 0.04490000 -0.99570000
vn -0.05130000 0.03690000 -0.99800000
vn -0.03190000 0.03210000 -0.99900000
vn -0.01890000 0.02920000 -0.99940000
vn -0.01010000 0.02760000 -0.99960000
vn -0.00450000 0.02680000 -0.99960000
vn -0.00140000 0.02650000 -0.99960000
vn -0.07830000 0.04090000 -0.99610000
vn -0.04940000 0.03410000 -0.99820000
vn -0.03070000 0.03000000 -0.99910000
vn -0.01820000 0.02760000 -0.99950000
vn -0.00970000 0.02630000 -0.99960000
vn -0.00430000 0.02560000 -0.99970000
vn -0.00130000 0.02530000 -0.99970000
vn -0.07580000 0.03780000 -0.99640000
vn -0.04770000 0.03210000 -0.99830000
vn -0.02970000 0.02870000 -0.99910000
vn -0.01760000 0.02660000 -0.99950000
vn -0.00940000 0.02540000 -0.99960000
vn -0.00420000 0.02490000 -0.99970000
vn -0.00130000 0.02460000 -0.99970000
vn -0.06720000 -0.07280000 -0.99510000
vn -0.04230000 -0.07120000 -0.99660000
vn -0.02630000 -0.07030000 -0.99720000
vn -0.01550000 -0.06970000 -0.99740000
vn -0.00830000 -0.06940000 -0.99760000
vn -0.00370000 -0.06920000 -0.99760000
vn -0.00110000 -0.06920000 -0.99760000
vn -0.06780000 -0.08410000 -0.99410000
vn -0.04270000 -0.08250000 -0.99570000
vn -0.02650000 -0.08150000 -0.99630000
vn -0.01570000 -0.08090000 -0.99660000
vn -0.00840000 -0.08060000 -0.99670000
vn -0.00380000 -0.08040000 -0.99680000
vn -0.00110000 -0.08040000 -0.99680000
vn -0.06860000 -0.09870000 -0.99280000
vn -0.04320000 -0.09700000 -0.99430000
vn -0.02680000 -0.09600000 -0.99500000
vn -0.01590000 -0.09540000 -0.99530000
vn -0.00850000 -0.09510000 -0.99540000
vn -0.00380000 -0.09490000 -0.99550000
vn -0.00110000 -0.09490000 -0.99550000
vn -0.06940000 -0.11320000 -0.99110000
vn -0.04370000 -0.11160000 -0.99280000
vn -0.02720000 -0.11060000 -0.99350000
vn -0.01610000 -0.11000000 -0.99380000
vn -0.00860000 -0.10970000 -0.99390000
vn -0.00380000 -0.10950000 -0.99400000
vn -0.00120000 -0.10950000 -0.99400000
vn -0.07050000 -0.12600000 -0.98950000
vn -0.04440000 -0.12440000 -0.99120000
vn -0.02760000 -0.12350000 -0.99200000
vn -0.01630000 -0.12290000 -0.99230000
vn -0.00880000 -0.12260000 -0.99240000
vn -0.00390000 -0.12240000 -0.99250000
vn -0.00120000 -0.12230000 -0.99250000
vn -0.07190000 -0.13650000 -0.98800000
vn -0.04530000 -0.13500000 -0.98980000
vn -0.02810000 -0.13400000 -0.99060000
vn -0.01660000 -0.13350000 -0.99090000
vn -0.00890000 -0.13310000 -0.99110000
vn -0.00400000 -0.13300000 -0.99110000
vn -0.00120000 -0.13290000 -0.99110000
vn -0.07360000 -0.14490000 -0.98670000
vn -0.04630000 -0.14340000 -0.98860000
vn -0.02880000 -0.14240000 -0.98940000
vn -0.01700000 -0.14190000 -0.98970000
vn -0.00920000 -0.14160000 -0.98990000
vn -0.00410000 -0.14140000 -0.98990000
vn -0.00120000 -0.14130000 -0.99000000
vn -0.07590000 -0.02050000 0.99690000
vn -0.04780000 -0.02640000 0.99850000
vn -0.02970000 -0.02990000 0.99910000
vn -0.01750000 -0.03200000 0.99930000
vn -0.00940000 -0.03320000 0.99940000
vn -0.00420000 -0.03380000 0.99940000
vn -0.00130000 -0.03400000 0.99940000
vn -0.07850000 -0.01840000 0.99670000
vn -0.04940000 -0.02540000 0.99850000
vn -0.03070000 -0.02950000 0.99910000
vn -0.01810000 -0.03200000 0.99930000
vn -0.00970000 -0.03340000 0.99940000
vn -0.00430000 -0.03410000 0.99940000
vn -0.00130000 -0.03430000 0.99940000
vn -0.08160000 -0.01600000 0.99650000
vn -0.05130000 -0.02430000 0.99840000
vn -0.03190000 -0.02920000 0.99910000
vn -0.01890000 -0.03220000 0.99930000
vn -0.01010000 -0.03380000 0.99940000
vn -0.00450000 -0.03460000 0.99940000
vn -0.00140000 -0.03490000 0.99940000
vn -0.08520000 -0.01300000 0.99630000
vn -0.05360000 -0.02300000 0.99830000
vn -0.03330000 -0.02900000 0.99900000
vn -0.01970000 -0.03250000 0.99930000
vn -0.01060000 -0.03450000 0.99930000
vn -0.00470000 -0.03550000 0.99940000
vn -0.00140000 -0.03580000 0.99940000
vn -0.08950000 -0.00930000 0.99590000
vn -0.05640000 -0.02150000 0.99820000
vn -0.03500000 -0.02870000 0.99900000
vn -0.02070000 -0.03300000 0.99920000
vn -0.01110000 -0.03540000 0.99930000
vn -0.00490000 -0.03660000 0.99930000
vn -0.00150000 -0.03710000 0.99930000
vn -0.09470000 -0.00440000 0.99550000
vn -0.05970000 -0.01950000 0.99800000
vn -0.03700000 -0.02840000 0.99890000
vn -0.02190000 -0.03380000 0.99920000
vn -0.01180000 -0.03670000 0.99930000
vn -0.00520000 -0.03820000 0.99930000
vn -0.00160000 -0.03880000 0.99920000
vn -0.10100000 0.00230000 0.99490000
vn -0.06370000 -0.01670000 0.99780000
vn -0.03960000 -0.02800000 0.99880000
vn -0.02340000 -0.03470000 0.99910000
vn -0.01260000 -0.03850000 0.99920000
vn -0.00560000 -0.04030000 0.99920000
vn -0.00170000 -0.04100000 0.99920000
vn -0.07370000 0.13160000 0.98860000
vn -0.04640000 0.13360000 0.98990000
vn -0.02880000 0.13480000 0.99050000
vn -0.01700000 0.13540000 0.99060000
vn -0.00920000 0.13580000 0.99070000
vn -0.00410000 0.13590000 0.99070000
vn -0.00120000 0.13600000 0.99070000
vn -0.07200000 0.12330000 0.98980000
vn -0.04530000 0.12530000 0.99110000
vn -0.02810000 0.12640000 0.99160000
vn -0.01660000 0.12710000 0.99180000
vn -0.00890000 0.12740000 0.99180000
vn -0.00400000 0.12760000 0.99180000
vn -0.00120000 0.12760000 0.99180000
vn -0.07060000 0.11290000 0.99110000
vn -0.04440000 0.11480000 0.99240000
vn -0.02760000 0.11590000 0.99290000
vn -0.01630000 0.11660000 0.99300000
vn -0.00880000 0.11690000 0.99310000
vn -0.00390000 0.11710000 0.99310000
vn -0.00120000 0.11720000 0.99310000
vn -0.06950000 0.10020000 0.99250000
vn -0.04370000 0.10210000 0.99380000
vn -0.02720000 0.10320000 0.99430000
vn -0.01610000 0.10380000 0.99450000
vn -0.00860000 0.10420000 0.99450000
vn -0.00380000 0.10440000 0.99450000
vn -0.00120000 0.10440000 0.99450000
vn -0.06860000 0.08580000 0.99400000
vn -0.04320000 0.08770000 0.99520000
vn -0.02680000 0.08880000 0.99570000
vn -0.01590000 0.08940000 0.99590000
vn -0.00850000 0.08970000 0.99590000
vn -0.00380000 0.08990000 0.99590000
vn -0.00110000 0.09000000 0.99590000
vn -0.06780000 0.07150000 0.99510000
vn -0.04270000 0.07330000 0.99640000
vn -0.02650000 0.07440000 0.99690000
vn -0.01570000 0.07500000 0.99710000
vn -0.00840000 0.07540000 0.99710000
vn -0.00380000 0.07550000 0.99710000
vn -0.00110000 0.07560000 0.99710000
vn -0.06720000 0.06060000 0.99590000
vn -0.04230000 0.06240000 0.99720000
vn -0.02630000 0.06340000 0.99760000
vn -0.01550000 0.06400000 0.99780000
vn -0.00830000 0.06430000 0.99790000
vn -0.00370000 0.06450000 0.99790000
vn -0.00110000 0.06450000 0.99790000
vn -0.23040000 0.38840000 -0.89220000
vn -0.16310000 0.33000000 -0.92980000
vn -0.11080000 0.28520000 -0.95200000
vn -0.06980000 0.25310000 -0.96490000
vn -0.03830000 0.23210000 -0.97190000
vn -0.01730000 0.22090000 -0.97510000
vn -0.00520000 0.21640000 -0.97630000
vn -0.20600000 0.31480000 -0.92650000
vn -0.13490000 0.25000000 -0.95880000
vn -0.08740000 0.21010000 -0.97380000
vn -0.05350000 0.18440000 -0.98140000
vn -0.02910000 0.16860000 -0.98530000
vn -0.01300000 0.16050000 -0.98690000
vn -0.00390000 0.15730000 -0.98750000
vn -0.18300000 0.25430000 -0.94970000
vn -0.11670000 0.19550000 -0.97370000
vn -0.07340000 0.16040000 -0.98430000
vn -0.04400000 0.13930000 -0.98930000
vn -0.02380000 0.12710000 -0.99160000
vn -0.01060000 0.12100000 -0.99260000
vn -0.00320000 0.11860000 -0.99290000
vn -0.16260000 0.20570000 -0.96500000
vn -0.10280000 0.15560000 -0.98240000
vn -0.06400000 0.12590000 -0.99000000
vn -0.03800000 0.10850000 -0.99340000
vn -0.02040000 0.09870000 -0.99490000
vn -0.00910000 0.09380000 -0.99550000
vn -0.00270000 0.09200000 -0.99580000
vn -0.14520000 0.16720000 -0.97520000
vn -0.09160000 0.12570000 -0.98780000
vn -0.05690000 0.10110000 -0.99330000
vn -0.03370000 0.08660000 -0.99570000
vn -0.01810000 0.07860000 -0.99670000
vn -0.00810000 0.07460000 -0.99720000
vn -0.00240000 0.07310000 -0.99730000
vn -0.13060000 0.13700000 -0.98190000
vn -0.08240000 0.10290000 -0.99130000
vn -0.05120000 0.08260000 -0.99530000
vn -0.03030000 0.07070000 -0.99700000
vn -0.01630000 0.06410000 -0.99780000
vn -0.00720000 0.06080000 -0.99810000
vn -0.00220000 0.05950000 -0.99820000
vn -0.11850000 0.11280000 -0.98650000
vn -0.07480000 0.08520000 -0.99360000
vn -0.04650000 0.06870000 -0.99660000
vn -0.02750000 0.05890000 -0.99790000
vn -0.01480000 0.05340000 -0.99850000
vn -0.00660000 0.05070000 -0.99870000
vn -0.00200000 0.04970000 -0.99880000
vn 0.48500000 0.81400000 0.31960000
vn 0.49600000 0.82630000 0.26690000
vn 0.50760000 0.84530000 0.16660000
vn 0.51200000 0.85900000 0.00160000
vn 0.49430000 0.84030000 -0.22250000
vn 0.44250000 0.76600000 -0.46630000
vn 0.36250000 0.64140000 -0.67620000
vn 0.43070000 0.83440000 0.34390000
vn 0.44140000 0.85110000 0.28440000
vn 0.45190000 0.87580000 0.16980000
vn 0.45350000 0.89100000 -0.02000000
vn 0.42970000 0.85970000 -0.27600000
vn 0.37050000 0.75670000 -0.53870000
vn 0.28890000 0.60310000 -0.74350000
vn 0.36260000 0.85790000 0.36400000
vn 0.37220000 0.87990000 0.29530000
vn 0.38070000 0.91040000 0.16190000
vn 0.37820000 0.92390000 -0.05750000
vn 0.34900000 0.87190000 -0.34350000
vn 0.28790000 0.73490000 -0.61410000
vn 0.21360000 0.55790000 -0.80200000
vn 0.27990000 0.88180000 0.37970000
vn 0.28770000 0.90930000 0.30070000
vn 0.29320000 0.94470000 0.14660000
vn 0.28680000 0.95250000 -0.10240000
vn 0.25570000 0.87520000 -0.41070000
vn 0.20090000 0.70700000 -0.67810000
vn 0.14250000 0.51590000 -0.84470000
vn 0.18750000 0.90140000 0.39040000
vn 0.19280000 0.93370000 0.30190000
vn 0.19540000 0.97220000 0.12910000
vn 0.18750000 0.97160000 -0.14410000
vn 0.16120000 0.87040000 -0.46520000
vn 0.12060000 0.67990000 -0.72330000
vn 0.08190000 0.48330000 -0.87160000
vn 0.09860000 0.91300000 0.39590000
vn 0.10130000 0.94830000 0.30070000
vn 0.10210000 0.98810000 0.11500000
vn 0.09640000 0.98010000 -0.17350000
vn 0.08030000 0.86230000 -0.50000000
vn 0.05780000 0.66000000 -0.74910000
vn 0.03800000 0.46330000 -0.88540000
vn 0.03300000 0.91690000 0.39780000
vn 0.03390000 0.95350000 0.29950000
vn 0.03400000 0.99360000 0.10760000
vn 0.03170000 0.98170000 -0.18790000
vn 0.02580000 0.85620000 -0.51600000
vn 0.01810000 0.64970000 -0.76000000
vn 0.01170000 0.45420000 -0.89080000
vn -0.07850000 -0.15500000 -0.98480000
vn -0.04940000 -0.15350000 -0.98690000
vn -0.03070000 -0.15250000 -0.98780000
vn -0.01820000 -0.15200000 -0.98820000
vn -0.00980000 -0.15160000 -0.98840000
vn -0.00430000 -0.15150000 -0.98850000
vn -0.00130000 -0.15140000 -0.98850000
vn -0.08190000 -0.15590000 -0.98440000
vn -0.05160000 -0.15440000 -0.98670000
vn -0.03200000 -0.15350000 -0.98760000
vn -0.01900000 -0.15290000 -0.98810000
vn -0.01020000 -0.15250000 -0.98820000
vn -0.00450000 -0.15240000 -0.98830000
vn -0.00140000 -0.15230000 -0.98830000
vn -0.08590000 -0.15470000 -0.98420000
vn -0.05420000 -0.15310000 -0.98670000
vn -0.03360000 -0.15220000 -0.98780000
vn -0.01990000 -0.15160000 -0.98820000
vn -0.01070000 -0.15120000 -0.98840000
vn -0.00480000 -0.15110000 -0.98850000
vn -0.00140000 -0.15100000 -0.98850000
vn -0.09060000 -0.15150000 -0.98430000
vn -0.05720000 -0.15000000 -0.98700000
vn -0.03550000 -0.14900000 -0.98820000
vn -0.02100000 -0.14840000 -0.98870000
vn -0.01130000 -0.14810000 -0.98890000
vn -0.00500000 -0.14790000 -0.98900000
vn -0.00150000 -0.14780000 -0.98900000
vn -0.09600000 -0.14640000 -0.98460000
vn -0.06060000 -0.14490000 -0.98760000
vn -0.03770000 -0.14390000 -0.98890000
vn -0.02230000 -0.14330000 -0.98940000
vn -0.01200000 -0.14290000 -0.98970000
vn -0.00530000 -0.14270000 -0.98970000
vn -0.00160000 -0.14270000 -0.98980000
vn -0.10200000 -0.13890000 -0.98500000
vn -0.06440000 -0.13740000 -0.98840000
vn -0.04000000 -0.13640000 -0.98980000
vn -0.02370000 -0.13580000 -0.99050000
vn -0.01270000 -0.13550000 -0.99070000
vn -0.00570000 -0.13530000 -0.99080000
vn -0.00170000 -0.13520000 -0.99080000
vn -0.10820000 -0.12810000 -0.98580000
vn -0.06830000 -0.12670000 -0.98960000
vn -0.04250000 -0.12580000 -0.99110000
vn -0.02510000 -0.12520000 -0.99180000
vn -0.01350000 -0.12490000 -0.99210000
vn -0.00600000 -0.12470000 -0.99220000
vn -0.00180000 -0.12460000 -0.99220000
vn -0.11980000 -0.09390000 -0.98830000
vn -0.07570000 -0.09280000 -0.99280000
vn -0.04710000 -0.09210000 -0.99460000
vn -0.02790000 -0.09160000 -0.99540000
vn -0.01500000 -0.09140000 -0.99570000
vn -0.00670000 -0.09120000 -0.99580000
vn -0.00200000 -0.09120000 -0.99580000
vn -0.12430000 -0.07150000 -0.98970000
vn -0.07860000 -0.07070000 -0.99440000
vn -0.04890000 -0.07010000 -0.99630000
vn -0.02890000 -0.06970000 -0.99710000
vn -0.01550000 -0.06950000 -0.99750000
vn -0.00690000 -0.06940000 -0.99760000
vn -0.00210000 -0.06940000 -0.99760000
vn -0.12760000 -0.04580000 -0.99080000
vn -0.08060000 -0.04520000 -0.99570000
vn -0.05020000 -0.04480000 -0.99770000
vn -0.02970000 -0.04460000 -0.99860000
vn -0.01600000 -0.04440000 -0.99890000
vn -0.00710000 -0.04430000 -0.99900000
vn -0.00210000 -0.04430000 -0.99900000
vn -0.12960000 -0.01630000 -0.99140000
vn -0.08190000 -0.01590000 -0.99650000
vn -0.05100000 -0.01570000 -0.99860000
vn -0.03020000 -0.01550000 -0.99940000
vn -0.01620000 -0.01540000 -0.99970000
vn -0.00720000 -0.01540000 -0.99990000
vn -0.00220000 -0.01540000 -0.99990000
vn -0.13050000 0.01790000 -0.99130000
vn -0.08250000 0.01810000 -0.99640000
vn -0.05130000 0.01820000 -0.99850000
vn -0.03040000 0.01820000 -0.99940000
vn -0.01630000 0.01820000 -0.99970000
vn -0.00730000 0.01820000 -0.99980000
vn -0.00220000 0.01820000 -0.99980000
vn -0.13030000 0.05770000 -0.98980000
vn -0.08240000 0.05760000 -0.99490000
vn -0.05120000 0.05760000 -0.99700000
vn -0.03030000 0.05750000 -0.99790000
vn -0.01630000 0.05750000 -0.99820000
vn -0.00730000 0.05750000 -0.99830000
vn -0.00220000 0.05740000 -0.99830000
vn -0.12940000 0.10380000 -0.98610000
vn -0.08180000 0.10370000 -0.99120000
vn -0.05090000 0.10360000 -0.99330000
vn -0.03010000 0.10340000 -0.99420000
vn -0.01620000 0.10330000 -0.99450000
vn -0.00720000 0.10330000 -0.99460000
vn -0.00220000 0.10330000 -0.99470000
vn -0.12550000 0.21790000 -0.96790000
vn -0.07900000 0.21760000 -0.97280000
vn -0.04870000 0.21720000 -0.97490000
vn -0.02830000 0.21670000 -0.97580000
vn -0.01460000 0.21620000 -0.97620000
vn -0.00600000 0.21570000 -0.97640000
vn -0.00150000 0.21540000 -0.97650000
vn -0.12210000 0.28290000 -0.95130000
vn -0.07620000 0.28220000 -0.95630000
vn -0.04610000 0.28140000 -0.95850000
vn -0.02540000 0.28040000 -0.95950000
vn -0.01160000 0.27930000 -0.96010000
vn -0.00340000 0.27810000 -0.96060000
vn 0.00010000 0.27710000 -0.96080000
vn -0.11750000 0.34830000 -0.93000000
vn -0.07300000 0.34700000 -0.93500000
vn -0.04310000 0.34580000 -0.93730000
vn -0.02190000 0.34440000 -0.93860000
vn -0.00760000 0.34260000 -0.93950000
vn 0.00040000 0.34060000 -0.94020000
vn 0.00260000 0.33900000 -0.94080000
vn -0.11210000 0.40840000 -0.90590000
vn -0.07070000 0.40630000 -0.91100000
vn -0.04190000 0.40500000 -0.91330000
vn -0.02050000 0.40380000 -0.91460000
vn -0.00520000 0.40200000 -0.91560000
vn 0.00330000 0.39970000 -0.91660000
vn 0.00470000 0.39750000 -0.91760000
vn -0.10670000 0.45590000 -0.88360000
vn -0.07080000 0.45360000 -0.88840000
vn -0.04480000 0.45310000 -0.89030000
vn -0.02420000 0.45310000 -0.89110000
vn -0.00810000 0.45260000 -0.89170000
vn 0.00210000 0.45110000 -0.89250000
vn 0.00480000 0.44910000 -0.89350000
vn -0.10280000 0.48450000 -0.86870000
vn -0.07370000 0.48270000 -0.87270000
vn -0.05160000 0.48390000 -0.87360000
vn -0.03340000 0.48610000 -0.87330000
vn -0.01810000 0.48820000 -0.87250000
vn -0.00570000 0.48940000 -0.87200000
vn 0.00110000 0.48880000 -0.87240000
vn -0.10190000 0.48940000 -0.86610000
vn -0.07760000 0.48980000 -0.86840000
vn -0.05870000 0.49290000 -0.86810000
vn -0.04340000 0.49730000 -0.86650000
vn -0.03050000 0.50250000 -0.86410000
vn -0.01810000 0.50760000 -0.86140000
vn -0.00670000 0.51110000 -0.85950000
vn -0.07170000 0.03260000 -0.99690000
vn -0.04520000 0.02850000 -0.99860000
vn -0.02810000 0.02600000 -0.99930000
vn -0.01660000 0.02450000 -0.99960000
vn -0.00890000 0.02370000 -0.99970000
vn -0.00400000 0.02330000 -0.99970000
vn -0.00120000 0.02310000 -0.99970000
vn -0.07020000 0.02840000 -0.99710000
vn -0.04420000 0.02490000 -0.99870000
vn -0.02740000 0.02290000 -0.99940000
vn -0.01620000 0.02160000 -0.99960000
vn -0.00870000 0.02090000 -0.99970000
vn -0.00390000 0.02060000 -0.99980000
vn -0.00120000 0.02040000 -0.99980000
vn -0.06890000 0.02250000 -0.99740000
vn -0.04340000 0.01970000 -0.99890000
vn -0.02690000 0.01800000 -0.99950000
vn -0.01590000 0.01700000 -0.99970000
vn -0.00860000 0.01650000 -0.99980000
vn -0.00380000 0.01620000 -0.99990000
vn -0.00110000 0.01610000 -0.99990000
vn -0.06780000 0.01520000 -0.99760000
vn -0.04270000 0.01300000 -0.99900000
vn -0.02650000 0.01170000 -0.99960000
vn -0.01570000 0.01090000 -0.99980000
vn -0.00840000 0.01040000 -0.99990000
vn -0.00370000 0.01020000 -0.99990000
vn -0.00110000 0.01010000 -0.99990000
vn -0.06690000 0.00660000 -0.99770000
vn -0.04210000 0.00490000 -0.99910000
vn -0.02620000 0.00390000 -0.99970000
vn -0.01550000 0.00330000 -0.99990000
vn -0.00830000 0.00300000 -1.00000000
vn -0.00370000 0.00280000 -1.00000000
vn -0.00110000 0.00270000 -1.00000000
vn -0.06620000 -0.00320000 -0.99780000
vn -0.04170000 -0.00430000 -0.99910000
vn -0.02590000 -0.00500000 -0.99970000
vn -0.01530000 -0.00540000 -0.99990000
vn -0.00820000 -0.00570000 -1.00000000
vn -0.00370000 -0.00580000 -1.00000000
vn -0.00110000 -0.00580000 -1.00000000
vn -0.06570000 -0.01380000 -0.99770000
vn -0.04140000 -0.01450000 -0.99900000
vn -0.02570000 -0.01490000 -0.99960000
vn -0.01520000 -0.01520000 -0.99980000
vn -0.00820000 -0.01530000 -0.99980000
vn -0.00360000 -0.01540000 -0.99990000
vn -0.00110000 -0.01540000 -0.99990000
vn -0.00000000 0.39390000 -0.91920000
vn -0.09750000 0.44610000 -0.88970000
vn -0.07600000 0.45120000 -0.88920000
vn -0.05690000 0.45700000 -0.88770000
vn -0.04090000 0.46400000 -0.88490000
vn -0.09170000 0.42250000 -0.90170000
vn -0.06990000 0.42740000 -0.90140000
vn -0.04880000 0.43300000 -0.90010000
vn -0.03050000 0.44070000 -0.89710000
vn -0.08440000 0.40140000 -0.91200000
vn -0.06110000 0.40530000 -0.91210000
vn -0.03730000 0.40980000 -0.91140000
vn -0.01650000 0.41790000 -0.90840000
vn -0.00000000 0.49740000 -0.86750000
vn 0.01420000 0.48430000 -0.87480000
vn 0.02750000 0.47300000 -0.88060000
vn 0.04090000 0.46400000 -0.88490000
vn -0.01420000 0.48430000 -0.87480000
vn -0.00000000 0.46670000 -0.88440000
vn 0.01490000 0.45200000 -0.89190000
vn 0.03050000 0.44070000 -0.89710000
vn -0.02750000 0.47300000 -0.88060000
vn -0.01490000 0.45200000 -0.89190000
vn -0.00000000 0.43310000 -0.90130000
vn 0.01650000 0.41790000 -0.90840000
vn 0.09750000 0.44610000 -0.88970000
vn 0.09170000 0.42250000 -0.90170000
vn 0.08440000 0.40140000 -0.91200000
vn 0.07590000 0.38080000 -0.92150000
vn 0.07600000 0.45120000 -0.88920000
vn 0.06990000 0.42740000 -0.90140000
vn 0.06110000 0.40530000 -0.91210000
vn 0.05130000 0.38360000 -0.92210000
vn 0.05690000 0.45700000 -0.88770000
vn 0.04880000 0.43300000 -0.90010000
vn 0.03730000 0.40980000 -0.91140000
vn 0.02620000 0.38660000 -0.92190000
vn 0.05170000 0.30850000 -0.94980000
vn 0.02940000 0.30510000 -0.95190000
vn 0.01250000 0.30230000 -0.95310000
vn -0.00000000 0.30110000 -0.95360000
vn 0.05910000 0.33560000 -0.94010000
vn 0.03440000 0.33550000 -0.94140000
vn 0.01480000 0.33460000 -0.94230000
vn -0.00000000 0.33410000 -0.94250000
vn 0.06740000 0.35940000 -0.93080000
vn 0.04210000 0.36100000 -0.93160000
vn 0.01920000 0.36220000 -0.93190000
vn -0.00000000 0.36340000 -0.93160000
vn -0.05160000 0.30850000 -0.94980000
vn -0.05910000 0.33560000 -0.94010000
vn -0.06740000 0.35940000 -0.93080000
vn -0.07600000 0.38080000 -0.92150000
vn -0.02940000 0.30510000 -0.95190000
vn -0.03440000 0.33550000 -0.94140000
vn -0.04210000 0.36100000 -0.93160000
vn -0.05130000 0.38360000 -0.92210000
vn -0.01250000 0.30230000 -0.95310000
vn -0.01480000 0.33460000 -0.94230000
vn -0.01920000 0.36220000 -0.93190000
vn -0.02620000 0.38660000 -0.92190000
vn 0.27090000 0.47020000 0.84000000
vn 0.32460000 0.57720000 0.74930000
vn 0.37240000 0.66640000 0.64590000
vn 0.41030000 0.73270000 0.54300000
vn 0.43760000 0.77530000 0.45540000
vn 0.45590000 0.79820000 0.39370000
vn 0.46810000 0.80800000 0.35790000
vn 0.21430000 0.42730000 0.87840000
vn 0.26450000 0.54630000 0.79470000
vn 0.31200000 0.64990000 0.69300000
vn 0.35160000 0.72930000 0.58690000
vn 0.38100000 0.78160000 0.49390000
vn 0.40090000 0.81080000 0.42650000
vn 0.41390000 0.82410000 0.38660000
vn 0.15890000 0.38430000 0.90940000
vn 0.20170000 0.51150000 0.83530000
vn 0.24500000 0.62870000 0.73800000
vn 0.28320000 0.72260000 0.63050000
vn 0.31280000 0.78680000 0.53210000
vn 0.33340000 0.82420000 0.45770000
vn 0.34670000 0.84240000 0.41250000
vn 0.10700000 0.34760000 0.93150000
vn 0.13950000 0.47910000 0.86660000
vn 0.17480000 0.60660000 0.77550000
vn 0.20790000 0.71350000 0.66910000
vn 0.23480000 0.78990000 0.56650000
vn 0.25390000 0.83660000 0.48530000
vn 0.26620000 0.86040000 0.43460000
vn 0.06220000 0.32050000 0.94520000
vn 0.08360000 0.45330000 0.88740000
vn 0.10810000 0.58690000 0.80240000
vn 0.13240000 0.70350000 0.69820000
vn 0.15300000 0.79040000 0.59320000
vn 0.16800000 0.84560000 0.50670000
vn 0.17750000 0.87460000 0.45120000
vn 0.02920000 0.30440000 0.95210000
vn 0.04020000 0.43680000 0.89870000
vn 0.05330000 0.57290000 0.81790000
vn 0.06690000 0.69500000 0.71590000
vn 0.07880000 0.78870000 0.60970000
vn 0.08750000 0.84980000 0.51980000
vn 0.09300000 0.88250000 0.46100000
vn 0.00900000 0.29730000 0.95470000
vn 0.01270000 0.42890000 0.90330000
vn 0.01710000 0.56560000 0.82450000
vn 0.02180000 0.68980000 0.72360000
vn 0.02600000 0.78650000 0.61700000
vn 0.02910000 0.85040000 0.52530000
vn 0.03100000 0.88490000 0.46480000
vn 0.16550000 0.02800000 0.98580000
vn 0.16530000 0.03430000 0.98570000
vn 0.16530000 0.03910000 0.98550000
vn 0.16570000 0.04280000 0.98530000
vn 0.16630000 0.04540000 0.98500000
vn 0.16710000 0.04700000 0.98480000
vn 0.16810000 0.04760000 0.98460000
vn 0.25750000 0.02680000 0.96590000
vn 0.25710000 0.03160000 0.96590000
vn 0.25720000 0.03520000 0.96570000
vn 0.25770000 0.03790000 0.96550000
vn 0.25850000 0.03950000 0.96520000
vn 0.25970000 0.04030000 0.96480000
vn 0.26120000 0.04010000 0.96440000
vn 0.39520000 0.02430000 0.91830000
vn 0.39460000 0.02680000 0.91850000
vn 0.39470000 0.02840000 0.91840000
vn 0.39540000 0.02940000 0.91810000
vn 0.39650000 0.02950000 0.91750000
vn 0.39820000 0.02900000 0.91690000
vn 0.40020000 0.02780000 0.91600000
vn 0.58860000 0.01930000 0.80820000
vn 0.58780000 0.01820000 0.80880000
vn 0.58780000 0.01680000 0.80880000
vn 0.58850000 0.01510000 0.80830000
vn 0.58980000 0.01310000 0.80750000
vn 0.59150000 0.01070000 0.80620000
vn 0.59370000 0.00790000 0.80460000
vn 0.80230000 0.01100000 0.59680000
vn 0.80160000 0.00510000 0.59780000
vn 0.80140000 -0.00030000 0.59810000
vn 0.80180000 -0.00540000 0.59760000
vn 0.80250000 -0.01020000 0.59660000
vn 0.80360000 -0.01480000 0.59490000
vn 0.80510000 -0.01940000 0.59290000
vn 0.94730000 0.00110000 0.32040000
vn 0.94680000 -0.00910000 0.32160000
vn 0.94650000 -0.01810000 0.32210000
vn 0.94640000 -0.02610000 0.32210000
vn 0.94630000 -0.03330000 0.32150000
vn 0.94640000 -0.03980000 0.32040000
vn 0.94670000 -0.04570000 0.31900000
vn 0.99460000 -0.00620000 0.10310000
vn 0.99440000 -0.01890000 0.10430000
vn 0.99400000 -0.02990000 0.10500000
vn 0.99360000 -0.03950000 0.10550000
vn 0.99330000 -0.04790000 0.10560000
vn 0.99290000 -0.05530000 0.10550000
vn 0.99250000 -0.06180000 0.10530000
vn 0.16700000 0.01260000 0.98590000
vn 0.25980000 0.01500000 0.96560000
vn 0.39840000 0.01830000 0.91700000
vn 0.59240000 0.02230000 0.80530000
vn 0.80530000 0.02560000 0.59220000
vn 0.94840000 0.02640000 0.31580000
vn 0.99470000 0.02520000 0.09980000
vn 0.16830000 0.00570000 0.98570000
vn 0.26180000 0.01010000 0.96510000
vn 0.40130000 0.01680000 0.91580000
vn 0.59570000 0.02590000 0.80280000
vn 0.80770000 0.03570000 0.58850000
vn 0.94900000 0.04200000 0.31240000
vn 0.99430000 0.04390000 0.09760000
vn 0.17010000 0.00010000 0.98540000
vn 0.26440000 0.00690000 0.96440000
vn 0.40490000 0.01710000 0.91420000
vn 0.59990000 0.03160000 0.79950000
vn 0.81060000 0.04790000 0.58370000
vn 0.94950000 0.05970000 0.30810000
vn 0.99340000 0.06440000 0.09500000
vn 0.17230000 -0.00380000 0.98500000
vn 0.26780000 0.00540000 0.96350000
vn 0.40960000 0.01950000 0.91210000
vn 0.60500000 0.03950000 0.79520000
vn 0.81390000 0.06230000 0.57770000
vn 0.94970000 0.07920000 0.30290000
vn 0.99200000 0.08650000 0.09210000
vn 0.17510000 -0.00600000 0.98450000
vn 0.27190000 0.00590000 0.96230000
vn 0.41520000 0.02410000 0.90940000
vn 0.61110000 0.04980000 0.79000000
vn 0.81750000 0.07890000 0.57050000
vn 0.94960000 0.10050000 0.29690000
vn 0.99000000 0.10980000 0.08890000
vn 0.17840000 -0.00610000 0.98390000
vn 0.27680000 0.00860000 0.96090000
vn 0.42180000 0.03100000 0.90620000
vn 0.61800000 0.06250000 0.78370000
vn 0.82150000 0.09760000 0.56190000
vn 0.94910000 0.12320000 0.28990000
vn 0.98730000 0.13420000 0.08540000
vn 0.18230000 -0.00420000 0.98320000
vn 0.28260000 0.01360000 0.95910000
vn 0.42950000 0.04030000 0.90220000
vn 0.62590000 0.07750000 0.77600000
vn 0.82560000 0.11810000 0.55180000
vn 0.94810000 0.14690000 0.28210000
vn 0.98390000 0.15900000 0.08170000
vn 0.19880000 0.13090000 0.97130000
vn 0.20710000 0.13130000 0.96950000
vn 0.21700000 0.12960000 0.96750000
vn 0.22840000 0.12610000 0.96540000
vn 0.24140000 0.12070000 0.96290000
vn 0.25540000 0.11340000 0.96020000
vn 0.26990000 0.10350000 0.95730000
vn 0.30660000 0.11900000 0.94440000
vn 0.31860000 0.11910000 0.94040000
vn 0.33270000 0.11690000 0.93570000
vn 0.34890000 0.11300000 0.93030000
vn 0.36700000 0.10730000 0.92400000
vn 0.38640000 0.09990000 0.91690000
vn 0.40610000 0.09040000 0.90940000
vn 0.46110000 0.09830000 0.88190000
vn 0.47650000 0.09770000 0.87370000
vn 0.49430000 0.09500000 0.86410000
vn 0.51440000 0.09060000 0.85280000
vn 0.53610000 0.08470000 0.83990000
vn 0.55880000 0.07750000 0.82570000
vn 0.58120000 0.06880000 0.81090000
vn 0.65950000 0.06360000 0.74900000
vn 0.67480000 0.06240000 0.73530000
vn 0.69210000 0.05940000 0.71940000
vn 0.71080000 0.05510000 0.70130000
vn 0.73030000 0.04980000 0.68130000
vn 0.74980000 0.04380000 0.66020000
vn 0.76830000 0.03740000 0.63900000
vn 0.85040000 0.01590000 0.52580000
vn 0.85990000 0.01490000 0.51020000
vn 0.87020000 0.01280000 0.49250000
vn 0.88100000 0.01000000 0.47310000
vn 0.89170000 0.00700000 0.45250000
vn 0.90200000 0.00400000 0.43170000
vn 0.91130000 0.00140000 0.41180000
vn 0.96220000 -0.03080000 0.27080000
vn 0.96510000 -0.03060000 0.26010000
vn 0.96820000 -0.03080000 0.24840000
vn 0.97130000 -0.03100000 0.23580000
vn 0.97430000 -0.03100000 0.22290000
vn 0.97720000 -0.03040000 0.21030000
vn 0.97970000 -0.02880000 0.19850000
vn 0.99440000 -0.06100000 0.08650000
vn 0.99480000 -0.05970000 0.08240000
vn 0.99530000 -0.05830000 0.07790000
vn 0.99570000 -0.05660000 0.07320000
vn 0.99620000 -0.05430000 0.06840000
vn 0.99660000 -0.05130000 0.06380000
vn 0.99710000 -0.04700000 0.05960000
vn 0.19240000 0.00550000 0.98130000
vn 0.29740000 0.03000000 0.95430000
vn 0.44870000 0.06620000 0.89120000
vn 0.64450000 0.11490000 0.75600000
vn 0.83390000 0.16490000 0.52680000
vn 0.94410000 0.19830000 0.26350000
vn 0.97470000 0.21130000 0.07340000
vn 0.19880000 0.01230000 0.98000000
vn 0.30650000 0.04110000 0.95100000
vn 0.46020000 0.08320000 0.88390000
vn 0.65490000 0.13840000 0.74300000
vn 0.83740000 0.19330000 0.51130000
vn 0.94020000 0.22840000 0.25260000
vn 0.96790000 0.24170000 0.06890000
vn 0.20620000 0.02060000 0.97830000
vn 0.31710000 0.05460000 0.94680000
vn 0.47320000 0.10380000 0.87490000
vn 0.66560000 0.16630000 0.72750000
vn 0.83970000 0.22610000 0.49380000
vn 0.93430000 0.26290000 0.24090000
vn 0.95890000 0.27630000 0.06460000
vn 0.21490000 0.03090000 0.97610000
vn 0.32930000 0.07140000 0.94150000
vn 0.48730000 0.12880000 0.86370000
vn 0.67610000 0.19940000 0.70930000
vn 0.83990000 0.26410000 0.47420000
vn 0.92540000 0.30220000 0.22870000
vn 0.94700000 0.31560000 0.06080000
vn 0.22510000 0.04410000 0.97330000
vn 0.34310000 0.09260000 0.93470000
vn 0.50250000 0.15970000 0.84970000
vn 0.68560000 0.23900000 0.68770000
vn 0.83680000 0.30810000 0.45250000
vn 0.91250000 0.34700000 0.21650000
vn 0.93100000 0.36020000 0.05830000
vn 0.23710000 0.06110000 0.96960000
vn 0.35870000 0.11960000 0.92580000
vn 0.51800000 0.19800000 0.83220000
vn 0.69240000 0.28630000 0.66230000
vn 0.82880000 0.35890000 0.42920000
vn 0.89410000 0.39800000 0.20520000
vn 0.90980000 0.41080000 0.05830000
vn 0.25100000 0.08390000 0.96430000
vn 0.37580000 0.15480000 0.91370000
vn 0.53270000 0.24590000 0.80980000
vn 0.69460000 0.34240000 0.63270000
vn 0.81370000 0.41710000 0.40500000
vn 0.86830000 0.45560000 0.19620000
vn 0.88160000 0.46790000 0.06220000
vn 0.31670000 -0.09460000 0.94380000
vn 0.46630000 -0.08600000 0.88040000
vn 0.64430000 -0.07100000 0.76150000
vn 0.81490000 -0.04930000 0.57750000
vn 0.93210000 -0.02500000 0.36140000
vn 0.98460000 -0.00460000 0.17470000
vn 0.99830000 0.00790000 0.05740000
vn 0.31880000 -0.05340000 0.94630000
vn 0.46910000 -0.04860000 0.88180000
vn 0.64730000 -0.04040000 0.76110000
vn 0.81740000 -0.02830000 0.57540000
vn 0.93340000 -0.01480000 0.35850000
vn 0.98510000 -0.00360000 0.17190000
vn 0.99850000 0.00330000 0.05480000
vn 0.31920000 -0.01890000 0.94750000
vn 0.46980000 -0.01790000 0.88260000
vn 0.64820000 -0.01590000 0.76130000
vn 0.81830000 -0.01250000 0.57470000
vn 0.93410000 -0.00860000 0.35700000
vn 0.98540000 -0.00510000 0.17000000
vn 0.99860000 -0.00300000 0.05290000
vn 0.31750000 0.01010000 0.94820000
vn 0.46780000 0.00760000 0.88380000
vn 0.64640000 0.00400000 0.76300000
vn 0.81720000 -0.00050000 0.57630000
vn 0.93380000 -0.00500000 0.35780000
vn 0.98550000 -0.00830000 0.16970000
vn 0.99860000 -0.01020000 0.05180000
vn 0.31320000 0.03470000 0.94900000
vn 0.46240000 0.02900000 0.88620000
vn 0.64120000 0.02040000 0.76710000
vn 0.81370000 0.00890000 0.58130000
vn 0.93240000 -0.00310000 0.36150000
vn 0.98520000 -0.01250000 0.17110000
vn 0.99850000 -0.01800000 0.05150000
vn 0.30620000 0.05580000 0.95030000
vn 0.45350000 0.04750000 0.89000000
vn 0.63210000 0.03440000 0.77410000
vn 0.80720000 0.01670000 0.59000000
vn 0.92960000 -0.00200000 0.36860000
vn 0.98450000 -0.01700000 0.17450000
vn 0.99830000 -0.02590000 0.05210000
vn 0.29630000 0.07430000 0.95220000
vn 0.44080000 0.06380000 0.89530000
vn 0.61890000 0.04700000 0.78410000
vn 0.79750000 0.02380000 0.60280000
vn 0.92520000 -0.00130000 0.37940000
vn 0.98340000 -0.02160000 0.18020000
vn 0.99800000 -0.03370000 0.05370000
vn 0.28490000 0.15300000 0.94630000
vn 0.41140000 0.25410000 0.87530000
vn 0.55190000 0.36920000 0.74770000
vn 0.67640000 0.47420000 0.56350000
vn 0.75660000 0.54540000 0.36060000
vn 0.79180000 0.57960000 0.19240000
vn 0.80220000 0.59040000 0.08860000
vn 0.30400000 0.19850000 0.93180000
vn 0.42780000 0.31310000 0.84790000
vn 0.55470000 0.43430000 0.70970000
vn 0.65780000 0.53630000 0.52890000
vn 0.72030000 0.60140000 0.34560000
vn 0.74830000 0.63220000 0.20080000
vn 0.75820000 0.64210000 0.11280000
vn 0.32310000 0.25070000 0.91260000
vn 0.44130000 0.37520000 0.81510000
vn 0.55220000 0.49670000 0.66960000
vn 0.63470000 0.59120000 0.49760000
vn 0.68240000 0.64860000 0.33720000
vn 0.70490000 0.67560000 0.21590000
vn 0.71470000 0.68470000 0.14320000
vn 0.34020000 0.30850000 0.88830000
vn 0.44960000 0.43780000 0.77860000
vn 0.54330000 0.55430000 0.63060000
vn 0.60750000 0.63850000 0.47260000
vn 0.64380000 0.68750000 0.33600000
vn 0.66230000 0.71080000 0.23690000
vn 0.67200000 0.71880000 0.17810000
vn 0.35260000 0.36900000 0.86000000
vn 0.45020000 0.49710000 0.74180000
vn 0.52670000 0.60410000 0.59800000
vn 0.57620000 0.67710000 0.45770000
vn 0.60460000 0.71860000 0.34350000
vn 0.62070000 0.73860000 0.26300000
vn 0.63040000 0.74570000 0.21580000
vn 0.35740000 0.42660000 0.83080000
vn 0.44060000 0.54820000 0.71090000
vn 0.50130000 0.64310000 0.57880000
vn 0.54070000 0.70600000 0.45750000
vn 0.56500000 0.74210000 0.36070000
vn 0.58010000 0.75990000 0.29350000
vn 0.59010000 0.76620000 0.25440000
vn 0.35200000 0.47500000 0.80650000
vn 0.41730000 0.58440000 0.69600000
vn 0.46660000 0.66720000 0.58060000
vn 0.50140000 0.72390000 0.47380000
vn 0.52500000 0.75810000 0.38680000
vn 0.54040000 0.77540000 0.32670000
vn 0.55100000 0.78180000 0.29190000
vn 0.04800000 -0.41560000 0.90830000
vn 0.10510000 -0.37230000 0.92220000
vn 0.19790000 -0.29790000 0.93380000
vn 0.35270000 -0.16150000 0.92170000
vn 0.57020000 0.07140000 0.81840000
vn 0.74710000 0.34430000 0.56860000
vn 0.79860000 0.51700000 0.30810000
vn 0.10280000 -0.41640000 0.90340000
vn 0.17550000 -0.37450000 0.91050000
vn 0.29020000 -0.30340000 0.90760000
vn 0.47100000 -0.17560000 0.86450000
vn 0.69460000 0.02820000 0.71880000
vn 0.84930000 0.24870000 0.46570000
vn 0.88960000 0.38770000 0.24160000
vn 0.15780000 -0.39510000 0.90500000
vn 0.25010000 -0.35580000 0.90050000
vn 0.38890000 -0.28860000 0.87490000
vn 0.58680000 -0.17240000 0.79110000
vn 0.79440000 -0.00440000 0.60740000
vn 0.91710000 0.16130000 0.36460000
vn 0.94780000 0.26420000 0.17860000
vn 0.20990000 -0.35690000 0.91030000
vn 0.32300000 -0.32110000 0.89030000
vn 0.48280000 -0.25970000 0.83630000
vn 0.68300000 -0.15950000 0.71280000
vn 0.86130000 -0.02880000 0.50720000
vn 0.95460000 0.09010000 0.28390000
vn 0.97820000 0.16290000 0.12910000
vn 0.25430000 -0.30770000 0.91690000
vn 0.38420000 -0.27700000 0.88070000
vn 0.55630000 -0.22450000 0.80010000
vn 0.74790000 -0.14360000 0.64810000
vn 0.89910000 -0.04600000 0.43530000
vn 0.97230000 0.03850000 0.23040000
vn 0.99130000 0.09000000 0.09590000
vn 0.28620000 -0.25340000 0.92410000
vn 0.42680000 -0.22910000 0.87490000
vn 0.60310000 -0.18760000 0.77530000
vn 0.78470000 -0.12580000 0.60700000
vn 0.91770000 -0.05420000 0.39360000
vn 0.97970000 0.00660000 0.20020000
vn 0.99610000 0.04400000 0.07630000
vn 0.30440000 -0.19770000 0.93180000
vn 0.45040000 -0.17980000 0.87450000
vn 0.62780000 -0.14890000 0.76400000
vn 0.80270000 -0.10330000 0.58740000
vn 0.92620000 -0.05130000 0.37360000
vn 0.98270000 -0.00730000 0.18530000
vn 0.99760000 0.01990000 0.06580000
vn 0.17060000 0.05220000 0.98390000
vn 0.17220000 0.06260000 0.98310000
vn 0.17410000 0.07650000 0.98170000
vn 0.17640000 0.09070000 0.98010000
vn 0.17910000 0.10320000 0.97840000
vn 0.18250000 0.11350000 0.97660000
vn 0.18670000 0.12160000 0.97490000
vn 0.26510000 0.04360000 0.96320000
vn 0.26750000 0.05340000 0.96210000
vn 0.27030000 0.06690000 0.96050000
vn 0.27360000 0.08060000 0.95840000
vn 0.27770000 0.09280000 0.95620000
vn 0.28270000 0.10280000 0.95370000
vn 0.28900000 0.11060000 0.95090000
vn 0.40540000 0.02930000 0.91360000
vn 0.40880000 0.03810000 0.91180000
vn 0.41270000 0.05050000 0.90950000
vn 0.41730000 0.06340000 0.90660000
vn 0.42280000 0.07490000 0.90310000
vn 0.42960000 0.08420000 0.89910000
vn 0.43800000 0.09130000 0.89440000
vn 0.59960000 0.00650000 0.80020000
vn 0.60350000 0.01330000 0.79730000
vn 0.60790000 0.02370000 0.79360000
vn 0.61310000 0.03480000 0.78920000
vn 0.61920000 0.04470000 0.78390000
vn 0.62660000 0.05270000 0.77760000
vn 0.63550000 0.05860000 0.76980000
vn 0.80920000 -0.02430000 0.58710000
vn 0.81200000 -0.02040000 0.58320000
vn 0.81540000 -0.01330000 0.57880000
vn 0.81920000 -0.00530000 0.57350000
vn 0.82360000 0.00210000 0.56720000
vn 0.82870000 0.00810000 0.55960000
vn 0.83480000 0.01240000 0.55030000
vn 0.94770000 -0.05350000 0.31470000
vn 0.94870000 -0.05280000 0.31180000
vn 0.95000000 -0.04950000 0.30840000
vn 0.95140000 -0.04500000 0.30460000
vn 0.95310000 -0.04060000 0.30000000
vn 0.95500000 -0.03680000 0.29450000
vn 0.95710000 -0.03380000 0.28790000
vn 0.99200000 -0.07120000 0.10390000
vn 0.99200000 -0.07270000 0.10280000
vn 0.99220000 -0.07220000 0.10150000
vn 0.99250000 -0.07040000 0.09990000
vn 0.99280000 -0.06820000 0.09810000
vn 0.99320000 -0.06590000 0.09590000
vn 0.99360000 -0.06390000 0.09330000
vn -0.16550000 0.02800000 0.98580000
vn -0.25750000 0.02680000 0.96590000
vn -0.39520000 0.02430000 0.91830000
vn -0.58860000 0.01930000 0.80820000
vn -0.80230000 0.01100000 0.59680000
vn -0.94730000 0.00110000 0.32040000
vn -0.99460000 -0.00620000 0.10310000
vn -0.16530000 0.03430000 0.98570000
vn -0.25710000 0.03160000 0.96590000
vn -0.39460000 0.02680000 0.91850000
vn -0.58780000 0.01820000 0.80880000
vn -0.80160000 0.00510000 0.59780000
vn -0.94680000 -0.00910000 0.32160000
vn -0.99440000 -0.01890000 0.10430000
vn -0.16530000 0.03910000 0.98550000
vn -0.25720000 0.03520000 0.96570000
vn -0.39470000 0.02840000 0.91840000
vn -0.58780000 0.01680000 0.80880000
vn -0.80140000 -0.00030000 0.59810000
vn -0.94650000 -0.01810000 0.32210000
vn -0.99400000 -0.02990000 0.10500000
vn -0.16570000 0.04280000 0.98530000
vn -0.25770000 0.03790000 0.96550000
vn -0.39540000 0.02940000 0.91810000
vn -0.58850000 0.01510000 0.80840000
vn -0.80180000 -0.00540000 0.59760000
vn -0.94640000 -0.02610000 0.32210000
vn -0.99360000 -0.03950000 0.10550000
vn -0.16620000 0.04540000 0.98500000
vn -0.25850000 0.03950000 0.96520000
vn -0.39650000 0.02950000 0.91750000
vn -0.58980000 0.01310000 0.80750000
vn -0.80250000 -0.01020000 0.59660000
vn -0.94630000 -0.03330000 0.32150000
vn -0.99320000 -0.04790000 0.10560000
vn -0.16710000 0.04700000 0.98480000
vn -0.25970000 0.04030000 0.96480000
vn -0.39810000 0.02900000 0.91690000
vn -0.59150000 0.01070000 0.80620000
vn -0.80360000 -0.01480000 0.59500000
vn -0.94640000 -0.03980000 0.32050000
vn -0.99290000 -0.05530000 0.10560000
vn -0.16810000 0.04760000 0.98460000
vn -0.26120000 0.04010000 0.96440000
vn -0.40020000 0.02780000 0.91600000
vn -0.59370000 0.00790000 0.80460000
vn -0.80510000 -0.01940000 0.59290000
vn -0.94660000 -0.04570000 0.31900000
vn -0.99250000 -0.06180000 0.10530000
vn -0.16700000 0.01260000 0.98590000
vn -0.16830000 0.00570000 0.98570000
vn -0.17010000 0.00010000 0.98540000
vn -0.17230000 -0.00380000 0.98500000
vn -0.17510000 -0.00600000 0.98450000
vn -0.17840000 -0.00610000 0.98390000
vn -0.18230000 -0.00420000 0.98320000
vn -0.25980000 0.01500000 0.96560000
vn -0.26180000 0.01010000 0.96510000
vn -0.26440000 0.00690000 0.96440000
vn -0.26780000 0.00540000 0.96350000
vn -0.27190000 0.00590000 0.96230000
vn -0.27680000 0.00860000 0.96090000
vn -0.28260000 0.01360000 0.95910000
vn -0.39840000 0.01830000 0.91700000
vn -0.40120000 0.01680000 0.91580000
vn -0.40490000 0.01710000 0.91420000
vn -0.40960000 0.01950000 0.91210000
vn -0.41520000 0.02410000 0.90940000
vn -0.42180000 0.03100000 0.90620000
vn -0.42950000 0.04030000 0.90220000
vn -0.59240000 0.02230000 0.80530000
vn -0.59570000 0.02590000 0.80280000
vn -0.59990000 0.03160000 0.79950000
vn -0.60500000 0.03950000 0.79520000
vn -0.61110000 0.04980000 0.79000000
vn -0.61800000 0.06250000 0.78370000
vn -0.62590000 0.07750000 0.77600000
vn -0.80530000 0.02560000 0.59230000
vn -0.80770000 0.03570000 0.58850000
vn -0.81060000 0.04790000 0.58370000
vn -0.81390000 0.06230000 0.57770000
vn -0.81750000 0.07890000 0.57050000
vn -0.82150000 0.09760000 0.56190000
vn -0.82560000 0.11810000 0.55180000
vn -0.94840000 0.02640000 0.31580000
vn -0.94900000 0.04200000 0.31240000
vn -0.94950000 0.05970000 0.30810000
vn -0.94970000 0.07920000 0.30290000
vn -0.94960000 0.10050000 0.29690000
vn -0.94910000 0.12320000 0.28990000
vn -0.94810000 0.14690000 0.28210000
vn -0.99470000 0.02520000 0.09980000
vn -0.99430000 0.04390000 0.09760000
vn -0.99340000 0.06440000 0.09500000
vn -0.99200000 0.08650000 0.09210000
vn -0.99000000 0.10980000 0.08890000
vn -0.98730000 0.13420000 0.08540000
vn -0.98390000 0.15900000 0.08170000
vn -0.19880000 0.13090000 0.97130000
vn -0.30660000 0.11900000 0.94440000
vn -0.46110000 0.09830000 0.88190000
vn -0.65950000 0.06360000 0.74900000
vn -0.85040000 0.01590000 0.52580000
vn -0.96220000 -0.03080000 0.27080000
vn -0.99440000 -0.06100000 0.08660000
vn -0.20710000 0.13130000 0.96950000
vn -0.31860000 0.11910000 0.94040000
vn -0.47650000 0.09770000 0.87370000
vn -0.67480000 0.06240000 0.73530000
vn -0.85990000 0.01490000 0.51020000
vn -0.96510000 -0.03060000 0.26010000
vn -0.99480000 -0.05970000 0.08240000
vn -0.21700000 0.12960000 0.96750000
vn -0.33270000 0.11690000 0.93570000
vn -0.49430000 0.09500000 0.86410000
vn -0.69210000 0.05940000 0.71940000
vn -0.87020000 0.01280000 0.49250000
vn -0.96820000 -0.03080000 0.24840000
vn -0.99530000 -0.05830000 0.07790000
vn -0.22840000 0.12610000 0.96540000
vn -0.34890000 0.11300000 0.93030000
vn -0.51440000 0.09060000 0.85280000
vn -0.71080000 0.05510000 0.70130000
vn -0.88100000 0.01010000 0.47310000
vn -0.97130000 -0.03100000 0.23580000
vn -0.99570000 -0.05660000 0.07320000
vn -0.24140000 0.12070000 0.96290000
vn -0.36700000 0.10730000 0.92400000
vn -0.53610000 0.08470000 0.83990000
vn -0.73030000 0.04980000 0.68130000
vn -0.89170000 0.00700000 0.45260000
vn -0.97430000 -0.03100000 0.22290000
vn -0.99620000 -0.05430000 0.06840000
vn -0.25540000 0.11340000 0.96020000
vn -0.38640000 0.09990000 0.91690000
vn -0.55880000 0.07750000 0.82570000
vn -0.74980000 0.04380000 0.66020000
vn -0.90200000 0.00400000 0.43170000
vn -0.97720000 -0.03040000 0.21030000
vn -0.99660000 -0.05130000 0.06380000
vn -0.26990000 0.10350000 0.95730000
vn -0.40610000 0.09040000 0.90940000
vn -0.58120000 0.06880000 0.81090000
vn -0.76830000 0.03740000 0.63900000
vn -0.91130000 0.00140000 0.41180000
vn -0.97970000 -0.02880000 0.19850000
vn -0.99710000 -0.04700000 0.05960000
vn -0.19240000 0.00550000 0.98130000
vn -0.19880000 0.01230000 0.98000000
vn -0.20620000 0.02060000 0.97830000
vn -0.21490000 0.03090000 0.97610000
vn -0.22510000 0.04410000 0.97330000
vn -0.23710000 0.06110000 0.96960000
vn -0.25100000 0.08390000 0.96430000
vn -0.29730000 0.03000000 0.95430000
vn -0.30650000 0.04110000 0.95100000
vn -0.31710000 0.05460000 0.94680000
vn -0.32930000 0.07140000 0.94150000
vn -0.34310000 0.09260000 0.93470000
vn -0.35870000 0.11960000 0.92580000
vn -0.37580000 0.15480000 0.91370000
vn -0.44870000 0.06620000 0.89120000
vn -0.46020000 0.08320000 0.88390000
vn -0.47320000 0.10380000 0.87490000
vn -0.48730000 0.12880000 0.86370000
vn -0.50240000 0.15970000 0.84970000
vn -0.51800000 0.19800000 0.83220000
vn -0.53270000 0.24590000 0.80980000
vn -0.64450000 0.11490000 0.75600000
vn -0.65490000 0.13840000 0.74300000
vn -0.66560000 0.16630000 0.72750000
vn -0.67610000 0.19940000 0.70930000
vn -0.68560000 0.23900000 0.68770000
vn -0.69240000 0.28630000 0.66230000
vn -0.69460000 0.34240000 0.63270000
vn -0.83380000 0.16490000 0.52680000
vn -0.83740000 0.19330000 0.51130000
vn -0.83970000 0.22610000 0.49380000
vn -0.83990000 0.26410000 0.47420000
vn -0.83680000 0.30810000 0.45250000
vn -0.82880000 0.35890000 0.42920000
vn -0.81370000 0.41710000 0.40500000
vn -0.94410000 0.19830000 0.26350000
vn -0.94020000 0.22840000 0.25260000
vn -0.93430000 0.26290000 0.24090000
vn -0.92540000 0.30220000 0.22870000
vn -0.91250000 0.34700000 0.21650000
vn -0.89410000 0.39800000 0.20520000
vn -0.86830000 0.45560000 0.19620000
vn -0.97470000 0.21130000 0.07340000
vn -0.96790000 0.24170000 0.06890000
vn -0.95890000 0.27630000 0.06460000
vn -0.94700000 0.31560000 0.06080000
vn -0.93100000 0.36020000 0.05840000
vn -0.90980000 0.41080000 0.05830000
vn -0.88160000 0.46790000 0.06220000
vn -0.31670000 -0.09460000 0.94380000
vn -0.31880000 -0.05340000 0.94630000
vn -0.31920000 -0.01890000 0.94750000
vn -0.31750000 0.01010000 0.94820000
vn -0.31320000 0.03470000 0.94900000
vn -0.30620000 0.05580000 0.95030000
vn -0.29630000 0.07430000 0.95220000
vn -0.46630000 -0.08600000 0.88040000
vn -0.46910000 -0.04860000 0.88180000
vn -0.46980000 -0.01790000 0.88260000
vn -0.46780000 0.00760000 0.88380000
vn -0.46240000 0.02900000 0.88620000
vn -0.45350000 0.04750000 0.89000000
vn -0.44080000 0.06380000 0.89530000
vn -0.64430000 -0.07100000 0.76150000
vn -0.64730000 -0.04040000 0.76110000
vn -0.64820000 -0.01590000 0.76130000
vn -0.64640000 0.00400000 0.76300000
vn -0.64110000 0.02040000 0.76710000
vn -0.63210000 0.03440000 0.77410000
vn -0.61890000 0.04700000 0.78410000
vn -0.81490000 -0.04930000 0.57750000
vn -0.81740000 -0.02830000 0.57540000
vn -0.81830000 -0.01250000 0.57470000
vn -0.81720000 -0.00050000 0.57630000
vn -0.81370000 0.00890000 0.58130000
vn -0.80720000 0.01670000 0.59000000
vn -0.79750000 0.02380000 0.60280000
vn -0.93210000 -0.02500000 0.36140000
vn -0.93340000 -0.01480000 0.35850000
vn -0.93410000 -0.00860000 0.35700000
vn -0.93380000 -0.00500000 0.35780000
vn -0.93240000 -0.00310000 0.36150000
vn -0.92960000 -0.00200000 0.36860000
vn -0.92520000 -0.00130000 0.37940000
vn -0.98460000 -0.00460000 0.17470000
vn -0.98510000 -0.00360000 0.17190000
vn -0.98540000 -0.00510000 0.17000000
vn -0.98550000 -0.00830000 0.16970000
vn -0.98520000 -0.01250000 0.17110000
vn -0.98450000 -0.01700000 0.17450000
vn -0.98340000 -0.02160000 0.18020000
vn -0.99830000 0.00790000 0.05740000
vn -0.99850000 0.00330000 0.05480000
vn -0.99860000 -0.00300000 0.05290000
vn -0.99860000 -0.01020000 0.05180000
vn -0.99850000 -0.01800000 0.05150000
vn -0.99830000 -0.02590000 0.05210000
vn -0.99800000 -0.03370000 0.05370000
vn -0.28490000 0.15300000 0.94630000
vn -0.30400000 0.19850000 0.93180000
vn -0.32310000 0.25070000 0.91250000
vn -0.34020000 0.30850000 0.88830000
vn -0.35260000 0.36900000 0.86000000
vn -0.35740000 0.42660000 0.83080000
vn -0.35200000 0.47500000 0.80650000
vn -0.41140000 0.25410000 0.87530000
vn -0.42780000 0.31310000 0.84790000
vn -0.44130000 0.37520000 0.81510000
vn -0.44960000 0.43780000 0.77860000
vn -0.45020000 0.49710000 0.74180000
vn -0.44060000 0.54820000 0.71090000
vn -0.41730000 0.58430000 0.69600000
vn -0.55190000 0.36920000 0.74770000
vn -0.55470000 0.43430000 0.70970000
vn -0.55220000 0.49670000 0.66960000
vn -0.54330000 0.55420000 0.63060000
vn -0.52670000 0.60410000 0.59800000
vn -0.50130000 0.64310000 0.57880000
vn -0.46660000 0.66720000 0.58060000
vn -0.67640000 0.47420000 0.56350000
vn -0.65780000 0.53620000 0.52890000
vn -0.63470000 0.59120000 0.49770000
vn -0.60750000 0.63850000 0.47260000
vn -0.57620000 0.67710000 0.45770000
vn -0.54070000 0.70600000 0.45750000
vn -0.50140000 0.72390000 0.47380000
vn -0.75660000 0.54540000 0.36060000
vn -0.72030000 0.60140000 0.34560000
vn -0.68240000 0.64860000 0.33720000
vn -0.64380000 0.68750000 0.33600000
vn -0.60460000 0.71860000 0.34350000
vn -0.56500000 0.74210000 0.36070000
vn -0.52500000 0.75810000 0.38680000
vn -0.79180000 0.57960000 0.19240000
vn -0.74830000 0.63220000 0.20080000
vn -0.70490000 0.67560000 0.21590000
vn -0.66230000 0.71080000 0.23680000
vn -0.62070000 0.73860000 0.26300000
vn -0.58010000 0.75980000 0.29350000
vn -0.54040000 0.77540000 0.32670000
vn -0.80220000 0.59040000 0.08860000
vn -0.75820000 0.64210000 0.11280000
vn -0.71470000 0.68470000 0.14320000
vn -0.67200000 0.71880000 0.17810000
vn -0.63040000 0.74570000 0.21580000
vn -0.59010000 0.76620000 0.25430000
vn -0.55100000 0.78180000 0.29190000
vn -0.05070000 -0.35870000 0.93210000
vn -0.08980000 -0.33140000 0.93920000
vn -0.12750000 -0.30920000 0.94240000
vn -0.16580000 -0.28890000 0.94290000
vn -0.20530000 -0.26840000 0.94120000
vn -0.24610000 -0.24650000 0.93740000
vn -0.28790000 -0.22220000 0.93150000
vn -0.01210000 -0.31480000 0.94910000
vn -0.05610000 -0.28540000 0.95680000
vn -0.09630000 -0.26200000 0.96020000
vn -0.13510000 -0.24220000 0.96080000
vn -0.17360000 -0.22360000 0.95910000
vn -0.21250000 -0.20450000 0.95550000
vn -0.25150000 -0.18380000 0.95020000
vn 0.04990000 -0.23700000 0.97020000
vn -0.00180000 -0.20630000 0.97850000
vn -0.04500000 -0.18230000 0.98220000
vn -0.08350000 -0.16360000 0.98300000
vn -0.11940000 -0.14830000 0.98170000
vn -0.15390000 -0.13410000 0.97890000
vn -0.18740000 -0.11960000 0.97500000
vn 0.15720000 -0.09150000 0.98330000
vn 0.09340000 -0.06040000 0.99380000
vn 0.04620000 -0.03750000 0.99820000
vn 0.00970000 -0.02200000 0.99970000
vn -0.01990000 -0.01210000 0.99970000
vn -0.04470000 -0.00600000 0.99900000
vn -0.06640000 -0.00240000 0.99780000
vn 0.33040000 0.16960000 0.92850000
vn 0.25360000 0.20140000 0.94610000
vn 0.20430000 0.22080000 0.95370000
vn 0.17490000 0.23010000 0.95730000
vn 0.15980000 0.23060000 0.95980000
vn 0.15500000 0.22300000 0.96240000
vn 0.15710000 0.20790000 0.96550000
vn 0.51090000 0.49730000 0.70120000
vn 0.43460000 0.53190000 0.72680000
vn 0.39300000 0.54650000 0.73950000
vn 0.37920000 0.54670000 0.74660000
vn 0.38670000 0.53400000 0.75190000
vn 0.41030000 0.50830000 0.75710000
vn 0.44490000 0.46900000 0.76290000
vn 0.58800000 0.70100000 0.40360000
vn 0.52500000 0.73650000 0.42650000
vn 0.49780000 0.74730000 0.44010000
vn 0.50020000 0.74060000 0.44870000
vn 0.52630000 0.71810000 0.45530000
vn 0.57030000 0.67950000 0.46150000
vn 0.62640000 0.62360000 0.46770000
vn 0.28790000 -0.22220000 0.93150000
vn 0.24610000 -0.24650000 0.93740000
vn 0.20530000 -0.26840000 0.94120000
vn 0.16580000 -0.28890000 0.94290000
vn 0.12750000 -0.30920000 0.94240000
vn 0.08980000 -0.33140000 0.93920000
vn 0.05070000 -0.35870000 0.93210000
vn 0.25150000 -0.18380000 0.95020000
vn 0.21250000 -0.20450000 0.95550000
vn 0.17360000 -0.22360000 0.95910000
vn 0.13510000 -0.24220000 0.96080000
vn 0.09630000 -0.26200000 0.96020000
vn 0.05610000 -0.28540000 0.95680000
vn 0.01210000 -0.31480000 0.94910000
vn 0.18740000 -0.11960000 0.97500000
vn 0.15390000 -0.13410000 0.97890000
vn 0.11950000 -0.14830000 0.98170000
vn 0.08350000 -0.16370000 0.98300000
vn 0.04500000 -0.18230000 0.98220000
vn 0.00180000 -0.20630000 0.97850000
vn -0.04990000 -0.23700000 0.97020000
vn 0.06640000 -0.00240000 0.99780000
vn 0.04470000 -0.00600000 0.99900000
vn 0.01990000 -0.01210000 0.99970000
vn -0.00970000 -0.02200000 0.99970000
vn -0.04620000 -0.03750000 0.99820000
vn -0.09340000 -0.06040000 0.99380000
vn -0.15720000 -0.09150000 0.98330000
vn -0.15710000 0.20790000 0.96550000
vn -0.15500000 0.22300000 0.96240000
vn -0.15980000 0.23060000 0.95980000
vn -0.17500000 0.23020000 0.95730000
vn -0.20430000 0.22080000 0.95370000
vn -0.25360000 0.20140000 0.94610000
vn -0.33040000 0.16960000 0.92850000
vn -0.44490000 0.46900000 0.76290000
vn -0.41030000 0.50830000 0.75710000
vn -0.38670000 0.53400000 0.75190000
vn -0.37920000 0.54670000 0.74660000
vn -0.39300000 0.54650000 0.73950000
vn -0.43460000 0.53190000 0.72680000
vn -0.51090000 0.49730000 0.70120000
vn -0.62640000 0.62360000 0.46770000
vn -0.57030000 0.67950000 0.46150000
vn -0.52630000 0.71810000 0.45530000
vn -0.50020000 0.74060000 0.44870000
vn -0.49780000 0.74730000 0.44000000
vn -0.52500000 0.73650000 0.42650000
vn -0.58800000 0.70100000 0.40360000
vn -0.37240000 -0.16640000 0.91300000
vn -0.41320000 -0.13440000 0.90070000
vn -0.45070000 -0.09910000 0.88720000
vn -0.48290000 -0.06090000 0.87350000
vn -0.50830000 -0.02060000 0.86090000
vn -0.52560000 0.02060000 0.85050000
vn -0.53390000 0.06110000 0.84330000
vn -0.33020000 -0.13670000 0.93400000
vn -0.36870000 -0.10950000 0.92310000
vn -0.40450000 -0.07910000 0.91110000
vn -0.43570000 -0.04570000 0.89890000
vn -0.46050000 -0.01020000 0.88760000
vn -0.47760000 0.02640000 0.87820000
vn -0.48600000 0.06270000 0.87170000
vn -0.25470000 -0.08800000 0.96300000
vn -0.28900000 -0.06910000 0.95480000
vn -0.32180000 -0.04710000 0.94560000
vn -0.35110000 -0.02180000 0.93610000
vn -0.37500000 0.00600000 0.92700000
vn -0.39180000 0.03540000 0.91940000
vn -0.40030000 0.06480000 0.91410000
vn -0.10990000 0.00060000 0.99390000
vn -0.13500000 0.00410000 0.99080000
vn -0.16080000 0.01090000 0.98690000
vn -0.18530000 0.02120000 0.98250000
vn -0.20620000 0.03470000 0.97790000
vn -0.22160000 0.05050000 0.97380000
vn -0.22970000 0.06710000 0.97090000
vn 0.16340000 0.16060000 0.97340000
vn 0.15930000 0.13660000 0.97770000
vn 0.15070000 0.11560000 0.98180000
vn 0.13960000 0.09820000 0.98530000
vn 0.12820000 0.08450000 0.98810000
vn 0.11870000 0.07390000 0.99020000
vn 0.11330000 0.06550000 0.99140000
vn 0.51820000 0.35780000 0.77680000
vn 0.54340000 0.29860000 0.78460000
vn 0.55990000 0.24180000 0.79250000
vn 0.33760000 0.14480000 0.93010000
vn 0.75250000 0.21720000 0.62170000
vn 0.76350000 0.15240000 0.62750000
vn 0.33410000 0.11420000 0.93560000
vn 0.76930000 0.09180000 0.63230000
vn 0.33000000 0.08680000 0.94000000
vn 0.77140000 0.03530000 0.63530000
vn 0.32740000 0.06210000 0.94280000
vn 0.74040000 0.47000000 0.48050000
vn 0.78240000 0.38800000 0.48710000
vn 0.81310000 0.30820000 0.49390000
vn 0.83410000 0.23180000 0.50060000
vn 0.84720000 0.15950000 0.50680000
vn 0.85410000 0.09170000 0.51190000
vn 0.85650000 0.02830000 0.51540000
vn 0.53390000 0.06110000 0.84330000
vn 0.52560000 0.02060000 0.85050000
vn 0.50830000 -0.02060000 0.86090000
vn 0.48290000 -0.06090000 0.87350000
vn 0.45070000 -0.09910000 0.88720000
vn 0.41320000 -0.13440000 0.90070000
vn 0.37240000 -0.16640000 0.91300000
vn 0.48600000 0.06270000 0.87170000
vn 0.47760000 0.02640000 0.87820000
vn 0.46050000 -0.01020000 0.88760000
vn 0.43570000 -0.04570000 0.89890000
vn 0.40450000 -0.07910000 0.91110000
vn 0.36870000 -0.10950000 0.92310000
vn 0.33020000 -0.13670000 0.93400000
vn 0.40030000 0.06480000 0.91410000
vn 0.39180000 0.03540000 0.91940000
vn 0.37500000 0.00600000 0.92700000
vn 0.35110000 -0.02180000 0.93610000
vn 0.32180000 -0.04710000 0.94560000
vn 0.28900000 -0.06910000 0.95480000
vn 0.25470000 -0.08800000 0.96300000
vn 0.22970000 0.06710000 0.97090000
vn 0.22160000 0.05050000 0.97380000
vn 0.20620000 0.03470000 0.97790000
vn 0.18530000 0.02120000 0.98250000
vn 0.16080000 0.01090000 0.98690000
vn 0.13500000 0.00410000 0.99080000
vn 0.10990000 0.00060000 0.99390000
vn -0.11330000 0.06550000 0.99140000
vn -0.11870000 0.07390000 0.99020000
vn -0.12820000 0.08450000 0.98810000
vn -0.13960000 0.09820000 0.98530000
vn -0.15070000 0.11560000 0.98180000
vn -0.15930000 0.13660000 0.97770000
vn -0.16340000 0.16060000 0.97340000
vn -0.32740000 0.06210000 0.94280000
vn -0.77140000 0.03530000 0.63530000
vn -0.76930000 0.09180000 0.63230000
vn -0.33000000 0.08680000 0.94000000
vn -0.33410000 0.11420000 0.93560000
vn -0.76350000 0.15240000 0.62750000
vn -0.75250000 0.21720000 0.62170000
vn -0.33760000 0.14480000 0.93010000
vn -0.55990000 0.24180000 0.79250000
vn -0.54340000 0.29860000 0.78460000
vn -0.51820000 0.35780000 0.77680000
vn -0.85650000 0.02830000 0.51540000
vn -0.85410000 0.09160000 0.51190000
vn -0.84720000 0.15950000 0.50680000
vn -0.83410000 0.23180000 0.50060000
vn -0.81310000 0.30820000 0.49390000
vn -0.78240000 0.38800000 0.48710000
vn -0.74040000 0.47000000 0.48050000
vn -0.22240000 0.36950000 0.90220000
vn -0.15280000 0.39630000 0.90530000
vn -0.07800000 0.41390000 0.90700000
vn -0.00000000 0.42010000 0.90750000
vn 0.07800000 0.41390000 0.90700000
vn 0.15280000 0.39630000 0.90530000
vn 0.22240000 0.36950000 0.90220000
vn -0.18910000 0.32560000 0.92640000
vn -0.12880000 0.34640000 0.92920000
vn -0.06540000 0.35980000 0.93070000
vn -0.00000000 0.36450000 0.93120000
vn 0.06540000 0.35980000 0.93070000
vn 0.12880000 0.34640000 0.92920000
vn 0.18910000 0.32560000 0.92640000
vn -0.13130000 0.24850000 0.95970000
vn -0.08750000 0.25890000 0.96190000
vn -0.04380000 0.26530000 0.96320000
vn -0.00000000 0.26750000 0.96360000
vn 0.04380000 0.26530000 0.96320000
vn 0.08750000 0.25890000 0.96190000
vn 0.13130000 0.24850000 0.95970000
vn -0.02260000 0.10110000 0.99460000
vn -0.01030000 0.09270000 0.99560000
vn -0.00360000 0.08650000 0.99620000
vn -0.00000000 0.08410000 0.99650000
vn 0.00360000 0.08650000 0.99620000
vn 0.01030000 0.09270000 0.99560000
vn 0.02260000 0.10110000 0.99460000
vn 0.17360000 -0.17210000 0.96970000
vn 0.12770000 -0.21220000 0.96880000
vn 0.06790000 -0.23980000 0.96840000
vn -0.00000000 -0.24970000 0.96830000
vn -0.06790000 -0.23980000 0.96840000
vn -0.12770000 -0.21220000 0.96880000
vn -0.17360000 -0.17200000 0.96970000
vn 0.40300000 -0.50850000 0.76090000
vn 0.28770000 -0.58300000 0.75980000
vn 0.15030000 -0.63320000 0.75930000
vn -0.00000000 -0.65090000 0.75910000
vn -0.15030000 -0.63320000 0.75930000
vn -0.28770000 -0.58300000 0.75980000
vn -0.40300000 -0.50850000 0.76090000
vn 0.52980000 -0.70670000 0.46890000
vn 0.37580000 -0.79910000 0.46920000
vn 0.19550000 -0.86100000 0.46950000
vn -0.00000000 -0.88280000 0.46970000
vn -0.19550000 -0.86100000 0.46950000
vn -0.37580000 -0.79910000 0.46920000
vn -0.52980000 -0.70670000 0.46890000
vn -0.52330000 0.13380000 0.84160000
vn -0.50640000 0.16400000 0.84660000
vn -0.48360000 0.19160000 0.85410000
vn -0.45580000 0.21800000 0.86290000
vn -0.42330000 0.24460000 0.87230000
vn -0.38540000 0.27260000 0.88160000
vn -0.34040000 0.30330000 0.89000000
vn -0.47570000 0.12770000 0.87030000
vn -0.45870000 0.15460000 0.87500000
vn -0.43590000 0.17890000 0.88200000
vn -0.40820000 0.20180000 0.89030000
vn -0.37600000 0.22440000 0.89900000
vn -0.33900000 0.24780000 0.90760000
vn -0.29610000 0.27290000 0.91530000
vn -0.39030000 0.11770000 0.91310000
vn -0.37330000 0.13900000 0.91720000
vn -0.35040000 0.15760000 0.92320000
vn -0.32280000 0.17430000 0.93030000
vn -0.29130000 0.18980000 0.93760000
vn -0.25630000 0.20470000 0.94470000
vn -0.21770000 0.21970000 0.95100000
vn -0.22030000 0.09700000 0.97060000
vn -0.20380000 0.10770000 0.97310000
vn -0.18140000 0.11540000 0.97660000
vn -0.15500000 0.12010000 0.98060000
vn -0.12610000 0.12180000 0.98450000
vn -0.09620000 0.12060000 0.98800000
vn -0.06730000 0.11650000 0.99090000
vn 0.12080000 0.05000000 0.99140000
vn 0.13400000 0.04010000 0.99020000
vn 0.15140000 0.02690000 0.98810000
vn 0.17100000 0.00940000 0.98520000
vn 0.19010000 -0.01360000 0.98170000
vn 0.20510000 -0.04340000 0.97780000
vn 0.21130000 -0.08090000 0.97410000
vn 0.33400000 0.01690000 0.94240000
vn 0.77060000 -0.06600000 0.63390000
vn 0.76900000 -0.11320000 0.62910000
vn 0.34390000 -0.00640000 0.93900000
vn 0.35650000 -0.03280000 0.93370000
vn 0.76610000 -0.16190000 0.62200000
vn 0.36930000 -0.06410000 0.92710000
vn 0.75990000 -0.21540000 0.61340000
vn 0.58660000 -0.19780000 0.78540000
vn 0.57510000 -0.25960000 0.77580000
vn 0.54650000 -0.33410000 0.76790000
vn 0.85310000 -0.08520000 0.51470000
vn 0.84900000 -0.13760000 0.51010000
vn 0.84270000 -0.19130000 0.50330000
vn 0.83230000 -0.24980000 0.49490000
vn 0.81470000 -0.31640000 0.48600000
vn 0.78480000 -0.39470000 0.47780000
vn 0.73410000 -0.48830000 0.47190000
vn 0.34040000 0.30330000 0.89000000
vn 0.38540000 0.27260000 0.88160000
vn 0.42330000 0.24460000 0.87230000
vn 0.45580000 0.21800000 0.86290000
vn 0.48360000 0.19160000 0.85410000
vn 0.50640000 0.16400000 0.84660000
vn 0.52330000 0.13380000 0.84160000
vn 0.29610000 0.27290000 0.91530000
vn 0.33900000 0.24780000 0.90760000
vn 0.37600000 0.22440000 0.89900000
vn 0.40820000 0.20180000 0.89030000
vn 0.43590000 0.17890000 0.88200000
vn 0.45870000 0.15460000 0.87500000
vn 0.47570000 0.12770000 0.87030000
vn 0.21770000 0.21970000 0.95100000
vn 0.25630000 0.20470000 0.94470000
vn 0.29130000 0.18980000 0.93760000
vn 0.32280000 0.17430000 0.93030000
vn 0.35040000 0.15760000 0.92320000
vn 0.37330000 0.13900000 0.91720000
vn 0.39030000 0.11770000 0.91310000
vn 0.06730000 0.11650000 0.99090000
vn 0.09620000 0.12060000 0.98800000
vn 0.12600000 0.12180000 0.98450000
vn 0.15500000 0.12010000 0.98060000
vn 0.18140000 0.11540000 0.97660000
vn 0.20380000 0.10770000 0.97310000
vn 0.22030000 0.09700000 0.97060000
vn -0.21130000 -0.08090000 0.97410000
vn -0.20510000 -0.04340000 0.97780000
vn -0.19010000 -0.01360000 0.98170000
vn -0.17100000 0.00940000 0.98520000
vn -0.15140000 0.02690000 0.98810000
vn -0.13400000 0.04010000 0.99020000
vn -0.12080000 0.05000000 0.99140000
vn -0.54650000 -0.33410000 0.76790000
vn -0.57510000 -0.25960000 0.77580000
vn -0.58660000 -0.19780000 0.78540000
vn -0.36930000 -0.06410000 0.92710000
vn -0.75990000 -0.21540000 0.61340000
vn -0.76610000 -0.16190000 0.62200000
vn -0.35650000 -0.03280000 0.93370000
vn -0.76900000 -0.11320000 0.62910000
vn -0.34390000 -0.00640000 0.93900000
vn -0.77050000 -0.06600000 0.63400000
vn -0.33400000 0.01690000 0.94240000
vn -0.73410000 -0.48830000 0.47190000
vn -0.78480000 -0.39470000 0.47780000
vn -0.81470000 -0.31640000 0.48600000
vn -0.83230000 -0.24980000 0.49490000
vn -0.84270000 -0.19130000 0.50330000
vn -0.84900000 -0.13760000 0.51020000
vn -0.85310000 -0.08520000 0.51470000
vn -0.00900000 0.29730000 0.95470000
vn -0.01270000 0.42890000 0.90330000
vn -0.01710000 0.56560000 0.82450000
vn -0.02180000 0.68980000 0.72360000
vn -0.02600000 0.78660000 0.61700000
vn -0.02910000 0.85040000 0.52530000
vn -0.03100000 0.88480000 0.46490000
vn -0.02920000 0.30440000 0.95210000
vn -0.04020000 0.43680000 0.89870000
vn -0.05330000 0.57280000 0.81790000
vn -0.06690000 0.69500000 0.71590000
vn -0.07870000 0.78870000 0.60970000
vn -0.08750000 0.84980000 0.51980000
vn -0.09300000 0.88250000 0.46100000
vn -0.06220000 0.32050000 0.94520000
vn -0.08360000 0.45330000 0.88740000
vn -0.10810000 0.58690000 0.80240000
vn -0.13240000 0.70350000 0.69820000
vn -0.15300000 0.79040000 0.59320000
vn -0.16800000 0.84560000 0.50670000
vn -0.17750000 0.87460000 0.45120000
vn -0.10700000 0.34760000 0.93150000
vn -0.13950000 0.47910000 0.86660000
vn -0.17480000 0.60660000 0.77550000
vn -0.20790000 0.71350000 0.66910000
vn -0.23480000 0.78990000 0.56650000
vn -0.25390000 0.83660000 0.48530000
vn -0.26620000 0.86040000 0.43460000
vn -0.15890000 0.38430000 0.90940000
vn -0.20170000 0.51150000 0.83530000
vn -0.24500000 0.62870000 0.73800000
vn -0.28320000 0.72260000 0.63050000
vn -0.31280000 0.78680000 0.53210000
vn -0.33340000 0.82420000 0.45770000
vn -0.34660000 0.84240000 0.41250000
vn -0.21430000 0.42730000 0.87840000
vn -0.26450000 0.54630000 0.79480000
vn -0.31200000 0.64990000 0.69310000
vn -0.35160000 0.72930000 0.58690000
vn -0.38100000 0.78160000 0.49390000
vn -0.40090000 0.81080000 0.42650000
vn -0.41390000 0.82410000 0.38660000
vn -0.27090000 0.47020000 0.84000000
vn -0.32460000 0.57720000 0.74930000
vn -0.37240000 0.66640000 0.64600000
vn -0.41030000 0.73270000 0.54300000
vn -0.43760000 0.77530000 0.45540000
vn -0.45590000 0.79820000 0.39370000
vn -0.46810000 0.80800000 0.35790000
vn -0.04800000 -0.41560000 0.90830000
vn -0.10280000 -0.41640000 0.90340000
vn -0.15780000 -0.39510000 0.90500000
vn -0.20990000 -0.35690000 0.91030000
vn -0.25430000 -0.30770000 0.91690000
vn -0.28620000 -0.25340000 0.92410000
vn -0.30440000 -0.19770000 0.93180000
vn -0.10510000 -0.37230000 0.92220000
vn -0.17550000 -0.37450000 0.91050000
vn -0.25010000 -0.35580000 0.90050000
vn -0.32300000 -0.32110000 0.89030000
vn -0.38420000 -0.27700000 0.88070000
vn -0.42680000 -0.22910000 0.87490000
vn -0.45040000 -0.17980000 0.87450000
vn -0.19790000 -0.29790000 0.93380000
vn -0.29020000 -0.30340000 0.90760000
vn -0.38890000 -0.28860000 0.87490000
vn -0.48280000 -0.25970000 0.83630000
vn -0.55630000 -0.22450000 0.80010000
vn -0.60310000 -0.18760000 0.77530000
vn -0.62780000 -0.14890000 0.76400000
vn -0.35270000 -0.16150000 0.92170000
vn -0.47100000 -0.17560000 0.86450000
vn -0.58680000 -0.17240000 0.79110000
vn -0.68300000 -0.15950000 0.71280000
vn -0.74790000 -0.14360000 0.64810000
vn -0.78470000 -0.12580000 0.60700000
vn -0.80270000 -0.10330000 0.58740000
vn -0.57020000 0.07140000 0.81840000
vn -0.69460000 0.02820000 0.71890000
vn -0.79440000 -0.00440000 0.60740000
vn -0.86130000 -0.02880000 0.50720000
vn -0.89910000 -0.04600000 0.43530000
vn -0.91770000 -0.05420000 0.39360000
vn -0.92620000 -0.05130000 0.37360000
vn -0.74710000 0.34430000 0.56860000
vn -0.84930000 0.24870000 0.46570000
vn -0.91710000 0.16130000 0.36470000
vn -0.95460000 0.09010000 0.28390000
vn -0.97230000 0.03850000 0.23040000
vn -0.97970000 0.00660000 0.20020000
vn -0.98270000 -0.00730000 0.18530000
vn -0.79860000 0.51700000 0.30810000
vn -0.88960000 0.38770000 0.24160000
vn -0.94780000 0.26420000 0.17860000
vn -0.97820000 0.16290000 0.12910000
vn -0.99130000 0.09000000 0.09590000
vn -0.99610000 0.04400000 0.07630000
vn -0.99760000 0.01990000 0.06580000
vn -0.17060000 0.05220000 0.98390000
vn -0.26510000 0.04360000 0.96320000
vn -0.40540000 0.02930000 0.91370000
vn -0.59960000 0.00650000 0.80020000
vn -0.80920000 -0.02430000 0.58710000
vn -0.94770000 -0.05350000 0.31470000
vn -0.99200000 -0.07120000 0.10390000
vn -0.17220000 0.06260000 0.98310000
vn -0.26750000 0.05340000 0.96210000
vn -0.40880000 0.03810000 0.91180000
vn -0.60350000 0.01330000 0.79730000
vn -0.81200000 -0.02040000 0.58330000
vn -0.94870000 -0.05280000 0.31180000
vn -0.99200000 -0.07270000 0.10280000
vn -0.17410000 0.07650000 0.98170000
vn -0.27030000 0.06690000 0.96050000
vn -0.41270000 0.05050000 0.90950000
vn -0.60790000 0.02380000 0.79360000
vn -0.81540000 -0.01330000 0.57880000
vn -0.95000000 -0.04950000 0.30850000
vn -0.99220000 -0.07220000 0.10150000
vn -0.17640000 0.09070000 0.98010000
vn -0.27360000 0.08060000 0.95840000
vn -0.41730000 0.06340000 0.90660000
vn -0.61310000 0.03480000 0.78920000
vn -0.81920000 -0.00530000 0.57350000
vn -0.95140000 -0.04500000 0.30460000
vn -0.99250000 -0.07040000 0.09990000
vn -0.17910000 0.10320000 0.97840000
vn -0.27770000 0.09280000 0.95620000
vn -0.42280000 0.07490000 0.90310000
vn -0.61920000 0.04470000 0.78390000
vn -0.82360000 0.00210000 0.56720000
vn -0.95310000 -0.04060000 0.30000000
vn -0.99280000 -0.06820000 0.09810000
vn -0.18250000 0.11350000 0.97660000
vn -0.28270000 0.10280000 0.95370000
vn -0.42960000 0.08420000 0.89910000
vn -0.62660000 0.05270000 0.77760000
vn -0.82870000 0.00810000 0.55960000
vn -0.95500000 -0.03680000 0.29450000
vn -0.99320000 -0.06590000 0.09590000
vn -0.18670000 0.12160000 0.97490000
vn -0.28900000 0.11060000 0.95090000
vn -0.43800000 0.09130000 0.89440000
vn -0.63550000 0.05860000 0.76980000
vn -0.83480000 0.01240000 0.55030000
vn -0.95710000 -0.03380000 0.28790000
vn -0.99360000 -0.06390000 0.09330000
f 1559//1559 1560//1560 1567//1567
f 1560//1560 1561//1561 1568//1568
f 1561//1561 1562//1562 1569//1569
f 1562//1562 1563//1563 1570//1570
f 1563//1563 1564//1564 1571//1571
f 1564//1564 1565//1565 1572//1572
f 1566//1566 1567//1567 1574//1574
f 1567//1567 1568//1568 1575//1575
f 1568//1568 1569//1569 1576//1576
f 1569//1569 1570//1570 1577//1577
f 1570//1570 1571//1571 1578//1578
f 1571//1571 1572//1572 1579//1579
f 1573//1573 1574//1574 1581//1581
f 1574//1574 1575//1575 1582//1582
f 1575//1575 1576//1576 1583//1583
f 1576//1576 1577//1577 1584//1584
f 1577//1577 1578//1578 1585//1585
f 1578//1578 1579//1579 1586//1586
f 1580//1580 1581//1581 1588//1588
f 1581//1581 1582//1582 1589//1589
f 1582//1582 1583//1583 1590//1590
f 1583//1583 1584//1584 1591//1591
f 1584//1584 1585//1585 1592//1592
f 1585//1585 1586//1586 1593//1593
f 1587//1587 1588//1588 1595//1595
f 1588//1588 1589//1589 1596//1596
f 1589//1589 1590//1590 1597//1597
f 1590//1590 1591//1591 1598//1598
f 1591//1591 1592//1592 1599//1599
f 1592//1592 1593//1593 1600//1600
f 1594//1594 1595//1595 1602//1602
f 1595//1595 1596//1596 1603//1603
f 1596//1596 1597//1597 1604//1604
f 1597//1597 1598//1598 1605//1605
f 1598//1598 1599//1599 1606//1606
f 1599//1599 1600//1600 1607//1607
f 7//7 108//108 1559//1559
f 108//108 109//109 1560//1560
f 109//109 110//110 1561//1561
f 110//110 111//111 1562//1562
f 111//111 112//112 1563//1563
f 112//112 113//113 1564//1564
f 113//113 114//114 1565//1565
f 114//114 8//8 128//128
f 1565//1565 128//128 127//127
f 1572//1572 127//127 126//126
f 1579//1579 126//126 125//125
f 1586//1586 125//125 124//124
f 1593//1593 124//124 123//123
f 1600//1600 123//123 122//122
f 1607//1607 122//122 10//10
f 1606//1606 1607//1607 121//121
f 1605//1605 1606//1606 120//120
f 1604//1604 1605//1605 119//119
f 1603//1603 1604//1604 118//118
f 1602//1602 1603//1603 117//117
f 1601//1601 1602//1602 116//116
f 149//149 1601//1601 115//115
f 148//148 1594//1594 1601//1601
f 147//147 1587//1587 1594//1594
f 146//146 1580//1580 1587//1587
f 145//145 1573//1573 1580//1580
f 144//144 1566//1566 1573//1573
f 143//143 1559//1559 1566//1566
f 1608//1608 1609//1609 1616//1616
f 1609//1609 1610//1610 1617//1617
f 1610//1610 1611//1611 1618//1618
f 1611//1611 1612//1612 1619//1619
f 1612//1612 1613//1613 1620//1620
f 1613//1613 1614//1614 1621//1621
f 1615//1615 1616//1616 1623//1623
f 1616//1616 1617//1617 1624//1624
f 1617//1617 1618//1618 1625//1625
f 1618//1618 1619//1619 1626//1626
f 1619//1619 1620//1620 1627//1627
f 1620//1620 1621//1621 1628//1628
f 1622//1622 1623//1623 1630//1630
f 1623//1623 1624//1624 1631//1631
f 1624//1624 1625//1625 1632//1632
f 1625//1625 1626//1626 1633//1633
f 1626//1626 1627//1627 1634//1634
f 1627//1627 1628//1628 1635//1635
f 1629//1629 1630//1630 1637//1637
f 1630//1630 1631//1631 1638//1638
f 1631//1631 1632//1632 1639//1639
f 1632//1632 1633//1633 1640//1640
f 1633//1633 1634//1634 1641//1641
f 1634//1634 1635//1635 1642//1642
f 1636//1636 1637//1637 1644//1644
f 1637//1637 1638//1638 1645//1645
f 1638//1638 1639//1639 1646//1646
f 1639//1639 1640//1640 1647//1647
f 1640//1640 1641//1641 1648//1648
f 1641//1641 1642//1642 1649//1649
f 1643//1643 1644//1644 1651//1651
f 1644//1644 1645//1645 1652//1652
f 1645//1645 1646//1646 1653//1653
f 1646//1646 1647//1647 1654//1654
f 1647//1647 1648//1648 1655//1655
f 1648//1648 1649//1649 1656//1656
f 98//98 1320//1320 1608//1608
f 1320//1320 1319//1319 1609//1609
f 1319//1319 1318//1318 1610//1610
f 1318//1318 1317//1317 1611//1611
f 1317//1317 1316//1316 1612//1612
f 1316//1316 1315//1315 1613//1613
f 1315//1315 1314//1314 1614//1614
f 1314//1314 49//49 290//290
f 1614//1614 290//290 291//291
f 1621//1621 291//291 292//292
f 1628//1628 292//292 293//293
f 1635//1635 293//293 294//294
f 1642//1642 294//294 295//295
f 1649//1649 295//295 296//296
f 1656//1656 296//296 38//38
f 1655//1655 1656//1656 1300//1300
f 1654//1654 1655//1655 1301//1301
f 1653//1653 1654//1654 1302//1302
f 1652//1652 1653//1653 1303//1303
f 1651//1651 1652//1652 1304//1304
f 1650//1650 1651//1651 1305//1305
f 1558//1558 1650//1650 1306//1306
f 1557//1557 1643//1643 1650//1650
f 1556//1556 1636//1636 1643//1643
f 1555//1555 1629//1629 1636//1636
f 1554//1554 1622//1622 1629//1629
f 1553//1553 1615//1615 1622//1622
f 1552//1552 1608//1608 1615//1615
f 1657//1657 1658//1658 1665//1665
f 1658//1658 1659//1659 1666//1666
f 1659//1659 1660//1660 1667//1667
f 1660//1660 1661//1661 1668//1668
f 1661//1661 1662//1662 1669//1669
f 1662//1662 1663//1663 1670//1670
f 1664//1664 1665//1665 1672//1672
f 1665//1665 1666//1666 1673//1673
f 1666//1666 1667//1667 1674//1674
f 1667//1667 1668//1668 1675//1675
f 1668//1668 1669//1669 1676//1676
f 1669//1669 1670//1670 1677//1677
f 1671//1671 1672//1672 1679//1679
f 1672//1672 1673//1673 1680//1680
f 1673//1673 1674//1674 1681//1681
f 1674//1674 1675//1675 1682//1682
f 1675//1675 1676//1676 1683//1683
f 1676//1676 1677//1677 1684//1684
f 1678//1678 1679//1679 1686//1686
f 1679//1679 1680//1680 1687//1687
f 1680//1680 1681//1681 1688//1688
f 1681//1681 1682//1682 1689//1689
f 1682//1682 1683//1683 1690//1690
f 1683//1683 1684//1684 1691//1691
f 1685//1685 1686//1686 1693//1693
f 1686//1686 1687//1687 1694//1694
f 1687//1687 1688//1688 1695//1695
f 1688//1688 1689//1689 1696//1696
f 1689//1689 1690//1690 1697//1697
f 1690//1690 1691//1691 1698//1698
f 1692//1692 1693//1693 1700//1700
f 1693//1693 1694//1694 1701//1701
f 1694//1694 1695//1695 1702//1702
f 1695//1695 1696//1696 1703//1703
f 1696//1696 1697//1697 1704//1704
f 1697//1697 1698//1698 1705//1705
f 8//8 114//114 1657//1657
f 114//114 113//113 1658//1658
f 113//113 112//112 1659//1659
f 112//112 111//111 1660//1660
f 111//111 110//110 1661//1661
f 110//110 109//109 1662//1662
f 109//109 108//108 1663//1663
f 108//108 7//7 234//234
f 1663//1663 234//234 235//235
f 1670//1670 235//235 236//236
f 1677//1677 236//236 237//237
f 1684//1684 237//237 238//238
f 1691//1691 238//238 239//239
f 1698//1698 239//239 240//240
f 1705//1705 240//240 5//5
f 1704//1704 1705//1705 178//178
f 1703//1703 1704//1704 179//179
f 1702//1702 1703//1703 180//180
f 1701//1701 1702//1702 181//181
f 1700//1700 1701//1701 182//182
f 1699//1699 1700//1700 183//183
f 227//227 1699//1699 184//184
f 228//228 1692//1692 1699//1699
f 229//229 1685//1685 1692//1692
f 230//230 1678//1678 1685//1685
f 231//231 1671//1671 1678//1678
f 232//232 1664//1664 1671//1671
f 233//233 1657//1657 1664//1664
f 1706//1706 1707//1707 1714//1714
f 1707//1707 1708//1708 1715//1715
f 1708//1708 1709//1709 1716//1716
f 1709//1709 1710//1710 1717//1717
f 1710//1710 1711//1711 1718//1718
f 1711//1711 1712//1712 1719//1719
f 1713//1713 1714//1714 1721//1721
f 1714//1714 1715//1715 1722//1722
f 1715//1715 1716//1716 1723//1723
f 1716//1716 1717//1717 1724//1724
f 1717//1717 1718//1718 1725//1725
f 1718//1718 1719//1719 1726//1726
f 1720//1720 1721//1721 1728//1728
f 1721//1721 1722//1722 1729//1729
f 1722//1722 1723//1723 1730//1730
f 1723//1723 1724//1724 1731//1731
f 1724//1724 1725//1725 1732//1732
f 1725//1725 1726//1726 1733//1733
f 1727//1727 1728//1728 1735//1735
f 1728//1728 1729//1729 1736//1736
f 1729//1729 1730//1730 1737//1737
f 1730//1730 1731//1731 1738//1738
f 1731//1731 1732//1732 1739//1739
f 1732//1732 1733//1733 1740//1740
f 1734//1734 1735//1735 1742//1742
f 1735//1735 1736//1736 1743//1743
f 1736//1736 1737//1737 1744//1744
f 1737//1737 1738//1738 1745//1745
f 1738//1738 1739//1739 1746//1746
f 1739//1739 1740//1740 1747//1747
f 1741//1741 1742//1742 1749//1749
f 1742//1742 1743//1743 1750//1750
f 1743//1743 1744//1744 1751//1751
f 1744//1744 1745//1745 1752//1752
f 1745//1745 1746//1746 1753//1753
f 1746//1746 1747//1747 1754//1754
f 9//9 115//115 1706//1706
f 115//115 116//116 1707//1707
f 116//116 117//117 1708//1708
f 117//117 118//118 1709//1709
f 118//118 119//119 1710//1710
f 119//119 120//120 1711//1711
f 120//120 121//121 1712//1712
f 121//121 10//10 248//248
f 1712//1712 248//248 249//249
f 1719//1719 249//249 250//250
f 1726//1726 250//250 251//251
f 1733//1733 251//251 252//252
f 1740//1740 252//252 253//253
f 1747//1747 253//253 254//254
f 1754//1754 254//254 3//3
f 1753//1753 1754//1754 191//191
f 1752//1752 1753//1753 190//190
f 1751//1751 1752//1752 189//189
f 1750//1750 1751//1751 188//188
f 1749//1749 1750//1750 187//187
f 1748//1748 1749//1749 186//186
f 241//241 1748//1748 185//185
f 242//242 1741//1741 1748//1748
f 243//243 1734//1734 1741//1741
f 244//244 1727//1727 1734//1734
f 245//245 1720//1720 1727//1727
f 246//246 1713//1713 1720//1720
f 247//247 1706//1706 1713//1713
f 1755//1755 1756//1756 1763//1763
f 1756//1756 1757//1757 1764//1764
f 1757//1757 1758//1758 1765//1765
f 1758//1758 1759//1759 1766//1766
f 1759//1759 1760//1760 1767//1767
f 1760//1760 1761//1761 1768//1768
f 1762//1762 1763//1763 1770//1770
f 1763//1763 1764//1764 1771//1771
f 1764//1764 1765//1765 1772//1772
f 1765//1765 1766//1766 1773//1773
f 1766//1766 1767//1767 1774//1774
f 1767//1767 1768//1768 1775//1775
f 1769//1769 1770//1770 1777//1777
f 1770//1770 1771//1771 1778//1778
f 1771//1771 1772//1772 1779//1779
f 1772//1772 1773//1773 1780//1780
f 1773//1773 1774//1774 1781//1781
f 1774//1774 1775//1775 1782//1782
f 1776//1776 1777//1777 1784//1784
f 1777//1777 1778//1778 1785//1785
f 1778//1778 1779//1779 1786//1786
f 1779//1779 1780//1780 1787//1787
f 1780//1780 1781//1781 1788//1788
f 1781//1781 1782//1782 1789//1789
f 1783//1783 1784//1784 1791//1791
f 1784//1784 1785//1785 1792//1792
f 1785//1785 1786//1786 1793//1793
f 1786//1786 1787//1787 1794//1794
f 1787//1787 1788//1788 1795//1795
f 1788//1788 1789//1789 1796//1796
f 1790//1790 1791//1791 1798//1798
f 1791//1791 1792//1792 1799//1799
f 1792//1792 1793//1793 1800//1800
f 1793//1793 1794//1794 1801//1801
f 1794//1794 1795//1795 1802//1802
f 1795//1795 1796//1796 1803//1803
f 10//10 122//122 1755//1755
f 122//122 123//123 1756//1756
f 123//123 124//124 1757//1757
f 124//124 125//125 1758//1758
f 125//125 126//126 1759//1759
f 126//126 127//127 1760//1760
f 127//127 128//128 1761//1761
f 128//128 8//8 233//233
f 1761//1761 233//233 232//232
f 1768//1768 232//232 231//231
f 1775//1775 231//231 230//230
f 1782//1782 230//230 229//229
f 1789//1789 229//229 228//228
f 1796//1796 228//228 227//227
f 1803//1803 227//227 4//4
f 1802//1802 1803//1803 198//198
f 1801//1801 1802//1802 197//197
f 1800//1800 1801//1801 196//196
f 1799//1799 1800//1800 195//195
f 1798//1798 1799//1799 194//194
f 1797//1797 1798//1798 193//193
f 254//254 1797//1797 192//192
f 253//253 1790//1790 1797//1797
f 252//252 1783//1783 1790//1790
f 251//251 1776//1776 1783//1783
f 250//250 1769//1769 1776//1776
f 249//249 1762//1762 1769//1769
f 248//248 1755//1755 1762//1762
f 1804//1804 1805//1805 1812//1812
f 1805//1805 1806//1806 1813//1813
f 1806//1806 1807//1807 1814//1814
f 1807//1807 1808//1808 1815//1815
f 1808//1808 1809//1809 1816//1816
f 1809//1809 1810//1810 1817//1817
f 1811//1811 1812//1812 1819//1819
f 1812//1812 1813//1813 1820//1820
f 1813//1813 1814//1814 1821//1821
f 1814//1814 1815//1815 1822//1822
f 1815//1815 1816//1816 1823//1823
f 1816//1816 1817//1817 1824//1824
f 1818//1818 1819//1819 1826//1826
f 1819//1819 1820//1820 1827//1827
f 1820//1820 1821//1821 1828//1828
f 1821//1821 1822//1822 1829//1829
f 1822//1822 1823//1823 1830//1830
f 1823//1823 1824//1824 1831//1831
f 1825//1825 1826//1826 1833//1833
f 1826//1826 1827//1827 1834//1834
f 1827//1827 1828//1828 1835//1835
f 1828//1828 1829//1829 1836//1836
f 1829//1829 1830//1830 1837//1837
f 1830//1830 1831//1831 1838//1838
f 1832//1832 1833//1833 1840//1840
f 1833//1833 1834//1834 1841//1841
f 1834//1834 1835//1835 1842//1842
f 1835//1835 1836//1836 1843//1843
f 1836//1836 1837//1837 1844//1844
f 1837//1837 1838//1838 1845//1845
f 1839//1839 1840//1840 1847//1847
f 1840//1840 1841//1841 1848//1848
f 1841//1841 1842//1842 1849//1849
f 1842//1842 1843//1843 1850//1850
f 1843//1843 1844//1844 1851//1851
f 1844//1844 1845//1845 1852//1852
f 7//7 135//135 1804//1804
f 135//135 134//134 1805//1805
f 134//134 133//133 1806//1806
f 133//133 132//132 1807//1807
f 132//132 131//131 1808//1808
f 131//131 130//130 1809//1809
f 130//130 129//129 1810//1810
f 129//129 11//11 255//255
f 1810//1810 255//255 256//256
f 1817//1817 256//256 257//257
f 1824//1824 257//257 258//258
f 1831//1831 258//258 259//259
f 1838//1838 259//259 260//260
f 1845//1845 260//260 261//261
f 1852//1852 261//261 1//1
f 1851//1851 1852//1852 199//199
f 1850//1850 1851//1851 200//200
f 1849//1849 1850//1850 201//201
f 1848//1848 1849//1849 202//202
f 1847//1847 1848//1848 203//203
f 1846//1846 1847//1847 204//204
f 240//240 1846//1846 205//205
f 239//239 1839//1839 1846//1846
f 238//238 1832//1832 1839//1839
f 237//237 1825//1825 1832//1832
f 236//236 1818//1818 1825//1825
f 235//235 1811//1811 1818//1818
f 234//234 1804//1804 1811//1811
f 1853//1853 1854//1854 1861//1861
f 1854//1854 1855//1855 1862//1862
f 1855//1855 1856//1856 1863//1863
f 1856//1856 1857//1857 1864//1864
f 1857//1857 1858//1858 1865//1865
f 1858//1858 1859//1859 1866//1866
f 1860//1860 1861//1861 1868//1868
f 1861//1861 1862//1862 1869//1869
f 1862//1862 1863//1863 1870//1870
f 1863//1863 1864//1864 1871//1871
f 1864//1864 1865//1865 1872//1872
f 1865//1865 1866//1866 1873//1873
f 1867//1867 1868//1868 1875//1875
f 1868//1868 1869//1869 1876//1876
f 1869//1869 1870//1870 1877//1877
f 1870//1870 1871//1871 1878//1878
f 1871//1871 1872//1872 1879//1879
f 1872//1872 1873//1873 1880//1880
f 1874//1874 1875//1875 1882//1882
f 1875//1875 1876//1876 1883//1883
f 1876//1876 1877//1877 1884//1884
f 1877//1877 1878//1878 1885//1885
f 1878//1878 1879//1879 1886//1886
f 1879//1879 1880//1880 1887//1887
f 1881//1881 1882//1882 1889//1889
f 1882//1882 1883//1883 1890//1890
f 1883//1883 1884//1884 1891//1891
f 1884//1884 1885//1885 1892//1892
f 1885//1885 1886//1886 1893//1893
f 1886//1886 1887//1887 1894//1894
f 1888//1888 1889//1889 1896//1896
f 1889//1889 1890//1890 1897//1897
f 1890//1890 1891//1891 1898//1898
f 1891//1891 1892//1892 1899//1899
f 1892//1892 1893//1893 1900//1900
f 1893//1893 1894//1894 1901//1901
f 12//12 136//136 1853//1853
f 136//136 137//137 1854//1854
f 137//137 138//138 1855//1855
f 138//138 139//139 1856//1856
f 139//139 140//140 1857//1857
f 140//140 141//141 1858//1858
f 141//141 142//142 1859//1859
f 142//142 9//9 247//247
f 1859//1859 247//247 246//246
f 1866//1866 246//246 245//245
f 1873//1873 245//245 244//244
f 1880//1880 244//244 243//243
f 1887//1887 243//243 242//242
f 1894//1894 242//242 241//241
f 1901//1901 241//241 6//6
f 1900//1900 1901//1901 212//212
f 1899//1899 1900//1900 211//211
f 1898//1898 1899//1899 210//210
f 1897//1897 1898//1898 209//209
f 1896//1896 1897//1897 208//208
f 1895//1895 1896//1896 207//207
f 262//262 1895//1895 206//206
f 263//263 1888//1888 1895//1895
f 264//264 1881//1881 1888//1888
f 265//265 1874//1874 1881//1881
f 266//266 1867//1867 1874//1874
f 267//267 1860//1860 1867//1867
f 268//268 1853//1853 1860//1860
f 1902//1902 1903//1903 1910//1910
f 1903//1903 1904//1904 1911//1911
f 1904//1904 1905//1905 1912//1912
f 1905//1905 1906//1906 1913//1913
f 1906//1906 1907//1907 1914//1914
f 1907//1907 1908//1908 1915//1915
f 1909//1909 1910//1910 1917//1917
f 1910//1910 1911//1911 1918//1918
f 1911//1911 1912//1912 1919//1919
f 1912//1912 1913//1913 1920//1920
f 1913//1913 1914//1914 1921//1921
f 1914//1914 1915//1915 1922//1922
f 1916//1916 1917//1917 1924//1924
f 1917//1917 1918//1918 1925//1925
f 1918//1918 1919//1919 1926//1926
f 1919//1919 1920//1920 1927//1927
f 1920//1920 1921//1921 1928//1928
f 1921//1921 1922//1922 1929//1929
f 1923//1923 1924//1924 1931//1931
f 1924//1924 1925//1925 1932//1932
f 1925//1925 1926//1926 1933//1933
f 1926//1926 1927//1927 1934//1934
f 1927//1927 1928//1928 1935//1935
f 1928//1928 1929//1929 1936//1936
f 1930//1930 1931//1931 1938//1938
f 1931//1931 1932//1932 1939//1939
f 1932//1932 1933//1933 1940//1940
f 1933//1933 1934//1934 1941//1941
f 1934//1934 1935//1935 1942//1942
f 1935//1935 1936//1936 1943//1943
f 1937//1937 1938//1938 1945//1945
f 1938//1938 1939//1939 1946//1946
f 1939//1939 1940//1940 1947//1947
f 1940//1940 1941//1941 1948//1948
f 1941//1941 1942//1942 1949//1949
f 1942//1942 1943//1943 1950//1950
f 11//11 156//156 1902//1902
f 156//156 155//155 1903//1903
f 155//155 154//154 1904//1904
f 154//154 153//153 1905//1905
f 153//153 152//152 1906//1906
f 152//152 151//151 1907//1907
f 151//151 150//150 1908//1908
f 150//150 13//13 275//275
f 1908//1908 275//275 274//274
f 1915//1915 274//274 273//273
f 1922//1922 273//273 272//272
f 1929//1929 272//272 271//271
f 1936//1936 271//271 270//270
f 1943//1943 270//270 269//269
f 1950//1950 269//269 39//39
f 1949//1949 1950//1950 213//213
f 1948//1948 1949//1949 214//214
f 1947//1947 1948//1948 215//215
f 1946//1946 1947//1947 216//216
f 1945//1945 1946//1946 217//217
f 1944//1944 1945//1945 218//218
f 261//261 1944//1944 219//219
f 260//260 1937//1937 1944//1944
f 259//259 1930//1930 1937//1937
f 258//258 1923//1923 1930//1930
f 257//257 1916//1916 1923//1923
f 256//256 1909//1909 1916//1916
f 255//255 1902//1902 1909//1909
f 1951//1951 1952//1952 1959//1959
f 1952//1952 1953//1953 1960//1960
f 1953//1953 1954//1954 1961//1961
f 1954//1954 1955//1955 1962//1962
f 1955//1955 1956//1956 1963//1963
f 1956//1956 1957//1957 1964//1964
f 1958//1958 1959//1959 1966//1966
f 1959//1959 1960//1960 1967//1967
f 1960//1960 1961//1961 1968//1968
f 1961//1961 1962//1962 1969//1969
f 1962//1962 1963//1963 1970//1970
f 1963//1963 1964//1964 1971//1971
f 1965//1965 1966//1966 1973//1973
f 1966//1966 1967//1967 1974//1974
f 1967//1967 1968//1968 1975//1975
f 1968//1968 1969//1969 1976//1976
f 1969//1969 1970//1970 1977//1977
f 1970//1970 1971//1971 1978//1978
f 1972//1972 1973//1973 1980//1980
f 1973//1973 1974//1974 1981//1981
f 1974//1974 1975//1975 1982//1982
f 1975//1975 1976//1976 1983//1983
f 1976//1976 1977//1977 1984//1984
f 1977//1977 1978//1978 1985//1985
f 1979//1979 1980//1980 1987//1987
f 1980//1980 1981//1981 1988//1988
f 1981//1981 1982//1982 1989//1989
f 1982//1982 1983//1983 1990//1990
f 1983//1983 1984//1984 1991//1991
f 1984//1984 1985//1985 1992//1992
f 1986//1986 1987//1987 1994//1994
f 1987//1987 1988//1988 1995//1995
f 1988//1988 1989//1989 1996//1996
f 1989//1989 1990//1990 1997//1997
f 1990//1990 1991//1991 1998//1998
f 1991//1991 1992//1992 1999//1999
f 14//14 163//163 1951//1951
f 163//163 162//162 1952//1952
f 162//162 161//161 1953//1953
f 161//161 160//160 1954//1954
f 160//160 159//159 1955//1955
f 159//159 158//158 1956//1956
f 158//158 157//157 1957//1957
f 157//157 12//12 268//268
f 1957//1957 268//268 267//267
f 1964//1964 267//267 266//266
f 1971//1971 266//266 265//265
f 1978//1978 265//265 264//264
f 1985//1985 264//264 263//263
f 1992//1992 263//263 262//262
f 1999//1999 262//262 2//2
f 1998//1998 1999//1999 220//220
f 1997//1997 1998//1998 221//221
f 1996//1996 1997//1997 222//222
f 1995//1995 1996//1996 223//223
f 1994//1994 1995//1995 224//224
f 1993//1993 1994//1994 225//225
f 282//282 1993//1993 226//226
f 281//281 1986//1986 1993//1993
f 280//280 1979//1979 1986//1986
f 279//279 1972//1972 1979//1979
f 278//278 1965//1965 1972//1972
f 277//277 1958//1958 1965//1965
f 276//276 1951//1951 1958//1958
f 2001//2001 2002//2002 2006//2006
f 2002//2002 2003//2003 2007//2007
f 2003//2003 2004//2004 2008//2008
f 2005//2005 2006//2006 2010//2010
f 2006//2006 2007//2007 2011//2011
f 2007//2007 2008//2008 2012//2012
f 2013//2013 2014//2014 2018//2018
f 2014//2014 2015//2015 2019//2019
f 2015//2015 2016//2016 2020//2020
f 2017//2017 2018//2018 2022//2022
f 2018//2018 2019//2019 2023//2023
f 2019//2019 2020//2020 2024//2024
f 2025//2025 2026//2026 2030//2030
f 2026//2026 2027//2027 2031//2031
f 2027//2027 2028//2028 2032//2032
f 2029//2029 2030//2030 2034//2034
f 2030//2030 2031//2031 2035//2035
f 2031//2031 2032//2032 2036//2036
f 2037//2037 2038//2038 2042//2042
f 2038//2038 2039//2039 2043//2043
f 2039//2039 2040//2040 2044//2044
f 2041//2041 2042//2042 2046//2046
f 2042//2042 2043//2043 2047//2047
f 2043//2043 2044//2044 2048//2048
f 2049//2049 2050//2050 2054//2054
f 2050//2050 2051//2051 2055//2055
f 2051//2051 2052//2052 2056//2056
f 2053//2053 2054//2054 2058//2058
f 2054//2054 2055//2055 2059//2059
f 2055//2055 2056//2056 2060//2060
f 2061//2061 2062//2062 2066//2066
f 2062//2062 2063//2063 2067//2067
f 2063//2063 2064//2064 2068//2068
f 2065//2065 2066//2066 2070//2070
f 2066//2066 2067//2067 2071//2071
f 2067//2067 2068//2068 2072//2072
f 2021//2021 2022//2022 2008//2008
f 2022//2022 2023//2023 2012//2012
f 2033//2033 2034//2034 2020//2020
f 2034//2034 2035//2035 2024//2024
f 2045//2045 2046//2046 2032//2032
f 2046//2046 2047//2047 2036//2036
f 2057//2057 2058//2058 2044//2044
f 2058//2058 2059//2059 2048//2048
f 2069//2069 2070//2070 2056//2056
f 2070//2070 2071//2071 2060//2060
f 2009//2009 2010//2010 2068//2068
f 2010//2010 2011//2011 2072//2072
f 2011//2011 2012//2012 2000//2000
f 2023//2023 2024//2024 2000//2000
f 2035//2035 2036//2036 2000//2000
f 2047//2047 2048//2048 2000//2000
f 2059//2059 2060//2060 2000//2000
f 2071//2071 2072//2072 2000//2000
f 12//12 157//157 2001//2001
f 157//157 158//158 2002//2002
f 158//158 159//159 2003//2003
f 159//159 160//160 2004//2004
f 136//136 2001//2001 2005//2005
f 137//137 2005//2005 2009//2009
f 138//138 2009//2009 2064//2064
f 14//14 954//954 2013//2013
f 954//954 953//953 2014//2014
f 953//953 952//952 2015//2015
f 952//952 951//951 2016//2016
f 163//163 2013//2013 2017//2017
f 162//162 2017//2017 2021//2021
f 161//161 2021//2021 2004//2004
f 13//13 150//150 2025//2025
f 150//150 151//151 2026//2026
f 151//151 152//152 2027//2027
f 152//152 153//153 2028//2028
f 948//948 2025//2025 2029//2029
f 949//949 2029//2029 2033//2033
f 950//950 2033//2033 2016//2016
f 11//11 129//129 2037//2037
f 129//129 130//130 2038//2038
f 130//130 131//131 2039//2039
f 131//131 132//132 2040//2040
f 156//156 2037//2037 2041//2041
f 155//155 2041//2041 2045//2045
f 154//154 2045//2045 2028//2028
f 7//7 143//143 2049//2049
f 143//143 144//144 2050//2050
f 144//144 145//145 2051//2051
f 145//145 146//146 2052//2052
f 135//135 2049//2049 2053//2053
f 134//134 2053//2053 2057//2057
f 133//133 2057//2057 2040//2040
f 9//9 142//142 2061//2061
f 142//142 141//141 2062//2062
f 141//141 140//140 2063//2063
f 140//140 139//139 2064//2064
f 149//149 2061//2061 2065//2065
f 148//148 2065//2065 2069//2069
f 147//147 2069//2069 2052//2052
f 2073//2073 2074//2074 2081//2081
f 2074//2074 2075//2075 2082//2082
f 2075//2075 2076//2076 2083//2083
f 2076//2076 2077//2077 2084//2084
f 2077//2077 2078//2078 2085//2085
f 2078//2078 2079//2079 2086//2086
f 2080//2080 2081//2081 2088//2088
f 2081//2081 2082//2082 2089//2089
f 2082//2082 2083//2083 2090//2090
f 2083//2083 2084//2084 2091//2091
f 2084//2084 2085//2085 2092//2092
f 2085//2085 2086//2086 2093//2093
f 2087//2087 2088//2088 2095//2095
f 2088//2088 2089//2089 2096//2096
f 2089//2089 2090//2090 2097//2097
f 2090//2090 2091//2091 2098//2098
f 2091//2091 2092//2092 2099//2099
f 2092//2092 2093//2093 2100//2100
f 2094//2094 2095//2095 2102//2102
f 2095//2095 2096//2096 2103//2103
f 2096//2096 2097//2097 2104//2104
f 2097//2097 2098//2098 2105//2105
f 2098//2098 2099//2099 2106//2106
f 2099//2099 2100//2100 2107//2107
f 2101//2101 2102//2102 2109//2109
f 2102//2102 2103//2103 2110//2110
f 2103//2103 2104//2104 2111//2111
f 2104//2104 2105//2105 2112//2112
f 2105//2105 2106//2106 2113//2113
f 2106//2106 2107//2107 2114//2114
f 2108//2108 2109//2109 2116//2116
f 2109//2109 2110//2110 2117//2117
f 2110//2110 2111//2111 2118//2118
f 2111//2111 2112//2112 2119//2119
f 2112//2112 2113//2113 2120//2120
f 2113//2113 2114//2114 2121//2121
f 28//28 304//304 2073//2073
f 304//304 305//305 2074//2074
f 305//305 306//306 2075//2075
f 306//306 307//307 2076//2076
f 307//307 308//308 2077//2077
f 308//308 309//309 2078//2078
f 309//309 310//310 2079//2079
f 310//310 29//29 311//311
f 2079//2079 311//311 312//312
f 2086//2086 312//312 313//313
f 2093//2093 313//313 314//314
f 2100//2100 314//314 315//315
f 2107//2107 315//315 316//316
f 2114//2114 316//316 317//317
f 2121//2121 317//317 27//27
f 2120//2120 2121//2121 303//303
f 2119//2119 2120//2120 302//302
f 2118//2118 2119//2119 301//301
f 2117//2117 2118//2118 300//300
f 2116//2116 2117//2117 299//299
f 2115//2115 2116//2116 298//298
f 332//332 2115//2115 297//297
f 333//333 2108//2108 2115//2115
f 334//334 2101//2101 2108//2108
f 335//335 2094//2094 2101//2101
f 336//336 2087//2087 2094//2094
f 337//337 2080//2080 2087//2087
f 338//338 2073//2073 2080//2080
f 2122//2122 2123//2123 2130//2130
f 2123//2123 2124//2124 2131//2131
f 2124//2124 2125//2125 2132//2132
f 2125//2125 2126//2126 2133//2133
f 2126//2126 2127//2127 2134//2134
f 2127//2127 2128//2128 2135//2135
f 2129//2129 2130//2130 2137//2137
f 2130//2130 2131//2131 2138//2138
f 2131//2131 2132//2132 2139//2139
f 2132//2132 2133//2133 2140//2140
f 2133//2133 2134//2134 2141//2141
f 2134//2134 2135//2135 2142//2142
f 2136//2136 2137//2137 2144//2144
f 2137//2137 2138//2138 2145//2145
f 2138//2138 2139//2139 2146//2146
f 2139//2139 2140//2140 2147//2147
f 2140//2140 2141//2141 2148//2148
f 2141//2141 2142//2142 2149//2149
f 2143//2143 2144//2144 2151//2151
f 2144//2144 2145//2145 2152//2152
f 2145//2145 2146//2146 2153//2153
f 2146//2146 2147//2147 2154//2154
f 2147//2147 2148//2148 2155//2155
f 2148//2148 2149//2149 2156//2156
f 2150//2150 2151//2151 2158//2158
f 2151//2151 2152//2152 2159//2159
f 2152//2152 2153//2153 2160//2160
f 2153//2153 2154//2154 2161//2161
f 2154//2154 2155//2155 2162//2162
f 2155//2155 2156//2156 2163//2163
f 2157//2157 2158//2158 2165//2165
f 2158//2158 2159//2159 2166//2166
f 2159//2159 2160//2160 2167//2167
f 2160//2160 2161//2161 2168//2168
f 2161//2161 2162//2162 2169//2169
f 2162//2162 2163//2163 2170//2170
f 81//81 1080//1080 2122//2122
f 1080//1080 1079//1079 2123//2123
f 1079//1079 1078//1078 2124//2124
f 1078//1078 1077//1077 2125//2125
f 1077//1077 1076//1076 2126//2126
f 1076//1076 1075//1075 2127//2127
f 1075//1075 1074//1074 2128//2128
f 1074//1074 62//62 710//710
f 2128//2128 710//710 711//711
f 2135//2135 711//711 712//712
f 2142//2142 712//712 713//713
f 2149//2149 713//713 714//714
f 2156//2156 714//714 715//715
f 2163//2163 715//715 716//716
f 2170//2170 716//716 52//52
f 2169//2169 2170//2170 1053//1053
f 2168//2168 2169//2169 1054//1054
f 2167//2167 2168//2168 1055//1055
f 2166//2166 2167//2167 1056//1056
f 2165//2165 2166//2166 1057//1057
f 2164//2164 2165//2165 1058//1058
f 1206//1206 2164//2164 1059//1059
f 1205//1205 2157//2157 2164//2164
f 1204//1204 2150//2150 2157//2157
f 1203//1203 2143//2143 2150//2150
f 1202//1202 2136//2136 2143//2143
f 1201//1201 2129//2129 2136//2136
f 1200//1200 2122//2122 2129//2129
f 2171//2171 2172//2172 2179//2179
f 2172//2172 2173//2173 2180//2180
f 2173//2173 2174//2174 2181//2181
f 2174//2174 2175//2175 2182//2182
f 2175//2175 2176//2176 2183//2183
f 2176//2176 2177//2177 2184//2184
f 2178//2178 2179//2179 2186//2186
f 2179//2179 2180//2180 2187//2187
f 2180//2180 2181//2181 2188//2188
f 2181//2181 2182//2182 2189//2189
f 2182//2182 2183//2183 2190//2190
f 2183//2183 2184//2184 2191//2191
f 2185//2185 2186//2186 2193//2193
f 2186//2186 2187//2187 2194//2194
f 2187//2187 2188//2188 2195//2195
f 2188//2188 2189//2189 2196//2196
f 2189//2189 2190//2190 2197//2197
f 2190//2190 2191//2191 2198//2198
f 2192//2192 2193//2193 2200//2200
f 2193//2193 2194//2194 2201//2201
f 2194//2194 2195//2195 2202//2202
f 2195//2195 2196//2196 2203//2203
f 2196//2196 2197//2197 2204//2204
f 2197//2197 2198//2198 2205//2205
f 2199//2199 2200//2200 2207//2207
f 2200//2200 2201//2201 2208//2208
f 2201//2201 2202//2202 2209//2209
f 2202//2202 2203//2203 2210//2210
f 2203//2203 2204//2204 2211//2211
f 2204//2204 2205//2205 2212//2212
f 2206//2206 2207//2207 2214//2214
f 2207//2207 2208//2208 2215//2215
f 2208//2208 2209//2209 2216//2216
f 2209//2209 2210//2210 2217//2217
f 2210//2210 2211//2211 2218//2218
f 2211//2211 2212//2212 2219//2219
f 66//66 968//968 2171//2171
f 968//968 967//967 2172//2172
f 967//967 966//966 2173//2173
f 966//966 965//965 2174//2174
f 965//965 964//964 2175//2175
f 964//964 963//963 2176//2176
f 963//963 962//962 2177//2177
f 962//962 25//25 380//380
f 2177//2177 380//380 379//379
f 2184//2184 379//379 378//378
f 2191//2191 378//378 377//377
f 2198//2198 377//377 376//376
f 2205//2205 376//376 375//375
f 2212//2212 375//375 374//374
f 2219//2219 374//374 22//22
f 2218//2218 2219//2219 345//345
f 2217//2217 2218//2218 344//344
f 2216//2216 2217//2217 343//343
f 2215//2215 2216//2216 342//342
f 2214//2214 2215//2215 341//341
f 2213//2213 2214//2214 340//340
f 1199//1199 2213//2213 339//339
f 1198//1198 2206//2206 2213//2213
f 1197//1197 2199//2199 2206//2206
f 1196//1196 2192//2192 2199//2199
f 1195//1195 2185//2185 2192//2192
f 1194//1194 2178//2178 2185//2185
f 1193//1193 2171//2171 2178//2178
f 2220//2220 2221//2221 2228//2228
f 2221//2221 2222//2222 2229//2229
f 2222//2222 2223//2223 2230//2230
f 2223//2223 2224//2224 2231//2231
f 2224//2224 2225//2225 2232//2232
f 2225//2225 2226//2226 2233//2233
f 2227//2227 2228//2228 2235//2235
f 2228//2228 2229//2229 2236//2236
f 2229//2229 2230//2230 2237//2237
f 2230//2230 2231//2231 2238//2238
f 2231//2231 2232//2232 2239//2239
f 2232//2232 2233//2233 2240//2240
f 2234//2234 2235//2235 2242//2242
f 2235//2235 2236//2236 2243//2243
f 2236//2236 2237//2237 2244//2244
f 2237//2237 2238//2238 2245//2245
f 2238//2238 2239//2239 2246//2246
f 2239//2239 2240//2240 2247//2247
f 2241//2241 2242//2242 2249//2249
f 2242//2242 2243//2243 2250//2250
f 2243//2243 2244//2244 2251//2251
f 2244//2244 2245//2245 2252//2252
f 2245//2245 2246//2246 2253//2253
f 2246//2246 2247//2247 2254//2254
f 2248//2248 2249//2249 2256//2256
f 2249//2249 2250//2250 2257//2257
f 2250//2250 2251//2251 2258//2258
f 2251//2251 2252//2252 2259//2259
f 2252//2252 2253//2253 2260//2260
f 2253//2253 2254//2254 2261//2261
f 2255//2255 2256//2256 2263//2263
f 2256//2256 2257//2257 2264//2264
f 2257//2257 2258//2258 2265//2265
f 2258//2258 2259//2259 2266//2266
f 2259//2259 2260//2260 2267//2267
f 2260//2260 2261//2261 2268//2268
f 18//18 394//394 2220//2220
f 394//394 393//393 2221//2221
f 393//393 392//392 2222//2222
f 392//392 391//391 2223//2223
f 391//391 390//390 2224//2224
f 390//390 389//389 2225//2225
f 389//389 388//388 2226//2226
f 388//388 19//19 450//450
f 2226//2226 450//450 449//449
f 2233//2233 449//449 448//448
f 2240//2240 448//448 447//447
f 2247//2247 447//447 446//446
f 2254//2254 446//446 445//445
f 2261//2261 445//445 444//444
f 2268//2268 444//444 26//26
f 2267//2267 2268//2268 297//297
f 2266//2266 2267//2267 298//298
f 2265//2265 2266//2266 299//299
f 2264//2264 2265//2265 300//300
f 2263//2263 2264//2264 301//301
f 2262//2262 2263//2263 302//302
f 443//443 2262//2262 303//303
f 442//442 2255//2255 2262//2262
f 441//441 2248//2248 2255//2255
f 440//440 2241//2241 2248//2248
f 439//439 2234//2234 2241//2241
f 438//438 2227//2227 2234//2234
f 437//437 2220//2220 2227//2227
f 2269//2269 2270//2270 2277//2277
f 2270//2270 2271//2271 2278//2278
f 2271//2271 2272//2272 2279//2279
f 2272//2272 2273//2273 2280//2280
f 2273//2273 2274//2274 2281//2281
f 2274//2274 2275//2275 2282//2282
f 2276//2276 2277//2277 2284//2284
f 2277//2277 2278//2278 2285//2285
f 2278//2278 2279//2279 2286//2286
f 2279//2279 2280//2280 2287//2287
f 2280//2280 2281//2281 2288//2288
f 2281//2281 2282//2282 2289//2289
f 2283//2283 2284//2284 2291//2291
f 2284//2284 2285//2285 2292//2292
f 2285//2285 2286//2286 2293//2293
f 2286//2286 2287//2287 2294//2294
f 2287//2287 2288//2288 2295//2295
f 2288//2288 2289//2289 2296//2296
f 2290//2290 2291//2291 2298//2298
f 2291//2291 2292//2292 2299//2299
f 2292//2292 2293//2293 2300//2300
f 2293//2293 2294//2294 2301//2301
f 2294//2294 2295//2295 2302//2302
f 2295//2295 2296//2296 2303//2303
f 2297//2297 2298//2298 2305//2305
f 2298//2298 2299//2299 2306//2306
f 2299//2299 2300//2300 2307//2307
f 2300//2300 2301//2301 2308//2308
f 2301//2301 2302//2302 2309//2309
f 2302//2302 2303//2303 2310//2310
f 2304//2304 2305//2305 2312//2312
f 2305//2305 2306//2306 2313//2313
f 2306//2306 2307//2307 2314//2314
f 2307//2307 2308//2308 2315//2315
f 2308//2308 2309//2309 2316//2316
f 2309//2309 2310//2310 2317//2317
f 20//20 395//395 2269//2269
f 395//395 396//396 2270//2270
f 396//396 397//397 2271//2271
f 397//397 398//398 2272//2272
f 398//398 399//399 2273//2273
f 399//399 400//400 2274//2274
f 400//400 401//401 2275//2275
f 401//401 17//17 464//464
f 2275//2275 464//464 463//463
f 2282//2282 463//463 462//462
f 2289//2289 462//462 461//461
f 2296//2296 461//461 460//460
f 2303//2303 460//460 459//459
f 2310//2310 459//459 458//458
f 2317//2317 458//458 29//29
f 2316//2316 2317//2317 310//310
f 2315//2315 2316//2316 309//309
f 2314//2314 2315//2315 308//308
f 2313//2313 2314//2314 307//307
f 2312//2312 2313//2313 306//306
f 2311//2311 2312//2312 305//305
f 457//457 2311//2311 304//304
f 456//456 2304//2304 2311//2311
f 455//455 2297//2297 2304//2304
f 454//454 2290//2290 2297//2297
f 453//453 2283//2283 2290//2290
f 452//452 2276//2276 2283//2283
f 451//451 2269//2269 2276//2276
f 2318//2318 2319//2319 2326//2326
f 2319//2319 2320//2320 2327//2327
f 2320//2320 2321//2321 2328//2328
f 2321//2321 2322//2322 2329//2329
f 2322//2322 2323//2323 2330//2330
f 2323//2323 2324//2324 2331//2331
f 2325//2325 2326//2326 2333//2333
f 2326//2326 2327//2327 2334//2334
f 2327//2327 2328//2328 2335//2335
f 2328//2328 2329//2329 2336//2336
f 2329//2329 2330//2330 2337//2337
f 2330//2330 2331//2331 2338//2338
f 2332//2332 2333//2333 2340//2340
f 2333//2333 2334//2334 2341//2341
f 2334//2334 2335//2335 2342//2342
f 2335//2335 2336//2336 2343//2343
f 2336//2336 2337//2337 2344//2344
f 2337//2337 2338//2338 2345//2345
f 2339//2339 2340//2340 2347//2347
f 2340//2340 2341//2341 2348//2348
f 2341//2341 2342//2342 2349//2349
f 2342//2342 2343//2343 2350//2350
f 2343//2343 2344//2344 2351//2351
f 2344//2344 2345//2345 2352//2352
f 2346//2346 2347//2347 2354//2354
f 2347//2347 2348//2348 2355//2355
f 2348//2348 2349//2349 2356//2356
f 2349//2349 2350//2350 2357//2357
f 2350//2350 2351//2351 2358//2358
f 2351//2351 2352//2352 2359//2359
f 2353//2353 2354//2354 2361//2361
f 2354//2354 2355//2355 2362//2362
f 2355//2355 2356//2356 2363//2363
f 2356//2356 2357//2357 2364//2364
f 2357//2357 2358//2358 2365//2365
f 2358//2358 2359//2359 2366//2366
f 17//17 402//402 2318//2318
f 402//402 403//403 2319//2319
f 403//403 404//404 2320//2320
f 404//404 405//405 2321//2321
f 405//405 406//406 2322//2322
f 406//406 407//407 2323//2323
f 407//407 408//408 2324//2324
f 408//408 18//18 437//437
f 2324//2324 437//437 438//438
f 2331//2331 438//438 439//439
f 2338//2338 439//439 440//440
f 2345//2345 440//440 441//441
f 2352//2352 441//441 442//442
f 2359//2359 442//442 443//443
f 2366//2366 443//443 27//27
f 2365//2365 2366//2366 317//317
f 2364//2364 2365//2365 316//316
f 2363//2363 2364//2364 315//315
f 2362//2362 2363//2363 314//314
f 2361//2361 2362//2362 313//313
f 2360//2360 2361//2361 312//312
f 458//458 2360//2360 311//311
f 459//459 2353//2353 2360//2360
f 460//460 2346//2346 2353//2353
f 461//461 2339//2339 2346//2346
f 462//462 2332//2332 2339//2339
f 463//463 2325//2325 2332//2332
f 464//464 2318//2318 2325//2325
f 2367//2367 2368//2368 2375//2375
f 2368//2368 2369//2369 2376//2376
f 2369//2369 2370//2370 2377//2377
f 2370//2370 2371//2371 2378//2378
f 2371//2371 2372//2372 2379//2379
f 2372//2372 2373//2373 2380//2380
f 2374//2374 2375//2375 2382//2382
f 2375//2375 2376//2376 2383//2383
f 2376//2376 2377//2377 2384//2384
f 2377//2377 2378//2378 2385//2385
f 2378//2378 2379//2379 2386//2386
f 2379//2379 2380//2380 2387//2387
f 2381//2381 2382//2382 2389//2389
f 2382//2382 2383//2383 2390//2390
f 2383//2383 2384//2384 2391//2391
f 2384//2384 2385//2385 2392//2392
f 2385//2385 2386//2386 2393//2393
f 2386//2386 2387//2387 2394//2394
f 2388//2388 2389//2389 2396//2396
f 2389//2389 2390//2390 2397//2397
f 2390//2390 2391//2391 2398//2398
f 2391//2391 2392//2392 2399//2399
f 2392//2392 2393//2393 2400//2400
f 2393//2393 2394//2394 2401//2401
f 2395//2395 2396//2396 2403//2403
f 2396//2396 2397//2397 2404//2404
f 2397//2397 2398//2398 2405//2405
f 2398//2398 2399//2399 2406//2406
f 2399//2399 2400//2400 2407//2407
f 2400//2400 2401//2401 2408//2408
f 2402//2402 2403//2403 2410//2410
f 2403//2403 2404//2404 2411//2411
f 2404//2404 2405//2405 2412//2412
f 2405//2405 2406//2406 2413//2413
f 2406//2406 2407//2407 2414//2414
f 2407//2407 2408//2408 2415//2415
f 19//19 415//415 2367//2367
f 415//415 414//414 2368//2368
f 414//414 413//413 2369//2369
f 413//413 412//412 2370//2370
f 412//412 411//411 2371//2371
f 411//411 410//410 2372//2372
f 410//410 409//409 2373//2373
f 409//409 15//15 471//471
f 2373//2373 471//471 470//470
f 2380//2380 470//470 469//469
f 2387//2387 469//469 468//468
f 2394//2394 468//468 467//467
f 2401//2401 467//467 466//466
f 2408//2408 466//466 465//465
f 2415//2415 465//465 30//30
f 2414//2414 2415//2415 318//318
f 2413//2413 2414//2414 319//319
f 2412//2412 2413//2413 320//320
f 2411//2411 2412//2412 321//321
f 2410//2410 2411//2411 322//322
f 2409//2409 2410//2410 323//323
f 444//444 2409//2409 324//324
f 445//445 2402//2402 2409//2409
f 446//446 2395//2395 2402//2402
f 447//447 2388//2388 2395//2395
f 448//448 2381//2381 2388//2388
f 449//449 2374//2374 2381//2381
f 450//450 2367//2367 2374//2374
f 2416//2416 2417//2417 2424//2424
f 2417//2417 2418//2418 2425//2425
f 2418//2418 2419//2419 2426//2426
f 2419//2419 2420//2420 2427//2427
f 2420//2420 2421//2421 2428//2428
f 2421//2421 2422//2422 2429//2429
f 2423//2423 2424//2424 2431//2431
f 2424//2424 2425//2425 2432//2432
f 2425//2425 2426//2426 2433//2433
f 2426//2426 2427//2427 2434//2434
f 2427//2427 2428//2428 2435//2435
f 2428//2428 2429//2429 2436//2436
f 2430//2430 2431//2431 2438//2438
f 2431//2431 2432//2432 2439//2439
f 2432//2432 2433//2433 2440//2440
f 2433//2433 2434//2434 2441//2441
f 2434//2434 2435//2435 2442//2442
f 2435//2435 2436//2436 2443//2443
f 2437//2437 2438//2438 2445//2445
f 2438//2438 2439//2439 2446//2446
f 2439//2439 2440//2440 2447//2447
f 2440//2440 2441//2441 2448//2448
f 2441//2441 2442//2442 2449//2449
f 2442//2442 2443//2443 2450//2450
f 2444//2444 2445//2445 2452//2452
f 2445//2445 2446//2446 2453//2453
f 2446//2446 2447//2447 2454//2454
f 2447//2447 2448//2448 2455//2455
f 2448//2448 2449//2449 2456//2456
f 2449//2449 2450//2450 2457//2457
f 2451//2451 2452//2452 2459//2459
f 2452//2452 2453//2453 2460//2460
f 2453//2453 2454//2454 2461//2461
f 2454//2454 2455//2455 2462//2462
f 2455//2455 2456//2456 2463//2463
f 2456//2456 2457//2457 2464//2464
f 16//16 416//416 2416//2416
f 416//416 417//417 2417//2417
f 417//417 418//418 2418//2418
f 418//418 419//419 2419//2419
f 419//419 420//420 2420//2420
f 420//420 421//421 2421//2421
f 421//421 422//422 2422//2422
f 422//422 20//20 451//451
f 2422//2422 451//451 452//452
f 2429//2429 452//452 453//453
f 2436//2436 453//453 454//454
f 2443//2443 454//454 455//455
f 2450//2450 455//455 456//456
f 2457//2457 456//456 457//457
f 2464//2464 457//457 28//28
f 2463//2463 2464//2464 331//331
f 2462//2462 2463//2463 330//330
f 2461//2461 2462//2462 329//329
f 2460//2460 2461//2461 328//328
f 2459//2459 2460//2460 327//327
f 2458//2458 2459//2459 326//326
f 478//478 2458//2458 325//325
f 477//477 2451//2451 2458//2458
f 476//476 2444//2444 2451//2451
f 475//475 2437//2437 2444//2444
f 474//474 2430//2430 2437//2437
f 473//473 2423//2423 2430//2430
f 472//472 2416//2416 2423//2423
f 2466//2466 2467//2467 2471//2471
f 2467//2467 2468//2468 2472//2472
f 2468//2468 2469//2469 2473//2473
f 2470//2470 2471//2471 2475//2475
f 2471//2471 2472//2472 2476//2476
f 2472//2472 2473//2473 2477//2477
f 2478//2478 2479//2479 2483//2483
f 2479//2479 2480//2480 2484//2484
f 2480//2480 2481//2481 2485//2485
f 2482//2482 2483//2483 2487//2487
f 2483//2483 2484//2484 2488//2488
f 2484//2484 2485//2485 2489//2489
f 2490//2490 2491//2491 2495//2495
f 2491//2491 2492//2492 2496//2496
f 2492//2492 2493//2493 2497//2497
f 2494//2494 2495//2495 2499//2499
f 2495//2495 2496//2496 2500//2500
f 2496//2496 2497//2497 2501//2501
f 2502//2502 2503//2503 2507//2507
f 2503//2503 2504//2504 2508//2508
f 2504//2504 2505//2505 2509//2509
f 2506//2506 2507//2507 2511//2511
f 2507//2507 2508//2508 2512//2512
f 2508//2508 2509//2509 2513//2513
f 2514//2514 2515//2515 2519//2519
f 2515//2515 2516//2516 2520//2520
f 2516//2516 2517//2517 2521//2521
f 2518//2518 2519//2519 2523//2523
f 2519//2519 2520//2520 2524//2524
f 2520//2520 2521//2521 2525//2525
f 2486//2486 2487//2487 2473//2473
f 2487//2487 2488//2488 2477//2477
f 2498//2498 2499//2499 2485//2485
f 2499//2499 2500//2500 2489//2489
f 2510//2510 2511//2511 2497//2497
f 2511//2511 2512//2512 2501//2501
f 2522//2522 2523//2523 2509//2509
f 2523//2523 2524//2524 2513//2513
f 2474//2474 2475//2475 2521//2521
f 2475//2475 2476//2476 2525//2525
f 2476//2476 2477//2477 2465//2465
f 2488//2488 2489//2489 2465//2465
f 2500//2500 2501//2501 2465//2465
f 2512//2512 2513//2513 2465//2465
f 2524//2524 2525//2525 2465//2465
f 13//13 948//948 2466//2466
f 948//948 949//949 2467//2467
f 949//949 950//950 2468//2468
f 950//950 951//951 2469//2469
f 275//275 2466//2466 2470//2470
f 274//274 2470//2470 2474//2474
f 273//273 2474//2474 2517//2517
f 14//14 276//276 2478//2478
f 276//276 277//277 2479//2479
f 277//277 278//278 2480//2480
f 278//278 279//279 2481//2481
f 954//954 2478//2478 2482//2482
f 953//953 2482//2482 2486//2486
f 952//952 2486//2486 2469//2469
f 40//40 990//990 2490//2490
f 990//990 991//991 2491//2491
f 991//991 992//992 2492//2492
f 992//992 993//993 2493//2493
f 282//282 2490//2490 2494//2494
f 281//281 2494//2494 2498//2498
f 280//280 2498//2498 2481//2481
f 69//69 780//780 2502//2502
f 780//780 781//781 2503//2503
f 781//781 782//782 2504//2504
f 782//782 783//783 2505//2505
f 996//996 2502//2502 2506//2506
f 995//995 2506//2506 2510//2510
f 994//994 2510//2510 2493//2493
f 39//39 269//269 2514//2514
f 269//269 270//270 2515//2515
f 270//270 271//271 2516//2516
f 271//271 272//272 2517//2517
f 786//786 2514//2514 2518//2518
f 785//785 2518//2518 2522//2522
f 784//784 2522//2522 2505//2505
f 2526//2526 2527//2527 2534//2534
f 2527//2527 2528//2528 2535//2535
f 2528//2528 2529//2529 2536//2536
f 2529//2529 2530//2530 2537//2537
f 2530//2530 2531//2531 2538//2538
f 2531//2531 2532//2532 2539//2539
f 2533//2533 2534//2534 2541//2541
f 2534//2534 2535//2535 2542//2542
f 2535//2535 2536//2536 2543//2543
f 2536//2536 2537//2537 2544//2544
f 2537//2537 2538//2538 2545//2545
f 2538//2538 2539//2539 2546//2546
f 2540//2540 2541//2541 2548//2548
f 2541//2541 2542//2542 2549//2549
f 2542//2542 2543//2543 2550//2550
f 2543//2543 2544//2544 2551//2551
f 2544//2544 2545//2545 2552//2552
f 2545//2545 2546//2546 2553//2553
f 2547//2547 2548//2548 2555//2555
f 2548//2548 2549//2549 2556//2556
f 2549//2549 2550//2550 2557//2557
f 2550//2550 2551//2551 2558//2558
f 2551//2551 2552//2552 2559//2559
f 2552//2552 2553//2553 2560//2560
f 2554//2554 2555//2555 2562//2562
f 2555//2555 2556//2556 2563//2563
f 2556//2556 2557//2557 2564//2564
f 2557//2557 2558//2558 2565//2565
f 2558//2558 2559//2559 2566//2566
f 2559//2559 2560//2560 2567//2567
f 2561//2561 2562//2562 2569//2569
f 2562//2562 2563//2563 2570//2570
f 2563//2563 2564//2564 2571//2571
f 2564//2564 2565//2565 2572//2572
f 2565//2565 2566//2566 2573//2573
f 2566//2566 2567//2567 2574//2574
f 15//15 429//429 2526//2526
f 429//429 428//428 2527//2527
f 428//428 427//427 2528//2528
f 427//427 426//426 2529//2529
f 426//426 425//425 2530//2530
f 425//425 424//424 2531//2531
f 424//424 423//423 2532//2532
f 423//423 21//21 479//479
f 2532//2532 479//479 480//480
f 2539//2539 480//480 481//481
f 2546//2546 481//481 482//482
f 2553//2553 482//482 483//483
f 2560//2560 483//483 484//484
f 2567//2567 484//484 485//485
f 2574//2574 485//485 32//32
f 2573//2573 2574//2574 346//346
f 2572//2572 2573//2573 347//347
f 2571//2571 2572//2572 348//348
f 2570//2570 2571//2571 349//349
f 2569//2569 2570//2570 350//350
f 2568//2568 2569//2569 351//351
f 465//465 2568//2568 352//352
f 466//466 2561//2561 2568//2568
f 467//467 2554//2554 2561//2561
f 468//468 2547//2547 2554//2554
f 469//469 2540//2540 2547//2547
f 470//470 2533//2533 2540//2540
f 471//471 2526//2526 2533//2533
f 2575//2575 2576//2576 2583//2583
f 2576//2576 2577//2577 2584//2584
f 2577//2577 2578//2578 2585//2585
f 2578//2578 2579//2579 2586//2586
f 2579//2579 2580//2580 2587//2587
f 2580//2580 2581//2581 2588//2588
f 2582//2582 2583//2583 2590//2590
f 2583//2583 2584//2584 2591//2591
f 2584//2584 2585//2585 2592//2592
f 2585//2585 2586//2586 2593//2593
f 2586//2586 2587//2587 2594//2594
f 2587//2587 2588//2588 2595//2595
f 2589//2589 2590//2590 2597//2597
f 2590//2590 2591//2591 2598//2598
f 2591//2591 2592//2592 2599//2599
f 2592//2592 2593//2593 2600//2600
f 2593//2593 2594//2594 2601//2601
f 2594//2594 2595//2595 2602//2602
f 2596//2596 2597//2597 2604//2604
f 2597//2597 2598//2598 2605//2605
f 2598//2598 2599//2599 2606//2606
f 2599//2599 2600//2600 2607//2607
f 2600//2600 2601//2601 2608//2608
f 2601//2601 2602//2602 2609//2609
f 2603//2603 2604//2604 2611//2611
f 2604//2604 2605//2605 2612//2612
f 2605//2605 2606//2606 2613//2613
f 2606//2606 2607//2607 2614//2614
f 2607//2607 2608//2608 2615//2615
f 2608//2608 2609//2609 2616//2616
f 2610//2610 2611//2611 2618//2618
f 2611//2611 2612//2612 2619//2619
f 2612//2612 2613//2613 2620//2620
f 2613//2613 2614//2614 2621//2621
f 2614//2614 2615//2615 2622//2622
f 2615//2615 2616//2616 2623//2623
f 22//22 436//436 2575//2575
f 436//436 435//435 2576//2576
f 435//435 434//434 2577//2577
f 434//434 433//433 2578//2578
f 433//433 432//432 2579//2579
f 432//432 431//431 2580//2580
f 431//431 430//430 2581//2581
f 430//430 16//16 472//472
f 2581//2581 472//472 473//473
f 2588//2588 473//473 474//474
f 2595//2595 474//474 475//475
f 2602//2602 475//475 476//476
f 2609//2609 476//476 477//477
f 2616//2616 477//477 478//478
f 2623//2623 478//478 31//31
f 2622//2622 2623//2623 353//353
f 2621//2621 2622//2622 354//354
f 2620//2620 2621//2621 355//355
f 2619//2619 2620//2620 356//356
f 2618//2618 2619//2619 357//357
f 2617//2617 2618//2618 358//358
f 486//486 2617//2617 359//359
f 487//487 2610//2610 2617//2617
f 488//488 2603//2603 2610//2610
f 489//489 2596//2596 2603//2603
f 490//490 2589//2589 2596//2596
f 491//491 2582//2582 2589//2589
f 492//492 2575//2575 2582//2582
f 2625//2625 2626//2626 2630//2630
f 2626//2626 2627//2627 2631//2631
f 2627//2627 2628//2628 2632//2632
f 2629//2629 2630//2630 2634//2634
f 2630//2630 2631//2631 2635//2635
f 2631//2631 2632//2632 2636//2636
f 2637//2637 2638//2638 2642//2642
f 2638//2638 2639//2639 2643//2643
f 2639//2639 2640//2640 2644//2644
f 2641//2641 2642//2642 2646//2646
f 2642//2642 2643//2643 2647//2647
f 2643//2643 2644//2644 2648//2648
f 2649//2649 2650//2650 2654//2654
f 2650//2650 2651//2651 2655//2655
f 2651//2651 2652//2652 2656//2656
f 2653//2653 2654//2654 2658//2658
f 2654//2654 2655//2655 2659//2659
f 2655//2655 2656//2656 2660//2660
f 2661//2661 2662//2662 2666//2666
f 2662//2662 2663//2663 2667//2667
f 2663//2663 2664//2664 2668//2668
f 2665//2665 2666//2666 2670//2670
f 2666//2666 2667//2667 2671//2671
f 2667//2667 2668//2668 2672//2672
f 2673//2673 2674//2674 2678//2678
f 2674//2674 2675//2675 2679//2679
f 2675//2675 2676//2676 2680//2680
f 2677//2677 2678//2678 2682//2682
f 2678//2678 2679//2679 2683//2683
f 2679//2679 2680//2680 2684//2684
f 2685//2685 2686//2686 2690//2690
f 2686//2686 2687//2687 2691//2691
f 2687//2687 2688//2688 2692//2692
f 2689//2689 2690//2690 2694//2694
f 2690//2690 2691//2691 2695//2695
f 2691//2691 2692//2692 2696//2696
f 2645//2645 2646//2646 2632//2632
f 2646//2646 2647//2647 2636//2636
f 2657//2657 2658//2658 2644//2644
f 2658//2658 2659//2659 2648//2648
f 2669//2669 2670//2670 2656//2656
f 2670//2670 2671//2671 2660//2660
f 2681//2681 2682//2682 2668//2668
f 2682//2682 2683//2683 2672//2672
f 2693//2693 2694//2694 2680//2680
f 2694//2694 2695//2695 2684//2684
f 2633//2633 2634//2634 2692//2692
f 2634//2634 2635//2635 2696//2696
f 2635//2635 2636//2636 2624//2624
f 2647//2647 2648//2648 2624//2624
f 2659//2659 2660//2660 2624//2624
f 2671//2671 2672//2672 2624//2624
f 2683//2683 2684//2684 2624//2624
f 2695//2695 2696//2696 2624//2624
f 28//28 338//338 2625//2625
f 338//338 337//337 2626//2626
f 337//337 336//336 2627//2627
f 336//336 335//335 2628//2628
f 331//331 2625//2625 2629//2629
f 330//330 2629//2629 2633//2633
f 329//329 2633//2633 2688//2688
f 26//26 324//324 2637//2637
f 324//324 323//323 2638//2638
f 323//323 322//322 2639//2639
f 322//322 321//321 2640//2640
f 332//332 2637//2637 2641//2641
f 333//333 2641//2641 2645//2645
f 334//334 2645//2645 2628//2628
f 30//30 352//352 2649//2649
f 352//352 351//351 2650//2650
f 351//351 350//350 2651//2651
f 350//350 349//349 2652//2652
f 318//318 2649//2649 2653//2653
f 319//319 2653//2653 2657//2657
f 320//320 2657//2657 2640//2640
f 32//32 969//969 2661//2661
f 969//969 970//970 2662//2662
f 970//970 971//971 2663//2663
f 971//971 972//972 2664//2664
f 346//346 2661//2661 2665//2665
f 347//347 2665//2665 2669//2669
f 348//348 2669//2669 2652//2652
f 33//33 359//359 2673//2673
f 359//359 358//358 2674//2674
f 358//358 357//357 2675//2675
f 357//357 356//356 2676//2676
f 975//975 2673//2673 2677//2677
f 974//974 2677//2677 2681//2681
f 973//973 2681//2681 2664//2664
f 31//31 325//325 2685//2685
f 325//325 326//326 2686//2686
f 326//326 327//327 2687//2687
f 327//327 328//328 2688//2688
f 353//353 2685//2685 2689//2689
f 354//354 2689//2689 2693//2693
f 355//355 2693//2693 2676//2676
f 2697//2697 2698//2698 2705//2705
f 2698//2698 2699//2699 2706//2706
f 2699//2699 2700//2700 2707//2707
f 2700//2700 2701//2701 2708//2708
f 2701//2701 2702//2702 2709//2709
f 2702//2702 2703//2703 2710//2710
f 2704//2704 2705//2705 2712//2712
f 2705//2705 2706//2706 2713//2713
f 2706//2706 2707//2707 2714//2714
f 2707//2707 2708//2708 2715//2715
f 2708//2708 2709//2709 2716//2716
f 2709//2709 2710//2710 2717//2717
f 2711//2711 2712//2712 2719//2719
f 2712//2712 2713//2713 2720//2720
f 2713//2713 2714//2714 2721//2721
f 2714//2714 2715//2715 2722//2722
f 2715//2715 2716//2716 2723//2723
f 2716//2716 2717//2717 2724//2724
f 2718//2718 2719//2719 2726//2726
f 2719//2719 2720//2720 2727//2727
f 2720//2720 2721//2721 2728//2728
f 2721//2721 2722//2722 2729//2729
f 2722//2722 2723//2723 2730//2730
f 2723//2723 2724//2724 2731//2731
f 2725//2725 2726//2726 2733//2733
f 2726//2726 2727//2727 2734//2734
f 2727//2727 2728//2728 2735//2735
f 2728//2728 2729//2729 2736//2736
f 2729//2729 2730//2730 2737//2737
f 2730//2730 2731//2731 2738//2738
f 2732//2732 2733//2733 2740//2740
f 2733//2733 2734//2734 2741//2741
f 2734//2734 2735//2735 2742//2742
f 2735//2735 2736//2736 2743//2743
f 2736//2736 2737//2737 2744//2744
f 2737//2737 2738//2738 2745//2745
f 67//67 982//982 2697//2697
f 982//982 981//981 2698//2698
f 981//981 980//980 2699//2699
f 980//980 979//979 2700//2700
f 979//979 978//978 2701//2701
f 978//978 977//977 2702//2702
f 977//977 976//976 2703//2703
f 976//976 36//36 590//590
f 2703//2703 590//590 589//589
f 2710//2710 589//589 588//588
f 2717//2717 588//588 587//587
f 2724//2724 587//587 586//586
f 2731//2731 586//586 585//585
f 2738//2738 585//585 584//584
f 2745//2745 584//584 25//25
f 2744//2744 2745//2745 962//962
f 2743//2743 2744//2744 963//963
f 2742//2742 2743//2743 964//964
f 2741//2741 2742//2742 965//965
f 2740//2740 2741//2741 966//966
f 2739//2739 2740//2740 967//967
f 1192//1192 2739//2739 968//968
f 1191//1191 2732//2732 2739//2739
f 1190//1190 2725//2725 2732//2732
f 1189//1189 2718//2718 2725//2725
f 1188//1188 2711//2711 2718//2718
f 1187//1187 2704//2704 2711//2711
f 1186//1186 2697//2697 2704//2704
f 2746//2746 2747//2747 2754//2754
f 2747//2747 2748//2748 2755//2755
f 2748//2748 2749//2749 2756//2756
f 2749//2749 2750//2750 2757//2757
f 2750//2750 2751//2751 2758//2758
f 2751//2751 2752//2752 2759//2759
f 2753//2753 2754//2754 2761//2761
f 2754//2754 2755//2755 2762//2762
f 2755//2755 2756//2756 2763//2763
f 2756//2756 2757//2757 2764//2764
f 2757//2757 2758//2758 2765//2765
f 2758//2758 2759//2759 2766//2766
f 2760//2760 2761//2761 2768//2768
f 2761//2761 2762//2762 2769//2769
f 2762//2762 2763//2763 2770//2770
f 2763//2763 2764//2764 2771//2771
f 2764//2764 2765//2765 2772//2772
f 2765//2765 2766//2766 2773//2773
f 2767//2767 2768//2768 2775//2775
f 2768//2768 2769//2769 2776//2776
f 2769//2769 2770//2770 2777//2777
f 2770//2770 2771//2771 2778//2778
f 2771//2771 2772//2772 2779//2779
f 2772//2772 2773//2773 2780//2780
f 2774//2774 2775//2775 2782//2782
f 2775//2775 2776//2776 2783//2783
f 2776//2776 2777//2777 2784//2784
f 2777//2777 2778//2778 2785//2785
f 2778//2778 2779//2779 2786//2786
f 2779//2779 2780//2780 2787//2787
f 2781//2781 2782//2782 2789//2789
f 2782//2782 2783//2783 2790//2790
f 2783//2783 2784//2784 2791//2791
f 2784//2784 2785//2785 2792//2792
f 2785//2785 2786//2786 2793//2793
f 2786//2786 2787//2787 2794//2794
f 89//89 1551//1551 2746//2746
f 1551//1551 1550//1550 2747//2747
f 1550//1550 1549//1549 2748//2748
f 1549//1549 1548//1548 2749//2749
f 1548//1548 1547//1547 2750//2750
f 1547//1547 1546//1546 2751//2751
f 1546//1546 1545//1545 2752//2752
f 1545//1545 92//92 570//570
f 2752//2752 570//570 571//571
f 2759//2759 571//571 572//572
f 2766//2766 572//572 573//573
f 2773//2773 573//573 574//574
f 2780//2780 574//574 575//575
f 2787//2787 575//575 576//576
f 2794//2794 576//576 24//24
f 2793//2793 2794//2794 360//360
f 2792//2792 2793//2793 361//361
f 2791//2791 2792//2792 362//362
f 2790//2790 2791//2791 363//363
f 2789//2789 2790//2790 364//364
f 2788//2788 2789//2789 365//365
f 555//555 2788//2788 366//366
f 554//554 2781//2781 2788//2788
f 553//553 2774//2774 2781//2781
f 552//552 2767//2767 2774//2774
f 551//551 2760//2760 2767//2767
f 550//550 2753//2753 2760//2760
f 549//549 2746//2746 2753//2753
f 2795//2795 2796//2796 2803//2803
f 2796//2796 2797//2797 2804//2804
f 2797//2797 2798//2798 2805//2805
f 2798//2798 2799//2799 2806//2806
f 2799//2799 2800//2800 2807//2807
f 2800//2800 2801//2801 2808//2808
f 2802//2802 2803//2803 2810//2810
f 2803//2803 2804//2804 2811//2811
f 2804//2804 2805//2805 2812//2812
f 2805//2805 2806//2806 2813//2813
f 2806//2806 2807//2807 2814//2814
f 2807//2807 2808//2808 2815//2815
f 2809//2809 2810//2810 2817//2817
f 2810//2810 2811//2811 2818//2818
f 2811//2811 2812//2812 2819//2819
f 2812//2812 2813//2813 2820//2820
f 2813//2813 2814//2814 2821//2821
f 2814//2814 2815//2815 2822//2822
f 2816//2816 2817//2817 2824//2824
f 2817//2817 2818//2818 2825//2825
f 2818//2818 2819//2819 2826//2826
f 2819//2819 2820//2820 2827//2827
f 2820//2820 2821//2821 2828//2828
f 2821//2821 2822//2822 2829//2829
f 2823//2823 2824//2824 2831//2831
f 2824//2824 2825//2825 2832//2832
f 2825//2825 2826//2826 2833//2833
f 2826//2826 2827//2827 2834//2834
f 2827//2827 2828//2828 2835//2835
f 2828//2828 2829//2829 2836//2836
f 2830//2830 2831//2831 2838//2838
f 2831//2831 2832//2832 2839//2839
f 2832//2832 2833//2833 2840//2840
f 2833//2833 2834//2834 2841//2841
f 2834//2834 2835//2835 2842//2842
f 2835//2835 2836//2836 2843//2843
f 80//80 1073//1073 2795//2795
f 1073//1073 1072//1072 2796//2796
f 1072//1072 1071//1071 2797//2797
f 1071//1071 1070//1070 2798//2798
f 1070//1070 1069//1069 2799//2799
f 1069//1069 1068//1068 2800//2800
f 1068//1068 1067//1067 2801//2801
f 1067//1067 54//54 898//898
f 2801//2801 898//898 897//897
f 2808//2808 897//897 896//896
f 2815//2815 896//896 895//895
f 2822//2822 895//895 894//894
f 2829//2829 894//894 893//893
f 2836//2836 893//893 892//892
f 2843//2843 892//892 36//36
f 2842//2842 2843//2843 976//976
f 2841//2841 2842//2842 977//977
f 2840//2840 2841//2841 978//978
f 2839//2839 2840//2840 979//979
f 2838//2838 2839//2839 980//980
f 2837//2837 2838//2838 981//981
f 1185//1185 2837//2837 982//982
f 1184//1184 2830//2830 2837//2837
f 1183//1183 2823//2823 2830//2830
f 1182//1182 2816//2816 2823//2823
f 1181//1181 2809//2809 2816//2816
f 1180//1180 2802//2802 2809//2809
f 1179//1179 2795//2795 2802//2802
f 2844//2844 2845//2845 2852//2852
f 2845//2845 2846//2846 2853//2853
f 2846//2846 2847//2847 2854//2854
f 2847//2847 2848//2848 2855//2855
f 2848//2848 2849//2849 2856//2856
f 2849//2849 2850//2850 2857//2857
f 2851//2851 2852//2852 2859//2859
f 2852//2852 2853//2853 2860//2860
f 2853//2853 2854//2854 2861//2861
f 2854//2854 2855//2855 2862//2862
f 2855//2855 2856//2856 2863//2863
f 2856//2856 2857//2857 2864//2864
f 2858//2858 2859//2859 2866//2866
f 2859//2859 2860//2860 2867//2867
f 2860//2860 2861//2861 2868//2868
f 2861//2861 2862//2862 2869//2869
f 2862//2862 2863//2863 2870//2870
f 2863//2863 2864//2864 2871//2871
f 2865//2865 2866//2866 2873//2873
f 2866//2866 2867//2867 2874//2874
f 2867//2867 2868//2868 2875//2875
f 2868//2868 2869//2869 2876//2876
f 2869//2869 2870//2870 2877//2877
f 2870//2870 2871//2871 2878//2878
f 2872//2872 2873//2873 2880//2880
f 2873//2873 2874//2874 2881//2881
f 2874//2874 2875//2875 2882//2882
f 2875//2875 2876//2876 2883//2883
f 2876//2876 2877//2877 2884//2884
f 2877//2877 2878//2878 2885//2885
f 2879//2879 2880//2880 2887//2887
f 2880//2880 2881//2881 2888//2888
f 2881//2881 2882//2882 2889//2889
f 2882//2882 2883//2883 2890//2890
f 2883//2883 2884//2884 2891//2891
f 2884//2884 2885//2885 2892//2892
f 107//107 1383//1383 2844//2844
f 1383//1383 1382//1382 2845//2845
f 1382//1382 1381//1381 2846//2846
f 1381//1381 1380//1380 2847//2847
f 1380//1380 1379//1379 2848//2848
f 1379//1379 1378//1378 2849//2849
f 1378//1378 1377//1377 2850//2850
f 1377//1377 77//77 1052//1052
f 2850//2850 1052//1052 1051//1051
f 2857//2857 1051//1051 1050//1050
f 2864//2864 1050//1050 1049//1049
f 2871//2871 1049//1049 1048//1048
f 2878//2878 1048//1048 1047//1047
f 2885//2885 1047//1047 1046//1046
f 2892//2892 1046//1046 23//23
f 2891//2891 2892//2892 569//569
f 2890//2890 2891//2891 568//568
f 2889//2889 2890//2890 567//567
f 2888//2888 2889//2889 566//566
f 2887//2887 2888//2888 565//565
f 2886//2886 2887//2887 564//564
f 1544//1544 2886//2886 563//563
f 1543//1543 2879//2879 2886//2886
f 1542//1542 2872//2872 2879//2879
f 1541//1541 2865//2865 2872//2872
f 1540//1540 2858//2858 2865//2865
f 1539//1539 2851//2851 2858//2858
f 1538//1538 2844//2844 2851//2851
f 2893//2893 2894//2894 2901//2901
f 2894//2894 2895//2895 2902//2902
f 2895//2895 2896//2896 2903//2903
f 2896//2896 2897//2897 2904//2904
f 2897//2897 2898//2898 2905//2905
f 2898//2898 2899//2899 2906//2906
f 2900//2900 2901//2901 2908//2908
f 2901//2901 2902//2902 2909//2909
f 2902//2902 2903//2903 2910//2910
f 2903//2903 2904//2904 2911//2911
f 2904//2904 2905//2905 2912//2912
f 2905//2905 2906//2906 2913//2913
f 2907//2907 2908//2908 2915//2915
f 2908//2908 2909//2909 2916//2916
f 2909//2909 2910//2910 2917//2917
f 2910//2910 2911//2911 2918//2918
f 2911//2911 2912//2912 2919//2919
f 2912//2912 2913//2913 2920//2920
f 2914//2914 2915//2915 2922//2922
f 2915//2915 2916//2916 2923//2923
f 2916//2916 2917//2917 2924//2924
f 2917//2917 2918//2918 2925//2925
f 2918//2918 2919//2919 2926//2926
f 2919//2919 2920//2920 2927//2927
f 2921//2921 2922//2922 2929//2929
f 2922//2922 2923//2923 2930//2930
f 2923//2923 2924//2924 2931//2931
f 2924//2924 2925//2925 2932//2932
f 2925//2925 2926//2926 2933//2933
f 2926//2926 2927//2927 2934//2934
f 2928//2928 2929//2929 2936//2936
f 2929//2929 2930//2930 2937//2937
f 2930//2930 2931//2931 2938//2938
f 2931//2931 2932//2932 2939//2939
f 2932//2932 2933//2933 2940//2940
f 2933//2933 2934//2934 2941//2941
f 86//86 1537//1537 2893//2893
f 1537//1537 1536//1536 2894//2894
f 1536//1536 1535//1535 2895//2895
f 1535//1535 1534//1534 2896//2896
f 1534//1534 1533//1533 2897//2897
f 1533//1533 1532//1532 2898//2898
f 1532//1532 1531//1531 2899//2899
f 1531//1531 87//87 535//535
f 2899//2899 535//535 536//536
f 2906//2906 536//536 537//537
f 2913//2913 537//537 538//538
f 2920//2920 538//538 539//539
f 2927//2927 539//539 540//540
f 2934//2934 540//540 541//541
f 2941//2941 541//541 19//19
f 2940//2940 2941//2941 388//388
f 2939//2939 2940//2940 389//389
f 2938//2938 2939//2939 390//390
f 2937//2937 2938//2938 391//391
f 2936//2936 2937//2937 392//392
f 2935//2935 2936//2936 393//393
f 534//534 2935//2935 394//394
f 533//533 2928//2928 2935//2935
f 532//532 2921//2921 2928//2928
f 531//531 2914//2914 2921//2921
f 530//530 2907//2907 2914//2914
f 529//529 2900//2900 2907//2907
f 528//528 2893//2893 2900//2900
f 2942//2942 2943//2943 2950//2950
f 2943//2943 2944//2944 2951//2951
f 2944//2944 2945//2945 2952//2952
f 2945//2945 2946//2946 2953//2953
f 2946//2946 2947//2947 2954//2954
f 2947//2947 2948//2948 2955//2955
f 2949//2949 2950//2950 2957//2957
f 2950//2950 2951//2951 2958//2958
f 2951//2951 2952//2952 2959//2959
f 2952//2952 2953//2953 2960//2960
f 2953//2953 2954//2954 2961//2961
f 2954//2954 2955//2955 2962//2962
f 2956//2956 2957//2957 2964//2964
f 2957//2957 2958//2958 2965//2965
f 2958//2958 2959//2959 2966//2966
f 2959//2959 2960//2960 2967//2967
f 2960//2960 2961//2961 2968//2968
f 2961//2961 2962//2962 2969//2969
f 2963//2963 2964//2964 2971//2971
f 2964//2964 2965//2965 2972//2972
f 2965//2965 2966//2966 2973//2973
f 2966//2966 2967//2967 2974//2974
f 2967//2967 2968//2968 2975//2975
f 2968//2968 2969//2969 2976//2976
f 2970//2970 2971//2971 2978//2978
f 2971//2971 2972//2972 2979//2979
f 2972//2972 2973//2973 2980//2980
f 2973//2973 2974//2974 2981//2981
f 2974//2974 2975//2975 2982//2982
f 2975//2975 2976//2976 2983//2983
f 2977//2977 2978//2978 2985//2985
f 2978//2978 2979//2979 2986//2986
f 2979//2979 2980//2980 2987//2987
f 2980//2980 2981//2981 2988//2988
f 2981//2981 2982//2982 2989//2989
f 2982//2982 2983//2983 2990//2990
f 88//88 1530//1530 2942//2942
f 1530//1530 1529//1529 2943//2943
f 1529//1529 1528//1528 2944//2944
f 1528//1528 1527//1527 2945//2945
f 1527//1527 1526//1526 2946//2946
f 1526//1526 1525//1525 2947//2947
f 1525//1525 1524//1524 2948//2948
f 1524//1524 85//85 521//521
f 2948//2948 521//521 522//522
f 2955//2955 522//522 523//523
f 2962//2962 523//523 524//524
f 2969//2969 524//524 525//525
f 2976//2976 525//525 526//526
f 2983//2983 526//526 527//527
f 2990//2990 527//527 17//17
f 2989//2989 2990//2990 401//401
f 2988//2988 2989//2989 400//400
f 2987//2987 2988//2988 399//399
f 2986//2986 2987//2987 398//398
f 2985//2985 2986//2986 397//397
f 2984//2984 2985//2985 396//396
f 548//548 2984//2984 395//395
f 547//547 2977//2977 2984//2984
f 546//546 2970//2970 2977//2977
f 545//545 2963//2963 2970//2970
f 544//544 2956//2956 2963//2963
f 543//543 2949//2949 2956//2956
f 542//542 2942//2942 2949//2949
f 2991//2991 2992//2992 2999//2999
f 2992//2992 2993//2993 3000//3000
f 2993//2993 2994//2994 3001//3001
f 2994//2994 2995//2995 3002//3002
f 2995//2995 2996//2996 3003//3003
f 2996//2996 2997//2997 3004//3004
f 2998//2998 2999//2999 3006//3006
f 2999//2999 3000//3000 3007//3007
f 3000//3000 3001//3001 3008//3008
f 3001//3001 3002//3002 3009//3009
f 3002//3002 3003//3003 3010//3010
f 3003//3003 3004//3004 3011//3011
f 3005//3005 3006//3006 3013//3013
f 3006//3006 3007//3007 3014//3014
f 3007//3007 3008//3008 3015//3015
f 3008//3008 3009//3009 3016//3016
f 3009//3009 3010//3010 3017//3017
f 3010//3010 3011//3011 3018//3018
f 3012//3012 3013//3013 3020//3020
f 3013//3013 3014//3014 3021//3021
f 3014//3014 3015//3015 3022//3022
f 3015//3015 3016//3016 3023//3023
f 3016//3016 3017//3017 3024//3024
f 3017//3017 3018//3018 3025//3025
f 3019//3019 3020//3020 3027//3027
f 3020//3020 3021//3021 3028//3028
f 3021//3021 3022//3022 3029//3029
f 3022//3022 3023//3023 3030//3030
f 3023//3023 3024//3024 3031//3031
f 3024//3024 3025//3025 3032//3032
f 3026//3026 3027//3027 3034//3034
f 3027//3027 3028//3028 3035//3035
f 3028//3028 3029//3029 3036//3036
f 3029//3029 3030//3030 3037//3037
f 3030//3030 3031//3031 3038//3038
f 3031//3031 3032//3032 3039//3039
f 85//85 1523//1523 2991//2991
f 1523//1523 1522//1522 2992//2992
f 1522//1522 1521//1521 2993//2993
f 1521//1521 1520//1520 2994//2994
f 1520//1520 1519//1519 2995//2995
f 1519//1519 1518//1518 2996//2996
f 1518//1518 1517//1517 2997//2997
f 1517//1517 86//86 528//528
f 2997//2997 528//528 529//529
f 3004//3004 529//529 530//530
f 3011//3011 530//530 531//531
f 3018//3018 531//531 532//532
f 3025//3025 532//532 533//533
f 3032//3032 533//533 534//534
f 3039//3039 534//534 18//18
f 3038//3038 3039//3039 408//408
f 3037//3037 3038//3038 407//407
f 3036//3036 3037//3037 406//406
f 3035//3035 3036//3036 405//405
f 3034//3034 3035//3035 404//404
f 3033//3033 3034//3034 403//403
f 527//527 3033//3033 402//402
f 526//526 3026//3026 3033//3033
f 525//525 3019//3019 3026//3026
f 524//524 3012//3012 3019//3019
f 523//523 3005//3005 3012//3012
f 522//522 2998//2998 3005//3005
f 521//521 2991//2991 2998//2998
f 3040//3040 3041//3041 3048//3048
f 3041//3041 3042//3042 3049//3049
f 3042//3042 3043//3043 3050//3050
f 3043//3043 3044//3044 3051//3051
f 3044//3044 3045//3045 3052//3052
f 3045//3045 3046//3046 3053//3053
f 3047//3047 3048//3048 3055//3055
f 3048//3048 3049//3049 3056//3056
f 3049//3049 3050//3050 3057//3057
f 3050//3050 3051//3051 3058//3058
f 3051//3051 3052//3052 3059//3059
f 3052//3052 3053//3053 3060//3060
f 3054//3054 3055//3055 3062//3062
f 3055//3055 3056//3056 3063//3063
f 3056//3056 3057//3057 3064//3064
f 3057//3057 3058//3058 3065//3065
f 3058//3058 3059//3059 3066//3066
f 3059//3059 3060//3060 3067//3067
f 3061//3061 3062//3062 3069//3069
f 3062//3062 3063//3063 3070//3070
f 3063//3063 3064//3064 3071//3071
f 3064//3064 3065//3065 3072//3072
f 3065//3065 3066//3066 3073//3073
f 3066//3066 3067//3067 3074//3074
f 3068//3068 3069//3069 3076//3076
f 3069//3069 3070//3070 3077//3077
f 3070//3070 3071//3071 3078//3078
f 3071//3071 3072//3072 3079//3079
f 3072//3072 3073//3073 3080//3080
f 3073//3073 3074//3074 3081//3081
f 3075//3075 3076//3076 3083//3083
f 3076//3076 3077//3077 3084//3084
f 3077//3077 3078//3078 3085//3085
f 3078//3078 3079//3079 3086//3086
f 3079//3079 3080//3080 3087//3087
f 3080//3080 3081//3081 3088//3088
f 87//87 1516//1516 3040//3040
f 1516//1516 1515//1515 3041//3041
f 1515//1515 1514//1514 3042//3042
f 1514//1514 1513//1513 3043//3043
f 1513//1513 1512//1512 3044//3044
f 1512//1512 1511//1511 3045//3045
f 1511//1511 1510//1510 3046//3046
f 1510//1510 83//83 507//507
f 3046//3046 507//507 508//508
f 3053//3053 508//508 509//509
f 3060//3060 509//509 510//510
f 3067//3067 510//510 511//511
f 3074//3074 511//511 512//512
f 3081//3081 512//512 513//513
f 3088//3088 513//513 15//15
f 3087//3087 3088//3088 409//409
f 3086//3086 3087//3087 410//410
f 3085//3085 3086//3086 411//411
f 3084//3084 3085//3085 412//412
f 3083//3083 3084//3084 413//413
f 3082//3082 3083//3083 414//414
f 541//541 3082//3082 415//415
f 540//540 3075//3075 3082//3082
f 539//539 3068//3068 3075//3075
f 538//538 3061//3061 3068//3068
f 537//537 3054//3054 3061//3061
f 536//536 3047//3047 3054//3054
f 535//535 3040//3040 3047//3047
f 3089//3089 3090//3090 3097//3097
f 3090//3090 3091//3091 3098//3098
f 3091//3091 3092//3092 3099//3099
f 3092//3092 3093//3093 3100//3100
f 3093//3093 3094//3094 3101//3101
f 3094//3094 3095//3095 3102//3102
f 3096//3096 3097//3097 3104//3104
f 3097//3097 3098//3098 3105//3105
f 3098//3098 3099//3099 3106//3106
f 3099//3099 3100//3100 3107//3107
f 3100//3100 3101//3101 3108//3108
f 3101//3101 3102//3102 3109//3109
f 3103//3103 3104//3104 3111//3111
f 3104//3104 3105//3105 3112//3112
f 3105//3105 3106//3106 3113//3113
f 3106//3106 3107//3107 3114//3114
f 3107//3107 3108//3108 3115//3115
f 3108//3108 3109//3109 3116//3116
f 3110//3110 3111//3111 3118//3118
f 3111//3111 3112//3112 3119//3119
f 3112//3112 3113//3113 3120//3120
f 3113//3113 3114//3114 3121//3121
f 3114//3114 3115//3115 3122//3122
f 3115//3115 3116//3116 3123//3123
f 3117//3117 3118//3118 3125//3125
f 3118//3118 3119//3119 3126//3126
f 3119//3119 3120//3120 3127//3127
f 3120//3120 3121//3121 3128//3128
f 3121//3121 3122//3122 3129//3129
f 3122//3122 3123//3123 3130//3130
f 3124//3124 3125//3125 3132//3132
f 3125//3125 3126//3126 3133//3133
f 3126//3126 3127//3127 3134//3134
f 3127//3127 3128//3128 3135//3135
f 3128//3128 3129//3129 3136//3136
f 3129//3129 3130//3130 3137//3137
f 84//84 1509//1509 3089//3089
f 1509//1509 1508//1508 3090//3090
f 1508//1508 1507//1507 3091//3091
f 1507//1507 1506//1506 3092//3092
f 1506//1506 1505//1505 3093//3093
f 1505//1505 1504//1504 3094//3094
f 1504//1504 1503//1503 3095//3095
f 1503//1503 88//88 542//542
f 3095//3095 542//542 543//543
f 3102//3102 543//543 544//544
f 3109//3109 544//544 545//545
f 3116//3116 545//545 546//546
f 3123//3123 546//546 547//547
f 3130//3130 547//547 548//548
f 3137//3137 548//548 20//20
f 3136//3136 3137//3137 422//422
f 3135//3135 3136//3136 421//421
f 3134//3134 3135//3135 420//420
f 3133//3133 3134//3134 419//419
f 3132//3132 3133//3133 418//418
f 3131//3131 3132//3132 417//417
f 520//520 3131//3131 416//416
f 519//519 3124//3124 3131//3131
f 518//518 3117//3117 3124//3124
f 517//517 3110//3110 3117//3117
f 516//516 3103//3103 3110//3110
f 515//515 3096//3096 3103//3103
f 514//514 3089//3089 3096//3096
f 3138//3138 3139//3139 3146//3146
f 3139//3139 3140//3140 3147//3147
f 3140//3140 3141//3141 3148//3148
f 3141//3141 3142//3142 3149//3149
f 3142//3142 3143//3143 3150//3150
f 3143//3143 3144//3144 3151//3151
f 3145//3145 3146//3146 3153//3153
f 3146//3146 3147//3147 3154//3154
f 3147//3147 3148//3148 3155//3155
f 3148//3148 3149//3149 3156//3156
f 3149//3149 3150//3150 3157//3157
f 3150//3150 3151//3151 3158//3158
f 3152//3152 3153//3153 3160//3160
f 3153//3153 3154//3154 3161//3161
f 3154//3154 3155//3155 3162//3162
f 3155//3155 3156//3156 3163//3163
f 3156//3156 3157//3157 3164//3164
f 3157//3157 3158//3158 3165//3165
f 3159//3159 3160//3160 3167//3167
f 3160//3160 3161//3161 3168//3168
f 3161//3161 3162//3162 3169//3169
f 3162//3162 3163//3163 3170//3170
f 3163//3163 3164//3164 3171//3171
f 3164//3164 3165//3165 3172//3172
f 3166//3166 3167//3167 3174//3174
f 3167//3167 3168//3168 3175//3175
f 3168//3168 3169//3169 3176//3176
f 3169//3169 3170//3170 3177//3177
f 3170//3170 3171//3171 3178//3178
f 3171//3171 3172//3172 3179//3179
f 3173//3173 3174//3174 3181//3181
f 3174//3174 3175//3175 3182//3182
f 3175//3175 3176//3176 3183//3183
f 3176//3176 3177//3177 3184//3184
f 3177//3177 3178//3178 3185//3185
f 3178//3178 3179//3179 3186//3186
f 83//83 1502//1502 3138//3138
f 1502//1502 1501//1501 3139//3139
f 1501//1501 1500//1500 3140//3140
f 1500//1500 1499//1499 3141//3141
f 1499//1499 1498//1498 3142//3142
f 1498//1498 1497//1497 3143//3143
f 1497//1497 1496//1496 3144//3144
f 1496//1496 89//89 549//549
f 3144//3144 549//549 550//550
f 3151//3151 550//550 551//551
f 3158//3158 551//551 552//552
f 3165//3165 552//552 553//553
f 3172//3172 553//553 554//554
f 3179//3179 554//554 555//555
f 3186//3186 555//555 21//21
f 3185//3185 3186//3186 423//423
f 3184//3184 3185//3185 424//424
f 3183//3183 3184//3184 425//425
f 3182//3182 3183//3183 426//426
f 3181//3181 3182//3182 427//427
f 3180//3180 3181//3181 428//428
f 513//513 3180//3180 429//429
f 512//512 3173//3173 3180//3180
f 511//511 3166//3166 3173//3173
f 510//510 3159//3159 3166//3166
f 509//509 3152//3152 3159//3159
f 508//508 3145//3145 3152//3152
f 507//507 3138//3138 3145//3145
f 3187//3187 3188//3188 3195//3195
f 3188//3188 3189//3189 3196//3196
f 3189//3189 3190//3190 3197//3197
f 3190//3190 3191//3191 3198//3198
f 3191//3191 3192//3192 3199//3199
f 3192//3192 3193//3193 3200//3200
f 3194//3194 3195//3195 3202//3202
f 3195//3195 3196//3196 3203//3203
f 3196//3196 3197//3197 3204//3204
f 3197//3197 3198//3198 3205//3205
f 3198//3198 3199//3199 3206//3206
f 3199//3199 3200//3200 3207//3207
f 3201//3201 3202//3202 3209//3209
f 3202//3202 3203//3203 3210//3210
f 3203//3203 3204//3204 3211//3211
f 3204//3204 3205//3205 3212//3212
f 3205//3205 3206//3206 3213//3213
f 3206//3206 3207//3207 3214//3214
f 3208//3208 3209//3209 3216//3216
f 3209//3209 3210//3210 3217//3217
f 3210//3210 3211//3211 3218//3218
f 3211//3211 3212//3212 3219//3219
f 3212//3212 3213//3213 3220//3220
f 3213//3213 3214//3214 3221//3221
f 3215//3215 3216//3216 3223//3223
f 3216//3216 3217//3217 3224//3224
f 3217//3217 3218//3218 3225//3225
f 3218//3218 3219//3219 3226//3226
f 3219//3219 3220//3220 3227//3227
f 3220//3220 3221//3221 3228//3228
f 3222//3222 3223//3223 3230//3230
f 3223//3223 3224//3224 3231//3231
f 3224//3224 3225//3225 3232//3232
f 3225//3225 3226//3226 3233//3233
f 3226//3226 3227//3227 3234//3234
f 3227//3227 3228//3228 3235//3235
f 90//90 1495//1495 3187//3187
f 1495//1495 1494//1494 3188//3188
f 1494//1494 1493//1493 3189//3189
f 1493//1493 1492//1492 3190//3190
f 1492//1492 1491//1491 3191//3191
f 1491//1491 1490//1490 3192//3192
f 1490//1490 1489//1489 3193//3193
f 1489//1489 84//84 514//514
f 3193//3193 514//514 515//515
f 3200//3200 515//515 516//516
f 3207//3207 516//516 517//517
f 3214//3214 517//517 518//518
f 3221//3221 518//518 519//519
f 3228//3228 519//519 520//520
f 3235//3235 520//520 16//16
f 3234//3234 3235//3235 430//430
f 3233//3233 3234//3234 431//431
f 3232//3232 3233//3233 432//432
f 3231//3231 3232//3232 433//433
f 3230//3230 3231//3231 434//434
f 3229//3229 3230//3230 435//435
f 562//562 3229//3229 436//436
f 561//561 3222//3222 3229//3229
f 560//560 3215//3215 3222//3222
f 559//559 3208//3208 3215//3215
f 558//558 3201//3201 3208//3208
f 557//557 3194//3194 3201//3201
f 556//556 3187//3187 3194//3194
f 3236//3236 3237//3237 3244//3244
f 3237//3237 3238//3238 3245//3245
f 3238//3238 3239//3239 3246//3246
f 3239//3239 3240//3240 3247//3247
f 3240//3240 3241//3241 3248//3248
f 3241//3241 3242//3242 3249//3249
f 3243//3243 3244//3244 3251//3251
f 3244//3244 3245//3245 3252//3252
f 3245//3245 3246//3246 3253//3253
f 3246//3246 3247//3247 3254//3254
f 3247//3247 3248//3248 3255//3255
f 3248//3248 3249//3249 3256//3256
f 3250//3250 3251//3251 3258//3258
f 3251//3251 3252//3252 3259//3259
f 3252//3252 3253//3253 3260//3260
f 3253//3253 3254//3254 3261//3261
f 3254//3254 3255//3255 3262//3262
f 3255//3255 3256//3256 3263//3263
f 3257//3257 3258//3258 3265//3265
f 3258//3258 3259//3259 3266//3266
f 3259//3259 3260//3260 3267//3267
f 3260//3260 3261//3261 3268//3268
f 3261//3261 3262//3262 3269//3269
f 3262//3262 3263//3263 3270//3270
f 3264//3264 3265//3265 3272//3272
f 3265//3265 3266//3266 3273//3273
f 3266//3266 3267//3267 3274//3274
f 3267//3267 3268//3268 3275//3275
f 3268//3268 3269//3269 3276//3276
f 3269//3269 3270//3270 3277//3277
f 3271//3271 3272//3272 3279//3279
f 3272//3272 3273//3273 3280//3280
f 3273//3273 3274//3274 3281//3281
f 3274//3274 3275//3275 3282//3282
f 3275//3275 3276//3276 3283//3283
f 3276//3276 3277//3277 3284//3284
f 95//95 1488//1488 3236//3236
f 1488//1488 1487//1487 3237//3237
f 1487//1487 1486//1486 3238//3238
f 1486//1486 1485//1485 3239//3239
f 1485//1485 1484//1484 3240//3240
f 1484//1484 1483//1483 3241//3241
f 1483//1483 1482//1482 3242//3242
f 1482//1482 91//91 563//563
f 3242//3242 563//563 564//564
f 3249//3249 564//564 565//565
f 3256//3256 565//565 566//566
f 3263//3263 566//566 567//567
f 3270//3270 567//567 568//568
f 3277//3277 568//568 569//569
f 3284//3284 569//569 23//23
f 3283//3283 3284//3284 612//612
f 3282//3282 3283//3283 613//613
f 3281//3281 3282//3282 614//614
f 3280//3280 3281//3281 615//615
f 3279//3279 3280//3280 616//616
f 3278//3278 3279//3279 617//617
f 625//625 3278//3278 618//618
f 624//624 3271//3271 3278//3278
f 623//623 3264//3264 3271//3271
f 622//622 3257//3257 3264//3264
f 621//621 3250//3250 3257//3257
f 620//620 3243//3243 3250//3250
f 619//619 3236//3236 3243//3243
f 3285//3285 3286//3286 3293//3293
f 3286//3286 3287//3287 3294//3294
f 3287//3287 3288//3288 3295//3295
f 3288//3288 3289//3289 3296//3296
f 3289//3289 3290//3290 3297//3297
f 3290//3290 3291//3291 3298//3298
f 3292//3292 3293//3293 3300//3300
f 3293//3293 3294//3294 3301//3301
f 3294//3294 3295//3295 3302//3302
f 3295//3295 3296//3296 3303//3303
f 3296//3296 3297//3297 3304//3304
f 3297//3297 3298//3298 3305//3305
f 3299//3299 3300//3300 3307//3307
f 3300//3300 3301//3301 3308//3308
f 3301//3301 3302//3302 3309//3309
f 3302//3302 3303//3303 3310//3310
f 3303//3303 3304//3304 3311//3311
f 3304//3304 3305//3305 3312//3312
f 3306//3306 3307//3307 3314//3314
f 3307//3307 3308//3308 3315//3315
f 3308//3308 3309//3309 3316//3316
f 3309//3309 3310//3310 3317//3317
f 3310//3310 3311//3311 3318//3318
f 3311//3311 3312//3312 3319//3319
f 3313//3313 3314//3314 3321//3321
f 3314//3314 3315//3315 3322//3322
f 3315//3315 3316//3316 3323//3323
f 3316//3316 3317//3317 3324//3324
f 3317//3317 3318//3318 3325//3325
f 3318//3318 3319//3319 3326//3326
f 3320//3320 3321//3321 3328//3328
f 3321//3321 3322//3322 3329//3329
f 3322//3322 3323//3323 3330//3330
f 3323//3323 3324//3324 3331//3331
f 3324//3324 3325//3325 3332//3332
f 3325//3325 3326//3326 3333//3333
f 92//92 1481//1481 3285//3285
f 1481//1481 1480//1480 3286//3286
f 1480//1480 1479//1479 3287//3287
f 1479//1479 1478//1478 3288//3288
f 1478//1478 1477//1477 3289//3289
f 1477//1477 1476//1476 3290//3290
f 1476//1476 1475//1475 3291//3291
f 1475//1475 94//94 591//591
f 3291//3291 591//591 592//592
f 3298//3298 592//592 593//593
f 3305//3305 593//593 594//594
f 3312//3312 594//594 595//595
f 3319//3319 595//595 596//596
f 3326//3326 596//596 597//597
f 3333//3333 597//597 35//35
f 3332//3332 3333//3333 367//367
f 3331//3331 3332//3332 368//368
f 3330//3330 3331//3331 369//369
f 3329//3329 3330//3330 370//370
f 3328//3328 3329//3329 371//371
f 3327//3327 3328//3328 372//372
f 576//576 3327//3327 373//373
f 575//575 3320//3320 3327//3327
f 574//574 3313//3313 3320//3320
f 573//573 3306//3306 3313//3313
f 572//572 3299//3299 3306//3306
f 571//571 3292//3292 3299//3299
f 570//570 3285//3285 3292//3292
f 3334//3334 3335//3335 3342//3342
f 3335//3335 3336//3336 3343//3343
f 3336//3336 3337//3337 3344//3344
f 3337//3337 3338//3338 3345//3345
f 3338//3338 3339//3339 3346//3346
f 3339//3339 3340//3340 3347//3347
f 3341//3341 3342//3342 3349//3349
f 3342//3342 3343//3343 3350//3350
f 3343//3343 3344//3344 3351//3351
f 3344//3344 3345//3345 3352//3352
f 3345//3345 3346//3346 3353//3353
f 3346//3346 3347//3347 3354//3354
f 3348//3348 3349//3349 3356//3356
f 3349//3349 3350//3350 3357//3357
f 3350//3350 3351//3351 3358//3358
f 3351//3351 3352//3352 3359//3359
f 3352//3352 3353//3353 3360//3360
f 3353//3353 3354//3354 3361//3361
f 3355//3355 3356//3356 3363//3363
f 3356//3356 3357//3357 3364//3364
f 3357//3357 3358//3358 3365//3365
f 3358//3358 3359//3359 3366//3366
f 3359//3359 3360//3360 3367//3367
f 3360//3360 3361//3361 3368//3368
f 3362//3362 3363//3363 3370//3370
f 3363//3363 3364//3364 3371//3371
f 3364//3364 3365//3365 3372//3372
f 3365//3365 3366//3366 3373//3373
f 3366//3366 3367//3367 3374//3374
f 3367//3367 3368//3368 3375//3375
f 3369//3369 3370//3370 3377//3377
f 3370//3370 3371//3371 3378//3378
f 3371//3371 3372//3372 3379//3379
f 3372//3372 3373//3373 3380//3380
f 3373//3373 3374//3374 3381//3381
f 3374//3374 3375//3375 3382//3382
f 97//97 1474//1474 3334//3334
f 1474//1474 1473//1473 3335//3335
f 1473//1473 1472//1472 3336//3336
f 1472//1472 1471//1471 3337//3337
f 1471//1471 1470//1470 3338//3338
f 1470//1470 1469//1469 3339//3339
f 1469//1469 1468//1468 3340//3340
f 1468//1468 95//95 619//619
f 3340//3340 619//619 620//620
f 3347//3347 620//620 621//621
f 3354//3354 621//621 622//622
f 3361//3361 622//622 623//623
f 3368//3368 623//623 624//624
f 3375//3375 624//624 625//625
f 3382//3382 625//625 37//37
f 3381//3381 3382//3382 654//654
f 3380//3380 3381//3381 655//655
f 3379//3379 3380//3380 656//656
f 3378//3378 3379//3379 657//657
f 3377//3377 3378//3378 658//658
f 3376//3376 3377//3377 659//659
f 667//667 3376//3376 660//660
f 666//666 3369//3369 3376//3376
f 665//665 3362//3362 3369//3369
f 664//664 3355//3355 3362//3362
f 663//663 3348//3348 3355//3355
f 662//662 3341//3341 3348//3348
f 661//661 3334//3334 3341//3341
f 3383//3383 3384//3384 3391//3391
f 3384//3384 3385//3385 3392//3392
f 3385//3385 3386//3386 3393//3393
f 3386//3386 3387//3387 3394//3394
f 3387//3387 3388//3388 3395//3395
f 3388//3388 3389//3389 3396//3396
f 3390//3390 3391//3391 3398//3398
f 3391//3391 3392//3392 3399//3399
f 3392//3392 3393//3393 3400//3400
f 3393//3393 3394//3394 3401//3401
f 3394//3394 3395//3395 3402//3402
f 3395//3395 3396//3396 3403//3403
f 3397//3397 3398//3398 3405//3405
f 3398//3398 3399//3399 3406//3406
f 3399//3399 3400//3400 3407//3407
f 3400//3400 3401//3401 3408//3408
f 3401//3401 3402//3402 3409//3409
f 3402//3402 3403//3403 3410//3410
f 3404//3404 3405//3405 3412//3412
f 3405//3405 3406//3406 3413//3413
f 3406//3406 3407//3407 3414//3414
f 3407//3407 3408//3408 3415//3415
f 3408//3408 3409//3409 3416//3416
f 3409//3409 3410//3410 3417//3417
f 3411//3411 3412//3412 3419//3419
f 3412//3412 3413//3413 3420//3420
f 3413//3413 3414//3414 3421//3421
f 3414//3414 3415//3415 3422//3422
f 3415//3415 3416//3416 3423//3423
f 3416//3416 3417//3417 3424//3424
f 3418//3418 3419//3419 3426//3426
f 3419//3419 3420//3420 3427//3427
f 3420//3420 3421//3421 3428//3428
f 3421//3421 3422//3422 3429//3429
f 3422//3422 3423//3423 3430//3430
f 3423//3423 3424//3424 3431//3431
f 77//77 878//878 3383//3383
f 878//878 879//879 3384//3384
f 879//879 880//880 3385//3385
f 880//880 881//881 3386//3386
f 881//881 882//882 3387//3387
f 882//882 883//883 3388//3388
f 883//883 884//884 3389//3389
f 884//884 51//51 745//745
f 3389//3389 745//745 746//746
f 3396//3396 746//746 747//747
f 3403//3403 747//747 748//748
f 3410//3410 748//748 749//749
f 3417//3417 749//749 750//750
f 3424//3424 750//750 751//751
f 3431//3431 751//751 53//53
f 3430//3430 3431//3431 1060//1060
f 3429//3429 3430//3430 1061//1061
f 3428//3428 3429//3429 1062//1062
f 3427//3427 3428//3428 1063//1063
f 3426//3426 3427//3427 1064//1064
f 3425//3425 3426//3426 1065//1065
f 1171//1171 3425//3425 1066//1066
f 1170//1170 3418//3418 3425//3425
f 1169//1169 3411//3411 3418//3418
f 1168//1168 3404//3404 3411//3411
f 1167//1167 3397//3397 3404//3404
f 1166//1166 3390//3390 3397//3397
f 1165//1165 3383//3383 3390//3390
f 3432//3432 3433//3433 3440//3440
f 3433//3433 3434//3434 3441//3441
f 3434//3434 3435//3435 3442//3442
f 3435//3435 3436//3436 3443//3443
f 3436//3436 3437//3437 3444//3444
f 3437//3437 3438//3438 3445//3445
f 3439//3439 3440//3440 3447//3447
f 3440//3440 3441//3441 3448//3448
f 3441//3441 3442//3442 3449//3449
f 3442//3442 3443//3443 3450//3450
f 3443//3443 3444//3444 3451//3451
f 3444//3444 3445//3445 3452//3452
f 3446//3446 3447//3447 3454//3454
f 3447//3447 3448//3448 3455//3455
f 3448//3448 3449//3449 3456//3456
f 3449//3449 3450//3450 3457//3457
f 3450//3450 3451//3451 3458//3458
f 3451//3451 3452//3452 3459//3459
f 3453//3453 3454//3454 3461//3461
f 3454//3454 3455//3455 3462//3462
f 3455//3455 3456//3456 3463//3463
f 3456//3456 3457//3457 3464//3464
f 3457//3457 3458//3458 3465//3465
f 3458//3458 3459//3459 3466//3466
f 3460//3460 3461//3461 3468//3468
f 3461//3461 3462//3462 3469//3469
f 3462//3462 3463//3463 3470//3470
f 3463//3463 3464//3464 3471//3471
f 3464//3464 3465//3465 3472//3472
f 3465//3465 3466//3466 3473//3473
f 3467//3467 3468//3468 3475//3475
f 3468//3468 3469//3469 3476//3476
f 3469//3469 3470//3470 3477//3477
f 3470//3470 3471//3471 3478//3478
f 3471//3471 3472//3472 3479//3479
f 3472//3472 3473//3473 3480//3480
f 73//73 1024//1024 3432//3432
f 1024//1024 1023//1023 3433//3433
f 1023//1023 1022//1022 3434//3434
f 1022//1022 1021//1021 3435//3435
f 1021//1021 1020//1020 3436//3436
f 1020//1020 1019//1019 3437//3437
f 1019//1019 1018//1018 3438//3438
f 1018//1018 60//60 723//723
f 3438//3438 723//723 722//722
f 3445//3445 722//722 721//721
f 3452//3452 721//721 720//720
f 3459//3459 720//720 719//719
f 3466//3466 719//719 718//718
f 3473//3473 718//718 717//717
f 3480//3480 717//717 64//64
f 3479//3479 3480//3480 870//870
f 3478//3478 3479//3479 869//869
f 3477//3477 3478//3478 868//868
f 3476//3476 3477//3477 867//867
f 3475//3475 3476//3476 866//866
f 3474//3474 3475//3475 865//865
f 1164//1164 3474//3474 864//864
f 1163//1163 3467//3467 3474//3474
f 1162//1162 3460//3460 3467//3467
f 1161//1161 3453//3453 3460//3460
f 1160//1160 3446//3446 3453//3453
f 1159//1159 3439//3439 3446//3446
f 1158//1158 3432//3432 3439//3439
f 3481//3481 3482//3482 3489//3489
f 3482//3482 3483//3483 3490//3490
f 3483//3483 3484//3484 3491//3491
f 3484//3484 3485//3485 3492//3492
f 3485//3485 3486//3486 3493//3493
f 3486//3486 3487//3487 3494//3494
f 3488//3488 3489//3489 3496//3496
f 3489//3489 3490//3490 3497//3497
f 3490//3490 3491//3491 3498//3498
f 3491//3491 3492//3492 3499//3499
f 3492//3492 3493//3493 3500//3500
f 3493//3493 3494//3494 3501//3501
f 3495//3495 3496//3496 3503//3503
f 3496//3496 3497//3497 3504//3504
f 3497//3497 3498//3498 3505//3505
f 3498//3498 3499//3499 3506//3506
f 3499//3499 3500//3500 3507//3507
f 3500//3500 3501//3501 3508//3508
f 3502//3502 3503//3503 3510//3510
f 3503//3503 3504//3504 3511//3511
f 3504//3504 3505//3505 3512//3512
f 3505//3505 3506//3506 3513//3513
f 3506//3506 3507//3507 3514//3514
f 3507//3507 3508//3508 3515//3515
f 3509//3509 3510//3510 3517//3517
f 3510//3510 3511//3511 3518//3518
f 3511//3511 3512//3512 3519//3519
f 3512//3512 3513//3513 3520//3520
f 3513//3513 3514//3514 3521//3521
f 3514//3514 3515//3515 3522//3522
f 3516//3516 3517//3517 3524//3524
f 3517//3517 3518//3518 3525//3525
f 3518//3518 3519//3519 3526//3526
f 3519//3519 3520//3520 3527//3527
f 3520//3520 3521//3521 3528//3528
f 3521//3521 3522//3522 3529//3529
f 75//75 836//836 3481//3481
f 836//836 837//837 3482//3482
f 837//837 838//838 3483//3483
f 838//838 839//839 3484//3484
f 839//839 840//840 3485//3485
f 840//840 841//841 3486//3486
f 841//841 842//842 3487//3487
f 842//842 61//61 828//828
f 3487//3487 828//828 827//827
f 3494//3494 827//827 826//826
f 3501//3501 826//826 825//825
f 3508//3508 825//825 824//824
f 3515//3515 824//824 823//823
f 3522//3522 823//823 822//822
f 3529//3529 822//822 58//58
f 3528//3528 3529//3529 800//800
f 3527//3527 3528//3528 799//799
f 3526//3526 3527//3527 798//798
f 3525//3525 3526//3526 797//797
f 3524//3524 3525//3525 796//796
f 3523//3523 3524//3524 795//795
f 1157//1157 3523//3523 794//794
f 1156//1156 3516//3516 3523//3523
f 1155//1155 3509//3509 3516//3516
f 1154//1154 3502//3502 3509//3509
f 1153//1153 3495//3495 3502//3502
f 1152//1152 3488//3488 3495//3495
f 1151//1151 3481//3481 3488//3488
f 3530//3530 3531//3531 3538//3538
f 3531//3531 3532//3532 3539//3539
f 3532//3532 3533//3533 3540//3540
f 3533//3533 3534//3534 3541//3541
f 3534//3534 3535//3535 3542//3542
f 3535//3535 3536//3536 3543//3543
f 3537//3537 3538//3538 3545//3545
f 3538//3538 3539//3539 3546//3546
f 3539//3539 3540//3540 3547//3547
f 3540//3540 3541//3541 3548//3548
f 3541//3541 3542//3542 3549//3549
f 3542//3542 3543//3543 3550//3550
f 3544//3544 3545//3545 3552//3552
f 3545//3545 3546//3546 3553//3553
f 3546//3546 3547//3547 3554//3554
f 3547//3547 3548//3548 3555//3555
f 3548//3548 3549//3549 3556//3556
f 3549//3549 3550//3550 3557//3557
f 3551//3551 3552//3552 3559//3559
f 3552//3552 3553//3553 3560//3560
f 3553//3553 3554//3554 3561//3561
f 3554//3554 3555//3555 3562//3562
f 3555//3555 3556//3556 3563//3563
f 3556//3556 3557//3557 3564//3564
f 3558//3558 3559//3559 3566//3566
f 3559//3559 3560//3560 3567//3567
f 3560//3560 3561//3561 3568//3568
f 3561//3561 3562//3562 3569//3569
f 3562//3562 3563//3563 3570//3570
f 3563//3563 3564//3564 3571//3571
f 3565//3565 3566//3566 3573//3573
f 3566//3566 3567//3567 3574//3574
f 3567//3567 3568//3568 3575//3575
f 3568//3568 3569//3569 3576//3576
f 3569//3569 3570//3570 3577//3577
f 3570//3570 3571//3571 3578//3578
f 82//82 1087//1087 3530//3530
f 1087//1087 1086//1086 3531//3531
f 1086//1086 1085//1085 3532//3532
f 1085//1085 1084//1084 3533//3533
f 1084//1084 1083//1083 3534//3534
f 1083//1083 1082//1082 3535//3535
f 1082//1082 1081//1081 3536//3536
f 1081//1081 63//63 703//703
f 3536//3536 703//703 704//704
f 3543//3543 704//704 705//705
f 3550//3550 705//705 706//706
f 3557//3557 706//706 707//707
f 3564//3564 707//707 708//708
f 3571//3571 708//708 709//709
f 3578//3578 709//709 54//54
f 3577//3577 3578//3578 1067//1067
f 3576//3576 3577//3577 1068//1068
f 3575//3575 3576//3576 1069//1069
f 3574//3574 3575//3575 1070//1070
f 3573//3573 3574//3574 1071//1071
f 3572//3572 3573//3573 1072//1072
f 1150//1150 3572//3572 1073//1073
f 1149//1149 3565//3565 3572//3572
f 1148//1148 3558//3558 3565//3565
f 1147//1147 3551//3551 3558//3558
f 1146//1146 3544//3544 3551//3551
f 1145//1145 3537//3537 3544//3544
f 1144//1144 3530//3530 3537//3537
f 3579//3579 3580//3580 3587//3587
f 3580//3580 3581//3581 3588//3588
f 3581//3581 3582//3582 3589//3589
f 3582//3582 3583//3583 3590//3590
f 3583//3583 3584//3584 3591//3591
f 3584//3584 3585//3585 3592//3592
f 3586//3586 3587//3587 3594//3594
f 3587//3587 3588//3588 3595//3595
f 3588//3588 3589//3589 3596//3596
f 3589//3589 3590//3590 3597//3597
f 3590//3590 3591//3591 3598//3598
f 3591//3591 3592//3592 3599//3599
f 3593//3593 3594//3594 3601//3601
f 3594//3594 3595//3595 3602//3602
f 3595//3595 3596//3596 3603//3603
f 3596//3596 3597//3597 3604//3604
f 3597//3597 3598//3598 3605//3605
f 3598//3598 3599//3599 3606//3606
f 3600//3600 3601//3601 3608//3608
f 3601//3601 3602//3602 3609//3609
f 3602//3602 3603//3603 3610//3610
f 3603//3603 3604//3604 3611//3611
f 3604//3604 3605//3605 3612//3612
f 3605//3605 3606//3606 3613//3613
f 3607//3607 3608//3608 3615//3615
f 3608//3608 3609//3609 3616//3616
f 3609//3609 3610//3610 3617//3617
f 3610//3610 3611//3611 3618//3618
f 3611//3611 3612//3612 3619//3619
f 3612//3612 3613//3613 3620//3620
f 3614//3614 3615//3615 3622//3622
f 3615//3615 3616//3616 3623//3623
f 3616//3616 3617//3617 3624//3624
f 3617//3617 3618//3618 3625//3625
f 3618//3618 3619//3619 3626//3626
f 3619//3619 3620//3620 3627//3627
f 96//96 1306//1306 3579//3579
f 1306//1306 1305//1305 3580//3580
f 1305//1305 1304//1304 3581//3581
f 1304//1304 1303//1303 3582//3582
f 1303//1303 1302//1302 3583//3583
f 1302//1302 1301//1301 3584//3584
f 1301//1301 1300//1300 3585//3585
f 1300//1300 38//38 633//633
f 3585//3585 633//633 634//634
f 3592//3592 634//634 635//635
f 3599//3599 635//635 636//636
f 3606//3606 636//636 637//637
f 3613//3613 637//637 638//638
f 3620//3620 638//638 639//639
f 3627//3627 639//639 35//35
f 3626//3626 3627//3627 597//597
f 3625//3625 3626//3626 596//596
f 3624//3624 3625//3625 595//595
f 3623//3623 3624//3624 594//594
f 3622//3622 3623//3623 593//593
f 3621//3621 3622//3622 592//592
f 1467//1467 3621//3621 591//591
f 1466//1466 3614//3614 3621//3621
f 1465//1465 3607//3607 3614//3614
f 1464//1464 3600//3600 3607//3607
f 1463//1463 3593//3593 3600//3600
f 1462//1462 3586//3586 3593//3593
f 1461//1461 3579//3579 3586//3586
f 3628//3628 3629//3629 3636//3636
f 3629//3629 3630//3630 3637//3637
f 3630//3630 3631//3631 3638//3638
f 3631//3631 3632//3632 3639//3639
f 3632//3632 3633//3633 3640//3640
f 3633//3633 3634//3634 3641//3641
f 3635//3635 3636//3636 3643//3643
f 3636//3636 3637//3637 3644//3644
f 3637//3637 3638//3638 3645//3645
f 3638//3638 3639//3639 3646//3646
f 3639//3639 3640//3640 3647//3647
f 3640//3640 3641//3641 3648//3648
f 3642//3642 3643//3643 3650//3650
f 3643//3643 3644//3644 3651//3651
f 3644//3644 3645//3645 3652//3652
f 3645//3645 3646//3646 3653//3653
f 3646//3646 3647//3647 3654//3654
f 3647//3647 3648//3648 3655//3655
f 3649//3649 3650//3650 3657//3657
f 3650//3650 3651//3651 3658//3658
f 3651//3651 3652//3652 3659//3659
f 3652//3652 3653//3653 3660//3660
f 3653//3653 3654//3654 3661//3661
f 3654//3654 3655//3655 3662//3662
f 3656//3656 3657//3657 3664//3664
f 3657//3657 3658//3658 3665//3665
f 3658//3658 3659//3659 3666//3666
f 3659//3659 3660//3660 3667//3667
f 3660//3660 3661//3661 3668//3668
f 3661//3661 3662//3662 3669//3669
f 3663//3663 3664//3664 3671//3671
f 3664//3664 3665//3665 3672//3672
f 3665//3665 3666//3666 3673//3673
f 3666//3666 3667//3667 3674//3674
f 3667//3667 3668//3668 3675//3675
f 3668//3668 3669//3669 3676//3676
f 93//93 1460//1460 3628//3628
f 1460//1460 1459//1459 3629//3629
f 1459//1459 1458//1458 3630//3630
f 1458//1458 1457//1457 3631//3631
f 1457//1457 1456//1456 3632//3632
f 1456//1456 1455//1455 3633//3633
f 1455//1455 1454//1454 3634//3634
f 1454//1454 97//97 661//661
f 3634//3634 661//661 662//662
f 3641//3641 662//662 663//663
f 3648//3648 663//663 664//664
f 3655//3655 664//664 665//665
f 3662//3662 665//665 666//666
f 3669//3669 666//666 667//667
f 3676//3676 667//667 48//48
f 3675//3675 3676//3676 493//493
f 3674//3674 3675//3675 494//494
f 3673//3673 3674//3674 495//495
f 3672//3672 3673//3673 496//496
f 3671//3671 3672//3672 497//497
f 3670//3670 3671//3671 498//498
f 583//583 3670//3670 499//499
f 582//582 3663//3663 3670//3670
f 581//581 3656//3656 3663//3663
f 580//580 3649//3649 3656//3656
f 579//579 3642//3642 3649//3649
f 578//578 3635//3635 3642//3642
f 577//577 3628//3628 3635//3635
f 3677//3677 3678//3678 3685//3685
f 3678//3678 3679//3679 3686//3686
f 3679//3679 3680//3680 3687//3687
f 3680//3680 3681//3681 3688//3688
f 3681//3681 3682//3682 3689//3689
f 3682//3682 3683//3683 3690//3690
f 3684//3684 3685//3685 3692//3692
f 3685//3685 3686//3686 3693//3693
f 3686//3686 3687//3687 3694//3694
f 3687//3687 3688//3688 3695//3695
f 3688//3688 3689//3689 3696//3696
f 3689//3689 3690//3690 3697//3697
f 3691//3691 3692//3692 3699//3699
f 3692//3692 3693//3693 3700//3700
f 3693//3693 3694//3694 3701//3701
f 3694//3694 3695//3695 3702//3702
f 3695//3695 3696//3696 3703//3703
f 3696//3696 3697//3697 3704//3704
f 3698//3698 3699//3699 3706//3706
f 3699//3699 3700//3700 3707//3707
f 3700//3700 3701//3701 3708//3708
f 3701//3701 3702//3702 3709//3709
f 3702//3702 3703//3703 3710//3710
f 3703//3703 3704//3704 3711//3711
f 3705//3705 3706//3706 3713//3713
f 3706//3706 3707//3707 3714//3714
f 3707//3707 3708//3708 3715//3715
f 3708//3708 3709//3709 3716//3716
f 3709//3709 3710//3710 3717//3717
f 3710//3710 3711//3711 3718//3718
f 3712//3712 3713//3713 3720//3720
f 3713//3713 3714//3714 3721//3721
f 3714//3714 3715//3715 3722//3722
f 3715//3715 3716//3716 3723//3723
f 3716//3716 3717//3717 3724//3724
f 3717//3717 3718//3718 3725//3725
f 79//79 1066//1066 3677//3677
f 1066//1066 1065//1065 3678//3678
f 1065//1065 1064//1064 3679//3679
f 1064//1064 1063//1063 3680//3680
f 1063//1063 1062//1062 3681//3681
f 1062//1062 1061//1061 3682//3682
f 1061//1061 1060//1060 3683//3683
f 1060//1060 53//53 829//829
f 3683//3683 829//829 830//830
f 3690//3690 830//830 831//831
f 3697//3697 831//831 832//832
f 3704//3704 832//832 833//833
f 3711//3711 833//833 834//834
f 3718//3718 834//834 835//835
f 3725//3725 835//835 62//62
f 3724//3724 3725//3725 1074//1074
f 3723//3723 3724//3724 1075//1075
f 3722//3722 3723//3723 1076//1076
f 3721//3721 3722//3722 1077//1077
f 3720//3720 3721//3721 1078//1078
f 3719//3719 3720//3720 1079//1079
f 1143//1143 3719//3719 1080//1080
f 1142//1142 3712//3712 3719//3719
f 1141//1141 3705//3705 3712//3712
f 1140//1140 3698//3698 3705//3705
f 1139//1139 3691//3691 3698//3698
f 1138//1138 3684//3684 3691//3691
f 1137//1137 3677//3677 3684//3684
f 3726//3726 3727//3727 3734//3734
f 3727//3727 3728//3728 3735//3735
f 3728//3728 3729//3729 3736//3736
f 3729//3729 3730//3730 3737//3737
f 3730//3730 3731//3731 3738//3738
f 3731//3731 3732//3732 3739//3739
f 3733//3733 3734//3734 3741//3741
f 3734//3734 3735//3735 3742//3742
f 3735//3735 3736//3736 3743//3743
f 3736//3736 3737//3737 3744//3744
f 3737//3737 3738//3738 3745//3745
f 3738//3738 3739//3739 3746//3746
f 3740//3740 3741//3741 3748//3748
f 3741//3741 3742//3742 3749//3749
f 3742//3742 3743//3743 3750//3750
f 3743//3743 3744//3744 3751//3751
f 3744//3744 3745//3745 3752//3752
f 3745//3745 3746//3746 3753//3753
f 3747//3747 3748//3748 3755//3755
f 3748//3748 3749//3749 3756//3756
f 3749//3749 3750//3750 3757//3757
f 3750//3750 3751//3751 3758//3758
f 3751//3751 3752//3752 3759//3759
f 3752//3752 3753//3753 3760//3760
f 3754//3754 3755//3755 3762//3762
f 3755//3755 3756//3756 3763//3763
f 3756//3756 3757//3757 3764//3764
f 3757//3757 3758//3758 3765//3765
f 3758//3758 3759//3759 3766//3766
f 3759//3759 3760//3760 3767//3767
f 3761//3761 3762//3762 3769//3769
f 3762//3762 3763//3763 3770//3770
f 3763//3763 3764//3764 3771//3771
f 3764//3764 3765//3765 3772//3772
f 3765//3765 3766//3766 3773//3773
f 3766//3766 3767//3767 3774//3774
f 78//78 1059//1059 3726//3726
f 1059//1059 1058//1058 3727//3727
f 1058//1058 1057//1057 3728//3728
f 1057//1057 1056//1056 3729//3729
f 1056//1056 1055//1055 3730//3730
f 1055//1055 1054//1054 3731//3731
f 1054//1054 1053//1053 3732//3732
f 1053//1053 52//52 850//850
f 3732//3732 850//850 851//851
f 3739//3739 851//851 852//852
f 3746//3746 852//852 853//853
f 3753//3753 853//853 854//854
f 3760//3760 854//854 855//855
f 3767//3767 855//855 856//856
f 3774//3774 856//856 63//63
f 3773//3773 3774//3774 1081//1081
f 3772//3772 3773//3773 1082//1082
f 3771//3771 3772//3772 1083//1083
f 3770//3770 3771//3771 1084//1084
f 3769//3769 3770//3770 1085//1085
f 3768//3768 3769//3769 1086//1086
f 1136//1136 3768//3768 1087//1087
f 1135//1135 3761//3761 3768//3768
f 1134//1134 3754//3754 3761//3761
f 1133//1133 3747//3747 3754//3754
f 1132//1132 3740//3740 3747//3747
f 1131//1131 3733//3733 3740//3740
f 1130//1130 3726//3726 3733//3733
f 3775//3775 3776//3776 3783//3783
f 3776//3776 3777//3777 3784//3784
f 3777//3777 3778//3778 3785//3785
f 3778//3778 3779//3779 3786//3786
f 3779//3779 3780//3780 3787//3787
f 3780//3780 3781//3781 3788//3788
f 3782//3782 3783//3783 3790//3790
f 3783//3783 3784//3784 3791//3791
f 3784//3784 3785//3785 3792//3792
f 3785//3785 3786//3786 3793//3793
f 3786//3786 3787//3787 3794//3794
f 3787//3787 3788//3788 3795//3795
f 3789//3789 3790//3790 3797//3797
f 3790//3790 3791//3791 3798//3798
f 3791//3791 3792//3792 3799//3799
f 3792//3792 3793//3793 3800//3800
f 3793//3793 3794//3794 3801//3801
f 3794//3794 3795//3795 3802//3802
f 3796//3796 3797//3797 3804//3804
f 3797//3797 3798//3798 3805//3805
f 3798//3798 3799//3799 3806//3806
f 3799//3799 3800//3800 3807//3807
f 3800//3800 3801//3801 3808//3808
f 3801//3801 3802//3802 3809//3809
f 3803//3803 3804//3804 3811//3811
f 3804//3804 3805//3805 3812//3812
f 3805//3805 3806//3806 3813//3813
f 3806//3806 3807//3807 3814//3814
f 3807//3807 3808//3808 3815//3815
f 3808//3808 3809//3809 3816//3816
f 3810//3810 3811//3811 3818//3818
f 3811//3811 3812//3812 3819//3819
f 3812//3812 3813//3813 3820//3820
f 3813//3813 3814//3814 3821//3821
f 3814//3814 3815//3815 3822//3822
f 3815//3815 3816//3816 3823//3823
f 93//93 577//577 3775//3775
f 577//577 578//578 3776//3776
f 578//578 579//579 3777//3777
f 579//579 580//580 3778//3778
f 580//580 581//581 3779//3779
f 581//581 582//582 3780//3780
f 582//582 583//583 3781//3781
f 583//583 34//34 668//668
f 3781//3781 668//668 669//669
f 3788//3788 669//669 670//670
f 3795//3795 670//670 671//671
f 3802//3802 671//671 672//672
f 3809//3809 672//672 673//673
f 3816//3816 673//673 674//674
f 3823//3823 674//674 49//49
f 3822//3822 3823//3823 1314//1314
f 3821//3821 3822//3822 1315//1315
f 3820//3820 3821//3821 1316//1316
f 3819//3819 3820//3820 1317//1317
f 3818//3818 3819//3819 1318//1318
f 3817//3817 3818//3818 1319//1319
f 1453//1453 3817//3817 1320//1320
f 1452//1452 3810//3810 3817//3817
f 1451//1451 3803//3803 3810//3810
f 1450//1450 3796//3796 3803//3803
f 1449//1449 3789//3789 3796//3796
f 1448//1448 3782//3782 3789//3789
f 1447//1447 3775//3775 3782//3782
f 3824//3824 3825//3825 3832//3832
f 3825//3825 3826//3826 3833//3833
f 3826//3826 3827//3827 3834//3834
f 3827//3827 3828//3828 3835//3835
f 3828//3828 3829//3829 3836//3836
f 3829//3829 3830//3830 3837//3837
f 3831//3831 3832//3832 3839//3839
f 3832//3832 3833//3833 3840//3840
f 3833//3833 3834//3834 3841//3841
f 3834//3834 3835//3835 3842//3842
f 3835//3835 3836//3836 3843//3843
f 3836//3836 3837//3837 3844//3844
f 3838//3838 3839//3839 3846//3846
f 3839//3839 3840//3840 3847//3847
f 3840//3840 3841//3841 3848//3848
f 3841//3841 3842//3842 3849//3849
f 3842//3842 3843//3843 3850//3850
f 3843//3843 3844//3844 3851//3851
f 3845//3845 3846//3846 3853//3853
f 3846//3846 3847//3847 3854//3854
f 3847//3847 3848//3848 3855//3855
f 3848//3848 3849//3849 3856//3856
f 3849//3849 3850//3850 3857//3857
f 3850//3850 3851//3851 3858//3858
f 3852//3852 3853//3853 3860//3860
f 3853//3853 3854//3854 3861//3861
f 3854//3854 3855//3855 3862//3862
f 3855//3855 3856//3856 3863//3863
f 3856//3856 3857//3857 3864//3864
f 3857//3857 3858//3858 3865//3865
f 3859//3859 3860//3860 3867//3867
f 3860//3860 3861//3861 3868//3868
f 3861//3861 3862//3862 3869//3869
f 3862//3862 3863//3863 3870//3870
f 3863//3863 3864//3864 3871//3871
f 3864//3864 3865//3865 3872//3872
f 104//104 1446//1446 3824//3824
f 1446//1446 1445//1445 3825//3825
f 1445//1445 1444//1444 3826//3826
f 1444//1444 1443//1443 3827//3827
f 1443//1443 1442//1442 3828//3828
f 1442//1442 1441//1441 3829//3829
f 1441//1441 1440//1440 3830//3830
f 1440//1440 102//102 1348//1348
f 3830//3830 1348//1348 1347//1347
f 3837//3837 1347//1347 1346//1346
f 3844//3844 1346//1346 1345//1345
f 3851//3851 1345//1345 1344//1344
f 3858//3858 1344//1344 1343//1343
f 3865//3865 1343//1343 1342//1342
f 3872//3872 1342//1342 54//54
f 3871//3871 3872//3872 709//709
f 3870//3870 3871//3871 708//708
f 3869//3869 3870//3870 707//707
f 3868//3868 3869//3869 706//706
f 3867//3867 3868//3868 705//705
f 3866//3866 3867//3867 704//704
f 1356//1356 3866//3866 703//703
f 1357//1357 3859//3859 3866//3866
f 1358//1358 3852//3852 3859//3859
f 1359//1359 3845//3845 3852//3852
f 1360//1360 3838//3838 3845//3845
f 1361//1361 3831//3831 3838//3838
f 1362//1362 3824//3824 3831//3831
f 3873//3873 3874//3874 3881//3881
f 3874//3874 3875//3875 3882//3882
f 3875//3875 3876//3876 3883//3883
f 3876//3876 3877//3877 3884//3884
f 3877//3877 3878//3878 3885//3885
f 3878//3878 3879//3879 3886//3886
f 3880//3880 3881//3881 3888//3888
f 3881//3881 3882//3882 3889//3889
f 3882//3882 3883//3883 3890//3890
f 3883//3883 3884//3884 3891//3891
f 3884//3884 3885//3885 3892//3892
f 3885//3885 3886//3886 3893//3893
f 3887//3887 3888//3888 3895//3895
f 3888//3888 3889//3889 3896//3896
f 3889//3889 3890//3890 3897//3897
f 3890//3890 3891//3891 3898//3898
f 3891//3891 3892//3892 3899//3899
f 3892//3892 3893//3893 3900//3900
f 3894//3894 3895//3895 3902//3902
f 3895//3895 3896//3896 3903//3903
f 3896//3896 3897//3897 3904//3904
f 3897//3897 3898//3898 3905//3905
f 3898//3898 3899//3899 3906//3906
f 3899//3899 3900//3900 3907//3907
f 3901//3901 3902//3902 3909//3909
f 3902//3902 3903//3903 3910//3910
f 3903//3903 3904//3904 3911//3911
f 3904//3904 3905//3905 3912//3912
f 3905//3905 3906//3906 3913//3913
f 3906//3906 3907//3907 3914//3914
f 3908//3908 3909//3909 3916//3916
f 3909//3909 3910//3910 3917//3917
f 3910//3910 3911//3911 3918//3918
f 3911//3911 3912//3912 3919//3919
f 3912//3912 3913//3913 3920//3920
f 3913//3913 3914//3914 3921//3921
f 71//71 794//794 3873//3873
f 794//794 795//795 3874//3874
f 795//795 796//796 3875//3875
f 796//796 797//797 3876//3876
f 797//797 798//798 3877//3877
f 798//798 799//799 3878//3878
f 799//799 800//800 3879//3879
f 800//800 58//58 744//744
f 3879//3879 744//744 743//743
f 3886//3886 743//743 742//742
f 3893//3893 742//742 741//741
f 3900//3900 741//741 740//740
f 3907//3907 740//740 739//739
f 3914//3914 739//739 738//738
f 3921//3921 738//738 56//56
f 3920//3920 3921//3921 1025//1025
f 3919//3919 3920//3920 1026//1026
f 3918//3918 3919//3919 1027//1027
f 3917//3917 3918//3918 1028//1028
f 3916//3916 3917//3917 1029//1029
f 3915//3915 3916//3916 1030//1030
f 1129//1129 3915//3915 1031//1031
f 1128//1128 3908//3908 3915//3915
f 1127//1127 3901//3901 3908//3908
f 1126//1126 3894//3894 3901//3901
f 1125//1125 3887//3887 3894//3894
f 1124//1124 3880//3880 3887//3887
f 1123//1123 3873//3873 3880//3880
f 3922//3922 3923//3923 3930//3930
f 3923//3923 3924//3924 3931//3931
f 3924//3924 3925//3925 3932//3932
f 3925//3925 3926//3926 3933//3933
f 3926//3926 3927//3927 3934//3934
f 3927//3927 3928//3928 3935//3935
f 3929//3929 3930//3930 3937//3937
f 3930//3930 3931//3931 3938//3938
f 3931//3931 3932//3932 3939//3939
f 3932//3932 3933//3933 3940//3940
f 3933//3933 3934//3934 3941//3941
f 3934//3934 3935//3935 3942//3942
f 3936//3936 3937//3937 3944//3944
f 3937//3937 3938//3938 3945//3945
f 3938//3938 3939//3939 3946//3946
f 3939//3939 3940//3940 3947//3947
f 3940//3940 3941//3941 3948//3948
f 3941//3941 3942//3942 3949//3949
f 3943//3943 3944//3944 3951//3951
f 3944//3944 3945//3945 3952//3952
f 3945//3945 3946//3946 3953//3953
f 3946//3946 3947//3947 3954//3954
f 3947//3947 3948//3948 3955//3955
f 3948//3948 3949//3949 3956//3956
f 3950//3950 3951//3951 3958//3958
f 3951//3951 3952//3952 3959//3959
f 3952//3952 3953//3953 3960//3960
f 3953//3953 3954//3954 3961//3961
f 3954//3954 3955//3955 3962//3962
f 3955//3955 3956//3956 3963//3963
f 3957//3957 3958//3958 3965//3965
f 3958//3958 3959//3959 3966//3966
f 3959//3959 3960//3960 3967//3967
f 3960//3960 3961//3961 3968//3968
f 3961//3961 3962//3962 3969//3969
f 3962//3962 3963//3963 3970//3970
f 68//68 989//989 3922//3922
f 989//989 988//988 3923//3923
f 988//988 987//987 3924//3924
f 987//987 986//986 3925//3925
f 986//986 985//985 3926//3926
f 985//985 984//984 3927//3927
f 984//984 983//983 3928//3928
f 983//983 41//41 164//164
f 3928//3928 164//164 165//165
f 3935//3935 165//165 166//166
f 3942//3942 166//166 167//167
f 3949//3949 167//167 168//168
f 3956//3956 168//168 169//169
f 3963//3963 169//169 170//170
f 3970//3970 170//170 39//39
f 3969//3969 3970//3970 786//786
f 3968//3968 3969//3969 785//785
f 3967//3967 3968//3968 784//784
f 3966//3966 3967//3967 783//783
f 3965//3965 3966//3966 782//782
f 3964//3964 3965//3965 781//781
f 1122//1122 3964//3964 780//780
f 1121//1121 3957//3957 3964//3964
f 1120//1120 3950//3950 3957//3957
f 1119//1119 3943//3943 3950//3950
f 1118//1118 3936//3936 3943//3943
f 1117//1117 3929//3929 3936//3936
f 1116//1116 3922//3922 3929//3929
f 3971//3971 3972//3972 3979//3979
f 3972//3972 3973//3973 3980//3980
f 3973//3973 3974//3974 3981//3981
f 3974//3974 3975//3975 3982//3982
f 3975//3975 3976//3976 3983//3983
f 3976//3976 3977//3977 3984//3984
f 3978//3978 3979//3979 3986//3986
f 3979//3979 3980//3980 3987//3987
f 3980//3980 3981//3981 3988//3988
f 3981//3981 3982//3982 3989//3989
f 3982//3982 3983//3983 3990//3990
f 3983//3983 3984//3984 3991//3991
f 3985//3985 3986//3986 3993//3993
f 3986//3986 3987//3987 3994//3994
f 3987//3987 3988//3988 3995//3995
f 3988//3988 3989//3989 3996//3996
f 3989//3989 3990//3990 3997//3997
f 3990//3990 3991//3991 3998//3998
f 3992//3992 3993//3993 4000//4000
f 3993//3993 3994//3994 4001//4001
f 3994//3994 3995//3995 4002//4002
f 3995//3995 3996//3996 4003//4003
f 3996//3996 3997//3997 4004//4004
f 3997//3997 3998//3998 4005//4005
f 3999//3999 4000//4000 4007//4007
f 4000//4000 4001//4001 4008//4008
f 4001//4001 4002//4002 4009//4009
f 4002//4002 4003//4003 4010//4010
f 4003//4003 4004//4004 4011//4011
f 4004//4004 4005//4005 4012//4012
f 4006//4006 4007//4007 4014//4014
f 4007//4007 4008//4008 4015//4015
f 4008//4008 4009//4009 4016//4016
f 4009//4009 4010//4010 4017//4017
f 4010//4010 4011//4011 4018//4018
f 4011//4011 4012//4012 4019//4019
f 90//90 556//556 3971//3971
f 556//556 557//557 3972//3972
f 557//557 558//558 3973//3973
f 558//558 559//559 3974//3974
f 559//559 560//560 3975//3975
f 560//560 561//561 3976//3976
f 561//561 562//562 3977//3977
f 562//562 22//22 374//374
f 3977//3977 374//374 375//375
f 3984//3984 375//375 376//376
f 3991//3991 376//376 377//377
f 3998//3998 377//377 378//378
f 4005//4005 378//378 379//379
f 4012//4012 379//379 380//380
f 4019//4019 380//380 25//25
f 4018//4018 4019//4019 940//940
f 4017//4017 4018//4018 939//939
f 4016//4016 4017//4017 938//938
f 4015//4015 4016//4016 937//937
f 4014//4014 4015//4015 936//936
f 4013//4013 4014//4014 935//935
f 1439//1439 4013//4013 934//934
f 1438//1438 4006//4006 4013//4013
f 1437//1437 3999//3999 4006//4006
f 1436//1436 3992//3992 3999//3999
f 1435//1435 3985//3985 3992//3992
f 1434//1434 3978//3978 3985//3985
f 1433//1433 3971//3971 3978//3978
f 4020//4020 4021//4021 4028//4028
f 4021//4021 4022//4022 4029//4029
f 4022//4022 4023//4023 4030//4030
f 4023//4023 4024//4024 4031//4031
f 4024//4024 4025//4025 4032//4032
f 4025//4025 4026//4026 4033//4033
f 4027//4027 4028//4028 4035//4035
f 4028//4028 4029//4029 4036//4036
f 4029//4029 4030//4030 4037//4037
f 4030//4030 4031//4031 4038//4038
f 4031//4031 4032//4032 4039//4039
f 4032//4032 4033//4033 4040//4040
f 4034//4034 4035//4035 4042//4042
f 4035//4035 4036//4036 4043//4043
f 4036//4036 4037//4037 4044//4044
f 4037//4037 4038//4038 4045//4045
f 4038//4038 4039//4039 4046//4046
f 4039//4039 4040//4040 4047//4047
f 4041//4041 4042//4042 4049//4049
f 4042//4042 4043//4043 4050//4050
f 4043//4043 4044//4044 4051//4051
f 4044//4044 4045//4045 4052//4052
f 4045//4045 4046//4046 4053//4053
f 4046//4046 4047//4047 4054//4054
f 4048//4048 4049//4049 4056//4056
f 4049//4049 4050//4050 4057//4057
f 4050//4050 4051//4051 4058//4058
f 4051//4051 4052//4052 4059//4059
f 4052//4052 4053//4053 4060//4060
f 4053//4053 4054//4054 4061//4061
f 4055//4055 4056//4056 4063//4063
f 4056//4056 4057//4057 4064//4064
f 4057//4057 4058//4058 4065//4065
f 4058//4058 4059//4059 4066//4066
f 4059//4059 4060//4060 4067//4067
f 4060//4060 4061//4061 4068//4068
f 101//101 752//752 4020//4020
f 752//752 753//753 4021//4021
f 753//753 754//754 4022//4022
f 754//754 755//755 4023//4023
f 755//755 756//756 4024//4024
f 756//756 757//757 4025//4025
f 757//757 758//758 4026//4026
f 758//758 53//53 751//751
f 4026//4026 751//751 750//750
f 4033//4033 750//750 749//749
f 4040//4040 749//749 748//748
f 4047//4047 748//748 747//747
f 4054//4054 747//747 746//746
f 4061//4061 746//746 745//745
f 4068//4068 745//745 51//51
f 4067//4067 4068//4068 730//730
f 4066//4066 4067//4067 729//729
f 4065//4065 4066//4066 728//728
f 4064//4064 4065//4065 727//727
f 4063//4063 4064//4064 726//726
f 4062//4062 4063//4063 725//725
f 1432//1432 4062//4062 724//724
f 1431//1431 4055//4055 4062//4062
f 1430//1430 4048//4048 4055//4055
f 1429//1429 4041//4041 4048//4048
f 1428//1428 4034//4034 4041//4041
f 1427//1427 4027//4027 4034//4034
f 1426//1426 4020//4020 4027//4027
f 4069//4069 4070//4070 4077//4077
f 4070//4070 4071//4071 4078//4078
f 4071//4071 4072//4072 4079//4079
f 4072//4072 4073//4073 4080//4080
f 4073//4073 4074//4074 4081//4081
f 4074//4074 4075//4075 4082//4082
f 4076//4076 4077//4077 4084//4084
f 4077//4077 4078//4078 4085//4085
f 4078//4078 4079//4079 4086//4086
f 4079//4079 4080//4080 4087//4087
f 4080//4080 4081//4081 4088//4088
f 4081//4081 4082//4082 4089//4089
f 4083//4083 4084//4084 4091//4091
f 4084//4084 4085//4085 4092//4092
f 4085//4085 4086//4086 4093//4093
f 4086//4086 4087//4087 4094//4094
f 4087//4087 4088//4088 4095//4095
f 4088//4088 4089//4089 4096//4096
f 4090//4090 4091//4091 4098//4098
f 4091//4091 4092//4092 4099//4099
f 4092//4092 4093//4093 4100//4100
f 4093//4093 4094//4094 4101//4101
f 4094//4094 4095//4095 4102//4102
f 4095//4095 4096//4096 4103//4103
f 4097//4097 4098//4098 4105//4105
f 4098//4098 4099//4099 4106//4106
f 4099//4099 4100//4100 4107//4107
f 4100//4100 4101//4101 4108//4108
f 4101//4101 4102//4102 4109//4109
f 4102//4102 4103//4103 4110//4110
f 4104//4104 4105//4105 4112//4112
f 4105//4105 4106//4106 4113//4113
f 4106//4106 4107//4107 4114//4114
f 4107//4107 4108//4108 4115//4115
f 4108//4108 4109//4109 4116//4116
f 4109//4109 4110//4110 4117//4117
f 105//105 934//934 4069//4069
f 934//934 935//935 4070//4070
f 935//935 936//936 4071//4071
f 936//936 937//937 4072//4072
f 937//937 938//938 4073//4073
f 938//938 939//939 4074//4074
f 939//939 940//940 4075//4075
f 940//940 25//25 584//584
f 4075//4075 584//584 585//585
f 4082//4082 585//585 586//586
f 4089//4089 586//586 587//587
f 4096//4096 587//587 588//588
f 4103//4103 588//588 589//589
f 4110//4110 589//589 590//590
f 4117//4117 590//590 36//36
f 4116//4116 4117//4117 947//947
f 4115//4115 4116//4116 946//946
f 4114//4114 4115//4115 945//945
f 4113//4113 4114//4114 944//944
f 4112//4112 4113//4113 943//943
f 4111//4111 4112//4112 942//942
f 1425//1425 4111//4111 941//941
f 1424//1424 4104//4104 4111//4111
f 1423//1423 4097//4097 4104//4104
f 1422//1422 4090//4090 4097//4097
f 1421//1421 4083//4083 4090//4090
f 1420//1420 4076//4076 4083//4083
f 1419//1419 4069//4069 4076//4076
f 4118//4118 4119//4119 4126//4126
f 4119//4119 4120//4120 4127//4127
f 4120//4120 4121//4121 4128//4128
f 4121//4121 4122//4122 4129//4129
f 4122//4122 4123//4123 4130//4130
f 4123//4123 4124//4124 4131//4131
f 4125//4125 4126//4126 4133//4133
f 4126//4126 4127//4127 4134//4134
f 4127//4127 4128//4128 4135//4135
f 4128//4128 4129//4129 4136//4136
f 4129//4129 4130//4130 4137//4137
f 4130//4130 4131//4131 4138//4138
f 4132//4132 4133//4133 4140//4140
f 4133//4133 4134//4134 4141//4141
f 4134//4134 4135//4135 4142//4142
f 4135//4135 4136//4136 4143//4143
f 4136//4136 4137//4137 4144//4144
f 4137//4137 4138//4138 4145//4145
f 4139//4139 4140//4140 4147//4147
f 4140//4140 4141//4141 4148//4148
f 4141//4141 4142//4142 4149//4149
f 4142//4142 4143//4143 4150//4150
f 4143//4143 4144//4144 4151//4151
f 4144//4144 4145//4145 4152//4152
f 4146//4146 4147//4147 4154//4154
f 4147//4147 4148//4148 4155//4155
f 4148//4148 4149//4149 4156//4156
f 4149//4149 4150//4150 4157//4157
f 4150//4150 4151//4151 4158//4158
f 4151//4151 4152//4152 4159//4159
f 4153//4153 4154//4154 4161//4161
f 4154//4154 4155//4155 4162//4162
f 4155//4155 4156//4156 4163//4163
f 4156//4156 4157//4157 4164//4164
f 4157//4157 4158//4158 4165//4165
f 4158//4158 4159//4159 4166//4166
f 70//70 1003//1003 4118//4118
f 1003//1003 1002//1002 4119//4119
f 1002//1002 1001//1001 4120//4120
f 1001//1001 1000//1000 4121//4121
f 1000//1000 999//999 4122//4122
f 999//999 998//998 4123//4123
f 998//998 997//997 4124//4124
f 997//997 43//43 171//171
f 4124//4124 171//171 172//172
f 4131//4131 172//172 173//173
f 4138//4138 173//173 174//174
f 4145//4145 174//174 175//175
f 4152//4152 175//175 176//176
f 4159//4159 176//176 177//177
f 4166//4166 177//177 41//41
f 4165//4165 4166//4166 983//983
f 4164//4164 4165//4165 984//984
f 4163//4163 4164//4164 985//985
f 4162//4162 4163//4163 986//986
f 4161//4161 4162//4162 987//987
f 4160//4160 4161//4161 988//988
f 1115//1115 4160//4160 989//989
f 1114//1114 4153//4153 4160//4160
f 1113//1113 4146//4146 4153//4153
f 1112//1112 4139//4139 4146//4146
f 1111//1111 4132//4132 4139//4139
f 1110//1110 4125//4125 4132//4132
f 1109//1109 4118//4118 4125//4125
f 4167//4167 4168//4168 4175//4175
f 4168//4168 4169//4169 4176//4176
f 4169//4169 4170//4170 4177//4177
f 4170//4170 4171//4171 4178//4178
f 4171//4171 4172//4172 4179//4179
f 4172//4172 4173//4173 4180//4180
f 4174//4174 4175//4175 4182//4182
f 4175//4175 4176//4176 4183//4183
f 4176//4176 4177//4177 4184//4184
f 4177//4177 4178//4178 4185//4185
f 4178//4178 4179//4179 4186//4186
f 4179//4179 4180//4180 4187//4187
f 4181//4181 4182//4182 4189//4189
f 4182//4182 4183//4183 4190//4190
f 4183//4183 4184//4184 4191//4191
f 4184//4184 4185//4185 4192//4192
f 4185//4185 4186//4186 4193//4193
f 4186//4186 4187//4187 4194//4194
f 4188//4188 4189//4189 4196//4196
f 4189//4189 4190//4190 4197//4197
f 4190//4190 4191//4191 4198//4198
f 4191//4191 4192//4192 4199//4199
f 4192//4192 4193//4193 4200//4200
f 4193//4193 4194//4194 4201//4201
f 4195//4195 4196//4196 4203//4203
f 4196//4196 4197//4197 4204//4204
f 4197//4197 4198//4198 4205//4205
f 4198//4198 4199//4199 4206//4206
f 4199//4199 4200//4200 4207//4207
f 4200//4200 4201//4201 4208//4208
f 4202//4202 4203//4203 4210//4210
f 4203//4203 4204//4204 4211//4211
f 4204//4204 4205//4205 4212//4212
f 4205//4205 4206//4206 4213//4213
f 4206//4206 4207//4207 4214//4214
f 4207//4207 4208//4208 4215//4215
f 103//103 843//843 4167//4167
f 843//843 844//844 4168//4168
f 844//844 845//845 4169//4169
f 845//845 846//846 4170//4170
f 846//846 847//847 4171//4171
f 847//847 848//848 4172//4172
f 848//848 849//849 4173//4173
f 849//849 62//62 835//835
f 4173//4173 835//835 834//834
f 4180//4180 834//834 833//833
f 4187//4187 833//833 832//832
f 4194//4194 832//832 831//831
f 4201//4201 831//831 830//830
f 4208//4208 830//830 829//829
f 4215//4215 829//829 53//53
f 4214//4214 4215//4215 758//758
f 4213//4213 4214//4214 757//757
f 4212//4212 4213//4213 756//756
f 4211//4211 4212//4212 755//755
f 4210//4210 4211//4211 754//754
f 4209//4209 4210//4210 753//753
f 1418//1418 4209//4209 752//752
f 1417//1417 4202//4202 4209//4209
f 1416//1416 4195//4195 4202//4202
f 1415//1415 4188//4188 4195//4195
f 1414//1414 4181//4181 4188//4188
f 1413//1413 4174//4174 4181//4181
f 1412//1412 4167//4167 4174//4174
f 4216//4216 4217//4217 4224//4224
f 4217//4217 4218//4218 4225//4225
f 4218//4218 4219//4219 4226//4226
f 4219//4219 4220//4220 4227//4227
f 4220//4220 4221//4221 4228//4228
f 4221//4221 4222//4222 4229//4229
f 4223//4223 4224//4224 4231//4231
f 4224//4224 4225//4225 4232//4232
f 4225//4225 4226//4226 4233//4233
f 4226//4226 4227//4227 4234//4234
f 4227//4227 4228//4228 4235//4235
f 4228//4228 4229//4229 4236//4236
f 4230//4230 4231//4231 4238//4238
f 4231//4231 4232//4232 4239//4239
f 4232//4232 4233//4233 4240//4240
f 4233//4233 4234//4234 4241//4241
f 4234//4234 4235//4235 4242//4242
f 4235//4235 4236//4236 4243//4243
f 4237//4237 4238//4238 4245//4245
f 4238//4238 4239//4239 4246//4246
f 4239//4239 4240//4240 4247//4247
f 4240//4240 4241//4241 4248//4248
f 4241//4241 4242//4242 4249//4249
f 4242//4242 4243//4243 4250//4250
f 4244//4244 4245//4245 4252//4252
f 4245//4245 4246//4246 4253//4253
f 4246//4246 4247//4247 4254//4254
f 4247//4247 4248//4248 4255//4255
f 4248//4248 4249//4249 4256//4256
f 4249//4249 4250//4250 4257//4257
f 4251//4251 4252//4252 4259//4259
f 4252//4252 4253//4253 4260//4260
f 4253//4253 4254//4254 4261//4261
f 4254//4254 4255//4255 4262//4262
f 4255//4255 4256//4256 4263//4263
f 4256//4256 4257//4257 4264//4264
f 72//72 1017//1017 4216//4216
f 1017//1017 1016//1016 4217//4217
f 1016//1016 1015//1015 4218//4218
f 1015//1015 1014//1014 4219//4219
f 1014//1014 1013//1013 4220//4220
f 1013//1013 1012//1012 4221//4221
f 1012//1012 1011//1011 4222//4222
f 1011//1011 59//59 702//702
f 4222//4222 702//702 701//701
f 4229//4229 701//701 700//700
f 4236//4236 700//700 699//699
f 4243//4243 699//699 698//698
f 4250//4250 698//698 697//697
f 4257//4257 697//697 696//696
f 4264//4264 696//696 61//61
f 4263//4263 4264//4264 842//842
f 4262//4262 4263//4263 841//841
f 4261//4261 4262//4262 840//840
f 4260//4260 4261//4261 839//839
f 4259//4259 4260//4260 838//838
f 4258//4258 4259//4259 837//837
f 1108//1108 4258//4258 836//836
f 1107//1107 4251//4251 4258//4258
f 1106//1106 4244//4244 4251//4251
f 1105//1105 4237//4237 4244//4244
f 1104//1104 4230//4230 4237//4237
f 1103//1103 4223//4223 4230//4230
f 1102//1102 4216//4216 4223//4223
f 4265//4265 4266//4266 4273//4273
f 4266//4266 4267//4267 4274//4274
f 4267//4267 4268//4268 4275//4275
f 4268//4268 4269//4269 4276//4276
f 4269//4269 4270//4270 4277//4277
f 4270//4270 4271//4271 4278//4278
f 4272//4272 4273//4273 4280//4280
f 4273//4273 4274//4274 4281//4281
f 4274//4274 4275//4275 4282//4282
f 4275//4275 4276//4276 4283//4283
f 4276//4276 4277//4277 4284//4284
f 4277//4277 4278//4278 4285//4285
f 4279//4279 4280//4280 4287//4287
f 4280//4280 4281//4281 4288//4288
f 4281//4281 4282//4282 4289//4289
f 4282//4282 4283//4283 4290//4290
f 4283//4283 4284//4284 4291//4291
f 4284//4284 4285//4285 4292//4292
f 4286//4286 4287//4287 4294//4294
f 4287//4287 4288//4288 4295//4295
f 4288//4288 4289//4289 4296//4296
f 4289//4289 4290//4290 4297//4297
f 4290//4290 4291//4291 4298//4298
f 4291//4291 4292//4292 4299//4299
f 4293//4293 4294//4294 4301//4301
f 4294//4294 4295//4295 4302//4302
f 4295//4295 4296//4296 4303//4303
f 4296//4296 4297//4297 4304//4304
f 4297//4297 4298//4298 4305//4305
f 4298//4298 4299//4299 4306//4306
f 4300//4300 4301//4301 4308//4308
f 4301//4301 4302//4302 4309//4309
f 4302//4302 4303//4303 4310//4310
f 4303//4303 4304//4304 4311//4311
f 4304//4304 4305//4305 4312//4312
f 4305//4305 4306//4306 4313//4313
f 73//73 808//808 4265//4265
f 808//808 809//809 4266//4266
f 809//809 810//810 4267//4267
f 810//810 811//811 4268//4268
f 811//811 812//812 4269//4269
f 812//812 813//813 4270//4270
f 813//813 814//814 4271//4271
f 814//814 46//46 626//626
f 4271//4271 626//626 627//627
f 4278//4278 627//627 628//628
f 4285//4285 628//628 629//629
f 4292//4292 629//629 630//630
f 4299//4299 630//630 631//631
f 4306//4306 631//631 632//632
f 4313//4313 632//632 43//43
f 4312//4312 4313//4313 997//997
f 4311//4311 4312//4312 998//998
f 4310//4310 4311//4311 999//999
f 4309//4309 4310//4310 1000//1000
f 4308//4308 4309//4309 1001//1001
f 4307//4307 4308//4308 1002//1002
f 1101//1101 4307//4307 1003//1003
f 1100//1100 4300//4300 4307//4307
f 1099//1099 4293//4293 4300//4300
f 1098//1098 4286//4286 4293//4293
f 1097//1097 4279//4279 4286//4286
f 1096//1096 4272//4272 4279//4279
f 1095//1095 4265//4265 4272//4272
f 4314//4314 4315//4315 4322//4322
f 4315//4315 4316//4316 4323//4323
f 4316//4316 4317//4317 4324//4324
f 4317//4317 4318//4318 4325//4325
f 4318//4318 4319//4319 4326//4326
f 4319//4319 4320//4320 4327//4327
f 4321//4321 4322//4322 4329//4329
f 4322//4322 4323//4323 4330//4330
f 4323//4323 4324//4324 4331//4331
f 4324//4324 4325//4325 4332//4332
f 4325//4325 4326//4326 4333//4333
f 4326//4326 4327//4327 4334//4334
f 4328//4328 4329//4329 4336//4336
f 4329//4329 4330//4330 4337//4337
f 4330//4330 4331//4331 4338//4338
f 4331//4331 4332//4332 4339//4339
f 4332//4332 4333//4333 4340//4340
f 4333//4333 4334//4334 4341//4341
f 4335//4335 4336//4336 4343//4343
f 4336//4336 4337//4337 4344//4344
f 4337//4337 4338//4338 4345//4345
f 4338//4338 4339//4339 4346//4346
f 4339//4339 4340//4340 4347//4347
f 4340//4340 4341//4341 4348//4348
f 4342//4342 4343//4343 4350//4350
f 4343//4343 4344//4344 4351//4351
f 4344//4344 4345//4345 4352//4352
f 4345//4345 4346//4346 4353//4353
f 4346//4346 4347//4347 4354//4354
f 4347//4347 4348//4348 4355//4355
f 4349//4349 4350//4350 4357//4357
f 4350//4350 4351//4351 4358//4358
f 4351//4351 4352//4352 4359//4359
f 4352//4352 4353//4353 4360//4360
f 4353//4353 4354//4354 4361//4361
f 4354//4354 4355//4355 4362//4362
f 102//102 1411//1411 4314//4314
f 1411//1411 1410//1410 4315//4315
f 1410//1410 1409//1409 4316//4316
f 1409//1409 1408//1408 4317//4317
f 1408//1408 1407//1407 4318//4318
f 1407//1407 1406//1406 4319//4319
f 1406//1406 1405//1405 4320//4320
f 1405//1405 106//106 941//941
f 4320//4320 941//941 942//942
f 4327//4327 942//942 943//943
f 4334//4334 943//943 944//944
f 4341//4341 944//944 945//945
f 4348//4348 945//945 946//946
f 4355//4355 946//946 947//947
f 4362//4362 947//947 36//36
f 4361//4361 4362//4362 892//892
f 4360//4360 4361//4361 893//893
f 4359//4359 4360//4360 894//894
f 4358//4358 4359//4359 895//895
f 4357//4357 4358//4358 896//896
f 4356//4356 4357//4357 897//897
f 1342//1342 4356//4356 898//898
f 1343//1343 4349//4349 4356//4356
f 1344//1344 4342//4342 4349//4349
f 1345//1345 4335//4335 4342//4342
f 1346//1346 4328//4328 4335//4335
f 1347//1347 4321//4321 4328//4328
f 1348//1348 4314//4314 4321//4321
f 4363//4363 4364//4364 4371//4371
f 4364//4364 4365//4365 4372//4372
f 4365//4365 4366//4366 4373//4373
f 4366//4366 4367//4367 4374//4374
f 4367//4367 4368//4368 4375//4375
f 4368//4368 4369//4369 4376//4376
f 4370//4370 4371//4371 4378//4378
f 4371//4371 4372//4372 4379//4379
f 4372//4372 4373//4373 4380//4380
f 4373//4373 4374//4374 4381//4381
f 4374//4374 4375//4375 4382//4382
f 4375//4375 4376//4376 4383//4383
f 4377//4377 4378//4378 4385//4385
f 4378//4378 4379//4379 4386//4386
f 4379//4379 4380//4380 4387//4387
f 4380//4380 4381//4381 4388//4388
f 4381//4381 4382//4382 4389//4389
f 4382//4382 4383//4383 4390//4390
f 4384//4384 4385//4385 4392//4392
f 4385//4385 4386//4386 4393//4393
f 4386//4386 4387//4387 4394//4394
f 4387//4387 4388//4388 4395//4395
f 4388//4388 4389//4389 4396//4396
f 4389//4389 4390//4390 4397//4397
f 4391//4391 4392//4392 4399//4399
f 4392//4392 4393//4393 4400//4400
f 4393//4393 4394//4394 4401//4401
f 4394//4394 4395//4395 4402//4402
f 4395//4395 4396//4396 4403//4403
f 4396//4396 4397//4397 4404//4404
f 4398//4398 4399//4399 4406//4406
f 4399//4399 4400//4400 4407//4407
f 4400//4400 4401//4401 4408//4408
f 4401//4401 4402//4402 4409//4409
f 4402//4402 4403//4403 4410//4410
f 4403//4403 4404//4404 4411//4411
f 76//76 864//864 4363//4363
f 864//864 865//865 4364//4364
f 865//865 866//866 4365//4365
f 866//866 867//867 4366//4366
f 867//867 868//868 4367//4367
f 868//868 869//869 4368//4368
f 869//869 870//870 4369//4369
f 870//870 64//64 863//863
f 4369//4369 863//863 862//862
f 4376//4376 862//862 861//861
f 4383//4383 861//861 860//860
f 4390//4390 860//860 859//859
f 4397//4397 859//859 858//858
f 4404//4404 858//858 857//857
f 4411//4411 857//857 59//59
f 4410//4410 4411//4411 1011//1011
f 4409//4409 4410//4410 1012//1012
f 4408//4408 4409//4409 1013//1013
f 4407//4407 4408//4408 1014//1014
f 4406//4406 4407//4407 1015//1015
f 4405//4405 4406//4406 1016//1016
f 1094//1094 4405//4405 1017//1017
f 1093//1093 4398//4398 4405//4405
f 1092//1092 4391//4391 4398//4398
f 1091//1091 4384//4384 4391//4391
f 1090//1090 4377//4377 4384//4384
f 1089//1089 4370//4370 4377//4377
f 1088//1088 4363//4363 4370//4370
f 4412//4412 4413//4413 4420//4420
f 4413//4413 4414//4414 4421//4421
f 4414//4414 4415//4415 4422//4422
f 4415//4415 4416//4416 4423//4423
f 4416//4416 4417//4417 4424//4424
f 4417//4417 4418//4418 4425//4425
f 4419//4419 4420//4420 4427//4427
f 4420//4420 4421//4421 4428//4428
f 4421//4421 4422//4422 4429//4429
f 4422//4422 4423//4423 4430//4430
f 4423//4423 4424//4424 4431//4431
f 4424//4424 4425//4425 4432//4432
f 4426//4426 4427//4427 4434//4434
f 4427//4427 4428//4428 4435//4435
f 4428//4428 4429//4429 4436//4436
f 4429//4429 4430//4430 4437//4437
f 4430//4430 4431//4431 4438//4438
f 4431//4431 4432//4432 4439//4439
f 4433//4433 4434//4434 4441//4441
f 4434//4434 4435//4435 4442//4442
f 4435//4435 4436//4436 4443//4443
f 4436//4436 4437//4437 4444//4444
f 4437//4437 4438//4438 4445//4445
f 4438//4438 4439//4439 4446//4446
f 4440//4440 4441//4441 4448//4448
f 4441//4441 4442//4442 4449//4449
f 4442//4442 4443//4443 4450//4450
f 4443//4443 4444//4444 4451//4451
f 4444//4444 4445//4445 4452//4452
f 4445//4445 4446//4446 4453//4453
f 4447//4447 4448//4448 4455//4455
f 4448//4448 4449//4449 4456//4456
f 4449//4449 4450//4450 4457//4457
f 4450//4450 4451//4451 4458//4458
f 4451//4451 4452//4452 4459//4459
f 4452//4452 4453//4453 4460//4460
f 100//100 731//731 4412//4412
f 731//731 732//732 4413//4413
f 732//732 733//733 4414//4414
f 733//733 734//734 4415//4415
f 734//734 735//735 4416//4416
f 735//735 736//736 4417//4417
f 736//736 737//737 4418//4418
f 737//737 52//52 716//716
f 4418//4418 716//716 715//715
f 4425//4425 715//715 714//714
f 4432//4432 714//714 713//713
f 4439//4439 713//713 712//712
f 4446//4446 712//712 711//711
f 4453//4453 711//711 710//710
f 4460//4460 710//710 62//62
f 4459//4459 4460//4460 849//849
f 4458//4458 4459//4459 848//848
f 4457//4457 4458//4458 847//847
f 4456//4456 4457//4457 846//846
f 4455//4455 4456//4456 845//845
f 4454//4454 4455//4455 844//844
f 1404//1404 4454//4454 843//843
f 1403//1403 4447//4447 4454//4454
f 1402//1402 4440//4440 4447//4447
f 1401//1401 4433//4433 4440//4440
f 1400//1400 4426//4426 4433//4433
f 1399//1399 4419//4419 4426//4426
f 1398//1398 4412//4412 4419//4419
f 4461//4461 4462//4462 4469//4469
f 4462//4462 4463//4463 4470//4470
f 4463//4463 4464//4464 4471//4471
f 4464//4464 4465//4465 4472//4472
f 4465//4465 4466//4466 4473//4473
f 4466//4466 4467//4467 4474//4474
f 4468//4468 4469//4469 4476//4476
f 4469//4469 4470//4470 4477//4477
f 4470//4470 4471//4471 4478//4478
f 4471//4471 4472//4472 4479//4479
f 4472//4472 4473//4473 4480//4480
f 4473//4473 4474//4474 4481//4481
f 4475//4475 4476//4476 4483//4483
f 4476//4476 4477//4477 4484//4484
f 4477//4477 4478//4478 4485//4485
f 4478//4478 4479//4479 4486//4486
f 4479//4479 4480//4480 4487//4487
f 4480//4480 4481//4481 4488//4488
f 4482//4482 4483//4483 4490//4490
f 4483//4483 4484//4484 4491//4491
f 4484//4484 4485//4485 4492//4492
f 4485//4485 4486//4486 4493//4493
f 4486//4486 4487//4487 4494//4494
f 4487//4487 4488//4488 4495//4495
f 4489//4489 4490//4490 4497//4497
f 4490//4490 4491//4491 4498//4498
f 4491//4491 4492//4492 4499//4499
f 4492//4492 4493//4493 4500//4500
f 4493//4493 4494//4494 4501//4501
f 4494//4494 4495//4495 4502//4502
f 4496//4496 4497//4497 4504//4504
f 4497//4497 4498//4498 4505//4505
f 4498//4498 4499//4499 4506//4506
f 4499//4499 4500//4500 4507//4507
f 4500//4500 4501//4501 4508//4508
f 4501//4501 4502//4502 4509//4509
f 100//100 1397//1397 4461//4461
f 1397//1397 1396//1396 4462//4462
f 1396//1396 1395//1395 4463//4463
f 1395//1395 1394//1394 4464//4464
f 1394//1394 1393//1393 4465//4465
f 1393//1393 1392//1392 4466//4466
f 1392//1392 1391//1391 4467//4467
f 1391//1391 104//104 1362//1362
f 4467//4467 1362//1362 1361//1361
f 4474//4474 1361//1361 1360//1360
f 4481//4481 1360//1360 1359//1359
f 4488//4488 1359//1359 1358//1358
f 4495//4495 1358//1358 1357//1357
f 4502//4502 1357//1357 1356//1356
f 4509//4509 1356//1356 63//63
f 4508//4508 4509//4509 856//856
f 4507//4507 4508//4508 855//855
f 4506//4506 4507//4507 854//854
f 4505//4505 4506//4506 853//853
f 4504//4504 4505//4505 852//852
f 4503//4503 4504//4504 851//851
f 737//737 4503//4503 850//850
f 736//736 4496//4496 4503//4503
f 735//735 4489//4489 4496//4496
f 734//734 4482//4482 4489//4489
f 733//733 4475//4475 4482//4482
f 732//732 4468//4468 4475//4475
f 731//731 4461//4461 4468//4468
f 4510//4510 4511//4511 4518//4518
f 4511//4511 4512//4512 4519//4519
f 4512//4512 4513//4513 4520//4520
f 4513//4513 4514//4514 4521//4521
f 4514//4514 4515//4515 4522//4522
f 4515//4515 4516//4516 4523//4523
f 4517//4517 4518//4518 4525//4525
f 4518//4518 4519//4519 4526//4526
f 4519//4519 4520//4520 4527//4527
f 4520//4520 4521//4521 4528//4528
f 4521//4521 4522//4522 4529//4529
f 4522//4522 4523//4523 4530//4530
f 4524//4524 4525//4525 4532//4532
f 4525//4525 4526//4526 4533//4533
f 4526//4526 4527//4527 4534//4534
f 4527//4527 4528//4528 4535//4535
f 4528//4528 4529//4529 4536//4536
f 4529//4529 4530//4530 4537//4537
f 4531//4531 4532//4532 4539//4539
f 4532//4532 4533//4533 4540//4540
f 4533//4533 4534//4534 4541//4541
f 4534//4534 4535//4535 4542//4542
f 4535//4535 4536//4536 4543//4543
f 4536//4536 4537//4537 4544//4544
f 4538//4538 4539//4539 4546//4546
f 4539//4539 4540//4540 4547//4547
f 4540//4540 4541//4541 4548//4548
f 4541//4541 4542//4542 4549//4549
f 4542//4542 4543//4543 4550//4550
f 4543//4543 4544//4544 4551//4551
f 4545//4545 4546//4546 4553//4553
f 4546//4546 4547//4547 4554//4554
f 4547//4547 4548//4548 4555//4555
f 4548//4548 4549//4549 4556//4556
f 4549//4549 4550//4550 4557//4557
f 4550//4550 4551//4551 4558//4558
f 50//50 1039//1039 4510//4510
f 1039//1039 1040//1040 4511//4511
f 1040//1040 1041//1041 4512//4512
f 1041//1041 1042//1042 4513//4513
f 1042//1042 1043//1043 4514//4514
f 1043//1043 1044//1044 4515//4515
f 1044//1044 1045//1045 4516//4516
f 1045//1045 76//76 1088//1088
f 4516//4516 1088//1088 1089//1089
f 4523//4523 1089//1089 1090//1090
f 4530//4530 1090//1090 1091//1091
f 4537//4537 1091//1091 1092//1092
f 4544//4544 1092//1092 1093//1093
f 4551//4551 1093//1093 1094//1094
f 4558//4558 1094//1094 72//72
f 4557//4557 4558//4558 801//801
f 4556//4556 4557//4557 802//802
f 4555//4555 4556//4556 803//803
f 4554//4554 4555//4555 804//804
f 4553//4553 4554//4554 805//805
f 4552//4552 4553//4553 806//806
f 675//675 4552//4552 807//807
f 676//676 4545//4545 4552//4552
f 677//677 4538//4538 4545//4545
f 678//678 4531//4531 4538//4538
f 679//679 4524//4524 4531//4531
f 680//680 4517//4517 4524//4524
f 681//681 4510//4510 4517//4517
f 4559//4559 4560//4560 4567//4567
f 4560//4560 4561//4561 4568//4568
f 4561//4561 4562//4562 4569//4569
f 4562//4562 4563//4563 4570//4570
f 4563//4563 4564//4564 4571//4571
f 4564//4564 4565//4565 4572//4572
f 4566//4566 4567//4567 4574//4574
f 4567//4567 4568//4568 4575//4575
f 4568//4568 4569//4569 4576//4576
f 4569//4569 4570//4570 4577//4577
f 4570//4570 4571//4571 4578//4578
f 4571//4571 4572//4572 4579//4579
f 4573//4573 4574//4574 4581//4581
f 4574//4574 4575//4575 4582//4582
f 4575//4575 4576//4576 4583//4583
f 4576//4576 4577//4577 4584//4584
f 4577//4577 4578//4578 4585//4585
f 4578//4578 4579//4579 4586//4586
f 4580//4580 4581//4581 4588//4588
f 4581//4581 4582//4582 4589//4589
f 4582//4582 4583//4583 4590//4590
f 4583//4583 4584//4584 4591//4591
f 4584//4584 4585//4585 4592//4592
f 4585//4585 4586//4586 4593//4593
f 4587//4587 4588//4588 4595//4595
f 4588//4588 4589//4589 4596//4596
f 4589//4589 4590//4590 4597//4597
f 4590//4590 4591//4591 4598//4598
f 4591//4591 4592//4592 4599//4599
f 4592//4592 4593//4593 4600//4600
f 4594//4594 4595//4595 4602//4602
f 4595//4595 4596//4596 4603//4603
f 4596//4596 4597//4597 4604//4604
f 4597//4597 4598//4598 4605//4605
f 4598//4598 4599//4599 4606//4606
f 4599//4599 4600//4600 4607//4607
f 60//60 1018//1018 4559//4559
f 1018//1018 1019//1019 4560//4560
f 1019//1019 1020//1020 4561//4561
f 1020//1020 1021//1021 4562//4562
f 1021//1021 1022//1022 4563//4563
f 1022//1022 1023//1023 4564//4564
f 1023//1023 1024//1024 4565//4565
f 1024//1024 73//73 1095//1095
f 4565//4565 1095//1095 1096//1096
f 4572//4572 1096//1096 1097//1097
f 4579//4579 1097//1097 1098//1098
f 4586//4586 1098//1098 1099//1099
f 4593//4593 1099//1099 1100//1100
f 4600//4600 1100//1100 1101//1101
f 4607//4607 1101//1101 70//70
f 4606//4606 4607//4607 787//787
f 4605//4605 4606//4606 788//788
f 4604//4604 4605//4605 789//789
f 4603//4603 4604//4604 790//790
f 4602//4602 4603//4603 791//791
f 4601//4601 4602//4602 792//792
f 765//765 4601//4601 793//793
f 764//764 4594//4594 4601//4601
f 763//763 4587//4587 4594//4594
f 762//762 4580//4580 4587//4587
f 761//761 4573//4573 4580//4580
f 760//760 4566//4566 4573//4573
f 759//759 4559//4559 4566//4566
f 4608//4608 4609//4609 4616//4616
f 4609//4609 4610//4610 4617//4617
f 4610//4610 4611//4611 4618//4618
f 4611//4611 4612//4612 4619//4619
f 4612//4612 4613//4613 4620//4620
f 4613//4613 4614//4614 4621//4621
f 4615//4615 4616//4616 4623//4623
f 4616//4616 4617//4617 4624//4624
f 4617//4617 4618//4618 4625//4625
f 4618//4618 4619//4619 4626//4626
f 4619//4619 4620//4620 4627//4627
f 4620//4620 4621//4621 4628//4628
f 4622//4622 4623//4623 4630//4630
f 4623//4623 4624//4624 4631//4631
f 4624//4624 4625//4625 4632//4632
f 4625//4625 4626//4626 4633//4633
f 4626//4626 4627//4627 4634//4634
f 4627//4627 4628//4628 4635//4635
f 4629//4629 4630//4630 4637//4637
f 4630//4630 4631//4631 4638//4638
f 4631//4631 4632//4632 4639//4639
f 4632//4632 4633//4633 4640//4640
f 4633//4633 4634//4634 4641//4641
f 4634//4634 4635//4635 4642//4642
f 4636//4636 4637//4637 4644//4644
f 4637//4637 4638//4638 4645//4645
f 4638//4638 4639//4639 4646//4646
f 4639//4639 4640//4640 4647//4647
f 4640//4640 4641//4641 4648//4648
f 4641//4641 4642//4642 4649//4649
f 4643//4643 4644//4644 4651//4651
f 4644//4644 4645//4645 4652//4652
f 4645//4645 4646//4646 4653//4653
f 4646//4646 4647//4647 4654//4654
f 4647//4647 4648//4648 4655//4655
f 4648//4648 4649//4649 4656//4656
f 45//45 807//807 4608//4608
f 807//807 806//806 4609//4609
f 806//806 805//805 4610//4610
f 805//805 804//804 4611//4611
f 804//804 803//803 4612//4612
f 803//803 802//802 4613//4613
f 802//802 801//801 4614//4614
f 801//801 72//72 1102//1102
f 4614//4614 1102//1102 1103//1103
f 4621//4621 1103//1103 1104//1104
f 4628//4628 1104//1104 1105//1105
f 4635//4635 1105//1105 1106//1106
f 4642//4642 1106//1106 1107//1107
f 4649//4649 1107//1107 1108//1108
f 4656//4656 1108//1108 75//75
f 4655//4655 4656//4656 1038//1038
f 4654//4654 4655//4655 1037//1037
f 4653//4653 4654//4654 1036//1036
f 4652//4652 4653//4653 1035//1035
f 4651//4651 4652//4652 1034//1034
f 4650//4650 4651//4651 1033//1033
f 283//283 4650//4650 1032//1032
f 284//284 4643//4643 4650//4650
f 285//285 4636//4636 4643//4643
f 286//286 4629//4629 4636//4636
f 287//287 4622//4622 4629//4629
f 288//288 4615//4615 4622//4622
f 289//289 4608//4608 4615//4615
f 4657//4657 4658//4658 4665//4665
f 4658//4658 4659//4659 4666//4666
f 4659//4659 4660//4660 4667//4667
f 4660//4660 4661//4661 4668//4668
f 4661//4661 4662//4662 4669//4669
f 4662//4662 4663//4663 4670//4670
f 4664//4664 4665//4665 4672//4672
f 4665//4665 4666//4666 4673//4673
f 4666//4666 4667//4667 4674//4674
f 4667//4667 4668//4668 4675//4675
f 4668//4668 4669//4669 4676//4676
f 4669//4669 4670//4670 4677//4677
f 4671//4671 4672//4672 4679//4679
f 4672//4672 4673//4673 4680//4680
f 4673//4673 4674//4674 4681//4681
f 4674//4674 4675//4675 4682//4682
f 4675//4675 4676//4676 4683//4683
f 4676//4676 4677//4677 4684//4684
f 4678//4678 4679//4679 4686//4686
f 4679//4679 4680//4680 4687//4687
f 4680//4680 4681//4681 4688//4688
f 4681//4681 4682//4682 4689//4689
f 4682//4682 4683//4683 4690//4690
f 4683//4683 4684//4684 4691//4691
f 4685//4685 4686//4686 4693//4693
f 4686//4686 4687//4687 4694//4694
f 4687//4687 4688//4688 4695//4695
f 4688//4688 4689//4689 4696//4696
f 4689//4689 4690//4690 4697//4697
f 4690//4690 4691//4691 4698//4698
f 4692//4692 4693//4693 4700//4700
f 4693//4693 4694//4694 4701//4701
f 4694//4694 4695//4695 4702//4702
f 4695//4695 4696//4696 4703//4703
f 4696//4696 4697//4697 4704//4704
f 4697//4697 4698//4698 4705//4705
f 57//57 793//793 4657//4657
f 793//793 792//792 4658//4658
f 792//792 791//791 4659//4659
f 791//791 790//790 4660//4660
f 790//790 789//789 4661//4661
f 789//789 788//788 4662//4662
f 788//788 787//787 4663//4663
f 787//787 70//70 1109//1109
f 4663//4663 1109//1109 1110//1110
f 4670//4670 1110//1110 1111//1111
f 4677//4677 1111//1111 1112//1112
f 4684//4684 1112//1112 1113//1113
f 4691//4691 1113//1113 1114//1114
f 4698//4698 1114//1114 1115//1115
f 4705//4705 1115//1115 68//68
f 4704//4704 4705//4705 773//773
f 4703//4703 4704//4704 774//774
f 4702//4702 4703//4703 775//775
f 4701//4701 4702//4702 776//776
f 4700//4700 4701//4701 777//777
f 4699//4699 4700//4700 778//778
f 695//695 4699//4699 779//779
f 694//694 4692//4692 4699//4699
f 693//693 4685//4685 4692//4692
f 692//692 4678//4678 4685//4685
f 691//691 4671//4671 4678//4678
f 690//690 4664//4664 4671//4671
f 689//689 4657//4657 4664//4664
f 4706//4706 4707//4707 4714//4714
f 4707//4707 4708//4708 4715//4715
f 4708//4708 4709//4709 4716//4716
f 4709//4709 4710//4710 4717//4717
f 4710//4710 4711//4711 4718//4718
f 4711//4711 4712//4712 4719//4719
f 4713//4713 4714//4714 4721//4721
f 4714//4714 4715//4715 4722//4722
f 4715//4715 4716//4716 4723//4723
f 4716//4716 4717//4717 4724//4724
f 4717//4717 4718//4718 4725//4725
f 4718//4718 4719//4719 4726//4726
f 4720//4720 4721//4721 4728//4728
f 4721//4721 4722//4722 4729//4729
f 4722//4722 4723//4723 4730//4730
f 4723//4723 4724//4724 4731//4731
f 4724//4724 4725//4725 4732//4732
f 4725//4725 4726//4726 4733//4733
f 4727//4727 4728//4728 4735//4735
f 4728//4728 4729//4729 4736//4736
f 4729//4729 4730//4730 4737//4737
f 4730//4730 4731//4731 4738//4738
f 4731//4731 4732//4732 4739//4739
f 4732//4732 4733//4733 4740//4740
f 4734//4734 4735//4735 4742//4742
f 4735//4735 4736//4736 4743//4743
f 4736//4736 4737//4737 4744//4744
f 4737//4737 4738//4738 4745//4745
f 4738//4738 4739//4739 4746//4746
f 4739//4739 4740//4740 4747//4747
f 4741//4741 4742//4742 4749//4749
f 4742//4742 4743//4743 4750//4750
f 4743//4743 4744//4744 4751//4751
f 4744//4744 4745//4745 4752//4752
f 4745//4745 4746//4746 4753//4753
f 4746//4746 4747//4747 4754//4754
f 55//55 779//779 4706//4706
f 779//779 778//778 4707//4707
f 778//778 777//777 4708//4708
f 777//777 776//776 4709//4709
f 776//776 775//775 4710//4710
f 775//775 774//774 4711//4711
f 774//774 773//773 4712//4712
f 773//773 68//68 1116//1116
f 4712//4712 1116//1116 1117//1117
f 4719//4719 1117//1117 1118//1118
f 4726//4726 1118//1118 1119//1119
f 4733//4733 1119//1119 1120//1120
f 4740//4740 1120//1120 1121//1121
f 4747//4747 1121//1121 1122//1122
f 4754//4754 1122//1122 69//69
f 4753//4753 4754//4754 996//996
f 4752//4752 4753//4753 995//995
f 4751//4751 4752//4752 994//994
f 4750//4750 4751//4751 993//993
f 4749//4749 4750//4750 992//992
f 4748//4748 4749//4749 991//991
f 933//933 4748//4748 990//990
f 932//932 4741//4741 4748//4748
f 931//931 4734//4734 4741//4741
f 930//930 4727//4727 4734//4734
f 929//929 4720//4720 4727//4727
f 928//928 4713//4713 4720//4720
f 927//927 4706//4706 4713//4713
f 4755//4755 4756//4756 4763//4763
f 4756//4756 4757//4757 4764//4764
f 4757//4757 4758//4758 4765//4765
f 4758//4758 4759//4759 4766//4766
f 4759//4759 4760//4760 4767//4767
f 4760//4760 4761//4761 4768//4768
f 4762//4762 4763//4763 4770//4770
f 4763//4763 4764//4764 4771//4771
f 4764//4764 4765//4765 4772//4772
f 4765//4765 4766//4766 4773//4773
f 4766//4766 4767//4767 4774//4774
f 4767//4767 4768//4768 4775//4775
f 4769//4769 4770//4770 4777//4777
f 4770//4770 4771//4771 4778//4778
f 4771//4771 4772//4772 4779//4779
f 4772//4772 4773//4773 4780//4780
f 4773//4773 4774//4774 4781//4781
f 4774//4774 4775//4775 4782//4782
f 4776//4776 4777//4777 4784//4784
f 4777//4777 4778//4778 4785//4785
f 4778//4778 4779//4779 4786//4786
f 4779//4779 4780//4780 4787//4787
f 4780//4780 4781//4781 4788//4788
f 4781//4781 4782//4782 4789//4789
f 4783//4783 4784//4784 4791//4791
f 4784//4784 4785//4785 4792//4792
f 4785//4785 4786//4786 4793//4793
f 4786//4786 4787//4787 4794//4794
f 4787//4787 4788//4788 4795//4795
f 4788//4788 4789//4789 4796//4796
f 4790//4790 4791//4791 4798//4798
f 4791//4791 4792//4792 4799//4799
f 4792//4792 4793//4793 4800//4800
f 4793//4793 4794//4794 4801//4801
f 4794//4794 4795//4795 4802//4802
f 4795//4795 4796//4796 4803//4803
f 44//44 1004//1004 4755//4755
f 1004//1004 1005//1005 4756//4756
f 1005//1005 1006//1006 4757//4757
f 1006//1006 1007//1007 4758//4758
f 1007//1007 1008//1008 4759//4759
f 1008//1008 1009//1009 4760//4760
f 1009//1009 1010//1010 4761//4761
f 1010//1010 71//71 1123//1123
f 4761//4761 1123//1123 1124//1124
f 4768//4768 1124//1124 1125//1125
f 4775//4775 1125//1125 1126//1126
f 4782//4782 1126//1126 1127//1127
f 4789//4789 1127//1127 1128//1128
f 4796//4796 1128//1128 1129//1129
f 4803//4803 1129//1129 74//74
f 4802//4802 4803//4803 815//815
f 4801//4801 4802//4802 816//816
f 4800//4800 4801//4801 817//817
f 4799//4799 4800//4800 818//818
f 4798//4798 4799//4799 819//819
f 4797//4797 4798//4798 820//820
f 605//605 4797//4797 821//821
f 606//606 4790//4790 4797//4797
f 607//607 4783//4783 4790//4790
f 608//608 4776//4776 4783//4783
f 609//609 4769//4769 4776//4776
f 610//610 4762//4762 4769//4769
f 611//611 4755//4755 4762//4762
f 4804//4804 4805//4805 4812//4812
f 4805//4805 4806//4806 4813//4813
f 4806//4806 4807//4807 4814//4814
f 4807//4807 4808//4808 4815//4815
f 4808//4808 4809//4809 4816//4816
f 4809//4809 4810//4810 4817//4817
f 4811//4811 4812//4812 4819//4819
f 4812//4812 4813//4813 4820//4820
f 4813//4813 4814//4814 4821//4821
f 4814//4814 4815//4815 4822//4822
f 4815//4815 4816//4816 4823//4823
f 4816//4816 4817//4817 4824//4824
f 4818//4818 4819//4819 4826//4826
f 4819//4819 4820//4820 4827//4827
f 4820//4820 4821//4821 4828//4828
f 4821//4821 4822//4822 4829//4829
f 4822//4822 4823//4823 4830//4830
f 4823//4823 4824//4824 4831//4831
f 4825//4825 4826//4826 4833//4833
f 4826//4826 4827//4827 4834//4834
f 4827//4827 4828//4828 4835//4835
f 4828//4828 4829//4829 4836//4836
f 4829//4829 4830//4830 4837//4837
f 4830//4830 4831//4831 4838//4838
f 4832//4832 4833//4833 4840//4840
f 4833//4833 4834//4834 4841//4841
f 4834//4834 4835//4835 4842//4842
f 4835//4835 4836//4836 4843//4843
f 4836//4836 4837//4837 4844//4844
f 4837//4837 4838//4838 4845//4845
f 4839//4839 4840//4840 4847//4847
f 4840//4840 4841//4841 4848//4848
f 4841//4841 4842//4842 4849//4849
f 4842//4842 4843//4843 4850//4850
f 4843//4843 4844//4844 4851//4851
f 4844//4844 4845//4845 4852//4852
f 34//34 891//891 4804//4804
f 891//891 890//890 4805//4805
f 890//890 889//889 4806//4806
f 889//889 888//888 4807//4807
f 888//888 887//887 4808//4808
f 887//887 886//886 4809//4809
f 886//886 885//885 4810//4810
f 885//885 78//78 1130//1130
f 4810//4810 1130//1130 1131//1131
f 4817//4817 1131//1131 1132//1132
f 4824//4824 1132//1132 1133//1133
f 4831//4831 1133//1133 1134//1134
f 4838//4838 1134//1134 1135//1135
f 4845//4845 1135//1135 1136//1136
f 4852//4852 1136//1136 82//82
f 4851//4851 4852//4852 920//920
f 4850//4850 4851//4851 921//921
f 4849//4849 4850//4850 922//922
f 4848//4848 4849//4849 923//923
f 4847//4847 4848//4848 924//924
f 4846//4846 4847//4847 925//925
f 674//674 4846//4846 926//926
f 673//673 4839//4839 4846//4846
f 672//672 4832//4832 4839//4839
f 671//671 4825//4825 4832//4832
f 670//670 4818//4818 4825//4825
f 669//669 4811//4811 4818//4818
f 668//668 4804//4804 4811//4811
f 4853//4853 4854//4854 4861//4861
f 4854//4854 4855//4855 4862//4862
f 4855//4855 4856//4856 4863//4863
f 4856//4856 4857//4857 4864//4864
f 4857//4857 4858//4858 4865//4865
f 4858//4858 4859//4859 4866//4866
f 4860//4860 4861//4861 4868//4868
f 4861//4861 4862//4862 4869//4869
f 4862//4862 4863//4863 4870//4870
f 4863//4863 4864//4864 4871//4871
f 4864//4864 4865//4865 4872//4872
f 4865//4865 4866//4866 4873//4873
f 4867//4867 4868//4868 4875//4875
f 4868//4868 4869//4869 4876//4876
f 4869//4869 4870//4870 4877//4877
f 4870//4870 4871//4871 4878//4878
f 4871//4871 4872//4872 4879//4879
f 4872//4872 4873//4873 4880//4880
f 4874//4874 4875//4875 4882//4882
f 4875//4875 4876//4876 4883//4883
f 4876//4876 4877//4877 4884//4884
f 4877//4877 4878//4878 4885//4885
f 4878//4878 4879//4879 4886//4886
f 4879//4879 4880//4880 4887//4887
f 4881//4881 4882//4882 4889//4889
f 4882//4882 4883//4883 4890//4890
f 4883//4883 4884//4884 4891//4891
f 4884//4884 4885//4885 4892//4892
f 4885//4885 4886//4886 4893//4893
f 4886//4886 4887//4887 4894//4894
f 4888//4888 4889//4889 4896//4896
f 4889//4889 4890//4890 4897//4897
f 4890//4890 4891//4891 4898//4898
f 4891//4891 4892//4892 4899//4899
f 4892//4892 4893//4893 4900//4900
f 4893//4893 4894//4894 4901//4901
f 37//37 905//905 4853//4853
f 905//905 904//904 4854//4854
f 904//904 903//903 4855//4855
f 903//903 902//902 4856//4856
f 902//902 901//901 4857//4857
f 901//901 900//900 4858//4858
f 900//900 899//899 4859//4859
f 899//899 79//79 1137//1137
f 4859//4859 1137//1137 1138//1138
f 4866//4866 1138//1138 1139//1139
f 4873//4873 1139//1139 1140//1140
f 4880//4880 1140//1140 1141//1141
f 4887//4887 1141//1141 1142//1142
f 4894//4894 1142//1142 1143//1143
f 4901//4901 1143//1143 81//81
f 4900//4900 4901//4901 913//913
f 4899//4899 4900//4900 914//914
f 4898//4898 4899//4899 915//915
f 4897//4897 4898//4898 916//916
f 4896//4896 4897//4897 917//917
f 4895//4895 4896//4896 918//918
f 660//660 4895//4895 919//919
f 659//659 4888//4888 4895//4895
f 658//658 4881//4881 4888//4888
f 657//657 4874//4874 4881//4881
f 656//656 4867//4867 4874//4874
f 655//655 4860//4860 4867//4867
f 654//654 4853//4853 4860//4860
f 4902//4902 4903//4903 4910//4910
f 4903//4903 4904//4904 4911//4911
f 4904//4904 4905//4905 4912//4912
f 4905//4905 4906//4906 4913//4913
f 4906//4906 4907//4907 4914//4914
f 4907//4907 4908//4908 4915//4915
f 4909//4909 4910//4910 4917//4917
f 4910//4910 4911//4911 4918//4918
f 4911//4911 4912//4912 4919//4919
f 4912//4912 4913//4913 4920//4920
f 4913//4913 4914//4914 4921//4921
f 4914//4914 4915//4915 4922//4922
f 4916//4916 4917//4917 4924//4924
f 4917//4917 4918//4918 4925//4925
f 4918//4918 4919//4919 4926//4926
f 4919//4919 4920//4920 4927//4927
f 4920//4920 4921//4921 4928//4928
f 4921//4921 4922//4922 4929//4929
f 4923//4923 4924//4924 4931//4931
f 4924//4924 4925//4925 4932//4932
f 4925//4925 4926//4926 4933//4933
f 4926//4926 4927//4927 4934//4934
f 4927//4927 4928//4928 4935//4935
f 4928//4928 4929//4929 4936//4936
f 4930//4930 4931//4931 4938//4938
f 4931//4931 4932//4932 4939//4939
f 4932//4932 4933//4933 4940//4940
f 4933//4933 4934//4934 4941//4941
f 4934//4934 4935//4935 4942//4942
f 4935//4935 4936//4936 4943//4943
f 4937//4937 4938//4938 4945//4945
f 4938//4938 4939//4939 4946//4946
f 4939//4939 4940//4940 4947//4947
f 4940//4940 4941//4941 4948//4948
f 4941//4941 4942//4942 4949//4949
f 4942//4942 4943//4943 4950//4950
f 49//49 926//926 4902//4902
f 926//926 925//925 4903//4903
f 925//925 924//924 4904//4904
f 924//924 923//923 4905//4905
f 923//923 922//922 4906//4906
f 922//922 921//921 4907//4907
f 921//921 920//920 4908//4908
f 920//920 82//82 1144//1144
f 4908//4908 1144//1144 1145//1145
f 4915//4915 1145//1145 1146//1146
f 4922//4922 1146//1146 1147//1147
f 4929//4929 1147//1147 1148//1148
f 4936//4936 1148//1148 1149//1149
f 4943//4943 1149//1149 1150//1150
f 4950//4950 1150//1150 80//80
f 4949//4949 4950//4950 906//906
f 4948//4948 4949//4949 907//907
f 4947//4947 4948//4948 908//908
f 4946//4946 4947//4947 909//909
f 4945//4945 4946//4946 910//910
f 4944//4944 4945//4945 911//911
f 296//296 4944//4944 912//912
f 295//295 4937//4937 4944//4944
f 294//294 4930//4930 4937//4937
f 293//293 4923//4923 4930//4930
f 292//292 4916//4916 4923//4923
f 291//291 4909//4909 4916//4916
f 290//290 4902//4902 4909//4909
f 4951//4951 4952//4952 4959//4959
f 4952//4952 4953//4953 4960//4960
f 4953//4953 4954//4954 4961//4961
f 4954//4954 4955//4955 4962//4962
f 4955//4955 4956//4956 4963//4963
f 4956//4956 4957//4957 4964//4964
f 4958//4958 4959//4959 4966//4966
f 4959//4959 4960//4960 4967//4967
f 4960//4960 4961//4961 4968//4968
f 4961//4961 4962//4962 4969//4969
f 4962//4962 4963//4963 4970//4970
f 4963//4963 4964//4964 4971//4971
f 4965//4965 4966//4966 4973//4973
f 4966//4966 4967//4967 4974//4974
f 4967//4967 4968//4968 4975//4975
f 4968//4968 4969//4969 4976//4976
f 4969//4969 4970//4970 4977//4977
f 4970//4970 4971//4971 4978//4978
f 4972//4972 4973//4973 4980//4980
f 4973//4973 4974//4974 4981//4981
f 4974//4974 4975//4975 4982//4982
f 4975//4975 4976//4976 4983//4983
f 4976//4976 4977//4977 4984//4984
f 4977//4977 4978//4978 4985//4985
f 4979//4979 4980//4980 4987//4987
f 4980//4980 4981//4981 4988//4988
f 4981//4981 4982//4982 4989//4989
f 4982//4982 4983//4983 4990//4990
f 4983//4983 4984//4984 4991//4991
f 4984//4984 4985//4985 4992//4992
f 4986//4986 4987//4987 4994//4994
f 4987//4987 4988//4988 4995//4995
f 4988//4988 4989//4989 4996//4996
f 4989//4989 4990//4990 4997//4997
f 4990//4990 4991//4991 4998//4998
f 4991//4991 4992//4992 4999//4999
f 47//47 1032//1032 4951//4951
f 1032//1032 1033//1033 4952//4952
f 1033//1033 1034//1034 4953//4953
f 1034//1034 1035//1035 4954//4954
f 1035//1035 1036//1036 4955//4955
f 1036//1036 1037//1037 4956//4956
f 1037//1037 1038//1038 4957//4957
f 1038//1038 75//75 1151//1151
f 4957//4957 1151//1151 1152//1152
f 4964//4964 1152//1152 1153//1153
f 4971//4971 1153//1153 1154//1154
f 4978//4978 1154//1154 1155//1155
f 4985//4985 1155//1155 1156//1156
f 4992//4992 1156//1156 1157//1157
f 4999//4999 1157//1157 71//71
f 4998//4998 4999//4999 1010//1010
f 4997//4997 4998//4998 1009//1009
f 4996//4996 4997//4997 1008//1008
f 4995//4995 4996//4996 1007//1007
f 4994//4994 4995//4995 1006//1006
f 4993//4993 4994//4994 1005//1005
f 647//647 4993//4993 1004//1004
f 648//648 4986//4986 4993//4993
f 649//649 4979//4979 4986//4986
f 650//650 4972//4972 4979//4979
f 651//651 4965//4965 4972//4972
f 652//652 4958//4958 4965//4965
f 653//653 4951//4951 4958//4958
f 5000//5000 5001//5001 5008//5008
f 5001//5001 5002//5002 5009//5009
f 5002//5002 5003//5003 5010//5010
f 5003//5003 5004//5004 5011//5011
f 5004//5004 5005//5005 5012//5012
f 5005//5005 5006//5006 5013//5013
f 5007//5007 5008//5008 5015//5015
f 5008//5008 5009//5009 5016//5016
f 5009//5009 5010//5010 5017//5017
f 5010//5010 5011//5011 5018//5018
f 5011//5011 5012//5012 5019//5019
f 5012//5012 5013//5013 5020//5020
f 5014//5014 5015//5015 5022//5022
f 5015//5015 5016//5016 5023//5023
f 5016//5016 5017//5017 5024//5024
f 5017//5017 5018//5018 5025//5025
f 5018//5018 5019//5019 5026//5026
f 5019//5019 5020//5020 5027//5027
f 5021//5021 5022//5022 5029//5029
f 5022//5022 5023//5023 5030//5030
f 5023//5023 5024//5024 5031//5031
f 5024//5024 5025//5025 5032//5032
f 5025//5025 5026//5026 5033//5033
f 5026//5026 5027//5027 5034//5034
f 5028//5028 5029//5029 5036//5036
f 5029//5029 5030//5030 5037//5037
f 5030//5030 5031//5031 5038//5038
f 5031//5031 5032//5032 5039//5039
f 5032//5032 5033//5033 5040//5040
f 5033//5033 5034//5034 5041//5041
f 5035//5035 5036//5036 5043//5043
f 5036//5036 5037//5037 5044//5044
f 5037//5037 5038//5038 5045//5045
f 5038//5038 5039//5039 5046//5046
f 5039//5039 5040//5040 5047//5047
f 5040//5040 5041//5041 5048//5048
f 46//46 814//814 5000//5000
f 814//814 813//813 5001//5001
f 813//813 812//812 5002//5002
f 812//812 811//811 5003//5003
f 811//811 810//810 5004//5004
f 810//810 809//809 5005//5005
f 809//809 808//808 5006//5006
f 808//808 73//73 1158//1158
f 5006//5006 1158//1158 1159//1159
f 5013//5013 1159//1159 1160//1160
f 5020//5020 1160//1160 1161//1161
f 5027//5027 1161//1161 1162//1162
f 5034//5034 1162//1162 1163//1163
f 5041//5041 1163//1163 1164//1164
f 5048//5048 1164//1164 76//76
f 5047//5047 5048//5048 1045//1045
f 5046//5046 5047//5047 1044//1044
f 5045//5045 5046//5046 1043//1043
f 5044//5044 5045//5045 1042//1042
f 5043//5043 5044//5044 1041//1041
f 5042//5042 5043//5043 1040//1040
f 500//500 5042//5042 1039//1039
f 501//501 5035//5035 5042//5042
f 502//502 5028//5028 5035//5035
f 503//503 5021//5021 5028//5028
f 504//504 5014//5014 5021//5021
f 505//505 5007//5007 5014//5014
f 506//506 5000//5000 5007//5007
f 5049//5049 5050//5050 5057//5057
f 5050//5050 5051//5051 5058//5058
f 5051//5051 5052//5052 5059//5059
f 5052//5052 5053//5053 5060//5060
f 5053//5053 5054//5054 5061//5061
f 5054//5054 5055//5055 5062//5062
f 5056//5056 5057//5057 5064//5064
f 5057//5057 5058//5058 5065//5065
f 5058//5058 5059//5059 5066//5066
f 5059//5059 5060//5060 5067//5067
f 5060//5060 5061//5061 5068//5068
f 5061//5061 5062//5062 5069//5069
f 5063//5063 5064//5064 5071//5071
f 5064//5064 5065//5065 5072//5072
f 5065//5065 5066//5066 5073//5073
f 5066//5066 5067//5067 5074//5074
f 5067//5067 5068//5068 5075//5075
f 5068//5068 5069//5069 5076//5076
f 5070//5070 5071//5071 5078//5078
f 5071//5071 5072//5072 5079//5079
f 5072//5072 5073//5073 5080//5080
f 5073//5073 5074//5074 5081//5081
f 5074//5074 5075//5075 5082//5082
f 5075//5075 5076//5076 5083//5083
f 5077//5077 5078//5078 5085//5085
f 5078//5078 5079//5079 5086//5086
f 5079//5079 5080//5080 5087//5087
f 5080//5080 5081//5081 5088//5088
f 5081//5081 5082//5082 5089//5089
f 5082//5082 5083//5083 5090//5090
f 5084//5084 5085//5085 5092//5092
f 5085//5085 5086//5086 5093//5093
f 5086//5086 5087//5087 5094//5094
f 5087//5087 5088//5088 5095//5095
f 5088//5088 5089//5089 5096//5096
f 5089//5089 5090//5090 5097//5097
f 23//23 1046//1046 5049//5049
f 1046//1046 1047//1047 5050//5050
f 1047//1047 1048//1048 5051//5051
f 1048//1048 1049//1049 5052//5052
f 1049//1049 1050//1050 5053//5053
f 1050//1050 1051//1051 5054//5054
f 1051//1051 1052//1052 5055//5055
f 1052//1052 77//77 1165//1165
f 5055//5055 1165//1165 1166//1166
f 5062//5062 1166//1166 1167//1167
f 5069//5069 1167//1167 1168//1168
f 5076//5076 1168//1168 1169//1169
f 5083//5083 1169//1169 1170//1170
f 5090//5090 1170//1170 1171//1171
f 5097//5097 1171//1171 79//79
f 5096//5096 5097//5097 899//899
f 5095//5095 5096//5096 900//900
f 5094//5094 5095//5095 901//901
f 5093//5093 5094//5094 902//902
f 5092//5092 5093//5093 903//903
f 5091//5091 5092//5092 904//904
f 618//618 5091//5091 905//905
f 617//617 5084//5084 5091//5091
f 616//616 5077//5077 5084//5084
f 615//615 5070//5070 5077//5077
f 614//614 5063//5063 5070//5070
f 613//613 5056//5056 5063//5063
f 612//612 5049//5049 5056//5056
f 5098//5098 5099//5099 5106//5106
f 5099//5099 5100//5100 5107//5107
f 5100//5100 5101//5101 5108//5108
f 5101//5101 5102//5102 5109//5109
f 5102//5102 5103//5103 5110//5110
f 5103//5103 5104//5104 5111//5111
f 5105//5105 5106//5106 5113//5113
f 5106//5106 5107//5107 5114//5114
f 5107//5107 5108//5108 5115//5115
f 5108//5108 5109//5109 5116//5116
f 5109//5109 5110//5110 5117//5117
f 5110//5110 5111//5111 5118//5118
f 5112//5112 5113//5113 5120//5120
f 5113//5113 5114//5114 5121//5121
f 5114//5114 5115//5115 5122//5122
f 5115//5115 5116//5116 5123//5123
f 5116//5116 5117//5117 5124//5124
f 5117//5117 5118//5118 5125//5125
f 5119//5119 5120//5120 5127//5127
f 5120//5120 5121//5121 5128//5128
f 5121//5121 5122//5122 5129//5129
f 5122//5122 5123//5123 5130//5130
f 5123//5123 5124//5124 5131//5131
f 5124//5124 5125//5125 5132//5132
f 5126//5126 5127//5127 5134//5134
f 5127//5127 5128//5128 5135//5135
f 5128//5128 5129//5129 5136//5136
f 5129//5129 5130//5130 5137//5137
f 5130//5130 5131//5131 5138//5138
f 5131//5131 5132//5132 5139//5139
f 5133//5133 5134//5134 5141//5141
f 5134//5134 5135//5135 5142//5142
f 5135//5135 5136//5136 5143//5143
f 5136//5136 5137//5137 5144//5144
f 5137//5137 5138//5138 5145//5145
f 5138//5138 5139//5139 5146//5146
f 99//99 724//724 5098//5098
f 724//724 725//725 5099//5099
f 725//725 726//726 5100//5100
f 726//726 727//727 5101//5101
f 727//727 728//728 5102//5102
f 728//728 729//729 5103//5103
f 729//729 730//730 5104//5104
f 730//730 51//51 884//884
f 5104//5104 884//884 883//883
f 5111//5111 883//883 882//882
f 5118//5118 882//882 881//881
f 5125//5125 881//881 880//880
f 5132//5132 880//880 879//879
f 5139//5139 879//879 878//878
f 5146//5146 878//878 77//77
f 5145//5145 5146//5146 1377//1377
f 5144//5144 5145//5145 1378//1378
f 5143//5143 5144//5144 1379//1379
f 5142//5142 5143//5143 1380//1380
f 5141//5141 5142//5142 1381//1381
f 5140//5140 5141//5141 1382//1382
f 1390//1390 5140//5140 1383//1383
f 1389//1389 5133//5133 5140//5140
f 1388//1388 5126//5126 5133//5133
f 1387//1387 5119//5119 5126//5126
f 1386//1386 5112//5112 5119//5119
f 1385//1385 5105//5105 5112//5112
f 1384//1384 5098//5098 5105//5105
f 5147//5147 5148//5148 5155//5155
f 5148//5148 5149//5149 5156//5156
f 5149//5149 5150//5150 5157//5157
f 5150//5150 5151//5151 5158//5158
f 5151//5151 5152//5152 5159//5159
f 5152//5152 5153//5153 5160//5160
f 5154//5154 5155//5155 5162//5162
f 5155//5155 5156//5156 5163//5163
f 5156//5156 5157//5157 5164//5164
f 5157//5157 5158//5158 5165//5165
f 5158//5158 5159//5159 5166//5166
f 5159//5159 5160//5160 5167//5167
f 5161//5161 5162//5162 5169//5169
f 5162//5162 5163//5163 5170//5170
f 5163//5163 5164//5164 5171//5171
f 5164//5164 5165//5165 5172//5172
f 5165//5165 5166//5166 5173//5173
f 5166//5166 5167//5167 5174//5174
f 5168//5168 5169//5169 5176//5176
f 5169//5169 5170//5170 5177//5177
f 5170//5170 5171//5171 5178//5178
f 5171//5171 5172//5172 5179//5179
f 5172//5172 5173//5173 5180//5180
f 5173//5173 5174//5174 5181//5181
f 5175//5175 5176//5176 5183//5183
f 5176//5176 5177//5177 5184//5184
f 5177//5177 5178//5178 5185//5185
f 5178//5178 5179//5179 5186//5186
f 5179//5179 5180//5180 5187//5187
f 5180//5180 5181//5181 5188//5188
f 5182//5182 5183//5183 5190//5190
f 5183//5183 5184//5184 5191//5191
f 5184//5184 5185//5185 5192//5192
f 5185//5185 5186//5186 5193//5193
f 5186//5186 5187//5187 5194//5194
f 5187//5187 5188//5188 5195//5195
f 38//38 912//912 5147//5147
f 912//912 911//911 5148//5148
f 911//911 910//910 5149//5149
f 910//910 909//909 5150//5150
f 909//909 908//908 5151//5151
f 908//908 907//907 5152//5152
f 907//907 906//906 5153//5153
f 906//906 80//80 1179//1179
f 5153//5153 1179//1179 1180//1180
f 5160//5160 1180//1180 1181//1181
f 5167//5167 1181//1181 1182//1182
f 5174//5174 1182//1182 1183//1183
f 5181//5181 1183//1183 1184//1184
f 5188//5188 1184//1184 1185//1185
f 5195//5195 1185//1185 67//67
f 5194//5194 5195//5195 598//598
f 5193//5193 5194//5194 599//599
f 5192//5192 5193//5193 600//600
f 5191//5191 5192//5192 601//601
f 5190//5190 5191//5191 602//602
f 5189//5189 5190//5190 603//603
f 639//639 5189//5189 604//604
f 638//638 5182//5182 5189//5189
f 637//637 5175//5175 5182//5182
f 636//636 5168//5168 5175//5175
f 635//635 5161//5161 5168//5168
f 634//634 5154//5154 5161//5161
f 633//633 5147//5147 5154//5154
f 5196//5196 5197//5197 5204//5204
f 5197//5197 5198//5198 5205//5205
f 5198//5198 5199//5199 5206//5206
f 5199//5199 5200//5200 5207//5207
f 5200//5200 5201//5201 5208//5208
f 5201//5201 5202//5202 5209//5209
f 5203//5203 5204//5204 5211//5211
f 5204//5204 5205//5205 5212//5212
f 5205//5205 5206//5206 5213//5213
f 5206//5206 5207//5207 5214//5214
f 5207//5207 5208//5208 5215//5215
f 5208//5208 5209//5209 5216//5216
f 5210//5210 5211//5211 5218//5218
f 5211//5211 5212//5212 5219//5219
f 5212//5212 5213//5213 5220//5220
f 5213//5213 5214//5214 5221//5221
f 5214//5214 5215//5215 5222//5222
f 5215//5215 5216//5216 5223//5223
f 5217//5217 5218//5218 5225//5225
f 5218//5218 5219//5219 5226//5226
f 5219//5219 5220//5220 5227//5227
f 5220//5220 5221//5221 5228//5228
f 5221//5221 5222//5222 5229//5229
f 5222//5222 5223//5223 5230//5230
f 5224//5224 5225//5225 5232//5232
f 5225//5225 5226//5226 5233//5233
f 5226//5226 5227//5227 5234//5234
f 5227//5227 5228//5228 5235//5235
f 5228//5228 5229//5229 5236//5236
f 5229//5229 5230//5230 5237//5237
f 5231//5231 5232//5232 5239//5239
f 5232//5232 5233//5233 5240//5240
f 5233//5233 5234//5234 5241//5241
f 5234//5234 5235//5235 5242//5242
f 5235//5235 5236//5236 5243//5243
f 5236//5236 5237//5237 5244//5244
f 35//35 604//604 5196//5196
f 604//604 603//603 5197//5197
f 603//603 602//602 5198//5198
f 602//602 601//601 5199//5199
f 601//601 600//600 5200//5200
f 600//600 599//599 5201//5201
f 599//599 598//598 5202//5202
f 598//598 67//67 1186//1186
f 5202//5202 1186//1186 1187//1187
f 5209//5209 1187//1187 1188//1188
f 5216//5216 1188//1188 1189//1189
f 5223//5223 1189//1189 1190//1190
f 5230//5230 1190//1190 1191//1191
f 5237//5237 1191//1191 1192//1192
f 5244//5244 1192//1192 66//66
f 5243//5243 5244//5244 381//381
f 5242//5242 5243//5243 382//382
f 5241//5241 5242//5242 383//383
f 5240//5240 5241//5241 384//384
f 5239//5239 5240//5240 385//385
f 5238//5238 5239//5239 386//386
f 373//373 5238//5238 387//387
f 372//372 5231//5231 5238//5238
f 371//371 5224//5224 5231//5231
f 370//370 5217//5217 5224//5224
f 369//369 5210//5210 5217//5217
f 368//368 5203//5203 5210//5210
f 367//367 5196//5196 5203//5203
f 5245//5245 5246//5246 5253//5253
f 5246//5246 5247//5247 5254//5254
f 5247//5247 5248//5248 5255//5255
f 5248//5248 5249//5249 5256//5256
f 5249//5249 5250//5250 5257//5257
f 5250//5250 5251//5251 5258//5258
f 5252//5252 5253//5253 5260//5260
f 5253//5253 5254//5254 5261//5261
f 5254//5254 5255//5255 5262//5262
f 5255//5255 5256//5256 5263//5263
f 5256//5256 5257//5257 5264//5264
f 5257//5257 5258//5258 5265//5265
f 5259//5259 5260//5260 5267//5267
f 5260//5260 5261//5261 5268//5268
f 5261//5261 5262//5262 5269//5269
f 5262//5262 5263//5263 5270//5270
f 5263//5263 5264//5264 5271//5271
f 5264//5264 5265//5265 5272//5272
f 5266//5266 5267//5267 5274//5274
f 5267//5267 5268//5268 5275//5275
f 5268//5268 5269//5269 5276//5276
f 5269//5269 5270//5270 5277//5277
f 5270//5270 5271//5271 5278//5278
f 5271//5271 5272//5272 5279//5279
f 5273//5273 5274//5274 5281//5281
f 5274//5274 5275//5275 5282//5282
f 5275//5275 5276//5276 5283//5283
f 5276//5276 5277//5277 5284//5284
f 5277//5277 5278//5278 5285//5285
f 5278//5278 5279//5279 5286//5286
f 5280//5280 5281//5281 5288//5288
f 5281//5281 5282//5282 5289//5289
f 5282//5282 5283//5283 5290//5290
f 5283//5283 5284//5284 5291//5291
f 5284//5284 5285//5285 5292//5292
f 5285//5285 5286//5286 5293//5293
f 24//24 387//387 5245//5245
f 387//387 386//386 5246//5246
f 386//386 385//385 5247//5247
f 385//385 384//384 5248//5248
f 384//384 383//383 5249//5249
f 383//383 382//382 5250//5250
f 382//382 381//381 5251//5251
f 381//381 66//66 1193//1193
f 5251//5251 1193//1193 1194//1194
f 5258//5258 1194//1194 1195//1195
f 5265//5265 1195//1195 1196//1196
f 5272//5272 1196//1196 1197//1197
f 5279//5279 1197//1197 1198//1198
f 5286//5286 1198//1198 1199//1199
f 5293//5293 1199//1199 65//65
f 5292//5292 5293//5293 961//961
f 5291//5291 5292//5292 960//960
f 5290//5290 5291//5291 959//959
f 5289//5289 5290//5290 958//958
f 5288//5288 5289//5289 957//957
f 5287//5287 5288//5288 956//956
f 366//366 5287//5287 955//955
f 365//365 5280//5280 5287//5287
f 364//364 5273//5273 5280//5280
f 363//363 5266//5266 5273//5273
f 362//362 5259//5259 5266//5266
f 361//361 5252//5252 5259//5259
f 360//360 5245//5245 5252//5252
f 5294//5294 5295//5295 5302//5302
f 5295//5295 5296//5296 5303//5303
f 5296//5296 5297//5297 5304//5304
f 5297//5297 5298//5298 5305//5305
f 5298//5298 5299//5299 5306//5306
f 5299//5299 5300//5300 5307//5307
f 5301//5301 5302//5302 5309//5309
f 5302//5302 5303//5303 5310//5310
f 5303//5303 5304//5304 5311//5311
f 5304//5304 5305//5305 5312//5312
f 5305//5305 5306//5306 5313//5313
f 5306//5306 5307//5307 5314//5314
f 5308//5308 5309//5309 5316//5316
f 5309//5309 5310//5310 5317//5317
f 5310//5310 5311//5311 5318//5318
f 5311//5311 5312//5312 5319//5319
f 5312//5312 5313//5313 5320//5320
f 5313//5313 5314//5314 5321//5321
f 5315//5315 5316//5316 5323//5323
f 5316//5316 5317//5317 5324//5324
f 5317//5317 5318//5318 5325//5325
f 5318//5318 5319//5319 5326//5326
f 5319//5319 5320//5320 5327//5327
f 5320//5320 5321//5321 5328//5328
f 5322//5322 5323//5323 5330//5330
f 5323//5323 5324//5324 5331//5331
f 5324//5324 5325//5325 5332//5332
f 5325//5325 5326//5326 5333//5333
f 5326//5326 5327//5327 5334//5334
f 5327//5327 5328//5328 5335//5335
f 5329//5329 5330//5330 5337//5337
f 5330//5330 5331//5331 5338//5338
f 5331//5331 5332//5332 5339//5339
f 5332//5332 5333//5333 5340//5340
f 5333//5333 5334//5334 5341//5341
f 5334//5334 5335//5335 5342//5342
f 48//48 919//919 5294//5294
f 919//919 918//918 5295//5295
f 918//918 917//917 5296//5296
f 917//917 916//916 5297//5297
f 916//916 915//915 5298//5298
f 915//915 914//914 5299//5299
f 914//914 913//913 5300//5300
f 913//913 81//81 1200//1200
f 5300//5300 1200//1200 1201//1201
f 5307//5307 1201//1201 1202//1202
f 5314//5314 1202//1202 1203//1203
f 5321//5321 1203//1203 1204//1204
f 5328//5328 1204//1204 1205//1205
f 5335//5335 1205//1205 1206//1206
f 5342//5342 1206//1206 78//78
f 5341//5341 5342//5342 885//885
f 5340//5340 5341//5341 886//886
f 5339//5339 5340//5340 887//887
f 5338//5338 5339//5339 888//888
f 5337//5337 5338//5338 889//889
f 5336//5336 5337//5337 890//890
f 499//499 5336//5336 891//891
f 498//498 5329//5329 5336//5336
f 497//497 5322//5322 5329//5329
f 496//496 5315//5315 5322//5322
f 495//495 5308//5308 5315//5315
f 494//494 5301//5301 5308//5308
f 493//493 5294//5294 5301//5301
f 5344//5344 5345//5345 5349//5349
f 5345//5345 5346//5346 5350//5350
f 5346//5346 5347//5347 5351//5351
f 5348//5348 5349//5349 5353//5353
f 5349//5349 5350//5350 5354//5354
f 5350//5350 5351//5351 5355//5355
f 5356//5356 5357//5357 5361//5361
f 5357//5357 5358//5358 5362//5362
f 5358//5358 5359//5359 5363//5363
f 5360//5360 5361//5361 5365//5365
f 5361//5361 5362//5362 5366//5366
f 5362//5362 5363//5363 5367//5367
f 5368//5368 5369//5369 5373//5373
f 5369//5369 5370//5370 5374//5374
f 5370//5370 5371//5371 5375//5375
f 5372//5372 5373//5373 5377//5377
f 5373//5373 5374//5374 5378//5378
f 5374//5374 5375//5375 5379//5379
f 5380//5380 5381//5381 5385//5385
f 5381//5381 5382//5382 5386//5386
f 5382//5382 5383//5383 5387//5387
f 5384//5384 5385//5385 5389//5389
f 5385//5385 5386//5386 5390//5390
f 5386//5386 5387//5387 5391//5391
f 5392//5392 5393//5393 5397//5397
f 5393//5393 5394//5394 5398//5398
f 5394//5394 5395//5395 5399//5399
f 5396//5396 5397//5397 5401//5401
f 5397//5397 5398//5398 5402//5402
f 5398//5398 5399//5399 5403//5403
f 5364//5364 5365//5365 5351//5351
f 5365//5365 5366//5366 5355//5355
f 5376//5376 5377//5377 5363//5363
f 5377//5377 5378//5378 5367//5367
f 5388//5388 5389//5389 5375//5375
f 5389//5389 5390//5390 5379//5379
f 5400//5400 5401//5401 5387//5387
f 5401//5401 5402//5402 5391//5391
f 5352//5352 5353//5353 5399//5399
f 5353//5353 5354//5354 5403//5403
f 5354//5354 5355//5355 5343//5343
f 5366//5366 5367//5367 5343//5343
f 5378//5378 5379//5379 5343//5343
f 5390//5390 5391//5391 5343//5343
f 5402//5402 5403//5403 5343//5343
f 21//21 955//955 5344//5344
f 955//955 956//956 5345//5345
f 956//956 957//957 5346//5346
f 957//957 958//958 5347//5347
f 479//479 5344//5344 5348//5348
f 480//480 5348//5348 5352//5352
f 481//481 5352//5352 5395//5395
f 65//65 339//339 5356//5356
f 339//339 340//340 5357//5357
f 340//340 341//341 5358//5358
f 341//341 342//342 5359//5359
f 961//961 5356//5356 5360//5360
f 960//960 5360//5360 5364//5364
f 959//959 5364//5364 5347//5347
f 22//22 492//492 5368//5368
f 492//492 491//491 5369//5369
f 491//491 490//490 5370//5370
f 490//490 489//489 5371//5371
f 345//345 5368//5368 5372//5372
f 344//344 5372//5372 5376//5376
f 343//343 5376//5376 5359//5359
f 33//33 975//975 5380//5380
f 975//975 974//974 5381//5381
f 974//974 973//973 5382//5382
f 973//973 972//972 5383//5383
f 486//486 5380//5380 5384//5384
f 487//487 5384//5384 5388//5388
f 488//488 5388//5388 5371//5371
f 32//32 485//485 5392//5392
f 485//485 484//484 5393//5393
f 484//484 483//483 5394//5394
f 483//483 482//482 5395//5395
f 969//969 5392//5392 5396//5396
f 970//970 5396//5396 5400//5400
f 971//971 5400//5400 5383//5383
f 5404//5404 5405//5405 5412//5412
f 5405//5405 5406//5406 5413//5413
f 5406//5406 5407//5407 5414//5414
f 5407//5407 5408//5408 5415//5415
f 5408//5408 5409//5409 5416//5416
f 5409//5409 5410//5410 5417//5417
f 5411//5411 5412//5412 5419//5419
f 5412//5412 5413//5413 5420//5420
f 5413//5413 5414//5414 5421//5421
f 5414//5414 5415//5415 5422//5422
f 5415//5415 5416//5416 5423//5423
f 5416//5416 5417//5417 5424//5424
f 5418//5418 5419//5419 5426//5426
f 5419//5419 5420//5420 5427//5427
f 5420//5420 5421//5421 5428//5428
f 5421//5421 5422//5422 5429//5429
f 5422//5422 5423//5423 5430//5430
f 5423//5423 5424//5424 5431//5431
f 5425//5425 5426//5426 5433//5433
f 5426//5426 5427//5427 5434//5434
f 5427//5427 5428//5428 5435//5435
f 5428//5428 5429//5429 5436//5436
f 5429//5429 5430//5430 5437//5437
f 5430//5430 5431//5431 5438//5438
f 5432//5432 5433//5433 5440//5440
f 5433//5433 5434//5434 5441//5441
f 5434//5434 5435//5435 5442//5442
f 5435//5435 5436//5436 5443//5443
f 5436//5436 5437//5437 5444//5444
f 5437//5437 5438//5438 5445//5445
f 5439//5439 5440//5440 5447//5447
f 5440//5440 5441//5441 5448//5448
f 5441//5441 5442//5442 5449//5449
f 5442//5442 5443//5443 5450//5450
f 5443//5443 5444//5444 5451//5451
f 5444//5444 5445//5445 5452//5452
f 56//56 1321//1321 5404//5404
f 1321//1321 1322//1322 5405//5405
f 1322//1322 1323//1323 5406//5406
f 1323//1323 1324//1324 5407//5407
f 1324//1324 1325//1325 5408//5408
f 1325//1325 1326//1326 5409//5409
f 1326//1326 1327//1327 5410//5410
f 1327//1327 99//99 1384//1384
f 5410//5410 1384//1384 1385//1385
f 5417//5417 1385//1385 1386//1386
f 5424//5424 1386//1386 1387//1387
f 5431//5431 1387//1387 1388//1388
f 5438//5438 1388//1388 1389//1389
f 5445//5445 1389//1389 1390//1390
f 5452//5452 1390//1390 107//107
f 5451//5451 5452//5452 1172//1172
f 5450//5450 5451//5451 1173//1173
f 5449//5449 5450//5450 1174//1174
f 5448//5448 5449//5449 1175//1175
f 5447//5447 5448//5448 1176//1176
f 5446//5446 5447//5447 1177//1177
f 1031//1031 5446//5446 1178//1178
f 1030//1030 5439//5439 5446//5446
f 1029//1029 5432//5432 5439//5439
f 1028//1028 5425//5425 5432//5432
f 1027//1027 5418//5418 5425//5425
f 1026//1026 5411//5411 5418//5418
f 1025//1025 5404//5404 5411//5411
f 5453//5453 5454//5454 5461//5461
f 5454//5454 5455//5455 5462//5462
f 5455//5455 5456//5456 5463//5463
f 5456//5456 5457//5457 5464//5464
f 5457//5457 5458//5458 5465//5465
f 5458//5458 5459//5459 5466//5466
f 5460//5460 5461//5461 5468//5468
f 5461//5461 5462//5462 5469//5469
f 5462//5462 5463//5463 5470//5470
f 5463//5463 5464//5464 5471//5471
f 5464//5464 5465//5465 5472//5472
f 5465//5465 5466//5466 5473//5473
f 5467//5467 5468//5468 5475//5475
f 5468//5468 5469//5469 5476//5476
f 5469//5469 5470//5470 5477//5477
f 5470//5470 5471//5471 5478//5478
f 5471//5471 5472//5472 5479//5479
f 5472//5472 5473//5473 5480//5480
f 5474//5474 5475//5475 5482//5482
f 5475//5475 5476//5476 5483//5483
f 5476//5476 5477//5477 5484//5484
f 5477//5477 5478//5478 5485//5485
f 5478//5478 5479//5479 5486//5486
f 5479//5479 5480//5480 5487//5487
f 5481//5481 5482//5482 5489//5489
f 5482//5482 5483//5483 5490//5490
f 5483//5483 5484//5484 5491//5491
f 5484//5484 5485//5485 5492//5492
f 5485//5485 5486//5486 5493//5493
f 5486//5486 5487//5487 5494//5494
f 5488//5488 5489//5489 5496//5496
f 5489//5489 5490//5490 5497//5497
f 5490//5490 5491//5491 5498//5498
f 5491//5491 5492//5492 5499//5499
f 5492//5492 5493//5493 5500//5500
f 5493//5493 5494//5494 5501//5501
f 59//59 857//857 5453//5453
f 857//857 858//858 5454//5454
f 858//858 859//859 5455//5455
f 859//859 860//860 5456//5456
f 860//860 861//861 5457//5457
f 861//861 862//862 5458//5458
f 862//862 863//863 5459//5459
f 863//863 64//64 877//877
f 5459//5459 877//877 876//876
f 5466//5466 876//876 875//875
f 5473//5473 875//875 874//874
f 5480//5480 874//874 873//873
f 5487//5487 873//873 872//872
f 5494//5494 872//872 871//871
f 5501//5501 871//871 104//104
f 5500//5500 5501//5501 1391//1391
f 5499//5499 5500//5500 1392//1392
f 5498//5498 5499//5499 1393//1393
f 5497//5497 5498//5498 1394//1394
f 5496//5496 5497//5497 1395//1395
f 5495//5495 5496//5496 1396//1396
f 1334//1334 5495//5495 1397//1397
f 1333//1333 5488//5488 5495//5495
f 1332//1332 5481//5481 5488//5488
f 1331//1331 5474//5474 5481//5481
f 1330//1330 5467//5467 5474//5474
f 1329//1329 5460//5460 5467//5467
f 1328//1328 5453//5453 5460//5460
f 5502//5502 5503//5503 5510//5510
f 5503//5503 5504//5504 5511//5511
f 5504//5504 5505//5505 5512//5512
f 5505//5505 5506//5506 5513//5513
f 5506//5506 5507//5507 5514//5514
f 5507//5507 5508//5508 5515//5515
f 5509//5509 5510//5510 5517//5517
f 5510//5510 5511//5511 5518//5518
f 5511//5511 5512//5512 5519//5519
f 5512//5512 5513//5513 5520//5520
f 5513//5513 5514//5514 5521//5521
f 5514//5514 5515//5515 5522//5522
f 5516//5516 5517//5517 5524//5524
f 5517//5517 5518//5518 5525//5525
f 5518//5518 5519//5519 5526//5526
f 5519//5519 5520//5520 5527//5527
f 5520//5520 5521//5521 5528//5528
f 5521//5521 5522//5522 5529//5529
f 5523//5523 5524//5524 5531//5531
f 5524//5524 5525//5525 5532//5532
f 5525//5525 5526//5526 5533//5533
f 5526//5526 5527//5527 5534//5534
f 5527//5527 5528//5528 5535//5535
f 5528//5528 5529//5529 5536//5536
f 5530//5530 5531//5531 5538//5538
f 5531//5531 5532//5532 5539//5539
f 5532//5532 5533//5533 5540//5540
f 5533//5533 5534//5534 5541//5541
f 5534//5534 5535//5535 5542//5542
f 5535//5535 5536//5536 5543//5543
f 5537//5537 5538//5538 5545//5545
f 5538//5538 5539//5539 5546//5546
f 5539//5539 5540//5540 5547//5547
f 5540//5540 5541//5541 5548//5548
f 5541//5541 5542//5542 5549//5549
f 5542//5542 5543//5543 5550//5550
f 59//59 1328//1328 5502//5502
f 1328//1328 1329//1329 5503//5503
f 1329//1329 1330//1330 5504//5504
f 1330//1330 1331//1331 5505//5505
f 1331//1331 1332//1332 5506//5506
f 1332//1332 1333//1333 5507//5507
f 1333//1333 1334//1334 5508//5508
f 1334//1334 100//100 1398//1398
f 5508//5508 1398//1398 1399//1399
f 5515//5515 1399//1399 1400//1400
f 5522//5522 1400//1400 1401//1401
f 5529//5529 1401//1401 1402//1402
f 5536//5536 1402//1402 1403//1403
f 5543//5543 1403//1403 1404//1404
f 5550//5550 1404//1404 103//103
f 5549//5549 5550//5550 1355//1355
f 5548//5548 5549//5549 1354//1354
f 5547//5547 5548//5548 1353//1353
f 5546//5546 5547//5547 1352//1352
f 5545//5545 5546//5546 1351//1351
f 5544//5544 5545//5545 1350//1350
f 696//696 5544//5544 1349//1349
f 697//697 5537//5537 5544//5544
f 698//698 5530//5530 5537//5537
f 699//699 5523//5523 5530//5530
f 700//700 5516//5516 5523//5523
f 701//701 5509//5509 5516//5516
f 702//702 5502//5502 5509//5509
f 5551//5551 5552//5552 5559//5559
f 5552//5552 5553//5553 5560//5560
f 5553//5553 5554//5554 5561//5561
f 5554//5554 5555//5555 5562//5562
f 5555//5555 5556//5556 5563//5563
f 5556//5556 5557//5557 5564//5564
f 5558//5558 5559//5559 5566//5566
f 5559//5559 5560//5560 5567//5567
f 5560//5560 5561//5561 5568//5568
f 5561//5561 5562//5562 5569//5569
f 5562//5562 5563//5563 5570//5570
f 5563//5563 5564//5564 5571//5571
f 5565//5565 5566//5566 5573//5573
f 5566//5566 5567//5567 5574//5574
f 5567//5567 5568//5568 5575//5575
f 5568//5568 5569//5569 5576//5576
f 5569//5569 5570//5570 5577//5577
f 5570//5570 5571//5571 5578//5578
f 5572//5572 5573//5573 5580//5580
f 5573//5573 5574//5574 5581//5581
f 5574//5574 5575//5575 5582//5582
f 5575//5575 5576//5576 5583//5583
f 5576//5576 5577//5577 5584//5584
f 5577//5577 5578//5578 5585//5585
f 5579//5579 5580//5580 5587//5587
f 5580//5580 5581//5581 5588//5588
f 5581//5581 5582//5582 5589//5589
f 5582//5582 5583//5583 5590//5590
f 5583//5583 5584//5584 5591//5591
f 5584//5584 5585//5585 5592//5592
f 5586//5586 5587//5587 5594//5594
f 5587//5587 5588//5588 5595//5595
f 5588//5588 5589//5589 5596//5596
f 5589//5589 5590//5590 5597//5597
f 5590//5590 5591//5591 5598//5598
f 5591//5591 5592//5592 5599//5599
f 60//60 759//759 5551//5551
f 759//759 760//760 5552//5552
f 760//760 761//761 5553//5553
f 761//761 762//762 5554//5554
f 762//762 763//763 5555//5555
f 763//763 764//764 5556//5556
f 764//764 765//765 5557//5557
f 765//765 57//57 1370//1370
f 5557//5557 1370//1370 1371//1371
f 5564//5564 1371//1371 1372//1372
f 5571//5571 1372//1372 1373//1373
f 5578//5578 1373//1373 1374//1374
f 5585//5585 1374//1374 1375//1375
f 5592//5592 1375//1375 1376//1376
f 5599//5599 1376//1376 106//106
f 5598//5598 5599//5599 1405//1405
f 5597//5597 5598//5598 1406//1406
f 5596//5596 5597//5597 1407//1407
f 5595//5595 5596//5596 1408//1408
f 5594//5594 5595//5595 1409//1409
f 5593//5593 5594//5594 1410//1410
f 766//766 5593//5593 1411//1411
f 767//767 5586//5586 5593//5593
f 768//768 5579//5579 5586//5586
f 769//769 5572//5572 5579//5579
f 770//770 5565//5565 5572//5572
f 771//771 5558//5558 5565//5565
f 772//772 5551//5551 5558//5558
f 5600//5600 5601//5601 5608//5608
f 5601//5601 5602//5602 5609//5609
f 5602//5602 5603//5603 5610//5610
f 5603//5603 5604//5604 5611//5611
f 5604//5604 5605//5605 5612//5612
f 5605//5605 5606//5606 5613//5613
f 5607//5607 5608//5608 5615//5615
f 5608//5608 5609//5609 5616//5616
f 5609//5609 5610//5610 5617//5617
f 5610//5610 5611//5611 5618//5618
f 5611//5611 5612//5612 5619//5619
f 5612//5612 5613//5613 5620//5620
f 5614//5614 5615//5615 5622//5622
f 5615//5615 5616//5616 5623//5623
f 5616//5616 5617//5617 5624//5624
f 5617//5617 5618//5618 5625//5625
f 5618//5618 5619//5619 5626//5626
f 5619//5619 5620//5620 5627//5627
f 5621//5621 5622//5622 5629//5629
f 5622//5622 5623//5623 5630//5630
f 5623//5623 5624//5624 5631//5631
f 5624//5624 5625//5625 5632//5632
f 5625//5625 5626//5626 5633//5633
f 5626//5626 5627//5627 5634//5634
f 5628//5628 5629//5629 5636//5636
f 5629//5629 5630//5630 5637//5637
f 5630//5630 5631//5631 5638//5638
f 5631//5631 5632//5632 5639//5639
f 5632//5632 5633//5633 5640//5640
f 5633//5633 5634//5634 5641//5641
f 5635//5635 5636//5636 5643//5643
f 5636//5636 5637//5637 5644//5644
f 5637//5637 5638//5638 5645//5645
f 5638//5638 5639//5639 5646//5646
f 5639//5639 5640//5640 5647//5647
f 5640//5640 5641//5641 5648//5648
f 61//61 1349//1349 5600//5600
f 1349//1349 1350//1350 5601//5601
f 1350//1350 1351//1351 5602//5602
f 1351//1351 1352//1352 5603//5603
f 1352//1352 1353//1353 5604//5604
f 1353//1353 1354//1354 5605//5605
f 1354//1354 1355//1355 5606//5606
f 1355//1355 103//103 1412//1412
f 5606//5606 1412//1412 1413//1413
f 5613//5613 1413//1413 1414//1414
f 5620//5620 1414//1414 1415//1415
f 5627//5627 1415//1415 1416//1416
f 5634//5634 1416//1416 1417//1417
f 5641//5641 1417//1417 1418//1418
f 5648//5648 1418//1418 101//101
f 5647//5647 5648//5648 1341//1341
f 5646//5646 5647//5647 1340//1340
f 5645//5645 5646//5646 1339//1339
f 5644//5644 5645//5645 1338//1338
f 5643//5643 5644//5644 1337//1337
f 5642//5642 5643//5643 1336//1336
f 822//822 5642//5642 1335//1335
f 823//823 5635//5635 5642//5642
f 824//824 5628//5628 5635//5635
f 825//825 5621//5621 5628//5628
f 826//826 5614//5614 5621//5621
f 827//827 5607//5607 5614//5614
f 828//828 5600//5600 5607//5607
f 5649//5649 5650//5650 5657//5657
f 5650//5650 5651//5651 5658//5658
f 5651//5651 5652//5652 5659//5659
f 5652//5652 5653//5653 5660//5660
f 5653//5653 5654//5654 5661//5661
f 5654//5654 5655//5655 5662//5662
f 5656//5656 5657//5657 5664//5664
f 5657//5657 5658//5658 5665//5665
f 5658//5658 5659//5659 5666//5666
f 5659//5659 5660//5660 5667//5667
f 5660//5660 5661//5661 5668//5668
f 5661//5661 5662//5662 5669//5669
f 5663//5663 5664//5664 5671//5671
f 5664//5664 5665//5665 5672//5672
f 5665//5665 5666//5666 5673//5673
f 5666//5666 5667//5667 5674//5674
f 5667//5667 5668//5668 5675//5675
f 5668//5668 5669//5669 5676//5676
f 5670//5670 5671//5671 5678//5678
f 5671//5671 5672//5672 5679//5679
f 5672//5672 5673//5673 5680//5680
f 5673//5673 5674//5674 5681//5681
f 5674//5674 5675//5675 5682//5682
f 5675//5675 5676//5676 5683//5683
f 5677//5677 5678//5678 5685//5685
f 5678//5678 5679//5679 5686//5686
f 5679//5679 5680//5680 5687//5687
f 5680//5680 5681//5681 5688//5688
f 5681//5681 5682//5682 5689//5689
f 5682//5682 5683//5683 5690//5690
f 5684//5684 5685//5685 5692//5692
f 5685//5685 5686//5686 5693//5693
f 5686//5686 5687//5687 5694//5694
f 5687//5687 5688//5688 5695//5695
f 5688//5688 5689//5689 5696//5696
f 5689//5689 5690//5690 5697//5697
f 55//55 1363//1363 5649//5649
f 1363//1363 1364//1364 5650//5650
f 1364//1364 1365//1365 5651//5651
f 1365//1365 1366//1366 5652//5652
f 1366//1366 1367//1367 5653//5653
f 1367//1367 1368//1368 5654//5654
f 1368//1368 1369//1369 5655//5655
f 1369//1369 105//105 1419//1419
f 5655//5655 1419//1419 1420//1420
f 5662//5662 1420//1420 1421//1421
f 5669//5669 1421//1421 1422//1422
f 5676//5676 1422//1422 1423//1423
f 5683//5683 1423//1423 1424//1424
f 5690//5690 1424//1424 1425//1425
f 5697//5697 1425//1425 106//106
f 5696//5696 5697//5697 1376//1376
f 5695//5695 5696//5696 1375//1375
f 5694//5694 5695//5695 1374//1374
f 5693//5693 5694//5694 1373//1373
f 5692//5692 5693//5693 1372//1372
f 5691//5691 5692//5692 1371//1371
f 689//689 5691//5691 1370//1370
f 690//690 5684//5684 5691//5691
f 691//691 5677//5677 5684//5684
f 692//692 5670//5670 5677//5677
f 693//693 5663//5663 5670//5670
f 694//694 5656//5656 5663//5663
f 695//695 5649//5649 5656//5656
f 5698//5698 5699//5699 5706//5706
f 5699//5699 5700//5700 5707//5707
f 5700//5700 5701//5701 5708//5708
f 5701//5701 5702//5702 5709//5709
f 5702//5702 5703//5703 5710//5710
f 5703//5703 5704//5704 5711//5711
f 5705//5705 5706//5706 5713//5713
f 5706//5706 5707//5707 5714//5714
f 5707//5707 5708//5708 5715//5715
f 5708//5708 5709//5709 5716//5716
f 5709//5709 5710//5710 5717//5717
f 5710//5710 5711//5711 5718//5718
f 5712//5712 5713//5713 5720//5720
f 5713//5713 5714//5714 5721//5721
f 5714//5714 5715//5715 5722//5722
f 5715//5715 5716//5716 5723//5723
f 5716//5716 5717//5717 5724//5724
f 5717//5717 5718//5718 5725//5725
f 5719//5719 5720//5720 5727//5727
f 5720//5720 5721//5721 5728//5728
f 5721//5721 5722//5722 5729//5729
f 5722//5722 5723//5723 5730//5730
f 5723//5723 5724//5724 5731//5731
f 5724//5724 5725//5725 5732//5732
f 5726//5726 5727//5727 5734//5734
f 5727//5727 5728//5728 5735//5735
f 5728//5728 5729//5729 5736//5736
f 5729//5729 5730//5730 5737//5737
f 5730//5730 5731//5731 5738//5738
f 5731//5731 5732//5732 5739//5739
f 5733//5733 5734//5734 5741//5741
f 5734//5734 5735//5735 5742//5742
f 5735//5735 5736//5736 5743//5743
f 5736//5736 5737//5737 5744//5744
f 5737//5737 5738//5738 5745//5745
f 5738//5738 5739//5739 5746//5746
f 58//58 1335//1335 5698//5698
f 1335//1335 1336//1336 5699//5699
f 1336//1336 1337//1337 5700//5700
f 1337//1337 1338//1338 5701//5701
f 1338//1338 1339//1339 5702//5702
f 1339//1339 1340//1340 5703//5703
f 1340//1340 1341//1341 5704//5704
f 1341//1341 101//101 1426//1426
f 5704//5704 1426//1426 1427//1427
f 5711//5711 1427//1427 1428//1428
f 5718//5718 1428//1428 1429//1429
f 5725//5725 1429//1429 1430//1430
f 5732//5732 1430//1430 1431//1431
f 5739//5739 1431//1431 1432//1432
f 5746//5746 1432//1432 99//99
f 5745//5745 5746//5746 1327//1327
f 5744//5744 5745//5745 1326//1326
f 5743//5743 5744//5744 1325//1325
f 5742//5742 5743//5743 1324//1324
f 5741//5741 5742//5742 1323//1323
f 5740//5740 5741//5741 1322//1322
f 738//738 5740//5740 1321//1321
f 739//739 5733//5733 5740//5740
f 740//740 5726//5726 5733//5733
f 741//741 5719//5719 5726//5726
f 742//742 5712//5712 5719//5719
f 743//743 5705//5705 5712//5712
f 744//744 5698//5698 5705//5705
f 5747//5747 5748//5748 5755//5755
f 5748//5748 5749//5749 5756//5756
f 5749//5749 5750//5750 5757//5757
f 5750//5750 5751//5751 5758//5758
f 5751//5751 5752//5752 5759//5759
f 5752//5752 5753//5753 5760//5760
f 5754//5754 5755//5755 5762//5762
f 5755//5755 5756//5756 5763//5763
f 5756//5756 5757//5757 5764//5764
f 5757//5757 5758//5758 5765//5765
f 5758//5758 5759//5759 5766//5766
f 5759//5759 5760//5760 5767//5767
f 5761//5761 5762//5762 5769//5769
f 5762//5762 5763//5763 5770//5770
f 5763//5763 5764//5764 5771//5771
f 5764//5764 5765//5765 5772//5772
f 5765//5765 5766//5766 5773//5773
f 5766//5766 5767//5767 5774//5774
f 5768//5768 5769//5769 5776//5776
f 5769//5769 5770//5770 5777//5777
f 5770//5770 5771//5771 5778//5778
f 5771//5771 5772//5772 5779//5779
f 5772//5772 5773//5773 5780//5780
f 5773//5773 5774//5774 5781//5781
f 5775//5775 5776//5776 5783//5783
f 5776//5776 5777//5777 5784//5784
f 5777//5777 5778//5778 5785//5785
f 5778//5778 5779//5779 5786//5786
f 5779//5779 5780//5780 5787//5787
f 5780//5780 5781//5781 5788//5788
f 5782//5782 5783//5783 5790//5790
f 5783//5783 5784//5784 5791//5791
f 5784//5784 5785//5785 5792//5792
f 5785//5785 5786//5786 5793//5793
f 5786//5786 5787//5787 5794//5794
f 5787//5787 5788//5788 5795//5795
f 40//40 1258//1258 5747//5747
f 1258//1258 1259//1259 5748//5748
f 1259//1259 1260//1260 5749//5749
f 1260//1260 1261//1261 5750//5750
f 1261//1261 1262//1262 5751//5751
f 1262//1262 1263//1263 5752//5752
f 1263//1263 1264//1264 5753//5753
f 1264//1264 90//90 1433//1433
f 5753//5753 1433//1433 1434//1434
f 5760//5760 1434//1434 1435//1435
f 5767//5767 1435//1435 1436//1436
f 5774//5774 1436//1436 1437//1437
f 5781//5781 1437//1437 1438//1438
f 5788//5788 1438//1438 1439//1439
f 5795//5795 1439//1439 105//105
f 5794//5794 5795//5795 1369//1369
f 5793//5793 5794//5794 1368//1368
f 5792//5792 5793//5793 1367//1367
f 5791//5791 5792//5792 1366//1366
f 5790//5790 5791//5791 1365//1365
f 5789//5789 5790//5790 1364//1364
f 927//927 5789//5789 1363//1363
f 928//928 5782//5782 5789//5789
f 929//929 5775//5775 5782//5782
f 930//930 5768//5768 5775//5775
f 931//931 5761//5761 5768//5768
f 932//932 5754//5754 5761//5761
f 933//933 5747//5747 5754//5754
f 5796//5796 5797//5797 5804//5804
f 5797//5797 5798//5798 5805//5805
f 5798//5798 5799//5799 5806//5806
f 5799//5799 5800//5800 5807//5807
f 5800//5800 5801//5801 5808//5808
f 5801//5801 5802//5802 5809//5809
f 5803//5803 5804//5804 5811//5811
f 5804//5804 5805//5805 5812//5812
f 5805//5805 5806//5806 5813//5813
f 5806//5806 5807//5807 5814//5814
f 5807//5807 5808//5808 5815//5815
f 5808//5808 5809//5809 5816//5816
f 5810//5810 5811//5811 5818//5818
f 5811//5811 5812//5812 5819//5819
f 5812//5812 5813//5813 5820//5820
f 5813//5813 5814//5814 5821//5821
f 5814//5814 5815//5815 5822//5822
f 5815//5815 5816//5816 5823//5823
f 5817//5817 5818//5818 5825//5825
f 5818//5818 5819//5819 5826//5826
f 5819//5819 5820//5820 5827//5827
f 5820//5820 5821//5821 5828//5828
f 5821//5821 5822//5822 5829//5829
f 5822//5822 5823//5823 5830//5830
f 5824//5824 5825//5825 5832//5832
f 5825//5825 5826//5826 5833//5833
f 5826//5826 5827//5827 5834//5834
f 5827//5827 5828//5828 5835//5835
f 5828//5828 5829//5829 5836//5836
f 5829//5829 5830//5830 5837//5837
f 5831//5831 5832//5832 5839//5839
f 5832//5832 5833//5833 5840//5840
f 5833//5833 5834//5834 5841//5841
f 5834//5834 5835//5835 5842//5842
f 5835//5835 5836//5836 5843//5843
f 5836//5836 5837//5837 5844//5844
f 64//64 717//717 5796//5796
f 717//717 718//718 5797//5797
f 718//718 719//719 5798//5798
f 719//719 720//720 5799//5799
f 720//720 721//721 5800//5800
f 721//721 722//722 5801//5801
f 722//722 723//723 5802//5802
f 723//723 60//60 772//772
f 5802//5802 772//772 771//771
f 5809//5809 771//771 770//770
f 5816//5816 770//770 769//769
f 5823//5823 769//769 768//768
f 5830//5830 768//768 767//767
f 5837//5837 767//767 766//766
f 5844//5844 766//766 102//102
f 5843//5843 5844//5844 1440//1440
f 5842//5842 5843//5843 1441//1441
f 5841//5841 5842//5842 1442//1442
f 5840//5840 5841//5841 1443//1443
f 5839//5839 5840//5840 1444//1444
f 5838//5838 5839//5839 1445//1445
f 871//871 5838//5838 1446//1446
f 872//872 5831//5831 5838//5838
f 873//873 5824//5824 5831//5831
f 874//874 5817//5817 5824//5824
f 875//875 5810//5810 5817//5817
f 876//876 5803//5803 5810//5810
f 877//877 5796//5796 5803//5803
f 5845//5845 5846//5846 5853//5853
f 5846//5846 5847//5847 5854//5854
f 5847//5847 5848//5848 5855//5855
f 5848//5848 5849//5849 5856//5856
f 5849//5849 5850//5850 5857//5857
f 5850//5850 5851//5851 5858//5858
f 5852//5852 5853//5853 5860//5860
f 5853//5853 5854//5854 5861//5861
f 5854//5854 5855//5855 5862//5862
f 5855//5855 5856//5856 5863//5863
f 5856//5856 5857//5857 5864//5864
f 5857//5857 5858//5858 5865//5865
f 5859//5859 5860//5860 5867//5867
f 5860//5860 5861//5861 5868//5868
f 5861//5861 5862//5862 5869//5869
f 5862//5862 5863//5863 5870//5870
f 5863//5863 5864//5864 5871//5871
f 5864//5864 5865//5865 5872//5872
f 5866//5866 5867//5867 5874//5874
f 5867//5867 5868//5868 5875//5875
f 5868//5868 5869//5869 5876//5876
f 5869//5869 5870//5870 5877//5877
f 5870//5870 5871//5871 5878//5878
f 5871//5871 5872//5872 5879//5879
f 5873//5873 5874//5874 5881//5881
f 5874//5874 5875//5875 5882//5882
f 5875//5875 5876//5876 5883//5883
f 5876//5876 5877//5877 5884//5884
f 5877//5877 5878//5878 5885//5885
f 5878//5878 5879//5879 5886//5886
f 5880//5880 5881//5881 5888//5888
f 5881//5881 5882//5882 5889//5889
f 5882//5882 5883//5883 5890//5890
f 5883//5883 5884//5884 5891//5891
f 5884//5884 5885//5885 5892//5892
f 5885//5885 5886//5886 5893//5893
f 45//45 1279//1279 5845//5845
f 1279//1279 1280//1280 5846//5846
f 1280//1280 1281//1281 5847//5847
f 1281//1281 1282//1282 5848//5848
f 1282//1282 1283//1283 5849//5849
f 1283//1283 1284//1284 5850//5850
f 1284//1284 1285//1285 5851//5851
f 1285//1285 93//93 1447//1447
f 5851//5851 1447//1447 1448//1448
f 5858//5858 1448//1448 1449//1449
f 5865//5865 1449//1449 1450//1450
f 5872//5872 1450//1450 1451//1451
f 5879//5879 1451//1451 1452//1452
f 5886//5886 1452//1452 1453//1453
f 5893//5893 1453//1453 98//98
f 5892//5892 5893//5893 682//682
f 5891//5891 5892//5892 683//683
f 5890//5890 5891//5891 684//684
f 5889//5889 5890//5890 685//685
f 5888//5888 5889//5889 686//686
f 5887//5887 5888//5888 687//687
f 681//681 5887//5887 688//688
f 680//680 5880//5880 5887//5887
f 679//679 5873//5873 5880//5880
f 678//678 5866//5866 5873//5873
f 677//677 5859//5859 5866//5866
f 676//676 5852//5852 5859//5859
f 675//675 5845//5845 5852//5852
f 5894//5894 5895//5895 5902//5902
f 5895//5895 5896//5896 5903//5903
f 5896//5896 5897//5897 5904//5904
f 5897//5897 5898//5898 5905//5905
f 5898//5898 5899//5899 5906//5906
f 5899//5899 5900//5900 5907//5907
f 5901//5901 5902//5902 5909//5909
f 5902//5902 5903//5903 5910//5910
f 5903//5903 5904//5904 5911//5911
f 5904//5904 5905//5905 5912//5912
f 5905//5905 5906//5906 5913//5913
f 5906//5906 5907//5907 5914//5914
f 5908//5908 5909//5909 5916//5916
f 5909//5909 5910//5910 5917//5917
f 5910//5910 5911//5911 5918//5918
f 5911//5911 5912//5912 5919//5919
f 5912//5912 5913//5913 5920//5920
f 5913//5913 5914//5914 5921//5921
f 5915//5915 5916//5916 5923//5923
f 5916//5916 5917//5917 5924//5924
f 5917//5917 5918//5918 5925//5925
f 5918//5918 5919//5919 5926//5926
f 5919//5919 5920//5920 5927//5927
f 5920//5920 5921//5921 5928//5928
f 5922//5922 5923//5923 5930//5930
f 5923//5923 5924//5924 5931//5931
f 5924//5924 5925//5925 5932//5932
f 5925//5925 5926//5926 5933//5933
f 5926//5926 5927//5927 5934//5934
f 5927//5927 5928//5928 5935//5935
f 5929//5929 5930//5930 5937//5937
f 5930//5930 5931//5931 5938//5938
f 5931//5931 5932//5932 5939//5939
f 5932//5932 5933//5933 5940//5940
f 5933//5933 5934//5934 5941//5941
f 5934//5934 5935//5935 5942//5942
f 45//45 289//289 5894//5894
f 289//289 288//288 5895//5895
f 288//288 287//287 5896//5896
f 287//287 286//286 5897//5897
f 286//286 285//285 5898//5898
f 285//285 284//284 5899//5899
f 284//284 283//283 5900//5900
f 283//283 47//47 1307//1307
f 5900//5900 1307//1307 1308//1308
f 5907//5907 1308//1308 1309//1309
f 5914//5914 1309//1309 1310//1310
f 5921//5921 1310//1310 1311//1311
f 5928//5928 1311//1311 1312//1312
f 5935//5935 1312//1312 1313//1313
f 5942//5942 1313//1313 97//97
f 5941//5941 5942//5942 1454//1454
f 5940//5940 5941//5941 1455//1455
f 5939//5939 5940//5940 1456//1456
f 5938//5938 5939//5939 1457//1457
f 5937//5937 5938//5938 1458//1458
f 5936//5936 5937//5937 1459//1459
f 1285//1285 5936//5936 1460//1460
f 1284//1284 5929//5929 5936//5936
f 1283//1283 5922//5922 5929//5929
f 1282//1282 5915//5915 5922//5922
f 1281//1281 5908//5908 5915//5915
f 1280//1280 5901//5901 5908//5908
f 1279//1279 5894//5894 5901//5901
f 5943//5943 5944//5944 5951//5951
f 5944//5944 5945//5945 5952//5952
f 5945//5945 5946//5946 5953//5953
f 5946//5946 5947//5947 5954//5954
f 5947//5947 5948//5948 5955//5955
f 5948//5948 5949//5949 5956//5956
f 5950//5950 5951//5951 5958//5958
f 5951//5951 5952//5952 5959//5959
f 5952//5952 5953//5953 5960//5960
f 5953//5953 5954//5954 5961//5961
f 5954//5954 5955//5955 5962//5962
f 5955//5955 5956//5956 5963//5963
f 5957//5957 5958//5958 5965//5965
f 5958//5958 5959//5959 5966//5966
f 5959//5959 5960//5960 5967//5967
f 5960//5960 5961//5961 5968//5968
f 5961//5961 5962//5962 5969//5969
f 5962//5962 5963//5963 5970//5970
f 5964//5964 5965//5965 5972//5972
f 5965//5965 5966//5966 5973//5973
f 5966//5966 5967//5967 5974//5974
f 5967//5967 5968//5968 5975//5975
f 5968//5968 5969//5969 5976//5976
f 5969//5969 5970//5970 5977//5977
f 5971//5971 5972//5972 5979//5979
f 5972//5972 5973//5973 5980//5980
f 5973//5973 5974//5974 5981//5981
f 5974//5974 5975//5975 5982//5982
f 5975//5975 5976//5976 5983//5983
f 5976//5976 5977//5977 5984//5984
f 5978//5978 5979//5979 5986//5986
f 5979//5979 5980//5980 5987//5987
f 5980//5980 5981//5981 5988//5988
f 5981//5981 5982//5982 5989//5989
f 5982//5982 5983//5983 5990//5990
f 5983//5983 5984//5984 5991//5991
f 46//46 646//646 5943//5943
f 646//646 645//645 5944//5944
f 645//645 644//644 5945//5945
f 644//644 643//643 5946//5946
f 643//643 642//642 5947//5947
f 642//642 641//641 5948//5948
f 641//641 640//640 5949//5949
f 640//640 96//96 1461//1461
f 5949//5949 1461//1461 1462//1462
f 5956//5956 1462//1462 1463//1463
f 5963//5963 1463//1463 1464//1464
f 5970//5970 1464//1464 1465//1465
f 5977//5977 1465//1465 1466//1466
f 5984//5984 1466//1466 1467//1467
f 5991//5991 1467//1467 94//94
f 5990//5990 5991//5991 1292//1292
f 5989//5989 5990//5990 1291//1291
f 5988//5988 5989//5989 1290//1290
f 5987//5987 5988//5988 1289//1289
f 5986//5986 5987//5987 1288//1288
f 5985//5985 5986//5986 1287//1287
f 632//632 5985//5985 1286//1286
f 631//631 5978//5978 5985//5985
f 630//630 5971//5971 5978//5978
f 629//629 5964//5964 5971//5971
f 628//628 5957//5957 5964//5964
f 627//627 5950//5950 5957//5957
f 626//626 5943//5943 5950//5950
f 5992//5992 5993//5993 6000//6000
f 5993//5993 5994//5994 6001//6001
f 5994//5994 5995//5995 6002//6002
f 5995//5995 5996//5996 6003//6003
f 5996//5996 5997//5997 6004//6004
f 5997//5997 5998//5998 6005//6005
f 5999//5999 6000//6000 6007//6007
f 6000//6000 6001//6001 6008//6008
f 6001//6001 6002//6002 6009//6009
f 6002//6002 6003//6003 6010//6010
f 6003//6003 6004//6004 6011//6011
f 6004//6004 6005//6005 6012//6012
f 6006//6006 6007//6007 6014//6014
f 6007//6007 6008//6008 6015//6015
f 6008//6008 6009//6009 6016//6016
f 6009//6009 6010//6010 6017//6017
f 6010//6010 6011//6011 6018//6018
f 6011//6011 6012//6012 6019//6019
f 6013//6013 6014//6014 6021//6021
f 6014//6014 6015//6015 6022//6022
f 6015//6015 6016//6016 6023//6023
f 6016//6016 6017//6017 6024//6024
f 6017//6017 6018//6018 6025//6025
f 6018//6018 6019//6019 6026//6026
f 6020//6020 6021//6021 6028//6028
f 6021//6021 6022//6022 6029//6029
f 6022//6022 6023//6023 6030//6030
f 6023//6023 6024//6024 6031//6031
f 6024//6024 6025//6025 6032//6032
f 6025//6025 6026//6026 6033//6033
f 6027//6027 6028//6028 6035//6035
f 6028//6028 6029//6029 6036//6036
f 6029//6029 6030//6030 6037//6037
f 6030//6030 6031//6031 6038//6038
f 6031//6031 6032//6032 6039//6039
f 6032//6032 6033//6033 6040//6040
f 47//47 653//653 5992//5992
f 653//653 652//652 5993//5993
f 652//652 651//651 5994//5994
f 651//651 650//650 5995//5995
f 650//650 649//649 5996//5996
f 649//649 648//648 5997//5997
f 648//648 647//647 5998//5998
f 647//647 44//44 1293//1293
f 5998//5998 1293//1293 1294//1294
f 6005//6005 1294//1294 1295//1295
f 6012//6012 1295//1295 1296//1296
f 6019//6019 1296//1296 1297//1297
f 6026//6026 1297//1297 1298//1298
f 6033//6033 1298//1298 1299//1299
f 6040//6040 1299//1299 95//95
f 6039//6039 6040//6040 1468//1468
f 6038//6038 6039//6039 1469//1469
f 6037//6037 6038//6038 1470//1470
f 6036//6036 6037//6037 1471//1471
f 6035//6035 6036//6036 1472//1472
f 6034//6034 6035//6035 1473//1473
f 1313//1313 6034//6034 1474//1474
f 1312//1312 6027//6027 6034//6034
f 1311//1311 6020//6020 6027//6027
f 1310//1310 6013//6013 6020//6020
f 1309//1309 6006//6006 6013//6013
f 1308//1308 5999//5999 6006//6006
f 1307//1307 5992//5992 5999//5999
f 6041//6041 6042//6042 6049//6049
f 6042//6042 6043//6043 6050//6050
f 6043//6043 6044//6044 6051//6051
f 6044//6044 6045//6045 6052//6052
f 6045//6045 6046//6046 6053//6053
f 6046//6046 6047//6047 6054//6054
f 6048//6048 6049//6049 6056//6056
f 6049//6049 6050//6050 6057//6057
f 6050//6050 6051//6051 6058//6058
f 6051//6051 6052//6052 6059//6059
f 6052//6052 6053//6053 6060//6060
f 6053//6053 6054//6054 6061//6061
f 6055//6055 6056//6056 6063//6063
f 6056//6056 6057//6057 6064//6064
f 6057//6057 6058//6058 6065//6065
f 6058//6058 6059//6059 6066//6066
f 6059//6059 6060//6060 6067//6067
f 6060//6060 6061//6061 6068//6068
f 6062//6062 6063//6063 6070//6070
f 6063//6063 6064//6064 6071//6071
f 6064//6064 6065//6065 6072//6072
f 6065//6065 6066//6066 6073//6073
f 6066//6066 6067//6067 6074//6074
f 6067//6067 6068//6068 6075//6075
f 6069//6069 6070//6070 6077//6077
f 6070//6070 6071//6071 6078//6078
f 6071//6071 6072//6072 6079//6079
f 6072//6072 6073//6073 6080//6080
f 6073//6073 6074//6074 6081//6081
f 6074//6074 6075//6075 6082//6082
f 6076//6076 6077//6077 6084//6084
f 6077//6077 6078//6078 6085//6085
f 6078//6078 6079//6079 6086//6086
f 6079//6079 6080//6080 6087//6087
f 6080//6080 6081//6081 6088//6088
f 6081//6081 6082//6082 6089//6089
f 41//41 177//177 6041//6041
f 177//177 176//176 6042//6042
f 176//176 175//175 6043//6043
f 175//175 174//174 6044//6044
f 174//174 173//173 6045//6045
f 173//173 172//172 6046//6046
f 172//172 171//171 6047//6047
f 171//171 43//43 1286//1286
f 6047//6047 1286//1286 1287//1287
f 6054//6054 1287//1287 1288//1288
f 6061//6061 1288//1288 1289//1289
f 6068//6068 1289//1289 1290//1290
f 6075//6075 1290//1290 1291//1291
f 6082//6082 1291//1291 1292//1292
f 6089//6089 1292//1292 94//94
f 6088//6088 6089//6089 1475//1475
f 6087//6087 6088//6088 1476//1476
f 6086//6086 6087//6087 1477//1477
f 6085//6085 6086//6086 1478//1478
f 6084//6084 6085//6085 1479//1479
f 6083//6083 6084//6084 1480//1480
f 1278//1278 6083//6083 1481//1481
f 1277//1277 6076//6076 6083//6083
f 1276//1276 6069//6069 6076//6076
f 1275//1275 6062//6062 6069//6069
f 1274//1274 6055//6055 6062//6062
f 1273//1273 6048//6048 6055//6055
f 1272//1272 6041//6041 6048//6048
f 6090//6090 6091//6091 6098//6098
f 6091//6091 6092//6092 6099//6099
f 6092//6092 6093//6093 6100//6100
f 6093//6093 6094//6094 6101//6101
f 6094//6094 6095//6095 6102//6102
f 6095//6095 6096//6096 6103//6103
f 6097//6097 6098//6098 6105//6105
f 6098//6098 6099//6099 6106//6106
f 6099//6099 6100//6100 6107//6107
f 6100//6100 6101//6101 6108//6108
f 6101//6101 6102//6102 6109//6109
f 6102//6102 6103//6103 6110//6110
f 6104//6104 6105//6105 6112//6112
f 6105//6105 6106//6106 6113//6113
f 6106//6106 6107//6107 6114//6114
f 6107//6107 6108//6108 6115//6115
f 6108//6108 6109//6109 6116//6116
f 6109//6109 6110//6110 6117//6117
f 6111//6111 6112//6112 6119//6119
f 6112//6112 6113//6113 6120//6120
f 6113//6113 6114//6114 6121//6121
f 6114//6114 6115//6115 6122//6122
f 6115//6115 6116//6116 6123//6123
f 6116//6116 6117//6117 6124//6124
f 6118//6118 6119//6119 6126//6126
f 6119//6119 6120//6120 6127//6127
f 6120//6120 6121//6121 6128//6128
f 6121//6121 6122//6122 6129//6129
f 6122//6122 6123//6123 6130//6130
f 6123//6123 6124//6124 6131//6131
f 6125//6125 6126//6126 6133//6133
f 6126//6126 6127//6127 6134//6134
f 6127//6127 6128//6128 6135//6135
f 6128//6128 6129//6129 6136//6136
f 6129//6129 6130//6130 6137//6137
f 6130//6130 6131//6131 6138//6138
f 44//44 611//611 6090//6090
f 611//611 610//610 6091//6091
f 610//610 609//609 6092//6092
f 609//609 608//608 6093//6093
f 608//608 607//607 6094//6094
f 607//607 606//606 6095//6095
f 606//606 605//605 6096//6096
f 605//605 42//42 1265//1265
f 6096//6096 1265//1265 1266//1266
f 6103//6103 1266//1266 1267//1267
f 6110//6110 1267//1267 1268//1268
f 6117//6117 1268//1268 1269//1269
f 6124//6124 1269//1269 1270//1270
f 6131//6131 1270//1270 1271//1271
f 6138//6138 1271//1271 91//91
f 6137//6137 6138//6138 1482//1482
f 6136//6136 6137//6137 1483//1483
f 6135//6135 6136//6136 1484//1484
f 6134//6134 6135//6135 1485//1485
f 6133//6133 6134//6134 1486//1486
f 6132//6132 6133//6133 1487//1487
f 1299//1299 6132//6132 1488//1488
f 1298//1298 6125//6125 6132//6132
f 1297//1297 6118//6118 6125//6125
f 1296//1296 6111//6111 6118//6118
f 1295//1295 6104//6104 6111//6111
f 1294//1294 6097//6097 6104//6104
f 1293//1293 6090//6090 6097//6097
f 6139//6139 6140//6140 6147//6147
f 6140//6140 6141//6141 6148//6148
f 6141//6141 6142//6142 6149//6149
f 6142//6142 6143//6143 6150//6150
f 6143//6143 6144//6144 6151//6151
f 6144//6144 6145//6145 6152//6152
f 6146//6146 6147//6147 6154//6154
f 6147//6147 6148//6148 6155//6155
f 6148//6148 6149//6149 6156//6156
f 6149//6149 6150//6150 6157//6157
f 6150//6150 6151//6151 6158//6158
f 6151//6151 6152//6152 6159//6159
f 6153//6153 6154//6154 6161//6161
f 6154//6154 6155//6155 6162//6162
f 6155//6155 6156//6156 6163//6163
f 6156//6156 6157//6157 6164//6164
f 6157//6157 6158//6158 6165//6165
f 6158//6158 6159//6159 6166//6166
f 6160//6160 6161//6161 6168//6168
f 6161//6161 6162//6162 6169//6169
f 6162//6162 6163//6163 6170//6170
f 6163//6163 6164//6164 6171//6171
f 6164//6164 6165//6165 6172//6172
f 6165//6165 6166//6166 6173//6173
f 6167//6167 6168//6168 6175//6175
f 6168//6168 6169//6169 6176//6176
f 6169//6169 6170//6170 6177//6177
f 6170//6170 6171//6171 6178//6178
f 6171//6171 6172//6172 6179//6179
f 6172//6172 6173//6173 6180//6180
f 6174//6174 6175//6175 6182//6182
f 6175//6175 6176//6176 6183//6183
f 6176//6176 6177//6177 6184//6184
f 6177//6177 6178//6178 6185//6185
f 6178//6178 6179//6179 6186//6186
f 6179//6179 6180//6180 6187//6187
f 40//40 226//226 6139//6139
f 226//226 225//225 6140//6140
f 225//225 224//224 6141//6141
f 224//224 223//223 6142//6142
f 223//223 222//222 6143//6143
f 222//222 221//221 6144//6144
f 221//221 220//220 6145//6145
f 220//220 2//2 1214//1214
f 6145//6145 1214//1214 1215//1215
f 6152//6152 1215//1215 1216//1216
f 6159//6159 1216//1216 1217//1217
f 6166//6166 1217//1217 1218//1218
f 6173//6173 1218//1218 1219//1219
f 6180//6180 1219//1219 1220//1220
f 6187//6187 1220//1220 84//84
f 6186//6186 6187//6187 1489//1489
f 6185//6185 6186//6186 1490//1490
f 6184//6184 6185//6185 1491//1491
f 6183//6183 6184//6184 1492//1492
f 6182//6182 6183//6183 1493//1493
f 6181//6181 6182//6182 1494//1494
f 1264//1264 6181//6181 1495//1495
f 1263//1263 6174//6174 6181//6181
f 1262//1262 6167//6167 6174//6174
f 1261//1261 6160//6160 6167//6167
f 1260//1260 6153//6153 6160//6160
f 1259//1259 6146//6146 6153//6153
f 1258//1258 6139//6139 6146//6146
f 6188//6188 6189//6189 6196//6196
f 6189//6189 6190//6190 6197//6197
f 6190//6190 6191//6191 6198//6198
f 6191//6191 6192//6192 6199//6199
f 6192//6192 6193//6193 6200//6200
f 6193//6193 6194//6194 6201//6201
f 6195//6195 6196//6196 6203//6203
f 6196//6196 6197//6197 6204//6204
f 6197//6197 6198//6198 6205//6205
f 6198//6198 6199//6199 6206//6206
f 6199//6199 6200//6200 6207//6207
f 6200//6200 6201//6201 6208//6208
f 6202//6202 6203//6203 6210//6210
f 6203//6203 6204//6204 6211//6211
f 6204//6204 6205//6205 6212//6212
f 6205//6205 6206//6206 6213//6213
f 6206//6206 6207//6207 6214//6214
f 6207//6207 6208//6208 6215//6215
f 6209//6209 6210//6210 6217//6217
f 6210//6210 6211//6211 6218//6218
f 6211//6211 6212//6212 6219//6219
f 6212//6212 6213//6213 6220//6220
f 6213//6213 6214//6214 6221//6221
f 6214//6214 6215//6215 6222//6222
f 6216//6216 6217//6217 6224//6224
f 6217//6217 6218//6218 6225//6225
f 6218//6218 6219//6219 6226//6226
f 6219//6219 6220//6220 6227//6227
f 6220//6220 6221//6221 6228//6228
f 6221//6221 6222//6222 6229//6229
f 6223//6223 6224//6224 6231//6231
f 6224//6224 6225//6225 6232//6232
f 6225//6225 6226//6226 6233//6233
f 6226//6226 6227//6227 6234//6234
f 6227//6227 6228//6228 6235//6235
f 6228//6228 6229//6229 6236//6236
f 1//1 219//219 6188//6188
f 219//219 218//218 6189//6189
f 218//218 217//217 6190//6190
f 217//217 216//216 6191//6191
f 216//216 215//215 6192//6192
f 215//215 214//214 6193//6193
f 214//214 213//213 6194//6194
f 213//213 39//39 1251//1251
f 6194//6194 1251//1251 1252//1252
f 6201//6201 1252//1252 1253//1253
f 6208//6208 1253//1253 1254//1254
f 6215//6215 1254//1254 1255//1255
f 6222//6222 1255//1255 1256//1256
f 6229//6229 1256//1256 1257//1257
f 6236//6236 1257//1257 89//89
f 6235//6235 6236//6236 1496//1496
f 6234//6234 6235//6235 1497//1497
f 6233//6233 6234//6234 1498//1498
f 6232//6232 6233//6233 1499//1499
f 6231//6231 6232//6232 1500//1500
f 6230//6230 6231//6231 1501//1501
f 1213//1213 6230//6230 1502//1502
f 1212//1212 6223//6223 6230//6230
f 1211//1211 6216//6216 6223//6223
f 1210//1210 6209//6209 6216//6216
f 1209//1209 6202//6202 6209//6209
f 1208//1208 6195//6195 6202//6202
f 1207//1207 6188//6188 6195//6195
f 6237//6237 6238//6238 6245//6245
f 6238//6238 6239//6239 6246//6246
f 6239//6239 6240//6240 6247//6247
f 6240//6240 6241//6241 6248//6248
f 6241//6241 6242//6242 6249//6249
f 6242//6242 6243//6243 6250//6250
f 6244//6244 6245//6245 6252//6252
f 6245//6245 6246//6246 6253//6253
f 6246//6246 6247//6247 6254//6254
f 6247//6247 6248//6248 6255//6255
f 6248//6248 6249//6249 6256//6256
f 6249//6249 6250//6250 6257//6257
f 6251//6251 6252//6252 6259//6259
f 6252//6252 6253//6253 6260//6260
f 6253//6253 6254//6254 6261//6261
f 6254//6254 6255//6255 6262//6262
f 6255//6255 6256//6256 6263//6263
f 6256//6256 6257//6257 6264//6264
f 6258//6258 6259//6259 6266//6266
f 6259//6259 6260//6260 6267//6267
f 6260//6260 6261//6261 6268//6268
f 6261//6261 6262//6262 6269//6269
f 6262//6262 6263//6263 6270//6270
f 6263//6263 6264//6264 6271//6271
f 6265//6265 6266//6266 6273//6273
f 6266//6266 6267//6267 6274//6274
f 6267//6267 6268//6268 6275//6275
f 6268//6268 6269//6269 6278//6278
f 6269//6269 6270//6270 6280//6280
f 6270//6270 6271//6271 6282//6282
f 6272//6272 6273//6273 6284//6284
f 6273//6273 6274//6274 6285//6285
f 6274//6274 6276//6276 6286//6286
f 6276//6276 6277//6277 6287//6287
f 6277//6277 6279//6279 6288//6288
f 6279//6279 6281//6281 6289//6289
f 2//2 206//206 6237//6237
f 206//206 207//207 6238//6238
f 207//207 208//208 6239//6239
f 208//208 209//209 6240//6240
f 209//209 210//210 6241//6241
f 210//210 211//211 6242//6242
f 211//211 212//212 6243//6243
f 212//212 6//6 1243//1243
f 6243//6243 1243//1243 1244//1244
f 6250//6250 1244//1244 1245//1245
f 6257//6257 1245//1245 1246//1246
f 6264//6264 1246//1246 1247//1247
f 6271//6271 1247//1247 1248//1248
f 6281//6281 1249//1249 1250//1250
f 6289//6289 1250//1250 88//88
f 6288//6288 6289//6289 1503//1503
f 6287//6287 6288//6288 1504//1504
f 6286//6286 6287//6287 1505//1505
f 6285//6285 6286//6286 1506//1506
f 6284//6284 6285//6285 1507//1507
f 6283//6283 6284//6284 1508//1508
f 1220//1220 6283//6283 1509//1509
f 1219//1219 6272//6272 6283//6283
f 1218//1218 6265//6265 6272//6272
f 1217//1217 6258//6258 6265//6265
f 1216//1216 6251//6251 6258//6258
f 1215//1215 6244//6244 6251//6251
f 1214//1214 6237//6237 6244//6244
f 6290//6290 6291//6291 6298//6298
f 6291//6291 6292//6292 6299//6299
f 6292//6292 6293//6293 6300//6300
f 6293//6293 6294//6294 6301//6301
f 6294//6294 6295//6295 6302//6302
f 6295//6295 6296//6296 6303//6303
f 6297//6297 6298//6298 6305//6305
f 6298//6298 6299//6299 6306//6306
f 6299//6299 6300//6300 6307//6307
f 6300//6300 6301//6301 6308//6308
f 6301//6301 6302//6302 6309//6309
f 6302//6302 6303//6303 6310//6310
f 6304//6304 6305//6305 6312//6312
f 6305//6305 6306//6306 6313//6313
f 6306//6306 6307//6307 6314//6314
f 6307//6307 6308//6308 6315//6315
f 6308//6308 6309//6309 6316//6316
f 6309//6309 6310//6310 6317//6317
f 6311//6311 6312//6312 6319//6319
f 6312//6312 6313//6313 6320//6320
f 6313//6313 6314//6314 6321//6321
f 6314//6314 6315//6315 6322//6322
f 6315//6315 6316//6316 6323//6323
f 6316//6316 6317//6317 6324//6324
f 6318//6318 6319//6319 6328//6328
f 6319//6319 6320//6320 6329//6329
f 6320//6320 6321//6321 6332//6332
f 6321//6321 6322//6322 6333//6333
f 6322//6322 6323//6323 6334//6334
f 6323//6323 6324//6324 6335//6335
f 6326//6326 6327//6327 6337//6337
f 6327//6327 6330//6330 6338//6338
f 6330//6330 6331//6331 6339//6339
f 6331//6331 6333//6333 6340//6340
f 6333//6333 6334//6334 6341//6341
f 6334//6334 6335//6335 6342//6342
f 5//5 205//205 6290//6290
f 205//205 204//204 6291//6291
f 204//204 203//203 6292//6292
f 203//203 202//202 6293//6293
f 202//202 201//201 6294//6294
f 201//201 200//200 6295//6295
f 200//200 199//199 6296//6296
f 199//199 1//1 1207//1207
f 6296//6296 1207//1207 1208//1208
f 6303//6303 1208//1208 1209//1209
f 6310//6310 1209//1209 1210//1210
f 6317//6317 1210//1210 1211//1211
f 6324//6324 1211//1211 1212//1212
f 6335//6335 1212//1212 1213//1213
f 6342//6342 1213//1213 83//83
f 6341//6341 6342//6342 1510//1510
f 6340//6340 6341//6341 1511//1511
f 6339//6339 6340//6340 1512//1512
f 6338//6338 6339//6339 1513//1513
f 6337//6337 6338//6338 1514//1514
f 6336//6336 6337//6337 1515//1515
f 1242//1242 6336//6336 1516//1516
f 1240//1240 6326//6326 6336//6336
f 1239//1239 6318//6318 6325//6325
f 1238//1238 6311//6311 6318//6318
f 1237//1237 6304//6304 6311//6311
f 1236//1236 6297//6297 6304//6304
f 1235//1235 6290//6290 6297//6297
f 6343//6343 6344//6344 6351//6351
f 6344//6344 6345//6345 6352//6352
f 6345//6345 6346//6346 6353//6353
f 6346//6346 6347//6347 6354//6354
f 6347//6347 6348//6348 6355//6355
f 6348//6348 6349//6349 6356//6356
f 6350//6350 6351//6351 6358//6358
f 6351//6351 6352//6352 6359//6359
f 6352//6352 6353//6353 6360//6360
f 6353//6353 6354//6354 6361//6361
f 6354//6354 6355//6355 6362//6362
f 6355//6355 6356//6356 6363//6363
f 6357//6357 6358//6358 6365//6365
f 6358//6358 6359//6359 6366//6366
f 6359//6359 6360//6360 6367//6367
f 6360//6360 6361//6361 6368//6368
f 6361//6361 6362//6362 6369//6369
f 6362//6362 6363//6363 6370//6370
f 6364//6364 6365//6365 6372//6372
f 6365//6365 6366//6366 6373//6373
f 6366//6366 6367//6367 6374//6374
f 6367//6367 6368//6368 6375//6375
f 6368//6368 6369//6369 6376//6376
f 6369//6369 6370//6370 6377//6377
f 6371//6371 6372//6372 6379//6379
f 6372//6372 6373//6373 6380//6380
f 6373//6373 6374//6374 6381//6381
f 6374//6374 6375//6375 6382//6382
f 6375//6375 6376//6376 6383//6383
f 6376//6376 6377//6377 6384//6384
f 6378//6378 6379//6379 6386//6386
f 6379//6379 6380//6380 6387//6387
f 6380//6380 6381//6381 6388//6388
f 6381//6381 6382//6382 6389//6389
f 6382//6382 6383//6383 6390//6390
f 6383//6383 6384//6384 6391//6391
f 3//3 192//192 6343//6343
f 192//192 193//193 6344//6344
f 193//193 194//194 6345//6345
f 194//194 195//195 6346//6346
f 195//195 196//196 6347//6347
f 196//196 197//197 6348//6348
f 197//197 198//198 6349//6349
f 198//198 4//4 1228//1228
f 6349//6349 1228//1228 1229//1229
f 6356//6356 1229//1229 1230//1230
f 6363//6363 1230//1230 1231//1231
f 6370//6370 1231//1231 1232//1232
f 6377//6377 1232//1232 1233//1233
f 6384//6384 1233//1233 1234//1234
f 6391//6391 1234//1234 86//86
f 6390//6390 6391//6391 1517//1517
f 6389//6389 6390//6390 1518//1518
f 6388//6388 6389//6389 1519//1519
f 6387//6387 6388//6388 1520//1520
f 6386//6386 6387//6387 1521//1521
f 6385//6385 6386//6386 1522//1522
f 1227//1227 6385//6385 1523//1523
f 1226//1226 6378//6378 6385//6385
f 1225//1225 6371//6371 6378//6378
f 1224//1224 6364//6364 6371//6371
f 1223//1223 6357//6357 6364//6364
f 1222//1222 6350//6350 6357//6357
f 1221//1221 6343//6343 6350//6350
f 6392//6392 6393//6393 6400//6400
f 6393//6393 6394//6394 6401//6401
f 6394//6394 6395//6395 6402//6402
f 6395//6395 6396//6396 6403//6403
f 6396//6396 6397//6397 6404//6404
f 6397//6397 6398//6398 6405//6405
f 6399//6399 6400//6400 6407//6407
f 6400//6400 6401//6401 6408//6408
f 6401//6401 6402//6402 6409//6409
f 6402//6402 6403//6403 6410//6410
f 6403//6403 6404//6404 6411//6411
f 6404//6404 6405//6405 6412//6412
f 6406//6406 6407//6407 6414//6414
f 6407//6407 6408//6408 6415//6415
f 6408//6408 6409//6409 6416//6416
f 6409//6409 6410//6410 6417//6417
f 6410//6410 6411//6411 6418//6418
f 6411//6411 6412//6412 6419//6419
f 6413//6413 6414//6414 6421//6421
f 6414//6414 6415//6415 6422//6422
f 6415//6415 6416//6416 6423//6423
f 6416//6416 6417//6417 6424//6424
f 6417//6417 6418//6418 6425//6425
f 6418//6418 6419//6419 6426//6426
f 6420//6420 6421//6421 6430//6430
f 6421//6421 6422//6422 6431//6431
f 6422//6422 6423//6423 6433//6433
f 6423//6423 6424//6424 6435//6435
f 6424//6424 6425//6425 6436//6436
f 6425//6425 6426//6426 6437//6437
f 6428//6428 6429//6429 6439//6439
f 6429//6429 6432//6432 6440//6440
f 6432//6432 6434//6434 6441//6441
f 6434//6434 6435//6435 6442//6442
f 6435//6435 6436//6436 6443//6443
f 6436//6436 6437//6437 6444//6444
f 6//6 185//185 6392//6392
f 185//185 186//186 6393//6393
f 186//186 187//187 6394//6394
f 187//187 188//188 6395//6395
f 188//188 189//189 6396//6396
f 189//189 190//190 6397//6397
f 190//190 191//191 6398//6398
f 191//191 3//3 1221//1221
f 6398//6398 1221//1221 1222//1222
f 6405//6405 1222//1222 1223//1223
f 6412//6412 1223//1223 1224//1224
f 6419//6419 1224//1224 1225//1225
f 6426//6426 1225//1225 1226//1226
f 6437//6437 1226//1226 1227//1227
f 6444//6444 1227//1227 85//85
f 6443//6443 6444//6444 1524//1524
f 6442//6442 6443//6443 1525//1525
f 6441//6441 6442//6442 1526//1526
f 6440//6440 6441//6441 1527//1527
f 6439//6439 6440//6440 1528//1528
f 6438//6438 6439//6439 1529//1529
f 1250//1250 6438//6438 1530//1530
f 1249//1249 6428//6428 6438//6438
f 1247//1247 6420//6420 6427//6427
f 1246//1246 6413//6413 6420//6420
f 1245//1245 6406//6406 6413//6413
f 1244//1244 6399//6399 6406//6406
f 1243//1243 6392//6392 6399//6399
f 6445//6445 6446//6446 6453//6453
f 6446//6446 6447//6447 6454//6454
f 6447//6447 6448//6448 6455//6455
f 6448//6448 6449//6449 6456//6456
f 6449//6449 6450//6450 6457//6457
f 6450//6450 6451//6451 6458//6458
f 6452//6452 6453//6453 6460//6460
f 6453//6453 6454//6454 6461//6461
f 6454//6454 6455//6455 6462//6462
f 6455//6455 6456//6456 6463//6463
f 6456//6456 6457//6457 6464//6464
f 6457//6457 6458//6458 6465//6465
f 6459//6459 6460//6460 6467//6467
f 6460//6460 6461//6461 6468//6468
f 6461//6461 6462//6462 6469//6469
f 6462//6462 6463//6463 6470//6470
f 6463//6463 6464//6464 6471//6471
f 6464//6464 6465//6465 6472//6472
f 6466//6466 6467//6467 6474//6474
f 6467//6467 6468//6468 6475//6475
f 6468//6468 6469//6469 6476//6476
f 6469//6469 6470//6470 6477//6477
f 6470//6470 6471//6471 6478//6478
f 6471//6471 6472//6472 6479//6479
f 6473//6473 6474//6474 6481//6481
f 6474//6474 6475//6475 6482//6482
f 6475//6475 6476//6476 6483//6483
f 6476//6476 6477//6477 6486//6486
f 6477//6477 6478//6478 6488//6488
f 6478//6478 6479//6479 6490//6490
f 6480//6480 6481//6481 6492//6492
f 6481//6481 6482//6482 6493//6493
f 6482//6482 6484//6484 6494//6494
f 6484//6484 6485//6485 6495//6495
f 6485//6485 6487//6487 6496//6496
f 6487//6487 6489//6489 6497//6497
f 4//4 184//184 6445//6445
f 184//184 183//183 6446//6446
f 183//183 182//182 6447//6447
f 182//182 181//181 6448//6448
f 181//181 180//180 6449//6449
f 180//180 179//179 6450//6450
f 179//179 178//178 6451//6451
f 178//178 5//5 1235//1235
f 6451//6451 1235//1235 1236//1236
f 6458//6458 1236//1236 1237//1237
f 6465//6465 1237//1237 1238//1238
f 6472//6472 1238//1238 1239//1239
f 6479//6479 1239//1239 1241//1241
f 6489//6489 1240//1240 1242//1242
f 6497//6497 1242//1242 87//87
f 6496//6496 6497//6497 1531//1531
f 6495//6495 6496//6496 1532//1532
f 6494//6494 6495//6495 1533//1533
f 6493//6493 6494//6494 1534//1534
f 6492//6492 6493//6493 1535//1535
f 6491//6491 6492//6492 1536//1536
f 1234//1234 6491//6491 1537//1537
f 1233//1233 6480//6480 6491//6491
f 1232//1232 6473//6473 6480//6480
f 1231//1231 6466//6466 6473//6473
f 1230//1230 6459//6459 6466//6466
f 1229//1229 6452//6452 6459//6459
f 1228//1228 6445//6445 6452//6452
f 6498//6498 6499//6499 6506//6506
f 6499//6499 6500//6500 6507//6507
f 6500//6500 6501//6501 6508//6508
f 6501//6501 6502//6502 6509//6509
f 6502//6502 6503//6503 6510//6510
f 6503//6503 6504//6504 6511//6511
f 6505//6505 6506//6506 6513//6513
f 6506//6506 6507//6507 6514//6514
f 6507//6507 6508//6508 6515//6515
f 6508//6508 6509//6509 6516//6516
f 6509//6509 6510//6510 6517//6517
f 6510//6510 6511//6511 6518//6518
f 6512//6512 6513//6513 6520//6520
f 6513//6513 6514//6514 6521//6521
f 6514//6514 6515//6515 6522//6522
f 6515//6515 6516//6516 6523//6523
f 6516//6516 6517//6517 6524//6524
f 6517//6517 6518//6518 6525//6525
f 6519//6519 6520//6520 6527//6527
f 6520//6520 6521//6521 6528//6528
f 6521//6521 6522//6522 6529//6529
f 6522//6522 6523//6523 6530//6530
f 6523//6523 6524//6524 6531//6531
f 6524//6524 6525//6525 6532//6532
f 6526//6526 6527//6527 6534//6534
f 6527//6527 6528//6528 6535//6535
f 6528//6528 6529//6529 6536//6536
f 6529//6529 6530//6530 6537//6537
f 6530//6530 6531//6531 6538//6538
f 6531//6531 6532//6532 6539//6539
f 6533//6533 6534//6534 6541//6541
f 6534//6534 6535//6535 6542//6542
f 6535//6535 6536//6536 6543//6543
f 6536//6536 6537//6537 6544//6544
f 6537//6537 6538//6538 6545//6545
f 6538//6538 6539//6539 6546//6546
f 74//74 1178//1178 6498//6498
f 1178//1178 1177//1177 6499//6499
f 1177//1177 1176//1176 6500//6500
f 1176//1176 1175//1175 6501//6501
f 1175//1175 1174//1174 6502//6502
f 1174//1174 1173//1173 6503//6503
f 1173//1173 1172//1172 6504//6504
f 1172//1172 107//107 1538//1538
f 6504//6504 1538//1538 1539//1539
f 6511//6511 1539//1539 1540//1540
f 6518//6518 1540//1540 1541//1541
f 6525//6525 1541//1541 1542//1542
f 6532//6532 1542//1542 1543//1543
f 6539//6539 1543//1543 1544//1544
f 6546//6546 1544//1544 91//91
f 6545//6545 6546//6546 1271//1271
f 6544//6544 6545//6545 1270//1270
f 6543//6543 6544//6544 1269//1269
f 6542//6542 6543//6543 1268//1268
f 6541//6541 6542//6542 1267//1267
f 6540//6540 6541//6541 1266//1266
f 821//821 6540//6540 1265//1265
f 820//820 6533//6533 6540//6540
f 819//819 6526//6526 6533//6533
f 818//818 6519//6519 6526//6526
f 817//817 6512//6512 6519//6519
f 816//816 6505//6505 6512//6512
f 815//815 6498//6498 6505//6505
f 6547//6547 6548//6548 6555//6555
f 6548//6548 6549//6549 6556//6556
f 6549//6549 6550//6550 6557//6557
f 6550//6550 6551//6551 6558//6558
f 6551//6551 6552//6552 6559//6559
f 6552//6552 6553//6553 6560//6560
f 6554//6554 6555//6555 6562//6562
f 6555//6555 6556//6556 6563//6563
f 6556//6556 6557//6557 6564//6564
f 6557//6557 6558//6558 6565//6565
f 6558//6558 6559//6559 6566//6566
f 6559//6559 6560//6560 6567//6567
f 6561//6561 6562//6562 6569//6569
f 6562//6562 6563//6563 6570//6570
f 6563//6563 6564//6564 6571//6571
f 6564//6564 6565//6565 6572//6572
f 6565//6565 6566//6566 6573//6573
f 6566//6566 6567//6567 6574//6574
f 6568//6568 6569//6569 6576//6576
f 6569//6569 6570//6570 6577//6577
f 6570//6570 6571//6571 6578//6578
f 6571//6571 6572//6572 6579//6579
f 6572//6572 6573//6573 6580//6580
f 6573//6573 6574//6574 6581//6581
f 6575//6575 6576//6576 6583//6583
f 6576//6576 6577//6577 6584//6584
f 6577//6577 6578//6578 6585//6585
f 6578//6578 6579//6579 6586//6586
f 6579//6579 6580//6580 6587//6587
f 6580//6580 6581//6581 6588//6588
f 6582//6582 6583//6583 6590//6590
f 6583//6583 6584//6584 6591//6591
f 6584//6584 6585//6585 6592//6592
f 6585//6585 6586//6586 6593//6593
f 6586//6586 6587//6587 6594//6594
f 6587//6587 6588//6588 6595//6595
f 39//39 170//170 6547//6547
f 170//170 169//169 6548//6548
f 169//169 168//168 6549//6549
f 168//168 167//167 6550//6550
f 167//167 166//166 6551//6551
f 166//166 165//165 6552//6552
f 165//165 164//164 6553//6553
f 164//164 41//41 1272//1272
f 6553//6553 1272//1272 1273//1273
f 6560//6560 1273//1273 1274//1274
f 6567//6567 1274//1274 1275//1275
f 6574//6574 1275//1275 1276//1276
f 6581//6581 1276//1276 1277//1277
f 6588//6588 1277//1277 1278//1278
f 6595//6595 1278//1278 92//92
f 6594//6594 6595//6595 1545//1545
f 6593//6593 6594//6594 1546//1546
f 6592//6592 6593//6593 1547//1547
f 6591//6591 6592//6592 1548//1548
f 6590//6590 6591//6591 1549//1549
f 6589//6589 6590//6590 1550//1550
f 1257//1257 6589//6589 1551//1551
f 1256//1256 6582//6582 6589//6589
f 1255//1255 6575//6575 6582//6582
f 1254//1254 6568//6568 6575//6575
f 1253//1253 6561//6561 6568//6568
f 1252//1252 6554//6554 6561//6561
f 1251//1251 6547//6547 6554//6554
f 6596//6596 6597//6597 6604//6604
f 6597//6597 6598//6598 6605//6605
f 6598//6598 6599//6599 6606//6606
f 6599//6599 6600//6600 6607//6607
f 6600//6600 6601//6601 6608//6608
f 6601//6601 6602//6602 6609//6609
f 6603//6603 6604//6604 6611//6611
f 6604//6604 6605//6605 6612//6612
f 6605//6605 6606//6606 6613//6613
f 6606//6606 6607//6607 6614//6614
f 6607//6607 6608//6608 6615//6615
f 6608//6608 6609//6609 6616//6616
f 6610//6610 6611//6611 6618//6618
f 6611//6611 6612//6612 6619//6619
f 6612//6612 6613//6613 6620//6620
f 6613//6613 6614//6614 6621//6621
f 6614//6614 6615//6615 6622//6622
f 6615//6615 6616//6616 6623//6623
f 6617//6617 6618//6618 6625//6625
f 6618//6618 6619//6619 6626//6626
f 6619//6619 6620//6620 6627//6627
f 6620//6620 6621//6621 6628//6628
f 6621//6621 6622//6622 6629//6629
f 6622//6622 6623//6623 6630//6630
f 6624//6624 6625//6625 6632//6632
f 6625//6625 6626//6626 6633//6633
f 6626//6626 6627//6627 6634//6634
f 6627//6627 6628//6628 6635//6635
f 6628//6628 6629//6629 6636//6636
f 6629//6629 6630//6630 6637//6637
f 6631//6631 6632//6632 6639//6639
f 6632//6632 6633//6633 6640//6640
f 6633//6633 6634//6634 6641//6641
f 6634//6634 6635//6635 6642//6642
f 6635//6635 6636//6636 6643//6643
f 6636//6636 6637//6637 6644//6644
f 50//50 688//688 6596//6596
f 688//688 687//687 6597//6597
f 687//687 686//686 6598//6598
f 686//686 685//685 6599//6599
f 685//685 684//684 6600//6600
f 684//684 683//683 6601//6601
f 683//683 682//682 6602//6602
f 682//682 98//98 1552//1552
f 6602//6602 1552//1552 1553//1553
f 6609//6609 1553//1553 1554//1554
f 6616//6616 1554//1554 1555//1555
f 6623//6623 1555//1555 1556//1556
f 6630//6630 1556//1556 1557//1557
f 6637//6637 1557//1557 1558//1558
f 6644//6644 1558//1558 96//96
f 6643//6643 6644//6644 640//640
f 6642//6642 6643//6643 641//641
f 6641//6641 6642//6642 642//642
f 6640//6640 6641//6641 643//643
f 6639//6639 6640//6640 644//644
f 6638//6638 6639//6639 645//645
f 506//506 6638//6638 646//646
f 505//505 6631//6631 6638//6638
f 504//504 6624//6624 6631//6631
f 503//503 6617//6617 6624//6624
f 502//502 6610//6610 6617//6617
f 501//501 6603//6603 6610//6610
f 500//500 6596//6596 6603//6603
f 1567//1567 1566//1566 1559//1559
f 1568//1568 1567//1567 1560//1560
f 1569//1569 1568//1568 1561//1561
f 1570//1570 1569//1569 1562//1562
f 1571//1571 1570//1570 1563//1563
f 1572//1572 1571//1571 1564//1564
f 1574//1574 1573//1573 1566//1566
f 1575//1575 1574//1574 1567//1567
f 1576//1576 1575//1575 1568//1568
f 1577//1577 1576//1576 1569//1569
f 1578//1578 1577//1577 1570//1570
f 1579//1579 1578//1578 1571//1571
f 1581//1581 1580//1580 1573//1573
f 1582//1582 1581//1581 1574//1574
f 1583//1583 1582//1582 1575//1575
f 1584//1584 1583//1583 1576//1576
f 1585//1585 1584//1584 1577//1577
f 1586//1586 1585//1585 1578//1578
f 1588//1588 1587//1587 1580//1580
f 1589//1589 1588//1588 1581//1581
f 1590//1590 1589//1589 1582//1582
f 1591//1591 1590//1590 1583//1583
f 1592//1592 1591//1591 1584//1584
f 1593//1593 1592//1592 1585//1585
f 1595//1595 1594//1594 1587//1587
f 1596//1596 1595//1595 1588//1588
f 1597//1597 1596//1596 1589//1589
f 1598//1598 1597//1597 1590//1590
f 1599//1599 1598//1598 1591//1591
f 1600//1600 1599//1599 1592//1592
f 1602//1602 1601//1601 1594//1594
f 1603//1603 1602//1602 1595//1595
f 1604//1604 1603//1603 1596//1596
f 1605//1605 1604//1604 1597//1597
f 1606//1606 1605//1605 1598//1598
f 1607//1607 1606//1606 1599//1599
f 1559//1559 143//143 7//7
f 1560//1560 1559//1559 108//108
f 1561//1561 1560//1560 109//109
f 1562//1562 1561//1561 110//110
f 1563//1563 1562//1562 111//111
f 1564//1564 1563//1563 112//112
f 1565//1565 1564//1564 113//113
f 128//128 1565//1565 114//114
f 127//127 1572//1572 1565//1565
f 126//126 1579//1579 1572//1572
f 125//125 1586//1586 1579//1579
f 124//124 1593//1593 1586//1586
f 123//123 1600//1600 1593//1593
f 122//122 1607//1607 1600//1600
f 10//10 121//121 1607//1607
f 121//121 120//120 1606//1606
f 120//120 119//119 1605//1605
f 119//119 118//118 1604//1604
f 118//118 117//117 1603//1603
f 117//117 116//116 1602//1602
f 116//116 115//115 1601//1601
f 115//115 9//9 149//149
f 1601//1601 149//149 148//148
f 1594//1594 148//148 147//147
f 1587//1587 147//147 146//146
f 1580//1580 146//146 145//145
f 1573//1573 145//145 144//144
f 1566//1566 144//144 143//143
f 1616//1616 1615//1615 1608//1608
f 1617//1617 1616//1616 1609//1609
f 1618//1618 1617//1617 1610//1610
f 1619//1619 1618//1618 1611//1611
f 1620//1620 1619//1619 1612//1612
f 1621//1621 1620//1620 1613//1613
f 1623//1623 1622//1622 1615//1615
f 1624//1624 1623//1623 1616//1616
f 1625//1625 1624//1624 1617//1617
f 1626//1626 1625//1625 1618//1618
f 1627//1627 1626//1626 1619//1619
f 1628//1628 1627//1627 1620//1620
f 1630//1630 1629//1629 1622//1622
f 1631//1631 1630//1630 1623//1623
f 1632//1632 1631//1631 1624//1624
f 1633//1633 1632//1632 1625//1625
f 1634//1634 1633//1633 1626//1626
f 1635//1635 1634//1634 1627//1627
f 1637//1637 1636//1636 1629//1629
f 1638//1638 1637//1637 1630//1630
f 1639//1639 1638//1638 1631//1631
f 1640//1640 1639//1639 1632//1632
f 1641//1641 1640//1640 1633//1633
f 1642//1642 1641//1641 1634//1634
f 1644//1644 1643//1643 1636//1636
f 1645//1645 1644//1644 1637//1637
f 1646//1646 1645//1645 1638//1638
f 1647//1647 1646//1646 1639//1639
f 1648//1648 1647//1647 1640//1640
f 1649//1649 1648//1648 1641//1641
f 1651//1651 1650//1650 1643//1643
f 1652//1652 1651//1651 1644//1644
f 1653//1653 1652//1652 1645//1645
f 1654//1654 1653//1653 1646//1646
f 1655//1655 1654//1654 1647//1647
f 1656//1656 1655//1655 1648//1648
f 1608//1608 1552//1552 98//98
f 1609//1609 1608//1608 1320//1320
f 1610//1610 1609//1609 1319//1319
f 1611//1611 1610//1610 1318//1318
f 1612//1612 1611//1611 1317//1317
f 1613//1613 1612//1612 1316//1316
f 1614//1614 1613//1613 1315//1315
f 290//290 1614//1614 1314//1314
f 291//291 1621//1621 1614//1614
f 292//292 1628//1628 1621//1621
f 293//293 1635//1635 1628//1628
f 294//294 1642//1642 1635//1635
f 295//295 1649//1649 1642//1642
f 296//296 1656//1656 1649//1649
f 38//38 1300//1300 1656//1656
f 1300//1300 1301//1301 1655//1655
f 1301//1301 1302//1302 1654//1654
f 1302//1302 1303//1303 1653//1653
f 1303//1303 1304//1304 1652//1652
f 1304//1304 1305//1305 1651//1651
f 1305//1305 1306//1306 1650//1650
f 1306//1306 96//96 1558//1558
f 1650//1650 1558//1558 1557//1557
f 1643//1643 1557//1557 1556//1556
f 1636//1636 1556//1556 1555//1555
f 1629//1629 1555//1555 1554//1554
f 1622//1622 1554//1554 1553//1553
f 1615//1615 1553//1553 1552//1552
f 1665//1665 1664//1664 1657//1657
f 1666//1666 1665//1665 1658//1658
f 1667//1667 1666//1666 1659//1659
f 1668//1668 1667//1667 1660//1660
f 1669//1669 1668//1668 1661//1661
f 1670//1670 1669//1669 1662//1662
f 1672//1672 1671//1671 1664//1664
f 1673//1673 1672//1672 1665//1665
f 1674//1674 1673//1673 1666//1666
f 1675//1675 1674//1674 1667//1667
f 1676//1676 1675//1675 1668//1668
f 1677//1677 1676//1676 1669//1669
f 1679//1679 1678//1678 1671//1671
f 1680//1680 1679//1679 1672//1672
f 1681//1681 1680//1680 1673//1673
f 1682//1682 1681//1681 1674//1674
f 1683//1683 1682//1682 1675//1675
f 1684//1684 1683//1683 1676//1676
f 1686//1686 1685//1685 1678//1678
f 1687//1687 1686//1686 1679//1679
f 1688//1688 1687//1687 1680//1680
f 1689//1689 1688//1688 1681//1681
f 1690//1690 1689//1689 1682//1682
f 1691//1691 1690//1690 1683//1683
f 1693//1693 1692//1692 1685//1685
f 1694//1694 1693//1693 1686//1686
f 1695//1695 1694//1694 1687//1687
f 1696//1696 1695//1695 1688//1688
f 1697//1697 1696//1696 1689//1689
f 1698//1698 1697//1697 1690//1690
f 1700//1700 1699//1699 1692//1692
f 1701//1701 1700//1700 1693//1693
f 1702//1702 1701//1701 1694//1694
f 1703//1703 1702//1702 1695//1695
f 1704//1704 1703//1703 1696//1696
f 1705//1705 1704//1704 1697//1697
f 1657//1657 233//233 8//8
f 1658//1658 1657//1657 114//114
f 1659//1659 1658//1658 113//113
f 1660//1660 1659//1659 112//112
f 1661//1661 1660//1660 111//111
f 1662//1662 1661//1661 110//110
f 1663//1663 1662//1662 109//109
f 234//234 1663//1663 108//108
f 235//235 1670//1670 1663//1663
f 236//236 1677//1677 1670//1670
f 237//237 1684//1684 1677//1677
f 238//238 1691//1691 1684//1684
f 239//239 1698//1698 1691//1691
f 240//240 1705//1705 1698//1698
f 5//5 178//178 1705//1705
f 178//178 179//179 1704//1704
f 179//179 180//180 1703//1703
f 180//180 181//181 1702//1702
f 181//181 182//182 1701//1701
f 182//182 183//183 1700//1700
f 183//183 184//184 1699//1699
f 184//184 4//4 227//227
f 1699//1699 227//227 228//228
f 1692//1692 228//228 229//229
f 1685//1685 229//229 230//230
f 1678//1678 230//230 231//231
f 1671//1671 231//231 232//232
f 1664//1664 232//232 233//233
f 1714//1714 1713//1713 1706//1706
f 1715//1715 1714//1714 1707//1707
f 1716//1716 1715//1715 1708//1708
f 1717//1717 1716//1716 1709//1709
f 1718//1718 1717//1717 1710//1710
f 1719//1719 1718//1718 1711//1711
f 1721//1721 1720//1720 1713//1713
f 1722//1722 1721//1721 1714//1714
f 1723//1723 1722//1722 1715//1715
f 1724//1724 1723//1723 1716//1716
f 1725//1725 1724//1724 1717//1717
f 1726//1726 1725//1725 1718//1718
f 1728//1728 1727//1727 1720//1720
f 1729//1729 1728//1728 1721//1721
f 1730//1730 1729//1729 1722//1722
f 1731//1731 1730//1730 1723//1723
f 1732//1732 1731//1731 1724//1724
f 1733//1733 1732//1732 1725//1725
f 1735//1735 1734//1734 1727//1727
f 1736//1736 1735//1735 1728//1728
f 1737//1737 1736//1736 1729//1729
f 1738//1738 1737//1737 1730//1730
f 1739//1739 1738//1738 1731//1731
f 1740//1740 1739//1739 1732//1732
f 1742//1742 1741//1741 1734//1734
f 1743//1743 1742//1742 1735//1735
f 1744//1744 1743//1743 1736//1736
f 1745//1745 1744//1744 1737//1737
f 1746//1746 1745//1745 1738//1738
f 1747//1747 1746//1746 1739//1739
f 1749//1749 1748//1748 1741//1741
f 1750//1750 1749//1749 1742//1742
f 1751//1751 1750//1750 1743//1743
f 1752//1752 1751//1751 1744//1744
f 1753//1753 1752//1752 1745//1745
f 1754//1754 1753//1753 1746//1746
f 1706//1706 247//247 9//9
f 1707//1707 1706//1706 115//115
f 1708//1708 1707//1707 116//116
f 1709//1709 1708//1708 117//117
f 1710//1710 1709//1709 118//118
f 1711//1711 1710//1710 119//119
f 1712//1712 1711//1711 120//120
f 248//248 1712//1712 121//121
f 249//249 1719//1719 1712//1712
f 250//250 1726//1726 1719//1719
f 251//251 1733//1733 1726//1726
f 252//252 1740//1740 1733//1733
f 253//253 1747//1747 1740//1740
f 254//254 1754//1754 1747//1747
f 3//3 191//191 1754//1754
f 191//191 190//190 1753//1753
f 190//190 189//189 1752//1752
f 189//189 188//188 1751//1751
f 188//188 187//187 1750//1750
f 187//187 186//186 1749//1749
f 186//186 185//185 1748//1748
f 185//185 6//6 241//241
f 1748//1748 241//241 242//242
f 1741//1741 242//242 243//243
f 1734//1734 243//243 244//244
f 1727//1727 244//244 245//245
f 1720//1720 245//245 246//246
f 1713//1713 246//246 247//247
f 1763//1763 1762//1762 1755//1755
f 1764//1764 1763//1763 1756//1756
f 1765//1765 1764//1764 1757//1757
f 1766//1766 1765//1765 1758//1758
f 1767//1767 1766//1766 1759//1759
f 1768//1768 1767//1767 1760//1760
f 1770//1770 1769//1769 1762//1762
f 1771//1771 1770//1770 1763//1763
f 1772//1772 1771//1771 1764//1764
f 1773//1773 1772//1772 1765//1765
f 1774//1774 1773//1773 1766//1766
f 1775//1775 1774//1774 1767//1767
f 1777//1777 1776//1776 1769//1769
f 1778//1778 1777//1777 1770//1770
f 1779//1779 1778//1778 1771//1771
f 1780//1780 1779//1779 1772//1772
f 1781//1781 1780//1780 1773//1773
f 1782//1782 1781//1781 1774//1774
f 1784//1784 1783//1783 1776//1776
f 1785//1785 1784//1784 1777//1777
f 1786//1786 1785//1785 1778//1778
f 1787//1787 1786//1786 1779//1779
f 1788//1788 1787//1787 1780//1780
f 1789//1789 1788//1788 1781//1781
f 1791//1791 1790//1790 1783//1783
f 1792//1792 1791//1791 1784//1784
f 1793//1793 1792//1792 1785//1785
f 1794//1794 1793//1793 1786//1786
f 1795//1795 1794//1794 1787//1787
f 1796//1796 1795//1795 1788//1788
f 1798//1798 1797//1797 1790//1790
f 1799//1799 1798//1798 1791//1791
f 1800//1800 1799//1799 1792//1792
f 1801//1801 1800//1800 1793//1793
f 1802//1802 1801//1801 1794//1794
f 1803//1803 1802//1802 1795//1795
f 1755//1755 248//248 10//10
f 1756//1756 1755//1755 122//122
f 1757//1757 1756//1756 123//123
f 1758//1758 1757//1757 124//124
f 1759//1759 1758//1758 125//125
f 1760//1760 1759//1759 126//126
f 1761//1761 1760//1760 127//127
f 233//233 1761//1761 128//128
f 232//232 1768//1768 1761//1761
f 231//231 1775//1775 1768//1768
f 230//230 1782//1782 1775//1775
f 229//229 1789//1789 1782//1782
f 228//228 1796//1796 1789//1789
f 227//227 1803//1803 1796//1796
f 4//4 198//198 1803//1803
f 198//198 197//197 1802//1802
f 197//197 196//196 1801//1801
f 196//196 195//195 1800//1800
f 195//195 194//194 1799//1799
f 194//194 193//193 1798//1798
f 193//193 192//192 1797//1797
f 192//192 3//3 254//254
f 1797//1797 254//254 253//253
f 1790//1790 253//253 252//252
f 1783//1783 252//252 251//251
f 1776//1776 251//251 250//250
f 1769//1769 250//250 249//249
f 1762//1762 249//249 248//248
f 1812//1812 1811//1811 1804//1804
f 1813//1813 1812//1812 1805//1805
f 1814//1814 1813//1813 1806//1806
f 1815//1815 1814//1814 1807//1807
f 1816//1816 1815//1815 1808//1808
f 1817//1817 1816//1816 1809//1809
f 1819//1819 1818//1818 1811//1811
f 1820//1820 1819//1819 1812//1812
f 1821//1821 1820//1820 1813//1813
f 1822//1822 1821//1821 1814//1814
f 1823//1823 1822//1822 1815//1815
f 1824//1824 1823//1823 1816//1816
f 1826//1826 1825//1825 1818//1818
f 1827//1827 1826//1826 1819//1819
f 1828//1828 1827//1827 1820//1820
f 1829//1829 1828//1828 1821//1821
f 1830//1830 1829//1829 1822//1822
f 1831//1831 1830//1830 1823//1823
f 1833//1833 1832//1832 1825//1825
f 1834//1834 1833//1833 1826//1826
f 1835//1835 1834//1834 1827//1827
f 1836//1836 1835//1835 1828//1828
f 1837//1837 1836//1836 1829//1829
f 1838//1838 1837//1837 1830//1830
f 1840//1840 1839//1839 1832//1832
f 1841//1841 1840//1840 1833//1833
f 1842//1842 1841//1841 1834//1834
f 1843//1843 1842//1842 1835//1835
f 1844//1844 1843//1843 1836//1836
f 1845//1845 1844//1844 1837//1837
f 1847//1847 1846//1846 1839//1839
f 1848//1848 1847//1847 1840//1840
f 1849//1849 1848//1848 1841//1841
f 1850//1850 1849//1849 1842//1842
f 1851//1851 1850//1850 1843//1843
f 1852//1852 1851//1851 1844//1844
f 1804//1804 234//234 7//7
f 1805//1805 1804//1804 135//135
f 1806//1806 1805//1805 134//134
f 1807//1807 1806//1806 133//133
f 1808//1808 1807//1807 132//132
f 1809//1809 1808//1808 131//131
f 1810//1810 1809//1809 130//130
f 255//255 1810//1810 129//129
f 256//256 1817//1817 1810//1810
f 257//257 1824//1824 1817//1817
f 258//258 1831//1831 1824//1824
f 259//259 1838//1838 1831//1831
f 260//260 1845//1845 1838//1838
f 261//261 1852//1852 1845//1845
f 1//1 199//199 1852//1852
f 199//199 200//200 1851//1851
f 200//200 201//201 1850//1850
f 201//201 202//202 1849//1849
f 202//202 203//203 1848//1848
f 203//203 204//204 1847//1847
f 204//204 205//205 1846//1846
f 205//205 5//5 240//240
f 1846//1846 240//240 239//239
f 1839//1839 239//239 238//238
f 1832//1832 238//238 237//237
f 1825//1825 237//237 236//236
f 1818//1818 236//236 235//235
f 1811//1811 235//235 234//234
f 1861//1861 1860//1860 1853//1853
f 1862//1862 1861//1861 1854//1854
f 1863//1863 1862//1862 1855//1855
f 1864//1864 1863//1863 1856//1856
f 1865//1865 1864//1864 1857//1857
f 1866//1866 1865//1865 1858//1858
f 1868//1868 1867//1867 1860//1860
f 1869//1869 1868//1868 1861//1861
f 1870//1870 1869//1869 1862//1862
f 1871//1871 1870//1870 1863//1863
f 1872//1872 1871//1871 1864//1864
f 1873//1873 1872//1872 1865//1865
f 1875//1875 1874//1874 1867//1867
f 1876//1876 1875//1875 1868//1868
f 1877//1877 1876//1876 1869//1869
f 1878//1878 1877//1877 1870//1870
f 1879//1879 1878//1878 1871//1871
f 1880//1880 1879//1879 1872//1872
f 1882//1882 1881//1881 1874//1874
f 1883//1883 1882//1882 1875//1875
f 1884//1884 1883//1883 1876//1876
f 1885//1885 1884//1884 1877//1877
f 1886//1886 1885//1885 1878//1878
f 1887//1887 1886//1886 1879//1879
f 1889//1889 1888//1888 1881//1881
f 1890//1890 1889//1889 1882//1882
f 1891//1891 1890//1890 1883//1883
f 1892//1892 1891//1891 1884//1884
f 1893//1893 1892//1892 1885//1885
f 1894//1894 1893//1893 1886//1886
f 1896//1896 1895//1895 1888//1888
f 1897//1897 1896//1896 1889//1889
f 1898//1898 1897//1897 1890//1890
f 1899//1899 1898//1898 1891//1891
f 1900//1900 1899//1899 1892//1892
f 1901//1901 1900//1900 1893//1893
f 1853//1853 268//268 12//12
f 1854//1854 1853//1853 136//136
f 1855//1855 1854//1854 137//137
f 1856//1856 1855//1855 138//138
f 1857//1857 1856//1856 139//139
f 1858//1858 1857//1857 140//140
f 1859//1859 1858//1858 141//141
f 247//247 1859//1859 142//142
f 246//246 1866//1866 1859//1859
f 245//245 1873//1873 1866//1866
f 244//244 1880//1880 1873//1873
f 243//243 1887//1887 1880//1880
f 242//242 1894//1894 1887//1887
f 241//241 1901//1901 1894//1894
f 6//6 212//212 1901//1901
f 212//212 211//211 1900//1900
f 211//211 210//210 1899//1899
f 210//210 209//209 1898//1898
f 209//209 208//208 1897//1897
f 208//208 207//207 1896//1896
f 207//207 206//206 1895//1895
f 206//206 2//2 262//262
f 1895//1895 262//262 263//263
f 1888//1888 263//263 264//264
f 1881//1881 264//264 265//265
f 1874//1874 265//265 266//266
f 1867//1867 266//266 267//267
f 1860//1860 267//267 268//268
f 1910//1910 1909//1909 1902//1902
f 1911//1911 1910//1910 1903//1903
f 1912//1912 1911//1911 1904//1904
f 1913//1913 1912//1912 1905//1905
f 1914//1914 1913//1913 1906//1906
f 1915//1915 1914//1914 1907//1907
f 1917//1917 1916//1916 1909//1909
f 1918//1918 1917//1917 1910//1910
f 1919//1919 1918//1918 1911//1911
f 1920//1920 1919//1919 1912//1912
f 1921//1921 1920//1920 1913//1913
f 1922//1922 1921//1921 1914//1914
f 1924//1924 1923//1923 1916//1916
f 1925//1925 1924//1924 1917//1917
f 1926//1926 1925//1925 1918//1918
f 1927//1927 1926//1926 1919//1919
f 1928//1928 1927//1927 1920//1920
f 1929//1929 1928//1928 1921//1921
f 1931//1931 1930//1930 1923//1923
f 1932//1932 1931//1931 1924//1924
f 1933//1933 1932//1932 1925//1925
f 1934//1934 1933//1933 1926//1926
f 1935//1935 1934//1934 1927//1927
f 1936//1936 1935//1935 1928//1928
f 1938//1938 1937//1937 1930//1930
f 1939//1939 1938//1938 1931//1931
f 1940//1940 1939//1939 1932//1932
f 1941//1941 1940//1940 1933//1933
f 1942//1942 1941//1941 1934//1934
f 1943//1943 1942//1942 1935//1935
f 1945//1945 1944//1944 1937//1937
f 1946//1946 1945//1945 1938//1938
f 1947//1947 1946//1946 1939//1939
f 1948//1948 1947//1947 1940//1940
f 1949//1949 1948//1948 1941//1941
f 1950//1950 1949//1949 1942//1942
f 1902//1902 255//255 11//11
f 1903//1903 1902//1902 156//156
f 1904//1904 1903//1903 155//155
f 1905//1905 1904//1904 154//154
f 1906//1906 1905//1905 153//153
f 1907//1907 1906//1906 152//152
f 1908//1908 1907//1907 151//151
f 275//275 1908//1908 150//150
f 274//274 1915//1915 1908//1908
f 273//273 1922//1922 1915//1915
f 272//272 1929//1929 1922//1922
f 271//271 1936//1936 1929//1929
f 270//270 1943//1943 1936//1936
f 269//269 1950//1950 1943//1943
f 39//39 213//213 1950//1950
f 213//213 214//214 1949//1949
f 214//214 215//215 1948//1948
f 215//215 216//216 1947//1947
f 216//216 217//217 1946//1946
f 217//217 218//218 1945//1945
f 218//218 219//219 1944//1944
f 219//219 1//1 261//261
f 1944//1944 261//261 260//260
f 1937//1937 260//260 259//259
f 1930//1930 259//259 258//258
f 1923//1923 258//258 257//257
f 1916//1916 257//257 256//256
f 1909//1909 256//256 255//255
f 1959//1959 1958//1958 1951//1951
f 1960//1960 1959//1959 1952//1952
f 1961//1961 1960//1960 1953//1953
f 1962//1962 1961//1961 1954//1954
f 1963//1963 1962//1962 1955//1955
f 1964//1964 1963//1963 1956//1956
f 1966//1966 1965//1965 1958//1958
f 1967//1967 1966//1966 1959//1959
f 1968//1968 1967//1967 1960//1960
f 1969//1969 1968//1968 1961//1961
f 1970//1970 1969//1969 1962//1962
f 1971//1971 1970//1970 1963//1963
f 1973//1973 1972//1972 1965//1965
f 1974//1974 1973//1973 1966//1966
f 1975//1975 1974//1974 1967//1967
f 1976//1976 1975//1975 1968//1968
f 1977//1977 1976//1976 1969//1969
f 1978//1978 1977//1977 1970//1970
f 1980//1980 1979//1979 1972//1972
f 1981//1981 1980//1980 1973//1973
f 1982//1982 1981//1981 1974//1974
f 1983//1983 1982//1982 1975//1975
f 1984//1984 1983//1983 1976//1976
f 1985//1985 1984//1984 1977//1977
f 1987//1987 1986//1986 1979//1979
f 1988//1988 1987//1987 1980//1980
f 1989//1989 1988//1988 1981//1981
f 1990//1990 1989//1989 1982//1982
f 1991//1991 1990//1990 1983//1983
f 1992//1992 1991//1991 1984//1984
f 1994//1994 1993//1993 1986//1986
f 1995//1995 1994//1994 1987//1987
f 1996//1996 1995//1995 1988//1988
f 1997//1997 1996//1996 1989//1989
f 1998//1998 1997//1997 1990//1990
f 1999//1999 1998//1998 1991//1991
f 1951//1951 276//276 14//14
f 1952//1952 1951//1951 163//163
f 1953//1953 1952//1952 162//162
f 1954//1954 1953//1953 161//161
f 1955//1955 1954//1954 160//160
f 1956//1956 1955//1955 159//159
f 1957//1957 1956//1956 158//158
f 268//268 1957//1957 157//157
f 267//267 1964//1964 1957//1957
f 266//266 1971//1971 1964//1964
f 265//265 1978//1978 1971//1971
f 264//264 1985//1985 1978//1978
f 263//263 1992//1992 1985//1985
f 262//262 1999//1999 1992//1992
f 2//2 220//220 1999//1999
f 220//220 221//221 1998//1998
f 221//221 222//222 1997//1997
f 222//222 223//223 1996//1996
f 223//223 224//224 1995//1995
f 224//224 225//225 1994//1994
f 225//225 226//226 1993//1993
f 226//226 40//40 282//282
f 1993//1993 282//282 281//281
f 1986//1986 281//281 280//280
f 1979//1979 280//280 279//279
f 1972//1972 279//279 278//278
f 1965//1965 278//278 277//277
f 1958//1958 277//277 276//276
f 2006//2006 2005//2005 2001//2001
f 2007//2007 2006//2006 2002//2002
f 2008//2008 2007//2007 2003//2003
f 2010//2010 2009//2009 2005//2005
f 2011//2011 2010//2010 2006//2006
f 2012//2012 2011//2011 2007//2007
f 2018//2018 2017//2017 2013//2013
f 2019//2019 2018//2018 2014//2014
f 2020//2020 2019//2019 2015//2015
f 2022//2022 2021//2021 2017//2017
f 2023//2023 2022//2022 2018//2018
f 2024//2024 2023//2023 2019//2019
f 2030//2030 2029//2029 2025//2025
f 2031//2031 2030//2030 2026//2026
f 2032//2032 2031//2031 2027//2027
f 2034//2034 2033//2033 2029//2029
f 2035//2035 2034//2034 2030//2030
f 2036//2036 2035//2035 2031//2031
f 2042//2042 2041//2041 2037//2037
f 2043//2043 2042//2042 2038//2038
f 2044//2044 2043//2043 2039//2039
f 2046//2046 2045//2045 2041//2041
f 2047//2047 2046//2046 2042//2042
f 2048//2048 2047//2047 2043//2043
f 2054//2054 2053//2053 2049//2049
f 2055//2055 2054//2054 2050//2050
f 2056//2056 2055//2055 2051//2051
f 2058//2058 2057//2057 2053//2053
f 2059//2059 2058//2058 2054//2054
f 2060//2060 2059//2059 2055//2055
f 2066//2066 2065//2065 2061//2061
f 2067//2067 2066//2066 2062//2062
f 2068//2068 2067//2067 2063//2063
f 2070//2070 2069//2069 2065//2065
f 2071//2071 2070//2070 2066//2066
f 2072//2072 2071//2071 2067//2067
f 2008//2008 2004//2004 2021//2021
f 2012//2012 2008//2008 2022//2022
f 2020//2020 2016//2016 2033//2033
f 2024//2024 2020//2020 2034//2034
f 2032//2032 2028//2028 2045//2045
f 2036//2036 2032//2032 2046//2046
f 2044//2044 2040//2040 2057//2057
f 2048//2048 2044//2044 2058//2058
f 2056//2056 2052//2052 2069//2069
f 2060//2060 2056//2056 2070//2070
f 2068//2068 2064//2064 2009//2009
f 2072//2072 2068//2068 2010//2010
f 2000//2000 2072//2072 2011//2011
f 2000//2000 2012//2012 2023//2023
f 2000//2000 2024//2024 2035//2035
f 2000//2000 2036//2036 2047//2047
f 2000//2000 2048//2048 2059//2059
f 2000//2000 2060//2060 2071//2071
f 2001//2001 136//136 12//12
f 2002//2002 2001//2001 157//157
f 2003//2003 2002//2002 158//158
f 2004//2004 2003//2003 159//159
f 2005//2005 137//137 136//136
f 2009//2009 138//138 137//137
f 2064//2064 139//139 138//138
f 2013//2013 163//163 14//14
f 2014//2014 2013//2013 954//954
f 2015//2015 2014//2014 953//953
f 2016//2016 2015//2015 952//952
f 2017//2017 162//162 163//163
f 2021//2021 161//161 162//162
f 2004//2004 160//160 161//161
f 2025//2025 948//948 13//13
f 2026//2026 2025//2025 150//150
f 2027//2027 2026//2026 151//151
f 2028//2028 2027//2027 152//152
f 2029//2029 949//949 948//948
f 2033//2033 950//950 949//949
f 2016//2016 951//951 950//950
f 2037//2037 156//156 11//11
f 2038//2038 2037//2037 129//129
f 2039//2039 2038//2038 130//130
f 2040//2040 2039//2039 131//131
f 2041//2041 155//155 156//156
f 2045//2045 154//154 155//155
f 2028//2028 153//153 154//154
f 2049//2049 135//135 7//7
f 2050//2050 2049//2049 143//143
f 2051//2051 2050//2050 144//144
f 2052//2052 2051//2051 145//145
f 2053//2053 134//134 135//135
f 2057//2057 133//133 134//134
f 2040//2040 132//132 133//133
f 2061//2061 149//149 9//9
f 2062//2062 2061//2061 142//142
f 2063//2063 2062//2062 141//141
f 2064//2064 2063//2063 140//140
f 2065//2065 148//148 149//149
f 2069//2069 147//147 148//148
f 2052//2052 146//146 147//147
f 2081//2081 2080//2080 2073//2073
f 2082//2082 2081//2081 2074//2074
f 2083//2083 2082//2082 2075//2075
f 2084//2084 2083//2083 2076//2076
f 2085//2085 2084//2084 2077//2077
f 2086//2086 2085//2085 2078//2078
f 2088//2088 2087//2087 2080//2080
f 2089//2089 2088//2088 2081//2081
f 2090//2090 2089//2089 2082//2082
f 2091//2091 2090//2090 2083//2083
f 2092//2092 2091//2091 2084//2084
f 2093//2093 2092//2092 2085//2085
f 2095//2095 2094//2094 2087//2087
f 2096//2096 2095//2095 2088//2088
f 2097//2097 2096//2096 2089//2089
f 2098//2098 2097//2097 2090//2090
f 2099//2099 2098//2098 2091//2091
f 2100//2100 2099//2099 2092//2092
f 2102//2102 2101//2101 2094//2094
f 2103//2103 2102//2102 2095//2095
f 2104//2104 2103//2103 2096//2096
f 2105//2105 2104//2104 2097//2097
f 2106//2106 2105//2105 2098//2098
f 2107//2107 2106//2106 2099//2099
f 2109//2109 2108//2108 2101//2101
f 2110//2110 2109//2109 2102//2102
f 2111//2111 2110//2110 2103//2103
f 2112//2112 2111//2111 2104//2104
f 2113//2113 2112//2112 2105//2105
f 2114//2114 2113//2113 2106//2106
f 2116//2116 2115//2115 2108//2108
f 2117//2117 2116//2116 2109//2109
f 2118//2118 2117//2117 2110//2110
f 2119//2119 2118//2118 2111//2111
f 2120//2120 2119//2119 2112//2112
f 2121//2121 2120//2120 2113//2113
f 2073//2073 338//338 28//28
f 2074//2074 2073//2073 304//304
f 2075//2075 2074//2074 305//305
f 2076//2076 2075//2075 306//306
f 2077//2077 2076//2076 307//307
f 2078//2078 2077//2077 308//308
f 2079//2079 2078//2078 309//309
f 311//311 2079//2079 310//310
f 312//312 2086//2086 2079//2079
f 313//313 2093//2093 2086//2086
f 314//314 2100//2100 2093//2093
f 315//315 2107//2107 2100//2100
f 316//316 2114//2114 2107//2107
f 317//317 2121//2121 2114//2114
f 27//27 303//303 2121//2121
f 303//303 302//302 2120//2120
f 302//302 301//301 2119//2119
f 301//301 300//300 2118//2118
f 300//300 299//299 2117//2117
f 299//299 298//298 2116//2116
f 298//298 297//297 2115//2115
f 297//297 26//26 332//332
f 2115//2115 332//332 333//333
f 2108//2108 333//333 334//334
f 2101//2101 334//334 335//335
f 2094//2094 335//335 336//336
f 2087//2087 336//336 337//337
f 2080//2080 337//337 338//338
f 2130//2130 2129//2129 2122//2122
f 2131//2131 2130//2130 2123//2123
f 2132//2132 2131//2131 2124//2124
f 2133//2133 2132//2132 2125//2125
f 2134//2134 2133//2133 2126//2126
f 2135//2135 2134//2134 2127//2127
f 2137//2137 2136//2136 2129//2129
f 2138//2138 2137//2137 2130//2130
f 2139//2139 2138//2138 2131//2131
f 2140//2140 2139//2139 2132//2132
f 2141//2141 2140//2140 2133//2133
f 2142//2142 2141//2141 2134//2134
f 2144//2144 2143//2143 2136//2136
f 2145//2145 2144//2144 2137//2137
f 2146//2146 2145//2145 2138//2138
f 2147//2147 2146//2146 2139//2139
f 2148//2148 2147//2147 2140//2140
f 2149//2149 2148//2148 2141//2141
f 2151//2151 2150//2150 2143//2143
f 2152//2152 2151//2151 2144//2144
f 2153//2153 2152//2152 2145//2145
f 2154//2154 2153//2153 2146//2146
f 2155//2155 2154//2154 2147//2147
f 2156//2156 2155//2155 2148//2148
f 2158//2158 2157//2157 2150//2150
f 2159//2159 2158//2158 2151//2151
f 2160//2160 2159//2159 2152//2152
f 2161//2161 2160//2160 2153//2153
f 2162//2162 2161//2161 2154//2154
f 2163//2163 2162//2162 2155//2155
f 2165//2165 2164//2164 2157//2157
f 2166//2166 2165//2165 2158//2158
f 2167//2167 2166//2166 2159//2159
f 2168//2168 2167//2167 2160//2160
f 2169//2169 2168//2168 2161//2161
f 2170//2170 2169//2169 2162//2162
f 2122//2122 1200//1200 81//81
f 2123//2123 2122//2122 1080//1080
f 2124//2124 2123//2123 1079//1079
f 2125//2125 2124//2124 1078//1078
f 2126//2126 2125//2125 1077//1077
f 2127//2127 2126//2126 1076//1076
f 2128//2128 2127//2127 1075//1075
f 710//710 2128//2128 1074//1074
f 711//711 2135//2135 2128//2128
f 712//712 2142//2142 2135//2135
f 713//713 2149//2149 2142//2142
f 714//714 2156//2156 2149//2149
f 715//715 2163//2163 2156//2156
f 716//716 2170//2170 2163//2163
f 52//52 1053//1053 2170//2170
f 1053//1053 1054//1054 2169//2169
f 1054//1054 1055//1055 2168//2168
f 1055//1055 1056//1056 2167//2167
f 1056//1056 1057//1057 2166//2166
f 1057//1057 1058//1058 2165//2165
f 1058//1058 1059//1059 2164//2164
f 1059//1059 78//78 1206//1206
f 2164//2164 1206//1206 1205//1205
f 2157//2157 1205//1205 1204//1204
f 2150//2150 1204//1204 1203//1203
f 2143//2143 1203//1203 1202//1202
f 2136//2136 1202//1202 1201//1201
f 2129//2129 1201//1201 1200//1200
f 2179//2179 2178//2178 2171//2171
f 2180//2180 2179//2179 2172//2172
f 2181//2181 2180//2180 2173//2173
f 2182//2182 2181//2181 2174//2174
f 2183//2183 2182//2182 2175//2175
f 2184//2184 2183//2183 2176//2176
f 2186//2186 2185//2185 2178//2178
f 2187//2187 2186//2186 2179//2179
f 2188//2188 2187//2187 2180//2180
f 2189//2189 2188//2188 2181//2181
f 2190//2190 2189//2189 2182//2182
f 2191//2191 2190//2190 2183//2183
f 2193//2193 2192//2192 2185//2185
f 2194//2194 2193//2193 2186//2186
f 2195//2195 2194//2194 2187//2187
f 2196//2196 2195//2195 2188//2188
f 2197//2197 2196//2196 2189//2189
f 2198//2198 2197//2197 2190//2190
f 2200//2200 2199//2199 2192//2192
f 2201//2201 2200//2200 2193//2193
f 2202//2202 2201//2201 2194//2194
f 2203//2203 2202//2202 2195//2195
f 2204//2204 2203//2203 2196//2196
f 2205//2205 2204//2204 2197//2197
f 2207//2207 2206//2206 2199//2199
f 2208//2208 2207//2207 2200//2200
f 2209//2209 2208//2208 2201//2201
f 2210//2210 2209//2209 2202//2202
f 2211//2211 2210//2210 2203//2203
f 2212//2212 2211//2211 2204//2204
f 2214//2214 2213//2213 2206//2206
f 2215//2215 2214//2214 2207//2207
f 2216//2216 2215//2215 2208//2208
f 2217//2217 2216//2216 2209//2209
f 2218//2218 2217//2217 2210//2210
f 2219//2219 2218//2218 2211//2211
f 2171//2171 1193//1193 66//66
f 2172//2172 2171//2171 968//968
f 2173//2173 2172//2172 967//967
f 2174//2174 2173//2173 966//966
f 2175//2175 2174//2174 965//965
f 2176//2176 2175//2175 964//964
f 2177//2177 2176//2176 963//963
f 380//380 2177//2177 962//962
f 379//379 2184//2184 2177//2177
f 378//378 2191//2191 2184//2184
f 377//377 2198//2198 2191//2191
f 376//376 2205//2205 2198//2198
f 375//375 2212//2212 2205//2205
f 374//374 2219//2219 2212//2212
f 22//22 345//345 2219//2219
f 345//345 344//344 2218//2218
f 344//344 343//343 2217//2217
f 343//343 342//342 2216//2216
f 342//342 341//341 2215//2215
f 341//341 340//340 2214//2214
f 340//340 339//339 2213//2213
f 339//339 65//65 1199//1199
f 2213//2213 1199//1199 1198//1198
f 2206//2206 1198//1198 1197//1197
f 2199//2199 1197//1197 1196//1196
f 2192//2192 1196//1196 1195//1195
f 2185//2185 1195//1195 1194//1194
f 2178//2178 1194//1194 1193//1193
f 2228//2228 2227//2227 2220//2220
f 2229//2229 2228//2228 2221//2221
f 2230//2230 2229//2229 2222//2222
f 2231//2231 2230//2230 2223//2223
f 2232//2232 2231//2231 2224//2224
f 2233//2233 2232//2232 2225//2225
f 2235//2235 2234//2234 2227//2227
f 2236//2236 2235//2235 2228//2228
f 2237//2237 2236//2236 2229//2229
f 2238//2238 2237//2237 2230//2230
f 2239//2239 2238//2238 2231//2231
f 2240//2240 2239//2239 2232//2232
f 2242//2242 2241//2241 2234//2234
f 2243//2243 2242//2242 2235//2235
f 2244//2244 2243//2243 2236//2236
f 2245//2245 2244//2244 2237//2237
f 2246//2246 2245//2245 2238//2238
f 2247//2247 2246//2246 2239//2239
f 2249//2249 2248//2248 2241//2241
f 2250//2250 2249//2249 2242//2242
f 2251//2251 2250//2250 2243//2243
f 2252//2252 2251//2251 2244//2244
f 2253//2253 2252//2252 2245//2245
f 2254//2254 2253//2253 2246//2246
f 2256//2256 2255//2255 2248//2248
f 2257//2257 2256//2256 2249//2249
f 2258//2258 2257//2257 2250//2250
f 2259//2259 2258//2258 2251//2251
f 2260//2260 2259//2259 2252//2252
f 2261//2261 2260//2260 2253//2253
f 2263//2263 2262//2262 2255//2255
f 2264//2264 2263//2263 2256//2256
f 2265//2265 2264//2264 2257//2257
f 2266//2266 2265//2265 2258//2258
f 2267//2267 2266//2266 2259//2259
f 2268//2268 2267//2267 2260//2260
f 2220//2220 437//437 18//18
f 2221//2221 2220//2220 394//394
f 2222//2222 2221//2221 393//393
f 2223//2223 2222//2222 392//392
f 2224//2224 2223//2223 391//391
f 2225//2225 2224//2224 390//390
f 2226//2226 2225//2225 389//389
f 450//450 2226//2226 388//388
f 449//449 2233//2233 2226//2226
f 448//448 2240//2240 2233//2233
f 447//447 2247//2247 2240//2240
f 446//446 2254//2254 2247//2247
f 445//445 2261//2261 2254//2254
f 444//444 2268//2268 2261//2261
f 26//26 297//297 2268//2268
f 297//297 298//298 2267//2267
f 298//298 299//299 2266//2266
f 299//299 300//300 2265//2265
f 300//300 301//301 2264//2264
f 301//301 302//302 2263//2263
f 302//302 303//303 2262//2262
f 303//303 27//27 443//443
f 2262//2262 443//443 442//442
f 2255//2255 442//442 441//441
f 2248//2248 441//441 440//440
f 2241//2241 440//440 439//439
f 2234//2234 439//439 438//438
f 2227//2227 438//438 437//437
f 2277//2277 2276//2276 2269//2269
f 2278//2278 2277//2277 2270//2270
f 2279//2279 2278//2278 2271//2271
f 2280//2280 2279//2279 2272//2272
f 2281//2281 2280//2280 2273//2273
f 2282//2282 2281//2281 2274//2274
f 2284//2284 2283//2283 2276//2276
f 2285//2285 2284//2284 2277//2277
f 2286//2286 2285//2285 2278//2278
f 2287//2287 2286//2286 2279//2279
f 2288//2288 2287//2287 2280//2280
f 2289//2289 2288//2288 2281//2281
f 2291//2291 2290//2290 2283//2283
f 2292//2292 2291//2291 2284//2284
f 2293//2293 2292//2292 2285//2285
f 2294//2294 2293//2293 2286//2286
f 2295//2295 2294//2294 2287//2287
f 2296//2296 2295//2295 2288//2288
f 2298//2298 2297//2297 2290//2290
f 2299//2299 2298//2298 2291//2291
f 2300//2300 2299//2299 2292//2292
f 2301//2301 2300//2300 2293//2293
f 2302//2302 2301//2301 2294//2294
f 2303//2303 2302//2302 2295//2295
f 2305//2305 2304//2304 2297//2297
f 2306//2306 2305//2305 2298//2298
f 2307//2307 2306//2306 2299//2299
f 2308//2308 2307//2307 2300//2300
f 2309//2309 2308//2308 2301//2301
f 2310//2310 2309//2309 2302//2302
f 2312//2312 2311//2311 2304//2304
f 2313//2313 2312//2312 2305//2305
f 2314//2314 2313//2313 2306//2306
f 2315//2315 2314//2314 2307//2307
f 2316//2316 2315//2315 2308//2308
f 2317//2317 2316//2316 2309//2309
f 2269//2269 451//451 20//20
f 2270//2270 2269//2269 395//395
f 2271//2271 2270//2270 396//396
f 2272//2272 2271//2271 397//397
f 2273//2273 2272//2272 398//398
f 2274//2274 2273//2273 399//399
f 2275//2275 2274//2274 400//400
f 464//464 2275//2275 401//401
f 463//463 2282//2282 2275//2275
f 462//462 2289//2289 2282//2282
f 461//461 2296//2296 2289//2289
f 460//460 2303//2303 2296//2296
f 459//459 2310//2310 2303//2303
f 458//458 2317//2317 2310//2310
f 29//29 310//310 2317//2317
f 310//310 309//309 2316//2316
f 309//309 308//308 2315//2315
f 308//308 307//307 2314//2314
f 307//307 306//306 2313//2313
f 306//306 305//305 2312//2312
f 305//305 304//304 2311//2311
f 304//304 28//28 457//457
f 2311//2311 457//457 456//456
f 2304//2304 456//456 455//455
f 2297//2297 455//455 454//454
f 2290//2290 454//454 453//453
f 2283//2283 453//453 452//452
f 2276//2276 452//452 451//451
f 2326//2326 2325//2325 2318//2318
f 2327//2327 2326//2326 2319//2319
f 2328//2328 2327//2327 2320//2320
f 2329//2329 2328//2328 2321//2321
f 2330//2330 2329//2329 2322//2322
f 2331//2331 2330//2330 2323//2323
f 2333//2333 2332//2332 2325//2325
f 2334//2334 2333//2333 2326//2326
f 2335//2335 2334//2334 2327//2327
f 2336//2336 2335//2335 2328//2328
f 2337//2337 2336//2336 2329//2329
f 2338//2338 2337//2337 2330//2330
f 2340//2340 2339//2339 2332//2332
f 2341//2341 2340//2340 2333//2333
f 2342//2342 2341//2341 2334//2334
f 2343//2343 2342//2342 2335//2335
f 2344//2344 2343//2343 2336//2336
f 2345//2345 2344//2344 2337//2337
f 2347//2347 2346//2346 2339//2339
f 2348//2348 2347//2347 2340//2340
f 2349//2349 2348//2348 2341//2341
f 2350//2350 2349//2349 2342//2342
f 2351//2351 2350//2350 2343//2343
f 2352//2352 2351//2351 2344//2344
f 2354//2354 2353//2353 2346//2346
f 2355//2355 2354//2354 2347//2347
f 2356//2356 2355//2355 2348//2348
f 2357//2357 2356//2356 2349//2349
f 2358//2358 2357//2357 2350//2350
f 2359//2359 2358//2358 2351//2351
f 2361//2361 2360//2360 2353//2353
f 2362//2362 2361//2361 2354//2354
f 2363//2363 2362//2362 2355//2355
f 2364//2364 2363//2363 2356//2356
f 2365//2365 2364//2364 2357//2357
f 2366//2366 2365//2365 2358//2358
f 2318//2318 464//464 17//17
f 2319//2319 2318//2318 402//402
f 2320//2320 2319//2319 403//403
f 2321//2321 2320//2320 404//404
f 2322//2322 2321//2321 405//405
f 2323//2323 2322//2322 406//406
f 2324//2324 2323//2323 407//407
f 437//437 2324//2324 408//408
f 438//438 2331//2331 2324//2324
f 439//439 2338//2338 2331//2331
f 440//440 2345//2345 2338//2338
f 441//441 2352//2352 2345//2345
f 442//442 2359//2359 2352//2352
f 443//443 2366//2366 2359//2359
f 27//27 317//317 2366//2366
f 317//317 316//316 2365//2365
f 316//316 315//315 2364//2364
f 315//315 314//314 2363//2363
f 314//314 313//313 2362//2362
f 313//313 312//312 2361//2361
f 312//312 311//311 2360//2360
f 311//311 29//29 458//458
f 2360//2360 458//458 459//459
f 2353//2353 459//459 460//460
f 2346//2346 460//460 461//461
f 2339//2339 461//461 462//462
f 2332//2332 462//462 463//463
f 2325//2325 463//463 464//464
f 2375//2375 2374//2374 2367//2367
f 2376//2376 2375//2375 2368//2368
f 2377//2377 2376//2376 2369//2369
f 2378//2378 2377//2377 2370//2370
f 2379//2379 2378//2378 2371//2371
f 2380//2380 2379//2379 2372//2372
f 2382//2382 2381//2381 2374//2374
f 2383//2383 2382//2382 2375//2375
f 2384//2384 2383//2383 2376//2376
f 2385//2385 2384//2384 2377//2377
f 2386//2386 2385//2385 2378//2378
f 2387//2387 2386//2386 2379//2379
f 2389//2389 2388//2388 2381//2381
f 2390//2390 2389//2389 2382//2382
f 2391//2391 2390//2390 2383//2383
f 2392//2392 2391//2391 2384//2384
f 2393//2393 2392//2392 2385//2385
f 2394//2394 2393//2393 2386//2386
f 2396//2396 2395//2395 2388//2388
f 2397//2397 2396//2396 2389//2389
f 2398//2398 2397//2397 2390//2390
f 2399//2399 2398//2398 2391//2391
f 2400//2400 2399//2399 2392//2392
f 2401//2401 2400//2400 2393//2393
f 2403//2403 2402//2402 2395//2395
f 2404//2404 2403//2403 2396//2396
f 2405//2405 2404//2404 2397//2397
f 2406//2406 2405//2405 2398//2398
f 2407//2407 2406//2406 2399//2399
f 2408//2408 2407//2407 2400//2400
f 2410//2410 2409//2409 2402//2402
f 2411//2411 2410//2410 2403//2403
f 2412//2412 2411//2411 2404//2404
f 2413//2413 2412//2412 2405//2405
f 2414//2414 2413//2413 2406//2406
f 2415//2415 2414//2414 2407//2407
f 2367//2367 450//450 19//19
f 2368//2368 2367//2367 415//415
f 2369//2369 2368//2368 414//414
f 2370//2370 2369//2369 413//413
f 2371//2371 2370//2370 412//412
f 2372//2372 2371//2371 411//411
f 2373//2373 2372//2372 410//410
f 471//471 2373//2373 409//409
f 470//470 2380//2380 2373//2373
f 469//469 2387//2387 2380//2380
f 468//468 2394//2394 2387//2387
f 467//467 2401//2401 2394//2394
f 466//466 2408//2408 2401//2401
f 465//465 2415//2415 2408//2408
f 30//30 318//318 2415//2415
f 318//318 319//319 2414//2414
f 319//319 320//320 2413//2413
f 320//320 321//321 2412//2412
f 321//321 322//322 2411//2411
f 322//322 323//323 2410//2410
f 323//323 324//324 2409//2409
f 324//324 26//26 444//444
f 2409//2409 444//444 445//445
f 2402//2402 445//445 446//446
f 2395//2395 446//446 447//447
f 2388//2388 447//447 448//448
f 2381//2381 448//448 449//449
f 2374//2374 449//449 450//450
f 2424//2424 2423//2423 2416//2416
f 2425//2425 2424//2424 2417//2417
f 2426//2426 2425//2425 2418//2418
f 2427//2427 2426//2426 2419//2419
f 2428//2428 2427//2427 2420//2420
f 2429//2429 2428//2428 2421//2421
f 2431//2431 2430//2430 2423//2423
f 2432//2432 2431//2431 2424//2424
f 2433//2433 2432//2432 2425//2425
f 2434//2434 2433//2433 2426//2426
f 2435//2435 2434//2434 2427//2427
f 2436//2436 2435//2435 2428//2428
f 2438//2438 2437//2437 2430//2430
f 2439//2439 2438//2438 2431//2431
f 2440//2440 2439//2439 2432//2432
f 2441//2441 2440//2440 2433//2433
f 2442//2442 2441//2441 2434//2434
f 2443//2443 2442//2442 2435//2435
f 2445//2445 2444//2444 2437//2437
f 2446//2446 2445//2445 2438//2438
f 2447//2447 2446//2446 2439//2439
f 2448//2448 2447//2447 2440//2440
f 2449//2449 2448//2448 2441//2441
f 2450//2450 2449//2449 2442//2442
f 2452//2452 2451//2451 2444//2444
f 2453//2453 2452//2452 2445//2445
f 2454//2454 2453//2453 2446//2446
f 2455//2455 2454//2454 2447//2447
f 2456//2456 2455//2455 2448//2448
f 2457//2457 2456//2456 2449//2449
f 2459//2459 2458//2458 2451//2451
f 2460//2460 2459//2459 2452//2452
f 2461//2461 2460//2460 2453//2453
f 2462//2462 2461//2461 2454//2454
f 2463//2463 2462//2462 2455//2455
f 2464//2464 2463//2463 2456//2456
f 2416//2416 472//472 16//16
f 2417//2417 2416//2416 416//416
f 2418//2418 2417//2417 417//417
f 2419//2419 2418//2418 418//418
f 2420//2420 2419//2419 419//419
f 2421//2421 2420//2420 420//420
f 2422//2422 2421//2421 421//421
f 451//451 2422//2422 422//422
f 452//452 2429//2429 2422//2422
f 453//453 2436//2436 2429//2429
f 454//454 2443//2443 2436//2436
f 455//455 2450//2450 2443//2443
f 456//456 2457//2457 2450//2450
f 457//457 2464//2464 2457//2457
f 28//28 331//331 2464//2464
f 331//331 330//330 2463//2463
f 330//330 329//329 2462//2462
f 329//329 328//328 2461//2461
f 328//328 327//327 2460//2460
f 327//327 326//326 2459//2459
f 326//326 325//325 2458//2458
f 325//325 31//31 478//478
f 2458//2458 478//478 477//477
f 2451//2451 477//477 476//476
f 2444//2444 476//476 475//475
f 2437//2437 475//475 474//474
f 2430//2430 474//474 473//473
f 2423//2423 473//473 472//472
f 2471//2471 2470//2470 2466//2466
f 2472//2472 2471//2471 2467//2467
f 2473//2473 2472//2472 2468//2468
f 2475//2475 2474//2474 2470//2470
f 2476//2476 2475//2475 2471//2471
f 2477//2477 2476//2476 2472//2472
f 2483//2483 2482//2482 2478//2478
f 2484//2484 2483//2483 2479//2479
f 2485//2485 2484//2484 2480//2480
f 2487//2487 2486//2486 2482//2482
f 2488//2488 2487//2487 2483//2483
f 2489//2489 2488//2488 2484//2484
f 2495//2495 2494//2494 2490//2490
f 2496//2496 2495//2495 2491//2491
f 2497//2497 2496//2496 2492//2492
f 2499//2499 2498//2498 2494//2494
f 2500//2500 2499//2499 2495//2495
f 2501//2501 2500//2500 2496//2496
f 2507//2507 2506//2506 2502//2502
f 2508//2508 2507//2507 2503//2503
f 2509//2509 2508//2508 2504//2504
f 2511//2511 2510//2510 2506//2506
f 2512//2512 2511//2511 2507//2507
f 2513//2513 2512//2512 2508//2508
f 2519//2519 2518//2518 2514//2514
f 2520//2520 2519//2519 2515//2515
f 2521//2521 2520//2520 2516//2516
f 2523//2523 2522//2522 2518//2518
f 2524//2524 2523//2523 2519//2519
f 2525//2525 2524//2524 2520//2520
f 2473//2473 2469//2469 2486//2486
f 2477//2477 2473//2473 2487//2487
f 2485//2485 2481//2481 2498//2498
f 2489//2489 2485//2485 2499//2499
f 2497//2497 2493//2493 2510//2510
f 2501//2501 2497//2497 2511//2511
f 2509//2509 2505//2505 2522//2522
f 2513//2513 2509//2509 2523//2523
f 2521//2521 2517//2517 2474//2474
f 2525//2525 2521//2521 2475//2475
f 2465//2465 2525//2525 2476//2476
f 2465//2465 2477//2477 2488//2488
f 2465//2465 2489//2489 2500//2500
f 2465//2465 2501//2501 2512//2512
f 2465//2465 2513//2513 2524//2524
f 2466//2466 275//275 13//13
f 2467//2467 2466//2466 948//948
f 2468//2468 2467//2467 949//949
f 2469//2469 2468//2468 950//950
f 2470//2470 274//274 275//275
f 2474//2474 273//273 274//274
f 2517//2517 272//272 273//273
f 2478//2478 954//954 14//14
f 2479//2479 2478//2478 276//276
f 2480//2480 2479//2479 277//277
f 2481//2481 2480//2480 278//278
f 2482//2482 953//953 954//954
f 2486//2486 952//952 953//953
f 2469//2469 951//951 952//952
f 2490//2490 282//282 40//40
f 2491//2491 2490//2490 990//990
f 2492//2492 2491//2491 991//991
f 2493//2493 2492//2492 992//992
f 2494//2494 281//281 282//282
f 2498//2498 280//280 281//281
f 2481//2481 279//279 280//280
f 2502//2502 996//996 69//69
f 2503//2503 2502//2502 780//780
f 2504//2504 2503//2503 781//781
f 2505//2505 2504//2504 782//782
f 2506//2506 995//995 996//996
f 2510//2510 994//994 995//995
f 2493//2493 993//993 994//994
f 2514//2514 786//786 39//39
f 2515//2515 2514//2514 269//269
f 2516//2516 2515//2515 270//270
f 2517//2517 2516//2516 271//271
f 2518//2518 785//785 786//786
f 2522//2522 784//784 785//785
f 2505//2505 783//783 784//784
f 2534//2534 2533//2533 2526//2526
f 2535//2535 2534//2534 2527//2527
f 2536//2536 2535//2535 2528//2528
f 2537//2537 2536//2536 2529//2529
f 2538//2538 2537//2537 2530//2530
f 2539//2539 2538//2538 2531//2531
f 2541//2541 2540//2540 2533//2533
f 2542//2542 2541//2541 2534//2534
f 2543//2543 2542//2542 2535//2535
f 2544//2544 2543//2543 2536//2536
f 2545//2545 2544//2544 2537//2537
f 2546//2546 2545//2545 2538//2538
f 2548//2548 2547//2547 2540//2540
f 2549//2549 2548//2548 2541//2541
f 2550//2550 2549//2549 2542//2542
f 2551//2551 2550//2550 2543//2543
f 2552//2552 2551//2551 2544//2544
f 2553//2553 2552//2552 2545//2545
f 2555//2555 2554//2554 2547//2547
f 2556//2556 2555//2555 2548//2548
f 2557//2557 2556//2556 2549//2549
f 2558//2558 2557//2557 2550//2550
f 2559//2559 2558//2558 2551//2551
f 2560//2560 2559//2559 2552//2552
f 2562//2562 2561//2561 2554//2554
f 2563//2563 2562//2562 2555//2555
f 2564//2564 2563//2563 2556//2556
f 2565//2565 2564//2564 2557//2557
f 2566//2566 2565//2565 2558//2558
f 2567//2567 2566//2566 2559//2559
f 2569//2569 2568//2568 2561//2561
f 2570//2570 2569//2569 2562//2562
f 2571//2571 2570//2570 2563//2563
f 2572//2572 2571//2571 2564//2564
f 2573//2573 2572//2572 2565//2565
f 2574//2574 2573//2573 2566//2566
f 2526//2526 471//471 15//15
f 2527//2527 2526//2526 429//429
f 2528//2528 2527//2527 428//428
f 2529//2529 2528//2528 427//427
f 2530//2530 2529//2529 426//426
f 2531//2531 2530//2530 425//425
f 2532//2532 2531//2531 424//424
f 479//479 2532//2532 423//423
f 480//480 2539//2539 2532//2532
f 481//481 2546//2546 2539//2539
f 482//482 2553//2553 2546//2546
f 483//483 2560//2560 2553//2553
f 484//484 2567//2567 2560//2560
f 485//485 2574//2574 2567//2567
f 32//32 346//346 2574//2574
f 346//346 347//347 2573//2573
f 347//347 348//348 2572//2572
f 348//348 349//349 2571//2571
f 349//349 350//350 2570//2570
f 350//350 351//351 2569//2569
f 351//351 352//352 2568//2568
f 352//352 30//30 465//465
f 2568//2568 465//465 466//466
f 2561//2561 466//466 467//467
f 2554//2554 467//467 468//468
f 2547//2547 468//468 469//469
f 2540//2540 469//469 470//470
f 2533//2533 470//470 471//471
f 2583//2583 2582//2582 2575//2575
f 2584//2584 2583//2583 2576//2576
f 2585//2585 2584//2584 2577//2577
f 2586//2586 2585//2585 2578//2578
f 2587//2587 2586//2586 2579//2579
f 2588//2588 2587//2587 2580//2580
f 2590//2590 2589//2589 2582//2582
f 2591//2591 2590//2590 2583//2583
f 2592//2592 2591//2591 2584//2584
f 2593//2593 2592//2592 2585//2585
f 2594//2594 2593//2593 2586//2586
f 2595//2595 2594//2594 2587//2587
f 2597//2597 2596//2596 2589//2589
f 2598//2598 2597//2597 2590//2590
f 2599//2599 2598//2598 2591//2591
f 2600//2600 2599//2599 2592//2592
f 2601//2601 2600//2600 2593//2593
f 2602//2602 2601//2601 2594//2594
f 2604//2604 2603//2603 2596//2596
f 2605//2605 2604//2604 2597//2597
f 2606//2606 2605//2605 2598//2598
f 2607//2607 2606//2606 2599//2599
f 2608//2608 2607//2607 2600//2600
f 2609//2609 2608//2608 2601//2601
f 2611//2611 2610//2610 2603//2603
f 2612//2612 2611//2611 2604//2604
f 2613//2613 2612//2612 2605//2605
f 2614//2614 2613//2613 2606//2606
f 2615//2615 2614//2614 2607//2607
f 2616//2616 2615//2615 2608//2608
f 2618//2618 2617//2617 2610//2610
f 2619//2619 2618//2618 2611//2611
f 2620//2620 2619//2619 2612//2612
f 2621//2621 2620//2620 2613//2613
f 2622//2622 2621//2621 2614//2614
f 2623//2623 2622//2622 2615//2615
f 2575//2575 492//492 22//22
f 2576//2576 2575//2575 436//436
f 2577//2577 2576//2576 435//435
f 2578//2578 2577//2577 434//434
f 2579//2579 2578//2578 433//433
f 2580//2580 2579//2579 432//432
f 2581//2581 2580//2580 431//431
f 472//472 2581//2581 430//430
f 473//473 2588//2588 2581//2581
f 474//474 2595//2595 2588//2588
f 475//475 2602//2602 2595//2595
f 476//476 2609//2609 2602//2602
f 477//477 2616//2616 2609//2609
f 478//478 2623//2623 2616//2616
f 31//31 353//353 2623//2623
f 353//353 354//354 2622//2622
f 354//354 355//355 2621//2621
f 355//355 356//356 2620//2620
f 356//356 357//357 2619//2619
f 357//357 358//358 2618//2618
f 358//358 359//359 2617//2617
f 359//359 33//33 486//486
f 2617//2617 486//486 487//487
f 2610//2610 487//487 488//488
f 2603//2603 488//488 489//489
f 2596//2596 489//489 490//490
f 2589//2589 490//490 491//491
f 2582//2582 491//491 492//492
f 2630//2630 2629//2629 2625//2625
f 2631//2631 2630//2630 2626//2626
f 2632//2632 2631//2631 2627//2627
f 2634//2634 2633//2633 2629//2629
f 2635//2635 2634//2634 2630//2630
f 2636//2636 2635//2635 2631//2631
f 2642//2642 2641//2641 2637//2637
f 2643//2643 2642//2642 2638//2638
f 2644//2644 2643//2643 2639//2639
f 2646//2646 2645//2645 2641//2641
f 2647//2647 2646//2646 2642//2642
f 2648//2648 2647//2647 2643//2643
f 2654//2654 2653//2653 2649//2649
f 2655//2655 2654//2654 2650//2650
f 2656//2656 2655//2655 2651//2651
f 2658//2658 2657//2657 2653//2653
f 2659//2659 2658//2658 2654//2654
f 2660//2660 2659//2659 2655//2655
f 2666//2666 2665//2665 2661//2661
f 2667//2667 2666//2666 2662//2662
f 2668//2668 2667//2667 2663//2663
f 2670//2670 2669//2669 2665//2665
f 2671//2671 2670//2670 2666//2666
f 2672//2672 2671//2671 2667//2667
f 2678//2678 2677//2677 2673//2673
f 2679//2679 2678//2678 2674//2674
f 2680//2680 2679//2679 2675//2675
f 2682//2682 2681//2681 2677//2677
f 2683//2683 2682//2682 2678//2678
f 2684//2684 2683//2683 2679//2679
f 2690//2690 2689//2689 2685//2685
f 2691//2691 2690//2690 2686//2686
f 2692//2692 2691//2691 2687//2687
f 2694//2694 2693//2693 2689//2689
f 2695//2695 2694//2694 2690//2690
f 2696//2696 2695//2695 2691//2691
f 2632//2632 2628//2628 2645//2645
f 2636//2636 2632//2632 2646//2646
f 2644//2644 2640//2640 2657//2657
f 2648//2648 2644//2644 2658//2658
f 2656//2656 2652//2652 2669//2669
f 2660//2660 2656//2656 2670//2670
f 2668//2668 2664//2664 2681//2681
f 2672//2672 2668//2668 2682//2682
f 2680//2680 2676//2676 2693//2693
f 2684//2684 2680//2680 2694//2694
f 2692//2692 2688//2688 2633//2633
f 2696//2696 2692//2692 2634//2634
f 2624//2624 2696//2696 2635//2635
f 2624//2624 2636//2636 2647//2647
f 2624//2624 2648//2648 2659//2659
f 2624//2624 2660//2660 2671//2671
f 2624//2624 2672//2672 2683//2683
f 2624//2624 2684//2684 2695//2695
f 2625//2625 331//331 28//28
f 2626//2626 2625//2625 338//338
f 2627//2627 2626//2626 337//337
f 2628//2628 2627//2627 336//336
f 2629//2629 330//330 331//331
f 2633//2633 329//329 330//330
f 2688//2688 328//328 329//329
f 2637//2637 332//332 26//26
f 2638//2638 2637//2637 324//324
f 2639//2639 2638//2638 323//323
f 2640//2640 2639//2639 322//322
f 2641//2641 333//333 332//332
f 2645//2645 334//334 333//333
f 2628//2628 335//335 334//334
f 2649//2649 318//318 30//30
f 2650//2650 2649//2649 352//352
f 2651//2651 2650//2650 351//351
f 2652//2652 2651//2651 350//350
f 2653//2653 319//319 318//318
f 2657//2657 320//320 319//319
f 2640//2640 321//321 320//320
f 2661//2661 346//346 32//32
f 2662//2662 2661//2661 969//969
f 2663//2663 2662//2662 970//970
f 2664//2664 2663//2663 971//971
f 2665//2665 347//347 346//346
f 2669//2669 348//348 347//347
f 2652//2652 349//349 348//348
f 2673//2673 975//975 33//33
f 2674//2674 2673//2673 359//359
f 2675//2675 2674//2674 358//358
f 2676//2676 2675//2675 357//357
f 2677//2677 974//974 975//975
f 2681//2681 973//973 974//974
f 2664//2664 972//972 973//973
f 2685//2685 353//353 31//31
f 2686//2686 2685//2685 325//325
f 2687//2687 2686//2686 326//326
f 2688//2688 2687//2687 327//327
f 2689//2689 354//354 353//353
f 2693//2693 355//355 354//354
f 2676//2676 356//356 355//355
f 2705//2705 2704//2704 2697//2697
f 2706//2706 2705//2705 2698//2698
f 2707//2707 2706//2706 2699//2699
f 2708//2708 2707//2707 2700//2700
f 2709//2709 2708//2708 2701//2701
f 2710//2710 2709//2709 2702//2702
f 2712//2712 2711//2711 2704//2704
f 2713//2713 2712//2712 2705//2705
f 2714//2714 2713//2713 2706//2706
f 2715//2715 2714//2714 2707//2707
f 2716//2716 2715//2715 2708//2708
f 2717//2717 2716//2716 2709//2709
f 2719//2719 2718//2718 2711//2711
f 2720//2720 2719//2719 2712//2712
f 2721//2721 2720//2720 2713//2713
f 2722//2722 2721//2721 2714//2714
f 2723//2723 2722//2722 2715//2715
f 2724//2724 2723//2723 2716//2716
f 2726//2726 2725//2725 2718//2718
f 2727//2727 2726//2726 2719//2719
f 2728//2728 2727//2727 2720//2720
f 2729//2729 2728//2728 2721//2721
f 2730//2730 2729//2729 2722//2722
f 2731//2731 2730//2730 2723//2723
f 2733//2733 2732//2732 2725//2725
f 2734//2734 2733//2733 2726//2726
f 2735//2735 2734//2734 2727//2727
f 2736//2736 2735//2735 2728//2728
f 2737//2737 2736//2736 2729//2729
f 2738//2738 2737//2737 2730//2730
f 2740//2740 2739//2739 2732//2732
f 2741//2741 2740//2740 2733//2733
f 2742//2742 2741//2741 2734//2734
f 2743//2743 2742//2742 2735//2735
f 2744//2744 2743//2743 2736//2736
f 2745//2745 2744//2744 2737//2737
f 2697//2697 1186//1186 67//67
f 2698//2698 2697//2697 982//982
f 2699//2699 2698//2698 981//981
f 2700//2700 2699//2699 980//980
f 2701//2701 2700//2700 979//979
f 2702//2702 2701//2701 978//978
f 2703//2703 2702//2702 977//977
f 590//590 2703//2703 976//976
f 589//589 2710//2710 2703//2703
f 588//588 2717//2717 2710//2710
f 587//587 2724//2724 2717//2717
f 586//586 2731//2731 2724//2724
f 585//585 2738//2738 2731//2731
f 584//584 2745//2745 2738//2738
f 25//25 962//962 2745//2745
f 962//962 963//963 2744//2744
f 963//963 964//964 2743//2743
f 964//964 965//965 2742//2742
f 965//965 966//966 2741//2741
f 966//966 967//967 2740//2740
f 967//967 968//968 2739//2739
f 968//968 66//66 1192//1192
f 2739//2739 1192//1192 1191//1191
f 2732//2732 1191//1191 1190//1190
f 2725//2725 1190//1190 1189//1189
f 2718//2718 1189//1189 1188//1188
f 2711//2711 1188//1188 1187//1187
f 2704//2704 1187//1187 1186//1186
f 2754//2754 2753//2753 2746//2746
f 2755//2755 2754//2754 2747//2747
f 2756//2756 2755//2755 2748//2748
f 2757//2757 2756//2756 2749//2749
f 2758//2758 2757//2757 2750//2750
f 2759//2759 2758//2758 2751//2751
f 2761//2761 2760//2760 2753//2753
f 2762//2762 2761//2761 2754//2754
f 2763//2763 2762//2762 2755//2755
f 2764//2764 2763//2763 2756//2756
f 2765//2765 2764//2764 2757//2757
f 2766//2766 2765//2765 2758//2758
f 2768//2768 2767//2767 2760//2760
f 2769//2769 2768//2768 2761//2761
f 2770//2770 2769//2769 2762//2762
f 2771//2771 2770//2770 2763//2763
f 2772//2772 2771//2771 2764//2764
f 2773//2773 2772//2772 2765//2765
f 2775//2775 2774//2774 2767//2767
f 2776//2776 2775//2775 2768//2768
f 2777//2777 2776//2776 2769//2769
f 2778//2778 2777//2777 2770//2770
f 2779//2779 2778//2778 2771//2771
f 2780//2780 2779//2779 2772//2772
f 2782//2782 2781//2781 2774//2774
f 2783//2783 2782//2782 2775//2775
f 2784//2784 2783//2783 2776//2776
f 2785//2785 2784//2784 2777//2777
f 2786//2786 2785//2785 2778//2778
f 2787//2787 2786//2786 2779//2779
f 2789//2789 2788//2788 2781//2781
f 2790//2790 2789//2789 2782//2782
f 2791//2791 2790//2790 2783//2783
f 2792//2792 2791//2791 2784//2784
f 2793//2793 2792//2792 2785//2785
f 2794//2794 2793//2793 2786//2786
f 2746//2746 549//549 89//89
f 2747//2747 2746//2746 1551//1551
f 2748//2748 2747//2747 1550//1550
f 2749//2749 2748//2748 1549//1549
f 2750//2750 2749//2749 1548//1548
f 2751//2751 2750//2750 1547//1547
f 2752//2752 2751//2751 1546//1546
f 570//570 2752//2752 1545//1545
f 571//571 2759//2759 2752//2752
f 572//572 2766//2766 2759//2759
f 573//573 2773//2773 2766//2766
f 574//574 2780//2780 2773//2773
f 575//575 2787//2787 2780//2780
f 576//576 2794//2794 2787//2787
f 24//24 360//360 2794//2794
f 360//360 361//361 2793//2793
f 361//361 362//362 2792//2792
f 362//362 363//363 2791//2791
f 363//363 364//364 2790//2790
f 364//364 365//365 2789//2789
f 365//365 366//366 2788//2788
f 366//366 21//21 555//555
f 2788//2788 555//555 554//554
f 2781//2781 554//554 553//553
f 2774//2774 553//553 552//552
f 2767//2767 552//552 551//551
f 2760//2760 551//551 550//550
f 2753//2753 550//550 549//549
f 2803//2803 2802//2802 2795//2795
f 2804//2804 2803//2803 2796//2796
f 2805//2805 2804//2804 2797//2797
f 2806//2806 2805//2805 2798//2798
f 2807//2807 2806//2806 2799//2799
f 2808//2808 2807//2807 2800//2800
f 2810//2810 2809//2809 2802//2802
f 2811//2811 2810//2810 2803//2803
f 2812//2812 2811//2811 2804//2804
f 2813//2813 2812//2812 2805//2805
f 2814//2814 2813//2813 2806//2806
f 2815//2815 2814//2814 2807//2807
f 2817//2817 2816//2816 2809//2809
f 2818//2818 2817//2817 2810//2810
f 2819//2819 2818//2818 2811//2811
f 2820//2820 2819//2819 2812//2812
f 2821//2821 2820//2820 2813//2813
f 2822//2822 2821//2821 2814//2814
f 2824//2824 2823//2823 2816//2816
f 2825//2825 2824//2824 2817//2817
f 2826//2826 2825//2825 2818//2818
f 2827//2827 2826//2826 2819//2819
f 2828//2828 2827//2827 2820//2820
f 2829//2829 2828//2828 2821//2821
f 2831//2831 2830//2830 2823//2823
f 2832//2832 2831//2831 2824//2824
f 2833//2833 2832//2832 2825//2825
f 2834//2834 2833//2833 2826//2826
f 2835//2835 2834//2834 2827//2827
f 2836//2836 2835//2835 2828//2828
f 2838//2838 2837//2837 2830//2830
f 2839//2839 2838//2838 2831//2831
f 2840//2840 2839//2839 2832//2832
f 2841//2841 2840//2840 2833//2833
f 2842//2842 2841//2841 2834//2834
f 2843//2843 2842//2842 2835//2835
f 2795//2795 1179//1179 80//80
f 2796//2796 2795//2795 1073//1073
f 2797//2797 2796//2796 1072//1072
f 2798//2798 2797//2797 1071//1071
f 2799//2799 2798//2798 1070//1070
f 2800//2800 2799//2799 1069//1069
f 2801//2801 2800//2800 1068//1068
f 898//898 2801//2801 1067//1067
f 897//897 2808//2808 2801//2801
f 896//896 2815//2815 2808//2808
f 895//895 2822//2822 2815//2815
f 894//894 2829//2829 2822//2822
f 893//893 2836//2836 2829//2829
f 892//892 2843//2843 2836//2836
f 36//36 976//976 2843//2843
f 976//976 977//977 2842//2842
f 977//977 978//978 2841//2841
f 978//978 979//979 2840//2840
f 979//979 980//980 2839//2839
f 980//980 981//981 2838//2838
f 981//981 982//982 2837//2837
f 982//982 67//67 1185//1185
f 2837//2837 1185//1185 1184//1184
f 2830//2830 1184//1184 1183//1183
f 2823//2823 1183//1183 1182//1182
f 2816//2816 1182//1182 1181//1181
f 2809//2809 1181//1181 1180//1180
f 2802//2802 1180//1180 1179//1179
f 2852//2852 2851//2851 2844//2844
f 2853//2853 2852//2852 2845//2845
f 2854//2854 2853//2853 2846//2846
f 2855//2855 2854//2854 2847//2847
f 2856//2856 2855//2855 2848//2848
f 2857//2857 2856//2856 2849//2849
f 2859//2859 2858//2858 2851//2851
f 2860//2860 2859//2859 2852//2852
f 2861//2861 2860//2860 2853//2853
f 2862//2862 2861//2861 2854//2854
f 2863//2863 2862//2862 2855//2855
f 2864//2864 2863//2863 2856//2856
f 2866//2866 2865//2865 2858//2858
f 2867//2867 2866//2866 2859//2859
f 2868//2868 2867//2867 2860//2860
f 2869//2869 2868//2868 2861//2861
f 2870//2870 2869//2869 2862//2862
f 2871//2871 2870//2870 2863//2863
f 2873//2873 2872//2872 2865//2865
f 2874//2874 2873//2873 2866//2866
f 2875//2875 2874//2874 2867//2867
f 2876//2876 2875//2875 2868//2868
f 2877//2877 2876//2876 2869//2869
f 2878//2878 2877//2877 2870//2870
f 2880//2880 2879//2879 2872//2872
f 2881//2881 2880//2880 2873//2873
f 2882//2882 2881//2881 2874//2874
f 2883//2883 2882//2882 2875//2875
f 2884//2884 2883//2883 2876//2876
f 2885//2885 2884//2884 2877//2877
f 2887//2887 2886//2886 2879//2879
f 2888//2888 2887//2887 2880//2880
f 2889//2889 2888//2888 2881//2881
f 2890//2890 2889//2889 2882//2882
f 2891//2891 2890//2890 2883//2883
f 2892//2892 2891//2891 2884//2884
f 2844//2844 1538//1538 107//107
f 2845//2845 2844//2844 1383//1383
f 2846//2846 2845//2845 1382//1382
f 2847//2847 2846//2846 1381//1381
f 2848//2848 2847//2847 1380//1380
f 2849//2849 2848//2848 1379//1379
f 2850//2850 2849//2849 1378//1378
f 1052//1052 2850//2850 1377//1377
f 1051//1051 2857//2857 2850//2850
f 1050//1050 2864//2864 2857//2857
f 1049//1049 2871//2871 2864//2864
f 1048//1048 2878//2878 2871//2871
f 1047//1047 2885//2885 2878//2878
f 1046//1046 2892//2892 2885//2885
f 23//23 569//569 2892//2892
f 569//569 568//568 2891//2891
f 568//568 567//567 2890//2890
f 567//567 566//566 2889//2889
f 566//566 565//565 2888//2888
f 565//565 564//564 2887//2887
f 564//564 563//563 2886//2886
f 563//563 91//91 1544//1544
f 2886//2886 1544//1544 1543//1543
f 2879//2879 1543//1543 1542//1542
f 2872//2872 1542//1542 1541//1541
f 2865//2865 1541//1541 1540//1540
f 2858//2858 1540//1540 1539//1539
f 2851//2851 1539//1539 1538//1538
f 2901//2901 2900//2900 2893//2893
f 2902//2902 2901//2901 2894//2894
f 2903//2903 2902//2902 2895//2895
f 2904//2904 2903//2903 2896//2896
f 2905//2905 2904//2904 2897//2897
f 2906//2906 2905//2905 2898//2898
f 2908//2908 2907//2907 2900//2900
f 2909//2909 2908//2908 2901//2901
f 2910//2910 2909//2909 2902//2902
f 2911//2911 2910//2910 2903//2903
f 2912//2912 2911//2911 2904//2904
f 2913//2913 2912//2912 2905//2905
f 2915//2915 2914//2914 2907//2907
f 2916//2916 2915//2915 2908//2908
f 2917//2917 2916//2916 2909//2909
f 2918//2918 2917//2917 2910//2910
f 2919//2919 2918//2918 2911//2911
f 2920//2920 2919//2919 2912//2912
f 2922//2922 2921//2921 2914//2914
f 2923//2923 2922//2922 2915//2915
f 2924//2924 2923//2923 2916//2916
f 2925//2925 2924//2924 2917//2917
f 2926//2926 2925//2925 2918//2918
f 2927//2927 2926//2926 2919//2919
f 2929//2929 2928//2928 2921//2921
f 2930//2930 2929//2929 2922//2922
f 2931//2931 2930//2930 2923//2923
f 2932//2932 2931//2931 2924//2924
f 2933//2933 2932//2932 2925//2925
f 2934//2934 2933//2933 2926//2926
f 2936//2936 2935//2935 2928//2928
f 2937//2937 2936//2936 2929//2929
f 2938//2938 2937//2937 2930//2930
f 2939//2939 2938//2938 2931//2931
f 2940//2940 2939//2939 2932//2932
f 2941//2941 2940//2940 2933//2933
f 2893//2893 528//528 86//86
f 2894//2894 2893//2893 1537//1537
f 2895//2895 2894//2894 1536//1536
f 2896//2896 2895//2895 1535//1535
f 2897//2897 2896//2896 1534//1534
f 2898//2898 2897//2897 1533//1533
f 2899//2899 2898//2898 1532//1532
f 535//535 2899//2899 1531//1531
f 536//536 2906//2906 2899//2899
f 537//537 2913//2913 2906//2906
f 538//538 2920//2920 2913//2913
f 539//539 2927//2927 2920//2920
f 540//540 2934//2934 2927//2927
f 541//541 2941//2941 2934//2934
f 19//19 388//388 2941//2941
f 388//388 389//389 2940//2940
f 389//389 390//390 2939//2939
f 390//390 391//391 2938//2938
f 391//391 392//392 2937//2937
f 392//392 393//393 2936//2936
f 393//393 394//394 2935//2935
f 394//394 18//18 534//534
f 2935//2935 534//534 533//533
f 2928//2928 533//533 532//532
f 2921//2921 532//532 531//531
f 2914//2914 531//531 530//530
f 2907//2907 530//530 529//529
f 2900//2900 529//529 528//528
f 2950//2950 2949//2949 2942//2942
f 2951//2951 2950//2950 2943//2943
f 2952//2952 2951//2951 2944//2944
f 2953//2953 2952//2952 2945//2945
f 2954//2954 2953//2953 2946//2946
f 2955//2955 2954//2954 2947//2947
f 2957//2957 2956//2956 2949//2949
f 2958//2958 2957//2957 2950//2950
f 2959//2959 2958//2958 2951//2951
f 2960//2960 2959//2959 2952//2952
f 2961//2961 2960//2960 2953//2953
f 2962//2962 2961//2961 2954//2954
f 2964//2964 2963//2963 2956//2956
f 2965//2965 2964//2964 2957//2957
f 2966//2966 2965//2965 2958//2958
f 2967//2967 2966//2966 2959//2959
f 2968//2968 2967//2967 2960//2960
f 2969//2969 2968//2968 2961//2961
f 2971//2971 2970//2970 2963//2963
f 2972//2972 2971//2971 2964//2964
f 2973//2973 2972//2972 2965//2965
f 2974//2974 2973//2973 2966//2966
f 2975//2975 2974//2974 2967//2967
f 2976//2976 2975//2975 2968//2968
f 2978//2978 2977//2977 2970//2970
f 2979//2979 2978//2978 2971//2971
f 2980//2980 2979//2979 2972//2972
f 2981//2981 2980//2980 2973//2973
f 2982//2982 2981//2981 2974//2974
f 2983//2983 2982//2982 2975//2975
f 2985//2985 2984//2984 2977//2977
f 2986//2986 2985//2985 2978//2978
f 2987//2987 2986//2986 2979//2979
f 2988//2988 2987//2987 2980//2980
f 2989//2989 2988//2988 2981//2981
f 2990//2990 2989//2989 2982//2982
f 2942//2942 542//542 88//88
f 2943//2943 2942//2942 1530//1530
f 2944//2944 2943//2943 1529//1529
f 2945//2945 2944//2944 1528//1528
f 2946//2946 2945//2945 1527//1527
f 2947//2947 2946//2946 1526//1526
f 2948//2948 2947//2947 1525//1525
f 521//521 2948//2948 1524//1524
f 522//522 2955//2955 2948//2948
f 523//523 2962//2962 2955//2955
f 524//524 2969//2969 2962//2962
f 525//525 2976//2976 2969//2969
f 526//526 2983//2983 2976//2976
f 527//527 2990//2990 2983//2983
f 17//17 401//401 2990//2990
f 401//401 400//400 2989//2989
f 400//400 399//399 2988//2988
f 399//399 398//398 2987//2987
f 398//398 397//397 2986//2986
f 397//397 396//396 2985//2985
f 396//396 395//395 2984//2984
f 395//395 20//20 548//548
f 2984//2984 548//548 547//547
f 2977//2977 547//547 546//546
f 2970//2970 546//546 545//545
f 2963//2963 545//545 544//544
f 2956//2956 544//544 543//543
f 2949//2949 543//543 542//542
f 2999//2999 2998//2998 2991//2991
f 3000//3000 2999//2999 2992//2992
f 3001//3001 3000//3000 2993//2993
f 3002//3002 3001//3001 2994//2994
f 3003//3003 3002//3002 2995//2995
f 3004//3004 3003//3003 2996//2996
f 3006//3006 3005//3005 2998//2998
f 3007//3007 3006//3006 2999//2999
f 3008//3008 3007//3007 3000//3000
f 3009//3009 3008//3008 3001//3001
f 3010//3010 3009//3009 3002//3002
f 3011//3011 3010//3010 3003//3003
f 3013//3013 3012//3012 3005//3005
f 3014//3014 3013//3013 3006//3006
f 3015//3015 3014//3014 3007//3007
f 3016//3016 3015//3015 3008//3008
f 3017//3017 3016//3016 3009//3009
f 3018//3018 3017//3017 3010//3010
f 3020//3020 3019//3019 3012//3012
f 3021//3021 3020//3020 3013//3013
f 3022//3022 3021//3021 3014//3014
f 3023//3023 3022//3022 3015//3015
f 3024//3024 3023//3023 3016//3016
f 3025//3025 3024//3024 3017//3017
f 3027//3027 3026//3026 3019//3019
f 3028//3028 3027//3027 3020//3020
f 3029//3029 3028//3028 3021//3021
f 3030//3030 3029//3029 3022//3022
f 3031//3031 3030//3030 3023//3023
f 3032//3032 3031//3031 3024//3024
f 3034//3034 3033//3033 3026//3026
f 3035//3035 3034//3034 3027//3027
f 3036//3036 3035//3035 3028//3028
f 3037//3037 3036//3036 3029//3029
f 3038//3038 3037//3037 3030//3030
f 3039//3039 3038//3038 3031//3031
f 2991//2991 521//521 85//85
f 2992//2992 2991//2991 1523//1523
f 2993//2993 2992//2992 1522//1522
f 2994//2994 2993//2993 1521//1521
f 2995//2995 2994//2994 1520//1520
f 2996//2996 2995//2995 1519//1519
f 2997//2997 2996//2996 1518//1518
f 528//528 2997//2997 1517//1517
f 529//529 3004//3004 2997//2997
f 530//530 3011//3011 3004//3004
f 531//531 3018//3018 3011//3011
f 532//532 3025//3025 3018//3018
f 533//533 3032//3032 3025//3025
f 534//534 3039//3039 3032//3032
f 18//18 408//408 3039//3039
f 408//408 407//407 3038//3038
f 407//407 406//406 3037//3037
f 406//406 405//405 3036//3036
f 405//405 404//404 3035//3035
f 404//404 403//403 3034//3034
f 403//403 402//402 3033//3033
f 402//402 17//17 527//527
f 3033//3033 527//527 526//526
f 3026//3026 526//526 525//525
f 3019//3019 525//525 524//524
f 3012//3012 524//524 523//523
f 3005//3005 523//523 522//522
f 2998//2998 522//522 521//521
f 3048//3048 3047//3047 3040//3040
f 3049//3049 3048//3048 3041//3041
f 3050//3050 3049//3049 3042//3042
f 3051//3051 3050//3050 3043//3043
f 3052//3052 3051//3051 3044//3044
f 3053//3053 3052//3052 3045//3045
f 3055//3055 3054//3054 3047//3047
f 3056//3056 3055//3055 3048//3048
f 3057//3057 3056//3056 3049//3049
f 3058//3058 3057//3057 3050//3050
f 3059//3059 3058//3058 3051//3051
f 3060//3060 3059//3059 3052//3052
f 3062//3062 3061//3061 3054//3054
f 3063//3063 3062//3062 3055//3055
f 3064//3064 3063//3063 3056//3056
f 3065//3065 3064//3064 3057//3057
f 3066//3066 3065//3065 3058//3058
f 3067//3067 3066//3066 3059//3059
f 3069//3069 3068//3068 3061//3061
f 3070//3070 3069//3069 3062//3062
f 3071//3071 3070//3070 3063//3063
f 3072//3072 3071//3071 3064//3064
f 3073//3073 3072//3072 3065//3065
f 3074//3074 3073//3073 3066//3066
f 3076//3076 3075//3075 3068//3068
f 3077//3077 3076//3076 3069//3069
f 3078//3078 3077//3077 3070//3070
f 3079//3079 3078//3078 3071//3071
f 3080//3080 3079//3079 3072//3072
f 3081//3081 3080//3080 3073//3073
f 3083//3083 3082//3082 3075//3075
f 3084//3084 3083//3083 3076//3076
f 3085//3085 3084//3084 3077//3077
f 3086//3086 3085//3085 3078//3078
f 3087//3087 3086//3086 3079//3079
f 3088//3088 3087//3087 3080//3080
f 3040//3040 535//535 87//87
f 3041//3041 3040//3040 1516//1516
f 3042//3042 3041//3041 1515//1515
f 3043//3043 3042//3042 1514//1514
f 3044//3044 3043//3043 1513//1513
f 3045//3045 3044//3044 1512//1512
f 3046//3046 3045//3045 1511//1511
f 507//507 3046//3046 1510//1510
f 508//508 3053//3053 3046//3046
f 509//509 3060//3060 3053//3053
f 510//510 3067//3067 3060//3060
f 511//511 3074//3074 3067//3067
f 512//512 3081//3081 3074//3074
f 513//513 3088//3088 3081//3081
f 15//15 409//409 3088//3088
f 409//409 410//410 3087//3087
f 410//410 411//411 3086//3086
f 411//411 412//412 3085//3085
f 412//412 413//413 3084//3084
f 413//413 414//414 3083//3083
f 414//414 415//415 3082//3082
f 415//415 19//19 541//541
f 3082//3082 541//541 540//540
f 3075//3075 540//540 539//539
f 3068//3068 539//539 538//538
f 3061//3061 538//538 537//537
f 3054//3054 537//537 536//536
f 3047//3047 536//536 535//535
f 3097//3097 3096//3096 3089//3089
f 3098//3098 3097//3097 3090//3090
f 3099//3099 3098//3098 3091//3091
f 3100//3100 3099//3099 3092//3092
f 3101//3101 3100//3100 3093//3093
f 3102//3102 3101//3101 3094//3094
f 3104//3104 3103//3103 3096//3096
f 3105//3105 3104//3104 3097//3097
f 3106//3106 3105//3105 3098//3098
f 3107//3107 3106//3106 3099//3099
f 3108//3108 3107//3107 3100//3100
f 3109//3109 3108//3108 3101//3101
f 3111//3111 3110//3110 3103//3103
f 3112//3112 3111//3111 3104//3104
f 3113//3113 3112//3112 3105//3105
f 3114//3114 3113//3113 3106//3106
f 3115//3115 3114//3114 3107//3107
f 3116//3116 3115//3115 3108//3108
f 3118//3118 3117//3117 3110//3110
f 3119//3119 3118//3118 3111//3111
f 3120//3120 3119//3119 3112//3112
f 3121//3121 3120//3120 3113//3113
f 3122//3122 3121//3121 3114//3114
f 3123//3123 3122//3122 3115//3115
f 3125//3125 3124//3124 3117//3117
f 3126//3126 3125//3125 3118//3118
f 3127//3127 3126//3126 3119//3119
f 3128//3128 3127//3127 3120//3120
f 3129//3129 3128//3128 3121//3121
f 3130//3130 3129//3129 3122//3122
f 3132//3132 3131//3131 3124//3124
f 3133//3133 3132//3132 3125//3125
f 3134//3134 3133//3133 3126//3126
f 3135//3135 3134//3134 3127//3127
f 3136//3136 3135//3135 3128//3128
f 3137//3137 3136//3136 3129//3129
f 3089//3089 514//514 84//84
f 3090//3090 3089//3089 1509//1509
f 3091//3091 3090//3090 1508//1508
f 3092//3092 3091//3091 1507//1507
f 3093//3093 3092//3092 1506//1506
f 3094//3094 3093//3093 1505//1505
f 3095//3095 3094//3094 1504//1504
f 542//542 3095//3095 1503//1503
f 543//543 3102//3102 3095//3095
f 544//544 3109//3109 3102//3102
f 545//545 3116//3116 3109//3109
f 546//546 3123//3123 3116//3116
f 547//547 3130//3130 3123//3123
f 548//548 3137//3137 3130//3130
f 20//20 422//422 3137//3137
f 422//422 421//421 3136//3136
f 421//421 420//420 3135//3135
f 420//420 419//419 3134//3134
f 419//419 418//418 3133//3133
f 418//418 417//417 3132//3132
f 417//417 416//416 3131//3131
f 416//416 16//16 520//520
f 3131//3131 520//520 519//519
f 3124//3124 519//519 518//518
f 3117//3117 518//518 517//517
f 3110//3110 517//517 516//516
f 3103//3103 516//516 515//515
f 3096//3096 515//515 514//514
f 3146//3146 3145//3145 3138//3138
f 3147//3147 3146//3146 3139//3139
f 3148//3148 3147//3147 3140//3140
f 3149//3149 3148//3148 3141//3141
f 3150//3150 3149//3149 3142//3142
f 3151//3151 3150//3150 3143//3143
f 3153//3153 3152//3152 3145//3145
f 3154//3154 3153//3153 3146//3146
f 3155//3155 3154//3154 3147//3147
f 3156//3156 3155//3155 3148//3148
f 3157//3157 3156//3156 3149//3149
f 3158//3158 3157//3157 3150//3150
f 3160//3160 3159//3159 3152//3152
f 3161//3161 3160//3160 3153//3153
f 3162//3162 3161//3161 3154//3154
f 3163//3163 3162//3162 3155//3155
f 3164//3164 3163//3163 3156//3156
f 3165//3165 3164//3164 3157//3157
f 3167//3167 3166//3166 3159//3159
f 3168//3168 3167//3167 3160//3160
f 3169//3169 3168//3168 3161//3161
f 3170//3170 3169//3169 3162//3162
f 3171//3171 3170//3170 3163//3163
f 3172//3172 3171//3171 3164//3164
f 3174//3174 3173//3173 3166//3166
f 3175//3175 3174//3174 3167//3167
f 3176//3176 3175//3175 3168//3168
f 3177//3177 3176//3176 3169//3169
f 3178//3178 3177//3177 3170//3170
f 3179//3179 3178//3178 3171//3171
f 3181//3181 3180//3180 3173//3173
f 3182//3182 3181//3181 3174//3174
f 3183//3183 3182//3182 3175//3175
f 3184//3184 3183//3183 3176//3176
f 3185//3185 3184//3184 3177//3177
f 3186//3186 3185//3185 3178//3178
f 3138//3138 507//507 83//83
f 3139//3139 3138//3138 1502//1502
f 3140//3140 3139//3139 1501//1501
f 3141//3141 3140//3140 1500//1500
f 3142//3142 3141//3141 1499//1499
f 3143//3143 3142//3142 1498//1498
f 3144//3144 3143//3143 1497//1497
f 549//549 3144//3144 1496//1496
f 550//550 3151//3151 3144//3144
f 551//551 3158//3158 3151//3151
f 552//552 3165//3165 3158//3158
f 553//553 3172//3172 3165//3165
f 554//554 3179//3179 3172//3172
f 555//555 3186//3186 3179//3179
f 21//21 423//423 3186//3186
f 423//423 424//424 3185//3185
f 424//424 425//425 3184//3184
f 425//425 426//426 3183//3183
f 426//426 427//427 3182//3182
f 427//427 428//428 3181//3181
f 428//428 429//429 3180//3180
f 429//429 15//15 513//513
f 3180//3180 513//513 512//512
f 3173//3173 512//512 511//511
f 3166//3166 511//511 510//510
f 3159//3159 510//510 509//509
f 3152//3152 509//509 508//508
f 3145//3145 508//508 507//507
f 3195//3195 3194//3194 3187//3187
f 3196//3196 3195//3195 3188//3188
f 3197//3197 3196//3196 3189//3189
f 3198//3198 3197//3197 3190//3190
f 3199//3199 3198//3198 3191//3191
f 3200//3200 3199//3199 3192//3192
f 3202//3202 3201//3201 3194//3194
f 3203//3203 3202//3202 3195//3195
f 3204//3204 3203//3203 3196//3196
f 3205//3205 3204//3204 3197//3197
f 3206//3206 3205//3205 3198//3198
f 3207//3207 3206//3206 3199//3199
f 3209//3209 3208//3208 3201//3201
f 3210//3210 3209//3209 3202//3202
f 3211//3211 3210//3210 3203//3203
f 3212//3212 3211//3211 3204//3204
f 3213//3213 3212//3212 3205//3205
f 3214//3214 3213//3213 3206//3206
f 3216//3216 3215//3215 3208//3208
f 3217//3217 3216//3216 3209//3209
f 3218//3218 3217//3217 3210//3210
f 3219//3219 3218//3218 3211//3211
f 3220//3220 3219//3219 3212//3212
f 3221//3221 3220//3220 3213//3213
f 3223//3223 3222//3222 3215//3215
f 3224//3224 3223//3223 3216//3216
f 3225//3225 3224//3224 3217//3217
f 3226//3226 3225//3225 3218//3218
f 3227//3227 3226//3226 3219//3219
f 3228//3228 3227//3227 3220//3220
f 3230//3230 3229//3229 3222//3222
f 3231//3231 3230//3230 3223//3223
f 3232//3232 3231//3231 3224//3224
f 3233//3233 3232//3232 3225//3225
f 3234//3234 3233//3233 3226//3226
f 3235//3235 3234//3234 3227//3227
f 3187//3187 556//556 90//90
f 3188//3188 3187//3187 1495//1495
f 3189//3189 3188//3188 1494//1494
f 3190//3190 3189//3189 1493//1493
f 3191//3191 3190//3190 1492//1492
f 3192//3192 3191//3191 1491//1491
f 3193//3193 3192//3192 1490//1490
f 514//514 3193//3193 1489//1489
f 515//515 3200//3200 3193//3193
f 516//516 3207//3207 3200//3200
f 517//517 3214//3214 3207//3207
f 518//518 3221//3221 3214//3214
f 519//519 3228//3228 3221//3221
f 520//520 3235//3235 3228//3228
f 16//16 430//430 3235//3235
f 430//430 431//431 3234//3234
f 431//431 432//432 3233//3233
f 432//432 433//433 3232//3232
f 433//433 434//434 3231//3231
f 434//434 435//435 3230//3230
f 435//435 436//436 3229//3229
f 436//436 22//22 562//562
f 3229//3229 562//562 561//561
f 3222//3222 561//561 560//560
f 3215//3215 560//560 559//559
f 3208//3208 559//559 558//558
f 3201//3201 558//558 557//557
f 3194//3194 557//557 556//556
f 3244//3244 3243//3243 3236//3236
f 3245//3245 3244//3244 3237//3237
f 3246//3246 3245//3245 3238//3238
f 3247//3247 3246//3246 3239//3239
f 3248//3248 3247//3247 3240//3240
f 3249//3249 3248//3248 3241//3241
f 3251//3251 3250//3250 3243//3243
f 3252//3252 3251//3251 3244//3244
f 3253//3253 3252//3252 3245//3245
f 3254//3254 3253//3253 3246//3246
f 3255//3255 3254//3254 3247//3247
f 3256//3256 3255//3255 3248//3248
f 3258//3258 3257//3257 3250//3250
f 3259//3259 3258//3258 3251//3251
f 3260//3260 3259//3259 3252//3252
f 3261//3261 3260//3260 3253//3253
f 3262//3262 3261//3261 3254//3254
f 3263//3263 3262//3262 3255//3255
f 3265//3265 3264//3264 3257//3257
f 3266//3266 3265//3265 3258//3258
f 3267//3267 3266//3266 3259//3259
f 3268//3268 3267//3267 3260//3260
f 3269//3269 3268//3268 3261//3261
f 3270//3270 3269//3269 3262//3262
f 3272//3272 3271//3271 3264//3264
f 3273//3273 3272//3272 3265//3265
f 3274//3274 3273//3273 3266//3266
f 3275//3275 3274//3274 3267//3267
f 3276//3276 3275//3275 3268//3268
f 3277//3277 3276//3276 3269//3269
f 3279//3279 3278//3278 3271//3271
f 3280//3280 3279//3279 3272//3272
f 3281//3281 3280//3280 3273//3273
f 3282//3282 3281//3281 3274//3274
f 3283//3283 3282//3282 3275//3275
f 3284//3284 3283//3283 3276//3276
f 3236//3236 619//619 95//95
f 3237//3237 3236//3236 1488//1488
f 3238//3238 3237//3237 1487//1487
f 3239//3239 3238//3238 1486//1486
f 3240//3240 3239//3239 1485//1485
f 3241//3241 3240//3240 1484//1484
f 3242//3242 3241//3241 1483//1483
f 563//563 3242//3242 1482//1482
f 564//564 3249//3249 3242//3242
f 565//565 3256//3256 3249//3249
f 566//566 3263//3263 3256//3256
f 567//567 3270//3270 3263//3263
f 568//568 3277//3277 3270//3270
f 569//569 3284//3284 3277//3277
f 23//23 612//612 3284//3284
f 612//612 613//613 3283//3283
f 613//613 614//614 3282//3282
f 614//614 615//615 3281//3281
f 615//615 616//616 3280//3280
f 616//616 617//617 3279//3279
f 617//617 618//618 3278//3278
f 618//618 37//37 625//625
f 3278//3278 625//625 624//624
f 3271//3271 624//624 623//623
f 3264//3264 623//623 622//622
f 3257//3257 622//622 621//621
f 3250//3250 621//621 620//620
f 3243//3243 620//620 619//619
f 3293//3293 3292//3292 3285//3285
f 3294//3294 3293//3293 3286//3286
f 3295//3295 3294//3294 3287//3287
f 3296//3296 3295//3295 3288//3288
f 3297//3297 3296//3296 3289//3289
f 3298//3298 3297//3297 3290//3290
f 3300//3300 3299//3299 3292//3292
f 3301//3301 3300//3300 3293//3293
f 3302//3302 3301//3301 3294//3294
f 3303//3303 3302//3302 3295//3295
f 3304//3304 3303//3303 3296//3296
f 3305//3305 3304//3304 3297//3297
f 3307//3307 3306//3306 3299//3299
f 3308//3308 3307//3307 3300//3300
f 3309//3309 3308//3308 3301//3301
f 3310//3310 3309//3309 3302//3302
f 3311//3311 3310//3310 3303//3303
f 3312//3312 3311//3311 3304//3304
f 3314//3314 3313//3313 3306//3306
f 3315//3315 3314//3314 3307//3307
f 3316//3316 3315//3315 3308//3308
f 3317//3317 3316//3316 3309//3309
f 3318//3318 3317//3317 3310//3310
f 3319//3319 3318//3318 3311//3311
f 3321//3321 3320//3320 3313//3313
f 3322//3322 3321//3321 3314//3314
f 3323//3323 3322//3322 3315//3315
f 3324//3324 3323//3323 3316//3316
f 3325//3325 3324//3324 3317//3317
f 3326//3326 3325//3325 3318//3318
f 3328//3328 3327//3327 3320//3320
f 3329//3329 3328//3328 3321//3321
f 3330//3330 3329//3329 3322//3322
f 3331//3331 3330//3330 3323//3323
f 3332//3332 3331//3331 3324//3324
f 3333//3333 3332//3332 3325//3325
f 3285//3285 570//570 92//92
f 3286//3286 3285//3285 1481//1481
f 3287//3287 3286//3286 1480//1480
f 3288//3288 3287//3287 1479//1479
f 3289//3289 3288//3288 1478//1478
f 3290//3290 3289//3289 1477//1477
f 3291//3291 3290//3290 1476//1476
f 591//591 3291//3291 1475//1475
f 592//592 3298//3298 3291//3291
f 593//593 3305//3305 3298//3298
f 594//594 3312//3312 3305//3305
f 595//595 3319//3319 3312//3312
f 596//596 3326//3326 3319//3319
f 597//597 3333//3333 3326//3326
f 35//35 367//367 3333//3333
f 367//367 368//368 3332//3332
f 368//368 369//369 3331//3331
f 369//369 370//370 3330//3330
f 370//370 371//371 3329//3329
f 371//371 372//372 3328//3328
f 372//372 373//373 3327//3327
f 373//373 24//24 576//576
f 3327//3327 576//576 575//575
f 3320//3320 575//575 574//574
f 3313//3313 574//574 573//573
f 3306//3306 573//573 572//572
f 3299//3299 572//572 571//571
f 3292//3292 571//571 570//570
f 3342//3342 3341//3341 3334//3334
f 3343//3343 3342//3342 3335//3335
f 3344//3344 3343//3343 3336//3336
f 3345//3345 3344//3344 3337//3337
f 3346//3346 3345//3345 3338//3338
f 3347//3347 3346//3346 3339//3339
f 3349//3349 3348//3348 3341//3341
f 3350//3350 3349//3349 3342//3342
f 3351//3351 3350//3350 3343//3343
f 3352//3352 3351//3351 3344//3344
f 3353//3353 3352//3352 3345//3345
f 3354//3354 3353//3353 3346//3346
f 3356//3356 3355//3355 3348//3348
f 3357//3357 3356//3356 3349//3349
f 3358//3358 3357//3357 3350//3350
f 3359//3359 3358//3358 3351//3351
f 3360//3360 3359//3359 3352//3352
f 3361//3361 3360//3360 3353//3353
f 3363//3363 3362//3362 3355//3355
f 3364//3364 3363//3363 3356//3356
f 3365//3365 3364//3364 3357//3357
f 3366//3366 3365//3365 3358//3358
f 3367//3367 3366//3366 3359//3359
f 3368//3368 3367//3367 3360//3360
f 3370//3370 3369//3369 3362//3362
f 3371//3371 3370//3370 3363//3363
f 3372//3372 3371//3371 3364//3364
f 3373//3373 3372//3372 3365//3365
f 3374//3374 3373//3373 3366//3366
f 3375//3375 3374//3374 3367//3367
f 3377//3377 3376//3376 3369//3369
f 3378//3378 3377//3377 3370//3370
f 3379//3379 3378//3378 3371//3371
f 3380//3380 3379//3379 3372//3372
f 3381//3381 3380//3380 3373//3373
f 3382//3382 3381//3381 3374//3374
f 3334//3334 661//661 97//97
f 3335//3335 3334//3334 1474//1474
f 3336//3336 3335//3335 1473//1473
f 3337//3337 3336//3336 1472//1472
f 3338//3338 3337//3337 1471//1471
f 3339//3339 3338//3338 1470//1470
f 3340//3340 3339//3339 1469//1469
f 619//619 3340//3340 1468//1468
f 620//620 3347//3347 3340//3340
f 621//621 3354//3354 3347//3347
f 622//622 3361//3361 3354//3354
f 623//623 3368//3368 3361//3361
f 624//624 3375//3375 3368//3368
f 625//625 3382//3382 3375//3375
f 37//37 654//654 3382//3382
f 654//654 655//655 3381//3381
f 655//655 656//656 3380//3380
f 656//656 657//657 3379//3379
f 657//657 658//658 3378//3378
f 658//658 659//659 3377//3377
f 659//659 660//660 3376//3376
f 660//660 48//48 667//667
f 3376//3376 667//667 666//666
f 3369//3369 666//666 665//665
f 3362//3362 665//665 664//664
f 3355//3355 664//664 663//663
f 3348//3348 663//663 662//662
f 3341//3341 662//662 661//661
f 3391//3391 3390//3390 3383//3383
f 3392//3392 3391//3391 3384//3384
f 3393//3393 3392//3392 3385//3385
f 3394//3394 3393//3393 3386//3386
f 3395//3395 3394//3394 3387//3387
f 3396//3396 3395//3395 3388//3388
f 3398//3398 3397//3397 3390//3390
f 3399//3399 3398//3398 3391//3391
f 3400//3400 3399//3399 3392//3392
f 3401//3401 3400//3400 3393//3393
f 3402//3402 3401//3401 3394//3394
f 3403//3403 3402//3402 3395//3395
f 3405//3405 3404//3404 3397//3397
f 3406//3406 3405//3405 3398//3398
f 3407//3407 3406//3406 3399//3399
f 3408//3408 3407//3407 3400//3400
f 3409//3409 3408//3408 3401//3401
f 3410//3410 3409//3409 3402//3402
f 3412//3412 3411//3411 3404//3404
f 3413//3413 3412//3412 3405//3405
f 3414//3414 3413//3413 3406//3406
f 3415//3415 3414//3414 3407//3407
f 3416//3416 3415//3415 3408//3408
f 3417//3417 3416//3416 3409//3409
f 3419//3419 3418//3418 3411//3411
f 3420//3420 3419//3419 3412//3412
f 3421//3421 3420//3420 3413//3413
f 3422//3422 3421//3421 3414//3414
f 3423//3423 3422//3422 3415//3415
f 3424//3424 3423//3423 3416//3416
f 3426//3426 3425//3425 3418//3418
f 3427//3427 3426//3426 3419//3419
f 3428//3428 3427//3427 3420//3420
f 3429//3429 3428//3428 3421//3421
f 3430//3430 3429//3429 3422//3422
f 3431//3431 3430//3430 3423//3423
f 3383//3383 1165//1165 77//77
f 3384//3384 3383//3383 878//878
f 3385//3385 3384//3384 879//879
f 3386//3386 3385//3385 880//880
f 3387//3387 3386//3386 881//881
f 3388//3388 3387//3387 882//882
f 3389//3389 3388//3388 883//883
f 745//745 3389//3389 884//884
f 746//746 3396//3396 3389//3389
f 747//747 3403//3403 3396//3396
f 748//748 3410//3410 3403//3403
f 749//749 3417//3417 3410//3410
f 750//750 3424//3424 3417//3417
f 751//751 3431//3431 3424//3424
f 53//53 1060//1060 3431//3431
f 1060//1060 1061//1061 3430//3430
f 1061//1061 1062//1062 3429//3429
f 1062//1062 1063//1063 3428//3428
f 1063//1063 1064//1064 3427//3427
f 1064//1064 1065//1065 3426//3426
f 1065//1065 1066//1066 3425//3425
f 1066//1066 79//79 1171//1171
f 3425//3425 1171//1171 1170//1170
f 3418//3418 1170//1170 1169//1169
f 3411//3411 1169//1169 1168//1168
f 3404//3404 1168//1168 1167//1167
f 3397//3397 1167//1167 1166//1166
f 3390//3390 1166//1166 1165//1165
f 3440//3440 3439//3439 3432//3432
f 3441//3441 3440//3440 3433//3433
f 3442//3442 3441//3441 3434//3434
f 3443//3443 3442//3442 3435//3435
f 3444//3444 3443//3443 3436//3436
f 3445//3445 3444//3444 3437//3437
f 3447//3447 3446//3446 3439//3439
f 3448//3448 3447//3447 3440//3440
f 3449//3449 3448//3448 3441//3441
f 3450//3450 3449//3449 3442//3442
f 3451//3451 3450//3450 3443//3443
f 3452//3452 3451//3451 3444//3444
f 3454//3454 3453//3453 3446//3446
f 3455//3455 3454//3454 3447//3447
f 3456//3456 3455//3455 3448//3448
f 3457//3457 3456//3456 3449//3449
f 3458//3458 3457//3457 3450//3450
f 3459//3459 3458//3458 3451//3451
f 3461//3461 3460//3460 3453//3453
f 3462//3462 3461//3461 3454//3454
f 3463//3463 3462//3462 3455//3455
f 3464//3464 3463//3463 3456//3456
f 3465//3465 3464//3464 3457//3457
f 3466//3466 3465//3465 3458//3458
f 3468//3468 3467//3467 3460//3460
f 3469//3469 3468//3468 3461//3461
f 3470//3470 3469//3469 3462//3462
f 3471//3471 3470//3470 3463//3463
f 3472//3472 3471//3471 3464//3464
f 3473//3473 3472//3472 3465//3465
f 3475//3475 3474//3474 3467//3467
f 3476//3476 3475//3475 3468//3468
f 3477//3477 3476//3476 3469//3469
f 3478//3478 3477//3477 3470//3470
f 3479//3479 3478//3478 3471//3471
f 3480//3480 3479//3479 3472//3472
f 3432//3432 1158//1158 73//73
f 3433//3433 3432//3432 1024//1024
f 3434//3434 3433//3433 1023//1023
f 3435//3435 3434//3434 1022//1022
f 3436//3436 3435//3435 1021//1021
f 3437//3437 3436//3436 1020//1020
f 3438//3438 3437//3437 1019//1019
f 723//723 3438//3438 1018//1018
f 722//722 3445//3445 3438//3438
f 721//721 3452//3452 3445//3445
f 720//720 3459//3459 3452//3452
f 719//719 3466//3466 3459//3459
f 718//718 3473//3473 3466//3466
f 717//717 3480//3480 3473//3473
f 64//64 870//870 3480//3480
f 870//870 869//869 3479//3479
f 869//869 868//868 3478//3478
f 868//868 867//867 3477//3477
f 867//867 866//866 3476//3476
f 866//866 865//865 3475//3475
f 865//865 864//864 3474//3474
f 864//864 76//76 1164//1164
f 3474//3474 1164//1164 1163//1163
f 3467//3467 1163//1163 1162//1162
f 3460//3460 1162//1162 1161//1161
f 3453//3453 1161//1161 1160//1160
f 3446//3446 1160//1160 1159//1159
f 3439//3439 1159//1159 1158//1158
f 3489//3489 3488//3488 3481//3481
f 3490//3490 3489//3489 3482//3482
f 3491//3491 3490//3490 3483//3483
f 3492//3492 3491//3491 3484//3484
f 3493//3493 3492//3492 3485//3485
f 3494//3494 3493//3493 3486//3486
f 3496//3496 3495//3495 3488//3488
f 3497//3497 3496//3496 3489//3489
f 3498//3498 3497//3497 3490//3490
f 3499//3499 3498//3498 3491//3491
f 3500//3500 3499//3499 3492//3492
f 3501//3501 3500//3500 3493//3493
f 3503//3503 3502//3502 3495//3495
f 3504//3504 3503//3503 3496//3496
f 3505//3505 3504//3504 3497//3497
f 3506//3506 3505//3505 3498//3498
f 3507//3507 3506//3506 3499//3499
f 3508//3508 3507//3507 3500//3500
f 3510//3510 3509//3509 3502//3502
f 3511//3511 3510//3510 3503//3503
f 3512//3512 3511//3511 3504//3504
f 3513//3513 3512//3512 3505//3505
f 3514//3514 3513//3513 3506//3506
f 3515//3515 3514//3514 3507//3507
f 3517//3517 3516//3516 3509//3509
f 3518//3518 3517//3517 3510//3510
f 3519//3519 3518//3518 3511//3511
f 3520//3520 3519//3519 3512//3512
f 3521//3521 3520//3520 3513//3513
f 3522//3522 3521//3521 3514//3514
f 3524//3524 3523//3523 3516//3516
f 3525//3525 3524//3524 3517//3517
f 3526//3526 3525//3525 3518//3518
f 3527//3527 3526//3526 3519//3519
f 3528//3528 3527//3527 3520//3520
f 3529//3529 3528//3528 3521//3521
f 3481//3481 1151//1151 75//75
f 3482//3482 3481//3481 836//836
f 3483//3483 3482//3482 837//837
f 3484//3484 3483//3483 838//838
f 3485//3485 3484//3484 839//839
f 3486//3486 3485//3485 840//840
f 3487//3487 3486//3486 841//841
f 828//828 3487//3487 842//842
f 827//827 3494//3494 3487//3487
f 826//826 3501//3501 3494//3494
f 825//825 3508//3508 3501//3501
f 824//824 3515//3515 3508//3508
f 823//823 3522//3522 3515//3515
f 822//822 3529//3529 3522//3522
f 58//58 800//800 3529//3529
f 800//800 799//799 3528//3528
f 799//799 798//798 3527//3527
f 798//798 797//797 3526//3526
f 797//797 796//796 3525//3525
f 796//796 795//795 3524//3524
f 795//795 794//794 3523//3523
f 794//794 71//71 1157//1157
f 3523//3523 1157//1157 1156//1156
f 3516//3516 1156//1156 1155//1155
f 3509//3509 1155//1155 1154//1154
f 3502//3502 1154//1154 1153//1153
f 3495//3495 1153//1153 1152//1152
f 3488//3488 1152//1152 1151//1151
f 3538//3538 3537//3537 3530//3530
f 3539//3539 3538//3538 3531//3531
f 3540//3540 3539//3539 3532//3532
f 3541//3541 3540//3540 3533//3533
f 3542//3542 3541//3541 3534//3534
f 3543//3543 3542//3542 3535//3535
f 3545//3545 3544//3544 3537//3537
f 3546//3546 3545//3545 3538//3538
f 3547//3547 3546//3546 3539//3539
f 3548//3548 3547//3547 3540//3540
f 3549//3549 3548//3548 3541//3541
f 3550//3550 3549//3549 3542//3542
f 3552//3552 3551//3551 3544//3544
f 3553//3553 3552//3552 3545//3545
f 3554//3554 3553//3553 3546//3546
f 3555//3555 3554//3554 3547//3547
f 3556//3556 3555//3555 3548//3548
f 3557//3557 3556//3556 3549//3549
f 3559//3559 3558//3558 3551//3551
f 3560//3560 3559//3559 3552//3552
f 3561//3561 3560//3560 3553//3553
f 3562//3562 3561//3561 3554//3554
f 3563//3563 3562//3562 3555//3555
f 3564//3564 3563//3563 3556//3556
f 3566//3566 3565//3565 3558//3558
f 3567//3567 3566//3566 3559//3559
f 3568//3568 3567//3567 3560//3560
f 3569//3569 3568//3568 3561//3561
f 3570//3570 3569//3569 3562//3562
f 3571//3571 3570//3570 3563//3563
f 3573//3573 3572//3572 3565//3565
f 3574//3574 3573//3573 3566//3566
f 3575//3575 3574//3574 3567//3567
f 3576//3576 3575//3575 3568//3568
f 3577//3577 3576//3576 3569//3569
f 3578//3578 3577//3577 3570//3570
f 3530//3530 1144//1144 82//82
f 3531//3531 3530//3530 1087//1087
f 3532//3532 3531//3531 1086//1086
f 3533//3533 3532//3532 1085//1085
f 3534//3534 3533//3533 1084//1084
f 3535//3535 3534//3534 1083//1083
f 3536//3536 3535//3535 1082//1082
f 703//703 3536//3536 1081//1081
f 704//704 3543//3543 3536//3536
f 705//705 3550//3550 3543//3543
f 706//706 3557//3557 3550//3550
f 707//707 3564//3564 3557//3557
f 708//708 3571//3571 3564//3564
f 709//709 3578//3578 3571//3571
f 54//54 1067//1067 3578//3578
f 1067//1067 1068//1068 3577//3577
f 1068//1068 1069//1069 3576//3576
f 1069//1069 1070//1070 3575//3575
f 1070//1070 1071//1071 3574//3574
f 1071//1071 1072//1072 3573//3573
f 1072//1072 1073//1073 3572//3572
f 1073//1073 80//80 1150//1150
f 3572//3572 1150//1150 1149//1149
f 3565//3565 1149//1149 1148//1148
f 3558//3558 1148//1148 1147//1147
f 3551//3551 1147//1147 1146//1146
f 3544//3544 1146//1146 1145//1145
f 3537//3537 1145//1145 1144//1144
f 3587//3587 3586//3586 3579//3579
f 3588//3588 3587//3587 3580//3580
f 3589//3589 3588//3588 3581//3581
f 3590//3590 3589//3589 3582//3582
f 3591//3591 3590//3590 3583//3583
f 3592//3592 3591//3591 3584//3584
f 3594//3594 3593//3593 3586//3586
f 3595//3595 3594//3594 3587//3587
f 3596//3596 3595//3595 3588//3588
f 3597//3597 3596//3596 3589//3589
f 3598//3598 3597//3597 3590//3590
f 3599//3599 3598//3598 3591//3591
f 3601//3601 3600//3600 3593//3593
f 3602//3602 3601//3601 3594//3594
f 3603//3603 3602//3602 3595//3595
f 3604//3604 3603//3603 3596//3596
f 3605//3605 3604//3604 3597//3597
f 3606//3606 3605//3605 3598//3598
f 3608//3608 3607//3607 3600//3600
f 3609//3609 3608//3608 3601//3601
f 3610//3610 3609//3609 3602//3602
f 3611//3611 3610//3610 3603//3603
f 3612//3612 3611//3611 3604//3604
f 3613//3613 3612//3612 3605//3605
f 3615//3615 3614//3614 3607//3607
f 3616//3616 3615//3615 3608//3608
f 3617//3617 3616//3616 3609//3609
f 3618//3618 3617//3617 3610//3610
f 3619//3619 3618//3618 3611//3611
f 3620//3620 3619//3619 3612//3612
f 3622//3622 3621//3621 3614//3614
f 3623//3623 3622//3622 3615//3615
f 3624//3624 3623//3623 3616//3616
f 3625//3625 3624//3624 3617//3617
f 3626//3626 3625//3625 3618//3618
f 3627//3627 3626//3626 3619//3619
f 3579//3579 1461//1461 96//96
f 3580//3580 3579//3579 1306//1306
f 3581//3581 3580//3580 1305//1305
f 3582//3582 3581//3581 1304//1304
f 3583//3583 3582//3582 1303//1303
f 3584//3584 3583//3583 1302//1302
f 3585//3585 3584//3584 1301//1301
f 633//633 3585//3585 1300//1300
f 634//634 3592//3592 3585//3585
f 635//635 3599//3599 3592//3592
f 636//636 3606//3606 3599//3599
f 637//637 3613//3613 3606//3606
f 638//638 3620//3620 3613//3613
f 639//639 3627//3627 3620//3620
f 35//35 597//597 3627//3627
f 597//597 596//596 3626//3626
f 596//596 595//595 3625//3625
f 595//595 594//594 3624//3624
f 594//594 593//593 3623//3623
f 593//593 592//592 3622//3622
f 592//592 591//591 3621//3621
f 591//591 94//94 1467//1467
f 3621//3621 1467//1467 1466//1466
f 3614//3614 1466//1466 1465//1465
f 3607//3607 1465//1465 1464//1464
f 3600//3600 1464//1464 1463//1463
f 3593//3593 1463//1463 1462//1462
f 3586//3586 1462//1462 1461//1461
f 3636//3636 3635//3635 3628//3628
f 3637//3637 3636//3636 3629//3629
f 3638//3638 3637//3637 3630//3630
f 3639//3639 3638//3638 3631//3631
f 3640//3640 3639//3639 3632//3632
f 3641//3641 3640//3640 3633//3633
f 3643//3643 3642//3642 3635//3635
f 3644//3644 3643//3643 3636//3636
f 3645//3645 3644//3644 3637//3637
f 3646//3646 3645//3645 3638//3638
f 3647//3647 3646//3646 3639//3639
f 3648//3648 3647//3647 3640//3640
f 3650//3650 3649//3649 3642//3642
f 3651//3651 3650//3650 3643//3643
f 3652//3652 3651//3651 3644//3644
f 3653//3653 3652//3652 3645//3645
f 3654//3654 3653//3653 3646//3646
f 3655//3655 3654//3654 3647//3647
f 3657//3657 3656//3656 3649//3649
f 3658//3658 3657//3657 3650//3650
f 3659//3659 3658//3658 3651//3651
f 3660//3660 3659//3659 3652//3652
f 3661//3661 3660//3660 3653//3653
f 3662//3662 3661//3661 3654//3654
f 3664//3664 3663//3663 3656//3656
f 3665//3665 3664//3664 3657//3657
f 3666//3666 3665//3665 3658//3658
f 3667//3667 3666//3666 3659//3659
f 3668//3668 3667//3667 3660//3660
f 3669//3669 3668//3668 3661//3661
f 3671//3671 3670//3670 3663//3663
f 3672//3672 3671//3671 3664//3664
f 3673//3673 3672//3672 3665//3665
f 3674//3674 3673//3673 3666//3666
f 3675//3675 3674//3674 3667//3667
f 3676//3676 3675//3675 3668//3668
f 3628//3628 577//577 93//93
f 3629//3629 3628//3628 1460//1460
f 3630//3630 3629//3629 1459//1459
f 3631//3631 3630//3630 1458//1458
f 3632//3632 3631//3631 1457//1457
f 3633//3633 3632//3632 1456//1456
f 3634//3634 3633//3633 1455//1455
f 661//661 3634//3634 1454//1454
f 662//662 3641//3641 3634//3634
f 663//663 3648//3648 3641//3641
f 664//664 3655//3655 3648//3648
f 665//665 3662//3662 3655//3655
f 666//666 3669//3669 3662//3662
f 667//667 3676//3676 3669//3669
f 48//48 493//493 3676//3676
f 493//493 494//494 3675//3675
f 494//494 495//495 3674//3674
f 495//495 496//496 3673//3673
f 496//496 497//497 3672//3672
f 497//497 498//498 3671//3671
f 498//498 499//499 3670//3670
f 499//499 34//34 583//583
f 3670//3670 583//583 582//582
f 3663//3663 582//582 581//581
f 3656//3656 581//581 580//580
f 3649//3649 580//580 579//579
f 3642//3642 579//579 578//578
f 3635//3635 578//578 577//577
f 3685//3685 3684//3684 3677//3677
f 3686//3686 3685//3685 3678//3678
f 3687//3687 3686//3686 3679//3679
f 3688//3688 3687//3687 3680//3680
f 3689//3689 3688//3688 3681//3681
f 3690//3690 3689//3689 3682//3682
f 3692//3692 3691//3691 3684//3684
f 3693//3693 3692//3692 3685//3685
f 3694//3694 3693//3693 3686//3686
f 3695//3695 3694//3694 3687//3687
f 3696//3696 3695//3695 3688//3688
f 3697//3697 3696//3696 3689//3689
f 3699//3699 3698//3698 3691//3691
f 3700//3700 3699//3699 3692//3692
f 3701//3701 3700//3700 3693//3693
f 3702//3702 3701//3701 3694//3694
f 3703//3703 3702//3702 3695//3695
f 3704//3704 3703//3703 3696//3696
f 3706//3706 3705//3705 3698//3698
f 3707//3707 3706//3706 3699//3699
f 3708//3708 3707//3707 3700//3700
f 3709//3709 3708//3708 3701//3701
f 3710//3710 3709//3709 3702//3702
f 3711//3711 3710//3710 3703//3703
f 3713//3713 3712//3712 3705//3705
f 3714//3714 3713//3713 3706//3706
f 3715//3715 3714//3714 3707//3707
f 3716//3716 3715//3715 3708//3708
f 3717//3717 3716//3716 3709//3709
f 3718//3718 3717//3717 3710//3710
f 3720//3720 3719//3719 3712//3712
f 3721//3721 3720//3720 3713//3713
f 3722//3722 3721//3721 3714//3714
f 3723//3723 3722//3722 3715//3715
f 3724//3724 3723//3723 3716//3716
f 3725//3725 3724//3724 3717//3717
f 3677//3677 1137//1137 79//79
f 3678//3678 3677//3677 1066//1066
f 3679//3679 3678//3678 1065//1065
f 3680//3680 3679//3679 1064//1064
f 3681//3681 3680//3680 1063//1063
f 3682//3682 3681//3681 1062//1062
f 3683//3683 3682//3682 1061//1061
f 829//829 3683//3683 1060//1060
f 830//830 3690//3690 3683//3683
f 831//831 3697//3697 3690//3690
f 832//832 3704//3704 3697//3697
f 833//833 3711//3711 3704//3704
f 834//834 3718//3718 3711//3711
f 835//835 3725//3725 3718//3718
f 62//62 1074//1074 3725//3725
f 1074//1074 1075//1075 3724//3724
f 1075//1075 1076//1076 3723//3723
f 1076//1076 1077//1077 3722//3722
f 1077//1077 1078//1078 3721//3721
f 1078//1078 1079//1079 3720//3720
f 1079//1079 1080//1080 3719//3719
f 1080//1080 81//81 1143//1143
f 3719//3719 1143//1143 1142//1142
f 3712//3712 1142//1142 1141//1141
f 3705//3705 1141//1141 1140//1140
f 3698//3698 1140//1140 1139//1139
f 3691//3691 1139//1139 1138//1138
f 3684//3684 1138//1138 1137//1137
f 3734//3734 3733//3733 3726//3726
f 3735//3735 3734//3734 3727//3727
f 3736//3736 3735//3735 3728//3728
f 3737//3737 3736//3736 3729//3729
f 3738//3738 3737//3737 3730//3730
f 3739//3739 3738//3738 3731//3731
f 3741//3741 3740//3740 3733//3733
f 3742//3742 3741//3741 3734//3734
f 3743//3743 3742//3742 3735//3735
f 3744//3744 3743//3743 3736//3736
f 3745//3745 3744//3744 3737//3737
f 3746//3746 3745//3745 3738//3738
f 3748//3748 3747//3747 3740//3740
f 3749//3749 3748//3748 3741//3741
f 3750//3750 3749//3749 3742//3742
f 3751//3751 3750//3750 3743//3743
f 3752//3752 3751//3751 3744//3744
f 3753//3753 3752//3752 3745//3745
f 3755//3755 3754//3754 3747//3747
f 3756//3756 3755//3755 3748//3748
f 3757//3757 3756//3756 3749//3749
f 3758//3758 3757//3757 3750//3750
f 3759//3759 3758//3758 3751//3751
f 3760//3760 3759//3759 3752//3752
f 3762//3762 3761//3761 3754//3754
f 3763//3763 3762//3762 3755//3755
f 3764//3764 3763//3763 3756//3756
f 3765//3765 3764//3764 3757//3757
f 3766//3766 3765//3765 3758//3758
f 3767//3767 3766//3766 3759//3759
f 3769//3769 3768//3768 3761//3761
f 3770//3770 3769//3769 3762//3762
f 3771//3771 3770//3770 3763//3763
f 3772//3772 3771//3771 3764//3764
f 3773//3773 3772//3772 3765//3765
f 3774//3774 3773//3773 3766//3766
f 3726//3726 1130//1130 78//78
f 3727//3727 3726//3726 1059//1059
f 3728//3728 3727//3727 1058//1058
f 3729//3729 3728//3728 1057//1057
f 3730//3730 3729//3729 1056//1056
f 3731//3731 3730//3730 1055//1055
f 3732//3732 3731//3731 1054//1054
f 850//850 3732//3732 1053//1053
f 851//851 3739//3739 3732//3732
f 852//852 3746//3746 3739//3739
f 853//853 3753//3753 3746//3746
f 854//854 3760//3760 3753//3753
f 855//855 3767//3767 3760//3760
f 856//856 3774//3774 3767//3767
f 63//63 1081//1081 3774//3774
f 1081//1081 1082//1082 3773//3773
f 1082//1082 1083//1083 3772//3772
f 1083//1083 1084//1084 3771//3771
f 1084//1084 1085//1085 3770//3770
f 1085//1085 1086//1086 3769//3769
f 1086//1086 1087//1087 3768//3768
f 1087//1087 82//82 1136//1136
f 3768//3768 1136//1136 1135//1135
f 3761//3761 1135//1135 1134//1134
f 3754//3754 1134//1134 1133//1133
f 3747//3747 1133//1133 1132//1132
f 3740//3740 1132//1132 1131//1131
f 3733//3733 1131//1131 1130//1130
f 3783//3783 3782//3782 3775//3775
f 3784//3784 3783//3783 3776//3776
f 3785//3785 3784//3784 3777//3777
f 3786//3786 3785//3785 3778//3778
f 3787//3787 3786//3786 3779//3779
f 3788//3788 3787//3787 3780//3780
f 3790//3790 3789//3789 3782//3782
f 3791//3791 3790//3790 3783//3783
f 3792//3792 3791//3791 3784//3784
f 3793//3793 3792//3792 3785//3785
f 3794//3794 3793//3793 3786//3786
f 3795//3795 3794//3794 3787//3787
f 3797//3797 3796//3796 3789//3789
f 3798//3798 3797//3797 3790//3790
f 3799//3799 3798//3798 3791//3791
f 3800//3800 3799//3799 3792//3792
f 3801//3801 3800//3800 3793//3793
f 3802//3802 3801//3801 3794//3794
f 3804//3804 3803//3803 3796//3796
f 3805//3805 3804//3804 3797//3797
f 3806//3806 3805//3805 3798//3798
f 3807//3807 3806//3806 3799//3799
f 3808//3808 3807//3807 3800//3800
f 3809//3809 3808//3808 3801//3801
f 3811//3811 3810//3810 3803//3803
f 3812//3812 3811//3811 3804//3804
f 3813//3813 3812//3812 3805//3805
f 3814//3814 3813//3813 3806//3806
f 3815//3815 3814//3814 3807//3807
f 3816//3816 3815//3815 3808//3808
f 3818//3818 3817//3817 3810//3810
f 3819//3819 3818//3818 3811//3811
f 3820//3820 3819//3819 3812//3812
f 3821//3821 3820//3820 3813//3813
f 3822//3822 3821//3821 3814//3814
f 3823//3823 3822//3822 3815//3815
f 3775//3775 1447//1447 93//93
f 3776//3776 3775//3775 577//577
f 3777//3777 3776//3776 578//578
f 3778//3778 3777//3777 579//579
f 3779//3779 3778//3778 580//580
f 3780//3780 3779//3779 581//581
f 3781//3781 3780//3780 582//582
f 668//668 3781//3781 583//583
f 669//669 3788//3788 3781//3781
f 670//670 3795//3795 3788//3788
f 671//671 3802//3802 3795//3795
f 672//672 3809//3809 3802//3802
f 673//673 3816//3816 3809//3809
f 674//674 3823//3823 3816//3816
f 49//49 1314//1314 3823//3823
f 1314//1314 1315//1315 3822//3822
f 1315//1315 1316//1316 3821//3821
f 1316//1316 1317//1317 3820//3820
f 1317//1317 1318//1318 3819//3819
f 1318//1318 1319//1319 3818//3818
f 1319//1319 1320//1320 3817//3817
f 1320//1320 98//98 1453//1453
f 3817//3817 1453//1453 1452//1452
f 3810//3810 1452//1452 1451//1451
f 3803//3803 1451//1451 1450//1450
f 3796//3796 1450//1450 1449//1449
f 3789//3789 1449//1449 1448//1448
f 3782//3782 1448//1448 1447//1447
f 3832//3832 3831//3831 3824//3824
f 3833//3833 3832//3832 3825//3825
f 3834//3834 3833//3833 3826//3826
f 3835//3835 3834//3834 3827//3827
f 3836//3836 3835//3835 3828//3828
f 3837//3837 3836//3836 3829//3829
f 3839//3839 3838//3838 3831//3831
f 3840//3840 3839//3839 3832//3832
f 3841//3841 3840//3840 3833//3833
f 3842//3842 3841//3841 3834//3834
f 3843//3843 3842//3842 3835//3835
f 3844//3844 3843//3843 3836//3836
f 3846//3846 3845//3845 3838//3838
f 3847//3847 3846//3846 3839//3839
f 3848//3848 3847//3847 3840//3840
f 3849//3849 3848//3848 3841//3841
f 3850//3850 3849//3849 3842//3842
f 3851//3851 3850//3850 3843//3843
f 3853//3853 3852//3852 3845//3845
f 3854//3854 3853//3853 3846//3846
f 3855//3855 3854//3854 3847//3847
f 3856//3856 3855//3855 3848//3848
f 3857//3857 3856//3856 3849//3849
f 3858//3858 3857//3857 3850//3850
f 3860//3860 3859//3859 3852//3852
f 3861//3861 3860//3860 3853//3853
f 3862//3862 3861//3861 3854//3854
f 3863//3863 3862//3862 3855//3855
f 3864//3864 3863//3863 3856//3856
f 3865//3865 3864//3864 3857//3857
f 3867//3867 3866//3866 3859//3859
f 3868//3868 3867//3867 3860//3860
f 3869//3869 3868//3868 3861//3861
f 3870//3870 3869//3869 3862//3862
f 3871//3871 3870//3870 3863//3863
f 3872//3872 3871//3871 3864//3864
f 3824//3824 1362//1362 104//104
f 3825//3825 3824//3824 1446//1446
f 3826//3826 3825//3825 1445//1445
f 3827//3827 3826//3826 1444//1444
f 3828//3828 3827//3827 1443//1443
f 3829//3829 3828//3828 1442//1442
f 3830//3830 3829//3829 1441//1441
f 1348//1348 3830//3830 1440//1440
f 1347//1347 3837//3837 3830//3830
f 1346//1346 3844//3844 3837//3837
f 1345//1345 3851//3851 3844//3844
f 1344//1344 3858//3858 3851//3851
f 1343//1343 3865//3865 3858//3858
f 1342//1342 3872//3872 3865//3865
f 54//54 709//709 3872//3872
f 709//709 708//708 3871//3871
f 708//708 707//707 3870//3870
f 707//707 706//706 3869//3869
f 706//706 705//705 3868//3868
f 705//705 704//704 3867//3867
f 704//704 703//703 3866//3866
f 703//703 63//63 1356//1356
f 3866//3866 1356//1356 1357//1357
f 3859//3859 1357//1357 1358//1358
f 3852//3852 1358//1358 1359//1359
f 3845//3845 1359//1359 1360//1360
f 3838//3838 1360//1360 1361//1361
f 3831//3831 1361//1361 1362//1362
f 3881//3881 3880//3880 3873//3873
f 3882//3882 3881//3881 3874//3874
f 3883//3883 3882//3882 3875//3875
f 3884//3884 3883//3883 3876//3876
f 3885//3885 3884//3884 3877//3877
f 3886//3886 3885//3885 3878//3878
f 3888//3888 3887//3887 3880//3880
f 3889//3889 3888//3888 3881//3881
f 3890//3890 3889//3889 3882//3882
f 3891//3891 3890//3890 3883//3883
f 3892//3892 3891//3891 3884//3884
f 3893//3893 3892//3892 3885//3885
f 3895//3895 3894//3894 3887//3887
f 3896//3896 3895//3895 3888//3888
f 3897//3897 3896//3896 3889//3889
f 3898//3898 3897//3897 3890//3890
f 3899//3899 3898//3898 3891//3891
f 3900//3900 3899//3899 3892//3892
f 3902//3902 3901//3901 3894//3894
f 3903//3903 3902//3902 3895//3895
f 3904//3904 3903//3903 3896//3896
f 3905//3905 3904//3904 3897//3897
f 3906//3906 3905//3905 3898//3898
f 3907//3907 3906//3906 3899//3899
f 3909//3909 3908//3908 3901//3901
f 3910//3910 3909//3909 3902//3902
f 3911//3911 3910//3910 3903//3903
f 3912//3912 3911//3911 3904//3904
f 3913//3913 3912//3912 3905//3905
f 3914//3914 3913//3913 3906//3906
f 3916//3916 3915//3915 3908//3908
f 3917//3917 3916//3916 3909//3909
f 3918//3918 3917//3917 3910//3910
f 3919//3919 3918//3918 3911//3911
f 3920//3920 3919//3919 3912//3912
f 3921//3921 3920//3920 3913//3913
f 3873//3873 1123//1123 71//71
f 3874//3874 3873//3873 794//794
f 3875//3875 3874//3874 795//795
f 3876//3876 3875//3875 796//796
f 3877//3877 3876//3876 797//797
f 3878//3878 3877//3877 798//798
f 3879//3879 3878//3878 799//799
f 744//744 3879//3879 800//800
f 743//743 3886//3886 3879//3879
f 742//742 3893//3893 3886//3886
f 741//741 3900//3900 3893//3893
f 740//740 3907//3907 3900//3900
f 739//739 3914//3914 3907//3907
f 738//738 3921//3921 3914//3914
f 56//56 1025//1025 3921//3921
f 1025//1025 1026//1026 3920//3920
f 1026//1026 1027//1027 3919//3919
f 1027//1027 1028//1028 3918//3918
f 1028//1028 1029//1029 3917//3917
f 1029//1029 1030//1030 3916//3916
f 1030//1030 1031//1031 3915//3915
f 1031//1031 74//74 1129//1129
f 3915//3915 1129//1129 1128//1128
f 3908//3908 1128//1128 1127//1127
f 3901//3901 1127//1127 1126//1126
f 3894//3894 1126//1126 1125//1125
f 3887//3887 1125//1125 1124//1124
f 3880//3880 1124//1124 1123//1123
f 3930//3930 3929//3929 3922//3922
f 3931//3931 3930//3930 3923//3923
f 3932//3932 3931//3931 3924//3924
f 3933//3933 3932//3932 3925//3925
f 3934//3934 3933//3933 3926//3926
f 3935//3935 3934//3934 3927//3927
f 3937//3937 3936//3936 3929//3929
f 3938//3938 3937//3937 3930//3930
f 3939//3939 3938//3938 3931//3931
f 3940//3940 3939//3939 3932//3932
f 3941//3941 3940//3940 3933//3933
f 3942//3942 3941//3941 3934//3934
f 3944//3944 3943//3943 3936//3936
f 3945//3945 3944//3944 3937//3937
f 3946//3946 3945//3945 3938//3938
f 3947//3947 3946//3946 3939//3939
f 3948//3948 3947//3947 3940//3940
f 3949//3949 3948//3948 3941//3941
f 3951//3951 3950//3950 3943//3943
f 3952//3952 3951//3951 3944//3944
f 3953//3953 3952//3952 3945//3945
f 3954//3954 3953//3953 3946//3946
f 3955//3955 3954//3954 3947//3947
f 3956//3956 3955//3955 3948//3948
f 3958//3958 3957//3957 3950//3950
f 3959//3959 3958//3958 3951//3951
f 3960//3960 3959//3959 3952//3952
f 3961//3961 3960//3960 3953//3953
f 3962//3962 3961//3961 3954//3954
f 3963//3963 3962//3962 3955//3955
f 3965//3965 3964//3964 3957//3957
f 3966//3966 3965//3965 3958//3958
f 3967//3967 3966//3966 3959//3959
f 3968//3968 3967//3967 3960//3960
f 3969//3969 3968//3968 3961//3961
f 3970//3970 3969//3969 3962//3962
f 3922//3922 1116//1116 68//68
f 3923//3923 3922//3922 989//989
f 3924//3924 3923//3923 988//988
f 3925//3925 3924//3924 987//987
f 3926//3926 3925//3925 986//986
f 3927//3927 3926//3926 985//985
f 3928//3928 3927//3927 984//984
f 164//164 3928//3928 983//983
f 165//165 3935//3935 3928//3928
f 166//166 3942//3942 3935//3935
f 167//167 3949//3949 3942//3942
f 168//168 3956//3956 3949//3949
f 169//169 3963//3963 3956//3956
f 170//170 3970//3970 3963//3963
f 39//39 786//786 3970//3970
f 786//786 785//785 3969//3969
f 785//785 784//784 3968//3968
f 784//784 783//783 3967//3967
f 783//783 782//782 3966//3966
f 782//782 781//781 3965//3965
f 781//781 780//780 3964//3964
f 780//780 69//69 1122//1122
f 3964//3964 1122//1122 1121//1121
f 3957//3957 1121//1121 1120//1120
f 3950//3950 1120//1120 1119//1119
f 3943//3943 1119//1119 1118//1118
f 3936//3936 1118//1118 1117//1117
f 3929//3929 1117//1117 1116//1116
f 3979//3979 3978//3978 3971//3971
f 3980//3980 3979//3979 3972//3972
f 3981//3981 3980//3980 3973//3973
f 3982//3982 3981//3981 3974//3974
f 3983//3983 3982//3982 3975//3975
f 3984//3984 3983//3983 3976//3976
f 3986//3986 3985//3985 3978//3978
f 3987//3987 3986//3986 3979//3979
f 3988//3988 3987//3987 3980//3980
f 3989//3989 3988//3988 3981//3981
f 3990//3990 3989//3989 3982//3982
f 3991//3991 3990//3990 3983//3983
f 3993//3993 3992//3992 3985//3985
f 3994//3994 3993//3993 3986//3986
f 3995//3995 3994//3994 3987//3987
f 3996//3996 3995//3995 3988//3988
f 3997//3997 3996//3996 3989//3989
f 3998//3998 3997//3997 3990//3990
f 4000//4000 3999//3999 3992//3992
f 4001//4001 4000//4000 3993//3993
f 4002//4002 4001//4001 3994//3994
f 4003//4003 4002//4002 3995//3995
f 4004//4004 4003//4003 3996//3996
f 4005//4005 4004//4004 3997//3997
f 4007//4007 4006//4006 3999//3999
f 4008//4008 4007//4007 4000//4000
f 4009//4009 4008//4008 4001//4001
f 4010//4010 4009//4009 4002//4002
f 4011//4011 4010//4010 4003//4003
f 4012//4012 4011//4011 4004//4004
f 4014//4014 4013//4013 4006//4006
f 4015//4015 4014//4014 4007//4007
f 4016//4016 4015//4015 4008//4008
f 4017//4017 4016//4016 4009//4009
f 4018//4018 4017//4017 4010//4010
f 4019//4019 4018//4018 4011//4011
f 3971//3971 1433//1433 90//90
f 3972//3972 3971//3971 556//556
f 3973//3973 3972//3972 557//557
f 3974//3974 3973//3973 558//558
f 3975//3975 3974//3974 559//559
f 3976//3976 3975//3975 560//560
f 3977//3977 3976//3976 561//561
f 374//374 3977//3977 562//562
f 375//375 3984//3984 3977//3977
f 376//376 3991//3991 3984//3984
f 377//377 3998//3998 3991//3991
f 378//378 4005//4005 3998//3998
f 379//379 4012//4012 4005//4005
f 380//380 4019//4019 4012//4012
f 25//25 940//940 4019//4019
f 940//940 939//939 4018//4018
f 939//939 938//938 4017//4017
f 938//938 937//937 4016//4016
f 937//937 936//936 4015//4015
f 936//936 935//935 4014//4014
f 935//935 934//934 4013//4013
f 934//934 105//105 1439//1439
f 4013//4013 1439//1439 1438//1438
f 4006//4006 1438//1438 1437//1437
f 3999//3999 1437//1437 1436//1436
f 3992//3992 1436//1436 1435//1435
f 3985//3985 1435//1435 1434//1434
f 3978//3978 1434//1434 1433//1433
f 4028//4028 4027//4027 4020//4020
f 4029//4029 4028//4028 4021//4021
f 4030//4030 4029//4029 4022//4022
f 4031//4031 4030//4030 4023//4023
f 4032//4032 4031//4031 4024//4024
f 4033//4033 4032//4032 4025//4025
f 4035//4035 4034//4034 4027//4027
f 4036//4036 4035//4035 4028//4028
f 4037//4037 4036//4036 4029//4029
f 4038//4038 4037//4037 4030//4030
f 4039//4039 4038//4038 4031//4031
f 4040//4040 4039//4039 4032//4032
f 4042//4042 4041//4041 4034//4034
f 4043//4043 4042//4042 4035//4035
f 4044//4044 4043//4043 4036//4036
f 4045//4045 4044//4044 4037//4037
f 4046//4046 4045//4045 4038//4038
f 4047//4047 4046//4046 4039//4039
f 4049//4049 4048//4048 4041//4041
f 4050//4050 4049//4049 4042//4042
f 4051//4051 4050//4050 4043//4043
f 4052//4052 4051//4051 4044//4044
f 4053//4053 4052//4052 4045//4045
f 4054//4054 4053//4053 4046//4046
f 4056//4056 4055//4055 4048//4048
f 4057//4057 4056//4056 4049//4049
f 4058//4058 4057//4057 4050//4050
f 4059//4059 4058//4058 4051//4051
f 4060//4060 4059//4059 4052//4052
f 4061//4061 4060//4060 4053//4053
f 4063//4063 4062//4062 4055//4055
f 4064//4064 4063//4063 4056//4056
f 4065//4065 4064//4064 4057//4057
f 4066//4066 4065//4065 4058//4058
f 4067//4067 4066//4066 4059//4059
f 4068//4068 4067//4067 4060//4060
f 4020//4020 1426//1426 101//101
f 4021//4021 4020//4020 752//752
f 4022//4022 4021//4021 753//753
f 4023//4023 4022//4022 754//754
f 4024//4024 4023//4023 755//755
f 4025//4025 4024//4024 756//756
f 4026//4026 4025//4025 757//757
f 751//751 4026//4026 758//758
f 750//750 4033//4033 4026//4026
f 749//749 4040//4040 4033//4033
f 748//748 4047//4047 4040//4040
f 747//747 4054//4054 4047//4047
f 746//746 4061//4061 4054//4054
f 745//745 4068//4068 4061//4061
f 51//51 730//730 4068//4068
f 730//730 729//729 4067//4067
f 729//729 728//728 4066//4066
f 728//728 727//727 4065//4065
f 727//727 726//726 4064//4064
f 726//726 725//725 4063//4063
f 725//725 724//724 4062//4062
f 724//724 99//99 1432//1432
f 4062//4062 1432//1432 1431//1431
f 4055//4055 1431//1431 1430//1430
f 4048//4048 1430//1430 1429//1429
f 4041//4041 1429//1429 1428//1428
f 4034//4034 1428//1428 1427//1427
f 4027//4027 1427//1427 1426//1426
f 4077//4077 4076//4076 4069//4069
f 4078//4078 4077//4077 4070//4070
f 4079//4079 4078//4078 4071//4071
f 4080//4080 4079//4079 4072//4072
f 4081//4081 4080//4080 4073//4073
f 4082//4082 4081//4081 4074//4074
f 4084//4084 4083//4083 4076//4076
f 4085//4085 4084//4084 4077//4077
f 4086//4086 4085//4085 4078//4078
f 4087//4087 4086//4086 4079//4079
f 4088//4088 4087//4087 4080//4080
f 4089//4089 4088//4088 4081//4081
f 4091//4091 4090//4090 4083//4083
f 4092//4092 4091//4091 4084//4084
f 4093//4093 4092//4092 4085//4085
f 4094//4094 4093//4093 4086//4086
f 4095//4095 4094//4094 4087//4087
f 4096//4096 4095//4095 4088//4088
f 4098//4098 4097//4097 4090//4090
f 4099//4099 4098//4098 4091//4091
f 4100//4100 4099//4099 4092//4092
f 4101//4101 4100//4100 4093//4093
f 4102//4102 4101//4101 4094//4094
f 4103//4103 4102//4102 4095//4095
f 4105//4105 4104//4104 4097//4097
f 4106//4106 4105//4105 4098//4098
f 4107//4107 4106//4106 4099//4099
f 4108//4108 4107//4107 4100//4100
f 4109//4109 4108//4108 4101//4101
f 4110//4110 4109//4109 4102//4102
f 4112//4112 4111//4111 4104//4104
f 4113//4113 4112//4112 4105//4105
f 4114//4114 4113//4113 4106//4106
f 4115//4115 4114//4114 4107//4107
f 4116//4116 4115//4115 4108//4108
f 4117//4117 4116//4116 4109//4109
f 4069//4069 1419//1419 105//105
f 4070//4070 4069//4069 934//934
f 4071//4071 4070//4070 935//935
f 4072//4072 4071//4071 936//936
f 4073//4073 4072//4072 937//937
f 4074//4074 4073//4073 938//938
f 4075//4075 4074//4074 939//939
f 584//584 4075//4075 940//940
f 585//585 4082//4082 4075//4075
f 586//586 4089//4089 4082//4082
f 587//587 4096//4096 4089//4089
f 588//588 4103//4103 4096//4096
f 589//589 4110//4110 4103//4103
f 590//590 4117//4117 4110//4110
f 36//36 947//947 4117//4117
f 947//947 946//946 4116//4116
f 946//946 945//945 4115//4115
f 945//945 944//944 4114//4114
f 944//944 943//943 4113//4113
f 943//943 942//942 4112//4112
f 942//942 941//941 4111//4111
f 941//941 106//106 1425//1425
f 4111//4111 1425//1425 1424//1424
f 4104//4104 1424//1424 1423//1423
f 4097//4097 1423//1423 1422//1422
f 4090//4090 1422//1422 1421//1421
f 4083//4083 1421//1421 1420//1420
f 4076//4076 1420//1420 1419//1419
f 4126//4126 4125//4125 4118//4118
f 4127//4127 4126//4126 4119//4119
f 4128//4128 4127//4127 4120//4120
f 4129//4129 4128//4128 4121//4121
f 4130//4130 4129//4129 4122//4122
f 4131//4131 4130//4130 4123//4123
f 4133//4133 4132//4132 4125//4125
f 4134//4134 4133//4133 4126//4126
f 4135//4135 4134//4134 4127//4127
f 4136//4136 4135//4135 4128//4128
f 4137//4137 4136//4136 4129//4129
f 4138//4138 4137//4137 4130//4130
f 4140//4140 4139//4139 4132//4132
f 4141//4141 4140//4140 4133//4133
f 4142//4142 4141//4141 4134//4134
f 4143//4143 4142//4142 4135//4135
f 4144//4144 4143//4143 4136//4136
f 4145//4145 4144//4144 4137//4137
f 4147//4147 4146//4146 4139//4139
f 4148//4148 4147//4147 4140//4140
f 4149//4149 4148//4148 4141//4141
f 4150//4150 4149//4149 4142//4142
f 4151//4151 4150//4150 4143//4143
f 4152//4152 4151//4151 4144//4144
f 4154//4154 4153//4153 4146//4146
f 4155//4155 4154//4154 4147//4147
f 4156//4156 4155//4155 4148//4148
f 4157//4157 4156//4156 4149//4149
f 4158//4158 4157//4157 4150//4150
f 4159//4159 4158//4158 4151//4151
f 4161//4161 4160//4160 4153//4153
f 4162//4162 4161//4161 4154//4154
f 4163//4163 4162//4162 4155//4155
f 4164//4164 4163//4163 4156//4156
f 4165//4165 4164//4164 4157//4157
f 4166//4166 4165//4165 4158//4158
f 4118//4118 1109//1109 70//70
f 4119//4119 4118//4118 1003//1003
f 4120//4120 4119//4119 1002//1002
f 4121//4121 4120//4120 1001//1001
f 4122//4122 4121//4121 1000//1000
f 4123//4123 4122//4122 999//999
f 4124//4124 4123//4123 998//998
f 171//171 4124//4124 997//997
f 172//172 4131//4131 4124//4124
f 173//173 4138//4138 4131//4131
f 174//174 4145//4145 4138//4138
f 175//175 4152//4152 4145//4145
f 176//176 4159//4159 4152//4152
f 177//177 4166//4166 4159//4159
f 41//41 983//983 4166//4166
f 983//983 984//984 4165//4165
f 984//984 985//985 4164//4164
f 985//985 986//986 4163//4163
f 986//986 987//987 4162//4162
f 987//987 988//988 4161//4161
f 988//988 989//989 4160//4160
f 989//989 68//68 1115//1115
f 4160//4160 1115//1115 1114//1114
f 4153//4153 1114//1114 1113//1113
f 4146//4146 1113//1113 1112//1112
f 4139//4139 1112//1112 1111//1111
f 4132//4132 1111//1111 1110//1110
f 4125//4125 1110//1110 1109//1109
f 4175//4175 4174//4174 4167//4167
f 4176//4176 4175//4175 4168//4168
f 4177//4177 4176//4176 4169//4169
f 4178//4178 4177//4177 4170//4170
f 4179//4179 4178//4178 4171//4171
f 4180//4180 4179//4179 4172//4172
f 4182//4182 4181//4181 4174//4174
f 4183//4183 4182//4182 4175//4175
f 4184//4184 4183//4183 4176//4176
f 4185//4185 4184//4184 4177//4177
f 4186//4186 4185//4185 4178//4178
f 4187//4187 4186//4186 4179//4179
f 4189//4189 4188//4188 4181//4181
f 4190//4190 4189//4189 4182//4182
f 4191//4191 4190//4190 4183//4183
f 4192//4192 4191//4191 4184//4184
f 4193//4193 4192//4192 4185//4185
f 4194//4194 4193//4193 4186//4186
f 4196//4196 4195//4195 4188//4188
f 4197//4197 4196//4196 4189//4189
f 4198//4198 4197//4197 4190//4190
f 4199//4199 4198//4198 4191//4191
f 4200//4200 4199//4199 4192//4192
f 4201//4201 4200//4200 4193//4193
f 4203//4203 4202//4202 4195//4195
f 4204//4204 4203//4203 4196//4196
f 4205//4205 4204//4204 4197//4197
f 4206//4206 4205//4205 4198//4198
f 4207//4207 4206//4206 4199//4199
f 4208//4208 4207//4207 4200//4200
f 4210//4210 4209//4209 4202//4202
f 4211//4211 4210//4210 4203//4203
f 4212//4212 4211//4211 4204//4204
f 4213//4213 4212//4212 4205//4205
f 4214//4214 4213//4213 4206//4206
f 4215//4215 4214//4214 4207//4207
f 4167//4167 1412//1412 103//103
f 4168//4168 4167//4167 843//843
f 4169//4169 4168//4168 844//844
f 4170//4170 4169//4169 845//845
f 4171//4171 4170//4170 846//846
f 4172//4172 4171//4171 847//847
f 4173//4173 4172//4172 848//848
f 835//835 4173//4173 849//849
f 834//834 4180//4180 4173//4173
f 833//833 4187//4187 4180//4180
f 832//832 4194//4194 4187//4187
f 831//831 4201//4201 4194//4194
f 830//830 4208//4208 4201//4201
f 829//829 4215//4215 4208//4208
f 53//53 758//758 4215//4215
f 758//758 757//757 4214//4214
f 757//757 756//756 4213//4213
f 756//756 755//755 4212//4212
f 755//755 754//754 4211//4211
f 754//754 753//753 4210//4210
f 753//753 752//752 4209//4209
f 752//752 101//101 1418//1418
f 4209//4209 1418//1418 1417//1417
f 4202//4202 1417//1417 1416//1416
f 4195//4195 1416//1416 1415//1415
f 4188//4188 1415//1415 1414//1414
f 4181//4181 1414//1414 1413//1413
f 4174//4174 1413//1413 1412//1412
f 4224//4224 4223//4223 4216//4216
f 4225//4225 4224//4224 4217//4217
f 4226//4226 4225//4225 4218//4218
f 4227//4227 4226//4226 4219//4219
f 4228//4228 4227//4227 4220//4220
f 4229//4229 4228//4228 4221//4221
f 4231//4231 4230//4230 4223//4223
f 4232//4232 4231//4231 4224//4224
f 4233//4233 4232//4232 4225//4225
f 4234//4234 4233//4233 4226//4226
f 4235//4235 4234//4234 4227//4227
f 4236//4236 4235//4235 4228//4228
f 4238//4238 4237//4237 4230//4230
f 4239//4239 4238//4238 4231//4231
f 4240//4240 4239//4239 4232//4232
f 4241//4241 4240//4240 4233//4233
f 4242//4242 4241//4241 4234//4234
f 4243//4243 4242//4242 4235//4235
f 4245//4245 4244//4244 4237//4237
f 4246//4246 4245//4245 4238//4238
f 4247//4247 4246//4246 4239//4239
f 4248//4248 4247//4247 4240//4240
f 4249//4249 4248//4248 4241//4241
f 4250//4250 4249//4249 4242//4242
f 4252//4252 4251//4251 4244//4244
f 4253//4253 4252//4252 4245//4245
f 4254//4254 4253//4253 4246//4246
f 4255//4255 4254//4254 4247//4247
f 4256//4256 4255//4255 4248//4248
f 4257//4257 4256//4256 4249//4249
f 4259//4259 4258//4258 4251//4251
f 4260//4260 4259//4259 4252//4252
f 4261//4261 4260//4260 4253//4253
f 4262//4262 4261//4261 4254//4254
f 4263//4263 4262//4262 4255//4255
f 4264//4264 4263//4263 4256//4256
f 4216//4216 1102//1102 72//72
f 4217//4217 4216//4216 1017//1017
f 4218//4218 4217//4217 1016//1016
f 4219//4219 4218//4218 1015//1015
f 4220//4220 4219//4219 1014//1014
f 4221//4221 4220//4220 1013//1013
f 4222//4222 4221//4221 1012//1012
f 702//702 4222//4222 1011//1011
f 701//701 4229//4229 4222//4222
f 700//700 4236//4236 4229//4229
f 699//699 4243//4243 4236//4236
f 698//698 4250//4250 4243//4243
f 697//697 4257//4257 4250//4250
f 696//696 4264//4264 4257//4257
f 61//61 842//842 4264//4264
f 842//842 841//841 4263//4263
f 841//841 840//840 4262//4262
f 840//840 839//839 4261//4261
f 839//839 838//838 4260//4260
f 838//838 837//837 4259//4259
f 837//837 836//836 4258//4258
f 836//836 75//75 1108//1108
f 4258//4258 1108//1108 1107//1107
f 4251//4251 1107//1107 1106//1106
f 4244//4244 1106//1106 1105//1105
f 4237//4237 1105//1105 1104//1104
f 4230//4230 1104//1104 1103//1103
f 4223//4223 1103//1103 1102//1102
f 4273//4273 4272//4272 4265//4265
f 4274//4274 4273//4273 4266//4266
f 4275//4275 4274//4274 4267//4267
f 4276//4276 4275//4275 4268//4268
f 4277//4277 4276//4276 4269//4269
f 4278//4278 4277//4277 4270//4270
f 4280//4280 4279//4279 4272//4272
f 4281//4281 4280//4280 4273//4273
f 4282//4282 4281//4281 4274//4274
f 4283//4283 4282//4282 4275//4275
f 4284//4284 4283//4283 4276//4276
f 4285//4285 4284//4284 4277//4277
f 4287//4287 4286//4286 4279//4279
f 4288//4288 4287//4287 4280//4280
f 4289//4289 4288//4288 4281//4281
f 4290//4290 4289//4289 4282//4282
f 4291//4291 4290//4290 4283//4283
f 4292//4292 4291//4291 4284//4284
f 4294//4294 4293//4293 4286//4286
f 4295//4295 4294//4294 4287//4287
f 4296//4296 4295//4295 4288//4288
f 4297//4297 4296//4296 4289//4289
f 4298//4298 4297//4297 4290//4290
f 4299//4299 4298//4298 4291//4291
f 4301//4301 4300//4300 4293//4293
f 4302//4302 4301//4301 4294//4294
f 4303//4303 4302//4302 4295//4295
f 4304//4304 4303//4303 4296//4296
f 4305//4305 4304//4304 4297//4297
f 4306//4306 4305//4305 4298//4298
f 4308//4308 4307//4307 4300//4300
f 4309//4309 4308//4308 4301//4301
f 4310//4310 4309//4309 4302//4302
f 4311//4311 4310//4310 4303//4303
f 4312//4312 4311//4311 4304//4304
f 4313//4313 4312//4312 4305//4305
f 4265//4265 1095//1095 73//73
f 4266//4266 4265//4265 808//808
f 4267//4267 4266//4266 809//809
f 4268//4268 4267//4267 810//810
f 4269//4269 4268//4268 811//811
f 4270//4270 4269//4269 812//812
f 4271//4271 4270//4270 813//813
f 626//626 4271//4271 814//814
f 627//627 4278//4278 4271//4271
f 628//628 4285//4285 4278//4278
f 629//629 4292//4292 4285//4285
f 630//630 4299//4299 4292//4292
f 631//631 4306//4306 4299//4299
f 632//632 4313//4313 4306//4306
f 43//43 997//997 4313//4313
f 997//997 998//998 4312//4312
f 998//998 999//999 4311//4311
f 999//999 1000//1000 4310//4310
f 1000//1000 1001//1001 4309//4309
f 1001//1001 1002//1002 4308//4308
f 1002//1002 1003//1003 4307//4307
f 1003//1003 70//70 1101//1101
f 4307//4307 1101//1101 1100//1100
f 4300//4300 1100//1100 1099//1099
f 4293//4293 1099//1099 1098//1098
f 4286//4286 1098//1098 1097//1097
f 4279//4279 1097//1097 1096//1096
f 4272//4272 1096//1096 1095//1095
f 4322//4322 4321//4321 4314//4314
f 4323//4323 4322//4322 4315//4315
f 4324//4324 4323//4323 4316//4316
f 4325//4325 4324//4324 4317//4317
f 4326//4326 4325//4325 4318//4318
f 4327//4327 4326//4326 4319//4319
f 4329//4329 4328//4328 4321//4321
f 4330//4330 4329//4329 4322//4322
f 4331//4331 4330//4330 4323//4323
f 4332//4332 4331//4331 4324//4324
f 4333//4333 4332//4332 4325//4325
f 4334//4334 4333//4333 4326//4326
f 4336//4336 4335//4335 4328//4328
f 4337//4337 4336//4336 4329//4329
f 4338//4338 4337//4337 4330//4330
f 4339//4339 4338//4338 4331//4331
f 4340//4340 4339//4339 4332//4332
f 4341//4341 4340//4340 4333//4333
f 4343//4343 4342//4342 4335//4335
f 4344//4344 4343//4343 4336//4336
f 4345//4345 4344//4344 4337//4337
f 4346//4346 4345//4345 4338//4338
f 4347//4347 4346//4346 4339//4339
f 4348//4348 4347//4347 4340//4340
f 4350//4350 4349//4349 4342//4342
f 4351//4351 4350//4350 4343//4343
f 4352//4352 4351//4351 4344//4344
f 4353//4353 4352//4352 4345//4345
f 4354//4354 4353//4353 4346//4346
f 4355//4355 4354//4354 4347//4347
f 4357//4357 4356//4356 4349//4349
f 4358//4358 4357//4357 4350//4350
f 4359//4359 4358//4358 4351//4351
f 4360//4360 4359//4359 4352//4352
f 4361//4361 4360//4360 4353//4353
f 4362//4362 4361//4361 4354//4354
f 4314//4314 1348//1348 102//102
f 4315//4315 4314//4314 1411//1411
f 4316//4316 4315//4315 1410//1410
f 4317//4317 4316//4316 1409//1409
f 4318//4318 4317//4317 1408//1408
f 4319//4319 4318//4318 1407//1407
f 4320//4320 4319//4319 1406//1406
f 941//941 4320//4320 1405//1405
f 942//942 4327//4327 4320//4320
f 943//943 4334//4334 4327//4327
f 944//944 4341//4341 4334//4334
f 945//945 4348//4348 4341//4341
f 946//946 4355//4355 4348//4348
f 947//947 4362//4362 4355//4355
f 36//36 892//892 4362//4362
f 892//892 893//893 4361//4361
f 893//893 894//894 4360//4360
f 894//894 895//895 4359//4359
f 895//895 896//896 4358//4358
f 896//896 897//897 4357//4357
f 897//897 898//898 4356//4356
f 898//898 54//54 1342//1342
f 4356//4356 1342//1342 1343//1343
f 4349//4349 1343//1343 1344//1344
f 4342//4342 1344//1344 1345//1345
f 4335//4335 1345//1345 1346//1346
f 4328//4328 1346//1346 1347//1347
f 4321//4321 1347//1347 1348//1348
f 4371//4371 4370//4370 4363//4363
f 4372//4372 4371//4371 4364//4364
f 4373//4373 4372//4372 4365//4365
f 4374//4374 4373//4373 4366//4366
f 4375//4375 4374//4374 4367//4367
f 4376//4376 4375//4375 4368//4368
f 4378//4378 4377//4377 4370//4370
f 4379//4379 4378//4378 4371//4371
f 4380//4380 4379//4379 4372//4372
f 4381//4381 4380//4380 4373//4373
f 4382//4382 4381//4381 4374//4374
f 4383//4383 4382//4382 4375//4375
f 4385//4385 4384//4384 4377//4377
f 4386//4386 4385//4385 4378//4378
f 4387//4387 4386//4386 4379//4379
f 4388//4388 4387//4387 4380//4380
f 4389//4389 4388//4388 4381//4381
f 4390//4390 4389//4389 4382//4382
f 4392//4392 4391//4391 4384//4384
f 4393//4393 4392//4392 4385//4385
f 4394//4394 4393//4393 4386//4386
f 4395//4395 4394//4394 4387//4387
f 4396//4396 4395//4395 4388//4388
f 4397//4397 4396//4396 4389//4389
f 4399//4399 4398//4398 4391//4391
f 4400//4400 4399//4399 4392//4392
f 4401//4401 4400//4400 4393//4393
f 4402//4402 4401//4401 4394//4394
f 4403//4403 4402//4402 4395//4395
f 4404//4404 4403//4403 4396//4396
f 4406//4406 4405//4405 4398//4398
f 4407//4407 4406//4406 4399//4399
f 4408//4408 4407//4407 4400//4400
f 4409//4409 4408//4408 4401//4401
f 4410//4410 4409//4409 4402//4402
f 4411//4411 4410//4410 4403//4403
f 4363//4363 1088//1088 76//76
f 4364//4364 4363//4363 864//864
f 4365//4365 4364//4364 865//865
f 4366//4366 4365//4365 866//866
f 4367//4367 4366//4366 867//867
f 4368//4368 4367//4367 868//868
f 4369//4369 4368//4368 869//869
f 863//863 4369//4369 870//870
f 862//862 4376//4376 4369//4369
f 861//861 4383//4383 4376//4376
f 860//860 4390//4390 4383//4383
f 859//859 4397//4397 4390//4390
f 858//858 4404//4404 4397//4397
f 857//857 4411//4411 4404//4404
f 59//59 1011//1011 4411//4411
f 1011//1011 1012//1012 4410//4410
f 1012//1012 1013//1013 4409//4409
f 1013//1013 1014//1014 4408//4408
f 1014//1014 1015//1015 4407//4407
f 1015//1015 1016//1016 4406//4406
f 1016//1016 1017//1017 4405//4405
f 1017//1017 72//72 1094//1094
f 4405//4405 1094//1094 1093//1093
f 4398//4398 1093//1093 1092//1092
f 4391//4391 1092//1092 1091//1091
f 4384//4384 1091//1091 1090//1090
f 4377//4377 1090//1090 1089//1089
f 4370//4370 1089//1089 1088//1088
f 4420//4420 4419//4419 4412//4412
f 4421//4421 4420//4420 4413//4413
f 4422//4422 4421//4421 4414//4414
f 4423//4423 4422//4422 4415//4415
f 4424//4424 4423//4423 4416//4416
f 4425//4425 4424//4424 4417//4417
f 4427//4427 4426//4426 4419//4419
f 4428//4428 4427//4427 4420//4420
f 4429//4429 4428//4428 4421//4421
f 4430//4430 4429//4429 4422//4422
f 4431//4431 4430//4430 4423//4423
f 4432//4432 4431//4431 4424//4424
f 4434//4434 4433//4433 4426//4426
f 4435//4435 4434//4434 4427//4427
f 4436//4436 4435//4435 4428//4428
f 4437//4437 4436//4436 4429//4429
f 4438//4438 4437//4437 4430//4430
f 4439//4439 4438//4438 4431//4431
f 4441//4441 4440//4440 4433//4433
f 4442//4442 4441//4441 4434//4434
f 4443//4443 4442//4442 4435//4435
f 4444//4444 4443//4443 4436//4436
f 4445//4445 4444//4444 4437//4437
f 4446//4446 4445//4445 4438//4438
f 4448//4448 4447//4447 4440//4440
f 4449//4449 4448//4448 4441//4441
f 4450//4450 4449//4449 4442//4442
f 4451//4451 4450//4450 4443//4443
f 4452//4452 4451//4451 4444//4444
f 4453//4453 4452//4452 4445//4445
f 4455//4455 4454//4454 4447//4447
f 4456//4456 4455//4455 4448//4448
f 4457//4457 4456//4456 4449//4449
f 4458//4458 4457//4457 4450//4450
f 4459//4459 4458//4458 4451//4451
f 4460//4460 4459//4459 4452//4452
f 4412//4412 1398//1398 100//100
f 4413//4413 4412//4412 731//731
f 4414//4414 4413//4413 732//732
f 4415//4415 4414//4414 733//733
f 4416//4416 4415//4415 734//734
f 4417//4417 4416//4416 735//735
f 4418//4418 4417//4417 736//736
f 716//716 4418//4418 737//737
f 715//715 4425//4425 4418//4418
f 714//714 4432//4432 4425//4425
f 713//713 4439//4439 4432//4432
f 712//712 4446//4446 4439//4439
f 711//711 4453//4453 4446//4446
f 710//710 4460//4460 4453//4453
f 62//62 849//849 4460//4460
f 849//849 848//848 4459//4459
f 848//848 847//847 4458//4458
f 847//847 846//846 4457//4457
f 846//846 845//845 4456//4456
f 845//845 844//844 4455//4455
f 844//844 843//843 4454//4454
f 843//843 103//103 1404//1404
f 4454//4454 1404//1404 1403//1403
f 4447//4447 1403//1403 1402//1402
f 4440//4440 1402//1402 1401//1401
f 4433//4433 1401//1401 1400//1400
f 4426//4426 1400//1400 1399//1399
f 4419//4419 1399//1399 1398//1398
f 4469//4469 4468//4468 4461//4461
f 4470//4470 4469//4469 4462//4462
f 4471//4471 4470//4470 4463//4463
f 4472//4472 4471//4471 4464//4464
f 4473//4473 4472//4472 4465//4465
f 4474//4474 4473//4473 4466//4466
f 4476//4476 4475//4475 4468//4468
f 4477//4477 4476//4476 4469//4469
f 4478//4478 4477//4477 4470//4470
f 4479//4479 4478//4478 4471//4471
f 4480//4480 4479//4479 4472//4472
f 4481//4481 4480//4480 4473//4473
f 4483//4483 4482//4482 4475//4475
f 4484//4484 4483//4483 4476//4476
f 4485//4485 4484//4484 4477//4477
f 4486//4486 4485//4485 4478//4478
f 4487//4487 4486//4486 4479//4479
f 4488//4488 4487//4487 4480//4480
f 4490//4490 4489//4489 4482//4482
f 4491//4491 4490//4490 4483//4483
f 4492//4492 4491//4491 4484//4484
f 4493//4493 4492//4492 4485//4485
f 4494//4494 4493//4493 4486//4486
f 4495//4495 4494//4494 4487//4487
f 4497//4497 4496//4496 4489//4489
f 4498//4498 4497//4497 4490//4490
f 4499//4499 4498//4498 4491//4491
f 4500//4500 4499//4499 4492//4492
f 4501//4501 4500//4500 4493//4493
f 4502//4502 4501//4501 4494//4494
f 4504//4504 4503//4503 4496//4496
f 4505//4505 4504//4504 4497//4497
f 4506//4506 4505//4505 4498//4498
f 4507//4507 4506//4506 4499//4499
f 4508//4508 4507//4507 4500//4500
f 4509//4509 4508//4508 4501//4501
f 4461//4461 731//731 100//100
f 4462//4462 4461//4461 1397//1397
f 4463//4463 4462//4462 1396//1396
f 4464//4464 4463//4463 1395//1395
f 4465//4465 4464//4464 1394//1394
f 4466//4466 4465//4465 1393//1393
f 4467//4467 4466//4466 1392//1392
f 1362//1362 4467//4467 1391//1391
f 1361//1361 4474//4474 4467//4467
f 1360//1360 4481//4481 4474//4474
f 1359//1359 4488//4488 4481//4481
f 1358//1358 4495//4495 4488//4488
f 1357//1357 4502//4502 4495//4495
f 1356//1356 4509//4509 4502//4502
f 63//63 856//856 4509//4509
f 856//856 855//855 4508//4508
f 855//855 854//854 4507//4507
f 854//854 853//853 4506//4506
f 853//853 852//852 4505//4505
f 852//852 851//851 4504//4504
f 851//851 850//850 4503//4503
f 850//850 52//52 737//737
f 4503//4503 737//737 736//736
f 4496//4496 736//736 735//735
f 4489//4489 735//735 734//734
f 4482//4482 734//734 733//733
f 4475//4475 733//733 732//732
f 4468//4468 732//732 731//731
f 4518//4518 4517//4517 4510//4510
f 4519//4519 4518//4518 4511//4511
f 4520//4520 4519//4519 4512//4512
f 4521//4521 4520//4520 4513//4513
f 4522//4522 4521//4521 4514//4514
f 4523//4523 4522//4522 4515//4515
f 4525//4525 4524//4524 4517//4517
f 4526//4526 4525//4525 4518//4518
f 4527//4527 4526//4526 4519//4519
f 4528//4528 4527//4527 4520//4520
f 4529//4529 4528//4528 4521//4521
f 4530//4530 4529//4529 4522//4522
f 4532//4532 4531//4531 4524//4524
f 4533//4533 4532//4532 4525//4525
f 4534//4534 4533//4533 4526//4526
f 4535//4535 4534//4534 4527//4527
f 4536//4536 4535//4535 4528//4528
f 4537//4537 4536//4536 4529//4529
f 4539//4539 4538//4538 4531//4531
f 4540//4540 4539//4539 4532//4532
f 4541//4541 4540//4540 4533//4533
f 4542//4542 4541//4541 4534//4534
f 4543//4543 4542//4542 4535//4535
f 4544//4544 4543//4543 4536//4536
f 4546//4546 4545//4545 4538//4538
f 4547//4547 4546//4546 4539//4539
f 4548//4548 4547//4547 4540//4540
f 4549//4549 4548//4548 4541//4541
f 4550//4550 4549//4549 4542//4542
f 4551//4551 4550//4550 4543//4543
f 4553//4553 4552//4552 4545//4545
f 4554//4554 4553//4553 4546//4546
f 4555//4555 4554//4554 4547//4547
f 4556//4556 4555//4555 4548//4548
f 4557//4557 4556//4556 4549//4549
f 4558//4558 4557//4557 4550//4550
f 4510//4510 681//681 50//50
f 4511//4511 4510//4510 1039//1039
f 4512//4512 4511//4511 1040//1040
f 4513//4513 4512//4512 1041//1041
f 4514//4514 4513//4513 1042//1042
f 4515//4515 4514//4514 1043//1043
f 4516//4516 4515//4515 1044//1044
f 1088//1088 4516//4516 1045//1045
f 1089//1089 4523//4523 4516//4516
f 1090//1090 4530//4530 4523//4523
f 1091//1091 4537//4537 4530//4530
f 1092//1092 4544//4544 4537//4537
f 1093//1093 4551//4551 4544//4544
f 1094//1094 4558//4558 4551//4551
f 72//72 801//801 4558//4558
f 801//801 802//802 4557//4557
f 802//802 803//803 4556//4556
f 803//803 804//804 4555//4555
f 804//804 805//805 4554//4554
f 805//805 806//806 4553//4553
f 806//806 807//807 4552//4552
f 807//807 45//45 675//675
f 4552//4552 675//675 676//676
f 4545//4545 676//676 677//677
f 4538//4538 677//677 678//678
f 4531//4531 678//678 679//679
f 4524//4524 679//679 680//680
f 4517//4517 680//680 681//681
f 4567//4567 4566//4566 4559//4559
f 4568//4568 4567//4567 4560//4560
f 4569//4569 4568//4568 4561//4561
f 4570//4570 4569//4569 4562//4562
f 4571//4571 4570//4570 4563//4563
f 4572//4572 4571//4571 4564//4564
f 4574//4574 4573//4573 4566//4566
f 4575//4575 4574//4574 4567//4567
f 4576//4576 4575//4575 4568//4568
f 4577//4577 4576//4576 4569//4569
f 4578//4578 4577//4577 4570//4570
f 4579//4579 4578//4578 4571//4571
f 4581//4581 4580//4580 4573//4573
f 4582//4582 4581//4581 4574//4574
f 4583//4583 4582//4582 4575//4575
f 4584//4584 4583//4583 4576//4576
f 4585//4585 4584//4584 4577//4577
f 4586//4586 4585//4585 4578//4578
f 4588//4588 4587//4587 4580//4580
f 4589//4589 4588//4588 4581//4581
f 4590//4590 4589//4589 4582//4582
f 4591//4591 4590//4590 4583//4583
f 4592//4592 4591//4591 4584//4584
f 4593//4593 4592//4592 4585//4585
f 4595//4595 4594//4594 4587//4587
f 4596//4596 4595//4595 4588//4588
f 4597//4597 4596//4596 4589//4589
f 4598//4598 4597//4597 4590//4590
f 4599//4599 4598//4598 4591//4591
f 4600//4600 4599//4599 4592//4592
f 4602//4602 4601//4601 4594//4594
f 4603//4603 4602//4602 4595//4595
f 4604//4604 4603//4603 4596//4596
f 4605//4605 4604//4604 4597//4597
f 4606//4606 4605//4605 4598//4598
f 4607//4607 4606//4606 4599//4599
f 4559//4559 759//759 60//60
f 4560//4560 4559//4559 1018//1018
f 4561//4561 4560//4560 1019//1019
f 4562//4562 4561//4561 1020//1020
f 4563//4563 4562//4562 1021//1021
f 4564//4564 4563//4563 1022//1022
f 4565//4565 4564//4564 1023//1023
f 1095//1095 4565//4565 1024//1024
f 1096//1096 4572//4572 4565//4565
f 1097//1097 4579//4579 4572//4572
f 1098//1098 4586//4586 4579//4579
f 1099//1099 4593//4593 4586//4586
f 1100//1100 4600//4600 4593//4593
f 1101//1101 4607//4607 4600//4600
f 70//70 787//787 4607//4607
f 787//787 788//788 4606//4606
f 788//788 789//789 4605//4605
f 789//789 790//790 4604//4604
f 790//790 791//791 4603//4603
f 791//791 792//792 4602//4602
f 792//792 793//793 4601//4601
f 793//793 57//57 765//765
f 4601//4601 765//765 764//764
f 4594//4594 764//764 763//763
f 4587//4587 763//763 762//762
f 4580//4580 762//762 761//761
f 4573//4573 761//761 760//760
f 4566//4566 760//760 759//759
f 4616//4616 4615//4615 4608//4608
f 4617//4617 4616//4616 4609//4609
f 4618//4618 4617//4617 4610//4610
f 4619//4619 4618//4618 4611//4611
f 4620//4620 4619//4619 4612//4612
f 4621//4621 4620//4620 4613//4613
f 4623//4623 4622//4622 4615//4615
f 4624//4624 4623//4623 4616//4616
f 4625//4625 4624//4624 4617//4617
f 4626//4626 4625//4625 4618//4618
f 4627//4627 4626//4626 4619//4619
f 4628//4628 4627//4627 4620//4620
f 4630//4630 4629//4629 4622//4622
f 4631//4631 4630//4630 4623//4623
f 4632//4632 4631//4631 4624//4624
f 4633//4633 4632//4632 4625//4625
f 4634//4634 4633//4633 4626//4626
f 4635//4635 4634//4634 4627//4627
f 4637//4637 4636//4636 4629//4629
f 4638//4638 4637//4637 4630//4630
f 4639//4639 4638//4638 4631//4631
f 4640//4640 4639//4639 4632//4632
f 4641//4641 4640//4640 4633//4633
f 4642//4642 4641//4641 4634//4634
f 4644//4644 4643//4643 4636//4636
f 4645//4645 4644//4644 4637//4637
f 4646//4646 4645//4645 4638//4638
f 4647//4647 4646//4646 4639//4639
f 4648//4648 4647//4647 4640//4640
f 4649//4649 4648//4648 4641//4641
f 4651//4651 4650//4650 4643//4643
f 4652//4652 4651//4651 4644//4644
f 4653//4653 4652//4652 4645//4645
f 4654//4654 4653//4653 4646//4646
f 4655//4655 4654//4654 4647//4647
f 4656//4656 4655//4655 4648//4648
f 4608//4608 289//289 45//45
f 4609//4609 4608//4608 807//807
f 4610//4610 4609//4609 806//806
f 4611//4611 4610//4610 805//805
f 4612//4612 4611//4611 804//804
f 4613//4613 4612//4612 803//803
f 4614//4614 4613//4613 802//802
f 1102//1102 4614//4614 801//801
f 1103//1103 4621//4621 4614//4614
f 1104//1104 4628//4628 4621//4621
f 1105//1105 4635//4635 4628//4628
f 1106//1106 4642//4642 4635//4635
f 1107//1107 4649//4649 4642//4642
f 1108//1108 4656//4656 4649//4649
f 75//75 1038//1038 4656//4656
f 1038//1038 1037//1037 4655//4655
f 1037//1037 1036//1036 4654//4654
f 1036//1036 1035//1035 4653//4653
f 1035//1035 1034//1034 4652//4652
f 1034//1034 1033//1033 4651//4651
f 1033//1033 1032//1032 4650//4650
f 1032//1032 47//47 283//283
f 4650//4650 283//283 284//284
f 4643//4643 284//284 285//285
f 4636//4636 285//285 286//286
f 4629//4629 286//286 287//287
f 4622//4622 287//287 288//288
f 4615//4615 288//288 289//289
f 4665//4665 4664//4664 4657//4657
f 4666//4666 4665//4665 4658//4658
f 4667//4667 4666//4666 4659//4659
f 4668//4668 4667//4667 4660//4660
f 4669//4669 4668//4668 4661//4661
f 4670//4670 4669//4669 4662//4662
f 4672//4672 4671//4671 4664//4664
f 4673//4673 4672//4672 4665//4665
f 4674//4674 4673//4673 4666//4666
f 4675//4675 4674//4674 4667//4667
f 4676//4676 4675//4675 4668//4668
f 4677//4677 4676//4676 4669//4669
f 4679//4679 4678//4678 4671//4671
f 4680//4680 4679//4679 4672//4672
f 4681//4681 4680//4680 4673//4673
f 4682//4682 4681//4681 4674//4674
f 4683//4683 4682//4682 4675//4675
f 4684//4684 4683//4683 4676//4676
f 4686//4686 4685//4685 4678//4678
f 4687//4687 4686//4686 4679//4679
f 4688//4688 4687//4687 4680//4680
f 4689//4689 4688//4688 4681//4681
f 4690//4690 4689//4689 4682//4682
f 4691//4691 4690//4690 4683//4683
f 4693//4693 4692//4692 4685//4685
f 4694//4694 4693//4693 4686//4686
f 4695//4695 4694//4694 4687//4687
f 4696//4696 4695//4695 4688//4688
f 4697//4697 4696//4696 4689//4689
f 4698//4698 4697//4697 4690//4690
f 4700//4700 4699//4699 4692//4692
f 4701//4701 4700//4700 4693//4693
f 4702//4702 4701//4701 4694//4694
f 4703//4703 4702//4702 4695//4695
f 4704//4704 4703//4703 4696//4696
f 4705//4705 4704//4704 4697//4697
f 4657//4657 689//689 57//57
f 4658//4658 4657//4657 793//793
f 4659//4659 4658//4658 792//792
f 4660//4660 4659//4659 791//791
f 4661//4661 4660//4660 790//790
f 4662//4662 4661//4661 789//789
f 4663//4663 4662//4662 788//788
f 1109//1109 4663//4663 787//787
f 1110//1110 4670//4670 4663//4663
f 1111//1111 4677//4677 4670//4670
f 1112//1112 4684//4684 4677//4677
f 1113//1113 4691//4691 4684//4684
f 1114//1114 4698//4698 4691//4691
f 1115//1115 4705//4705 4698//4698
f 68//68 773//773 4705//4705
f 773//773 774//774 4704//4704
f 774//774 775//775 4703//4703
f 775//775 776//776 4702//4702
f 776//776 777//777 4701//4701
f 777//777 778//778 4700//4700
f 778//778 779//779 4699//4699
f 779//779 55//55 695//695
f 4699//4699 695//695 694//694
f 4692//4692 694//694 693//693
f 4685//4685 693//693 692//692
f 4678//4678 692//692 691//691
f 4671//4671 691//691 690//690
f 4664//4664 690//690 689//689
f 4714//4714 4713//4713 4706//4706
f 4715//4715 4714//4714 4707//4707
f 4716//4716 4715//4715 4708//4708
f 4717//4717 4716//4716 4709//4709
f 4718//4718 4717//4717 4710//4710
f 4719//4719 4718//4718 4711//4711
f 4721//4721 4720//4720 4713//4713
f 4722//4722 4721//4721 4714//4714
f 4723//4723 4722//4722 4715//4715
f 4724//4724 4723//4723 4716//4716
f 4725//4725 4724//4724 4717//4717
f 4726//4726 4725//4725 4718//4718
f 4728//4728 4727//4727 4720//4720
f 4729//4729 4728//4728 4721//4721
f 4730//4730 4729//4729 4722//4722
f 4731//4731 4730//4730 4723//4723
f 4732//4732 4731//4731 4724//4724
f 4733//4733 4732//4732 4725//4725
f 4735//4735 4734//4734 4727//4727
f 4736//4736 4735//4735 4728//4728
f 4737//4737 4736//4736 4729//4729
f 4738//4738 4737//4737 4730//4730
f 4739//4739 4738//4738 4731//4731
f 4740//4740 4739//4739 4732//4732
f 4742//4742 4741//4741 4734//4734
f 4743//4743 4742//4742 4735//4735
f 4744//4744 4743//4743 4736//4736
f 4745//4745 4744//4744 4737//4737
f 4746//4746 4745//4745 4738//4738
f 4747//4747 4746//4746 4739//4739
f 4749//4749 4748//4748 4741//4741
f 4750//4750 4749//4749 4742//4742
f 4751//4751 4750//4750 4743//4743
f 4752//4752 4751//4751 4744//4744
f 4753//4753 4752//4752 4745//4745
f 4754//4754 4753//4753 4746//4746
f 4706//4706 927//927 55//55
f 4707//4707 4706//4706 779//779
f 4708//4708 4707//4707 778//778
f 4709//4709 4708//4708 777//777
f 4710//4710 4709//4709 776//776
f 4711//4711 4710//4710 775//775
f 4712//4712 4711//4711 774//774
f 1116//1116 4712//4712 773//773
f 1117//1117 4719//4719 4712//4712
f 1118//1118 4726//4726 4719//4719
f 1119//1119 4733//4733 4726//4726
f 1120//1120 4740//4740 4733//4733
f 1121//1121 4747//4747 4740//4740
f 1122//1122 4754//4754 4747//4747
f 69//69 996//996 4754//4754
f 996//996 995//995 4753//4753
f 995//995 994//994 4752//4752
f 994//994 993//993 4751//4751
f 993//993 992//992 4750//4750
f 992//992 991//991 4749//4749
f 991//991 990//990 4748//4748
f 990//990 40//40 933//933
f 4748//4748 933//933 932//932
f 4741//4741 932//932 931//931
f 4734//4734 931//931 930//930
f 4727//4727 930//930 929//929
f 4720//4720 929//929 928//928
f 4713//4713 928//928 927//927
f 4763//4763 4762//4762 4755//4755
f 4764//4764 4763//4763 4756//4756
f 4765//4765 4764//4764 4757//4757
f 4766//4766 4765//4765 4758//4758
f 4767//4767 4766//4766 4759//4759
f 4768//4768 4767//4767 4760//4760
f 4770//4770 4769//4769 4762//4762
f 4771//4771 4770//4770 4763//4763
f 4772//4772 4771//4771 4764//4764
f 4773//4773 4772//4772 4765//4765
f 4774//4774 4773//4773 4766//4766
f 4775//4775 4774//4774 4767//4767
f 4777//4777 4776//4776 4769//4769
f 4778//4778 4777//4777 4770//4770
f 4779//4779 4778//4778 4771//4771
f 4780//4780 4779//4779 4772//4772
f 4781//4781 4780//4780 4773//4773
f 4782//4782 4781//4781 4774//4774
f 4784//4784 4783//4783 4776//4776
f 4785//4785 4784//4784 4777//4777
f 4786//4786 4785//4785 4778//4778
f 4787//4787 4786//4786 4779//4779
f 4788//4788 4787//4787 4780//4780
f 4789//4789 4788//4788 4781//4781
f 4791//4791 4790//4790 4783//4783
f 4792//4792 4791//4791 4784//4784
f 4793//4793 4792//4792 4785//4785
f 4794//4794 4793//4793 4786//4786
f 4795//4795 4794//4794 4787//4787
f 4796//4796 4795//4795 4788//4788
f 4798//4798 4797//4797 4790//4790
f 4799//4799 4798//4798 4791//4791
f 4800//4800 4799//4799 4792//4792
f 4801//4801 4800//4800 4793//4793
f 4802//4802 4801//4801 4794//4794
f 4803//4803 4802//4802 4795//4795
f 4755//4755 611//611 44//44
f 4756//4756 4755//4755 1004//1004
f 4757//4757 4756//4756 1005//1005
f 4758//4758 4757//4757 1006//1006
f 4759//4759 4758//4758 1007//1007
f 4760//4760 4759//4759 1008//1008
f 4761//4761 4760//4760 1009//1009
f 1123//1123 4761//4761 1010//1010
f 1124//1124 4768//4768 4761//4761
f 1125//1125 4775//4775 4768//4768
f 1126//1126 4782//4782 4775//4775
f 1127//1127 4789//4789 4782//4782
f 1128//1128 4796//4796 4789//4789
f 1129//1129 4803//4803 4796//4796
f 74//74 815//815 4803//4803
f 815//815 816//816 4802//4802
f 816//816 817//817 4801//4801
f 817//817 818//818 4800//4800
f 818//818 819//819 4799//4799
f 819//819 820//820 4798//4798
f 820//820 821//821 4797//4797
f 821//821 42//42 605//605
f 4797//4797 605//605 606//606
f 4790//4790 606//606 607//607
f 4783//4783 607//607 608//608
f 4776//4776 608//608 609//609
f 4769//4769 609//609 610//610
f 4762//4762 610//610 611//611
f 4812//4812 4811//4811 4804//4804
f 4813//4813 4812//4812 4805//4805
f 4814//4814 4813//4813 4806//4806
f 4815//4815 4814//4814 4807//4807
f 4816//4816 4815//4815 4808//4808
f 4817//4817 4816//4816 4809//4809
f 4819//4819 4818//4818 4811//4811
f 4820//4820 4819//4819 4812//4812
f 4821//4821 4820//4820 4813//4813
f 4822//4822 4821//4821 4814//4814
f 4823//4823 4822//4822 4815//4815
f 4824//4824 4823//4823 4816//4816
f 4826//4826 4825//4825 4818//4818
f 4827//4827 4826//4826 4819//4819
f 4828//4828 4827//4827 4820//4820
f 4829//4829 4828//4828 4821//4821
f 4830//4830 4829//4829 4822//4822
f 4831//4831 4830//4830 4823//4823
f 4833//4833 4832//4832 4825//4825
f 4834//4834 4833//4833 4826//4826
f 4835//4835 4834//4834 4827//4827
f 4836//4836 4835//4835 4828//4828
f 4837//4837 4836//4836 4829//4829
f 4838//4838 4837//4837 4830//4830
f 4840//4840 4839//4839 4832//4832
f 4841//4841 4840//4840 4833//4833
f 4842//4842 4841//4841 4834//4834
f 4843//4843 4842//4842 4835//4835
f 4844//4844 4843//4843 4836//4836
f 4845//4845 4844//4844 4837//4837
f 4847//4847 4846//4846 4839//4839
f 4848//4848 4847//4847 4840//4840
f 4849//4849 4848//4848 4841//4841
f 4850//4850 4849//4849 4842//4842
f 4851//4851 4850//4850 4843//4843
f 4852//4852 4851//4851 4844//4844
f 4804//4804 668//668 34//34
f 4805//4805 4804//4804 891//891
f 4806//4806 4805//4805 890//890
f 4807//4807 4806//4806 889//889
f 4808//4808 4807//4807 888//888
f 4809//4809 4808//4808 887//887
f 4810//4810 4809//4809 886//886
f 1130//1130 4810//4810 885//885
f 1131//1131 4817//4817 4810//4810
f 1132//1132 4824//4824 4817//4817
f 1133//1133 4831//4831 4824//4824
f 1134//1134 4838//4838 4831//4831
f 1135//1135 4845//4845 4838//4838
f 1136//1136 4852//4852 4845//4845
f 82//82 920//920 4852//4852
f 920//920 921//921 4851//4851
f 921//921 922//922 4850//4850
f 922//922 923//923 4849//4849
f 923//923 924//924 4848//4848
f 924//924 925//925 4847//4847
f 925//925 926//926 4846//4846
f 926//926 49//49 674//674
f 4846//4846 674//674 673//673
f 4839//4839 673//673 672//672
f 4832//4832 672//672 671//671
f 4825//4825 671//671 670//670
f 4818//4818 670//670 669//669
f 4811//4811 669//669 668//668
f 4861//4861 4860//4860 4853//4853
f 4862//4862 4861//4861 4854//4854
f 4863//4863 4862//4862 4855//4855
f 4864//4864 4863//4863 4856//4856
f 4865//4865 4864//4864 4857//4857
f 4866//4866 4865//4865 4858//4858
f 4868//4868 4867//4867 4860//4860
f 4869//4869 4868//4868 4861//4861
f 4870//4870 4869//4869 4862//4862
f 4871//4871 4870//4870 4863//4863
f 4872//4872 4871//4871 4864//4864
f 4873//4873 4872//4872 4865//4865
f 4875//4875 4874//4874 4867//4867
f 4876//4876 4875//4875 4868//4868
f 4877//4877 4876//4876 4869//4869
f 4878//4878 4877//4877 4870//4870
f 4879//4879 4878//4878 4871//4871
f 4880//4880 4879//4879 4872//4872
f 4882//4882 4881//4881 4874//4874
f 4883//4883 4882//4882 4875//4875
f 4884//4884 4883//4883 4876//4876
f 4885//4885 4884//4884 4877//4877
f 4886//4886 4885//4885 4878//4878
f 4887//4887 4886//4886 4879//4879
f 4889//4889 4888//4888 4881//4881
f 4890//4890 4889//4889 4882//4882
f 4891//4891 4890//4890 4883//4883
f 4892//4892 4891//4891 4884//4884
f 4893//4893 4892//4892 4885//4885
f 4894//4894 4893//4893 4886//4886
f 4896//4896 4895//4895 4888//4888
f 4897//4897 4896//4896 4889//4889
f 4898//4898 4897//4897 4890//4890
f 4899//4899 4898//4898 4891//4891
f 4900//4900 4899//4899 4892//4892
f 4901//4901 4900//4900 4893//4893
f 4853//4853 654//654 37//37
f 4854//4854 4853//4853 905//905
f 4855//4855 4854//4854 904//904
f 4856//4856 4855//4855 903//903
f 4857//4857 4856//4856 902//902
f 4858//4858 4857//4857 901//901
f 4859//4859 4858//4858 900//900
f 1137//1137 4859//4859 899//899
f 1138//1138 4866//4866 4859//4859
f 1139//1139 4873//4873 4866//4866
f 1140//1140 4880//4880 4873//4873
f 1141//1141 4887//4887 4880//4880
f 1142//1142 4894//4894 4887//4887
f 1143//1143 4901//4901 4894//4894
f 81//81 913//913 4901//4901
f 913//913 914//914 4900//4900
f 914//914 915//915 4899//4899
f 915//915 916//916 4898//4898
f 916//916 917//917 4897//4897
f 917//917 918//918 4896//4896
f 918//918 919//919 4895//4895
f 919//919 48//48 660//660
f 4895//4895 660//660 659//659
f 4888//4888 659//659 658//658
f 4881//4881 658//658 657//657
f 4874//4874 657//657 656//656
f 4867//4867 656//656 655//655
f 4860//4860 655//655 654//654
f 4910//4910 4909//4909 4902//4902
f 4911//4911 4910//4910 4903//4903
f 4912//4912 4911//4911 4904//4904
f 4913//4913 4912//4912 4905//4905
f 4914//4914 4913//4913 4906//4906
f 4915//4915 4914//4914 4907//4907
f 4917//4917 4916//4916 4909//4909
f 4918//4918 4917//4917 4910//4910
f 4919//4919 4918//4918 4911//4911
f 4920//4920 4919//4919 4912//4912
f 4921//4921 4920//4920 4913//4913
f 4922//4922 4921//4921 4914//4914
f 4924//4924 4923//4923 4916//4916
f 4925//4925 4924//4924 4917//4917
f 4926//4926 4925//4925 4918//4918
f 4927//4927 4926//4926 4919//4919
f 4928//4928 4927//4927 4920//4920
f 4929//4929 4928//4928 4921//4921
f 4931//4931 4930//4930 4923//4923
f 4932//4932 4931//4931 4924//4924
f 4933//4933 4932//4932 4925//4925
f 4934//4934 4933//4933 4926//4926
f 4935//4935 4934//4934 4927//4927
f 4936//4936 4935//4935 4928//4928
f 4938//4938 4937//4937 4930//4930
f 4939//4939 4938//4938 4931//4931
f 4940//4940 4939//4939 4932//4932
f 4941//4941 4940//4940 4933//4933
f 4942//4942 4941//4941 4934//4934
f 4943//4943 4942//4942 4935//4935
f 4945//4945 4944//4944 4937//4937
f 4946//4946 4945//4945 4938//4938
f 4947//4947 4946//4946 4939//4939
f 4948//4948 4947//4947 4940//4940
f 4949//4949 4948//4948 4941//4941
f 4950//4950 4949//4949 4942//4942
f 4902//4902 290//290 49//49
f 4903//4903 4902//4902 926//926
f 4904//4904 4903//4903 925//925
f 4905//4905 4904//4904 924//924
f 4906//4906 4905//4905 923//923
f 4907//4907 4906//4906 922//922
f 4908//4908 4907//4907 921//921
f 1144//1144 4908//4908 920//920
f 1145//1145 4915//4915 4908//4908
f 1146//1146 4922//4922 4915//4915
f 1147//1147 4929//4929 4922//4922
f 1148//1148 4936//4936 4929//4929
f 1149//1149 4943//4943 4936//4936
f 1150//1150 4950//4950 4943//4943
f 80//80 906//906 4950//4950
f 906//906 907//907 4949//4949
f 907//907 908//908 4948//4948
f 908//908 909//909 4947//4947
f 909//909 910//910 4946//4946
f 910//910 911//911 4945//4945
f 911//911 912//912 4944//4944
f 912//912 38//38 296//296
f 4944//4944 296//296 295//295
f 4937//4937 295//295 294//294
f 4930//4930 294//294 293//293
f 4923//4923 293//293 292//292
f 4916//4916 292//292 291//291
f 4909//4909 291//291 290//290
f 4959//4959 4958//4958 4951//4951
f 4960//4960 4959//4959 4952//4952
f 4961//4961 4960//4960 4953//4953
f 4962//4962 4961//4961 4954//4954
f 4963//4963 4962//4962 4955//4955
f 4964//4964 4963//4963 4956//4956
f 4966//4966 4965//4965 4958//4958
f 4967//4967 4966//4966 4959//4959
f 4968//4968 4967//4967 4960//4960
f 4969//4969 4968//4968 4961//4961
f 4970//4970 4969//4969 4962//4962
f 4971//4971 4970//4970 4963//4963
f 4973//4973 4972//4972 4965//4965
f 4974//4974 4973//4973 4966//4966
f 4975//4975 4974//4974 4967//4967
f 4976//4976 4975//4975 4968//4968
f 4977//4977 4976//4976 4969//4969
f 4978//4978 4977//4977 4970//4970
f 4980//4980 4979//4979 4972//4972
f 4981//4981 4980//4980 4973//4973
f 4982//4982 4981//4981 4974//4974
f 4983//4983 4982//4982 4975//4975
f 4984//4984 4983//4983 4976//4976
f 4985//4985 4984//4984 4977//4977
f 4987//4987 4986//4986 4979//4979
f 4988//4988 4987//4987 4980//4980
f 4989//4989 4988//4988 4981//4981
f 4990//4990 4989//4989 4982//4982
f 4991//4991 4990//4990 4983//4983
f 4992//4992 4991//4991 4984//4984
f 4994//4994 4993//4993 4986//4986
f 4995//4995 4994//4994 4987//4987
f 4996//4996 4995//4995 4988//4988
f 4997//4997 4996//4996 4989//4989
f 4998//4998 4997//4997 4990//4990
f 4999//4999 4998//4998 4991//4991
f 4951//4951 653//653 47//47
f 4952//4952 4951//4951 1032//1032
f 4953//4953 4952//4952 1033//1033
f 4954//4954 4953//4953 1034//1034
f 4955//4955 4954//4954 1035//1035
f 4956//4956 4955//4955 1036//1036
f 4957//4957 4956//4956 1037//1037
f 1151//1151 4957//4957 1038//1038
f 1152//1152 4964//4964 4957//4957
f 1153//1153 4971//4971 4964//4964
f 1154//1154 4978//4978 4971//4971
f 1155//1155 4985//4985 4978//4978
f 1156//1156 4992//4992 4985//4985
f 1157//1157 4999//4999 4992//4992
f 71//71 1010//1010 4999//4999
f 1010//1010 1009//1009 4998//4998
f 1009//1009 1008//1008 4997//4997
f 1008//1008 1007//1007 4996//4996
f 1007//1007 1006//1006 4995//4995
f 1006//1006 1005//1005 4994//4994
f 1005//1005 1004//1004 4993//4993
f 1004//1004 44//44 647//647
f 4993//4993 647//647 648//648
f 4986//4986 648//648 649//649
f 4979//4979 649//649 650//650
f 4972//4972 650//650 651//651
f 4965//4965 651//651 652//652
f 4958//4958 652//652 653//653
f 5008//5008 5007//5007 5000//5000
f 5009//5009 5008//5008 5001//5001
f 5010//5010 5009//5009 5002//5002
f 5011//5011 5010//5010 5003//5003
f 5012//5012 5011//5011 5004//5004
f 5013//5013 5012//5012 5005//5005
f 5015//5015 5014//5014 5007//5007
f 5016//5016 5015//5015 5008//5008
f 5017//5017 5016//5016 5009//5009
f 5018//5018 5017//5017 5010//5010
f 5019//5019 5018//5018 5011//5011
f 5020//5020 5019//5019 5012//5012
f 5022//5022 5021//5021 5014//5014
f 5023//5023 5022//5022 5015//5015
f 5024//5024 5023//5023 5016//5016
f 5025//5025 5024//5024 5017//5017
f 5026//5026 5025//5025 5018//5018
f 5027//5027 5026//5026 5019//5019
f 5029//5029 5028//5028 5021//5021
f 5030//5030 5029//5029 5022//5022
f 5031//5031 5030//5030 5023//5023
f 5032//5032 5031//5031 5024//5024
f 5033//5033 5032//5032 5025//5025
f 5034//5034 5033//5033 5026//5026
f 5036//5036 5035//5035 5028//5028
f 5037//5037 5036//5036 5029//5029
f 5038//5038 5037//5037 5030//5030
f 5039//5039 5038//5038 5031//5031
f 5040//5040 5039//5039 5032//5032
f 5041//5041 5040//5040 5033//5033
f 5043//5043 5042//5042 5035//5035
f 5044//5044 5043//5043 5036//5036
f 5045//5045 5044//5044 5037//5037
f 5046//5046 5045//5045 5038//5038
f 5047//5047 5046//5046 5039//5039
f 5048//5048 5047//5047 5040//5040
f 5000//5000 506//506 46//46
f 5001//5001 5000//5000 814//814
f 5002//5002 5001//5001 813//813
f 5003//5003 5002//5002 812//812
f 5004//5004 5003//5003 811//811
f 5005//5005 5004//5004 810//810
f 5006//5006 5005//5005 809//809
f 1158//1158 5006//5006 808//808
f 1159//1159 5013//5013 5006//5006
f 1160//1160 5020//5020 5013//5013
f 1161//1161 5027//5027 5020//5020
f 1162//1162 5034//5034 5027//5027
f 1163//1163 5041//5041 5034//5034
f 1164//1164 5048//5048 5041//5041
f 76//76 1045//1045 5048//5048
f 1045//1045 1044//1044 5047//5047
f 1044//1044 1043//1043 5046//5046
f 1043//1043 1042//1042 5045//5045
f 1042//1042 1041//1041 5044//5044
f 1041//1041 1040//1040 5043//5043
f 1040//1040 1039//1039 5042//5042
f 1039//1039 50//50 500//500
f 5042//5042 500//500 501//501
f 5035//5035 501//501 502//502
f 5028//5028 502//502 503//503
f 5021//5021 503//503 504//504
f 5014//5014 504//504 505//505
f 5007//5007 505//505 506//506
f 5057//5057 5056//5056 5049//5049
f 5058//5058 5057//5057 5050//5050
f 5059//5059 5058//5058 5051//5051
f 5060//5060 5059//5059 5052//5052
f 5061//5061 5060//5060 5053//5053
f 5062//5062 5061//5061 5054//5054
f 5064//5064 5063//5063 5056//5056
f 5065//5065 5064//5064 5057//5057
f 5066//5066 5065//5065 5058//5058
f 5067//5067 5066//5066 5059//5059
f 5068//5068 5067//5067 5060//5060
f 5069//5069 5068//5068 5061//5061
f 5071//5071 5070//5070 5063//5063
f 5072//5072 5071//5071 5064//5064
f 5073//5073 5072//5072 5065//5065
f 5074//5074 5073//5073 5066//5066
f 5075//5075 5074//5074 5067//5067
f 5076//5076 5075//5075 5068//5068
f 5078//5078 5077//5077 5070//5070
f 5079//5079 5078//5078 5071//5071
f 5080//5080 5079//5079 5072//5072
f 5081//5081 5080//5080 5073//5073
f 5082//5082 5081//5081 5074//5074
f 5083//5083 5082//5082 5075//5075
f 5085//5085 5084//5084 5077//5077
f 5086//5086 5085//5085 5078//5078
f 5087//5087 5086//5086 5079//5079
f 5088//5088 5087//5087 5080//5080
f 5089//5089 5088//5088 5081//5081
f 5090//5090 5089//5089 5082//5082
f 5092//5092 5091//5091 5084//5084
f 5093//5093 5092//5092 5085//5085
f 5094//5094 5093//5093 5086//5086
f 5095//5095 5094//5094 5087//5087
f 5096//5096 5095//5095 5088//5088
f 5097//5097 5096//5096 5089//5089
f 5049//5049 612//612 23//23
f 5050//5050 5049//5049 1046//1046
f 5051//5051 5050//5050 1047//1047
f 5052//5052 5051//5051 1048//1048
f 5053//5053 5052//5052 1049//1049
f 5054//5054 5053//5053 1050//1050
f 5055//5055 5054//5054 1051//1051
f 1165//1165 5055//5055 1052//1052
f 1166//1166 5062//5062 5055//5055
f 1167//1167 5069//5069 5062//5062
f 1168//1168 5076//5076 5069//5069
f 1169//1169 5083//5083 5076//5076
f 1170//1170 5090//5090 5083//5083
f 1171//1171 5097//5097 5090//5090
f 79//79 899//899 5097//5097
f 899//899 900//900 5096//5096
f 900//900 901//901 5095//5095
f 901//901 902//902 5094//5094
f 902//902 903//903 5093//5093
f 903//903 904//904 5092//5092
f 904//904 905//905 5091//5091
f 905//905 37//37 618//618
f 5091//5091 618//618 617//617
f 5084//5084 617//617 616//616
f 5077//5077 616//616 615//615
f 5070//5070 615//615 614//614
f 5063//5063 614//614 613//613
f 5056//5056 613//613 612//612
f 5106//5106 5105//5105 5098//5098
f 5107//5107 5106//5106 5099//5099
f 5108//5108 5107//5107 5100//5100
f 5109//5109 5108//5108 5101//5101
f 5110//5110 5109//5109 5102//5102
f 5111//5111 5110//5110 5103//5103
f 5113//5113 5112//5112 5105//5105
f 5114//5114 5113//5113 5106//5106
f 5115//5115 5114//5114 5107//5107
f 5116//5116 5115//5115 5108//5108
f 5117//5117 5116//5116 5109//5109
f 5118//5118 5117//5117 5110//5110
f 5120//5120 5119//5119 5112//5112
f 5121//5121 5120//5120 5113//5113
f 5122//5122 5121//5121 5114//5114
f 5123//5123 5122//5122 5115//5115
f 5124//5124 5123//5123 5116//5116
f 5125//5125 5124//5124 5117//5117
f 5127//5127 5126//5126 5119//5119
f 5128//5128 5127//5127 5120//5120
f 5129//5129 5128//5128 5121//5121
f 5130//5130 5129//5129 5122//5122
f 5131//5131 5130//5130 5123//5123
f 5132//5132 5131//5131 5124//5124
f 5134//5134 5133//5133 5126//5126
f 5135//5135 5134//5134 5127//5127
f 5136//5136 5135//5135 5128//5128
f 5137//5137 5136//5136 5129//5129
f 5138//5138 5137//5137 5130//5130
f 5139//5139 5138//5138 5131//5131
f 5141//5141 5140//5140 5133//5133
f 5142//5142 5141//5141 5134//5134
f 5143//5143 5142//5142 5135//5135
f 5144//5144 5143//5143 5136//5136
f 5145//5145 5144//5144 5137//5137
f 5146//5146 5145//5145 5138//5138
f 5098//5098 1384//1384 99//99
f 5099//5099 5098//5098 724//724
f 5100//5100 5099//5099 725//725
f 5101//5101 5100//5100 726//726
f 5102//5102 5101//5101 727//727
f 5103//5103 5102//5102 728//728
f 5104//5104 5103//5103 729//729
f 884//884 5104//5104 730//730
f 883//883 5111//5111 5104//5104
f 882//882 5118//5118 5111//5111
f 881//881 5125//5125 5118//5118
f 880//880 5132//5132 5125//5125
f 879//879 5139//5139 5132//5132
f 878//878 5146//5146 5139//5139
f 77//77 1377//1377 5146//5146
f 1377//1377 1378//1378 5145//5145
f 1378//1378 1379//1379 5144//5144
f 1379//1379 1380//1380 5143//5143
f 1380//1380 1381//1381 5142//5142
f 1381//1381 1382//1382 5141//5141
f 1382//1382 1383//1383 5140//5140
f 1383//1383 107//107 1390//1390
f 5140//5140 1390//1390 1389//1389
f 5133//5133 1389//1389 1388//1388
f 5126//5126 1388//1388 1387//1387
f 5119//5119 1387//1387 1386//1386
f 5112//5112 1386//1386 1385//1385
f 5105//5105 1385//1385 1384//1384
f 5155//5155 5154//5154 5147//5147
f 5156//5156 5155//5155 5148//5148
f 5157//5157 5156//5156 5149//5149
f 5158//5158 5157//5157 5150//5150
f 5159//5159 5158//5158 5151//5151
f 5160//5160 5159//5159 5152//5152
f 5162//5162 5161//5161 5154//5154
f 5163//5163 5162//5162 5155//5155
f 5164//5164 5163//5163 5156//5156
f 5165//5165 5164//5164 5157//5157
f 5166//5166 5165//5165 5158//5158
f 5167//5167 5166//5166 5159//5159
f 5169//5169 5168//5168 5161//5161
f 5170//5170 5169//5169 5162//5162
f 5171//5171 5170//5170 5163//5163
f 5172//5172 5171//5171 5164//5164
f 5173//5173 5172//5172 5165//5165
f 5174//5174 5173//5173 5166//5166
f 5176//5176 5175//5175 5168//5168
f 5177//5177 5176//5176 5169//5169
f 5178//5178 5177//5177 5170//5170
f 5179//5179 5178//5178 5171//5171
f 5180//5180 5179//5179 5172//5172
f 5181//5181 5180//5180 5173//5173
f 5183//5183 5182//5182 5175//5175
f 5184//5184 5183//5183 5176//5176
f 5185//5185 5184//5184 5177//5177
f 5186//5186 5185//5185 5178//5178
f 5187//5187 5186//5186 5179//5179
f 5188//5188 5187//5187 5180//5180
f 5190//5190 5189//5189 5182//5182
f 5191//5191 5190//5190 5183//5183
f 5192//5192 5191//5191 5184//5184
f 5193//5193 5192//5192 5185//5185
f 5194//5194 5193//5193 5186//5186
f 5195//5195 5194//5194 5187//5187
f 5147//5147 633//633 38//38
f 5148//5148 5147//5147 912//912
f 5149//5149 5148//5148 911//911
f 5150//5150 5149//5149 910//910
f 5151//5151 5150//5150 909//909
f 5152//5152 5151//5151 908//908
f 5153//5153 5152//5152 907//907
f 1179//1179 5153//5153 906//906
f 1180//1180 5160//5160 5153//5153
f 1181//1181 5167//5167 5160//5160
f 1182//1182 5174//5174 5167//5167
f 1183//1183 5181//5181 5174//5174
f 1184//1184 5188//5188 5181//5181
f 1185//1185 5195//5195 5188//5188
f 67//67 598//598 5195//5195
f 598//598 599//599 5194//5194
f 599//599 600//600 5193//5193
f 600//600 601//601 5192//5192
f 601//601 602//602 5191//5191
f 602//602 603//603 5190//5190
f 603//603 604//604 5189//5189
f 604//604 35//35 639//639
f 5189//5189 639//639 638//638
f 5182//5182 638//638 637//637
f 5175//5175 637//637 636//636
f 5168//5168 636//636 635//635
f 5161//5161 635//635 634//634
f 5154//5154 634//634 633//633
f 5204//5204 5203//5203 5196//5196
f 5205//5205 5204//5204 5197//5197
f 5206//5206 5205//5205 5198//5198
f 5207//5207 5206//5206 5199//5199
f 5208//5208 5207//5207 5200//5200
f 5209//5209 5208//5208 5201//5201
f 5211//5211 5210//5210 5203//5203
f 5212//5212 5211//5211 5204//5204
f 5213//5213 5212//5212 5205//5205
f 5214//5214 5213//5213 5206//5206
f 5215//5215 5214//5214 5207//5207
f 5216//5216 5215//5215 5208//5208
f 5218//5218 5217//5217 5210//5210
f 5219//5219 5218//5218 5211//5211
f 5220//5220 5219//5219 5212//5212
f 5221//5221 5220//5220 5213//5213
f 5222//5222 5221//5221 5214//5214
f 5223//5223 5222//5222 5215//5215
f 5225//5225 5224//5224 5217//5217
f 5226//5226 5225//5225 5218//5218
f 5227//5227 5226//5226 5219//5219
f 5228//5228 5227//5227 5220//5220
f 5229//5229 5228//5228 5221//5221
f 5230//5230 5229//5229 5222//5222
f 5232//5232 5231//5231 5224//5224
f 5233//5233 5232//5232 5225//5225
f 5234//5234 5233//5233 5226//5226
f 5235//5235 5234//5234 5227//5227
f 5236//5236 5235//5235 5228//5228
f 5237//5237 5236//5236 5229//5229
f 5239//5239 5238//5238 5231//5231
f 5240//5240 5239//5239 5232//5232
f 5241//5241 5240//5240 5233//5233
f 5242//5242 5241//5241 5234//5234
f 5243//5243 5242//5242 5235//5235
f 5244//5244 5243//5243 5236//5236
f 5196//5196 367//367 35//35
f 5197//5197 5196//5196 604//604
f 5198//5198 5197//5197 603//603
f 5199//5199 5198//5198 602//602
f 5200//5200 5199//5199 601//601
f 5201//5201 5200//5200 600//600
f 5202//5202 5201//5201 599//599
f 1186//1186 5202//5202 598//598
f 1187//1187 5209//5209 5202//5202
f 1188//1188 5216//5216 5209//5209
f 1189//1189 5223//5223 5216//5216
f 1190//1190 5230//5230 5223//5223
f 1191//1191 5237//5237 5230//5230
f 1192//1192 5244//5244 5237//5237
f 66//66 381//381 5244//5244
f 381//381 382//382 5243//5243
f 382//382 383//383 5242//5242
f 383//383 384//384 5241//5241
f 384//384 385//385 5240//5240
f 385//385 386//386 5239//5239
f 386//386 387//387 5238//5238
f 387//387 24//24 373//373
f 5238//5238 373//373 372//372
f 5231//5231 372//372 371//371
f 5224//5224 371//371 370//370
f 5217//5217 370//370 369//369
f 5210//5210 369//369 368//368
f 5203//5203 368//368 367//367
f 5253//5253 5252//5252 5245//5245
f 5254//5254 5253//5253 5246//5246
f 5255//5255 5254//5254 5247//5247
f 5256//5256 5255//5255 5248//5248
f 5257//5257 5256//5256 5249//5249
f 5258//5258 5257//5257 5250//5250
f 5260//5260 5259//5259 5252//5252
f 5261//5261 5260//5260 5253//5253
f 5262//5262 5261//5261 5254//5254
f 5263//5263 5262//5262 5255//5255
f 5264//5264 5263//5263 5256//5256
f 5265//5265 5264//5264 5257//5257
f 5267//5267 5266//5266 5259//5259
f 5268//5268 5267//5267 5260//5260
f 5269//5269 5268//5268 5261//5261
f 5270//5270 5269//5269 5262//5262
f 5271//5271 5270//5270 5263//5263
f 5272//5272 5271//5271 5264//5264
f 5274//5274 5273//5273 5266//5266
f 5275//5275 5274//5274 5267//5267
f 5276//5276 5275//5275 5268//5268
f 5277//5277 5276//5276 5269//5269
f 5278//5278 5277//5277 5270//5270
f 5279//5279 5278//5278 5271//5271
f 5281//5281 5280//5280 5273//5273
f 5282//5282 5281//5281 5274//5274
f 5283//5283 5282//5282 5275//5275
f 5284//5284 5283//5283 5276//5276
f 5285//5285 5284//5284 5277//5277
f 5286//5286 5285//5285 5278//5278
f 5288//5288 5287//5287 5280//5280
f 5289//5289 5288//5288 5281//5281
f 5290//5290 5289//5289 5282//5282
f 5291//5291 5290//5290 5283//5283
f 5292//5292 5291//5291 5284//5284
f 5293//5293 5292//5292 5285//5285
f 5245//5245 360//360 24//24
f 5246//5246 5245//5245 387//387
f 5247//5247 5246//5246 386//386
f 5248//5248 5247//5247 385//385
f 5249//5249 5248//5248 384//384
f 5250//5250 5249//5249 383//383
f 5251//5251 5250//5250 382//382
f 1193//1193 5251//5251 381//381
f 1194//1194 5258//5258 5251//5251
f 1195//1195 5265//5265 5258//5258
f 1196//1196 5272//5272 5265//5265
f 1197//1197 5279//5279 5272//5272
f 1198//1198 5286//5286 5279//5279
f 1199//1199 5293//5293 5286//5286
f 65//65 961//961 5293//5293
f 961//961 960//960 5292//5292
f 960//960 959//959 5291//5291
f 959//959 958//958 5290//5290
f 958//958 957//957 5289//5289
f 957//957 956//956 5288//5288
f 956//956 955//955 5287//5287
f 955//955 21//21 366//366
f 5287//5287 366//366 365//365
f 5280//5280 365//365 364//364
f 5273//5273 364//364 363//363
f 5266//5266 363//363 362//362
f 5259//5259 362//362 361//361
f 5252//5252 361//361 360//360
f 5302//5302 5301//5301 5294//5294
f 5303//5303 5302//5302 5295//5295
f 5304//5304 5303//5303 5296//5296
f 5305//5305 5304//5304 5297//5297
f 5306//5306 5305//5305 5298//5298
f 5307//5307 5306//5306 5299//5299
f 5309//5309 5308//5308 5301//5301
f 5310//5310 5309//5309 5302//5302
f 5311//5311 5310//5310 5303//5303
f 5312//5312 5311//5311 5304//5304
f 5313//5313 5312//5312 5305//5305
f 5314//5314 5313//5313 5306//5306
f 5316//5316 5315//5315 5308//5308
f 5317//5317 5316//5316 5309//5309
f 5318//5318 5317//5317 5310//5310
f 5319//5319 5318//5318 5311//5311
f 5320//5320 5319//5319 5312//5312
f 5321//5321 5320//5320 5313//5313
f 5323//5323 5322//5322 5315//5315
f 5324//5324 5323//5323 5316//5316
f 5325//5325 5324//5324 5317//5317
f 5326//5326 5325//5325 5318//5318
f 5327//5327 5326//5326 5319//5319
f 5328//5328 5327//5327 5320//5320
f 5330//5330 5329//5329 5322//5322
f 5331//5331 5330//5330 5323//5323
f 5332//5332 5331//5331 5324//5324
f 5333//5333 5332//5332 5325//5325
f 5334//5334 5333//5333 5326//5326
f 5335//5335 5334//5334 5327//5327
f 5337//5337 5336//5336 5329//5329
f 5338//5338 5337//5337 5330//5330
f 5339//5339 5338//5338 5331//5331
f 5340//5340 5339//5339 5332//5332
f 5341//5341 5340//5340 5333//5333
f 5342//5342 5341//5341 5334//5334
f 5294//5294 493//493 48//48
f 5295//5295 5294//5294 919//919
f 5296//5296 5295//5295 918//918
f 5297//5297 5296//5296 917//917
f 5298//5298 5297//5297 916//916
f 5299//5299 5298//5298 915//915
f 5300//5300 5299//5299 914//914
f 1200//1200 5300//5300 913//913
f 1201//1201 5307//5307 5300//5300
f 1202//1202 5314//5314 5307//5307
f 1203//1203 5321//5321 5314//5314
f 1204//1204 5328//5328 5321//5321
f 1205//1205 5335//5335 5328//5328
f 1206//1206 5342//5342 5335//5335
f 78//78 885//885 5342//5342
f 885//885 886//886 5341//5341
f 886//886 887//887 5340//5340
f 887//887 888//888 5339//5339
f 888//888 889//889 5338//5338
f 889//889 890//890 5337//5337
f 890//890 891//891 5336//5336
f 891//891 34//34 499//499
f 5336//5336 499//499 498//498
f 5329//5329 498//498 497//497
f 5322//5322 497//497 496//496
f 5315//5315 496//496 495//495
f 5308//5308 495//495 494//494
f 5301//5301 494//494 493//493
f 5349//5349 5348//5348 5344//5344
f 5350//5350 5349//5349 5345//5345
f 5351//5351 5350//5350 5346//5346
f 5353//5353 5352//5352 5348//5348
f 5354//5354 5353//5353 5349//5349
f 5355//5355 5354//5354 5350//5350
f 5361//5361 5360//5360 5356//5356
f 5362//5362 5361//5361 5357//5357
f 5363//5363 5362//5362 5358//5358
f 5365//5365 5364//5364 5360//5360
f 5366//5366 5365//5365 5361//5361
f 5367//5367 5366//5366 5362//5362
f 5373//5373 5372//5372 5368//5368
f 5374//5374 5373//5373 5369//5369
f 5375//5375 5374//5374 5370//5370
f 5377//5377 5376//5376 5372//5372
f 5378//5378 5377//5377 5373//5373
f 5379//5379 5378//5378 5374//5374
f 5385//5385 5384//5384 5380//5380
f 5386//5386 5385//5385 5381//5381
f 5387//5387 5386//5386 5382//5382
f 5389//5389 5388//5388 5384//5384
f 5390//5390 5389//5389 5385//5385
f 5391//5391 5390//5390 5386//5386
f 5397//5397 5396//5396 5392//5392
f 5398//5398 5397//5397 5393//5393
f 5399//5399 5398//5398 5394//5394
f 5401//5401 5400//5400 5396//5396
f 5402//5402 5401//5401 5397//5397
f 5403//5403 5402//5402 5398//5398
f 5351//5351 5347//5347 5364//5364
f 5355//5355 5351//5351 5365//5365
f 5363//5363 5359//5359 5376//5376
f 5367//5367 5363//5363 5377//5377
f 5375//5375 5371//5371 5388//5388
f 5379//5379 5375//5375 5389//5389
f 5387//5387 5383//5383 5400//5400
f 5391//5391 5387//5387 5401//5401
f 5399//5399 5395//5395 5352//5352
f 5403//5403 5399//5399 5353//5353
f 5343//5343 5403//5403 5354//5354
f 5343//5343 5355//5355 5366//5366
f 5343//5343 5367//5367 5378//5378
f 5343//5343 5379//5379 5390//5390
f 5343//5343 5391//5391 5402//5402
f 5344//5344 479//479 21//21
f 5345//5345 5344//5344 955//955
f 5346//5346 5345//5345 956//956
f 5347//5347 5346//5346 957//957
f 5348//5348 480//480 479//479
f 5352//5352 481//481 480//480
f 5395//5395 482//482 481//481
f 5356//5356 961//961 65//65
f 5357//5357 5356//5356 339//339
f 5358//5358 5357//5357 340//340
f 5359//5359 5358//5358 341//341
f 5360//5360 960//960 961//961
f 5364//5364 959//959 960//960
f 5347//5347 958//958 959//959
f 5368//5368 345//345 22//22
f 5369//5369 5368//5368 492//492
f 5370//5370 5369//5369 491//491
f 5371//5371 5370//5370 490//490
f 5372//5372 344//344 345//345
f 5376//5376 343//343 344//344
f 5359//5359 342//342 343//343
f 5380//5380 486//486 33//33
f 5381//5381 5380//5380 975//975
f 5382//5382 5381//5381 974//974
f 5383//5383 5382//5382 973//973
f 5384//5384 487//487 486//486
f 5388//5388 488//488 487//487
f 5371//5371 489//489 488//488
f 5392//5392 969//969 32//32
f 5393//5393 5392//5392 485//485
f 5394//5394 5393//5393 484//484
f 5395//5395 5394//5394 483//483
f 5396//5396 970//970 969//969
f 5400//5400 971//971 970//970
f 5383//5383 972//972 971//971
f 5412//5412 5411//5411 5404//5404
f 5413//5413 5412//5412 5405//5405
f 5414//5414 5413//5413 5406//5406
f 5415//5415 5414//5414 5407//5407
f 5416//5416 5415//5415 5408//5408
f 5417//5417 5416//5416 5409//5409
f 5419//5419 5418//5418 5411//5411
f 5420//5420 5419//5419 5412//5412
f 5421//5421 5420//5420 5413//5413
f 5422//5422 5421//5421 5414//5414
f 5423//5423 5422//5422 5415//5415
f 5424//5424 5423//5423 5416//5416
f 5426//5426 5425//5425 5418//5418
f 5427//5427 5426//5426 5419//5419
f 5428//5428 5427//5427 5420//5420
f 5429//5429 5428//5428 5421//5421
f 5430//5430 5429//5429 5422//5422
f 5431//5431 5430//5430 5423//5423
f 5433//5433 5432//5432 5425//5425
f 5434//5434 5433//5433 5426//5426
f 5435//5435 5434//5434 5427//5427
f 5436//5436 5435//5435 5428//5428
f 5437//5437 5436//5436 5429//5429
f 5438//5438 5437//5437 5430//5430
f 5440//5440 5439//5439 5432//5432
f 5441//5441 5440//5440 5433//5433
f 5442//5442 5441//5441 5434//5434
f 5443//5443 5442//5442 5435//5435
f 5444//5444 5443//5443 5436//5436
f 5445//5445 5444//5444 5437//5437
f 5447//5447 5446//5446 5439//5439
f 5448//5448 5447//5447 5440//5440
f 5449//5449 5448//5448 5441//5441
f 5450//5450 5449//5449 5442//5442
f 5451//5451 5450//5450 5443//5443
f 5452//5452 5451//5451 5444//5444
f 5404//5404 1025//1025 56//56
f 5405//5405 5404//5404 1321//1321
f 5406//5406 5405//5405 1322//1322
f 5407//5407 5406//5406 1323//1323
f 5408//5408 5407//5407 1324//1324
f 5409//5409 5408//5408 1325//1325
f 5410//5410 5409//5409 1326//1326
f 1384//1384 5410//5410 1327//1327
f 1385//1385 5417//5417 5410//5410
f 1386//1386 5424//5424 5417//5417
f 1387//1387 5431//5431 5424//5424
f 1388//1388 5438//5438 5431//5431
f 1389//1389 5445//5445 5438//5438
f 1390//1390 5452//5452 5445//5445
f 107//107 1172//1172 5452//5452
f 1172//1172 1173//1173 5451//5451
f 1173//1173 1174//1174 5450//5450
f 1174//1174 1175//1175 5449//5449
f 1175//1175 1176//1176 5448//5448
f 1176//1176 1177//1177 5447//5447
f 1177//1177 1178//1178 5446//5446
f 1178//1178 74//74 1031//1031
f 5446//5446 1031//1031 1030//1030
f 5439//5439 1030//1030 1029//1029
f 5432//5432 1029//1029 1028//1028
f 5425//5425 1028//1028 1027//1027
f 5418//5418 1027//1027 1026//1026
f 5411//5411 1026//1026 1025//1025
f 5461//5461 5460//5460 5453//5453
f 5462//5462 5461//5461 5454//5454
f 5463//5463 5462//5462 5455//5455
f 5464//5464 5463//5463 5456//5456
f 5465//5465 5464//5464 5457//5457
f 5466//5466 5465//5465 5458//5458
f 5468//5468 5467//5467 5460//5460
f 5469//5469 5468//5468 5461//5461
f 5470//5470 5469//5469 5462//5462
f 5471//5471 5470//5470 5463//5463
f 5472//5472 5471//5471 5464//5464
f 5473//5473 5472//5472 5465//5465
f 5475//5475 5474//5474 5467//5467
f 5476//5476 5475//5475 5468//5468
f 5477//5477 5476//5476 5469//5469
f 5478//5478 5477//5477 5470//5470
f 5479//5479 5478//5478 5471//5471
f 5480//5480 5479//5479 5472//5472
f 5482//5482 5481//5481 5474//5474
f 5483//5483 5482//5482 5475//5475
f 5484//5484 5483//5483 5476//5476
f 5485//5485 5484//5484 5477//5477
f 5486//5486 5485//5485 5478//5478
f 5487//5487 5486//5486 5479//5479
f 5489//5489 5488//5488 5481//5481
f 5490//5490 5489//5489 5482//5482
f 5491//5491 5490//5490 5483//5483
f 5492//5492 5491//5491 5484//5484
f 5493//5493 5492//5492 5485//5485
f 5494//5494 5493//5493 5486//5486
f 5496//5496 5495//5495 5488//5488
f 5497//5497 5496//5496 5489//5489
f 5498//5498 5497//5497 5490//5490
f 5499//5499 5498//5498 5491//5491
f 5500//5500 5499//5499 5492//5492
f 5501//5501 5500//5500 5493//5493
f 5453//5453 1328//1328 59//59
f 5454//5454 5453//5453 857//857
f 5455//5455 5454//5454 858//858
f 5456//5456 5455//5455 859//859
f 5457//5457 5456//5456 860//860
f 5458//5458 5457//5457 861//861
f 5459//5459 5458//5458 862//862
f 877//877 5459//5459 863//863
f 876//876 5466//5466 5459//5459
f 875//875 5473//5473 5466//5466
f 874//874 5480//5480 5473//5473
f 873//873 5487//5487 5480//5480
f 872//872 5494//5494 5487//5487
f 871//871 5501//5501 5494//5494
f 104//104 1391//1391 5501//5501
f 1391//1391 1392//1392 5500//5500
f 1392//1392 1393//1393 5499//5499
f 1393//1393 1394//1394 5498//5498
f 1394//1394 1395//1395 5497//5497
f 1395//1395 1396//1396 5496//5496
f 1396//1396 1397//1397 5495//5495
f 1397//1397 100//100 1334//1334
f 5495//5495 1334//1334 1333//1333
f 5488//5488 1333//1333 1332//1332
f 5481//5481 1332//1332 1331//1331
f 5474//5474 1331//1331 1330//1330
f 5467//5467 1330//1330 1329//1329
f 5460//5460 1329//1329 1328//1328
f 5510//5510 5509//5509 5502//5502
f 5511//5511 5510//5510 5503//5503
f 5512//5512 5511//5511 5504//5504
f 5513//5513 5512//5512 5505//5505
f 5514//5514 5513//5513 5506//5506
f 5515//5515 5514//5514 5507//5507
f 5517//5517 5516//5516 5509//5509
f 5518//5518 5517//5517 5510//5510
f 5519//5519 5518//5518 5511//5511
f 5520//5520 5519//5519 5512//5512
f 5521//5521 5520//5520 5513//5513
f 5522//5522 5521//5521 5514//5514
f 5524//5524 5523//5523 5516//5516
f 5525//5525 5524//5524 5517//5517
f 5526//5526 5525//5525 5518//5518
f 5527//5527 5526//5526 5519//5519
f 5528//5528 5527//5527 5520//5520
f 5529//5529 5528//5528 5521//5521
f 5531//5531 5530//5530 5523//5523
f 5532//5532 5531//5531 5524//5524
f 5533//5533 5532//5532 5525//5525
f 5534//5534 5533//5533 5526//5526
f 5535//5535 5534//5534 5527//5527
f 5536//5536 5535//5535 5528//5528
f 5538//5538 5537//5537 5530//5530
f 5539//5539 5538//5538 5531//5531
f 5540//5540 5539//5539 5532//5532
f 5541//5541 5540//5540 5533//5533
f 5542//5542 5541//5541 5534//5534
f 5543//5543 5542//5542 5535//5535
f 5545//5545 5544//5544 5537//5537
f 5546//5546 5545//5545 5538//5538
f 5547//5547 5546//5546 5539//5539
f 5548//5548 5547//5547 5540//5540
f 5549//5549 5548//5548 5541//5541
f 5550//5550 5549//5549 5542//5542
f 5502//5502 702//702 59//59
f 5503//5503 5502//5502 1328//1328
f 5504//5504 5503//5503 1329//1329
f 5505//5505 5504//5504 1330//1330
f 5506//5506 5505//5505 1331//1331
f 5507//5507 5506//5506 1332//1332
f 5508//5508 5507//5507 1333//1333
f 1398//1398 5508//5508 1334//1334
f 1399//1399 5515//5515 5508//5508
f 1400//1400 5522//5522 5515//5515
f 1401//1401 5529//5529 5522//5522
f 1402//1402 5536//5536 5529//5529
f 1403//1403 5543//5543 5536//5536
f 1404//1404 5550//5550 5543//5543
f 103//103 1355//1355 5550//5550
f 1355//1355 1354//1354 5549//5549
f 1354//1354 1353//1353 5548//5548
f 1353//1353 1352//1352 5547//5547
f 1352//1352 1351//1351 5546//5546
f 1351//1351 1350//1350 5545//5545
f 1350//1350 1349//1349 5544//5544
f 1349//1349 61//61 696//696
f 5544//5544 696//696 697//697
f 5537//5537 697//697 698//698
f 5530//5530 698//698 699//699
f 5523//5523 699//699 700//700
f 5516//5516 700//700 701//701
f 5509//5509 701//701 702//702
f 5559//5559 5558//5558 5551//5551
f 5560//5560 5559//5559 5552//5552
f 5561//5561 5560//5560 5553//5553
f 5562//5562 5561//5561 5554//5554
f 5563//5563 5562//5562 5555//5555
f 5564//5564 5563//5563 5556//5556
f 5566//5566 5565//5565 5558//5558
f 5567//5567 5566//5566 5559//5559
f 5568//5568 5567//5567 5560//5560
f 5569//5569 5568//5568 5561//5561
f 5570//5570 5569//5569 5562//5562
f 5571//5571 5570//5570 5563//5563
f 5573//5573 5572//5572 5565//5565
f 5574//5574 5573//5573 5566//5566
f 5575//5575 5574//5574 5567//5567
f 5576//5576 5575//5575 5568//5568
f 5577//5577 5576//5576 5569//5569
f 5578//5578 5577//5577 5570//5570
f 5580//5580 5579//5579 5572//5572
f 5581//5581 5580//5580 5573//5573
f 5582//5582 5581//5581 5574//5574
f 5583//5583 5582//5582 5575//5575
f 5584//5584 5583//5583 5576//5576
f 5585//5585 5584//5584 5577//5577
f 5587//5587 5586//5586 5579//5579
f 5588//5588 5587//5587 5580//5580
f 5589//5589 5588//5588 5581//5581
f 5590//5590 5589//5589 5582//5582
f 5591//5591 5590//5590 5583//5583
f 5592//5592 5591//5591 5584//5584
f 5594//5594 5593//5593 5586//5586
f 5595//5595 5594//5594 5587//5587
f 5596//5596 5595//5595 5588//5588
f 5597//5597 5596//5596 5589//5589
f 5598//5598 5597//5597 5590//5590
f 5599//5599 5598//5598 5591//5591
f 5551//5551 772//772 60//60
f 5552//5552 5551//5551 759//759
f 5553//5553 5552//5552 760//760
f 5554//5554 5553//5553 761//761
f 5555//5555 5554//5554 762//762
f 5556//5556 5555//5555 763//763
f 5557//5557 5556//5556 764//764
f 1370//1370 5557//5557 765//765
f 1371//1371 5564//5564 5557//5557
f 1372//1372 5571//5571 5564//5564
f 1373//1373 5578//5578 5571//5571
f 1374//1374 5585//5585 5578//5578
f 1375//1375 5592//5592 5585//5585
f 1376//1376 5599//5599 5592//5592
f 106//106 1405//1405 5599//5599
f 1405//1405 1406//1406 5598//5598
f 1406//1406 1407//1407 5597//5597
f 1407//1407 1408//1408 5596//5596
f 1408//1408 1409//1409 5595//5595
f 1409//1409 1410//1410 5594//5594
f 1410//1410 1411//1411 5593//5593
f 1411//1411 102//102 766//766
f 5593//5593 766//766 767//767
f 5586//5586 767//767 768//768
f 5579//5579 768//768 769//769
f 5572//5572 769//769 770//770
f 5565//5565 770//770 771//771
f 5558//5558 771//771 772//772
f 5608//5608 5607//5607 5600//5600
f 5609//5609 5608//5608 5601//5601
f 5610//5610 5609//5609 5602//5602
f 5611//5611 5610//5610 5603//5603
f 5612//5612 5611//5611 5604//5604
f 5613//5613 5612//5612 5605//5605
f 5615//5615 5614//5614 5607//5607
f 5616//5616 5615//5615 5608//5608
f 5617//5617 5616//5616 5609//5609
f 5618//5618 5617//5617 5610//5610
f 5619//5619 5618//5618 5611//5611
f 5620//5620 5619//5619 5612//5612
f 5622//5622 5621//5621 5614//5614
f 5623//5623 5622//5622 5615//5615
f 5624//5624 5623//5623 5616//5616
f 5625//5625 5624//5624 5617//5617
f 5626//5626 5625//5625 5618//5618
f 5627//5627 5626//5626 5619//5619
f 5629//5629 5628//5628 5621//5621
f 5630//5630 5629//5629 5622//5622
f 5631//5631 5630//5630 5623//5623
f 5632//5632 5631//5631 5624//5624
f 5633//5633 5632//5632 5625//5625
f 5634//5634 5633//5633 5626//5626
f 5636//5636 5635//5635 5628//5628
f 5637//5637 5636//5636 5629//5629
f 5638//5638 5637//5637 5630//5630
f 5639//5639 5638//5638 5631//5631
f 5640//5640 5639//5639 5632//5632
f 5641//5641 5640//5640 5633//5633
f 5643//5643 5642//5642 5635//5635
f 5644//5644 5643//5643 5636//5636
f 5645//5645 5644//5644 5637//5637
f 5646//5646 5645//5645 5638//5638
f 5647//5647 5646//5646 5639//5639
f 5648//5648 5647//5647 5640//5640
f 5600//5600 828//828 61//61
f 5601//5601 5600//5600 1349//1349
f 5602//5602 5601//5601 1350//1350
f 5603//5603 5602//5602 1351//1351
f 5604//5604 5603//5603 1352//1352
f 5605//5605 5604//5604 1353//1353
f 5606//5606 5605//5605 1354//1354
f 1412//1412 5606//5606 1355//1355
f 1413//1413 5613//5613 5606//5606
f 1414//1414 5620//5620 5613//5613
f 1415//1415 5627//5627 5620//5620
f 1416//1416 5634//5634 5627//5627
f 1417//1417 5641//5641 5634//5634
f 1418//1418 5648//5648 5641//5641
f 101//101 1341//1341 5648//5648
f 1341//1341 1340//1340 5647//5647
f 1340//1340 1339//1339 5646//5646
f 1339//1339 1338//1338 5645//5645
f 1338//1338 1337//1337 5644//5644
f 1337//1337 1336//1336 5643//5643
f 1336//1336 1335//1335 5642//5642
f 1335//1335 58//58 822//822
f 5642//5642 822//822 823//823
f 5635//5635 823//823 824//824
f 5628//5628 824//824 825//825
f 5621//5621 825//825 826//826
f 5614//5614 826//826 827//827
f 5607//5607 827//827 828//828
f 5657//5657 5656//5656 5649//5649
f 5658//5658 5657//5657 5650//5650
f 5659//5659 5658//5658 5651//5651
f 5660//5660 5659//5659 5652//5652
f 5661//5661 5660//5660 5653//5653
f 5662//5662 5661//5661 5654//5654
f 5664//5664 5663//5663 5656//5656
f 5665//5665 5664//5664 5657//5657
f 5666//5666 5665//5665 5658//5658
f 5667//5667 5666//5666 5659//5659
f 5668//5668 5667//5667 5660//5660
f 5669//5669 5668//5668 5661//5661
f 5671//5671 5670//5670 5663//5663
f 5672//5672 5671//5671 5664//5664
f 5673//5673 5672//5672 5665//5665
f 5674//5674 5673//5673 5666//5666
f 5675//5675 5674//5674 5667//5667
f 5676//5676 5675//5675 5668//5668
f 5678//5678 5677//5677 5670//5670
f 5679//5679 5678//5678 5671//5671
f 5680//5680 5679//5679 5672//5672
f 5681//5681 5680//5680 5673//5673
f 5682//5682 5681//5681 5674//5674
f 5683//5683 5682//5682 5675//5675
f 5685//5685 5684//5684 5677//5677
f 5686//5686 5685//5685 5678//5678
f 5687//5687 5686//5686 5679//5679
f 5688//5688 5687//5687 5680//5680
f 5689//5689 5688//5688 5681//5681
f 5690//5690 5689//5689 5682//5682
f 5692//5692 5691//5691 5684//5684
f 5693//5693 5692//5692 5685//5685
f 5694//5694 5693//5693 5686//5686
f 5695//5695 5694//5694 5687//5687
f 5696//5696 5695//5695 5688//5688
f 5697//5697 5696//5696 5689//5689
f 5649//5649 695//695 55//55
f 5650//5650 5649//5649 1363//1363
f 5651//5651 5650//5650 1364//1364
f 5652//5652 5651//5651 1365//1365
f 5653//5653 5652//5652 1366//1366
f 5654//5654 5653//5653 1367//1367
f 5655//5655 5654//5654 1368//1368
f 1419//1419 5655//5655 1369//1369
f 1420//1420 5662//5662 5655//5655
f 1421//1421 5669//5669 5662//5662
f 1422//1422 5676//5676 5669//5669
f 1423//1423 5683//5683 5676//5676
f 1424//1424 5690//5690 5683//5683
f 1425//1425 5697//5697 5690//5690
f 106//106 1376//1376 5697//5697
f 1376//1376 1375//1375 5696//5696
f 1375//1375 1374//1374 5695//5695
f 1374//1374 1373//1373 5694//5694
f 1373//1373 1372//1372 5693//5693
f 1372//1372 1371//1371 5692//5692
f 1371//1371 1370//1370 5691//5691
f 1370//1370 57//57 689//689
f 5691//5691 689//689 690//690
f 5684//5684 690//690 691//691
f 5677//5677 691//691 692//692
f 5670//5670 692//692 693//693
f 5663//5663 693//693 694//694
f 5656//5656 694//694 695//695
f 5706//5706 5705//5705 5698//5698
f 5707//5707 5706//5706 5699//5699
f 5708//5708 5707//5707 5700//5700
f 5709//5709 5708//5708 5701//5701
f 5710//5710 5709//5709 5702//5702
f 5711//5711 5710//5710 5703//5703
f 5713//5713 5712//5712 5705//5705
f 5714//5714 5713//5713 5706//5706
f 5715//5715 5714//5714 5707//5707
f 5716//5716 5715//5715 5708//5708
f 5717//5717 5716//5716 5709//5709
f 5718//5718 5717//5717 5710//5710
f 5720//5720 5719//5719 5712//5712
f 5721//5721 5720//5720 5713//5713
f 5722//5722 5721//5721 5714//5714
f 5723//5723 5722//5722 5715//5715
f 5724//5724 5723//5723 5716//5716
f 5725//5725 5724//5724 5717//5717
f 5727//5727 5726//5726 5719//5719
f 5728//5728 5727//5727 5720//5720
f 5729//5729 5728//5728 5721//5721
f 5730//5730 5729//5729 5722//5722
f 5731//5731 5730//5730 5723//5723
f 5732//5732 5731//5731 5724//5724
f 5734//5734 5733//5733 5726//5726
f 5735//5735 5734//5734 5727//5727
f 5736//5736 5735//5735 5728//5728
f 5737//5737 5736//5736 5729//5729
f 5738//5738 5737//5737 5730//5730
f 5739//5739 5738//5738 5731//5731
f 5741//5741 5740//5740 5733//5733
f 5742//5742 5741//5741 5734//5734
f 5743//5743 5742//5742 5735//5735
f 5744//5744 5743//5743 5736//5736
f 5745//5745 5744//5744 5737//5737
f 5746//5746 5745//5745 5738//5738
f 5698//5698 744//744 58//58
f 5699//5699 5698//5698 1335//1335
f 5700//5700 5699//5699 1336//1336
f 5701//5701 5700//5700 1337//1337
f 5702//5702 5701//5701 1338//1338
f 5703//5703 5702//5702 1339//1339
f 5704//5704 5703//5703 1340//1340
f 1426//1426 5704//5704 1341//1341
f 1427//1427 5711//5711 5704//5704
f 1428//1428 5718//5718 5711//5711
f 1429//1429 5725//5725 5718//5718
f 1430//1430 5732//5732 5725//5725
f 1431//1431 5739//5739 5732//5732
f 1432//1432 5746//5746 5739//5739
f 99//99 1327//1327 5746//5746
f 1327//1327 1326//1326 5745//5745
f 1326//1326 1325//1325 5744//5744
f 1325//1325 1324//1324 5743//5743
f 1324//1324 1323//1323 5742//5742
f 1323//1323 1322//1322 5741//5741
f 1322//1322 1321//1321 5740//5740
f 1321//1321 56//56 738//738
f 5740//5740 738//738 739//739
f 5733//5733 739//739 740//740
f 5726//5726 740//740 741//741
f 5719//5719 741//741 742//742
f 5712//5712 742//742 743//743
f 5705//5705 743//743 744//744
f 5755//5755 5754//5754 5747//5747
f 5756//5756 5755//5755 5748//5748
f 5757//5757 5756//5756 5749//5749
f 5758//5758 5757//5757 5750//5750
f 5759//5759 5758//5758 5751//5751
f 5760//5760 5759//5759 5752//5752
f 5762//5762 5761//5761 5754//5754
f 5763//5763 5762//5762 5755//5755
f 5764//5764 5763//5763 5756//5756
f 5765//5765 5764//5764 5757//5757
f 5766//5766 5765//5765 5758//5758
f 5767//5767 5766//5766 5759//5759
f 5769//5769 5768//5768 5761//5761
f 5770//5770 5769//5769 5762//5762
f 5771//5771 5770//5770 5763//5763
f 5772//5772 5771//5771 5764//5764
f 5773//5773 5772//5772 5765//5765
f 5774//5774 5773//5773 5766//5766
f 5776//5776 5775//5775 5768//5768
f 5777//5777 5776//5776 5769//5769
f 5778//5778 5777//5777 5770//5770
f 5779//5779 5778//5778 5771//5771
f 5780//5780 5779//5779 5772//5772
f 5781//5781 5780//5780 5773//5773
f 5783//5783 5782//5782 5775//5775
f 5784//5784 5783//5783 5776//5776
f 5785//5785 5784//5784 5777//5777
f 5786//5786 5785//5785 5778//5778
f 5787//5787 5786//5786 5779//5779
f 5788//5788 5787//5787 5780//5780
f 5790//5790 5789//5789 5782//5782
f 5791//5791 5790//5790 5783//5783
f 5792//5792 5791//5791 5784//5784
f 5793//5793 5792//5792 5785//5785
f 5794//5794 5793//5793 5786//5786
f 5795//5795 5794//5794 5787//5787
f 5747//5747 933//933 40//40
f 5748//5748 5747//5747 1258//1258
f 5749//5749 5748//5748 1259//1259
f 5750//5750 5749//5749 1260//1260
f 5751//5751 5750//5750 1261//1261
f 5752//5752 5751//5751 1262//1262
f 5753//5753 5752//5752 1263//1263
f 1433//1433 5753//5753 1264//1264
f 1434//1434 5760//5760 5753//5753
f 1435//1435 5767//5767 5760//5760
f 1436//1436 5774//5774 5767//5767
f 1437//1437 5781//5781 5774//5774
f 1438//1438 5788//5788 5781//5781
f 1439//1439 5795//5795 5788//5788
f 105//105 1369//1369 5795//5795
f 1369//1369 1368//1368 5794//5794
f 1368//1368 1367//1367 5793//5793
f 1367//1367 1366//1366 5792//5792
f 1366//1366 1365//1365 5791//5791
f 1365//1365 1364//1364 5790//5790
f 1364//1364 1363//1363 5789//5789
f 1363//1363 55//55 927//927
f 5789//5789 927//927 928//928
f 5782//5782 928//928 929//929
f 5775//5775 929//929 930//930
f 5768//5768 930//930 931//931
f 5761//5761 931//931 932//932
f 5754//5754 932//932 933//933
f 5804//5804 5803//5803 5796//5796
f 5805//5805 5804//5804 5797//5797
f 5806//5806 5805//5805 5798//5798
f 5807//5807 5806//5806 5799//5799
f 5808//5808 5807//5807 5800//5800
f 5809//5809 5808//5808 5801//5801
f 5811//5811 5810//5810 5803//5803
f 5812//5812 5811//5811 5804//5804
f 5813//5813 5812//5812 5805//5805
f 5814//5814 5813//5813 5806//5806
f 5815//5815 5814//5814 5807//5807
f 5816//5816 5815//5815 5808//5808
f 5818//5818 5817//5817 5810//5810
f 5819//5819 5818//5818 5811//5811
f 5820//5820 5819//5819 5812//5812
f 5821//5821 5820//5820 5813//5813
f 5822//5822 5821//5821 5814//5814
f 5823//5823 5822//5822 5815//5815
f 5825//5825 5824//5824 5817//5817
f 5826//5826 5825//5825 5818//5818
f 5827//5827 5826//5826 5819//5819
f 5828//5828 5827//5827 5820//5820
f 5829//5829 5828//5828 5821//5821
f 5830//5830 5829//5829 5822//5822
f 5832//5832 5831//5831 5824//5824
f 5833//5833 5832//5832 5825//5825
f 5834//5834 5833//5833 5826//5826
f 5835//5835 5834//5834 5827//5827
f 5836//5836 5835//5835 5828//5828
f 5837//5837 5836//5836 5829//5829
f 5839//5839 5838//5838 5831//5831
f 5840//5840 5839//5839 5832//5832
f 5841//5841 5840//5840 5833//5833
f 5842//5842 5841//5841 5834//5834
f 5843//5843 5842//5842 5835//5835
f 5844//5844 5843//5843 5836//5836
f 5796//5796 877//877 64//64
f 5797//5797 5796//5796 717//717
f 5798//5798 5797//5797 718//718
f 5799//5799 5798//5798 719//719
f 5800//5800 5799//5799 720//720
f 5801//5801 5800//5800 721//721
f 5802//5802 5801//5801 722//722
f 772//772 5802//5802 723//723
f 771//771 5809//5809 5802//5802
f 770//770 5816//5816 5809//5809
f 769//769 5823//5823 5816//5816
f 768//768 5830//5830 5823//5823
f 767//767 5837//5837 5830//5830
f 766//766 5844//5844 5837//5837
f 102//102 1440//1440 5844//5844
f 1440//1440 1441//1441 5843//5843
f 1441//1441 1442//1442 5842//5842
f 1442//1442 1443//1443 5841//5841
f 1443//1443 1444//1444 5840//5840
f 1444//1444 1445//1445 5839//5839
f 1445//1445 1446//1446 5838//5838
f 1446//1446 104//104 871//871
f 5838//5838 871//871 872//872
f 5831//5831 872//872 873//873
f 5824//5824 873//873 874//874
f 5817//5817 874//874 875//875
f 5810//5810 875//875 876//876
f 5803//5803 876//876 877//877
f 5853//5853 5852//5852 5845//5845
f 5854//5854 5853//5853 5846//5846
f 5855//5855 5854//5854 5847//5847
f 5856//5856 5855//5855 5848//5848
f 5857//5857 5856//5856 5849//5849
f 5858//5858 5857//5857 5850//5850
f 5860//5860 5859//5859 5852//5852
f 5861//5861 5860//5860 5853//5853
f 5862//5862 5861//5861 5854//5854
f 5863//5863 5862//5862 5855//5855
f 5864//5864 5863//5863 5856//5856
f 5865//5865 5864//5864 5857//5857
f 5867//5867 5866//5866 5859//5859
f 5868//5868 5867//5867 5860//5860
f 5869//5869 5868//5868 5861//5861
f 5870//5870 5869//5869 5862//5862
f 5871//5871 5870//5870 5863//5863
f 5872//5872 5871//5871 5864//5864
f 5874//5874 5873//5873 5866//5866
f 5875//5875 5874//5874 5867//5867
f 5876//5876 5875//5875 5868//5868
f 5877//5877 5876//5876 5869//5869
f 5878//5878 5877//5877 5870//5870
f 5879//5879 5878//5878 5871//5871
f 5881//5881 5880//5880 5873//5873
f 5882//5882 5881//5881 5874//5874
f 5883//5883 5882//5882 5875//5875
f 5884//5884 5883//5883 5876//5876
f 5885//5885 5884//5884 5877//5877
f 5886//5886 5885//5885 5878//5878
f 5888//5888 5887//5887 5880//5880
f 5889//5889 5888//5888 5881//5881
f 5890//5890 5889//5889 5882//5882
f 5891//5891 5890//5890 5883//5883
f 5892//5892 5891//5891 5884//5884
f 5893//5893 5892//5892 5885//5885
f 5845//5845 675//675 45//45
f 5846//5846 5845//5845 1279//1279
f 5847//5847 5846//5846 1280//1280
f 5848//5848 5847//5847 1281//1281
f 5849//5849 5848//5848 1282//1282
f 5850//5850 5849//5849 1283//1283
f 5851//5851 5850//5850 1284//1284
f 1447//1447 5851//5851 1285//1285
f 1448//1448 5858//5858 5851//5851
f 1449//1449 5865//5865 5858//5858
f 1450//1450 5872//5872 5865//5865
f 1451//1451 5879//5879 5872//5872
f 1452//1452 5886//5886 5879//5879
f 1453//1453 5893//5893 5886//5886
f 98//98 682//682 5893//5893
f 682//682 683//683 5892//5892
f 683//683 684//684 5891//5891
f 684//684 685//685 5890//5890
f 685//685 686//686 5889//5889
f 686//686 687//687 5888//5888
f 687//687 688//688 5887//5887
f 688//688 50//50 681//681
f 5887//5887 681//681 680//680
f 5880//5880 680//680 679//679
f 5873//5873 679//679 678//678
f 5866//5866 678//678 677//677
f 5859//5859 677//677 676//676
f 5852//5852 676//676 675//675
f 5902//5902 5901//5901 5894//5894
f 5903//5903 5902//5902 5895//5895
f 5904//5904 5903//5903 5896//5896
f 5905//5905 5904//5904 5897//5897
f 5906//5906 5905//5905 5898//5898
f 5907//5907 5906//5906 5899//5899
f 5909//5909 5908//5908 5901//5901
f 5910//5910 5909//5909 5902//5902
f 5911//5911 5910//5910 5903//5903
f 5912//5912 5911//5911 5904//5904
f 5913//5913 5912//5912 5905//5905
f 5914//5914 5913//5913 5906//5906
f 5916//5916 5915//5915 5908//5908
f 5917//5917 5916//5916 5909//5909
f 5918//5918 5917//5917 5910//5910
f 5919//5919 5918//5918 5911//5911
f 5920//5920 5919//5919 5912//5912
f 5921//5921 5920//5920 5913//5913
f 5923//5923 5922//5922 5915//5915
f 5924//5924 5923//5923 5916//5916
f 5925//5925 5924//5924 5917//5917
f 5926//5926 5925//5925 5918//5918
f 5927//5927 5926//5926 5919//5919
f 5928//5928 5927//5927 5920//5920
f 5930//5930 5929//5929 5922//5922
f 5931//5931 5930//5930 5923//5923
f 5932//5932 5931//5931 5924//5924
f 5933//5933 5932//5932 5925//5925
f 5934//5934 5933//5933 5926//5926
f 5935//5935 5934//5934 5927//5927
f 5937//5937 5936//5936 5929//5929
f 5938//5938 5937//5937 5930//5930
f 5939//5939 5938//5938 5931//5931
f 5940//5940 5939//5939 5932//5932
f 5941//5941 5940//5940 5933//5933
f 5942//5942 5941//5941 5934//5934
f 5894//5894 1279//1279 45//45
f 5895//5895 5894//5894 289//289
f 5896//5896 5895//5895 288//288
f 5897//5897 5896//5896 287//287
f 5898//5898 5897//5897 286//286
f 5899//5899 5898//5898 285//285
f 5900//5900 5899//5899 284//284
f 1307//1307 5900//5900 283//283
f 1308//1308 5907//5907 5900//5900
f 1309//1309 5914//5914 5907//5907
f 1310//1310 5921//5921 5914//5914
f 1311//1311 5928//5928 5921//5921
f 1312//1312 5935//5935 5928//5928
f 1313//1313 5942//5942 5935//5935
f 97//97 1454//1454 5942//5942
f 1454//1454 1455//1455 5941//5941
f 1455//1455 1456//1456 5940//5940
f 1456//1456 1457//1457 5939//5939
f 1457//1457 1458//1458 5938//5938
f 1458//1458 1459//1459 5937//5937
f 1459//1459 1460//1460 5936//5936
f 1460//1460 93//93 1285//1285
f 5936//5936 1285//1285 1284//1284
f 5929//5929 1284//1284 1283//1283
f 5922//5922 1283//1283 1282//1282
f 5915//5915 1282//1282 1281//1281
f 5908//5908 1281//1281 1280//1280
f 5901//5901 1280//1280 1279//1279
f 5951//5951 5950//5950 5943//5943
f 5952//5952 5951//5951 5944//5944
f 5953//5953 5952//5952 5945//5945
f 5954//5954 5953//5953 5946//5946
f 5955//5955 5954//5954 5947//5947
f 5956//5956 5955//5955 5948//5948
f 5958//5958 5957//5957 5950//5950
f 5959//5959 5958//5958 5951//5951
f 5960//5960 5959//5959 5952//5952
f 5961//5961 5960//5960 5953//5953
f 5962//5962 5961//5961 5954//5954
f 5963//5963 5962//5962 5955//5955
f 5965//5965 5964//5964 5957//5957
f 5966//5966 5965//5965 5958//5958
f 5967//5967 5966//5966 5959//5959
f 5968//5968 5967//5967 5960//5960
f 5969//5969 5968//5968 5961//5961
f 5970//5970 5969//5969 5962//5962
f 5972//5972 5971//5971 5964//5964
f 5973//5973 5972//5972 5965//5965
f 5974//5974 5973//5973 5966//5966
f 5975//5975 5974//5974 5967//5967
f 5976//5976 5975//5975 5968//5968
f 5977//5977 5976//5976 5969//5969
f 5979//5979 5978//5978 5971//5971
f 5980//5980 5979//5979 5972//5972
f 5981//5981 5980//5980 5973//5973
f 5982//5982 5981//5981 5974//5974
f 5983//5983 5982//5982 5975//5975
f 5984//5984 5983//5983 5976//5976
f 5986//5986 5985//5985 5978//5978
f 5987//5987 5986//5986 5979//5979
f 5988//5988 5987//5987 5980//5980
f 5989//5989 5988//5988 5981//5981
f 5990//5990 5989//5989 5982//5982
f 5991//5991 5990//5990 5983//5983
f 5943//5943 626//626 46//46
f 5944//5944 5943//5943 646//646
f 5945//5945 5944//5944 645//645
f 5946//5946 5945//5945 644//644
f 5947//5947 5946//5946 643//643
f 5948//5948 5947//5947 642//642
f 5949//5949 5948//5948 641//641
f 1461//1461 5949//5949 640//640
f 1462//1462 5956//5956 5949//5949
f 1463//1463 5963//5963 5956//5956
f 1464//1464 5970//5970 5963//5963
f 1465//1465 5977//5977 5970//5970
f 1466//1466 5984//5984 5977//5977
f 1467//1467 5991//5991 5984//5984
f 94//94 1292//1292 5991//5991
f 1292//1292 1291//1291 5990//5990
f 1291//1291 1290//1290 5989//5989
f 1290//1290 1289//1289 5988//5988
f 1289//1289 1288//1288 5987//5987
f 1288//1288 1287//1287 5986//5986
f 1287//1287 1286//1286 5985//5985
f 1286//1286 43//43 632//632
f 5985//5985 632//632 631//631
f 5978//5978 631//631 630//630
f 5971//5971 630//630 629//629
f 5964//5964 629//629 628//628
f 5957//5957 628//628 627//627
f 5950//5950 627//627 626//626
f 6000//6000 5999//5999 5992//5992
f 6001//6001 6000//6000 5993//5993
f 6002//6002 6001//6001 5994//5994
f 6003//6003 6002//6002 5995//5995
f 6004//6004 6003//6003 5996//5996
f 6005//6005 6004//6004 5997//5997
f 6007//6007 6006//6006 5999//5999
f 6008//6008 6007//6007 6000//6000
f 6009//6009 6008//6008 6001//6001
f 6010//6010 6009//6009 6002//6002
f 6011//6011 6010//6010 6003//6003
f 6012//6012 6011//6011 6004//6004
f 6014//6014 6013//6013 6006//6006
f 6015//6015 6014//6014 6007//6007
f 6016//6016 6015//6015 6008//6008
f 6017//6017 6016//6016 6009//6009
f 6018//6018 6017//6017 6010//6010
f 6019//6019 6018//6018 6011//6011
f 6021//6021 6020//6020 6013//6013
f 6022//6022 6021//6021 6014//6014
f 6023//6023 6022//6022 6015//6015
f 6024//6024 6023//6023 6016//6016
f 6025//6025 6024//6024 6017//6017
f 6026//6026 6025//6025 6018//6018
f 6028//6028 6027//6027 6020//6020
f 6029//6029 6028//6028 6021//6021
f 6030//6030 6029//6029 6022//6022
f 6031//6031 6030//6030 6023//6023
f 6032//6032 6031//6031 6024//6024
f 6033//6033 6032//6032 6025//6025
f 6035//6035 6034//6034 6027//6027
f 6036//6036 6035//6035 6028//6028
f 6037//6037 6036//6036 6029//6029
f 6038//6038 6037//6037 6030//6030
f 6039//6039 6038//6038 6031//6031
f 6040//6040 6039//6039 6032//6032
f 5992//5992 1307//1307 47//47
f 5993//5993 5992//5992 653//653
f 5994//5994 5993//5993 652//652
f 5995//5995 5994//5994 651//651
f 5996//5996 5995//5995 650//650
f 5997//5997 5996//5996 649//649
f 5998//5998 5997//5997 648//648
f 1293//1293 5998//5998 647//647
f 1294//1294 6005//6005 5998//5998
f 1295//1295 6012//6012 6005//6005
f 1296//1296 6019//6019 6012//6012
f 1297//1297 6026//6026 6019//6019
f 1298//1298 6033//6033 6026//6026
f 1299//1299 6040//6040 6033//6033
f 95//95 1468//1468 6040//6040
f 1468//1468 1469//1469 6039//6039
f 1469//1469 1470//1470 6038//6038
f 1470//1470 1471//1471 6037//6037
f 1471//1471 1472//1472 6036//6036
f 1472//1472 1473//1473 6035//6035
f 1473//1473 1474//1474 6034//6034
f 1474//1474 97//97 1313//1313
f 6034//6034 1313//1313 1312//1312
f 6027//6027 1312//1312 1311//1311
f 6020//6020 1311//1311 1310//1310
f 6013//6013 1310//1310 1309//1309
f 6006//6006 1309//1309 1308//1308
f 5999//5999 1308//1308 1307//1307
f 6049//6049 6048//6048 6041//6041
f 6050//6050 6049//6049 6042//6042
f 6051//6051 6050//6050 6043//6043
f 6052//6052 6051//6051 6044//6044
f 6053//6053 6052//6052 6045//6045
f 6054//6054 6053//6053 6046//6046
f 6056//6056 6055//6055 6048//6048
f 6057//6057 6056//6056 6049//6049
f 6058//6058 6057//6057 6050//6050
f 6059//6059 6058//6058 6051//6051
f 6060//6060 6059//6059 6052//6052
f 6061//6061 6060//6060 6053//6053
f 6063//6063 6062//6062 6055//6055
f 6064//6064 6063//6063 6056//6056
f 6065//6065 6064//6064 6057//6057
f 6066//6066 6065//6065 6058//6058
f 6067//6067 6066//6066 6059//6059
f 6068//6068 6067//6067 6060//6060
f 6070//6070 6069//6069 6062//6062
f 6071//6071 6070//6070 6063//6063
f 6072//6072 6071//6071 6064//6064
f 6073//6073 6072//6072 6065//6065
f 6074//6074 6073//6073 6066//6066
f 6075//6075 6074//6074 6067//6067
f 6077//6077 6076//6076 6069//6069
f 6078//6078 6077//6077 6070//6070
f 6079//6079 6078//6078 6071//6071
f 6080//6080 6079//6079 6072//6072
f 6081//6081 6080//6080 6073//6073
f 6082//6082 6081//6081 6074//6074
f 6084//6084 6083//6083 6076//6076
f 6085//6085 6084//6084 6077//6077
f 6086//6086 6085//6085 6078//6078
f 6087//6087 6086//6086 6079//6079
f 6088//6088 6087//6087 6080//6080
f 6089//6089 6088//6088 6081//6081
f 6041//6041 1272//1272 41//41
f 6042//6042 6041//6041 177//177
f 6043//6043 6042//6042 176//176
f 6044//6044 6043//6043 175//175
f 6045//6045 6044//6044 174//174
f 6046//6046 6045//6045 173//173
f 6047//6047 6046//6046 172//172
f 1286//1286 6047//6047 171//171
f 1287//1287 6054//6054 6047//6047
f 1288//1288 6061//6061 6054//6054
f 1289//1289 6068//6068 6061//6061
f 1290//1290 6075//6075 6068//6068
f 1291//1291 6082//6082 6075//6075
f 1292//1292 6089//6089 6082//6082
f 94//94 1475//1475 6089//6089
f 1475//1475 1476//1476 6088//6088
f 1476//1476 1477//1477 6087//6087
f 1477//1477 1478//1478 6086//6086
f 1478//1478 1479//1479 6085//6085
f 1479//1479 1480//1480 6084//6084
f 1480//1480 1481//1481 6083//6083
f 1481//1481 92//92 1278//1278
f 6083//6083 1278//1278 1277//1277
f 6076//6076 1277//1277 1276//1276
f 6069//6069 1276//1276 1275//1275
f 6062//6062 1275//1275 1274//1274
f 6055//6055 1274//1274 1273//1273
f 6048//6048 1273//1273 1272//1272
f 6098//6098 6097//6097 6090//6090
f 6099//6099 6098//6098 6091//6091
f 6100//6100 6099//6099 6092//6092
f 6101//6101 6100//6100 6093//6093
f 6102//6102 6101//6101 6094//6094
f 6103//6103 6102//6102 6095//6095
f 6105//6105 6104//6104 6097//6097
f 6106//6106 6105//6105 6098//6098
f 6107//6107 6106//6106 6099//6099
f 6108//6108 6107//6107 6100//6100
f 6109//6109 6108//6108 6101//6101
f 6110//6110 6109//6109 6102//6102
f 6112//6112 6111//6111 6104//6104
f 6113//6113 6112//6112 6105//6105
f 6114//6114 6113//6113 6106//6106
f 6115//6115 6114//6114 6107//6107
f 6116//6116 6115//6115 6108//6108
f 6117//6117 6116//6116 6109//6109
f 6119//6119 6118//6118 6111//6111
f 6120//6120 6119//6119 6112//6112
f 6121//6121 6120//6120 6113//6113
f 6122//6122 6121//6121 6114//6114
f 6123//6123 6122//6122 6115//6115
f 6124//6124 6123//6123 6116//6116
f 6126//6126 6125//6125 6118//6118
f 6127//6127 6126//6126 6119//6119
f 6128//6128 6127//6127 6120//6120
f 6129//6129 6128//6128 6121//6121
f 6130//6130 6129//6129 6122//6122
f 6131//6131 6130//6130 6123//6123
f 6133//6133 6132//6132 6125//6125
f 6134//6134 6133//6133 6126//6126
f 6135//6135 6134//6134 6127//6127
f 6136//6136 6135//6135 6128//6128
f 6137//6137 6136//6136 6129//6129
f 6138//6138 6137//6137 6130//6130
f 6090//6090 1293//1293 44//44
f 6091//6091 6090//6090 611//611
f 6092//6092 6091//6091 610//610
f 6093//6093 6092//6092 609//609
f 6094//6094 6093//6093 608//608
f 6095//6095 6094//6094 607//607
f 6096//6096 6095//6095 606//606
f 1265//1265 6096//6096 605//605
f 1266//1266 6103//6103 6096//6096
f 1267//1267 6110//6110 6103//6103
f 1268//1268 6117//6117 6110//6110
f 1269//1269 6124//6124 6117//6117
f 1270//1270 6131//6131 6124//6124
f 1271//1271 6138//6138 6131//6131
f 91//91 1482//1482 6138//6138
f 1482//1482 1483//1483 6137//6137
f 1483//1483 1484//1484 6136//6136
f 1484//1484 1485//1485 6135//6135
f 1485//1485 1486//1486 6134//6134
f 1486//1486 1487//1487 6133//6133
f 1487//1487 1488//1488 6132//6132
f 1488//1488 95//95 1299//1299
f 6132//6132 1299//1299 1298//1298
f 6125//6125 1298//1298 1297//1297
f 6118//6118 1297//1297 1296//1296
f 6111//6111 1296//1296 1295//1295
f 6104//6104 1295//1295 1294//1294
f 6097//6097 1294//1294 1293//1293
f 6147//6147 6146//6146 6139//6139
f 6148//6148 6147//6147 6140//6140
f 6149//6149 6148//6148 6141//6141
f 6150//6150 6149//6149 6142//6142
f 6151//6151 6150//6150 6143//6143
f 6152//6152 6151//6151 6144//6144
f 6154//6154 6153//6153 6146//6146
f 6155//6155 6154//6154 6147//6147
f 6156//6156 6155//6155 6148//6148
f 6157//6157 6156//6156 6149//6149
f 6158//6158 6157//6157 6150//6150
f 6159//6159 6158//6158 6151//6151
f 6161//6161 6160//6160 6153//6153
f 6162//6162 6161//6161 6154//6154
f 6163//6163 6162//6162 6155//6155
f 6164//6164 6163//6163 6156//6156
f 6165//6165 6164//6164 6157//6157
f 6166//6166 6165//6165 6158//6158
f 6168//6168 6167//6167 6160//6160
f 6169//6169 6168//6168 6161//6161
f 6170//6170 6169//6169 6162//6162
f 6171//6171 6170//6170 6163//6163
f 6172//6172 6171//6171 6164//6164
f 6173//6173 6172//6172 6165//6165
f 6175//6175 6174//6174 6167//6167
f 6176//6176 6175//6175 6168//6168
f 6177//6177 6176//6176 6169//6169
f 6178//6178 6177//6177 6170//6170
f 6179//6179 6178//6178 6171//6171
f 6180//6180 6179//6179 6172//6172
f 6182//6182 6181//6181 6174//6174
f 6183//6183 6182//6182 6175//6175
f 6184//6184 6183//6183 6176//6176
f 6185//6185 6184//6184 6177//6177
f 6186//6186 6185//6185 6178//6178
f 6187//6187 6186//6186 6179//6179
f 6139//6139 1258//1258 40//40
f 6140//6140 6139//6139 226//226
f 6141//6141 6140//6140 225//225
f 6142//6142 6141//6141 224//224
f 6143//6143 6142//6142 223//223
f 6144//6144 6143//6143 222//222
f 6145//6145 6144//6144 221//221
f 1214//1214 6145//6145 220//220
f 1215//1215 6152//6152 6145//6145
f 1216//1216 6159//6159 6152//6152
f 1217//1217 6166//6166 6159//6159
f 1218//1218 6173//6173 6166//6166
f 1219//1219 6180//6180 6173//6173
f 1220//1220 6187//6187 6180//6180
f 84//84 1489//1489 6187//6187
f 1489//1489 1490//1490 6186//6186
f 1490//1490 1491//1491 6185//6185
f 1491//1491 1492//1492 6184//6184
f 1492//1492 1493//1493 6183//6183
f 1493//1493 1494//1494 6182//6182
f 1494//1494 1495//1495 6181//6181
f 1495//1495 90//90 1264//1264
f 6181//6181 1264//1264 1263//1263
f 6174//6174 1263//1263 1262//1262
f 6167//6167 1262//1262 1261//1261
f 6160//6160 1261//1261 1260//1260
f 6153//6153 1260//1260 1259//1259
f 6146//6146 1259//1259 1258//1258
f 6196//6196 6195//6195 6188//6188
f 6197//6197 6196//6196 6189//6189
f 6198//6198 6197//6197 6190//6190
f 6199//6199 6198//6198 6191//6191
f 6200//6200 6199//6199 6192//6192
f 6201//6201 6200//6200 6193//6193
f 6203//6203 6202//6202 6195//6195
f 6204//6204 6203//6203 6196//6196
f 6205//6205 6204//6204 6197//6197
f 6206//6206 6205//6205 6198//6198
f 6207//6207 6206//6206 6199//6199
f 6208//6208 6207//6207 6200//6200
f 6210//6210 6209//6209 6202//6202
f 6211//6211 6210//6210 6203//6203
f 6212//6212 6211//6211 6204//6204
f 6213//6213 6212//6212 6205//6205
f 6214//6214 6213//6213 6206//6206
f 6215//6215 6214//6214 6207//6207
f 6217//6217 6216//6216 6209//6209
f 6218//6218 6217//6217 6210//6210
f 6219//6219 6218//6218 6211//6211
f 6220//6220 6219//6219 6212//6212
f 6221//6221 6220//6220 6213//6213
f 6222//6222 6221//6221 6214//6214
f 6224//6224 6223//6223 6216//6216
f 6225//6225 6224//6224 6217//6217
f 6226//6226 6225//6225 6218//6218
f 6227//6227 6226//6226 6219//6219
f 6228//6228 6227//6227 6220//6220
f 6229//6229 6228//6228 6221//6221
f 6231//6231 6230//6230 6223//6223
f 6232//6232 6231//6231 6224//6224
f 6233//6233 6232//6232 6225//6225
f 6234//6234 6233//6233 6226//6226
f 6235//6235 6234//6234 6227//6227
f 6236//6236 6235//6235 6228//6228
f 6188//6188 1207//1207 1//1
f 6189//6189 6188//6188 219//219
f 6190//6190 6189//6189 218//218
f 6191//6191 6190//6190 217//217
f 6192//6192 6191//6191 216//216
f 6193//6193 6192//6192 215//215
f 6194//6194 6193//6193 214//214
f 1251//1251 6194//6194 213//213
f 1252//1252 6201//6201 6194//6194
f 1253//1253 6208//6208 6201//6201
f 1254//1254 6215//6215 6208//6208
f 1255//1255 6222//6222 6215//6215
f 1256//1256 6229//6229 6222//6222
f 1257//1257 6236//6236 6229//6229
f 89//89 1496//1496 6236//6236
f 1496//1496 1497//1497 6235//6235
f 1497//1497 1498//1498 6234//6234
f 1498//1498 1499//1499 6233//6233
f 1499//1499 1500//1500 6232//6232
f 1500//1500 1501//1501 6231//6231
f 1501//1501 1502//1502 6230//6230
f 1502//1502 83//83 1213//1213
f 6230//6230 1213//1213 1212//1212
f 6223//6223 1212//1212 1211//1211
f 6216//6216 1211//1211 1210//1210
f 6209//6209 1210//1210 1209//1209
f 6202//6202 1209//1209 1208//1208
f 6195//6195 1208//1208 1207//1207
f 6245//6245 6244//6244 6237//6237
f 6246//6246 6245//6245 6238//6238
f 6247//6247 6246//6246 6239//6239
f 6248//6248 6247//6247 6240//6240
f 6249//6249 6248//6248 6241//6241
f 6250//6250 6249//6249 6242//6242
f 6252//6252 6251//6251 6244//6244
f 6253//6253 6252//6252 6245//6245
f 6254//6254 6253//6253 6246//6246
f 6255//6255 6254//6254 6247//6247
f 6256//6256 6255//6255 6248//6248
f 6257//6257 6256//6256 6249//6249
f 6259//6259 6258//6258 6251//6251
f 6260//6260 6259//6259 6252//6252
f 6261//6261 6260//6260 6253//6253
f 6262//6262 6261//6261 6254//6254
f 6263//6263 6262//6262 6255//6255
f 6264//6264 6263//6263 6256//6256
f 6266//6266 6265//6265 6258//6258
f 6267//6267 6266//6266 6259//6259
f 6268//6268 6267//6267 6260//6260
f 6269//6269 6268//6268 6261//6261
f 6270//6270 6269//6269 6262//6262
f 6271//6271 6270//6270 6263//6263
f 6273//6273 6272//6272 6265//6265
f 6274//6274 6273//6273 6266//6266
f 6275//6275 6274//6274 6267//6267
f 6278//6278 6275//6275 6268//6268
f 6280//6280 6278//6278 6269//6269
f 6282//6282 6280//6280 6270//6270
f 6284//6284 6283//6283 6272//6272
f 6285//6285 6284//6284 6273//6273
f 6286//6286 6285//6285 6274//6274
f 6287//6287 6286//6286 6276//6276
f 6288//6288 6287//6287 6277//6277
f 6289//6289 6288//6288 6279//6279
f 6237//6237 1214//1214 2//2
f 6238//6238 6237//6237 206//206
f 6239//6239 6238//6238 207//207
f 6240//6240 6239//6239 208//208
f 6241//6241 6240//6240 209//209
f 6242//6242 6241//6241 210//210
f 6243//6243 6242//6242 211//211
f 1243//1243 6243//6243 212//212
f 1244//1244 6250//6250 6243//6243
f 1245//1245 6257//6257 6250//6250
f 1246//1246 6264//6264 6257//6257
f 1247//1247 6271//6271 6264//6264
f 1248//1248 6282//6282 6271//6271
f 1250//1250 6289//6289 6281//6281
f 88//88 1503//1503 6289//6289
f 1503//1503 1504//1504 6288//6288
f 1504//1504 1505//1505 6287//6287
f 1505//1505 1506//1506 6286//6286
f 1506//1506 1507//1507 6285//6285
f 1507//1507 1508//1508 6284//6284
f 1508//1508 1509//1509 6283//6283
f 1509//1509 84//84 1220//1220
f 6283//6283 1220//1220 1219//1219
f 6272//6272 1219//1219 1218//1218
f 6265//6265 1218//1218 1217//1217
f 6258//6258 1217//1217 1216//1216
f 6251//6251 1216//1216 1215//1215
f 6244//6244 1215//1215 1214//1214
f 6298//6298 6297//6297 6290//6290
f 6299//6299 6298//6298 6291//6291
f 6300//6300 6299//6299 6292//6292
f 6301//6301 6300//6300 6293//6293
f 6302//6302 6301//6301 6294//6294
f 6303//6303 6302//6302 6295//6295
f 6305//6305 6304//6304 6297//6297
f 6306//6306 6305//6305 6298//6298
f 6307//6307 6306//6306 6299//6299
f 6308//6308 6307//6307 6300//6300
f 6309//6309 6308//6308 6301//6301
f 6310//6310 6309//6309 6302//6302
f 6312//6312 6311//6311 6304//6304
f 6313//6313 6312//6312 6305//6305
f 6314//6314 6313//6313 6306//6306
f 6315//6315 6314//6314 6307//6307
f 6316//6316 6315//6315 6308//6308
f 6317//6317 6316//6316 6309//6309
f 6319//6319 6318//6318 6311//6311
f 6320//6320 6319//6319 6312//6312
f 6321//6321 6320//6320 6313//6313
f 6322//6322 6321//6321 6314//6314
f 6323//6323 6322//6322 6315//6315
f 6324//6324 6323//6323 6316//6316
f 6328//6328 6325//6325 6318//6318
f 6329//6329 6328//6328 6319//6319
f 6332//6332 6329//6329 6320//6320
f 6333//6333 6332//6332 6321//6321
f 6334//6334 6333//6333 6322//6322
f 6335//6335 6334//6334 6323//6323
f 6337//6337 6336//6336 6326//6326
f 6338//6338 6337//6337 6327//6327
f 6339//6339 6338//6338 6330//6330
f 6340//6340 6339//6339 6331//6331
f 6341//6341 6340//6340 6333//6333
f 6342//6342 6341//6341 6334//6334
f 6290//6290 1235//1235 5//5
f 6291//6291 6290//6290 205//205
f 6292//6292 6291//6291 204//204
f 6293//6293 6292//6292 203//203
f 6294//6294 6293//6293 202//202
f 6295//6295 6294//6294 201//201
f 6296//6296 6295//6295 200//200
f 1207//1207 6296//6296 199//199
f 1208//1208 6303//6303 6296//6296
f 1209//1209 6310//6310 6303//6303
f 1210//1210 6317//6317 6310//6310
f 1211//1211 6324//6324 6317//6317
f 1212//1212 6335//6335 6324//6324
f 1213//1213 6342//6342 6335//6335
f 83//83 1510//1510 6342//6342
f 1510//1510 1511//1511 6341//6341
f 1511//1511 1512//1512 6340//6340
f 1512//1512 1513//1513 6339//6339
f 1513//1513 1514//1514 6338//6338
f 1514//1514 1515//1515 6337//6337
f 1515//1515 1516//1516 6336//6336
f 1516//1516 87//87 1242//1242
f 6336//6336 1242//1242 1240//1240
f 6325//6325 1241//1241 1239//1239
f 6318//6318 1239//1239 1238//1238
f 6311//6311 1238//1238 1237//1237
f 6304//6304 1237//1237 1236//1236
f 6297//6297 1236//1236 1235//1235
f 6351//6351 6350//6350 6343//6343
f 6352//6352 6351//6351 6344//6344
f 6353//6353 6352//6352 6345//6345
f 6354//6354 6353//6353 6346//6346
f 6355//6355 6354//6354 6347//6347
f 6356//6356 6355//6355 6348//6348
f 6358//6358 6357//6357 6350//6350
f 6359//6359 6358//6358 6351//6351
f 6360//6360 6359//6359 6352//6352
f 6361//6361 6360//6360 6353//6353
f 6362//6362 6361//6361 6354//6354
f 6363//6363 6362//6362 6355//6355
f 6365//6365 6364//6364 6357//6357
f 6366//6366 6365//6365 6358//6358
f 6367//6367 6366//6366 6359//6359
f 6368//6368 6367//6367 6360//6360
f 6369//6369 6368//6368 6361//6361
f 6370//6370 6369//6369 6362//6362
f 6372//6372 6371//6371 6364//6364
f 6373//6373 6372//6372 6365//6365
f 6374//6374 6373//6373 6366//6366
f 6375//6375 6374//6374 6367//6367
f 6376//6376 6375//6375 6368//6368
f 6377//6377 6376//6376 6369//6369
f 6379//6379 6378//6378 6371//6371
f 6380//6380 6379//6379 6372//6372
f 6381//6381 6380//6380 6373//6373
f 6382//6382 6381//6381 6374//6374
f 6383//6383 6382//6382 6375//6375
f 6384//6384 6383//6383 6376//6376
f 6386//6386 6385//6385 6378//6378
f 6387//6387 6386//6386 6379//6379
f 6388//6388 6387//6387 6380//6380
f 6389//6389 6388//6388 6381//6381
f 6390//6390 6389//6389 6382//6382
f 6391//6391 6390//6390 6383//6383
f 6343//6343 1221//1221 3//3
f 6344//6344 6343//6343 192//192
f 6345//6345 6344//6344 193//193
f 6346//6346 6345//6345 194//194
f 6347//6347 6346//6346 195//195
f 6348//6348 6347//6347 196//196
f 6349//6349 6348//6348 197//197
f 1228//1228 6349//6349 198//198
f 1229//1229 6356//6356 6349//6349
f 1230//1230 6363//6363 6356//6356
f 1231//1231 6370//6370 6363//6363
f 1232//1232 6377//6377 6370//6370
f 1233//1233 6384//6384 6377//6377
f 1234//1234 6391//6391 6384//6384
f 86//86 1517//1517 6391//6391
f 1517//1517 1518//1518 6390//6390
f 1518//1518 1519//1519 6389//6389
f 1519//1519 1520//1520 6388//6388
f 1520//1520 1521//1521 6387//6387
f 1521//1521 1522//1522 6386//6386
f 1522//1522 1523//1523 6385//6385
f 1523//1523 85//85 1227//1227
f 6385//6385 1227//1227 1226//1226
f 6378//6378 1226//1226 1225//1225
f 6371//6371 1225//1225 1224//1224
f 6364//6364 1224//1224 1223//1223
f 6357//6357 1223//1223 1222//1222
f 6350//6350 1222//1222 1221//1221
f 6400//6400 6399//6399 6392//6392
f 6401//6401 6400//6400 6393//6393
f 6402//6402 6401//6401 6394//6394
f 6403//6403 6402//6402 6395//6395
f 6404//6404 6403//6403 6396//6396
f 6405//6405 6404//6404 6397//6397
f 6407//6407 6406//6406 6399//6399
f 6408//6408 6407//6407 6400//6400
f 6409//6409 6408//6408 6401//6401
f 6410//6410 6409//6409 6402//6402
f 6411//6411 6410//6410 6403//6403
f 6412//6412 6411//6411 6404//6404
f 6414//6414 6413//6413 6406//6406
f 6415//6415 6414//6414 6407//6407
f 6416//6416 6415//6415 6408//6408
f 6417//6417 6416//6416 6409//6409
f 6418//6418 6417//6417 6410//6410
f 6419//6419 6418//6418 6411//6411
f 6421//6421 6420//6420 6413//6413
f 6422//6422 6421//6421 6414//6414
f 6423//6423 6422//6422 6415//6415
f 6424//6424 6423//6423 6416//6416
f 6425//6425 6424//6424 6417//6417
f 6426//6426 6425//6425 6418//6418
f 6430//6430 6427//6427 6420//6420
f 6431//6431 6430//6430 6421//6421
f 6433//6433 6431//6431 6422//6422
f 6435//6435 6433//6433 6423//6423
f 6436//6436 6435//6435 6424//6424
f 6437//6437 6436//6436 6425//6425
f 6439//6439 6438//6438 6428//6428
f 6440//6440 6439//6439 6429//6429
f 6441//6441 6440//6440 6432//6432
f 6442//6442 6441//6441 6434//6434
f 6443//6443 6442//6442 6435//6435
f 6444//6444 6443//6443 6436//6436
f 6392//6392 1243//1243 6//6
f 6393//6393 6392//6392 185//185
f 6394//6394 6393//6393 186//186
f 6395//6395 6394//6394 187//187
f 6396//6396 6395//6395 188//188
f 6397//6397 6396//6396 189//189
f 6398//6398 6397//6397 190//190
f 1221//1221 6398//6398 191//191
f 1222//1222 6405//6405 6398//6398
f 1223//1223 6412//6412 6405//6405
f 1224//1224 6419//6419 6412//6412
f 1225//1225 6426//6426 6419//6419
f 1226//1226 6437//6437 6426//6426
f 1227//1227 6444//6444 6437//6437
f 85//85 1524//1524 6444//6444
f 1524//1524 1525//1525 6443//6443
f 1525//1525 1526//1526 6442//6442
f 1526//1526 1527//1527 6441//6441
f 1527//1527 1528//1528 6440//6440
f 1528//1528 1529//1529 6439//6439
f 1529//1529 1530//1530 6438//6438
f 1530//1530 88//88 1250//1250
f 6438//6438 1250//1250 1249//1249
f 6427//6427 1248//1248 1247//1247
f 6420//6420 1247//1247 1246//1246
f 6413//6413 1246//1246 1245//1245
f 6406//6406 1245//1245 1244//1244
f 6399//6399 1244//1244 1243//1243
f 6453//6453 6452//6452 6445//6445
f 6454//6454 6453//6453 6446//6446
f 6455//6455 6454//6454 6447//6447
f 6456//6456 6455//6455 6448//6448
f 6457//6457 6456//6456 6449//6449
f 6458//6458 6457//6457 6450//6450
f 6460//6460 6459//6459 6452//6452
f 6461//6461 6460//6460 6453//6453
f 6462//6462 6461//6461 6454//6454
f 6463//6463 6462//6462 6455//6455
f 6464//6464 6463//6463 6456//6456
f 6465//6465 6464//6464 6457//6457
f 6467//6467 6466//6466 6459//6459
f 6468//6468 6467//6467 6460//6460
f 6469//6469 6468//6468 6461//6461
f 6470//6470 6469//6469 6462//6462
f 6471//6471 6470//6470 6463//6463
f 6472//6472 6471//6471 6464//6464
f 6474//6474 6473//6473 6466//6466
f 6475//6475 6474//6474 6467//6467
f 6476//6476 6475//6475 6468//6468
f 6477//6477 6476//6476 6469//6469
f 6478//6478 6477//6477 6470//6470
f 6479//6479 6478//6478 6471//6471
f 6481//6481 6480//6480 6473//6473
f 6482//6482 6481//6481 6474//6474
f 6483//6483 6482//6482 6475//6475
f 6486//6486 6483//6483 6476//6476
f 6488//6488 6486//6486 6477//6477
f 6490//6490 6488//6488 6478//6478
f 6492//6492 6491//6491 6480//6480
f 6493//6493 6492//6492 6481//6481
f 6494//6494 6493//6493 6482//6482
f 6495//6495 6494//6494 6484//6484
f 6496//6496 6495//6495 6485//6485
f 6497//6497 6496//6496 6487//6487
f 6445//6445 1228//1228 4//4
f 6446//6446 6445//6445 184//184
f 6447//6447 6446//6446 183//183
f 6448//6448 6447//6447 182//182
f 6449//6449 6448//6448 181//181
f 6450//6450 6449//6449 180//180
f 6451//6451 6450//6450 179//179
f 1235//1235 6451//6451 178//178
f 1236//1236 6458//6458 6451//6451
f 1237//1237 6465//6465 6458//6458
f 1238//1238 6472//6472 6465//6465
f 1239//1239 6479//6479 6472//6472
f 1241//1241 6490//6490 6479//6479
f 1242//1242 6497//6497 6489//6489
f 87//87 1531//1531 6497//6497
f 1531//1531 1532//1532 6496//6496
f 1532//1532 1533//1533 6495//6495
f 1533//1533 1534//1534 6494//6494
f 1534//1534 1535//1535 6493//6493
f 1535//1535 1536//1536 6492//6492
f 1536//1536 1537//1537 6491//6491
f 1537//1537 86//86 1234//1234
f 6491//6491 1234//1234 1233//1233
f 6480//6480 1233//1233 1232//1232
f 6473//6473 1232//1232 1231//1231
f 6466//6466 1231//1231 1230//1230
f 6459//6459 1230//1230 1229//1229
f 6452//6452 1229//1229 1228//1228
f 6506//6506 6505//6505 6498//6498
f 6507//6507 6506//6506 6499//6499
f 6508//6508 6507//6507 6500//6500
f 6509//6509 6508//6508 6501//6501
f 6510//6510 6509//6509 6502//6502
f 6511//6511 6510//6510 6503//6503
f 6513//6513 6512//6512 6505//6505
f 6514//6514 6513//6513 6506//6506
f 6515//6515 6514//6514 6507//6507
f 6516//6516 6515//6515 6508//6508
f 6517//6517 6516//6516 6509//6509
f 6518//6518 6517//6517 6510//6510
f 6520//6520 6519//6519 6512//6512
f 6521//6521 6520//6520 6513//6513
f 6522//6522 6521//6521 6514//6514
f 6523//6523 6522//6522 6515//6515
f 6524//6524 6523//6523 6516//6516
f 6525//6525 6524//6524 6517//6517
f 6527//6527 6526//6526 6519//6519
f 6528//6528 6527//6527 6520//6520
f 6529//6529 6528//6528 6521//6521
f 6530//6530 6529//6529 6522//6522
f 6531//6531 6530//6530 6523//6523
f 6532//6532 6531//6531 6524//6524
f 6534//6534 6533//6533 6526//6526
f 6535//6535 6534//6534 6527//6527
f 6536//6536 6535//6535 6528//6528
f 6537//6537 6536//6536 6529//6529
f 6538//6538 6537//6537 6530//6530
f 6539//6539 6538//6538 6531//6531
f 6541//6541 6540//6540 6533//6533
f 6542//6542 6541//6541 6534//6534
f 6543//6543 6542//6542 6535//6535
f 6544//6544 6543//6543 6536//6536
f 6545//6545 6544//6544 6537//6537
f 6546//6546 6545//6545 6538//6538
f 6498//6498 815//815 74//74
f 6499//6499 6498//6498 1178//1178
f 6500//6500 6499//6499 1177//1177
f 6501//6501 6500//6500 1176//1176
f 6502//6502 6501//6501 1175//1175
f 6503//6503 6502//6502 1174//1174
f 6504//6504 6503//6503 1173//1173
f 1538//1538 6504//6504 1172//1172
f 1539//1539 6511//6511 6504//6504
f 1540//1540 6518//6518 6511//6511
f 1541//1541 6525//6525 6518//6518
f 1542//1542 6532//6532 6525//6525
f 1543//1543 6539//6539 6532//6532
f 1544//1544 6546//6546 6539//6539
f 91//91 1271//1271 6546//6546
f 1271//1271 1270//1270 6545//6545
f 1270//1270 1269//1269 6544//6544
f 1269//1269 1268//1268 6543//6543
f 1268//1268 1267//1267 6542//6542
f 1267//1267 1266//1266 6541//6541
f 1266//1266 1265//1265 6540//6540
f 1265//1265 42//42 821//821
f 6540//6540 821//821 820//820
f 6533//6533 820//820 819//819
f 6526//6526 819//819 818//818
f 6519//6519 818//818 817//817
f 6512//6512 817//817 816//816
f 6505//6505 816//816 815//815
f 6555//6555 6554//6554 6547//6547
f 6556//6556 6555//6555 6548//6548
f 6557//6557 6556//6556 6549//6549
f 6558//6558 6557//6557 6550//6550
f 6559//6559 6558//6558 6551//6551
f 6560//6560 6559//6559 6552//6552
f 6562//6562 6561//6561 6554//6554
f 6563//6563 6562//6562 6555//6555
f 6564//6564 6563//6563 6556//6556
f 6565//6565 6564//6564 6557//6557
f 6566//6566 6565//6565 6558//6558
f 6567//6567 6566//6566 6559//6559
f 6569//6569 6568//6568 6561//6561
f 6570//6570 6569//6569 6562//6562
f 6571//6571 6570//6570 6563//6563
f 6572//6572 6571//6571 6564//6564
f 6573//6573 6572//6572 6565//6565
f 6574//6574 6573//6573 6566//6566
f 6576//6576 6575//6575 6568//6568
f 6577//6577 6576//6576 6569//6569
f 6578//6578 6577//6577 6570//6570
f 6579//6579 6578//6578 6571//6571
f 6580//6580 6579//6579 6572//6572
f 6581//6581 6580//6580 6573//6573
f 6583//6583 6582//6582 6575//6575
f 6584//6584 6583//6583 6576//6576
f 6585//6585 6584//6584 6577//6577
f 6586//6586 6585//6585 6578//6578
f 6587//6587 6586//6586 6579//6579
f 6588//6588 6587//6587 6580//6580
f 6590//6590 6589//6589 6582//6582
f 6591//6591 6590//6590 6583//6583
f 6592//6592 6591//6591 6584//6584
f 6593//6593 6592//6592 6585//6585
f 6594//6594 6593//6593 6586//6586
f 6595//6595 6594//6594 6587//6587
f 6547//6547 1251//1251 39//39
f 6548//6548 6547//6547 170//170
f 6549//6549 6548//6548 169//169
f 6550//6550 6549//6549 168//168
f 6551//6551 6550//6550 167//167
f 6552//6552 6551//6551 166//166
f 6553//6553 6552//6552 165//165
f 1272//1272 6553//6553 164//164
f 1273//1273 6560//6560 6553//6553
f 1274//1274 6567//6567 6560//6560
f 1275//1275 6574//6574 6567//6567
f 1276//1276 6581//6581 6574//6574
f 1277//1277 6588//6588 6581//6581
f 1278//1278 6595//6595 6588//6588
f 92//92 1545//1545 6595//6595
f 1545//1545 1546//1546 6594//6594
f 1546//1546 1547//1547 6593//6593
f 1547//1547 1548//1548 6592//6592
f 1548//1548 1549//1549 6591//6591
f 1549//1549 1550//1550 6590//6590
f 1550//1550 1551//1551 6589//6589
f 1551//1551 89//89 1257//1257
f 6589//6589 1257//1257 1256//1256
f 6582//6582 1256//1256 1255//1255
f 6575//6575 1255//1255 1254//1254
f 6568//6568 1254//1254 1253//1253
f 6561//6561 1253//1253 1252//1252
f 6554//6554 1252//1252 1251//1251
f 6604//6604 6603//6603 6596//6596
f 6605//6605 6604//6604 6597//6597
f 6606//6606 6605//6605 6598//6598
f 6607//6607 6606//6606 6599//6599
f 6608//6608 6607//6607 6600//6600
f 6609//6609 6608//6608 6601//6601
f 6611//6611 6610//6610 6603//6603
f 6612//6612 6611//6611 6604//6604
f 6613//6613 6612//6612 6605//6605
f 6614//6614 6613//6613 6606//6606
f 6615//6615 6614//6614 6607//6607
f 6616//6616 6615//6615 6608//6608
f 6618//6618 6617//6617 6610//6610
f 6619//6619 6618//6618 6611//6611
f 6620//6620 6619//6619 6612//6612
f 6621//6621 6620//6620 6613//6613
f 6622//6622 6621//6621 6614//6614
f 6623//6623 6622//6622 6615//6615
f 6625//6625 6624//6624 6617//6617
f 6626//6626 6625//6625 6618//6618
f 6627//6627 6626//6626 6619//6619
f 6628//6628 6627//6627 6620//6620
f 6629//6629 6628//6628 6621//6621
f 6630//6630 6629//6629 6622//6622
f 6632//6632 6631//6631 6624//6624
f 6633//6633 6632//6632 6625//6625
f 6634//6634 6633//6633 6626//6626
f 6635//6635 6634//6634 6627//6627
f 6636//6636 6635//6635 6628//6628
f 6637//6637 6636//6636 6629//6629
f 6639//6639 6638//6638 6631//6631
f 6640//6640 6639//6639 6632//6632
f 6641//6641 6640//6640 6633//6633
f 6642//6642 6641//6641 6634//6634
f 6643//6643 6642//6642 6635//6635
f 6644//6644 6643//6643 6636//6636
f 6596//6596 500//500 50//50
f 6597//6597 6596//6596 688//688
f 6598//6598 6597//6597 687//687
f 6599//6599 6598//6598 686//686
f 6600//6600 6599//6599 685//685
f 6601//6601 6600//6600 684//684
f 6602//6602 6601//6601 683//683
f 1552//1552 6602//6602 682//682
f 1553//1553 6609//6609 6602//6602
f 1554//1554 6616//6616 6609//6609
f 1555//1555 6623//6623 6616//6616
f 1556//1556 6630//6630 6623//6623
f 1557//1557 6637//6637 6630//6630
f 1558//1558 6644//6644 6637//6637
f 96//96 640//640 6644//6644
f 640//640 641//641 6643//6643
f 641//641 642//642 6642//6642
f 642//642 643//643 6641//6641
f 643//643 644//644 6640//6640
f 644//644 645//645 6639//6639
f 645//645 646//646 6638//6638
f 646//646 46//46 506//506
f 6638//6638 506//506 505//505
f 6631//6631 505//505 504//504
f 6624//6624 504//504 503//503
f 6617//6617 503//503 502//502
f 6610//6610 502//502 501//501
f 6603//6603 501//501 500//500

