mtllib material.mtl
usemtl Cup_White
v -0.00654100 0.05031000 0.02425300
v -0.00654100 0.05031000 0.02425300
v -0.00000500 0.05078600 0.02511300
v -0.00000500 0.05078600 0.02511300
v -0.00000500 0.05078600 0.02511300
v 0.00497500 0.05054100 0.02472700
v 0.00497500 0.05054100 0.02472700
v 0.00497500 0.05054100 0.02472700
v 0.00683100 0.05026500 0.01941100
v 0.00497500 0.05054100 0.01488700
v 0.00497500 0.05054100 0.01488700
v 0.00497500 0.05054100 0.01488700
v -0.00498400 0.05054100 0.01383100
v -0.00498400 0.05054100 0.01383100
v -0.00498400 0.05054100 0.01383100
v -0.00654100 0.05031000 0.01485700
v -0.00654100 0.05031000 0.01485700
v -0.00654100 0.05031000 0.02013400
v -0.00564400 0.05203500 0.02202700
v -0.00374600 0.05266300 0.02318000
v -0.00000500 0.05241000 0.02342300
v 0.00369500 0.05240300 0.02285400
v 0.00578900 0.05193800 0.02170300
v 0.00635000 0.05137000 0.01947200
v 0.00591300 0.05100000 0.01714000
v 0.00396900 0.05082800 0.01647100
v -0.00000500 0.05082500 0.01524600
v -0.00431300 0.05073200 0.01553300
v -0.00605300 0.05077000 0.01633500
v -0.00622400 0.05139000 0.01979900
v -0.00516300 0.05450200 0.02037200
v -0.00298300 0.05496100 0.02134500
v -0.00000500 0.05512900 0.02170100
v 0.00297400 0.05496100 0.02134500
v 0.00515400 0.05450200 0.02037200
v 0.00595200 0.05387500 0.01904400
v 0.00515400 0.05324800 0.01771600
v 0.00297400 0.05278800 0.01674300
v -0.00000500 0.05262000 0.01638700
v -0.00298300 0.05278800 0.01674300
v -0.00516300 0.05324800 0.01771600
v -0.00596200 0.05387500 0.01904400
v -0.00516300 0.05607000 0.01994300
v -0.00298300 0.05648900 0.02092700
v -0.00000500 0.05664200 0.02128700
v 0.00297400 0.05648900 0.02092700
v 0.00515400 0.05607000 0.01994300
v 0.00595200 0.05549700 0.01860000
v 0.00515400 0.05492400 0.01725700
v 0.00297400 0.05450500 0.01627300
v -0.00000500 0.05435200 0.01591300
v -0.00298300 0.05450500 0.01627300
v -0.00516300 0.05492400 0.01725700
v -0.00596200 0.05549700 0.01860000
v -0.00516300 0.05765200 0.01955700
v -0.00298300 0.05802600 0.02055100
v -0.00000500 0.05816200 0.02091500
v 0.00297400 0.05802600 0.02055100
v 0.00515400 0.05765200 0.01955700
v 0.00595200 0.05714100 0.01819800
v 0.00515400 0.05663100 0.01684000
v 0.00297400 0.05625700 0.01584500
v -0.00000500 0.05612000 0.01548100
v -0.00298300 0.05625700 0.01584500
v -0.00516300 0.05663100 0.01684000
v -0.00596200 0.05714100 0.01819800
v -0.00516300 0.05923900 0.01921900
v -0.00298300 0.05956100 0.02022500
v -0.00000500 0.05967900 0.02059300
v 0.00297400 0.05956100 0.02022500
v 0.00515400 0.05923900 0.01921900
v 0.00595200 0.05879900 0.01784600
v 0.00515400 0.05836000 0.01647300
v 0.00297400 0.05803800 0.01546700
v -0.00000500 0.05792000 0.01509900
v -0.00298300 0.05803800 0.01546700
v -0.00516300 0.05836000 0.01647300
v -0.00596200 0.05879900 0.01784600
v -0.00516300 0.06082200 0.01893900
v -0.00298300 0.06108500 0.01995500
v -0.00000500 0.06118100 0.02032700
v 0.00297400 0.06108500 0.01995500
v 0.00515400 0.06082200 0.01893900
v 0.00595200 0.06046300 0.01755200
v 0.00515400 0.06010400 0.01616400
v 0.00297400 0.05984200 0.01514800
v -0.00000500 0.05974500 0.01477600
v -0.00298300 0.05984200 0.01514800
v -0.00516300 0.06010400 0.01616400
v -0.00596200 0.06046300 0.01755200
v -0.00516300 0.06239100 0.01872400
v -0.00298300 0.06258600 0.01974900
v -0.00000500 0.06265700 0.02012400
v 0.00297400 0.06258600 0.01974900
v 0.00515400 0.06239100 0.01872400
v 0.00595200 0.06212400 0.01732300
v 0.00515400 0.06185800 0.01592300
v 0.00297400 0.06166300 0.01489800
v -0.00000500 0.06159200 0.01452300
v -0.00298300 0.06166300 0.01489800
v -0.00516300 0.06185800 0.01592300
v -0.00596200 0.06212400 0.01732300
v -0.00516300 0.06393600 0.01857800
v -0.00298300 0.06405400 0.01961100
v -0.00000500 0.06409700 0.01998800
v 0.00297400 0.06405400 0.01961100
v 0.00515400 0.06393600 0.01857800
v 0.00595200 0.06377500 0.01716800
v 0.00515400 0.06361500 0.01575800
v 0.00297400 0.06349700 0.01472600
v -0.00000500 0.06345400 0.01434800
v -0.00298300 0.06349700 0.01472600
v -0.00516300 0.06361500 0.01575800
v -0.00596200 0.06377500 0.01716800
v -0.00516300 0.06544800 0.01851000
v -0.00298300 0.06547800 0.01954600
v -0.00000500 0.06548900 0.01992600
v 0.00297400 0.06547800 0.01954600
v 0.00515400 0.06544800 0.01851000
v 0.00595200 0.06540800 0.01709500
v 0.00515400 0.06536700 0.01568000
v 0.00297400 0.06533800 0.01464400
v -0.00000500 0.06532700 0.01426500
v -0.00298300 0.06533800 0.01464400
v -0.00516300 0.06536700 0.01568000
v -0.00596200 0.06540800 0.01709500
v -0.00516300 0.06691800 0.01852500
v -0.00298300 0.06684800 0.01956000
v -0.00000500 0.06682300 0.01993800
v 0.00297400 0.06684800 0.01956000
v 0.00515400 0.06691800 0.01852500
v 0.00595200 0.06701400 0.01711100
v 0.00515400 0.06711000 0.01569800
v 0.00297400 0.06717900 0.01466300
v -0.00000500 0.06720500 0.01428400
v -0.00298300 0.06717900 0.01466300
v -0.00516300 0.06711000 0.01569800
v -0.00596200 0.06701400 0.01711100
v -0.00516300 0.06833700 0.01862700
v -0.00298300 0.06815600 0.01965400
v -0.00000500 0.06808900 0.02002900
v 0.00297400 0.06815600 0.01965400
v 0.00515400 0.06833700 0.01862700
v 0.00595200 0.06858500 0.01722500
v 0.00515400 0.06883300 0.01582200
v 0.00297400 0.06901500 0.01479600
v -0.00000500 0.06908100 0.01442000
v -0.00298300 0.06901500 0.01479600
v -0.00516300 0.06883300 0.01582200
v -0.00596200 0.06858500 0.01722500
v -0.00516300 0.06969800 0.01882200
v -0.00298300 0.06939300 0.01983000
v -0.00000500 0.06928200 0.02019900
v 0.00297400 0.06939300 0.01983000
v 0.00515400 0.06969800 0.01882200
v 0.00595200 0.07011400 0.01744400
v 0.00515400 0.07053000 0.01606600
v 0.00297400 0.07083400 0.01505700
v -0.00000500 0.07094600 0.01468800
v -0.00298300 0.07083400 0.01505700
v -0.00516300 0.07053000 0.01606600
v -0.00596200 0.07011400 0.01744400
v -0.00516300 0.07099500 0.01911300
v -0.00298300 0.07055800 0.02009100
v -0.00000500 0.07039800 0.02045000
v 0.00297400 0.07055800 0.02009100
v 0.00515400 0.07099500 0.01911300
v 0.00595200 0.07159200 0.01777600
v 0.00515400 0.07218800 0.01643900
v 0.00297400 0.07262500 0.01546000
v -0.00000500 0.07278500 0.01510200
v -0.00298300 0.07262500 0.01546000
v -0.00516300 0.07218800 0.01643900
v -0.00596200 0.07159200 0.01777600
v -0.00516300 0.07222600 0.01950500
v -0.00298300 0.07165200 0.02044000
v -0.00000500 0.07144100 0.02078200
v 0.00297400 0.07165200 0.02044000
v 0.00515400 0.07222600 0.01950500
v 0.00595200 0.07301100 0.01822900
v 0.00515400 0.07379500 0.01695200
v 0.00297400 0.07437000 0.01601700
v -0.00000500 0.07458000 0.01567500
v -0.00298300 0.07437000 0.01601700
v -0.00516300 0.07379500 0.01695200
v -0.00596200 0.07301100 0.01822900
v -0.00516300 0.07339000 0.02000600
v -0.00298300 0.07267800 0.02088100
v -0.00000500 0.07241800 0.02120200
v 0.00297400 0.07267800 0.02088100
v 0.00515400 0.07339000 0.02000600
v 0.00595200 0.07436300 0.01881100
v 0.00515400 0.07533500 0.01761500
v 0.00297400 0.07604700 0.01674000
v -0.00000500 0.07630800 0.01642000
v -0.00298300 0.07604700 0.01674000
v -0.00516300 0.07533500 0.01761500
v -0.00596200 0.07436300 0.01881100
v -0.00516300 0.07448800 0.02062400
v -0.00298300 0.07364500 0.02142600
v -0.00000500 0.07333600 0.02171900
v 0.00297400 0.07364500 0.02142600
v 0.00515400 0.07448800 0.02062400
v 0.00595200 0.07564000 0.01953000
v 0.00515400 0.07679100 0.01843500
v 0.00297400 0.07763400 0.01763400
v -0.00000500 0.07794300 0.01734100
v -0.00298300 0.07763400 0.01763400
v -0.00516300 0.07679100 0.01843500
v -0.00596200 0.07564000 0.01953000
v -0.00516300 0.07552000 0.02137100
v -0.00298300 0.07455800 0.02208700
v -0.00000500 0.07420600 0.02234900
v 0.00297400 0.07455800 0.02208700
v 0.00515400 0.07552000 0.02137100
v 0.00595200 0.07683400 0.02039400
v 0.00515400 0.07814700 0.01941600
v 0.00297400 0.07910900 0.01870100
v -0.00000500 0.07946100 0.01843900
v -0.00298300 0.07910900 0.01870100
v -0.00516300 0.07814700 0.01941600
v -0.00596200 0.07683400 0.02039400
v -0.00516300 0.07648600 0.02226300
v -0.00298300 0.07542500 0.02288600
v -0.00000500 0.07503600 0.02311500
v 0.00297400 0.07542500 0.02288600
v 0.00515400 0.07648600 0.02226300
v 0.00595200 0.07793600 0.02141000
v 0.00515400 0.07938600 0.02055800
v 0.00297400 0.08044800 0.01993400
v -0.00000500 0.08083600 0.01970600
v -0.00298300 0.08044800 0.01993400
v -0.00516300 0.07938600 0.02055800
v -0.00596200 0.07793600 0.02141000
v -0.00516300 0.07738900 0.02331300
v -0.00298300 0.07625000 0.02384900
v -0.00000500 0.07583400 0.02404500
v 0.00297400 0.07625000 0.02384900
v 0.00515400 0.07738900 0.02331300
v 0.00595200 0.07894400 0.02258200
v 0.00515400 0.08049900 0.02185100
v 0.00297400 0.08163700 0.02131600
v -0.00000500 0.08205400 0.02112000
v -0.00298300 0.08163700 0.02131600
v -0.00516300 0.08049900 0.02185100
v -0.00596200 0.07894400 0.02258200
v -0.00516300 0.07822700 0.02452500
v -0.00298300 0.07703300 0.02498000
v -0.00000500 0.07659600 0.02514700
v 0.00297400 0.07703300 0.02498000
v 0.00515400 0.07822700 0.02452500
v 0.00595200 0.07985800 0.02390200
v 0.00515400 0.08148900 0.02327900
v 0.00297400 0.08268300 0.02282300
v -0.00000500 0.08312000 0.02265700
v -0.00298300 0.08268300 0.02282300
v -0.00516300 0.08148900 0.02327900
v -0.00596200 0.07985800 0.02390200
v -0.00516300 0.07899900 0.02588800
v -0.00298300 0.07776500 0.02627400
v -0.00000500 0.07731400 0.02641600
v 0.00297400 0.07776500 0.02627500
v 0.00515400 0.07899900 0.02588800
v 0.00595200 0.08068400 0.02536100
v 0.00515400 0.08236900 0.02483300
v 0.00297400 0.08360300 0.02444700
v -0.00000500 0.08405400 0.02430500
v -0.00298300 0.08360300 0.02444700
v -0.00516300 0.08236900 0.02483300
v -0.00596200 0.08068400 0.02536100
v -0.00516300 0.07970100 0.02739500
v -0.00298300 0.07843900 0.02772100
v -0.00000500 0.07797700 0.02784000
v 0.00297400 0.07843900 0.02772100
v 0.00515400 0.07970100 0.02739500
v 0.00595200 0.08142400 0.02695000
v 0.00515400 0.08314800 0.02650400
v 0.00297400 0.08441000 0.02617800
v -0.00000500 0.08487200 0.02605900
v -0.00298300 0.08441000 0.02617800
v -0.00516300 0.08314800 0.02650400
v -0.00596200 0.08142400 0.02695000
v -0.00516300 0.08033200 0.02903500
v -0.00298300 0.07905000 0.02930800
v -0.00000500 0.07858000 0.02940900
v 0.00297400 0.07905000 0.02930800
v 0.00515400 0.08033200 0.02903500
v 0.00595200 0.08208300 0.02866000
v 0.00515400 0.08383500 0.02828600
v 0.00297400 0.08511700 0.02801200
v -0.00000500 0.08558600 0.02791200
v -0.00298300 0.08511700 0.02801200
v -0.00516300 0.08383500 0.02828600
v -0.00596200 0.08208300 0.02866000
v -0.00516300 0.08089300 0.03079700
v -0.00298300 0.07959600 0.03102600
v -0.00000500 0.07912200 0.03110900
v 0.00297400 0.07959600 0.03102600
v 0.00515400 0.08089300 0.03079700
v 0.00595200 0.08266400 0.03048400
v 0.00515400 0.08443600 0.03017100
v 0.00297400 0.08573200 0.02994200
v -0.00000500 0.08620700 0.02985900
v -0.00298300 0.08573200 0.02994200
v -0.00516300 0.08443600 0.03017100
v -0.00596200 0.08266400 0.03048400
v -0.00516300 0.08138600 0.03267100
v -0.00298300 0.08007900 0.03286100
v -0.00000500 0.07960000 0.03293100
v 0.00297400 0.08007900 0.03286100
v 0.00515400 0.08138600 0.03267100
v 0.00595200 0.08317100 0.03241200
v 0.00515400 0.08495600 0.03215200
v 0.00297400 0.08626300 0.03196200
v -0.00000500 0.08674200 0.03189300
v -0.00298300 0.08626300 0.03196200
v -0.00516300 0.08495600 0.03215200
v -0.00596200 0.08317100 0.03241200
v -0.00516300 0.08181200 0.03464800
v -0.00298300 0.08049700 0.03480400
v -0.00000500 0.08001600 0.03486100
v 0.00297400 0.08049700 0.03480400
v 0.00515400 0.08181200 0.03464800
v 0.00595200 0.08360700 0.03443500
v 0.00515400 0.08540300 0.03422200
v 0.00297400 0.08671700 0.03406600
v -0.00000500 0.08719800 0.03400900
v -0.00298300 0.08671700 0.03406600
v -0.00516300 0.08540300 0.03422200
v -0.00596200 0.08360700 0.03443500
v -0.00516300 0.08217400 0.03671700
v -0.00298300 0.08085400 0.03684400
v -0.00000500 0.08037100 0.03689000
v 0.00297400 0.08085400 0.03684400
v 0.00515400 0.08217400 0.03671700
v 0.00595200 0.08397700 0.03654500
v 0.00515400 0.08577900 0.03637300
v 0.00297400 0.08709900 0.03624600
v -0.00000500 0.08758200 0.03620000
v -0.00298300 0.08709900 0.03624600
v -0.00516300 0.08577900 0.03637300
v -0.00596200 0.08397700 0.03654500
v -0.00516300 0.08247500 0.03887000
v -0.00298300 0.08115200 0.03897000
v -0.00000500 0.08066700 0.03900700
v 0.00297400 0.08115200 0.03897000
v 0.00515400 0.08247500 0.03887000
v 0.00595200 0.08428300 0.03873300
v 0.00515400 0.08609000 0.03859600
v 0.00297400 0.08741300 0.03849600
v -0.00000500 0.08789800 0.03845900
v -0.00298300 0.08741300 0.03849600
v -0.00516300 0.08609000 0.03859600
v -0.00596200 0.08428300 0.03873300
v -0.00516300 0.08271800 0.04109600
v -0.00298300 0.08139200 0.04117300
v -0.00000500 0.08090700 0.04120100
v 0.00297400 0.08139200 0.04117300
v 0.00515400 0.08271800 0.04109600
v 0.00595200 0.08452900 0.04099000
v 0.00515400 0.08634000 0.04088500
v 0.00297400 0.08766600 0.04080800
v -0.00000500 0.08815100 0.04078000
v -0.00298300 0.08766600 0.04080800
v -0.00516300 0.08634000 0.04088500
v -0.00596200 0.08452900 0.04099000
v -0.00516300 0.08290700 0.04338600
v -0.00298300 0.08157900 0.04344200
v -0.00000500 0.08109300 0.04346300
v 0.00297400 0.08157900 0.04344200
v 0.00515400 0.08290700 0.04338600
v 0.00595200 0.08472000 0.04330800
v 0.00515400 0.08653300 0.04323100
v 0.00297400 0.08786100 0.04317400
v -0.00000500 0.08834700 0.04315300
v -0.00298300 0.08786100 0.04317400
v -0.00516300 0.08653300 0.04323100
v -0.00596200 0.08472000 0.04330800
v -0.00516300 0.08304400 0.04573100
v -0.00298300 0.08171500 0.04576900
v -0.00000500 0.08122900 0.04578400
v 0.00297400 0.08171500 0.04576900
v 0.00515400 0.08304400 0.04573100
v 0.00595200 0.08485900 0.04567800
v 0.00515400 0.08667300 0.04562500
v 0.00297400 0.08800200 0.04558600
v -0.00000500 0.08848800 0.04557200
v -0.00298300 0.08800200 0.04558600
v -0.00516300 0.08667300 0.04562500
v -0.00596200 0.08485900 0.04567800
v -0.00516300 0.08313300 0.04812200
v -0.00298300 0.08180400 0.04814400
v -0.00000500 0.08131700 0.04815200
v 0.00297400 0.08180400 0.04814400
v 0.00515400 0.08313300 0.04812200
v 0.00595200 0.08494900 0.04809100
v 0.00515400 0.08676400 0.04806000
v 0.00297400 0.08809300 0.04803700
v -0.00000500 0.08858000 0.04802900
v -0.00298300 0.08809300 0.04803700
v -0.00516300 0.08676400 0.04806000
v -0.00596200 0.08494900 0.04809100
v -0.00516300 0.08317800 0.05054900
v -0.00298300 0.08184800 0.05055700
v -0.00000500 0.08136200 0.05056000
v 0.00297400 0.08184800 0.05055700
v 0.00515400 0.08317800 0.05054900
v 0.00595200 0.08499400 0.05053800
v 0.00515400 0.08681000 0.05052700
v 0.00297400 0.08813900 0.05051900
v -0.00000500 0.08862600 0.05051600
v -0.00298300 0.08813900 0.05051900
v -0.00516300 0.08681000 0.05052700
v -0.00596200 0.08499400 0.05053800
v -0.00516300 0.08318200 0.05300500
v -0.00298300 0.08185300 0.05300000
v -0.00000500 0.08136600 0.05299800
v 0.00297400 0.08185300 0.05300000
v 0.00515400 0.08318200 0.05300500
v 0.00595200 0.08499800 0.05301100
v 0.00515400 0.08681400 0.05301800
v 0.00297400 0.08814400 0.05302200
v -0.00000500 0.08863000 0.05302400
v -0.00298300 0.08814400 0.05302200
v -0.00516300 0.08681400 0.05301800
v -0.00596200 0.08499800 0.05301100
v -0.00516300 0.08314900 0.05547900
v -0.00298300 0.08182000 0.05546300
v -0.00000500 0.08133300 0.05545700
v 0.00297400 0.08182000 0.05546300
v 0.00515400 0.08314900 0.05547900
v 0.00595200 0.08496500 0.05550100
v 0.00515400 0.08678100 0.05552300
v 0.00297400 0.08811000 0.05554000
v -0.00000500 0.08859700 0.05554600
v -0.00298300 0.08811000 0.05554000
v -0.00516300 0.08678100 0.05552300
v -0.00596200 0.08496500 0.05550100
v -0.00516300 0.08308200 0.05796200
v -0.00298300 0.08175300 0.05793500
v -0.00000500 0.08126700 0.05792500
v 0.00297400 0.08175300 0.05793500
v 0.00515400 0.08308200 0.05796200
v 0.00595200 0.08489800 0.05799900
v 0.00515400 0.08671300 0.05803700
v 0.00297400 0.08804200 0.05806400
v -0.00000500 0.08852900 0.05807400
v -0.00298300 0.08804200 0.05806400
v -0.00516300 0.08671300 0.05803700
v -0.00596200 0.08489800 0.05799900
v -0.00516300 0.08298200 0.06044400
v -0.00298300 0.08165400 0.06040600
v -0.00000500 0.08116700 0.06039200
v 0.00297400 0.08165400 0.06040600
v 0.00515400 0.08298200 0.06044400
v 0.00595200 0.08479700 0.06049700
v 0.00515400 0.08661200 0.06054900
v 0.00297400 0.08794000 0.06058800
v -0.00000500 0.08842700 0.06060200
v -0.00298300 0.08794000 0.06058800
v -0.00516300 0.08661200 0.06054900
v -0.00596200 0.08479700 0.06049700
v -0.00516300 0.08284600 0.06291400
v -0.00298300 0.08151900 0.06286300
v -0.00000500 0.08103300 0.06284400
v 0.00297400 0.08151900 0.06286300
v 0.00515400 0.08284600 0.06291400
v 0.00595200 0.08466000 0.06298300
v 0.00515400 0.08647400 0.06305300
v 0.00297400 0.08780200 0.06310400
v -0.00000500 0.08828800 0.06312200
v -0.00298300 0.08780200 0.06310400
v -0.00516300 0.08647400 0.06305300
v -0.00596200 0.08466000 0.06298300
v -0.00516300 0.08267200 0.06536100
v -0.00298300 0.08134500 0.06529600
v -0.00000500 0.08086000 0.06527300
v 0.00297400 0.08134500 0.06529600
v 0.00515400 0.08267200 0.06536100
v 0.00595200 0.08448500 0.06544900
v 0.00515400 0.08629700 0.06553800
v 0.00297400 0.08762400 0.06560200
v -0.00000500 0.08811000 0.06562600
v -0.00298300 0.08762400 0.06560200
v -0.00516300 0.08629700 0.06553800
v -0.00596200 0.08448500 0.06544900
v -0.00516300 0.08245700 0.06777600
v -0.00298300 0.08113100 0.06769600
v -0.00000500 0.08064600 0.06766700
v 0.00297400 0.08113100 0.06769600
v 0.00515400 0.08245700 0.06777600
v 0.00595200 0.08426700 0.06788500
v 0.00515400 0.08607800 0.06799400
v 0.00297400 0.08740300 0.06807400
v -0.00000500 0.08788900 0.06810400
v -0.00298300 0.08740300 0.06807400
v -0.00516300 0.08607800 0.06799400
v -0.00596200 0.08426700 0.06788500
v -0.00516300 0.08219700 0.07014900
v -0.00298300 0.08087400 0.07005200
v -0.00000500 0.08038900 0.07001600
v 0.00297400 0.08087400 0.07005200
v 0.00515400 0.08219700 0.07014900
v 0.00595200 0.08400500 0.07028100
v 0.00515400 0.08581300 0.07041400
v 0.00297400 0.08713700 0.07051000
v -0.00000500 0.08762200 0.07054600
v -0.00298300 0.08713700 0.07051000
v -0.00516300 0.08581300 0.07041400
v -0.00596200 0.08400500 0.07028100
v -0.00516300 0.08189100 0.07246900
v -0.00298300 0.08057000 0.07235300
v -0.00000500 0.08008700 0.07231000
v 0.00297400 0.08057000 0.07235300
v 0.00515400 0.08189100 0.07246900
v 0.00595200 0.08369600 0.07262700
v 0.00515400 0.08550100 0.07278600
v 0.00297400 0.08682200 0.07290200
v -0.00000500 0.08730500 0.07294400
v -0.00298300 0.08682200 0.07290200
v -0.00516300 0.08550100 0.07278600
v -0.00596200 0.08369600 0.07262700
v -0.00516300 0.08153700 0.07472600
v -0.00298300 0.08021900 0.07458900
v -0.00000500 0.07973700 0.07453800
v 0.00297400 0.08021900 0.07458900
v 0.00515400 0.08153700 0.07472600
v 0.00595200 0.08333700 0.07491400
v 0.00515400 0.08513700 0.07510100
v 0.00297400 0.08645500 0.07523900
v -0.00000500 0.08693700 0.07528900
v -0.00298300 0.08645500 0.07523900
v -0.00516300 0.08513700 0.07510100
v -0.00596200 0.08333700 0.07491400
v -0.00516300 0.08113000 0.07691000
v -0.00298300 0.07981700 0.07674900
v -0.00000500 0.07933700 0.07669000
v 0.00297400 0.07981700 0.07674900
v 0.00515400 0.08113000 0.07691000
v 0.00595200 0.08292400 0.07713100
v 0.00515400 0.08471800 0.07735100
v 0.00297400 0.08603200 0.07751300
v -0.00000500 0.08651200 0.07757200
v -0.00298300 0.08603200 0.07751300
v -0.00516300 0.08471800 0.07735100
v -0.00596200 0.08292400 0.07713100
v -0.00516300 0.08067100 0.07901100
v -0.00298300 0.07936300 0.07882200
v -0.00000500 0.07888500 0.07875300
v 0.00297400 0.07936300 0.07882200
v 0.00515400 0.08067100 0.07901100
v 0.00595200 0.08245600 0.07926900
v 0.00515400 0.08424200 0.07952700
v 0.00297400 0.08554900 0.07971600
v -0.00000500 0.08602800 0.07978500
v -0.00298300 0.08554900 0.07971600
v -0.00516300 0.08424200 0.07952700
v -0.00596200 0.08245600 0.07926900
v -0.00516300 0.08015500 0.08101800
v -0.00298300 0.07885600 0.08079700
v -0.00000500 0.07838100 0.08071700
v 0.00297400 0.07885600 0.08079700
v 0.00515400 0.08015500 0.08101800
v 0.00595200 0.08193000 0.08131900
v 0.00515400 0.08370400 0.08161900
v 0.00297400 0.08500300 0.08184000
v -0.00000500 0.08547900 0.08192000
v -0.00298300 0.08500300 0.08184000
v -0.00516300 0.08370400 0.08161900
v -0.00596200 0.08193000 0.08131900
v -0.00516300 0.07958200 0.08291900
v -0.00298300 0.07829400 0.08266300
v -0.00000500 0.07782300 0.08256900
v 0.00297400 0.07829400 0.08266300
v 0.00515400 0.07958200 0.08291900
v 0.00595200 0.08134200 0.08326900
v 0.00515400 0.08310200 0.08361900
v 0.00297400 0.08439000 0.08387600
v -0.00000500 0.08486100 0.08397000
v -0.00298300 0.08439000 0.08387600
v -0.00516300 0.08310200 0.08361900
v -0.00596200 0.08134200 0.08326900
v -0.00516300 0.07895000 0.08470500
v -0.00298300 0.07767700 0.08440700
v -0.00000500 0.07721100 0.08429800
v 0.00297400 0.07767700 0.08440700
v 0.00515400 0.07895000 0.08470500
v 0.00595200 0.08069000 0.08511200
v 0.00515400 0.08242900 0.08551900
v 0.00297400 0.08370300 0.08581700
v -0.00000500 0.08416900 0.08592600
v -0.00298300 0.08370300 0.08581700
v -0.00516300 0.08242900 0.08551900
v -0.00596200 0.08069000 0.08511200
v -0.00516300 0.07825900 0.08636300
v -0.00298300 0.07700600 0.08601700
v -0.00000500 0.07654800 0.08589000
v 0.00297400 0.07700600 0.08601700
v 0.00515400 0.07825900 0.08636300
v 0.00595200 0.07997100 0.08683600
v 0.00515400 0.08168300 0.08731000
v 0.00297400 0.08293600 0.08765600
v -0.00000500 0.08339400 0.08778300
v -0.00298300 0.08293600 0.08765600
v -0.00516300 0.08168300 0.08731000
v -0.00596200 0.07997100 0.08683600
v -0.00516300 0.07750900 0.08788300
v -0.00298300 0.07628400 0.08748000
v -0.00000500 0.07583600 0.08733200
v 0.00297400 0.07628400 0.08748000
v 0.00515400 0.07750900 0.08788300
v 0.00595200 0.07918200 0.08843300
v 0.00515400 0.08085500 0.08898300
v 0.00297400 0.08208000 0.08938600
v -0.00000500 0.08252900 0.08953400
v -0.00298300 0.08208000 0.08938600
v -0.00516300 0.08085500 0.08898300
v -0.00596200 0.07918200 0.08843300
v -0.00516300 0.07670200 0.08925100
v -0.00298300 0.07551600 0.08878300
v -0.00000500 0.07508200 0.08861100
v 0.00297400 0.07551600 0.08878300
v 0.00515400 0.07670200 0.08925100
v 0.00595200 0.07832100 0.08989200
v 0.00515400 0.07994100 0.09053200
v 0.00297400 0.08112600 0.09100100
v -0.00000500 0.08156000 0.09117300
v -0.00298300 0.08112600 0.09100100
v -0.00516300 0.07994100 0.09053200
v -0.00596200 0.07832100 0.08989200
v -0.00516300 0.07584000 0.09045900
v -0.00298300 0.07471000 0.08991300
v -0.00000500 0.07429600 0.08971400
v 0.00297400 0.07471000 0.08991300
v 0.00515400 0.07584000 0.09045900
v 0.00595200 0.07738500 0.09120400
v 0.00515400 0.07892900 0.09194900
v 0.00297400 0.08005900 0.09249400
v -0.00000500 0.08047300 0.09269400
v -0.00298300 0.08005900 0.09249400
v -0.00516300 0.07892900 0.09194900
v -0.00596200 0.07738500 0.09120400
v -0.00516300 0.07493100 0.09149400
v -0.00298300 0.07387800 0.09086200
v -0.00000500 0.07349200 0.09063100
v 0.00297400 0.07387800 0.09086200
v 0.00515400 0.07493100 0.09149400
v 0.00595200 0.07637000 0.09235800
v 0.00515400 0.07780900 0.09322200
v 0.00297400 0.07886200 0.09385400
v -0.00000500 0.07924800 0.09408600
v -0.00298300 0.07886200 0.09385400
v -0.00516300 0.07780900 0.09322200
v -0.00596200 0.07637000 0.09235800
v -0.00516300 0.07397600 0.09235800
v -0.00298300 0.07302400 0.09163400
v -0.00000500 0.07267600 0.09136900
v 0.00297400 0.07302400 0.09163400
v 0.00515400 0.07397600 0.09235800
v 0.00595200 0.07527500 0.09334700
v 0.00515400 0.07657400 0.09433600
v 0.00297400 0.07752600 0.09506000
v -0.00000500 0.07787400 0.09532500
v -0.00298300 0.07752600 0.09506000
v -0.00516300 0.07657400 0.09433600
v -0.00596200 0.07527500 0.09334700
v -0.00516300 0.07297400 0.09306600
v -0.00298300 0.07214600 0.09225400
v -0.00000500 0.07184300 0.09195800
v 0.00297400 0.07214600 0.09225400
v 0.00515400 0.07297400 0.09306600
v 0.00595200 0.07410400 0.09417300
v 0.00515400 0.07523400 0.09528100
v 0.00297400 0.07606200 0.09609200
v -0.00000500 0.07636500 0.09638900
v -0.00298300 0.07606200 0.09609200
v -0.00516300 0.07523400 0.09528100
v -0.00596200 0.07410400 0.09417300
v -0.00516300 0.07192500 0.09363500
v -0.00298300 0.07123700 0.09274800
v -0.00000500 0.07098500 0.09242300
v 0.00297400 0.07123700 0.09274800
v 0.00515400 0.07192500 0.09363500
v 0.00595200 0.07286400 0.09484600
v 0.00515400 0.07380400 0.09605700
v 0.00297400 0.07449100 0.09694400
v -0.00000500 0.07474300 0.09726900
v -0.00298300 0.07449100 0.09694400
v -0.00516300 0.07380400 0.09605700
v -0.00596200 0.07286400 0.09484600
v -0.00516300 0.07082700 0.09407900
v -0.00298300 0.07028800 0.09313200
v -0.00000500 0.07009100 0.09278500
v 0.00297400 0.07028800 0.09313200
v 0.00515400 0.07082700 0.09407900
v 0.00595200 0.07156200 0.09537400
v 0.00515400 0.07229800 0.09666800
v 0.00297400 0.07283700 0.09761500
v -0.00000500 0.07303400 0.09796200
v -0.00298300 0.07283700 0.09761500
v -0.00516300 0.07229800 0.09666800
v -0.00596200 0.07156200 0.09537400
v -0.00516300 0.06967700 0.09441100
v -0.00298300 0.06928900 0.09342000
v -0.00000500 0.06914700 0.09305700
v 0.00297400 0.06928900 0.09342000
v 0.00515400 0.06967700 0.09441100
v 0.00595200 0.07020600 0.09576500
v 0.00515400 0.07073600 0.09711900
v 0.00297400 0.07112300 0.09811000
v -0.00000500 0.07126500 0.09847300
v -0.00298300 0.07112300 0.09811000
v -0.00516300 0.07073600 0.09711900
v -0.00596200 0.07020600 0.09576500
v -0.00516300 0.06847300 0.09463700
v -0.00298300 0.06823100 0.09361800
v -0.00000500 0.06814200 0.09324500
v 0.00297400 0.06823100 0.09361800
v 0.00515400 0.06847300 0.09463700
v 0.00595200 0.06880300 0.09602900
v 0.00515400 0.06913400 0.09742100
v 0.00297400 0.06937500 0.09844000
v -0.00000500 0.06946400 0.09881300
v -0.00298300 0.06937500 0.09844000
v -0.00516300 0.06913400 0.09742100
v -0.00596200 0.06880300 0.09602900
v -0.00516300 0.06721400 0.09476400
v -0.00298300 0.06710800 0.09373100
v -0.00000500 0.06706900 0.09335300
v 0.00297400 0.06710800 0.09373100
v 0.00515400 0.06721400 0.09476400
v 0.00595200 0.06736000 0.09617500
v 0.00515400 0.06750600 0.09758600
v 0.00297400 0.06761200 0.09861900
v -0.00000500 0.06765100 0.09899700
v -0.00298300 0.06761200 0.09861900
v -0.00516300 0.06750600 0.09758600
v -0.00596200 0.06736000 0.09617500
v -0.00516300 0.06590500 0.09479600
v -0.00298300 0.06592100 0.09376000
v -0.00000500 0.06592700 0.09338000
v 0.00297400 0.06592100 0.09376000
v 0.00515400 0.06590500 0.09479600
v 0.00595200 0.06588400 0.09621100
v 0.00515400 0.06586300 0.09762700
v 0.00297400 0.06584700 0.09866300
v -0.00000500 0.06584200 0.09904200
v -0.00298300 0.06584700 0.09866300
v -0.00516300 0.06586300 0.09762700
v -0.00596200 0.06588400 0.09621100
v -0.00516300 0.06455200 0.09473800
v -0.00298300 0.06467500 0.09370600
v -0.00000500 0.06472000 0.09332800
v 0.00297400 0.06467500 0.09370600
v 0.00515400 0.06455200 0.09473800
v 0.00595200 0.06438300 0.09614700
v 0.00515400 0.06421400 0.09755600
v 0.00297400 0.06409100 0.09858800
v -0.00000500 0.06404600 0.09896600
v -0.00298300 0.06409100 0.09858800
v -0.00516300 0.06421400 0.09755600
v -0.00596200 0.06438300 0.09614700
v -0.00516300 0.06316100 0.09459400
v -0.00298300 0.06337900 0.09357200
v -0.00000500 0.06345900 0.09319800
v 0.00297400 0.06337900 0.09357200
v 0.00515400 0.06316100 0.09459400
v 0.00595200 0.06286400 0.09599100
v 0.00515400 0.06256600 0.09738700
v 0.00297400 0.06234900 0.09841000
v -0.00000500 0.06226900 0.09878400
v -0.00298300 0.06234900 0.09841000
v -0.00516300 0.06256600 0.09738700
v -0.00596200 0.06286400 0.09599100
v -0.00516300 0.06174200 0.09437200
v -0.00298300 0.06204200 0.09336300
v -0.00000500 0.06215100 0.09299300
v 0.00297400 0.06204200 0.09336300
v 0.00515400 0.06174200 0.09437200
v 0.00595200 0.06133300 0.09575200
v 0.00515400 0.06092500 0.09713100
v 0.00297400 0.06062500 0.09814100
v -0.00000500 0.06051600 0.09851000
v -0.00298300 0.06062500 0.09814100
v -0.00516300 0.06092500 0.09713100
v -0.00596200 0.06133300 0.09575200
v -0.00516300 0.06030500 0.09407900
v -0.00298300 0.06067400 0.09308300
v -0.00000500 0.06081000 0.09271900
v 0.00297400 0.06067400 0.09308300
v 0.00515400 0.06030500 0.09407900
v 0.00595200 0.05980000 0.09543800
v 0.00515400 0.05929500 0.09679800
v 0.00297400 0.05892500 0.09779400
v -0.00000500 0.05879000 0.09815800
v -0.00298300 0.05892500 0.09779400
v -0.00516300 0.05929500 0.09679800
v -0.00596200 0.05980000 0.09543800
v -0.00516300 0.05885700 0.09372100
v -0.00298300 0.05928800 0.09274000
v -0.00000500 0.05944500 0.09238100
v 0.00297400 0.05928800 0.09274000
v 0.00515400 0.05885700 0.09372100
v 0.00595200 0.05826900 0.09506000
v 0.00515400 0.05768200 0.09639900
v 0.00297400 0.05725100 0.09738000
v -0.00000500 0.05709400 0.09773900
v -0.00298300 0.05725100 0.09738000
v -0.00516300 0.05768200 0.09639900
v -0.00596200 0.05826900 0.09506000
v -0.00516300 0.05740900 0.09330600
v -0.00298300 0.05789200 0.09234000
v -0.00000500 0.05806900 0.09198700
v 0.00297400 0.05789200 0.09234000
v 0.00515400 0.05740900 0.09330600
v 0.00595200 0.05675000 0.09462500
v 0.00515400 0.05609100 0.09594400
v 0.00297400 0.05560800 0.09691000
v -0.00000500 0.05543200 0.09726300
v -0.00298300 0.05560800 0.09691000
v -0.00516300 0.05609100 0.09594400
v -0.00596200 0.05675000 0.09462500
v -0.00542500 0.05547800 0.09238500
v -0.00336300 0.05593100 0.09160800
v -0.00000500 0.05612700 0.09132400
v 0.00335400 0.05593100 0.09160800
v 0.00547300 0.05547000 0.09238500
v 0.00611900 0.05491100 0.09412100
v 0.00547300 0.05435200 0.09587200
v 0.00335400 0.05399600 0.09664800
v -0.00000500 0.05389200 0.09693200
v -0.00336300 0.05399600 0.09664800
v -0.00542500 0.05436100 0.09587200
v -0.00607200 0.05492000 0.09412900
v -0.00570200 0.05391100 0.09156200
v -0.00376600 0.05431700 0.09098100
v -0.00000500 0.05452800 0.09076900
v 0.00375700 0.05431700 0.09098100
v 0.00581000 0.05389300 0.09156200
v 0.00629600 0.05346200 0.09374700
v 0.00581000 0.05303100 0.09596300
v 0.00375700 0.05282300 0.09654400
v -0.00000500 0.05280300 0.09675600
v -0.00376600 0.05282300 0.09654400
v -0.00570200 0.05304800 0.09596300
v -0.00618800 0.05347900 0.09376400
v -0.00608400 0.05211900 0.09054900
v -0.00432100 0.05244900 0.09023500
v -0.00000500 0.05267700 0.09011900
v 0.00431100 0.05244900 0.09023500
v 0.00627500 0.05208900 0.09054900
v 0.00654000 0.05184800 0.09335800
v 0.00627500 0.05160800 0.09622000
v 0.00431100 0.05161600 0.09653400
v -0.00000500 0.05171500 0.09664900
v -0.00432100 0.05161600 0.09653400
v -0.00608400 0.05163700 0.09622000
v -0.00634900 0.05187800 0.09338700
v -0.00498400 0.05054100 0.08859000
v -0.00498400 0.05054100 0.08859000
v -0.00498400 0.05054100 0.08859000
v 0.00497500 0.05054100 0.08859000
v 0.00497500 0.05054100 0.08859000
v 0.00497500 0.05054100 0.08859000
v 0.00683100 0.05026500 0.08903700
v 0.00683100 0.05026500 0.08903700
v 0.00683100 0.05026500 0.09301200
v 0.00683100 0.05026500 0.09665000
v 0.00683100 0.05026500 0.09665000
v 0.00497500 0.05054100 0.09788400
v 0.00497500 0.05054100 0.09788400
v 0.00497500 0.05054100 0.09788400
v -0.00498400 0.05054100 0.09764200
v -0.00498400 0.05054100 0.09764200
v -0.00498400 0.05054100 0.09764200
v -0.00654100 0.05031000 0.09713300
v -0.00654100 0.05031000 0.09713300
v -0.00654100 0.05031000 0.09305600
v 0.04636400 -0.00001400 0.00403900
v 0.04636400 -0.00001400 0.00403900
v 0.04614000 -0.00455900 0.00403900
v 0.04547300 -0.00906000 0.00403900
v 0.04436700 -0.01347400 0.00403900
v 0.04283400 -0.01775900 0.00403900
v 0.04088900 -0.02187200 0.00403900
v 0.03854900 -0.02577500 0.00403900
v 0.03583900 -0.02943000 0.00403900
v 0.03278300 -0.03280200 0.00403900
v 0.02941100 -0.03585800 0.00403900
v 0.02575600 -0.03856800 0.00403900
v 0.02185300 -0.04090800 0.00403900
v 0.01774000 -0.04285300 0.00403900
v 0.01345500 -0.04438600 0.00403900
v 0.00904100 -0.04549200 0.00403900
v 0.00454000 -0.04615900 0.00403900
v -0.00000500 -0.04638300 0.00403900
v -0.00454900 -0.04615900 0.00403900
v -0.00905100 -0.04549200 0.00403900
v -0.01346500 -0.04438600 0.00403900
v -0.01774900 -0.04285300 0.00403900
v -0.02186200 -0.04090800 0.00403900
v -0.02576500 -0.03856800 0.00403900
v -0.02942000 -0.03585800 0.00403900
v -0.03279200 -0.03280200 0.00403900
v -0.03584800 -0.02943000 0.00403900
v -0.03855800 -0.02577500 0.00403900
v -0.04089800 -0.02187200 0.00403900
v -0.04284300 -0.01775900 0.00403900
v -0.04437600 -0.01347400 0.00403900
v -0.04548200 -0.00906000 0.00403900
v -0.04614900 -0.00455900 0.00403900
v -0.04637300 -0.00001400 0.00403900
v -0.04614900 0.00453000 0.00403900
v -0.04548200 0.00903200 0.00403900
v -0.04437600 0.01344600 0.00403900
v -0.04284300 0.01773000 0.00403900
v -0.04089800 0.02184300 0.00403900
v -0.03855800 0.02574600 0.00403900
v -0.03584800 0.02940100 0.00403900
v -0.03279200 0.03277300 0.00403900
v -0.02942000 0.03582900 0.00403900
v -0.02576500 0.03853900 0.00403900
v -0.02186200 0.04087900 0.00403900
v -0.01774900 0.04282400 0.00403900
v -0.01346400 0.04435700 0.00403900
v -0.00597100 0.04592000 0.00403900
v -0.00454900 0.04613000 0.00403900
v -0.00000500 0.04635400 0.00403900
v 0.00454000 0.04613000 0.00403900
v 0.00623500 0.04587900 0.00403900
v 0.01345500 0.04435700 0.00403900
v 0.01774000 0.04282400 0.00403900
v 0.02185300 0.04087900 0.00403900
v 0.02575600 0.03853900 0.00403900
v 0.02941100 0.03582900 0.00403900
v 0.03278300 0.03277300 0.00403900
v 0.03583900 0.02940100 0.00403900
v 0.03854900 0.02574600 0.00403900
v 0.04088900 0.02184300 0.00403900
v 0.04283400 0.01773000 0.00403900
v 0.04436700 0.01344600 0.00403900
v 0.04547300 0.00903200 0.00403900
v 0.04614000 0.00453100 0.00403900
v 0.04915900 -0.00001400 0.00000000
v 0.04915900 -0.00001400 0.00000000
v 0.05079500 -0.00001400 0.00163500
v 0.05079500 -0.00001400 0.00163500
v 0.05079500 -0.00001400 0.00163500
v 0.04997700 -0.00001400 0.00021900
v 0.04997700 -0.00001400 0.00021900
v 0.05057600 -0.00001400 0.00081700
v 0.05057600 -0.00001400 0.00081700
v 0.05055100 -0.00499400 0.00163500
v 0.05055100 -0.00499400 0.00163500
v 0.05055100 -0.00499400 0.00163500
v 0.04892200 -0.00483300 0.00000000
v 0.05033300 -0.00497200 0.00081700
v 0.04973600 -0.00491400 0.00021900
v 0.04981900 -0.00992500 0.00163500
v 0.04981900 -0.00992500 0.00163500
v 0.04981900 -0.00992500 0.00163500
v 0.04821400 -0.00960600 0.00000000
v 0.04960400 -0.00988200 0.00081700
v 0.04901700 -0.00976500 0.00021900
v 0.04860800 -0.01476100 0.00163500
v 0.04860800 -0.01476100 0.00163500
v 0.04860800 -0.01476100 0.00163500
v 0.04704200 -0.01428600 0.00000000
v 0.04839800 -0.01469700 0.00081700
v 0.04782500 -0.01452300 0.00021900
v 0.04692900 -0.01945500 0.00163500
v 0.04692900 -0.01945500 0.00163500
v 0.04692900 -0.01945500 0.00163500
v 0.04541600 -0.01882800 0.00000000
v 0.04672600 -0.01937100 0.00081700
v 0.04617200 -0.01914200 0.00021900
v 0.04479700 -0.02396100 0.00163500
v 0.04479700 -0.02396100 0.00163500
v 0.04479700 -0.02396100 0.00163500
v 0.04335300 -0.02319000 0.00000000
v 0.04335300 -0.02319000 0.00000000
v 0.04460400 -0.02385800 0.00081700
v 0.04407500 -0.02357600 0.00021900
v 0.04223400 -0.02823700 0.00163500
v 0.04223400 -0.02823700 0.00163500
v 0.04223400 -0.02823700 0.00163500
v 0.04223400 -0.02823700 0.00163500
v 0.04087300 -0.02732800 0.00000000
v 0.04087300 -0.02732800 0.00000000
v 0.04205200 -0.02811600 0.00081700
v 0.04155400 -0.02778300 0.00021900
v 0.03926400 -0.03224200 0.00163500
v 0.03926400 -0.03224200 0.00163500
v 0.03926400 -0.03224200 0.00163500
v 0.03799900 -0.03120300 0.00000000
v 0.03909500 -0.03210300 0.00081700
v 0.03863200 -0.03172200 0.00021900
v 0.03591600 -0.03593600 0.00163500
v 0.03591600 -0.03593600 0.00163500
v 0.03591600 -0.03593600 0.00163500
v 0.03475900 -0.03477800 0.00000000
v 0.03576100 -0.03578000 0.00081700
v 0.03533800 -0.03535700 0.00021900
v 0.03222300 -0.03928300 0.00163500
v 0.03222300 -0.03928300 0.00163500
v 0.03222300 -0.03928300 0.00163500
v 0.03118400 -0.03801800 0.00000000
v 0.03208400 -0.03911400 0.00081700
v 0.03170300 -0.03865100 0.00021900
v 0.02821800 -0.04225300 0.00163500
v 0.02821800 -0.04225300 0.00163500
v 0.02821800 -0.04225300 0.00163500
v 0.02730900 -0.04089200 0.00000000
v 0.02809700 -0.04207100 0.00081700
v 0.02776400 -0.04157300 0.00021900
v 0.02394200 -0.04481600 0.00163500
v 0.02394200 -0.04481600 0.00163500
v 0.02394200 -0.04481600 0.00163500
v 0.02317100 -0.04337200 0.00000000
v 0.02317100 -0.04337200 0.00000000
v 0.02383900 -0.04462300 0.00081700
v 0.02355700 -0.04409400 0.00021900
v 0.01943600 -0.04694800 0.00163500
v 0.01943600 -0.04694800 0.00163500
v 0.01943600 -0.04694800 0.00163500
v 0.01880900 -0.04543500 0.00000000
v 0.01880900 -0.04543500 0.00000000
v 0.01935200 -0.04674500 0.00081700
v 0.01912300 -0.04619100 0.00021900
v 0.01474200 -0.04862700 0.00163500
v 0.01474200 -0.04862700 0.00163500
v 0.01474200 -0.04862700 0.00163500
v 0.01426700 -0.04706100 0.00000000
v 0.01467800 -0.04841700 0.00081700
v 0.01450400 -0.04784400 0.00021900
v 0.00990600 -0.04983800 0.00163500
v 0.00990600 -0.04983800 0.00163500
v 0.00990600 -0.04983800 0.00163500
v 0.00958700 -0.04823300 0.00000000
v 0.00986300 -0.04962300 0.00081700
v 0.00974600 -0.04903600 0.00021900
v 0.00497500 -0.05057000 0.00163500
v 0.00497500 -0.05057000 0.00163500
v 0.00497500 -0.05057000 0.00163500
v 0.00481400 -0.04894100 0.00000000
v 0.00481400 -0.04894100 0.00000000
v 0.00495300 -0.05035200 0.00081700
v 0.00489500 -0.04975500 0.00021900
v -0.00000500 -0.05081400 0.00163500
v -0.00000500 -0.05081400 0.00163500
v -0.00000500 -0.05081400 0.00163500
v -0.00000500 -0.04917800 0.00000000
v -0.00000500 -0.05059500 0.00081700
v -0.00000500 -0.04999600 0.00021900
v -0.00498400 -0.05057000 0.00163500
v -0.00498400 -0.05057000 0.00163500
v -0.00498400 -0.05057000 0.00163500
v -0.00482300 -0.04894100 0.00000000
v -0.00496200 -0.05035200 0.00081700
v -0.00490400 -0.04975500 0.00021900
v -0.00991500 -0.04983800 0.00163500
v -0.00991500 -0.04983800 0.00163500
v -0.00991500 -0.04983800 0.00163500
v -0.00959600 -0.04823300 0.00000000
v -0.00987200 -0.04962300 0.00081700
v -0.00975500 -0.04903600 0.00021900
v -0.01475100 -0.04862700 0.00163500
v -0.01475100 -0.04862700 0.00163500
v -0.01475100 -0.04862700 0.00163500
v -0.01427600 -0.04706100 0.00000000
v -0.01468700 -0.04841700 0.00081700
v -0.01451300 -0.04784400 0.00021900
v -0.01944500 -0.04694800 0.00163500
v -0.01944500 -0.04694800 0.00163500
v -0.01944500 -0.04694800 0.00163500
v -0.01881800 -0.04543500 0.00000000
v -0.01936100 -0.04674500 0.00081700
v -0.01913200 -0.04619100 0.00021900
v -0.02395100 -0.04481600 0.00163500
v -0.02395100 -0.04481600 0.00163500
v -0.02395100 -0.04481600 0.00163500
v -0.02318000 -0.04337200 0.00000000
v -0.02384800 -0.04462300 0.00081700
v -0.02356600 -0.04409400 0.00021900
v -0.02822800 -0.04225300 0.00163500
v -0.02822800 -0.04225300 0.00163500
v -0.02822800 -0.04225300 0.00163500
v -0.02731800 -0.04089200 0.00000000
v -0.02810600 -0.04207100 0.00081700
v -0.02777300 -0.04157300 0.00021900
v -0.03223200 -0.03928300 0.00163500
v -0.03223200 -0.03928300 0.00163500
v -0.03223200 -0.03928300 0.00163500
v -0.03223200 -0.03928300 0.00163500
v -0.03119300 -0.03801800 0.00000000
v -0.03209300 -0.03911400 0.00081700
v -0.03171200 -0.03865100 0.00021900
v -0.03592600 -0.03593600 0.00163500
v -0.03592600 -0.03593600 0.00163500
v -0.03592600 -0.03593600 0.00163500
v -0.03476800 -0.03477800 0.00000000
v -0.03577000 -0.03578000 0.00081700
v -0.03534700 -0.03535700 0.00021900
v -0.03927300 -0.03224200 0.00163500
v -0.03927300 -0.03224200 0.00163500
v -0.03927300 -0.03224200 0.00163500
v -0.03800800 -0.03120300 0.00000000
v -0.03910400 -0.03210300 0.00081700
v -0.03864100 -0.03172200 0.00021900
v -0.04224300 -0.02823700 0.00163500
v -0.04224300 -0.02823700 0.00163500
v -0.04224300 -0.02823700 0.00163500
v -0.04088200 -0.02732800 0.00000000
v -0.04206100 -0.02811600 0.00081700
v -0.04156300 -0.02778300 0.00021900
v -0.04480600 -0.02396100 0.00163500
v -0.04480600 -0.02396100 0.00163500
v -0.04480600 -0.02396100 0.00163500
v -0.04336200 -0.02319000 0.00000000
v -0.04461300 -0.02385800 0.00081700
v -0.04408400 -0.02357600 0.00021900
v -0.04693800 -0.01945500 0.00163500
v -0.04693800 -0.01945500 0.00163500
v -0.04693800 -0.01945500 0.00163500
v -0.04542500 -0.01882800 0.00000000
v -0.04673500 -0.01937100 0.00081700
v -0.04618100 -0.01914200 0.00021900
v -0.04861700 -0.01476100 0.00163500
v -0.04861700 -0.01476100 0.00163500
v -0.04861700 -0.01476100 0.00163500
v -0.04705100 -0.01428600 0.00000000
v -0.04840700 -0.01469700 0.00081700
v -0.04783400 -0.01452300 0.00021900
v -0.04982800 -0.00992500 0.00163500
v -0.04982800 -0.00992500 0.00163500
v -0.04982800 -0.00992500 0.00163500
v -0.04822300 -0.00960600 0.00000000
v -0.04961300 -0.00988200 0.00081700
v -0.04902600 -0.00976500 0.00021900
v -0.05056000 -0.00499400 0.00163500
v -0.05056000 -0.00499400 0.00163500
v -0.05056000 -0.00499400 0.00163500
v -0.04893100 -0.00483300 0.00000000
v -0.05034200 -0.00497200 0.00081700
v -0.04974500 -0.00491400 0.00021900
v -0.05080500 -0.00001400 0.00163500
v -0.05080500 -0.00001400 0.00163500
v -0.05080500 -0.00001400 0.00163500
v -0.04916800 -0.00001400 0.00000000
v -0.05058500 -0.00001400 0.00081700
v -0.04998600 -0.00001400 0.00021900
v -0.05056000 0.00496500 0.00163500
v -0.05056000 0.00496500 0.00163500
v -0.05056000 0.00496500 0.00163500
v -0.04893100 0.00480400 0.00000000
v -0.05034200 0.00494300 0.00081700
v -0.04974500 0.00488500 0.00021900
v -0.04982800 0.00989600 0.00163500
v -0.04982800 0.00989600 0.00163500
v -0.04982800 0.00989600 0.00163500
v -0.04822300 0.00957700 0.00000000
v -0.04961300 0.00985300 0.00081700
v -0.04902600 0.00973600 0.00021900
v -0.04861700 0.01473200 0.00163500
v -0.04861700 0.01473200 0.00163500
v -0.04861700 0.01473200 0.00163500
v -0.04705100 0.01425700 0.00000000
v -0.04705100 0.01425700 0.00000000
v -0.04840700 0.01466800 0.00081700
v -0.04783400 0.01449400 0.00021900
v -0.04693800 0.01942600 0.00163500
v -0.04693800 0.01942600 0.00163500
v -0.04693800 0.01942600 0.00163500
v -0.04542500 0.01879900 0.00000000
v -0.04673500 0.01934200 0.00081700
v -0.04618100 0.01911300 0.00021900
v -0.04480600 0.02393300 0.00163500
v -0.04480600 0.02393300 0.00163500
v -0.04480600 0.02393300 0.00163500
v -0.04336200 0.02316100 0.00000000
v -0.04461300 0.02382900 0.00081700
v -0.04408400 0.02354700 0.00021900
v -0.04224300 0.02820900 0.00163500
v -0.04224300 0.02820900 0.00163500
v -0.04224300 0.02820900 0.00163500
v -0.04224300 0.02820900 0.00163500
v -0.04088200 0.02729900 0.00000000
v -0.04206100 0.02808700 0.00081700
v -0.04156300 0.02775400 0.00021900
v -0.03927300 0.03221300 0.00163500
v -0.03927300 0.03221300 0.00163500
v -0.03927300 0.03221300 0.00163500
v -0.03800800 0.03117400 0.00000000
v -0.03800800 0.03117400 0.00000000
v -0.03910400 0.03207400 0.00081700
v -0.03864100 0.03169300 0.00021900
v -0.03592600 0.03590700 0.00163500
v -0.03592600 0.03590700 0.00163500
v -0.03592600 0.03590700 0.00163500
v -0.03476800 0.03474900 0.00000000
v -0.03577000 0.03575100 0.00081700
v -0.03534700 0.03532800 0.00021900
v -0.03223200 0.03925400 0.00163500
v -0.03223200 0.03925400 0.00163500
v -0.03223200 0.03925400 0.00163500
v -0.03119300 0.03798900 0.00000000
v -0.03209300 0.03908500 0.00081700
v -0.03171200 0.03862200 0.00021900
v -0.02822700 0.04222400 0.00163500
v -0.02822700 0.04222400 0.00163500
v -0.02822700 0.04222400 0.00163500
v -0.02731800 0.04086300 0.00000000
v -0.02810600 0.04204200 0.00081700
v -0.02777300 0.04154400 0.00021900
v -0.02395100 0.04478700 0.00163500
v -0.02395100 0.04478700 0.00163500
v -0.02395100 0.04478700 0.00163500
v -0.02318000 0.04334300 0.00000000
v -0.02384800 0.04459400 0.00081700
v -0.02356600 0.04406500 0.00021900
v -0.01944500 0.04691900 0.00163500
v -0.01944500 0.04691900 0.00163500
v -0.01944500 0.04691900 0.00163500
v -0.01881800 0.04540600 0.00000000
v -0.01936100 0.04671600 0.00081700
v -0.01913200 0.04616200 0.00021900
v -0.01475100 0.04859800 0.00163500
v -0.01475100 0.04859800 0.00163500
v -0.01475100 0.04859800 0.00163500
v -0.01427600 0.04703200 0.00000000
v -0.01468700 0.04838800 0.00081700
v -0.01451300 0.04781500 0.00021900
v -0.00654100 0.05031000 0.00163500
v -0.00654100 0.05031000 0.00163500
v -0.00633000 0.04868800 0.00000000
v -0.00651300 0.05009300 0.00081700
v -0.00643600 0.04949900 0.00021900
v -0.00498400 0.05054100 0.00163500
v -0.00498400 0.05054100 0.00163500
v -0.00498400 0.05054100 0.00163500
v -0.00482300 0.04891200 0.00000000
v -0.00496200 0.05032300 0.00081700
v -0.00490400 0.04972600 0.00021900
v -0.00000500 0.05078600 0.00163500
v -0.00000500 0.05078600 0.00163500
v -0.00000500 0.05078600 0.00163500
v -0.00000500 0.04914900 0.00000000
v -0.00000500 0.05056600 0.00081700
v -0.00000500 0.04996700 0.00021900
v 0.00497500 0.05054100 0.00163500
v 0.00497500 0.05054100 0.00163500
v 0.00497500 0.05054100 0.00163500
v 0.00481400 0.04891200 0.00000000
v 0.00495300 0.05032300 0.00081700
v 0.00489400 0.04972600 0.00021900
v 0.00683100 0.05026500 0.00163500
v 0.00683100 0.05026500 0.00163500
v 0.00661100 0.04864500 0.00000000
v 0.00680200 0.05004800 0.00081700
v 0.00672100 0.04945500 0.00021900
v 0.01474200 0.04859800 0.00163500
v 0.01474200 0.04859800 0.00163500
v 0.01474200 0.04859800 0.00163500
v 0.01426700 0.04703200 0.00000000
v 0.01467800 0.04838800 0.00081700
v 0.01450400 0.04781500 0.00021900
v 0.01943600 0.04691900 0.00163500
v 0.01943600 0.04691900 0.00163500
v 0.01943600 0.04691900 0.00163500
v 0.01880900 0.04540600 0.00000000
v 0.01935200 0.04671600 0.00081700
v 0.01912300 0.04616200 0.00021900
v 0.02394200 0.04478700 0.00163500
v 0.02394200 0.04478700 0.00163500
v 0.02394200 0.04478700 0.00163500
v 0.02317100 0.04334300 0.00000000
v 0.02383900 0.04459400 0.00081700
v 0.02355700 0.04406500 0.00021900
v 0.02821800 0.04222400 0.00163500
v 0.02821800 0.04222400 0.00163500
v 0.02821800 0.04222400 0.00163500
v 0.02821800 0.04222400 0.00163500
v 0.02730900 0.04086300 0.00000000
v 0.02809700 0.04204200 0.00081700
v 0.02776400 0.04154400 0.00021900
v 0.03222300 0.03925400 0.00163500
v 0.03222300 0.03925400 0.00163500
v 0.03222300 0.03925400 0.00163500
v 0.03118400 0.03798900 0.00000000
v 0.03208300 0.03908500 0.00081700
v 0.03170300 0.03862200 0.00021900
v 0.03591600 0.03590700 0.00163500
v 0.03591600 0.03590700 0.00163500
v 0.03591600 0.03590700 0.00163500
v 0.03475900 0.03474900 0.00000000
v 0.03576100 0.03575200 0.00081700
v 0.03533800 0.03532800 0.00021900
v 0.03926400 0.03221300 0.00163500
v 0.03926400 0.03221300 0.00163500
v 0.03926400 0.03221300 0.00163500
v 0.03799900 0.03117400 0.00000000
v 0.03909500 0.03207400 0.00081700
v 0.03863200 0.03169400 0.00021900
v 0.04223400 0.02820900 0.00163500
v 0.04223400 0.02820900 0.00163500
v 0.04223400 0.02820900 0.00163500
v 0.04087300 0.02729900 0.00000000
v 0.04205200 0.02808700 0.00081700
v 0.04155400 0.02775400 0.00021900
v 0.04479700 0.02393300 0.00163500
v 0.04479700 0.02393300 0.00163500
v 0.04479700 0.02393300 0.00163500
v 0.04335300 0.02316100 0.00000000
v 0.04460400 0.02382900 0.00081700
v 0.04407500 0.02354700 0.00021900
v 0.04692800 0.01942600 0.00163500
v 0.04692800 0.01942600 0.00163500
v 0.04692800 0.01942600 0.00163500
v 0.04541600 0.01880000 0.00000000
v 0.04672600 0.01934200 0.00081700
v 0.04617200 0.01911300 0.00021900
v 0.04860800 0.01473200 0.00163500
v 0.04860800 0.01473200 0.00163500
v 0.04860800 0.01473200 0.00163500
v 0.04704200 0.01425700 0.00000000
v 0.04839800 0.01466800 0.00081700
v 0.04782500 0.01449500 0.00021900
v 0.04981900 0.00989600 0.00163500
v 0.04981900 0.00989600 0.00163500
v 0.04981900 0.00989600 0.00163500
v 0.04821400 0.00957700 0.00000000
v 0.04960400 0.00985300 0.00081700
v 0.04901700 0.00973700 0.00021900
v 0.05055100 0.00496500 0.00163500
v 0.05055100 0.00496500 0.00163500
v 0.05055100 0.00496500 0.00163500
v 0.04892200 0.00480400 0.00000000
v 0.05033300 0.00494300 0.00081700
v 0.04973600 0.00488500 0.00021900
v 0.05079500 -0.00001400 0.11236200
v 0.05079500 -0.00001400 0.11236200
v 0.04885600 -0.00001400 0.11430000
v 0.04885600 -0.00001400 0.11430000
v 0.05053600 -0.00001400 0.11333100
v 0.04982500 -0.00001400 0.11404000
v 0.04982500 -0.00001400 0.11404000
v 0.04982500 -0.00001400 0.11404000
v 0.04862000 -0.00480400 0.11430000
v 0.05055100 -0.00499400 0.11236200
v 0.05055100 -0.00499400 0.11236200
v 0.04958600 -0.00489900 0.11404000
v 0.04958600 -0.00489900 0.11404000
v 0.05029200 -0.00496800 0.11333100
v 0.04791700 -0.00954700 0.11430000
v 0.04981900 -0.00992500 0.11236200
v 0.04981900 -0.00992500 0.11236200
v 0.04886800 -0.00973600 0.11404000
v 0.04886800 -0.00973600 0.11404000
v 0.04956400 -0.00987400 0.11333100
v 0.04675200 -0.01419800 0.11430000
v 0.04860800 -0.01476100 0.11236200
v 0.04860800 -0.01476100 0.11236200
v 0.04768000 -0.01447900 0.11404000
v 0.04768000 -0.01447900 0.11404000
v 0.04835900 -0.01468600 0.11333100
v 0.04513600 -0.01871200 0.11430000
v 0.04692900 -0.01945500 0.11236200
v 0.04692900 -0.01945500 0.11236200
v 0.04603200 -0.01908400 0.11404000
v 0.04603200 -0.01908400 0.11404000
v 0.04668800 -0.01935500 0.11333100
v 0.04308600 -0.02304700 0.11430000
v 0.04308600 -0.02304700 0.11430000
v 0.04479700 -0.02396100 0.11236200
v 0.04479700 -0.02396100 0.11236200
v 0.04394200 -0.02350400 0.11404000
v 0.04394200 -0.02350400 0.11404000
v 0.04456800 -0.02383900 0.11333100
v 0.04062100 -0.02716000 0.11430000
v 0.04223400 -0.02823700 0.11236200
v 0.04223400 -0.02823700 0.11236200
v 0.04223400 -0.02823700 0.11236200
v 0.04223400 -0.02823700 0.11236200
v 0.04142800 -0.02769900 0.11404000
v 0.04142800 -0.02769900 0.11404000
v 0.04142800 -0.02769900 0.11404000
v 0.04201800 -0.02809300 0.11333100
v 0.04201800 -0.02809300 0.11333100
v 0.03776500 -0.03101100 0.11430000
v 0.03926400 -0.03224200 0.11236200
v 0.03926400 -0.03224200 0.11236200
v 0.03851500 -0.03162600 0.11404000
v 0.03851500 -0.03162600 0.11404000
v 0.03906300 -0.03207700 0.11333100
v 0.03454500 -0.03456400 0.11430000
v 0.03591600 -0.03593600 0.11236200
v 0.03591600 -0.03593600 0.11236200
v 0.03523100 -0.03525000 0.11404000
v 0.03523100 -0.03525000 0.11404000
v 0.03573300 -0.03575200 0.11333100
v 0.03099200 -0.03778400 0.11430000
v 0.03222300 -0.03928300 0.11236200
v 0.03222300 -0.03928300 0.11236200
v 0.03160700 -0.03853400 0.11404000
v 0.03160700 -0.03853400 0.11404000
v 0.03205800 -0.03908300 0.11333100
v 0.02714100 -0.04064000 0.11430000
v 0.02821800 -0.04225300 0.11236200
v 0.02821800 -0.04225300 0.11236200
v 0.02768000 -0.04144700 0.11404000
v 0.02768000 -0.04144700 0.11404000
v 0.02807400 -0.04203700 0.11333100
v 0.02302800 -0.04310500 0.11430000
v 0.02394200 -0.04481600 0.11236200
v 0.02394200 -0.04481600 0.11236200
v 0.02348500 -0.04396100 0.11404000
v 0.02348500 -0.04396100 0.11404000
v 0.02382000 -0.04458700 0.11333100
v 0.01869300 -0.04515500 0.11430000
v 0.01943600 -0.04694800 0.11236200
v 0.01943600 -0.04694800 0.11236200
v 0.01906500 -0.04605100 0.11404000
v 0.01906500 -0.04605100 0.11404000
v 0.01933600 -0.04670700 0.11333100
v 0.01417900 -0.04677100 0.11430000
v 0.01474200 -0.04862700 0.11236200
v 0.01474200 -0.04862700 0.11236200
v 0.01446000 -0.04769900 0.11404000
v 0.01446000 -0.04769900 0.11404000
v 0.01466600 -0.04837800 0.11333100
v 0.00952800 -0.04793600 0.11430000
v 0.00990600 -0.04983800 0.11236200
v 0.00990600 -0.04983800 0.11236200
v 0.00971700 -0.04888700 0.11404000
v 0.00971700 -0.04888700 0.11404000
v 0.00985500 -0.04958300 0.11333100
v 0.00478500 -0.04863900 0.11430000
v 0.00497500 -0.05057000 0.11236200
v 0.00497500 -0.05057000 0.11236200
v 0.00488000 -0.04960500 0.11404000
v 0.00488000 -0.04960500 0.11404000
v 0.00494900 -0.05031100 0.11333100
v -0.00000500 -0.04887500 0.11430000
v -0.00000500 -0.05081400 0.11236200
v -0.00000500 -0.05081400 0.11236200
v -0.00000500 -0.04984500 0.11404000
v -0.00000500 -0.04984500 0.11404000
v -0.00000500 -0.05055500 0.11333100
v -0.00479400 -0.04863900 0.11430000
v -0.00498400 -0.05057000 0.11236200
v -0.00498400 -0.05057000 0.11236200
v -0.00488900 -0.04960500 0.11404000
v -0.00488900 -0.04960500 0.11404000
v -0.00495800 -0.05031100 0.11333100
v -0.00953700 -0.04793600 0.11430000
v -0.00991500 -0.04983800 0.11236200
v -0.00991500 -0.04983800 0.11236200
v -0.00972600 -0.04888700 0.11404000
v -0.00972600 -0.04888700 0.11404000
v -0.00986400 -0.04958300 0.11333100
v -0.01418800 -0.04677100 0.11430000
v -0.01475100 -0.04862700 0.11236200
v -0.01475100 -0.04862700 0.11236200
v -0.01446900 -0.04769900 0.11404000
v -0.01446900 -0.04769900 0.11404000
v -0.01467600 -0.04837800 0.11333100
v -0.01870200 -0.04515500 0.11430000
v -0.01944500 -0.04694800 0.11236200
v -0.01944500 -0.04694800 0.11236200
v -0.01907400 -0.04605100 0.11404000
v -0.01907400 -0.04605100 0.11404000
v -0.01934500 -0.04670700 0.11333100
v -0.02303700 -0.04310500 0.11430000
v -0.02395100 -0.04481600 0.11236200
v -0.02395100 -0.04481600 0.11236200
v -0.02349400 -0.04396100 0.11404000
v -0.02349400 -0.04396100 0.11404000
v -0.02382900 -0.04458700 0.11333100
v -0.02715000 -0.04064000 0.11430000
v -0.02822800 -0.04225300 0.11236200
v -0.02822800 -0.04225300 0.11236200
v -0.02768900 -0.04144700 0.11404000
v -0.02768900 -0.04144700 0.11404000
v -0.02768900 -0.04144700 0.11404000
v -0.02808300 -0.04203700 0.11333100
v -0.02808300 -0.04203700 0.11333100
v -0.03100100 -0.03778400 0.11430000
v -0.03223200 -0.03928300 0.11236200
v -0.03223200 -0.03928300 0.11236200
v -0.03223200 -0.03928300 0.11236200
v -0.03223200 -0.03928300 0.11236200
v -0.03161600 -0.03853400 0.11404000
v -0.03161600 -0.03853400 0.11404000
v -0.03206700 -0.03908300 0.11333100
v -0.03206700 -0.03908300 0.11333100
v -0.03455400 -0.03456400 0.11430000
v -0.03592600 -0.03593600 0.11236200
v -0.03592600 -0.03593600 0.11236200
v -0.03524000 -0.03525000 0.11404000
v -0.03524000 -0.03525000 0.11404000
v -0.03574200 -0.03575200 0.11333100
v -0.03777400 -0.03101100 0.11430000
v -0.03927300 -0.03224200 0.11236200
v -0.03927300 -0.03224200 0.11236200
v -0.03852400 -0.03162600 0.11404000
v -0.03852400 -0.03162600 0.11404000
v -0.03907300 -0.03207700 0.11333100
v -0.04063000 -0.02716000 0.11430000
v -0.04224300 -0.02823700 0.11236200
v -0.04224300 -0.02823700 0.11236200
v -0.04143700 -0.02769900 0.11404000
v -0.04143700 -0.02769900 0.11404000
v -0.04202700 -0.02809300 0.11333100
v -0.04309500 -0.02304700 0.11430000
v -0.04480600 -0.02396100 0.11236200
v -0.04480600 -0.02396100 0.11236200
v -0.04395100 -0.02350400 0.11404000
v -0.04395100 -0.02350400 0.11404000
v -0.04457700 -0.02383900 0.11333100
v -0.04514500 -0.01871200 0.11430000
v -0.04693800 -0.01945500 0.11236200
v -0.04693800 -0.01945500 0.11236200
v -0.04604100 -0.01908400 0.11404000
v -0.04604100 -0.01908400 0.11404000
v -0.04669800 -0.01935500 0.11333100
v -0.04676100 -0.01419800 0.11430000
v -0.04861700 -0.01476100 0.11236200
v -0.04861700 -0.01476100 0.11236200
v -0.04768900 -0.01447900 0.11404000
v -0.04768900 -0.01447900 0.11404000
v -0.04836800 -0.01468500 0.11333100
v -0.04792600 -0.00954700 0.11430000
v -0.04982800 -0.00992500 0.11236200
v -0.04982800 -0.00992500 0.11236200
v -0.04887700 -0.00973600 0.11404000
v -0.04887700 -0.00973600 0.11404000
v -0.04957400 -0.00987400 0.11333100
v -0.04862900 -0.00480400 0.11430000
v -0.05056000 -0.00499400 0.11236200
v -0.05056000 -0.00499400 0.11236200
v -0.04959500 -0.00489900 0.11404000
v -0.04959500 -0.00489900 0.11404000
v -0.05030100 -0.00496800 0.11333100
v -0.04886500 -0.00001400 0.11430000
v -0.05080500 -0.00001400 0.11236200
v -0.05080500 -0.00001400 0.11236200
v -0.04983500 -0.00001400 0.11404000
v -0.04983500 -0.00001400 0.11404000
v -0.05054500 -0.00001400 0.11333100
v -0.04862900 0.00477500 0.11430000
v -0.05056000 0.00496500 0.11236200
v -0.05056000 0.00496500 0.11236200
v -0.04959500 0.00487000 0.11404000
v -0.04959500 0.00487000 0.11404000
v -0.05030100 0.00493900 0.11333100
v -0.04792600 0.00951800 0.11430000
v -0.04982800 0.00989600 0.11236200
v -0.04982800 0.00989600 0.11236200
v -0.04887700 0.00970700 0.11404000
v -0.04887700 0.00970700 0.11404000
v -0.04957400 0.00984500 0.11333100
v -0.04676100 0.01416900 0.11430000
v -0.04861700 0.01473200 0.11236200
v -0.04861700 0.01473200 0.11236200
v -0.04768900 0.01445000 0.11404000
v -0.04768900 0.01445000 0.11404000
v -0.04836800 0.01465700 0.11333100
v -0.04514500 0.01868300 0.11430000
v -0.04693800 0.01942600 0.11236200
v -0.04693800 0.01942600 0.11236200
v -0.04604100 0.01905500 0.11404000
v -0.04604100 0.01905500 0.11404000
v -0.04669700 0.01932600 0.11333100
v -0.04309500 0.02301800 0.11430000
v -0.04480600 0.02393300 0.11236200
v -0.04480600 0.02393300 0.11236200
v -0.04395100 0.02347500 0.11404000
v -0.04395100 0.02347500 0.11404000
v -0.04457700 0.02381000 0.11333100
v -0.04063000 0.02713100 0.11430000
v -0.04224300 0.02820900 0.11236200
v -0.04224300 0.02820900 0.11236200
v -0.04224300 0.02820900 0.11236200
v -0.04224300 0.02820900 0.11236200
v -0.04143700 0.02767000 0.11404000
v -0.04143700 0.02767000 0.11404000
v -0.04143700 0.02767000 0.11404000
v -0.04202700 0.02806400 0.11333100
v -0.04202700 0.02806400 0.11333100
v -0.03777400 0.03098200 0.11430000
v -0.03927300 0.03221300 0.11236200
v -0.03927300 0.03221300 0.11236200
v -0.03852400 0.03159700 0.11404000
v -0.03852400 0.03159700 0.11404000
v -0.03907300 0.03204800 0.11333100
v -0.03455400 0.03453500 0.11430000
v -0.03592600 0.03590700 0.11236200
v -0.03592600 0.03590700 0.11236200
v -0.03524000 0.03522100 0.11404000
v -0.03524000 0.03522100 0.11404000
v -0.03574200 0.03572300 0.11333100
v -0.03100100 0.03775500 0.11430000
v -0.03223200 0.03925400 0.11236200
v -0.03223200 0.03925400 0.11236200
v -0.03161600 0.03850500 0.11404000
v -0.03161600 0.03850500 0.11404000
v -0.03206700 0.03905400 0.11333100
v -0.02715000 0.04061100 0.11430000
v -0.02822700 0.04222400 0.11236200
v -0.02822700 0.04222400 0.11236200
v -0.02768900 0.04141800 0.11404000
v -0.02768900 0.04141800 0.11404000
v -0.02808300 0.04200800 0.11333100
v -0.02303700 0.04307600 0.11430000
v -0.02395100 0.04478700 0.11236200
v -0.02395100 0.04478700 0.11236200
v -0.02349400 0.04393200 0.11404000
v -0.02349400 0.04393200 0.11404000
v -0.02382900 0.04455800 0.11333100
v -0.01870200 0.04512600 0.11430000
v -0.01944500 0.04691900 0.11236200
v -0.01944500 0.04691900 0.11236200
v -0.01907400 0.04602200 0.11404000
v -0.01907400 0.04602200 0.11404000
v -0.01934500 0.04667800 0.11333100
v -0.01418800 0.04674200 0.11430000
v -0.01475100 0.04859800 0.11236200
v -0.01475100 0.04859800 0.11236200
v -0.01446900 0.04767000 0.11404000
v -0.01446900 0.04767000 0.11404000
v -0.01467600 0.04834900 0.11333100
v -0.00629100 0.04838800 0.11430000
v -0.00654100 0.05031000 0.11236200
v -0.00654100 0.05031000 0.11236200
v -0.00641600 0.04934900 0.11404000
v -0.00641600 0.04934900 0.11404000
v -0.00650800 0.05005200 0.11333100
v -0.00479400 0.04861000 0.11430000
v -0.00498400 0.05054100 0.11236200
v -0.00498400 0.05054100 0.11236200
v -0.00488900 0.04957600 0.11404000
v -0.00488900 0.04957600 0.11404000
v -0.00495800 0.05028200 0.11333100
v -0.00000500 0.04884600 0.11430000
v -0.00000500 0.05078600 0.11236200
v -0.00000500 0.05078600 0.11236200
v -0.00000500 0.04981600 0.11404000
v -0.00000500 0.04981600 0.11404000
v -0.00000500 0.05052600 0.11333100
v 0.00478500 0.04861000 0.11430000
v 0.00497500 0.05054100 0.11236200
v 0.00497500 0.05054100 0.11236200
v 0.00488000 0.04957600 0.11404000
v 0.00488000 0.04957600 0.11404000
v 0.00494900 0.05028200 0.11333100
v 0.00657000 0.04834500 0.11430000
v 0.00683100 0.05026500 0.11236200
v 0.00683100 0.05026500 0.11236200
v 0.00670100 0.04930500 0.11404000
v 0.00670100 0.04930500 0.11404000
v 0.00679600 0.05000800 0.11333100
v 0.01417900 0.04674200 0.11430000
v 0.01474200 0.04859800 0.11236200
v 0.01474200 0.04859800 0.11236200
v 0.01446000 0.04767000 0.11404000
v 0.01446000 0.04767000 0.11404000
v 0.01466600 0.04834900 0.11333100
v 0.01869300 0.04512600 0.11430000
v 0.01943600 0.04691900 0.11236200
v 0.01943600 0.04691900 0.11236200
v 0.01906500 0.04602200 0.11404000
v 0.01906500 0.04602200 0.11404000
v 0.01933600 0.04667800 0.11333100
v 0.02302800 0.04307600 0.11430000
v 0.02394200 0.04478700 0.11236200
v 0.02394200 0.04478700 0.11236200
v 0.02348500 0.04393200 0.11404000
v 0.02348500 0.04393200 0.11404000
v 0.02382000 0.04455800 0.11333100
v 0.02714100 0.04061100 0.11430000
v 0.02821800 0.04222400 0.11236200
v 0.02821800 0.04222400 0.11236200
v 0.02821800 0.04222400 0.11236200
v 0.02821800 0.04222400 0.11236200
v 0.02767900 0.04141800 0.11404000
v 0.02767900 0.04141800 0.11404000
v 0.02767900 0.04141800 0.11404000
v 0.02807400 0.04200800 0.11333100
v 0.02807400 0.04200800 0.11333100
v 0.03099200 0.03775500 0.11430000
v 0.03222300 0.03925400 0.11236200
v 0.03222300 0.03925400 0.11236200
v 0.03160700 0.03850500 0.11404000
v 0.03160700 0.03850500 0.11404000
v 0.03205800 0.03905400 0.11333100
v 0.03454500 0.03453500 0.11430000
v 0.03591600 0.03590700 0.11236200
v 0.03591600 0.03590700 0.11236200
v 0.03523100 0.03522100 0.11404000
v 0.03523100 0.03522100 0.11404000
v 0.03573300 0.03572300 0.11333100
v 0.03776500 0.03098200 0.11430000
v 0.03926400 0.03221300 0.11236200
v 0.03926400 0.03221300 0.11236200
v 0.03851500 0.03159700 0.11404000
v 0.03851500 0.03159700 0.11404000
v 0.03906300 0.03204800 0.11333100
v 0.04062100 0.02713100 0.11430000
v 0.04223400 0.02820900 0.11236200
v 0.04223400 0.02820900 0.11236200
v 0.04142800 0.02767000 0.11404000
v 0.04142800 0.02767000 0.11404000
v 0.04201800 0.02806400 0.11333100
v 0.04308600 0.02301800 0.11430000
v 0.04479700 0.02393300 0.11236200
v 0.04479700 0.02393300 0.11236200
v 0.04394200 0.02347500 0.11404000
v 0.04394200 0.02347500 0.11404000
v 0.04456800 0.02381000 0.11333100
v 0.04513600 0.01868400 0.11430000
v 0.04692800 0.01942600 0.11236200
v 0.04692800 0.01942600 0.11236200
v 0.04603200 0.01905500 0.11404000
v 0.04603200 0.01905500 0.11404000
v 0.04668800 0.01932600 0.11333100
v 0.04675200 0.01416900 0.11430000
v 0.04860800 0.01473200 0.11236200
v 0.04860800 0.01473200 0.11236200
v 0.04768000 0.01445100 0.11404000
v 0.04768000 0.01445100 0.11404000
v 0.04835900 0.01465700 0.11333100
v 0.04791700 0.00951800 0.11430000
v 0.04981900 0.00989600 0.11236200
v 0.04981900 0.00989600 0.11236200
v 0.04886800 0.00970700 0.11404000
v 0.04886800 0.00970700 0.11404000
v 0.04956400 0.00984600 0.11333100
v 0.04862000 0.00477500 0.11430000
v 0.05055100 0.00496500 0.11236200
v 0.05055100 0.00496500 0.11236200
v 0.04958600 0.00487000 0.11404000
v 0.04958600 0.00487000 0.11404000
v 0.05029200 0.00493900 0.11333100
v 0.04830400 -0.00001400 0.11430000
v 0.04830400 -0.00001400 0.11430000
v 0.04636400 -0.00001400 0.11236200
v 0.04636400 -0.00001400 0.11236200
v 0.04733400 -0.00001400 0.11404000
v 0.04733400 -0.00001400 0.11404000
v 0.04662400 -0.00001400 0.11333100
v 0.04662400 -0.00001400 0.11333100
v 0.04614000 -0.00455900 0.11236200
v 0.04807100 -0.00475000 0.11430000
v 0.04639900 -0.00458500 0.11333100
v 0.04710600 -0.00465400 0.11404000
v 0.04547300 -0.00906000 0.11236200
v 0.04737500 -0.00943900 0.11430000
v 0.04572800 -0.00911100 0.11333100
v 0.04642400 -0.00925000 0.11404000
v 0.04436700 -0.01347400 0.11236200
v 0.04622400 -0.01403800 0.11430000
v 0.04461600 -0.01355000 0.11333100
v 0.04529500 -0.01375600 0.11404000
v 0.04283400 -0.01775900 0.11236200
v 0.04462600 -0.01850100 0.11430000
v 0.04307400 -0.01785800 0.11333100
v 0.04373000 -0.01813000 0.11404000
v 0.04088900 -0.02187200 0.11236200
v 0.04259900 -0.02278700 0.11430000
v 0.04259900 -0.02278700 0.11430000
v 0.04111800 -0.02199500 0.11333100
v 0.04174400 -0.02233000 0.11404000
v 0.03854900 -0.02577500 0.11236200
v 0.04016200 -0.02685300 0.11430000
v 0.03876500 -0.02592000 0.11333100
v 0.03935600 -0.02631400 0.11404000
v 0.03583900 -0.02943000 0.11236200
v 0.03733800 -0.03066100 0.11430000
v 0.03603900 -0.02959500 0.11333100
v 0.03658800 -0.03004600 0.11404000
v 0.03278300 -0.03280200 0.11236200
v 0.03415500 -0.03417400 0.11430000
v 0.03296700 -0.03298600 0.11333100
v 0.03346900 -0.03348800 0.11404000
v 0.02941100 -0.03585800 0.11236200
v 0.03064200 -0.03735700 0.11430000
v 0.02957600 -0.03605900 0.11333100
v 0.03002700 -0.03660700 0.11404000
v 0.02575600 -0.03856800 0.11236200
v 0.02683400 -0.04018100 0.11430000
v 0.02590100 -0.03878400 0.11333100
v 0.02629500 -0.03937500 0.11404000
v 0.02185300 -0.04090800 0.11236200
v 0.02276800 -0.04261800 0.11430000
v 0.02197600 -0.04113700 0.11333100
v 0.02231100 -0.04176300 0.11404000
v 0.01774000 -0.04285300 0.11236200
v 0.01848200 -0.04464500 0.11430000
v 0.01783900 -0.04309300 0.11333100
v 0.01811100 -0.04374900 0.11404000
v 0.01345500 -0.04438600 0.11236200
v 0.01401900 -0.04624300 0.11430000
v 0.01353100 -0.04463500 0.11333100
v 0.01373700 -0.04531400 0.11404000
v 0.00904100 -0.04549200 0.11236200
v 0.00942000 -0.04739400 0.11430000
v 0.00909200 -0.04574700 0.11333100
v 0.00923100 -0.04644300 0.11404000
v 0.00454000 -0.04615900 0.11236200
v 0.00473000 -0.04809000 0.11430000
v 0.00456600 -0.04641800 0.11333100
v 0.00463500 -0.04712500 0.11404000
v -0.00000500 -0.04638300 0.11236200
v -0.00000500 -0.04832300 0.11430000
v -0.00000500 -0.04664300 0.11333100
v -0.00000500 -0.04735300 0.11404000
v -0.00454900 -0.04615900 0.11236200
v -0.00474000 -0.04809000 0.11430000
v -0.00457500 -0.04641800 0.11333100
v -0.00464400 -0.04712500 0.11404000
v -0.00905100 -0.04549200 0.11236200
v -0.00942900 -0.04739400 0.11430000
v -0.00910100 -0.04574700 0.11333100
v -0.00924000 -0.04644300 0.11404000
v -0.01346500 -0.04438600 0.11236200
v -0.01402800 -0.04624300 0.11430000
v -0.01354000 -0.04463500 0.11333100
v -0.01374600 -0.04531400 0.11404000
v -0.01774900 -0.04285300 0.11236200
v -0.01849100 -0.04464500 0.11430000
v -0.01784800 -0.04309300 0.11333100
v -0.01812000 -0.04374900 0.11404000
v -0.02186200 -0.04090800 0.11236200
v -0.02277700 -0.04261800 0.11430000
v -0.02198500 -0.04113700 0.11333100
v -0.02232000 -0.04176300 0.11404000
v -0.02576500 -0.03856800 0.11236200
v -0.02684300 -0.04018100 0.11430000
v -0.02591000 -0.03878400 0.11333100
v -0.02630400 -0.03937500 0.11404000
v -0.02942000 -0.03585800 0.11236200
v -0.03065100 -0.03735700 0.11430000
v -0.02958500 -0.03605900 0.11333100
v -0.03003600 -0.03660700 0.11404000
v -0.03279200 -0.03280200 0.11236200
v -0.03416400 -0.03417400 0.11430000
v -0.03297600 -0.03298600 0.11333100
v -0.03347800 -0.03348800 0.11404000
v -0.03584800 -0.02943000 0.11236200
v -0.03734700 -0.03066100 0.11430000
v -0.03604900 -0.02959500 0.11333100
v -0.03659700 -0.03004600 0.11404000
v -0.03855800 -0.02577500 0.11236200
v -0.04017100 -0.02685300 0.11430000
v -0.03877400 -0.02592000 0.11333100
v -0.03936500 -0.02631400 0.11404000
v -0.04089800 -0.02187200 0.11236200
v -0.04260900 -0.02278700 0.11430000
v -0.04112700 -0.02199500 0.11333100
v -0.04175300 -0.02233000 0.11404000
v -0.04284300 -0.01775900 0.11236200
v -0.04463500 -0.01850100 0.11430000
v -0.04308300 -0.01785800 0.11333100
v -0.04373900 -0.01813000 0.11404000
v -0.04437600 -0.01347400 0.11236200
v -0.04623300 -0.01403800 0.11430000
v -0.04462500 -0.01355000 0.11333100
v -0.04530400 -0.01375600 0.11404000
v -0.04548200 -0.00906000 0.11236200
v -0.04738400 -0.00943900 0.11430000
v -0.04573700 -0.00911100 0.11333100
v -0.04643300 -0.00925000 0.11404000
v -0.04614900 -0.00455900 0.11236200
v -0.04808000 -0.00474900 0.11430000
v -0.04640800 -0.00458500 0.11333100
v -0.04711500 -0.00465400 0.11404000
v -0.04637300 -0.00001400 0.11236200
v -0.04831300 -0.00001400 0.11430000
v -0.04663300 -0.00001400 0.11333100
v -0.04734300 -0.00001400 0.11404000
v -0.04614900 0.00453000 0.11236200
v -0.04808000 0.00472100 0.11430000
v -0.04640800 0.00455600 0.11333100
v -0.04711500 0.00462600 0.11404000
v -0.04548200 0.00903200 0.11236200
v -0.04738400 0.00941000 0.11430000
v -0.04573700 0.00908200 0.11333100
v -0.04643300 0.00922100 0.11404000
v -0.04437600 0.01344600 0.11236200
v -0.04623300 0.01400900 0.11430000
v -0.04462500 0.01352100 0.11333100
v -0.04530400 0.01372700 0.11404000
v -0.04284300 0.01773000 0.11236200
v -0.04463500 0.01847200 0.11430000
v -0.04308300 0.01782900 0.11333100
v -0.04373900 0.01810100 0.11404000
v -0.04089800 0.02184300 0.11236200
v -0.04260900 0.02275800 0.11430000
v -0.04112700 0.02196600 0.11333100
v -0.04175300 0.02230100 0.11404000
v -0.03855800 0.02574600 0.11236200
v -0.04017100 0.02682400 0.11430000
v -0.03877400 0.02589100 0.11333100
v -0.03936500 0.02628500 0.11404000
v -0.03584800 0.02940100 0.11236200
v -0.03734700 0.03063200 0.11430000
v -0.03604900 0.02956600 0.11333100
v -0.03659700 0.03001700 0.11404000
v -0.03279200 0.03277300 0.11236200
v -0.03416400 0.03414500 0.11430000
v -0.03297600 0.03295700 0.11333100
v -0.03347800 0.03345900 0.11404000
v -0.02942000 0.03582900 0.11236200
v -0.03065100 0.03732800 0.11430000
v -0.02958500 0.03603000 0.11333100
v -0.03003600 0.03657800 0.11404000
v -0.02576500 0.03853900 0.11236200
v -0.02684300 0.04015200 0.11430000
v -0.02591000 0.03875500 0.11333100
v -0.02630400 0.03934600 0.11404000
v -0.02186200 0.04087900 0.11236200
v -0.02277700 0.04259000 0.11430000
v -0.02198500 0.04110800 0.11333100
v -0.02232000 0.04173400 0.11404000
v -0.01774900 0.04282400 0.11236200
v -0.01849100 0.04461600 0.11430000
v -0.01784800 0.04306400 0.11333100
v -0.01812000 0.04372000 0.11404000
v -0.01346400 0.04435700 0.11236200
v -0.01402800 0.04621400 0.11430000
v -0.01354000 0.04460600 0.11333100
v -0.01374600 0.04528500 0.11404000
v -0.00597100 0.04592000 0.11236200
v -0.00622000 0.04784100 0.11430000
v -0.00600400 0.04617700 0.11333100
v -0.00609600 0.04688000 0.11404000
v -0.00454900 0.04613000 0.11236200
v -0.00474000 0.04806100 0.11430000
v -0.00457500 0.04638900 0.11333100
v -0.00464400 0.04709600 0.11404000
v -0.00000500 0.04635400 0.11236200
v -0.00000500 0.04829400 0.11430000
v -0.00000500 0.04661400 0.11333100
v -0.00000500 0.04732400 0.11404000
v 0.00454000 0.04613000 0.11236200
v 0.00473000 0.04806100 0.11430000
v 0.00456600 0.04638900 0.11333100
v 0.00463500 0.04709600 0.11404000
v 0.00623500 0.04587900 0.11236200
v 0.00649600 0.04779900 0.11430000
v 0.00627000 0.04613600 0.11333100
v 0.00636500 0.04683900 0.11404000
v 0.01345500 0.04435700 0.11236200
v 0.01401900 0.04621400 0.11430000
v 0.01353100 0.04460600 0.11333100
v 0.01373700 0.04528500 0.11404000
v 0.01774000 0.04282400 0.11236200
v 0.01848200 0.04461600 0.11430000
v 0.01783900 0.04306400 0.11333100
v 0.01811100 0.04372000 0.11404000
v 0.02185300 0.04087900 0.11236200
v 0.02276800 0.04259000 0.11430000
v 0.02197600 0.04110800 0.11333100
v 0.02231000 0.04173400 0.11404000
v 0.02575600 0.03853900 0.11236200
v 0.02683400 0.04015200 0.11430000
v 0.02590100 0.03875500 0.11333100
v 0.02629500 0.03934600 0.11404000
v 0.02941100 0.03582900 0.11236200
v 0.03064200 0.03732800 0.11430000
v 0.02957600 0.03603000 0.11333100
v 0.03002600 0.03657800 0.11404000
v 0.03278300 0.03277300 0.11236200
v 0.03415400 0.03414500 0.11430000
v 0.03296600 0.03295700 0.11333100
v 0.03346900 0.03345900 0.11404000
v 0.03583900 0.02940100 0.11236200
v 0.03733800 0.03063200 0.11430000
v 0.03603900 0.02956600 0.11333100
v 0.03658800 0.03001700 0.11404000
v 0.03854900 0.02574600 0.11236200
v 0.04016200 0.02682400 0.11430000
v 0.03876500 0.02589100 0.11333100
v 0.03935600 0.02628500 0.11404000
v 0.04088900 0.02184300 0.11236200
v 0.04259900 0.02275800 0.11430000
v 0.04111800 0.02196600 0.11333100
v 0.04174400 0.02230100 0.11404000
v 0.04283400 0.01773000 0.11236200
v 0.04462600 0.01847200 0.11430000
v 0.04307400 0.01782900 0.11333100
v 0.04373000 0.01810100 0.11404000
v 0.04436700 0.01344600 0.11236200
v 0.04622300 0.01400900 0.11430000
v 0.04461600 0.01352100 0.11333100
v 0.04529500 0.01372700 0.11404000
v 0.04547300 0.00903200 0.11236200
v 0.04737500 0.00941000 0.11430000
v 0.04572800 0.00908200 0.11333100
v 0.04642400 0.00922100 0.11404000
v 0.04614000 0.00453100 0.11236200
v 0.04807100 0.00472100 0.11430000
v 0.04639900 0.00455600 0.11333100
v 0.04710600 0.00462600 0.11404000
v 0.05079500 -0.00001400 0.02312400
v 0.05055100 -0.00499400 0.02312400
v 0.05055100 0.00496500 0.02312400
v 0.04981900 -0.00992500 0.02312400
v 0.04860800 -0.01476100 0.02312400
v 0.04692900 -0.01945500 0.02312400
v 0.04479700 -0.02396100 0.02312400
v 0.04223400 -0.02823700 0.02312400
v 0.04223400 -0.02823700 0.02312400
v 0.03926400 -0.03224200 0.02312400
v 0.03591600 -0.03593600 0.02312400
v 0.03222300 -0.03928300 0.02312400
v 0.02821800 -0.04225300 0.02312400
v 0.02394200 -0.04481600 0.02312400
v 0.01943600 -0.04694800 0.02312400
v 0.01474200 -0.04862700 0.02312400
v 0.00990600 -0.04983800 0.02312400
v 0.00497500 -0.05057000 0.02312400
v -0.00000500 -0.05081400 0.02312400
v -0.00498400 -0.05057000 0.02312400
v -0.00991500 -0.04983800 0.02312400
v -0.01475100 -0.04862700 0.02312400
v -0.01944500 -0.04694800 0.02312400
v -0.02395100 -0.04481600 0.02312400
v -0.02822800 -0.04225300 0.02312400
v -0.03223200 -0.03928300 0.02312400
v -0.03223200 -0.03928300 0.02312400
v -0.03592600 -0.03593600 0.02312400
v -0.03927300 -0.03224200 0.02312400
v -0.04224300 -0.02823700 0.02312400
v -0.04480600 -0.02396100 0.02312400
v -0.04693800 -0.01945500 0.02312400
v -0.04861700 -0.01476100 0.02312400
v -0.04982800 -0.00992500 0.02312400
v -0.05056000 -0.00499400 0.02312400
v -0.05080500 -0.00001400 0.02312400
v -0.05056000 0.00496500 0.02312400
v -0.04982800 0.00989600 0.02312400
v -0.04861700 0.01473200 0.02312400
v -0.04693800 0.01942600 0.02312400
v -0.04480600 0.02393300 0.02312400
v -0.04224300 0.02820900 0.02312400
v -0.04224300 0.02820900 0.02312400
v -0.03927300 0.03221300 0.02312400
v -0.03592600 0.03590700 0.02312400
v -0.03223200 0.03925400 0.02312400
v -0.02822700 0.04222400 0.02312400
v -0.02395100 0.04478700 0.02312400
v -0.01944500 0.04691900 0.02312400
v -0.01475100 0.04859800 0.02312400
v -0.00498400 0.05054100 0.02567300
v -0.00498400 0.05054100 0.02567300
v -0.00498400 0.05054100 0.02567300
v 0.00683100 0.05026500 0.02312400
v 0.00683100 0.05026500 0.02312400
v 0.01474200 0.04859800 0.02312400
v 0.01943600 0.04691900 0.02312400
v 0.02394200 0.04478700 0.02312400
v 0.02821800 0.04222400 0.02312400
v 0.02821800 0.04222400 0.02312400
v 0.03222300 0.03925400 0.02312400
v 0.03591600 0.03590700 0.02312400
v 0.03926400 0.03221300 0.02312400
v 0.04223400 0.02820900 0.02312400
v 0.04479700 0.02393300 0.02312400
v 0.04692800 0.01942600 0.02312400
v 0.04860800 0.01473200 0.02312400
v 0.04981900 0.00989600 0.02312400
v 0.05055100 -0.00499400 0.01584700
v 0.04981900 -0.00992500 0.01584700
v 0.04860800 -0.01476100 0.01584700
v 0.04692900 -0.01945500 0.01584700
v 0.04479700 -0.02396100 0.01584700
v 0.04223400 -0.02823700 0.01584700
v 0.04223400 -0.02823700 0.01584700
v 0.03926400 -0.03224200 0.01584700
v 0.03591600 -0.03593600 0.01584700
v 0.03222300 -0.03928300 0.01584700
v 0.02821800 -0.04225300 0.01584700
v 0.02394200 -0.04481600 0.01584700
v 0.01943600 -0.04694800 0.01584700
v 0.01474200 -0.04862700 0.01584700
v 0.00990600 -0.04983800 0.01584700
v 0.00497500 -0.05057000 0.01584700
v -0.00000500 -0.05081400 0.01584700
v -0.00498400 -0.05057000 0.01584700
v -0.00991500 -0.04983800 0.01584700
v -0.01475100 -0.04862700 0.01584700
v -0.01944500 -0.04694800 0.01584700
v -0.02395100 -0.04481600 0.01584700
v -0.02822800 -0.04225300 0.01584700
v -0.03223200 -0.03928300 0.01584700
v -0.03223200 -0.03928300 0.01584700
v -0.03592600 -0.03593600 0.01584700
v -0.03927300 -0.03224200 0.01584700
v -0.04224300 -0.02823700 0.01584700
v -0.04480600 -0.02396100 0.01584700
v -0.04693800 -0.01945500 0.01584700
v -0.04861700 -0.01476100 0.01584700
v -0.04982800 -0.00992500 0.01584700
v -0.05056000 -0.00499400 0.01584700
v -0.05080500 -0.00001400 0.01584700
v -0.05056000 0.00496500 0.01584700
v -0.04982800 0.00989600 0.01584700
v -0.04861700 0.01473200 0.01584700
v -0.04693800 0.01942600 0.01584700
v -0.04480600 0.02393300 0.01584700
v -0.04224300 0.02820900 0.01584700
v -0.04224300 0.02820900 0.01584700
v -0.03927300 0.03221300 0.01584700
v -0.03592600 0.03590700 0.01584700
v -0.03223200 0.03925400 0.01584700
v -0.02822700 0.04222400 0.01584700
v -0.02395100 0.04478700 0.01584700
v -0.01944500 0.04691900 0.01584700
v -0.01475100 0.04859800 0.01584700
v -0.00000500 0.05078600 0.01411900
v -0.00000500 0.05078600 0.01411900
v -0.00000500 0.05078600 0.01411900
v 0.00683100 0.05026500 0.01536700
v 0.00683100 0.05026500 0.01536700
v 0.01474200 0.04859800 0.01584700
v 0.01943600 0.04691900 0.01584700
v 0.02394200 0.04478700 0.01584700
v 0.02821800 0.04222400 0.01584700
v 0.02821800 0.04222400 0.01584700
v 0.03222300 0.03925400 0.01584700
v 0.03591600 0.03590700 0.01584700
v 0.03926400 0.03221300 0.01584700
v 0.04223400 0.02820900 0.01584700
v 0.04479700 0.02393300 0.01584700
v 0.04692800 0.01942600 0.01584700
v 0.04860800 0.01473200 0.01584700
v 0.04981900 0.00989600 0.01584700
v 0.05079500 -0.00001400 0.01584700
v 0.05055100 0.00496500 0.01584700
v 0.05079500 -0.00001400 0.08945400
v 0.05055100 0.00496500 0.08945400
v 0.05055100 -0.00499400 0.08945400
v 0.04981900 -0.00992500 0.08945400
v 0.04860800 -0.01476100 0.08945400
v 0.04692900 -0.01945500 0.08945400
v 0.04479700 -0.02396100 0.08945400
v 0.04223400 -0.02823700 0.08945400
v 0.04223400 -0.02823700 0.08945400
v 0.03926400 -0.03224200 0.08945400
v 0.03591600 -0.03593600 0.08945400
v 0.03222300 -0.03928300 0.08945400
v 0.02821800 -0.04225300 0.08945400
v 0.02394200 -0.04481600 0.08945400
v 0.01943600 -0.04694800 0.08945400
v 0.01474200 -0.04862700 0.08945400
v 0.00990600 -0.04983800 0.08945400
v 0.00497500 -0.05057000 0.08945400
v -0.00000500 -0.05081400 0.08945400
v -0.00498400 -0.05057000 0.08945400
v -0.00991500 -0.04983800 0.08945400
v -0.01475100 -0.04862700 0.08945400
v -0.01944500 -0.04694800 0.08945400
v -0.02395100 -0.04481600 0.08945400
v -0.02822800 -0.04225300 0.08945400
v -0.03223200 -0.03928300 0.08945400
v -0.03223200 -0.03928300 0.08945400
v -0.03592600 -0.03593600 0.08945400
v -0.03927300 -0.03224200 0.08945400
v -0.04224300 -0.02823700 0.08945400
v -0.04480600 -0.02396100 0.08945400
v -0.04693800 -0.01945500 0.08945400
v -0.04861700 -0.01476100 0.08945400
v -0.04982800 -0.00992500 0.08945400
v -0.05056000 -0.00499400 0.08945400
v -0.05080500 -0.00001400 0.08945400
v -0.05056000 0.00496500 0.08945400
v -0.04982800 0.00989600 0.08945400
v -0.04861700 0.01473200 0.08945400
v -0.04693800 0.01942600 0.08945400
v -0.04480600 0.02393300 0.08945400
v -0.04224300 0.02820900 0.08945400
v -0.04224300 0.02820900 0.08945400
v -0.03927300 0.03221300 0.08945400
v -0.03592600 0.03590700 0.08945400
v -0.03223200 0.03925400 0.08945400
v -0.02822700 0.04222400 0.08945400
v -0.02395100 0.04478700 0.08945400
v -0.01944500 0.04691900 0.08945400
v -0.01475100 0.04859800 0.08945400
v -0.00654100 0.05031000 0.08915600
v -0.00654100 0.05031000 0.08915600
v -0.00000500 0.05078600 0.08852900
v -0.00000500 0.05078600 0.08852900
v 0.01474200 0.04859800 0.08945400
v 0.01943600 0.04691900 0.08945400
v 0.02394200 0.04478700 0.08945400
v 0.02821800 0.04222400 0.08945400
v 0.02821800 0.04222400 0.08945400
v 0.03222300 0.03925400 0.08945400
v 0.03591600 0.03590700 0.08945400
v 0.03926400 0.03221300 0.08945400
v 0.04223400 0.02820900 0.08945400
v 0.04479700 0.02393300 0.08945400
v 0.04692800 0.01942600 0.08945400
v 0.04860800 0.01473200 0.08945400
v 0.04981900 0.00989600 0.08945400
v 0.05079500 -0.00001400 0.09665000
v 0.05055100 0.00496500 0.09665000
v 0.05055100 -0.00499400 0.09665000
v 0.04981900 -0.00992500 0.09665000
v 0.04860800 -0.01476100 0.09665000
v 0.04692900 -0.01945500 0.09665000
v 0.04479700 -0.02396100 0.09665000
v 0.04223400 -0.02823700 0.09665000
v 0.04223400 -0.02823700 0.09665000
v 0.03926400 -0.03224200 0.09665000
v 0.03591600 -0.03593600 0.09665000
v 0.03222300 -0.03928300 0.09665000
v 0.02821800 -0.04225300 0.09665000
v 0.02394200 -0.04481600 0.09665000
v 0.01943600 -0.04694800 0.09665000
v 0.01474200 -0.04862700 0.09665000
v 0.00990600 -0.04983800 0.09665000
v 0.00497500 -0.05057000 0.09665000
v -0.00000500 -0.05081400 0.09665000
v -0.00498400 -0.05057000 0.09665000
v -0.00991500 -0.04983800 0.09665000
v -0.01475100 -0.04862700 0.09665000
v -0.01944500 -0.04694800 0.09665000
v -0.02395100 -0.04481600 0.09665000
v -0.02822800 -0.04225300 0.09665000
v -0.03223200 -0.03928300 0.09665000
v -0.03223200 -0.03928300 0.09665000
v -0.03592600 -0.03593600 0.09665000
v -0.03927300 -0.03224200 0.09665000
v -0.04224300 -0.02823700 0.09665000
v -0.04480600 -0.02396100 0.09665000
v -0.04693800 -0.01945500 0.09665000
v -0.04861700 -0.01476100 0.09665000
v -0.04982800 -0.00992500 0.09665000
v -0.05056000 -0.00499400 0.09665000
v -0.05080500 -0.00001400 0.09665000
v -0.05056000 0.00496500 0.09665000
v -0.04982800 0.00989600 0.09665000
v -0.04861700 0.01473200 0.09665000
v -0.04693800 0.01942600 0.09665000
v -0.04480600 0.02393300 0.09665000
v -0.04224300 0.02820900 0.09665000
v -0.04224300 0.02820900 0.09665000
v -0.03927300 0.03221300 0.09665000
v -0.03592600 0.03590700 0.09665000
v -0.03223200 0.03925400 0.09665000
v -0.02822700 0.04222400 0.09665000
v -0.02395100 0.04478700 0.09665000
v -0.01944500 0.04691900 0.09665000
v -0.01475100 0.04859800 0.09665000
v -0.00000500 0.05078600 0.09833600
v -0.00000500 0.05078600 0.09833600
v -0.00000500 0.05078600 0.09833600
v 0.01474200 0.04859800 0.09665000
v 0.01943600 0.04691900 0.09665000
v 0.02394200 0.04478700 0.09665000
v 0.02821800 0.04222400 0.09665000
v 0.02821800 0.04222400 0.09665000
v 0.03222300 0.03925400 0.09665000
v 0.03591600 0.03590700 0.09665000
v 0.03926400 0.03221300 0.09665000
v 0.04223400 0.02820900 0.09665000
v 0.04479700 0.02393300 0.09665000
v 0.04692800 0.01942600 0.09665000
v 0.04860800 0.01473200 0.09665000
v 0.04981900 0.00989600 0.09665000
vn -0.63840000 0.70280000 0.31390000
vn -0.17550000 0.98450000 -0.00000000
vn -0.00290000 1.00000000 -0.00000000
vn 0.05900000 0.73550000 0.67500000
vn 0.00300000 1.00000000 -0.00000000
vn 0.31790000 0.75620000 0.57190000
vn 0.10820000 0.99410000 -0.00000000
vn 0.08270000 0.99660000 -0.00000000
vn 0.81220000 0.58260000 -0.02950000
vn 0.07990000 0.97920000 -0.18670000
vn 0.09150000 0.99580000 -0.00000000
vn 0.10410000 0.99460000 -0.00000000
vn -0.08790000 0.99610000 -0.00000000
vn -0.09350000 0.98900000 -0.11500000
vn -0.10470000 0.99450000 -0.00000000
vn -0.17550000 0.98450000 -0.00000000
vn -0.29930000 0.94390000 -0.13930000
vn -0.89070000 0.45470000 0.00200000
vn -0.76150000 0.55470000 0.33520000
vn -0.26040000 0.70490000 0.65980000
vn 0.04810000 0.65740000 0.75200000
vn 0.29090000 0.65280000 0.69940000
vn 0.73350000 0.56270000 0.38120000
vn 0.89870000 0.43670000 -0.04020000
vn 0.61210000 0.67990000 -0.40390000
vn 0.19220000 0.77380000 -0.60350000
vn 0.03560000 0.86000000 -0.50900000
vn -0.14970000 0.87460000 -0.46120000
vn -0.67440000 0.67250000 -0.30460000
vn -0.92780000 0.37300000 0.00290000
vn -0.73800000 0.32790000 0.58980000
vn -0.28210000 0.43690000 0.85410000
vn 0.01660000 0.41760000 0.90850000
vn 0.29040000 0.39800000 0.87020000
vn 0.72120000 0.31400000 0.61740000
vn 0.98980000 0.13920000 -0.02940000
vn 0.70500000 0.06210000 -0.70650000
vn 0.27480000 0.06960000 -0.95900000
vn 0.03580000 0.12610000 -0.99140000
vn -0.23740000 0.19090000 -0.95250000
vn -0.74870000 0.14050000 -0.64780000
vn -0.99050000 0.13730000 -0.01040000
vn -0.68930000 0.18170000 0.70140000
vn -0.28660000 0.24010000 0.92750000
vn -0.00000000 0.25060000 0.96810000
vn 0.28660000 0.24010000 0.92750000
vn 0.68930000 0.18170000 0.70140000
vn 1.00000000 -0.00050000 -0.00430000
vn 0.68670000 -0.18230000 -0.70380000
vn 0.28590000 -0.24040000 -0.92760000
vn -0.00000000 -0.25090000 -0.96800000
vn -0.28590000 -0.24040000 -0.92760000
vn -0.68670000 -0.18230000 -0.70380000
vn -1.00000000 -0.00050000 -0.00430000
vn -0.68820000 0.16150000 0.70730000
vn -0.28560000 0.21320000 0.93430000
vn -0.00000000 0.22250000 0.97490000
vn 0.28560000 0.21320000 0.93430000
vn 0.68820000 0.16150000 0.70730000
vn 1.00000000 -0.00040000 -0.00480000
vn 0.68530000 -0.16210000 -0.71000000
vn 0.28480000 -0.21350000 -0.93450000
vn -0.00000000 -0.22270000 -0.97490000
vn -0.28480000 -0.21350000 -0.93450000
vn -0.68530000 -0.16210000 -0.71000000
vn -1.00000000 -0.00040000 -0.00480000
vn -0.68710000 0.13870000 0.71320000
vn -0.28470000 0.18300000 0.94100000
vn -0.00000000 0.19090000 0.98160000
vn 0.28470000 0.18300000 0.94100000
vn 0.68710000 0.13870000 0.71320000
vn 1.00000000 -0.00040000 -0.00540000
vn 0.68390000 -0.13930000 -0.71620000
vn 0.28370000 -0.18320000 -0.94120000
vn -0.00000000 -0.19100000 -0.98160000
vn -0.28370000 -0.18320000 -0.94120000
vn -0.68390000 -0.13930000 -0.71620000
vn -1.00000000 -0.00040000 -0.00540000
vn -0.68620000 0.11290000 0.71860000
vn -0.28370000 0.14880000 0.94730000
vn -0.00000000 0.15520000 0.98790000
vn 0.28370000 0.14880000 0.94730000
vn 0.68620000 0.11290000 0.71860000
vn 1.00000000 -0.00030000 -0.00600000
vn 0.68250000 -0.11340000 -0.72200000
vn 0.28270000 -0.14900000 -0.94760000
vn -0.00000000 -0.15530000 -0.98790000
vn -0.28270000 -0.14900000 -0.94760000
vn -0.68250000 -0.11340000 -0.72200000
vn -1.00000000 -0.00030000 -0.00600000
vn -0.68540000 0.08370000 0.72340000
vn -0.28290000 0.11020000 0.95280000
vn -0.00000000 0.11490000 0.99340000
vn 0.28290000 0.11020000 0.95280000
vn 0.68540000 0.08370000 0.72340000
vn 1.00000000 -0.00030000 -0.00680000
vn 0.68120000 -0.08400000 -0.72720000
vn 0.28180000 -0.11020000 -0.95310000
vn -0.00000000 -0.11480000 -0.99340000
vn -0.28180000 -0.11020000 -0.95310000
vn -0.68120000 -0.08400000 -0.72720000
vn -1.00000000 -0.00030000 -0.00680000
vn -0.68480000 0.05050000 0.72700000
vn -0.28240000 0.06640000 0.95700000
vn -0.00000000 0.06930000 0.99760000
vn 0.28240000 0.06640000 0.95700000
vn 0.68480000 0.05050000 0.72700000
vn 1.00000000 -0.00020000 -0.00760000
vn 0.68020000 -0.05060000 -0.73130000
vn 0.28100000 -0.06630000 -0.95740000
vn -0.00000000 -0.06910000 -0.99760000
vn -0.28100000 -0.06630000 -0.95740000
vn -0.68020000 -0.05060000 -0.73130000
vn -1.00000000 -0.00020000 -0.00760000
vn -0.68470000 0.01280000 0.72870000
vn -0.28210000 0.01690000 0.95920000
vn -0.00000000 0.01770000 0.99980000
vn 0.28210000 0.01690000 0.95920000
vn 0.68470000 0.01280000 0.72870000
vn 1.00000000 -0.00000000 -0.00860000
vn 0.67940000 -0.01270000 -0.73360000
vn 0.28060000 -0.01660000 -0.95970000
vn -0.00000000 -0.01720000 -0.99990000
vn -0.28060000 -0.01660000 -0.95970000
vn -0.67940000 -0.01270000 -0.73360000
vn -1.00000000 -0.00000000 -0.00860000
vn -0.68520000 -0.02980000 0.72780000
vn -0.28230000 -0.03900000 0.95850000
vn -0.00000000 -0.04060000 0.99920000
vn 0.28230000 -0.03900000 0.95850000
vn 0.68520000 -0.02980000 0.72780000
vn 1.00000000 0.00020000 -0.00970000
vn 0.67920000 0.03030000 -0.73330000
vn 0.28060000 0.03970000 -0.95900000
vn -0.00000000 0.04140000 -0.99910000
vn -0.28060000 0.03970000 -0.95900000
vn -0.67920000 0.03030000 -0.73330000
vn -1.00000000 0.00020000 -0.00970000
vn -0.68650000 -0.07750000 0.72300000
vn -0.28320000 -0.10200000 0.95360000
vn -0.00000000 -0.10630000 0.99430000
vn 0.28320000 -0.10200000 0.95360000
vn 0.68650000 -0.07750000 0.72300000
vn 0.99990000 0.00050000 -0.01100000
vn 0.67980000 0.07860000 -0.72920000
vn 0.28130000 0.10310000 -0.95410000
vn -0.00000000 0.10740000 -0.99420000
vn -0.28130000 0.10310000 -0.95410000
vn -0.67980000 0.07860000 -0.72920000
vn -0.99990000 0.00050000 -0.01100000
vn -0.68890000 -0.13060000 0.71300000
vn -0.28490000 -0.17230000 0.94290000
vn -0.00000000 -0.17970000 0.98370000
vn 0.28490000 -0.17230000 0.94290000
vn 0.68890000 -0.13060000 0.71300000
vn 0.99990000 0.00090000 -0.01240000
vn 0.68140000 0.13230000 -0.71980000
vn 0.28280000 0.17380000 -0.94330000
vn -0.00000000 0.18130000 -0.98340000
vn -0.28280000 0.17380000 -0.94330000
vn -0.68140000 0.13230000 -0.71980000
vn -0.99990000 0.00090000 -0.01240000
vn -0.69270000 -0.18860000 0.69620000
vn -0.28790000 -0.24980000 0.92450000
vn -0.00000000 -0.26090000 0.96540000
vn 0.28790000 -0.24980000 0.92450000
vn 0.69270000 -0.18860000 0.69620000
vn 0.99990000 0.00160000 -0.01380000
vn 0.68430000 0.19110000 -0.70370000
vn 0.28550000 0.25180000 -0.92470000
vn -0.00000000 0.26280000 -0.96490000
vn -0.28550000 0.25180000 -0.92470000
vn -0.68430000 0.19110000 -0.70370000
vn -0.99990000 0.00160000 -0.01380000
vn -0.69800000 -0.25050000 0.67090000
vn -0.29210000 -0.33380000 0.89620000
vn -0.00000000 -0.34910000 0.93710000
vn 0.29210000 -0.33380000 0.89620000
vn 0.69800000 -0.25050000 0.67090000
vn 0.99990000 0.00270000 -0.01530000
vn 0.68880000 0.25400000 -0.67910000
vn 0.28950000 0.33620000 -0.89620000
vn -0.00000000 0.35120000 -0.93630000
vn -0.28950000 0.33620000 -0.89620000
vn -0.68880000 0.25400000 -0.67910000
vn -0.99990000 0.00270000 -0.01530000
vn -0.70470000 -0.31450000 0.63600000
vn -0.29780000 -0.42240000 0.85610000
vn -0.00000000 -0.44250000 0.89680000
vn 0.29780000 -0.42240000 0.85610000
vn 0.70470000 -0.31450000 0.63600000
vn 0.99990000 0.00410000 -0.01630000
vn 0.69470000 0.31910000 -0.64460000
vn 0.29490000 0.42490000 -0.85580000
vn -0.00000000 0.44470000 -0.89570000
vn -0.29490000 0.42490000 -0.85580000
vn -0.69470000 0.31910000 -0.64460000
vn -0.99990000 0.00410000 -0.01630000
vn -0.71270000 -0.37810000 0.59090000
vn -0.30470000 -0.51260000 0.80280000
vn -0.00000000 -0.53830000 0.84280000
vn 0.30470000 -0.51260000 0.80280000
vn 0.71270000 -0.37810000 0.59090000
vn 0.99980000 0.00600000 -0.01680000
vn 0.70200000 0.38390000 -0.59990000
vn 0.30150000 0.51520000 -0.80230000
vn -0.00000000 0.54030000 -0.84150000
vn -0.30150000 0.51520000 -0.80230000
vn -0.70200000 0.38390000 -0.59990000
vn -0.99980000 0.00600000 -0.01680000
vn -0.72130000 -0.43850000 0.53620000
vn -0.31250000 -0.60060000 0.73600000
vn -0.00000000 -0.63240000 0.77470000
vn 0.31250000 -0.60060000 0.73600000
vn 0.72130000 -0.43850000 0.53620000
vn 0.99980000 0.00800000 -0.01640000
vn 0.71010000 0.44540000 -0.54530000
vn 0.30900000 0.60290000 -0.73560000
vn -0.00000000 0.63390000 -0.77340000
vn -0.30900000 0.60290000 -0.73560000
vn -0.71010000 0.44540000 -0.54530000
vn -0.99980000 0.00800000 -0.01640000
vn -0.72940000 -0.49220000 0.47510000
vn -0.32030000 -0.68100000 0.65860000
vn -0.00000000 -0.71900000 0.69500000
vn 0.32030000 -0.68100000 0.65860000
vn 0.72940000 -0.49220000 0.47510000
vn 0.99980000 0.00950000 -0.01460000
vn 0.71840000 0.49990000 -0.48370000
vn 0.31660000 0.68280000 -0.65850000
vn -0.00000000 0.71980000 -0.69420000
vn -0.31660000 0.68280000 -0.65850000
vn -0.71840000 0.49990000 -0.48370000
vn -0.99980000 0.00950000 -0.01460000
vn -0.73600000 -0.53580000 0.41380000
vn -0.32710000 -0.74750000 0.57820000
vn -0.00000000 -0.79110000 0.61170000
vn 0.32710000 -0.74750000 0.57820000
vn 0.73600000 -0.53580000 0.41380000
vn 0.99990000 0.00970000 -0.01160000
vn 0.72610000 0.54360000 -0.42100000
vn 0.32360000 0.74890000 -0.57830000
vn -0.00000000 0.79150000 -0.61120000
vn -0.32360000 0.74890000 -0.57830000
vn -0.72610000 0.54360000 -0.42100000
vn -0.99990000 0.00970000 -0.01160000
vn -0.74100000 -0.56880000 0.35680000
vn -0.33250000 -0.79860000 0.50170000
vn -0.00000000 -0.84680000 0.53190000
vn 0.33250000 -0.79860000 0.50170000
vn 0.74100000 -0.56880000 0.35680000
vn 0.99990000 0.00940000 -0.00880000
vn 0.73240000 0.57640000 -0.36240000
vn 0.32940000 0.79990000 -0.50170000
vn -0.00000000 0.84720000 -0.53130000
vn -0.32940000 0.79990000 -0.50170000
vn -0.73240000 0.57640000 -0.36240000
vn -0.99990000 0.00940000 -0.00880000
vn -0.74480000 -0.59330000 0.30530000
vn -0.33680000 -0.83700000 0.43140000
vn -0.00000000 -0.88890000 0.45810000
vn 0.33670000 -0.83700000 0.43140000
vn 0.74480000 -0.59330000 0.30530000
vn 0.99990000 0.00870000 -0.00660000
vn 0.73730000 0.60040000 -0.30960000
vn 0.33390000 0.83810000 -0.43130000
vn -0.00000000 0.88920000 -0.45750000
vn -0.33390000 0.83810000 -0.43130000
vn -0.73730000 0.60040000 -0.30960000
vn -0.99990000 0.00870000 -0.00660000
vn -0.74760000 -0.61130000 0.25960000
vn -0.33990000 -0.86540000 0.36810000
vn -0.00000000 -0.92020000 0.39130000
vn 0.33990000 -0.86540000 0.36810000
vn 0.74760000 -0.61130000 0.25960000
vn 1.00000000 0.00790000 -0.00480000
vn 0.74110000 0.61780000 -0.26280000
vn 0.33740000 0.86650000 -0.36790000
vn -0.00000000 0.92050000 -0.39090000
vn -0.33740000 0.86650000 -0.36790000
vn -0.74110000 0.61780000 -0.26280000
vn -1.00000000 0.00790000 -0.00490000
vn -0.74960000 -0.62450000 0.21940000
vn -0.34230000 -0.88640000 0.31180000
vn -0.00000000 -0.94330000 0.33180000
vn 0.34230000 -0.88640000 0.31180000
vn 0.74960000 -0.62450000 0.21940000
vn 1.00000000 0.00710000 -0.00350000
vn 0.74400000 0.63040000 -0.22180000
vn 0.34000000 0.88730000 -0.31170000
vn -0.00000000 0.94350000 -0.33140000
vn -0.34000000 0.88730000 -0.31170000
vn -0.74400000 0.63040000 -0.22180000
vn -1.00000000 0.00710000 -0.00350000
vn -0.75100000 -0.63410000 0.18410000
vn -0.34400000 -0.90170000 0.26210000
vn -0.00000000 -0.96030000 0.27910000
vn 0.34400000 -0.90170000 0.26210000
vn 0.75100000 -0.63410000 0.18410000
vn 1.00000000 0.00630000 -0.00260000
vn 0.74610000 0.63940000 -0.18590000
vn 0.34200000 0.90240000 -0.26200000
vn -0.00000000 0.96030000 -0.27880000
vn -0.34200000 0.90240000 -0.26200000
vn -0.74610000 0.63940000 -0.18590000
vn -1.00000000 0.00630000 -0.00260000
vn -0.75190000 -0.64120000 0.15320000
vn -0.34520000 -0.91280000 0.21840000
vn -0.00000000 -0.97260000 0.23270000
vn 0.34520000 -0.91280000 0.21840000
vn 0.75190000 -0.64120000 0.15320000
vn 1.00000000 0.00550000 -0.00190000
vn 0.74770000 0.64580000 -0.15450000
vn 0.34350000 0.91340000 -0.21830000
vn -0.00000000 0.97260000 -0.23240000
vn -0.34350000 0.91340000 -0.21830000
vn -0.74770000 0.64580000 -0.15450000
vn -1.00000000 0.00550000 -0.00190000
vn -0.75260000 -0.64630000 0.12610000
vn -0.34610000 -0.92080000 0.17990000
vn -0.00000000 -0.98150000 0.19170000
vn 0.34610000 -0.92080000 0.17990000
vn 0.75260000 -0.64630000 0.12610000
vn 1.00000000 0.00490000 -0.00130000
vn 0.74890000 0.65040000 -0.12700000
vn 0.34450000 0.92140000 -0.17980000
vn -0.00000000 0.98150000 -0.19150000
vn -0.34450000 0.92140000 -0.17980000
vn -0.74890000 0.65040000 -0.12700000
vn -1.00000000 0.00490000 -0.00130000
vn -0.75300000 -0.65000000 0.10230000
vn -0.34670000 -0.92660000 0.14590000
vn -0.00000000 -0.98780000 0.15560000
vn 0.34670000 -0.92660000 0.14590000
vn 0.75300000 -0.65000000 0.10230000
vn 1.00000000 0.00430000 -0.00100000
vn 0.74980000 0.65360000 -0.10290000
vn 0.34530000 0.92710000 -0.14590000
vn -0.00000000 0.98780000 -0.15540000
vn -0.34530000 0.92710000 -0.14590000
vn -0.74980000 0.65360000 -0.10290000
vn -1.00000000 0.00430000 -0.00100000
vn -0.75330000 -0.65260000 0.08130000
vn -0.34710000 -0.93060000 0.11590000
vn -0.00000000 -0.99230000 0.12360000
vn 0.34710000 -0.93060000 0.11590000
vn 0.75330000 -0.65260000 0.08130000
vn 1.00000000 0.00380000 -0.00070000
vn 0.75050000 0.65580000 -0.08170000
vn 0.34590000 0.93110000 -0.11590000
vn -0.00000000 0.99230000 -0.12350000
vn -0.34590000 0.93110000 -0.11590000
vn -0.75050000 0.65580000 -0.08170000
vn -1.00000000 0.00380000 -0.00070000
vn -0.75350000 -0.65450000 0.06260000
vn -0.34740000 -0.93350000 0.08940000
vn -0.00000000 -0.99540000 0.09530000
vn 0.34740000 -0.93350000 0.08940000
vn 0.75350000 -0.65450000 0.06260000
vn 1.00000000 0.00340000 -0.00050000
vn 0.75100000 0.65730000 -0.06300000
vn 0.34630000 0.93380000 -0.08940000
vn -0.00000000 0.99550000 -0.09530000
vn -0.34630000 0.93380000 -0.08940000
vn -0.75100000 0.65730000 -0.06300000
vn -1.00000000 0.00340000 -0.00050000
vn -0.75360000 -0.65580000 0.04610000
vn -0.34760000 -0.93530000 0.06580000
vn -0.00000000 -0.99750000 0.07020000
vn 0.34760000 -0.93530000 0.06580000
vn 0.75360000 -0.65580000 0.04610000
vn 1.00000000 0.00300000 -0.00030000
vn 0.75130000 0.65830000 -0.04630000
vn 0.34660000 0.93570000 -0.06580000
vn -0.00000000 0.99750000 -0.07020000
vn -0.34660000 0.93570000 -0.06580000
vn -0.75130000 0.65830000 -0.04630000
vn -1.00000000 0.00300000 -0.00030000
vn -0.75360000 -0.65660000 0.03140000
vn -0.34760000 -0.93660000 0.04490000
vn -0.00000000 -0.99890000 0.04790000
vn 0.34760000 -0.93660000 0.04490000
vn 0.75360000 -0.65660000 0.03140000
vn 1.00000000 0.00270000 -0.00020000
vn 0.75160000 0.65890000 -0.03160000
vn 0.34680000 0.93690000 -0.04490000
vn -0.00000000 0.99890000 -0.04780000
vn -0.34680000 0.93690000 -0.04490000
vn -0.75160000 0.65890000 -0.03160000
vn -1.00000000 0.00270000 -0.00020000
vn -0.75350000 -0.65710000 0.01830000
vn -0.34770000 -0.93720000 0.02620000
vn -0.00000000 -0.99960000 0.02790000
vn 0.34770000 -0.93720000 0.02620000
vn 0.75350000 -0.65710000 0.01830000
vn 1.00000000 0.00240000 -0.00010000
vn 0.75180000 0.65920000 -0.01840000
vn 0.34690000 0.93750000 -0.02620000
vn -0.00000000 0.99960000 -0.02790000
vn -0.34690000 0.93750000 -0.02620000
vn -0.75180000 0.65920000 -0.01840000
vn -1.00000000 0.00240000 -0.00010000
vn -0.75350000 -0.65740000 0.00660000
vn -0.34770000 -0.93760000 0.00950000
vn -0.00000000 -0.99990000 0.01010000
vn 0.34770000 -0.93760000 0.00950000
vn 0.75350000 -0.65740000 0.00660000
vn 1.00000000 0.00220000 -0.00000000
vn 0.75190000 0.65920000 -0.00670000
vn 0.34700000 0.93780000 -0.00950000
vn -0.00000000 0.99990000 -0.01010000
vn -0.34700000 0.93780000 -0.00950000
vn -0.75190000 0.65920000 -0.00670000
vn -1.00000000 0.00220000 -0.00000000
vn -0.75340000 -0.65750000 -0.00380000
vn -0.34770000 -0.93760000 -0.00550000
vn -0.00000000 -1.00000000 -0.00580000
vn 0.34770000 -0.93760000 -0.00550000
vn 0.75340000 -0.65750000 -0.00380000
vn 1.00000000 0.00190000 -0.00000000
vn 0.75200000 0.65920000 0.00380000
vn 0.34710000 0.93780000 0.00550000
vn -0.00000000 1.00000000 0.00580000
vn -0.34710000 0.93780000 0.00550000
vn -0.75200000 0.65920000 0.00380000
vn -1.00000000 0.00190000 -0.00000000
vn -0.75330000 -0.65750000 -0.01320000
vn -0.34760000 -0.93750000 -0.01890000
vn -0.00000000 -0.99980000 -0.02010000
vn 0.34760000 -0.93750000 -0.01890000
vn 0.75330000 -0.65750000 -0.01320000
vn 1.00000000 0.00170000 -0.00000000
vn 0.75200000 0.65900000 0.01330000
vn 0.34710000 0.93770000 0.01890000
vn -0.00000000 0.99980000 0.02010000
vn -0.34710000 0.93770000 0.01890000
vn -0.75200000 0.65900000 0.01330000
vn -1.00000000 0.00170000 -0.00000000
vn -0.75330000 -0.65730000 -0.02210000
vn -0.34760000 -0.93710000 -0.03150000
vn -0.00000000 -0.99940000 -0.03360000
vn 0.34760000 -0.93710000 -0.03150000
vn 0.75330000 -0.65730000 -0.02210000
vn 1.00000000 0.00170000 0.00010000
vn 0.75200000 0.65880000 0.02210000
vn 0.34700000 0.93730000 0.03150000
vn -0.00000000 0.99940000 0.03360000
vn -0.34700000 0.93730000 0.03150000
vn -0.75200000 0.65880000 0.02210000
vn -1.00000000 0.00170000 0.00010000
vn -0.75330000 -0.65700000 -0.03130000
vn -0.34750000 -0.93660000 -0.04460000
vn -0.00000000 -0.99890000 -0.04760000
vn 0.34750000 -0.93660000 -0.04460000
vn 0.75330000 -0.65700000 -0.03130000
vn 1.00000000 0.00190000 0.00010000
vn 0.75190000 0.65850000 0.03140000
vn 0.34690000 0.93680000 0.04460000
vn -0.00000000 0.99890000 0.04760000
vn -0.34690000 0.93680000 0.04460000
vn -0.75190000 0.65850000 0.03140000
vn -1.00000000 0.00190000 0.00010000
vn -0.75330000 -0.65640000 -0.04140000
vn -0.34750000 -0.93580000 -0.05910000
vn -0.00000000 -0.99800000 -0.06300000
vn 0.34750000 -0.93580000 -0.05910000
vn 0.75330000 -0.65640000 -0.04140000
vn 1.00000000 0.00210000 0.00020000
vn 0.75170000 0.65820000 0.04150000
vn 0.34680000 0.93610000 0.05910000
vn -0.00000000 0.99800000 0.06300000
vn -0.34680000 0.93610000 0.05910000
vn -0.75170000 0.65820000 0.04150000
vn -1.00000000 0.00210000 0.00020000
vn -0.75320000 -0.65570000 -0.05260000
vn -0.34740000 -0.93470000 -0.07500000
vn -0.00000000 -0.99680000 -0.08000000
vn 0.34740000 -0.93470000 -0.07500000
vn 0.75320000 -0.65570000 -0.05260000
vn 1.00000000 0.00230000 0.00030000
vn 0.75150000 0.65760000 0.05280000
vn 0.34660000 0.93500000 0.07500000
vn -0.00000000 0.99680000 0.08000000
vn -0.34660000 0.93500000 0.07500000
vn -0.75150000 0.65760000 0.05280000
vn -1.00000000 0.00230000 0.00030000
vn -0.75310000 -0.65470000 -0.06500000
vn -0.34720000 -0.93320000 -0.09270000
vn -0.00000000 -0.99510000 -0.09880000
vn 0.34720000 -0.93320000 -0.09270000
vn 0.75310000 -0.65470000 -0.06500000
vn 1.00000000 0.00250000 0.00040000
vn 0.75120000 0.65680000 0.06520000
vn 0.34640000 0.93350000 0.09260000
vn -0.00000000 0.99510000 0.09880000
vn -0.34640000 0.93350000 0.09260000
vn -0.75120000 0.65680000 0.06520000
vn -1.00000000 0.00250000 0.00040000
vn -0.75300000 -0.65330000 -0.07870000
vn -0.34700000 -0.93110000 -0.11230000
vn -0.00000000 -0.99280000 -0.11970000
vn 0.34700000 -0.93110000 -0.11230000
vn 0.75300000 -0.65330000 -0.07870000
vn 1.00000000 0.00280000 0.00050000
vn 0.75090000 0.65570000 0.07910000
vn 0.34610000 0.93140000 0.11230000
vn -0.00000000 0.99280000 0.11970000
vn -0.34610000 0.93150000 0.11230000
vn -0.75090000 0.65570000 0.07910000
vn -1.00000000 0.00280000 0.00050000
vn -0.75280000 -0.65150000 -0.09410000
vn -0.34670000 -0.92830000 -0.13420000
vn -0.00000000 -0.98970000 -0.14300000
vn 0.34670000 -0.92830000 -0.13420000
vn 0.75280000 -0.65150000 -0.09410000
vn 1.00000000 0.00310000 0.00060000
vn 0.75040000 0.65410000 0.09450000
vn 0.34570000 0.92870000 0.13410000
vn -0.00000000 0.98970000 0.14290000
vn -0.34570000 0.92870000 0.13410000
vn -0.75040000 0.65410000 0.09450000
vn -1.00000000 0.00310000 0.00060000
vn -0.75250000 -0.64910000 -0.11130000
vn -0.34630000 -0.92460000 -0.15870000
vn -0.00000000 -0.98560000 -0.16910000
vn 0.34630000 -0.92460000 -0.15870000
vn 0.75250000 -0.64910000 -0.11130000
vn 1.00000000 0.00350000 0.00080000
vn 0.74990000 0.65210000 0.11190000
vn 0.34520000 0.92500000 0.15860000
vn -0.00000000 0.98560000 0.16900000
vn -0.34520000 0.92500000 0.15860000
vn -0.74990000 0.65210000 0.11190000
vn -1.00000000 0.00350000 0.00080000
vn -0.75210000 -0.64590000 -0.13070000
vn -0.34580000 -0.91970000 -0.18620000
vn -0.00000000 -0.98010000 -0.19840000
vn 0.34580000 -0.91970000 -0.18620000
vn 0.75210000 -0.64600000 -0.13070000
vn 1.00000000 0.00400000 0.00110000
vn 0.74910000 0.64930000 0.13140000
vn 0.34450000 0.92010000 0.18610000
vn -0.00000000 0.98010000 0.19830000
vn -0.34450000 0.92010000 0.18610000
vn -0.74910000 0.64930000 0.13140000
vn -1.00000000 0.00400000 0.00110000
vn -0.75160000 -0.64180000 -0.15260000
vn -0.34510000 -0.91310000 -0.21730000
vn -0.00000000 -0.97280000 -0.23150000
vn 0.34510000 -0.91310000 -0.21730000
vn 0.75160000 -0.64180000 -0.15260000
vn 1.00000000 0.00450000 0.00150000
vn 0.74810000 0.64550000 0.15360000
vn 0.34370000 0.91360000 0.21720000
vn -0.00000000 0.97290000 0.23130000
vn -0.34370000 0.91360000 0.21720000
vn -0.74810000 0.64550000 0.15360000
vn -1.00000000 0.00450000 0.00150000
vn -0.75080000 -0.63630000 -0.17750000
vn -0.34410000 -0.90440000 -0.25250000
vn -0.00000000 -0.96320000 -0.26890000
vn 0.34410000 -0.90440000 -0.25250000
vn 0.75080000 -0.63630000 -0.17750000
vn 1.00000000 0.00500000 0.00200000
vn 0.74690000 0.64050000 0.17880000
vn 0.34250000 0.90500000 0.25240000
vn -0.00000000 0.96330000 0.26860000
vn -0.34250000 0.90500000 0.25240000
vn -0.74690000 0.64050000 0.17880000
vn -1.00000000 0.00500000 0.00200000
vn -0.74970000 -0.62890000 -0.20580000
vn -0.34280000 -0.89270000 -0.29250000
vn -0.00000000 -0.95030000 -0.31130000
vn 0.34280000 -0.89270000 -0.29250000
vn 0.74970000 -0.62890000 -0.20580000
vn 1.00000000 0.00570000 0.00270000
vn 0.74520000 0.63370000 0.20760000
vn 0.34100000 0.89350000 0.29230000
vn -0.00000000 0.95040000 0.31100000
vn -0.34100000 0.89350000 0.29230000
vn -0.74520000 0.63370000 0.20760000
vn -1.00000000 0.00570000 0.00270000
vn -0.74830000 -0.61910000 -0.23830000
vn -0.34110000 -0.87720000 -0.33800000
vn -0.00000000 -0.93310000 -0.35950000
vn 0.34110000 -0.87720000 -0.33800000
vn 0.74830000 -0.61910000 -0.23830000
vn 1.00000000 0.00650000 0.00360000
vn 0.74310000 0.62440000 0.24060000
vn 0.33900000 0.87800000 0.33790000
vn -0.00000000 0.93330000 0.35910000
vn -0.33900000 0.87800000 0.33790000
vn -0.74310000 0.62440000 0.24060000
vn -1.00000000 0.00650000 0.00360000
vn -0.74630000 -0.60590000 -0.27550000
vn -0.33870000 -0.85630000 -0.38980000
vn -0.00000000 -0.91010000 -0.41430000
vn 0.33870000 -0.85630000 -0.38980000
vn 0.74630000 -0.60590000 -0.27550000
vn 1.00000000 0.00730000 0.00480000
vn 0.74030000 0.61190000 0.27860000
vn 0.33640000 0.85730000 0.38970000
vn -0.00000000 0.91040000 0.41380000
vn -0.33640000 0.85730000 0.38970000
vn -0.74030000 0.61190000 0.27860000
vn -1.00000000 0.00730000 0.00480000
vn -0.74360000 -0.58810000 -0.31800000
vn -0.33570000 -0.82830000 -0.44860000
vn -0.00000000 -0.87940000 -0.47620000
vn 0.33570000 -0.82830000 -0.44860000
vn 0.74360000 -0.58810000 -0.31800000
vn 0.99990000 0.00810000 0.00640000
vn 0.73660000 0.59470000 0.32220000
vn 0.33300000 0.82940000 0.44850000
vn -0.00000000 0.87960000 0.47560000
vn -0.33300000 0.82940000 0.44850000
vn -0.73660000 0.59470000 0.32220000
vn -0.99990000 0.00810000 0.00640000
vn -0.74000000 -0.56400000 -0.36650000
vn -0.33160000 -0.79070000 -0.51460000
vn -0.00000000 -0.83820000 -0.54540000
vn 0.33160000 -0.79070000 -0.51460000
vn 0.74000000 -0.56400000 -0.36650000
vn 0.99990000 0.00880000 0.00860000
vn 0.73170000 0.57110000 0.37200000
vn 0.32860000 0.79190000 0.51460000
vn -0.00000000 0.83850000 0.54490000
vn -0.32860000 0.79190000 0.51460000
vn -0.73170000 0.57110000 0.37200000
vn -0.99990000 0.00880000 0.00860000
vn -0.73500000 -0.53140000 -0.42110000
vn -0.32620000 -0.74040000 -0.58760000
vn -0.00000000 -0.78340000 -0.62150000
vn 0.32620000 -0.74040000 -0.58760000
vn 0.73500000 -0.53140000 -0.42110000
vn 0.99990000 0.00930000 0.01150000
vn 0.72550000 0.53890000 0.42820000
vn 0.32290000 0.74180000 0.58780000
vn -0.00000000 0.78370000 0.62110000
vn -0.32290000 0.74180000 0.58780000
vn -0.72550000 0.53890000 0.42820000
vn -0.99990000 0.00930000 0.01150000
vn -0.72860000 -0.48780000 -0.48080000
vn -0.31960000 -0.67420000 -0.66580000
vn -0.00000000 -0.71170000 -0.70250000
vn 0.31960000 -0.67420000 -0.66580000
vn 0.72860000 -0.48780000 -0.48080000
vn 0.99980000 0.00920000 0.01470000
vn 0.71770000 0.49530000 0.48950000
vn 0.31590000 0.67590000 0.66590000
vn -0.00000000 0.71230000 0.70190000
vn -0.31590000 0.67590000 0.66590000
vn -0.71770000 0.49530000 0.48950000
vn -0.99980000 0.00920000 0.01470000
vn -0.72060000 -0.43310000 -0.54150000
vn -0.31180000 -0.59270000 -0.74260000
vn -0.00000000 -0.62400000 -0.78140000
vn 0.31180000 -0.59270000 -0.74260000
vn 0.72060000 -0.43310000 -0.54150000
vn 0.99980000 0.00790000 0.01680000
vn 0.70920000 0.43990000 0.55090000
vn 0.30820000 0.59490000 0.74240000
vn -0.00000000 0.62530000 0.78040000
vn -0.30820000 0.59490000 0.74240000
vn -0.70920000 0.43990000 0.55090000
vn -0.99980000 0.00790000 0.01680000
vn -0.71190000 -0.37040000 -0.59670000
vn -0.30390000 -0.50170000 -0.80990000
vn -0.00000000 -0.52670000 -0.85010000
vn 0.30390000 -0.50160000 -0.80990000
vn 0.71190000 -0.37040000 -0.59670000
vn 0.99980000 0.00600000 0.01750000
vn 0.70080000 0.37610000 0.60620000
vn 0.30060000 0.50410000 0.80970000
vn -0.00000000 0.52850000 0.84890000
vn -0.30060000 0.50410000 0.80970000
vn -0.70080000 0.37610000 0.60620000
vn -0.99980000 0.00600000 0.01750000
vn -0.70380000 -0.30300000 -0.64260000
vn -0.29680000 -0.40650000 -0.86410000
vn -0.00000000 -0.42580000 -0.90480000
vn 0.29680000 -0.40650000 -0.86410000
vn 0.70380000 -0.30300000 -0.64260000
vn 0.99980000 0.00410000 0.01730000
vn 0.69320000 0.30750000 0.65180000
vn 0.29370000 0.40900000 0.86400000
vn -0.00000000 0.42790000 0.90380000
vn -0.29370000 0.40900000 0.86400000
vn -0.69320000 0.30750000 0.65180000
vn -0.99980000 0.00410000 0.01730000
vn -0.69690000 -0.23410000 -0.67790000
vn -0.29100000 -0.31160000 -0.90450000
vn -0.00000000 -0.32570000 -0.94550000
vn 0.29100000 -0.31160000 -0.90450000
vn 0.69690000 -0.23410000 -0.67790000
vn 0.99990000 0.00260000 0.01630000
vn 0.68700000 0.23760000 0.68670000
vn 0.28820000 0.31400000 0.90460000
vn -0.00000000 0.32790000 0.94470000
vn -0.28820000 0.31400000 0.90460000
vn -0.68700000 0.23760000 0.68670000
vn -0.99990000 0.00260000 0.01630000
vn -0.69160000 -0.16680000 -0.70270000
vn -0.28680000 -0.22070000 -0.93220000
vn -0.00000000 -0.23030000 -0.97310000
vn 0.28680000 -0.22070000 -0.93220000
vn 0.69160000 -0.16680000 -0.70270000
vn 0.99990000 0.00150000 0.01490000
vn 0.68260000 0.16930000 0.71090000
vn 0.28430000 0.22270000 0.93250000
vn -0.00000000 0.23230000 0.97260000
vn -0.28430000 0.22270000 0.93250000
vn -0.68260000 0.16930000 0.71090000
vn -0.99990000 0.00150000 0.01490000
vn -0.68810000 -0.10340000 -0.71820000
vn -0.28410000 -0.13620000 -0.94910000
vn -0.00000000 -0.14190000 -0.98990000
vn 0.28410000 -0.13620000 -0.94910000
vn 0.68810000 -0.10340000 -0.71820000
vn 0.99990000 0.00080000 0.01340000
vn 0.67990000 0.10500000 0.72570000
vn 0.28180000 0.13780000 0.94950000
vn -0.00000000 0.14360000 0.98960000
vn -0.28180000 0.13780000 0.94950000
vn -0.67990000 0.10500000 0.72570000
vn -0.99990000 0.00080000 0.01340000
vn -0.68610000 -0.04530000 -0.72610000
vn -0.28270000 -0.05940000 -0.95740000
vn -0.00000000 -0.06190000 -0.99810000
vn 0.28270000 -0.05940000 -0.95740000
vn 0.68610000 -0.04530000 -0.72610000
vn 0.99990000 0.00030000 0.01190000
vn 0.67880000 0.04620000 0.73290000
vn 0.28060000 0.06050000 0.95790000
vn -0.00000000 0.06310000 0.99800000
vn -0.28060000 0.06050000 0.95790000
vn -0.67880000 0.04620000 0.73290000
vn -0.99990000 0.00030000 0.01190000
vn -0.68530000 0.00680000 -0.72820000
vn -0.28220000 0.00920000 -0.95930000
vn -0.00000000 0.00960000 -1.00000000
vn 0.28220000 0.00920000 -0.95930000
vn 0.68530000 0.00680000 -0.72820000
vn 0.99990000 -0.00000000 0.01050000
vn 0.67880000 -0.00660000 0.73430000
vn 0.28040000 -0.00850000 0.95980000
vn -0.00000000 -0.00880000 1.00000000
vn -0.28040000 -0.00850000 0.95980000
vn -0.67880000 -0.00660000 0.73430000
vn -0.99990000 -0.00000000 0.01050000
vn -0.68540000 0.05300000 -0.72620000
vn -0.28250000 0.06980000 -0.95670000
vn -0.00000000 0.07290000 -0.99730000
vn 0.28250000 0.06980000 -0.95670000
vn 0.68540000 0.05300000 -0.72620000
vn 1.00000000 -0.00020000 0.00930000
vn 0.67970000 -0.05310000 0.73160000
vn 0.28090000 -0.06950000 0.95720000
vn -0.00000000 -0.07240000 0.99740000
vn -0.28090000 -0.06950000 0.95720000
vn -0.67970000 -0.05310000 0.73160000
vn -1.00000000 -0.00020000 0.00930000
vn -0.68610000 0.09350000 -0.72140000
vn -0.28330000 0.12320000 -0.95110000
vn -0.00000000 0.12850000 -0.99170000
vn 0.28330000 0.12320000 -0.95110000
vn 0.68610000 0.09350000 -0.72140000
vn 1.00000000 -0.00040000 0.00830000
vn 0.68110000 -0.09390000 0.72610000
vn 0.28190000 -0.12320000 0.95150000
vn -0.00000000 -0.12830000 0.99170000
vn -0.28190000 -0.12320000 0.95150000
vn -0.68110000 -0.09390000 0.72610000
vn -1.00000000 -0.00040000 0.00830000
vn -0.68730000 0.12880000 -0.71490000
vn -0.28440000 0.16990000 -0.94350000
vn -0.00000000 0.17730000 -0.98420000
vn 0.28440000 0.16990000 -0.94350000
vn 0.68730000 0.12880000 -0.71490000
vn 1.00000000 -0.00050000 0.00730000
vn 0.68280000 -0.12950000 0.71900000
vn 0.28320000 -0.17010000 0.94390000
vn -0.00000000 -0.17730000 0.98420000
vn -0.28320000 -0.17010000 0.94390000
vn -0.68280000 -0.12950000 0.71900000
vn -1.00000000 -0.00050000 0.00730000
vn -0.68860000 0.15970000 -0.70740000
vn -0.28570000 0.21090000 -0.93480000
vn -0.00000000 0.22010000 -0.97550000
vn 0.28570000 0.21090000 -0.93480000
vn 0.68860000 0.15970000 -0.70740000
vn 1.00000000 -0.00060000 0.00650000
vn 0.68470000 -0.16040000 0.71100000
vn 0.28460000 -0.21120000 0.93510000
vn -0.00000000 -0.22020000 0.97540000
vn -0.28460000 -0.21120000 0.93510000
vn -0.68470000 -0.16040000 0.71100000
vn -1.00000000 -0.00060000 0.00650000
vn -0.69000000 0.18650000 -0.69940000
vn -0.28700000 0.24670000 -0.92560000
vn -0.00000000 0.25760000 -0.96630000
vn 0.28700000 0.24670000 -0.92560000
vn 0.69000000 0.18650000 -0.69940000
vn 1.00000000 -0.00060000 0.00570000
vn 0.68660000 -0.18730000 0.70250000
vn 0.28600000 -0.24710000 0.92580000
vn -0.00000000 -0.25780000 0.96620000
vn -0.28600000 -0.24710000 0.92580000
vn -0.68660000 -0.18730000 0.70250000
vn -1.00000000 -0.00060000 0.00570000
vn -0.70400000 0.26900000 -0.65730000
vn -0.27300000 0.32130000 -0.90680000
vn -0.00000000 0.31070000 -0.95050000
vn 0.27210000 0.32230000 -0.90670000
vn 0.70140000 0.27690000 -0.65670000
vn 0.99610000 0.08130000 0.03360000
vn 0.69290000 -0.08660000 0.71580000
vn 0.25830000 -0.18040000 0.94910000
vn -0.00000000 -0.22300000 0.97480000
vn -0.25950000 -0.18170000 0.94850000
vn -0.69700000 -0.09570000 0.71070000
vn -0.99730000 0.06730000 0.02830000
vn -0.72430000 0.35300000 -0.59230000
vn -0.25100000 0.39400000 -0.88420000
vn -0.00000000 0.35060000 -0.93650000
vn 0.24750000 0.39600000 -0.88430000
vn 0.71740000 0.37160000 -0.58930000
vn 0.98200000 0.18130000 0.05380000
vn 0.69510000 0.07720000 0.71480000
vn 0.21330000 -0.05570000 0.97540000
vn -0.00000000 -0.14110000 0.99000000
vn -0.21730000 -0.05790000 0.97440000
vn -0.70410000 0.05620000 0.70790000
vn -0.98770000 0.14930000 0.04570000
vn -0.73620000 0.38160000 -0.55890000
vn -0.20610000 0.41250000 -0.88730000
vn -0.00000000 0.35680000 -0.93420000
vn 0.19950000 0.41400000 -0.88820000
vn 0.72350000 0.40590000 -0.55830000
vn 0.97510000 0.21870000 0.03590000
vn 0.70260000 0.18460000 0.68720000
vn 0.15520000 0.02350000 0.98760000
vn -0.00000000 -0.07580000 0.99710000
vn -0.16150000 0.02250000 0.98660000
vn -0.71630000 0.15650000 0.68000000
vn -0.98370000 0.17740000 0.03000000
vn -0.75730000 0.45510000 -0.46840000
vn -0.17890000 0.55020000 -0.81560000
vn -0.00000000 0.51050000 -0.85990000
vn 0.16430000 0.55320000 -0.81670000
vn 0.73650000 0.49110000 -0.46530000
vn 0.96760000 0.25210000 0.01480000
vn 0.73760000 0.42390000 0.52560000
vn 0.17410000 0.48160000 0.85890000
vn -0.00450000 0.45070000 0.89270000
vn -0.15770000 0.47910000 0.86350000
vn -0.75650000 0.39460000 0.52150000
vn -0.97910000 0.20320000 0.01090000
vn -0.09180000 0.99580000 -0.00000000
vn -0.19000000 0.65990000 -0.72690000
vn -0.10300000 0.99470000 -0.00000000
vn 0.16640000 0.66720000 -0.72600000
vn 0.09390000 0.99560000 -0.00000000
vn 0.10160000 0.99480000 -0.00000000
vn 0.62310000 0.59470000 -0.50800000
vn 0.17660000 0.98430000 -0.00000000
vn 0.96390000 0.26620000 0.00510000
vn 0.72930000 0.54050000 0.41940000
vn 0.17660000 0.98430000 -0.00000000
vn 0.08560000 0.99630000 -0.00000000
vn 0.21030000 0.75210000 0.62460000
vn 0.10710000 0.99430000 -0.00000000
vn -0.16200000 0.74400000 0.64820000
vn -0.10470000 0.99450000 -0.00000000
vn -0.09060000 0.99590000 -0.00000000
vn -0.63560000 0.58650000 0.50210000
vn -0.17550000 0.98450000 -0.00000000
vn -0.97680000 0.21410000 0.00200000
vn -1.00000000 -0.00000000 -0.00000000
vn -1.00000000 -0.00000000 -0.00000000
vn -0.99520000 0.09800000 -0.00000000
vn -0.98080000 0.19510000 -0.00000000
vn -0.95690000 0.29030000 -0.00000000
vn -0.92390000 0.38270000 -0.00000000
vn -0.88190000 0.47140000 -0.00000000
vn -0.83150000 0.55560000 -0.00000000
vn -0.77300000 0.63440000 -0.00000000
vn -0.70710000 0.70710000 -0.00000000
vn -0.63440000 0.77300000 -0.00000000
vn -0.55560000 0.83150000 -0.00000000
vn -0.47140000 0.88190000 -0.00000000
vn -0.38270000 0.92390000 -0.00000000
vn -0.29030000 0.95690000 -0.00000000
vn -0.19510000 0.98080000 -0.00000000
vn -0.09800000 0.99520000 -0.00000000
vn -0.00000000 1.00000000 -0.00000000
vn 0.09800000 0.99520000 -0.00000000
vn 0.19510000 0.98080000 -0.00000000
vn 0.29030000 0.95690000 -0.00000000
vn 0.38270000 0.92390000 -0.00000000
vn 0.47140000 0.88190000 -0.00000000
vn 0.55560000 0.83150000 -0.00000000
vn 0.63440000 0.77300000 -0.00000000
vn 0.70710000 0.70710000 -0.00000000
vn 0.77300000 0.63440000 -0.00000000
vn 0.83150000 0.55560000 -0.00000000
vn 0.88190000 0.47140000 -0.00000000
vn 0.92390000 0.38270000 -0.00000000
vn 0.95690000 0.29030000 -0.00000000
vn 0.98080000 0.19510000 -0.00000000
vn 0.99520000 0.09800000 -0.00000000
vn 1.00000000 -0.00000000 -0.00000000
vn 0.99520000 -0.09800000 -0.00000000
vn 0.98080000 -0.19510000 -0.00000000
vn 0.95690000 -0.29030000 -0.00000000
vn 0.92390000 -0.38270000 -0.00000000
vn 0.88190000 -0.47140000 -0.00000000
vn 0.83150000 -0.55560000 -0.00000000
vn 0.77300000 -0.63440000 -0.00000000
vn 0.70710000 -0.70710000 -0.00000000
vn 0.63440000 -0.77300000 -0.00000000
vn 0.55560000 -0.83150000 -0.00000000
vn 0.47140000 -0.88190000 -0.00000000
vn 0.38270000 -0.92390000 -0.00000000
vn 0.27110000 -0.96250000 -0.00000000
vn 0.17550000 -0.98450000 -0.00000000
vn 0.09800000 -0.99520000 -0.00000000
vn -0.00000000 -1.00000000 -0.00000000
vn -0.09800000 -0.99520000 -0.00000000
vn -0.17660000 -0.98430000 -0.00000000
vn -0.27220000 -0.96220000 -0.00000000
vn -0.38270000 -0.92390000 -0.00000000
vn -0.47140000 -0.88190000 -0.00000000
vn -0.55560000 -0.83150000 -0.00000000
vn -0.63440000 -0.77300000 -0.00000000
vn -0.70710000 -0.70710000 -0.00000000
vn -0.77300000 -0.63440000 -0.00000000
vn -0.83150000 -0.55560000 -0.00000000
vn -0.88190000 -0.47140000 -0.00000000
vn -0.92390000 -0.38270000 -0.00000000
vn -0.95690000 -0.29030000 -0.00000000
vn -0.98080000 -0.19510000 -0.00000000
vn -0.99520000 -0.09800000 -0.00000000
vn 0.13440000 -0.00000000 -0.99090000
vn 0.13440000 -0.00000000 -0.99090000
vn 0.99150000 -0.00000000 -0.13010000
vn 0.99150000 -0.00000000 -0.13010000
vn 0.99150000 -0.00000000 -0.13010000
vn 0.50560000 -0.00000000 -0.86280000
vn 0.50560000 -0.00000000 -0.86280000
vn 0.86780000 -0.00000000 -0.49690000
vn 0.86780000 -0.00000000 -0.49690000
vn 0.98670000 -0.09720000 -0.13020000
vn 0.98670000 -0.09720000 -0.13020000
vn 0.98670000 -0.09720000 -0.13020000
vn 0.13370000 -0.01320000 -0.99090000
vn 0.86360000 -0.08510000 -0.49690000
vn 0.50320000 -0.04960000 -0.86280000
vn 0.97240000 -0.19340000 -0.13010000
vn 0.97240000 -0.19340000 -0.13010000
vn 0.97240000 -0.19340000 -0.13010000
vn 0.13180000 -0.02620000 -0.99090000
vn 0.85110000 -0.16930000 -0.49690000
vn 0.49590000 -0.09860000 -0.86280000
vn 0.94880000 -0.28780000 -0.13010000
vn 0.94880000 -0.28780000 -0.13010000
vn 0.94880000 -0.28780000 -0.13010000
vn 0.12860000 -0.03900000 -0.99090000
vn 0.83040000 -0.25190000 -0.49690000
vn 0.48380000 -0.14680000 -0.86280000
vn 0.91600000 -0.37940000 -0.13020000
vn 0.91600000 -0.37940000 -0.13020000
vn 0.91600000 -0.37940000 -0.13020000
vn 0.12410000 -0.05140000 -0.99090000
vn 0.80170000 -0.33210000 -0.49690000
vn 0.46710000 -0.19350000 -0.86280000
vn 0.87440000 -0.46740000 -0.13020000
vn 0.87440000 -0.46740000 -0.13020000
vn 0.87440000 -0.46740000 -0.13020000
vn 0.11850000 -0.06330000 -0.99090000
vn 0.11850000 -0.06330000 -0.99090000
vn 0.76530000 -0.40910000 -0.49690000
vn 0.44590000 -0.23830000 -0.86280000
vn 0.82440000 -0.55080000 -0.13010000
vn 0.82440000 -0.55080000 -0.13010000
vn 0.82440000 -0.55080000 -0.13010000
vn 0.82440000 -0.55080000 -0.13010000
vn 0.11170000 -0.07470000 -0.99090000
vn 0.11170000 -0.07470000 -0.99090000
vn 0.72150000 -0.48210000 -0.49690000
vn 0.42040000 -0.28090000 -0.86280000
vn 0.76640000 -0.62900000 -0.13010000
vn 0.76640000 -0.62900000 -0.13010000
vn 0.76640000 -0.62900000 -0.13010000
vn 0.10390000 -0.08520000 -0.99090000
vn 0.67080000 -0.55050000 -0.49690000
vn 0.39080000 -0.32080000 -0.86280000
vn 0.70110000 -0.70110000 -0.13020000
vn 0.70110000 -0.70110000 -0.13020000
vn 0.70110000 -0.70110000 -0.13020000
vn 0.09500000 -0.09500000 -0.99090000
vn 0.61360000 -0.61360000 -0.49690000
vn 0.35750000 -0.35750000 -0.86280000
vn 0.62900000 -0.76640000 -0.13020000
vn 0.62900000 -0.76640000 -0.13020000
vn 0.62900000 -0.76640000 -0.13020000
vn 0.08520000 -0.10390000 -0.99090000
vn 0.55050000 -0.67080000 -0.49690000
vn 0.32080000 -0.39080000 -0.86280000
vn 0.55080000 -0.82440000 -0.13020000
vn 0.55080000 -0.82440000 -0.13020000
vn 0.55080000 -0.82440000 -0.13020000
vn 0.07470000 -0.11170000 -0.99090000
vn 0.48210000 -0.72150000 -0.49690000
vn 0.28090000 -0.42040000 -0.86280000
vn 0.46740000 -0.87440000 -0.13010000
vn 0.46740000 -0.87440000 -0.13010000
vn 0.46740000 -0.87440000 -0.13010000
vn 0.06330000 -0.11850000 -0.99090000
vn 0.06330000 -0.11850000 -0.99090000
vn 0.40910000 -0.76530000 -0.49690000
vn 0.23830000 -0.44590000 -0.86280000
vn 0.37940000 -0.91600000 -0.13020000
vn 0.37940000 -0.91600000 -0.13020000
vn 0.37940000 -0.91600000 -0.13020000
vn 0.05140000 -0.12410000 -0.99090000
vn 0.05140000 -0.12410000 -0.99090000
vn 0.33210000 -0.80170000 -0.49690000
vn 0.19350000 -0.46710000 -0.86280000
vn 0.28780000 -0.94880000 -0.13020000
vn 0.28780000 -0.94880000 -0.13020000
vn 0.28780000 -0.94880000 -0.13020000
vn 0.03900000 -0.12860000 -0.99090000
vn 0.25190000 -0.83040000 -0.49690000
vn 0.14680000 -0.48380000 -0.86280000
vn 0.19340000 -0.97240000 -0.13010000
vn 0.19340000 -0.97240000 -0.13010000
vn 0.19340000 -0.97240000 -0.13010000
vn 0.02620000 -0.13180000 -0.99090000
vn 0.16930000 -0.85110000 -0.49690000
vn 0.09860000 -0.49590000 -0.86280000
vn 0.09720000 -0.98670000 -0.13010000
vn 0.09720000 -0.98670000 -0.13010000
vn 0.09720000 -0.98670000 -0.13010000
vn 0.01320000 -0.13370000 -0.99090000
vn 0.01320000 -0.13370000 -0.99090000
vn 0.08510000 -0.86360000 -0.49690000
vn 0.04960000 -0.50320000 -0.86280000
vn -0.00000000 -0.99150000 -0.13010000
vn -0.00000000 -0.99150000 -0.13010000
vn -0.00000000 -0.99150000 -0.13010000
vn -0.00000000 -0.13440000 -0.99090000
vn -0.00000000 -0.86780000 -0.49690000
vn -0.00000000 -0.50560000 -0.86280000
vn -0.09720000 -0.98670000 -0.13010000
vn -0.09720000 -0.98670000 -0.13010000
vn -0.09720000 -0.98670000 -0.13010000
vn -0.01320000 -0.13370000 -0.99090000
vn -0.08510000 -0.86360000 -0.49690000
vn -0.04960000 -0.50320000 -0.86280000
vn -0.19340000 -0.97240000 -0.13010000
vn -0.19340000 -0.97240000 -0.13010000
vn -0.19340000 -0.97240000 -0.13010000
vn -0.02620000 -0.13180000 -0.99090000
vn -0.16930000 -0.85110000 -0.49690000
vn -0.09860000 -0.49590000 -0.86280000
vn -0.28780000 -0.94880000 -0.13020000
vn -0.28780000 -0.94880000 -0.13020000
vn -0.28780000 -0.94880000 -0.13020000
vn -0.03900000 -0.12860000 -0.99090000
vn -0.25190000 -0.83040000 -0.49690000
vn -0.14680000 -0.48380000 -0.86280000
vn -0.37940000 -0.91600000 -0.13020000
vn -0.37940000 -0.91600000 -0.13020000
vn -0.37940000 -0.91600000 -0.13020000
vn -0.05140000 -0.12410000 -0.99090000
vn -0.33210000 -0.80170000 -0.49690000
vn -0.19350000 -0.46710000 -0.86280000
vn -0.46740000 -0.87440000 -0.13010000
vn -0.46740000 -0.87440000 -0.13010000
vn -0.46740000 -0.87440000 -0.13010000
vn -0.06330000 -0.11850000 -0.99090000
vn -0.40910000 -0.76530000 -0.49690000
vn -0.23830000 -0.44590000 -0.86280000
vn -0.55080000 -0.82440000 -0.13010000
vn -0.55080000 -0.82440000 -0.13010000
vn -0.55080000 -0.82440000 -0.13010000
vn -0.07470000 -0.11170000 -0.99090000
vn -0.48210000 -0.72150000 -0.49690000
vn -0.28090000 -0.42040000 -0.86280000
vn -0.62900000 -0.76640000 -0.13020000
vn -0.62900000 -0.76640000 -0.13020000
vn -0.62900000 -0.76640000 -0.13020000
vn -0.62900000 -0.76640000 -0.13020000
vn -0.08520000 -0.10390000 -0.99090000
vn -0.55050000 -0.67080000 -0.49690000
vn -0.32080000 -0.39080000 -0.86280000
vn -0.70110000 -0.70110000 -0.13020000
vn -0.70110000 -0.70110000 -0.13020000
vn -0.70110000 -0.70110000 -0.13020000
vn -0.09500000 -0.09500000 -0.99090000
vn -0.61360000 -0.61360000 -0.49690000
vn -0.35750000 -0.35750000 -0.86280000
vn -0.76640000 -0.62900000 -0.13020000
vn -0.76640000 -0.62900000 -0.13020000
vn -0.76640000 -0.62900000 -0.13020000
vn -0.10390000 -0.08520000 -0.99090000
vn -0.67080000 -0.55050000 -0.49690000
vn -0.39080000 -0.32080000 -0.86280000
vn -0.82440000 -0.55080000 -0.13020000
vn -0.82440000 -0.55080000 -0.13020000
vn -0.82440000 -0.55080000 -0.13020000
vn -0.11170000 -0.07470000 -0.99090000
vn -0.72150000 -0.48210000 -0.49690000
vn -0.42040000 -0.28090000 -0.86280000
vn -0.87440000 -0.46740000 -0.13020000
vn -0.87440000 -0.46740000 -0.13020000
vn -0.87440000 -0.46740000 -0.13020000
vn -0.11850000 -0.06330000 -0.99090000
vn -0.76530000 -0.40910000 -0.49690000
vn -0.44590000 -0.23830000 -0.86280000
vn -0.91600000 -0.37940000 -0.13010000
vn -0.91600000 -0.37940000 -0.13010000
vn -0.91600000 -0.37940000 -0.13010000
vn -0.12410000 -0.05140000 -0.99090000
vn -0.80170000 -0.33210000 -0.49690000
vn -0.46710000 -0.19350000 -0.86280000
vn -0.94880000 -0.28780000 -0.13010000
vn -0.94880000 -0.28780000 -0.13010000
vn -0.94880000 -0.28780000 -0.13010000
vn -0.12860000 -0.03900000 -0.99090000
vn -0.83040000 -0.25190000 -0.49690000
vn -0.48380000 -0.14680000 -0.86280000
vn -0.97240000 -0.19340000 -0.13020000
vn -0.97240000 -0.19340000 -0.13020000
vn -0.97240000 -0.19340000 -0.13020000
vn -0.13180000 -0.02620000 -0.99090000
vn -0.85110000 -0.16930000 -0.49690000
vn -0.49590000 -0.09860000 -0.86280000
vn -0.98670000 -0.09720000 -0.13020000
vn -0.98670000 -0.09720000 -0.13020000
vn -0.98670000 -0.09720000 -0.13020000
vn -0.13370000 -0.01320000 -0.99090000
vn -0.86360000 -0.08510000 -0.49690000
vn -0.50320000 -0.04960000 -0.86280000
vn -0.99150000 -0.00000000 -0.13020000
vn -0.99150000 -0.00000000 -0.13020000
vn -0.99150000 -0.00000000 -0.13020000
vn -0.13440000 -0.00000000 -0.99090000
vn -0.86780000 -0.00000000 -0.49690000
vn -0.50560000 -0.00000000 -0.86280000
vn -0.98670000 0.09720000 -0.13010000
vn -0.98670000 0.09720000 -0.13010000
vn -0.98670000 0.09720000 -0.13010000
vn -0.13370000 0.01320000 -0.99090000
vn -0.86360000 0.08510000 -0.49690000
vn -0.50320000 0.04960000 -0.86280000
vn -0.97240000 0.19340000 -0.13010000
vn -0.97240000 0.19340000 -0.13010000
vn -0.97240000 0.19340000 -0.13010000
vn -0.13180000 0.02620000 -0.99090000
vn -0.85110000 0.16930000 -0.49690000
vn -0.49590000 0.09860000 -0.86280000
vn -0.94880000 0.28780000 -0.13010000
vn -0.94880000 0.28780000 -0.13010000
vn -0.94880000 0.28780000 -0.13010000
vn -0.12860000 0.03900000 -0.99090000
vn -0.12860000 0.03900000 -0.99090000
vn -0.83040000 0.25190000 -0.49690000
vn -0.48380000 0.14680000 -0.86280000
vn -0.91600000 0.37940000 -0.13010000
vn -0.91600000 0.37940000 -0.13010000
vn -0.91600000 0.37940000 -0.13010000
vn -0.12410000 0.05140000 -0.99090000
vn -0.80170000 0.33210000 -0.49690000
vn -0.46710000 0.19350000 -0.86280000
vn -0.87440000 0.46740000 -0.13010000
vn -0.87440000 0.46740000 -0.13010000
vn -0.87440000 0.46740000 -0.13010000
vn -0.11850000 0.06330000 -0.99090000
vn -0.76530000 0.40910000 -0.49690000
vn -0.44590000 0.23830000 -0.86280000
vn -0.82440000 0.55080000 -0.13010000
vn -0.82440000 0.55080000 -0.13010000
vn -0.82440000 0.55080000 -0.13010000
vn -0.82440000 0.55080000 -0.13010000
vn -0.11170000 0.07470000 -0.99090000
vn -0.72150000 0.48210000 -0.49690000
vn -0.42040000 0.28090000 -0.86280000
vn -0.76640000 0.62900000 -0.13010000
vn -0.76640000 0.62900000 -0.13010000
vn -0.76640000 0.62900000 -0.13010000
vn -0.10390000 0.08520000 -0.99090000
vn -0.10390000 0.08520000 -0.99090000
vn -0.67080000 0.55050000 -0.49690000
vn -0.39080000 0.32080000 -0.86280000
vn -0.70110000 0.70110000 -0.13010000
vn -0.70110000 0.70110000 -0.13010000
vn -0.70110000 0.70110000 -0.13010000
vn -0.09500000 0.09500000 -0.99090000
vn -0.61360000 0.61360000 -0.49690000
vn -0.35750000 0.35750000 -0.86280000
vn -0.62900000 0.76640000 -0.13020000
vn -0.62900000 0.76640000 -0.13020000
vn -0.62900000 0.76640000 -0.13020000
vn -0.08520000 0.10390000 -0.99090000
vn -0.55050000 0.67080000 -0.49690000
vn -0.32080000 0.39080000 -0.86280000
vn -0.55080000 0.82440000 -0.13020000
vn -0.55080000 0.82440000 -0.13020000
vn -0.55080000 0.82440000 -0.13020000
vn -0.07470000 0.11170000 -0.99090000
vn -0.48210000 0.72150000 -0.49690000
vn -0.28090000 0.42040000 -0.86280000
vn -0.46740000 0.87440000 -0.13020000
vn -0.46740000 0.87440000 -0.13020000
vn -0.46740000 0.87440000 -0.13020000
vn -0.06330000 0.11850000 -0.99090000
vn -0.40910000 0.76530000 -0.49690000
vn -0.23830000 0.44590000 -0.86280000
vn -0.37940000 0.91600000 -0.13020000
vn -0.37940000 0.91600000 -0.13020000
vn -0.37940000 0.91600000 -0.13020000
vn -0.05140000 0.12410000 -0.99090000
vn -0.33210000 0.80170000 -0.49690000
vn -0.19350000 0.46710000 -0.86280000
vn -0.26900000 0.95440000 -0.12990000
vn -0.26900000 0.95440000 -0.12990000
vn -0.26900000 0.95440000 -0.12990000
vn -0.03680000 0.13100000 -0.99070000
vn -0.23560000 0.83610000 -0.49550000
vn -0.13760000 0.48910000 -0.86130000
vn -0.17390000 0.97610000 -0.13010000
vn -0.17390000 0.97610000 -0.13010000
vn -0.02350000 0.13090000 -0.99110000
vn -0.15210000 0.85390000 -0.49760000
vn -0.08860000 0.49610000 -0.86380000
vn -0.09720000 0.98670000 -0.13020000
vn -0.09720000 0.98670000 -0.13020000
vn -0.09720000 0.98670000 -0.13020000
vn -0.01320000 0.13370000 -0.99090000
vn -0.08510000 0.86360000 -0.49690000
vn -0.04960000 0.50320000 -0.86280000
vn -0.00000000 0.99150000 -0.13010000
vn -0.00000000 0.99150000 -0.13010000
vn -0.00000000 0.99150000 -0.13010000
vn -0.00000000 0.13440000 -0.99090000
vn -0.00000000 0.86780000 -0.49690000
vn -0.00000000 0.50560000 -0.86280000
vn 0.09720000 0.98670000 -0.13010000
vn 0.09720000 0.98670000 -0.13010000
vn 0.09720000 0.98670000 -0.13010000
vn 0.01320000 0.13370000 -0.99090000
vn 0.08510000 0.86360000 -0.49690000
vn 0.04960000 0.50320000 -0.86280000
vn 0.17500000 0.97590000 -0.13010000
vn 0.17500000 0.97590000 -0.13010000
vn 0.02360000 0.13100000 -0.99110000
vn 0.15310000 0.85380000 -0.49760000
vn 0.08910000 0.49600000 -0.86370000
vn 0.27000000 0.95410000 -0.12990000
vn 0.27000000 0.95410000 -0.12990000
vn 0.27000000 0.95410000 -0.12990000
vn 0.03690000 0.13080000 -0.99070000
vn 0.23650000 0.83580000 -0.49560000
vn 0.13810000 0.48880000 -0.86140000
vn 0.37940000 0.91600000 -0.13020000
vn 0.37940000 0.91600000 -0.13020000
vn 0.37940000 0.91600000 -0.13020000
vn 0.05140000 0.12410000 -0.99090000
vn 0.33210000 0.80170000 -0.49690000
vn 0.19350000 0.46710000 -0.86280000
vn 0.46740000 0.87440000 -0.13020000
vn 0.46740000 0.87440000 -0.13020000
vn 0.46740000 0.87440000 -0.13020000
vn 0.06330000 0.11850000 -0.99090000
vn 0.40910000 0.76530000 -0.49690000
vn 0.23830000 0.44590000 -0.86280000
vn 0.55080000 0.82440000 -0.13020000
vn 0.55080000 0.82440000 -0.13020000
vn 0.55080000 0.82440000 -0.13020000
vn 0.55080000 0.82440000 -0.13020000
vn 0.07470000 0.11170000 -0.99090000
vn 0.48210000 0.72150000 -0.49690000
vn 0.28090000 0.42040000 -0.86280000
vn 0.62900000 0.76640000 -0.13010000
vn 0.62900000 0.76640000 -0.13010000
vn 0.62900000 0.76640000 -0.13010000
vn 0.08520000 0.10390000 -0.99090000
vn 0.55050000 0.67080000 -0.49690000
vn 0.32080000 0.39080000 -0.86280000
vn 0.70110000 0.70110000 -0.13010000
vn 0.70110000 0.70110000 -0.13010000
vn 0.70110000 0.70110000 -0.13010000
vn 0.09500000 0.09500000 -0.99090000
vn 0.61360000 0.61360000 -0.49690000
vn 0.35750000 0.35750000 -0.86280000
vn 0.76640000 0.62900000 -0.13010000
vn 0.76640000 0.62900000 -0.13010000
vn 0.76640000 0.62900000 -0.13010000
vn 0.10390000 0.08520000 -0.99090000
vn 0.67080000 0.55050000 -0.49690000
vn 0.39080000 0.32080000 -0.86280000
vn 0.82440000 0.55080000 -0.13010000
vn 0.82440000 0.55080000 -0.13010000
vn 0.82440000 0.55080000 -0.13010000
vn 0.11170000 0.07470000 -0.99090000
vn 0.72150000 0.48210000 -0.49690000
vn 0.42040000 0.28090000 -0.86280000
vn 0.87440000 0.46740000 -0.13020000
vn 0.87440000 0.46740000 -0.13020000
vn 0.87440000 0.46740000 -0.13020000
vn 0.11850000 0.06330000 -0.99090000
vn 0.76530000 0.40910000 -0.49690000
vn 0.44590000 0.23830000 -0.86280000
vn 0.91600000 0.37940000 -0.13020000
vn 0.91600000 0.37940000 -0.13020000
vn 0.91600000 0.37940000 -0.13020000
vn 0.12410000 0.05140000 -0.99090000
vn 0.80170000 0.33210000 -0.49690000
vn 0.46710000 0.19350000 -0.86280000
vn 0.94880000 0.28780000 -0.13020000
vn 0.94880000 0.28780000 -0.13020000
vn 0.94880000 0.28780000 -0.13020000
vn 0.12860000 0.03900000 -0.99090000
vn 0.83040000 0.25190000 -0.49690000
vn 0.48380000 0.14680000 -0.86280000
vn 0.97240000 0.19340000 -0.13020000
vn 0.97240000 0.19340000 -0.13020000
vn 0.97240000 0.19340000 -0.13020000
vn 0.13180000 0.02620000 -0.99090000
vn 0.85110000 0.16930000 -0.49690000
vn 0.49590000 0.09860000 -0.86280000
vn 0.98670000 0.09720000 -0.13010000
vn 0.98670000 0.09720000 -0.13010000
vn 0.98670000 0.09720000 -0.13010000
vn 0.13370000 0.01320000 -0.99090000
vn 0.86360000 0.08510000 -0.49690000
vn 0.50320000 0.04960000 -0.86280000
vn 0.99150000 -0.00000000 0.13020000
vn 0.99150000 -0.00000000 0.13020000
vn 0.13440000 -0.00000000 0.99090000
vn 0.13440000 -0.00000000 0.99090000
vn 0.86780000 -0.00000000 0.49690000
vn 0.50560000 -0.00000000 0.86280000
vn 0.50560000 -0.00000000 0.86280000
vn 0.50560000 -0.00000000 0.86280000
vn 0.13370000 -0.01320000 0.99090000
vn 0.98670000 -0.09720000 0.13020000
vn 0.98670000 -0.09720000 0.13020000
vn 0.50320000 -0.04960000 0.86280000
vn 0.50320000 -0.04960000 0.86280000
vn 0.86360000 -0.08510000 0.49690000
vn 0.13180000 -0.02620000 0.99090000
vn 0.97240000 -0.19340000 0.13020000
vn 0.97240000 -0.19340000 0.13020000
vn 0.49590000 -0.09860000 0.86280000
vn 0.49590000 -0.09860000 0.86280000
vn 0.85110000 -0.16930000 0.49690000
vn 0.12860000 -0.03900000 0.99090000
vn 0.94880000 -0.28780000 0.13020000
vn 0.94880000 -0.28780000 0.13020000
vn 0.48390000 -0.14680000 0.86280000
vn 0.48390000 -0.14680000 0.86280000
vn 0.83040000 -0.25190000 0.49690000
vn 0.12410000 -0.05140000 0.99090000
vn 0.91600000 -0.37940000 0.13020000
vn 0.91600000 -0.37940000 0.13020000
vn 0.46710000 -0.19350000 0.86280000
vn 0.46710000 -0.19350000 0.86280000
vn 0.80170000 -0.33210000 0.49690000
vn 0.11850000 -0.06330000 0.99090000
vn 0.11850000 -0.06330000 0.99090000
vn 0.87440000 -0.46740000 0.13020000
vn 0.87440000 -0.46740000 0.13020000
vn 0.44590000 -0.23840000 0.86280000
vn 0.44590000 -0.23840000 0.86280000
vn 0.76530000 -0.40910000 0.49690000
vn 0.11170000 -0.07470000 0.99090000
vn 0.82440000 -0.55080000 0.13020000
vn 0.82440000 -0.55080000 0.13020000
vn 0.82440000 -0.55080000 0.13020000
vn 0.82440000 -0.55080000 0.13020000
vn 0.42040000 -0.28090000 0.86280000
vn 0.42040000 -0.28090000 0.86280000
vn 0.42040000 -0.28090000 0.86280000
vn 0.72150000 -0.48210000 0.49690000
vn 0.72150000 -0.48210000 0.49690000
vn 0.10390000 -0.08520000 0.99090000
vn 0.76640000 -0.62900000 0.13010000
vn 0.76640000 -0.62900000 0.13010000
vn 0.39090000 -0.32080000 0.86280000
vn 0.39090000 -0.32080000 0.86280000
vn 0.67080000 -0.55050000 0.49690000
vn 0.09500000 -0.09500000 0.99090000
vn 0.70110000 -0.70110000 0.13010000
vn 0.70110000 -0.70110000 0.13010000
vn 0.35750000 -0.35750000 0.86280000
vn 0.35750000 -0.35750000 0.86280000
vn 0.61360000 -0.61360000 0.49690000
vn 0.08520000 -0.10390000 0.99090000
vn 0.62900000 -0.76640000 0.13010000
vn 0.62900000 -0.76640000 0.13010000
vn 0.32080000 -0.39090000 0.86280000
vn 0.32080000 -0.39090000 0.86280000
vn 0.55050000 -0.67080000 0.49690000
vn 0.07470000 -0.11170000 0.99090000
vn 0.55080000 -0.82440000 0.13010000
vn 0.55080000 -0.82440000 0.13010000
vn 0.28090000 -0.42040000 0.86280000
vn 0.28090000 -0.42040000 0.86280000
vn 0.48210000 -0.72150000 0.49690000
vn 0.06330000 -0.11850000 0.99090000
vn 0.46740000 -0.87440000 0.13010000
vn 0.46740000 -0.87440000 0.13010000
vn 0.23830000 -0.44590000 0.86280000
vn 0.23830000 -0.44590000 0.86280000
vn 0.40910000 -0.76530000 0.49690000
vn 0.05140000 -0.12410000 0.99090000
vn 0.37940000 -0.91600000 0.13020000
vn 0.37940000 -0.91600000 0.13020000
vn 0.19350000 -0.46710000 0.86280000
vn 0.19350000 -0.46710000 0.86280000
vn 0.33210000 -0.80170000 0.49690000
vn 0.03900000 -0.12860000 0.99090000
vn 0.28780000 -0.94880000 0.13020000
vn 0.28780000 -0.94880000 0.13020000
vn 0.14680000 -0.48380000 0.86280000
vn 0.14680000 -0.48380000 0.86280000
vn 0.25190000 -0.83040000 0.49690000
vn 0.02620000 -0.13180000 0.99090000
vn 0.19340000 -0.97240000 0.13020000
vn 0.19340000 -0.97240000 0.13020000
vn 0.09860000 -0.49590000 0.86280000
vn 0.09860000 -0.49590000 0.86280000
vn 0.16930000 -0.85110000 0.49690000
vn 0.01320000 -0.13370000 0.99090000
vn 0.09720000 -0.98670000 0.13020000
vn 0.09720000 -0.98670000 0.13020000
vn 0.04960000 -0.50320000 0.86280000
vn 0.04960000 -0.50320000 0.86280000
vn 0.08510000 -0.86360000 0.49690000
vn -0.00000000 -0.13440000 0.99090000
vn -0.00000000 -0.99150000 0.13020000
vn -0.00000000 -0.99150000 0.13020000
vn -0.00000000 -0.50560000 0.86280000
vn -0.00000000 -0.50560000 0.86280000
vn -0.00000000 -0.86780000 0.49690000
vn -0.01320000 -0.13370000 0.99090000
vn -0.09720000 -0.98670000 0.13020000
vn -0.09720000 -0.98670000 0.13020000
vn -0.04960000 -0.50320000 0.86280000
vn -0.04960000 -0.50320000 0.86280000
vn -0.08510000 -0.86360000 0.49690000
vn -0.02620000 -0.13180000 0.99090000
vn -0.19340000 -0.97240000 0.13020000
vn -0.19340000 -0.97240000 0.13020000
vn -0.09860000 -0.49590000 0.86280000
vn -0.09860000 -0.49590000 0.86280000
vn -0.16930000 -0.85110000 0.49690000
vn -0.03900000 -0.12860000 0.99090000
vn -0.28780000 -0.94880000 0.13020000
vn -0.28780000 -0.94880000 0.13020000
vn -0.14680000 -0.48380000 0.86280000
vn -0.14680000 -0.48380000 0.86280000
vn -0.25190000 -0.83040000 0.49690000
vn -0.05140000 -0.12410000 0.99090000
vn -0.37940000 -0.91600000 0.13020000
vn -0.37940000 -0.91600000 0.13020000
vn -0.19350000 -0.46710000 0.86280000
vn -0.19350000 -0.46710000 0.86280000
vn -0.33210000 -0.80170000 0.49690000
vn -0.06330000 -0.11850000 0.99090000
vn -0.46740000 -0.87440000 0.13020000
vn -0.46740000 -0.87440000 0.13020000
vn -0.23830000 -0.44590000 0.86280000
vn -0.23830000 -0.44590000 0.86280000
vn -0.40910000 -0.76530000 0.49690000
vn -0.07470000 -0.11170000 0.99090000
vn -0.55080000 -0.82440000 0.13020000
vn -0.55080000 -0.82440000 0.13020000
vn -0.28090000 -0.42040000 0.86280000
vn -0.28090000 -0.42040000 0.86280000
vn -0.28090000 -0.42040000 0.86280000
vn -0.48210000 -0.72150000 0.49690000
vn -0.48210000 -0.72150000 0.49690000
vn -0.08520000 -0.10390000 0.99090000
vn -0.62900000 -0.76640000 0.13020000
vn -0.62900000 -0.76640000 0.13020000
vn -0.62900000 -0.76640000 0.13020000
vn -0.62900000 -0.76640000 0.13020000
vn -0.32080000 -0.39090000 0.86280000
vn -0.32080000 -0.39090000 0.86280000
vn -0.55050000 -0.67080000 0.49690000
vn -0.55050000 -0.67080000 0.49690000
vn -0.09500000 -0.09500000 0.99090000
vn -0.70110000 -0.70110000 0.13020000
vn -0.70110000 -0.70110000 0.13020000
vn -0.35750000 -0.35750000 0.86280000
vn -0.35750000 -0.35750000 0.86280000
vn -0.61360000 -0.61360000 0.49690000
vn -0.10390000 -0.08520000 0.99090000
vn -0.76640000 -0.62900000 0.13020000
vn -0.76640000 -0.62900000 0.13020000
vn -0.39090000 -0.32080000 0.86280000
vn -0.39090000 -0.32080000 0.86280000
vn -0.67080000 -0.55050000 0.49690000
vn -0.11170000 -0.07470000 0.99090000
vn -0.82440000 -0.55080000 0.13020000
vn -0.82440000 -0.55080000 0.13020000
vn -0.42040000 -0.28090000 0.86280000
vn -0.42040000 -0.28090000 0.86280000
vn -0.72150000 -0.48210000 0.49690000
vn -0.11850000 -0.06330000 0.99090000
vn -0.87440000 -0.46740000 0.13020000
vn -0.87440000 -0.46740000 0.13020000
vn -0.44590000 -0.23830000 0.86280000
vn -0.44590000 -0.23830000 0.86280000
vn -0.76530000 -0.40910000 0.49690000
vn -0.12410000 -0.05140000 0.99090000
vn -0.91600000 -0.37940000 0.13010000
vn -0.91600000 -0.37940000 0.13010000
vn -0.46710000 -0.19350000 0.86280000
vn -0.46710000 -0.19350000 0.86280000
vn -0.80170000 -0.33210000 0.49690000
vn -0.12860000 -0.03900000 0.99090000
vn -0.94880000 -0.28780000 0.13010000
vn -0.94880000 -0.28780000 0.13010000
vn -0.48380000 -0.14680000 0.86280000
vn -0.48380000 -0.14680000 0.86280000
vn -0.83040000 -0.25190000 0.49690000
vn -0.13180000 -0.02620000 0.99090000
vn -0.97240000 -0.19340000 0.13010000
vn -0.97240000 -0.19340000 0.13010000
vn -0.49590000 -0.09860000 0.86280000
vn -0.49590000 -0.09860000 0.86280000
vn -0.85110000 -0.16930000 0.49690000
vn -0.13370000 -0.01320000 0.99090000
vn -0.98670000 -0.09720000 0.13020000
vn -0.98670000 -0.09720000 0.13020000
vn -0.50320000 -0.04960000 0.86280000
vn -0.50320000 -0.04960000 0.86280000
vn -0.86360000 -0.08510000 0.49690000
vn -0.13440000 -0.00000000 0.99090000
vn -0.99150000 -0.00000000 0.13020000
vn -0.99150000 -0.00000000 0.13020000
vn -0.50560000 -0.00000000 0.86280000
vn -0.50560000 -0.00000000 0.86280000
vn -0.86780000 -0.00000000 0.49690000
vn -0.13370000 0.01320000 0.99090000
vn -0.98670000 0.09720000 0.13020000
vn -0.98670000 0.09720000 0.13020000
vn -0.50320000 0.04960000 0.86280000
vn -0.50320000 0.04960000 0.86280000
vn -0.86360000 0.08510000 0.49690000
vn -0.13180000 0.02620000 0.99090000
vn -0.97240000 0.19340000 0.13020000
vn -0.97240000 0.19340000 0.13020000
vn -0.49590000 0.09860000 0.86280000
vn -0.49590000 0.09860000 0.86280000
vn -0.85110000 0.16930000 0.49690000
vn -0.12860000 0.03900000 0.99090000
vn -0.94880000 0.28780000 0.13020000
vn -0.94880000 0.28780000 0.13020000
vn -0.48390000 0.14680000 0.86280000
vn -0.48390000 0.14680000 0.86280000
vn -0.83040000 0.25190000 0.49690000
vn -0.12410000 0.05140000 0.99090000
vn -0.91600000 0.37940000 0.13020000
vn -0.91600000 0.37940000 0.13020000
vn -0.46710000 0.19350000 0.86280000
vn -0.46710000 0.19350000 0.86280000
vn -0.80170000 0.33210000 0.49690000
vn -0.11850000 0.06330000 0.99090000
vn -0.87440000 0.46740000 0.13020000
vn -0.87440000 0.46740000 0.13020000
vn -0.44590000 0.23830000 0.86280000
vn -0.44590000 0.23830000 0.86280000
vn -0.76530000 0.40910000 0.49690000
vn -0.11170000 0.07470000 0.99090000
vn -0.82440000 0.55080000 0.13020000
vn -0.82440000 0.55080000 0.13020000
vn -0.82440000 0.55080000 0.13020000
vn -0.82440000 0.55080000 0.13020000
vn -0.42040000 0.28090000 0.86280000
vn -0.42040000 0.28090000 0.86280000
vn -0.42040000 0.28090000 0.86280000
vn -0.72150000 0.48210000 0.49690000
vn -0.72150000 0.48210000 0.49690000
vn -0.10390000 0.08520000 0.99090000
vn -0.76640000 0.62900000 0.13020000
vn -0.76640000 0.62900000 0.13020000
vn -0.39090000 0.32080000 0.86280000
vn -0.39090000 0.32080000 0.86280000
vn -0.67080000 0.55050000 0.49690000
vn -0.09500000 0.09500000 0.99090000
vn -0.70110000 0.70110000 0.13020000
vn -0.70110000 0.70110000 0.13020000
vn -0.35750000 0.35750000 0.86280000
vn -0.35750000 0.35750000 0.86280000
vn -0.61360000 0.61360000 0.49690000
vn -0.08520000 0.10390000 0.99090000
vn -0.62900000 0.76640000 0.13020000
vn -0.62900000 0.76640000 0.13020000
vn -0.32080000 0.39090000 0.86280000
vn -0.32080000 0.39090000 0.86280000
vn -0.55050000 0.67080000 0.49690000
vn -0.07470000 0.11170000 0.99090000
vn -0.55080000 0.82440000 0.13020000
vn -0.55080000 0.82440000 0.13020000
vn -0.28090000 0.42040000 0.86280000
vn -0.28090000 0.42040000 0.86280000
vn -0.48210000 0.72150000 0.49690000
vn -0.06330000 0.11850000 0.99090000
vn -0.46740000 0.87440000 0.13020000
vn -0.46740000 0.87440000 0.13020000
vn -0.23830000 0.44590000 0.86280000
vn -0.23830000 0.44590000 0.86280000
vn -0.40910000 0.76530000 0.49690000
vn -0.05140000 0.12410000 0.99090000
vn -0.37940000 0.91600000 0.13020000
vn -0.37940000 0.91600000 0.13020000
vn -0.19350000 0.46710000 0.86280000
vn -0.19350000 0.46710000 0.86280000
vn -0.33210000 0.80170000 0.49690000
vn -0.03680000 0.13100000 0.99070000
vn -0.26900000 0.95440000 0.12990000
vn -0.26900000 0.95440000 0.12990000
vn -0.13760000 0.48910000 0.86130000
vn -0.13760000 0.48910000 0.86130000
vn -0.23560000 0.83610000 0.49550000
vn -0.02350000 0.13090000 0.99110000
vn -0.17390000 0.97610000 0.13010000
vn -0.17390000 0.97610000 0.13010000
vn -0.08860000 0.49610000 0.86380000
vn -0.08860000 0.49610000 0.86380000
vn -0.15210000 0.85390000 0.49760000
vn -0.01320000 0.13370000 0.99090000
vn -0.09720000 0.98670000 0.13020000
vn -0.09720000 0.98670000 0.13020000
vn -0.04960000 0.50320000 0.86280000
vn -0.04960000 0.50320000 0.86280000
vn -0.08510000 0.86360000 0.49690000
vn -0.00000000 0.13440000 0.99090000
vn -0.00000000 0.99150000 0.13020000
vn -0.00000000 0.99150000 0.13020000
vn -0.00000000 0.50560000 0.86280000
vn -0.00000000 0.50560000 0.86280000
vn -0.00000000 0.86780000 0.49690000
vn 0.01320000 0.13370000 0.99090000
vn 0.09720000 0.98670000 0.13010000
vn 0.09720000 0.98670000 0.13010000
vn 0.04960000 0.50320000 0.86280000
vn 0.04960000 0.50320000 0.86280000
vn 0.08510000 0.86360000 0.49690000
vn 0.02360000 0.13100000 0.99110000
vn 0.17500000 0.97590000 0.13010000
vn 0.17500000 0.97590000 0.13010000
vn 0.08910000 0.49600000 0.86370000
vn 0.08910000 0.49600000 0.86370000
vn 0.15310000 0.85380000 0.49760000
vn 0.03690000 0.13080000 0.99070000
vn 0.27000000 0.95410000 0.12990000
vn 0.27000000 0.95410000 0.12990000
vn 0.13810000 0.48880000 0.86140000
vn 0.13810000 0.48880000 0.86140000
vn 0.23650000 0.83580000 0.49560000
vn 0.05140000 0.12410000 0.99090000
vn 0.37940000 0.91600000 0.13020000
vn 0.37940000 0.91600000 0.13020000
vn 0.19350000 0.46710000 0.86280000
vn 0.19350000 0.46710000 0.86280000
vn 0.33210000 0.80170000 0.49690000
vn 0.06330000 0.11850000 0.99090000
vn 0.46740000 0.87440000 0.13020000
vn 0.46740000 0.87440000 0.13020000
vn 0.23830000 0.44590000 0.86280000
vn 0.23830000 0.44590000 0.86280000
vn 0.40910000 0.76530000 0.49690000
vn 0.07470000 0.11170000 0.99090000
vn 0.55080000 0.82440000 0.13020000
vn 0.55080000 0.82440000 0.13020000
vn 0.55080000 0.82440000 0.13020000
vn 0.55080000 0.82440000 0.13020000
vn 0.28090000 0.42040000 0.86280000
vn 0.28090000 0.42040000 0.86280000
vn 0.28090000 0.42040000 0.86280000
vn 0.48210000 0.72150000 0.49690000
vn 0.48210000 0.72150000 0.49690000
vn 0.08520000 0.10390000 0.99090000
vn 0.62900000 0.76640000 0.13020000
vn 0.62900000 0.76640000 0.13020000
vn 0.32080000 0.39090000 0.86280000
vn 0.32080000 0.39090000 0.86280000
vn 0.55050000 0.67080000 0.49690000
vn 0.09500000 0.09500000 0.99090000
vn 0.70110000 0.70110000 0.13020000
vn 0.70110000 0.70110000 0.13020000
vn 0.35750000 0.35750000 0.86280000
vn 0.35750000 0.35750000 0.86280000
vn 0.61360000 0.61360000 0.49690000
vn 0.10390000 0.08520000 0.99090000
vn 0.76640000 0.62900000 0.13020000
vn 0.76640000 0.62900000 0.13020000
vn 0.39090000 0.32080000 0.86280000
vn 0.39090000 0.32080000 0.86280000
vn 0.67080000 0.55050000 0.49690000
vn 0.11170000 0.07470000 0.99090000
vn 0.82440000 0.55080000 0.13010000
vn 0.82440000 0.55080000 0.13010000
vn 0.42040000 0.28090000 0.86280000
vn 0.42040000 0.28090000 0.86280000
vn 0.72150000 0.48210000 0.49690000
vn 0.11850000 0.06330000 0.99090000
vn 0.87440000 0.46740000 0.13020000
vn 0.87440000 0.46740000 0.13020000
vn 0.44590000 0.23840000 0.86280000
vn 0.44590000 0.23840000 0.86280000
vn 0.76530000 0.40910000 0.49690000
vn 0.12410000 0.05140000 0.99090000
vn 0.91600000 0.37940000 0.13020000
vn 0.91600000 0.37940000 0.13020000
vn 0.46710000 0.19350000 0.86280000
vn 0.46710000 0.19350000 0.86280000
vn 0.80170000 0.33210000 0.49690000
vn 0.12860000 0.03900000 0.99090000
vn 0.94880000 0.28780000 0.13020000
vn 0.94880000 0.28780000 0.13020000
vn 0.48380000 0.14680000 0.86280000
vn 0.48380000 0.14680000 0.86280000
vn 0.83040000 0.25190000 0.49690000
vn 0.13180000 0.02620000 0.99090000
vn 0.97240000 0.19340000 0.13020000
vn 0.97240000 0.19340000 0.13020000
vn 0.49590000 0.09860000 0.86280000
vn 0.49590000 0.09860000 0.86280000
vn 0.85110000 0.16930000 0.49690000
vn 0.13370000 0.01320000 0.99090000
vn 0.98670000 0.09720000 0.13020000
vn 0.98670000 0.09720000 0.13020000
vn 0.50320000 0.04960000 0.86280000
vn 0.50320000 0.04960000 0.86280000
vn 0.86360000 0.08510000 0.49690000
vn -0.12640000 -0.00000000 0.99200000
vn -0.12640000 -0.00000000 0.99200000
vn -0.99140000 -0.00000000 0.13120000
vn -0.99140000 -0.00000000 0.13120000
vn -0.49350000 -0.00000000 0.86970000
vn -0.49350000 -0.00000000 0.86970000
vn -0.86370000 -0.00000000 0.50390000
vn -0.86370000 -0.00000000 0.50390000
vn -0.98660000 0.09720000 0.13120000
vn -0.12580000 0.01240000 0.99200000
vn -0.85960000 0.08470000 0.50390000
vn -0.49110000 0.04840000 0.86970000
vn -0.97230000 0.19340000 0.13120000
vn -0.12400000 0.02470000 0.99200000
vn -0.84710000 0.16850000 0.50390000
vn -0.48400000 0.09630000 0.86970000
vn -0.94870000 0.28780000 0.13120000
vn -0.12090000 0.03670000 0.99200000
vn -0.82660000 0.25070000 0.50390000
vn -0.47230000 0.14330000 0.86970000
vn -0.91590000 0.37940000 0.13120000
vn -0.11680000 0.04840000 0.99200000
vn -0.79800000 0.33050000 0.50390000
vn -0.45590000 0.18890000 0.86970000
vn -0.87430000 0.46730000 0.13120000
vn -0.11150000 0.05960000 0.99200000
vn -0.11150000 0.05960000 0.99200000
vn -0.76180000 0.40720000 0.50390000
vn -0.43520000 0.23260000 0.86970000
vn -0.82430000 0.55080000 0.13120000
vn -0.10510000 0.07020000 0.99200000
vn -0.71820000 0.47990000 0.50390000
vn -0.41030000 0.27420000 0.86970000
vn -0.76630000 0.62890000 0.13120000
vn -0.09770000 0.08020000 0.99200000
vn -0.66770000 0.54800000 0.50390000
vn -0.38150000 0.31310000 0.86970000
vn -0.70100000 0.70100000 0.13120000
vn -0.08940000 0.08940000 0.99200000
vn -0.61080000 0.61080000 0.50390000
vn -0.34900000 0.34900000 0.86970000
vn -0.62890000 0.76630000 0.13120000
vn -0.08020000 0.09770000 0.99200000
vn -0.54800000 0.66770000 0.50390000
vn -0.31310000 0.38150000 0.86970000
vn -0.55080000 0.82430000 0.13120000
vn -0.07020000 0.10510000 0.99200000
vn -0.47990000 0.71820000 0.50390000
vn -0.27420000 0.41030000 0.86970000
vn -0.46730000 0.87430000 0.13120000
vn -0.05960000 0.11150000 0.99200000
vn -0.40720000 0.76180000 0.50390000
vn -0.23260000 0.43520000 0.86970000
vn -0.37940000 0.91590000 0.13120000
vn -0.04840000 0.11680000 0.99200000
vn -0.33050000 0.79800000 0.50390000
vn -0.18890000 0.45590000 0.86970000
vn -0.28780000 0.94870000 0.13120000
vn -0.03670000 0.12090000 0.99200000
vn -0.25070000 0.82660000 0.50390000
vn -0.14330000 0.47230000 0.86970000
vn -0.19340000 0.97230000 0.13120000
vn -0.02470000 0.12390000 0.99200000
vn -0.16850000 0.84710000 0.50390000
vn -0.09630000 0.48400000 0.86970000
vn -0.09720000 0.98660000 0.13120000
vn -0.01240000 0.12580000 0.99200000
vn -0.08470000 0.85960000 0.50390000
vn -0.04840000 0.49110000 0.86970000
vn -0.00000000 0.99140000 0.13120000
vn -0.00000000 0.12640000 0.99200000
vn -0.00000000 0.86370000 0.50390000
vn -0.00000000 0.49350000 0.86970000
vn 0.09720000 0.98660000 0.13120000
vn 0.01240000 0.12580000 0.99200000
vn 0.08470000 0.85960000 0.50390000
vn 0.04840000 0.49110000 0.86970000
vn 0.19340000 0.97230000 0.13120000
vn 0.02470000 0.12390000 0.99200000
vn 0.16850000 0.84710000 0.50390000
vn 0.09630000 0.48400000 0.86970000
vn 0.28780000 0.94870000 0.13120000
vn 0.03670000 0.12090000 0.99200000
vn 0.25070000 0.82660000 0.50390000
vn 0.14330000 0.47230000 0.86970000
vn 0.37940000 0.91590000 0.13120000
vn 0.04840000 0.11680000 0.99200000
vn 0.33050000 0.79800000 0.50390000
vn 0.18890000 0.45590000 0.86970000
vn 0.46730000 0.87430000 0.13120000
vn 0.05960000 0.11150000 0.99200000
vn 0.40720000 0.76180000 0.50390000
vn 0.23260000 0.43520000 0.86970000
vn 0.55080000 0.82430000 0.13120000
vn 0.07020000 0.10510000 0.99200000
vn 0.47990000 0.71820000 0.50390000
vn 0.27420000 0.41030000 0.86970000
vn 0.62890000 0.76630000 0.13120000
vn 0.08020000 0.09770000 0.99200000
vn 0.54800000 0.66770000 0.50390000
vn 0.31310000 0.38150000 0.86970000
vn 0.70100000 0.70100000 0.13120000
vn 0.08940000 0.08940000 0.99200000
vn 0.61080000 0.61080000 0.50390000
vn 0.34900000 0.34900000 0.86970000
vn 0.76630000 0.62890000 0.13120000
vn 0.09770000 0.08020000 0.99200000
vn 0.66770000 0.54800000 0.50390000
vn 0.38150000 0.31310000 0.86970000
vn 0.82430000 0.55080000 0.13120000
vn 0.10510000 0.07020000 0.99200000
vn 0.71820000 0.47990000 0.50390000
vn 0.41030000 0.27420000 0.86970000
vn 0.87430000 0.46730000 0.13120000
vn 0.11150000 0.05960000 0.99200000
vn 0.76180000 0.40720000 0.50390000
vn 0.43520000 0.23260000 0.86970000
vn 0.91590000 0.37940000 0.13120000
vn 0.11680000 0.04840000 0.99200000
vn 0.79800000 0.33050000 0.50390000
vn 0.45590000 0.18890000 0.86970000
vn 0.94870000 0.28780000 0.13120000
vn 0.12090000 0.03670000 0.99200000
vn 0.82660000 0.25070000 0.50390000
vn 0.47230000 0.14330000 0.86970000
vn 0.97230000 0.19340000 0.13120000
vn 0.12400000 0.02470000 0.99200000
vn 0.84710000 0.16850000 0.50390000
vn 0.48400000 0.09630000 0.86970000
vn 0.98660000 0.09720000 0.13120000
vn 0.12580000 0.01240000 0.99200000
vn 0.85960000 0.08470000 0.50390000
vn 0.49110000 0.04840000 0.86970000
vn 0.99140000 -0.00000000 0.13120000
vn 0.12640000 -0.00000000 0.99200000
vn 0.86370000 -0.00000000 0.50390000
vn 0.49350000 -0.00000000 0.86970000
vn 0.98660000 -0.09720000 0.13120000
vn 0.12580000 -0.01240000 0.99200000
vn 0.85960000 -0.08470000 0.50390000
vn 0.49110000 -0.04840000 0.86970000
vn 0.97230000 -0.19340000 0.13120000
vn 0.12400000 -0.02470000 0.99200000
vn 0.84710000 -0.16850000 0.50390000
vn 0.48400000 -0.09630000 0.86970000
vn 0.94870000 -0.28780000 0.13120000
vn 0.12090000 -0.03670000 0.99200000
vn 0.82660000 -0.25070000 0.50390000
vn 0.47230000 -0.14330000 0.86970000
vn 0.91590000 -0.37940000 0.13120000
vn 0.11680000 -0.04840000 0.99200000
vn 0.79800000 -0.33050000 0.50390000
vn 0.45590000 -0.18890000 0.86970000
vn 0.87430000 -0.46730000 0.13120000
vn 0.11150000 -0.05960000 0.99200000
vn 0.76180000 -0.40720000 0.50390000
vn 0.43520000 -0.23260000 0.86970000
vn 0.82430000 -0.55080000 0.13120000
vn 0.10510000 -0.07020000 0.99200000
vn 0.71820000 -0.47990000 0.50390000
vn 0.41030000 -0.27420000 0.86970000
vn 0.76630000 -0.62890000 0.13120000
vn 0.09770000 -0.08020000 0.99200000
vn 0.66770000 -0.54800000 0.50390000
vn 0.38150000 -0.31310000 0.86970000
vn 0.70100000 -0.70100000 0.13120000
vn 0.08940000 -0.08940000 0.99200000
vn 0.61080000 -0.61080000 0.50390000
vn 0.34900000 -0.34900000 0.86970000
vn 0.62890000 -0.76630000 0.13120000
vn 0.08020000 -0.09770000 0.99200000
vn 0.54800000 -0.66770000 0.50390000
vn 0.31310000 -0.38150000 0.86970000
vn 0.55080000 -0.82430000 0.13120000
vn 0.07020000 -0.10510000 0.99200000
vn 0.47990000 -0.71820000 0.50390000
vn 0.27420000 -0.41030000 0.86970000
vn 0.46730000 -0.87430000 0.13120000
vn 0.05960000 -0.11150000 0.99200000
vn 0.40720000 -0.76180000 0.50390000
vn 0.23260000 -0.43520000 0.86970000
vn 0.37940000 -0.91590000 0.13120000
vn 0.04840000 -0.11680000 0.99200000
vn 0.33050000 -0.79800000 0.50390000
vn 0.18890000 -0.45590000 0.86970000
vn 0.26870000 -0.95420000 0.13140000
vn 0.03390000 -0.12010000 0.99220000
vn 0.23390000 -0.83060000 0.50530000
vn 0.13320000 -0.47260000 0.87110000
vn 0.17410000 -0.97600000 0.13070000
vn 0.02240000 -0.12630000 0.99170000
vn 0.15190000 -0.85160000 0.50180000
vn 0.08710000 -0.48900000 0.86790000
vn 0.09720000 -0.98660000 0.13120000
vn 0.01240000 -0.12580000 0.99200000
vn 0.08470000 -0.85960000 0.50390000
vn 0.04840000 -0.49110000 0.86970000
vn -0.00000000 -0.99140000 0.13120000
vn -0.00000000 -0.12640000 0.99200000
vn -0.00000000 -0.86370000 0.50390000
vn -0.00000000 -0.49350000 0.86970000
vn -0.09720000 -0.98660000 0.13120000
vn -0.01240000 -0.12580000 0.99200000
vn -0.08470000 -0.85960000 0.50390000
vn -0.04840000 -0.49110000 0.86970000
vn -0.17520000 -0.97580000 0.13070000
vn -0.02250000 -0.12620000 0.99180000
vn -0.15280000 -0.85130000 0.50190000
vn -0.08760000 -0.48870000 0.86800000
vn -0.26970000 -0.95390000 0.13140000
vn -0.03410000 -0.12010000 0.99220000
vn -0.23480000 -0.83040000 0.50520000
vn -0.13380000 -0.47260000 0.87110000
vn -0.37940000 -0.91590000 0.13120000
vn -0.04840000 -0.11680000 0.99200000
vn -0.33050000 -0.79800000 0.50390000
vn -0.18890000 -0.45590000 0.86970000
vn -0.46730000 -0.87430000 0.13120000
vn -0.05960000 -0.11150000 0.99200000
vn -0.40720000 -0.76180000 0.50390000
vn -0.23260000 -0.43520000 0.86970000
vn -0.55080000 -0.82430000 0.13120000
vn -0.07020000 -0.10510000 0.99200000
vn -0.47990000 -0.71820000 0.50390000
vn -0.27420000 -0.41030000 0.86970000
vn -0.62890000 -0.76630000 0.13120000
vn -0.08020000 -0.09770000 0.99200000
vn -0.54800000 -0.66770000 0.50390000
vn -0.31310000 -0.38150000 0.86970000
vn -0.70100000 -0.70100000 0.13120000
vn -0.08940000 -0.08940000 0.99200000
vn -0.61080000 -0.61080000 0.50390000
vn -0.34900000 -0.34900000 0.86970000
vn -0.76630000 -0.62890000 0.13120000
vn -0.09770000 -0.08020000 0.99200000
vn -0.66770000 -0.54800000 0.50390000
vn -0.38150000 -0.31310000 0.86970000
vn -0.82430000 -0.55080000 0.13120000
vn -0.10510000 -0.07020000 0.99200000
vn -0.71820000 -0.47990000 0.50390000
vn -0.41030000 -0.27420000 0.86970000
vn -0.87430000 -0.46730000 0.13120000
vn -0.11150000 -0.05960000 0.99200000
vn -0.76180000 -0.40720000 0.50390000
vn -0.43520000 -0.23260000 0.86970000
vn -0.91590000 -0.37940000 0.13120000
vn -0.11680000 -0.04840000 0.99200000
vn -0.79800000 -0.33050000 0.50390000
vn -0.45590000 -0.18890000 0.86970000
vn -0.94870000 -0.28780000 0.13120000
vn -0.12090000 -0.03670000 0.99200000
vn -0.82660000 -0.25070000 0.50390000
vn -0.47230000 -0.14330000 0.86970000
vn -0.97230000 -0.19340000 0.13120000
vn -0.12390000 -0.02470000 0.99200000
vn -0.84710000 -0.16850000 0.50390000
vn -0.48400000 -0.09630000 0.86970000
vn -0.98660000 -0.09720000 0.13120000
vn -0.12580000 -0.01240000 0.99200000
vn -0.85960000 -0.08470000 0.50390000
vn -0.49110000 -0.04840000 0.86970000
vn 1.00000000 -0.00000000 -0.00000000
vn 0.99520000 -0.09800000 -0.00000000
vn 0.99520000 0.09800000 -0.00000000
vn 0.98080000 -0.19510000 -0.00000000
vn 0.95690000 -0.29030000 -0.00000000
vn 0.92390000 -0.38270000 -0.00000000
vn 0.88190000 -0.47140000 -0.00000000
vn 0.83150000 -0.55560000 -0.00000000
vn 0.83150000 -0.55560000 -0.00000000
vn 0.77300000 -0.63440000 -0.00000000
vn 0.70710000 -0.70710000 -0.00000000
vn 0.63440000 -0.77300000 -0.00000000
vn 0.55560000 -0.83150000 -0.00000000
vn 0.47140000 -0.88190000 -0.00000000
vn 0.38270000 -0.92390000 -0.00000000
vn 0.29030000 -0.95690000 -0.00000000
vn 0.19510000 -0.98080000 -0.00000000
vn 0.09800000 -0.99520000 -0.00000000
vn -0.00000000 -1.00000000 -0.00000000
vn -0.09800000 -0.99520000 -0.00000000
vn -0.19510000 -0.98080000 -0.00000000
vn -0.29030000 -0.95690000 -0.00000000
vn -0.38270000 -0.92390000 -0.00000000
vn -0.47140000 -0.88190000 -0.00000000
vn -0.55560000 -0.83150000 -0.00000000
vn -0.63440000 -0.77300000 -0.00000000
vn -0.63440000 -0.77300000 -0.00000000
vn -0.70710000 -0.70710000 -0.00000000
vn -0.77300000 -0.63440000 -0.00000000
vn -0.83150000 -0.55560000 -0.00000000
vn -0.88190000 -0.47140000 -0.00000000
vn -0.92390000 -0.38270000 -0.00000000
vn -0.95690000 -0.29030000 -0.00000000
vn -0.98080000 -0.19510000 -0.00000000
vn -0.99520000 -0.09800000 -0.00000000
vn -1.00000000 -0.00000000 -0.00000000
vn -0.99520000 0.09800000 -0.00000000
vn -0.98080000 0.19510000 -0.00000000
vn -0.95690000 0.29030000 -0.00000000
vn -0.92390000 0.38270000 -0.00000000
vn -0.88190000 0.47140000 -0.00000000
vn -0.83150000 0.55560000 -0.00000000
vn -0.83150000 0.55560000 -0.00000000
vn -0.77300000 0.63440000 -0.00000000
vn -0.70710000 0.70710000 -0.00000000
vn -0.63440000 0.77300000 -0.00000000
vn -0.55560000 0.83150000 -0.00000000
vn -0.47140000 0.88190000 -0.00000000
vn -0.38270000 0.92390000 -0.00000000
vn -0.27110000 0.96250000 -0.00000000
vn -0.27950000 0.79130000 0.54380000
vn -0.10560000 0.99440000 -0.00000000
vn -0.08480000 0.99640000 -0.00000000
vn 0.65300000 0.68540000 0.32220000
vn 0.17660000 0.98430000 -0.00000000
vn 0.27220000 0.96220000 -0.00000000
vn 0.38270000 0.92390000 -0.00000000
vn 0.47140000 0.88190000 -0.00000000
vn 0.55560000 0.83150000 -0.00000000
vn 0.55560000 0.83150000 -0.00000000
vn 0.63440000 0.77300000 -0.00000000
vn 0.70710000 0.70710000 -0.00000000
vn 0.77300000 0.63440000 -0.00000000
vn 0.83150000 0.55560000 -0.00000000
vn 0.88190000 0.47140000 -0.00000000
vn 0.92390000 0.38270000 -0.00000000
vn 0.95690000 0.29030000 -0.00000000
vn 0.98080000 0.19510000 -0.00000000
vn 0.99520000 -0.09800000 -0.00000000
vn 0.98080000 -0.19510000 -0.00000000
vn 0.95690000 -0.29030000 -0.00000000
vn 0.92390000 -0.38270000 -0.00000000
vn 0.88190000 -0.47140000 -0.00000000
vn 0.83150000 -0.55560000 -0.00000000
vn 0.83150000 -0.55560000 -0.00000000
vn 0.77300000 -0.63440000 -0.00000000
vn 0.70710000 -0.70710000 -0.00000000
vn 0.63440000 -0.77300000 -0.00000000
vn 0.55560000 -0.83150000 -0.00000000
vn 0.47140000 -0.88190000 -0.00000000
vn 0.38270000 -0.92390000 -0.00000000
vn 0.29030000 -0.95690000 -0.00000000
vn 0.19510000 -0.98080000 -0.00000000
vn 0.09800000 -0.99520000 -0.00000000
vn -0.00000000 -1.00000000 -0.00000000
vn -0.09800000 -0.99520000 -0.00000000
vn -0.19510000 -0.98080000 -0.00000000
vn -0.29030000 -0.95690000 -0.00000000
vn -0.38270000 -0.92390000 -0.00000000
vn -0.47140000 -0.88190000 -0.00000000
vn -0.55560000 -0.83150000 -0.00000000
vn -0.63440000 -0.77300000 -0.00000000
vn -0.63440000 -0.77300000 -0.00000000
vn -0.70710000 -0.70710000 -0.00000000
vn -0.77300000 -0.63440000 -0.00000000
vn -0.83150000 -0.55560000 -0.00000000
vn -0.88190000 -0.47140000 -0.00000000
vn -0.92390000 -0.38270000 -0.00000000
vn -0.95690000 -0.29030000 -0.00000000
vn -0.98080000 -0.19510000 -0.00000000
vn -0.99520000 -0.09800000 -0.00000000
vn -1.00000000 -0.00000000 -0.00000000
vn -0.99520000 0.09800000 -0.00000000
vn -0.98080000 0.19510000 -0.00000000
vn -0.95690000 0.29030000 -0.00000000
vn -0.92390000 0.38270000 -0.00000000
vn -0.88190000 0.47140000 -0.00000000
vn -0.83150000 0.55560000 -0.00000000
vn -0.83150000 0.55560000 -0.00000000
vn -0.77300000 0.63440000 -0.00000000
vn -0.70710000 0.70710000 -0.00000000
vn -0.63440000 0.77300000 -0.00000000
vn -0.55560000 0.83150000 -0.00000000
vn -0.47140000 0.88190000 -0.00000000
vn -0.38270000 0.92390000 -0.00000000
vn -0.27110000 0.96250000 -0.00000000
vn -0.00340000 1.00000000 -0.00000000
vn 0.00320000 1.00000000 -0.00000000
vn 0.00360000 0.99630000 -0.08620000
vn 0.17660000 0.98430000 -0.00000000
vn 0.31750000 0.92600000 -0.20420000
vn 0.27220000 0.96220000 -0.00000000
vn 0.38270000 0.92390000 -0.00000000
vn 0.47140000 0.88190000 -0.00000000
vn 0.55560000 0.83150000 -0.00000000
vn 0.55560000 0.83150000 -0.00000000
vn 0.63440000 0.77300000 -0.00000000
vn 0.70710000 0.70710000 -0.00000000
vn 0.77300000 0.63440000 -0.00000000
vn 0.83150000 0.55560000 -0.00000000
vn 0.88190000 0.47140000 -0.00000000
vn 0.92390000 0.38270000 -0.00000000
vn 0.95690000 0.29030000 -0.00000000
vn 0.98080000 0.19510000 -0.00000000
vn 1.00000000 -0.00000000 -0.00000000
vn 0.99520000 0.09800000 -0.00000000
vn 1.00000000 -0.00000000 -0.00000000
vn 0.99520000 0.09800000 -0.00000000
vn 0.99520000 -0.09800000 -0.00000000
vn 0.98080000 -0.19510000 -0.00000000
vn 0.95690000 -0.29030000 -0.00000000
vn 0.92390000 -0.38270000 -0.00000000
vn 0.88190000 -0.47140000 -0.00000000
vn 0.83150000 -0.55560000 -0.00000000
vn 0.83150000 -0.55560000 -0.00000000
vn 0.77300000 -0.63440000 -0.00000000
vn 0.70710000 -0.70710000 -0.00000000
vn 0.63440000 -0.77300000 -0.00000000
vn 0.55560000 -0.83150000 -0.00000000
vn 0.47140000 -0.88190000 -0.00000000
vn 0.38270000 -0.92390000 -0.00000000
vn 0.29030000 -0.95690000 -0.00000000
vn 0.19510000 -0.98080000 -0.00000000
vn 0.09800000 -0.99520000 -0.00000000
vn -0.00000000 -1.00000000 -0.00000000
vn -0.09800000 -0.99520000 -0.00000000
vn -0.19510000 -0.98080000 -0.00000000
vn -0.29030000 -0.95690000 -0.00000000
vn -0.38270000 -0.92390000 -0.00000000
vn -0.47140000 -0.88190000 -0.00000000
vn -0.55560000 -0.83150000 -0.00000000
vn -0.63440000 -0.77300000 -0.00000000
vn -0.63440000 -0.77300000 -0.00000000
vn -0.70710000 -0.70710000 -0.00000000
vn -0.77300000 -0.63440000 -0.00000000
vn -0.83150000 -0.55560000 -0.00000000
vn -0.88190000 -0.47140000 -0.00000000
vn -0.92390000 -0.38270000 -0.00000000
vn -0.95690000 -0.29030000 -0.00000000
vn -0.98080000 -0.19510000 -0.00000000
vn -0.99520000 -0.09800000 -0.00000000
vn -1.00000000 -0.00000000 -0.00000000
vn -0.99520000 0.09800000 -0.00000000
vn -0.98080000 0.19510000 -0.00000000
vn -0.95690000 0.29030000 -0.00000000
vn -0.92390000 0.38270000 -0.00000000
vn -0.88190000 0.47140000 -0.00000000
vn -0.83150000 0.55560000 -0.00000000
vn -0.83150000 0.55560000 -0.00000000
vn -0.77300000 0.63440000 -0.00000000
vn -0.70710000 0.70710000 -0.00000000
vn -0.63440000 0.77300000 -0.00000000
vn -0.55560000 0.83150000 -0.00000000
vn -0.47140000 0.88190000 -0.00000000
vn -0.38270000 0.92390000 -0.00000000
vn -0.27110000 0.96250000 -0.00000000
vn -0.65050000 0.56160000 -0.51120000
vn -0.17550000 0.98450000 -0.00000000
vn -0.00000000 1.00000000 -0.00000000
vn -0.00000000 0.65300000 -0.75740000
vn 0.27220000 0.96220000 -0.00000000
vn 0.38270000 0.92390000 -0.00000000
vn 0.47140000 0.88190000 -0.00000000
vn 0.55560000 0.83150000 -0.00000000
vn 0.55560000 0.83150000 -0.00000000
vn 0.63440000 0.77300000 -0.00000000
vn 0.70710000 0.70710000 -0.00000000
vn 0.77300000 0.63440000 -0.00000000
vn 0.83150000 0.55560000 -0.00000000
vn 0.88190000 0.47140000 -0.00000000
vn 0.92390000 0.38270000 -0.00000000
vn 0.95690000 0.29030000 -0.00000000
vn 0.98080000 0.19510000 -0.00000000
vn 1.00000000 -0.00000000 -0.00000000
vn 0.99520000 0.09800000 -0.00000000
vn 0.99520000 -0.09800000 -0.00000000
vn 0.98080000 -0.19510000 -0.00000000
vn 0.95690000 -0.29030000 -0.00000000
vn 0.92390000 -0.38270000 -0.00000000
vn 0.88190000 -0.47140000 -0.00000000
vn 0.83150000 -0.55560000 -0.00000000
vn 0.83150000 -0.55560000 -0.00000000
vn 0.77300000 -0.63440000 -0.00000000
vn 0.70710000 -0.70710000 -0.00000000
vn 0.63440000 -0.77300000 -0.00000000
vn 0.55560000 -0.83150000 -0.00000000
vn 0.47140000 -0.88190000 -0.00000000
vn 0.38270000 -0.92390000 -0.00000000
vn 0.29030000 -0.95690000 -0.00000000
vn 0.19510000 -0.98080000 -0.00000000
vn 0.09800000 -0.99520000 -0.00000000
vn -0.00000000 -1.00000000 -0.00000000
vn -0.09800000 -0.99520000 -0.00000000
vn -0.19510000 -0.98080000 -0.00000000
vn -0.29030000 -0.95690000 -0.00000000
vn -0.38270000 -0.92390000 -0.00000000
vn -0.47140000 -0.88190000 -0.00000000
vn -0.55560000 -0.83150000 -0.00000000
vn -0.63440000 -0.77300000 -0.00000000
vn -0.63440000 -0.77300000 -0.00000000
vn -0.70710000 -0.70710000 -0.00000000
vn -0.77300000 -0.63440000 -0.00000000
vn -0.83150000 -0.55560000 -0.00000000
vn -0.88190000 -0.47140000 -0.00000000
vn -0.92390000 -0.38270000 -0.00000000
vn -0.95690000 -0.29030000 -0.00000000
vn -0.98080000 -0.19510000 -0.00000000
vn -0.99520000 -0.09800000 -0.00000000
vn -1.00000000 -0.00000000 -0.00000000
vn -0.99520000 0.09800000 -0.00000000
vn -0.98080000 0.19510000 -0.00000000
vn -0.95690000 0.29030000 -0.00000000
vn -0.92390000 0.38270000 -0.00000000
vn -0.88190000 0.47140000 -0.00000000
vn -0.83150000 0.55560000 -0.00000000
vn -0.83150000 0.55560000 -0.00000000
vn -0.77300000 0.63440000 -0.00000000
vn -0.70710000 0.70710000 -0.00000000
vn -0.63440000 0.77300000 -0.00000000
vn -0.55560000 0.83150000 -0.00000000
vn -0.47140000 0.88190000 -0.00000000
vn -0.38270000 0.92390000 -0.00000000
vn -0.27110000 0.96250000 -0.00000000
vn -0.00070000 1.00000000 -0.00000000
vn 0.00080000 1.00000000 -0.00000000
vn -0.00690000 0.83160000 0.55540000
vn 0.27220000 0.96220000 -0.00000000
vn 0.38270000 0.92390000 -0.00000000
vn 0.47140000 0.88190000 -0.00000000
vn 0.55560000 0.83150000 -0.00000000
vn 0.55560000 0.83150000 -0.00000000
vn 0.63440000 0.77300000 -0.00000000
vn 0.70710000 0.70710000 -0.00000000
vn 0.77300000 0.63440000 -0.00000000
vn 0.83150000 0.55560000 -0.00000000
vn 0.88190000 0.47140000 -0.00000000
vn 0.92390000 0.38270000 -0.00000000
vn 0.95690000 0.29030000 -0.00000000
vn 0.98080000 0.19510000 -0.00000000
vt 0.00000000 0.00000000
vt 1.48941700 0.08114600
vt 1.40335800 0.09255900
vt 0.00000000 0.00000000
vt 1.40335800 0.09255900
vt 0.00000000 0.00000000
vt 1.33936400 0.08822100
vt 1.33936400 0.08822100
vt 0.00000000 0.00000000
vt 0.00000000 0.00000000
vt 1.33936400 -0.03778200
vt 1.33936400 -0.03778200
vt 1.46861100 -0.05228000
vt 0.00000000 0.00000000
vt 1.46861100 -0.05228000
vt 1.48941700 -0.03917400
vt 0.00000000 0.00000000
vt 0.00000000 0.00000000
vt 0.00000000 0.00000000
vt 0.00000000 0.00000000
vt 0.00000000 0.00000000
vt 0.00000000 0.00000000
vt 0.00000000 0.00000000
vt 0.00000000 0.00000000
vt 0.00000000 0.00000000
vt 0.00000000 0.00000000
vt 0.00000000 0.00000000
vt 0.00000000 0.00000000
vt 0.00000000 0.00000000
vt 0.00000000 0.00000000
vt 0.00000000 0.00000000
vt 0.00000000 0.00000000
vt 0.00000000 0.00000000
vt 0.00000000 0.00000000
vt 0.00000000 0.00000000
vt 0.00000000 0.00000000
vt 0.00000000 0.00000000
vt 0.00000000 0.00000000
vt 0.00000000 0.00000000
vt 0.00000000 0.00000000
vt 0.00000000 0.00000000
vt 0.00000000 0.00000000
vt 0.00000000 0.00000000
vt 0.00000000 0.00000000
vt 0.00000000 0.00000000
vt 0.00000000 0.00000000
vt 0.00000000 0.00000000
vt 0.00000000 0.00000000
vt 0.00000000 0.00000000
vt 0.00000000 0.00000000
vt 0.00000000 0.00000000
vt 0.00000000 0.00000000
vt 0.00000000 0.00000000
vt 0.00000000 0.00000000
vt 0.00000000 0.00000000
vt 0.00000000 0.00000000
vt 0.00000000 0.00000000
vt 0.00000000 0.00000000
vt 0.00000000 0.00000000
vt 0.00000000 0.00000000
vt 0.00000000 0.00000000
vt 0.00000000 0.00000000
vt 0.00000000 0.00000000
vt 0.00000000 0.00000000
vt 0.00000000 0.00000000
vt 0.00000000 0.00000000
vt 0.00000000 0.00000000
vt 0.00000000 0.00000000
vt 0.00000000 0.00000000
vt 0.00000000 0.00000000
vt 0.00000000 0.00000000
vt 0.00000000 0.00000000
vt 0.00000000 0.00000000
vt 0.00000000 0.00000000
vt 0.00000000 0.00000000
vt 0.00000000 0.00000000
vt 0.00000000 0.00000000
vt 0.00000000 0.00000000
vt 0.00000000 0.00000000
vt 0.00000000 0.00000000
vt 0.00000000 0.00000000
vt 0.00000000 0.00000000
vt 0.00000000 0.00000000
vt 0.00000000 0.00000000
vt 0.00000000 0.00000000
vt 0.00000000 0.00000000
vt 0.00000000 0.00000000
vt 0.00000000 0.00000000
vt 0.00000000 0.00000000
vt 0.00000000 0.00000000
vt 0.00000000 0.00000000
vt 0.00000000 0.00000000
vt 0.00000000 0.00000000
vt 0.00000000 0.00000000
vt 0.00000000 0.00000000
vt 0.00000000 0.00000000
vt 0.00000000 0.00000000
vt 0.00000000 0.00000000
vt 0.00000000 0.00000000
vt 0.00000000 0.00000000
vt 0.00000000 0.00000000
vt 0.00000000 0.00000000
vt 0.00000000 0.00000000
vt 0.00000000 0.00000000
vt 0.00000000 0.00000000
vt 0.00000000 0.00000000
vt 0.00000000 0.00000000
vt 0.00000000 0.00000000
vt 0.00000000 0.00000000
vt 0.00000000 0.00000000
vt 0.00000000 0.00000000
vt 0.00000000 0.00000000
vt 0.00000000 0.00000000
vt 0.00000000 0.00000000
vt 0.00000000 0.00000000
vt 0.00000000 0.00000000
vt 0.00000000 0.00000000
vt 0.00000000 0.00000000
vt 0.00000000 0.00000000
vt 0.00000000 0.00000000
vt 0.00000000 0.00000000
vt 0.00000000 0.00000000
vt 0.00000000 0.00000000
vt 0.00000000 0.00000000
vt 0.00000000 0.00000000
vt 0.00000000 0.00000000
vt 0.00000000 0.00000000
vt 0.00000000 0.00000000
vt 0.00000000 0.00000000
vt 0.00000000 0.00000000
vt 0.00000000 0.00000000
vt 0.00000000 0.00000000
vt 0.00000000 0.00000000
vt 0.00000000 0.00000000
vt 0.00000000 0.00000000
vt 0.00000000 0.00000000
vt 0.00000000 0.00000000
vt 0.00000000 0.00000000
vt 0.00000000 0.00000000
vt 0.00000000 0.00000000
vt 0.00000000 0.00000000
vt 0.00000000 0.00000000
vt 0.00000000 0.00000000
vt 0.00000000 0.00000000
vt 0.00000000 0.00000000
vt 0.00000000 0.00000000
vt 0.00000000 0.00000000
vt 0.00000000 0.00000000
vt 0.00000000 0.00000000
vt 0.00000000 0.00000000
vt 0.00000000 0.00000000
vt 0.00000000 0.00000000
vt 0.00000000 0.00000000
vt 0.00000000 0.00000000
vt 0.00000000 0.00000000
vt 0.00000000 0.00000000
vt 0.00000000 0.00000000
vt 0.00000000 0.00000000
vt 0.00000000 0.00000000
vt 0.00000000 0.00000000
vt 0.00000000 0.00000000
vt 0.00000000 0.00000000
vt 0.00000000 0.00000000
vt 0.00000000 0.00000000
vt 0.00000000 0.00000000
vt 0.00000000 0.00000000
vt 0.00000000 0.00000000
vt 0.00000000 0.00000000
vt 0.00000000 0.00000000
vt 0.00000000 0.00000000
vt 0.00000000 0.00000000
vt 0.00000000 0.00000000
vt 0.00000000 0.00000000
vt 0.00000000 0.00000000
vt 0.00000000 0.00000000
vt 0.00000000 0.00000000
vt 0.00000000 0.00000000
vt 0.00000000 0.00000000
vt 0.00000000 0.00000000
vt 0.00000000 0.00000000
vt 0.00000000 0.00000000
vt 0.00000000 0.00000000
vt 0.00000000 0.00000000
vt 0.00000000 0.00000000
vt 0.00000000 0.00000000
vt 0.00000000 0.00000000
vt 0.00000000 0.00000000
vt 0.00000000 0.00000000
vt 0.00000000 0.00000000
vt 0.00000000 0.00000000
vt 0.00000000 0.00000000
vt 0.00000000 0.00000000
vt 0.00000000 0.00000000
vt 0.00000000 0.00000000
vt 0.00000000 0.00000000
vt 0.00000000 0.00000000
vt 0.00000000 0.00000000
vt 0.00000000 0.00000000
vt 0.00000000 0.00000000
vt 0.00000000 0.00000000
vt 0.00000000 0.00000000
vt 0.00000000 0.00000000
vt 0.00000000 0.00000000
vt 0.00000000 0.00000000
vt 0.00000000 0.00000000
vt 0.00000000 0.00000000
vt 0.00000000 0.00000000
vt 0.00000000 0.00000000
vt 0.00000000 0.00000000
vt 0.00000000 0.00000000
vt 0.00000000 0.00000000
vt 0.00000000 0.00000000
vt 0.00000000 0.00000000
vt 0.00000000 0.00000000
vt 0.00000000 0.00000000
vt 0.00000000 0.00000000
vt 0.00000000 0.00000000
vt 0.00000000 0.00000000
vt 0.00000000 0.00000000
vt 0.00000000 0.00000000
vt 0.00000000 0.00000000
vt 0.00000000 0.00000000
vt 0.00000000 0.00000000
vt 0.00000000 0.00000000
vt 0.00000000 0.00000000
vt 0.00000000 0.00000000
vt 0.00000000 0.00000000
vt 0.00000000 0.00000000
vt 0.00000000 0.00000000
vt 0.00000000 0.00000000
vt 0.00000000 0.00000000
vt 0.00000000 0.00000000
vt 0.00000000 0.00000000
vt 0.00000000 0.00000000
vt 0.00000000 0.00000000
vt 0.00000000 0.00000000
vt 0.00000000 0.00000000
vt 0.00000000 0.00000000
vt 0.00000000 0.00000000
vt 0.00000000 0.00000000
vt 0.00000000 0.00000000
vt 0.00000000 0.00000000
vt 0.00000000 0.00000000
vt 0.00000000 0.00000000
vt 0.00000000 0.00000000
vt 0.00000000 0.00000000
vt 0.00000000 0.00000000
vt 0.00000000 0.00000000
vt 0.00000000 0.00000000
vt 0.00000000 0.00000000
vt 0.00000000 0.00000000
vt 0.00000000 0.00000000
vt 0.00000000 0.00000000
vt 0.00000000 0.00000000
vt 0.00000000 0.00000000
vt 0.00000000 0.00000000
vt 0.00000000 0.00000000
vt 0.00000000 0.00000000
vt 0.00000000 0.00000000
vt 0.00000000 0.00000000
vt 0.00000000 0.00000000
vt 0.00000000 0.00000000
vt 0.00000000 0.00000000
vt 0.00000000 0.00000000
vt 0.00000000 0.00000000
vt 0.00000000 0.00000000
vt 0.00000000 0.00000000
vt 0.00000000 0.00000000
vt 0.00000000 0.00000000
vt 0.00000000 0.00000000
vt 0.00000000 0.00000000
vt 0.00000000 0.00000000
vt 0.00000000 0.00000000
vt 0.00000000 0.00000000
vt 0.00000000 0.00000000
vt 0.00000000 0.00000000
vt 0.00000000 0.00000000
vt 0.00000000 0.00000000
vt 0.00000000 0.00000000
vt 0.00000000 0.00000000
vt 0.00000000 0.00000000
vt 0.00000000 0.00000000
vt 0.00000000 0.00000000
vt 0.00000000 0.00000000
vt 0.00000000 0.00000000
vt 0.00000000 0.00000000
vt 0.00000000 0.00000000
vt 0.00000000 0.00000000
vt 0.00000000 0.00000000
vt 0.00000000 0.00000000
vt 0.00000000 0.00000000
vt 0.00000000 0.00000000
vt 0.00000000 0.00000000
vt 0.00000000 0.00000000
vt 0.00000000 0.00000000
vt 0.00000000 0.00000000
vt 0.00000000 0.00000000
vt 0.00000000 0.00000000
vt 0.00000000 0.00000000
vt 0.00000000 0.00000000
vt 0.00000000 0.00000000
vt 0.00000000 0.00000000
vt 0.00000000 0.00000000
vt 0.00000000 0.00000000
vt 0.00000000 0.00000000
vt 0.00000000 0.00000000
vt 0.00000000 0.00000000
vt 0.00000000 0.00000000
vt 0.00000000 0.00000000
vt 0.00000000 0.00000000
vt 0.00000000 0.00000000
vt 0.00000000 0.00000000
vt 0.00000000 0.00000000
vt 0.00000000 0.00000000
vt 0.00000000 0.00000000
vt 0.00000000 0.00000000
vt 0.00000000 0.00000000
vt 0.00000000 0.00000000
vt 0.00000000 0.00000000
vt 0.00000000 0.00000000
vt 0.00000000 0.00000000
vt 0.00000000 0.00000000
vt 0.00000000 0.00000000
vt 0.00000000 0.00000000
vt 0.00000000 0.00000000
vt 0.00000000 0.00000000
vt 0.00000000 0.00000000
vt 0.00000000 0.00000000
vt 0.00000000 0.00000000
vt 0.00000000 0.00000000
vt 0.00000000 0.00000000
vt 0.00000000 0.00000000
vt 0.00000000 0.00000000
vt 0.00000000 0.00000000
vt 0.00000000 0.00000000
vt 0.00000000 0.00000000
vt 0.00000000 0.00000000
vt 0.00000000 0.00000000
vt 0.00000000 0.00000000
vt 0.00000000 0.00000000
vt 0.00000000 0.00000000
vt 0.00000000 0.00000000
vt 0.00000000 0.00000000
vt 0.00000000 0.00000000
vt 0.00000000 0.00000000
vt 0.00000000 0.00000000
vt 0.00000000 0.00000000
vt 0.00000000 0.00000000
vt 0.00000000 0.00000000
vt 0.00000000 0.00000000
vt 0.00000000 0.00000000
vt 0.00000000 0.00000000
vt 0.00000000 0.00000000
vt 0.00000000 0.00000000
vt 0.00000000 0.00000000
vt 0.00000000 0.00000000
vt 0.00000000 0.00000000
vt 0.00000000 0.00000000
vt 0.00000000 0.00000000
vt 0.00000000 0.00000000
vt 0.00000000 0.00000000
vt 0.00000000 0.00000000
vt 0.00000000 0.00000000
vt 0.00000000 0.00000000
vt 0.00000000 0.00000000
vt 0.00000000 0.00000000
vt 0.00000000 0.00000000
vt 0.00000000 0.00000000
vt 0.00000000 0.00000000
vt 0.00000000 0.00000000
vt 0.00000000 0.00000000
vt 0.00000000 0.00000000
vt 0.00000000 0.00000000
vt 0.00000000 0.00000000
vt 0.00000000 0.00000000
vt 0.00000000 0.00000000
vt 0.00000000 0.00000000
vt 0.00000000 0.00000000
vt 0.00000000 0.00000000
vt 0.00000000 0.00000000
vt 0.00000000 0.00000000
vt 0.00000000 0.00000000
vt 0.00000000 0.00000000
vt 0.00000000 0.00000000
vt 0.00000000 0.00000000
vt 0.00000000 0.00000000
vt 0.00000000 0.00000000
vt 0.00000000 0.00000000
vt 0.00000000 0.00000000
vt 0.00000000 0.00000000
vt 0.00000000 0.00000000
vt 0.00000000 0.00000000
vt 0.00000000 0.00000000
vt 0.00000000 0.00000000
vt 0.00000000 0.00000000
vt 0.00000000 0.00000000
vt 0.00000000 0.00000000
vt 0.00000000 0.00000000
vt 0.00000000 0.00000000
vt 0.00000000 0.00000000
vt 0.00000000 0.00000000
vt 0.00000000 0.00000000
vt 0.00000000 0.00000000
vt 0.00000000 0.00000000
vt 0.00000000 0.00000000
vt 0.00000000 0.00000000
vt 0.00000000 0.00000000
vt 0.00000000 0.00000000
vt 0.00000000 0.00000000
vt 0.00000000 0.00000000
vt 0.00000000 0.00000000
vt 0.00000000 0.00000000
vt 0.00000000 0.00000000
vt 0.00000000 0.00000000
vt 0.00000000 0.00000000
vt 0.00000000 0.00000000
vt 0.00000000 0.00000000
vt 0.00000000 0.00000000
vt 0.00000000 0.00000000
vt 0.00000000 0.00000000
vt 0.00000000 0.00000000
vt 0.00000000 0.00000000
vt 0.00000000 0.00000000
vt 0.00000000 0.00000000
vt 0.00000000 0.00000000
vt 0.00000000 0.00000000
vt 0.00000000 0.00000000
vt 0.00000000 0.00000000
vt 0.00000000 0.00000000
vt 0.00000000 0.00000000
vt 0.00000000 0.00000000
vt 0.00000000 0.00000000
vt 0.00000000 0.00000000
vt 0.00000000 0.00000000
vt 0.00000000 0.00000000
vt 0.00000000 0.00000000
vt 0.00000000 0.00000000
vt 0.00000000 0.00000000
vt 0.00000000 0.00000000
vt 0.00000000 0.00000000
vt 0.00000000 0.00000000
vt 0.00000000 0.00000000
vt 0.00000000 0.00000000
vt 0.00000000 0.00000000
vt 0.00000000 0.00000000
vt 0.00000000 0.00000000
vt 0.00000000 0.00000000
vt 0.00000000 0.00000000
vt 0.00000000 0.00000000
vt 0.00000000 0.00000000
vt 0.00000000 0.00000000
vt 0.00000000 0.00000000
vt 0.00000000 0.00000000
vt 0.00000000 0.00000000
vt 0.00000000 0.00000000
vt 0.00000000 0.00000000
vt 0.00000000 0.00000000
vt 0.00000000 0.00000000
vt 0.00000000 0.00000000
vt 0.00000000 0.00000000
vt 0.00000000 0.00000000
vt 0.00000000 0.00000000
vt 0.00000000 0.00000000
vt 0.00000000 0.00000000
vt 0.00000000 0.00000000
vt 0.00000000 0.00000000
vt 0.00000000 0.00000000
vt 0.00000000 0.00000000
vt 0.00000000 0.00000000
vt 0.00000000 0.00000000
vt 0.00000000 0.00000000
vt 0.00000000 0.00000000
vt 0.00000000 0.00000000
vt 0.00000000 0.00000000
vt 0.00000000 0.00000000
vt 0.00000000 0.00000000
vt 0.00000000 0.00000000
vt 0.00000000 0.00000000
vt 0.00000000 0.00000000
vt 0.00000000 0.00000000
vt 0.00000000 0.00000000
vt 0.00000000 0.00000000
vt 0.00000000 0.00000000
vt 0.00000000 0.00000000
vt 0.00000000 0.00000000
vt 0.00000000 0.00000000
vt 0.00000000 0.00000000
vt 0.00000000 0.00000000
vt 0.00000000 0.00000000
vt 0.00000000 0.00000000
vt 0.00000000 0.00000000
vt 0.00000000 0.00000000
vt 0.00000000 0.00000000
vt 0.00000000 0.00000000
vt 0.00000000 0.00000000
vt 0.00000000 0.00000000
vt 0.00000000 0.00000000
vt 0.00000000 0.00000000
vt 0.00000000 0.00000000
vt 0.00000000 0.00000000
vt 0.00000000 0.00000000
vt 0.00000000 0.00000000
vt 0.00000000 0.00000000
vt 0.00000000 0.00000000
vt 0.00000000 0.00000000
vt 0.00000000 0.00000000
vt 0.00000000 0.00000000
vt 0.00000000 0.00000000
vt 0.00000000 0.00000000
vt 0.00000000 0.00000000
vt 0.00000000 0.00000000
vt 0.00000000 0.00000000
vt 0.00000000 0.00000000
vt 0.00000000 0.00000000
vt 0.00000000 0.00000000
vt 0.00000000 0.00000000
vt 0.00000000 0.00000000
vt 0.00000000 0.00000000
vt 0.00000000 0.00000000
vt 0.00000000 0.00000000
vt 0.00000000 0.00000000
vt 0.00000000 0.00000000
vt 0.00000000 0.00000000
vt 0.00000000 0.00000000
vt 0.00000000 0.00000000
vt 0.00000000 0.00000000
vt 0.00000000 0.00000000
vt 0.00000000 0.00000000
vt 0.00000000 0.00000000
vt 0.00000000 0.00000000
vt 0.00000000 0.00000000
vt 0.00000000 0.00000000
vt 0.00000000 0.00000000
vt 0.00000000 0.00000000
vt 0.00000000 0.00000000
vt 0.00000000 0.00000000
vt 0.00000000 0.00000000
vt 0.00000000 0.00000000
vt 0.00000000 0.00000000
vt 0.00000000 0.00000000
vt 0.00000000 0.00000000
vt 0.00000000 0.00000000
vt 0.00000000 0.00000000
vt 0.00000000 0.00000000
vt 0.00000000 0.00000000
vt 0.00000000 0.00000000
vt 0.00000000 0.00000000
vt 0.00000000 0.00000000
vt 0.00000000 0.00000000
vt 0.00000000 0.00000000
vt 0.00000000 0.00000000
vt 0.00000000 0.00000000
vt 0.00000000 0.00000000
vt 0.00000000 0.00000000
vt 0.00000000 0.00000000
vt 0.00000000 0.00000000
vt 0.00000000 0.00000000
vt 0.00000000 0.00000000
vt 0.00000000 0.00000000
vt 0.00000000 0.00000000
vt 0.00000000 0.00000000
vt 0.00000000 0.00000000
vt 0.00000000 0.00000000
vt 0.00000000 0.00000000
vt 0.00000000 0.00000000
vt 0.00000000 0.00000000
vt 0.00000000 0.00000000
vt 0.00000000 0.00000000
vt 0.00000000 0.00000000
vt 0.00000000 0.00000000
vt 0.00000000 0.00000000
vt 0.00000000 0.00000000
vt 0.00000000 0.00000000
vt 0.00000000 0.00000000
vt 0.00000000 0.00000000
vt 0.00000000 0.00000000
vt 0.00000000 0.00000000
vt 0.00000000 0.00000000
vt 0.00000000 0.00000000
vt 0.00000000 0.00000000
vt 0.00000000 0.00000000
vt 0.00000000 0.00000000
vt 0.00000000 0.00000000
vt 0.00000000 0.00000000
vt 0.00000000 0.00000000
vt 0.00000000 0.00000000
vt 0.00000000 0.00000000
vt 0.00000000 0.00000000
vt 0.00000000 0.00000000
vt 0.00000000 0.00000000
vt 0.00000000 0.00000000
vt 0.00000000 0.00000000
vt 0.00000000 0.00000000
vt 0.00000000 0.00000000
vt 0.00000000 0.00000000
vt 0.00000000 0.00000000
vt 0.00000000 0.00000000
vt 0.00000000 0.00000000
vt 0.00000000 0.00000000
vt 0.00000000 0.00000000
vt 0.00000000 0.00000000
vt 0.00000000 0.00000000
vt 0.00000000 0.00000000
vt 0.00000000 0.00000000
vt 0.00000000 0.00000000
vt 0.00000000 0.00000000
vt 0.00000000 0.00000000
vt 0.00000000 0.00000000
vt 0.00000000 0.00000000
vt 0.00000000 0.00000000
vt 0.00000000 0.00000000
vt 0.00000000 0.00000000
vt 0.00000000 0.00000000
vt 0.00000000 0.00000000
vt 0.00000000 0.00000000
vt 0.00000000 0.00000000
vt 0.00000000 0.00000000
vt 0.00000000 0.00000000
vt 0.00000000 0.00000000
vt 0.00000000 0.00000000
vt 0.00000000 0.00000000
vt 0.00000000 0.00000000
vt 0.00000000 0.00000000
vt 0.00000000 0.00000000
vt 0.00000000 0.00000000
vt 0.00000000 0.00000000
vt 0.00000000 0.00000000
vt 0.00000000 0.00000000
vt 0.00000000 0.00000000
vt 0.00000000 0.00000000
vt 0.00000000 0.00000000
vt 0.00000000 0.00000000
vt 0.00000000 0.00000000
vt 0.00000000 0.00000000
vt 0.00000000 0.00000000
vt 0.00000000 0.00000000
vt 0.00000000 0.00000000
vt 0.00000000 0.00000000
vt 0.00000000 0.00000000
vt 0.00000000 0.00000000
vt 0.00000000 0.00000000
vt 0.00000000 0.00000000
vt 0.00000000 0.00000000
vt 0.00000000 0.00000000
vt 0.00000000 0.00000000
vt 0.00000000 0.00000000
vt 0.00000000 0.00000000
vt 0.00000000 0.00000000
vt 0.00000000 0.00000000
vt 0.00000000 0.00000000
vt 0.00000000 0.00000000
vt 0.00000000 0.00000000
vt 0.00000000 0.00000000
vt 0.00000000 0.00000000
vt 0.00000000 0.00000000
vt 0.00000000 0.00000000
vt 0.00000000 0.00000000
vt 0.00000000 0.00000000
vt 0.00000000 0.00000000
vt 0.00000000 0.00000000
vt 0.00000000 0.00000000
vt 0.00000000 0.00000000
vt 0.00000000 0.00000000
vt 0.00000000 0.00000000
vt 0.00000000 0.00000000
vt 0.00000000 0.00000000
vt 0.00000000 0.00000000
vt 0.00000000 0.00000000
vt 0.00000000 0.00000000
vt 0.00000000 0.00000000
vt 0.00000000 0.00000000
vt 0.00000000 0.00000000
vt 0.00000000 0.00000000
vt 0.00000000 0.00000000
vt 0.00000000 0.00000000
vt 0.00000000 0.00000000
vt 0.00000000 0.00000000
vt 0.00000000 0.00000000
vt 0.00000000 0.00000000
vt 0.00000000 0.00000000
vt 0.00000000 0.00000000
vt 0.00000000 0.00000000
vt 0.00000000 0.00000000
vt 0.00000000 0.00000000
vt 0.00000000 0.00000000
vt 0.00000000 0.00000000
vt 0.00000000 0.00000000
vt 0.00000000 0.00000000
vt 0.00000000 0.00000000
vt 0.00000000 0.00000000
vt 0.00000000 0.00000000
vt 0.00000000 0.00000000
vt 0.00000000 0.00000000
vt 0.00000000 0.00000000
vt 0.00000000 0.00000000
vt 0.00000000 0.00000000
vt 0.00000000 0.00000000
vt 0.00000000 0.00000000
vt 0.00000000 0.00000000
vt 0.00000000 0.00000000
vt 0.00000000 0.00000000
vt 0.00000000 0.00000000
vt 0.00000000 0.00000000
vt 0.00000000 0.00000000
vt 0.00000000 0.00000000
vt 0.00000000 0.00000000
vt 0.00000000 0.00000000
vt 0.00000000 0.00000000
vt 0.00000000 0.00000000
vt 0.00000000 0.00000000
vt 0.00000000 0.00000000
vt 0.00000000 0.00000000
vt 0.00000000 0.00000000
vt 0.00000000 0.00000000
vt 0.00000000 0.00000000
vt 0.00000000 0.00000000
vt 0.00000000 0.00000000
vt 0.00000000 0.00000000
vt 0.00000000 0.00000000
vt 0.00000000 0.00000000
vt 0.00000000 0.00000000
vt 0.00000000 0.00000000
vt 0.00000000 0.00000000
vt 0.00000000 0.00000000
vt 0.00000000 0.00000000
vt 0.00000000 0.00000000
vt 0.00000000 0.00000000
vt 0.00000000 0.00000000
vt 0.00000000 0.00000000
vt 0.00000000 0.00000000
vt 0.00000000 0.00000000
vt 0.00000000 0.00000000
vt 0.00000000 0.00000000
vt 0.00000000 0.00000000
vt 0.00000000 0.00000000
vt 0.00000000 0.00000000
vt 0.00000000 0.00000000
vt 0.00000000 0.00000000
vt 0.00000000 0.00000000
vt 0.00000000 0.00000000
vt 0.00000000 0.00000000
vt 0.00000000 0.00000000
vt 0.00000000 0.00000000
vt 0.00000000 0.00000000
vt 0.00000000 0.00000000
vt 0.00000000 0.00000000
vt 0.00000000 0.00000000
vt 0.00000000 0.00000000
vt 0.00000000 0.00000000
vt 0.00000000 0.00000000
vt 0.00000000 0.00000000
vt 0.00000000 0.00000000
vt 0.00000000 0.00000000
vt 0.00000000 0.00000000
vt 0.00000000 0.00000000
vt 0.00000000 0.00000000
vt 0.00000000 0.00000000
vt 0.00000000 0.00000000
vt 0.00000000 0.00000000
vt 0.00000000 0.00000000
vt 0.00000000 0.00000000
vt 0.00000000 0.00000000
vt 0.00000000 0.00000000
vt 0.00000000 0.00000000
vt 0.00000000 0.00000000
vt 0.00000000 0.00000000
vt 0.00000000 0.00000000
vt 0.00000000 0.00000000
vt 0.00000000 0.00000000
vt 0.00000000 0.00000000
vt 0.00000000 0.00000000
vt 0.00000000 0.00000000
vt 0.00000000 0.00000000
vt 0.00000000 0.00000000
vt 0.00000000 0.00000000
vt 0.00000000 0.00000000
vt 0.00000000 0.00000000
vt 0.00000000 0.00000000
vt 0.00000000 0.00000000
vt 0.00000000 0.00000000
vt 0.00000000 0.00000000
vt 0.00000000 0.00000000
vt 0.00000000 0.00000000
vt 0.00000000 0.00000000
vt 0.00000000 0.00000000
vt 0.00000000 0.00000000
vt 0.00000000 0.00000000
vt 0.00000000 0.00000000
vt 0.00000000 0.00000000
vt 0.00000000 0.00000000
vt 0.00000000 0.00000000
vt 0.00000000 0.00000000
vt 0.00000000 0.00000000
vt 0.00000000 0.00000000
vt 0.00000000 0.00000000
vt 0.00000000 0.00000000
vt 0.00000000 0.00000000
vt 0.00000000 0.00000000
vt 0.00000000 0.00000000
vt 0.00000000 0.00000000
vt 0.00000000 0.00000000
vt 0.00000000 0.00000000
vt 0.00000000 0.00000000
vt 0.00000000 0.00000000
vt 0.00000000 0.00000000
vt 0.00000000 0.00000000
vt 0.00000000 0.00000000
vt 0.00000000 0.00000000
vt 0.00000000 0.00000000
vt 0.00000000 0.00000000
vt 0.00000000 0.00000000
vt 0.00000000 0.00000000
vt 0.00000000 0.00000000
vt 0.00000000 0.00000000
vt 0.00000000 0.00000000
vt 0.00000000 0.00000000
vt 0.00000000 0.00000000
vt 0.00000000 0.00000000
vt 0.00000000 0.00000000
vt 0.00000000 0.00000000
vt 0.00000000 0.00000000
vt 0.00000000 0.00000000
vt 0.00000000 0.00000000
vt 0.00000000 0.00000000
vt 0.00000000 0.00000000
vt 0.00000000 0.00000000
vt 0.00000000 0.00000000
vt 0.00000000 0.00000000
vt 0.00000000 0.00000000
vt 0.00000000 0.00000000
vt 0.00000000 0.00000000
vt 0.00000000 0.00000000
vt 0.00000000 0.00000000
vt 0.00000000 0.00000000
vt 0.00000000 0.00000000
vt 0.00000000 0.00000000
vt 0.00000000 0.00000000
vt 0.00000000 0.00000000
vt 0.00000000 0.00000000
vt 0.00000000 0.00000000
vt 0.00000000 0.00000000
vt 0.00000000 0.00000000
vt 0.00000000 0.00000000
vt 0.00000000 0.00000000
vt 0.00000000 0.00000000
vt 0.00000000 0.00000000
vt 0.00000000 0.00000000
vt 0.00000000 0.00000000
vt 0.00000000 0.00000000
vt 0.00000000 0.00000000
vt 0.00000000 0.00000000
vt 0.00000000 0.00000000
vt 0.00000000 0.00000000
vt 0.00000000 0.00000000
vt 0.00000000 0.00000000
vt 0.00000000 0.00000000
vt 0.00000000 0.00000000
vt 0.00000000 0.00000000
vt 1.46861200 0.90500000
vt 0.00000000 0.00000000
vt 1.46861200 0.90500000
vt 0.00000000 0.00000000
vt 1.33936400 0.90597300
vt 1.33936400 0.90597300
vt 0.00000000 0.00000000
vt 1.31597700 0.91201900
vt 0.00000000 0.00000000
vt 0.00000000 0.00000000
vt 1.31597700 1.00950500
vt 1.33936400 1.02498200
vt 0.00000000 0.00000000
vt 1.33936400 1.02498200
vt 0.00000000 0.00000000
vt 1.46861200 1.02091900
vt 1.46861200 1.02091900
vt 0.00000000 0.00000000
vt 1.48941800 1.01435700
vt 0.00000000 0.00000000
vt 0.00000000 1.00000000
vt 1.00000000 1.00000000
vt 0.98437500 1.00000000
vt 0.96875000 1.00000000
vt 0.95312500 1.00000000
vt 0.93750000 1.00000000
vt 0.92187500 1.00000000
vt 0.90625000 1.00000000
vt 0.89062500 1.00000000
vt 0.87500000 1.00000000
vt 0.85937500 1.00000000
vt 0.84375000 1.00000000
vt 0.82812500 1.00000000
vt 0.81250000 1.00000000
vt 0.79687500 1.00000000
vt 0.78125000 1.00000000
vt 0.76562500 1.00000000
vt 0.75000000 1.00000000
vt 0.73437500 1.00000000
vt 0.71875000 1.00000000
vt 0.70312500 1.00000000
vt 0.68750000 1.00000000
vt 0.67187500 1.00000000
vt 0.65625000 1.00000000
vt 0.64062500 1.00000000
vt 0.62500000 1.00000000
vt 0.60937500 1.00000000
vt 0.59375000 1.00000000
vt 0.57812500 1.00000000
vt 0.56250000 1.00000000
vt 0.54687500 1.00000000
vt 0.53125000 1.00000000
vt 0.51562500 1.00000000
vt 0.50000000 1.00000000
vt 0.48437500 1.00000000
vt 0.46875000 1.00000000
vt 0.45312500 1.00000000
vt 0.43750000 1.00000000
vt 0.42187500 1.00000000
vt 0.40625000 1.00000000
vt 0.39062500 1.00000000
vt 0.37500000 1.00000000
vt 0.35937500 1.00000000
vt 0.34375000 1.00000000
vt 0.32812500 1.00000000
vt 0.31250000 1.00000000
vt 0.29687500 1.00000000
vt 0.27055900 1.00000000
vt 0.26562500 1.00000000
vt 0.25000000 1.00000000
vt 0.23437500 1.00000000
vt 0.22849200 1.00000000
vt 0.20312500 1.00000000
vt 0.18750000 1.00000000
vt 0.17187500 1.00000000
vt 0.15625000 1.00000000
vt 0.14062500 1.00000000
vt 0.12500000 1.00000000
vt 0.10937500 1.00000000
vt 0.09375000 1.00000000
vt 0.07812500 1.00000000
vt 0.06250000 1.00000000
vt 0.04687500 1.00000000
vt 0.03125000 1.00000000
vt 0.01562500 1.00000000
vt 1.00000000 0.00000000
vt 0.00000000 0.00000000
vt 1.00000000 0.01430400
vt 0.46243900 -0.20819700
vt 0.00000000 0.01430400
vt 0.00000000 0.00000000
vt 1.00000000 0.00000000
vt 0.00003400 0.00715200
vt 0.99996600 0.00715200
vt 0.98437500 0.01430400
vt 0.98437500 0.01430400
vt 0.39774400 -0.20762900
vt 0.98437500 0.00000000
vt 0.98437500 0.00715200
vt 0.98437500 0.00000000
vt 0.96875000 0.01430400
vt 0.33462100 -0.20678600
vt 0.96875000 0.01430400
vt 0.96875000 0.00000000
vt 0.96875000 0.00715200
vt 0.96875000 0.00000000
vt 0.95312500 0.01430400
vt 0.27367900 -0.20567300
vt 0.95312500 0.01430400
vt 0.95312500 0.00000000
vt 0.95312500 0.00715200
vt 0.95312500 0.00000000
vt 0.93750000 0.01430400
vt 0.21550500 -0.20430300
vt 0.93750000 0.01430400
vt 0.93750000 0.00000000
vt 0.93750000 0.00715200
vt 0.93750000 0.00000000
vt 0.92187500 0.01430400
vt 0.16065900 -0.20268800
vt 0.92187500 0.01430400
vt 0.92187500 0.00000000
vt 0.92187500 0.00000000
vt 0.92187500 0.00715200
vt 0.92187500 0.00000000
vt 0.90625000 0.01430400
vt 0.90625000 0.01430400
vt 0.10966800 -0.20084400
vt 0.10966800 -0.19878900
vt 0.90625000 0.00000000
vt 0.90625000 0.00000000
vt 0.90625000 0.00715200
vt 0.90625000 0.00000000
vt 0.89062500 0.01430400
vt 0.06302500 -0.20084400
vt 0.89062500 0.01430400
vt 0.89062500 0.00000000
vt 0.89062500 0.00715200
vt 0.89062500 0.00000000
vt 0.01203500 -0.20268800
vt 0.87500000 0.01430400
vt 0.87500000 0.01430400
vt 0.87500000 0.00000000
vt 0.87500000 0.00715200
vt 0.87500000 0.00000000
vt 0.85937500 0.01430400
vt 0.85937500 0.01430400
vt -0.04281100 -0.20430300
vt 0.85937500 0.00000000
vt 0.85937500 0.00715200
vt 0.85937500 0.00000000
vt 0.84375000 0.01430400
vt -0.10098500 -0.20567300
vt 0.84375000 0.01430400
vt 0.84375000 0.00000000
vt 0.84375000 0.00715200
vt 0.84375000 0.00000000
vt 0.82812500 0.01430400
vt 0.82812500 0.01430400
vt -0.16192700 -0.20678600
vt 0.82812500 0.00000000
vt 0.82812500 0.00000000
vt 0.82812500 0.00715200
vt 0.82812500 0.00000000
vt -0.22505000 -0.20763000
vt 0.81250000 0.01430400
vt 0.81250000 0.01430400
vt 0.81250000 0.00000000
vt 0.81250000 0.00000000
vt 0.81250000 0.00715200
vt 0.81250000 0.00000000
vt 0.79687500 0.01430400
vt -0.28974500 -0.20819700
vt 0.79687500 0.01430400
vt 0.79687500 0.00000000
vt 0.79687500 0.00715200
vt 0.79687500 0.00000000
vt 0.78125000 0.01430400
vt -0.35539100 -0.20848100
vt 0.78125000 0.01430400
vt 0.78125000 0.00000000
vt 0.78125000 0.00715200
vt 0.78125000 0.00000000
vt 0.76562500 0.01430400
vt -0.42135400 -0.20848100
vt 0.76562500 0.01430400
vt 0.76562500 0.00000000
vt 0.76562500 0.00000000
vt 0.76562500 0.00715200
vt 0.76562500 0.00000000
vt -0.48699900 -0.20819700
vt 0.75000000 0.01430400
vt 0.75000000 0.01430400
vt 0.75000000 0.00000000
vt 0.75000000 0.00715200
vt 0.75000000 0.00000000
vt 0.73437500 0.01430400
vt 0.73437500 0.01430400
vt -0.55169500 -0.20762900
vt 0.73437500 0.00000000
vt 0.73437500 0.00715200
vt 0.73437500 0.00000000
vt 0.71875000 0.01430400
vt -0.61481800 -0.20678600
vt 0.71875000 0.01430400
vt 0.71875000 0.00000000
vt 0.71875000 0.00715200
vt 0.71875000 0.00000000
vt -0.67575900 -0.20567300
vt 0.70312500 0.01430400
vt 0.70312500 0.01430400
vt 0.70312500 0.00000000
vt 0.70312500 0.00715200
vt 0.70312500 0.00000000
vt 0.68750000 0.01430400
vt -0.73393400 -0.20430300
vt 0.68750000 0.01430400
vt 0.68750000 0.00000000
vt 0.68750000 0.00715200
vt 0.68750000 0.00000000
vt 0.67187500 0.01430400
vt 0.67187500 0.01430400
vt -0.78878000 -0.20268800
vt 0.67187500 0.00000000
vt 0.67187500 0.00715200
vt 0.67187500 0.00000000
vt 0.65625000 0.01430400
vt 0.65625000 0.01430400
vt -0.83977000 -0.20084400
vt 0.65625000 0.00000000
vt 0.65625000 0.00715200
vt 0.65625000 0.00000000
vt -0.88641300 -0.19878900
vt -0.88711700 -0.20107500
vt 0.64062500 0.01430400
vt 0.64062500 0.01430400
vt 0.64062500 0.00000000
vt 0.64062500 0.00715200
vt 0.64062500 0.00000000
vt 0.62500000 0.01430400
vt 0.62500000 0.01430400
vt -0.93810700 -0.20291900
vt 0.62500000 0.00000000
vt 0.62500000 0.00715200
vt 0.62500000 0.00000000
vt -0.99295300 -0.20453400
vt 0.60937500 0.01430400
vt 0.60937500 0.01430400
vt 0.60937500 0.00000000
vt 0.60937500 0.00715200
vt 0.60937500 0.00000000
vt 0.59375000 0.01430400
vt 0.59375000 0.01430400
vt -1.05112800 -0.20590400
vt 0.59375000 0.00000000
vt 0.59375000 0.00715200
vt 0.59375000 0.00000000
vt 0.57812500 0.01430400
vt -1.11207000 -0.20701600
vt 0.57812500 0.01430400
vt 0.57812500 0.00000000
vt 0.57812500 0.00715200
vt 0.57812500 0.00000000
vt -1.17519200 -0.20786000
vt 0.56250000 0.01430400
vt 0.56250000 0.01430400
vt 0.56250000 0.00000000
vt 0.56250000 0.00715200
vt 0.56250000 0.00000000
vt 0.54687500 0.01430400
vt 0.54687500 0.01430400
vt -1.23988800 -0.20842700
vt 0.54687500 0.00000000
vt 0.54687500 0.00715200
vt 0.54687500 0.00000000
vt 0.53125000 0.01430400
vt 0.53125000 0.01430400
vt -1.30553400 -0.20871200
vt 0.53125000 0.00000000
vt 0.53125000 0.00715200
vt 0.53125000 0.00000000
vt 0.51562500 0.01430400
vt -1.37149600 -0.20871200
vt 0.51562500 0.01430400
vt 0.51562500 0.00000000
vt 0.51562500 0.00715200
vt 0.51562500 0.00000000
vt 0.50000000 0.01430400
vt -1.43714200 -0.20842700
vt 0.50000000 0.01430400
vt 0.50000000 0.00000000
vt 0.50000000 0.00715200
vt 0.50000000 0.00000000
vt 0.48437500 0.01430400
vt -1.50183700 -0.20786000
vt 0.48437500 0.01430400
vt 0.48437500 0.00000000
vt 0.48437500 0.00715200
vt 0.48437500 0.00000000
vt 0.46875000 0.01430400
vt 0.46875000 0.01430400
vt -1.56496000 -0.20701600
vt 0.46875000 0.00000000
vt 0.46875000 0.00715200
vt 0.46875000 0.00000000
vt 0.45312500 0.01430400
vt -1.62590200 -0.20590400
vt 0.45312500 0.01430400
vt 0.45312500 0.00000000
vt 0.45312500 0.00000000
vt 0.45312500 0.00715200
vt 0.45312500 0.00000000
vt 0.43750000 0.01430400
vt -1.68407600 -0.20453400
vt 0.43750000 0.01430400
vt 0.43750000 0.00000000
vt 0.43750000 0.00715200
vt 0.43750000 0.00000000
vt -1.73892200 -0.20291900
vt 0.42187500 0.01430400
vt 0.42187500 0.01430400
vt 0.42187500 0.00000000
vt 0.42187500 0.00715200
vt 0.42187500 0.00000000
vt -1.78991300 -0.20107500
vt 2.00969000 -0.20108700
vt 0.40625000 0.01430400
vt 0.40625000 0.01430400
vt 0.40625000 0.00000000
vt 0.40625000 0.00715200
vt 0.40625000 0.00000000
vt 1.96083700 -0.20276900
vt 0.39062500 0.01430400
vt 0.39062500 0.01430400
vt 0.39062500 0.00000000
vt 0.39062500 0.00000000
vt 0.39062500 0.00715200
vt 0.39062500 0.00000000
vt 1.90787400 -0.20426000
vt 0.37500000 0.01430400
vt 0.37500000 0.01430400
vt 0.37500000 0.00000000
vt 0.37500000 0.00715200
vt 0.37500000 0.00000000
vt 0.35937500 0.01430400
vt 1.85131200 -0.20554800
vt 0.35937500 0.01430400
vt 0.35937500 0.00000000
vt 0.35937500 0.00715200
vt 0.35937500 0.00000000
vt 1.79169600 -0.20661900
vt 0.34375000 0.01430400
vt 0.34375000 0.01430400
vt 0.34375000 0.00000000
vt 0.34375000 0.00715200
vt 0.34375000 0.00000000
vt 0.32812500 0.01430400
vt 1.72960100 -0.20746300
vt 0.32812500 0.01430400
vt 0.32812500 0.00000000
vt 0.32812500 0.00715200
vt 0.32812500 0.00000000
vt 0.31250000 0.01430400
vt 1.66562200 -0.20807200
vt 0.31250000 0.01430400
vt 0.31250000 0.00000000
vt 0.31250000 0.00715200
vt 0.31250000 0.00000000
vt 0.29687500 0.01430400
vt 0.29687500 0.01430400
vt 1.60037900 -0.20844100
vt 0.29687500 0.00000000
vt 0.29687500 0.00715200
vt 0.29687500 0.00000000
vt 0.27057500 0.01411300
vt 1.48941700 -0.20848100
vt 0.27059300 0.00000000
vt 0.27054300 0.00649600
vt 0.27052800 0.00000000
vt 0.26562500 0.01430400
vt 1.46861100 -0.20844300
vt 0.26562500 0.01430400
vt 0.26562500 0.00000000
vt 0.26562500 0.00715200
vt 0.26562500 0.00000000
vt 1.40335800 -0.20807700
vt 0.25000000 0.01430400
vt 0.25000000 0.01430400
vt 0.25000000 0.00000000
vt 0.25000000 0.00715200
vt 0.25000000 0.00000000
vt 0.23437500 0.01430400
vt 1.33936400 -0.20747000
vt 0.23437500 0.01430400
vt 0.23437500 0.00000000
vt 0.23437500 0.00715200
vt 0.23437500 0.00000000
vt 0.22847800 0.01413100
vt 1.31597700 -0.20715300
vt 0.22849200 0.00000000
vt 0.22850800 0.00655400
vt 0.22852100 0.00000000
vt 1.21760200 -0.20556000
vt 0.20312500 0.01430400
vt 0.20312500 0.01430400
vt 0.20312500 0.00000000
vt 0.20312500 0.00715200
vt 0.20312500 0.00000000
vt 0.18750000 0.01430400
vt 1.16100700 -0.20427400
vt 0.18750000 0.01430400
vt 0.18750000 0.00000000
vt 0.18750000 0.00715200
vt 0.18750000 0.00000000
vt 0.17187500 0.01430400
vt 0.17187500 0.01430400
vt 1.10800500 -0.20278500
vt 0.17187500 0.00000000
vt 0.17187500 0.00715200
vt 0.17187500 0.00000000
vt 1.05910800 -0.19878900
vt 0.15625000 0.01430400
vt 0.15625000 0.01430400
vt 1.05910800 -0.20110500
vt 0.15625000 0.00000000
vt 0.15625000 0.00715200
vt 0.15625000 0.00000000
vt 0.14062500 0.01430400
vt 0.14062500 0.01430400
vt 1.01246500 -0.20084400
vt 0.14062500 0.00000000
vt 0.14062500 0.00715200
vt 0.14062500 0.00000000
vt 0.12500000 0.01430400
vt 0.96147500 -0.20268800
vt 0.12500000 0.01430400
vt 0.12500000 0.00000000
vt 0.12500000 0.00715200
vt 0.12500000 0.00000000
vt 0.10937500 0.01430400
vt 0.10937500 0.01430400
vt 0.90662900 -0.20430300
vt 0.10937500 0.00000000
vt 0.10937500 0.00715200
vt 0.10937500 0.00000000
vt 0.84845500 -0.20567300
vt 0.09375000 0.01430400
vt 0.09375000 0.01430400
vt 0.09375000 0.00000000
vt 0.09375000 0.00715200
vt 0.09375000 0.00000000
vt 0.07812500 0.01430400
vt 0.78751300 -0.20678600
vt 0.07812500 0.01430400
vt 0.07812500 0.00000000
vt 0.07812500 0.00715200
vt 0.07812500 0.00000000
vt 0.72439000 -0.20762900
vt 0.06250000 0.01430400
vt 0.06250000 0.01430400
vt 0.06250000 0.00000000
vt 0.06250000 0.00715200
vt 0.06250000 0.00000000
vt 0.65969500 -0.20819700
vt 0.04687500 0.01430400
vt 0.04687500 0.01430400
vt 0.04687500 0.00000000
vt 0.04687500 0.00715200
vt 0.04687500 0.00000000
vt 0.03125000 0.01430400
vt 0.03125000 0.01430400
vt 0.59405000 -0.20848100
vt 0.03125000 0.00000000
vt 0.03125000 0.00715200
vt 0.03125000 0.00000000
vt 0.01562500 0.01430400
vt 0.52808700 -0.20848100
vt 0.01562500 0.01430400
vt 0.01562500 0.00000000
vt 0.01562500 0.00715200
vt 0.01562500 0.00000000
vt 0.35813800 1.05007200
vt 0.46243900 1.20927500
vt 1.00000000 1.00000000
vt 0.00000000 1.00000000
vt 0.35852800 1.05978700
vt 0.00000000 1.00000000
vt 0.35959500 1.06713000
vt 1.00000000 1.00000000
vt 0.98437500 1.00000000
vt 0.39774400 1.20984200
vt 0.30806700 1.05051100
vt 0.98437500 1.00000000
vt 0.31048000 1.06756100
vt 0.30871300 1.06022300
vt 0.96875000 1.00000000
vt 0.33462100 1.21068600
vt 0.25921300 1.05116400
vt 0.96875000 1.00000000
vt 0.26255900 1.06820200
vt 0.26010900 1.06087300
vt 0.95312500 1.00000000
vt 0.27367900 1.21179900
vt 0.21204700 1.05202500
vt 0.21629400 1.06904600
vt 0.95312500 1.00000000
vt 0.21318500 1.06173000
vt 0.93750000 1.00000000
vt 0.16702300 1.05308500
vt 0.21550500 1.21316900
vt 0.93750000 1.00000000
vt 0.17213000 1.07008600
vt 0.16839100 1.06278500
vt 0.92187500 1.00000000
vt 0.92187500 1.00000000
vt 0.12457400 1.05433500
vt 0.16065900 1.21478400
vt 0.92187500 1.00000000
vt 0.13049200 1.07131200
vt 0.12616000 1.06402800
vt 0.90625000 1.00000000
vt 0.10966800 1.21662800
vt 0.08511000 1.05735300
vt 0.10966800 1.21868300
vt 0.08511000 1.05576300
vt 0.90625000 1.00000000
vt 0.09178100 1.07271200
vt 0.07775000 1.07427200
vt 0.08689800 1.06544800
vt 0.08313800 1.06703000
vt 0.89062500 1.00000000
vt 0.06302600 1.21662700
vt 0.04901100 1.05576200
vt 0.89062500 1.00000000
vt 0.04234000 1.07271200
vt 0.04722400 1.06544800
vt 0.87500000 1.00000000
vt 0.01203500 1.21478300
vt 0.00954700 1.05433500
vt 0.87500000 1.00000000
vt 0.00363000 1.07131200
vt 0.00796200 1.06402800
vt 0.85937500 1.00000000
vt -0.04281100 1.21316900
vt -0.03290100 1.05308500
vt 0.85937500 1.00000000
vt -0.03800800 1.07008600
vt -0.03427000 1.06278500
vt 0.84375000 1.00000000
vt -0.07792500 1.05202500
vt -0.10098500 1.21179800
vt -0.08217200 1.06904600
vt 0.84375000 1.00000000
vt -0.07906300 1.06172900
vt 0.82812500 1.00000000
vt -0.16192700 1.21068600
vt -0.12509100 1.05116400
vt 0.82812500 1.00000000
vt -0.12843800 1.06820200
vt -0.12598800 1.06087300
vt 0.81250000 1.00000000
vt -0.22505000 1.20984200
vt -0.17394500 1.05051100
vt -0.17635900 1.06756100
vt 0.81250000 1.00000000
vt -0.17459200 1.06022300
vt 0.79687500 1.00000000
vt -0.22401700 1.05007200
vt -0.28974500 1.20927500
vt -0.22547400 1.06713000
vt 0.79687500 1.00000000
vt -0.22440700 1.05978700
vt 0.78125000 1.00000000
vt -0.35539100 1.20899100
vt -0.27482300 1.04985200
vt 0.78125000 1.00000000
vt -0.27531000 1.06691400
vt -0.27495400 1.05956700
vt 0.76562500 1.00000000
vt -0.42135400 1.20899000
vt -0.32587500 1.04985100
vt -0.32538800 1.06691400
vt 0.76562500 1.00000000
vt -0.32574500 1.05956700
vt 0.75000000 1.00000000
vt -0.48699900 1.20927500
vt -0.37668200 1.05007200
vt -0.37522400 1.06713000
vt 0.75000000 1.00000000
vt -0.37629100 1.05978700
vt 0.73437500 1.00000000
vt -0.42675300 1.05051100
vt -0.55169500 1.20984200
vt 0.73437500 1.00000000
vt -0.42433900 1.06756100
vt -0.42610600 1.06022300
vt 0.71875000 1.00000000
vt -0.61481700 1.21068600
vt -0.47560700 1.05116400
vt 0.71875000 1.00000000
vt -0.47226100 1.06820100
vt -0.47471000 1.06087300
vt 0.70312500 1.00000000
vt -0.52277300 1.05202500
vt -0.67575900 1.21179800
vt 0.70312500 1.00000000
vt -0.51852600 1.06904600
vt -0.52163500 1.06173000
vt 0.68750000 1.00000000
vt -0.73393300 1.21316900
vt -0.56779700 1.05308500
vt 0.68750000 1.00000000
vt -0.56269000 1.07008600
vt -0.56642900 1.06278500
vt 0.67187500 1.00000000
vt -0.61024600 1.05433500
vt -0.78878000 1.21478300
vt 0.67187500 1.00000000
vt -0.60432800 1.07131200
vt -0.60866000 1.06402800
vt 0.65625000 1.00000000
vt -0.64970900 1.05576300
vt -0.83977000 1.21662800
vt -0.65761400 1.07409400
vt -0.64303900 1.07271200
vt 0.65625000 1.00000000
vt -0.65222600 1.06685200
vt -0.64792200 1.06544800
vt 0.64062500 1.00000000
vt -0.88711600 1.21639600
vt -0.68580900 1.05735300
vt -0.68635300 1.05558300
vt -0.88641300 1.21868300
vt 0.64062500 1.00000000
vt -0.69302400 1.07253300
vt -0.68814100 1.06526900
vt -0.68383700 1.06703000
vt 0.62500000 1.00000000
vt -0.72581800 1.05415600
vt -0.93810700 1.21455200
vt 0.62500000 1.00000000
vt -0.73173500 1.07113300
vt -0.72740300 1.06384900
vt 0.60937500 1.00000000
vt -0.99295300 1.21293800
vt -0.76826600 1.05290700
vt 0.60937500 1.00000000
vt -0.77337300 1.06990700
vt -0.76963400 1.06260600
vt 0.59375000 1.00000000
vt -1.05112800 1.21156700
vt -0.81329000 1.05184600
vt -0.81753700 1.06886700
vt 0.59375000 1.00000000
vt -0.81442800 1.06155000
vt 0.57812500 1.00000000
vt -1.11207000 1.21045500
vt -0.86045600 1.05098500
vt 0.57812500 1.00000000
vt -0.86380200 1.06802300
vt -0.86135300 1.06069400
vt 0.56250000 1.00000000
vt -1.17519200 1.20961100
vt -0.90931000 1.05033200
vt -0.91172300 1.06738200
vt 0.56250000 1.00000000
vt -0.90995700 1.06004500
vt 0.54687500 1.00000000
vt -0.95938200 1.04989300
vt -1.23988800 1.20904400
vt -0.96083900 1.06695200
vt 0.54687500 1.00000000
vt -0.95977200 1.05960800
vt 0.53125000 1.00000000
vt -1.30553400 1.20875900
vt -1.01018800 1.04967300
vt -1.01067500 1.06673500
vt 0.53125000 1.00000000
vt -1.01031900 1.05938800
vt 0.51562500 1.00000000
vt -1.37149600 1.20875900
vt -1.06124000 1.04967300
vt 0.51562500 1.00000000
vt -1.06075300 1.06673500
vt -1.06110900 1.05938800
vt 0.50000000 1.00000000
vt -1.43714200 1.20904400
vt -1.11204600 1.04989300
vt -1.11058900 1.06695200
vt 0.50000000 1.00000000
vt -1.11165600 1.05960800
vt 0.48437500 1.00000000
vt -1.16211800 1.05033200
vt -1.50183700 1.20961100
vt -1.15970400 1.06738200
vt 0.48437500 1.00000000
vt -1.16147100 1.06004500
vt 0.46875000 1.00000000
vt -1.56496000 1.21045500
vt -1.21097200 1.05098500
vt 0.46875000 1.00000000
vt -1.20762600 1.06802300
vt -1.21007500 1.06069400
vt 0.45312500 1.00000000
vt -1.25813800 1.05184600
vt -1.62590200 1.21156700
vt -1.25389100 1.06886700
vt 0.45312500 1.00000000
vt -1.25700000 1.06155000
vt 0.43750000 1.00000000
vt -1.30316200 1.05290700
vt -1.68407600 1.21293800
vt 0.43750000 1.00000000
vt -1.29805500 1.06990700
vt -1.30179400 1.06260600
vt 0.42187500 1.00000000
vt -1.73892200 1.21455200
vt -1.34561000 1.05415600
vt -1.33969300 1.07113300
vt 0.42187500 1.00000000
vt -1.34402500 1.06384900
vt 0.40625000 1.00000000
vt -1.38507400 1.05558300
vt 1.55563600 1.05586900
vt 2.00969000 1.21676500
vt -1.78991200 1.21639600
vt 0.40625000 1.00000000
vt -1.37840400 1.07253300
vt 1.54860900 1.07276500
vt -1.38328700 1.06526900
vt 1.55375300 1.06554200
vt 0.39062500 1.00000000
vt 1.51782600 1.05456700
vt 1.96083700 1.21508400
vt 1.51152000 1.07148800
vt 0.39062500 1.00000000
vt 1.51613600 1.06424700
vt 0.37500000 1.00000000
vt 1.47683500 1.05341300
vt 1.90787400 1.21359200
vt 0.37500000 1.00000000
vt 1.47131200 1.07035600
vt 1.47535500 1.06309800
vt 0.35937500 1.00000000
vt 1.85131200 1.21230500
vt 1.43305900 1.05241700
vt 1.42837200 1.06937900
vt 0.35937500 1.00000000
vt 1.43180300 1.06210700
vt 0.34375000 1.00000000
vt 1.79169600 1.21123300
vt 1.38691900 1.05158800
vt 0.34375000 1.00000000
vt 1.38311400 1.06856500
vt 1.38590000 1.06128200
vt 0.32812500 1.00000000
vt 1.72960100 1.21038900
vt 1.33886000 1.05093400
vt 1.33597200 1.06792500
vt 0.32812500 1.00000000
vt 1.33808600 1.06063200
vt 0.31250000 1.00000000
vt 1.28934500 1.05046300
vt 1.66562300 1.20978000
vt 0.31250000 1.00000000
vt 1.28740200 1.06746200
vt 1.28882400 1.06016300
vt 0.29687500 1.00000000
vt 1.23884900 1.05017800
vt 1.60037900 1.20941200
vt 0.29687500 1.00000000
vt 1.23787000 1.06718200
vt 1.23858600 1.05987900
vt 0.27054100 1.00000000
vt 1.48941800 1.20937100
vt 1.15297000 1.05014600
vt 1.15363100 1.06715100
vt 0.27052100 1.00000000
vt 1.15314700 1.05984800
vt 0.26562500 1.00000000
vt 1.46861200 1.20940900
vt 1.13686700 1.05017600
vt 0.26562500 1.00000000
vt 1.13783600 1.06718100
vt 1.13712700 1.05987700
vt 0.25000000 1.00000000
vt 1.40335800 1.20977500
vt 1.08636400 1.05045900
vt 0.25000000 1.00000000
vt 1.08829700 1.06745800
vt 1.08688200 1.06015900
vt 0.23437500 1.00000000
vt 1.03683600 1.05092900
vt 1.33936400 1.21038200
vt 0.23437500 1.00000000
vt 1.03971400 1.06791900
vt 1.03760700 1.06062600
vt 0.22851000 1.00000000
vt 1.01873600 1.05117400
vt 1.31597700 1.21069900
vt 0.22852800 1.00000000
vt 1.02196000 1.06816000
vt 1.01960000 1.06087100
vt 0.20312500 1.00000000
vt 0.94259800 1.05240700
vt 1.21760200 1.21229300
vt 0.20312500 1.00000000
vt 0.94727600 1.06937000
vt 0.94385100 1.06209800
vt 0.18750000 1.00000000
vt 1.16100700 1.21357800
vt 0.89879600 1.05340200
vt 0.18750000 1.00000000
vt 0.90431100 1.07034500
vt 0.90027400 1.06308700
vt 0.17187500 1.00000000
vt 0.85777500 1.05455500
vt 1.10800500 1.21506800
vt 0.17187500 1.00000000
vt 0.86407300 1.07147600
vt 0.85946300 1.06423400
vt 0.15625000 1.00000000
vt 1.05910800 1.21674700
vt 0.81993100 1.05585500
vt 0.81993100 1.05735300
vt 1.05910800 1.21868300
vt 0.82695100 1.07275200
vt 0.81257100 1.07427300
vt 0.15625000 1.00000000
vt 0.82181200 1.06552800
vt 0.81795900 1.06703100
vt 0.14062500 1.00000000
vt 1.01246500 1.21662800
vt 0.78383200 1.05576200
vt 0.14062500 1.00000000
vt 0.77716100 1.07271200
vt 0.78204400 1.06544800
vt 0.12500000 1.00000000
vt 0.74436800 1.05433500
vt 0.96147500 1.21478400
vt 0.12500000 1.00000000
vt 0.73845100 1.07131200
vt 0.74278200 1.06402800
vt 0.10937500 1.00000000
vt 0.70192000 1.05308500
vt 0.90662900 1.21316900
vt 0.10937500 1.00000000
vt 0.69681300 1.07008600
vt 0.70055100 1.06278500
vt 0.09375000 1.00000000
vt 0.65689600 1.05202500
vt 0.84845500 1.21179800
vt 0.09375000 1.00000000
vt 0.65264900 1.06904600
vt 0.65575800 1.06173000
vt 0.07812500 1.00000000
vt 0.78751300 1.21068600
vt 0.60973000 1.05116400
vt 0.60638300 1.06820200
vt 0.07812500 1.00000000
vt 0.60883300 1.06087300
vt 0.06250000 1.00000000
vt 0.56087600 1.05051100
vt 0.72439000 1.20984200
vt 0.55846200 1.06756100
vt 0.06250000 1.00000000
vt 0.56022900 1.06022300
vt 0.04687500 1.00000000
vt 0.65969500 1.20927500
vt 0.51080400 1.05007200
vt 0.04687500 1.00000000
vt 0.50934700 1.06713000
vt 0.51041400 1.05978700
vt 0.03125000 1.00000000
vt 0.59405000 1.20899000
vt 0.45999800 1.04985200
vt 0.45951100 1.06691400
vt 0.03125000 1.00000000
vt 0.45986800 1.05956700
vt 0.01562500 1.00000000
vt 0.40894600 1.04985200
vt 0.52808700 1.20899100
vt 0.01562500 1.00000000
vt 0.40943400 1.06691400
vt 0.40907700 1.05956700
vt 0.00000000 1.00000000
vt 1.00000000 1.00000000
vt 1.00000000 1.00000000
vt 0.00000000 1.00000000
vt 0.00000000 1.00000000
vt 1.00000000 1.00000000
vt -0.00004400 1.00000000
vt 1.00004400 1.00000000
vt 0.98437500 1.00000000
vt 0.98437500 1.00000000
vt 0.98437500 1.00000000
vt 0.98437500 1.00000000
vt 0.96875000 1.00000000
vt 0.96875000 1.00000000
vt 0.96875000 1.00000000
vt 0.96875000 1.00000000
vt 0.95312500 1.00000000
vt 0.95312500 1.00000000
vt 0.95312500 1.00000000
vt 0.95312500 1.00000000
vt 0.93750000 1.00000000
vt 0.93750000 1.00000000
vt 0.93750000 1.00000000
vt 0.93750000 1.00000000
vt 0.92187500 1.00000000
vt 0.92187500 1.00000000
vt 0.92187500 1.00000000
vt 0.92187500 1.00000000
vt 0.92187500 1.00000000
vt 0.90625000 1.00000000
vt 0.90625000 1.00000000
vt 0.90625000 1.00000000
vt 0.90625000 1.00000000
vt 0.89062500 1.00000000
vt 0.89062500 1.00000000
vt 0.89062500 1.00000000
vt 0.89062500 1.00000000
vt 0.87500000 1.00000000
vt 0.87500000 1.00000000
vt 0.87500000 1.00000000
vt 0.87500000 1.00000000
vt 0.85937500 1.00000000
vt 0.85937500 1.00000000
vt 0.85937500 1.00000000
vt 0.85937500 1.00000000
vt 0.84375000 1.00000000
vt 0.84375000 1.00000000
vt 0.84375000 1.00000000
vt 0.84375000 1.00000000
vt 0.82812500 1.00000000
vt 0.82812500 1.00000000
vt 0.82812500 1.00000000
vt 0.82812500 1.00000000
vt 0.81250000 1.00000000
vt 0.81250000 1.00000000
vt 0.81250000 1.00000000
vt 0.81250000 1.00000000
vt 0.79687500 1.00000000
vt 0.79687500 1.00000000
vt 0.79687500 1.00000000
vt 0.79687500 1.00000000
vt 0.78125000 1.00000000
vt 0.78125000 1.00000000
vt 0.78125000 1.00000000
vt 0.78125000 1.00000000
vt 0.76562500 1.00000000
vt 0.76562500 1.00000000
vt 0.76562500 1.00000000
vt 0.76562500 1.00000000
vt 0.75000000 1.00000000
vt 0.75000000 1.00000000
vt 0.75000000 1.00000000
vt 0.75000000 1.00000000
vt 0.73437500 1.00000000
vt 0.73437500 1.00000000
vt 0.73437500 1.00000000
vt 0.73437500 1.00000000
vt 0.71875000 1.00000000
vt 0.71875000 1.00000000
vt 0.71875000 1.00000000
vt 0.71875000 1.00000000
vt 0.70312500 1.00000000
vt 0.70312500 1.00000000
vt 0.70312500 1.00000000
vt 0.70312500 1.00000000
vt 0.68750000 1.00000000
vt 0.68750000 1.00000000
vt 0.68750000 1.00000000
vt 0.68750000 1.00000000
vt 0.67187500 1.00000000
vt 0.67187500 1.00000000
vt 0.67187500 1.00000000
vt 0.67187500 1.00000000
vt 0.65625000 1.00000000
vt 0.65625000 1.00000000
vt 0.65625000 1.00000000
vt 0.65625000 1.00000000
vt 0.64062500 1.00000000
vt 0.64062500 1.00000000
vt 0.64062500 1.00000000
vt 0.64062500 1.00000000
vt 0.62500000 1.00000000
vt 0.62500000 1.00000000
vt 0.62500000 1.00000000
vt 0.62500000 1.00000000
vt 0.60937500 1.00000000
vt 0.60937500 1.00000000
vt 0.60937500 1.00000000
vt 0.60937500 1.00000000
vt 0.59375000 1.00000000
vt 0.59375000 1.00000000
vt 0.59375000 1.00000000
vt 0.59375000 1.00000000
vt 0.57812500 1.00000000
vt 0.57812500 1.00000000
vt 0.57812500 1.00000000
vt 0.57812500 1.00000000
vt 0.56250000 1.00000000
vt 0.56250000 1.00000000
vt 0.56250000 1.00000000
vt 0.56250000 1.00000000
vt 0.54687500 1.00000000
vt 0.54687500 1.00000000
vt 0.54687500 1.00000000
vt 0.54687500 1.00000000
vt 0.53125000 1.00000000
vt 0.53125000 1.00000000
vt 0.53125000 1.00000000
vt 0.53125000 1.00000000
vt 0.51562500 1.00000000
vt 0.51562500 1.00000000
vt 0.51562500 1.00000000
vt 0.51562500 1.00000000
vt 0.50000000 1.00000000
vt 0.50000000 1.00000000
vt 0.50000000 1.00000000
vt 0.50000000 1.00000000
vt 0.48437500 1.00000000
vt 0.48437500 1.00000000
vt 0.48437500 1.00000000
vt 0.48437500 1.00000000
vt 0.46875000 1.00000000
vt 0.46875000 1.00000000
vt 0.46875000 1.00000000
vt 0.46875000 1.00000000
vt 0.45312500 1.00000000
vt 0.45312500 1.00000000
vt 0.45312500 1.00000000
vt 0.45312500 1.00000000
vt 0.43750000 1.00000000
vt 0.43750000 1.00000000
vt 0.43750000 1.00000000
vt 0.43750000 1.00000000
vt 0.42187500 1.00000000
vt 0.42187500 1.00000000
vt 0.42187500 1.00000000
vt 0.42187500 1.00000000
vt 0.40625000 1.00000000
vt 0.40625000 1.00000000
vt 0.40625000 1.00000000
vt 0.40625000 1.00000000
vt 0.39062500 1.00000000
vt 0.39062500 1.00000000
vt 0.39062500 1.00000000
vt 0.39062500 1.00000000
vt 0.37500000 1.00000000
vt 0.37500000 1.00000000
vt 0.37500000 1.00000000
vt 0.37500000 1.00000000
vt 0.35937500 1.00000000
vt 0.35937500 1.00000000
vt 0.35937500 1.00000000
vt 0.35937500 1.00000000
vt 0.34375000 1.00000000
vt 0.34375000 1.00000000
vt 0.34375000 1.00000000
vt 0.34375000 1.00000000
vt 0.32812500 1.00000000
vt 0.32812500 1.00000000
vt 0.32812500 1.00000000
vt 0.32812500 1.00000000
vt 0.31250000 1.00000000
vt 0.31250000 1.00000000
vt 0.31250000 1.00000000
vt 0.31250000 1.00000000
vt 0.29687500 1.00000000
vt 0.29687500 1.00000000
vt 0.29687500 1.00000000
vt 0.29687500 1.00000000
vt 0.27058600 1.00000000
vt 0.27052000 1.00000000
vt 0.27056200 1.00000000
vt 0.27053500 1.00000000
vt 0.26562500 1.00000000
vt 0.26562500 1.00000000
vt 0.26562500 1.00000000
vt 0.26562500 1.00000000
vt 0.25000000 1.00000000
vt 0.25000000 1.00000000
vt 0.25000000 1.00000000
vt 0.25000000 1.00000000
vt 0.23437500 1.00000000
vt 0.23437500 1.00000000
vt 0.23437500 1.00000000
vt 0.23437500 1.00000000
vt 0.22846700 1.00000000
vt 0.22853000 1.00000000
vt 0.22849000 1.00000000
vt 0.22851500 1.00000000
vt 0.20312500 1.00000000
vt 0.20312500 1.00000000
vt 0.20312500 1.00000000
vt 0.20312500 1.00000000
vt 0.18750000 1.00000000
vt 0.18750000 1.00000000
vt 0.18750000 1.00000000
vt 0.18750000 1.00000000
vt 0.17187500 1.00000000
vt 0.17187500 1.00000000
vt 0.17187500 1.00000000
vt 0.17187500 1.00000000
vt 0.15625000 1.00000000
vt 0.15625000 1.00000000
vt 0.15625000 1.00000000
vt 0.15625000 1.00000000
vt 0.14062500 1.00000000
vt 0.14062500 1.00000000
vt 0.14062500 1.00000000
vt 0.14062500 1.00000000
vt 0.12500000 1.00000000
vt 0.12500000 1.00000000
vt 0.12500000 1.00000000
vt 0.12500000 1.00000000
vt 0.10937500 1.00000000
vt 0.10937500 1.00000000
vt 0.10937500 1.00000000
vt 0.10937500 1.00000000
vt 0.09375000 1.00000000
vt 0.09375000 1.00000000
vt 0.09375000 1.00000000
vt 0.09375000 1.00000000
vt 0.07812500 1.00000000
vt 0.07812500 1.00000000
vt 0.07812500 1.00000000
vt 0.07812500 1.00000000
vt 0.06250000 1.00000000
vt 0.06250000 1.00000000
vt 0.06250000 1.00000000
vt 0.06250000 1.00000000
vt 0.04687500 1.00000000
vt 0.04687500 1.00000000
vt 0.04687500 1.00000000
vt 0.04687500 1.00000000
vt 0.03125000 1.00000000
vt 0.03125000 1.00000000
vt 0.03125000 1.00000000
vt 0.03125000 1.00000000
vt 0.01562500 1.00000000
vt 0.01562500 1.00000000
vt 0.01562500 1.00000000
vt 0.01562500 1.00000000
vt 0.46243900 0.06689700
vt 0.39774400 0.06746400
vt 0.52808700 0.06661200
vt 0.33462100 0.06830800
vt 0.27367900 0.06942000
vt 0.21550500 0.07079000
vt 0.16065900 0.07240500
vt 0.10966800 0.07424900
vt 0.10966800 0.07630400
vt 0.06302500 0.07424900
vt 0.01203500 0.07240500
vt -0.04281100 0.07079000
vt -0.10098500 0.06942000
vt -0.16192700 0.06830800
vt -0.22505000 0.06746400
vt -0.28974500 0.06689700
vt -0.35539100 0.06661200
vt -0.42135400 0.06661200
vt -0.48699900 0.06689700
vt -0.55169500 0.06746400
vt -0.61481800 0.06830800
vt -0.67575900 0.06942000
vt -0.73393300 0.07079000
vt -0.78878000 0.07240500
vt -0.83977000 0.07424900
vt -0.88641300 0.07630400
vt -0.88711700 0.07401800
vt -0.93810700 0.07217400
vt -0.99295300 0.07055900
vt -1.05112800 0.06918900
vt -1.11207000 0.06807700
vt -1.17519200 0.06723300
vt -1.23988800 0.06666600
vt -1.30553400 0.06638100
vt -1.37149700 0.06638100
vt -1.43714200 0.06666600
vt -1.50183700 0.06723300
vt -1.56496000 0.06807700
vt -1.62590200 0.06918900
vt -1.68407600 0.07055900
vt -1.73892200 0.07217400
vt 2.00969000 0.07408000
vt -1.78991300 0.07401900
vt 1.96083700 0.07239900
vt 1.90787400 0.07090700
vt 1.85131200 0.06961900
vt 1.79169600 0.06854800
vt 1.72960100 0.06770400
vt 1.66562200 0.06709500
vt 1.60037900 0.06672700
vt 0.00000000 0.00000000
vt 1.46861100 0.09936500
vt 1.46861100 0.09936500
vt 0.00000000 0.00000000
vt 1.31597700 0.06801400
vt 1.21760200 0.06960800
vt 1.16100700 0.07089300
vt 1.10800500 0.07238300
vt 1.05910800 0.07630500
vt 1.05910800 0.07406200
vt 1.01246500 0.07424900
vt 0.96147500 0.07240500
vt 0.90662900 0.07079000
vt 0.84845500 0.06942000
vt 0.78751300 0.06830800
vt 0.72439000 0.06746400
vt 0.65969500 0.06689700
vt 0.59405000 0.06661200
vt 0.39774400 -0.02569400
vt 0.33462100 -0.02485000
vt 0.27367900 -0.02373700
vt 0.21550500 -0.02236700
vt 0.16065900 -0.02075200
vt 0.10966900 -0.01890800
vt 0.10966800 -0.01685300
vt 0.06302500 -0.01890800
vt 0.01203500 -0.02075200
vt -0.04281100 -0.02236700
vt -0.10098500 -0.02373800
vt -0.16192700 -0.02485000
vt -0.22505000 -0.02569400
vt -0.28974500 -0.02626100
vt -0.35539100 -0.02654600
vt -0.42135400 -0.02654600
vt -0.48699900 -0.02626100
vt -0.55169500 -0.02569400
vt -0.61481800 -0.02485000
vt -0.67575900 -0.02373700
vt -0.73393400 -0.02236700
vt -0.78878000 -0.02075200
vt -0.83977000 -0.01890800
vt -0.88641300 -0.01685300
vt -0.88711700 -0.01913900
vt -0.93810700 -0.02098300
vt -0.99295300 -0.02259800
vt -1.05112800 -0.02396800
vt -1.11207000 -0.02508100
vt -1.17519200 -0.02592400
vt -1.23988800 -0.02649200
vt -1.30553400 -0.02677600
vt -1.37149600 -0.02677600
vt -1.43714200 -0.02649100
vt -1.50183700 -0.02592400
vt -1.56496000 -0.02508100
vt -1.62590200 -0.02396800
vt -1.68407600 -0.02259800
vt -1.73892200 -0.02098300
vt 2.00969000 -0.01910200
vt -1.78991300 -0.01913900
vt 1.96083700 -0.02078400
vt 1.90787400 -0.02227600
vt 1.85131200 -0.02356300
vt 1.79169600 -0.02463400
vt 1.72960100 -0.02547800
vt 1.66562200 -0.02608800
vt 1.60037900 -0.02645600
vt 1.40335800 -0.04822600
vt 1.40335800 -0.04822600
vt 0.00000000 0.00000000
vt 1.31597700 -0.03131700
vt 0.00000000 0.00000000
vt 1.21760200 -0.02357500
vt 1.16100700 -0.02229000
vt 1.10800500 -0.02080000
vt 1.05910800 -0.01685300
vt 1.05910800 -0.01912000
vt 1.01246500 -0.01890800
vt 0.96147500 -0.02075200
vt 0.90662900 -0.02236700
vt 0.84845500 -0.02373700
vt 0.78751300 -0.02485000
vt 0.72439000 -0.02569400
vt 0.65969500 -0.02626100
vt 0.59405000 -0.02654600
vt 0.46243900 -0.02626100
vt 0.52808700 -0.02654600
vt 0.46243900 0.91602100
vt 0.52808700 0.91573600
vt 0.39774400 0.91658700
vt 0.33462100 0.91743100
vt 0.27367900 0.91854400
vt 0.21550500 0.91991400
vt 0.16065900 0.92152900
vt 0.10966800 0.92542800
vt 0.10966800 0.92337300
vt 0.06302600 0.92337300
vt 0.01203500 0.92152900
vt -0.04281100 0.91991400
vt -0.10098500 0.91854300
vt -0.16192700 0.91743100
vt -0.22505000 0.91658700
vt -0.28974500 0.91602000
vt -0.35539100 0.91573600
vt -0.42135400 0.91573500
vt -0.48699900 0.91602000
vt -0.55169500 0.91658700
vt -0.61481700 0.91743100
vt -0.67575900 0.91854400
vt -0.73393300 0.91991400
vt -0.78878000 0.92152900
vt -0.83977000 0.92337300
vt -0.88711700 0.92314100
vt -0.88641300 0.92542800
vt -0.93810700 0.92129800
vt -0.99295300 0.91968300
vt -1.05112800 0.91831300
vt -1.11207000 0.91720000
vt -1.17519200 0.91635700
vt -1.23988800 0.91578900
vt -1.30553400 0.91550500
vt -1.37149600 0.91550500
vt -1.43714200 0.91578900
vt -1.50183700 0.91635700
vt -1.56496000 0.91720000
vt -1.62590200 0.91831300
vt -1.68407600 0.91968300
vt -1.73892200 0.92129800
vt 2.00969000 0.92343200
vt -1.78991200 0.92314200
vt 1.96083700 0.92175000
vt 1.90787400 0.92025900
vt 1.85131200 0.91897100
vt 1.79169600 0.91790000
vt 1.72960100 0.91705600
vt 1.66562300 0.91644700
vt 1.60037900 0.91607800
vt 0.00000000 0.00000000
vt 1.48941800 0.91221800
vt 1.40335800 0.90459700
vt 0.00000000 0.00000000
vt 1.21760200 0.91895900
vt 1.16100700 0.92024400
vt 1.10800500 0.92173400
vt 1.05910800 0.92542800
vt 1.05910800 0.92341400
vt 1.01246500 0.92337300
vt 0.96147500 0.92152900
vt 0.90662900 0.91991400
vt 0.84845500 0.91854400
vt 0.78751300 0.91743100
vt 0.72439000 0.91658700
vt 0.65969500 0.91602100
vt 0.59405000 0.91573600
vt 0.46243900 1.00813600
vt 0.52808700 1.00785100
vt 0.39774400 1.00870300
vt 0.33462100 1.00954700
vt 0.27367900 1.01065900
vt 0.21550500 1.01202900
vt 0.16065900 1.01364400
vt 0.10966800 1.01548800
vt 0.10966800 1.01754300
vt 0.06302600 1.01548800
vt 0.01203500 1.01364400
vt -0.04281100 1.01202900
vt -0.10098500 1.01065900
vt -0.16192700 1.00954700
vt -0.22505000 1.00870300
vt -0.28974500 1.00813600
vt -0.35539100 1.00785100
vt -0.42135400 1.00785100
vt -0.48699900 1.00813600
vt -0.55169500 1.00870300
vt -0.61481700 1.00954600
vt -0.67575900 1.01065900
vt -0.73393300 1.01202900
vt -0.78878000 1.01364400
vt -0.83977000 1.01548800
vt -0.88711700 1.01525700
vt -0.88641300 1.01754300
vt -0.93810700 1.01341300
vt -0.99295300 1.01179800
vt -1.05112800 1.01042700
vt -1.11207000 1.00931500
vt -1.17519200 1.00847100
vt -1.23988800 1.00790500
vt -1.30553400 1.00762000
vt -1.37149600 1.00762000
vt -1.43714200 1.00790500
vt -1.50183700 1.00847200
vt -1.56496000 1.00931500
vt -1.62590200 1.01042700
vt -1.68407600 1.01179800
vt -1.73892200 1.01341300
vt -1.78991200 1.01525700
vt 2.00969000 1.01557200
vt 1.96083700 1.01389000
vt 1.90787400 1.01239800
vt 1.85131200 1.01111100
vt 1.79169600 1.01004000
vt 1.72960100 1.00919600
vt 1.66562300 1.00858700
vt 1.60037900 1.00821800
vt 1.40335800 1.03017500
vt 1.40335800 1.03017500
vt 0.00000000 0.00000000
vt 1.21760200 1.01109900
vt 1.16100700 1.01238400
vt 1.10800500 1.01387400
vt 1.05910800 1.01555400
vt 1.05910800 1.01754300
vt 1.01246500 1.01548800
vt 0.96147500 1.01364400
vt 0.90662900 1.01202900
vt 0.84845500 1.01065900
vt 0.78751300 1.00954700
vt 0.72439000 1.00870300
vt 0.65969500 1.00813600
vt 0.59405000 1.00785100
f 1/1/1 19/19/19 30/30/30
f 30/30/30 18/18/18 1/1/1
f 2055/2055/2055 20/20/20 19/19/19
f 19/19/19 1/1/1 2055/2055/2055
f 4/4/4 21/21/21 20/20/20
f 20/20/20 2055/2055/2055 4/4/4
f 6/6/6 22/22/22 21/21/21
f 21/21/21 4/4/4 6/6/6
f 2058/2058/2058 23/23/23 22/22/22
f 22/22/22 6/6/6 2058/2058/2058
f 9/9/9 24/24/24 23/23/23
f 23/23/23 2058/2058/2058 9/9/9
f 2125/2125/2125 25/25/25 24/24/24
f 24/24/24 9/9/9 2125/2125/2125
f 10/10/10 26/26/26 25/25/25
f 25/25/25 2125/2125/2125 10/10/10
f 2123/2123/2123 27/27/27 26/26/26
f 26/26/26 10/10/10 2123/2123/2123
f 14/14/14 28/28/28 27/27/27
f 27/27/27 2123/2123/2123 14/14/14
f 17/17/17 29/29/29 28/28/28
f 28/28/28 14/14/14 17/17/17
f 18/18/18 30/30/30 29/29/29
f 29/29/29 17/17/17 18/18/18
f 19/19/19 31/31/31 42/42/42
f 42/42/42 30/30/30 19/19/19
f 20/20/20 32/32/32 31/31/31
f 31/31/31 19/19/19 20/20/20
f 21/21/21 33/33/33 32/32/32
f 32/32/32 20/20/20 21/21/21
f 22/22/22 34/34/34 33/33/33
f 33/33/33 21/21/21 22/22/22
f 23/23/23 35/35/35 34/34/34
f 34/34/34 22/22/22 23/23/23
f 24/24/24 36/36/36 35/35/35
f 35/35/35 23/23/23 24/24/24
f 25/25/25 37/37/37 36/36/36
f 36/36/36 24/24/24 25/25/25
f 26/26/26 38/38/38 37/37/37
f 37/37/37 25/25/25 26/26/26
f 27/27/27 39/39/39 38/38/38
f 38/38/38 26/26/26 27/27/27
f 28/28/28 40/40/40 39/39/39
f 39/39/39 27/27/27 28/28/28
f 29/29/29 41/41/41 40/40/40
f 40/40/40 28/28/28 29/29/29
f 30/30/30 42/42/42 41/41/41
f 41/41/41 29/29/29 30/30/30
f 31/31/31 43/43/43 54/54/54
f 54/54/54 42/42/42 31/31/31
f 32/32/32 44/44/44 43/43/43
f 43/43/43 31/31/31 32/32/32
f 33/33/33 45/45/45 44/44/44
f 44/44/44 32/32/32 33/33/33
f 34/34/34 46/46/46 45/45/45
f 45/45/45 33/33/33 34/34/34
f 35/35/35 47/47/47 46/46/46
f 46/46/46 34/34/34 35/35/35
f 36/36/36 48/48/48 47/47/47
f 47/47/47 35/35/35 36/36/36
f 37/37/37 49/49/49 48/48/48
f 48/48/48 36/36/36 37/37/37
f 38/38/38 50/50/50 49/49/49
f 49/49/49 37/37/37 38/38/38
f 39/39/39 51/51/51 50/50/50
f 50/50/50 38/38/38 39/39/39
f 40/40/40 52/52/52 51/51/51
f 51/51/51 39/39/39 40/40/40
f 41/41/41 53/53/53 52/52/52
f 52/52/52 40/40/40 41/41/41
f 42/42/42 54/54/54 53/53/53
f 53/53/53 41/41/41 42/42/42
f 43/43/43 55/55/55 66/66/66
f 66/66/66 54/54/54 43/43/43
f 44/44/44 56/56/56 55/55/55
f 55/55/55 43/43/43 44/44/44
f 45/45/45 57/57/57 56/56/56
f 56/56/56 44/44/44 45/45/45
f 46/46/46 58/58/58 57/57/57
f 57/57/57 45/45/45 46/46/46
f 47/47/47 59/59/59 58/58/58
f 58/58/58 46/46/46 47/47/47
f 48/48/48 60/60/60 59/59/59
f 59/59/59 47/47/47 48/48/48
f 49/49/49 61/61/61 60/60/60
f 60/60/60 48/48/48 49/49/49
f 50/50/50 62/62/62 61/61/61
f 61/61/61 49/49/49 50/50/50
f 51/51/51 63/63/63 62/62/62
f 62/62/62 50/50/50 51/51/51
f 52/52/52 64/64/64 63/63/63
f 63/63/63 51/51/51 52/52/52
f 53/53/53 65/65/65 64/64/64
f 64/64/64 52/52/52 53/53/53
f 54/54/54 66/66/66 65/65/65
f 65/65/65 53/53/53 54/54/54
f 55/55/55 67/67/67 78/78/78
f 78/78/78 66/66/66 55/55/55
f 56/56/56 68/68/68 67/67/67
f 67/67/67 55/55/55 56/56/56
f 57/57/57 69/69/69 68/68/68
f 68/68/68 56/56/56 57/57/57
f 58/58/58 70/70/70 69/69/69
f 69/69/69 57/57/57 58/58/58
f 59/59/59 71/71/71 70/70/70
f 70/70/70 58/58/58 59/59/59
f 60/60/60 72/72/72 71/71/71
f 71/71/71 59/59/59 60/60/60
f 61/61/61 73/73/73 72/72/72
f 72/72/72 60/60/60 61/61/61
f 62/62/62 74/74/74 73/73/73
f 73/73/73 61/61/61 62/62/62
f 63/63/63 75/75/75 74/74/74
f 74/74/74 62/62/62 63/63/63
f 64/64/64 76/76/76 75/75/75
f 75/75/75 63/63/63 64/64/64
f 65/65/65 77/77/77 76/76/76
f 76/76/76 64/64/64 65/65/65
f 66/66/66 78/78/78 77/77/77
f 77/77/77 65/65/65 66/66/66
f 67/67/67 79/79/79 90/90/90
f 90/90/90 78/78/78 67/67/67
f 68/68/68 80/80/80 79/79/79
f 79/79/79 67/67/67 68/68/68
f 69/69/69 81/81/81 80/80/80
f 80/80/80 68/68/68 69/69/69
f 70/70/70 82/82/82 81/81/81
f 81/81/81 69/69/69 70/70/70
f 71/71/71 83/83/83 82/82/82
f 82/82/82 70/70/70 71/71/71
f 72/72/72 84/84/84 83/83/83
f 83/83/83 71/71/71 72/72/72
f 73/73/73 85/85/85 84/84/84
f 84/84/84 72/72/72 73/73/73
f 74/74/74 86/86/86 85/85/85
f 85/85/85 73/73/73 74/74/74
f 75/75/75 87/87/87 86/86/86
f 86/86/86 74/74/74 75/75/75
f 76/76/76 88/88/88 87/87/87
f 87/87/87 75/75/75 76/76/76
f 77/77/77 89/89/89 88/88/88
f 88/88/88 76/76/76 77/77/77
f 78/78/78 90/90/90 89/89/89
f 89/89/89 77/77/77 78/78/78
f 79/79/79 91/91/91 102/102/102
f 102/102/102 90/90/90 79/79/79
f 80/80/80 92/92/92 91/91/91
f 91/91/91 79/79/79 80/80/80
f 81/81/81 93/93/93 92/92/92
f 92/92/92 80/80/80 81/81/81
f 82/82/82 94/94/94 93/93/93
f 93/93/93 81/81/81 82/82/82
f 83/83/83 95/95/95 94/94/94
f 94/94/94 82/82/82 83/83/83
f 84/84/84 96/96/96 95/95/95
f 95/95/95 83/83/83 84/84/84
f 85/85/85 97/97/97 96/96/96
f 96/96/96 84/84/84 85/85/85
f 86/86/86 98/98/98 97/97/97
f 97/97/97 85/85/85 86/86/86
f 87/87/87 99/99/99 98/98/98
f 98/98/98 86/86/86 87/87/87
f 88/88/88 100/100/100 99/99/99
f 99/99/99 87/87/87 88/88/88
f 89/89/89 101/101/101 100/100/100
f 100/100/100 88/88/88 89/89/89
f 90/90/90 102/102/102 101/101/101
f 101/101/101 89/89/89 90/90/90
f 91/91/91 103/103/103 114/114/114
f 114/114/114 102/102/102 91/91/91
f 92/92/92 104/104/104 103/103/103
f 103/103/103 91/91/91 92/92/92
f 93/93/93 105/105/105 104/104/104
f 104/104/104 92/92/92 93/93/93
f 94/94/94 106/106/106 105/105/105
f 105/105/105 93/93/93 94/94/94
f 95/95/95 107/107/107 106/106/106
f 106/106/106 94/94/94 95/95/95
f 96/96/96 108/108/108 107/107/107
f 107/107/107 95/95/95 96/96/96
f 97/97/97 109/109/109 108/108/108
f 108/108/108 96/96/96 97/97/97
f 98/98/98 110/110/110 109/109/109
f 109/109/109 97/97/97 98/98/98
f 99/99/99 111/111/111 110/110/110
f 110/110/110 98/98/98 99/99/99
f 100/100/100 112/112/112 111/111/111
f 111/111/111 99/99/99 100/100/100
f 101/101/101 113/113/113 112/112/112
f 112/112/112 100/100/100 101/101/101
f 102/102/102 114/114/114 113/113/113
f 113/113/113 101/101/101 102/102/102
f 103/103/103 115/115/115 126/126/126
f 126/126/126 114/114/114 103/103/103
f 104/104/104 116/116/116 115/115/115
f 115/115/115 103/103/103 104/104/104
f 105/105/105 117/117/117 116/116/116
f 116/116/116 104/104/104 105/105/105
f 106/106/106 118/118/118 117/117/117
f 117/117/117 105/105/105 106/106/106
f 107/107/107 119/119/119 118/118/118
f 118/118/118 106/106/106 107/107/107
f 108/108/108 120/120/120 119/119/119
f 119/119/119 107/107/107 108/108/108
f 109/109/109 121/121/121 120/120/120
f 120/120/120 108/108/108 109/109/109
f 110/110/110 122/122/122 121/121/121
f 121/121/121 109/109/109 110/110/110
f 111/111/111 123/123/123 122/122/122
f 122/122/122 110/110/110 111/111/111
f 112/112/112 124/124/124 123/123/123
f 123/123/123 111/111/111 112/112/112
f 113/113/113 125/125/125 124/124/124
f 124/124/124 112/112/112 113/113/113
f 114/114/114 126/126/126 125/125/125
f 125/125/125 113/113/113 114/114/114
f 115/115/115 127/127/127 138/138/138
f 138/138/138 126/126/126 115/115/115
f 116/116/116 128/128/128 127/127/127
f 127/127/127 115/115/115 116/116/116
f 117/117/117 129/129/129 128/128/128
f 128/128/128 116/116/116 117/117/117
f 118/118/118 130/130/130 129/129/129
f 129/129/129 117/117/117 118/118/118
f 119/119/119 131/131/131 130/130/130
f 130/130/130 118/118/118 119/119/119
f 120/120/120 132/132/132 131/131/131
f 131/131/131 119/119/119 120/120/120
f 121/121/121 133/133/133 132/132/132
f 132/132/132 120/120/120 121/121/121
f 122/122/122 134/134/134 133/133/133
f 133/133/133 121/121/121 122/122/122
f 123/123/123 135/135/135 134/134/134
f 134/134/134 122/122/122 123/123/123
f 124/124/124 136/136/136 135/135/135
f 135/135/135 123/123/123 124/124/124
f 125/125/125 137/137/137 136/136/136
f 136/136/136 124/124/124 125/125/125
f 126/126/126 138/138/138 137/137/137
f 137/137/137 125/125/125 126/126/126
f 127/127/127 139/139/139 150/150/150
f 150/150/150 138/138/138 127/127/127
f 128/128/128 140/140/140 139/139/139
f 139/139/139 127/127/127 128/128/128
f 129/129/129 141/141/141 140/140/140
f 140/140/140 128/128/128 129/129/129
f 130/130/130 142/142/142 141/141/141
f 141/141/141 129/129/129 130/130/130
f 131/131/131 143/143/143 142/142/142
f 142/142/142 130/130/130 131/131/131
f 132/132/132 144/144/144 143/143/143
f 143/143/143 131/131/131 132/132/132
f 133/133/133 145/145/145 144/144/144
f 144/144/144 132/132/132 133/133/133
f 134/134/134 146/146/146 145/145/145
f 145/145/145 133/133/133 134/134/134
f 135/135/135 147/147/147 146/146/146
f 146/146/146 134/134/134 135/135/135
f 136/136/136 148/148/148 147/147/147
f 147/147/147 135/135/135 136/136/136
f 137/137/137 149/149/149 148/148/148
f 148/148/148 136/136/136 137/137/137
f 138/138/138 150/150/150 149/149/149
f 149/149/149 137/137/137 138/138/138
f 139/139/139 151/151/151 162/162/162
f 162/162/162 150/150/150 139/139/139
f 140/140/140 152/152/152 151/151/151
f 151/151/151 139/139/139 140/140/140
f 141/141/141 153/153/153 152/152/152
f 152/152/152 140/140/140 141/141/141
f 142/142/142 154/154/154 153/153/153
f 153/153/153 141/141/141 142/142/142
f 143/143/143 155/155/155 154/154/154
f 154/154/154 142/142/142 143/143/143
f 144/144/144 156/156/156 155/155/155
f 155/155/155 143/143/143 144/144/144
f 145/145/145 157/157/157 156/156/156
f 156/156/156 144/144/144 145/145/145
f 146/146/146 158/158/158 157/157/157
f 157/157/157 145/145/145 146/146/146
f 147/147/147 159/159/159 158/158/158
f 158/158/158 146/146/146 147/147/147
f 148/148/148 160/160/160 159/159/159
f 159/159/159 147/147/147 148/148/148
f 149/149/149 161/161/161 160/160/160
f 160/160/160 148/148/148 149/149/149
f 150/150/150 162/162/162 161/161/161
f 161/161/161 149/149/149 150/150/150
f 151/151/151 163/163/163 174/174/174
f 174/174/174 162/162/162 151/151/151
f 152/152/152 164/164/164 163/163/163
f 163/163/163 151/151/151 152/152/152
f 153/153/153 165/165/165 164/164/164
f 164/164/164 152/152/152 153/153/153
f 154/154/154 166/166/166 165/165/165
f 165/165/165 153/153/153 154/154/154
f 155/155/155 167/167/167 166/166/166
f 166/166/166 154/154/154 155/155/155
f 156/156/156 168/168/168 167/167/167
f 167/167/167 155/155/155 156/156/156
f 157/157/157 169/169/169 168/168/168
f 168/168/168 156/156/156 157/157/157
f 158/158/158 170/170/170 169/169/169
f 169/169/169 157/157/157 158/158/158
f 159/159/159 171/171/171 170/170/170
f 170/170/170 158/158/158 159/159/159
f 160/160/160 172/172/172 171/171/171
f 171/171/171 159/159/159 160/160/160
f 161/161/161 173/173/173 172/172/172
f 172/172/172 160/160/160 161/161/161
f 162/162/162 174/174/174 173/173/173
f 173/173/173 161/161/161 162/162/162
f 163/163/163 175/175/175 186/186/186
f 186/186/186 174/174/174 163/163/163
f 164/164/164 176/176/176 175/175/175
f 175/175/175 163/163/163 164/164/164
f 165/165/165 177/177/177 176/176/176
f 176/176/176 164/164/164 165/165/165
f 166/166/166 178/178/178 177/177/177
f 177/177/177 165/165/165 166/166/166
f 167/167/167 179/179/179 178/178/178
f 178/178/178 166/166/166 167/167/167
f 168/168/168 180/180/180 179/179/179
f 179/179/179 167/167/167 168/168/168
f 169/169/169 181/181/181 180/180/180
f 180/180/180 168/168/168 169/169/169
f 170/170/170 182/182/182 181/181/181
f 181/181/181 169/169/169 170/170/170
f 171/171/171 183/183/183 182/182/182
f 182/182/182 170/170/170 171/171/171
f 172/172/172 184/184/184 183/183/183
f 183/183/183 171/171/171 172/172/172
f 173/173/173 185/185/185 184/184/184
f 184/184/184 172/172/172 173/173/173
f 174/174/174 186/186/186 185/185/185
f 185/185/185 173/173/173 174/174/174
f 175/175/175 187/187/187 198/198/198
f 198/198/198 186/186/186 175/175/175
f 176/176/176 188/188/188 187/187/187
f 187/187/187 175/175/175 176/176/176
f 177/177/177 189/189/189 188/188/188
f 188/188/188 176/176/176 177/177/177
f 178/178/178 190/190/190 189/189/189
f 189/189/189 177/177/177 178/178/178
f 179/179/179 191/191/191 190/190/190
f 190/190/190 178/178/178 179/179/179
f 180/180/180 192/192/192 191/191/191
f 191/191/191 179/179/179 180/180/180
f 181/181/181 193/193/193 192/192/192
f 192/192/192 180/180/180 181/181/181
f 182/182/182 194/194/194 193/193/193
f 193/193/193 181/181/181 182/182/182
f 183/183/183 195/195/195 194/194/194
f 194/194/194 182/182/182 183/183/183
f 184/184/184 196/196/196 195/195/195
f 195/195/195 183/183/183 184/184/184
f 185/185/185 197/197/197 196/196/196
f 196/196/196 184/184/184 185/185/185
f 186/186/186 198/198/198 197/197/197
f 197/197/197 185/185/185 186/186/186
f 187/187/187 199/199/199 210/210/210
f 210/210/210 198/198/198 187/187/187
f 188/188/188 200/200/200 199/199/199
f 199/199/199 187/187/187 188/188/188
f 189/189/189 201/201/201 200/200/200
f 200/200/200 188/188/188 189/189/189
f 190/190/190 202/202/202 201/201/201
f 201/201/201 189/189/189 190/190/190
f 191/191/191 203/203/203 202/202/202
f 202/202/202 190/190/190 191/191/191
f 192/192/192 204/204/204 203/203/203
f 203/203/203 191/191/191 192/192/192
f 193/193/193 205/205/205 204/204/204
f 204/204/204 192/192/192 193/193/193
f 194/194/194 206/206/206 205/205/205
f 205/205/205 193/193/193 194/194/194
f 195/195/195 207/207/207 206/206/206
f 206/206/206 194/194/194 195/195/195
f 196/196/196 208/208/208 207/207/207
f 207/207/207 195/195/195 196/196/196
f 197/197/197 209/209/209 208/208/208
f 208/208/208 196/196/196 197/197/197
f 198/198/198 210/210/210 209/209/209
f 209/209/209 197/197/197 198/198/198
f 199/199/199 211/211/211 222/222/222
f 222/222/222 210/210/210 199/199/199
f 200/200/200 212/212/212 211/211/211
f 211/211/211 199/199/199 200/200/200
f 201/201/201 213/213/213 212/212/212
f 212/212/212 200/200/200 201/201/201
f 202/202/202 214/214/214 213/213/213
f 213/213/213 201/201/201 202/202/202
f 203/203/203 215/215/215 214/214/214
f 214/214/214 202/202/202 203/203/203
f 204/204/204 216/216/216 215/215/215
f 215/215/215 203/203/203 204/204/204
f 205/205/205 217/217/217 216/216/216
f 216/216/216 204/204/204 205/205/205
f 206/206/206 218/218/218 217/217/217
f 217/217/217 205/205/205 206/206/206
f 207/207/207 219/219/219 218/218/218
f 218/218/218 206/206/206 207/207/207
f 208/208/208 220/220/220 219/219/219
f 219/219/219 207/207/207 208/208/208
f 209/209/209 221/221/221 220/220/220
f 220/220/220 208/208/208 209/209/209
f 210/210/210 222/222/222 221/221/221
f 221/221/221 209/209/209 210/210/210
f 211/211/211 223/223/223 234/234/234
f 234/234/234 222/222/222 211/211/211
f 212/212/212 224/224/224 223/223/223
f 223/223/223 211/211/211 212/212/212
f 213/213/213 225/225/225 224/224/224
f 224/224/224 212/212/212 213/213/213
f 214/214/214 226/226/226 225/225/225
f 225/225/225 213/213/213 214/214/214
f 215/215/215 227/227/227 226/226/226
f 226/226/226 214/214/214 215/215/215
f 216/216/216 228/228/228 227/227/227
f 227/227/227 215/215/215 216/216/216
f 217/217/217 229/229/229 228/228/228
f 228/228/228 216/216/216 217/217/217
f 218/218/218 230/230/230 229/229/229
f 229/229/229 217/217/217 218/218/218
f 219/219/219 231/231/231 230/230/230
f 230/230/230 218/218/218 219/219/219
f 220/220/220 232/232/232 231/231/231
f 231/231/231 219/219/219 220/220/220
f 221/221/221 233/233/233 232/232/232
f 232/232/232 220/220/220 221/221/221
f 222/222/222 234/234/234 233/233/233
f 233/233/233 221/221/221 222/222/222
f 223/223/223 235/235/235 246/246/246
f 246/246/246 234/234/234 223/223/223
f 224/224/224 236/236/236 235/235/235
f 235/235/235 223/223/223 224/224/224
f 225/225/225 237/237/237 236/236/236
f 236/236/236 224/224/224 225/225/225
f 226/226/226 238/238/238 237/237/237
f 237/237/237 225/225/225 226/226/226
f 227/227/227 239/239/239 238/238/238
f 238/238/238 226/226/226 227/227/227
f 228/228/228 240/240/240 239/239/239
f 239/239/239 227/227/227 228/228/228
f 229/229/229 241/241/241 240/240/240
f 240/240/240 228/228/228 229/229/229
f 230/230/230 242/242/242 241/241/241
f 241/241/241 229/229/229 230/230/230
f 231/231/231 243/243/243 242/242/242
f 242/242/242 230/230/230 231/231/231
f 232/232/232 244/244/244 243/243/243
f 243/243/243 231/231/231 232/232/232
f 233/233/233 245/245/245 244/244/244
f 244/244/244 232/232/232 233/233/233
f 234/234/234 246/246/246 245/245/245
f 245/245/245 233/233/233 234/234/234
f 235/235/235 247/247/247 258/258/258
f 258/258/258 246/246/246 235/235/235
f 236/236/236 248/248/248 247/247/247
f 247/247/247 235/235/235 236/236/236
f 237/237/237 249/249/249 248/248/248
f 248/248/248 236/236/236 237/237/237
f 238/238/238 250/250/250 249/249/249
f 249/249/249 237/237/237 238/238/238
f 239/239/239 251/251/251 250/250/250
f 250/250/250 238/238/238 239/239/239
f 240/240/240 252/252/252 251/251/251
f 251/251/251 239/239/239 240/240/240
f 241/241/241 253/253/253 252/252/252
f 252/252/252 240/240/240 241/241/241
f 242/242/242 254/254/254 253/253/253
f 253/253/253 241/241/241 242/242/242
f 243/243/243 255/255/255 254/254/254
f 254/254/254 242/242/242 243/243/243
f 244/244/244 256/256/256 255/255/255
f 255/255/255 243/243/243 244/244/244
f 245/245/245 257/257/257 256/256/256
f 256/256/256 244/244/244 245/245/245
f 246/246/246 258/258/258 257/257/257
f 257/257/257 245/245/245 246/246/246
f 247/247/247 259/259/259 270/270/270
f 270/270/270 258/258/258 247/247/247
f 248/248/248 260/260/260 259/259/259
f 259/259/259 247/247/247 248/248/248
f 249/249/249 261/261/261 260/260/260
f 260/260/260 248/248/248 249/249/249
f 250/250/250 262/262/262 261/261/261
f 261/261/261 249/249/249 250/250/250
f 251/251/251 263/263/263 262/262/262
f 262/262/262 250/250/250 251/251/251
f 252/252/252 264/264/264 263/263/263
f 263/263/263 251/251/251 252/252/252
f 253/253/253 265/265/265 264/264/264
f 264/264/264 252/252/252 253/253/253
f 254/254/254 266/266/266 265/265/265
f 265/265/265 253/253/253 254/254/254
f 255/255/255 267/267/267 266/266/266
f 266/266/266 254/254/254 255/255/255
f 256/256/256 268/268/268 267/267/267
f 267/267/267 255/255/255 256/256/256
f 257/257/257 269/269/269 268/268/268
f 268/268/268 256/256/256 257/257/257
f 258/258/258 270/270/270 269/269/269
f 269/269/269 257/257/257 258/258/258
f 259/259/259 271/271/271 282/282/282
f 282/282/282 270/270/270 259/259/259
f 260/260/260 272/272/272 271/271/271
f 271/271/271 259/259/259 260/260/260
f 261/261/261 273/273/273 272/272/272
f 272/272/272 260/260/260 261/261/261
f 262/262/262 274/274/274 273/273/273
f 273/273/273 261/261/261 262/262/262
f 263/263/263 275/275/275 274/274/274
f 274/274/274 262/262/262 263/263/263
f 264/264/264 276/276/276 275/275/275
f 275/275/275 263/263/263 264/264/264
f 265/265/265 277/277/277 276/276/276
f 276/276/276 264/264/264 265/265/265
f 266/266/266 278/278/278 277/277/277
f 277/277/277 265/265/265 266/266/266
f 267/267/267 279/279/279 278/278/278
f 278/278/278 266/266/266 267/267/267
f 268/268/268 280/280/280 279/279/279
f 279/279/279 267/267/267 268/268/268
f 269/269/269 281/281/281 280/280/280
f 280/280/280 268/268/268 269/269/269
f 270/270/270 282/282/282 281/281/281
f 281/281/281 269/269/269 270/270/270
f 271/271/271 283/283/283 294/294/294
f 294/294/294 282/282/282 271/271/271
f 272/272/272 284/284/284 283/283/283
f 283/283/283 271/271/271 272/272/272
f 273/273/273 285/285/285 284/284/284
f 284/284/284 272/272/272 273/273/273
f 274/274/274 286/286/286 285/285/285
f 285/285/285 273/273/273 274/274/274
f 275/275/275 287/287/287 286/286/286
f 286/286/286 274/274/274 275/275/275
f 276/276/276 288/288/288 287/287/287
f 287/287/287 275/275/275 276/276/276
f 277/277/277 289/289/289 288/288/288
f 288/288/288 276/276/276 277/277/277
f 278/278/278 290/290/290 289/289/289
f 289/289/289 277/277/277 278/278/278
f 279/279/279 291/291/291 290/290/290
f 290/290/290 278/278/278 279/279/279
f 280/280/280 292/292/292 291/291/291
f 291/291/291 279/279/279 280/280/280
f 281/281/281 293/293/293 292/292/292
f 292/292/292 280/280/280 281/281/281
f 282/282/282 294/294/294 293/293/293
f 293/293/293 281/281/281 282/282/282
f 283/283/283 295/295/295 306/306/306
f 306/306/306 294/294/294 283/283/283
f 284/284/284 296/296/296 295/295/295
f 295/295/295 283/283/283 284/284/284
f 285/285/285 297/297/297 296/296/296
f 296/296/296 284/284/284 285/285/285
f 286/286/286 298/298/298 297/297/297
f 297/297/297 285/285/285 286/286/286
f 287/287/287 299/299/299 298/298/298
f 298/298/298 286/286/286 287/287/287
f 288/288/288 300/300/300 299/299/299
f 299/299/299 287/287/287 288/288/288
f 289/289/289 301/301/301 300/300/300
f 300/300/300 288/288/288 289/289/289
f 290/290/290 302/302/302 301/301/301
f 301/301/301 289/289/289 290/290/290
f 291/291/291 303/303/303 302/302/302
f 302/302/302 290/290/290 291/291/291
f 292/292/292 304/304/304 303/303/303
f 303/303/303 291/291/291 292/292/292
f 293/293/293 305/305/305 304/304/304
f 304/304/304 292/292/292 293/293/293
f 294/294/294 306/306/306 305/305/305
f 305/305/305 293/293/293 294/294/294
f 295/295/295 307/307/307 318/318/318
f 318/318/318 306/306/306 295/295/295
f 296/296/296 308/308/308 307/307/307
f 307/307/307 295/295/295 296/296/296
f 297/297/297 309/309/309 308/308/308
f 308/308/308 296/296/296 297/297/297
f 298/298/298 310/310/310 309/309/309
f 309/309/309 297/297/297 298/298/298
f 299/299/299 311/311/311 310/310/310
f 310/310/310 298/298/298 299/299/299
f 300/300/300 312/312/312 311/311/311
f 311/311/311 299/299/299 300/300/300
f 301/301/301 313/313/313 312/312/312
f 312/312/312 300/300/300 301/301/301
f 302/302/302 314/314/314 313/313/313
f 313/313/313 301/301/301 302/302/302
f 303/303/303 315/315/315 314/314/314
f 314/314/314 302/302/302 303/303/303
f 304/304/304 316/316/316 315/315/315
f 315/315/315 303/303/303 304/304/304
f 305/305/305 317/317/317 316/316/316
f 316/316/316 304/304/304 305/305/305
f 306/306/306 318/318/318 317/317/317
f 317/317/317 305/305/305 306/306/306
f 307/307/307 319/319/319 330/330/330
f 330/330/330 318/318/318 307/307/307
f 308/308/308 320/320/320 319/319/319
f 319/319/319 307/307/307 308/308/308
f 309/309/309 321/321/321 320/320/320
f 320/320/320 308/308/308 309/309/309
f 310/310/310 322/322/322 321/321/321
f 321/321/321 309/309/309 310/310/310
f 311/311/311 323/323/323 322/322/322
f 322/322/322 310/310/310 311/311/311
f 312/312/312 324/324/324 323/323/323
f 323/323/323 311/311/311 312/312/312
f 313/313/313 325/325/325 324/324/324
f 324/324/324 312/312/312 313/313/313
f 314/314/314 326/326/326 325/325/325
f 325/325/325 313/313/313 314/314/314
f 315/315/315 327/327/327 326/326/326
f 326/326/326 314/314/314 315/315/315
f 316/316/316 328/328/328 327/327/327
f 327/327/327 315/315/315 316/316/316
f 317/317/317 329/329/329 328/328/328
f 328/328/328 316/316/316 317/317/317
f 318/318/318 330/330/330 329/329/329
f 329/329/329 317/317/317 318/318/318
f 319/319/319 331/331/331 342/342/342
f 342/342/342 330/330/330 319/319/319
f 320/320/320 332/332/332 331/331/331
f 331/331/331 319/319/319 320/320/320
f 321/321/321 333/333/333 332/332/332
f 332/332/332 320/320/320 321/321/321
f 322/322/322 334/334/334 333/333/333
f 333/333/333 321/321/321 322/322/322
f 323/323/323 335/335/335 334/334/334
f 334/334/334 322/322/322 323/323/323
f 324/324/324 336/336/336 335/335/335
f 335/335/335 323/323/323 324/324/324
f 325/325/325 337/337/337 336/336/336
f 336/336/336 324/324/324 325/325/325
f 326/326/326 338/338/338 337/337/337
f 337/337/337 325/325/325 326/326/326
f 327/327/327 339/339/339 338/338/338
f 338/338/338 326/326/326 327/327/327
f 328/328/328 340/340/340 339/339/339
f 339/339/339 327/327/327 328/328/328
f 329/329/329 341/341/341 340/340/340
f 340/340/340 328/328/328 329/329/329
f 330/330/330 342/342/342 341/341/341
f 341/341/341 329/329/329 330/330/330
f 331/331/331 343/343/343 354/354/354
f 354/354/354 342/342/342 331/331/331
f 332/332/332 344/344/344 343/343/343
f 343/343/343 331/331/331 332/332/332
f 333/333/333 345/345/345 344/344/344
f 344/344/344 332/332/332 333/333/333
f 334/334/334 346/346/346 345/345/345
f 345/345/345 333/333/333 334/334/334
f 335/335/335 347/347/347 346/346/346
f 346/346/346 334/334/334 335/335/335
f 336/336/336 348/348/348 347/347/347
f 347/347/347 335/335/335 336/336/336
f 337/337/337 349/349/349 348/348/348
f 348/348/348 336/336/336 337/337/337
f 338/338/338 350/350/350 349/349/349
f 349/349/349 337/337/337 338/338/338
f 339/339/339 351/351/351 350/350/350
f 350/350/350 338/338/338 339/339/339
f 340/340/340 352/352/352 351/351/351
f 351/351/351 339/339/339 340/340/340
f 341/341/341 353/353/353 352/352/352
f 352/352/352 340/340/340 341/341/341
f 342/342/342 354/354/354 353/353/353
f 353/353/353 341/341/341 342/342/342
f 343/343/343 355/355/355 366/366/366
f 366/366/366 354/354/354 343/343/343
f 344/344/344 356/356/356 355/355/355
f 355/355/355 343/343/343 344/344/344
f 345/345/345 357/357/357 356/356/356
f 356/356/356 344/344/344 345/345/345
f 346/346/346 358/358/358 357/357/357
f 357/357/357 345/345/345 346/346/346
f 347/347/347 359/359/359 358/358/358
f 358/358/358 346/346/346 347/347/347
f 348/348/348 360/360/360 359/359/359
f 359/359/359 347/347/347 348/348/348
f 349/349/349 361/361/361 360/360/360
f 360/360/360 348/348/348 349/349/349
f 350/350/350 362/362/362 361/361/361
f 361/361/361 349/349/349 350/350/350
f 351/351/351 363/363/363 362/362/362
f 362/362/362 350/350/350 351/351/351
f 352/352/352 364/364/364 363/363/363
f 363/363/363 351/351/351 352/352/352
f 353/353/353 365/365/365 364/364/364
f 364/364/364 352/352/352 353/353/353
f 354/354/354 366/366/366 365/365/365
f 365/365/365 353/353/353 354/354/354
f 355/355/355 367/367/367 378/378/378
f 378/378/378 366/366/366 355/355/355
f 356/356/356 368/368/368 367/367/367
f 367/367/367 355/355/355 356/356/356
f 357/357/357 369/369/369 368/368/368
f 368/368/368 356/356/356 357/357/357
f 358/358/358 370/370/370 369/369/369
f 369/369/369 357/357/357 358/358/358
f 359/359/359 371/371/371 370/370/370
f 370/370/370 358/358/358 359/359/359
f 360/360/360 372/372/372 371/371/371
f 371/371/371 359/359/359 360/360/360
f 361/361/361 373/373/373 372/372/372
f 372/372/372 360/360/360 361/361/361
f 362/362/362 374/374/374 373/373/373
f 373/373/373 361/361/361 362/362/362
f 363/363/363 375/375/375 374/374/374
f 374/374/374 362/362/362 363/363/363
f 364/364/364 376/376/376 375/375/375
f 375/375/375 363/363/363 364/364/364
f 365/365/365 377/377/377 376/376/376
f 376/376/376 364/364/364 365/365/365
f 366/366/366 378/378/378 377/377/377
f 377/377/377 365/365/365 366/366/366
f 367/367/367 379/379/379 390/390/390
f 390/390/390 378/378/378 367/367/367
f 368/368/368 380/380/380 379/379/379
f 379/379/379 367/367/367 368/368/368
f 369/369/369 381/381/381 380/380/380
f 380/380/380 368/368/368 369/369/369
f 370/370/370 382/382/382 381/381/381
f 381/381/381 369/369/369 370/370/370
f 371/371/371 383/383/383 382/382/382
f 382/382/382 370/370/370 371/371/371
f 372/372/372 384/384/384 383/383/383
f 383/383/383 371/371/371 372/372/372
f 373/373/373 385/385/385 384/384/384
f 384/384/384 372/372/372 373/373/373
f 374/374/374 386/386/386 385/385/385
f 385/385/385 373/373/373 374/374/374
f 375/375/375 387/387/387 386/386/386
f 386/386/386 374/374/374 375/375/375
f 376/376/376 388/388/388 387/387/387
f 387/387/387 375/375/375 376/376/376
f 377/377/377 389/389/389 388/388/388
f 388/388/388 376/376/376 377/377/377
f 378/378/378 390/390/390 389/389/389
f 389/389/389 377/377/377 378/378/378
f 379/379/379 391/391/391 402/402/402
f 402/402/402 390/390/390 379/379/379
f 380/380/380 392/392/392 391/391/391
f 391/391/391 379/379/379 380/380/380
f 381/381/381 393/393/393 392/392/392
f 392/392/392 380/380/380 381/381/381
f 382/382/382 394/394/394 393/393/393
f 393/393/393 381/381/381 382/382/382
f 383/383/383 395/395/395 394/394/394
f 394/394/394 382/382/382 383/383/383
f 384/384/384 396/396/396 395/395/395
f 395/395/395 383/383/383 384/384/384
f 385/385/385 397/397/397 396/396/396
f 396/396/396 384/384/384 385/385/385
f 386/386/386 398/398/398 397/397/397
f 397/397/397 385/385/385 386/386/386
f 387/387/387 399/399/399 398/398/398
f 398/398/398 386/386/386 387/387/387
f 388/388/388 400/400/400 399/399/399
f 399/399/399 387/387/387 388/388/388
f 389/389/389 401/401/401 400/400/400
f 400/400/400 388/388/388 389/389/389
f 390/390/390 402/402/402 401/401/401
f 401/401/401 389/389/389 390/390/390
f 391/391/391 403/403/403 414/414/414
f 414/414/414 402/402/402 391/391/391
f 392/392/392 404/404/404 403/403/403
f 403/403/403 391/391/391 392/392/392
f 393/393/393 405/405/405 404/404/404
f 404/404/404 392/392/392 393/393/393
f 394/394/394 406/406/406 405/405/405
f 405/405/405 393/393/393 394/394/394
f 395/395/395 407/407/407 406/406/406
f 406/406/406 394/394/394 395/395/395
f 396/396/396 408/408/408 407/407/407
f 407/407/407 395/395/395 396/396/396
f 397/397/397 409/409/409 408/408/408
f 408/408/408 396/396/396 397/397/397
f 398/398/398 410/410/410 409/409/409
f 409/409/409 397/397/397 398/398/398
f 399/399/399 411/411/411 410/410/410
f 410/410/410 398/398/398 399/399/399
f 400/400/400 412/412/412 411/411/411
f 411/411/411 399/399/399 400/400/400
f 401/401/401 413/413/413 412/412/412
f 412/412/412 400/400/400 401/401/401
f 402/402/402 414/414/414 413/413/413
f 413/413/413 401/401/401 402/402/402
f 403/403/403 415/415/415 426/426/426
f 426/426/426 414/414/414 403/403/403
f 404/404/404 416/416/416 415/415/415
f 415/415/415 403/403/403 404/404/404
f 405/405/405 417/417/417 416/416/416
f 416/416/416 404/404/404 405/405/405
f 406/406/406 418/418/418 417/417/417
f 417/417/417 405/405/405 406/406/406
f 407/407/407 419/419/419 418/418/418
f 418/418/418 406/406/406 407/407/407
f 408/408/408 420/420/420 419/419/419
f 419/419/419 407/407/407 408/408/408
f 409/409/409 421/421/421 420/420/420
f 420/420/420 408/408/408 409/409/409
f 410/410/410 422/422/422 421/421/421
f 421/421/421 409/409/409 410/410/410
f 411/411/411 423/423/423 422/422/422
f 422/422/422 410/410/410 411/411/411
f 412/412/412 424/424/424 423/423/423
f 423/423/423 411/411/411 412/412/412
f 413/413/413 425/425/425 424/424/424
f 424/424/424 412/412/412 413/413/413
f 414/414/414 426/426/426 425/425/425
f 425/425/425 413/413/413 414/414/414
f 415/415/415 427/427/427 438/438/438
f 438/438/438 426/426/426 415/415/415
f 416/416/416 428/428/428 427/427/427
f 427/427/427 415/415/415 416/416/416
f 417/417/417 429/429/429 428/428/428
f 428/428/428 416/416/416 417/417/417
f 418/418/418 430/430/430 429/429/429
f 429/429/429 417/417/417 418/418/418
f 419/419/419 431/431/431 430/430/430
f 430/430/430 418/418/418 419/419/419
f 420/420/420 432/432/432 431/431/431
f 431/431/431 419/419/419 420/420/420
f 421/421/421 433/433/433 432/432/432
f 432/432/432 420/420/420 421/421/421
f 422/422/422 434/434/434 433/433/433
f 433/433/433 421/421/421 422/422/422
f 423/423/423 435/435/435 434/434/434
f 434/434/434 422/422/422 423/423/423
f 424/424/424 436/436/436 435/435/435
f 435/435/435 423/423/423 424/424/424
f 425/425/425 437/437/437 436/436/436
f 436/436/436 424/424/424 425/425/425
f 426/426/426 438/438/438 437/437/437
f 437/437/437 425/425/425 426/426/426
f 427/427/427 439/439/439 450/450/450
f 450/450/450 438/438/438 427/427/427
f 428/428/428 440/440/440 439/439/439
f 439/439/439 427/427/427 428/428/428
f 429/429/429 441/441/441 440/440/440
f 440/440/440 428/428/428 429/429/429
f 430/430/430 442/442/442 441/441/441
f 441/441/441 429/429/429 430/430/430
f 431/431/431 443/443/443 442/442/442
f 442/442/442 430/430/430 431/431/431
f 432/432/432 444/444/444 443/443/443
f 443/443/443 431/431/431 432/432/432
f 433/433/433 445/445/445 444/444/444
f 444/444/444 432/432/432 433/433/433
f 434/434/434 446/446/446 445/445/445
f 445/445/445 433/433/433 434/434/434
f 435/435/435 447/447/447 446/446/446
f 446/446/446 434/434/434 435/435/435
f 436/436/436 448/448/448 447/447/447
f 447/447/447 435/435/435 436/436/436
f 437/437/437 449/449/449 448/448/448
f 448/448/448 436/436/436 437/437/437
f 438/438/438 450/450/450 449/449/449
f 449/449/449 437/437/437 438/438/438
f 439/439/439 451/451/451 462/462/462
f 462/462/462 450/450/450 439/439/439
f 440/440/440 452/452/452 451/451/451
f 451/451/451 439/439/439 440/440/440
f 441/441/441 453/453/453 452/452/452
f 452/452/452 440/440/440 441/441/441
f 442/442/442 454/454/454 453/453/453
f 453/453/453 441/441/441 442/442/442
f 443/443/443 455/455/455 454/454/454
f 454/454/454 442/442/442 443/443/443
f 444/444/444 456/456/456 455/455/455
f 455/455/455 443/443/443 444/444/444
f 445/445/445 457/457/457 456/456/456
f 456/456/456 444/444/444 445/445/445
f 446/446/446 458/458/458 457/457/457
f 457/457/457 445/445/445 446/446/446
f 447/447/447 459/459/459 458/458/458
f 458/458/458 446/446/446 447/447/447
f 448/448/448 460/460/460 459/459/459
f 459/459/459 447/447/447 448/448/448
f 449/449/449 461/461/461 460/460/460
f 460/460/460 448/448/448 449/449/449
f 450/450/450 462/462/462 461/461/461
f 461/461/461 449/449/449 450/450/450
f 451/451/451 463/463/463 474/474/474
f 474/474/474 462/462/462 451/451/451
f 452/452/452 464/464/464 463/463/463
f 463/463/463 451/451/451 452/452/452
f 453/453/453 465/465/465 464/464/464
f 464/464/464 452/452/452 453/453/453
f 454/454/454 466/466/466 465/465/465
f 465/465/465 453/453/453 454/454/454
f 455/455/455 467/467/467 466/466/466
f 466/466/466 454/454/454 455/455/455
f 456/456/456 468/468/468 467/467/467
f 467/467/467 455/455/455 456/456/456
f 457/457/457 469/469/469 468/468/468
f 468/468/468 456/456/456 457/457/457
f 458/458/458 470/470/470 469/469/469
f 469/469/469 457/457/457 458/458/458
f 459/459/459 471/471/471 470/470/470
f 470/470/470 458/458/458 459/459/459
f 460/460/460 472/472/472 471/471/471
f 471/471/471 459/459/459 460/460/460
f 461/461/461 473/473/473 472/472/472
f 472/472/472 460/460/460 461/461/461
f 462/462/462 474/474/474 473/473/473
f 473/473/473 461/461/461 462/462/462
f 463/463/463 475/475/475 486/486/486
f 486/486/486 474/474/474 463/463/463
f 464/464/464 476/476/476 475/475/475
f 475/475/475 463/463/463 464/464/464
f 465/465/465 477/477/477 476/476/476
f 476/476/476 464/464/464 465/465/465
f 466/466/466 478/478/478 477/477/477
f 477/477/477 465/465/465 466/466/466
f 467/467/467 479/479/479 478/478/478
f 478/478/478 466/466/466 467/467/467
f 468/468/468 480/480/480 479/479/479
f 479/479/479 467/467/467 468/468/468
f 469/469/469 481/481/481 480/480/480
f 480/480/480 468/468/468 469/469/469
f 470/470/470 482/482/482 481/481/481
f 481/481/481 469/469/469 470/470/470
f 471/471/471 483/483/483 482/482/482
f 482/482/482 470/470/470 471/471/471
f 472/472/472 484/484/484 483/483/483
f 483/483/483 471/471/471 472/472/472
f 473/473/473 485/485/485 484/484/484
f 484/484/484 472/472/472 473/473/473
f 474/474/474 486/486/486 485/485/485
f 485/485/485 473/473/473 474/474/474
f 475/475/475 487/487/487 498/498/498
f 498/498/498 486/486/486 475/475/475
f 476/476/476 488/488/488 487/487/487
f 487/487/487 475/475/475 476/476/476
f 477/477/477 489/489/489 488/488/488
f 488/488/488 476/476/476 477/477/477
f 478/478/478 490/490/490 489/489/489
f 489/489/489 477/477/477 478/478/478
f 479/479/479 491/491/491 490/490/490
f 490/490/490 478/478/478 479/479/479
f 480/480/480 492/492/492 491/491/491
f 491/491/491 479/479/479 480/480/480
f 481/481/481 493/493/493 492/492/492
f 492/492/492 480/480/480 481/481/481
f 482/482/482 494/494/494 493/493/493
f 493/493/493 481/481/481 482/482/482
f 483/483/483 495/495/495 494/494/494
f 494/494/494 482/482/482 483/483/483
f 484/484/484 496/496/496 495/495/495
f 495/495/495 483/483/483 484/484/484
f 485/485/485 497/497/497 496/496/496
f 496/496/496 484/484/484 485/485/485
f 486/486/486 498/498/498 497/497/497
f 497/497/497 485/485/485 486/486/486
f 487/487/487 499/499/499 510/510/510
f 510/510/510 498/498/498 487/487/487
f 488/488/488 500/500/500 499/499/499
f 499/499/499 487/487/487 488/488/488
f 489/489/489 501/501/501 500/500/500
f 500/500/500 488/488/488 489/489/489
f 490/490/490 502/502/502 501/501/501
f 501/501/501 489/489/489 490/490/490
f 491/491/491 503/503/503 502/502/502
f 502/502/502 490/490/490 491/491/491
f 492/492/492 504/504/504 503/503/503
f 503/503/503 491/491/491 492/492/492
f 493/493/493 505/505/505 504/504/504
f 504/504/504 492/492/492 493/493/493
f 494/494/494 506/506/506 505/505/505
f 505/505/505 493/493/493 494/494/494
f 495/495/495 507/507/507 506/506/506
f 506/506/506 494/494/494 495/495/495
f 496/496/496 508/508/508 507/507/507
f 507/507/507 495/495/495 496/496/496
f 497/497/497 509/509/509 508/508/508
f 508/508/508 496/496/496 497/497/497
f 498/498/498 510/510/510 509/509/509
f 509/509/509 497/497/497 498/498/498
f 499/499/499 511/511/511 522/522/522
f 522/522/522 510/510/510 499/499/499
f 500/500/500 512/512/512 511/511/511
f 511/511/511 499/499/499 500/500/500
f 501/501/501 513/513/513 512/512/512
f 512/512/512 500/500/500 501/501/501
f 502/502/502 514/514/514 513/513/513
f 513/513/513 501/501/501 502/502/502
f 503/503/503 515/515/515 514/514/514
f 514/514/514 502/502/502 503/503/503
f 504/504/504 516/516/516 515/515/515
f 515/515/515 503/503/503 504/504/504
f 505/505/505 517/517/517 516/516/516
f 516/516/516 504/504/504 505/505/505
f 506/506/506 518/518/518 517/517/517
f 517/517/517 505/505/505 506/506/506
f 507/507/507 519/519/519 518/518/518
f 518/518/518 506/506/506 507/507/507
f 508/508/508 520/520/520 519/519/519
f 519/519/519 507/507/507 508/508/508
f 509/509/509 521/521/521 520/520/520
f 520/520/520 508/508/508 509/509/509
f 510/510/510 522/522/522 521/521/521
f 521/521/521 509/509/509 510/510/510
f 511/511/511 523/523/523 534/534/534
f 534/534/534 522/522/522 511/511/511
f 512/512/512 524/524/524 523/523/523
f 523/523/523 511/511/511 512/512/512
f 513/513/513 525/525/525 524/524/524
f 524/524/524 512/512/512 513/513/513
f 514/514/514 526/526/526 525/525/525
f 525/525/525 513/513/513 514/514/514
f 515/515/515 527/527/527 526/526/526
f 526/526/526 514/514/514 515/515/515
f 516/516/516 528/528/528 527/527/527
f 527/527/527 515/515/515 516/516/516
f 517/517/517 529/529/529 528/528/528
f 528/528/528 516/516/516 517/517/517
f 518/518/518 530/530/530 529/529/529
f 529/529/529 517/517/517 518/518/518
f 519/519/519 531/531/531 530/530/530
f 530/530/530 518/518/518 519/519/519
f 520/520/520 532/532/532 531/531/531
f 531/531/531 519/519/519 520/520/520
f 521/521/521 533/533/533 532/532/532
f 532/532/532 520/520/520 521/521/521
f 522/522/522 534/534/534 533/533/533
f 533/533/533 521/521/521 522/522/522
f 523/523/523 535/535/535 546/546/546
f 546/546/546 534/534/534 523/523/523
f 524/524/524 536/536/536 535/535/535
f 535/535/535 523/523/523 524/524/524
f 525/525/525 537/537/537 536/536/536
f 536/536/536 524/524/524 525/525/525
f 526/526/526 538/538/538 537/537/537
f 537/537/537 525/525/525 526/526/526
f 527/527/527 539/539/539 538/538/538
f 538/538/538 526/526/526 527/527/527
f 528/528/528 540/540/540 539/539/539
f 539/539/539 527/527/527 528/528/528
f 529/529/529 541/541/541 540/540/540
f 540/540/540 528/528/528 529/529/529
f 530/530/530 542/542/542 541/541/541
f 541/541/541 529/529/529 530/530/530
f 531/531/531 543/543/543 542/542/542
f 542/542/542 530/530/530 531/531/531
f 532/532/532 544/544/544 543/543/543
f 543/543/543 531/531/531 532/532/532
f 533/533/533 545/545/545 544/544/544
f 544/544/544 532/532/532 533/533/533
f 534/534/534 546/546/546 545/545/545
f 545/545/545 533/533/533 534/534/534
f 535/535/535 547/547/547 558/558/558
f 558/558/558 546/546/546 535/535/535
f 536/536/536 548/548/548 547/547/547
f 547/547/547 535/535/535 536/536/536
f 537/537/537 549/549/549 548/548/548
f 548/548/548 536/536/536 537/537/537
f 538/538/538 550/550/550 549/549/549
f 549/549/549 537/537/537 538/538/538
f 539/539/539 551/551/551 550/550/550
f 550/550/550 538/538/538 539/539/539
f 540/540/540 552/552/552 551/551/551
f 551/551/551 539/539/539 540/540/540
f 541/541/541 553/553/553 552/552/552
f 552/552/552 540/540/540 541/541/541
f 542/542/542 554/554/554 553/553/553
f 553/553/553 541/541/541 542/542/542
f 543/543/543 555/555/555 554/554/554
f 554/554/554 542/542/542 543/543/543
f 544/544/544 556/556/556 555/555/555
f 555/555/555 543/543/543 544/544/544
f 545/545/545 557/557/557 556/556/556
f 556/556/556 544/544/544 545/545/545
f 546/546/546 558/558/558 557/557/557
f 557/557/557 545/545/545 546/546/546
f 547/547/547 559/559/559 570/570/570
f 570/570/570 558/558/558 547/547/547
f 548/548/548 560/560/560 559/559/559
f 559/559/559 547/547/547 548/548/548
f 549/549/549 561/561/561 560/560/560
f 560/560/560 548/548/548 549/549/549
f 550/550/550 562/562/562 561/561/561
f 561/561/561 549/549/549 550/550/550
f 551/551/551 563/563/563 562/562/562
f 562/562/562 550/550/550 551/551/551
f 552/552/552 564/564/564 563/563/563
f 563/563/563 551/551/551 552/552/552
f 553/553/553 565/565/565 564/564/564
f 564/564/564 552/552/552 553/553/553
f 554/554/554 566/566/566 565/565/565
f 565/565/565 553/553/553 554/554/554
f 555/555/555 567/567/567 566/566/566
f 566/566/566 554/554/554 555/555/555
f 556/556/556 568/568/568 567/567/567
f 567/567/567 555/555/555 556/556/556
f 557/557/557 569/569/569 568/568/568
f 568/568/568 556/556/556 557/557/557
f 558/558/558 570/570/570 569/569/569
f 569/569/569 557/557/557 558/558/558
f 559/559/559 571/571/571 582/582/582
f 582/582/582 570/570/570 559/559/559
f 560/560/560 572/572/572 571/571/571
f 571/571/571 559/559/559 560/560/560
f 561/561/561 573/573/573 572/572/572
f 572/572/572 560/560/560 561/561/561
f 562/562/562 574/574/574 573/573/573
f 573/573/573 561/561/561 562/562/562
f 563/563/563 575/575/575 574/574/574
f 574/574/574 562/562/562 563/563/563
f 564/564/564 576/576/576 575/575/575
f 575/575/575 563/563/563 564/564/564
f 565/565/565 577/577/577 576/576/576
f 576/576/576 564/564/564 565/565/565
f 566/566/566 578/578/578 577/577/577
f 577/577/577 565/565/565 566/566/566
f 567/567/567 579/579/579 578/578/578
f 578/578/578 566/566/566 567/567/567
f 568/568/568 580/580/580 579/579/579
f 579/579/579 567/567/567 568/568/568
f 569/569/569 581/581/581 580/580/580
f 580/580/580 568/568/568 569/569/569
f 570/570/570 582/582/582 581/581/581
f 581/581/581 569/569/569 570/570/570
f 571/571/571 583/583/583 594/594/594
f 594/594/594 582/582/582 571/571/571
f 572/572/572 584/584/584 583/583/583
f 583/583/583 571/571/571 572/572/572
f 573/573/573 585/585/585 584/584/584
f 584/584/584 572/572/572 573/573/573
f 574/574/574 586/586/586 585/585/585
f 585/585/585 573/573/573 574/574/574
f 575/575/575 587/587/587 586/586/586
f 586/586/586 574/574/574 575/575/575
f 576/576/576 588/588/588 587/587/587
f 587/587/587 575/575/575 576/576/576
f 577/577/577 589/589/589 588/588/588
f 588/588/588 576/576/576 577/577/577
f 578/578/578 590/590/590 589/589/589
f 589/589/589 577/577/577 578/578/578
f 579/579/579 591/591/591 590/590/590
f 590/590/590 578/578/578 579/579/579
f 580/580/580 592/592/592 591/591/591
f 591/591/591 579/579/579 580/580/580
f 581/581/581 593/593/593 592/592/592
f 592/592/592 580/580/580 581/581/581
f 582/582/582 594/594/594 593/593/593
f 593/593/593 581/581/581 582/582/582
f 583/583/583 595/595/595 606/606/606
f 606/606/606 594/594/594 583/583/583
f 584/584/584 596/596/596 595/595/595
f 595/595/595 583/583/583 584/584/584
f 585/585/585 597/597/597 596/596/596
f 596/596/596 584/584/584 585/585/585
f 586/586/586 598/598/598 597/597/597
f 597/597/597 585/585/585 586/586/586
f 587/587/587 599/599/599 598/598/598
f 598/598/598 586/586/586 587/587/587
f 588/588/588 600/600/600 599/599/599
f 599/599/599 587/587/587 588/588/588
f 589/589/589 601/601/601 600/600/600
f 600/600/600 588/588/588 589/589/589
f 590/590/590 602/602/602 601/601/601
f 601/601/601 589/589/589 590/590/590
f 591/591/591 603/603/603 602/602/602
f 602/602/602 590/590/590 591/591/591
f 592/592/592 604/604/604 603/603/603
f 603/603/603 591/591/591 592/592/592
f 593/593/593 605/605/605 604/604/604
f 604/604/604 592/592/592 593/593/593
f 594/594/594 606/606/606 605/605/605
f 605/605/605 593/593/593 594/594/594
f 595/595/595 607/607/607 618/618/618
f 618/618/618 606/606/606 595/595/595
f 596/596/596 608/608/608 607/607/607
f 607/607/607 595/595/595 596/596/596
f 597/597/597 609/609/609 608/608/608
f 608/608/608 596/596/596 597/597/597
f 598/598/598 610/610/610 609/609/609
f 609/609/609 597/597/597 598/598/598
f 599/599/599 611/611/611 610/610/610
f 610/610/610 598/598/598 599/599/599
f 600/600/600 612/612/612 611/611/611
f 611/611/611 599/599/599 600/600/600
f 601/601/601 613/613/613 612/612/612
f 612/612/612 600/600/600 601/601/601
f 602/602/602 614/614/614 613/613/613
f 613/613/613 601/601/601 602/602/602
f 603/603/603 615/615/615 614/614/614
f 614/614/614 602/602/602 603/603/603
f 604/604/604 616/616/616 615/615/615
f 615/615/615 603/603/603 604/604/604
f 605/605/605 617/617/617 616/616/616
f 616/616/616 604/604/604 605/605/605
f 606/606/606 618/618/618 617/617/617
f 617/617/617 605/605/605 606/606/606
f 607/607/607 619/619/619 630/630/630
f 630/630/630 618/618/618 607/607/607
f 608/608/608 620/620/620 619/619/619
f 619/619/619 607/607/607 608/608/608
f 609/609/609 621/621/621 620/620/620
f 620/620/620 608/608/608 609/609/609
f 610/610/610 622/622/622 621/621/621
f 621/621/621 609/609/609 610/610/610
f 611/611/611 623/623/623 622/622/622
f 622/622/622 610/610/610 611/611/611
f 612/612/612 624/624/624 623/623/623
f 623/623/623 611/611/611 612/612/612
f 613/613/613 625/625/625 624/624/624
f 624/624/624 612/612/612 613/613/613
f 614/614/614 626/626/626 625/625/625
f 625/625/625 613/613/613 614/614/614
f 615/615/615 627/627/627 626/626/626
f 626/626/626 614/614/614 615/615/615
f 616/616/616 628/628/628 627/627/627
f 627/627/627 615/615/615 616/616/616
f 617/617/617 629/629/629 628/628/628
f 628/628/628 616/616/616 617/617/617
f 618/618/618 630/630/630 629/629/629
f 629/629/629 617/617/617 618/618/618
f 619/619/619 631/631/631 642/642/642
f 642/642/642 630/630/630 619/619/619
f 620/620/620 632/632/632 631/631/631
f 631/631/631 619/619/619 620/620/620
f 621/621/621 633/633/633 632/632/632
f 632/632/632 620/620/620 621/621/621
f 622/622/622 634/634/634 633/633/633
f 633/633/633 621/621/621 622/622/622
f 623/623/623 635/635/635 634/634/634
f 634/634/634 622/622/622 623/623/623
f 624/624/624 636/636/636 635/635/635
f 635/635/635 623/623/623 624/624/624
f 625/625/625 637/637/637 636/636/636
f 636/636/636 624/624/624 625/625/625
f 626/626/626 638/638/638 637/637/637
f 637/637/637 625/625/625 626/626/626
f 627/627/627 639/639/639 638/638/638
f 638/638/638 626/626/626 627/627/627
f 628/628/628 640/640/640 639/639/639
f 639/639/639 627/627/627 628/628/628
f 629/629/629 641/641/641 640/640/640
f 640/640/640 628/628/628 629/629/629
f 630/630/630 642/642/642 641/641/641
f 641/641/641 629/629/629 630/630/630
f 631/631/631 643/643/643 654/654/654
f 654/654/654 642/642/642 631/631/631
f 632/632/632 644/644/644 643/643/643
f 643/643/643 631/631/631 632/632/632
f 633/633/633 645/645/645 644/644/644
f 644/644/644 632/632/632 633/633/633
f 634/634/634 646/646/646 645/645/645
f 645/645/645 633/633/633 634/634/634
f 635/635/635 647/647/647 646/646/646
f 646/646/646 634/634/634 635/635/635
f 636/636/636 648/648/648 647/647/647
f 647/647/647 635/635/635 636/636/636
f 637/637/637 649/649/649 648/648/648
f 648/648/648 636/636/636 637/637/637
f 638/638/638 650/650/650 649/649/649
f 649/649/649 637/637/637 638/638/638
f 639/639/639 651/651/651 650/650/650
f 650/650/650 638/638/638 639/639/639
f 640/640/640 652/652/652 651/651/651
f 651/651/651 639/639/639 640/640/640
f 641/641/641 653/653/653 652/652/652
f 652/652/652 640/640/640 641/641/641
f 642/642/642 654/654/654 653/653/653
f 653/653/653 641/641/641 642/642/642
f 643/643/643 655/655/655 666/666/666
f 666/666/666 654/654/654 643/643/643
f 644/644/644 656/656/656 655/655/655
f 655/655/655 643/643/643 644/644/644
f 645/645/645 657/657/657 656/656/656
f 656/656/656 644/644/644 645/645/645
f 646/646/646 658/658/658 657/657/657
f 657/657/657 645/645/645 646/646/646
f 647/647/647 659/659/659 658/658/658
f 658/658/658 646/646/646 647/647/647
f 648/648/648 660/660/660 659/659/659
f 659/659/659 647/647/647 648/648/648
f 649/649/649 661/661/661 660/660/660
f 660/660/660 648/648/648 649/649/649
f 650/650/650 662/662/662 661/661/661
f 661/661/661 649/649/649 650/650/650
f 651/651/651 663/663/663 662/662/662
f 662/662/662 650/650/650 651/651/651
f 652/652/652 664/664/664 663/663/663
f 663/663/663 651/651/651 652/652/652
f 653/653/653 665/665/665 664/664/664
f 664/664/664 652/652/652 653/653/653
f 654/654/654 666/666/666 665/665/665
f 665/665/665 653/653/653 654/654/654
f 655/655/655 667/667/667 678/678/678
f 678/678/678 666/666/666 655/655/655
f 656/656/656 668/668/668 667/667/667
f 667/667/667 655/655/655 656/656/656
f 657/657/657 669/669/669 668/668/668
f 668/668/668 656/656/656 657/657/657
f 658/658/658 670/670/670 669/669/669
f 669/669/669 657/657/657 658/658/658
f 659/659/659 671/671/671 670/670/670
f 670/670/670 658/658/658 659/659/659
f 660/660/660 672/672/672 671/671/671
f 671/671/671 659/659/659 660/660/660
f 661/661/661 673/673/673 672/672/672
f 672/672/672 660/660/660 661/661/661
f 662/662/662 674/674/674 673/673/673
f 673/673/673 661/661/661 662/662/662
f 663/663/663 675/675/675 674/674/674
f 674/674/674 662/662/662 663/663/663
f 664/664/664 676/676/676 675/675/675
f 675/675/675 663/663/663 664/664/664
f 665/665/665 677/677/677 676/676/676
f 676/676/676 664/664/664 665/665/665
f 666/666/666 678/678/678 677/677/677
f 677/677/677 665/665/665 666/666/666
f 667/667/667 679/679/679 690/690/690
f 690/690/690 678/678/678 667/667/667
f 668/668/668 680/680/680 679/679/679
f 679/679/679 667/667/667 668/668/668
f 669/669/669 681/681/681 680/680/680
f 680/680/680 668/668/668 669/669/669
f 670/670/670 682/682/682 681/681/681
f 681/681/681 669/669/669 670/670/670
f 671/671/671 683/683/683 682/682/682
f 682/682/682 670/670/670 671/671/671
f 672/672/672 684/684/684 683/683/683
f 683/683/683 671/671/671 672/672/672
f 673/673/673 685/685/685 684/684/684
f 684/684/684 672/672/672 673/673/673
f 674/674/674 686/686/686 685/685/685
f 685/685/685 673/673/673 674/674/674
f 675/675/675 687/687/687 686/686/686
f 686/686/686 674/674/674 675/675/675
f 676/676/676 688/688/688 687/687/687
f 687/687/687 675/675/675 676/676/676
f 677/677/677 689/689/689 688/688/688
f 688/688/688 676/676/676 677/677/677
f 678/678/678 690/690/690 689/689/689
f 689/689/689 677/677/677 678/678/678
f 679/679/679 691/691/691 702/702/702
f 702/702/702 690/690/690 679/679/679
f 680/680/680 692/692/692 691/691/691
f 691/691/691 679/679/679 680/680/680
f 681/681/681 693/693/693 692/692/692
f 692/692/692 680/680/680 681/681/681
f 682/682/682 694/694/694 693/693/693
f 693/693/693 681/681/681 682/682/682
f 683/683/683 695/695/695 694/694/694
f 694/694/694 682/682/682 683/683/683
f 684/684/684 696/696/696 695/695/695
f 695/695/695 683/683/683 684/684/684
f 685/685/685 697/697/697 696/696/696
f 696/696/696 684/684/684 685/685/685
f 686/686/686 698/698/698 697/697/697
f 697/697/697 685/685/685 686/686/686
f 687/687/687 699/699/699 698/698/698
f 698/698/698 686/686/686 687/687/687
f 688/688/688 700/700/700 699/699/699
f 699/699/699 687/687/687 688/688/688
f 689/689/689 701/701/701 700/700/700
f 700/700/700 688/688/688 689/689/689
f 690/690/690 702/702/702 701/701/701
f 701/701/701 689/689/689 690/690/690
f 691/691/691 703/703/703 714/714/714
f 714/714/714 702/702/702 691/691/691
f 692/692/692 704/704/704 703/703/703
f 703/703/703 691/691/691 692/692/692
f 693/693/693 705/705/705 704/704/704
f 704/704/704 692/692/692 693/693/693
f 694/694/694 706/706/706 705/705/705
f 705/705/705 693/693/693 694/694/694
f 695/695/695 707/707/707 706/706/706
f 706/706/706 694/694/694 695/695/695
f 696/696/696 708/708/708 707/707/707
f 707/707/707 695/695/695 696/696/696
f 697/697/697 709/709/709 708/708/708
f 708/708/708 696/696/696 697/697/697
f 698/698/698 710/710/710 709/709/709
f 709/709/709 697/697/697 698/698/698
f 699/699/699 711/711/711 710/710/710
f 710/710/710 698/698/698 699/699/699
f 700/700/700 712/712/712 711/711/711
f 711/711/711 699/699/699 700/700/700
f 701/701/701 713/713/713 712/712/712
f 712/712/712 700/700/700 701/701/701
f 702/702/702 714/714/714 713/713/713
f 713/713/713 701/701/701 702/702/702
f 703/703/703 715/715/715 726/726/726
f 726/726/726 714/714/714 703/703/703
f 704/704/704 716/716/716 715/715/715
f 715/715/715 703/703/703 704/704/704
f 705/705/705 717/717/717 716/716/716
f 716/716/716 704/704/704 705/705/705
f 706/706/706 718/718/718 717/717/717
f 717/717/717 705/705/705 706/706/706
f 707/707/707 719/719/719 718/718/718
f 718/718/718 706/706/706 707/707/707
f 708/708/708 720/720/720 719/719/719
f 719/719/719 707/707/707 708/708/708
f 709/709/709 721/721/721 720/720/720
f 720/720/720 708/708/708 709/709/709
f 710/710/710 722/722/722 721/721/721
f 721/721/721 709/709/709 710/710/710
f 711/711/711 723/723/723 722/722/722
f 722/722/722 710/710/710 711/711/711
f 712/712/712 724/724/724 723/723/723
f 723/723/723 711/711/711 712/712/712
f 713/713/713 725/725/725 724/724/724
f 724/724/724 712/712/712 713/713/713
f 714/714/714 726/726/726 725/725/725
f 725/725/725 713/713/713 714/714/714
f 715/715/715 727/727/727 738/738/738
f 738/738/738 726/726/726 715/715/715
f 716/716/716 728/728/728 727/727/727
f 727/727/727 715/715/715 716/716/716
f 717/717/717 729/729/729 728/728/728
f 728/728/728 716/716/716 717/717/717
f 718/718/718 730/730/730 729/729/729
f 729/729/729 717/717/717 718/718/718
f 719/719/719 731/731/731 730/730/730
f 730/730/730 718/718/718 719/719/719
f 720/720/720 732/732/732 731/731/731
f 731/731/731 719/719/719 720/720/720
f 721/721/721 733/733/733 732/732/732
f 732/732/732 720/720/720 721/721/721
f 722/722/722 734/734/734 733/733/733
f 733/733/733 721/721/721 722/722/722
f 723/723/723 735/735/735 734/734/734
f 734/734/734 722/722/722 723/723/723
f 724/724/724 736/736/736 735/735/735
f 735/735/735 723/723/723 724/724/724
f 725/725/725 737/737/737 736/736/736
f 736/736/736 724/724/724 725/725/725
f 726/726/726 738/738/738 737/737/737
f 737/737/737 725/725/725 726/726/726
f 727/727/727 739/739/739 750/750/750
f 750/750/750 738/738/738 727/727/727
f 728/728/728 740/740/740 739/739/739
f 739/739/739 727/727/727 728/728/728
f 729/729/729 741/741/741 740/740/740
f 740/740/740 728/728/728 729/729/729
f 730/730/730 742/742/742 741/741/741
f 741/741/741 729/729/729 730/730/730
f 731/731/731 743/743/743 742/742/742
f 742/742/742 730/730/730 731/731/731
f 732/732/732 744/744/744 743/743/743
f 743/743/743 731/731/731 732/732/732
f 733/733/733 745/745/745 744/744/744
f 744/744/744 732/732/732 733/733/733
f 734/734/734 746/746/746 745/745/745
f 745/745/745 733/733/733 734/734/734
f 735/735/735 747/747/747 746/746/746
f 746/746/746 734/734/734 735/735/735
f 736/736/736 748/748/748 747/747/747
f 747/747/747 735/735/735 736/736/736
f 737/737/737 749/749/749 748/748/748
f 748/748/748 736/736/736 737/737/737
f 738/738/738 750/750/750 749/749/749
f 749/749/749 737/737/737 738/738/738
f 739/739/739 751/751/751 762/762/762
f 762/762/762 750/750/750 739/739/739
f 740/740/740 752/752/752 751/751/751
f 751/751/751 739/739/739 740/740/740
f 741/741/741 753/753/753 752/752/752
f 752/752/752 740/740/740 741/741/741
f 742/742/742 754/754/754 753/753/753
f 753/753/753 741/741/741 742/742/742
f 743/743/743 755/755/755 754/754/754
f 754/754/754 742/742/742 743/743/743
f 744/744/744 756/756/756 755/755/755
f 755/755/755 743/743/743 744/744/744
f 745/745/745 757/757/757 756/756/756
f 756/756/756 744/744/744 745/745/745
f 746/746/746 758/758/758 757/757/757
f 757/757/757 745/745/745 746/746/746
f 747/747/747 759/759/759 758/758/758
f 758/758/758 746/746/746 747/747/747
f 748/748/748 760/760/760 759/759/759
f 759/759/759 747/747/747 748/748/748
f 749/749/749 761/761/761 760/760/760
f 760/760/760 748/748/748 749/749/749
f 750/750/750 762/762/762 761/761/761
f 761/761/761 749/749/749 750/750/750
f 751/751/751 763/763/763 774/774/774
f 774/774/774 762/762/762 751/751/751
f 752/752/752 764/764/764 763/763/763
f 763/763/763 751/751/751 752/752/752
f 753/753/753 765/765/765 764/764/764
f 764/764/764 752/752/752 753/753/753
f 754/754/754 766/766/766 765/765/765
f 765/765/765 753/753/753 754/754/754
f 755/755/755 767/767/767 766/766/766
f 766/766/766 754/754/754 755/755/755
f 756/756/756 768/768/768 767/767/767
f 767/767/767 755/755/755 756/756/756
f 757/757/757 769/769/769 768/768/768
f 768/768/768 756/756/756 757/757/757
f 758/758/758 770/770/770 769/769/769
f 769/769/769 757/757/757 758/758/758
f 759/759/759 771/771/771 770/770/770
f 770/770/770 758/758/758 759/759/759
f 760/760/760 772/772/772 771/771/771
f 771/771/771 759/759/759 760/760/760
f 761/761/761 773/773/773 772/772/772
f 772/772/772 760/760/760 761/761/761
f 762/762/762 774/774/774 773/773/773
f 773/773/773 761/761/761 762/762/762
f 763/763/763 775/775/775 786/786/786
f 786/786/786 774/774/774 763/763/763
f 764/764/764 776/776/776 775/775/775
f 775/775/775 763/763/763 764/764/764
f 765/765/765 777/777/777 776/776/776
f 776/776/776 764/764/764 765/765/765
f 766/766/766 778/778/778 777/777/777
f 777/777/777 765/765/765 766/766/766
f 767/767/767 779/779/779 778/778/778
f 778/778/778 766/766/766 767/767/767
f 768/768/768 780/780/780 779/779/779
f 779/779/779 767/767/767 768/768/768
f 769/769/769 781/781/781 780/780/780
f 780/780/780 768/768/768 769/769/769
f 770/770/770 782/782/782 781/781/781
f 781/781/781 769/769/769 770/770/770
f 771/771/771 783/783/783 782/782/782
f 782/782/782 770/770/770 771/771/771
f 772/772/772 784/784/784 783/783/783
f 783/783/783 771/771/771 772/772/772
f 773/773/773 785/785/785 784/784/784
f 784/784/784 772/772/772 773/773/773
f 774/774/774 786/786/786 785/785/785
f 785/785/785 773/773/773 774/774/774
f 775/775/775 787/787/787 798/798/798
f 798/798/798 786/786/786 775/775/775
f 776/776/776 788/788/788 787/787/787
f 787/787/787 775/775/775 776/776/776
f 777/777/777 789/789/789 788/788/788
f 788/788/788 776/776/776 777/777/777
f 778/778/778 790/790/790 789/789/789
f 789/789/789 777/777/777 778/778/778
f 779/779/779 791/791/791 790/790/790
f 790/790/790 778/778/778 779/779/779
f 780/780/780 792/792/792 791/791/791
f 791/791/791 779/779/779 780/780/780
f 781/781/781 793/793/793 792/792/792
f 792/792/792 780/780/780 781/781/781
f 782/782/782 794/794/794 793/793/793
f 793/793/793 781/781/781 782/782/782
f 783/783/783 795/795/795 794/794/794
f 794/794/794 782/782/782 783/783/783
f 784/784/784 796/796/796 795/795/795
f 795/795/795 783/783/783 784/784/784
f 785/785/785 797/797/797 796/796/796
f 796/796/796 784/784/784 785/785/785
f 786/786/786 798/798/798 797/797/797
f 797/797/797 785/785/785 786/786/786
f 787/787/787 799/799/799 810/810/810
f 810/810/810 798/798/798 787/787/787
f 788/788/788 800/800/800 799/799/799
f 799/799/799 787/787/787 788/788/788
f 789/789/789 801/801/801 800/800/800
f 800/800/800 788/788/788 789/789/789
f 790/790/790 802/802/802 801/801/801
f 801/801/801 789/789/789 790/790/790
f 791/791/791 803/803/803 802/802/802
f 802/802/802 790/790/790 791/791/791
f 792/792/792 804/804/804 803/803/803
f 803/803/803 791/791/791 792/792/792
f 793/793/793 805/805/805 804/804/804
f 804/804/804 792/792/792 793/793/793
f 794/794/794 806/806/806 805/805/805
f 805/805/805 793/793/793 794/794/794
f 795/795/795 807/807/807 806/806/806
f 806/806/806 794/794/794 795/795/795
f 796/796/796 808/808/808 807/807/807
f 807/807/807 795/795/795 796/796/796
f 797/797/797 809/809/809 808/808/808
f 808/808/808 796/796/796 797/797/797
f 798/798/798 810/810/810 809/809/809
f 809/809/809 797/797/797 798/798/798
f 799/799/799 811/811/811 822/822/822
f 822/822/822 810/810/810 799/799/799
f 800/800/800 812/812/812 811/811/811
f 811/811/811 799/799/799 800/800/800
f 801/801/801 813/813/813 812/812/812
f 812/812/812 800/800/800 801/801/801
f 802/802/802 814/814/814 813/813/813
f 813/813/813 801/801/801 802/802/802
f 803/803/803 815/815/815 814/814/814
f 814/814/814 802/802/802 803/803/803
f 804/804/804 816/816/816 815/815/815
f 815/815/815 803/803/803 804/804/804
f 805/805/805 817/817/817 816/816/816
f 816/816/816 804/804/804 805/805/805
f 806/806/806 818/818/818 817/817/817
f 817/817/817 805/805/805 806/806/806
f 807/807/807 819/819/819 818/818/818
f 818/818/818 806/806/806 807/807/807
f 808/808/808 820/820/820 819/819/819
f 819/819/819 807/807/807 808/808/808
f 809/809/809 821/821/821 820/820/820
f 820/820/820 808/808/808 809/809/809
f 810/810/810 822/822/822 821/821/821
f 821/821/821 809/809/809 810/810/810
f 811/811/811 823/823/823 834/834/834
f 834/834/834 822/822/822 811/811/811
f 812/812/812 824/824/824 823/823/823
f 823/823/823 811/811/811 812/812/812
f 813/813/813 825/825/825 824/824/824
f 824/824/824 812/812/812 813/813/813
f 814/814/814 826/826/826 825/825/825
f 825/825/825 813/813/813 814/814/814
f 815/815/815 827/827/827 826/826/826
f 826/826/826 814/814/814 815/815/815
f 816/816/816 828/828/828 827/827/827
f 827/827/827 815/815/815 816/816/816
f 817/817/817 829/829/829 828/828/828
f 828/828/828 816/816/816 817/817/817
f 818/818/818 830/830/830 829/829/829
f 829/829/829 817/817/817 818/818/818
f 819/819/819 831/831/831 830/830/830
f 830/830/830 818/818/818 819/819/819
f 820/820/820 832/832/832 831/831/831
f 831/831/831 819/819/819 820/820/820
f 821/821/821 833/833/833 832/832/832
f 832/832/832 820/820/820 821/821/821
f 822/822/822 834/834/834 833/833/833
f 833/833/833 821/821/821 822/822/822
f 823/823/823 835/835/835 846/846/846
f 846/846/846 834/834/834 823/823/823
f 824/824/824 836/836/836 835/835/835
f 835/835/835 823/823/823 824/824/824
f 825/825/825 837/837/837 836/836/836
f 836/836/836 824/824/824 825/825/825
f 826/826/826 838/838/838 837/837/837
f 837/837/837 825/825/825 826/826/826
f 827/827/827 839/839/839 838/838/838
f 838/838/838 826/826/826 827/827/827
f 828/828/828 840/840/840 839/839/839
f 839/839/839 827/827/827 828/828/828
f 829/829/829 841/841/841 840/840/840
f 840/840/840 828/828/828 829/829/829
f 830/830/830 842/842/842 841/841/841
f 841/841/841 829/829/829 830/830/830
f 831/831/831 843/843/843 842/842/842
f 842/842/842 830/830/830 831/831/831
f 832/832/832 844/844/844 843/843/843
f 843/843/843 831/831/831 832/832/832
f 833/833/833 845/845/845 844/844/844
f 844/844/844 832/832/832 833/833/833
f 834/834/834 846/846/846 845/845/845
f 845/845/845 833/833/833 834/834/834
f 835/835/835 847/847/847 858/858/858
f 858/858/858 846/846/846 835/835/835
f 836/836/836 848/848/848 847/847/847
f 847/847/847 835/835/835 836/836/836
f 837/837/837 849/849/849 848/848/848
f 848/848/848 836/836/836 837/837/837
f 838/838/838 850/850/850 849/849/849
f 849/849/849 837/837/837 838/838/838
f 839/839/839 851/851/851 850/850/850
f 850/850/850 838/838/838 839/839/839
f 840/840/840 852/852/852 851/851/851
f 851/851/851 839/839/839 840/840/840
f 841/841/841 853/853/853 852/852/852
f 852/852/852 840/840/840 841/841/841
f 842/842/842 854/854/854 853/853/853
f 853/853/853 841/841/841 842/842/842
f 843/843/843 855/855/855 854/854/854
f 854/854/854 842/842/842 843/843/843
f 844/844/844 856/856/856 855/855/855
f 855/855/855 843/843/843 844/844/844
f 845/845/845 857/857/857 856/856/856
f 856/856/856 844/844/844 845/845/845
f 846/846/846 858/858/858 857/857/857
f 857/857/857 845/845/845 846/846/846
f 847/847/847 2191/2191/2191 878/878/878
f 878/878/878 858/858/858 847/847/847
f 848/848/848 860/860/860 2191/2191/2191
f 2191/2191/2191 847/847/847 848/848/848
f 849/849/849 2194/2194/2194 860/860/860
f 860/860/860 848/848/848 849/849/849
f 850/850/850 862/862/862 2194/2194/2194
f 2194/2194/2194 849/849/849 850/850/850
f 851/851/851 865/865/865 862/862/862
f 862/862/862 850/850/850 851/851/851
f 852/852/852 867/867/867 865/865/865
f 865/865/865 851/851/851 852/852/852
f 853/853/853 868/868/868 867/867/867
f 867/867/867 852/852/852 853/853/853
f 854/854/854 871/871/871 868/868/868
f 868/868/868 853/853/853 854/854/854
f 855/855/855 2260/2260/2260 871/871/871
f 871/871/871 854/854/854 855/855/855
f 856/856/856 873/873/873 2260/2260/2260
f 2260/2260/2260 855/855/855 856/856/856
f 857/857/857 876/876/876 873/873/873
f 873/873/873 856/856/856 857/857/857
f 858/858/858 878/878/878 876/876/876
f 876/876/876 857/857/857 858/858/858
f 2210/2210/2210 1349/1349/1349 1355/1355/1355
f 1355/1355/1355 2211/2211/2211 2210/2210/2210
f 944/944/944 956/956/956 962/962/962
f 944/944/944 962/962/962 968/968/968
f 944/944/944 968/968/968 974/974/974
f 944/944/944 974/974/974 980/980/980
f 944/944/944 980/980/980 988/988/988
f 944/944/944 988/988/988 995/995/995
f 944/944/944 995/995/995 1001/1001/1001
f 944/944/944 1001/1001/1001 1007/1007/1007
f 944/944/944 1007/1007/1007 1013/1013/1013
f 944/944/944 1013/1013/1013 1019/1019/1019
f 944/944/944 1019/1019/1019 1026/1026/1026
f 944/944/944 1026/1026/1026 1033/1033/1033
f 944/944/944 1033/1033/1033 1039/1039/1039
f 944/944/944 1039/1039/1039 1045/1045/1045
f 944/944/944 1045/1045/1045 1052/1052/1052
f 944/944/944 1052/1052/1052 1058/1058/1058
f 944/944/944 1058/1058/1058 1064/1064/1064
f 944/944/944 1064/1064/1064 1070/1070/1070
f 944/944/944 1070/1070/1070 1076/1076/1076
f 944/944/944 1076/1076/1076 1082/1082/1082
f 944/944/944 1082/1082/1082 1088/1088/1088
f 944/944/944 1088/1088/1088 1095/1095/1095
f 944/944/944 1095/1095/1095 1101/1101/1101
f 944/944/944 1101/1101/1101 1107/1107/1107
f 944/944/944 1107/1107/1107 1113/1113/1113
f 944/944/944 1113/1113/1113 1119/1119/1119
f 944/944/944 1119/1119/1119 1125/1125/1125
f 944/944/944 1125/1125/1125 1131/1131/1131
f 944/944/944 1131/1131/1131 1137/1137/1137
f 944/944/944 1137/1137/1137 1143/1143/1143
f 944/944/944 1143/1143/1143 1149/1149/1149
f 944/944/944 1149/1149/1149 1155/1155/1155
f 944/944/944 1155/1155/1155 1161/1161/1161
f 944/944/944 1161/1161/1161 1167/1167/1167
f 944/944/944 1167/1167/1167 1174/1174/1174
f 944/944/944 1174/1174/1174 1180/1180/1180
f 944/944/944 1180/1180/1180 1187/1187/1187
f 944/944/944 1187/1187/1187 1193/1193/1193
f 944/944/944 1193/1193/1193 1200/1200/1200
f 944/944/944 1200/1200/1200 1206/1206/1206
f 944/944/944 1206/1206/1206 1212/1212/1212
f 944/944/944 1212/1212/1212 1218/1218/1218
f 944/944/944 1218/1218/1218 1224/1224/1224
f 944/944/944 1224/1224/1224 1230/1230/1230
f 944/944/944 1230/1230/1230 1235/1235/1235
f 944/944/944 1235/1235/1235 1241/1241/1241
f 944/944/944 1241/1241/1241 1247/1247/1247
f 944/944/944 1247/1247/1247 1253/1253/1253
f 944/944/944 1253/1253/1253 1258/1258/1258
f 944/944/944 1258/1258/1258 1264/1264/1264
f 944/944/944 1264/1264/1264 1270/1270/1270
f 944/944/944 1270/1270/1270 1276/1276/1276
f 944/944/944 1276/1276/1276 1283/1283/1283
f 944/944/944 1283/1283/1283 1289/1289/1289
f 944/944/944 1289/1289/1289 1295/1295/1295
f 944/944/944 1295/1295/1295 1301/1301/1301
f 944/944/944 1301/1301/1301 1307/1307/1307
f 944/944/944 1307/1307/1307 1313/1313/1313
f 944/944/944 1313/1313/1313 1319/1319/1319
f 944/944/944 1319/1319/1319 1325/1325/1325
f 944/944/944 1325/1325/1325 1331/1331/1331
f 944/944/944 1331/1331/1331 1337/1337/1337
f 2224/2224/2224 1432/1432/1432 1438/1438/1438
f 1438/1438/1438 2225/2225/2225 2224/2224/2224
f 872/872/872 1652/1652/1652 1658/1658/1658
f 1658/1658/1658 869/869/869 872/872/872
f 2233/2233/2233 1488/1488/1488 1498/1498/1498
f 1498/1498/1498 2235/2235/2235 2233/2233/2233
f 2269/2269/2269 1710/1710/1710 1715/1715/1715
f 1715/1715/1715 2270/2270/2270 2269/2269/2269
f 2243/2243/2243 1545/1545/1545 1552/1552/1552
f 1552/1552/1552 2244/2244/2244 2243/2243/2243
f 2216/2216/2216 1382/1382/1382 1390/1390/1390
f 1390/1390/1390 2217/2217/2217 2216/2216/2216
f 2253/2253/2253 1603/1603/1603 1609/1609/1609
f 1609/1609/1609 2254/2254/2254 2253/2253/2253
f 2225/2225/2225 1438/1438/1438 1444/1444/1444
f 1444/1444/1444 2226/2226/2226 2225/2225/2225
f 869/869/869 1658/1658/1658 1664/1664/1664
f 1664/1664/1664 2261/2261/2261 869/869/869
f 2235/2235/2235 1498/1498/1498 1503/1503/1503
f 1503/1503/1503 2236/2236/2236 2235/2235/2235
f 2270/2270/2270 1715/1715/1715 1722/1722/1722
f 1722/1722/1722 2271/2271/2271 2270/2270/2270
f 2244/2244/2244 1552/1552/1552 1557/1557/1557
f 1557/1557/1557 2245/2245/2245 2244/2244/2244
f 2217/2217/2217 1390/1390/1390 1396/1396/1396
f 1396/1396/1396 2218/2218/2218 2217/2217/2217
f 2254/2254/2254 1609/1609/1609 1615/1615/1615
f 1615/1615/1615 2255/2255/2255 2254/2254/2254
f 2226/2226/2226 1444/1444/1444 1451/1451/1451
f 1451/1451/1451 2227/2227/2227 2226/2226/2226
f 2261/2261/2261 1664/1664/1664 1669/1669/1669
f 1669/1669/1669 2262/2262/2262 2261/2261/2261
f 2236/2236/2236 1503/1503/1503 1509/1509/1509
f 1509/1509/1509 2237/2237/2237 2236/2236/2236
f 2271/2271/2271 1722/1722/1722 1727/1727/1727
f 1727/1727/1727 2272/2272/2272 2271/2271/2271
f 2245/2245/2245 1557/1557/1557 1564/1564/1564
f 1564/1564/1564 2246/2246/2246 2245/2245/2245
f 2218/2218/2218 1396/1396/1396 1402/1402/1402
f 1402/1402/1402 2219/2219/2219 2218/2218/2218
f 2255/2255/2255 1615/1615/1615 1622/1622/1622
f 1622/1622/1622 2256/2256/2256 2255/2255/2255
f 2227/2227/2227 1451/1451/1451 1456/1456/1456
f 1456/1456/1456 2228/2228/2228 2227/2227/2227
f 2262/2262/2262 1669/1669/1669 1676/1676/1676
f 1676/1676/1676 2263/2263/2263 2262/2262/2262
f 2237/2237/2237 1509/1509/1509 1515/1515/1515
f 1515/1515/1515 2238/2238/2238 2237/2237/2237
f 2272/2272/2272 1727/1727/1727 1733/1733/1733
f 1733/1733/1733 2273/2273/2273 2272/2272/2272
f 2246/2246/2246 1564/1564/1564 1570/1570/1570
f 1570/1570/1570 2247/2247/2247 2246/2246/2246
f 2219/2219/2219 1402/1402/1402 1409/1409/1409
f 1409/1409/1409 2220/2220/2220 2219/2219/2219
f 2256/2256/2256 1622/1622/1622 1628/1628/1628
f 1628/1628/1628 2257/2257/2257 2256/2256/2256
f 2228/2228/2228 1456/1456/1456 1463/1463/1463
f 1463/1463/1463 2229/2229/2229 2228/2228/2228
f 2263/2263/2263 1676/1676/1676 1681/1681/1681
f 1681/1681/1681 2264/2264/2264 2263/2263/2263
f 2238/2238/2238 1515/1515/1515 1521/1521/1521
f 1521/1521/1521 2239/2239/2239 2238/2238/2238
f 2273/2273/2273 1733/1733/1733 1740/1740/1740
f 1740/1740/1740 2209/2209/2209 2273/2273/2273
f 2209/2209/2209 1740/1740/1740 1341/1341/1341
f 1341/1341/1341 2208/2208/2208 2209/2209/2209
f 2247/2247/2247 1570/1570/1570 1575/1575/1575
f 1575/1575/1575 2248/2248/2248 2247/2247/2247
f 2220/2220/2220 1409/1409/1409 1414/1414/1414
f 1414/1414/1414 2221/2221/2221 2220/2220/2220
f 2257/2257/2257 1628/1628/1628 1633/1633/1633
f 1633/1633/1633 877/877/877 2257/2257/2257
f 2229/2229/2229 1463/1463/1463 1468/1468/1468
f 1468/1468/1468 2230/2230/2230 2229/2229/2229
f 2265/2265/2265 1684/1684/1684 1691/1691/1691
f 1691/1691/1691 2266/2266/2266 2265/2265/2265
f 2239/2239/2239 1521/1521/1521 1528/1528/1528
f 1528/1528/1528 2240/2240/2240 2239/2239/2239
f 1752/1752/1752 1746/1746/1746 880/880/880
f 880/880/880 881/881/881 1752/1752/1752
f 2211/2211/2211 1355/1355/1355 1361/1361/1361
f 1361/1361/1361 2212/2212/2212 2211/2211/2211
f 2248/2248/2248 1575/1575/1575 1584/1584/1584
f 1584/1584/1584 2249/2249/2249 2248/2248/2248
f 2221/2221/2221 1414/1414/1414 1420/1420/1420
f 1420/1420/1420 2222/2222/2222 2221/2221/2221
f 877/877/877 1633/1633/1633 1639/1639/1639
f 1639/1639/1639 874/874/874 877/877/877
f 2230/2230/2230 1468/1468/1468 1475/1475/1475
f 1475/1475/1475 2231/2231/2231 2230/2230/2230
f 2266/2266/2266 1691/1691/1691 1698/1698/1698
f 1698/1698/1698 2267/2267/2267 2266/2266/2266
f 2240/2240/2240 1528/1528/1528 1533/1533/1533
f 1533/1533/1533 2241/2241/2241 2240/2240/2240
f 1348/1348/1348 1342/1342/1342 1745/1745/1745
f 1745/1745/1745 1753/1753/1753 1348/1348/1348
f 2212/2212/2212 1361/1361/1361 1368/1368/1368
f 1368/1368/1368 2213/2213/2213 2212/2212/2212
f 2250/2250/2250 1583/1583/1583 1592/1592/1592
f 1592/1592/1592 2251/2251/2251 2250/2250/2250
f 2222/2222/2222 1420/1420/1420 1427/1427/1427
f 1427/1427/1427 2223/2223/2223 2222/2222/2222
f 874/874/874 1639/1639/1639 1645/1645/1645
f 1645/1645/1645 2258/2258/2258 874/874/874
f 2231/2231/2231 1475/1475/1475 1481/1481/1481
f 1481/1481/1481 2232/2232/2232 2231/2231/2231
f 2267/2267/2267 1698/1698/1698 1704/1704/1704
f 1704/1704/1704 2268/2268/2268 2267/2267/2267
f 2241/2241/2241 1533/1533/1533 1539/1539/1539
f 1539/1539/1539 2242/2242/2242 2241/2241/2241
f 2213/2213/2213 1368/1368/1368 1375/1375/1375
f 1375/1375/1375 2214/2214/2214 2213/2213/2213
f 2251/2251/2251 1592/1592/1592 1598/1598/1598
f 1598/1598/1598 2252/2252/2252 2251/2251/2251
f 2223/2223/2223 1427/1427/1427 1432/1432/1432
f 1432/1432/1432 2224/2224/2224 2223/2223/2223
f 2258/2258/2258 1645/1645/1645 1652/1652/1652
f 1652/1652/1652 872/872/872 2258/2258/2258
f 2232/2232/2232 1481/1481/1481 1491/1491/1491
f 1491/1491/1491 2234/2234/2234 2232/2232/2232
f 2268/2268/2268 1704/1704/1704 1710/1710/1710
f 1710/1710/1710 2269/2269/2269 2268/2268/2268
f 2242/2242/2242 1539/1539/1539 1545/1545/1545
f 1545/1545/1545 2243/2243/2243 2242/2242/2242
f 2214/2214/2214 1375/1375/1375 1380/1380/1380
f 1380/1380/1380 2215/2215/2215 2214/2214/2214
f 2252/2252/2252 1598/1598/1598 1603/1603/1603
f 1603/1603/1603 2253/2253/2253 2252/2252/2252
f 1885/1885/1885 1881/1881/1881 913/913/913
f 913/913/913 914/914/914 1885/1885/1885
f 1781/1781/1781 1777/1777/1777 887/887/887
f 887/887/887 888/888/888 1781/1781/1781
f 1993/1993/1993 1989/1989/1989 940/940/940
f 940/940/940 941/941/941 1993/1993/1993
f 1889/1889/1889 1885/1885/1885 914/914/914
f 914/914/914 915/915/915 1889/1889/1889
f 1785/1785/1785 1781/1781/1781 888/888/888
f 888/888/888 889/889/889 1785/1785/1785
f 1997/1997/1997 1993/1993/1993 941/941/941
f 941/941/941 942/942/942 1997/1997/1997
f 1893/1893/1893 1889/1889/1889 915/915/915
f 915/915/915 916/916/916 1893/1893/1893
f 1789/1789/1789 1785/1785/1785 889/889/889
f 889/889/889 890/890/890 1789/1789/1789
f 2001/2001/2001 1997/1997/1997 942/942/942
f 942/942/942 943/943/943 2001/2001/2001
f 1897/1897/1897 1893/1893/1893 916/916/916
f 916/916/916 917/917/917 1897/1897/1897
f 1793/1793/1793 1789/1789/1789 890/890/890
f 890/890/890 891/891/891 1793/1793/1793
f 1901/1901/1901 1897/1897/1897 917/917/917
f 917/917/917 918/918/918 1901/1901/1901
f 1797/1797/1797 1793/1793/1793 891/891/891
f 891/891/891 892/892/892 1797/1797/1797
f 1756/1756/1756 1752/1752/1752 881/881/881
f 881/881/881 882/882/882 1756/1756/1756
f 1905/1905/1905 1901/1901/1901 918/918/918
f 918/918/918 919/919/919 1905/1905/1905
f 1801/1801/1801 1797/1797/1797 892/892/892
f 892/892/892 893/893/893 1801/1801/1801
f 1909/1909/1909 1905/1905/1905 919/919/919
f 919/919/919 920/920/920 1909/1909/1909
f 1805/1805/1805 1801/1801/1801 893/893/893
f 893/893/893 894/894/894 1805/1805/1805
f 1913/1913/1913 1909/1909/1909 920/920/920
f 920/920/920 921/921/921 1913/1913/1913
f 1809/1809/1809 1805/1805/1805 894/894/894
f 894/894/894 895/895/895 1809/1809/1809
f 1917/1917/1917 1913/1913/1913 921/921/921
f 921/921/921 922/922/922 1917/1917/1917
f 1813/1813/1813 1809/1809/1809 895/895/895
f 895/895/895 896/896/896 1813/1813/1813
f 1921/1921/1921 1917/1917/1917 922/922/922
f 922/922/922 923/923/923 1921/1921/1921
f 1817/1817/1817 1813/1813/1813 896/896/896
f 896/896/896 897/897/897 1817/1817/1817
f 1925/1925/1925 1921/1921/1921 923/923/923
f 923/923/923 924/924/924 1925/1925/1925
f 1821/1821/1821 1817/1817/1817 897/897/897
f 897/897/897 898/898/898 1821/1821/1821
f 1929/1929/1929 1925/1925/1925 924/924/924
f 924/924/924 925/925/925 1929/1929/1929
f 1825/1825/1825 1821/1821/1821 898/898/898
f 898/898/898 899/899/899 1825/1825/1825
f 1933/1933/1933 1929/1929/1929 925/925/925
f 925/925/925 926/926/926 1933/1933/1933
f 1829/1829/1829 1825/1825/1825 899/899/899
f 899/899/899 900/900/900 1829/1829/1829
f 1937/1937/1937 1933/1933/1933 926/926/926
f 926/926/926 927/927/927 1937/1937/1937
f 1833/1833/1833 1829/1829/1829 900/900/900
f 900/900/900 901/901/901 1833/1833/1833
f 1941/1941/1941 1937/1937/1937 927/927/927
f 927/927/927 928/928/928 1941/1941/1941
f 1837/1837/1837 1833/1833/1833 901/901/901
f 901/901/901 902/902/902 1837/1837/1837
f 1945/1945/1945 1941/1941/1941 928/928/928
f 928/928/928 929/929/929 1945/1945/1945
f 1841/1841/1841 1837/1837/1837 902/902/902
f 902/902/902 903/903/903 1841/1841/1841
f 1949/1949/1949 1945/1945/1945 929/929/929
f 929/929/929 930/930/930 1949/1949/1949
f 1845/1845/1845 1841/1841/1841 903/903/903
f 903/903/903 904/904/904 1845/1845/1845
f 1953/1953/1953 1949/1949/1949 930/930/930
f 930/930/930 931/931/931 1953/1953/1953
f 1849/1849/1849 1845/1845/1845 904/904/904
f 904/904/904 905/905/905 1849/1849/1849
f 1957/1957/1957 1953/1953/1953 931/931/931
f 931/931/931 932/932/932 1957/1957/1957
f 1853/1853/1853 1849/1849/1849 905/905/905
f 905/905/905 906/906/906 1853/1853/1853
f 1961/1961/1961 1957/1957/1957 932/932/932
f 932/932/932 933/933/933 1961/1961/1961
f 1857/1857/1857 1853/1853/1853 906/906/906
f 906/906/906 907/907/907 1857/1857/1857
f 1965/1965/1965 1961/1961/1961 933/933/933
f 933/933/933 934/934/934 1965/1965/1965
f 1861/1861/1861 1857/1857/1857 907/907/907
f 907/907/907 908/908/908 1861/1861/1861
f 1747/1747/1747 2001/2001/2001 943/943/943
f 943/943/943 879/879/879 1747/1747/1747
f 1969/1969/1969 1965/1965/1965 934/934/934
f 934/934/934 935/935/935 1969/1969/1969
f 1865/1865/1865 1861/1861/1861 908/908/908
f 908/908/908 909/909/909 1865/1865/1865
f 1760/1760/1760 1756/1756/1756 882/882/882
f 882/882/882 883/883/883 1760/1760/1760
f 1973/1973/1973 1969/1969/1969 935/935/935
f 935/935/935 936/936/936 1973/1973/1973
f 1869/1869/1869 1865/1865/1865 909/909/909
f 909/909/909 910/910/910 1869/1869/1869
f 1764/1764/1764 1760/1760/1760 883/883/883
f 883/883/883 884/884/884 1764/1764/1764
f 1977/1977/1977 1973/1973/1973 936/936/936
f 936/936/936 937/937/937 1977/1977/1977
f 1873/1873/1873 1869/1869/1869 910/910/910
f 910/910/910 911/911/911 1873/1873/1873
f 1768/1768/1768 1764/1764/1764 884/884/884
f 884/884/884 885/885/885 1768/1768/1768
f 1981/1981/1981 1977/1977/1977 937/937/937
f 937/937/937 938/938/938 1981/1981/1981
f 1877/1877/1877 1873/1873/1873 911/911/911
f 911/911/911 912/912/912 1877/1877/1877
f 1773/1773/1773 1768/1768/1768 885/885/885
f 885/885/885 886/886/886 1773/1773/1773
f 1985/1985/1985 1981/1981/1981 938/938/938
f 938/938/938 939/939/939 1985/1985/1985
f 1881/1881/1881 1877/1877/1877 912/912/912
f 912/912/912 913/913/913 1881/1881/1881
f 1777/1777/1777 1773/1773/1773 886/886/886
f 886/886/886 887/887/887 1777/1777/1777
f 1989/1989/1989 1985/1985/1985 939/939/939
f 939/939/939 940/940/940 1989/1989/1989
f 1496/1496/1496 1487/1487/1487 1842/1842/1842
f 1842/1842/1842 1846/1846/1846 1496/1496/1496
f 1714/1714/1714 1708/1708/1708 1982/1982/1982
f 1982/1982/1982 1986/1986/1986 1714/1714/1714
f 1550/1550/1550 1544/1544/1544 1878/1878/1878
f 1878/1878/1878 1882/1882/1882 1550/1550/1550
f 1389/1389/1389 1379/1379/1379 1774/1774/1774
f 1774/1774/1774 1778/1778/1778 1389/1389/1389
f 1608/1608/1608 1602/1602/1602 1914/1914/1914
f 1914/1914/1914 1918/1918/1918 1608/1608/1608
f 1443/1443/1443 1437/1437/1437 1810/1810/1810
f 1810/1810/1810 1814/1814/1814 1443/1443/1443
f 1662/1662/1662 1656/1656/1656 1950/1950/1950
f 1950/1950/1950 1954/1954/1954 1662/1662/1662
f 1502/1502/1502 1496/1496/1496 1846/1846/1846
f 1846/1846/1846 1850/1850/1850 1502/1502/1502
f 1720/1720/1720 1714/1714/1714 1986/1986/1986
f 1986/1986/1986 1990/1990/1990 1720/1720/1720
f 1556/1556/1556 1550/1550/1550 1882/1882/1882
f 1882/1882/1882 1886/1886/1886 1556/1556/1556
f 1395/1395/1395 1389/1389/1389 1778/1778/1778
f 1778/1778/1778 1782/1782/1782 1395/1395/1395
f 1614/1614/1614 1608/1608/1608 1918/1918/1918
f 1918/1918/1918 1922/1922/1922 1614/1614/1614
f 1449/1449/1449 1443/1443/1443 1814/1814/1814
f 1814/1814/1814 1818/1818/1818 1449/1449/1449
f 1668/1668/1668 1662/1662/1662 1954/1954/1954
f 1954/1954/1954 1958/1958/1958 1668/1668/1668
f 1508/1508/1508 1502/1502/1502 1850/1850/1850
f 1850/1850/1850 1854/1854/1854 1508/1508/1508
f 1726/1726/1726 1720/1720/1720 1990/1990/1990
f 1990/1990/1990 1994/1994/1994 1726/1726/1726
f 1562/1562/1562 1556/1556/1556 1886/1886/1886
f 1886/1886/1886 1890/1890/1890 1562/1562/1562
f 1401/1401/1401 1395/1395/1395 1782/1782/1782
f 1782/1782/1782 1786/1786/1786 1401/1401/1401
f 1620/1620/1620 1614/1614/1614 1922/1922/1922
f 1922/1922/1922 1926/1926/1926 1620/1620/1620
f 1455/1455/1455 1449/1449/1449 1818/1818/1818
f 1818/1818/1818 1822/1822/1822 1455/1455/1455
f 1674/1674/1674 1668/1668/1668 1958/1958/1958
f 1958/1958/1958 1962/1962/1962 1674/1674/1674
f 1514/1514/1514 1508/1508/1508 1854/1854/1854
f 1854/1854/1854 1858/1858/1858 1514/1514/1514
f 1732/1732/1732 1726/1726/1726 1994/1994/1994
f 1994/1994/1994 1998/1998/1998 1732/1732/1732
f 1568/1568/1568 1562/1562/1562 1890/1890/1890
f 1890/1890/1890 1894/1894/1894 1568/1568/1568
f 1407/1407/1407 1401/1401/1401 1786/1786/1786
f 1786/1786/1786 1790/1790/1790 1407/1407/1407
f 1626/1626/1626 1620/1620/1620 1926/1926/1926
f 1926/1926/1926 1930/1930/1930 1626/1626/1626
f 1461/1461/1461 1455/1455/1455 1822/1822/1822
f 1822/1822/1822 1826/1826/1826 1461/1461/1461
f 1680/1680/1680 1674/1674/1674 1962/1962/1962
f 1962/1962/1962 1966/1966/1966 1680/1680/1680
f 1343/1343/1343 1738/1738/1738 2002/2002/2002
f 2002/2002/2002 1744/1744/1744 1343/1343/1343
f 1520/1520/1520 1514/1514/1514 1858/1858/1858
f 1858/1858/1858 1862/1862/1862 1520/1520/1520
f 1738/1738/1738 1732/1732/1732 1998/1998/1998
f 1998/1998/1998 2002/2002/2002 1738/1738/1738
f 1574/1574/1574 1568/1568/1568 1894/1894/1894
f 1894/1894/1894 1898/1898/1898 1574/1574/1574
f 1413/1413/1413 1407/1407/1407 1790/1790/1790
f 1790/1790/1790 1794/1794/1794 1413/1413/1413
f 1632/1632/1632 1626/1626/1626 1930/1930/1930
f 1930/1930/1930 1934/1934/1934 1632/1632/1632
f 1467/1467/1467 1461/1461/1461 1826/1826/1826
f 1826/1826/1826 1830/1830/1830 1467/1467/1467
f 1690/1690/1690 1680/1680/1680 1966/1966/1966
f 1966/1966/1966 1970/1970/1970 1690/1690/1690
f 1526/1526/1526 1520/1520/1520 1862/1862/1862
f 1862/1862/1862 1866/1866/1866 1526/1526/1526
f 1360/1360/1360 1354/1354/1354 1757/1757/1757
f 1757/1757/1757 1761/1761/1761 1360/1360/1360
f 1580/1580/1580 1574/1574/1574 1898/1898/1898
f 1898/1898/1898 1902/1902/1902 1580/1580/1580
f 1419/1419/1419 1413/1413/1413 1794/1794/1794
f 1794/1794/1794 1798/1798/1798 1419/1419/1419
f 1638/1638/1638 1632/1632/1632 1934/1934/1934
f 1934/1934/1934 1938/1938/1938 1638/1638/1638
f 1473/1473/1473 1467/1467/1467 1830/1830/1830
f 1830/1830/1830 1834/1834/1834 1473/1473/1473
f 1696/1696/1696 1690/1690/1690 1970/1970/1970
f 1970/1970/1970 1974/1974/1974 1696/1696/1696
f 1532/1532/1532 1526/1526/1526 1866/1866/1866
f 1866/1866/1866 1870/1870/1870 1532/1532/1532
f 1354/1354/1354 1348/1348/1348 1753/1753/1753
f 1753/1753/1753 1757/1757/1757 1354/1354/1354
f 1366/1366/1366 1360/1360/1360 1761/1761/1761
f 1761/1761/1761 1765/1765/1765 1366/1366/1366
f 1590/1590/1590 1580/1580/1580 1902/1902/1902
f 1902/1902/1902 1906/1906/1906 1590/1590/1590
f 1425/1425/1425 1419/1419/1419 1798/1798/1798
f 1798/1798/1798 1802/1802/1802 1425/1425/1425
f 1644/1644/1644 1638/1638/1638 1938/1938/1938
f 1938/1938/1938 1942/1942/1942 1644/1644/1644
f 1479/1479/1479 1473/1473/1473 1834/1834/1834
f 1834/1834/1834 1838/1838/1838 1479/1479/1479
f 1702/1702/1702 1696/1696/1696 1974/1974/1974
f 1974/1974/1974 1978/1978/1978 1702/1702/1702
f 1538/1538/1538 1532/1532/1532 1870/1870/1870
f 1870/1870/1870 1874/1874/1874 1538/1538/1538
f 1372/1372/1372 1366/1366/1366 1765/1765/1765
f 1765/1765/1765 1769/1769/1769 1372/1372/1372
f 1596/1596/1596 1590/1590/1590 1906/1906/1906
f 1906/1906/1906 1910/1910/1910 1596/1596/1596
f 1431/1431/1431 1425/1425/1425 1802/1802/1802
f 1802/1802/1802 1806/1806/1806 1431/1431/1431
f 1650/1650/1650 1644/1644/1644 1942/1942/1942
f 1942/1942/1942 1946/1946/1946 1650/1650/1650
f 1487/1487/1487 1479/1479/1479 1838/1838/1838
f 1838/1838/1838 1842/1842/1842 1487/1487/1487
f 1708/1708/1708 1702/1702/1702 1978/1978/1978
f 1978/1978/1978 1982/1982/1982 1708/1708/1708
f 1544/1544/1544 1538/1538/1538 1874/1874/1874
f 1874/1874/1874 1878/1878/1878 1544/1544/1544
f 1379/1379/1379 1373/1373/1373 1770/1770/1770
f 1770/1770/1770 1774/1774/1774 1379/1379/1379
f 1602/1602/1602 1596/1596/1596 1910/1910/1910
f 1910/1910/1910 1914/1914/1914 1602/1602/1602
f 1437/1437/1437 1431/1431/1431 1806/1806/1806
f 1806/1806/1806 1810/1810/1810 1437/1437/1437
f 1656/1656/1656 1650/1650/1650 1946/1946/1946
f 1946/1946/1946 1950/1950/1950 1656/1656/1656
f 956/956/956 944/944/944 950/950/950
f 950/950/950 958/958/958 956/956/956
f 958/958/958 950/950/950 952/952/952
f 952/952/952 957/957/957 958/958/958
f 957/957/957 952/952/952 946/946/946
f 946/946/946 954/954/954 957/957/957
f 962/962/962 956/956/956 958/958/958
f 958/958/958 964/964/964 962/962/962
f 964/964/964 958/958/958 957/957/957
f 957/957/957 963/963/963 964/964/964
f 963/963/963 957/957/957 953/953/953
f 953/953/953 961/961/961 963/963/963
f 968/968/968 962/962/962 964/964/964
f 964/964/964 970/970/970 968/968/968
f 970/970/970 964/964/964 963/963/963
f 963/963/963 969/969/969 970/970/970
f 969/969/969 963/963/963 959/959/959
f 959/959/959 967/967/967 969/969/969
f 974/974/974 968/968/968 970/970/970
f 970/970/970 976/976/976 974/974/974
f 976/976/976 970/970/970 969/969/969
f 969/969/969 975/975/975 976/976/976
f 975/975/975 969/969/969 965/965/965
f 965/965/965 971/971/971 975/975/975
f 981/981/981 974/974/974 976/976/976
f 976/976/976 983/983/983 981/981/981
f 983/983/983 976/976/976 975/975/975
f 975/975/975 982/982/982 983/983/983
f 982/982/982 975/975/975 973/973/973
f 973/973/973 977/977/977 982/982/982
f 989/989/989 980/980/980 983/983/983
f 983/983/983 991/991/991 989/989/989
f 991/991/991 983/983/983 982/982/982
f 982/982/982 990/990/990 991/991/991
f 990/990/990 982/982/982 979/979/979
f 979/979/979 984/984/984 990/990/990
f 995/995/995 988/988/988 991/991/991
f 991/991/991 997/997/997 995/995/995
f 997/997/997 991/991/991 990/990/990
f 990/990/990 996/996/996 997/997/997
f 996/996/996 990/990/990 985/985/985
f 985/985/985 994/994/994 996/996/996
f 1001/1001/1001 995/995/995 997/997/997
f 997/997/997 1003/1003/1003 1001/1001/1001
f 1003/1003/1003 997/997/997 996/996/996
f 996/996/996 1002/1002/1002 1003/1003/1003
f 1002/1002/1002 996/996/996 992/992/992
f 992/992/992 1000/1000/1000 1002/1002/1002
f 1007/1007/1007 1001/1001/1001 1003/1003/1003
f 1003/1003/1003 1009/1009/1009 1007/1007/1007
f 1009/1009/1009 1003/1003/1003 1002/1002/1002
f 1002/1002/1002 1008/1008/1008 1009/1009/1009
f 1008/1008/1008 1002/1002/1002 999/999/999
f 999/999/999 1005/1005/1005 1008/1008/1008
f 1013/1013/1013 1007/1007/1007 1009/1009/1009
f 1009/1009/1009 1015/1015/1015 1013/1013/1013
f 1015/1015/1015 1009/1009/1009 1008/1008/1008
f 1008/1008/1008 1014/1014/1014 1015/1015/1015
f 1014/1014/1014 1008/1008/1008 1004/1004/1004
f 1004/1004/1004 1010/1010/1010 1014/1014/1014
f 1020/1020/1020 1013/1013/1013 1015/1015/1015
f 1015/1015/1015 1022/1022/1022 1020/1020/1020
f 1022/1022/1022 1015/1015/1015 1014/1014/1014
f 1014/1014/1014 1021/1021/1021 1022/1022/1022
f 1021/1021/1021 1014/1014/1014 1012/1012/1012
f 1012/1012/1012 1017/1017/1017 1021/1021/1021
f 1027/1027/1027 1019/1019/1019 1022/1022/1022
f 1022/1022/1022 1029/1029/1029 1027/1027/1027
f 1029/1029/1029 1022/1022/1022 1021/1021/1021
f 1021/1021/1021 1028/1028/1028 1029/1029/1029
f 1028/1028/1028 1021/1021/1021 1016/1016/1016
f 1016/1016/1016 1024/1024/1024 1028/1028/1028
f 1033/1033/1033 1026/1026/1026 1029/1029/1029
f 1029/1029/1029 1035/1035/1035 1033/1033/1033
f 1035/1035/1035 1029/1029/1029 1028/1028/1028
f 1028/1028/1028 1034/1034/1034 1035/1035/1035
f 1034/1034/1034 1028/1028/1028 1025/1025/1025
f 1025/1025/1025 1032/1032/1032 1034/1034/1034
f 1039/1039/1039 1033/1033/1033 1035/1035/1035
f 1035/1035/1035 1041/1041/1041 1039/1039/1039
f 1041/1041/1041 1035/1035/1035 1034/1034/1034
f 1034/1034/1034 1040/1040/1040 1041/1041/1041
f 1040/1040/1040 1034/1034/1034 1030/1030/1030
f 1030/1030/1030 1038/1038/1038 1040/1040/1040
f 1046/1046/1046 1039/1039/1039 1041/1041/1041
f 1041/1041/1041 1048/1048/1048 1046/1046/1046
f 1048/1048/1048 1041/1041/1041 1040/1040/1040
f 1040/1040/1040 1047/1047/1047 1048/1048/1048
f 1047/1047/1047 1040/1040/1040 1036/1036/1036
f 1036/1036/1036 1044/1044/1044 1047/1047/1047
f 1052/1052/1052 1045/1045/1045 1048/1048/1048
f 1048/1048/1048 1054/1054/1054 1052/1052/1052
f 1054/1054/1054 1048/1048/1048 1047/1047/1047
f 1047/1047/1047 1053/1053/1053 1054/1054/1054
f 1053/1053/1053 1047/1047/1047 1042/1042/1042
f 1042/1042/1042 1050/1050/1050 1053/1053/1053
f 1058/1058/1058 1052/1052/1052 1054/1054/1054
f 1054/1054/1054 1060/1060/1060 1058/1058/1058
f 1060/1060/1060 1054/1054/1054 1053/1053/1053
f 1053/1053/1053 1059/1059/1059 1060/1060/1060
f 1059/1059/1059 1053/1053/1053 1051/1051/1051
f 1051/1051/1051 1055/1055/1055 1059/1059/1059
f 1064/1064/1064 1058/1058/1058 1060/1060/1060
f 1060/1060/1060 1066/1066/1066 1064/1064/1064
f 1066/1066/1066 1060/1060/1060 1059/1059/1059
f 1059/1059/1059 1065/1065/1065 1066/1066/1066
f 1065/1065/1065 1059/1059/1059 1056/1056/1056
f 1056/1056/1056 1061/1061/1061 1065/1065/1065
f 1070/1070/1070 1064/1064/1064 1066/1066/1066
f 1066/1066/1066 1072/1072/1072 1070/1070/1070
f 1072/1072/1072 1066/1066/1066 1065/1065/1065
f 1065/1065/1065 1071/1071/1071 1072/1072/1072
f 1071/1071/1071 1065/1065/1065 1063/1063/1063
f 1063/1063/1063 1068/1068/1068 1071/1071/1071
f 1076/1076/1076 1070/1070/1070 1072/1072/1072
f 1072/1072/1072 1078/1078/1078 1076/1076/1076
f 1078/1078/1078 1072/1072/1072 1071/1071/1071
f 1071/1071/1071 1077/1077/1077 1078/1078/1078
f 1077/1077/1077 1071/1071/1071 1069/1069/1069
f 1069/1069/1069 1073/1073/1073 1077/1077/1077
f 1082/1082/1082 1076/1076/1076 1078/1078/1078
f 1078/1078/1078 1084/1084/1084 1082/1082/1082
f 1084/1084/1084 1078/1078/1078 1077/1077/1077
f 1077/1077/1077 1083/1083/1083 1084/1084/1084
f 1083/1083/1083 1077/1077/1077 1075/1075/1075
f 1075/1075/1075 1080/1080/1080 1083/1083/1083
f 1088/1088/1088 1082/1082/1082 1084/1084/1084
f 1084/1084/1084 1090/1090/1090 1088/1088/1088
f 1090/1090/1090 1084/1084/1084 1083/1083/1083
f 1083/1083/1083 1089/1089/1089 1090/1090/1090
f 1089/1089/1089 1083/1083/1083 1079/1079/1079
f 1079/1079/1079 1086/1086/1086 1089/1089/1089
f 1095/1095/1095 1088/1088/1088 1090/1090/1090
f 1090/1090/1090 1097/1097/1097 1095/1095/1095
f 1097/1097/1097 1090/1090/1090 1089/1089/1089
f 1089/1089/1089 1096/1096/1096 1097/1097/1097
f 1096/1096/1096 1089/1089/1089 1085/1085/1085
f 1085/1085/1085 1093/1093/1093 1096/1096/1096
f 1101/1101/1101 1095/1095/1095 1097/1097/1097
f 1097/1097/1097 1103/1103/1103 1101/1101/1101
f 1103/1103/1103 1097/1097/1097 1096/1096/1096
f 1096/1096/1096 1102/1102/1102 1103/1103/1103
f 1102/1102/1102 1096/1096/1096 1094/1094/1094
f 1094/1094/1094 1098/1098/1098 1102/1102/1102
f 1107/1107/1107 1101/1101/1101 1103/1103/1103
f 1103/1103/1103 1109/1109/1109 1107/1107/1107
f 1109/1109/1109 1103/1103/1103 1102/1102/1102
f 1102/1102/1102 1108/1108/1108 1109/1109/1109
f 1108/1108/1108 1102/1102/1102 1099/1099/1099
f 1099/1099/1099 1105/1105/1105 1108/1108/1108
f 1113/1113/1113 1107/1107/1107 1109/1109/1109
f 1109/1109/1109 1115/1115/1115 1113/1113/1113
f 1115/1115/1115 1109/1109/1109 1108/1108/1108
f 1108/1108/1108 1114/1114/1114 1115/1115/1115
f 1114/1114/1114 1108/1108/1108 1106/1106/1106
f 1106/1106/1106 1110/1110/1110 1114/1114/1114
f 1119/1119/1119 1113/1113/1113 1115/1115/1115
f 1115/1115/1115 1121/1121/1121 1119/1119/1119
f 1121/1121/1121 1115/1115/1115 1114/1114/1114
f 1114/1114/1114 1120/1120/1120 1121/1121/1121
f 1120/1120/1120 1114/1114/1114 1111/1111/1111
f 1111/1111/1111 1118/1118/1118 1120/1120/1120
f 1125/1125/1125 1119/1119/1119 1121/1121/1121
f 1121/1121/1121 1127/1127/1127 1125/1125/1125
f 1127/1127/1127 1121/1121/1121 1120/1120/1120
f 1120/1120/1120 1126/1126/1126 1127/1127/1127
f 1126/1126/1126 1120/1120/1120 1116/1116/1116
f 1116/1116/1116 1123/1123/1123 1126/1126/1126
f 1131/1131/1131 1125/1125/1125 1127/1127/1127
f 1127/1127/1127 1133/1133/1133 1131/1131/1131
f 1133/1133/1133 1127/1127/1127 1126/1126/1126
f 1126/1126/1126 1132/1132/1132 1133/1133/1133
f 1132/1132/1132 1126/1126/1126 1124/1124/1124
f 1124/1124/1124 1129/1129/1129 1132/1132/1132
f 1137/1137/1137 1131/1131/1131 1133/1133/1133
f 1133/1133/1133 1139/1139/1139 1137/1137/1137
f 1139/1139/1139 1133/1133/1133 1132/1132/1132
f 1132/1132/1132 1138/1138/1138 1139/1139/1139
f 1138/1138/1138 1132/1132/1132 1128/1128/1128
f 1128/1128/1128 1135/1135/1135 1138/1138/1138
f 1143/1143/1143 1137/1137/1137 1139/1139/1139
f 1139/1139/1139 1145/1145/1145 1143/1143/1143
f 1145/1145/1145 1139/1139/1139 1138/1138/1138
f 1138/1138/1138 1144/1144/1144 1145/1145/1145
f 1144/1144/1144 1138/1138/1138 1134/1134/1134
f 1134/1134/1134 1140/1140/1140 1144/1144/1144
f 1149/1149/1149 1143/1143/1143 1145/1145/1145
f 1145/1145/1145 1151/1151/1151 1149/1149/1149
f 1151/1151/1151 1145/1145/1145 1144/1144/1144
f 1144/1144/1144 1150/1150/1150 1151/1151/1151
f 1150/1150/1150 1144/1144/1144 1142/1142/1142
f 1142/1142/1142 1146/1146/1146 1150/1150/1150
f 1155/1155/1155 1149/1149/1149 1151/1151/1151
f 1151/1151/1151 1157/1157/1157 1155/1155/1155
f 1157/1157/1157 1151/1151/1151 1150/1150/1150
f 1150/1150/1150 1156/1156/1156 1157/1157/1157
f 1156/1156/1156 1150/1150/1150 1148/1148/1148
f 1148/1148/1148 1154/1154/1154 1156/1156/1156
f 1161/1161/1161 1155/1155/1155 1157/1157/1157
f 1157/1157/1157 1163/1163/1163 1161/1161/1161
f 1163/1163/1163 1157/1157/1157 1156/1156/1156
f 1156/1156/1156 1162/1162/1162 1163/1163/1163
f 1162/1162/1162 1156/1156/1156 1152/1152/1152
f 1152/1152/1152 1159/1159/1159 1162/1162/1162
f 1168/1168/1168 1161/1161/1161 1163/1163/1163
f 1163/1163/1163 1170/1170/1170 1168/1168/1168
f 1170/1170/1170 1163/1163/1163 1162/1162/1162
f 1162/1162/1162 1169/1169/1169 1170/1170/1170
f 1169/1169/1169 1162/1162/1162 1158/1158/1158
f 1158/1158/1158 1164/1164/1164 1169/1169/1169
f 1174/1174/1174 1167/1167/1167 1170/1170/1170
f 1170/1170/1170 1176/1176/1176 1174/1174/1174
f 1176/1176/1176 1170/1170/1170 1169/1169/1169
f 1169/1169/1169 1175/1175/1175 1176/1176/1176
f 1175/1175/1175 1169/1169/1169 1166/1166/1166
f 1166/1166/1166 1171/1171/1171 1175/1175/1175
f 1180/1180/1180 1174/1174/1174 1176/1176/1176
f 1176/1176/1176 1182/1182/1182 1180/1180/1180
f 1182/1182/1182 1176/1176/1176 1175/1175/1175
f 1175/1175/1175 1181/1181/1181 1182/1182/1182
f 1181/1181/1181 1175/1175/1175 1173/1173/1173
f 1173/1173/1173 1178/1178/1178 1181/1181/1181
f 1187/1187/1187 1180/1180/1180 1182/1182/1182
f 1182/1182/1182 1189/1189/1189 1187/1187/1187
f 1189/1189/1189 1182/1182/1182 1181/1181/1181
f 1181/1181/1181 1188/1188/1188 1189/1189/1189
f 1188/1188/1188 1181/1181/1181 1179/1179/1179
f 1179/1179/1179 1186/1186/1186 1188/1188/1188
f 1194/1194/1194 1187/1187/1187 1189/1189/1189
f 1189/1189/1189 1196/1196/1196 1194/1194/1194
f 1196/1196/1196 1189/1189/1189 1188/1188/1188
f 1188/1188/1188 1195/1195/1195 1196/1196/1196
f 1195/1195/1195 1188/1188/1188 1185/1185/1185
f 1185/1185/1185 1192/1192/1192 1195/1195/1195
f 1200/1200/1200 1193/1193/1193 1196/1196/1196
f 1196/1196/1196 1202/1202/1202 1200/1200/1200
f 1202/1202/1202 1196/1196/1196 1195/1195/1195
f 1195/1195/1195 1201/1201/1201 1202/1202/1202
f 1201/1201/1201 1195/1195/1195 1191/1191/1191
f 1191/1191/1191 1198/1198/1198 1201/1201/1201
f 1206/1206/1206 1200/1200/1200 1202/1202/1202
f 1202/1202/1202 1208/1208/1208 1206/1206/1206
f 1208/1208/1208 1202/1202/1202 1201/1201/1201
f 1201/1201/1201 1207/1207/1207 1208/1208/1208
f 1207/1207/1207 1201/1201/1201 1199/1199/1199
f 1199/1199/1199 1203/1203/1203 1207/1207/1207
f 1212/1212/1212 1206/1206/1206 1208/1208/1208
f 1208/1208/1208 1214/1214/1214 1212/1212/1212
f 1214/1214/1214 1208/1208/1208 1207/1207/1207
f 1207/1207/1207 1213/1213/1213 1214/1214/1214
f 1213/1213/1213 1207/1207/1207 1205/1205/1205
f 1205/1205/1205 1211/1211/1211 1213/1213/1213
f 1218/1218/1218 1212/1212/1212 1214/1214/1214
f 1214/1214/1214 1220/1220/1220 1218/1218/1218
f 1220/1220/1220 1214/1214/1214 1213/1213/1213
f 1213/1213/1213 1219/1219/1219 1220/1220/1220
f 1219/1219/1219 1213/1213/1213 1210/1210/1210
f 1210/1210/1210 1215/1215/1215 1219/1219/1219
f 1224/1224/1224 1218/1218/1218 1220/1220/1220
f 1220/1220/1220 1226/1226/1226 1224/1224/1224
f 1226/1226/1226 1220/1220/1220 1219/1219/1219
f 1219/1219/1219 1225/1225/1225 1226/1226/1226
f 1225/1225/1225 1219/1219/1219 1217/1217/1217
f 1217/1217/1217 1221/1221/1221 1225/1225/1225
f 1230/1230/1230 1224/1224/1224 1226/1226/1226
f 1226/1226/1226 1232/1232/1232 1230/1230/1230
f 1232/1232/1232 1226/1226/1226 1225/1225/1225
f 1225/1225/1225 1231/1231/1231 1232/1232/1232
f 1231/1231/1231 1225/1225/1225 1223/1223/1223
f 1223/1223/1223 1228/1228/1228 1231/1231/1231
f 1235/1235/1235 1230/1230/1230 1232/1232/1232
f 1232/1232/1232 1237/1237/1237 1235/1235/1235
f 1237/1237/1237 1232/1232/1232 1231/1231/1231
f 1231/1231/1231 1236/1236/1236 1237/1237/1237
f 1236/1236/1236 1231/1231/1231 1227/1227/1227
f 1227/1227/1227 1233/1233/1233 1236/1236/1236
f 1241/1241/1241 1235/1235/1235 1237/1237/1237
f 1237/1237/1237 1243/1243/1243 1241/1241/1241
f 1243/1243/1243 1237/1237/1237 1236/1236/1236
f 1236/1236/1236 1242/1242/1242 1243/1243/1243
f 1242/1242/1242 1236/1236/1236 1233/1233/1233
f 1233/1233/1233 1238/1238/1238 1242/1242/1242
f 1247/1247/1247 1241/1241/1241 1243/1243/1243
f 1243/1243/1243 1249/1249/1249 1247/1247/1247
f 1249/1249/1249 1243/1243/1243 1242/1242/1242
f 1242/1242/1242 1248/1248/1248 1249/1249/1249
f 1248/1248/1248 1242/1242/1242 1240/1240/1240
f 1240/1240/1240 1245/1245/1245 1248/1248/1248
f 1253/1253/1253 1247/1247/1247 1249/1249/1249
f 1249/1249/1249 1255/1255/1255 1253/1253/1253
f 1255/1255/1255 1249/1249/1249 1248/1248/1248
f 1248/1248/1248 1254/1254/1254 1255/1255/1255
f 1254/1254/1254 1248/1248/1248 1246/1246/1246
f 1246/1246/1246 1252/1252/1252 1254/1254/1254
f 1258/1258/1258 1253/1253/1253 1255/1255/1255
f 1255/1255/1255 1260/1260/1260 1258/1258/1258
f 1260/1260/1260 1255/1255/1255 1254/1254/1254
f 1254/1254/1254 1259/1259/1259 1260/1260/1260
f 1259/1259/1259 1254/1254/1254 1250/1250/1250
f 1250/1250/1250 1256/1256/1256 1259/1259/1259
f 1264/1264/1264 1258/1258/1258 1260/1260/1260
f 1260/1260/1260 1266/1266/1266 1264/1264/1264
f 1266/1266/1266 1260/1260/1260 1259/1259/1259
f 1259/1259/1259 1265/1265/1265 1266/1266/1266
f 1265/1265/1265 1259/1259/1259 1256/1256/1256
f 1256/1256/1256 1263/1263/1263 1265/1265/1265
f 1270/1270/1270 1264/1264/1264 1266/1266/1266
f 1266/1266/1266 1272/1272/1272 1270/1270/1270
f 1272/1272/1272 1266/1266/1266 1265/1265/1265
f 1265/1265/1265 1271/1271/1271 1272/1272/1272
f 1271/1271/1271 1265/1265/1265 1262/1262/1262
f 1262/1262/1262 1267/1267/1267 1271/1271/1271
f 1276/1276/1276 1270/1270/1270 1272/1272/1272
f 1272/1272/1272 1278/1278/1278 1276/1276/1276
f 1278/1278/1278 1272/1272/1272 1271/1271/1271
f 1271/1271/1271 1277/1277/1277 1278/1278/1278
f 1277/1277/1277 1271/1271/1271 1269/1269/1269
f 1269/1269/1269 1273/1273/1273 1277/1277/1277
f 1283/1283/1283 1276/1276/1276 1278/1278/1278
f 1278/1278/1278 1285/1285/1285 1283/1283/1283
f 1285/1285/1285 1278/1278/1278 1277/1277/1277
f 1277/1277/1277 1284/1284/1284 1285/1285/1285
f 1284/1284/1284 1277/1277/1277 1274/1274/1274
f 1274/1274/1274 1281/1281/1281 1284/1284/1284
f 1289/1289/1289 1283/1283/1283 1285/1285/1285
f 1285/1285/1285 1291/1291/1291 1289/1289/1289
f 1291/1291/1291 1285/1285/1285 1284/1284/1284
f 1284/1284/1284 1290/1290/1290 1291/1291/1291
f 1290/1290/1290 1284/1284/1284 1280/1280/1280
f 1280/1280/1280 1286/1286/1286 1290/1290/1290
f 1295/1295/1295 1289/1289/1289 1291/1291/1291
f 1291/1291/1291 1297/1297/1297 1295/1295/1295
f 1297/1297/1297 1291/1291/1291 1290/1290/1290
f 1290/1290/1290 1296/1296/1296 1297/1297/1297
f 1296/1296/1296 1290/1290/1290 1287/1287/1287
f 1287/1287/1287 1292/1292/1292 1296/1296/1296
f 1301/1301/1301 1295/1295/1295 1297/1297/1297
f 1297/1297/1297 1303/1303/1303 1301/1301/1301
f 1303/1303/1303 1297/1297/1297 1296/1296/1296
f 1296/1296/1296 1302/1302/1302 1303/1303/1303
f 1302/1302/1302 1296/1296/1296 1294/1294/1294
f 1294/1294/1294 1298/1298/1298 1302/1302/1302
f 1307/1307/1307 1301/1301/1301 1303/1303/1303
f 1303/1303/1303 1309/1309/1309 1307/1307/1307
f 1309/1309/1309 1303/1303/1303 1302/1302/1302
f 1302/1302/1302 1308/1308/1308 1309/1309/1309
f 1308/1308/1308 1302/1302/1302 1299/1299/1299
f 1299/1299/1299 1306/1306/1306 1308/1308/1308
f 1313/1313/1313 1307/1307/1307 1309/1309/1309
f 1309/1309/1309 1315/1315/1315 1313/1313/1313
f 1315/1315/1315 1309/1309/1309 1308/1308/1308
f 1308/1308/1308 1314/1314/1314 1315/1315/1315
f 1314/1314/1314 1308/1308/1308 1305/1305/1305
f 1305/1305/1305 1312/1312/1312 1314/1314/1314
f 1319/1319/1319 1313/1313/1313 1315/1315/1315
f 1315/1315/1315 1321/1321/1321 1319/1319/1319
f 1321/1321/1321 1315/1315/1315 1314/1314/1314
f 1314/1314/1314 1320/1320/1320 1321/1321/1321
f 1320/1320/1320 1314/1314/1314 1310/1310/1310
f 1310/1310/1310 1318/1318/1318 1320/1320/1320
f 1325/1325/1325 1319/1319/1319 1321/1321/1321
f 1321/1321/1321 1327/1327/1327 1325/1325/1325
f 1327/1327/1327 1321/1321/1321 1320/1320/1320
f 1320/1320/1320 1326/1326/1326 1327/1327/1327
f 1326/1326/1326 1320/1320/1320 1317/1317/1317
f 1317/1317/1317 1324/1324/1324 1326/1326/1326
f 1331/1331/1331 1325/1325/1325 1327/1327/1327
f 1327/1327/1327 1333/1333/1333 1331/1331/1331
f 1333/1333/1333 1327/1327/1327 1326/1326/1326
f 1326/1326/1326 1332/1332/1332 1333/1333/1333
f 1332/1332/1332 1326/1326/1326 1323/1323/1323
f 1323/1323/1323 1329/1329/1329 1332/1332/1332
f 1337/1337/1337 1331/1331/1331 1333/1333/1333
f 1333/1333/1333 1339/1339/1339 1337/1337/1337
f 1339/1339/1339 1333/1333/1333 1332/1332/1332
f 1332/1332/1332 1338/1338/1338 1339/1339/1339
f 1338/1338/1338 1332/1332/1332 1328/1328/1328
f 1328/1328/1328 1336/1336/1336 1338/1338/1338
f 945/945/945 1337/1337/1337 1339/1339/1339
f 1339/1339/1339 949/949/949 945/945/945
f 949/949/949 1339/1339/1339 1338/1338/1338
f 1338/1338/1338 951/951/951 949/949/949
f 951/951/951 1338/1338/1338 1334/1334/1334
f 1334/1334/1334 948/948/948 951/951/951
f 1342/1342/1342 1348/1348/1348 1351/1351/1351
f 1351/1351/1351 1347/1347/1347 1342/1342/1342
f 1346/1346/1346 1352/1352/1352 1353/1353/1353
f 1353/1353/1353 1344/1344/1344 1346/1346/1346
f 1344/1344/1344 1353/1353/1353 1350/1350/1350
f 1350/1350/1350 1340/1340/1340 1344/1344/1344
f 1348/1348/1348 1354/1354/1354 1357/1357/1357
f 1357/1357/1357 1351/1351/1351 1348/1348/1348
f 1352/1352/1352 1358/1358/1358 1359/1359/1359
f 1359/1359/1359 1353/1353/1353 1352/1352/1352
f 1353/1353/1353 1359/1359/1359 1356/1356/1356
f 1356/1356/1356 1350/1350/1350 1353/1353/1353
f 1354/1354/1354 1360/1360/1360 1364/1364/1364
f 1364/1364/1364 1357/1357/1357 1354/1354/1354
f 1358/1358/1358 1363/1363/1363 1365/1365/1365
f 1365/1365/1365 1359/1359/1359 1358/1358/1358
f 1359/1359/1359 1365/1365/1365 1362/1362/1362
f 1362/1362/1362 1356/1356/1356 1359/1359/1359
f 1360/1360/1360 1366/1366/1366 1369/1369/1369
f 1369/1369/1369 1364/1364/1364 1360/1360/1360
f 1363/1363/1363 1370/1370/1370 1371/1371/1371
f 1371/1371/1371 1365/1365/1365 1363/1363/1363
f 1365/1365/1365 1371/1371/1371 1367/1367/1367
f 1367/1367/1367 1362/1362/1362 1365/1365/1365
f 1366/1366/1366 1372/1372/1372 1376/1376/1376
f 1376/1376/1376 1369/1369/1369 1366/1366/1366
f 1370/1370/1370 1377/1377/1377 1378/1378/1378
f 1378/1378/1378 1371/1371/1371 1370/1370/1370
f 1371/1371/1371 1378/1378/1378 1374/1374/1374
f 1374/1374/1374 1367/1367/1367 1371/1371/1371
f 1373/1373/1373 1379/1379/1379 1384/1384/1384
f 1384/1384/1384 1376/1376/1376 1373/1373/1373
f 1377/1377/1377 1385/1385/1385 1387/1387/1387
f 1387/1387/1387 1378/1378/1378 1377/1377/1377
f 1378/1378/1378 1387/1387/1387 1383/1383/1383
f 1383/1383/1383 1374/1374/1374 1378/1378/1378
f 1379/1379/1379 1389/1389/1389 1392/1392/1392
f 1392/1392/1392 1384/1384/1384 1379/1379/1379
f 1386/1386/1386 1393/1393/1393 1394/1394/1394
f 1394/1394/1394 1388/1388/1388 1386/1386/1386
f 1388/1388/1388 1394/1394/1394 1391/1391/1391
f 1391/1391/1391 1381/1381/1381 1388/1388/1388
f 1389/1389/1389 1395/1395/1395 1398/1398/1398
f 1398/1398/1398 1392/1392/1392 1389/1389/1389
f 1393/1393/1393 1399/1399/1399 1400/1400/1400
f 1400/1400/1400 1394/1394/1394 1393/1393/1393
f 1394/1394/1394 1400/1400/1400 1397/1397/1397
f 1397/1397/1397 1391/1391/1391 1394/1394/1394
f 1395/1395/1395 1401/1401/1401 1404/1404/1404
f 1404/1404/1404 1398/1398/1398 1395/1395/1395
f 1399/1399/1399 1405/1405/1405 1406/1406/1406
f 1406/1406/1406 1400/1400/1400 1399/1399/1399
f 1400/1400/1400 1406/1406/1406 1403/1403/1403
f 1403/1403/1403 1397/1397/1397 1400/1400/1400
f 1401/1401/1401 1407/1407/1407 1411/1411/1411
f 1411/1411/1411 1404/1404/1404 1401/1401/1401
f 1405/1405/1405 1410/1410/1410 1412/1412/1412
f 1412/1412/1412 1406/1406/1406 1405/1405/1405
f 1406/1406/1406 1412/1412/1412 1408/1408/1408
f 1408/1408/1408 1403/1403/1403 1406/1406/1406
f 1407/1407/1407 1413/1413/1413 1416/1416/1416
f 1416/1416/1416 1411/1411/1411 1407/1407/1407
f 1410/1410/1410 1417/1417/1417 1418/1418/1418
f 1418/1418/1418 1412/1412/1412 1410/1410/1410
f 1412/1412/1412 1418/1418/1418 1415/1415/1415
f 1415/1415/1415 1408/1408/1408 1412/1412/1412
f 1413/1413/1413 1419/1419/1419 1423/1423/1423
f 1423/1423/1423 1416/1416/1416 1413/1413/1413
f 1417/1417/1417 1422/1422/1422 1424/1424/1424
f 1424/1424/1424 1418/1418/1418 1417/1417/1417
f 1418/1418/1418 1424/1424/1424 1421/1421/1421
f 1421/1421/1421 1415/1415/1415 1418/1418/1418
f 1419/1419/1419 1425/1425/1425 1429/1429/1429
f 1429/1429/1429 1423/1423/1423 1419/1419/1419
f 1422/1422/1422 1428/1428/1428 1430/1430/1430
f 1430/1430/1430 1424/1424/1424 1422/1422/1422
f 1424/1424/1424 1430/1430/1430 1426/1426/1426
f 1426/1426/1426 1421/1421/1421 1424/1424/1424
f 1425/1425/1425 1431/1431/1431 1434/1434/1434
f 1434/1434/1434 1429/1429/1429 1425/1425/1425
f 1428/1428/1428 1435/1435/1435 1436/1436/1436
f 1436/1436/1436 1430/1430/1430 1428/1428/1428
f 1430/1430/1430 1436/1436/1436 1433/1433/1433
f 1433/1433/1433 1426/1426/1426 1430/1430/1430
f 1431/1431/1431 1437/1437/1437 1441/1441/1441
f 1441/1441/1441 1434/1434/1434 1431/1431/1431
f 1435/1435/1435 1440/1440/1440 1442/1442/1442
f 1442/1442/1442 1436/1436/1436 1435/1435/1435
f 1436/1436/1436 1442/1442/1442 1439/1439/1439
f 1439/1439/1439 1433/1433/1433 1436/1436/1436
f 1437/1437/1437 1443/1443/1443 1447/1447/1447
f 1447/1447/1447 1441/1441/1441 1437/1437/1437
f 1440/1440/1440 1446/1446/1446 1448/1448/1448
f 1448/1448/1448 1442/1442/1442 1440/1440/1440
f 1442/1442/1442 1448/1448/1448 1445/1445/1445
f 1445/1445/1445 1439/1439/1439 1442/1442/1442
f 1443/1443/1443 1449/1449/1449 1452/1452/1452
f 1452/1452/1452 1447/1447/1447 1443/1443/1443
f 1446/1446/1446 1453/1453/1453 1454/1454/1454
f 1454/1454/1454 1448/1448/1448 1446/1446/1446
f 1448/1448/1448 1454/1454/1454 1450/1450/1450
f 1450/1450/1450 1445/1445/1445 1448/1448/1448
f 1449/1449/1449 1455/1455/1455 1458/1458/1458
f 1458/1458/1458 1452/1452/1452 1449/1449/1449
f 1453/1453/1453 1459/1459/1459 1460/1460/1460
f 1460/1460/1460 1454/1454/1454 1453/1453/1453
f 1454/1454/1454 1460/1460/1460 1457/1457/1457
f 1457/1457/1457 1450/1450/1450 1454/1454/1454
f 1455/1455/1455 1461/1461/1461 1464/1464/1464
f 1464/1464/1464 1458/1458/1458 1455/1455/1455
f 1459/1459/1459 1465/1465/1465 1466/1466/1466
f 1466/1466/1466 1460/1460/1460 1459/1459/1459
f 1460/1460/1460 1466/1466/1466 1462/1462/1462
f 1462/1462/1462 1457/1457/1457 1460/1460/1460
f 1461/1461/1461 1467/1467/1467 1470/1470/1470
f 1470/1470/1470 1464/1464/1464 1461/1461/1461
f 1465/1465/1465 1471/1471/1471 1472/1472/1472
f 1472/1472/1472 1466/1466/1466 1465/1465/1465
f 1466/1466/1466 1472/1472/1472 1469/1469/1469
f 1469/1469/1469 1462/1462/1462 1466/1466/1466
f 1467/1467/1467 1473/1473/1473 1476/1476/1476
f 1476/1476/1476 1470/1470/1470 1467/1467/1467
f 1471/1471/1471 1477/1477/1477 1478/1478/1478
f 1478/1478/1478 1472/1472/1472 1471/1471/1471
f 1472/1472/1472 1478/1478/1478 1474/1474/1474
f 1474/1474/1474 1469/1469/1469 1472/1472/1472
f 1473/1473/1473 1479/1479/1479 1484/1484/1484
f 1484/1484/1484 1476/1476/1476 1473/1473/1473
f 1477/1477/1477 1483/1483/1483 1486/1486/1486
f 1486/1486/1486 1478/1478/1478 1477/1477/1477
f 1478/1478/1478 1486/1486/1486 1480/1480/1480
f 1480/1480/1480 1474/1474/1474 1478/1478/1478
f 1479/1479/1479 1487/1487/1487 1492/1492/1492
f 1492/1492/1492 1484/1484/1484 1479/1479/1479
f 1482/1482/1482 1493/1493/1493 1494/1494/1494
f 1494/1494/1494 1485/1485/1485 1482/1482/1482
f 1486/1486/1486 1495/1495/1495 1489/1489/1489
f 1489/1489/1489 1480/1480/1480 1486/1486/1486
f 1487/1487/1487 1496/1496/1496 1499/1499/1499
f 1499/1499/1499 1492/1492/1492 1487/1487/1487
f 1493/1493/1493 1500/1500/1500 1501/1501/1501
f 1501/1501/1501 1494/1494/1494 1493/1493/1493
f 1494/1494/1494 1501/1501/1501 1497/1497/1497
f 1497/1497/1497 1490/1490/1490 1494/1494/1494
f 1496/1496/1496 1502/1502/1502 1505/1505/1505
f 1505/1505/1505 1499/1499/1499 1496/1496/1496
f 1500/1500/1500 1506/1506/1506 1507/1507/1507
f 1507/1507/1507 1501/1501/1501 1500/1500/1500
f 1501/1501/1501 1507/1507/1507 1504/1504/1504
f 1504/1504/1504 1497/1497/1497 1501/1501/1501
f 1502/1502/1502 1508/1508/1508 1512/1512/1512
f 1512/1512/1512 1505/1505/1505 1502/1502/1502
f 1506/1506/1506 1511/1511/1511 1513/1513/1513
f 1513/1513/1513 1507/1507/1507 1506/1506/1506
f 1507/1507/1507 1513/1513/1513 1510/1510/1510
f 1510/1510/1510 1504/1504/1504 1507/1507/1507
f 1508/1508/1508 1514/1514/1514 1517/1517/1517
f 1517/1517/1517 1512/1512/1512 1508/1508/1508
f 1511/1511/1511 1518/1518/1518 1519/1519/1519
f 1519/1519/1519 1513/1513/1513 1511/1511/1511
f 1513/1513/1513 1519/1519/1519 1516/1516/1516
f 1516/1516/1516 1510/1510/1510 1513/1513/1513
f 1514/1514/1514 1520/1520/1520 1524/1524/1524
f 1524/1524/1524 1517/1517/1517 1514/1514/1514
f 1518/1518/1518 1523/1523/1523 1525/1525/1525
f 1525/1525/1525 1519/1519/1519 1518/1518/1518
f 1519/1519/1519 1525/1525/1525 1522/1522/1522
f 1522/1522/1522 1516/1516/1516 1519/1519/1519
f 1520/1520/1520 1526/1526/1526 1530/1530/1530
f 1530/1530/1530 1524/1524/1524 1520/1520/1520
f 1523/1523/1523 1529/1529/1529 1531/1531/1531
f 1531/1531/1531 1525/1525/1525 1523/1523/1523
f 1525/1525/1525 1531/1531/1531 1527/1527/1527
f 1527/1527/1527 1522/1522/1522 1525/1525/1525
f 1526/1526/1526 1532/1532/1532 1536/1536/1536
f 1536/1536/1536 1530/1530/1530 1526/1526/1526
f 1529/1529/1529 1535/1535/1535 1537/1537/1537
f 1537/1537/1537 1531/1531/1531 1529/1529/1529
f 1531/1531/1531 1537/1537/1537 1534/1534/1534
f 1534/1534/1534 1527/1527/1527 1531/1531/1531
f 1532/1532/1532 1538/1538/1538 1541/1541/1541
f 1541/1541/1541 1536/1536/1536 1532/1532/1532
f 1535/1535/1535 1542/1542/1542 1543/1543/1543
f 1543/1543/1543 1537/1537/1537 1535/1535/1535
f 1537/1537/1537 1543/1543/1543 1540/1540/1540
f 1540/1540/1540 1534/1534/1534 1537/1537/1537
f 1538/1538/1538 1544/1544/1544 1548/1548/1548
f 1548/1548/1548 1541/1541/1541 1538/1538/1538
f 1542/1542/1542 1547/1547/1547 1549/1549/1549
f 1549/1549/1549 1543/1543/1543 1542/1542/1542
f 1543/1543/1543 1549/1549/1549 1546/1546/1546
f 1546/1546/1546 1540/1540/1540 1543/1543/1543
f 1544/1544/1544 1550/1550/1550 1554/1554/1554
f 1554/1554/1554 1548/1548/1548 1544/1544/1544
f 1547/1547/1547 1553/1553/1553 1555/1555/1555
f 1555/1555/1555 1549/1549/1549 1547/1547/1547
f 1549/1549/1549 1555/1555/1555 1551/1551/1551
f 1551/1551/1551 1546/1546/1546 1549/1549/1549
f 1550/1550/1550 1556/1556/1556 1559/1559/1559
f 1559/1559/1559 1554/1554/1554 1550/1550/1550
f 1553/1553/1553 1560/1560/1560 1561/1561/1561
f 1561/1561/1561 1555/1555/1555 1553/1553/1553
f 1555/1555/1555 1561/1561/1561 1558/1558/1558
f 1558/1558/1558 1551/1551/1551 1555/1555/1555
f 1556/1556/1556 1562/1562/1562 1566/1566/1566
f 1566/1566/1566 1559/1559/1559 1556/1556/1556
f 1560/1560/1560 1565/1565/1565 1567/1567/1567
f 1567/1567/1567 1561/1561/1561 1560/1560/1560
f 1561/1561/1561 1567/1567/1567 1563/1563/1563
f 1563/1563/1563 1558/1558/1558 1561/1561/1561
f 1562/1562/1562 1568/1568/1568 1571/1571/1571
f 1571/1571/1571 1566/1566/1566 1562/1562/1562
f 1565/1565/1565 1572/1572/1572 1573/1573/1573
f 1573/1573/1573 1567/1567/1567 1565/1565/1565
f 1567/1567/1567 1573/1573/1573 1569/1569/1569
f 1569/1569/1569 1563/1563/1563 1567/1567/1567
f 1568/1568/1568 1574/1574/1574 1578/1578/1578
f 1578/1578/1578 1571/1571/1571 1568/1568/1568
f 1572/1572/1572 1577/1577/1577 1579/1579/1579
f 1579/1579/1579 1573/1573/1573 1572/1572/1572
f 1573/1573/1573 1579/1579/1579 1576/1576/1576
f 1576/1576/1576 1569/1569/1569 1573/1573/1573
f 1574/1574/1574 1580/1580/1580 1585/1585/1585
f 1585/1585/1585 1578/1578/1578 1574/1574/1574
f 1577/1577/1577 1586/1586/1586 1588/1588/1588
f 1588/1588/1588 1579/1579/1579 1577/1577/1577
f 1579/1579/1579 1588/1588/1588 1581/1581/1581
f 1581/1581/1581 1576/1576/1576 1579/1579/1579
f 1580/1580/1580 1590/1590/1590 1594/1594/1594
f 1594/1594/1594 1585/1585/1585 1580/1580/1580
f 1587/1587/1587 1593/1593/1593 1595/1595/1595
f 1595/1595/1595 1589/1589/1589 1587/1587/1587
f 1589/1589/1589 1595/1595/1595 1591/1591/1591
f 1591/1591/1591 1582/1582/1582 1589/1589/1589
f 1590/1590/1590 1596/1596/1596 1599/1599/1599
f 1599/1599/1599 1594/1594/1594 1590/1590/1590
f 1593/1593/1593 1600/1600/1600 1601/1601/1601
f 1601/1601/1601 1595/1595/1595 1593/1593/1593
f 1595/1595/1595 1601/1601/1601 1597/1597/1597
f 1597/1597/1597 1591/1591/1591 1595/1595/1595
f 1596/1596/1596 1602/1602/1602 1606/1606/1606
f 1606/1606/1606 1599/1599/1599 1596/1596/1596
f 1600/1600/1600 1605/1605/1605 1607/1607/1607
f 1607/1607/1607 1601/1601/1601 1600/1600/1600
f 1601/1601/1601 1607/1607/1607 1604/1604/1604
f 1604/1604/1604 1597/1597/1597 1601/1601/1601
f 1602/1602/1602 1608/1608/1608 1611/1611/1611
f 1611/1611/1611 1606/1606/1606 1602/1602/1602
f 1605/1605/1605 1612/1612/1612 1613/1613/1613
f 1613/1613/1613 1607/1607/1607 1605/1605/1605
f 1607/1607/1607 1613/1613/1613 1610/1610/1610
f 1610/1610/1610 1604/1604/1604 1607/1607/1607
f 1608/1608/1608 1614/1614/1614 1618/1618/1618
f 1618/1618/1618 1611/1611/1611 1608/1608/1608
f 1612/1612/1612 1617/1617/1617 1619/1619/1619
f 1619/1619/1619 1613/1613/1613 1612/1612/1612
f 1613/1613/1613 1619/1619/1619 1616/1616/1616
f 1616/1616/1616 1610/1610/1610 1613/1613/1613
f 1614/1614/1614 1620/1620/1620 1623/1623/1623
f 1623/1623/1623 1618/1618/1618 1614/1614/1614
f 1617/1617/1617 1624/1624/1624 1625/1625/1625
f 1625/1625/1625 1619/1619/1619 1617/1617/1617
f 1619/1619/1619 1625/1625/1625 1621/1621/1621
f 1621/1621/1621 1616/1616/1616 1619/1619/1619
f 1620/1620/1620 1626/1626/1626 1629/1629/1629
f 1629/1629/1629 1623/1623/1623 1620/1620/1620
f 1624/1624/1624 1630/1630/1630 1631/1631/1631
f 1631/1631/1631 1625/1625/1625 1624/1624/1624
f 1625/1625/1625 1631/1631/1631 1627/1627/1627
f 1627/1627/1627 1621/1621/1621 1625/1625/1625
f 1626/1626/1626 1632/1632/1632 1636/1636/1636
f 1636/1636/1636 1629/1629/1629 1626/1626/1626
f 1630/1630/1630 1635/1635/1635 1637/1637/1637
f 1637/1637/1637 1631/1631/1631 1630/1630/1630
f 1631/1631/1631 1637/1637/1637 1634/1634/1634
f 1634/1634/1634 1627/1627/1627 1631/1631/1631
f 1632/1632/1632 1638/1638/1638 1641/1641/1641
f 1641/1641/1641 1636/1636/1636 1632/1632/1632
f 1635/1635/1635 1642/1642/1642 1643/1643/1643
f 1643/1643/1643 1637/1637/1637 1635/1635/1635
f 1637/1637/1637 1643/1643/1643 1640/1640/1640
f 1640/1640/1640 1634/1634/1634 1637/1637/1637
f 1638/1638/1638 1644/1644/1644 1647/1647/1647
f 1647/1647/1647 1641/1641/1641 1638/1638/1638
f 1642/1642/1642 1648/1648/1648 1649/1649/1649
f 1649/1649/1649 1643/1643/1643 1642/1642/1642
f 1643/1643/1643 1649/1649/1649 1646/1646/1646
f 1646/1646/1646 1640/1640/1640 1643/1643/1643
f 1644/1644/1644 1650/1650/1650 1653/1653/1653
f 1653/1653/1653 1647/1647/1647 1644/1644/1644
f 1648/1648/1648 1654/1654/1654 1655/1655/1655
f 1655/1655/1655 1649/1649/1649 1648/1648/1648
f 1649/1649/1649 1655/1655/1655 1651/1651/1651
f 1651/1651/1651 1646/1646/1646 1649/1649/1649
f 1650/1650/1650 1656/1656/1656 1659/1659/1659
f 1659/1659/1659 1653/1653/1653 1650/1650/1650
f 1654/1654/1654 1660/1660/1660 1661/1661/1661
f 1661/1661/1661 1655/1655/1655 1654/1654/1654
f 1655/1655/1655 1661/1661/1661 1657/1657/1657
f 1657/1657/1657 1651/1651/1651 1655/1655/1655
f 1656/1656/1656 1662/1662/1662 1665/1665/1665
f 1665/1665/1665 1659/1659/1659 1656/1656/1656
f 1660/1660/1660 1666/1666/1666 1667/1667/1667
f 1667/1667/1667 1661/1661/1661 1660/1660/1660
f 1661/1661/1661 1667/1667/1667 1663/1663/1663
f 1663/1663/1663 1657/1657/1657 1661/1661/1661
f 1662/1662/1662 1668/1668/1668 1671/1671/1671
f 1671/1671/1671 1665/1665/1665 1662/1662/1662
f 1666/1666/1666 1672/1672/1672 1673/1673/1673
f 1673/1673/1673 1667/1667/1667 1666/1666/1666
f 1667/1667/1667 1673/1673/1673 1670/1670/1670
f 1670/1670/1670 1663/1663/1663 1667/1667/1667
f 1668/1668/1668 1674/1674/1674 1677/1677/1677
f 1677/1677/1677 1671/1671/1671 1668/1668/1668
f 1672/1672/1672 1678/1678/1678 1679/1679/1679
f 1679/1679/1679 1673/1673/1673 1672/1672/1672
f 1673/1673/1673 1679/1679/1679 1675/1675/1675
f 1675/1675/1675 1670/1670/1670 1673/1673/1673
f 1674/1674/1674 1680/1680/1680 1687/1687/1687
f 1687/1687/1687 1677/1677/1677 1674/1674/1674
f 1678/1678/1678 1685/1685/1685 1688/1688/1688
f 1688/1688/1688 1679/1679/1679 1678/1678/1678
f 1679/1679/1679 1688/1688/1688 1682/1682/1682
f 1682/1682/1682 1675/1675/1675 1679/1679/1679
f 1680/1680/1680 1690/1690/1690 1693/1693/1693
f 1693/1693/1693 1687/1687/1687 1680/1680/1680
f 1686/1686/1686 1694/1694/1694 1695/1695/1695
f 1695/1695/1695 1689/1689/1689 1686/1686/1686
f 1689/1689/1689 1695/1695/1695 1692/1692/1692
f 1692/1692/1692 1683/1683/1683 1689/1689/1689
f 1690/1690/1690 1696/1696/1696 1699/1699/1699
f 1699/1699/1699 1693/1693/1693 1690/1690/1690
f 1694/1694/1694 1700/1700/1700 1701/1701/1701
f 1701/1701/1701 1695/1695/1695 1694/1694/1694
f 1695/1695/1695 1701/1701/1701 1697/1697/1697
f 1697/1697/1697 1692/1692/1692 1695/1695/1695
f 1696/1696/1696 1702/1702/1702 1705/1705/1705
f 1705/1705/1705 1699/1699/1699 1696/1696/1696
f 1700/1700/1700 1706/1706/1706 1707/1707/1707
f 1707/1707/1707 1701/1701/1701 1700/1700/1700
f 1701/1701/1701 1707/1707/1707 1703/1703/1703
f 1703/1703/1703 1697/1697/1697 1701/1701/1701
f 1702/1702/1702 1708/1708/1708 1711/1711/1711
f 1711/1711/1711 1705/1705/1705 1702/1702/1702
f 1706/1706/1706 1712/1712/1712 1713/1713/1713
f 1713/1713/1713 1707/1707/1707 1706/1706/1706
f 1707/1707/1707 1713/1713/1713 1709/1709/1709
f 1709/1709/1709 1703/1703/1703 1707/1707/1707
f 1708/1708/1708 1714/1714/1714 1718/1718/1718
f 1718/1718/1718 1711/1711/1711 1708/1708/1708
f 1712/1712/1712 1717/1717/1717 1719/1719/1719
f 1719/1719/1719 1713/1713/1713 1712/1712/1712
f 1713/1713/1713 1719/1719/1719 1716/1716/1716
f 1716/1716/1716 1709/1709/1709 1713/1713/1713
f 1714/1714/1714 1720/1720/1720 1724/1724/1724
f 1724/1724/1724 1718/1718/1718 1714/1714/1714
f 1717/1717/1717 1723/1723/1723 1725/1725/1725
f 1725/1725/1725 1719/1719/1719 1717/1717/1717
f 1719/1719/1719 1725/1725/1725 1721/1721/1721
f 1721/1721/1721 1716/1716/1716 1719/1719/1719
f 1720/1720/1720 1726/1726/1726 1729/1729/1729
f 1729/1729/1729 1724/1724/1724 1720/1720/1720
f 1723/1723/1723 1730/1730/1730 1731/1731/1731
f 1731/1731/1731 1725/1725/1725 1723/1723/1723
f 1725/1725/1725 1731/1731/1731 1728/1728/1728
f 1728/1728/1728 1721/1721/1721 1725/1725/1725
f 1726/1726/1726 1732/1732/1732 1736/1736/1736
f 1736/1736/1736 1729/1729/1729 1726/1726/1726
f 1730/1730/1730 1735/1735/1735 1737/1737/1737
f 1737/1737/1737 1731/1731/1731 1730/1730/1730
f 1731/1731/1731 1737/1737/1737 1734/1734/1734
f 1734/1734/1734 1728/1728/1728 1731/1731/1731
f 1732/1732/1732 1738/1738/1738 1741/1741/1741
f 1741/1741/1741 1736/1736/1736 1732/1732/1732
f 1735/1735/1735 1742/1742/1742 1743/1743/1743
f 1743/1743/1743 1737/1737/1737 1735/1735/1735
f 1737/1737/1737 1743/1743/1743 1739/1739/1739
f 1739/1739/1739 1734/1734/1734 1737/1737/1737
f 1738/1738/1738 1343/1343/1343 1345/1345/1345
f 1345/1345/1345 1741/1741/1741 1738/1738/1738
f 1742/1742/1742 1346/1346/1346 1344/1344/1344
f 1344/1344/1344 1743/1743/1743 1742/1742/1742
f 1743/1743/1743 1344/1344/1344 1340/1340/1340
f 1340/1340/1340 1739/1739/1739 1743/1743/1743
f 1746/1746/1746 1752/1752/1752 1754/1754/1754
f 1754/1754/1754 1751/1751/1751 1746/1746/1746
f 1751/1751/1751 1754/1754/1754 1755/1755/1755
f 1755/1755/1755 1749/1749/1749 1751/1751/1751
f 1749/1749/1749 1755/1755/1755 1753/1753/1753
f 1753/1753/1753 1745/1745/1745 1749/1749/1749
f 1752/1752/1752 1756/1756/1756 1758/1758/1758
f 1758/1758/1758 1754/1754/1754 1752/1752/1752
f 1754/1754/1754 1758/1758/1758 1759/1759/1759
f 1759/1759/1759 1755/1755/1755 1754/1754/1754
f 1755/1755/1755 1759/1759/1759 1757/1757/1757
f 1757/1757/1757 1753/1753/1753 1755/1755/1755
f 1756/1756/1756 1760/1760/1760 1762/1762/1762
f 1762/1762/1762 1758/1758/1758 1756/1756/1756
f 1758/1758/1758 1762/1762/1762 1763/1763/1763
f 1763/1763/1763 1759/1759/1759 1758/1758/1758
f 1759/1759/1759 1763/1763/1763 1761/1761/1761
f 1761/1761/1761 1757/1757/1757 1759/1759/1759
f 1760/1760/1760 1764/1764/1764 1766/1766/1766
f 1766/1766/1766 1762/1762/1762 1760/1760/1760
f 1762/1762/1762 1766/1766/1766 1767/1767/1767
f 1767/1767/1767 1763/1763/1763 1762/1762/1762
f 1763/1763/1763 1767/1767/1767 1765/1765/1765
f 1765/1765/1765 1761/1761/1761 1763/1763/1763
f 1764/1764/1764 1768/1768/1768 1771/1771/1771
f 1771/1771/1771 1766/1766/1766 1764/1764/1764
f 1766/1766/1766 1771/1771/1771 1772/1772/1772
f 1772/1772/1772 1767/1767/1767 1766/1766/1766
f 1767/1767/1767 1772/1772/1772 1769/1769/1769
f 1769/1769/1769 1765/1765/1765 1767/1767/1767
f 1768/1768/1768 1773/1773/1773 1775/1775/1775
f 1775/1775/1775 1771/1771/1771 1768/1768/1768
f 1771/1771/1771 1775/1775/1775 1776/1776/1776
f 1776/1776/1776 1772/1772/1772 1771/1771/1771
f 1772/1772/1772 1776/1776/1776 1774/1774/1774
f 1774/1774/1774 1770/1770/1770 1772/1772/1772
f 1773/1773/1773 1777/1777/1777 1779/1779/1779
f 1779/1779/1779 1775/1775/1775 1773/1773/1773
f 1775/1775/1775 1779/1779/1779 1780/1780/1780
f 1780/1780/1780 1776/1776/1776 1775/1775/1775
f 1776/1776/1776 1780/1780/1780 1778/1778/1778
f 1778/1778/1778 1774/1774/1774 1776/1776/1776
f 1777/1777/1777 1781/1781/1781 1783/1783/1783
f 1783/1783/1783 1779/1779/1779 1777/1777/1777
f 1779/1779/1779 1783/1783/1783 1784/1784/1784
f 1784/1784/1784 1780/1780/1780 1779/1779/1779
f 1780/1780/1780 1784/1784/1784 1782/1782/1782
f 1782/1782/1782 1778/1778/1778 1780/1780/1780
f 1781/1781/1781 1785/1785/1785 1787/1787/1787
f 1787/1787/1787 1783/1783/1783 1781/1781/1781
f 1783/1783/1783 1787/1787/1787 1788/1788/1788
f 1788/1788/1788 1784/1784/1784 1783/1783/1783
f 1784/1784/1784 1788/1788/1788 1786/1786/1786
f 1786/1786/1786 1782/1782/1782 1784/1784/1784
f 1785/1785/1785 1789/1789/1789 1791/1791/1791
f 1791/1791/1791 1787/1787/1787 1785/1785/1785
f 1787/1787/1787 1791/1791/1791 1792/1792/1792
f 1792/1792/1792 1788/1788/1788 1787/1787/1787
f 1788/1788/1788 1792/1792/1792 1790/1790/1790
f 1790/1790/1790 1786/1786/1786 1788/1788/1788
f 1789/1789/1789 1793/1793/1793 1795/1795/1795
f 1795/1795/1795 1791/1791/1791 1789/1789/1789
f 1791/1791/1791 1795/1795/1795 1796/1796/1796
f 1796/1796/1796 1792/1792/1792 1791/1791/1791
f 1792/1792/1792 1796/1796/1796 1794/1794/1794
f 1794/1794/1794 1790/1790/1790 1792/1792/1792
f 1793/1793/1793 1797/1797/1797 1799/1799/1799
f 1799/1799/1799 1795/1795/1795 1793/1793/1793
f 1795/1795/1795 1799/1799/1799 1800/1800/1800
f 1800/1800/1800 1796/1796/1796 1795/1795/1795
f 1796/1796/1796 1800/1800/1800 1798/1798/1798
f 1798/1798/1798 1794/1794/1794 1796/1796/1796
f 1797/1797/1797 1801/1801/1801 1803/1803/1803
f 1803/1803/1803 1799/1799/1799 1797/1797/1797
f 1799/1799/1799 1803/1803/1803 1804/1804/1804
f 1804/1804/1804 1800/1800/1800 1799/1799/1799
f 1800/1800/1800 1804/1804/1804 1802/1802/1802
f 1802/1802/1802 1798/1798/1798 1800/1800/1800
f 1801/1801/1801 1805/1805/1805 1807/1807/1807
f 1807/1807/1807 1803/1803/1803 1801/1801/1801
f 1803/1803/1803 1807/1807/1807 1808/1808/1808
f 1808/1808/1808 1804/1804/1804 1803/1803/1803
f 1804/1804/1804 1808/1808/1808 1806/1806/1806
f 1806/1806/1806 1802/1802/1802 1804/1804/1804
f 1805/1805/1805 1809/1809/1809 1811/1811/1811
f 1811/1811/1811 1807/1807/1807 1805/1805/1805
f 1807/1807/1807 1811/1811/1811 1812/1812/1812
f 1812/1812/1812 1808/1808/1808 1807/1807/1807
f 1808/1808/1808 1812/1812/1812 1810/1810/1810
f 1810/1810/1810 1806/1806/1806 1808/1808/1808
f 1809/1809/1809 1813/1813/1813 1815/1815/1815
f 1815/1815/1815 1811/1811/1811 1809/1809/1809
f 1811/1811/1811 1815/1815/1815 1816/1816/1816
f 1816/1816/1816 1812/1812/1812 1811/1811/1811
f 1812/1812/1812 1816/1816/1816 1814/1814/1814
f 1814/1814/1814 1810/1810/1810 1812/1812/1812
f 1813/1813/1813 1817/1817/1817 1819/1819/1819
f 1819/1819/1819 1815/1815/1815 1813/1813/1813
f 1815/1815/1815 1819/1819/1819 1820/1820/1820
f 1820/1820/1820 1816/1816/1816 1815/1815/1815
f 1816/1816/1816 1820/1820/1820 1818/1818/1818
f 1818/1818/1818 1814/1814/1814 1816/1816/1816
f 1817/1817/1817 1821/1821/1821 1823/1823/1823
f 1823/1823/1823 1819/1819/1819 1817/1817/1817
f 1819/1819/1819 1823/1823/1823 1824/1824/1824
f 1824/1824/1824 1820/1820/1820 1819/1819/1819
f 1820/1820/1820 1824/1824/1824 1822/1822/1822
f 1822/1822/1822 1818/1818/1818 1820/1820/1820
f 1821/1821/1821 1825/1825/1825 1827/1827/1827
f 1827/1827/1827 1823/1823/1823 1821/1821/1821
f 1823/1823/1823 1827/1827/1827 1828/1828/1828
f 1828/1828/1828 1824/1824/1824 1823/1823/1823
f 1824/1824/1824 1828/1828/1828 1826/1826/1826
f 1826/1826/1826 1822/1822/1822 1824/1824/1824
f 1825/1825/1825 1829/1829/1829 1831/1831/1831
f 1831/1831/1831 1827/1827/1827 1825/1825/1825
f 1827/1827/1827 1831/1831/1831 1832/1832/1832
f 1832/1832/1832 1828/1828/1828 1827/1827/1827
f 1828/1828/1828 1832/1832/1832 1830/1830/1830
f 1830/1830/1830 1826/1826/1826 1828/1828/1828
f 1829/1829/1829 1833/1833/1833 1835/1835/1835
f 1835/1835/1835 1831/1831/1831 1829/1829/1829
f 1831/1831/1831 1835/1835/1835 1836/1836/1836
f 1836/1836/1836 1832/1832/1832 1831/1831/1831
f 1832/1832/1832 1836/1836/1836 1834/1834/1834
f 1834/1834/1834 1830/1830/1830 1832/1832/1832
f 1833/1833/1833 1837/1837/1837 1839/1839/1839
f 1839/1839/1839 1835/1835/1835 1833/1833/1833
f 1835/1835/1835 1839/1839/1839 1840/1840/1840
f 1840/1840/1840 1836/1836/1836 1835/1835/1835
f 1836/1836/1836 1840/1840/1840 1838/1838/1838
f 1838/1838/1838 1834/1834/1834 1836/1836/1836
f 1837/1837/1837 1841/1841/1841 1843/1843/1843
f 1843/1843/1843 1839/1839/1839 1837/1837/1837
f 1839/1839/1839 1843/1843/1843 1844/1844/1844
f 1844/1844/1844 1840/1840/1840 1839/1839/1839
f 1840/1840/1840 1844/1844/1844 1842/1842/1842
f 1842/1842/1842 1838/1838/1838 1840/1840/1840
f 1841/1841/1841 1845/1845/1845 1847/1847/1847
f 1847/1847/1847 1843/1843/1843 1841/1841/1841
f 1843/1843/1843 1847/1847/1847 1848/1848/1848
f 1848/1848/1848 1844/1844/1844 1843/1843/1843
f 1844/1844/1844 1848/1848/1848 1846/1846/1846
f 1846/1846/1846 1842/1842/1842 1844/1844/1844
f 1845/1845/1845 1849/1849/1849 1851/1851/1851
f 1851/1851/1851 1847/1847/1847 1845/1845/1845
f 1847/1847/1847 1851/1851/1851 1852/1852/1852
f 1852/1852/1852 1848/1848/1848 1847/1847/1847
f 1848/1848/1848 1852/1852/1852 1850/1850/1850
f 1850/1850/1850 1846/1846/1846 1848/1848/1848
f 1849/1849/1849 1853/1853/1853 1855/1855/1855
f 1855/1855/1855 1851/1851/1851 1849/1849/1849
f 1851/1851/1851 1855/1855/1855 1856/1856/1856
f 1856/1856/1856 1852/1852/1852 1851/1851/1851
f 1852/1852/1852 1856/1856/1856 1854/1854/1854
f 1854/1854/1854 1850/1850/1850 1852/1852/1852
f 1853/1853/1853 1857/1857/1857 1859/1859/1859
f 1859/1859/1859 1855/1855/1855 1853/1853/1853
f 1855/1855/1855 1859/1859/1859 1860/1860/1860
f 1860/1860/1860 1856/1856/1856 1855/1855/1855
f 1856/1856/1856 1860/1860/1860 1858/1858/1858
f 1858/1858/1858 1854/1854/1854 1856/1856/1856
f 1857/1857/1857 1861/1861/1861 1863/1863/1863
f 1863/1863/1863 1859/1859/1859 1857/1857/1857
f 1859/1859/1859 1863/1863/1863 1864/1864/1864
f 1864/1864/1864 1860/1860/1860 1859/1859/1859
f 1860/1860/1860 1864/1864/1864 1862/1862/1862
f 1862/1862/1862 1858/1858/1858 1860/1860/1860
f 1861/1861/1861 1865/1865/1865 1867/1867/1867
f 1867/1867/1867 1863/1863/1863 1861/1861/1861
f 1863/1863/1863 1867/1867/1867 1868/1868/1868
f 1868/1868/1868 1864/1864/1864 1863/1863/1863
f 1864/1864/1864 1868/1868/1868 1866/1866/1866
f 1866/1866/1866 1862/1862/1862 1864/1864/1864
f 1865/1865/1865 1869/1869/1869 1871/1871/1871
f 1871/1871/1871 1867/1867/1867 1865/1865/1865
f 1867/1867/1867 1871/1871/1871 1872/1872/1872
f 1872/1872/1872 1868/1868/1868 1867/1867/1867
f 1868/1868/1868 1872/1872/1872 1870/1870/1870
f 1870/1870/1870 1866/1866/1866 1868/1868/1868
f 1869/1869/1869 1873/1873/1873 1875/1875/1875
f 1875/1875/1875 1871/1871/1871 1869/1869/1869
f 1871/1871/1871 1875/1875/1875 1876/1876/1876
f 1876/1876/1876 1872/1872/1872 1871/1871/1871
f 1872/1872/1872 1876/1876/1876 1874/1874/1874
f 1874/1874/1874 1870/1870/1870 1872/1872/1872
f 1873/1873/1873 1877/1877/1877 1879/1879/1879
f 1879/1879/1879 1875/1875/1875 1873/1873/1873
f 1875/1875/1875 1879/1879/1879 1880/1880/1880
f 1880/1880/1880 1876/1876/1876 1875/1875/1875
f 1876/1876/1876 1880/1880/1880 1878/1878/1878
f 1878/1878/1878 1874/1874/1874 1876/1876/1876
f 1877/1877/1877 1881/1881/1881 1883/1883/1883
f 1883/1883/1883 1879/1879/1879 1877/1877/1877
f 1879/1879/1879 1883/1883/1883 1884/1884/1884
f 1884/1884/1884 1880/1880/1880 1879/1879/1879
f 1880/1880/1880 1884/1884/1884 1882/1882/1882
f 1882/1882/1882 1878/1878/1878 1880/1880/1880
f 1881/1881/1881 1885/1885/1885 1887/1887/1887
f 1887/1887/1887 1883/1883/1883 1881/1881/1881
f 1883/1883/1883 1887/1887/1887 1888/1888/1888
f 1888/1888/1888 1884/1884/1884 1883/1883/1883
f 1884/1884/1884 1888/1888/1888 1886/1886/1886
f 1886/1886/1886 1882/1882/1882 1884/1884/1884
f 1885/1885/1885 1889/1889/1889 1891/1891/1891
f 1891/1891/1891 1887/1887/1887 1885/1885/1885
f 1887/1887/1887 1891/1891/1891 1892/1892/1892
f 1892/1892/1892 1888/1888/1888 1887/1887/1887
f 1888/1888/1888 1892/1892/1892 1890/1890/1890
f 1890/1890/1890 1886/1886/1886 1888/1888/1888
f 1889/1889/1889 1893/1893/1893 1895/1895/1895
f 1895/1895/1895 1891/1891/1891 1889/1889/1889
f 1891/1891/1891 1895/1895/1895 1896/1896/1896
f 1896/1896/1896 1892/1892/1892 1891/1891/1891
f 1892/1892/1892 1896/1896/1896 1894/1894/1894
f 1894/1894/1894 1890/1890/1890 1892/1892/1892
f 1893/1893/1893 1897/1897/1897 1899/1899/1899
f 1899/1899/1899 1895/1895/1895 1893/1893/1893
f 1895/1895/1895 1899/1899/1899 1900/1900/1900
f 1900/1900/1900 1896/1896/1896 1895/1895/1895
f 1896/1896/1896 1900/1900/1900 1898/1898/1898
f 1898/1898/1898 1894/1894/1894 1896/1896/1896
f 1897/1897/1897 1901/1901/1901 1903/1903/1903
f 1903/1903/1903 1899/1899/1899 1897/1897/1897
f 1899/1899/1899 1903/1903/1903 1904/1904/1904
f 1904/1904/1904 1900/1900/1900 1899/1899/1899
f 1900/1900/1900 1904/1904/1904 1902/1902/1902
f 1902/1902/1902 1898/1898/1898 1900/1900/1900
f 1901/1901/1901 1905/1905/1905 1907/1907/1907
f 1907/1907/1907 1903/1903/1903 1901/1901/1901
f 1903/1903/1903 1907/1907/1907 1908/1908/1908
f 1908/1908/1908 1904/1904/1904 1903/1903/1903
f 1904/1904/1904 1908/1908/1908 1906/1906/1906
f 1906/1906/1906 1902/1902/1902 1904/1904/1904
f 1905/1905/1905 1909/1909/1909 1911/1911/1911
f 1911/1911/1911 1907/1907/1907 1905/1905/1905
f 1907/1907/1907 1911/1911/1911 1912/1912/1912
f 1912/1912/1912 1908/1908/1908 1907/1907/1907
f 1908/1908/1908 1912/1912/1912 1910/1910/1910
f 1910/1910/1910 1906/1906/1906 1908/1908/1908
f 1909/1909/1909 1913/1913/1913 1915/1915/1915
f 1915/1915/1915 1911/1911/1911 1909/1909/1909
f 1911/1911/1911 1915/1915/1915 1916/1916/1916
f 1916/1916/1916 1912/1912/1912 1911/1911/1911
f 1912/1912/1912 1916/1916/1916 1914/1914/1914
f 1914/1914/1914 1910/1910/1910 1912/1912/1912
f 1913/1913/1913 1917/1917/1917 1919/1919/1919
f 1919/1919/1919 1915/1915/1915 1913/1913/1913
f 1915/1915/1915 1919/1919/1919 1920/1920/1920
f 1920/1920/1920 1916/1916/1916 1915/1915/1915
f 1916/1916/1916 1920/1920/1920 1918/1918/1918
f 1918/1918/1918 1914/1914/1914 1916/1916/1916
f 1917/1917/1917 1921/1921/1921 1923/1923/1923
f 1923/1923/1923 1919/1919/1919 1917/1917/1917
f 1919/1919/1919 1923/1923/1923 1924/1924/1924
f 1924/1924/1924 1920/1920/1920 1919/1919/1919
f 1920/1920/1920 1924/1924/1924 1922/1922/1922
f 1922/1922/1922 1918/1918/1918 1920/1920/1920
f 1921/1921/1921 1925/1925/1925 1927/1927/1927
f 1927/1927/1927 1923/1923/1923 1921/1921/1921
f 1923/1923/1923 1927/1927/1927 1928/1928/1928
f 1928/1928/1928 1924/1924/1924 1923/1923/1923
f 1924/1924/1924 1928/1928/1928 1926/1926/1926
f 1926/1926/1926 1922/1922/1922 1924/1924/1924
f 1925/1925/1925 1929/1929/1929 1931/1931/1931
f 1931/1931/1931 1927/1927/1927 1925/1925/1925
f 1927/1927/1927 1931/1931/1931 1932/1932/1932
f 1932/1932/1932 1928/1928/1928 1927/1927/1927
f 1928/1928/1928 1932/1932/1932 1930/1930/1930
f 1930/1930/1930 1926/1926/1926 1928/1928/1928
f 1929/1929/1929 1933/1933/1933 1935/1935/1935
f 1935/1935/1935 1931/1931/1931 1929/1929/1929
f 1931/1931/1931 1935/1935/1935 1936/1936/1936
f 1936/1936/1936 1932/1932/1932 1931/1931/1931
f 1932/1932/1932 1936/1936/1936 1934/1934/1934
f 1934/1934/1934 1930/1930/1930 1932/1932/1932
f 1933/1933/1933 1937/1937/1937 1939/1939/1939
f 1939/1939/1939 1935/1935/1935 1933/1933/1933
f 1935/1935/1935 1939/1939/1939 1940/1940/1940
f 1940/1940/1940 1936/1936/1936 1935/1935/1935
f 1936/1936/1936 1940/1940/1940 1938/1938/1938
f 1938/1938/1938 1934/1934/1934 1936/1936/1936
f 1937/1937/1937 1941/1941/1941 1943/1943/1943
f 1943/1943/1943 1939/1939/1939 1937/1937/1937
f 1939/1939/1939 1943/1943/1943 1944/1944/1944
f 1944/1944/1944 1940/1940/1940 1939/1939/1939
f 1940/1940/1940 1944/1944/1944 1942/1942/1942
f 1942/1942/1942 1938/1938/1938 1940/1940/1940
f 1941/1941/1941 1945/1945/1945 1947/1947/1947
f 1947/1947/1947 1943/1943/1943 1941/1941/1941
f 1943/1943/1943 1947/1947/1947 1948/1948/1948
f 1948/1948/1948 1944/1944/1944 1943/1943/1943
f 1944/1944/1944 1948/1948/1948 1946/1946/1946
f 1946/1946/1946 1942/1942/1942 1944/1944/1944
f 1945/1945/1945 1949/1949/1949 1951/1951/1951
f 1951/1951/1951 1947/1947/1947 1945/1945/1945
f 1947/1947/1947 1951/1951/1951 1952/1952/1952
f 1952/1952/1952 1948/1948/1948 1947/1947/1947
f 1948/1948/1948 1952/1952/1952 1950/1950/1950
f 1950/1950/1950 1946/1946/1946 1948/1948/1948
f 1949/1949/1949 1953/1953/1953 1955/1955/1955
f 1955/1955/1955 1951/1951/1951 1949/1949/1949
f 1951/1951/1951 1955/1955/1955 1956/1956/1956
f 1956/1956/1956 1952/1952/1952 1951/1951/1951
f 1952/1952/1952 1956/1956/1956 1954/1954/1954
f 1954/1954/1954 1950/1950/1950 1952/1952/1952
f 1953/1953/1953 1957/1957/1957 1959/1959/1959
f 1959/1959/1959 1955/1955/1955 1953/1953/1953
f 1955/1955/1955 1959/1959/1959 1960/1960/1960
f 1960/1960/1960 1956/1956/1956 1955/1955/1955
f 1956/1956/1956 1960/1960/1960 1958/1958/1958
f 1958/1958/1958 1954/1954/1954 1956/1956/1956
f 1957/1957/1957 1961/1961/1961 1963/1963/1963
f 1963/1963/1963 1959/1959/1959 1957/1957/1957
f 1959/1959/1959 1963/1963/1963 1964/1964/1964
f 1964/1964/1964 1960/1960/1960 1959/1959/1959
f 1960/1960/1960 1964/1964/1964 1962/1962/1962
f 1962/1962/1962 1958/1958/1958 1960/1960/1960
f 1961/1961/1961 1965/1965/1965 1967/1967/1967
f 1967/1967/1967 1963/1963/1963 1961/1961/1961
f 1963/1963/1963 1967/1967/1967 1968/1968/1968
f 1968/1968/1968 1964/1964/1964 1963/1963/1963
f 1964/1964/1964 1968/1968/1968 1966/1966/1966
f 1966/1966/1966 1962/1962/1962 1964/1964/1964
f 1965/1965/1965 1969/1969/1969 1971/1971/1971
f 1971/1971/1971 1967/1967/1967 1965/1965/1965
f 1967/1967/1967 1971/1971/1971 1972/1972/1972
f 1972/1972/1972 1968/1968/1968 1967/1967/1967
f 1968/1968/1968 1972/1972/1972 1970/1970/1970
f 1970/1970/1970 1966/1966/1966 1968/1968/1968
f 1969/1969/1969 1973/1973/1973 1975/1975/1975
f 1975/1975/1975 1971/1971/1971 1969/1969/1969
f 1971/1971/1971 1975/1975/1975 1976/1976/1976
f 1976/1976/1976 1972/1972/1972 1971/1971/1971
f 1972/1972/1972 1976/1976/1976 1974/1974/1974
f 1974/1974/1974 1970/1970/1970 1972/1972/1972
f 1973/1973/1973 1977/1977/1977 1979/1979/1979
f 1979/1979/1979 1975/1975/1975 1973/1973/1973
f 1975/1975/1975 1979/1979/1979 1980/1980/1980
f 1980/1980/1980 1976/1976/1976 1975/1975/1975
f 1976/1976/1976 1980/1980/1980 1978/1978/1978
f 1978/1978/1978 1974/1974/1974 1976/1976/1976
f 1977/1977/1977 1981/1981/1981 1983/1983/1983
f 1983/1983/1983 1979/1979/1979 1977/1977/1977
f 1979/1979/1979 1983/1983/1983 1984/1984/1984
f 1984/1984/1984 1980/1980/1980 1979/1979/1979
f 1980/1980/1980 1984/1984/1984 1982/1982/1982
f 1982/1982/1982 1978/1978/1978 1980/1980/1980
f 1981/1981/1981 1985/1985/1985 1987/1987/1987
f 1987/1987/1987 1983/1983/1983 1981/1981/1981
f 1983/1983/1983 1987/1987/1987 1988/1988/1988
f 1988/1988/1988 1984/1984/1984 1983/1983/1983
f 1984/1984/1984 1988/1988/1988 1986/1986/1986
f 1986/1986/1986 1982/1982/1982 1984/1984/1984
f 1985/1985/1985 1989/1989/1989 1991/1991/1991
f 1991/1991/1991 1987/1987/1987 1985/1985/1985
f 1987/1987/1987 1991/1991/1991 1992/1992/1992
f 1992/1992/1992 1988/1988/1988 1987/1987/1987
f 1988/1988/1988 1992/1992/1992 1990/1990/1990
f 1990/1990/1990 1986/1986/1986 1988/1988/1988
f 1989/1989/1989 1993/1993/1993 1995/1995/1995
f 1995/1995/1995 1991/1991/1991 1989/1989/1989
f 1991/1991/1991 1995/1995/1995 1996/1996/1996
f 1996/1996/1996 1992/1992/1992 1991/1991/1991
f 1992/1992/1992 1996/1996/1996 1994/1994/1994
f 1994/1994/1994 1990/1990/1990 1992/1992/1992
f 1993/1993/1993 1997/1997/1997 1999/1999/1999
f 1999/1999/1999 1995/1995/1995 1993/1993/1993
f 1995/1995/1995 1999/1999/1999 2000/2000/2000
f 2000/2000/2000 1996/1996/1996 1995/1995/1995
f 1996/1996/1996 2000/2000/2000 1998/1998/1998
f 1998/1998/1998 1994/1994/1994 1996/1996/1996
f 1997/1997/1997 2001/2001/2001 2003/2003/2003
f 2003/2003/2003 1999/1999/1999 1997/1997/1997
f 1999/1999/1999 2003/2003/2003 2004/2004/2004
f 2004/2004/2004 2000/2000/2000 1999/1999/1999
f 2000/2000/2000 2004/2004/2004 2002/2002/2002
f 2002/2002/2002 1998/1998/1998 2000/2000/2000
f 2001/2001/2001 1747/1747/1747 1750/1750/1750
f 1750/1750/1750 2003/2003/2003 2001/2001/2001
f 2003/2003/2003 1750/1750/1750 1748/1748/1748
f 1748/1748/1748 2004/2004/2004 2003/2003/2003
f 2004/2004/2004 1748/1748/1748 1744/1744/1744
f 1744/1744/1744 2002/2002/2002 2004/2004/2004
f 2208/2208/2208 1341/1341/1341 1349/1349/1349
f 1349/1349/1349 2210/2210/2210 2208/2208/2208
f 2139/2139/2139 2005/2005/2005 2006/2006/2006
f 2006/2006/2006 2073/2073/2073 2139/2139/2139
f 2115/2115/2115 2049/2049/2049 2050/2050/2050
f 2050/2050/2050 2116/2116/2116 2115/2115/2115
f 2077/2077/2077 2011/2011/2011 2012/2012/2012
f 2012/2012/2012 2078/2078/2078 2077/2077/2077
f 2105/2105/2105 2039/2039/2039 2040/2040/2040
f 2040/2040/2040 2106/2106/2106 2105/2105/2105
f 2133/2133/2133 2067/2067/2067 2068/2068/2068
f 2068/2068/2068 2134/2134/2134 2133/2133/2133
f 2095/2095/2095 2029/2029/2029 2030/2030/2030
f 2030/2030/2030 2096/2096/2096 2095/2095/2095
f 2121/2121/2121 3/3/3 8/8/8
f 8/8/8 11/11/11 2121/2121/2121
f 2086/2086/2086 2020/2020/2020 2021/2021/2021
f 2021/2021/2021 2087/2087/2087 2086/2086/2086
f 2114/2114/2114 2048/2048/2048 2049/2049/2049
f 2049/2049/2049 2115/2115/2115 2114/2114/2114
f 2076/2076/2076 2010/2010/2010 2011/2011/2011
f 2011/2011/2011 2077/2077/2077 2076/2076/2076
f 2104/2104/2104 2038/2038/2038 2039/2039/2039
f 2039/2039/2039 2105/2105/2105 2104/2104/2104
f 2132/2132/2132 2066/2066/2066 2067/2067/2067
f 2067/2067/2067 2133/2133/2133 2132/2132/2132
f 2094/2094/2094 2028/2028/2028 2029/2029/2029
f 2029/2029/2029 2095/2095/2095 2094/2094/2094
f 13/13/13 2057/2057/2057 3/3/3
f 3/3/3 2121/2121/2121 13/13/13
f 2085/2085/2085 2019/2019/2019 2020/2020/2020
f 2020/2020/2020 2086/2086/2086 2085/2085/2085
f 2112/2112/2112 2046/2046/2046 2048/2048/2048
f 2048/2048/2048 2114/2114/2114 2112/2112/2112
f 2075/2075/2075 2009/2009/2009 2010/2010/2010
f 2010/2010/2010 2076/2076/2076 2075/2075/2075
f 2103/2103/2103 2037/2037/2037 2038/2038/2038
f 2038/2038/2038 2104/2104/2104 2103/2103/2103
f 2131/2131/2131 2065/2065/2065 2066/2066/2066
f 2066/2066/2066 2132/2132/2132 2131/2131/2131
f 2093/2093/2093 2027/2027/2027 2028/2028/2028
f 2028/2028/2028 2094/2094/2094 2093/2093/2093
f 16/16/16 2/2/2 2057/2057/2057
f 2057/2057/2057 13/13/13 16/16/16
f 2084/2084/2084 2018/2018/2018 2019/2019/2019
f 2019/2019/2019 2085/2085/2085 2084/2084/2084
f 2111/2111/2111 2045/2045/2045 2047/2047/2047
f 2047/2047/2047 2113/2113/2113 2111/2111/2111
f 2074/2074/2074 2008/2008/2008 2009/2009/2009
f 2009/2009/2009 2075/2075/2075 2074/2074/2074
f 2102/2102/2102 2036/2036/2036 2037/2037/2037
f 2037/2037/2037 2103/2103/2103 2102/2102/2102
f 2129/2129/2129 2063/2063/2063 2065/2065/2065
f 2065/2065/2065 2131/2131/2131 2129/2129/2129
f 2092/2092/2092 2026/2026/2026 2027/2027/2027
f 2027/2027/2027 2093/2093/2093 2092/2092/2092
f 2120/2120/2120 2054/2054/2054 2/2/2
f 2/2/2 16/16/16 2120/2120/2120
f 2083/2083/2083 2017/2017/2017 2018/2018/2018
f 2018/2018/2018 2084/2084/2084 2083/2083/2083
f 2110/2110/2110 2044/2044/2044 2045/2045/2045
f 2045/2045/2045 2111/2111/2111 2110/2110/2110
f 2140/2140/2140 2007/2007/2007 2005/2005/2005
f 2005/2005/2005 2139/2139/2139 2140/2140/2140
f 2138/2138/2138 2072/2072/2072 2007/2007/2007
f 2007/2007/2007 2140/2140/2140 2138/2138/2138
f 2101/2101/2101 2035/2035/2035 2036/2036/2036
f 2036/2036/2036 2102/2102/2102 2101/2101/2101
f 2128/2128/2128 2062/2062/2062 2064/2064/2064
f 2064/2064/2064 2130/2130/2130 2128/2128/2128
f 2091/2091/2091 2025/2025/2025 2026/2026/2026
f 2026/2026/2026 2092/2092/2092 2091/2091/2091
f 2119/2119/2119 2053/2053/2053 2054/2054/2054
f 2054/2054/2054 2120/2120/2120 2119/2119/2119
f 2082/2082/2082 2016/2016/2016 2017/2017/2017
f 2017/2017/2017 2083/2083/2083 2082/2082/2082
f 2109/2109/2109 2043/2043/2043 2044/2044/2044
f 2044/2044/2044 2110/2110/2110 2109/2109/2109
f 2137/2137/2137 2071/2071/2071 2072/2072/2072
f 2072/2072/2072 2138/2138/2138 2137/2137/2137
f 2100/2100/2100 2034/2034/2034 2035/2035/2035
f 2035/2035/2035 2101/2101/2101 2100/2100/2100
f 2127/2127/2127 2061/2061/2061 2062/2062/2062
f 2062/2062/2062 2128/2128/2128 2127/2127/2127
f 2090/2090/2090 2024/2024/2024 2025/2025/2025
f 2025/2025/2025 2091/2091/2091 2090/2090/2090
f 2118/2118/2118 2052/2052/2052 2053/2053/2053
f 2053/2053/2053 2119/2119/2119 2118/2118/2118
f 2081/2081/2081 2015/2015/2015 2016/2016/2016
f 2016/2016/2016 2082/2082/2082 2081/2081/2081
f 2108/2108/2108 2042/2042/2042 2043/2043/2043
f 2043/2043/2043 2109/2109/2109 2108/2108/2108
f 2136/2136/2136 2070/2070/2070 2071/2071/2071
f 2071/2071/2071 2137/2137/2137 2136/2136/2136
f 2099/2099/2099 2033/2033/2033 2034/2034/2034
f 2034/2034/2034 2100/2100/2100 2099/2099/2099
f 2126/2126/2126 2060/2060/2060 2061/2061/2061
f 2061/2061/2061 2127/2127/2127 2126/2126/2126
f 2089/2089/2089 2023/2023/2023 2024/2024/2024
f 2024/2024/2024 2090/2090/2090 2089/2089/2089
f 2117/2117/2117 2051/2051/2051 2052/2052/2052
f 2052/2052/2052 2118/2118/2118 2117/2117/2117
f 2080/2080/2080 2014/2014/2014 2015/2015/2015
f 2015/2015/2015 2081/2081/2081 2080/2080/2080
f 2107/2107/2107 2041/2041/2041 2042/2042/2042
f 2042/2042/2042 2108/2108/2108 2107/2107/2107
f 2135/2135/2135 2069/2069/2069 2070/2070/2070
f 2070/2070/2070 2136/2136/2136 2135/2135/2135
f 2098/2098/2098 2032/2032/2032 2033/2033/2033
f 2033/2033/2033 2099/2099/2099 2098/2098/2098
f 2124/2124/2124 2059/2059/2059 2060/2060/2060
f 2060/2060/2060 2126/2126/2126 2124/2124/2124
f 2088/2088/2088 2022/2022/2022 2023/2023/2023
f 2023/2023/2023 2089/2089/2089 2088/2088/2088
f 2116/2116/2116 2050/2050/2050 2051/2051/2051
f 2051/2051/2051 2117/2117/2117 2116/2116/2116
f 2079/2079/2079 2013/2013/2013 2014/2014/2014
f 2014/2014/2014 2080/2080/2080 2079/2079/2079
f 2106/2106/2106 2040/2040/2040 2041/2041/2041
f 2041/2041/2041 2107/2107/2107 2106/2106/2106
f 2134/2134/2134 2068/2068/2068 2069/2069/2069
f 2069/2069/2069 2135/2135/2135 2134/2134/2134
f 2097/2097/2097 2031/2031/2031 2032/2032/2032
f 2032/2032/2032 2098/2098/2098 2097/2097/2097
f 11/11/11 8/8/8 2059/2059/2059
f 2059/2059/2059 2124/2124/2124 11/11/11
f 2087/2087/2087 2021/2021/2021 2022/2022/2022
f 2022/2022/2022 2088/2088/2088 2087/2087/2087
f 2073/2073/2073 2006/2006/2006 2008/2008/2008
f 2008/2008/2008 2074/2074/2074 2073/2073/2073
f 955/955/955 2073/2073/2073 2074/2074/2074
f 2074/2074/2074 960/960/960 955/955/955
f 1037/1037/1037 2087/2087/2087 2088/2088/2088
f 2088/2088/2088 1043/1043/1043 1037/1037/1037
f 1251/1251/1251 12/12/12 2124/2124/2124
f 2124/2124/2124 1257/1257/1257 1251/1251/1251
f 1092/1092/1092 2097/2097/2097 2098/2098/2098
f 2098/2098/2098 1100/1100/1100 1092/1092/1092
f 1304/1304/1304 2134/2134/2134 2135/2135/2135
f 2135/2135/2135 1311/1311/1311 1304/1304/1304
f 1147/1147/1147 2106/2106/2106 2107/2107/2107
f 2107/2107/2107 1153/1153/1153 1147/1147/1147
f 987/987/987 2079/2079/2079 2080/2080/2080
f 2080/2080/2080 993/993/993 987/987/987
f 1204/1204/1204 2116/2116/2116 2117/2117/2117
f 2117/2117/2117 1209/1209/1209 1204/1204/1204
f 1043/1043/1043 2088/2088/2088 2089/2089/2089
f 2089/2089/2089 1049/1049/1049 1043/1043/1043
f 1257/1257/1257 2124/2124/2124 2126/2126/2126
f 2126/2126/2126 1261/1261/1261 1257/1257/1257
f 1100/1100/1100 2098/2098/2098 2099/2099/2099
f 2099/2099/2099 1104/1104/1104 1100/1100/1100
f 1311/1311/1311 2135/2135/2135 2136/2136/2136
f 2136/2136/2136 1316/1316/1316 1311/1311/1311
f 1153/1153/1153 2107/2107/2107 2108/2108/2108
f 2108/2108/2108 1160/1160/1160 1153/1153/1153
f 993/993/993 2080/2080/2080 2081/2081/2081
f 2081/2081/2081 998/998/998 993/993/993
f 1209/1209/1209 2117/2117/2117 2118/2118/2118
f 2118/2118/2118 1216/1216/1216 1209/1209/1209
f 1049/1049/1049 2089/2089/2089 2090/2090/2090
f 2090/2090/2090 1057/1057/1057 1049/1049/1049
f 1261/1261/1261 2126/2126/2126 2127/2127/2127
f 2127/2127/2127 1268/1268/1268 1261/1261/1261
f 1104/1104/1104 2099/2099/2099 2100/2100/2100
f 2100/2100/2100 1112/1112/1112 1104/1104/1104
f 1316/1316/1316 2136/2136/2136 2137/2137/2137
f 2137/2137/2137 1322/1322/1322 1316/1316/1316
f 1160/1160/1160 2108/2108/2108 2109/2109/2109
f 2109/2109/2109 1165/1165/1165 1160/1160/1160
f 998/998/998 2081/2081/2081 2082/2082/2082
f 2082/2082/2082 1006/1006/1006 998/998/998
f 1216/1216/1216 2118/2118/2118 2119/2119/2119
f 2119/2119/2119 1222/1222/1222 1216/1216/1216
f 1057/1057/1057 2090/2090/2090 2091/2091/2091
f 2091/2091/2091 1062/1062/1062 1057/1057/1057
f 1268/1268/1268 2127/2127/2127 2128/2128/2128
f 2128/2128/2128 1275/1275/1275 1268/1268/1268
f 1112/1112/1112 2100/2100/2100 2101/2101/2101
f 2101/2101/2101 1117/1117/1117 1112/1112/1112
f 1322/1322/1322 2137/2137/2137 2138/2138/2138
f 2138/2138/2138 1330/1330/1330 1322/1322/1322
f 1165/1165/1165 2109/2109/2109 2110/2110/2110
f 2110/2110/2110 1172/1172/1172 1165/1165/1165
f 1006/1006/1006 2082/2082/2082 2083/2083/2083
f 2083/2083/2083 1011/1011/1011 1006/1006/1006
f 1222/1222/1222 2119/2119/2119 2120/2120/2120
f 2120/2120/2120 1229/1229/1229 1222/1222/1222
f 1062/1062/1062 2091/2091/2091 2092/2092/2092
f 2092/2092/2092 1067/1067/1067 1062/1062/1062
f 1275/1275/1275 2128/2128/2128 2130/2130/2130
f 2130/2130/2130 1282/1282/1282 1275/1275/1275
f 1117/1117/1117 2101/2101/2101 2102/2102/2102
f 2102/2102/2102 1122/1122/1122 1117/1117/1117
f 1330/1330/1330 2138/2138/2138 2140/2140/2140
f 2140/2140/2140 1335/1335/1335 1330/1330/1330
f 1335/1335/1335 2140/2140/2140 2139/2139/2139
f 2139/2139/2139 947/947/947 1335/1335/1335
f 1172/1172/1172 2110/2110/2110 2111/2111/2111
f 2111/2111/2111 1177/1177/1177 1172/1172/1172
f 1011/1011/1011 2083/2083/2083 2084/2084/2084
f 2084/2084/2084 1018/1018/1018 1011/1011/1011
f 1229/1229/1229 2120/2120/2120 16/16/16
f 16/16/16 1234/1234/1234 1229/1229/1229
f 1067/1067/1067 2092/2092/2092 2093/2093/2093
f 2093/2093/2093 1074/1074/1074 1067/1067/1067
f 1279/1279/1279 2129/2129/2129 2131/2131/2131
f 2131/2131/2131 1288/1288/1288 1279/1279/1279
f 1122/1122/1122 2102/2102/2102 2103/2103/2103
f 2103/2103/2103 1130/1130/1130 1122/1122/1122
f 960/960/960 2074/2074/2074 2075/2075/2075
f 2075/2075/2075 966/966/966 960/960/960
f 1177/1177/1177 2111/2111/2111 2113/2113/2113
f 2113/2113/2113 1183/1183/1183 1177/1177/1177
f 1018/1018/1018 2084/2084/2084 2085/2085/2085
f 2085/2085/2085 1023/1023/1023 1018/1018/1018
f 1234/1234/1234 16/16/16 15/15/15
f 15/15/15 1239/1239/1239 1234/1234/1234
f 1074/1074/1074 2093/2093/2093 2094/2094/2094
f 2094/2094/2094 1081/1081/1081 1074/1074/1074
f 1288/1288/1288 2131/2131/2131 2132/2132/2132
f 2132/2132/2132 1293/1293/1293 1288/1288/1288
f 1130/1130/1130 2103/2103/2103 2104/2104/2104
f 2104/2104/2104 1136/1136/1136 1130/1130/1130
f 966/966/966 2075/2075/2075 2076/2076/2076
f 2076/2076/2076 972/972/972 966/966/966
f 1184/1184/1184 2112/2112/2112 2114/2114/2114
f 2114/2114/2114 1190/1190/1190 1184/1184/1184
f 1023/1023/1023 2085/2085/2085 2086/2086/2086
f 2086/2086/2086 1031/1031/1031 1023/1023/1023
f 1239/1239/1239 15/15/15 2122/2122/2122
f 2122/2122/2122 1244/1244/1244 1239/1239/1239
f 1081/1081/1081 2094/2094/2094 2095/2095/2095
f 2095/2095/2095 1087/1087/1087 1081/1081/1081
f 1293/1293/1293 2132/2132/2132 2133/2133/2133
f 2133/2133/2133 1300/1300/1300 1293/1293/1293
f 1136/1136/1136 2104/2104/2104 2105/2105/2105
f 2105/2105/2105 1141/1141/1141 1136/1136/1136
f 972/972/972 2076/2076/2076 2077/2077/2077
f 2077/2077/2077 978/978/978 972/972/972
f 1190/1190/1190 2114/2114/2114 2115/2115/2115
f 2115/2115/2115 1197/1197/1197 1190/1190/1190
f 1031/1031/1031 2086/2086/2086 2087/2087/2087
f 2087/2087/2087 1037/1037/1037 1031/1031/1031
f 1244/1244/1244 2122/2122/2122 12/12/12
f 12/12/12 1251/1251/1251 1244/1244/1244
f 1087/1087/1087 2095/2095/2095 2096/2096/2096
f 2096/2096/2096 1091/1091/1091 1087/1087/1087
f 1300/1300/1300 2133/2133/2133 2134/2134/2134
f 2134/2134/2134 1304/1304/1304 1300/1300/1300
f 1141/1141/1141 2105/2105/2105 2106/2106/2106
f 2106/2106/2106 1147/1147/1147 1141/1141/1141
f 978/978/978 2077/2077/2077 2078/2078/2078
f 2078/2078/2078 986/986/986 978/978/978
f 1197/1197/1197 2115/2115/2115 2116/2116/2116
f 2116/2116/2116 1204/1204/1204 1197/1197/1197
f 947/947/947 2139/2139/2139 2073/2073/2073
f 2073/2073/2073 955/955/955 947/947/947
f 2005/2005/2005 2141/2141/2141 2143/2143/2143
f 2143/2143/2143 2006/2006/2006 2005/2005/2005
f 2049/2049/2049 2185/2185/2185 2186/2186/2186
f 2186/2186/2186 2050/2050/2050 2049/2049/2049
f 2011/2011/2011 2147/2147/2147 2149/2149/2149
f 2149/2149/2149 2012/2012/2012 2011/2011/2011
f 2039/2039/2039 2175/2175/2175 2176/2176/2176
f 2176/2176/2176 2040/2040/2040 2039/2039/2039
f 2067/2067/2067 2202/2202/2202 2203/2203/2203
f 2203/2203/2203 2068/2068/2068 2067/2067/2067
f 2029/2029/2029 2165/2165/2165 2167/2167/2167
f 2167/2167/2167 2030/2030/2030 2029/2029/2029
f 5/5/5 2193/2193/2193 864/864/864
f 864/864/864 7/7/7 5/5/5
f 2020/2020/2020 2156/2156/2156 2157/2157/2157
f 2157/2157/2157 2021/2021/2021 2020/2020/2020
f 2048/2048/2048 2184/2184/2184 2185/2185/2185
f 2185/2185/2185 2049/2049/2049 2048/2048/2048
f 2010/2010/2010 2146/2146/2146 2147/2147/2147
f 2147/2147/2147 2011/2011/2011 2010/2010/2010
f 2038/2038/2038 2174/2174/2174 2175/2175/2175
f 2175/2175/2175 2039/2039/2039 2038/2038/2038
f 2066/2066/2066 2201/2201/2201 2202/2202/2202
f 2202/2202/2202 2067/2067/2067 2066/2066/2066
f 2028/2028/2028 2164/2164/2164 2165/2165/2165
f 2165/2165/2165 2029/2029/2029 2028/2028/2028
f 2056/2056/2056 861/861/861 2193/2193/2193
f 2193/2193/2193 5/5/5 2056/2056/2056
f 2019/2019/2019 2155/2155/2155 2156/2156/2156
f 2156/2156/2156 2020/2020/2020 2019/2019/2019
f 2046/2046/2046 2182/2182/2182 2184/2184/2184
f 2184/2184/2184 2048/2048/2048 2046/2046/2046
f 2009/2009/2009 2145/2145/2145 2146/2146/2146
f 2146/2146/2146 2010/2010/2010 2009/2009/2009
f 2037/2037/2037 2173/2173/2173 2174/2174/2174
f 2174/2174/2174 2038/2038/2038 2037/2037/2037
f 2065/2065/2065 2200/2200/2200 2201/2201/2201
f 2201/2201/2201 2066/2066/2066 2065/2065/2065
f 2027/2027/2027 2163/2163/2163 2164/2164/2164
f 2164/2164/2164 2028/2028/2028 2027/2027/2027
f 2/2/2 2192/2192/2192 861/861/861
f 861/861/861 2056/2056/2056 2/2/2
f 2018/2018/2018 2154/2154/2154 2155/2155/2155
f 2155/2155/2155 2019/2019/2019 2018/2018/2018
f 2045/2045/2045 2181/2181/2181 2183/2183/2183
f 2183/2183/2183 2047/2047/2047 2045/2045/2045
f 2008/2008/2008 2144/2144/2144 2145/2145/2145
f 2145/2145/2145 2009/2009/2009 2008/2008/2008
f 2036/2036/2036 2172/2172/2172 2173/2173/2173
f 2173/2173/2173 2037/2037/2037 2036/2036/2036
f 2063/2063/2063 2198/2198/2198 2200/2200/2200
f 2200/2200/2200 2065/2065/2065 2063/2063/2063
f 2026/2026/2026 2162/2162/2162 2163/2163/2163
f 2163/2163/2163 2027/2027/2027 2026/2026/2026
f 2054/2054/2054 2190/2190/2190 2192/2192/2192
f 2192/2192/2192 2/2/2 2054/2054/2054
f 2017/2017/2017 2153/2153/2153 2154/2154/2154
f 2154/2154/2154 2018/2018/2018 2017/2017/2017
f 2044/2044/2044 2180/2180/2180 2181/2181/2181
f 2181/2181/2181 2045/2045/2045 2044/2044/2044
f 2007/2007/2007 2142/2142/2142 2141/2141/2141
f 2141/2141/2141 2005/2005/2005 2007/2007/2007
f 2072/2072/2072 2207/2207/2207 2142/2142/2142
f 2142/2142/2142 2007/2007/2007 2072/2072/2072
f 2035/2035/2035 2171/2171/2171 2172/2172/2172
f 2172/2172/2172 2036/2036/2036 2035/2035/2035
f 2062/2062/2062 2197/2197/2197 2199/2199/2199
f 2199/2199/2199 2064/2064/2064 2062/2062/2062
f 2025/2025/2025 2161/2161/2161 2162/2162/2162
f 2162/2162/2162 2026/2026/2026 2025/2025/2025
f 2053/2053/2053 2189/2189/2189 2190/2190/2190
f 2190/2190/2190 2054/2054/2054 2053/2053/2053
f 2016/2016/2016 2152/2152/2152 2153/2153/2153
f 2153/2153/2153 2017/2017/2017 2016/2016/2016
f 2043/2043/2043 2179/2179/2179 2180/2180/2180
f 2180/2180/2180 2044/2044/2044 2043/2043/2043
f 2071/2071/2071 2206/2206/2206 2207/2207/2207
f 2207/2207/2207 2072/2072/2072 2071/2071/2071
f 2034/2034/2034 2170/2170/2170 2171/2171/2171
f 2171/2171/2171 2035/2035/2035 2034/2034/2034
f 2061/2061/2061 2196/2196/2196 2197/2197/2197
f 2197/2197/2197 2062/2062/2062 2061/2061/2061
f 2024/2024/2024 2160/2160/2160 2161/2161/2161
f 2161/2161/2161 2025/2025/2025 2024/2024/2024
f 2052/2052/2052 2188/2188/2188 2189/2189/2189
f 2189/2189/2189 2053/2053/2053 2052/2052/2052
f 2015/2015/2015 2151/2151/2151 2152/2152/2152
f 2152/2152/2152 2016/2016/2016 2015/2015/2015
f 2042/2042/2042 2178/2178/2178 2179/2179/2179
f 2179/2179/2179 2043/2043/2043 2042/2042/2042
f 2070/2070/2070 2205/2205/2205 2206/2206/2206
f 2206/2206/2206 2071/2071/2071 2070/2070/2070
f 2033/2033/2033 2169/2169/2169 2170/2170/2170
f 2170/2170/2170 2034/2034/2034 2033/2033/2033
f 2060/2060/2060 2195/2195/2195 2196/2196/2196
f 2196/2196/2196 2061/2061/2061 2060/2060/2060
f 2023/2023/2023 2159/2159/2159 2160/2160/2160
f 2160/2160/2160 2024/2024/2024 2023/2023/2023
f 2051/2051/2051 2187/2187/2187 2188/2188/2188
f 2188/2188/2188 2052/2052/2052 2051/2051/2051
f 2014/2014/2014 2150/2150/2150 2151/2151/2151
f 2151/2151/2151 2015/2015/2015 2014/2014/2014
f 2041/2041/2041 2177/2177/2177 2178/2178/2178
f 2178/2178/2178 2042/2042/2042 2041/2041/2041
f 2069/2069/2069 2204/2204/2204 2205/2205/2205
f 2205/2205/2205 2070/2070/2070 2069/2069/2069
f 2032/2032/2032 2168/2168/2168 2169/2169/2169
f 2169/2169/2169 2033/2033/2033 2032/2032/2032
f 2059/2059/2059 866/866/866 2195/2195/2195
f 2195/2195/2195 2060/2060/2060 2059/2059/2059
f 2022/2022/2022 2158/2158/2158 2159/2159/2159
f 2159/2159/2159 2023/2023/2023 2022/2022/2022
f 2050/2050/2050 2186/2186/2186 2187/2187/2187
f 2187/2187/2187 2051/2051/2051 2050/2050/2050
f 2013/2013/2013 2148/2148/2148 2150/2150/2150
f 2150/2150/2150 2014/2014/2014 2013/2013/2013
f 2040/2040/2040 2176/2176/2176 2177/2177/2177
f 2177/2177/2177 2041/2041/2041 2040/2040/2040
f 2068/2068/2068 2203/2203/2203 2204/2204/2204
f 2204/2204/2204 2069/2069/2069 2068/2068/2068
f 2031/2031/2031 2166/2166/2166 2168/2168/2168
f 2168/2168/2168 2032/2032/2032 2031/2031/2031
f 7/7/7 864/864/864 866/866/866
f 866/866/866 2059/2059/2059 7/7/7
f 2021/2021/2021 2157/2157/2157 2158/2158/2158
f 2158/2158/2158 2022/2022/2022 2021/2021/2021
f 2006/2006/2006 2143/2143/2143 2144/2144/2144
f 2144/2144/2144 2008/2008/2008 2006/2006/2006
f 2141/2141/2141 2208/2208/2208 2210/2210/2210
f 2210/2210/2210 2143/2143/2143 2141/2141/2141
f 2185/2185/2185 2252/2252/2252 2253/2253/2253
f 2253/2253/2253 2186/2186/2186 2185/2185/2185
f 2147/2147/2147 2214/2214/2214 2215/2215/2215
f 2215/2215/2215 2149/2149/2149 2147/2147/2147
f 2175/2175/2175 2242/2242/2242 2243/2243/2243
f 2243/2243/2243 2176/2176/2176 2175/2175/2175
f 2202/2202/2202 2268/2268/2268 2269/2269/2269
f 2269/2269/2269 2203/2203/2203 2202/2202/2202
f 2165/2165/2165 2232/2232/2232 2234/2234/2234
f 2234/2234/2234 2167/2167/2167 2165/2165/2165
f 2193/2193/2193 2259/2259/2259 870/870/870
f 870/870/870 863/863/863 2193/2193/2193
f 2156/2156/2156 2223/2223/2223 2224/2224/2224
f 2224/2224/2224 2157/2157/2157 2156/2156/2156
f 2184/2184/2184 2251/2251/2251 2252/2252/2252
f 2252/2252/2252 2185/2185/2185 2184/2184/2184
f 2146/2146/2146 2213/2213/2213 2214/2214/2214
f 2214/2214/2214 2147/2147/2147 2146/2146/2146
f 2174/2174/2174 2241/2241/2241 2242/2242/2242
f 2242/2242/2242 2175/2175/2175 2174/2174/2174
f 2201/2201/2201 2267/2267/2267 2268/2268/2268
f 2268/2268/2268 2202/2202/2202 2201/2201/2201
f 2164/2164/2164 2231/2231/2231 2232/2232/2232
f 2232/2232/2232 2165/2165/2165 2164/2164/2164
f 859/859/859 875/875/875 2259/2259/2259
f 2259/2259/2259 2193/2193/2193 859/859/859
f 2155/2155/2155 2222/2222/2222 2223/2223/2223
f 2223/2223/2223 2156/2156/2156 2155/2155/2155
f 2182/2182/2182 2250/2250/2250 2251/2251/2251
f 2251/2251/2251 2184/2184/2184 2182/2182/2182
f 2145/2145/2145 2212/2212/2212 2213/2213/2213
f 2213/2213/2213 2146/2146/2146 2145/2145/2145
f 2173/2173/2173 2240/2240/2240 2241/2241/2241
f 2241/2241/2241 2174/2174/2174 2173/2173/2173
f 2200/2200/2200 2266/2266/2266 2267/2267/2267
f 2267/2267/2267 2201/2201/2201 2200/2200/2200
f 2163/2163/2163 2230/2230/2230 2231/2231/2231
f 2231/2231/2231 2164/2164/2164 2163/2163/2163
f 2192/2192/2192 877/877/877 875/875/875
f 875/875/875 859/859/859 2192/2192/2192
f 2154/2154/2154 2221/2221/2221 2222/2222/2222
f 2222/2222/2222 2155/2155/2155 2154/2154/2154
f 2181/2181/2181 2248/2248/2248 2249/2249/2249
f 2249/2249/2249 2183/2183/2183 2181/2181/2181
f 2144/2144/2144 2211/2211/2211 2212/2212/2212
f 2212/2212/2212 2145/2145/2145 2144/2144/2144
f 2172/2172/2172 2239/2239/2239 2240/2240/2240
f 2240/2240/2240 2173/2173/2173 2172/2172/2172
f 2198/2198/2198 2265/2265/2265 2266/2266/2266
f 2266/2266/2266 2200/2200/2200 2198/2198/2198
f 2162/2162/2162 2229/2229/2229 2230/2230/2230
f 2230/2230/2230 2163/2163/2163 2162/2162/2162
f 2190/2190/2190 2257/2257/2257 877/877/877
f 877/877/877 2192/2192/2192 2190/2190/2190
f 2153/2153/2153 2220/2220/2220 2221/2221/2221
f 2221/2221/2221 2154/2154/2154 2153/2153/2153
f 2180/2180/2180 2247/2247/2247 2248/2248/2248
f 2248/2248/2248 2181/2181/2181 2180/2180/2180
f 2142/2142/2142 2209/2209/2209 2208/2208/2208
f 2208/2208/2208 2141/2141/2141 2142/2142/2142
f 2207/2207/2207 2273/2273/2273 2209/2209/2209
f 2209/2209/2209 2142/2142/2142 2207/2207/2207
f 2171/2171/2171 2238/2238/2238 2239/2239/2239
f 2239/2239/2239 2172/2172/2172 2171/2171/2171
f 2197/2197/2197 2263/2263/2263 2264/2264/2264
f 2264/2264/2264 2199/2199/2199 2197/2197/2197
f 2161/2161/2161 2228/2228/2228 2229/2229/2229
f 2229/2229/2229 2162/2162/2162 2161/2161/2161
f 2189/2189/2189 2256/2256/2256 2257/2257/2257
f 2257/2257/2257 2190/2190/2190 2189/2189/2189
f 2152/2152/2152 2219/2219/2219 2220/2220/2220
f 2220/2220/2220 2153/2153/2153 2152/2152/2152
f 2179/2179/2179 2246/2246/2246 2247/2247/2247
f 2247/2247/2247 2180/2180/2180 2179/2179/2179
f 2206/2206/2206 2272/2272/2272 2273/2273/2273
f 2273/2273/2273 2207/2207/2207 2206/2206/2206
f 2170/2170/2170 2237/2237/2237 2238/2238/2238
f 2238/2238/2238 2171/2171/2171 2170/2170/2170
f 2196/2196/2196 2262/2262/2262 2263/2263/2263
f 2263/2263/2263 2197/2197/2197 2196/2196/2196
f 2160/2160/2160 2227/2227/2227 2228/2228/2228
f 2228/2228/2228 2161/2161/2161 2160/2160/2160
f 2188/2188/2188 2255/2255/2255 2256/2256/2256
f 2256/2256/2256 2189/2189/2189 2188/2188/2188
f 2151/2151/2151 2218/2218/2218 2219/2219/2219
f 2219/2219/2219 2152/2152/2152 2151/2151/2151
f 2178/2178/2178 2245/2245/2245 2246/2246/2246
f 2246/2246/2246 2179/2179/2179 2178/2178/2178
f 2205/2205/2205 2271/2271/2271 2272/2272/2272
f 2272/2272/2272 2206/2206/2206 2205/2205/2205
f 2169/2169/2169 2236/2236/2236 2237/2237/2237
f 2237/2237/2237 2170/2170/2170 2169/2169/2169
f 2195/2195/2195 2261/2261/2261 2262/2262/2262
f 2262/2262/2262 2196/2196/2196 2195/2195/2195
f 2159/2159/2159 2226/2226/2226 2227/2227/2227
f 2227/2227/2227 2160/2160/2160 2159/2159/2159
f 2187/2187/2187 2254/2254/2254 2255/2255/2255
f 2255/2255/2255 2188/2188/2188 2187/2187/2187
f 2150/2150/2150 2217/2217/2217 2218/2218/2218
f 2218/2218/2218 2151/2151/2151 2150/2150/2150
f 2177/2177/2177 2244/2244/2244 2245/2245/2245
f 2245/2245/2245 2178/2178/2178 2177/2177/2177
f 2204/2204/2204 2270/2270/2270 2271/2271/2271
f 2271/2271/2271 2205/2205/2205 2204/2204/2204
f 2168/2168/2168 2235/2235/2235 2236/2236/2236
f 2236/2236/2236 2169/2169/2169 2168/2168/2168
f 866/866/866 869/869/869 2261/2261/2261
f 2261/2261/2261 2195/2195/2195 866/866/866
f 2158/2158/2158 2225/2225/2225 2226/2226/2226
f 2226/2226/2226 2159/2159/2159 2158/2158/2158
f 2186/2186/2186 2253/2253/2253 2254/2254/2254
f 2254/2254/2254 2187/2187/2187 2186/2186/2186
f 2148/2148/2148 2216/2216/2216 2217/2217/2217
f 2217/2217/2217 2150/2150/2150 2148/2148/2148
f 2176/2176/2176 2243/2243/2243 2244/2244/2244
f 2244/2244/2244 2177/2177/2177 2176/2176/2176
f 2203/2203/2203 2269/2269/2269 2270/2270/2270
f 2270/2270/2270 2204/2204/2204 2203/2203/2203
f 2166/2166/2166 2233/2233/2233 2235/2235/2235
f 2235/2235/2235 2168/2168/2168 2166/2166/2166
f 863/863/863 870/870/870 869/869/869
f 869/869/869 866/866/866 863/863/863
f 2157/2157/2157 2224/2224/2224 2225/2225/2225
f 2225/2225/2225 2158/2158/2158 2157/2157/2157
f 2143/2143/2143 2210/2210/2210 2211/2211/2211
f 2211/2211/2211 2144/2144/2144 2143/2143/2143

