mtllib material.mtl
usemtl MugWhite
v 0.02610300 -0.00021400 0.00046900
v 0.02365600 0.01064400 0.00046900
v 0.01674100 0.01936500 0.00046900
v 0.00672600 0.02422200 0.00046900
v -0.00440500 0.02425300 0.00046900
v -0.01444600 0.01945200 0.00046900
v -0.02141000 0.01076900 0.00046900
v -0.02391700 -0.00007600 0.00046900
v -0.02147000 -0.01093400 0.00046900
v -0.01455400 -0.01965600 0.00046900
v -0.00454000 -0.02451300 0.00046900
v 0.00659100 -0.02454400 0.00046900
v 0.01663300 -0.01974200 0.00046900
v 0.02359700 -0.01105900 0.00046900
v -0.03887100 0.01923700 0.10828900
v 0.04105700 -0.01952700 0.10828900
v -0.02650400 0.03465700 0.10828900
v 0.02869000 -0.03494700 0.10828900
v -0.00867100 0.04318400 0.10828900
v 0.01085700 -0.04347500 0.10828900
v 0.01109600 0.04313000 0.10828900
v -0.00891000 -0.04342000 0.10828900
v 0.02888200 0.03450400 0.10828900
v -0.02669600 -0.03479400 0.10828900
v 0.04116400 0.01901500 0.10828900
v 0.04550900 -0.00026800 0.10828900
v -0.03897700 -0.01930600 0.10828900
v -0.04332300 -0.00002200 0.10828900
v 0.02228000 -0.00020400 0.00006900
v 0.02020700 0.00899500 0.00006900
v 0.01434900 0.01638300 0.00006900
v 0.00586500 0.02049700 0.00006900
v -0.00356400 0.02052400 0.00006900
v -0.01207100 0.01645600 0.00006900
v -0.01797000 0.00910000 0.00006900
v -0.02009400 -0.00008700 0.00006900
v -0.01802100 -0.00928500 0.00006900
v -0.01216200 -0.01667300 0.00006900
v -0.00367800 -0.02078800 0.00006900
v 0.00575100 -0.02081400 0.00006900
v 0.01425700 -0.01674600 0.00006900
v 0.02015600 -0.00939100 0.00006900
v -0.02190000 -0.00008200 -0.00000000
v -0.01965000 -0.01006400 -0.00000000
v 0.02408600 -0.00020900 -0.00000000
v 0.02183600 0.00977400 -0.00000000
v -0.01329200 -0.01808200 -0.00000000
v 0.01547900 0.01779200 -0.00000000
v -0.00408500 -0.02254700 -0.00000000
v 0.00627100 0.02225700 -0.00000000
v 0.00614800 -0.02257600 -0.00000000
v -0.00396100 0.02228500 -0.00000000
v 0.01537900 -0.01816100 -0.00000000
v -0.01319300 0.01787100 -0.00000000
v 0.02178100 -0.01017900 -0.00000000
v -0.01959500 0.00988800 -0.00000000
v 0.02437800 -0.00021000 0.00644200
v 0.02210000 0.00990000 0.00644200
v 0.01566200 0.01802000 0.00644200
v 0.00633700 0.02254200 0.00644200
v -0.00402600 0.02257100 0.00644200
v -0.01337500 0.01810000 0.00644200
v -0.01985800 0.01001600 0.00644200
v -0.02219200 -0.00008100 0.00644200
v -0.01991400 -0.01019000 0.00644200
v -0.01347500 -0.01831000 0.00644200
v -0.00415100 -0.02283200 0.00644200
v 0.00621200 -0.02286100 0.00644200
v 0.01556100 -0.01839100 0.00644200
v 0.02204500 -0.01030600 0.00644200
v -0.03594700 0.01781900 0.10830500
v 0.03813400 -0.01810900 0.10830500
v -0.02448500 0.03211100 0.10830500
v 0.02667100 -0.03240200 0.10830500
v -0.00795600 0.04001500 0.10830500
v 0.01014300 -0.04030500 0.10830500
v 0.01036500 0.03996400 0.10830500
v -0.00817800 -0.04025500 0.10830500
v 0.02684900 0.03196900 0.10830500
v -0.02466300 -0.03226000 0.10830500
v 0.03823200 0.01761400 0.10830500
v 0.04226000 -0.00025900 0.10830500
v -0.03604600 -0.01790400 0.10830500
v -0.04007400 -0.00003100 0.10830500
v -0.03933100 -0.00003300 0.09931000
v -0.03537600 -0.01758400 0.09931000
v 0.04151800 -0.00025700 0.09931000
v 0.03756200 0.01729400 0.09931000
v -0.02419900 -0.03168100 0.09931000
v 0.02638900 0.03139100 0.09930800
v -0.00801100 -0.03953100 0.09931000
v 0.01021500 0.03924100 0.09930800
v 0.00998000 -0.03958100 0.09931000
v -0.00781100 0.03929100 0.09930800
v 0.02621000 -0.03182000 0.09931000
v -0.02402800 0.03153100 0.09930800
v 0.03746600 -0.01778500 0.09931000
v -0.03527900 0.01749500 0.09931000
v -0.02212500 -0.01124800 0.01010500
v 0.02431100 0.01095700 0.01010500
v -0.01500900 -0.02022200 0.01010500
v 0.01719500 0.01993200 0.01010500
v -0.00470300 -0.02522000 0.01010500
v 0.00688900 0.02493000 0.01010500
v 0.00675100 -0.02525200 0.01010500
v -0.00456400 0.02496100 0.01010500
v 0.01708400 -0.02031100 0.01010500
v -0.01489700 0.02002000 0.01010500
v 0.02424900 -0.01137600 0.01010500
v -0.02206300 0.01108500 0.01010500
v -0.02464300 -0.00007400 0.01010500
v 0.02682900 -0.00021600 0.01010500
v -0.02986000 -0.00006000 0.02446900
v -0.03342600 -0.00005000 0.03812800
v -0.03748000 -0.00003900 0.06640500
v -0.03859000 -0.00003600 0.08270300
v 0.03204600 -0.00023100 0.02446900
v 0.03561200 -0.00024100 0.03812800
v 0.03966700 -0.00025200 0.06640500
v 0.04077600 -0.00025500 0.08270300
v -0.03470800 -0.01726400 0.08270300
v -0.03370700 -0.01678600 0.06640500
v -0.03004900 -0.01503600 0.03812800
v -0.02683200 -0.01349800 0.02446900
v 0.03689300 0.01697400 0.08270300
v 0.03589300 0.01649500 0.06640600
v 0.03223500 0.01474600 0.03812800
v 0.02901800 0.01320800 0.02446900
v -0.02373500 -0.03110200 0.08270300
v -0.02304000 -0.03023700 0.06640500
v -0.02050400 -0.02707400 0.03812800
v -0.01827300 -0.02429200 0.02446900
v 0.02594200 0.03081400 0.08270300
v 0.02523100 0.02994800 0.06640700
v 0.02269000 0.02678300 0.03812800
v 0.02045900 0.02400100 0.02446900
v -0.00784400 -0.03880900 0.08270300
v -0.00759400 -0.03772800 0.06640500
v -0.00668100 -0.03377700 0.03812800
v -0.00587800 -0.03030300 0.02446900
v 0.01010000 0.03852100 0.08270300
v 0.00979800 0.03744100 0.06640500
v 0.00886700 0.03348700 0.03812800
v 0.00806400 0.03001300 0.02446900
v 0.00981700 -0.03885800 0.08270300
v 0.00957300 -0.03777500 0.06640500
v 0.00868100 -0.03382000 0.03812800
v 0.00789700 -0.03034100 0.02446900
v -0.00769900 0.03857000 0.08270300
v -0.00740400 0.03748800 0.06640500
v -0.00649500 0.03352900 0.03812800
v -0.00571100 0.03005100 0.02446900
v 0.02574900 -0.03123900 0.08270300
v 0.02506000 -0.03037000 0.06640500
v 0.02254100 -0.02719300 0.03812800
v 0.02032500 -0.02439900 0.02446900
v -0.02358400 0.03095100 0.08270300
v -0.02287800 0.03008100 0.06640700
v -0.02035400 0.02690200 0.03812800
v -0.01813900 0.02410800 0.02446900
v 0.03679900 -0.01746200 0.08270300
v 0.03580000 -0.01697800 0.06640500
v 0.03215200 -0.01520800 0.03812800
v 0.02894400 -0.01365200 0.02446900
v -0.03461200 0.01717200 0.08270300
v -0.03361400 0.01668800 0.06640600
v -0.02996600 0.01491800 0.03812800
v -0.02675700 0.01336200 0.02446900
v 0.01435900 -0.00657900 0.00636300
v 0.01025300 -0.01169700 0.00636300
v 0.00433400 -0.01452800 0.00636300
v -0.00222700 -0.01451000 0.00636300
v -0.00813100 -0.01164600 0.00636300
v -0.01220800 -0.00650500 0.00636300
v -0.01365000 -0.00010400 0.00636300
v -0.01217200 0.00628800 0.00636300
v -0.00806700 0.01140700 0.00636300
v -0.00214800 0.01423700 0.00636300
v 0.00441400 0.01421900 0.00636300
v 0.01031700 0.01135600 0.00636300
v 0.01439400 0.00621500 0.00636300
v 0.01583600 -0.00018600 0.00636300
v -0.03569000 -0.00004400 0.05167300
v 0.03787600 -0.00024700 0.05167300
v -0.03209100 -0.01601300 0.05167300
v 0.03427700 0.01572300 0.05167300
v -0.02192000 -0.02884000 0.05167300
v 0.02410600 0.02855000 0.05167300
v -0.00719100 -0.03598300 0.05167300
v 0.00937700 0.03569300 0.05167200
v 0.00917900 -0.03602800 0.05167300
v -0.00699300 0.03573900 0.05167200
v 0.02394700 -0.02896700 0.05167200
v -0.02176100 0.02867600 0.05167300
v 0.03418900 -0.01619600 0.05167300
v -0.03200300 0.01590600 0.05167300
v 0.00747900 -0.00324200 0.00636300
v 0.00550300 -0.00570600 0.00636300
v 0.00265300 -0.00706900 0.00636300
v -0.00050500 -0.00706000 0.00636300
v -0.00334700 -0.00568200 0.00636300
v -0.00530900 -0.00320700 0.00636300
v -0.00600400 -0.00012600 0.00636300
v -0.00529200 0.00295200 0.00636300
v -0.00331600 0.00541600 0.00636300
v -0.00046700 0.00677800 0.00636300
v 0.00269200 0.00677000 0.00636300
v 0.00553300 0.00539100 0.00636300
v 0.00749600 0.00291600 0.00636300
v 0.00819000 -0.00016500 0.00636300
v 0.00109300 -0.00014500 0.00636300
v 0.02548900 0.00535200 0.00046900
v 0.02068800 0.01539300 0.00046900
v 0.01200600 0.02235600 0.00046900
v 0.00116200 0.02486200 0.00046900
v -0.00969500 0.02241600 0.00046900
v -0.01841500 0.01550100 0.00046900
v -0.02327200 0.00548700 0.00046900
v -0.02330300 -0.00564200 0.00046900
v -0.01850200 -0.01568300 0.00046900
v -0.00981900 -0.02264600 0.00046900
v 0.00102400 -0.02515300 0.00046900
v 0.01188100 -0.02270600 0.00046900
v 0.02060200 -0.01579100 0.00046900
v 0.02545800 -0.00577700 0.00046900
v 0.04441800 0.00961700 0.10828900
v 0.03589100 0.02744800 0.10828900
v 0.02047300 0.03981400 0.10828900
v 0.00121600 0.04426500 0.10828900
v -0.01806500 0.03992100 0.10828900
v -0.03355200 0.02764000 0.10828900
v -0.03370500 -0.02773900 0.10828900
v -0.01828700 -0.04010500 0.10828900
v 0.00097000 -0.04455600 0.10828900
v 0.02025200 -0.04021100 0.10828900
v 0.03573800 -0.02793100 0.10828900
v 0.04436300 -0.01014700 0.10828900
v -0.04217700 0.00985700 0.10828900
v -0.04223100 -0.00990800 0.10828900
v 0.02176000 0.00451200 0.00006900
v 0.01769200 0.01301700 0.00006900
v 0.01033800 0.01891600 0.00006900
v 0.00115200 0.02103900 0.00006900
v -0.00804600 0.01896700 0.00006900
v -0.01543300 0.01310900 0.00006900
v -0.01954700 0.00462600 0.00006900
v -0.01957300 -0.00480200 0.00006900
v -0.01550600 -0.01330800 0.00006900
v -0.00815100 -0.01920600 0.00006900
v 0.00103500 -0.02133000 0.00006900
v 0.01023200 -0.01925700 0.00006900
v 0.01761900 -0.01339900 0.00006900
v 0.02173400 -0.00491600 0.00006900
v -0.02282200 -0.00007900 0.00001100
v -0.01882200 -0.00966800 -0.00000000
v 0.02500800 -0.00021100 0.00001100
v 0.02100900 0.00937800 -0.00000000
v -0.01271800 -0.01736600 -0.00000000
v 0.01490500 0.01707600 -0.00000000
v -0.00387900 -0.02165300 -0.00000000
v 0.00606500 0.02136300 -0.00000000
v 0.00594600 -0.02168100 -0.00000000
v -0.00376000 0.02139000 -0.00000000
v 0.01480900 -0.01744200 -0.00000000
v -0.01262300 0.01715200 -0.00000000
v 0.02095600 -0.00977800 -0.00000000
v -0.01876900 0.00948800 -0.00000000
v -0.02098200 -0.00008400 -0.00000000
v -0.02048200 -0.01046200 0.00001100
v 0.02316800 -0.00020600 -0.00000000
v 0.02266900 0.01017200 0.00001100
v -0.01386900 -0.01880200 0.00001100
v 0.01605600 0.01851100 0.00001100
v -0.00429300 -0.02344600 0.00001100
v 0.00647900 0.02315600 0.00001100
v 0.00635000 -0.02347500 0.00001100
v -0.00416400 0.02318500 0.00001100
v 0.01595200 -0.01888400 0.00001100
v -0.01376600 0.01859400 0.00001100
v 0.02261100 -0.01058100 0.00001100
v -0.02042500 0.01029100 0.00001100
v -0.02130700 0.00503300 -0.00000000
v 0.02349300 -0.00532300 -0.00000000
v -0.01684200 0.01423900 -0.00000000
v 0.01902800 -0.01452900 -0.00000000
v -0.00882500 0.02059600 -0.00000000
v 0.01101100 -0.02088600 -0.00000000
v 0.00115700 0.02284500 -0.00000000
v 0.00103000 -0.02313500 -0.00000000
v 0.01112500 0.02054100 -0.00000000
v -0.00893900 -0.02083100 -0.00000000
v 0.01910700 0.01413900 -0.00000000
v -0.01692100 -0.01443000 -0.00000000
v 0.02352100 0.00490900 -0.00000000
v -0.02133500 -0.00519900 -0.00000000
v 0.02380600 0.00497300 0.00644200
v 0.01933600 0.01432100 0.00644200
v 0.01125300 0.02080400 0.00644200
v 0.00115700 0.02313800 0.00644200
v -0.00895100 0.02086000 0.00644200
v -0.01707000 0.01442200 0.00644200
v -0.02159200 0.00509800 0.00644200
v -0.02162000 -0.00526300 0.00644200
v -0.01715000 -0.01461100 0.00644200
v -0.00906700 -0.02109400 0.00644200
v 0.00102900 -0.02342800 0.00644200
v 0.01113700 -0.02115000 0.00644200
v 0.01925600 -0.01471200 0.00644200
v 0.02377800 -0.00538900 0.00644200
v 0.03772800 0.01737300 0.10491500
v 0.04170100 -0.00025700 0.10491500
v 0.02649900 0.03153400 0.10491400
v -0.00805200 -0.03971000 0.10491500
v 0.01024100 0.03941900 0.10491400
v -0.03951500 -0.00003300 0.10491500
v 0.01002000 -0.03976000 0.10491500
v 0.04124900 0.00890300 0.10830500
v 0.03334600 0.02543000 0.10830500
v 0.01905500 0.03689100 0.10830500
v 0.00120700 0.04101700 0.10830500
v -0.01666400 0.03699000 0.10830500
v -0.03101800 0.02560800 0.10830500
v -0.02413800 0.03167400 0.10491400
v -0.03116000 -0.02572000 0.10830500
v -0.02102400 -0.01072100 0.00715200
v -0.02431300 -0.03182400 0.10491500
v 0.02321000 0.01043100 0.00715200
v -0.01424500 -0.01927000 0.00715200
v 0.01643100 0.01898000 0.00715200
v -0.00442800 -0.02403100 0.00715200
v 0.00661400 0.02374100 0.00715200
v 0.00648200 -0.02406100 0.00715200
v -0.00429600 0.02377100 0.00715200
v 0.01632500 -0.01935500 0.00715200
v -0.01413900 0.01906400 0.00715200
v 0.02315200 -0.01084300 0.00715200
v -0.02096500 0.01055300 0.00715200
v -0.03902100 -0.00003400 0.09148600
v -0.01686900 -0.03718200 0.10830500
v 0.04120800 -0.00025600 0.09148600
v 0.03763100 -0.01786500 0.10491500
v 0.00097900 -0.04130700 0.10830500
v -0.03544400 0.01757500 0.10491500
v 0.01885000 -0.03728000 0.10830500
v -0.00783600 0.03946900 0.10491400
v 0.03320400 -0.02589800 0.10830500
v -0.03554200 -0.01766300 0.10491500
v 0.04119800 -0.00941600 0.10830500
v 0.02632400 -0.03196400 0.10491500
v -0.03901200 0.00912500 0.10830500
v -0.03906200 -0.00919400 0.10830500
v -0.03828800 0.00895800 0.09931000
v 0.04047500 -0.00924800 0.09931000
v -0.03043800 0.02514400 0.09930900
v 0.03262500 -0.02543400 0.09931000
v -0.01635900 0.03632100 0.09930800
v 0.01853000 -0.03661100 0.09931000
v 0.00120500 0.04027500 0.09930800
v 0.00098100 -0.04056500 0.09931000
v 0.01874700 0.03622400 0.09930800
v -0.01654500 -0.03651400 0.09931000
v 0.03276400 0.02497000 0.09930900
v -0.03057800 -0.02525900 0.09931000
v 0.04052400 0.00874000 0.09931000
v -0.03833800 -0.00903100 0.09931000
v -0.02433500 -0.01230400 0.01655500
v 0.02652100 0.01201400 0.01655500
v -0.01654100 -0.02213300 0.01655500
v 0.01872700 0.02184200 0.01655500
v -0.00525500 -0.02760600 0.01655500
v 0.00744100 0.02731600 0.01655500
v 0.00728900 -0.02764100 0.01655500
v -0.00510300 0.02735100 0.01655500
v 0.01860500 -0.02223000 0.01655500
v -0.01641900 0.02193900 0.01655500
v 0.02645300 -0.01244500 0.01655500
v -0.02426700 0.01215400 0.01655500
v -0.02342300 -0.00007700 0.00715200
v 0.02560900 -0.00021300 0.00715200
v -0.02401100 -0.00580200 0.01010500
v 0.02619700 0.00551200 0.01010500
v -0.01907000 -0.01613400 0.01010500
v 0.02125600 0.01584300 0.01010500
v -0.01013600 -0.02329900 0.01010500
v 0.01232200 0.02300900 0.01010500
v 0.00102200 -0.02587800 0.01010500
v 0.00116400 0.02558800 0.01010500
v 0.01219400 -0.02336100 0.01010500
v -0.01000800 0.02307000 0.01010500
v 0.02116800 -0.01624500 0.01010500
v -0.01898100 0.01595500 0.01010500
v 0.02616500 -0.00594100 0.01010500
v -0.02397900 0.00565000 0.01010500
v -0.02709200 -0.00006700 0.01655500
v -0.03194100 -0.00005400 0.03159200
v -0.03665900 -0.00004100 0.05887800
v -0.03810000 -0.00003700 0.07429900
v 0.02927800 -0.00022300 0.01655500
v 0.03412700 -0.00023700 0.03159200
v 0.03884500 -0.00025000 0.05887800
v 0.04028600 -0.00025400 0.07429900
v -0.03509700 -0.01745000 0.09148600
v -0.03426600 -0.01705300 0.07429900
v -0.03113600 -0.01555600 0.04476600
v -0.02870900 -0.01439600 0.03159200
v 0.03728300 0.01716000 0.09148600
v 0.03645100 0.01676300 0.07429900
v 0.03332200 0.01526600 0.04476600
v 0.03089600 0.01410600 0.03159200
v -0.02400500 -0.03143900 0.09148600
v -0.02342800 -0.03072000 0.07429900
v -0.02125800 -0.02801400 0.04476600
v -0.01957500 -0.02591500 0.03159200
v 0.02620500 0.03115000 0.09148500
v 0.02562900 0.03043200 0.07430000
v 0.02344400 0.02772400 0.04476600
v 0.02176100 0.02562500 0.03159200
v -0.00794100 -0.03922900 0.09148600
v -0.00773400 -0.03833200 0.07429900
v -0.00695300 -0.03495200 0.04476600
v -0.00634700 -0.03233100 0.03159200
v 0.01017700 0.03894000 0.09148500
v 0.00997000 0.03804500 0.07429900
v 0.00913900 0.03466100 0.04476600
v 0.00853300 0.03204000 0.03159200
v 0.00991100 -0.03927900 0.09148600
v 0.00970900 -0.03838000 0.07429900
v 0.00894600 -0.03499600 0.04476600
v 0.00835500 -0.03237100 0.03159200
v -0.00777500 0.03899000 0.09148500
v -0.00757200 0.03809300 0.07429900
v -0.00676000 0.03470500 0.04476600
v -0.00616900 0.03208100 0.03159200
v 0.02601800 -0.03157700 0.09148600
v 0.02544500 -0.03085500 0.07429900
v 0.02329000 -0.02813700 0.04476600
v 0.02161800 -0.02602900 0.03159200
v -0.02384600 0.03128900 0.09148500
v -0.02327300 0.03056700 0.07430000
v -0.02110300 0.02784700 0.04476600
v -0.01943200 0.02573900 0.03159200
v 0.03718700 -0.01765000 0.09148600
v 0.03635800 -0.01724800 0.07429900
v 0.03323700 -0.01573400 0.04476600
v 0.03081600 -0.01456100 0.03159200
v -0.03500000 0.01736000 0.09148600
v -0.03417100 0.01695800 0.07429900
v -0.03105000 0.01544400 0.04476600
v -0.02863000 0.01427000 0.03159200
v -0.02909900 -0.00694900 0.02446900
v -0.03257800 -0.00773300 0.03812800
v -0.03653300 -0.00862400 0.06640500
v -0.03761500 -0.00886800 0.08270300
v 0.03128600 0.00665800 0.02446900
v 0.03476400 0.00744200 0.03812800
v 0.03871900 0.00833300 0.06640500
v 0.03980100 0.00857700 0.08270300
v -0.02315800 -0.01937500 0.02446900
v -0.02595100 -0.02159000 0.03812800
v -0.02912800 -0.02410900 0.06640500
v -0.02999700 -0.02479900 0.08270300
v 0.02534400 0.01908500 0.02446900
v 0.02813800 0.02130000 0.03812800
v 0.03131400 0.02382000 0.06640700
v 0.03218500 0.02451000 0.08270300
v -0.01241200 -0.02799300 0.02446900
v -0.01396800 -0.03120100 0.03812800
v -0.01573800 -0.03484900 0.06640500
v -0.01622200 -0.03584700 0.08270300
v 0.01459900 0.02770200 0.02446900
v 0.01615500 0.03091000 0.03812800
v 0.01793900 0.03456100 0.06640600
v 0.01847000 0.03555900 0.08270300
v 0.00100800 -0.03109500 0.02446900
v 0.00099800 -0.03466000 0.03812800
v 0.00098700 -0.03871400 0.06640500
v 0.00098300 -0.03982400 0.08270300
v 0.00117900 0.03080400 0.02446900
v 0.00118900 0.03437000 0.03812800
v 0.00120000 0.03842700 0.06640500
v 0.00120300 0.03953600 0.08270300
v 0.01444500 -0.02806700 0.02446900
v 0.01598300 -0.03128400 0.03812800
v 0.01773200 -0.03494100 0.06640500
v 0.01821000 -0.03594200 0.08270300
v -0.01225800 0.02777600 0.02446900
v -0.01379600 0.03099300 0.03812800
v -0.01556100 0.03465300 0.06640600
v -0.01608600 0.03565500 0.08270300
v 0.02523700 -0.01950900 0.02446900
v 0.02801900 -0.02174000 0.03812800
v 0.03118100 -0.02427600 0.06640500
v 0.03204700 -0.02497000 0.08270300
v -0.02305100 0.01921800 0.02446900
v -0.02583200 0.02144900 0.03812800
v -0.02899500 0.02398700 0.06640700
v -0.02986200 0.02468100 0.08270300
v 0.03124800 -0.00711600 0.02446900
v 0.03472200 -0.00791900 0.03812800
v 0.03867200 -0.00883200 0.06640500
v 0.03975300 -0.00908200 0.08270300
v -0.02906100 0.00682500 0.02446900
v -0.03253500 0.00762800 0.03812800
v -0.03648500 0.00854100 0.06640500
v -0.03756600 0.00879100 0.08270300
v -0.01089500 0.01497300 0.00636500
v -0.00325200 -0.01894400 0.00636500
v 0.00533400 -0.01896700 0.00636500
v 0.01850000 0.00817800 0.00636500
v -0.01626700 0.00827400 0.00636500
v 0.01845300 -0.00856500 0.00636500
v 0.01545600 -0.00346500 0.00636300
v 0.00745300 -0.01344400 0.00636300
v -0.00534000 -0.01340900 0.00636300
v -0.01328800 -0.00338600 0.00636300
v -0.01040700 0.00907800 0.00636300
v 0.00113400 0.01459600 0.00636300
v 0.01264400 0.00901400 0.00636300
v 0.01547400 0.00309500 0.00636300
v 0.01308100 -0.01526300 0.00636500
v 0.01316400 0.01490600 0.00636500
v 0.00752600 0.01311900 0.00636300
v -0.00526600 0.01315400 0.00636300
v -0.01327000 0.00317500 0.00636300
v -0.01045800 -0.00930500 0.00636300
v 0.00105200 -0.01488700 0.00636300
v 0.01259300 -0.00936800 0.00636300
v 0.02038700 -0.00019900 0.00636500
v -0.01820100 -0.00009200 0.00636500
v -0.01631300 -0.00846900 0.00636500
v 0.00543800 0.01865300 0.00636500
v -0.01097800 -0.01519700 0.00636500
v -0.00314800 0.01867700 0.00636500
v -0.03463100 -0.00004600 0.04476600
v 0.03681700 -0.00024400 0.04476600
v -0.03296500 -0.01643100 0.05887800
v 0.03515100 0.01614100 0.05887800
v -0.02252600 -0.02959600 0.05887800
v 0.02471300 0.02930600 0.05887900
v -0.00740900 -0.03692700 0.05887800
v 0.00959800 0.03663900 0.05887800
v 0.00939200 -0.03697400 0.05887800
v -0.00720800 0.03668500 0.05887800
v 0.02454900 -0.02972600 0.05887800
v -0.02236300 0.02943600 0.05887900
v 0.03506100 -0.01661900 0.05887800
v -0.03287500 0.01632900 0.05887800
v -0.03474100 0.00813800 0.05167300
v 0.03692700 -0.00842800 0.05167300
v -0.02759800 0.02286600 0.05167300
v 0.02978400 -0.02315600 0.05167200
v -0.01477300 0.03303600 0.05167300
v 0.01695900 -0.03332600 0.05167200
v 0.00119500 0.03663400 0.05167200
v 0.00099100 -0.03692400 0.05167300
v 0.01714200 0.03294800 0.05167300
v -0.01495600 -0.03323800 0.05167300
v 0.02991100 0.02270700 0.05167300
v -0.02772500 -0.02299700 0.05167300
v 0.03697200 0.00794000 0.05167300
v -0.03478600 -0.00823000 0.05167300
v -0.03740900 0.01852800 0.10921800
v 0.03959500 -0.01881800 0.10921800
v -0.02549400 0.03338400 0.10921800
v 0.02768100 -0.03367400 0.10921800
v -0.00831300 0.04159900 0.10921800
v 0.01050000 -0.04189000 0.10921800
v 0.01073000 0.04154700 0.10921800
v -0.00854400 -0.04183700 0.10921800
v 0.02786500 0.03323600 0.10921800
v -0.02567900 -0.03352700 0.10921800
v 0.03969800 0.01831500 0.10921800
v 0.04388400 -0.00026400 0.10921800
v -0.03751200 -0.01860500 0.10921800
v -0.04169800 -0.00002700 0.10921800
v 0.00807100 -0.00175800 0.00636300
v 0.00418300 -0.00660600 0.00636300
v -0.00203200 -0.00658900 0.00636300
v -0.00589300 -0.00172000 0.00636300
v -0.00449400 0.00433600 0.00636300
v 0.00111300 0.00701700 0.00636300
v 0.00670500 0.00430500 0.00636300
v 0.00808000 0.00142900 0.00636300
v 0.00421800 0.00629900 0.00636300
v -0.00199600 0.00631600 0.00636300
v -0.00588500 0.00146800 0.00636300
v -0.00451800 -0.00459500 0.00636300
v 0.00107300 -0.00730700 0.00636300
v 0.00668000 -0.00462600 0.00636300
v -0.00954500 -0.00011600 0.00636300
v -0.00847900 0.00449700 0.00636300
v -0.00124500 0.01023300 0.00636300
v 0.00348900 0.01022000 0.00636300
v -0.00556300 -0.00844400 0.00636300
v -0.00850400 -0.00473500 0.00636300
v 0.00774900 0.00815400 0.00636300
v 0.01069100 0.00444400 0.00636300
v 0.00343200 -0.01052300 0.00636300
v -0.00130300 -0.01051000 0.00636300
v 0.01173200 -0.00017500 0.00636300
v 0.01066500 -0.00478800 0.00636300
v 0.00770300 -0.00848100 0.00636300
v -0.00551700 0.00819100 0.00636300
v 0.00475900 -0.00192300 0.00636300
v 0.00516700 -0.00015600 0.00636300
v 0.00201100 0.00382400 0.00636300
v 0.00364200 0.00303300 0.00636300
v 0.00362400 -0.00333700 0.00636300
v 0.00198900 -0.00411900 0.00636300
v -0.00143800 0.00304700 0.00636300
v 0.00019800 0.00382900 0.00636300
v 0.00017600 -0.00411400 0.00636300
v -0.00145500 -0.00332300 0.00636300
v -0.00298000 -0.00013400 0.00636300
v -0.00257200 0.00163300 0.00636300
v -0.00258200 -0.00190200 0.00636300
v 0.00476800 0.00161200 0.00636300
v -0.02044000 -0.00499700 -0.00000000
v 0.02262600 0.00470700 -0.00000000
v -0.01620200 -0.01386000 -0.00000000
v 0.01838800 0.01356900 -0.00000000
v -0.00853900 -0.02000600 -0.00000000
v 0.01072500 0.01971500 -0.00000000
v 0.00103200 -0.02221800 -0.00000000
v 0.00115400 0.02192800 -0.00000000
v 0.01061500 -0.02005900 -0.00000000
v -0.00842900 0.01976800 -0.00000000
v 0.01831200 -0.01395500 -0.00000000
v -0.01612600 0.01366500 -0.00000000
v 0.02259900 -0.00511600 -0.00000000
v -0.02041300 0.00482600 -0.00000000
v -0.02220500 0.00524000 0.00001100
v 0.02439100 -0.00553100 0.00001100
v -0.01756100 0.01481600 0.00001100
v 0.01974700 -0.01510600 0.00001100
v -0.00922300 0.02142800 0.00001100
v 0.01140900 -0.02171800 0.00001100
v 0.00115900 0.02376700 0.00001100
v 0.00102700 -0.02405800 0.00001100
v 0.01152800 0.02137000 0.00001100
v -0.00934200 -0.02166100 0.00001100
v 0.01983000 0.01471200 0.00001100
v -0.01764400 -0.01500300 0.00001100
v 0.02442100 0.00511100 0.00001100
v -0.02223400 -0.00540200 0.00001100
v 0.01881300 0.03638900 0.10491400
v 0.04070300 0.00878000 0.10491500
v -0.03846700 0.00899900 0.10491500
v -0.03072200 -0.02537300 0.10491500
v 0.00098100 -0.04074800 0.10491500
v 0.03276800 -0.02554900 0.10491500
v 0.00120500 0.04045800 0.10491400
v 0.03290800 0.02508300 0.10491400
v -0.03851700 -0.00907100 0.10491500
v -0.03058100 0.02525900 0.10491400
v 0.01860900 -0.03677600 0.10491500
v -0.01662500 -0.03667900 0.10491500
v -0.01642400 0.03648600 0.10491400
v 0.04065300 -0.00929000 0.10491500
v -0.03798700 0.00888800 0.09148600
v 0.04017300 -0.00917900 0.09148600
v -0.03019800 0.02495100 0.09148600
v 0.03238300 -0.02524000 0.09148600
v -0.01625500 0.03604300 0.09148500
v 0.01839600 -0.03633100 0.09148600
v 0.00098200 -0.04025500 0.09148600
v 0.01864100 0.03594600 0.09148500
v -0.01641000 -0.03623500 0.09148600
v 0.03252200 0.02477800 0.09148600
v -0.03033500 -0.02506700 0.09148600
v 0.04022200 0.00867200 0.09148600
v -0.03803600 -0.00896200 0.09148600
v -0.02282000 -0.00553400 0.00715200
v 0.02500700 0.00524300 0.00715200
v -0.01811400 -0.01537600 0.00715200
v 0.02030000 0.01508500 0.00715200
v -0.00960400 -0.02220100 0.00715200
v 0.01179000 0.02191100 0.00715200
v 0.00102500 -0.02465800 0.00715200
v 0.00116100 0.02436800 0.00715200
v 0.01166800 -0.02226000 0.00715200
v -0.00948200 0.02197000 0.00715200
v 0.02021600 -0.01548200 0.00715200
v -0.01803000 0.01519100 0.00715200
v 0.02497700 -0.00566600 0.00715200
v -0.02279000 0.00537600 0.00715200
v -0.02640000 -0.00634000 0.01655500
v -0.03113000 -0.00740600 0.03159200
v -0.03573100 -0.00844300 0.05887800
v -0.03713700 -0.00876000 0.07429900
v 0.02858600 0.00605000 0.01655500
v 0.03331600 0.00711600 0.03159200
v 0.03791800 0.00815300 0.05887800
v 0.03932300 0.00847000 0.07429900
v -0.02098900 -0.01765600 0.01655500
v -0.02478800 -0.02066800 0.03159200
v -0.02848400 -0.02359900 0.05887800
v -0.02961300 -0.02449400 0.07429900
v 0.02317500 0.01736500 0.01655500
v 0.02697400 0.02037800 0.03159200
v 0.03067000 0.02330900 0.05887900
v 0.03180000 0.02420500 0.07430000
v -0.01120500 -0.02550300 0.01655500
v -0.01332100 -0.02986500 0.03159200
v -0.01537900 -0.03410900 0.05887800
v -0.01600800 -0.03540600 0.07429900
v 0.01339100 0.02521200 0.01655500
v 0.01550700 0.02957500 0.03159200
v 0.01756700 0.03382100 0.05887900
v 0.01823900 0.03511900 0.07429900
v 0.00101500 -0.02832700 0.01655500
v 0.00100200 -0.03317600 0.03159200
v 0.00098900 -0.03789300 0.05887800
v 0.00098500 -0.03933400 0.07429900
v 0.00117100 0.02803700 0.01655500
v 0.00119700 0.03760500 0.05887800
v 0.00120100 0.03904700 0.07429800
v 0.01325100 -0.02557000 0.01655500
v 0.01534200 -0.02994400 0.03159200
v 0.01737700 -0.03420000 0.05887800
v 0.01799900 -0.03550000 0.07429900
v -0.01106400 0.02528000 0.01655500
v -0.01315600 0.02965400 0.03159200
v -0.01519300 0.03391100 0.05887900
v -0.01585700 0.03521300 0.07429900
v 0.02307800 -0.01777700 0.01655500
v 0.02686100 -0.02081100 0.03159200
v 0.03054000 -0.02376200 0.05887800
v 0.03166500 -0.02466400 0.07429900
v -0.02089200 0.01748700 0.01655500
v -0.02467400 0.02052000 0.03159200
v -0.02835400 0.02347200 0.05887900
v -0.02947900 0.02437500 0.07430000
v 0.02855100 -0.00649200 0.01655500
v 0.03327500 -0.00758400 0.03159200
v 0.03787100 -0.00864700 0.05887800
v 0.03927500 -0.00897100 0.07429900
v -0.02636500 0.00620200 0.01655500
v -0.03108900 0.00729400 0.03159200
v -0.03568500 0.00835600 0.05887800
v -0.03708900 0.00868100 0.07429900
v 0.01614300 -0.01221500 0.00636500
v 0.00114600 0.01914700 0.00636500
v 0.01988900 -0.00449000 0.00636500
v -0.01770300 0.00420000 0.00636500
v -0.01772700 -0.00438600 0.00636500
v 0.01991300 0.00409600 0.00636500
v -0.01402300 -0.01213200 0.00636500
v 0.01620900 0.01184100 0.00636500
v -0.00732500 -0.01750300 0.00636500
v 0.00951200 0.01721300 0.00636500
v 0.00104000 -0.01943700 0.00636500
v -0.00722900 0.01725900 0.00636500
v 0.00941600 -0.01755000 0.00636500
v -0.01395700 0.01192500 0.00636500
v -0.03371000 0.00790000 0.04476600
v 0.03589600 -0.00819000 0.04476600
v -0.02677200 0.02220300 0.04476600
v 0.02895900 -0.02249400 0.04476600
v -0.01431600 0.03208000 0.04476600
v 0.01650300 -0.03237100 0.04476600
v 0.00119200 0.03557500 0.04476600
v 0.00099400 -0.03586500 0.04476600
v 0.01668100 0.03199500 0.04476600
v -0.01449400 -0.03228500 0.04476600
v 0.02908200 0.02204900 0.04476600
v -0.02689600 -0.02233900 0.04476600
v 0.03594000 0.00770700 0.04476600
v -0.03375300 -0.00799700 0.04476600
v 0.00120400 0.03996600 0.09148500
v 0.00118400 0.03288500 0.03159200
v 0.04283300 0.00926000 0.10921800
v 0.03461900 0.02643900 0.10921800
v 0.01976400 0.03835300 0.10921800
v 0.00121100 0.04264100 0.10921800
v -0.01736500 0.03845500 0.10921800
v -0.03228500 0.02662400 0.10921800
v -0.03243200 -0.02673000 0.10921800
v -0.01757800 -0.03864300 0.10921800
v 0.00097500 -0.04293200 0.10921800
v 0.01955100 -0.03874600 0.10921800
v 0.03447100 -0.02691500 0.10921800
v 0.04278000 -0.00978100 0.10921800
v -0.04059400 0.00949100 0.10921800
v -0.04064700 -0.00955100 0.10921800
v -0.00927900 0.00225200 0.00636300
v 0.00112300 0.01050000 0.00636300
v -0.00724800 -0.00676000 0.00636300
v 0.00943400 0.00646900 0.00636300
v 0.00106400 -0.01079100 0.00636300
v 0.01147800 0.00219500 0.00636300
v 0.01146500 -0.00254300 0.00636300
v 0.00939800 -0.00680600 0.00636300
v 0.00568500 -0.00974900 0.00636300
v -0.00355200 -0.00972400 0.00636300
v 0.00573900 0.00943300 0.00636300
v -0.00929200 -0.00248500 0.00636300
v -0.00349900 0.00945900 0.00636300
v -0.00721100 0.00651500 0.00636300
v 0.00568800 -0.00120700 0.00636300
v 0.00315100 0.00409800 0.00636300
v 0.00312700 -0.00439900 0.00636300
v -0.00094100 0.00410900 0.00636300
v -0.00096400 -0.00438800 0.00636300
v -0.00350100 0.00091700 0.00636300
v -0.00350700 -0.00118200 0.00636300
v -0.00260200 -0.00307500 0.00636300
v -0.00258500 0.00280500 0.00636300
v 0.00108000 -0.00486100 0.00636300
v 0.00110600 0.00457000 0.00636300
v 0.00477200 -0.00309500 0.00636300
v 0.00478800 0.00278500 0.00636300
v 0.00569300 0.00089200 0.00636300
vn 0.60800000 -0.00170000 -0.79390000
vn 0.54860000 0.26230000 -0.79390000
vn 0.38040000 0.47430000 -0.79390000
vn 0.13690000 0.59240000 -0.79390000
vn -0.13370000 0.59320000 -0.79390000
vn -0.37780000 0.47640000 -0.79390000
vn -0.54710000 0.26530000 -0.79390000
vn -0.60800000 0.00170000 -0.79390000
vn -0.54860000 -0.26230000 -0.79390000
vn -0.38040000 -0.47430000 -0.79390000
vn -0.13690000 -0.59240000 -0.79390000
vn 0.13370000 -0.59320000 -0.79390000
vn 0.37780000 -0.47640000 -0.79390000
vn 0.54710000 -0.26530000 -0.79390000
vn -0.74320000 0.36050000 0.56360000
vn 0.74320000 -0.36050000 0.56360000
vn -0.51320000 0.64720000 0.56370000
vn 0.51320000 -0.64720000 0.56360000
vn -0.18160000 0.80580000 0.56370000
vn 0.18160000 -0.80580000 0.56360000
vn 0.18600000 0.80480000 0.56370000
vn -0.18600000 -0.80480000 0.56360000
vn 0.51680000 0.64440000 0.56370000
vn -0.51680000 -0.64440000 0.56360000
vn 0.74520000 0.35630000 0.56360000
vn 0.82600000 -0.00230000 0.56360000
vn -0.74520000 -0.35630000 0.56360000
vn -0.82600000 0.00230000 0.56360000
vn -0.52130000 0.00140000 -0.85340000
vn -0.47030000 -0.22490000 -0.85340000
vn -0.32610000 -0.40670000 -0.85340000
vn -0.11740000 -0.50790000 -0.85340000
vn 0.11460000 -0.50850000 -0.85340000
vn 0.32390000 -0.40840000 -0.85340000
vn 0.46900000 -0.22750000 -0.85340000
vn 0.52130000 -0.00140000 -0.85340000
vn 0.47030000 0.22490000 -0.85340000
vn 0.32610000 0.40670000 -0.85340000
vn 0.11740000 0.50790000 -0.85340000
vn -0.11460000 0.50850000 -0.85340000
vn -0.32390000 0.40840000 -0.85340000
vn -0.46900000 0.22750000 -0.85340000
vn -0.00690000 -0.00000000 -1.00000000
vn -0.00620000 -0.00300000 -1.00000000
vn 0.00690000 -0.00000000 -1.00000000
vn 0.00620000 0.00300000 -1.00000000
vn -0.00430000 -0.00540000 -1.00000000
vn 0.00430000 0.00540000 -1.00000000
vn -0.00150000 -0.00670000 -1.00000000
vn 0.00150000 0.00670000 -1.00000000
vn 0.00150000 -0.00670000 -1.00000000
vn -0.00150000 0.00670000 -1.00000000
vn 0.00430000 -0.00540000 -1.00000000
vn -0.00430000 0.00540000 -1.00000000
vn 0.00620000 -0.00300000 -1.00000000
vn -0.00620000 0.00300000 -1.00000000
vn -0.28450000 0.00080000 0.95870000
vn -0.25670000 -0.12280000 0.95870000
vn -0.17800000 -0.22200000 0.95870000
vn -0.06410000 -0.27720000 0.95870000
vn 0.06260000 -0.27760000 0.95870000
vn 0.17680000 -0.22300000 0.95870000
vn 0.25600000 -0.12420000 0.95870000
vn 0.28450000 -0.00080000 0.95870000
vn 0.25670000 0.12280000 0.95870000
vn 0.17800000 0.22200000 0.95870000
vn 0.06410000 0.27720000 0.95870000
vn -0.06260000 0.27760000 0.95870000
vn -0.17680000 0.22300000 0.95870000
vn -0.25600000 0.12420000 0.95870000
vn 0.72730000 -0.35270000 0.58880000
vn -0.72730000 0.35270000 0.58880000
vn 0.50230000 -0.63340000 0.58870000
vn -0.50220000 0.63330000 0.58880000
vn 0.17770000 -0.78860000 0.58860000
vn -0.17770000 0.78850000 0.58880000
vn -0.18200000 -0.78760000 0.58860000
vn 0.18200000 0.78750000 0.58880000
vn -0.50580000 -0.63060000 0.58870000
vn 0.50570000 0.63050000 0.58880000
vn -0.72920000 -0.34870000 0.58880000
vn -0.80830000 0.00220000 0.58880000
vn 0.72920000 0.34870000 0.58880000
vn 0.80830000 -0.00220000 0.58880000
vn 0.99930000 -0.00280000 0.03610000
vn 0.90160000 0.43110000 0.03610000
vn -0.99930000 0.00280000 0.03610000
vn -0.90160000 -0.43110000 0.03610000
vn 0.62520000 0.77960000 0.03610000
vn -0.62570000 -0.77920000 0.03530000
vn 0.22510000 0.97370000 0.03610000
vn -0.22490000 -0.97370000 0.03540000
vn -0.21970000 0.97490000 0.03610000
vn 0.21950000 -0.97500000 0.03540000
vn -0.62090000 0.78300000 0.03610000
vn 0.62140000 -0.78270000 0.03530000
vn -0.89920000 0.43610000 0.03610000
vn 0.89920000 -0.43610000 0.03610000
vn 0.83880000 0.40110000 0.36810000
vn -0.83880000 -0.40110000 0.36810000
vn 0.58170000 0.72530000 0.36810000
vn -0.58170000 -0.72530000 0.36810000
vn 0.20940000 0.90590000 0.36810000
vn -0.20940000 -0.90590000 0.36810000
vn -0.20440000 0.90700000 0.36810000
vn 0.20440000 -0.90700000 0.36810000
vn -0.57770000 0.72850000 0.36810000
vn 0.57770000 -0.72850000 0.36810000
vn -0.83660000 0.40570000 0.36810000
vn 0.83660000 -0.40570000 0.36810000
vn 0.92980000 -0.00260000 0.36810000
vn -0.92980000 0.00260000 0.36810000
vn 0.95240000 -0.00260000 0.30490000
vn 0.97980000 -0.00270000 0.19980000
vn 0.99560000 -0.00280000 0.09330000
vn 0.99860000 -0.00280000 0.05360000
vn -0.95240000 0.00260000 0.30490000
vn -0.97980000 0.00270000 0.19980000
vn -0.99560000 0.00270000 0.09330000
vn -0.99860000 0.00280000 0.05360000
vn 0.90090000 0.43080000 0.05360000
vn 0.89820000 0.42950000 0.09330000
vn 0.88400000 0.42270000 0.19980000
vn 0.85920000 0.41090000 0.30490000
vn -0.90090000 -0.43070000 0.05360000
vn -0.89820000 -0.42950000 0.09330000
vn -0.88400000 -0.42270000 0.19980000
vn -0.85920000 -0.41090000 0.30490000
vn 0.62470000 0.77900000 0.05360000
vn 0.62290000 0.77670000 0.09330000
vn 0.61300000 0.76440000 0.19980000
vn 0.59590000 0.74300000 0.30490000
vn -0.62620000 -0.77780000 0.05360000
vn -0.62340000 -0.77620000 0.09400000
vn -0.61300000 -0.76440000 0.19980000
vn -0.59590000 -0.74300000 0.30490000
vn 0.22490000 0.97290000 0.05360000
vn 0.22420000 0.97010000 0.09330000
vn 0.22070000 0.95470000 0.19980000
vn 0.21450000 0.92790000 0.30490000
vn -0.22480000 -0.97290000 0.05350000
vn -0.22410000 -0.97000000 0.09400000
vn -0.22070000 -0.95470000 0.19980000
vn -0.21450000 -0.92790000 0.30490000
vn -0.21950000 0.97410000 0.05360000
vn -0.21890000 0.97130000 0.09330000
vn -0.21540000 0.95590000 0.19980000
vn -0.20940000 0.92910000 0.30490000
vn 0.21940000 -0.97420000 0.05350000
vn 0.21870000 -0.97130000 0.09400000
vn 0.21540000 -0.95590000 0.19980000
vn 0.20940000 -0.92910000 0.30490000
vn -0.62040000 0.78240000 0.05360000
vn -0.61860000 0.78010000 0.09330000
vn -0.60880000 0.76770000 0.19980000
vn -0.59180000 0.74630000 0.30490000
vn 0.62190000 -0.78130000 0.05360000
vn 0.61910000 -0.77960000 0.09400000
vn 0.60880000 -0.76770000 0.19980000
vn 0.59180000 -0.74630000 0.30490000
vn -0.89850000 0.43570000 0.05360000
vn -0.89580000 0.43450000 0.09330000
vn -0.88160000 0.42760000 0.19980000
vn -0.85690000 0.41560000 0.30490000
vn 0.89850000 -0.43570000 0.05360000
vn 0.89580000 -0.43450000 0.09330000
vn 0.88160000 -0.42760000 0.19980000
vn 0.85690000 -0.41560000 0.30490000
vn -0.00020000 0.00010000 1.00000000
vn -0.00010000 0.00020000 1.00000000
vn -0.00010000 0.00020000 1.00000000
vn 0.00010000 0.00020000 1.00000000
vn 0.00010000 0.00020000 1.00000000
vn 0.00020000 0.00010000 1.00000000
vn 0.00020000 -0.00000000 1.00000000
vn 0.00020000 -0.00010000 1.00000000
vn 0.00010000 -0.00020000 1.00000000
vn 0.00010000 -0.00020000 1.00000000
vn -0.00010000 -0.00020000 1.00000000
vn -0.00010000 -0.00020000 1.00000000
vn -0.00020000 -0.00010000 1.00000000
vn -0.00020000 -0.00000000 1.00000000
vn 0.98980000 -0.00270000 0.14230000
vn -0.98980000 0.00270000 0.14230000
vn 0.89300000 0.42700000 0.14230000
vn -0.89300000 -0.42700000 0.14230000
vn 0.61930000 0.77220000 0.14230000
vn -0.61930000 -0.77210000 0.14240000
vn 0.22290000 0.96440000 0.14230000
vn -0.22290000 -0.96440000 0.14250000
vn -0.21760000 0.96560000 0.14230000
vn 0.21760000 -0.96560000 0.14250000
vn -0.61500000 0.77560000 0.14230000
vn 0.61500000 -0.77550000 0.14240000
vn -0.89060000 0.43190000 0.14230000
vn 0.89060000 -0.43190000 0.14230000
vn -0.00000000 -0.00000000 1.00000000
vn -0.00000000 -0.00000000 1.00000000
vn -0.00000000 -0.00000000 1.00000000
vn -0.00000000 -0.00000000 1.00000000
vn -0.00000000 -0.00000000 1.00000000
vn -0.00000000 -0.00000000 1.00000000
vn -0.00000000 -0.00000000 1.00000000
vn -0.00000000 -0.00000000 1.00000000
vn -0.00000000 -0.00000000 1.00000000
vn -0.00000000 -0.00000000 1.00000000
vn -0.00000000 -0.00000000 1.00000000
vn -0.00000000 -0.00000000 1.00000000
vn -0.00000000 -0.00000000 1.00000000
vn -0.00000000 -0.00000000 1.00000000
vn -0.00000000 -0.00000000 1.00000000
vn 0.59310000 0.13360000 -0.79400000
vn 0.47640000 0.37780000 -0.79400000
vn 0.26530000 0.54700000 -0.79400000
vn 0.00170000 0.60800000 -0.79400000
vn -0.26230000 0.54850000 -0.79400000
vn -0.47430000 0.38040000 -0.79400000
vn -0.59240000 0.13690000 -0.79400000
vn -0.59310000 -0.13360000 -0.79400000
vn -0.47640000 -0.37780000 -0.79400000
vn -0.26530000 -0.54700000 -0.79400000
vn -0.00170000 -0.60800000 -0.79400000
vn 0.26230000 -0.54850000 -0.79400000
vn 0.47430000 -0.38040000 -0.79400000
vn 0.59240000 -0.13690000 -0.79400000
vn 0.80570000 0.18160000 0.56370000
vn 0.64720000 0.51320000 0.56370000
vn 0.36040000 0.74310000 0.56380000
vn 0.00230000 0.82590000 0.56380000
vn -0.35630000 0.74510000 0.56380000
vn -0.64430000 0.51680000 0.56370000
vn -0.64720000 -0.51320000 0.56370000
vn -0.36040000 -0.74320000 0.56370000
vn -0.00230000 -0.82600000 0.56370000
vn 0.35630000 -0.74510000 0.56370000
vn 0.64430000 -0.51680000 0.56370000
vn 0.80470000 -0.18600000 0.56370000
vn -0.80470000 0.18600000 0.56370000
vn -0.80570000 -0.18160000 0.56370000
vn -0.50880000 -0.11460000 -0.85320000
vn -0.40860000 -0.32400000 -0.85320000
vn -0.22760000 -0.46930000 -0.85320000
vn -0.00140000 -0.52150000 -0.85320000
vn 0.22500000 -0.47050000 -0.85320000
vn 0.40680000 -0.32630000 -0.85320000
vn 0.50810000 -0.11750000 -0.85320000
vn 0.50880000 0.11460000 -0.85320000
vn 0.40860000 0.32400000 -0.85320000
vn 0.22760000 0.46930000 -0.85320000
vn 0.00140000 0.52150000 -0.85320000
vn -0.22500000 0.47050000 -0.85320000
vn -0.40680000 0.32630000 -0.85320000
vn -0.50810000 0.11750000 -0.85320000
vn -0.21610000 0.00060000 -0.97640000
vn 0.03280000 0.01570000 -0.99930000
vn 0.21610000 -0.00060000 -0.97640000
vn -0.03280000 -0.01570000 -0.99930000
vn 0.02270000 0.02840000 -0.99930000
vn -0.02270000 -0.02840000 -0.99930000
vn 0.00820000 0.03540000 -0.99930000
vn -0.00820000 -0.03540000 -0.99930000
vn -0.00800000 0.03550000 -0.99930000
vn 0.00800000 -0.03550000 -0.99930000
vn -0.02260000 0.02850000 -0.99930000
vn 0.02260000 -0.02850000 -0.99930000
vn -0.03270000 0.01590000 -0.99930000
vn 0.03270000 -0.01590000 -0.99930000
vn 0.03640000 -0.00010000 -0.99930000
vn -0.19490000 -0.09320000 -0.97640000
vn -0.03640000 0.00010000 -0.99930000
vn 0.19490000 0.09320000 -0.97640000
vn -0.13520000 -0.16860000 -0.97640000
vn 0.13520000 0.16860000 -0.97640000
vn -0.04870000 -0.21050000 -0.97640000
vn 0.04870000 0.21050000 -0.97640000
vn 0.04750000 -0.21080000 -0.97640000
vn -0.04750000 0.21080000 -0.97640000
vn 0.13430000 -0.16930000 -0.97640000
vn -0.13430000 0.16930000 -0.97640000
vn 0.19440000 -0.09430000 -0.97640000
vn -0.19440000 0.09430000 -0.97640000
vn -0.00670000 0.00150000 -1.00000000
vn 0.00670000 -0.00150000 -1.00000000
vn -0.00530000 0.00430000 -1.00000000
vn 0.00530000 -0.00430000 -1.00000000
vn -0.00300000 0.00620000 -1.00000000
vn 0.00300000 -0.00620000 -1.00000000
vn -0.00000000 0.00690000 -1.00000000
vn -0.00000000 -0.00690000 -1.00000000
vn 0.00300000 0.00620000 -1.00000000
vn -0.00300000 -0.00620000 -1.00000000
vn 0.00540000 0.00430000 -1.00000000
vn -0.00540000 -0.00430000 -1.00000000
vn 0.00670000 0.00150000 -1.00000000
vn -0.00670000 -0.00150000 -1.00000000
vn -0.27750000 -0.06250000 0.95870000
vn -0.22290000 -0.17670000 0.95870000
vn -0.12410000 -0.25590000 0.95870000
vn -0.00080000 -0.28440000 0.95870000
vn 0.12270000 -0.25660000 0.95870000
vn 0.22190000 -0.17800000 0.95870000
vn 0.27710000 -0.06410000 0.95870000
vn 0.27750000 0.06250000 0.95870000
vn 0.22290000 0.17670000 0.95870000
vn 0.12410000 0.25590000 0.95870000
vn 0.00080000 0.28440000 0.95870000
vn -0.12270000 0.25660000 0.95870000
vn -0.22190000 0.17800000 0.95870000
vn -0.27710000 0.06410000 0.95870000
vn -0.89780000 -0.42930000 0.09840000
vn -0.99510000 0.00270000 0.09840000
vn -0.62270000 -0.77630000 0.09800000
vn 0.22410000 0.96960000 0.09840000
vn -0.22400000 -0.96960000 0.09800000
vn 0.99510000 -0.00280000 0.09840000
vn -0.21880000 0.97080000 0.09840000
vn -0.78860000 -0.17770000 0.58860000
vn -0.63350000 -0.50230000 0.58860000
vn -0.35280000 -0.72750000 0.58850000
vn -0.00220000 -0.80850000 0.58850000
vn 0.34880000 -0.72940000 0.58850000
vn 0.63070000 -0.50580000 0.58860000
vn 0.61840000 -0.77970000 0.09800000
vn 0.63340000 0.50230000 0.58860000
vn 0.68730000 0.32860000 0.64780000
vn 0.62260000 0.77630000 0.09840000
vn -0.68730000 -0.32860000 0.64780000
vn 0.47660000 0.59430000 0.64780000
vn -0.47660000 -0.59430000 0.64780000
vn 0.17160000 0.74220000 0.64780000
vn -0.17160000 -0.74220000 0.64780000
vn -0.16750000 0.74320000 0.64780000
vn 0.16750000 -0.74320000 0.64780000
vn -0.47330000 0.59690000 0.64780000
vn 0.47330000 -0.59690000 0.64780000
vn -0.68540000 0.33240000 0.64780000
vn 0.68540000 -0.33240000 0.64780000
vn 0.99900000 -0.00280000 0.04430000
vn 0.35280000 0.72740000 0.58860000
vn -0.99900000 0.00280000 0.04430000
vn -0.89540000 0.43430000 0.09840000
vn 0.00220000 0.80840000 0.58860000
vn 0.89540000 -0.43430000 0.09840000
vn -0.34870000 0.72930000 0.58860000
vn 0.21870000 -0.97090000 0.09800000
vn -0.63060000 0.50580000 0.58860000
vn 0.89780000 0.42930000 0.09840000
vn -0.78760000 0.18210000 0.58860000
vn -0.61830000 0.77980000 0.09840000
vn 0.78760000 -0.18210000 0.58860000
vn 0.78860000 0.17770000 0.58860000
vn 0.97370000 -0.22510000 0.03610000
vn -0.97370000 0.22510000 0.03610000
vn 0.77980000 -0.62500000 0.03590000
vn -0.77960000 0.62520000 0.03610000
vn 0.43150000 -0.90150000 0.03490000
vn -0.43110000 0.90160000 0.03610000
vn -0.00280000 -0.99940000 0.03580000
vn 0.00280000 0.99930000 0.03610000
vn -0.43640000 -0.89910000 0.03490000
vn 0.43610000 0.89920000 0.03610000
vn -0.78320000 -0.62070000 0.03590000
vn 0.78300000 0.62090000 0.03610000
vn -0.97490000 -0.21970000 0.03610000
vn 0.97490000 0.21970000 0.03610000
vn 0.84770000 0.40530000 0.34230000
vn -0.84770000 -0.40530000 0.34230000
vn 0.58790000 0.73300000 0.34230000
vn -0.58790000 -0.73300000 0.34230000
vn 0.21160000 0.91550000 0.34230000
vn -0.21160000 -0.91550000 0.34230000
vn -0.20650000 0.91660000 0.34230000
vn 0.20650000 -0.91660000 0.34230000
vn -0.58380000 0.73620000 0.34230000
vn 0.58380000 -0.73620000 0.34230000
vn -0.84540000 0.41000000 0.34230000
vn 0.84540000 -0.41000000 0.34230000
vn 0.76180000 -0.00210000 0.64780000
vn -0.76180000 0.00210000 0.64780000
vn 0.90700000 0.20440000 0.36810000
vn -0.90700000 -0.20440000 0.36810000
vn 0.72850000 0.57770000 0.36810000
vn -0.72850000 -0.57770000 0.36810000
vn 0.40570000 0.83660000 0.36810000
vn -0.40570000 -0.83660000 0.36810000
vn 0.00260000 0.92980000 0.36810000
vn -0.00260000 -0.92980000 0.36810000
vn -0.40110000 0.83880000 0.36810000
vn 0.40110000 -0.83880000 0.36810000
vn -0.72530000 0.58170000 0.36810000
vn 0.72530000 -0.58170000 0.36810000
vn -0.90590000 0.20940000 0.36810000
vn 0.90590000 -0.20940000 0.36810000
vn 0.93960000 -0.00260000 0.34230000
vn 0.96810000 -0.00270000 0.25060000
vn 0.99270000 -0.00270000 0.12080000
vn 0.99770000 -0.00280000 0.06820000
vn -0.93960000 0.00260000 0.34230000
vn -0.96810000 0.00270000 0.25060000
vn -0.99270000 0.00270000 0.12080000
vn -0.99770000 0.00280000 0.06820000
vn 0.90130000 0.43100000 0.04430000
vn 0.90010000 0.43040000 0.06820000
vn 0.88980000 0.42550000 0.16490000
vn 0.87340000 0.41760000 0.25060000
vn -0.90130000 -0.43090000 0.04430000
vn -0.90010000 -0.43030000 0.06820000
vn -0.88980000 -0.42550000 0.16490000
vn -0.87340000 -0.41760000 0.25060000
vn 0.62500000 0.77930000 0.04430000
vn 0.62420000 0.77830000 0.06820000
vn 0.61710000 0.76940000 0.16490000
vn 0.60570000 0.75520000 0.25060000
vn -0.62610000 -0.77850000 0.04350000
vn -0.62530000 -0.77730000 0.06890000
vn -0.61710000 -0.76940000 0.16500000
vn -0.60570000 -0.75520000 0.25060000
vn 0.22500000 0.97340000 0.04430000
vn 0.22470000 0.97200000 0.06820000
vn 0.22210000 0.96100000 0.16490000
vn 0.21800000 0.94320000 0.25060000
vn -0.22490000 -0.97340000 0.04360000
vn -0.22460000 -0.97200000 0.06880000
vn -0.22210000 -0.96100000 0.16500000
vn -0.21800000 -0.94320000 0.25060000
vn -0.21960000 0.97460000 0.04430000
vn -0.21930000 0.97330000 0.06820000
vn -0.21680000 0.96220000 0.16490000
vn -0.21280000 0.94440000 0.25060000
vn 0.21950000 -0.97460000 0.04360000
vn 0.21920000 -0.97330000 0.06880000
vn 0.21680000 -0.96220000 0.16500000
vn 0.21280000 -0.94440000 0.25060000
vn -0.62070000 0.78280000 0.04430000
vn -0.61990000 0.78170000 0.06820000
vn -0.61280000 0.77280000 0.16490000
vn -0.60150000 0.75860000 0.25060000
vn 0.62180000 -0.78190000 0.04350000
vn 0.62100000 -0.78080000 0.06890000
vn 0.61280000 -0.77280000 0.16500000
vn 0.60150000 -0.75860000 0.25060000
vn -0.89890000 0.43590000 0.04430000
vn -0.89770000 0.43540000 0.06820000
vn -0.88740000 0.43040000 0.16490000
vn -0.87110000 0.42250000 0.25060000
vn 0.89890000 -0.43590000 0.04430000
vn 0.89770000 -0.43530000 0.06820000
vn 0.88740000 -0.43040000 0.16490000
vn 0.87110000 -0.42250000 0.25060000
vn 0.92910000 0.20940000 0.30480000
vn 0.95590000 0.21540000 0.19980000
vn 0.97130000 0.21890000 0.09330000
vn 0.97410000 0.21950000 0.05360000
vn -0.92910000 -0.20940000 0.30480000
vn -0.95590000 -0.21540000 0.19980000
vn -0.97130000 -0.21890000 0.09330000
vn -0.97410000 -0.21950000 0.05360000
vn 0.74630000 0.59180000 0.30480000
vn 0.76780000 0.60880000 0.19980000
vn 0.78010000 0.61860000 0.09330000
vn 0.78240000 0.62040000 0.05360000
vn -0.74630000 -0.59180000 0.30480000
vn -0.76780000 -0.60880000 0.19980000
vn -0.78030000 -0.61840000 0.09350000
vn -0.78290000 -0.61980000 0.05360000
vn 0.41560000 0.85690000 0.30480000
vn 0.42760000 0.88160000 0.19980000
vn 0.43450000 0.89580000 0.09330000
vn 0.43570000 0.89850000 0.05360000
vn -0.41560000 -0.85690000 0.30480000
vn -0.42760000 -0.88160000 0.19980000
vn -0.43480000 -0.89550000 0.09430000
vn -0.43690000 -0.89790000 0.05360000
vn 0.00260000 0.95240000 0.30480000
vn 0.00270000 0.97980000 0.19980000
vn 0.00280000 0.99560000 0.09330000
vn 0.00280000 0.99860000 0.05360000
vn -0.00260000 -0.95240000 0.30480000
vn -0.00270000 -0.97980000 0.19980000
vn -0.00280000 -0.99560000 0.09360000
vn -0.00280000 -0.99860000 0.05350000
vn -0.41090000 0.85920000 0.30480000
vn -0.42270000 0.88400000 0.19980000
vn -0.42950000 0.89820000 0.09330000
vn -0.43080000 0.90090000 0.05360000
vn 0.41090000 -0.85920000 0.30480000
vn 0.42270000 -0.88400000 0.19980000
vn 0.42990000 -0.89790000 0.09430000
vn 0.43200000 -0.90030000 0.05360000
vn -0.74300000 0.59590000 0.30480000
vn -0.76440000 0.61300000 0.19980000
vn -0.77670000 0.62290000 0.09330000
vn -0.77900000 0.62470000 0.05360000
vn 0.74300000 -0.59590000 0.30480000
vn 0.76440000 -0.61300000 0.19980000
vn 0.77690000 -0.62270000 0.09350000
vn 0.77950000 -0.62410000 0.05360000
vn -0.92790000 0.21450000 0.30480000
vn -0.95470000 0.22070000 0.19980000
vn -0.97010000 0.22420000 0.09330000
vn -0.97290000 0.22490000 0.05360000
vn 0.92790000 -0.21450000 0.30480000
vn 0.95470000 -0.22070000 0.19980000
vn 0.97010000 -0.22420000 0.09330000
vn 0.97290000 -0.22490000 0.05360000
vn 0.00650000 -0.00830000 0.99990000
vn 0.00240000 0.01030000 0.99990000
vn -0.00230000 0.01030000 0.99990000
vn -0.00950000 -0.00450000 0.99990000
vn 0.00950000 -0.00460000 0.99990000
vn -0.00950000 0.00460000 0.99990000
vn -0.00020000 0.00010000 1.00000000
vn -0.00010000 0.00020000 1.00000000
vn 0.00010000 0.00020000 1.00000000
vn 0.00020000 0.00010000 1.00000000
vn 0.00020000 -0.00010000 1.00000000
vn -0.00000000 -0.00020000 1.00000000
vn -0.00020000 -0.00010000 1.00000000
vn -0.00020000 -0.00010000 1.00000000
vn -0.00650000 0.00830000 0.99990000
vn -0.00660000 -0.00820000 0.99990000
vn -0.00010000 -0.00020000 1.00000000
vn 0.00010000 -0.00020000 1.00000000
vn 0.00020000 -0.00010000 1.00000000
vn 0.00020000 0.00010000 1.00000000
vn -0.00000000 0.00020000 1.00000000
vn -0.00020000 0.00010000 1.00000000
vn -0.01050000 -0.00000000 0.99990000
vn 0.01050000 -0.00000000 0.99990000
vn 0.00950000 0.00450000 0.99990000
vn -0.00240000 -0.01030000 0.99990000
vn 0.00660000 0.00820000 0.99990000
vn 0.00230000 -0.01030000 0.99990000
vn 0.98630000 -0.00270000 0.16490000
vn -0.98630000 0.00270000 0.16490000
vn 0.89560000 0.42820000 0.12080000
vn -0.89560000 -0.42820000 0.12080000
vn 0.62110000 0.77440000 0.12080000
vn -0.62120000 -0.77420000 0.12110000
vn 0.22360000 0.96720000 0.12080000
vn -0.22350000 -0.96710000 0.12120000
vn -0.21820000 0.96840000 0.12080000
vn 0.21820000 -0.96840000 0.12120000
vn -0.61680000 0.77780000 0.12080000
vn 0.61690000 -0.77770000 0.12110000
vn -0.89320000 0.43320000 0.12080000
vn 0.89320000 -0.43320000 0.12080000
vn 0.96440000 -0.22290000 0.14230000
vn -0.96440000 0.22290000 0.14230000
vn 0.77220000 -0.61930000 0.14230000
vn -0.77220000 0.61930000 0.14230000
vn 0.42700000 -0.89290000 0.14240000
vn -0.42700000 0.89300000 0.14230000
vn -0.00270000 -0.98980000 0.14240000
vn 0.00270000 0.98980000 0.14230000
vn -0.43200000 -0.89060000 0.14240000
vn 0.43190000 0.89060000 0.14230000
vn -0.77560000 -0.61500000 0.14230000
vn 0.77560000 0.61500000 0.14230000
vn -0.96560000 -0.21760000 0.14230000
vn 0.96560000 0.21760000 0.14230000
vn -0.03510000 0.01700000 0.99920000
vn 0.03510000 -0.01700000 0.99920000
vn -0.02420000 0.03050000 0.99920000
vn 0.02430000 -0.03060000 0.99920000
vn -0.00860000 0.03800000 0.99920000
vn 0.00860000 -0.03810000 0.99920000
vn 0.00880000 0.03800000 0.99920000
vn -0.00880000 -0.03800000 0.99920000
vn 0.02440000 0.03040000 0.99920000
vn -0.02440000 -0.03050000 0.99920000
vn 0.03520000 0.01680000 0.99920000
vn 0.03910000 -0.00010000 0.99920000
vn -0.03520000 -0.01680000 0.99920000
vn -0.03900000 0.00010000 0.99920000
vn -0.00000000 -0.00000000 1.00000000
vn -0.00000000 -0.00000000 1.00000000
vn -0.00000000 -0.00000000 1.00000000
vn -0.00000000 -0.00000000 1.00000000
vn -0.00000000 -0.00000000 1.00000000
vn -0.00000000 -0.00000000 1.00000000
vn -0.00000000 -0.00000000 1.00000000
vn -0.00000000 -0.00000000 1.00000000
vn -0.00000000 -0.00000000 1.00000000
vn -0.00000000 -0.00000000 1.00000000
vn -0.00000000 -0.00000000 1.00000000
vn -0.00000000 -0.00000000 1.00000000
vn -0.00000000 -0.00000000 1.00000000
vn -0.00000000 -0.00000000 1.00000000
vn -0.00000000 -0.00000000 1.00000000
vn -0.00000000 -0.00000000 1.00000000
vn -0.00000000 -0.00000000 1.00000000
vn -0.00000000 -0.00000000 1.00000000
vn -0.00000000 -0.00000000 1.00000000
vn -0.00000000 -0.00000000 1.00000000
vn -0.00000000 -0.00000000 1.00000000
vn -0.00000000 -0.00000000 1.00000000
vn -0.00000000 -0.00000000 1.00000000
vn -0.00000000 -0.00000000 1.00000000
vn -0.00000000 -0.00000000 1.00000000
vn -0.00000000 -0.00000000 1.00000000
vn -0.00000000 -0.00000000 1.00000000
vn -0.00000000 -0.00000000 1.00000000
vn -0.00000000 -0.00000000 1.00000000
vn -0.00000000 -0.00000000 1.00000000
vn -0.00000000 -0.00000000 1.00000000
vn -0.00000000 -0.00000000 1.00000000
vn -0.00000000 -0.00000000 1.00000000
vn -0.00000000 -0.00000000 1.00000000
vn -0.00000000 -0.00000000 1.00000000
vn -0.00000000 -0.00000000 1.00000000
vn -0.00000000 -0.00000000 1.00000000
vn -0.00000000 -0.00000000 1.00000000
vn -0.00000000 -0.00000000 1.00000000
vn -0.00000000 -0.00000000 1.00000000
vn -0.00000000 -0.00000000 1.00000000
vn -0.00000000 -0.00000000 1.00000000
vn 0.03550000 0.00800000 -0.99930000
vn -0.03550000 -0.00800000 -0.99930000
vn 0.02850000 0.02260000 -0.99930000
vn -0.02850000 -0.02260000 -0.99930000
vn 0.01590000 0.03270000 -0.99930000
vn -0.01590000 -0.03270000 -0.99930000
vn 0.00010000 0.03640000 -0.99930000
vn -0.00010000 -0.03640000 -0.99930000
vn -0.01570000 0.03280000 -0.99930000
vn 0.01570000 -0.03280000 -0.99930000
vn -0.02840000 0.02280000 -0.99930000
vn 0.02840000 -0.02280000 -0.99930000
vn -0.03540000 0.00820000 -0.99930000
vn 0.03540000 -0.00820000 -0.99930000
vn -0.21040000 0.04860000 -0.97640000
vn 0.21040000 -0.04860000 -0.97640000
vn -0.16850000 0.13510000 -0.97640000
vn 0.16850000 -0.13510000 -0.97640000
vn -0.09320000 0.19490000 -0.97640000
vn 0.09320000 -0.19490000 -0.97640000
vn 0.00060000 0.21600000 -0.97640000
vn -0.00060000 -0.21600000 -0.97640000
vn 0.09430000 0.19430000 -0.97640000
vn -0.09430000 -0.19430000 -0.97640000
vn 0.16920000 0.13420000 -0.97640000
vn -0.16920000 -0.13420000 -0.97640000
vn 0.21070000 0.04750000 -0.97640000
vn -0.21070000 -0.04750000 -0.97640000
vn -0.43430000 -0.89540000 0.09770000
vn -0.97080000 -0.21880000 0.09840000
vn 0.96960000 -0.22410000 0.09840000
vn 0.77980000 0.61830000 0.09830000
vn 0.00280000 0.99510000 0.09840000
vn -0.77630000 0.62260000 0.09840000
vn -0.00280000 -0.99520000 0.09820000
vn -0.77980000 -0.61830000 0.09820000
vn 0.97080000 0.21880000 0.09830000
vn 0.77640000 -0.62260000 0.09820000
vn -0.42930000 0.89780000 0.09830000
vn 0.43430000 0.89540000 0.09830000
vn 0.42940000 -0.89780000 0.09770000
vn -0.96960000 0.22410000 0.09830000
vn 0.97330000 -0.22500000 0.04430000
vn -0.97340000 0.22500000 0.04430000
vn 0.77970000 -0.62460000 0.04410000
vn -0.77930000 0.62500000 0.04430000
vn 0.43190000 -0.90090000 0.04320000
vn -0.43100000 0.90130000 0.04430000
vn 0.00280000 0.99900000 0.04430000
vn -0.43680000 -0.89850000 0.04320000
vn 0.43590000 0.89890000 0.04430000
vn -0.78320000 -0.62020000 0.04410000
vn 0.78280000 0.62070000 0.04430000
vn -0.97460000 -0.21960000 0.04430000
vn 0.97460000 0.21960000 0.04430000
vn 0.74310000 0.16740000 0.64790000
vn -0.74310000 -0.16740000 0.64790000
vn 0.59690000 0.47330000 0.64790000
vn -0.59690000 -0.47330000 0.64790000
vn 0.33240000 0.68540000 0.64790000
vn -0.33240000 -0.68540000 0.64790000
vn 0.00210000 0.76170000 0.64790000
vn -0.00210000 -0.76170000 0.64790000
vn -0.32860000 0.68720000 0.64790000
vn 0.32860000 -0.68720000 0.64790000
vn -0.59420000 0.47660000 0.64790000
vn 0.59420000 -0.47660000 0.64790000
vn -0.74220000 0.17160000 0.64790000
vn 0.74220000 -0.17160000 0.64790000
vn 0.91660000 0.20650000 0.34230000
vn 0.94440000 0.21280000 0.25060000
vn 0.96840000 0.21820000 0.12080000
vn 0.97330000 0.21930000 0.06820000
vn -0.91660000 -0.20650000 0.34230000
vn -0.94440000 -0.21280000 0.25060000
vn -0.96840000 -0.21820000 0.12080000
vn -0.97330000 -0.21930000 0.06820000
vn 0.73620000 0.58380000 0.34230000
vn 0.75860000 0.60150000 0.25060000
vn 0.77780000 0.61680000 0.12080000
vn 0.78170000 0.61990000 0.06820000
vn -0.73620000 -0.58380000 0.34230000
vn -0.75860000 -0.60150000 0.25060000
vn -0.77790000 -0.61670000 0.12090000
vn -0.78210000 -0.61940000 0.06840000
vn 0.41000000 0.84540000 0.34230000
vn 0.42250000 0.87110000 0.25060000
vn 0.43320000 0.89320000 0.12080000
vn 0.43540000 0.89770000 0.06820000
vn -0.41000000 -0.84540000 0.34230000
vn -0.42250000 -0.87110000 0.25060000
vn -0.43330000 -0.89310000 0.12130000
vn -0.43630000 -0.89720000 0.06920000
vn 0.00260000 0.93960000 0.34230000
vn 0.00270000 0.96810000 0.25060000
vn 0.00270000 0.99270000 0.12080000
vn 0.00280000 0.99770000 0.06820000
vn -0.00260000 -0.93960000 0.34230000
vn -0.00270000 -0.99260000 0.12100000
vn -0.00280000 -0.99770000 0.06830000
vn -0.40530000 0.84770000 0.34230000
vn -0.41760000 0.87340000 0.25060000
vn -0.42820000 0.89560000 0.12080000
vn -0.43040000 0.90010000 0.06820000
vn 0.40530000 -0.84770000 0.34230000
vn 0.41760000 -0.87340000 0.25060000
vn 0.42830000 -0.89540000 0.12130000
vn 0.43130000 -0.89950000 0.06920000
vn -0.73300000 0.58790000 0.34230000
vn -0.75520000 0.60570000 0.25060000
vn -0.77440000 0.62110000 0.12080000
vn -0.77830000 0.62420000 0.06820000
vn 0.73300000 -0.58790000 0.34230000
vn 0.75520000 -0.60570000 0.25060000
vn 0.77440000 -0.62100000 0.12090000
vn 0.77870000 -0.62370000 0.06840000
vn -0.91550000 0.21160000 0.34230000
vn -0.94320000 0.21800000 0.25060000
vn -0.96720000 0.22360000 0.12080000
vn -0.97200000 0.22470000 0.06820000
vn 0.91550000 -0.21160000 0.34230000
vn 0.94320000 -0.21800000 0.25060000
vn 0.96720000 -0.22360000 0.12080000
vn 0.97200000 -0.22470000 0.06820000
vn -0.00820000 0.00660000 0.99990000
vn -0.00000000 -0.01050000 0.99990000
vn -0.01030000 0.00240000 0.99990000
vn 0.01030000 -0.00240000 0.99990000
vn 0.01030000 0.00230000 0.99990000
vn -0.01030000 -0.00230000 0.99990000
vn 0.00820000 0.00650000 0.99990000
vn -0.00820000 -0.00650000 0.99990000
vn 0.00460000 0.00950000 0.99990000
vn -0.00460000 -0.00950000 0.99990000
vn -0.00000000 0.01050000 0.99990000
vn 0.00450000 -0.00950000 0.99990000
vn -0.00450000 0.00950000 0.99990000
vn 0.00820000 -0.00660000 0.99990000
vn 0.96100000 -0.22210000 0.16490000
vn -0.96100000 0.22210000 0.16490000
vn 0.76940000 -0.61710000 0.16490000
vn -0.76940000 0.61710000 0.16490000
vn 0.42550000 -0.88980000 0.16500000
vn -0.42550000 0.88980000 0.16490000
vn -0.00270000 -0.98630000 0.16500000
vn 0.00270000 0.98630000 0.16490000
vn -0.43040000 -0.88740000 0.16500000
vn 0.43040000 0.88740000 0.16490000
vn -0.77280000 -0.61280000 0.16490000
vn 0.77280000 0.61280000 0.16490000
vn -0.96220000 -0.21680000 0.16490000
vn 0.96220000 0.21680000 0.16490000
vn -0.00280000 -0.99900000 0.04400000
vn -0.00270000 -0.96810000 0.25060000
vn 0.03780000 0.00850000 0.99920000
vn 0.03030000 0.02410000 0.99930000
vn 0.01690000 0.03480000 0.99930000
vn 0.00010000 0.03870000 0.99930000
vn -0.01670000 0.03490000 0.99930000
vn -0.03020000 0.02420000 0.99930000
vn -0.03040000 -0.02410000 0.99920000
vn -0.01690000 -0.03490000 0.99920000
vn -0.00010000 -0.03870000 0.99920000
vn 0.01670000 -0.03500000 0.99920000
vn 0.03020000 -0.02420000 0.99920000
vn 0.03780000 -0.00870000 0.99920000
vn -0.03770000 0.00870000 0.99920000
vn -0.03780000 -0.00850000 0.99920000
vn -0.00000000 -0.00000000 1.00000000
vn -0.00000000 -0.00000000 1.00000000
vn -0.00000000 -0.00000000 1.00000000
vn -0.00000000 -0.00000000 1.00000000
vn -0.00000000 -0.00000000 1.00000000
vn -0.00000000 -0.00000000 1.00000000
vn -0.00000000 -0.00000000 1.00000000
vn -0.00000000 -0.00000000 1.00000000
vn -0.00000000 -0.00000000 1.00000000
vn -0.00000000 -0.00000000 1.00000000
vn -0.00000000 -0.00000000 1.00000000
vn -0.00000000 -0.00000000 1.00000000
vn -0.00000000 -0.00000000 1.00000000
vn -0.00000000 -0.00000000 1.00000000
vn -0.00000000 -0.00000000 1.00000000
vn -0.00000000 -0.00000000 1.00000000
vn -0.00000000 -0.00000000 1.00000000
vn -0.00000000 -0.00000000 1.00000000
vn -0.00000000 -0.00000000 1.00000000
vn -0.00000000 -0.00000000 1.00000000
vn -0.00000000 -0.00000000 1.00000000
vn -0.00000000 -0.00000000 1.00000000
vn -0.00000000 -0.00000000 1.00000000
vn -0.00000000 -0.00000000 1.00000000
vn -0.00000000 -0.00000000 1.00000000
vn -0.00000000 -0.00000000 1.00000000
vn -0.00000000 -0.00000000 1.00000000
vn -0.00000000 -0.00000000 1.00000000
vt 0.00000000 0.00000000
vt 0.00000000 0.00000000
vt 0.00000000 0.00000000
vt 0.00000000 0.00000000
vt 0.00000000 0.00000000
vt 0.00000000 0.00000000
vt 0.00000000 0.00000000
vt 0.00000000 0.00000000
vt 0.00000000 0.00000000
vt 0.00000000 0.00000000
vt 0.00000000 0.00000000
vt 0.00000000 0.00000000
vt 0.00000000 0.00000000
vt 0.00000000 0.00000000
vt 0.00000000 0.00000000
vt 0.00000000 0.00000000
vt 0.00000000 0.00000000
vt 0.00000000 0.00000000
vt 0.00000000 0.00000000
vt 0.00000000 0.00000000
vt 0.00000000 0.00000000
vt 0.00000000 0.00000000
vt 0.00000000 0.00000000
vt 0.00000000 0.00000000
vt 0.00000000 0.00000000
vt 0.00000000 0.00000000
vt 0.00000000 0.00000000
vt 0.00000000 0.00000000
vt 0.00000000 0.00000000
vt 0.00000000 0.00000000
vt 0.00000000 0.00000000
vt 0.00000000 0.00000000
vt 0.00000000 0.00000000
vt 0.00000000 0.00000000
vt 0.00000000 0.00000000
vt 0.00000000 0.00000000
vt 0.00000000 0.00000000
vt 0.00000000 0.00000000
vt 0.00000000 0.00000000
vt 0.00000000 0.00000000
vt 0.00000000 0.00000000
vt 0.00000000 0.00000000
vt 0.00000000 0.00000000
vt 0.00000000 0.00000000
vt 0.00000000 0.00000000
vt 0.00000000 0.00000000
vt 0.00000000 0.00000000
vt 0.00000000 0.00000000
vt 0.00000000 0.00000000
vt 0.00000000 0.00000000
vt 0.00000000 0.00000000
vt 0.00000000 0.00000000
vt 0.00000000 0.00000000
vt 0.00000000 0.00000000
vt 0.00000000 0.00000000
vt 0.00000000 0.00000000
vt 0.00000000 0.00000000
vt 0.00000000 0.00000000
vt 0.00000000 0.00000000
vt 0.00000000 0.00000000
vt 0.00000000 0.00000000
vt 0.00000000 0.00000000
vt 0.00000000 0.00000000
vt 0.00000000 0.00000000
vt 0.00000000 0.00000000
vt 0.00000000 0.00000000
vt 0.00000000 0.00000000
vt 0.00000000 0.00000000
vt 0.00000000 0.00000000
vt 0.00000000 0.00000000
vt 0.00000000 0.00000000
vt 0.00000000 0.00000000
vt 0.00000000 0.00000000
vt 0.00000000 0.00000000
vt 0.00000000 0.00000000
vt 0.00000000 0.00000000
vt 0.00000000 0.00000000
vt 0.00000000 0.00000000
vt 0.00000000 0.00000000
vt 0.00000000 0.00000000
vt 0.00000000 0.00000000
vt 0.00000000 0.00000000
vt 0.00000000 0.00000000
vt 0.00000000 0.00000000
vt 0.00000000 0.00000000
vt 0.00000000 0.00000000
vt 0.00000000 0.00000000
vt 0.00000000 0.00000000
vt 0.00000000 0.00000000
vt 0.00000000 0.00000000
vt 0.00000000 0.00000000
vt 0.00000000 0.00000000
vt 0.00000000 0.00000000
vt 0.00000000 0.00000000
vt 0.00000000 0.00000000
vt 0.00000000 0.00000000
vt 0.00000000 0.00000000
vt 0.00000000 0.00000000
vt 0.00000000 0.00000000
vt 0.00000000 0.00000000
vt 0.00000000 0.00000000
vt 0.00000000 0.00000000
vt 0.00000000 0.00000000
vt 0.00000000 0.00000000
vt 0.00000000 0.00000000
vt 0.00000000 0.00000000
vt 0.00000000 0.00000000
vt 0.00000000 0.00000000
vt 0.00000000 0.00000000
vt 0.00000000 0.00000000
vt 0.00000000 0.00000000
vt 0.00000000 0.00000000
vt 0.00000000 0.00000000
vt 0.00000000 0.00000000
vt 0.00000000 0.00000000
vt 0.00000000 0.00000000
vt 0.00000000 0.00000000
vt 0.00000000 0.00000000
vt 0.00000000 0.00000000
vt 0.00000000 0.00000000
vt 0.00000000 0.00000000
vt 0.00000000 0.00000000
vt 0.00000000 0.00000000
vt 0.00000000 0.00000000
vt 0.00000000 0.00000000
vt 0.00000000 0.00000000
vt 0.00000000 0.00000000
vt 0.00000000 0.00000000
vt 0.00000000 0.00000000
vt 0.00000000 0.00000000
vt 0.00000000 0.00000000
vt 0.00000000 0.00000000
vt 0.00000000 0.00000000
vt 0.00000000 0.00000000
vt 0.00000000 0.00000000
vt 0.00000000 0.00000000
vt 0.00000000 0.00000000
vt 0.00000000 0.00000000
vt 0.00000000 0.00000000
vt 0.00000000 0.00000000
vt 0.00000000 0.00000000
vt 0.00000000 0.00000000
vt 0.00000000 0.00000000
vt 0.00000000 0.00000000
vt 0.00000000 0.00000000
vt 0.00000000 0.00000000
vt 0.00000000 0.00000000
vt 0.00000000 0.00000000
vt 0.00000000 0.00000000
vt 0.00000000 0.00000000
vt 0.00000000 0.00000000
vt 0.00000000 0.00000000
vt 0.00000000 0.00000000
vt 0.00000000 0.00000000
vt 0.00000000 0.00000000
vt 0.00000000 0.00000000
vt 0.00000000 0.00000000
vt 0.00000000 0.00000000
vt 0.00000000 0.00000000
vt 0.00000000 0.00000000
vt 0.00000000 0.00000000
vt 0.00000000 0.00000000
vt 0.00000000 0.00000000
vt 0.00000000 0.00000000
vt 0.00000000 0.00000000
vt 0.00000000 0.00000000
vt 0.00000000 0.00000000
vt 0.00000000 0.00000000
vt 0.00000000 0.00000000
vt 0.00000000 0.00000000
vt 0.00000000 0.00000000
vt 0.00000000 0.00000000
vt 0.00000000 0.00000000
vt 0.00000000 0.00000000
vt 0.00000000 0.00000000
vt 0.00000000 0.00000000
vt 0.00000000 0.00000000
vt 0.00000000 0.00000000
vt 0.00000000 0.00000000
vt 0.00000000 0.00000000
vt 0.00000000 0.00000000
vt 0.00000000 0.00000000
vt 0.00000000 0.00000000
vt 0.00000000 0.00000000
vt 0.00000000 0.00000000
vt 0.00000000 0.00000000
vt 0.00000000 0.00000000
vt 0.00000000 0.00000000
vt 0.00000000 0.00000000
vt 0.00000000 0.00000000
vt 0.00000000 0.00000000
vt 0.00000000 0.00000000
vt 0.00000000 0.00000000
vt 0.00000000 0.00000000
vt 0.00000000 0.00000000
vt 0.00000000 0.00000000
vt 0.00000000 0.00000000
vt 0.00000000 0.00000000
vt 0.00000000 0.00000000
vt 0.00000000 0.00000000
vt 0.00000000 0.00000000
vt 0.00000000 0.00000000
vt 0.00000000 0.00000000
vt 0.00000000 0.00000000
vt 0.00000000 0.00000000
vt 0.00000000 0.00000000
vt 0.00000000 0.00000000
vt 0.00000000 0.00000000
vt 0.00000000 0.00000000
vt 0.00000000 0.00000000
vt 0.00000000 0.00000000
vt 0.00000000 0.00000000
vt 0.00000000 0.00000000
vt 0.00000000 0.00000000
vt 0.00000000 0.00000000
vt 0.00000000 0.00000000
vt 0.00000000 0.00000000
vt 0.00000000 0.00000000
vt 0.00000000 0.00000000
vt 0.00000000 0.00000000
vt 0.00000000 0.00000000
vt 0.00000000 0.00000000
vt 0.00000000 0.00000000
vt 0.00000000 0.00000000
vt 0.00000000 0.00000000
vt 0.00000000 0.00000000
vt 0.00000000 0.00000000
vt 0.00000000 0.00000000
vt 0.00000000 0.00000000
vt 0.00000000 0.00000000
vt 0.00000000 0.00000000
vt 0.00000000 0.00000000
vt 0.00000000 0.00000000
vt 0.00000000 0.00000000
vt 0.00000000 0.00000000
vt 0.00000000 0.00000000
vt 0.00000000 0.00000000
vt 0.00000000 0.00000000
vt 0.00000000 0.00000000
vt 0.00000000 0.00000000
vt 0.00000000 0.00000000
vt 0.00000000 0.00000000
vt 0.00000000 0.00000000
vt 0.00000000 0.00000000
vt 0.00000000 0.00000000
vt 0.00000000 0.00000000
vt 0.00000000 0.00000000
vt 0.00000000 0.00000000
vt 0.00000000 0.00000000
vt 0.00000000 0.00000000
vt 0.00000000 0.00000000
vt 0.00000000 0.00000000
vt 0.00000000 0.00000000
vt 0.00000000 0.00000000
vt 0.00000000 0.00000000
vt 0.00000000 0.00000000
vt 0.00000000 0.00000000
vt 0.00000000 0.00000000
vt 0.00000000 0.00000000
vt 0.00000000 0.00000000
vt 0.00000000 0.00000000
vt 0.00000000 0.00000000
vt 0.00000000 0.00000000
vt 0.00000000 0.00000000
vt 0.00000000 0.00000000
vt 0.00000000 0.00000000
vt 0.00000000 0.00000000
vt 0.00000000 0.00000000
vt 0.00000000 0.00000000
vt 0.00000000 0.00000000
vt 0.00000000 0.00000000
vt 0.00000000 0.00000000
vt 0.00000000 0.00000000
vt 0.00000000 0.00000000
vt 0.00000000 0.00000000
vt 0.00000000 0.00000000
vt 0.00000000 0.00000000
vt 0.00000000 0.00000000
vt 0.00000000 0.00000000
vt 0.00000000 0.00000000
vt 0.00000000 0.00000000
vt 0.00000000 0.00000000
vt 0.00000000 0.00000000
vt 0.00000000 0.00000000
vt 0.00000000 0.00000000
vt 0.00000000 0.00000000
vt 0.00000000 0.00000000
vt 0.00000000 0.00000000
vt 0.00000000 0.00000000
vt 0.00000000 0.00000000
vt 0.00000000 0.00000000
vt 0.00000000 0.00000000
vt 0.00000000 0.00000000
vt 0.00000000 0.00000000
vt 0.00000000 0.00000000
vt 0.00000000 0.00000000
vt 0.00000000 0.00000000
vt 0.00000000 0.00000000
vt 0.00000000 0.00000000
vt 0.00000000 0.00000000
vt 0.00000000 0.00000000
vt 0.00000000 0.00000000
vt 0.00000000 0.00000000
vt 0.00000000 0.00000000
vt 0.00000000 0.00000000
vt 0.00000000 0.00000000
vt 0.00000000 0.00000000
vt 0.00000000 0.00000000
vt 0.00000000 0.00000000
vt 0.00000000 0.00000000
vt 0.00000000 0.00000000
vt 0.00000000 0.00000000
vt 0.00000000 0.00000000
vt 0.00000000 0.00000000
vt 0.00000000 0.00000000
vt 0.00000000 0.00000000
vt 0.00000000 0.00000000
vt 0.00000000 0.00000000
vt 0.00000000 0.00000000
vt 0.00000000 0.00000000
vt 0.00000000 0.00000000
vt 0.00000000 0.00000000
vt 0.00000000 0.00000000
vt 0.00000000 0.00000000
vt 0.00000000 0.00000000
vt 0.00000000 0.00000000
vt 0.00000000 0.00000000
vt 0.00000000 0.00000000
vt 0.00000000 0.00000000
vt 0.00000000 0.00000000
vt 0.00000000 0.00000000
vt 0.00000000 0.00000000
vt 0.00000000 0.00000000
vt 0.00000000 0.00000000
vt 0.00000000 0.00000000
vt 0.00000000 0.00000000
vt 0.00000000 0.00000000
vt 0.00000000 0.00000000
vt 0.00000000 0.00000000
vt 0.00000000 0.00000000
vt 0.00000000 0.00000000
vt 0.00000000 0.00000000
vt 0.00000000 0.00000000
vt 0.00000000 0.00000000
vt 0.00000000 0.00000000
vt 0.00000000 0.00000000
vt 0.00000000 0.00000000
vt 0.00000000 0.00000000
vt 0.00000000 0.00000000
vt 0.00000000 0.00000000
vt 0.00000000 0.00000000
vt 0.00000000 0.00000000
vt 0.00000000 0.00000000
vt 0.00000000 0.00000000
vt 0.00000000 0.00000000
vt 0.00000000 0.00000000
vt 0.00000000 0.00000000
vt 0.00000000 0.00000000
vt 0.00000000 0.00000000
vt 0.00000000 0.00000000
vt 0.00000000 0.00000000
vt 0.00000000 0.00000000
vt 0.00000000 0.00000000
vt 0.00000000 0.00000000
vt 0.00000000 0.00000000
vt 0.00000000 0.00000000
vt 0.00000000 0.00000000
vt 0.00000000 0.00000000
vt 0.00000000 0.00000000
vt 0.00000000 0.00000000
vt 0.00000000 0.00000000
vt 0.00000000 0.00000000
vt 0.00000000 0.00000000
vt 0.00000000 0.00000000
vt 0.00000000 0.00000000
vt 0.00000000 0.00000000
vt 0.00000000 0.00000000
vt 0.00000000 0.00000000
vt 0.00000000 0.00000000
vt 0.00000000 0.00000000
vt 0.00000000 0.00000000
vt 0.00000000 0.00000000
vt 0.00000000 0.00000000
vt 0.00000000 0.00000000
vt 0.00000000 0.00000000
vt 0.00000000 0.00000000
vt 0.00000000 0.00000000
vt 0.00000000 0.00000000
vt 0.00000000 0.00000000
vt 0.00000000 0.00000000
vt 0.00000000 0.00000000
vt 0.00000000 0.00000000
vt 0.00000000 0.00000000
vt 0.00000000 0.00000000
vt 0.00000000 0.00000000
vt 0.00000000 0.00000000
vt 0.00000000 0.00000000
vt 0.00000000 0.00000000
vt 0.00000000 0.00000000
vt 0.00000000 0.00000000
vt 0.00000000 0.00000000
vt 0.00000000 0.00000000
vt 0.00000000 0.00000000
vt 0.00000000 0.00000000
vt 0.00000000 0.00000000
vt 0.00000000 0.00000000
vt 0.00000000 0.00000000
vt 0.00000000 0.00000000
vt 0.00000000 0.00000000
vt 0.00000000 0.00000000
vt 0.00000000 0.00000000
vt 0.00000000 0.00000000
vt 0.00000000 0.00000000
vt 0.00000000 0.00000000
vt 0.00000000 0.00000000
vt 0.00000000 0.00000000
vt 0.00000000 0.00000000
vt 0.00000000 0.00000000
vt 0.00000000 0.00000000
vt 0.00000000 0.00000000
vt 0.00000000 0.00000000
vt 0.00000000 0.00000000
vt 0.00000000 0.00000000
vt 0.00000000 0.00000000
vt 0.00000000 0.00000000
vt 0.00000000 0.00000000
vt 0.00000000 0.00000000
vt 0.00000000 0.00000000
vt 0.00000000 0.00000000
vt 0.00000000 0.00000000
vt 0.00000000 0.00000000
vt 0.00000000 0.00000000
vt 0.00000000 0.00000000
vt 0.00000000 0.00000000
vt 0.00000000 0.00000000
vt 0.00000000 0.00000000
vt 0.00000000 0.00000000
vt 0.00000000 0.00000000
vt 0.00000000 0.00000000
vt 0.00000000 0.00000000
vt 0.00000000 0.00000000
vt 0.00000000 0.00000000
vt 0.00000000 0.00000000
vt 0.00000000 0.00000000
vt 0.00000000 0.00000000
vt 0.00000000 0.00000000
vt 0.00000000 0.00000000
vt 0.00000000 0.00000000
vt 0.00000000 0.00000000
vt 0.00000000 0.00000000
vt 0.00000000 0.00000000
vt 0.00000000 0.00000000
vt 0.00000000 0.00000000
vt 0.00000000 0.00000000
vt 0.00000000 0.00000000
vt 0.00000000 0.00000000
vt 0.00000000 0.00000000
vt 0.00000000 0.00000000
vt 0.00000000 0.00000000
vt 0.00000000 0.00000000
vt 0.00000000 0.00000000
vt 0.00000000 0.00000000
vt 0.00000000 0.00000000
vt 0.00000000 0.00000000
vt 0.00000000 0.00000000
vt 0.00000000 0.00000000
vt 0.00000000 0.00000000
vt 0.00000000 0.00000000
vt 0.00000000 0.00000000
vt 0.00000000 0.00000000
vt 0.00000000 0.00000000
vt 0.00000000 0.00000000
vt 0.00000000 0.00000000
vt 0.00000000 0.00000000
vt 0.00000000 0.00000000
vt 0.00000000 0.00000000
vt 0.00000000 0.00000000
vt 0.00000000 0.00000000
vt 0.00000000 0.00000000
vt 0.00000000 0.00000000
vt 0.00000000 0.00000000
vt 0.00000000 0.00000000
vt 0.00000000 0.00000000
vt 0.00000000 0.00000000
vt 0.00000000 0.00000000
vt 0.00000000 0.00000000
vt 0.00000000 0.00000000
vt 0.00000000 0.00000000
vt 0.00000000 0.00000000
vt 0.00000000 0.00000000
vt 0.00000000 0.00000000
vt 0.00000000 0.00000000
vt 0.00000000 0.00000000
vt 0.00000000 0.00000000
vt 0.00000000 0.00000000
vt 0.00000000 0.00000000
vt 0.00000000 0.00000000
vt 0.00000000 0.00000000
vt 0.00000000 0.00000000
vt 0.00000000 0.00000000
vt 0.00000000 0.00000000
vt 0.00000000 0.00000000
vt 0.00000000 0.00000000
vt 0.00000000 0.00000000
vt 0.00000000 0.00000000
vt 0.00000000 0.00000000
vt 0.00000000 0.00000000
vt 0.00000000 0.00000000
vt 0.00000000 0.00000000
vt 0.00000000 0.00000000
vt 0.00000000 0.00000000
vt 0.00000000 0.00000000
vt 0.00000000 0.00000000
vt 0.00000000 0.00000000
vt 0.00000000 0.00000000
vt 0.00000000 0.00000000
vt 0.00000000 0.00000000
vt 0.00000000 0.00000000
vt 0.00000000 0.00000000
vt 0.00000000 0.00000000
vt 0.00000000 0.00000000
vt 0.00000000 0.00000000
vt 0.00000000 0.00000000
vt 0.00000000 0.00000000
vt 0.00000000 0.00000000
vt 0.00000000 0.00000000
vt 0.00000000 0.00000000
vt 0.00000000 0.00000000
vt 0.00000000 0.00000000
vt 0.00000000 0.00000000
vt 0.00000000 0.00000000
vt 0.00000000 0.00000000
vt 0.00000000 0.00000000
vt 0.00000000 0.00000000
vt 0.00000000 0.00000000
vt 0.00000000 0.00000000
vt 0.00000000 0.00000000
vt 0.00000000 0.00000000
vt 0.00000000 0.00000000
vt 0.00000000 0.00000000
vt 0.00000000 0.00000000
vt 0.00000000 0.00000000
vt 0.00000000 0.00000000
vt 0.00000000 0.00000000
vt 0.00000000 0.00000000
vt 0.00000000 0.00000000
vt 0.00000000 0.00000000
vt 0.00000000 0.00000000
vt 0.00000000 0.00000000
vt 0.00000000 0.00000000
vt 0.00000000 0.00000000
vt 0.00000000 0.00000000
vt 0.00000000 0.00000000
vt 0.00000000 0.00000000
vt 0.00000000 0.00000000
vt 0.00000000 0.00000000
vt 0.00000000 0.00000000
vt 0.00000000 0.00000000
vt 0.00000000 0.00000000
vt 0.00000000 0.00000000
vt 0.00000000 0.00000000
vt 0.00000000 0.00000000
vt 0.00000000 0.00000000
vt 0.00000000 0.00000000
vt 0.00000000 0.00000000
vt 0.00000000 0.00000000
vt 0.00000000 0.00000000
vt 0.00000000 0.00000000
vt 0.00000000 0.00000000
vt 0.00000000 0.00000000
vt 0.00000000 0.00000000
vt 0.00000000 0.00000000
vt 0.00000000 0.00000000
vt 0.00000000 0.00000000
vt 0.00000000 0.00000000
vt 0.00000000 0.00000000
vt 0.00000000 0.00000000
vt 0.00000000 0.00000000
vt 0.00000000 0.00000000
vt 0.00000000 0.00000000
vt 0.00000000 0.00000000
vt 0.00000000 0.00000000
vt 0.00000000 0.00000000
vt 0.00000000 0.00000000
vt 0.00000000 0.00000000
vt 0.00000000 0.00000000
vt 0.00000000 0.00000000
vt 0.00000000 0.00000000
vt 0.00000000 0.00000000
vt 0.00000000 0.00000000
vt 0.00000000 0.00000000
vt 0.00000000 0.00000000
vt 0.00000000 0.00000000
vt 0.00000000 0.00000000
vt 0.00000000 0.00000000
vt 0.00000000 0.00000000
vt 0.00000000 0.00000000
vt 0.00000000 0.00000000
vt 0.00000000 0.00000000
vt 0.00000000 0.00000000
vt 0.00000000 0.00000000
vt 0.00000000 0.00000000
vt 0.00000000 0.00000000
vt 0.00000000 0.00000000
vt 0.00000000 0.00000000
vt 0.00000000 0.00000000
vt 0.00000000 0.00000000
vt 0.00000000 0.00000000
vt 0.00000000 0.00000000
vt 0.00000000 0.00000000
vt 0.00000000 0.00000000
vt 0.00000000 0.00000000
vt 0.00000000 0.00000000
vt 0.00000000 0.00000000
vt 0.00000000 0.00000000
vt 0.00000000 0.00000000
vt 0.00000000 0.00000000
vt 0.00000000 0.00000000
vt 0.00000000 0.00000000
vt 0.00000000 0.00000000
vt 0.00000000 0.00000000
vt 0.00000000 0.00000000
vt 0.00000000 0.00000000
vt 0.00000000 0.00000000
vt 0.00000000 0.00000000
vt 0.00000000 0.00000000
vt 0.00000000 0.00000000
vt 0.00000000 0.00000000
vt 0.00000000 0.00000000
vt 0.00000000 0.00000000
vt 0.00000000 0.00000000
vt 0.00000000 0.00000000
vt 0.00000000 0.00000000
vt 0.00000000 0.00000000
vt 0.00000000 0.00000000
vt 0.00000000 0.00000000
vt 0.00000000 0.00000000
vt 0.00000000 0.00000000
vt 0.00000000 0.00000000
vt 0.00000000 0.00000000
vt 0.00000000 0.00000000
vt 0.00000000 0.00000000
vt 0.00000000 0.00000000
vt 0.00000000 0.00000000
vt 0.00000000 0.00000000
vt 0.00000000 0.00000000
vt 0.00000000 0.00000000
vt 0.00000000 0.00000000
vt 0.00000000 0.00000000
vt 0.00000000 0.00000000
vt 0.00000000 0.00000000
vt 0.00000000 0.00000000
vt 0.00000000 0.00000000
vt 0.00000000 0.00000000
vt 0.00000000 0.00000000
vt 0.00000000 0.00000000
vt 0.00000000 0.00000000
vt 0.00000000 0.00000000
vt 0.00000000 0.00000000
vt 0.00000000 0.00000000
vt 0.00000000 0.00000000
vt 0.00000000 0.00000000
vt 0.00000000 0.00000000
vt 0.00000000 0.00000000
vt 0.00000000 0.00000000
vt 0.00000000 0.00000000
vt 0.00000000 0.00000000
vt 0.00000000 0.00000000
vt 0.00000000 0.00000000
vt 0.00000000 0.00000000
vt 0.00000000 0.00000000
vt 0.00000000 0.00000000
vt 0.00000000 0.00000000
vt 0.00000000 0.00000000
vt 0.00000000 0.00000000
vt 0.00000000 0.00000000
vt 0.00000000 0.00000000
vt 0.00000000 0.00000000
vt 0.00000000 0.00000000
vt 0.00000000 0.00000000
vt 0.00000000 0.00000000
vt 0.00000000 0.00000000
vt 0.00000000 0.00000000
vt 0.00000000 0.00000000
vt 0.00000000 0.00000000
vt 0.00000000 0.00000000
vt 0.00000000 0.00000000
vt 0.00000000 0.00000000
vt 0.00000000 0.00000000
vt 0.00000000 0.00000000
vt 0.00000000 0.00000000
vt 0.00000000 0.00000000
vt 0.00000000 0.00000000
vt 0.00000000 0.00000000
vt 0.00000000 0.00000000
vt 0.00000000 0.00000000
vt 0.00000000 0.00000000
vt 0.00000000 0.00000000
vt 0.00000000 0.00000000
vt 0.00000000 0.00000000
vt 0.00000000 0.00000000
vt 0.00000000 0.00000000
vt 0.00000000 0.00000000
vt 0.00000000 0.00000000
vt 0.00000000 0.00000000
vt 0.00000000 0.00000000
vt 0.00000000 0.00000000
vt 0.00000000 0.00000000
vt 0.00000000 0.00000000
vt 0.00000000 0.00000000
vt 0.00000000 0.00000000
vt 0.00000000 0.00000000
vt 0.00000000 0.00000000
vt 0.00000000 0.00000000
vt 0.00000000 0.00000000
vt 0.00000000 0.00000000
vt 0.00000000 0.00000000
vt 0.00000000 0.00000000
vt 0.00000000 0.00000000
vt 0.00000000 0.00000000
vt 0.00000000 0.00000000
vt 0.00000000 0.00000000
vt 0.00000000 0.00000000
vt 0.00000000 0.00000000
vt 0.00000000 0.00000000
vt 0.00000000 0.00000000
vt 0.00000000 0.00000000
vt 0.00000000 0.00000000
vt 0.00000000 0.00000000
vt 0.00000000 0.00000000
vt 0.00000000 0.00000000
vt 0.00000000 0.00000000
vt 0.00000000 0.00000000
vt 0.00000000 0.00000000
vt 0.00000000 0.00000000
vt 0.00000000 0.00000000
vt 0.00000000 0.00000000
vt 0.00000000 0.00000000
vt 0.00000000 0.00000000
vt 0.00000000 0.00000000
vt 0.00000000 0.00000000
vt 0.00000000 0.00000000
vt 0.00000000 0.00000000
vt 0.00000000 0.00000000
vt 0.00000000 0.00000000
vt 0.00000000 0.00000000
vt 0.00000000 0.00000000
vt 0.00000000 0.00000000
vt 0.00000000 0.00000000
vt 0.00000000 0.00000000
vt 0.00000000 0.00000000
vt 0.00000000 0.00000000
vt 0.00000000 0.00000000
vt 0.00000000 0.00000000
vt 0.00000000 0.00000000
vt 0.00000000 0.00000000
vt 0.00000000 0.00000000
vt 0.00000000 0.00000000
vt 0.00000000 0.00000000
vt 0.00000000 0.00000000
vt 0.00000000 0.00000000
vt 0.00000000 0.00000000
vt 0.00000000 0.00000000
vt 0.00000000 0.00000000
vt 0.00000000 0.00000000
vt 0.00000000 0.00000000
vt 0.00000000 0.00000000
vt 0.00000000 0.00000000
vt 0.00000000 0.00000000
vt 0.00000000 0.00000000
vt 0.00000000 0.00000000
vt 0.00000000 0.00000000
vt 0.00000000 0.00000000
vt 0.00000000 0.00000000
vt 0.00000000 0.00000000
vt 0.00000000 0.00000000
vt 0.00000000 0.00000000
vt 0.00000000 0.00000000
vt 0.00000000 0.00000000
vt 0.00000000 0.00000000
vt 0.00000000 0.00000000
vt 0.00000000 0.00000000
vt 0.00000000 0.00000000
vt 0.00000000 0.00000000
vt 0.00000000 0.00000000
vt 0.00000000 0.00000000
vt 0.00000000 0.00000000
vt 0.00000000 0.00000000
vt 0.00000000 0.00000000
vt 0.00000000 0.00000000
vt 0.00000000 0.00000000
vt 0.00000000 0.00000000
vt 0.00000000 0.00000000
vt 0.00000000 0.00000000
vt 0.00000000 0.00000000
vt 0.00000000 0.00000000
vt 0.00000000 0.00000000
vt 0.00000000 0.00000000
vt 0.00000000 0.00000000
vt 0.00000000 0.00000000
vt 0.00000000 0.00000000
vt 0.00000000 0.00000000
vt 0.00000000 0.00000000
vt 0.00000000 0.00000000
vt 0.00000000 0.00000000
vt 0.00000000 0.00000000
vt 0.00000000 0.00000000
vt 0.00000000 0.00000000
vt 0.00000000 0.00000000
vt 0.00000000 0.00000000
vt 0.00000000 0.00000000
vt 0.00000000 0.00000000
vt 0.00000000 0.00000000
f 43/43/43 268/268/268 618/618/618
f 268/268/268 36/36/36 247/247/247
f 618/618/618 247/247/247 37/37/37
f 295/295/295 618/618/618 255/255/255
f 45/45/45 270/270/270 619/619/619
f 270/270/270 29/29/29 240/240/240
f 619/619/619 240/240/240 30/30/30
f 294/294/294 619/619/619 257/257/257
f 44/44/44 255/255/255 620/620/620
f 255/255/255 37/37/37 248/248/248
f 620/620/620 248/248/248 38/38/38
f 293/293/293 620/620/620 258/258/258
f 46/46/46 257/257/257 621/621/621
f 257/257/257 30/30/30 241/241/241
f 621/621/621 241/241/241 31/31/31
f 292/292/292 621/621/621 259/259/259
f 47/47/47 258/258/258 622/622/622
f 258/258/258 38/38/38 249/249/249
f 622/622/622 249/249/249 39/39/39
f 291/291/291 622/622/622 260/260/260
f 48/48/48 259/259/259 623/623/623
f 259/259/259 31/31/31 242/242/242
f 623/623/623 242/242/242 32/32/32
f 290/290/290 623/623/623 261/261/261
f 49/49/49 260/260/260 624/624/624
f 260/260/260 39/39/39 250/250/250
f 624/624/624 250/250/250 40/40/40
f 289/289/289 624/624/624 262/262/262
f 50/50/50 261/261/261 625/625/625
f 261/261/261 32/32/32 243/243/243
f 625/625/625 243/243/243 33/33/33
f 288/288/288 625/625/625 263/263/263
f 51/51/51 262/262/262 626/626/626
f 262/262/262 40/40/40 251/251/251
f 626/626/626 251/251/251 41/41/41
f 287/287/287 626/626/626 264/264/264
f 52/52/52 263/263/263 627/627/627
f 263/263/263 33/33/33 244/244/244
f 627/627/627 244/244/244 34/34/34
f 286/286/286 627/627/627 265/265/265
f 53/53/53 264/264/264 628/628/628
f 264/264/264 41/41/41 252/252/252
f 628/628/628 252/252/252 42/42/42
f 285/285/285 628/628/628 266/266/266
f 54/54/54 265/265/265 629/629/629
f 265/265/265 34/34/34 245/245/245
f 629/629/629 245/245/245 35/35/35
f 284/284/284 629/629/629 267/267/267
f 55/55/55 266/266/266 630/630/630
f 266/266/266 42/42/42 253/253/253
f 630/630/630 253/253/253 29/29/29
f 283/283/283 630/630/630 270/270/270
f 56/56/56 267/267/267 631/631/631
f 267/267/267 35/35/35 246/246/246
f 631/631/631 246/246/246 36/36/36
f 282/282/282 631/631/631 268/268/268
f 7/7/7 281/281/281 632/632/632
f 281/281/281 56/56/56 282/282/282
f 632/632/632 282/282/282 43/43/43
f 218/218/218 632/632/632 254/254/254
f 14/14/14 280/280/280 633/633/633
f 280/280/280 55/55/55 283/283/283
f 633/633/633 283/283/283 45/45/45
f 225/225/225 633/633/633 256/256/256
f 6/6/6 279/279/279 634/634/634
f 279/279/279 54/54/54 284/284/284
f 634/634/634 284/284/284 56/56/56
f 217/217/217 634/634/634 281/281/281
f 13/13/13 278/278/278 635/635/635
f 278/278/278 53/53/53 285/285/285
f 635/635/635 285/285/285 55/55/55
f 224/224/224 635/635/635 280/280/280
f 5/5/5 277/277/277 636/636/636
f 277/277/277 52/52/52 286/286/286
f 636/636/636 286/286/286 54/54/54
f 216/216/216 636/636/636 279/279/279
f 12/12/12 276/276/276 637/637/637
f 276/276/276 51/51/51 287/287/287
f 637/637/637 287/287/287 53/53/53
f 223/223/223 637/637/637 278/278/278
f 4/4/4 275/275/275 638/638/638
f 275/275/275 50/50/50 288/288/288
f 638/638/638 288/288/288 52/52/52
f 215/215/215 638/638/638 277/277/277
f 11/11/11 274/274/274 639/639/639
f 274/274/274 49/49/49 289/289/289
f 639/639/639 289/289/289 51/51/51
f 222/222/222 639/639/639 276/276/276
f 3/3/3 273/273/273 640/640/640
f 273/273/273 48/48/48 290/290/290
f 640/640/640 290/290/290 50/50/50
f 214/214/214 640/640/640 275/275/275
f 10/10/10 272/272/272 641/641/641
f 272/272/272 47/47/47 291/291/291
f 641/641/641 291/291/291 49/49/49
f 221/221/221 641/641/641 274/274/274
f 2/2/2 271/271/271 642/642/642
f 271/271/271 46/46/46 292/292/292
f 642/642/642 292/292/292 48/48/48
f 213/213/213 642/642/642 273/273/273
f 9/9/9 269/269/269 643/643/643
f 269/269/269 44/44/44 293/293/293
f 643/643/643 293/293/293 47/47/47
f 220/220/220 643/643/643 272/272/272
f 1/1/1 256/256/256 644/644/644
f 256/256/256 45/45/45 294/294/294
f 644/644/644 294/294/294 46/46/46
f 212/212/212 644/644/644 271/271/271
f 8/8/8 254/254/254 645/645/645
f 254/254/254 43/43/43 295/295/295
f 645/645/645 295/295/295 44/44/44
f 219/219/219 645/645/645 269/269/269
f 92/92/92 360/360/360 646/646/646
f 360/360/360 90/90/90 312/312/312
f 646/646/646 312/312/312 79/79/79
f 314/314/314 646/646/646 319/319/319
f 88/88/88 364/364/364 647/647/647
f 364/364/364 87/87/87 311/311/311
f 647/647/647 311/311/311 82/82/82
f 310/310/310 647/647/647 317/317/317
f 85/85/85 352/352/352 648/648/648
f 352/352/352 98/98/98 343/343/343
f 648/648/648 343/343/343 71/71/71
f 315/315/315 648/648/648 350/350/350
f 89/89/89 363/363/363 649/649/649
f 363/363/363 86/86/86 347/347/347
f 649/649/649 347/347/347 83/83/83
f 326/326/326 649/649/649 324/324/324
f 93/93/93 359/359/359 650/650/650
f 359/359/359 91/91/91 313/313/313
f 650/650/650 313/313/313 78/78/78
f 316/316/316 650/650/650 342/342/342
f 97/97/97 355/355/355 651/651/651
f 355/355/355 95/95/95 349/349/349
f 651/651/651 349/349/349 74/74/74
f 341/341/341 651/651/651 346/346/346
f 94/94/94 358/358/358 652/652/652
f 358/358/358 92/92/92 314/314/314
f 652/652/652 314/314/314 77/77/77
f 345/345/345 652/652/652 320/320/320
f 90/90/90 362/362/362 653/653/653
f 362/362/362 88/88/88 310/310/310
f 653/653/653 310/310/310 81/81/81
f 312/312/312 653/653/653 318/318/318
f 86/86/86 365/365/365 654/654/654
f 365/365/365 85/85/85 315/315/315
f 654/654/654 315/315/315 84/84/84
f 347/347/347 654/654/654 351/351/351
f 98/98/98 354/354/354 655/655/655
f 354/354/354 96/96/96 323/323/323
f 655/655/655 323/323/323 73/73/73
f 343/343/343 655/655/655 322/322/322
f 95/95/95 357/357/357 656/656/656
f 357/357/357 93/93/93 316/316/316
f 656/656/656 316/316/316 76/76/76
f 349/349/349 656/656/656 344/344/344
f 91/91/91 361/361/361 657/657/657
f 361/361/361 89/89/89 326/326/326
f 657/657/657 326/326/326 80/80/80
f 313/313/313 657/657/657 339/339/339
f 96/96/96 356/356/356 658/658/658
f 356/356/356 94/94/94 345/345/345
f 658/658/658 345/345/345 75/75/75
f 323/323/323 658/658/658 321/321/321
f 87/87/87 353/353/353 659/659/659
f 353/353/353 97/97/97 341/341/341
f 659/659/659 341/341/341 72/72/72
f 311/311/311 659/659/659 348/348/348
f 116/116/116 505/505/505 660/660/660
f 505/505/505 165/165/165 446/446/446
f 660/660/660 446/446/446 98/98/98
f 338/338/338 660/660/660 352/352/352
f 120/120/120 501/501/501 661/661/661
f 501/501/501 161/161/161 442/442/442
f 661/661/661 442/442/442 97/97/97
f 340/340/340 661/661/661 353/353/353
f 165/165/165 497/497/497 662/662/662
f 497/497/497 157/157/157 438/438/438
f 662/662/662 438/438/438 96/96/96
f 446/446/446 662/662/662 354/354/354
f 161/161/161 493/493/493 663/663/663
f 493/493/493 153/153/153 434/434/434
f 663/663/663 434/434/434 95/95/95
f 442/442/442 663/663/663 355/355/355
f 157/157/157 489/489/489 664/664/664
f 489/489/489 149/149/149 430/430/430
f 664/664/664 430/430/430 94/94/94
f 438/438/438 664/664/664 356/356/356
f 153/153/153 485/485/485 665/665/665
f 485/485/485 145/145/145 426/426/426
f 665/665/665 426/426/426 93/93/93
f 434/434/434 665/665/665 357/357/357
f 145/145/145 477/477/477 666/666/666
f 477/477/477 137/137/137 418/418/418
f 666/666/666 418/418/418 91/91/91
f 426/426/426 666/666/666 359/359/359
f 141/141/141 473/473/473 667/667/667
f 473/473/473 133/133/133 414/414/414
f 667/667/667 414/414/414 90/90/90
f 422/422/422 667/667/667 360/360/360
f 137/137/137 469/469/469 668/668/668
f 469/469/469 129/129/129 410/410/410
f 668/668/668 410/410/410 89/89/89
f 418/418/418 668/668/668 361/361/361
f 133/133/133 465/465/465 669/669/669
f 465/465/465 125/125/125 406/406/406
f 669/669/669 406/406/406 88/88/88
f 414/414/414 669/669/669 362/362/362
f 129/129/129 461/461/461 670/670/670
f 461/461/461 121/121/121 402/402/402
f 670/670/670 402/402/402 86/86/86
f 410/410/410 670/670/670 363/363/363
f 125/125/125 457/457/457 671/671/671
f 457/457/457 120/120/120 340/340/340
f 671/671/671 340/340/340 87/87/87
f 406/406/406 671/671/671 364/364/364
f 121/121/121 453/453/453 672/672/672
f 453/453/453 116/116/116 338/338/338
f 672/672/672 338/338/338 85/85/85
f 402/402/402 672/672/672 365/365/365
f 65/65/65 303/303/303 673/673/673
f 303/303/303 64/64/64 378/378/378
f 673/673/673 378/378/378 111/111/111
f 325/325/325 673/673/673 380/380/380
f 58/58/58 296/296/296 674/674/674
f 296/296/296 57/57/57 379/379/379
f 674/674/674 379/379/379 112/112/112
f 327/327/327 674/674/674 381/381/381
f 66/66/66 304/304/304 675/675/675
f 304/304/304 65/65/65 325/325/325
f 675/675/675 325/325/325 99/99/99
f 328/328/328 675/675/675 382/382/382
f 59/59/59 297/297/297 676/676/676
f 297/297/297 58/58/58 327/327/327
f 676/676/676 327/327/327 100/100/100
f 329/329/329 676/676/676 383/383/383
f 67/67/67 305/305/305 677/677/677
f 305/305/305 66/66/66 328/328/328
f 677/677/677 328/328/328 101/101/101
f 330/330/330 677/677/677 384/384/384
f 60/60/60 298/298/298 678/678/678
f 298/298/298 59/59/59 329/329/329
f 678/678/678 329/329/329 102/102/102
f 331/331/331 678/678/678 385/385/385
f 68/68/68 306/306/306 679/679/679
f 306/306/306 67/67/67 330/330/330
f 679/679/679 330/330/330 103/103/103
f 332/332/332 679/679/679 386/386/386
f 61/61/61 299/299/299 680/680/680
f 299/299/299 60/60/60 331/331/331
f 680/680/680 331/331/331 104/104/104
f 333/333/333 680/680/680 387/387/387
f 69/69/69 307/307/307 681/681/681
f 307/307/307 68/68/68 332/332/332
f 681/681/681 332/332/332 105/105/105
f 334/334/334 681/681/681 388/388/388
f 62/62/62 300/300/300 682/682/682
f 300/300/300 61/61/61 333/333/333
f 682/682/682 333/333/333 106/106/106
f 335/335/335 682/682/682 389/389/389
f 70/70/70 308/308/308 683/683/683
f 308/308/308 69/69/69 334/334/334
f 683/683/683 334/334/334 107/107/107
f 336/336/336 683/683/683 390/390/390
f 63/63/63 301/301/301 684/684/684
f 301/301/301 62/62/62 335/335/335
f 684/684/684 335/335/335 108/108/108
f 337/337/337 684/684/684 391/391/391
f 57/57/57 309/309/309 685/685/685
f 309/309/309 70/70/70 336/336/336
f 685/685/685 336/336/336 109/109/109
f 379/379/379 685/685/685 392/392/392
f 64/64/64 302/302/302 686/686/686
f 302/302/302 63/63/63 337/337/337
f 686/686/686 337/337/337 110/110/110
f 378/378/378 686/686/686 393/393/393
f 99/99/99 380/380/380 687/687/687
f 380/380/380 111/111/111 394/394/394
f 687/687/687 394/394/394 113/113/113
f 366/366/366 687/687/687 450/450/450
f 124/124/124 450/450/450 688/688/688
f 450/450/450 113/113/113 395/395/395
f 688/688/688 395/395/395 114/114/114
f 405/405/405 688/688/688 451/451/451
f 185/185/185 561/561/561 689/689/689
f 561/561/561 183/183/183 396/396/396
f 689/689/689 396/396/396 115/115/115
f 536/536/536 689/689/689 452/452/452
f 122/122/122 452/452/452 690/690/690
f 452/452/452 115/115/115 397/397/397
f 690/690/690 397/397/397 116/116/116
f 403/403/403 690/690/690 453/453/453
f 100/100/100 381/381/381 691/691/691
f 381/381/381 112/112/112 398/398/398
f 691/691/691 398/398/398 117/117/117
f 367/367/367 691/691/691 454/454/454
f 128/128/128 454/454/454 692/692/692
f 454/454/454 117/117/117 399/399/399
f 692/692/692 399/399/399 118/118/118
f 409/409/409 692/692/692 455/455/455
f 186/186/186 560/560/560 693/693/693
f 560/560/560 184/184/184 400/400/400
f 693/693/693 400/400/400 119/119/119
f 537/537/537 693/693/693 456/456/456
f 126/126/126 456/456/456 694/694/694
f 456/456/456 119/119/119 401/401/401
f 694/694/694 401/401/401 120/120/120
f 407/407/407 694/694/694 457/457/457
f 101/101/101 382/382/382 695/695/695
f 382/382/382 99/99/99 366/366/366
f 695/695/695 366/366/366 124/124/124
f 368/368/368 695/695/695 458/458/458
f 132/132/132 458/458/458 696/696/696
f 458/458/458 124/124/124 405/405/405
f 696/696/696 405/405/405 123/123/123
f 413/413/413 696/696/696 459/459/459
f 187/187/187 559/559/559 697/697/697
f 559/559/559 185/185/185 536/536/536
f 697/697/697 536/536/536 122/122/122
f 538/538/538 697/697/697 460/460/460
f 130/130/130 460/460/460 698/698/698
f 460/460/460 122/122/122 403/403/403
f 698/698/698 403/403/403 121/121/121
f 411/411/411 698/698/698 461/461/461
f 102/102/102 383/383/383 699/699/699
f 383/383/383 100/100/100 367/367/367
f 699/699/699 367/367/367 128/128/128
f 369/369/369 699/699/699 462/462/462
f 136/136/136 462/462/462 700/700/700
f 462/462/462 128/128/128 409/409/409
f 700/700/700 409/409/409 127/127/127
f 417/417/417 700/700/700 463/463/463
f 188/188/188 558/558/558 701/701/701
f 558/558/558 186/186/186 537/537/537
f 701/701/701 537/537/537 126/126/126
f 539/539/539 701/701/701 464/464/464
f 134/134/134 464/464/464 702/702/702
f 464/464/464 126/126/126 407/407/407
f 702/702/702 407/407/407 125/125/125
f 415/415/415 702/702/702 465/465/465
f 103/103/103 384/384/384 703/703/703
f 384/384/384 101/101/101 368/368/368
f 703/703/703 368/368/368 132/132/132
f 370/370/370 703/703/703 466/466/466
f 140/140/140 466/466/466 704/704/704
f 466/466/466 132/132/132 413/413/413
f 704/704/704 413/413/413 131/131/131
f 421/421/421 704/704/704 467/467/467
f 189/189/189 557/557/557 705/705/705
f 557/557/557 187/187/187 538/538/538
f 705/705/705 538/538/538 130/130/130
f 540/540/540 705/705/705 468/468/468
f 138/138/138 468/468/468 706/706/706
f 468/468/468 130/130/130 411/411/411
f 706/706/706 411/411/411 129/129/129
f 419/419/419 706/706/706 469/469/469
f 104/104/104 385/385/385 707/707/707
f 385/385/385 102/102/102 369/369/369
f 707/707/707 369/369/369 136/136/136
f 371/371/371 707/707/707 470/470/470
f 144/144/144 470/470/470 708/708/708
f 470/470/470 136/136/136 417/417/417
f 708/708/708 417/417/417 135/135/135
f 425/425/425 708/708/708 471/471/471
f 190/190/190 556/556/556 709/709/709
f 556/556/556 188/188/188 539/539/539
f 709/709/709 539/539/539 134/134/134
f 541/541/541 709/709/709 472/472/472
f 142/142/142 472/472/472 710/710/710
f 472/472/472 134/134/134 415/415/415
f 710/710/710 415/415/415 133/133/133
f 423/423/423 710/710/710 473/473/473
f 105/105/105 386/386/386 711/711/711
f 386/386/386 103/103/103 370/370/370
f 711/711/711 370/370/370 140/140/140
f 372/372/372 711/711/711 474/474/474
f 148/148/148 474/474/474 712/712/712
f 474/474/474 140/140/140 421/421/421
f 712/712/712 421/421/421 139/139/139
f 429/429/429 712/712/712 475/475/475
f 191/191/191 555/555/555 713/713/713
f 555/555/555 189/189/189 540/540/540
f 713/713/713 540/540/540 138/138/138
f 542/542/542 713/713/713 476/476/476
f 146/146/146 476/476/476 714/714/714
f 476/476/476 138/138/138 419/419/419
f 714/714/714 419/419/419 137/137/137
f 427/427/427 714/714/714 477/477/477
f 106/106/106 387/387/387 715/715/715
f 387/387/387 104/104/104 371/371/371
f 715/715/715 371/371/371 144/144/144
f 373/373/373 715/715/715 478/478/478
f 192/192/192 554/554/554 716/716/716
f 554/554/554 190/190/190 541/541/541
f 716/716/716 541/541/541 142/142/142
f 543/543/543 716/716/716 480/480/480
f 150/150/150 480/480/480 717/717/717
f 480/480/480 142/142/142 423/423/423
f 717/717/717 423/423/423 141/141/141
f 431/431/431 717/717/717 481/481/481
f 107/107/107 388/388/388 718/718/718
f 388/388/388 105/105/105 372/372/372
f 718/718/718 372/372/372 148/148/148
f 374/374/374 718/718/718 482/482/482
f 156/156/156 482/482/482 719/719/719
f 482/482/482 148/148/148 429/429/429
f 719/719/719 429/429/429 147/147/147
f 437/437/437 719/719/719 483/483/483
f 193/193/193 553/553/553 720/720/720
f 553/553/553 191/191/191 542/542/542
f 720/720/720 542/542/542 146/146/146
f 544/544/544 720/720/720 484/484/484
f 154/154/154 484/484/484 721/721/721
f 484/484/484 146/146/146 427/427/427
f 721/721/721 427/427/427 145/145/145
f 435/435/435 721/721/721 485/485/485
f 108/108/108 389/389/389 722/722/722
f 389/389/389 106/106/106 373/373/373
f 722/722/722 373/373/373 152/152/152
f 375/375/375 722/722/722 486/486/486
f 160/160/160 486/486/486 723/723/723
f 486/486/486 152/152/152 433/433/433
f 723/723/723 433/433/433 151/151/151
f 441/441/441 723/723/723 487/487/487
f 194/194/194 552/552/552 724/724/724
f 552/552/552 192/192/192 543/543/543
f 724/724/724 543/543/543 150/150/150
f 545/545/545 724/724/724 488/488/488
f 158/158/158 488/488/488 725/725/725
f 488/488/488 150/150/150 431/431/431
f 725/725/725 431/431/431 149/149/149
f 439/439/439 725/725/725 489/489/489
f 109/109/109 390/390/390 726/726/726
f 390/390/390 107/107/107 374/374/374
f 726/726/726 374/374/374 156/156/156
f 376/376/376 726/726/726 490/490/490
f 164/164/164 490/490/490 727/727/727
f 490/490/490 156/156/156 437/437/437
f 727/727/727 437/437/437 155/155/155
f 445/445/445 727/727/727 491/491/491
f 195/195/195 551/551/551 728/728/728
f 551/551/551 193/193/193 544/544/544
f 728/728/728 544/544/544 154/154/154
f 546/546/546 728/728/728 492/492/492
f 162/162/162 492/492/492 729/729/729
f 492/492/492 154/154/154 435/435/435
f 729/729/729 435/435/435 153/153/153
f 443/443/443 729/729/729 493/493/493
f 110/110/110 391/391/391 730/730/730
f 391/391/391 108/108/108 375/375/375
f 730/730/730 375/375/375 160/160/160
f 377/377/377 730/730/730 494/494/494
f 168/168/168 494/494/494 731/731/731
f 494/494/494 160/160/160 441/441/441
f 731/731/731 441/441/441 159/159/159
f 449/449/449 731/731/731 495/495/495
f 196/196/196 550/550/550 732/732/732
f 550/550/550 194/194/194 545/545/545
f 732/732/732 545/545/545 158/158/158
f 547/547/547 732/732/732 496/496/496
f 166/166/166 496/496/496 733/733/733
f 496/496/496 158/158/158 439/439/439
f 733/733/733 439/439/439 157/157/157
f 447/447/447 733/733/733 497/497/497
f 112/112/112 392/392/392 734/734/734
f 392/392/392 109/109/109 376/376/376
f 734/734/734 376/376/376 164/164/164
f 398/398/398 734/734/734 498/498/498
f 117/117/117 498/498/498 735/735/735
f 498/498/498 164/164/164 445/445/445
f 735/735/735 445/445/445 163/163/163
f 399/399/399 735/735/735 499/499/499
f 184/184/184 549/549/549 736/736/736
f 549/549/549 195/195/195 546/546/546
f 736/736/736 546/546/546 162/162/162
f 400/400/400 736/736/736 500/500/500
f 119/119/119 500/500/500 737/737/737
f 500/500/500 162/162/162 443/443/443
f 737/737/737 443/443/443 161/161/161
f 401/401/401 737/737/737 501/501/501
f 111/111/111 393/393/393 738/738/738
f 393/393/393 110/110/110 377/377/377
f 738/738/738 377/377/377 168/168/168
f 394/394/394 738/738/738 502/502/502
f 113/113/113 502/502/502 739/739/739
f 502/502/502 168/168/168 449/449/449
f 739/739/739 449/449/449 167/167/167
f 395/395/395 739/739/739 503/503/503
f 183/183/183 548/548/548 740/740/740
f 548/548/548 196/196/196 547/547/547
f 740/740/740 547/547/547 166/166/166
f 396/396/396 740/740/740 504/504/504
f 115/115/115 504/504/504 741/741/741
f 504/504/504 166/166/166 447/447/447
f 741/741/741 447/447/447 165/165/165
f 397/397/397 741/741/741 505/505/505
f 69/69/69 308/308/308 742/742/742
f 308/308/308 70/70/70 511/511/511
f 742/742/742 511/511/511 169/169/169
f 520/520/520 742/742/742 527/527/527
f 60/60/60 299/299/299 743/743/743
f 299/299/299 61/61/61 533/533/533
f 743/743/743 533/533/533 178/178/178
f 531/531/531 743/743/743 517/517/517
f 70/70/70 309/309/309 744/744/744
f 309/309/309 57/57/57 528/528/528
f 744/744/744 528/528/528 182/182/182
f 511/511/511 744/744/744 512/512/512
f 63/63/63 302/302/302 745/745/745
f 302/302/302 64/64/64 529/529/529
f 745/745/745 529/529/529 175/175/175
f 510/510/510 745/745/745 524/524/524
f 64/64/64 303/303/303 746/746/746
f 303/303/303 65/65/65 530/530/530
f 746/746/746 530/530/530 174/174/174
f 529/529/529 746/746/746 515/515/515
f 57/57/57 296/296/296 747/747/747
f 296/296/296 58/58/58 509/509/509
f 747/747/747 509/509/509 181/181/181
f 528/528/528 747/747/747 519/519/519
f 65/65/65 304/304/304 748/748/748
f 304/304/304 66/66/66 532/532/532
f 748/748/748 532/532/532 173/173/173
f 530/530/530 748/748/748 525/525/525
f 58/58/58 297/297/297 749/749/749
f 297/297/297 59/59/59 521/521/521
f 749/749/749 521/521/521 180/180/180
f 509/509/509 749/749/749 518/518/518
f 66/66/66 305/305/305 750/750/750
f 305/305/305 67/67/67 507/507/507
f 750/750/750 507/507/507 172/172/172
f 532/532/532 750/750/750 514/514/514
f 59/59/59 298/298/298 751/751/751
f 298/298/298 60/60/60 531/531/531
f 751/751/751 531/531/531 179/179/179
f 521/521/521 751/751/751 522/522/522
f 67/67/67 306/306/306 752/752/752
f 306/306/306 68/68/68 508/508/508
f 752/752/752 508/508/508 171/171/171
f 507/507/507 752/752/752 526/526/526
f 61/61/61 300/300/300 753/753/753
f 300/300/300 62/62/62 506/506/506
f 753/753/753 506/506/506 177/177/177
f 533/533/533 753/753/753 523/523/523
f 68/68/68 307/307/307 754/754/754
f 307/307/307 69/69/69 520/520/520
f 754/754/754 520/520/520 170/170/170
f 508/508/508 754/754/754 513/513/513
f 62/62/62 301/301/301 755/755/755
f 301/301/301 63/63/63 510/510/510
f 755/755/755 510/510/510 176/176/176
f 506/506/506 755/755/755 516/516/516
f 114/114/114 503/503/503 756/756/756
f 503/503/503 167/167/167 448/448/448
f 756/756/756 448/448/448 196/196/196
f 534/534/534 756/756/756 548/548/548
f 118/118/118 499/499/499 757/757/757
f 499/499/499 163/163/163 444/444/444
f 757/757/757 444/444/444 195/195/195
f 535/535/535 757/757/757 549/549/549
f 167/167/167 495/495/495 758/758/758
f 495/495/495 159/159/159 440/440/440
f 758/758/758 440/440/440 194/194/194
f 448/448/448 758/758/758 550/550/550
f 163/163/163 491/491/491 759/759/759
f 491/491/491 155/155/155 436/436/436
f 759/759/759 436/436/436 193/193/193
f 444/444/444 759/759/759 551/551/551
f 159/159/159 487/487/487 760/760/760
f 487/487/487 151/151/151 432/432/432
f 760/760/760 432/432/432 192/192/192
f 440/440/440 760/760/760 552/552/552
f 155/155/155 483/483/483 761/761/761
f 483/483/483 147/147/147 428/428/428
f 761/761/761 428/428/428 191/191/191
f 436/436/436 761/761/761 553/553/553
f 151/151/151 479/479/479 762/762/762
f 479/479/479 143/143/143 424/424/424
f 762/762/762 424/424/424 190/190/190
f 432/432/432 762/762/762 554/554/554
f 147/147/147 475/475/475 763/763/763
f 475/475/475 139/139/139 420/420/420
f 763/763/763 420/420/420 189/189/189
f 428/428/428 763/763/763 555/555/555
f 143/143/143 471/471/471 764/764/764
f 471/471/471 135/135/135 416/416/416
f 764/764/764 416/416/416 188/188/188
f 424/424/424 764/764/764 556/556/556
f 139/139/139 467/467/467 765/765/765
f 467/467/467 131/131/131 412/412/412
f 765/765/765 412/412/412 187/187/187
f 420/420/420 765/765/765 557/557/557
f 135/135/135 463/463/463 766/766/766
f 463/463/463 127/127/127 408/408/408
f 766/766/766 408/408/408 186/186/186
f 416/416/416 766/766/766 558/558/558
f 131/131/131 459/459/459 767/767/767
f 459/459/459 123/123/123 404/404/404
f 767/767/767 404/404/404 185/185/185
f 412/412/412 767/767/767 559/559/559
f 127/127/127 455/455/455 768/768/768
f 455/455/455 118/118/118 535/535/535
f 768/768/768 535/535/535 184/184/184
f 408/408/408 768/768/768 560/560/560
f 123/123/123 451/451/451 769/769/769
f 451/451/451 114/114/114 534/534/534
f 769/769/769 534/534/534 183/183/183
f 404/404/404 769/769/769 561/561/561
f 94/94/94 430/430/430 770/770/770
f 430/430/430 149/149/149 481/481/481
f 770/770/770 481/481/481 141/141/141
f 358/358/358 770/770/770 422/422/422
f 144/144/144 425/425/425 771/771/771
f 425/425/425 143/143/143 479/479/479
f 771/771/771 479/479/479 151/151/151
f 478/478/478 771/771/771 433/433/433
f 26/26/26 226/226/226 772/772/772
f 226/226/226 25/25/25 572/572/572
f 772/772/772 572/572/572 81/81/81
f 573/573/573 772/772/772 317/317/317
f 25/25/25 227/227/227 773/773/773
f 227/227/227 23/23/23 570/570/570
f 773/773/773 570/570/570 79/79/79
f 572/572/572 773/773/773 318/318/318
f 23/23/23 228/228/228 774/774/774
f 228/228/228 21/21/21 568/568/568
f 774/774/774 568/568/568 77/77/77
f 570/570/570 774/774/774 319/319/319
f 21/21/21 229/229/229 775/775/775
f 229/229/229 19/19/19 566/566/566
f 775/775/775 566/566/566 75/75/75
f 568/568/568 775/775/775 320/320/320
f 19/19/19 230/230/230 776/776/776
f 230/230/230 17/17/17 564/564/564
f 776/776/776 564/564/564 73/73/73
f 566/566/566 776/776/776 321/321/321
f 17/17/17 231/231/231 777/777/777
f 231/231/231 15/15/15 562/562/562
f 777/777/777 562/562/562 71/71/71
f 564/564/564 777/777/777 322/322/322
f 27/27/27 232/232/232 778/778/778
f 232/232/232 24/24/24 571/571/571
f 778/778/778 571/571/571 80/80/80
f 574/574/574 778/778/778 324/324/324
f 24/24/24 233/233/233 779/779/779
f 233/233/233 22/22/22 569/569/569
f 779/779/779 569/569/569 78/78/78
f 571/571/571 779/779/779 339/339/339
f 22/22/22 234/234/234 780/780/780
f 234/234/234 20/20/20 567/567/567
f 780/780/780 567/567/567 76/76/76
f 569/569/569 780/780/780 342/342/342
f 20/20/20 235/235/235 781/781/781
f 235/235/235 18/18/18 565/565/565
f 781/781/781 565/565/565 74/74/74
f 567/567/567 781/781/781 344/344/344
f 18/18/18 236/236/236 782/782/782
f 236/236/236 16/16/16 563/563/563
f 782/782/782 563/563/563 72/72/72
f 565/565/565 782/782/782 346/346/346
f 16/16/16 237/237/237 783/783/783
f 237/237/237 26/26/26 573/573/573
f 783/783/783 573/573/573 82/82/82
f 563/563/563 783/783/783 348/348/348
f 15/15/15 238/238/238 784/784/784
f 238/238/238 28/28/28 575/575/575
f 784/784/784 575/575/575 84/84/84
f 562/562/562 784/784/784 350/350/350
f 28/28/28 239/239/239 785/785/785
f 239/239/239 27/27/27 574/574/574
f 785/785/785 574/574/574 83/83/83
f 575/575/575 785/785/785 351/351/351
f 176/176/176 524/524/524 786/786/786
f 524/524/524 175/175/175 590/590/590
f 786/786/786 590/590/590 203/203/203
f 591/591/591 786/786/786 586/586/586
f 179/179/179 517/517/517 787/787/787
f 517/517/517 178/178/178 592/592/592
f 787/787/787 592/592/592 206/206/206
f 593/593/593 787/787/787 581/581/581
f 174/174/174 525/525/525 788/788/788
f 525/525/525 173/173/173 594/594/594
f 788/788/788 594/594/594 201/201/201
f 595/595/595 788/788/788 587/587/587
f 181/181/181 518/518/518 789/789/789
f 518/518/518 180/180/180 596/596/596
f 789/789/789 596/596/596 208/208/208
f 597/597/597 789/789/789 582/582/582
f 172/172/172 526/526/526 790/790/790
f 526/526/526 171/171/171 598/598/598
f 790/790/790 598/598/598 199/199/199
f 599/599/599 790/790/790 588/588/588
f 182/182/182 519/519/519 791/791/791
f 519/519/519 181/181/181 597/597/597
f 791/791/791 597/597/597 209/209/209
f 600/600/600 791/791/791 583/583/583
f 169/169/169 512/512/512 792/792/792
f 512/512/512 182/182/182 600/600/600
f 792/792/792 600/600/600 210/210/210
f 601/601/601 792/792/792 576/576/576
f 170/170/170 527/527/527 793/793/793
f 527/527/527 169/169/169 601/601/601
f 793/793/793 601/601/601 197/197/197
f 602/602/602 793/793/793 589/589/589
f 171/171/171 513/513/513 794/794/794
f 513/513/513 170/170/170 602/602/602
f 794/794/794 602/602/602 198/198/198
f 598/598/598 794/794/794 577/577/577
f 173/173/173 514/514/514 795/795/795
f 514/514/514 172/172/172 599/599/599
f 795/795/795 599/599/599 200/200/200
f 594/594/594 795/795/795 578/578/578
f 180/180/180 522/522/522 796/796/796
f 522/522/522 179/179/179 593/593/593
f 796/796/796 593/593/593 207/207/207
f 596/596/596 796/796/796 584/584/584
f 175/175/175 515/515/515 797/797/797
f 515/515/515 174/174/174 595/595/595
f 797/797/797 595/595/595 202/202/202
f 590/590/590 797/797/797 579/579/579
f 178/178/178 523/523/523 798/798/798
f 523/523/523 177/177/177 603/603/603
f 798/798/798 603/603/603 205/205/205
f 592/592/592 798/798/798 585/585/585
f 177/177/177 516/516/516 799/799/799
f 516/516/516 176/176/176 591/591/591
f 799/799/799 591/591/591 204/204/204
f 603/603/603 799/799/799 580/580/580
f 197/197/197 576/576/576 800/800/800
f 210/210/210 605/605/605 800/800/800
f 211/211/211 604/604/604 800/800/800
f 208/208/208 584/584/584 801/801/801
f 207/207/207 606/606/606 801/801/801
f 211/211/211 607/607/607 801/801/801
f 199/199/199 577/577/577 802/802/802
f 198/198/198 608/608/608 802/802/802
f 211/211/211 609/609/609 802/802/802
f 206/206/206 585/585/585 803/803/803
f 205/205/205 610/610/610 803/803/803
f 211/211/211 611/611/611 803/803/803
f 201/201/201 578/578/578 804/804/804
f 200/200/200 612/612/612 804/804/804
f 211/211/211 613/613/613 804/804/804
f 204/204/204 586/586/586 805/805/805
f 203/203/203 614/614/614 805/805/805
f 211/211/211 615/615/615 805/805/805
f 203/203/203 579/579/579 806/806/806
f 202/202/202 616/616/616 806/806/806
f 211/211/211 614/614/614 806/806/806
f 202/202/202 587/587/587 807/807/807
f 201/201/201 613/613/613 807/807/807
f 211/211/211 616/616/616 807/807/807
f 205/205/205 580/580/580 808/808/808
f 204/204/204 615/615/615 808/808/808
f 211/211/211 610/610/610 808/808/808
f 200/200/200 588/588/588 809/809/809
f 199/199/199 609/609/609 809/809/809
f 211/211/211 612/612/612 809/809/809
f 207/207/207 581/581/581 810/810/810
f 206/206/206 611/611/611 810/810/810
f 211/211/211 606/606/606 810/810/810
f 198/198/198 589/589/589 811/811/811
f 197/197/197 604/604/604 811/811/811
f 211/211/211 608/608/608 811/811/811
f 209/209/209 582/582/582 812/812/812
f 208/208/208 607/607/607 812/812/812
f 211/211/211 617/617/617 812/812/812
f 210/210/210 583/583/583 813/813/813
f 209/209/209 617/617/617 813/813/813
f 211/211/211 605/605/605 813/813/813
f 618/618/618 295/295/295 43/43/43
f 247/247/247 618/618/618 268/268/268
f 37/37/37 255/255/255 618/618/618
f 255/255/255 44/44/44 295/295/295
f 619/619/619 294/294/294 45/45/45
f 240/240/240 619/619/619 270/270/270
f 30/30/30 257/257/257 619/619/619
f 257/257/257 46/46/46 294/294/294
f 620/620/620 293/293/293 44/44/44
f 248/248/248 620/620/620 255/255/255
f 38/38/38 258/258/258 620/620/620
f 258/258/258 47/47/47 293/293/293
f 621/621/621 292/292/292 46/46/46
f 241/241/241 621/621/621 257/257/257
f 31/31/31 259/259/259 621/621/621
f 259/259/259 48/48/48 292/292/292
f 622/622/622 291/291/291 47/47/47
f 249/249/249 622/622/622 258/258/258
f 39/39/39 260/260/260 622/622/622
f 260/260/260 49/49/49 291/291/291
f 623/623/623 290/290/290 48/48/48
f 242/242/242 623/623/623 259/259/259
f 32/32/32 261/261/261 623/623/623
f 261/261/261 50/50/50 290/290/290
f 624/624/624 289/289/289 49/49/49
f 250/250/250 624/624/624 260/260/260
f 40/40/40 262/262/262 624/624/624
f 262/262/262 51/51/51 289/289/289
f 625/625/625 288/288/288 50/50/50
f 243/243/243 625/625/625 261/261/261
f 33/33/33 263/263/263 625/625/625
f 263/263/263 52/52/52 288/288/288
f 626/626/626 287/287/287 51/51/51
f 251/251/251 626/626/626 262/262/262
f 41/41/41 264/264/264 626/626/626
f 264/264/264 53/53/53 287/287/287
f 627/627/627 286/286/286 52/52/52
f 244/244/244 627/627/627 263/263/263
f 34/34/34 265/265/265 627/627/627
f 265/265/265 54/54/54 286/286/286
f 628/628/628 285/285/285 53/53/53
f 252/252/252 628/628/628 264/264/264
f 42/42/42 266/266/266 628/628/628
f 266/266/266 55/55/55 285/285/285
f 629/629/629 284/284/284 54/54/54
f 245/245/245 629/629/629 265/265/265
f 35/35/35 267/267/267 629/629/629
f 267/267/267 56/56/56 284/284/284
f 630/630/630 283/283/283 55/55/55
f 253/253/253 630/630/630 266/266/266
f 29/29/29 270/270/270 630/630/630
f 270/270/270 45/45/45 283/283/283
f 631/631/631 282/282/282 56/56/56
f 246/246/246 631/631/631 267/267/267
f 36/36/36 268/268/268 631/631/631
f 268/268/268 43/43/43 282/282/282
f 632/632/632 218/218/218 7/7/7
f 282/282/282 632/632/632 281/281/281
f 43/43/43 254/254/254 632/632/632
f 254/254/254 8/8/8 218/218/218
f 633/633/633 225/225/225 14/14/14
f 283/283/283 633/633/633 280/280/280
f 45/45/45 256/256/256 633/633/633
f 256/256/256 1/1/1 225/225/225
f 634/634/634 217/217/217 6/6/6
f 284/284/284 634/634/634 279/279/279
f 56/56/56 281/281/281 634/634/634
f 281/281/281 7/7/7 217/217/217
f 635/635/635 224/224/224 13/13/13
f 285/285/285 635/635/635 278/278/278
f 55/55/55 280/280/280 635/635/635
f 280/280/280 14/14/14 224/224/224
f 636/636/636 216/216/216 5/5/5
f 286/286/286 636/636/636 277/277/277
f 54/54/54 279/279/279 636/636/636
f 279/279/279 6/6/6 216/216/216
f 637/637/637 223/223/223 12/12/12
f 287/287/287 637/637/637 276/276/276
f 53/53/53 278/278/278 637/637/637
f 278/278/278 13/13/13 223/223/223
f 638/638/638 215/215/215 4/4/4
f 288/288/288 638/638/638 275/275/275
f 52/52/52 277/277/277 638/638/638
f 277/277/277 5/5/5 215/215/215
f 639/639/639 222/222/222 11/11/11
f 289/289/289 639/639/639 274/274/274
f 51/51/51 276/276/276 639/639/639
f 276/276/276 12/12/12 222/222/222
f 640/640/640 214/214/214 3/3/3
f 290/290/290 640/640/640 273/273/273
f 50/50/50 275/275/275 640/640/640
f 275/275/275 4/4/4 214/214/214
f 641/641/641 221/221/221 10/10/10
f 291/291/291 641/641/641 272/272/272
f 49/49/49 274/274/274 641/641/641
f 274/274/274 11/11/11 221/221/221
f 642/642/642 213/213/213 2/2/2
f 292/292/292 642/642/642 271/271/271
f 48/48/48 273/273/273 642/642/642
f 273/273/273 3/3/3 213/213/213
f 643/643/643 220/220/220 9/9/9
f 293/293/293 643/643/643 269/269/269
f 47/47/47 272/272/272 643/643/643
f 272/272/272 10/10/10 220/220/220
f 644/644/644 212/212/212 1/1/1
f 294/294/294 644/644/644 256/256/256
f 46/46/46 271/271/271 644/644/644
f 271/271/271 2/2/2 212/212/212
f 645/645/645 219/219/219 8/8/8
f 295/295/295 645/645/645 254/254/254
f 44/44/44 269/269/269 645/645/645
f 269/269/269 9/9/9 219/219/219
f 646/646/646 314/314/314 92/92/92
f 312/312/312 646/646/646 360/360/360
f 79/79/79 319/319/319 646/646/646
f 319/319/319 77/77/77 314/314/314
f 647/647/647 310/310/310 88/88/88
f 311/311/311 647/647/647 364/364/364
f 82/82/82 317/317/317 647/647/647
f 317/317/317 81/81/81 310/310/310
f 648/648/648 315/315/315 85/85/85
f 343/343/343 648/648/648 352/352/352
f 71/71/71 350/350/350 648/648/648
f 350/350/350 84/84/84 315/315/315
f 649/649/649 326/326/326 89/89/89
f 347/347/347 649/649/649 363/363/363
f 83/83/83 324/324/324 649/649/649
f 324/324/324 80/80/80 326/326/326
f 650/650/650 316/316/316 93/93/93
f 313/313/313 650/650/650 359/359/359
f 78/78/78 342/342/342 650/650/650
f 342/342/342 76/76/76 316/316/316
f 651/651/651 341/341/341 97/97/97
f 349/349/349 651/651/651 355/355/355
f 74/74/74 346/346/346 651/651/651
f 346/346/346 72/72/72 341/341/341
f 652/652/652 345/345/345 94/94/94
f 314/314/314 652/652/652 358/358/358
f 77/77/77 320/320/320 652/652/652
f 320/320/320 75/75/75 345/345/345
f 653/653/653 312/312/312 90/90/90
f 310/310/310 653/653/653 362/362/362
f 81/81/81 318/318/318 653/653/653
f 318/318/318 79/79/79 312/312/312
f 654/654/654 347/347/347 86/86/86
f 315/315/315 654/654/654 365/365/365
f 84/84/84 351/351/351 654/654/654
f 351/351/351 83/83/83 347/347/347
f 655/655/655 343/343/343 98/98/98
f 323/323/323 655/655/655 354/354/354
f 73/73/73 322/322/322 655/655/655
f 322/322/322 71/71/71 343/343/343
f 656/656/656 349/349/349 95/95/95
f 316/316/316 656/656/656 357/357/357
f 76/76/76 344/344/344 656/656/656
f 344/344/344 74/74/74 349/349/349
f 657/657/657 313/313/313 91/91/91
f 326/326/326 657/657/657 361/361/361
f 80/80/80 339/339/339 657/657/657
f 339/339/339 78/78/78 313/313/313
f 658/658/658 323/323/323 96/96/96
f 345/345/345 658/658/658 356/356/356
f 75/75/75 321/321/321 658/658/658
f 321/321/321 73/73/73 323/323/323
f 659/659/659 311/311/311 87/87/87
f 341/341/341 659/659/659 353/353/353
f 72/72/72 348/348/348 659/659/659
f 348/348/348 82/82/82 311/311/311
f 660/660/660 338/338/338 116/116/116
f 446/446/446 660/660/660 505/505/505
f 98/98/98 352/352/352 660/660/660
f 352/352/352 85/85/85 338/338/338
f 661/661/661 340/340/340 120/120/120
f 442/442/442 661/661/661 501/501/501
f 97/97/97 353/353/353 661/661/661
f 353/353/353 87/87/87 340/340/340
f 662/662/662 446/446/446 165/165/165
f 438/438/438 662/662/662 497/497/497
f 96/96/96 354/354/354 662/662/662
f 354/354/354 98/98/98 446/446/446
f 663/663/663 442/442/442 161/161/161
f 434/434/434 663/663/663 493/493/493
f 95/95/95 355/355/355 663/663/663
f 355/355/355 97/97/97 442/442/442
f 664/664/664 438/438/438 157/157/157
f 430/430/430 664/664/664 489/489/489
f 94/94/94 356/356/356 664/664/664
f 356/356/356 96/96/96 438/438/438
f 665/665/665 434/434/434 153/153/153
f 426/426/426 665/665/665 485/485/485
f 93/93/93 357/357/357 665/665/665
f 357/357/357 95/95/95 434/434/434
f 666/666/666 426/426/426 145/145/145
f 418/418/418 666/666/666 477/477/477
f 91/91/91 359/359/359 666/666/666
f 359/359/359 93/93/93 426/426/426
f 667/667/667 422/422/422 141/141/141
f 414/414/414 667/667/667 473/473/473
f 90/90/90 360/360/360 667/667/667
f 360/360/360 92/92/92 422/422/422
f 668/668/668 418/418/418 137/137/137
f 410/410/410 668/668/668 469/469/469
f 89/89/89 361/361/361 668/668/668
f 361/361/361 91/91/91 418/418/418
f 669/669/669 414/414/414 133/133/133
f 406/406/406 669/669/669 465/465/465
f 88/88/88 362/362/362 669/669/669
f 362/362/362 90/90/90 414/414/414
f 670/670/670 410/410/410 129/129/129
f 402/402/402 670/670/670 461/461/461
f 86/86/86 363/363/363 670/670/670
f 363/363/363 89/89/89 410/410/410
f 671/671/671 406/406/406 125/125/125
f 340/340/340 671/671/671 457/457/457
f 87/87/87 364/364/364 671/671/671
f 364/364/364 88/88/88 406/406/406
f 672/672/672 402/402/402 121/121/121
f 338/338/338 672/672/672 453/453/453
f 85/85/85 365/365/365 672/672/672
f 365/365/365 86/86/86 402/402/402
f 673/673/673 325/325/325 65/65/65
f 378/378/378 673/673/673 303/303/303
f 111/111/111 380/380/380 673/673/673
f 380/380/380 99/99/99 325/325/325
f 674/674/674 327/327/327 58/58/58
f 379/379/379 674/674/674 296/296/296
f 112/112/112 381/381/381 674/674/674
f 381/381/381 100/100/100 327/327/327
f 675/675/675 328/328/328 66/66/66
f 325/325/325 675/675/675 304/304/304
f 99/99/99 382/382/382 675/675/675
f 382/382/382 101/101/101 328/328/328
f 676/676/676 329/329/329 59/59/59
f 327/327/327 676/676/676 297/297/297
f 100/100/100 383/383/383 676/676/676
f 383/383/383 102/102/102 329/329/329
f 677/677/677 330/330/330 67/67/67
f 328/328/328 677/677/677 305/305/305
f 101/101/101 384/384/384 677/677/677
f 384/384/384 103/103/103 330/330/330
f 678/678/678 331/331/331 60/60/60
f 329/329/329 678/678/678 298/298/298
f 102/102/102 385/385/385 678/678/678
f 385/385/385 104/104/104 331/331/331
f 679/679/679 332/332/332 68/68/68
f 330/330/330 679/679/679 306/306/306
f 103/103/103 386/386/386 679/679/679
f 386/386/386 105/105/105 332/332/332
f 680/680/680 333/333/333 61/61/61
f 331/331/331 680/680/680 299/299/299
f 104/104/104 387/387/387 680/680/680
f 387/387/387 106/106/106 333/333/333
f 681/681/681 334/334/334 69/69/69
f 332/332/332 681/681/681 307/307/307
f 105/105/105 388/388/388 681/681/681
f 388/388/388 107/107/107 334/334/334
f 682/682/682 335/335/335 62/62/62
f 333/333/333 682/682/682 300/300/300
f 106/106/106 389/389/389 682/682/682
f 389/389/389 108/108/108 335/335/335
f 683/683/683 336/336/336 70/70/70
f 334/334/334 683/683/683 308/308/308
f 107/107/107 390/390/390 683/683/683
f 390/390/390 109/109/109 336/336/336
f 684/684/684 337/337/337 63/63/63
f 335/335/335 684/684/684 301/301/301
f 108/108/108 391/391/391 684/684/684
f 391/391/391 110/110/110 337/337/337
f 685/685/685 379/379/379 57/57/57
f 336/336/336 685/685/685 309/309/309
f 109/109/109 392/392/392 685/685/685
f 392/392/392 112/112/112 379/379/379
f 686/686/686 378/378/378 64/64/64
f 337/337/337 686/686/686 302/302/302
f 110/110/110 393/393/393 686/686/686
f 393/393/393 111/111/111 378/378/378
f 687/687/687 366/366/366 99/99/99
f 394/394/394 687/687/687 380/380/380
f 113/113/113 450/450/450 687/687/687
f 450/450/450 124/124/124 366/366/366
f 688/688/688 405/405/405 124/124/124
f 395/395/395 688/688/688 450/450/450
f 114/114/114 451/451/451 688/688/688
f 451/451/451 123/123/123 405/405/405
f 689/689/689 536/536/536 185/185/185
f 396/396/396 689/689/689 561/561/561
f 115/115/115 452/452/452 689/689/689
f 452/452/452 122/122/122 536/536/536
f 690/690/690 403/403/403 122/122/122
f 397/397/397 690/690/690 452/452/452
f 116/116/116 453/453/453 690/690/690
f 453/453/453 121/121/121 403/403/403
f 691/691/691 367/367/367 100/100/100
f 398/398/398 691/691/691 381/381/381
f 117/117/117 454/454/454 691/691/691
f 454/454/454 128/128/128 367/367/367
f 692/692/692 409/409/409 128/128/128
f 399/399/399 692/692/692 454/454/454
f 118/118/118 455/455/455 692/692/692
f 455/455/455 127/127/127 409/409/409
f 693/693/693 537/537/537 186/186/186
f 400/400/400 693/693/693 560/560/560
f 119/119/119 456/456/456 693/693/693
f 456/456/456 126/126/126 537/537/537
f 694/694/694 407/407/407 126/126/126
f 401/401/401 694/694/694 456/456/456
f 120/120/120 457/457/457 694/694/694
f 457/457/457 125/125/125 407/407/407
f 695/695/695 368/368/368 101/101/101
f 366/366/366 695/695/695 382/382/382
f 124/124/124 458/458/458 695/695/695
f 458/458/458 132/132/132 368/368/368
f 696/696/696 413/413/413 132/132/132
f 405/405/405 696/696/696 458/458/458
f 123/123/123 459/459/459 696/696/696
f 459/459/459 131/131/131 413/413/413
f 697/697/697 538/538/538 187/187/187
f 536/536/536 697/697/697 559/559/559
f 122/122/122 460/460/460 697/697/697
f 460/460/460 130/130/130 538/538/538
f 698/698/698 411/411/411 130/130/130
f 403/403/403 698/698/698 460/460/460
f 121/121/121 461/461/461 698/698/698
f 461/461/461 129/129/129 411/411/411
f 699/699/699 369/369/369 102/102/102
f 367/367/367 699/699/699 383/383/383
f 128/128/128 462/462/462 699/699/699
f 462/462/462 136/136/136 369/369/369
f 700/700/700 417/417/417 136/136/136
f 409/409/409 700/700/700 462/462/462
f 127/127/127 463/463/463 700/700/700
f 463/463/463 135/135/135 417/417/417
f 701/701/701 539/539/539 188/188/188
f 537/537/537 701/701/701 558/558/558
f 126/126/126 464/464/464 701/701/701
f 464/464/464 134/134/134 539/539/539
f 702/702/702 415/415/415 134/134/134
f 407/407/407 702/702/702 464/464/464
f 125/125/125 465/465/465 702/702/702
f 465/465/465 133/133/133 415/415/415
f 703/703/703 370/370/370 103/103/103
f 368/368/368 703/703/703 384/384/384
f 132/132/132 466/466/466 703/703/703
f 466/466/466 140/140/140 370/370/370
f 704/704/704 421/421/421 140/140/140
f 413/413/413 704/704/704 466/466/466
f 131/131/131 467/467/467 704/704/704
f 467/467/467 139/139/139 421/421/421
f 705/705/705 540/540/540 189/189/189
f 538/538/538 705/705/705 557/557/557
f 130/130/130 468/468/468 705/705/705
f 468/468/468 138/138/138 540/540/540
f 706/706/706 419/419/419 138/138/138
f 411/411/411 706/706/706 468/468/468
f 129/129/129 469/469/469 706/706/706
f 469/469/469 137/137/137 419/419/419
f 707/707/707 371/371/371 104/104/104
f 369/369/369 707/707/707 385/385/385
f 136/136/136 470/470/470 707/707/707
f 470/470/470 144/144/144 371/371/371
f 708/708/708 425/425/425 144/144/144
f 417/417/417 708/708/708 470/470/470
f 135/135/135 471/471/471 708/708/708
f 471/471/471 143/143/143 425/425/425
f 709/709/709 541/541/541 190/190/190
f 539/539/539 709/709/709 556/556/556
f 134/134/134 472/472/472 709/709/709
f 472/472/472 142/142/142 541/541/541
f 710/710/710 423/423/423 142/142/142
f 415/415/415 710/710/710 472/472/472
f 133/133/133 473/473/473 710/710/710
f 473/473/473 141/141/141 423/423/423
f 711/711/711 372/372/372 105/105/105
f 370/370/370 711/711/711 386/386/386
f 140/140/140 474/474/474 711/711/711
f 474/474/474 148/148/148 372/372/372
f 712/712/712 429/429/429 148/148/148
f 421/421/421 712/712/712 474/474/474
f 139/139/139 475/475/475 712/712/712
f 475/475/475 147/147/147 429/429/429
f 713/713/713 542/542/542 191/191/191
f 540/540/540 713/713/713 555/555/555
f 138/138/138 476/476/476 713/713/713
f 476/476/476 146/146/146 542/542/542
f 714/714/714 427/427/427 146/146/146
f 419/419/419 714/714/714 476/476/476
f 137/137/137 477/477/477 714/714/714
f 477/477/477 145/145/145 427/427/427
f 715/715/715 373/373/373 106/106/106
f 371/371/371 715/715/715 387/387/387
f 144/144/144 478/478/478 715/715/715
f 478/478/478 152/152/152 373/373/373
f 716/716/716 543/543/543 192/192/192
f 541/541/541 716/716/716 554/554/554
f 142/142/142 480/480/480 716/716/716
f 480/480/480 150/150/150 543/543/543
f 717/717/717 431/431/431 150/150/150
f 423/423/423 717/717/717 480/480/480
f 141/141/141 481/481/481 717/717/717
f 481/481/481 149/149/149 431/431/431
f 718/718/718 374/374/374 107/107/107
f 372/372/372 718/718/718 388/388/388
f 148/148/148 482/482/482 718/718/718
f 482/482/482 156/156/156 374/374/374
f 719/719/719 437/437/437 156/156/156
f 429/429/429 719/719/719 482/482/482
f 147/147/147 483/483/483 719/719/719
f 483/483/483 155/155/155 437/437/437
f 720/720/720 544/544/544 193/193/193
f 542/542/542 720/720/720 553/553/553
f 146/146/146 484/484/484 720/720/720
f 484/484/484 154/154/154 544/544/544
f 721/721/721 435/435/435 154/154/154
f 427/427/427 721/721/721 484/484/484
f 145/145/145 485/485/485 721/721/721
f 485/485/485 153/153/153 435/435/435
f 722/722/722 375/375/375 108/108/108
f 373/373/373 722/722/722 389/389/389
f 152/152/152 486/486/486 722/722/722
f 486/486/486 160/160/160 375/375/375
f 723/723/723 441/441/441 160/160/160
f 433/433/433 723/723/723 486/486/486
f 151/151/151 487/487/487 723/723/723
f 487/487/487 159/159/159 441/441/441
f 724/724/724 545/545/545 194/194/194
f 543/543/543 724/724/724 552/552/552
f 150/150/150 488/488/488 724/724/724
f 488/488/488 158/158/158 545/545/545
f 725/725/725 439/439/439 158/158/158
f 431/431/431 725/725/725 488/488/488
f 149/149/149 489/489/489 725/725/725
f 489/489/489 157/157/157 439/439/439
f 726/726/726 376/376/376 109/109/109
f 374/374/374 726/726/726 390/390/390
f 156/156/156 490/490/490 726/726/726
f 490/490/490 164/164/164 376/376/376
f 727/727/727 445/445/445 164/164/164
f 437/437/437 727/727/727 490/490/490
f 155/155/155 491/491/491 727/727/727
f 491/491/491 163/163/163 445/445/445
f 728/728/728 546/546/546 195/195/195
f 544/544/544 728/728/728 551/551/551
f 154/154/154 492/492/492 728/728/728
f 492/492/492 162/162/162 546/546/546
f 729/729/729 443/443/443 162/162/162
f 435/435/435 729/729/729 492/492/492
f 153/153/153 493/493/493 729/729/729
f 493/493/493 161/161/161 443/443/443
f 730/730/730 377/377/377 110/110/110
f 375/375/375 730/730/730 391/391/391
f 160/160/160 494/494/494 730/730/730
f 494/494/494 168/168/168 377/377/377
f 731/731/731 449/449/449 168/168/168
f 441/441/441 731/731/731 494/494/494
f 159/159/159 495/495/495 731/731/731
f 495/495/495 167/167/167 449/449/449
f 732/732/732 547/547/547 196/196/196
f 545/545/545 732/732/732 550/550/550
f 158/158/158 496/496/496 732/732/732
f 496/496/496 166/166/166 547/547/547
f 733/733/733 447/447/447 166/166/166
f 439/439/439 733/733/733 496/496/496
f 157/157/157 497/497/497 733/733/733
f 497/497/497 165/165/165 447/447/447
f 734/734/734 398/398/398 112/112/112
f 376/376/376 734/734/734 392/392/392
f 164/164/164 498/498/498 734/734/734
f 498/498/498 117/117/117 398/398/398
f 735/735/735 399/399/399 117/117/117
f 445/445/445 735/735/735 498/498/498
f 163/163/163 499/499/499 735/735/735
f 499/499/499 118/118/118 399/399/399
f 736/736/736 400/400/400 184/184/184
f 546/546/546 736/736/736 549/549/549
f 162/162/162 500/500/500 736/736/736
f 500/500/500 119/119/119 400/400/400
f 737/737/737 401/401/401 119/119/119
f 443/443/443 737/737/737 500/500/500
f 161/161/161 501/501/501 737/737/737
f 501/501/501 120/120/120 401/401/401
f 738/738/738 394/394/394 111/111/111
f 377/377/377 738/738/738 393/393/393
f 168/168/168 502/502/502 738/738/738
f 502/502/502 113/113/113 394/394/394
f 739/739/739 395/395/395 113/113/113
f 449/449/449 739/739/739 502/502/502
f 167/167/167 503/503/503 739/739/739
f 503/503/503 114/114/114 395/395/395
f 740/740/740 396/396/396 183/183/183
f 547/547/547 740/740/740 548/548/548
f 166/166/166 504/504/504 740/740/740
f 504/504/504 115/115/115 396/396/396
f 741/741/741 397/397/397 115/115/115
f 447/447/447 741/741/741 504/504/504
f 165/165/165 505/505/505 741/741/741
f 505/505/505 116/116/116 397/397/397
f 742/742/742 520/520/520 69/69/69
f 511/511/511 742/742/742 308/308/308
f 169/169/169 527/527/527 742/742/742
f 527/527/527 170/170/170 520/520/520
f 743/743/743 531/531/531 60/60/60
f 533/533/533 743/743/743 299/299/299
f 178/178/178 517/517/517 743/743/743
f 517/517/517 179/179/179 531/531/531
f 744/744/744 511/511/511 70/70/70
f 528/528/528 744/744/744 309/309/309
f 182/182/182 512/512/512 744/744/744
f 512/512/512 169/169/169 511/511/511
f 745/745/745 510/510/510 63/63/63
f 529/529/529 745/745/745 302/302/302
f 175/175/175 524/524/524 745/745/745
f 524/524/524 176/176/176 510/510/510
f 746/746/746 529/529/529 64/64/64
f 530/530/530 746/746/746 303/303/303
f 174/174/174 515/515/515 746/746/746
f 515/515/515 175/175/175 529/529/529
f 747/747/747 528/528/528 57/57/57
f 509/509/509 747/747/747 296/296/296
f 181/181/181 519/519/519 747/747/747
f 519/519/519 182/182/182 528/528/528
f 748/748/748 530/530/530 65/65/65
f 532/532/532 748/748/748 304/304/304
f 173/173/173 525/525/525 748/748/748
f 525/525/525 174/174/174 530/530/530
f 749/749/749 509/509/509 58/58/58
f 521/521/521 749/749/749 297/297/297
f 180/180/180 518/518/518 749/749/749
f 518/518/518 181/181/181 509/509/509
f 750/750/750 532/532/532 66/66/66
f 507/507/507 750/750/750 305/305/305
f 172/172/172 514/514/514 750/750/750
f 514/514/514 173/173/173 532/532/532
f 751/751/751 521/521/521 59/59/59
f 531/531/531 751/751/751 298/298/298
f 179/179/179 522/522/522 751/751/751
f 522/522/522 180/180/180 521/521/521
f 752/752/752 507/507/507 67/67/67
f 508/508/508 752/752/752 306/306/306
f 171/171/171 526/526/526 752/752/752
f 526/526/526 172/172/172 507/507/507
f 753/753/753 533/533/533 61/61/61
f 506/506/506 753/753/753 300/300/300
f 177/177/177 523/523/523 753/753/753
f 523/523/523 178/178/178 533/533/533
f 754/754/754 508/508/508 68/68/68
f 520/520/520 754/754/754 307/307/307
f 170/170/170 513/513/513 754/754/754
f 513/513/513 171/171/171 508/508/508
f 755/755/755 506/506/506 62/62/62
f 510/510/510 755/755/755 301/301/301
f 176/176/176 516/516/516 755/755/755
f 516/516/516 177/177/177 506/506/506
f 756/756/756 534/534/534 114/114/114
f 448/448/448 756/756/756 503/503/503
f 196/196/196 548/548/548 756/756/756
f 548/548/548 183/183/183 534/534/534
f 757/757/757 535/535/535 118/118/118
f 444/444/444 757/757/757 499/499/499
f 195/195/195 549/549/549 757/757/757
f 549/549/549 184/184/184 535/535/535
f 758/758/758 448/448/448 167/167/167
f 440/440/440 758/758/758 495/495/495
f 194/194/194 550/550/550 758/758/758
f 550/550/550 196/196/196 448/448/448
f 759/759/759 444/444/444 163/163/163
f 436/436/436 759/759/759 491/491/491
f 193/193/193 551/551/551 759/759/759
f 551/551/551 195/195/195 444/444/444
f 760/760/760 440/440/440 159/159/159
f 432/432/432 760/760/760 487/487/487
f 192/192/192 552/552/552 760/760/760
f 552/552/552 194/194/194 440/440/440
f 761/761/761 436/436/436 155/155/155
f 428/428/428 761/761/761 483/483/483
f 191/191/191 553/553/553 761/761/761
f 553/553/553 193/193/193 436/436/436
f 762/762/762 432/432/432 151/151/151
f 424/424/424 762/762/762 479/479/479
f 190/190/190 554/554/554 762/762/762
f 554/554/554 192/192/192 432/432/432
f 763/763/763 428/428/428 147/147/147
f 420/420/420 763/763/763 475/475/475
f 189/189/189 555/555/555 763/763/763
f 555/555/555 191/191/191 428/428/428
f 764/764/764 424/424/424 143/143/143
f 416/416/416 764/764/764 471/471/471
f 188/188/188 556/556/556 764/764/764
f 556/556/556 190/190/190 424/424/424
f 765/765/765 420/420/420 139/139/139
f 412/412/412 765/765/765 467/467/467
f 187/187/187 557/557/557 765/765/765
f 557/557/557 189/189/189 420/420/420
f 766/766/766 416/416/416 135/135/135
f 408/408/408 766/766/766 463/463/463
f 186/186/186 558/558/558 766/766/766
f 558/558/558 188/188/188 416/416/416
f 767/767/767 412/412/412 131/131/131
f 404/404/404 767/767/767 459/459/459
f 185/185/185 559/559/559 767/767/767
f 559/559/559 187/187/187 412/412/412
f 768/768/768 408/408/408 127/127/127
f 535/535/535 768/768/768 455/455/455
f 184/184/184 560/560/560 768/768/768
f 560/560/560 186/186/186 408/408/408
f 769/769/769 404/404/404 123/123/123
f 534/534/534 769/769/769 451/451/451
f 183/183/183 561/561/561 769/769/769
f 561/561/561 185/185/185 404/404/404
f 770/770/770 358/358/358 94/94/94
f 481/481/481 770/770/770 430/430/430
f 141/141/141 422/422/422 770/770/770
f 422/422/422 92/92/92 358/358/358
f 771/771/771 478/478/478 144/144/144
f 479/479/479 771/771/771 425/425/425
f 151/151/151 433/433/433 771/771/771
f 433/433/433 152/152/152 478/478/478
f 772/772/772 573/573/573 26/26/26
f 572/572/572 772/772/772 226/226/226
f 81/81/81 317/317/317 772/772/772
f 317/317/317 82/82/82 573/573/573
f 773/773/773 572/572/572 25/25/25
f 570/570/570 773/773/773 227/227/227
f 79/79/79 318/318/318 773/773/773
f 318/318/318 81/81/81 572/572/572
f 774/774/774 570/570/570 23/23/23
f 568/568/568 774/774/774 228/228/228
f 77/77/77 319/319/319 774/774/774
f 319/319/319 79/79/79 570/570/570
f 775/775/775 568/568/568 21/21/21
f 566/566/566 775/775/775 229/229/229
f 75/75/75 320/320/320 775/775/775
f 320/320/320 77/77/77 568/568/568
f 776/776/776 566/566/566 19/19/19
f 564/564/564 776/776/776 230/230/230
f 73/73/73 321/321/321 776/776/776
f 321/321/321 75/75/75 566/566/566
f 777/777/777 564/564/564 17/17/17
f 562/562/562 777/777/777 231/231/231
f 71/71/71 322/322/322 777/777/777
f 322/322/322 73/73/73 564/564/564
f 778/778/778 574/574/574 27/27/27
f 571/571/571 778/778/778 232/232/232
f 80/80/80 324/324/324 778/778/778
f 324/324/324 83/83/83 574/574/574
f 779/779/779 571/571/571 24/24/24
f 569/569/569 779/779/779 233/233/233
f 78/78/78 339/339/339 779/779/779
f 339/339/339 80/80/80 571/571/571
f 780/780/780 569/569/569 22/22/22
f 567/567/567 780/780/780 234/234/234
f 76/76/76 342/342/342 780/780/780
f 342/342/342 78/78/78 569/569/569
f 781/781/781 567/567/567 20/20/20
f 565/565/565 781/781/781 235/235/235
f 74/74/74 344/344/344 781/781/781
f 344/344/344 76/76/76 567/567/567
f 782/782/782 565/565/565 18/18/18
f 563/563/563 782/782/782 236/236/236
f 72/72/72 346/346/346 782/782/782
f 346/346/346 74/74/74 565/565/565
f 783/783/783 563/563/563 16/16/16
f 573/573/573 783/783/783 237/237/237
f 82/82/82 348/348/348 783/783/783
f 348/348/348 72/72/72 563/563/563
f 784/784/784 562/562/562 15/15/15
f 575/575/575 784/784/784 238/238/238
f 84/84/84 350/350/350 784/784/784
f 350/350/350 71/71/71 562/562/562
f 785/785/785 575/575/575 28/28/28
f 574/574/574 785/785/785 239/239/239
f 83/83/83 351/351/351 785/785/785
f 351/351/351 84/84/84 575/575/575
f 786/786/786 591/591/591 176/176/176
f 590/590/590 786/786/786 524/524/524
f 203/203/203 586/586/586 786/786/786
f 586/586/586 204/204/204 591/591/591
f 787/787/787 593/593/593 179/179/179
f 592/592/592 787/787/787 517/517/517
f 206/206/206 581/581/581 787/787/787
f 581/581/581 207/207/207 593/593/593
f 788/788/788 595/595/595 174/174/174
f 594/594/594 788/788/788 525/525/525
f 201/201/201 587/587/587 788/788/788
f 587/587/587 202/202/202 595/595/595
f 789/789/789 597/597/597 181/181/181
f 596/596/596 789/789/789 518/518/518
f 208/208/208 582/582/582 789/789/789
f 582/582/582 209/209/209 597/597/597
f 790/790/790 599/599/599 172/172/172
f 598/598/598 790/790/790 526/526/526
f 199/199/199 588/588/588 790/790/790
f 588/588/588 200/200/200 599/599/599
f 791/791/791 600/600/600 182/182/182
f 597/597/597 791/791/791 519/519/519
f 209/209/209 583/583/583 791/791/791
f 583/583/583 210/210/210 600/600/600
f 792/792/792 601/601/601 169/169/169
f 600/600/600 792/792/792 512/512/512
f 210/210/210 576/576/576 792/792/792
f 576/576/576 197/197/197 601/601/601
f 793/793/793 602/602/602 170/170/170
f 601/601/601 793/793/793 527/527/527
f 197/197/197 589/589/589 793/793/793
f 589/589/589 198/198/198 602/602/602
f 794/794/794 598/598/598 171/171/171
f 602/602/602 794/794/794 513/513/513
f 198/198/198 577/577/577 794/794/794
f 577/577/577 199/199/199 598/598/598
f 795/795/795 594/594/594 173/173/173
f 599/599/599 795/795/795 514/514/514
f 200/200/200 578/578/578 795/795/795
f 578/578/578 201/201/201 594/594/594
f 796/796/796 596/596/596 180/180/180
f 593/593/593 796/796/796 522/522/522
f 207/207/207 584/584/584 796/796/796
f 584/584/584 208/208/208 596/596/596
f 797/797/797 590/590/590 175/175/175
f 595/595/595 797/797/797 515/515/515
f 202/202/202 579/579/579 797/797/797
f 579/579/579 203/203/203 590/590/590
f 798/798/798 592/592/592 178/178/178
f 603/603/603 798/798/798 523/523/523
f 205/205/205 585/585/585 798/798/798
f 585/585/585 206/206/206 592/592/592
f 799/799/799 603/603/603 177/177/177
f 591/591/591 799/799/799 516/516/516
f 204/204/204 580/580/580 799/799/799
f 580/580/580 205/205/205 603/603/603
f 800/800/800 604/604/604 197/197/197
f 800/800/800 576/576/576 210/210/210
f 800/800/800 605/605/605 211/211/211
f 801/801/801 607/607/607 208/208/208
f 801/801/801 584/584/584 207/207/207
f 801/801/801 606/606/606 211/211/211
f 802/802/802 609/609/609 199/199/199
f 802/802/802 577/577/577 198/198/198
f 802/802/802 608/608/608 211/211/211
f 803/803/803 611/611/611 206/206/206
f 803/803/803 585/585/585 205/205/205
f 803/803/803 610/610/610 211/211/211
f 804/804/804 613/613/613 201/201/201
f 804/804/804 578/578/578 200/200/200
f 804/804/804 612/612/612 211/211/211
f 805/805/805 615/615/615 204/204/204
f 805/805/805 586/586/586 203/203/203
f 805/805/805 614/614/614 211/211/211
f 806/806/806 614/614/614 203/203/203
f 806/806/806 579/579/579 202/202/202
f 806/806/806 616/616/616 211/211/211
f 807/807/807 616/616/616 202/202/202
f 807/807/807 587/587/587 201/201/201
f 807/807/807 613/613/613 211/211/211
f 808/808/808 610/610/610 205/205/205
f 808/808/808 580/580/580 204/204/204
f 808/808/808 615/615/615 211/211/211
f 809/809/809 612/612/612 200/200/200
f 809/809/809 588/588/588 199/199/199
f 809/809/809 609/609/609 211/211/211
f 810/810/810 606/606/606 207/207/207
f 810/810/810 581/581/581 206/206/206
f 810/810/810 611/611/611 211/211/211
f 811/811/811 608/608/608 198/198/198
f 811/811/811 589/589/589 197/197/197
f 811/811/811 604/604/604 211/211/211
f 812/812/812 617/617/617 209/209/209
f 812/812/812 582/582/582 208/208/208
f 812/812/812 607/607/607 211/211/211
f 813/813/813 605/605/605 210/210/210
f 813/813/813 583/583/583 209/209/209
f 813/813/813 617/617/617 211/211/211

