mtllib material.mtl
usemtl MugColor5
v 0.02610300 -0.00021400 0.00046900
v 0.02365600 0.01064400 0.00046900
v 0.01674100 0.01936500 0.00046900
v 0.00672600 0.02422200 0.00046900
v -0.00440500 0.02425300 0.00046900
v -0.01444600 0.01945200 0.00046900
v -0.02141000 0.01076900 0.00046900
v -0.02391700 -0.00007600 0.00046900
v -0.02147000 -0.01093400 0.00046900
v -0.01455400 -0.01965600 0.00046900
v -0.00454000 -0.02451300 0.00046900
v 0.00659100 -0.02454400 0.00046900
v 0.01663300 -0.01974200 0.00046900
v 0.02359700 -0.01105900 0.00046900
v -0.03887100 0.01923700 0.10828900
v 0.04105700 -0.01952700 0.10828900
v -0.02650400 0.03465700 0.10828900
v 0.02869000 -0.03494700 0.10828900
v -0.00867100 0.04318400 0.10828900
v 0.01085700 -0.04347500 0.10828900
v 0.01109600 0.04313000 0.10828900
v -0.00891000 -0.04342000 0.10828900
v 0.02888200 0.03450400 0.10828900
v -0.02669600 -0.03479400 0.10828900
v 0.04116400 0.01901500 0.10828900
v 0.04550900 -0.00026800 0.10828900
v -0.03897700 -0.01930600 0.10828900
v -0.04332300 -0.00002200 0.10828900
v -0.04446600 -0.00001900 0.09966000
v -0.04000900 -0.01979900 0.09966000
v 0.04665200 -0.00027100 0.09966000
v 0.04219500 0.01950900 0.09966000
v -0.02741100 -0.03568600 0.09966000
v 0.02959800 0.03539600 0.09966000
v -0.00916800 -0.04453400 0.09966000
v 0.01137600 0.04425100 0.09965100
v 0.01110800 -0.04459000 0.09966000
v -0.00894400 0.04430800 0.09965100
v 0.02940000 -0.03584300 0.09966000
v -0.02721500 0.03555300 0.09966000
v 0.04208600 -0.02002600 0.09966000
v -0.03990000 0.01973600 0.09966000
v -0.02549900 -0.01286100 0.00663600
v 0.02768500 0.01257000 0.00663600
v -0.01734800 -0.02314000 0.00663600
v 0.01953500 0.02284900 0.00663600
v -0.00554500 -0.02886400 0.00663600
v 0.00773200 0.02857300 0.00663600
v 0.00757300 -0.02890000 0.00663600
v -0.00538600 0.02861000 0.00663600
v 0.01940700 -0.02324100 0.00663600
v -0.01722100 0.02295100 0.00663600
v 0.02761500 -0.01300800 0.00663600
v -0.02542800 0.01271700 0.00663600
v -0.02838300 -0.00006400 0.00663600
v 0.03056900 -0.00022700 0.00663600
v -0.04323800 -0.00002300 0.06592700
v 0.04656900 -0.00027100 0.08230900
v -0.03510300 -0.01745300 0.03713900
v 0.04108700 0.01897900 0.06592700
v 0.03390200 0.01554300 0.02318200
v -0.02735900 -0.03562100 0.08230900
v -0.02400900 -0.03144400 0.03713900
v -0.02166000 -0.02851500 0.02318200
v 0.02954500 0.03533100 0.08230900
v 0.02882900 0.03443800 0.06592700
v -0.00889100 -0.04333700 0.06592700
v -0.00794300 -0.03923600 0.03713900
v -0.00709700 -0.03557800 0.02318200
v 0.01111400 0.04318900 0.06567000
v 0.00928300 0.03528700 0.02318200
v 0.01109000 -0.04450900 0.08230900
v -0.00905200 0.04431100 0.08218200
v -0.00868800 0.04324300 0.06567000
v -0.00772700 0.03899500 0.03713900
v -0.00690100 0.03533200 0.02318200
v 0.02602200 -0.03158200 0.03713900
v -0.02645100 0.03459100 0.06592700
v -0.02150200 0.02835000 0.02318200
v 0.04201100 -0.01999000 0.08230900
v 0.03719300 -0.01765300 0.03713900
v -0.03879500 0.01920000 0.06592700
v -0.03162800 0.01572400 0.02318200
v 0.02228000 -0.00020400 0.00006900
v 0.02020700 0.00899500 0.00006900
v 0.01434900 0.01638300 0.00006900
v 0.00586500 0.02049700 0.00006900
v -0.00356400 0.02052400 0.00006900
v -0.01207100 0.01645600 0.00006900
v -0.01797000 0.00910000 0.00006900
v -0.02009400 -0.00008700 0.00006900
v -0.01802100 -0.00928500 0.00006900
v -0.01216200 -0.01667300 0.00006900
v -0.00367800 -0.02078800 0.00006900
v 0.00575100 -0.02081400 0.00006900
v 0.01425700 -0.01674600 0.00006900
v 0.02015600 -0.00939100 0.00006900
v 0.02088400 -0.00020000 0.00197600
v 0.01894800 0.00839200 0.00197600
v 0.01347500 0.01529400 0.00197600
v 0.00555000 0.01913700 0.00197600
v -0.00325700 0.01916100 0.00197600
v -0.01120300 0.01536200 0.00197600
v -0.01671400 0.00849100 0.00197600
v -0.01869800 -0.00009100 0.00197600
v -0.01676100 -0.00868300 0.00197600
v -0.01128900 -0.01558400 0.00197600
v -0.00336400 -0.01942700 0.00197600
v 0.00544400 -0.01945200 0.00197600
v 0.01339000 -0.01565200 0.00197600
v 0.01890000 -0.00878100 0.00197600
v 0.01629000 -0.00018700 0.00284800
v 0.01480300 0.00641000 0.00284800
v 0.01060100 0.01171000 0.00284800
v 0.00451600 0.01466100 0.00284800
v -0.00224700 0.01468000 0.00284800
v -0.00834900 0.01176200 0.00284800
v -0.01258000 0.00648600 0.00284800
v -0.01410300 -0.00010300 0.00284800
v -0.01261700 -0.00670100 0.00284800
v -0.00841500 -0.01200000 0.00284800
v -0.00232900 -0.01495100 0.00284800
v 0.00443400 -0.01497000 0.00284800
v 0.01053500 -0.01205300 0.00284800
v 0.01476700 -0.00677700 0.00284800
v 0.00211700 -0.00014800 0.00297700
v 0.00201700 0.00029600 0.00297700
v 0.00173400 0.00065300 0.00297700
v 0.00132400 0.00085200 0.00297700
v 0.00086800 0.00085400 0.00297700
v 0.00045700 0.00065700 0.00297700
v 0.00017200 0.00030200 0.00297700
v 0.00006900 -0.00014200 0.00297700
v 0.00016900 -0.00058700 0.00297700
v 0.00045300 -0.00094400 0.00297700
v 0.00086300 -0.00114300 0.00297700
v 0.00131800 -0.00114400 0.00297700
v 0.00172900 -0.00094700 0.00297700
v 0.00201400 -0.00059200 0.00297700
v 0.00109300 -0.00014500 0.00297700
v -0.00504900 -0.00012800 0.00297700
v -0.00444800 -0.00279500 0.00297700
v 0.00723500 -0.00016200 0.00297700
v 0.00663400 0.00250500 0.00297700
v -0.00275000 -0.00493700 0.00297700
v 0.00493600 0.00464600 0.00297700
v -0.00029000 -0.00613000 0.00297700
v 0.00247600 0.00583900 0.00297700
v 0.00244300 -0.00613700 0.00297700
v -0.00025700 0.00584700 0.00297700
v 0.00491000 -0.00495800 0.00297700
v -0.00272300 0.00466800 0.00297700
v 0.00662000 -0.00282600 0.00297700
v -0.00443300 0.00253500 0.00297700
v -0.04137500 -0.00002800 0.05094600
v -0.02547700 -0.03327500 0.05094600
v 0.02766300 0.03298400 0.05094600
v -0.00847100 -0.04152200 0.05094600
v 0.01065800 0.04126300 0.05088600
v 0.01042900 -0.04157400 0.05094600
v -0.00824200 0.04131600 0.05088600
v -0.04438200 -0.00002000 0.08230900
v -0.03171600 -0.01583300 0.02318200
v 0.02384600 0.02822500 0.02318200
v 0.00908700 -0.03562200 0.02318200
v 0.02368900 -0.02864000 0.02318200
v 0.03381500 -0.01601500 0.02318200
v -0.03527300 -0.00004500 0.02318200
v -0.03902800 -0.00003400 0.03713900
v 0.03746000 -0.00024600 0.02318200
v 0.04121400 -0.00025600 0.03713900
v 0.04356100 -0.00026300 0.05094600
v 0.04542400 -0.00026800 0.06592700
v -0.03993400 -0.01976300 0.08230900
v -0.03890100 -0.01926900 0.06592700
v -0.03722000 -0.01846600 0.05094600
v 0.04212000 0.01947300 0.08230900
v 0.03940600 0.01817500 0.05094600
v 0.03728900 0.01716300 0.03713900
v -0.02664300 -0.03472800 0.06592700
v 0.02619500 0.03115400 0.03713900
v -0.00914900 -0.04445300 0.08230900
v 0.01148400 0.04425400 0.08218200
v 0.01012900 0.03894500 0.03713900
v 0.01083800 -0.04339200 0.06592700
v 0.00991300 -0.03928500 0.03713900
v 0.02934800 -0.03577800 0.08230900
v 0.02863700 -0.03488100 0.06592700
v 0.02748000 -0.03342100 0.05094600
v -0.02716300 0.03548800 0.08230900
v -0.02529300 0.03313100 0.05094600
v -0.02383500 0.03129200 0.03713900
v 0.04098100 -0.01949000 0.06592700
v 0.03930400 -0.01867700 0.05094600
v -0.03982400 0.01969900 0.08230900
v -0.03711800 0.01838700 0.05094600
v -0.03500700 0.01736300 0.03713900
v -0.04164100 0.00503900 0.08200000
v 0.04382700 -0.00533000 0.08200000
v -0.04213900 0.00619500 0.09385200
v -0.04217300 -0.00624700 0.09385200
v -0.03190200 -0.01089300 0.02422000
v 0.04432500 -0.00648600 0.09385200
v 0.04436000 0.00595600 0.09385200
v -0.04053600 0.01313000 0.09385200
v -0.03510700 0.02432500 0.09385200
v 0.04272200 -0.01342100 0.09385200
v 0.03729300 -0.02461600 0.09385200
v -0.03065300 0.02987800 0.09385200
v -0.02092100 0.03761500 0.09384800
v 0.03284000 -0.03016800 0.09385200
v 0.02309100 -0.03789900 0.09385200
v -0.01454400 0.04067600 0.09384600
v 0.01666900 -0.04096900 0.09385200
v 0.00453200 -0.04370400 0.09385200
v 0.01695500 0.04058900 0.09384600
v -0.00258600 -0.04368500 0.09385200
v -0.01470900 -0.04088200 0.09385200
v 0.02331600 0.03749300 0.09384800
v 0.03300500 0.02970200 0.09385200
v -0.02111300 -0.03777700 0.09385200
v -0.03081900 -0.02999200 0.09385200
v 0.03742800 0.02412500 0.09385200
v 0.04279500 0.01290000 0.09385200
v -0.03524100 -0.02441500 0.09385200
v -0.04060900 -0.01319000 0.09385200
v 0.03408800 0.01060300 0.02422000
v -0.02925700 -0.00915800 0.01264000
v -0.02497600 -0.01811100 0.01264000
v -0.02397100 -0.02414500 0.02422000
v 0.03144300 0.00886700 0.01264000
v 0.02716200 0.01782000 0.01264000
v 0.02615700 0.02385400 0.02422000
v -0.02234100 -0.02143300 0.01264000
v -0.01459900 -0.02764200 0.01264000
v -0.01107600 -0.03264300 0.02422000
v 0.02452700 0.02114300 0.01264000
v 0.01678500 0.02735200 0.01264000
v 0.01326200 0.03235200 0.02422000
v -0.01078400 -0.02949300 0.01264000
v -0.00111400 -0.03172800 0.01264000
v 0.00423000 -0.03470400 0.02422000
v 0.01297000 0.02920200 0.01264000
v -0.00209500 0.05721200 0.04229100
v 0.00312600 -0.03174000 0.01264000
v 0.01280700 -0.02955800 0.01264000
v 0.01891400 -0.02992100 0.02422000
v -0.01062100 0.02926800 0.01264000
v -0.01672700 0.02963100 0.02422000
v 0.01663300 -0.02772900 0.01264000
v 0.02440900 -0.02156300 0.01264000
v 0.03006800 -0.01924000 0.02422000
v -0.01444700 0.02743800 0.01264000
v -0.02222300 0.02127200 0.01264000
v -0.02788200 0.01895000 0.02422000
v 0.02706200 -0.01825500 0.01264000
v 0.03139300 -0.00932500 0.01264000
v -0.03332300 -0.00458700 0.02422000
v -0.02487600 0.01796400 0.01264000
v -0.02920700 0.00903500 0.01264000
v -0.03018900 -0.00502100 0.01264000
v -0.03016200 0.00490300 0.01264000
v 0.03237500 0.00473000 0.01264000
v 0.03234800 -0.00519400 0.01264000
v -0.03646200 -0.00476600 0.03763300
v -0.03875400 -0.00490700 0.05131000
v -0.04057100 -0.00502300 0.06616700
v -0.04166900 -0.00509300 0.08200000
v 0.03550900 0.00429700 0.02422000
v 0.03864800 0.00447600 0.03763300
v 0.04094100 0.00461600 0.05131000
v 0.04275800 0.00473300 0.06616700
v 0.04385500 0.00480300 0.08200000
v -0.03528700 -0.02315700 0.08200000
v -0.03965800 -0.01401600 0.08200000
v -0.03863700 -0.01360900 0.06616700
v -0.03274200 -0.02172500 0.05131000
v -0.03073800 -0.02060300 0.03763300
v -0.03481400 -0.01207800 0.03763300
v 0.03747400 0.02286700 0.08200000
v 0.04184500 0.01372500 0.08200000
v 0.04082300 0.01331800 0.06616700
v 0.03492800 0.02143400 0.05131000
v 0.03292400 0.02031200 0.03763300
v 0.03700000 0.01178800 0.03763300
v -0.02170000 -0.03666300 0.08200000
v -0.02960400 -0.03032400 0.08200000
v -0.02886100 -0.02951300 0.06616700
v -0.02002800 -0.03426800 0.05131000
v -0.01870900 -0.03238800 0.03763300
v -0.02608100 -0.02647600 0.03763300
v 0.02391100 0.03638000 0.08199800
v 0.03179100 0.03003300 0.08200000
v 0.03104700 0.02922300 0.06616700
v 0.02221500 0.03397900 0.05130900
v 0.02089600 0.03209700 0.03763300
v 0.02826700 0.02618500 0.03763300
v -0.00359800 -0.04293600 0.08200000
v -0.01347000 -0.04065400 0.08200000
v -0.01315200 -0.03960200 0.06616700
v -0.00313100 -0.04005300 0.05131000
v -0.00275900 -0.03778700 0.03763300
v -0.01196500 -0.03565900 0.03763300
v 0.01577900 0.04037000 0.08198200
v 0.01536600 0.03933300 0.06612300
v 0.00531800 0.03978100 0.05128700
v 0.00493000 0.03739000 0.03719800
v 0.01415100 0.03536800 0.03763300
v 0.01543300 -0.04073400 0.08200000
v 0.00554800 -0.04296200 0.08200000
v 0.00537800 -0.04187500 0.06616700
v 0.01460200 -0.03793400 0.05131000
v 0.01395500 -0.03573000 0.03763300
v 0.00473700 -0.03780700 0.03763300
v -0.01336900 0.04045100 0.08198200
v 0.00438000 0.04691600 0.03176600
v -0.00321500 0.04195000 0.06603700
v -0.01241600 0.03764900 0.05129900
v -0.01176800 0.03544000 0.03763300
v -0.01089600 0.03241900 0.02422000
v 0.03162300 -0.03049300 0.08200000
v 0.02368400 -0.03678800 0.08200000
v 0.02306000 -0.03588300 0.06616700
v 0.02966000 -0.02833000 0.05131000
v 0.02812100 -0.02662600 0.03763300
v 0.02071700 -0.03249700 0.03763300
v -0.02943700 0.03020300 0.08200000
v -0.02152300 0.03650500 0.08199800
v -0.02087900 0.03559800 0.06616400
v -0.02747400 0.02804000 0.05131000
v -0.02593500 0.02633500 0.03763300
v -0.01853100 0.03220600 0.03763300
v 0.04176700 -0.01424100 0.08200000
v 0.03734600 -0.02335800 0.08200000
v 0.03639000 -0.02281300 0.06616700
v 0.03906000 -0.01314400 0.05131000
v 0.03693400 -0.01227600 0.03763300
v 0.03281000 -0.02077800 0.03763300
v -0.03958100 0.01395100 0.08200000
v -0.03516000 0.02306700 0.08200000
v -0.03420400 0.02252300 0.06616700
v -0.03687400 0.01285400 0.05131000
v -0.03474700 0.01198600 0.03763300
v -0.03062400 0.02048800 0.03763300
v -0.03842000 0.00188200 0.03727400
v -0.03872700 0.00483700 0.05131000
v 0.04060700 -0.00217200 0.03727400
v 0.04091400 -0.00512700 0.05131000
v -0.03694500 -0.01293400 0.05131000
v 0.03913200 0.01264400 0.05131000
v -0.02763000 -0.02817200 0.05131000
v 0.02981600 0.02788200 0.05131000
v -0.01262500 -0.03785900 0.05131000
v 0.01481100 0.03757400 0.05129900
v 0.00509700 -0.04007600 0.05131000
v -0.00291100 0.03980300 0.05128700
v 0.02202600 -0.03438400 0.05131000
v -0.01983900 0.03409500 0.05130900
v 0.03480900 -0.02191100 0.05131000
v -0.03262200 0.02162100 0.05131000
v -0.04262000 0.00186400 0.06599300
v 0.04480700 -0.00215500 0.06599300
v -0.03048400 -0.01738800 0.02354700
v 0.03267000 0.01709800 0.02354700
v -0.01987500 -0.02938100 0.02354700
v 0.02206100 0.02909100 0.02354700
v -0.00511300 -0.03558400 0.02354700
v 0.00726100 0.03701800 0.02454900
v 0.01087800 -0.03476700 0.02354700
v -0.00571800 0.03880800 0.03718700
v 0.02493100 -0.02709300 0.02354700
v -0.02274400 0.02680300 0.02354700
v 0.03426200 -0.01408200 0.02354700
v -0.03207600 0.01379100 0.02354700
v -0.03482700 0.00188800 0.02354700
v 0.03701400 -0.00217900 0.02354700
v -0.03753400 -0.02070900 0.06599300
v 0.03972000 0.02041900 0.06599300
v -0.02478600 -0.03543200 0.06599300
v 0.02697300 0.03514400 0.06599300
v -0.00691300 -0.04316600 0.06599300
v 0.00948600 0.04532700 0.08303000
v 0.00913600 0.04307200 0.06574600
v 0.01254600 -0.04237900 0.06599300
v -0.01039500 0.04217600 0.06583800
v 0.02973700 -0.03322800 0.06599300
v -0.02755000 0.03293700 0.06599300
v 0.04125400 -0.01752300 0.06599300
v -0.03906800 0.01723300 0.06599300
v -0.04375200 0.00186100 0.08213000
v -0.04382300 0.00456600 0.09612100
v 0.04593800 -0.00215200 0.08213000
v 0.04600900 -0.00485600 0.09612100
v -0.03215200 -0.01389800 0.02354700
v -0.02815700 -0.01024700 0.00993600
v 0.03433900 0.01360800 0.02354700
v 0.03034300 0.00995700 0.00993600
v -0.02289300 -0.02696100 0.02354700
v -0.02087700 -0.02193800 0.00993600
v 0.02507900 0.02667100 0.02354700
v 0.02306300 0.02164700 0.00993600
v -0.00888300 -0.03471300 0.02354700
v -0.00924600 -0.02931200 0.00993600
v 0.01106900 0.03442200 0.02354700
v 0.01143200 0.02902200 0.00993600
v 0.00710400 -0.03561800 0.02354700
v 0.00443300 -0.03091000 0.00993600
v -0.00486900 0.03705200 0.02454900
v -0.00243200 0.03384400 0.01247600
v 0.02189900 -0.02949700 0.02354700
v 0.01745100 -0.02641400 0.00993600
v -0.01971300 0.02920600 0.02354700
v -0.01526400 0.02612300 0.00993600
v 0.03257400 -0.01756300 0.02354700
v 0.02722800 -0.01671500 0.00993600
v -0.03038800 0.01727200 0.02354700
v -0.02504200 0.01642500 0.00993600
v -0.02966200 -0.00356500 0.00993600
v -0.03483800 -0.00198000 0.02354700
v -0.03843100 -0.00195400 0.03727400
v -0.04077300 -0.00192900 0.05104600
v -0.04263100 -0.00191300 0.06599300
v -0.04376200 -0.00190400 0.08213000
v 0.03184900 0.00327400 0.00993600
v 0.03702400 0.00169000 0.02354700
v 0.04061700 0.00166400 0.03727400
v 0.04295900 0.00163800 0.05104600
v 0.04481700 0.00162300 0.06599300
v 0.04594800 0.00161300 0.08213000
v -0.03746100 -0.02366500 0.09612100
v -0.03855700 -0.02119100 0.08213000
v -0.04018100 -0.01779500 0.08213000
v -0.03916300 -0.01730100 0.06599300
v -0.03585300 -0.01991700 0.05104600
v -0.03373200 -0.01892400 0.03727400
v -0.03538700 -0.01546300 0.03727400
v 0.03964700 0.02337500 0.09612100
v 0.04074300 0.02090100 0.08213000
v 0.04236700 0.01750500 0.08213000
v 0.04135000 0.01701100 0.06599300
v 0.03803900 0.01962700 0.05104600
v 0.03591800 0.01863300 0.03727400
v 0.03757300 0.01517300 0.03727400
v -0.02343800 -0.03806400 0.09612100
v -0.02549900 -0.03631100 0.08213000
v -0.02843600 -0.03395500 0.08213000
v -0.02773300 -0.03306900 0.06599300
v -0.02361500 -0.03398900 0.05104600
v -0.02213600 -0.03217400 0.03727400
v -0.02512800 -0.02977400 0.03727400
v 0.02563000 0.03777900 0.09612000
v 0.02768700 0.03602500 0.08213000
v 0.03062200 0.03366500 0.08213000
v 0.02991900 0.03277800 0.06599300
v 0.02580200 0.03369900 0.05104600
v 0.02432200 0.03188400 0.03727400
v 0.02731400 0.02948400 0.03727400
v -0.00455600 -0.04495300 0.09612100
v -0.00717400 -0.04426700 0.08213000
v -0.01084200 -0.04341900 0.08213000
v -0.01059300 -0.04231500 0.06599300
v -0.00648400 -0.04135800 0.05104600
v -0.00593800 -0.03908100 0.03727400
v -0.00967600 -0.03821700 0.03727400
v 0.01573000 0.04259900 0.09611100
v 0.01317700 0.04317700 0.08205700
v 0.01281500 0.04211200 0.06583800
v 0.00867000 0.04109900 0.05099000
v 0.00812000 0.03876900 0.03718700
v 0.01186200 0.03792700 0.03727400
v 0.01544400 -0.04296700 0.09612100
v 0.01278900 -0.04348500 0.08213000
v 0.00911600 -0.04431200 0.08213000
v 0.00886100 -0.04321000 0.06599300
v 0.01214800 -0.04056500 0.05104600
v 0.01165200 -0.03827600 0.03727400
v 0.00790900 -0.03911900 0.03727400
v -0.01330700 0.04267900 0.09611100
v -0.01075100 0.04324300 0.08205700
v -0.00704800 0.04537300 0.08303100
v -0.00671100 0.04311600 0.06574600
v -0.00996200 0.04029400 0.05101000
v -0.00946500 0.03798600 0.03727400
v -0.00869100 0.03447700 0.02354700
v 0.03260300 -0.03249900 0.09612100
v 0.03043500 -0.03411800 0.08213000
v 0.02748500 -0.03645700 0.08213000
v 0.02677700 -0.03557500 0.06599300
v 0.02859100 -0.03176500 0.05104600
v 0.02715000 -0.02991900 0.03727400
v 0.02414500 -0.03230200 0.03727400
v -0.03041600 0.03220900 0.09612100
v -0.02824800 0.03382800 0.08213000
v -0.02530000 0.03617200 0.08213000
v -0.02459100 0.03528700 0.06599300
v -0.02640400 0.03147500 0.05104600
v -0.02496400 0.02962800 0.03727400
v -0.02195800 0.03201200 0.03727400
v 0.04352000 -0.01562400 0.09612100
v 0.04226900 -0.01802300 0.08213000
v 0.04062600 -0.02141000 0.08213000
v 0.03960600 -0.02092200 0.06599300
v 0.03958700 -0.01670300 0.05104600
v 0.03748800 -0.01566400 0.03727400
v 0.03581400 -0.01911600 0.03727400
v -0.04133400 0.01533300 0.09612100
v -0.04008300 0.01773200 0.08213000
v -0.03844000 0.02112000 0.08213000
v -0.03741900 0.02063200 0.06599300
v -0.03740100 0.01641300 0.05104600
v -0.03530200 0.01537400 0.03727400
v -0.03362800 0.01882600 0.03727400
v -0.03643600 0.00468300 0.03763300
v -0.04076200 0.00187000 0.05104600
v 0.03862200 -0.00497400 0.03763300
v 0.04294900 -0.00216000 0.05104600
v -0.03749200 -0.01649000 0.05104600
v 0.03967800 0.01620000 0.05104600
v -0.02657900 -0.03161300 0.05104600
v 0.02876500 0.03132200 0.05104600
v -0.01018500 -0.04050300 0.05104600
v 0.01237100 0.04023200 0.05101000
v 0.00844200 -0.04140000 0.05104600
v -0.00625600 0.04114000 0.05099000
v 0.02561400 -0.03412600 0.05104600
v -0.02342800 0.03383500 0.05104600
v 0.03792900 -0.02012100 0.05104600
v -0.03574300 0.01983100 0.05104600
v -0.04384800 -0.00460800 0.09612100
v -0.04054400 0.00496300 0.06616700
v 0.04603400 0.00431700 0.09612100
v 0.04273000 -0.00525300 0.06616700
v -0.02798700 -0.01908000 0.02422000
v -0.02513300 -0.01657000 0.00993600
v 0.03017300 0.01878900 0.02422000
v 0.02731900 0.01628000 0.00993600
v -0.01689200 -0.02982200 0.02422000
v -0.01540900 -0.02632300 0.00993600
v 0.01907800 0.02953200 0.02422000
v 0.01759600 0.02603200 0.00993600
v -0.00223400 -0.03468600 0.02422000
v -0.00241700 -0.03089100 0.00993600
v 0.00446700 0.03680100 0.02626500
v 0.00480600 0.03382400 0.01247600
v 0.01308200 -0.03271000 0.02422000
v 0.01127100 -0.02936900 0.00993600
v -0.00908400 0.02907800 0.00993600
v -0.00253600 0.03741100 0.03719800
v 0.02602400 -0.02428300 0.02422000
v 0.02294200 -0.02205900 0.00993600
v -0.02383800 0.02399200 0.02422000
v -0.02075600 0.02176900 0.00993600
v 0.03402800 -0.01107500 0.02422000
v 0.03028700 -0.01040900 0.00993600
v -0.03184200 0.01078500 0.02422000
v -0.02810000 0.01011800 0.00993600
v -0.02964300 0.00344400 0.00993600
v -0.03329700 0.00448700 0.02422000
v 0.03182900 -0.00373500 0.00993600
v 0.03548400 -0.00477800 0.02422000
v -0.04141900 -0.01538900 0.09612100
v -0.03432900 -0.02261700 0.06616700
v 0.04360500 0.01509800 0.09612100
v 0.03651500 0.02232700 0.06616700
v -0.03059500 -0.03232400 0.09612100
v -0.02107100 -0.03576100 0.06616700
v 0.03278100 0.03203400 0.09612100
v 0.02326300 0.03547600 0.06616400
v -0.01349500 -0.04288700 0.09612100
v -0.00342300 -0.04185100 0.06616700
v 0.00697800 0.04629600 0.09712300
v 0.00459800 0.05719400 0.04229100
v 0.00563400 0.04192600 0.06603700
v 0.00649500 -0.04498300 0.09612100
v 0.01512000 -0.03968000 0.06616700
v -0.00453500 0.04632800 0.09712300
v -0.01296100 0.03941100 0.06612300
v 0.02541400 -0.03819900 0.09612100
v 0.03088400 -0.02967900 0.06616700
v -0.02323400 0.03791400 0.09612000
v -0.02869800 0.02938800 0.06616700
v 0.03951700 -0.02387800 0.09612100
v 0.04074800 -0.01382800 0.06616700
v -0.03733000 0.02358800 0.09612100
v -0.03856200 0.01353800 0.06616700
v 0.00684600 0.06457200 0.10161800
v 0.00917400 0.06400000 0.09643500
v -0.00430200 0.06460300 0.10161800
v -0.00663300 0.06404400 0.09643500
v 0.00675500 0.07633400 0.09675200
v 0.00906300 0.07327500 0.09299500
v -0.00414600 0.07636400 0.09675200
v -0.00647100 0.07331800 0.09299500
v 0.00649400 0.08276900 0.08587100
v 0.00874700 0.07793500 0.08451000
v -0.00384900 0.08279700 0.08587100
v -0.00612900 0.07797600 0.08451000
v 0.00616200 0.08192200 0.07299200
v 0.00835200 0.07734700 0.07431700
v -0.00352200 0.08194800 0.07299200
v -0.00573800 0.07738600 0.07431700
v 0.00583900 0.07672800 0.06108900
v 0.00794500 0.07311200 0.06403600
v -0.00322800 0.07675300 0.06108900
v -0.00535300 0.07314800 0.06403600
v -0.00431100 0.05336100 0.10040300
v 0.00679300 0.05333000 0.10040300
v -0.00661800 0.05316100 0.09270100
v 0.00909900 0.05311700 0.09270100
v -0.00425000 0.04759000 0.03082300
v -0.00241100 0.04906200 0.02603300
v 0.00670000 0.04756000 0.03082300
v 0.00486900 0.04904200 0.02603300
v -0.00492800 0.06627800 0.05246200
v -0.00452900 0.05791500 0.04144200
v -0.00293600 0.06938800 0.04919900
v -0.00266700 0.06069300 0.03804400
v 0.00550700 0.06936500 0.04919900
v 0.00519000 0.06067200 0.03804400
v 0.00748200 0.06624400 0.05246200
v 0.00703600 0.05788300 0.04144200
v -0.00342100 0.04536800 0.08081400
v -0.00333000 0.05310000 0.09077500
v 0.00585900 0.04534200 0.08081400
v 0.00581000 0.05307500 0.09077500
v -0.00207600 0.03681900 0.02626500
v -0.00193400 0.04693400 0.03176600
v 0.00487200 0.06547300 0.05327800
v -0.00232300 0.06549300 0.05327800
v 0.00515500 0.07221700 0.06477300
v -0.00256900 0.07223800 0.06477300
v 0.00539600 0.07621300 0.07464800
v -0.00278800 0.07623600 0.07464800
v 0.00562100 0.07673700 0.08416900
v -0.00301000 0.07676100 0.08416900
v 0.00579800 0.07252100 0.09205600
v -0.00321000 0.07254500 0.09205600
v 0.00585600 0.06386800 0.09513900
v -0.00331600 0.06389400 0.09513900
v 0.02548900 0.00535200 0.00046900
v 0.02068800 0.01539300 0.00046900
v 0.01200600 0.02235600 0.00046900
v 0.00116200 0.02486200 0.00046900
v -0.00969500 0.02241600 0.00046900
v -0.01841500 0.01550100 0.00046900
v -0.02327200 0.00548700 0.00046900
v -0.02330300 -0.00564200 0.00046900
v -0.01850200 -0.01568300 0.00046900
v -0.00981900 -0.02264600 0.00046900
v 0.00102400 -0.02515300 0.00046900
v 0.01188100 -0.02270600 0.00046900
v 0.02060200 -0.01579100 0.00046900
v 0.02545800 -0.00577700 0.00046900
v 0.04170600 0.01927500 0.10502800
v 0.04611000 -0.00027000 0.10502800
v 0.02925800 0.03497300 0.10502800
v -0.00904500 -0.04400600 0.10502800
v 0.01123300 0.04371600 0.10502800
v -0.04392400 -0.00002100 0.10502800
v 0.01098900 -0.04406100 0.10502800
v 0.04441800 0.00961700 0.10828900
v 0.03589100 0.02744800 0.10828900
v 0.02047300 0.03981400 0.10828900
v 0.00121600 0.04426500 0.10828900
v -0.01806500 0.03992100 0.10828900
v -0.03355200 0.02764000 0.10828900
v -0.02687700 0.03512800 0.10502800
v -0.03370500 -0.02773900 0.10828900
v -0.02307000 -0.01170000 0.00263300
v -0.02707200 -0.03526300 0.10502800
v 0.02525700 0.01140900 0.00263300
v -0.01566400 -0.02103900 0.00263300
v 0.01785000 0.02074900 0.00263300
v -0.00493900 -0.02624100 0.00263300
v 0.00712500 0.02595100 0.00263300
v 0.00698100 -0.02627400 0.00263300
v -0.00479500 0.02598400 0.00263300
v 0.01773500 -0.02113200 0.00263300
v -0.01554800 0.02084100 0.00263300
v 0.02519200 -0.01183300 0.00263300
v -0.02300600 0.01154300 0.00263300
v -0.04408400 0.00219800 0.09014000
v -0.01828700 -0.04010500 0.10828900
v 0.04627100 -0.00248900 0.09014000
v 0.04159800 -0.01978900 0.10502800
v 0.00097000 -0.04455600 0.10828900
v -0.03941200 0.01949900 0.10502800
v 0.02025200 -0.04021100 0.10828900
v -0.00880400 0.04377100 0.10502800
v 0.03573800 -0.02793100 0.10828900
v -0.03952000 -0.01956500 0.10502800
v 0.04436300 -0.01014700 0.10828900
v 0.02906300 -0.03541800 0.10502800
v -0.04217700 0.00985700 0.10828900
v -0.04223100 -0.00990800 0.10828900
v -0.04291500 0.01002800 0.10151900
v 0.04510200 -0.01031800 0.10151900
v -0.03414300 0.02811500 0.10151900
v 0.03633000 -0.02840500 0.10151900
v -0.01839600 0.04060500 0.10151800
v 0.02057900 -0.04089500 0.10151900
v 0.00121800 0.04502500 0.10151700
v 0.00096800 -0.04531400 0.10151900
v 0.02080800 0.04049700 0.10151800
v -0.01861700 -0.04078700 0.10151900
v 0.03648500 0.02791900 0.10151900
v -0.03429900 -0.02821000 0.10151900
v 0.04515700 0.00978400 0.10151900
v -0.04297100 -0.01007400 0.10151900
v -0.02984200 -0.01256700 0.01593800
v 0.03202800 0.01227700 0.01593800
v -0.02138800 -0.02475900 0.01593800
v 0.02357500 0.02446900 0.01593800
v -0.00848200 -0.03207600 0.01593800
v 0.01066900 0.03178500 0.01593800
v 0.00632000 -0.03306800 0.01593800
v -0.00434000 0.03551900 0.01782200
v 0.02008700 -0.02754000 0.01593800
v -0.01790100 0.02725000 0.01593800
v 0.03009200 -0.01658600 0.01593800
v -0.02790600 0.01629600 0.01593800
v -0.02569100 -0.00007100 0.00263300
v 0.02787700 -0.00021900 0.00263300
v -0.02664200 -0.00639500 0.00497900
v 0.02882800 0.00610400 0.00497900
v -0.02118300 -0.01781000 0.00497900
v 0.02337000 0.01751900 0.00497900
v -0.01131300 -0.02572600 0.00497900
v 0.01349900 0.02543500 0.00497900
v 0.00101500 -0.02857500 0.00497900
v 0.00117200 0.02828500 0.00497900
v 0.01335800 -0.02579400 0.00497900
v -0.01117100 0.02550300 0.00497900
v 0.02327200 -0.01793200 0.00497900
v -0.02108500 0.01764200 0.00497900
v 0.02879300 -0.00654800 0.00497900
v -0.02660700 0.00625800 0.00497900
v -0.03218000 -0.00219200 0.01593800
v -0.03689800 -0.00196600 0.03062900
v -0.04177700 -0.00192000 0.05836100
v -0.04327100 -0.00190800 0.07393700
v 0.03436600 0.00190100 0.01593800
v 0.03908500 0.00167600 0.03062900
v 0.04396300 0.00162900 0.05836100
v 0.04545700 0.00161700 0.07393700
v -0.03871300 -0.02163900 0.09014000
v -0.03973900 -0.01758000 0.07393700
v -0.03486300 -0.01945400 0.04403100
v -0.03400800 -0.01479500 0.03062900
v 0.04089900 0.02134800 0.09014000
v 0.04192500 0.01729000 0.07393700
v 0.03704900 0.01916300 0.04403100
v 0.03619400 0.01450400 0.03062900
v -0.02544500 -0.03678100 0.09014000
v -0.02813100 -0.03357000 0.07393700
v -0.02292400 -0.03314200 0.04403100
v -0.02417600 -0.02857400 0.03062900
v 0.02763400 0.03649800 0.09014000
v 0.03031700 0.03328000 0.07393700
v 0.02511100 0.03285200 0.04403100
v 0.02636200 0.02828300 0.03062900
v -0.00692100 -0.04466800 0.09014000
v -0.01073400 -0.04294000 0.07393700
v -0.00622900 -0.04029600 0.04403100
v -0.00933900 -0.03672200 0.03062900
v 0.01354500 0.04339800 0.09010900
v 0.01302500 0.04272800 0.07380600
v 0.00841500 0.04000600 0.04401300
v 0.01152500 0.03643100 0.03062900
v 0.01319000 -0.04373600 0.09014000
v 0.00900500 -0.04383300 0.07393700
v 0.01191700 -0.03949600 0.04403100
v 0.00756500 -0.03762600 0.03062900
v -0.01111700 0.04346600 0.09010900
v -0.00692100 0.04394600 0.07376600
v -0.00973000 0.03920800 0.04402600
v -0.00913600 0.03648900 0.03062900
v 0.03090600 -0.03417100 0.09014000
v 0.02717700 -0.03607400 0.07393700
v 0.02791900 -0.03090300 0.04403100
v 0.02318600 -0.03110600 0.03062900
v -0.02871900 0.03388000 0.09014000
v -0.02499200 0.03578700 0.07393700
v -0.02573200 0.03061300 0.04403100
v -0.02100000 0.03081600 0.03062900
v 0.04271600 -0.01786600 0.09014000
v 0.04018300 -0.02119900 0.07393700
v 0.03860700 -0.01621800 0.04403100
v 0.03443200 -0.01845400 0.03062900
v -0.04053000 0.01757600 0.09014000
v -0.03799700 0.02090800 0.07393700
v -0.03642100 0.01592800 0.04403100
v -0.03224500 0.01816400 0.03062900
v -0.03244200 -0.00770200 0.02433200
v -0.03539900 -0.00836800 0.03769700
v -0.03936100 -0.00926100 0.06619800
v -0.04041900 -0.00949900 0.08198600
v 0.03462800 0.00741100 0.02433200
v 0.03758500 0.00807800 0.03769700
v 0.04154800 0.00897100 0.06619800
v 0.04260500 0.00920900 0.08198600
v -0.02584200 -0.02150400 0.02433200
v -0.02821700 -0.02338700 0.03769700
v -0.03140000 -0.02591100 0.06619800
v -0.03224900 -0.02658400 0.08198600
v 0.02802800 0.02121300 0.02433200
v 0.03040300 0.02309700 0.03769700
v 0.03358600 0.02562000 0.06619800
v 0.03443600 0.02629400 0.08198600
v -0.01390700 -0.03107500 0.02433200
v -0.01523000 -0.03380300 0.03769700
v -0.01700300 -0.03745800 0.06619800
v -0.01747600 -0.03843300 0.08198600
v 0.01609400 0.03078500 0.02433200
v 0.01741600 0.03351200 0.03769700
v 0.01920600 0.03717600 0.06618300
v 0.01973600 0.03814600 0.08197900
v 0.00099800 -0.03452100 0.02433200
v 0.00099000 -0.03755200 0.03769700
v 0.00097900 -0.04161400 0.06619800
v 0.00097600 -0.04269800 0.08198600
v 0.00473400 0.06151400 0.04769200
v 0.00119600 0.03713900 0.03719700
v 0.00120900 0.04172100 0.06609100
v -0.00366700 0.04713200 0.03175000
v 0.01592200 -0.03115800 0.02433200
v 0.01723000 -0.03389200 0.03769700
v 0.01898200 -0.03755700 0.06619800
v 0.01945000 -0.03853500 0.08198600
v -0.01373600 0.03086700 0.02433200
v -0.01504400 0.03360200 0.03769700
v -0.01681300 0.03727500 0.06618300
v -0.01733700 0.03824900 0.08197900
v 0.02791000 -0.02165200 0.02433200
v 0.03027400 -0.02354900 0.03769700
v 0.03344300 -0.02609000 0.06619800
v 0.03428900 -0.02676800 0.08198600
v -0.02572300 0.02136200 0.02433200
v -0.02808800 0.02325800 0.03769700
v -0.03125700 0.02580000 0.06619800
v -0.03210300 0.02647800 0.08198600
v 0.03458600 -0.00788700 0.02433200
v 0.03753900 -0.00857000 0.03769700
v 0.04149700 -0.00948500 0.06619800
v 0.04255300 -0.00972900 0.08198600
v -0.03239900 0.00759700 0.02433200
v -0.03535300 0.00827900 0.03769700
v -0.03931000 0.00919400 0.06619800
v -0.04036700 0.00943800 0.08198600
v 0.02176000 0.00451200 0.00006900
v 0.01769200 0.01301700 0.00006900
v 0.01033800 0.01891600 0.00006900
v 0.00115200 0.02103900 0.00006900
v -0.00804600 0.01896700 0.00006900
v -0.01543300 0.01310900 0.00006900
v -0.01954700 0.00462600 0.00006900
v -0.01957300 -0.00480200 0.00006900
v -0.01550600 -0.01330800 0.00006900
v -0.00815100 -0.01920600 0.00006900
v 0.00103500 -0.02133000 0.00006900
v 0.01023200 -0.01925700 0.00006900
v 0.01761900 -0.01339900 0.00006900
v 0.02173400 -0.00491600 0.00006900
v 0.02039800 0.00420500 0.00197600
v 0.01659800 0.01215000 0.00197600
v 0.00972800 0.01766000 0.00197600
v 0.00114800 0.01964300 0.00197600
v -0.00744300 0.01770700 0.00197600
v -0.01434400 0.01223500 0.00197600
v -0.01818700 0.00431100 0.00197600
v -0.01821100 -0.00449500 0.00197600
v -0.01441200 -0.01244000 0.00197600
v -0.00754200 -0.01795000 0.00197600
v 0.00103800 -0.01993400 0.00197600
v 0.00963000 -0.01799800 0.00197600
v 0.01653000 -0.01252600 0.00197600
v 0.02037300 -0.00460200 0.00197600
v -0.00344600 0.01999700 0.00107400
v -0.01173500 0.01603300 0.00107400
v 0.01392200 -0.01632300 0.00107400
v 0.01967000 -0.00915500 0.00107400
v -0.01748400 0.00886400 0.00107400
v 0.02174000 -0.00020200 0.00107400
v -0.01955400 -0.00008800 0.00107400
v -0.01753400 -0.00905200 0.00107400
v 0.01972000 0.00876200 0.00107400
v -0.01182400 -0.01625200 0.00107400
v 0.01401100 0.01596100 0.00107400
v -0.00355700 -0.02026200 0.00107400
v 0.00574300 0.01997100 0.00107400
v 0.00563200 -0.02028700 0.00107400
v 0.01591600 0.00319500 0.00284800
v 0.01299900 0.00929600 0.00284800
v 0.00772400 0.01352700 0.00284800
v 0.00113500 0.01505000 0.00284800
v -0.00546200 0.01356300 0.00284800
v -0.01076100 0.00936100 0.00284800
v -0.01371100 0.00327700 0.00284800
v -0.01373000 -0.00348500 0.00284800
v -0.01081300 -0.00958600 0.00284800
v -0.00553800 -0.01381700 0.00284800
v 0.00105100 -0.01534000 0.00284800
v 0.00764800 -0.01385400 0.00284800
v 0.01294700 -0.00965200 0.00284800
v 0.01589800 -0.00356700 0.00284800
v 0.01742100 -0.00806400 0.00254700
v 0.01923900 -0.00019500 0.00254700
v -0.01523400 0.00777300 0.00254700
v -0.01705300 -0.00009500 0.00254700
v -0.01527800 -0.00797300 0.00254700
v 0.01746400 0.00768300 0.00254700
v -0.01026000 -0.01430100 0.00254700
v 0.01244600 0.01401100 0.00254700
v -0.00299400 -0.01782500 0.00254700
v 0.00518000 0.01753500 0.00254700
v 0.00508200 -0.01784800 0.00254700
v -0.00289600 0.01755700 0.00254700
v 0.01236800 -0.01436400 0.00254700
v -0.01018200 0.01407300 0.00254700
v 0.00209400 0.00008000 0.00297700
v 0.00189700 0.00049200 0.00297700
v 0.00154100 0.00077800 0.00297700
v 0.00109600 0.00088100 0.00297700
v 0.00065000 0.00078100 0.00297700
v 0.00029200 0.00049700 0.00297700
v 0.00009300 0.00008600 0.00297700
v 0.00009200 -0.00037100 0.00297700
v 0.00028900 -0.00078300 0.00297700
v 0.00064500 -0.00106900 0.00297700
v 0.00109000 -0.00117200 0.00297700
v 0.00153600 -0.00107100 0.00297700
v 0.00189400 -0.00078700 0.00297700
v 0.00209300 -0.00037600 0.00297700
v -0.00963900 -0.00011600 0.00296100
v -0.00150500 -0.00138800 0.00297700
v 0.01182500 -0.00017500 0.00296100
v 0.00369200 0.00109700 0.00297700
v -0.00070900 -0.00239200 0.00297700
v 0.00289500 0.00210200 0.00297700
v 0.00044400 -0.00295200 0.00297700
v 0.00174200 0.00266100 0.00297700
v 0.00172600 -0.00295500 0.00297700
v 0.00046000 0.00266500 0.00297700
v 0.00288300 -0.00240200 0.00297700
v -0.00069700 0.00211200 0.00297700
v 0.00368500 -0.00140200 0.00297700
v -0.00149900 0.00111200 0.00297700
v 0.00134700 -0.00014600 0.00297700
v 0.00093400 -0.00034300 0.00297700
v 0.00103600 -0.00039300 0.00297700
v 0.00125200 0.00005300 0.00297700
v 0.00115000 0.00010200 0.00297700
v 0.00114900 -0.00039300 0.00297700
v 0.00103700 0.00010300 0.00297700
v 0.00125100 -0.00034400 0.00297700
v 0.00093500 0.00005400 0.00297700
v 0.00132200 -0.00025600 0.00297700
v 0.00086500 -0.00003400 0.00297700
v 0.00083900 -0.00014500 0.00297700
v 0.00086400 -0.00025500 0.00297700
v 0.00132200 -0.00003600 0.00297700
v -0.00178700 -0.00013700 0.00297700
v -0.00858900 -0.00477500 0.00296100
v 0.00397400 -0.00015300 0.00297700
v 0.01077500 0.00448400 0.00296100
v -0.00562100 -0.00851700 0.00296100
v 0.00780700 0.00822700 0.00296100
v -0.00132400 -0.01060100 0.00296100
v 0.00351000 0.01031100 0.00296100
v 0.00345200 -0.01061500 0.00296100
v -0.00126600 0.01032400 0.00296100
v 0.00776100 -0.00855400 0.00296100
v -0.00557500 0.00826400 0.00296100
v 0.01074900 -0.00482800 0.00296100
v -0.00856300 0.00453800 0.00296100
v -0.00489100 0.00123800 0.00297700
v 0.00707700 -0.00152800 0.00297700
v -0.00369800 0.00369700 0.00297700
v 0.00588400 -0.00398800 0.00297700
v -0.00155600 0.00539600 0.00297700
v 0.00374300 -0.00568600 0.00297700
v 0.00111000 0.00599600 0.00297700
v 0.00107600 -0.00628700 0.00297700
v 0.00377300 0.00538100 0.00297700
v -0.00158700 -0.00567100 0.00297700
v 0.00590500 0.00367100 0.00297700
v -0.00371900 -0.00396100 0.00297700
v 0.00708500 0.00120500 0.00297700
v -0.00489800 -0.00149500 0.00297700
v -0.03966900 0.00187600 0.04403100
v 0.04185600 -0.00216600 0.04403100
v -0.03839500 -0.01692900 0.05836100
v 0.04058100 0.01663900 0.05836100
v -0.02720200 -0.03240000 0.05836100
v 0.02938900 0.03211000 0.05836100
v -0.01040500 -0.04148300 0.05836100
v 0.01259600 0.04125100 0.05825500
v 0.00866900 -0.04237800 0.05836100
v -0.00648700 0.04218600 0.05819700
v 0.02624300 -0.03490900 0.05836100
v -0.02405700 0.03461900 0.05836100
v 0.03883600 -0.02055400 0.05836100
v -0.03664900 0.02026300 0.05836100
v -0.03756000 0.00879000 0.05135700
v 0.03974600 -0.00908000 0.05135700
v -0.02985600 0.02467600 0.05135700
v 0.03204200 -0.02496600 0.05135700
v -0.01602100 0.03564800 0.05135300
v 0.01820800 -0.03593600 0.05135700
v 0.00120300 0.03954200 0.05134000
v 0.00098300 -0.03981800 0.05135700
v 0.01840500 0.03555300 0.05135300
v -0.01621900 -0.03584100 0.05135700
v 0.03217900 0.02450400 0.05135700
v -0.02999200 -0.02479500 0.05135700
v 0.03979500 0.00857600 0.05135700
v -0.03760900 -0.00886600 0.05135700
v -0.04409700 -0.00223900 0.09014000
v -0.04326000 0.00186300 0.07393700
v 0.04628300 0.00194900 0.09014000
v 0.04544700 -0.00215300 0.07393700
v -0.02799700 -0.01642500 0.01593800
v -0.03234600 -0.01827000 0.03062900
v 0.03018300 0.01613500 0.01593800
v 0.03453200 0.01797900 0.03062900
v -0.01805200 -0.02743500 0.01593800
v -0.02117100 -0.03098400 0.03062900
v 0.02023800 0.02714400 0.01593800
v 0.02335700 0.03069300 0.03062900
v -0.00431600 -0.03303900 0.01593800
v -0.00558500 -0.03758900 0.03062900
v 0.00672300 0.03548900 0.01782200
v 0.00775900 0.03743900 0.03056700
v 0.01049200 -0.03212800 0.01593800
v 0.01132200 -0.03677900 0.03062900
v -0.00830600 0.03183800 0.01593800
v -0.00536500 0.03747500 0.03056700
v 0.02343800 -0.02488300 0.01593800
v 0.02620400 -0.02871300 0.03062900
v -0.02125200 0.02459300 0.01593800
v -0.02401800 0.02842200 0.03062900
v 0.03195900 -0.01273800 0.01593800
v 0.03611200 -0.01498800 0.03062900
v -0.02977200 0.01244800 0.01593800
v -0.03392600 0.01469800 0.03062900
v -0.03216800 0.00208500 0.01593800
v -0.03688800 0.00188600 0.03062900
v -0.03968000 -0.00194100 0.04403100
v -0.04176700 0.00186600 0.05836100
v 0.03435400 -0.00237600 0.01593800
v 0.03907400 -0.00217600 0.03062900
v 0.04186600 0.00165100 0.04403100
v 0.04395300 -0.00215700 0.05836100
v -0.04062700 -0.01763600 0.09014000
v -0.03811300 -0.02098200 0.07393700
v -0.03676200 -0.02034500 0.05836100
v -0.03650900 -0.01601000 0.04403100
v 0.04281400 0.01734500 0.09014000
v 0.04029900 0.02069200 0.07393700
v 0.03894800 0.02005400 0.05836100
v 0.03869600 0.01572000 0.04403100
v -0.02890700 -0.03400500 0.09014000
v -0.02518900 -0.03592900 0.07393700
v -0.02424900 -0.03476900 0.05836100
v -0.02590200 -0.03075400 0.04403100
v 0.03109300 0.03371500 0.09014000
v 0.02737700 0.03564200 0.07393700
v 0.02643500 0.03448000 0.05836100
v 0.02808800 0.03046400 0.04403100
v -0.01124500 -0.04366900 0.09014000
v -0.00706000 -0.04378900 0.07393700
v -0.00671600 -0.04233600 0.05836100
v -0.00994800 -0.03943600 0.04403100
v 0.00944600 0.04602600 0.09133500
v 0.00935000 0.04390100 0.07376600
v 0.00890800 0.04214300 0.05819700
v 0.01213400 0.03914800 0.04402600
v 0.00886100 -0.04471200 0.09014000
v 0.01268400 -0.04300500 0.07393700
v 0.01236300 -0.04154600 0.05836100
v 0.00819300 -0.04033500 0.04403100
v -0.00700400 0.04607100 0.09133500
v -0.01060200 0.04279300 0.07380600
v -0.01018000 0.04131400 0.05825500
v -0.00600600 0.04004600 0.04401300
v 0.02742900 -0.03692800 0.09014000
v 0.03013200 -0.03373100 0.07393700
v 0.02921000 -0.03255600 0.05836100
v 0.02492800 -0.03327500 0.04403100
v -0.02524500 0.03664400 0.09014000
v -0.02794500 0.03344100 0.07393700
v -0.02702400 0.03226600 0.05836100
v -0.02274200 0.03298400 0.04403100
v 0.04078000 -0.02185800 0.09014000
v 0.04182800 -0.01780600 0.07393700
v 0.04048800 -0.01714700 0.05836100
v 0.03694200 -0.01965200 0.04403100
v -0.03859400 0.02156800 0.09014000
v -0.03964200 0.01751500 0.07393700
v -0.03830200 0.01685700 0.05836100
v -0.03475600 0.01936200 0.04403100
v -0.04474700 -0.00001900 0.09099200
v -0.04267200 0.00997100 0.09823600
v 0.04485900 -0.01026200 0.09823600
v -0.03394900 0.02795900 0.09823600
v 0.03613500 -0.02824900 0.09823600
v -0.01830000 0.04038100 0.09823400
v 0.02047100 -0.04067000 0.09823600
v 0.00122200 0.04639000 0.09916800
v 0.00096900 -0.04506500 0.09823600
v 0.02071000 0.04027300 0.09823400
v -0.01850900 -0.04056200 0.09823600
v 0.03629000 0.02776400 0.09823600
v -0.03410400 -0.02805500 0.09823600
v 0.04491400 0.00972900 0.09823600
v -0.04272800 -0.01002000 0.09823600
v -0.02895700 -0.01451400 0.01497300
v 0.02193300 0.02583900 0.01497300
v 0.00841500 -0.03263900 0.01497300
v 0.02178900 -0.02624400 0.01497300
v 0.03106300 -0.01468000 0.01497300
v -0.02814600 -0.00673400 0.00778500
v 0.03033200 0.00644300 0.00778500
v -0.02239100 -0.01876800 0.00778500
v 0.02457800 0.01847700 0.00778500
v -0.01198600 -0.02711300 0.00778500
v 0.01417200 0.02682200 0.00778500
v 0.00101000 -0.03011700 0.00778500
v 0.00118500 0.03320200 0.01054000
v 0.01402300 -0.02718500 0.00778500
v -0.01183600 0.02689400 0.00778500
v 0.02447400 -0.01889700 0.00778500
v -0.02228800 0.01860700 0.00778500
v 0.03029500 -0.00689500 0.00778500
v -0.02810900 0.00660500 0.00778500
v -0.03221500 -0.00005300 0.01497300
v -0.03747100 -0.00003900 0.03044900
v 0.03440200 -0.00023700 0.01497300
v 0.03965800 -0.00025200 0.03044900
v 0.04456800 -0.00026500 0.05827800
v 0.04606700 -0.00027000 0.07391300
v -0.04026300 -0.01992000 0.09099200
v -0.03369800 -0.01678200 0.03044900
v 0.04244900 0.01963000 0.09099200
v 0.03841800 0.01770300 0.04391300
v -0.02704500 -0.03523000 0.07391300
v -0.00923100 -0.04480800 0.09099200
v 0.01152500 0.04456400 0.09093800
v 0.01098000 -0.04401900 0.07391300
v 0.02957500 -0.03606400 0.09099200
v 0.02505400 -0.03036300 0.03044900
v -0.02738900 0.03577400 0.09099200
v -0.02461300 0.03227300 0.04391300
v 0.04155900 -0.01977100 0.07391300
v 0.03579200 -0.01697400 0.03044900
v -0.04015300 0.01985800 0.09099200
v -0.03613300 0.01790900 0.04391300
v -0.02610700 -0.03406000 0.05827800
v 0.01065000 -0.04255700 0.05827800
v -0.04388100 -0.00002100 0.07391300
v 0.04693400 -0.00027200 0.09099200
v 0.03114300 0.01422400 0.01497300
v 0.03588500 0.01649100 0.03044900
v -0.01974600 -0.02612900 0.01497300
v -0.00640800 -0.03259800 0.01497300
v 0.00859500 0.03230800 0.01497300
v 0.00977800 0.03742900 0.03044900
v -0.00622900 0.03234900 0.01497300
v -0.01960200 0.02595400 0.01497300
v -0.02286800 0.03007200 0.03044900
v -0.02887700 0.01439000 0.01497300
v -0.03360600 0.01668300 0.03044900
v -0.04238200 -0.00002500 0.05827800
v 0.04246600 -0.00026000 0.04391300
v 0.04166700 0.01925600 0.07391300
v 0.04031500 0.01861000 0.05827800
v -0.02758700 -0.03590600 0.09099200
v -0.02479200 -0.03242000 0.04391300
v 0.02977400 0.03561600 0.09099200
v -0.00903600 -0.04396400 0.07391300
v -0.00822500 -0.04045500 0.04391300
v 0.01117000 -0.04486500 0.09099200
v -0.00909100 0.04462100 0.09093800
v -0.00800200 0.04022000 0.04390600
v -0.02685100 0.03509500 0.07391300
v -0.02591900 0.03392000 0.05827800
v 0.04233900 -0.02014900 0.09099200
v -0.03937300 0.01948000 0.07391300
v -0.03802400 0.01882600 0.05827800
v -0.04429800 0.00372400 0.09710300
v -0.04424200 0.00097900 0.08224700
v 0.04648400 -0.00401400 0.09710300
v -0.04139100 0.01629900 0.09710300
v 0.04357700 -0.01658900 0.09710300
v -0.03004900 0.03310300 0.09710300
v -0.03812400 0.02303500 0.09710300
v 0.03223500 -0.03339400 0.09710300
v 0.04031000 -0.02332500 0.09710300
v -0.01258100 0.04333100 0.09709000
v -0.02418600 0.03775800 0.09710200
v 0.01472500 -0.04361300 0.09710300
v 0.02636900 -0.03804500 0.09710300
v 0.00773600 0.04515100 0.09721300
v -0.00529900 0.04518700 0.09721300
v -0.00548500 -0.04522300 0.09710300
v 0.00742200 -0.04525900 0.09710300
v 0.02658200 0.03761700 0.09710200
v 0.01500800 0.04325500 0.09709000
v -0.02439200 -0.03790500 0.09710300
v -0.01277900 -0.04353700 0.09710300
v 0.04043800 0.02281800 0.09710300
v 0.03241900 0.03293100 0.09710300
v -0.03825100 -0.02310800 0.09710300
v -0.03023200 -0.03322100 0.09710300
v 0.04650500 0.00347200 0.09710300
v 0.04366700 0.01606300 0.09710300
v -0.04431800 -0.00376300 0.09710300
v -0.04148100 -0.01635400 0.09710300
v -0.03207100 -0.01487100 0.02328100
v -0.02754300 -0.01088100 0.00890800
v 0.02972900 0.01059100 0.00890800
v -0.02004900 -0.02224300 0.00890800
v 0.02458400 0.02751200 0.02328100
v 0.02223500 0.02195200 0.00890800
v -0.00836700 -0.02922800 0.00890800
v 0.01055400 0.02893700 0.00890800
v 0.00807000 -0.03575500 0.02328100
v 0.00518800 -0.03045200 0.00890800
v -0.00302500 0.03056500 0.00922600
v 0.02283000 -0.02920100 0.02328100
v 0.01793200 -0.02567400 0.00890800
v -0.01574600 0.02538400 0.00890800
v 0.03328400 -0.01689300 0.02328100
v 0.02734100 -0.01584000 0.00890800
v -0.02515500 0.01555000 0.00890800
v -0.02938000 -0.00272900 0.00890800
v 0.03156600 0.00243800 0.00890800
v -0.02524100 -0.01569500 0.00890800
v 0.02742800 0.01540400 0.00890800
v -0.01588700 -0.02558100 0.00890800
v 0.01807300 0.02529000 0.00890800
v -0.00316900 -0.03042900 0.00890800
v 0.00538100 0.03054200 0.00922600
v 0.01039300 -0.02927900 0.00890800
v -0.00820600 0.02898900 0.00890800
v 0.02211300 -0.02235900 0.00890800
v -0.01992600 0.02206900 0.00890800
v 0.03155200 -0.00289700 0.00890800
v 0.02966900 -0.01103900 0.00890800
v -0.02936500 0.00260700 0.00890800
v -0.02748300 0.01074900 0.00890800
v -0.03518200 -0.00106600 0.02328100
v -0.03890000 -0.00105100 0.03716800
v 0.03736800 0.00077600 0.02328100
v 0.04108600 0.00076100 0.03716800
v 0.04343100 0.00074500 0.05096800
v 0.04529300 0.00073400 0.06594100
v 0.04643300 0.00072800 0.08224700
v -0.03937800 -0.02060400 0.08224700
v -0.03921200 -0.01830800 0.06594100
v -0.03666600 -0.01931700 0.05096800
v -0.03542300 -0.01647900 0.03716800
v 0.04156400 0.02031400 0.08224700
v 0.03673200 0.01802300 0.03716800
v 0.03885200 0.01902700 0.05096800
v -0.02805100 -0.03488900 0.08224700
v -0.02734000 -0.03399700 0.06594100
v -0.02472000 -0.03070600 0.03716800
v 0.03023800 0.03459800 0.08224700
v 0.02532000 0.03168700 0.03716800
v -0.00814500 -0.04454300 0.08224700
v -0.00890400 -0.03887900 0.03716800
v 0.01242500 0.04387600 0.08214200
v 0.00910800 0.03904400 0.03715700
v 0.01008500 -0.04459300 0.08224700
v 0.00983200 -0.04348200 0.06594100
v 0.01087600 -0.03893400 0.03716800
v -0.00805100 0.04453800 0.08221400
v -0.00787700 0.03501600 0.02328100
v 0.03004500 -0.03504900 0.08224700
v 0.02776900 -0.03539800 0.06594100
v 0.02818600 -0.03269200 0.05096800
v 0.02514400 -0.03211100 0.03716800
v -0.02785900 0.03475900 0.08224700
v -0.02455000 0.03055800 0.03716800
v -0.02600000 0.03240100 0.05096800
v 0.04145100 -0.02082800 0.08224700
v 0.04042300 -0.02033300 0.06594100
v 0.03962500 -0.01771300 0.05096800
v 0.03663100 -0.01851100 0.03716800
v -0.04013600 0.01874100 0.08224700
v -0.03533200 0.01639100 0.03716800
v -0.03743800 0.01742300 0.05096800
v -0.04123900 0.00097900 0.05096800
v -0.02618000 -0.03254100 0.05096800
v 0.02836600 0.03225100 0.05096800
v -0.00942300 -0.04116600 0.05096800
v 0.01160900 0.04090300 0.05091800
v 0.00941700 -0.04166700 0.05096800
v -0.00723100 0.04140900 0.05090500
v -0.04310100 0.00097900 0.06594100
v 0.03337600 0.01642400 0.02328100
v -0.02080400 -0.02908100 0.02328100
v -0.00608100 -0.03571600 0.02328100
v 0.00826900 0.03561500 0.02339100
v -0.00670500 0.03908800 0.03715700
v -0.02224400 0.02764200 0.02328100
v -0.03198900 0.01476400 0.02328100
v 0.04053400 0.01982500 0.06594100
v 0.02796400 0.03496100 0.06594100
v -0.00788500 -0.04343300 0.06594100
v 0.01010800 0.04329900 0.06567000
v -0.00963600 0.04287000 0.06572700
v -0.02715300 0.03386300 0.06594100
v -0.03911100 0.01824000 0.06594100
v -0.04200000 0.00525400 0.08937400
v 0.04418700 -0.00554500 0.08937400
v -0.03027200 -0.01009600 0.01720200
v 0.03245800 0.00980500 0.01720200
v -0.02284800 -0.02271900 0.01720200
v 0.02503400 0.02242900 0.01720200
v -0.01068300 -0.03087100 0.01720200
v 0.01286900 0.03058100 0.01720200
v 0.00381500 -0.03293800 0.01720200
v 0.01777400 -0.02850900 0.01720200
v -0.01558700 0.02821900 0.01720200
v 0.02842900 -0.01846300 0.01720200
v -0.02624200 0.01817300 0.01720200
v -0.03150800 -0.00460800 0.01720200
v -0.03501100 -0.00467600 0.03106900
v -0.03973700 -0.00496900 0.05857900
v -0.04119700 -0.00506300 0.07404300
v 0.03369400 0.00431800 0.01720200
v 0.03719800 0.00438600 0.03106900
v 0.04192300 0.00467900 0.05857900
v 0.04338300 0.00477300 0.07404300
v -0.03552000 -0.02350600 0.08937400
v -0.03921900 -0.01384100 0.07404300
v -0.03180600 -0.02120100 0.04434000
v -0.03346500 -0.01153700 0.03106900
v 0.03770600 0.02321500 0.08937400
v 0.04140500 0.01355000 0.07404300
v 0.03399200 0.02091100 0.04434000
v 0.03565200 0.01124700 0.03106900
v -0.02175800 -0.03707800 0.08937400
v -0.02928500 -0.02997500 0.07404300
v -0.01941200 -0.03339000 0.04434000
v -0.02510000 -0.02540400 0.03106900
v 0.02396600 0.03679600 0.08937100
v 0.03147100 0.02968500 0.07404300
v 0.02159800 0.03310000 0.04434000
v 0.02728600 0.02511300 0.03106900
v -0.00347100 -0.04333500 0.08937400
v -0.01333400 -0.04020100 0.07404300
v -0.00295700 -0.03899500 0.04434000
v -0.01154700 -0.03426700 0.03106900
v 0.01604600 0.04066500 0.08936500
v 0.01560500 0.03992800 0.07400800
v 0.00514100 0.03869300 0.04428300
v 0.01373300 0.03397700 0.03106900
v 0.01572100 -0.04103800 0.08937400
v 0.00547500 -0.04249400 0.07404300
v 0.01430000 -0.03690500 0.04434000
v 0.00451000 -0.03637200 0.03106900
v -0.01363400 0.04074700 0.08936500
v 0.00681800 0.06556500 0.05317600
v -0.01211400 0.03661500 0.04433900
v -0.01135800 0.03404600 0.03106900
v 0.03201500 -0.03064200 0.08937400
v 0.02341500 -0.03639900 0.07404300
v 0.02894200 -0.02753400 0.04434000
v 0.01989000 -0.03130200 0.03106900
v -0.02982900 0.03035100 0.08937400
v -0.02124600 0.03611500 0.07404000
v -0.02675500 0.02724400 0.04434000
v -0.01770300 0.03101200 0.03106900
v 0.04218500 -0.01420500 0.08937400
v 0.03693500 -0.02312400 0.07404300
v 0.03806700 -0.01273900 0.04434000
v 0.03154700 -0.02006100 0.03106900
v -0.03999800 0.01391500 0.08937400
v -0.03474800 0.02283300 0.07404300
v -0.03588100 0.01244800 0.04434000
v -0.02936000 0.01977100 0.03106900
v -0.03765700 0.00476500 0.04434000
v 0.03984300 -0.00505600 0.04434000
v -0.03786000 -0.01329900 0.05857900
v 0.04004600 0.01300900 0.05857900
v -0.02829500 -0.02889800 0.05857900
v 0.03048100 0.02860700 0.05857900
v -0.01290900 -0.03880100 0.05857900
v 0.01509800 0.03852600 0.05854900
v 0.00525000 -0.04104900 0.05857900
v -0.00306600 0.04084600 0.05850900
v 0.02258500 -0.03519400 0.05857900
v -0.02040000 0.03490700 0.05857700
v 0.03566400 -0.02239800 0.05857900
v -0.03347800 0.02210800 0.05857900
v -0.04203000 -0.00530700 0.08937400
v -0.04116900 0.00500600 0.07404300
v 0.04421600 0.00501600 0.08937400
v 0.04335500 -0.00529700 0.07404300
v -0.02634300 -0.01831200 0.01720200
v -0.02947000 -0.01989300 0.03106900
v 0.02852900 0.01802100 0.01720200
v 0.03165600 0.01960200 0.03106900
v -0.01574400 -0.02841700 0.01720200
v -0.01787500 -0.03119800 0.03106900
v 0.01793000 0.02812600 0.01720200
v 0.02006200 0.03090700 0.03106900
v -0.00181000 -0.03292200 0.01720200
v -0.00252400 -0.03635300 0.03106900
v -0.00433500 0.04910800 0.09854200
v 0.00467900 0.03611100 0.03029300
v 0.01269900 -0.03093600 0.01720200
v 0.01354400 -0.03433600 0.03106900
v -0.01051300 0.03064600 0.01720200
v 0.00446900 0.05239600 0.03694500
v 0.02490900 -0.02285100 0.01720200
v 0.02714600 -0.02554800 0.03106900
v -0.02272300 0.02256100 0.01720200
v -0.02496000 0.02525700 0.03106900
v 0.03240200 -0.01026900 0.01720200
v 0.03558800 -0.01172800 0.03106900
v -0.03021600 0.00997900 0.01720200
v -0.03340200 0.01143800 0.03106900
v -0.03148300 0.00449800 0.01720200
v -0.03498600 0.00458500 0.03106900
v -0.03768400 -0.00484100 0.04434000
v -0.03971000 0.00490400 0.05857900
v 0.03366900 -0.00478900 0.01720200
v 0.03717200 -0.00487600 0.03106900
v 0.03987000 0.00455100 0.04434000
v 0.04189600 -0.00519500 0.05857900
v -0.04007600 -0.01397800 0.08937400
v -0.03487500 -0.02292500 0.07404300
v -0.03360000 -0.02220700 0.05857900
v -0.03595000 -0.01253400 0.04434000
v 0.04226200 0.01368700 0.08937400
v 0.03706100 0.02263500 0.07404300
v 0.03578700 0.02191600 0.05857900
v 0.03813600 0.01224400 0.04434000
v -0.02999700 -0.03047000 0.08937400
v -0.02142900 -0.03627500 0.07404300
v -0.02059200 -0.03507500 0.05857900
v -0.02690600 -0.02738000 0.04434000
v 0.03218300 0.03018000 0.08937400
v 0.02363200 0.03599100 0.07404000
v 0.02277900 0.03478800 0.05857700
v 0.02909300 0.02708900 0.04434000
v -0.01376000 -0.04095700 0.08937400
v -0.00352300 -0.04246900 0.07404300
v -0.00328900 -0.04102500 0.05857900
v -0.01231700 -0.03683100 0.04434000
v 0.00682800 0.05861500 0.10161800
v 0.00436900 0.04100100 0.02738400
v 0.00547900 0.04082200 0.05850900
v 0.01450300 0.03654100 0.04433900
v 0.00541800 -0.04336000 0.08937400
v 0.01529800 -0.04028100 0.07404300
v 0.01488200 -0.03887800 0.05857900
v 0.00492800 -0.03901700 0.04434000
v -0.01319700 0.04000800 0.07400800
v -0.01269800 0.03860300 0.05854900
v -0.00274000 0.03871500 0.04428300
v 0.02374000 -0.03720400 0.08937400
v 0.03130600 -0.03014300 0.07404300
v 0.03032200 -0.02906000 0.05857900
v 0.02141400 -0.03350300 0.04434000
v -0.02157500 0.03692200 0.08937100
v -0.02911900 0.02985200 0.07404300
v -0.02813500 0.02876900 0.05857900
v -0.01922800 0.03321300 0.04434000
v 0.03757600 -0.02370800 0.08937400
v 0.04132900 -0.01406300 0.07404300
v 0.03997300 -0.01351500 0.05857900
v 0.03387500 -0.02138300 0.04434000
v -0.03539000 0.02341700 0.08937400
v -0.03914300 0.01377300 0.07404300
v -0.03778600 0.01322400 0.05857900
v -0.03168900 0.02109200 0.04434000
v -0.04126600 0.00964600 0.09465000
v 0.04345200 -0.00993700 0.09465000
v -0.03282300 0.02705500 0.09465000
v 0.03500900 -0.02734600 0.09465000
v -0.01769600 0.03907900 0.09464600
v 0.01984800 -0.03936800 0.09465000
v 0.00097300 -0.04362100 0.09465000
v 0.02009900 0.03897500 0.09464600
v -0.01787900 -0.03926300 0.09465000
v 0.03515900 0.02686800 0.09465000
v -0.03297300 -0.02715800 0.09465000
v 0.04350600 0.00941200 0.09465000
v -0.04131900 -0.00970200 0.09465000
v -0.02951700 -0.00704300 0.01185900
v 0.03170300 0.00675200 0.01185900
v -0.02349300 -0.01964100 0.01185900
v 0.02567900 0.01935000 0.01185900
v -0.01259900 -0.02837800 0.01185900
v 0.01478500 0.02808700 0.01185900
v 0.00100600 -0.03152300 0.01185900
v -0.00662100 0.05848700 0.09536100
v 0.01462900 -0.02845300 0.01185900
v -0.01244300 0.02816200 0.01185900
v 0.02557100 -0.01977700 0.01185900
v -0.02338500 0.01948600 0.01185900
v 0.03166500 -0.00721200 0.01185900
v -0.02947800 0.00692100 0.01185900
v -0.04298700 0.00513200 0.09525800
v -0.04284800 0.00279100 0.08204500
v 0.04517300 -0.00542200 0.09525800
v 0.04503400 -0.00308100 0.08204500
v -0.03194300 -0.01281400 0.02391100
v -0.02865600 -0.00977500 0.01102200
v 0.03412900 0.01252300 0.02391100
v 0.03084300 0.00948400 0.01102200
v -0.02317500 -0.02589300 0.02391100
v -0.02153200 -0.02172900 0.01102200
v 0.02536100 0.02560300 0.02391100
v 0.02371900 0.02143800 0.01102200
v -0.00960000 -0.03387300 0.02391100
v -0.00992700 -0.02940800 0.01102200
v 0.01178600 0.03358200 0.02391100
v 0.01211300 0.02911800 0.01102200
v 0.00609300 -0.03517200 0.02391100
v 0.00386100 -0.03129200 0.01102200
v 0.00641400 0.05727600 0.04218500
v -0.00232200 0.04085100 0.01867100
v 0.02079500 -0.02953400 0.02391100
v 0.01710100 -0.02700600 0.01102200
v -0.01860900 0.02924400 0.02391100
v -0.01491500 0.02671600 0.01102200
v 0.03159500 -0.01807500 0.02391100
v 0.02717000 -0.01740100 0.01102200
v -0.02940900 0.01778500 0.02391100
v -0.02498400 0.01711000 0.01102200
v -0.02991100 -0.00420600 0.01102200
v -0.03418400 -0.00287000 0.02391100
v -0.03756200 -0.00285400 0.03746000
v -0.03989400 -0.00284300 0.05118200
v -0.04174300 -0.00284000 0.06608300
v -0.04286300 -0.00283800 0.08204500
v 0.03209800 0.00391500 0.01102200
v 0.03637000 0.00258000 0.02391100
v 0.03974800 0.00256300 0.03746000
v 0.04208000 0.00255300 0.05118200
v 0.04392900 0.00254900 0.06608300
v 0.04505000 0.00254800 0.08204500
v -0.03734200 -0.02164300 0.08204500
v -0.03646400 -0.02381800 0.09525800
v -0.03977000 -0.01656500 0.08204500
v -0.03875900 -0.01608300 0.06608300
v -0.03255900 -0.01935700 0.03746000
v -0.03466500 -0.02036000 0.05118200
v -0.03498800 -0.01427800 0.03746000
v 0.03952800 0.02135300 0.08204500
v 0.03865000 0.02352700 0.09525800
v 0.04195600 0.01627500 0.08204500
v 0.04094500 0.01579300 0.06608300
v 0.03474500 0.01906700 0.03746000
v 0.03685100 0.02006900 0.05118200
v 0.03717400 0.01398700 0.03746000
v -0.02420800 -0.03619100 0.08204500
v -0.02247300 -0.03776900 0.09525800
v -0.02859900 -0.03266900 0.08204500
v -0.02789700 -0.03179600 0.06608300
v -0.02089100 -0.03205600 0.03746000
v -0.02235300 -0.03387200 0.05118200
v -0.02528300 -0.02853300 0.03746000
v 0.02639800 0.03590800 0.08204400
v 0.02466800 0.03748600 0.09525500
v 0.03078500 0.03237900 0.08204500
v 0.03008300 0.03150600 0.06608300
v 0.02307700 0.03176500 0.03746000
v 0.02453900 0.03358300 0.05118300
v 0.02746900 0.02824300 0.03746000
v -0.00606300 -0.04359900 0.08204500
v -0.00381500 -0.04426800 0.09525800
v -0.01154700 -0.04233100 0.08204500
v -0.01129300 -0.04124000 0.06608300
v -0.00486800 -0.03843400 0.03746000
v -0.00539700 -0.04070500 0.05118200
v -0.01035400 -0.03716600 0.03746000
v 0.01610100 0.04165400 0.09525100
v 0.01387800 0.04206400 0.08200300
v 0.01351300 0.04100100 0.06598900
v 0.00704000 0.03808000 0.03719900
v 0.00758400 0.04043900 0.05114300
v 0.01254000 0.03687500 0.03746000
v 0.01350000 -0.04240000 0.08204500
v 0.01581500 -0.04202800 0.09525800
v 0.00800900 -0.04363800 0.08204500
v 0.00776400 -0.04254500 0.06608300
v 0.01233500 -0.03722900 0.03746000
v 0.01284400 -0.03950500 0.05118200
v 0.00684200 -0.03846600 0.03746000
v -0.01145800 0.04213400 0.08200300
v -0.01368300 0.04173600 0.09525100
v -0.00195600 0.04101900 0.02738400
v -0.00561200 0.04253600 0.06589500
v -0.01014900 0.03693800 0.03746000
v -0.01065700 0.03922600 0.05116000
v -0.00941300 0.03364100 0.02391100
v 0.03060500 -0.03283300 0.08204500
v 0.03252900 -0.03149300 0.09525800
v 0.02619500 -0.03633000 0.08204500
v 0.02550000 -0.03545100 0.06608300
v 0.02731200 -0.02867800 0.03746000
v 0.02875700 -0.03050800 0.05118200
v 0.02290000 -0.03217700 0.03746000
v -0.02841900 0.03254200 0.08204500
v -0.03034300 0.03120200 0.09525800
v -0.02401200 0.03604700 0.08204400
v -0.02331400 0.03516500 0.06608300
v -0.02512600 0.02838800 0.03746000
v -0.02657100 0.03021800 0.05118200
v -0.02071400 0.03188600 0.03746000
v 0.04186500 -0.01679100 0.08204500
v 0.04301700 -0.01474900 0.09525800
v 0.03940900 -0.02185600 0.08204500
v 0.03840100 -0.02136500 0.06608300
v 0.03709500 -0.01447700 0.03746000
v 0.03919200 -0.01549800 0.05118200
v 0.03463800 -0.01954300 0.03746000
v -0.03967900 0.01650100 0.08204500
v -0.04083100 0.01445800 0.09525800
v -0.03722200 0.02156500 0.08204500
v -0.03621500 0.02107500 0.06608300
v -0.03490900 0.01418700 0.03746000
v -0.03700600 0.01520800 0.05118200
v -0.03245200 0.01925300 0.03746000
v -0.03987900 0.00277900 0.05118200
v -0.03754700 0.00277700 0.03746000
v 0.04206500 -0.00307000 0.05118200
v 0.03973300 -0.00306700 0.03746000
v -0.03709000 -0.01528700 0.05118200
v 0.03927600 0.01499700 0.05118200
v -0.02673900 -0.03035500 0.05118200
v 0.02892500 0.03006400 0.05118200
v -0.01087500 -0.03943900 0.05118200
v 0.01306100 0.03916000 0.05116000
v 0.00735900 -0.04074000 0.05118200
v -0.00517300 0.04047400 0.05114300
v 0.02435200 -0.03400100 0.05118200
v -0.02216600 0.03371200 0.05118300
v 0.03673900 -0.02055700 0.05118200
v -0.03455200 0.02026600 0.05118200
v -0.04301600 -0.00517800 0.09525800
v -0.04172800 0.00278600 0.06608300
v 0.04520200 0.00488800 0.09525800
v 0.04391400 -0.00307700 0.06608300
v -0.02507900 -0.01725600 0.01102200
v -0.02950800 -0.01790600 0.02391100
v 0.02726500 0.01696600 0.01102200
v 0.03169400 0.01761600 0.02391100
v -0.01506300 -0.02691700 0.01102200
v -0.01877100 -0.02942500 0.02391100
v 0.01724900 0.02662700 0.01102200
v 0.02095700 0.02913400 0.02391100
v -0.00184700 -0.03127600 0.01102200
v -0.00410000 -0.03514400 0.02391100
v 0.00636100 0.03738800 0.02650600
v 0.01195100 -0.02946900 0.01102200
v 0.01160000 -0.03393100 0.02391100
v -0.00976500 0.02917800 0.01102200
v -0.00464300 0.03811200 0.03719900
v 0.02359900 -0.02185400 0.01102200
v 0.02521800 -0.02602700 0.02391100
v -0.02141300 0.02156300 0.01102200
v -0.02303200 0.02573600 0.02391100
v 0.03078900 -0.00993900 0.01102200
v 0.03405900 -0.01299600 0.02391100
v -0.02860300 0.00964900 0.01102200
v -0.03187200 0.01270600 0.02391100
v -0.03416800 0.00277500 0.02391100
v -0.02988800 0.00408700 0.01102200
v 0.03635400 -0.00306500 0.02391100
v 0.03207500 -0.00437700 0.01102200
v -0.04091100 -0.01451700 0.09525800
v -0.03633200 -0.02115900 0.06608300
v 0.04309800 0.01422600 0.09525800
v 0.03851800 0.02086800 0.06608300
v -0.03051600 -0.03131800 0.09525800
v -0.02350800 -0.03531600 0.06608300
v 0.03270200 0.03102800 0.09525800
v 0.02569600 0.03502900 0.06608300
v -0.01386000 -0.04194600 0.09525800
v -0.00581200 -0.04250700 0.06608300
v 0.00124000 0.05308700 0.09077500
v -0.00433500 0.04162500 0.02621700
v 0.00803400 0.04249800 0.06589500
v 0.00575700 -0.04429400 0.09525800
v 0.01325200 -0.04130800 0.06608300
v -0.01109900 0.04106900 0.06598900
v 0.02445100 -0.03789900 0.09525800
v 0.02990800 -0.03195600 0.06608300
v -0.02227300 0.03761600 0.09525500
v -0.02772200 0.03166500 0.06608300
v 0.03851800 -0.02402500 0.09525800
v 0.04085600 -0.01630300 0.06608300
v -0.03633200 0.02373500 0.09525800
v -0.03867000 0.01601300 0.06608300
v -0.03948100 -0.01954700 0.07391300
v -0.03623200 -0.01799300 0.04391300
v -0.02303500 -0.03023000 0.03044900
v 0.02923100 0.03494000 0.07391300
v 0.02697800 0.03213000 0.04391300
v 0.02522100 0.02993900 0.03044900
v -0.00759200 -0.03771900 0.03044900
v 0.01132800 0.04380800 0.07369200
v 0.01041100 0.04016900 0.04390600
v 0.01018800 -0.04050600 0.04391300
v 0.00957100 -0.03776600 0.03044900
v -0.00889900 0.04386300 0.07369200
v -0.00738400 0.03747600 0.03044900
v 0.02903700 -0.03538500 0.07391300
v 0.02679900 -0.03256300 0.04391300
v 0.03831900 -0.01819900 0.04391300
v -0.04028000 -0.00003100 0.04391300
v -0.03812900 -0.01890000 0.05827800
v 0.02829300 0.03377000 0.05827800
v -0.00869800 -0.04250300 0.05827800
v 0.01088900 0.04230600 0.05810400
v -0.00846800 0.04235900 0.05810400
v 0.02810500 -0.03421000 0.05827800
v 0.04021100 -0.01911700 0.05827800
v 0.04642800 -0.00126900 0.08224700
v 0.03425800 0.01458100 0.02328100
v -0.02239800 -0.02780300 0.02328100
v -0.00807100 -0.03525600 0.02328100
v 0.01025700 0.03496500 0.02328100
v -0.00588500 0.03565400 0.02339100
v -0.02064400 0.02891100 0.02328100
v -0.03109800 0.01660200 0.02328100
v -0.04124500 -0.00103500 0.05096800
v -0.04310700 -0.00102500 0.06594100
v -0.04424700 -0.00101800 0.08224700
v -0.04024000 -0.01880300 0.08224700
v -0.03454600 -0.01831400 0.03716800
v 0.04242600 0.01851200 0.08224700
v 0.04139900 0.01801700 0.06594100
v 0.03760900 0.01618900 0.03716800
v -0.02649300 -0.03613800 0.08224700
v -0.02313400 -0.03197800 0.03716800
v -0.02460800 -0.03380100 0.05096800
v 0.02868100 0.03585000 0.08224700
v 0.02952700 0.03370700 0.06594100
v 0.02679500 0.03351100 0.05096800
v 0.02690600 0.03041500 0.03716800
v -0.01009000 -0.04409300 0.08224700
v -0.00983700 -0.04298100 0.06594100
v -0.00692300 -0.03933700 0.03716800
v -0.00746000 -0.04162000 0.05096800
v 0.01206000 0.04281000 0.06572700
v 0.00964700 0.04136300 0.05090500
v 0.01109000 0.03858900 0.03716800
v 0.01203400 -0.04415400 0.08224700
v 0.01138200 -0.04122400 0.05096800
v 0.00889200 -0.03938100 0.03716800
v -0.00999600 0.04393800 0.08214200
v -0.00768200 0.04334800 0.06567000
v -0.00868900 0.03864300 0.03716800
v -0.00919600 0.04096000 0.05091800
v 0.02848000 -0.03629000 0.08224700
v 0.02673700 -0.03084800 0.03716800
v -0.02629500 0.03600200 0.08224700
v -0.02558300 0.03510900 0.06594100
v -0.02295700 0.03182100 0.03716800
v 0.04232200 -0.01903100 0.08224700
v 0.03751900 -0.01668100 0.03716800
v -0.03926400 0.02053700 0.08224700
v -0.03823700 0.02004300 0.06594100
v -0.03444500 0.01822000 0.03716800
v -0.03889400 0.00098200 0.03716800
v 0.04342600 -0.00126900 0.05096800
v 0.04108000 -0.00127200 0.03716800
v -0.03753500 -0.01750000 0.05096800
v 0.03972100 0.01720900 0.05096800
v 0.02660800 -0.03394300 0.05096800
v -0.02442200 0.03365300 0.05096800
v 0.03874600 -0.01952500 0.05096800
v -0.03655900 0.01923500 0.05096800
v 0.04528700 -0.00126900 0.06594100
v -0.03119000 -0.01671400 0.02328100
v 0.02299000 0.02879000 0.02328100
v 0.01006300 -0.03530600 0.02328100
v 0.02443100 -0.02793200 0.02328100
v 0.03417600 -0.01505500 0.02328100
v -0.03517700 0.00097600 0.02328100
v 0.03736300 -0.00126700 0.02328100
v -0.03834800 -0.02011500 0.06594100
v -0.02577700 -0.03525000 0.06594100
v 0.01048400 0.04448700 0.08221400
v 0.01178600 -0.04304100 0.06594100
v 0.02933900 -0.03415400 0.06594100
v 0.04129700 -0.01853000 0.06594100
v 0.00916900 0.06428300 0.09902700
v -0.00662600 0.06432700 0.09902700
v 0.00127200 0.06469300 0.10259000
v 0.00915200 0.06908200 0.09555900
v -0.00424500 0.07079000 0.10003100
v 0.00675200 0.04159400 0.02621700
v -0.00658300 0.06912500 0.09555900
v 0.00913200 0.05844400 0.09536100
v 0.00904200 0.07480100 0.09487400
v -0.00644200 0.07484400 0.09487400
v 0.00130600 0.07692200 0.09745700
v -0.00631400 0.07631800 0.08916500
v 0.00892300 0.07627600 0.08916500
v -0.00400900 0.08049400 0.09185600
v 0.00664100 0.08046500 0.09185600
v 0.00682300 0.07075900 0.10003100
v 0.00869500 0.08034900 0.08519000
v -0.00606400 0.08039000 0.08519000
v 0.00132500 0.08368800 0.08612600
v 0.00633000 0.08311400 0.07941100
v -0.00593300 0.07825100 0.07945300
v -0.00368300 0.08314200 0.07941100
v 0.00826100 0.07963100 0.07365400
v -0.00563400 0.07967000 0.07365400
v 0.00132200 0.08279200 0.07274400
v -0.00554800 0.07565200 0.06927900
v 0.00815400 0.07561400 0.06927900
v -0.00337200 0.07972100 0.06696000
v 0.00600000 0.07969500 0.06696000
v 0.00855300 0.07821100 0.07945300
v 0.00783100 0.07491700 0.06256200
v -0.00523000 0.07495300 0.06256200
v 0.00130800 0.07741700 0.06053600
v -0.00431700 0.05864600 0.10161800
v 0.00679300 0.04907700 0.09854200
v -0.00671300 0.04873400 0.08882800
v 0.00916900 0.04869100 0.08882800
v 0.00124100 0.05338400 0.10184700
v -0.00661800 0.05326400 0.09655200
v 0.00910000 0.05322000 0.09655200
v -0.00408700 0.04835600 0.02845300
v 0.00654100 0.04832700 0.02845300
v 0.00123000 0.04931500 0.02512200
v 0.00473500 0.04083100 0.01867100
v 0.00682900 0.05305400 0.03606800
v 0.00503100 0.05557600 0.03242900
v -0.00253700 0.05559700 0.03242900
v -0.00434900 0.05308500 0.03606800
v -0.00514300 0.06995900 0.05831500
v -0.00472500 0.06227600 0.04686200
v -0.00308100 0.07326300 0.05511400
v -0.00279900 0.06521300 0.04354300
v 0.00567300 0.07323900 0.05511400
v 0.00534700 0.06519000 0.04354300
v 0.00771600 0.06992400 0.05831500
v 0.00725600 0.06224300 0.04686200
v -0.00441400 0.05930600 0.03974300
v -0.00480800 0.06783600 0.05083100
v 0.00126300 0.06120500 0.03740700
v 0.00128700 0.06996000 0.04858800
v 0.00692800 0.05927500 0.03974300
v 0.00737000 0.06780200 0.05083100
v -0.00338900 0.04865000 0.08648200
v -0.00575900 0.05311300 0.09101600
v -0.00590900 0.04546500 0.08101400
v 0.00584500 0.04862500 0.08648200
v 0.00834700 0.04542600 0.08101400
v 0.00824000 0.05307500 0.09101600
v 0.00121900 0.04531100 0.08082600
v -0.00335100 0.04328900 0.07374200
v 0.00577700 0.04326400 0.07374200
v -0.00396700 0.03741700 0.02650600
v 0.00611500 0.04710500 0.03175000
v 0.00119500 0.03654500 0.02607100
v -0.00229200 0.03613000 0.03029300
v 0.00122300 0.04686900 0.03171500
v 0.00723700 0.07232400 0.06468000
v 0.00501600 0.06910400 0.05911500
v 0.00759600 0.07635000 0.07460600
v 0.00528000 0.07460300 0.06985900
v 0.00793600 0.07688100 0.08421200
v 0.00551100 0.07699500 0.07946300
v 0.00820800 0.07260900 0.09217300
v 0.00571900 0.07523900 0.08849200
v 0.00830300 0.06387900 0.09530100
v 0.00584700 0.06867300 0.09444100
v 0.00582700 0.05841200 0.09379700
v 0.00125200 0.05720300 0.04229100
v -0.00199200 0.05241400 0.03694500
v 0.00127500 0.06548300 0.05327800
v -0.00220600 0.06153400 0.04769200
v 0.00129300 0.07222700 0.06477300
v -0.00244700 0.06912400 0.05911500
v 0.00130400 0.07622400 0.07464800
v -0.00268000 0.07462500 0.06985900
v 0.00130600 0.07674900 0.08416900
v -0.00289800 0.07701800 0.07946300
v 0.00129400 0.07253300 0.09205600
v -0.00311600 0.07526400 0.08849200
v 0.00127000 0.06388100 0.09513900
v -0.00328000 0.06869900 0.09444100
v -0.00331600 0.05843700 0.09379700
v -0.00391000 0.05730400 0.04218500
v -0.00426800 0.06559500 0.05317600
v -0.00465000 0.07235700 0.06468000
v -0.00498700 0.07638400 0.07460600
v -0.00532400 0.07691800 0.08421200
v -0.00561900 0.07264700 0.09217300
v -0.00576300 0.06391800 0.09530100
v 0.02072200 0.04032700 0.10511600
v 0.04497300 0.00974300 0.10511600
v -0.04273200 0.00998500 0.10511600
v -0.03415100 -0.02809300 0.10511600
v 0.00096900 -0.04512500 0.10511600
v 0.03618300 -0.02828700 0.10511600
v 0.00121700 0.04483500 0.10511600
v 0.03633800 0.02780200 0.10511600
v -0.04278700 -0.01003300 0.10511600
v -0.03399600 0.02799700 0.10511600
v 0.02049700 -0.04072500 0.10511600
v -0.01853500 -0.04061700 0.10511600
v -0.01831200 0.04043500 0.10511600
v 0.04491800 -0.01027500 0.10511600
v -0.04076600 0.00953100 0.08938000
v 0.04295200 -0.00982100 0.08938000
v -0.03242200 0.02673400 0.08938000
v 0.03460800 -0.02702500 0.08938000
v -0.01750000 0.03861600 0.08937600
v 0.01962700 -0.03890400 0.08938000
v 0.00097400 -0.04310800 0.08938000
v 0.01990100 0.03851300 0.08937600
v -0.01765500 -0.03880100 0.08938000
v 0.03475600 0.02654800 0.08938000
v -0.03257000 -0.02683900 0.08938000
v 0.04300500 0.00929900 0.08938000
v -0.04081800 -0.00958900 0.08938000
v -0.02497500 -0.00601900 0.00255800
v 0.02716100 0.00572900 0.00255800
v -0.01984500 -0.01674800 0.00255800
v 0.02203100 0.01645800 0.00255800
v -0.01056800 -0.02418900 0.00255800
v 0.01275400 0.02389800 0.00255800
v 0.00101900 -0.02686700 0.00255800
v 0.00116700 0.02657700 0.00255800
v 0.01262100 -0.02425300 0.00255800
v -0.01043400 0.02396200 0.00255800
v 0.02193900 -0.01686400 0.00255800
v -0.01975300 0.01657300 0.00255800
v 0.02712900 -0.00616300 0.00255800
v -0.02494200 0.00587300 0.00255800
v -0.03082400 -0.00733700 0.01728400
v -0.03400900 -0.00805500 0.03114600
v -0.03855600 -0.00908000 0.05861800
v -0.03996500 -0.00939700 0.07406300
v 0.03301000 0.00704700 0.01728400
v 0.03619500 0.00776500 0.03114600
v 0.04074300 0.00878900 0.05861800
v 0.04215100 0.00910700 0.07406300
v -0.02454300 -0.02047300 0.01728400
v -0.02710100 -0.02250200 0.03114600
v -0.03075300 -0.02539800 0.05861800
v -0.03188400 -0.02629500 0.07406300
v 0.02672900 0.02018300 0.01728400
v 0.02928700 0.02221200 0.03114600
v 0.03294000 0.02510800 0.05861800
v 0.03407100 0.02600500 0.07406300
v -0.01318400 -0.02958300 0.01728400
v -0.01460900 -0.03252100 0.03114600
v -0.01664300 -0.03671500 0.05861800
v -0.01727300 -0.03801400 0.07406300
v 0.01537000 0.02929300 0.01728400
v 0.01679500 0.03223100 0.03114600
v 0.01883000 0.03643100 0.05860700
v 0.01950900 0.03773100 0.07405100
v 0.00100300 -0.03286300 0.01728400
v 0.00099400 -0.03612700 0.03114600
v 0.00098100 -0.04078900 0.05861800
v 0.00097700 -0.04223200 0.07406300
v 0.00913900 0.05852600 0.09849000
v 0.00120600 0.04058400 0.05856500
v 0.00121300 0.04314500 0.07377500
v 0.01520700 -0.02966200 0.01728400
v 0.01661600 -0.03260700 0.03114600
v 0.01862700 -0.03681300 0.05861800
v 0.01924900 -0.03811500 0.07406300
v -0.01302100 0.02937100 0.01728400
v -0.01442900 0.03231700 0.03114600
v -0.01644200 0.03652800 0.05860700
v -0.01711300 0.03783200 0.07405100
v 0.02661600 -0.02061500 0.01728400
v 0.02916300 -0.02265800 0.03114600
v 0.03280000 -0.02557400 0.05861800
v 0.03392600 -0.02647700 0.07406300
v -0.02443000 0.02032400 0.01728400
v -0.02697700 0.02236700 0.03114600
v -0.03061300 0.02528300 0.05861800
v -0.03173900 0.02618700 0.07406300
v 0.03297000 -0.00751400 0.01728400
v 0.03615100 -0.00824900 0.03114600
v 0.04069300 -0.00929900 0.05861800
v 0.04209900 -0.00962400 0.07406300
v -0.03078400 0.00722300 0.01728400
v -0.03396500 0.00795900 0.03114600
v -0.03850600 0.00900800 0.05861800
v -0.03991300 0.00933300 0.07406300
v -0.00781300 0.01848000 0.00107400
v 0.01719800 -0.01306100 0.00107400
v -0.01501200 0.01277100 0.00107400
v 0.02120700 -0.00479500 0.00107400
v -0.01902100 0.00450400 0.00107400
v -0.01904600 -0.00468300 0.00107400
v 0.02123300 0.00439300 0.00107400
v -0.01508300 -0.01297200 0.00107400
v 0.01726900 0.01268200 0.00107400
v -0.00791600 -0.01872000 0.00107400
v 0.01010200 0.01843000 0.00107400
v 0.00103600 -0.02079000 0.00107400
v 0.00115000 0.02049900 0.00107400
v 0.00999900 -0.01877000 0.00107400
v 0.01877100 -0.00423200 0.00254700
v -0.01658500 0.00394100 0.00254700
v -0.01660700 -0.00413400 0.00254700
v 0.01879400 0.00384300 0.00254700
v -0.01312400 -0.01141900 0.00254700
v 0.01531000 0.01112800 0.00254700
v -0.00682500 -0.01647100 0.00254700
v 0.00901100 0.01618000 0.00254700
v 0.00104300 -0.01828900 0.00254700
v 0.00114300 0.01799900 0.00254700
v 0.00892000 -0.01651400 0.00254700
v -0.00673400 0.01622400 0.00254700
v 0.01524800 -0.01149700 0.00254700
v -0.01306100 0.01120700 0.00254700
v -0.00171700 -0.00077800 0.00297700
v 0.00390300 0.00048800 0.00297700
v -0.00116400 -0.00193500 0.00297700
v 0.00335000 0.00164400 0.00297700
v -0.00016400 -0.00273700 0.00297700
v 0.00235000 0.00244600 0.00297700
v 0.00108500 -0.00302600 0.00297700
v 0.00110100 0.00273500 0.00297700
v 0.00233600 -0.00274400 0.00297700
v -0.00014900 0.00245300 0.00297700
v 0.00334000 -0.00194700 0.00297700
v -0.00115400 0.00165700 0.00297700
v 0.00390000 -0.00079400 0.00297700
v -0.00171300 0.00050300 0.00297700
v 0.00095100 -0.00043800 0.00297700
v 0.00123500 0.00014800 0.00297700
v 0.00109200 -0.00047100 0.00297700
v 0.00109400 0.00018100 0.00297700
v 0.00123400 -0.00043900 0.00297700
v 0.00095300 0.00014900 0.00297700
v 0.00134700 -0.00034900 0.00297700
v 0.00083900 0.00005900 0.00297700
v 0.00141100 -0.00021900 0.00297700
v 0.00077600 -0.00007200 0.00297700
v 0.00077500 -0.00021700 0.00297700
v 0.00141100 -0.00007400 0.00297700
v 0.00083800 -0.00034800 0.00297700
v 0.00134900 0.00005700 0.00297700
v -0.00936200 0.00227100 0.00296100
v 0.01154800 -0.00256200 0.00296100
v -0.00727800 0.00656800 0.00296100
v 0.00946400 -0.00685900 0.00296100
v -0.00353600 0.00953600 0.00296100
v 0.00572200 -0.00982600 0.00296100
v 0.00112300 0.01058500 0.00296100
v 0.00106300 -0.01087600 0.00296100
v 0.00577600 0.00951000 0.00296100
v -0.00358900 -0.00980000 0.00296100
v 0.00950100 0.00652200 0.00296100
v -0.00731500 -0.00681200 0.00296100
v 0.01156100 0.00221400 0.00296100
v -0.00937500 -0.00250400 0.00296100
v -0.03652900 0.00855100 0.04439500
v 0.03871500 -0.00884200 0.04439500
v -0.02903000 0.02401400 0.04439500
v 0.03121600 -0.02430400 0.04439500
v -0.01556500 0.03469200 0.04439500
v 0.01775100 -0.03498200 0.04439500
v 0.00120000 0.03845600 0.04433100
v 0.00098600 -0.03875900 0.04439500
v 0.01794300 0.03459900 0.04439500
v -0.01575700 -0.03488900 0.04439500
v 0.03134900 0.02384700 0.04439500
v -0.02916300 -0.02413700 0.04439500
v 0.03876300 0.00834300 0.04439500
v -0.03657700 -0.00863400 0.04439500
v 0.00647500 0.04128600 0.02245200
v 0.00119300 0.03583600 0.03017700
v -0.04458700 0.00128700 0.09061600
v 0.04677300 -0.00157700 0.09061600
v -0.04297300 0.01004100 0.09932700
v 0.04515900 -0.01033100 0.09932700
v -0.03419000 0.02815200 0.09932700
v 0.03637600 -0.02844200 0.09932700
v -0.01842800 0.04065900 0.09932600
v 0.02060400 -0.04094800 0.09932700
v 0.00121900 0.04528800 0.09944000
v 0.00096800 -0.04537300 0.09932700
v 0.02084000 0.04055100 0.09932600
v -0.01864300 -0.04084000 0.09932700
v 0.03653200 0.02795600 0.09932700
v -0.03434500 -0.02824700 0.09932700
v 0.04521500 0.00979700 0.09932700
v -0.04302900 -0.01008700 0.09932700
v -0.02951300 -0.01344600 0.01535200
v 0.03169900 0.01315500 0.01535200
v -0.02071100 -0.02540800 0.01535200
v 0.02289800 0.02511800 0.01535200
v -0.00759100 -0.03236700 0.01535200
v 0.00977700 0.03207700 0.01535200
v 0.00725000 -0.03294400 0.01535200
v -0.00508800 0.03299000 0.01558900
v 0.02087100 -0.02702500 0.01535200
v -0.01868500 0.02673400 0.01535200
v 0.03057500 -0.01578100 0.01535200
v -0.02838800 0.01549100 0.01535200
v -0.02763300 -0.00661800 0.00668800
v 0.02981900 0.00632800 0.00668800
v -0.02198000 -0.01844100 0.00668800
v 0.02416600 0.01815100 0.00668800
v -0.01175600 -0.02664000 0.00668800
v 0.01394300 0.02635000 0.00668800
v 0.00101200 -0.02959100 0.00668800
v 0.00117600 0.02972300 0.00703200
v 0.01379600 -0.02671100 0.00668800
v -0.01161000 0.02642000 0.00668800
v 0.02406400 -0.01856800 0.00668800
v -0.02187800 0.01827800 0.00668800
v 0.02978300 -0.00677700 0.00668800
v -0.02759700 0.00648700 0.00668800
v -0.03226000 -0.00125700 0.01535200
v -0.03734900 -0.00105900 0.03049100
v -0.04225100 -0.00102900 0.05829600
v -0.04374900 -0.00102100 0.07391500
v 0.03444600 0.00096700 0.01535200
v 0.03953500 0.00076900 0.03049100
v 0.04443800 0.00073900 0.05829600
v 0.04593500 0.00073100 0.07391500
v -0.03955800 -0.02103100 0.09061600
v -0.03979100 -0.01858600 0.07391500
v -0.03567700 -0.01884900 0.04393900
v -0.03402500 -0.01580700 0.03049100
v 0.04174400 0.02074000 0.09061600
v 0.04197700 0.01829600 0.07391500
v 0.03786300 0.01855900 0.04393900
v 0.03621200 0.01551700 0.03049100
v -0.02647000 -0.03660000 0.09061600
v -0.02774100 -0.03449900 0.07391500
v -0.02392000 -0.03295100 0.04393900
v -0.02375200 -0.02949400 0.03049100
v 0.02865800 0.03631300 0.09061600
v 0.02992700 0.03420900 0.07391500
v 0.02610600 0.03266000 0.04393900
v 0.02593800 0.02920300 0.03049100
v -0.00792300 -0.04494900 0.09061600
v -0.00998000 -0.04360700 0.07391500
v -0.00720900 -0.04055500 0.04393900
v -0.00855800 -0.03736700 0.03049100
v 0.01276400 0.04410500 0.09057100
v 0.01227200 0.04342800 0.07373200
v 0.00939500 0.04026800 0.04393000
v 0.01074400 0.03707700 0.03049100
v 0.01240900 -0.04442400 0.09061600
v 0.00997400 -0.04410800 0.07391500
v 0.01114600 -0.04015500 0.04393900
v 0.00854800 -0.03786800 0.03049100
v -0.01033300 0.04416900 0.09057100
v -0.00789300 0.04400000 0.07370000
v -0.00896000 0.03986800 0.04393300
v -0.00835200 0.03712900 0.03049100
v 0.03050000 -0.03512900 0.09061600
v 0.02816900 -0.03590000 0.07391500
v 0.02751000 -0.03183100 0.04393900
v 0.02417700 -0.03089800 0.03049100
v -0.02831400 0.03483900 0.09061600
v -0.02598400 0.03561200 0.07391500
v -0.02532400 0.03154100 0.04393900
v -0.02199100 0.03060800 0.03049100
v 0.04276700 -0.01890600 0.09061600
v 0.04100200 -0.02061200 0.07391500
v 0.03864200 -0.01723100 0.04393900
v 0.03523400 -0.01783700 0.03049100
v -0.04058100 0.01861500 0.09061600
v -0.03881500 0.02032100 0.07391500
v -0.03645600 0.01694100 0.04393900
v -0.03304800 0.01754700 0.03049100
v -0.04014500 0.00098100 0.04393900
v 0.04233100 -0.00127100 0.04393900
v -0.03844100 -0.01793700 0.05829600
v 0.04062800 0.01764600 0.05829600
v -0.02680700 -0.03332800 0.05829600
v 0.02899300 0.03303800 0.05829600
v -0.00964600 -0.04214700 0.05829600
v 0.01183700 0.04193600 0.05815100
v 0.00964100 -0.04264800 0.05829600
v -0.00746000 0.04245600 0.05811300
v 0.02723600 -0.03473000 0.05829600
v -0.02505000 0.03444000 0.05829600
v 0.03965300 -0.01996200 0.05829600
v -0.03746600 0.01967100 0.05829600
v -0.04459400 -0.00132400 0.09061600
v -0.04374300 0.00097900 0.07391500
v 0.04678000 0.00103400 0.09061600
v 0.04593000 -0.00126900 0.07391500
v -0.02847400 -0.01561800 0.01535200
v -0.03314500 -0.01764800 0.03049100
v 0.03066100 0.01532800 0.01535200
v 0.03533100 0.01735700 0.03049100
v -0.01883300 -0.02691500 0.01535200
v -0.02216000 -0.03077000 0.03049100
v 0.02101900 0.02662400 0.01535200
v 0.02434700 0.03048000 0.03049100
v -0.00524500 -0.03290900 0.01535200
v -0.00657000 -0.03782700 0.03049100
v 0.00745700 0.03295500 0.01558900
v 0.00875400 0.03756400 0.03048600
v 0.00959900 -0.03241400 0.01535200
v 0.01053800 -0.03742000 0.03049100
v -0.00741300 0.03212400 0.01535200
v -0.00635900 0.03760500 0.03048600
v 0.02275800 -0.02552800 0.01535200
v 0.02577600 -0.02963000 0.03049100
v -0.02057100 0.02523800 0.01535200
v -0.02358900 0.02934000 0.03049100
v 0.03162500 -0.01361500 0.01535200
v 0.03612500 -0.01600100 0.03049100
v -0.02943900 0.01332400 0.01535200
v -0.03393800 0.01571100 0.03049100
v -0.03225300 0.00115100 0.01535200
v -0.03734300 0.00098100 0.03049100
v -0.04015100 -0.00104300 0.04393900
v -0.04224600 0.00097900 0.05829600
v 0.03443900 -0.00144100 0.01535200
v 0.03952900 -0.00127200 0.03049100
v 0.04233700 0.00075300 0.04393900
v 0.04443200 -0.00126900 0.05829600
v -0.04068400 -0.01867500 0.09061600
v -0.03892800 -0.02039100 0.07391500
v -0.03757500 -0.01974800 0.05829600
v -0.03655000 -0.01702300 0.04393900
v 0.04287000 0.01838400 0.09061600
v 0.04111400 0.02010000 0.07391500
v 0.03976200 0.01945800 0.05829600
v 0.03873600 0.01673300 0.04393900
v -0.02850700 -0.03496600 0.09061600
v -0.02618000 -0.03575000 0.07391500
v -0.02524000 -0.03458500 0.05829600
v -0.02549900 -0.03168500 0.04393900
v 0.03069300 0.03467600 0.09061600
v 0.02836800 0.03546200 0.07391500
v 0.02742700 0.03429500 0.05829600
v 0.02768500 0.03139400 0.04393900
v -0.01046700 -0.04436100 0.09061600
v -0.00803100 -0.04405800 0.07391500
v -0.00769000 -0.04260000 0.05829600
v -0.00918100 -0.04009900 0.04393900
v 0.01024700 0.04490400 0.09070000
v 0.01032400 0.04395000 0.07370000
v 0.00988100 0.04240800 0.05811300
v 0.01136700 0.03981200 0.04393300
v 0.00986200 -0.04499800 0.09061600
v 0.01192500 -0.04366800 0.07391500
v 0.01160000 -0.04220600 0.05829600
v 0.00917200 -0.04060000 0.04393900
v -0.00781100 0.04495400 0.09070000
v -0.00984400 0.04348900 0.07373200
v -0.00941800 0.04199500 0.05815100
v -0.00698600 0.04031300 0.04393000
v 0.02845500 -0.03675200 0.09061600
v 0.02973700 -0.03465800 0.07391500
v 0.02880900 -0.03348200 0.05829600
v 0.02592500 -0.03308800 0.04393900
v -0.02627000 0.03646500 0.09061600
v -0.02755000 0.03436700 0.07391500
v -0.02662300 0.03319200 0.05829600
v -0.02373800 0.03279800 0.04393900
v 0.04162800 -0.02125500 0.09061600
v 0.04187400 -0.01881200 0.07391500
v 0.04052900 -0.01815500 0.05829600
v 0.03775900 -0.01905200 0.04393900
v -0.03944200 0.02096400 0.09061600
v -0.03968800 0.01852200 0.07391500
v -0.03834200 0.01786500 0.05829600
v -0.03557300 0.01876200 0.04393900
v -0.04318000 0.00308400 0.08972800
v 0.04536600 -0.00337500 0.08972800
v -0.02999800 -0.01168300 0.01660200
v 0.03218500 0.01139200 0.01660200
v -0.02191300 -0.02403000 0.01660200
v 0.02410000 0.02374000 0.01660200
v -0.00927200 -0.03164700 0.01660200
v 0.01145800 0.03135700 0.01660200
v 0.00542300 -0.03302500 0.01660200
v -0.00662800 0.05857000 0.09849000
v 0.01926000 -0.02789000 0.01660200
v -0.01707400 0.02759900 0.01660200
v 0.02949900 -0.01726000 0.01660200
v -0.02731300 0.01697000 0.01660200
v -0.03194200 -0.00305800 0.01660200
v -0.03606200 -0.00285700 0.03085800
v -0.04089400 -0.00284100 0.05847400
v -0.04238000 -0.00283900 0.07399000
v 0.03412800 0.00276700 0.01660200
v 0.03824900 0.00256700 0.03085800
v 0.04308000 0.00255000 0.05847400
v 0.04456600 0.00254900 0.07399000
v -0.03751600 -0.02205100 0.08972800
v -0.03933400 -0.01635700 0.07399000
v -0.03368100 -0.01989200 0.04419100
v -0.03363500 -0.01363100 0.03085800
v 0.03970200 0.02176100 0.08972800
v 0.04152000 0.01606700 0.07399000
v 0.03586800 0.01960200 0.04419100
v 0.03582100 0.01334100 0.03085800
v -0.02418800 -0.03663400 0.08972800
v -0.02829600 -0.03229200 0.07399000
v -0.02167000 -0.03302400 0.04419100
v -0.02434400 -0.02736300 0.03085800
v 0.02638000 0.03635200 0.08972600
v 0.03048200 0.03200200 0.07399000
v 0.02385600 0.03273400 0.04419100
v 0.02653100 0.02707300 0.03085800
v -0.00585300 -0.04398900 0.08972800
v -0.01143800 -0.04186000 0.07399000
v -0.00515000 -0.03964500 0.04419100
v -0.01001600 -0.03570500 0.03085800
v 0.01420700 0.04230500 0.08971000
v 0.01372500 0.04161300 0.07391200
v 0.00733400 0.03934900 0.04415300
v 0.01220200 0.03541400 0.03085800
v 0.01385800 -0.04266100 0.08972800
v 0.00790300 -0.04316600 0.07399000
v 0.01260700 -0.03844200 0.04419100
v 0.00651300 -0.03700300 0.03085800
v -0.01178600 0.04237700 0.08971000
v -0.00580900 0.04364000 0.07369700
v -0.01042000 0.03815300 0.04418800
v -0.00981900 0.03547500 0.03085800
v 0.03104100 -0.03291200 0.08972800
v 0.02589400 -0.03595100 0.07399000
v 0.02808300 -0.02965400 0.04419100
v 0.02196900 -0.03100200 0.03085800
v -0.02885500 0.03262200 0.08972800
v -0.02371100 0.03566600 0.07399000
v -0.02589700 0.02936300 0.04419100
v -0.01978200 0.03071100 0.03085800
v 0.04229200 -0.01667300 0.08972800
v 0.03897400 -0.02164400 0.07399000
v 0.03821300 -0.01502100 0.04419100
v 0.03328900 -0.01888800 0.03085800
v -0.04010600 0.01638300 0.08972800
v -0.03678700 0.02135400 0.07399000
v -0.03602700 0.01473100 0.04419100
v -0.03110300 0.01859800 0.03085800
v -0.03879000 0.00277800 0.04419100
v 0.04097600 -0.00306900 0.04419100
v -0.03799200 -0.01571800 0.05847400
v 0.04017800 0.01542800 0.05847400
v -0.02736400 -0.03113500 0.05847400
v 0.02955100 0.03084400 0.05847400
v -0.01110000 -0.04041300 0.05847400
v 0.01329000 0.04015700 0.05841000
v 0.00757900 -0.04171600 0.05847400
v -0.00539700 0.04151900 0.05835700
v 0.02497300 -0.03478500 0.05847400
v -0.02278700 0.03449700 0.05847400
v 0.03763800 -0.02099300 0.05847400
v -0.03545200 0.02070300 0.05847400
v -0.04319700 -0.00313000 0.08972800
v -0.04236400 0.00278900 0.07399000
v 0.04538400 0.00283900 0.08972800
v 0.04455000 -0.00307900 0.07399000
v -0.02740700 -0.01710300 0.01660200
v -0.03120600 -0.01871000 0.03085800
v 0.02959300 0.01681200 0.01660200
v 0.03339200 0.01842000 0.03085800
v -0.01722700 -0.02778900 0.01660200
v -0.01995300 -0.03088600 0.03085800
v 0.01941300 0.02749900 0.01660200
v 0.02213900 0.03059500 0.03085800
v -0.00341800 -0.03300000 0.01660200
v -0.00453100 -0.03697300 0.03085800
v 0.00125600 0.05866100 0.10279100
v 0.00669200 0.03683500 0.03054000
v 0.01128400 -0.03170400 0.01660200
v 0.01200500 -0.03576600 0.03085800
v -0.00909700 0.03141300 0.01660200
v -0.00430100 0.03686500 0.03054000
v 0.02396700 -0.02415700 0.01660200
v 0.02638000 -0.02750400 0.03085800
v -0.02178100 0.02386700 0.01660200
v -0.02419300 0.02721300 0.03085800
v 0.03212000 -0.01185400 0.01660200
v 0.03574600 -0.01382300 0.03085800
v -0.02993400 0.01156400 0.01660200
v -0.03356000 0.01353200 0.03085800
v -0.03192500 0.00295000 0.01660200
v -0.03604700 0.00277200 0.03085800
v -0.03880500 -0.00284800 0.04419100
v -0.04087800 0.00278200 0.05847400
v 0.03411200 -0.00324000 0.01660200
v 0.03823300 -0.00306300 0.03085800
v 0.04099200 0.00255800 0.04419100
v 0.04306500 -0.00307300 0.05847400
v -0.04019700 -0.01644500 0.08972800
v -0.03690600 -0.02143400 0.07399000
v -0.03556600 -0.02079100 0.05847400
v -0.03610900 -0.01481600 0.04419100
v 0.04238300 0.01615500 0.08972800
v 0.03909200 0.02114400 0.07399000
v 0.03775300 0.02050100 0.05847400
v 0.03829500 0.01452500 0.04419100
v -0.02903600 -0.03274600 0.08972800
v -0.02390600 -0.03581300 0.07399000
v -0.02297800 -0.03465200 0.05847400
v -0.02605900 -0.02950400 0.04419100
v 0.03122200 0.03245500 0.08972800
v 0.02609500 0.03552800 0.07399000
v 0.02516500 0.03436400 0.05847400
v 0.02824600 0.02921400 0.04419100
v -0.01190700 -0.04259000 0.08972800
v -0.00595400 -0.04312700 0.07399000
v -0.00562200 -0.04167900 0.05847400
v -0.01063200 -0.03837800 0.04419100
v 0.00823800 0.04360100 0.07369700
v 0.00781300 0.04148200 0.05835700
v 0.01281800 0.03808900 0.04418800
v 0.00779600 -0.04402700 0.08972800
v 0.01339300 -0.04192900 0.07399000
v 0.01306400 -0.04048000 0.05847400
v 0.00711800 -0.03967900 0.04419100
v -0.01130700 0.04168200 0.07391200
v -0.01088100 0.04022400 0.05841000
v -0.00493000 0.03938300 0.04415300
v 0.02617200 -0.03677300 0.08972800
v 0.03030400 -0.03245400 0.07399000
v 0.02937900 -0.03129100 0.05847400
v 0.02367400 -0.03315000 0.04419100
v -0.02399100 0.03649200 0.08972600
v -0.02811800 0.03216400 0.07399000
v -0.02719300 0.03100100 0.05847400
v -0.02148800 0.03285900 0.04419100
v 0.03958100 -0.02226400 0.08972800
v 0.04143000 -0.01658000 0.07399000
v 0.04009200 -0.01593400 0.05847400
v 0.03575800 -0.02008400 0.04419100
v -0.03739400 0.02197400 0.08972800
v -0.03924300 0.01629000 0.07399000
v -0.03790500 0.01564400 0.05847400
v -0.03357200 0.01979300 0.04419100
v -0.04198400 0.00981200 0.09718400
v 0.04417000 -0.01010300 0.09718400
v -0.03339800 0.02751700 0.09718400
v 0.03558400 -0.02780700 0.09718400
v -0.01800000 0.03974400 0.09718000
v 0.02016600 -0.04003300 0.09718400
v 0.00097100 -0.04435800 0.09718400
v 0.02040700 0.03963700 0.09718000
v -0.01820000 -0.03992700 0.09718400
v 0.03573600 0.02732500 0.09718400
v -0.03355000 -0.02761600 0.09718400
v 0.04422500 0.00957400 0.09718400
v -0.04203800 -0.00986400 0.09718400
v -0.02868500 -0.00685500 0.00905600
v 0.03087100 0.00656500 0.00905600
v -0.02282500 -0.01911100 0.00905600
v 0.02501100 0.01882100 0.00905600
v -0.01222700 -0.02761000 0.00905600
v 0.01441300 0.02732000 0.00905600
v 0.00100900 -0.03067000 0.00905600
v 0.01426100 -0.02768400 0.00905600
v -0.01207500 0.02739300 0.00905600
v 0.02490600 -0.01924300 0.00905600
v -0.02271900 0.01895300 0.00905600
v 0.03083400 -0.00702000 0.00905600
v -0.02864700 0.00672900 0.00905600
v -0.00405900 0.04131500 0.02245200
v 0.00129000 0.07108800 0.10087000
v -0.00656500 0.06996100 0.09779500
v -0.00626800 0.07840900 0.09051100
v 0.00888900 0.07836700 0.09051100
v 0.00131800 0.08126400 0.09236100
v 0.00913800 0.06991700 0.09779500
v 0.00132600 0.08404700 0.07940300
v -0.00584700 0.08069900 0.07943200
v -0.00543100 0.07768900 0.06812000
v 0.00804800 0.07765200 0.06812000
v 0.00131600 0.08047200 0.06652600
v 0.00848000 0.08066000 0.07943200
v 0.00122900 0.04915300 0.10030100
v -0.00668000 0.04894100 0.09378300
v 0.00913800 0.04889700 0.09378300
v 0.00120600 0.04065900 0.01726000
v 0.00671600 0.05431600 0.03425100
v 0.00124800 0.05605600 0.03174500
v -0.00422900 0.05434600 0.03425100
v -0.00460700 0.06374700 0.04520300
v -0.00501900 0.07161300 0.05671400
v 0.00127500 0.06575300 0.04292100
v 0.00129800 0.07387100 0.05451400
v 0.00714600 0.06371400 0.04520300
v 0.00760200 0.07157900 0.05671400
v -0.00584100 0.04867200 0.08675900
v 0.00829700 0.04863300 0.08675900
v 0.00122800 0.04863200 0.08648300
v -0.00373300 0.04142800 0.02753300
v 0.00614900 0.04140100 0.02753300
v 0.00120600 0.04084400 0.02723900
v 0.00622700 0.05248900 0.03684800
v 0.00661300 0.06160100 0.04758800
v 0.00703100 0.06920200 0.05901500
v 0.00742200 0.07472400 0.06978700
v 0.00776900 0.07714200 0.07946200
v 0.00808700 0.07536300 0.08857600
v 0.00828600 0.06871900 0.09458100
v 0.00826300 0.05841000 0.09399300
v 0.00123800 0.05239800 0.03693900
v 0.00126400 0.06152400 0.04769200
v 0.00128500 0.06911400 0.05911500
v 0.00130000 0.07461400 0.06985900
v 0.00130600 0.07700700 0.07946300
v 0.00130200 0.07525100 0.08849200
v 0.00128300 0.06868600 0.09444100
v 0.00125500 0.05842400 0.09379700
v -0.00375000 0.05251600 0.03684800
v -0.00408500 0.06163100 0.04758800
v -0.00446100 0.06923300 0.05901500
v -0.00482200 0.07475800 0.06978700
v -0.00515500 0.07717800 0.07946200
v -0.00548300 0.07540100 0.08857600
v -0.00571900 0.06875800 0.09458100
v -0.00575200 0.05844900 0.09399300
vn 0.60800000 -0.00170000 -0.79390000
vn 0.54860000 0.26230000 -0.79390000
vn 0.38040000 0.47430000 -0.79390000
vn 0.13690000 0.59240000 -0.79390000
vn -0.13370000 0.59320000 -0.79390000
vn -0.37780000 0.47640000 -0.79390000
vn -0.54710000 0.26530000 -0.79390000
vn -0.60800000 0.00170000 -0.79390000
vn -0.54860000 -0.26230000 -0.79390000
vn -0.38040000 -0.47430000 -0.79390000
vn -0.13690000 -0.59240000 -0.79390000
vn 0.13370000 -0.59320000 -0.79390000
vn 0.37780000 -0.47640000 -0.79390000
vn 0.54710000 -0.26530000 -0.79390000
vn -0.74320000 0.36050000 0.56360000
vn 0.74320000 -0.36050000 0.56360000
vn -0.51320000 0.64720000 0.56370000
vn 0.51320000 -0.64720000 0.56360000
vn -0.18160000 0.80580000 0.56370000
vn 0.18160000 -0.80580000 0.56360000
vn 0.18600000 0.80480000 0.56370000
vn -0.18600000 -0.80480000 0.56360000
vn 0.51680000 0.64440000 0.56370000
vn -0.51680000 -0.64440000 0.56360000
vn 0.74520000 0.35630000 0.56360000
vn 0.82600000 -0.00230000 0.56360000
vn -0.74520000 -0.35630000 0.56360000
vn -0.82600000 0.00230000 0.56360000
vn -0.99770000 0.00280000 0.06740000
vn -0.90010000 -0.43040000 0.06740000
vn 0.99770000 -0.00280000 0.06740000
vn 0.90010000 0.43040000 0.06740000
vn -0.62420000 -0.77830000 0.06740000
vn 0.62450000 0.77810000 0.06770000
vn -0.22470000 -0.97210000 0.06740000
vn 0.23910000 0.96750000 0.08190000
vn 0.21930000 -0.97330000 0.06740000
vn -0.23380000 0.96880000 0.08190000
vn 0.61990000 -0.78180000 0.06740000
vn -0.62020000 0.78160000 0.06770000
vn 0.89770000 -0.43540000 0.06740000
vn -0.89770000 0.43540000 0.06740000
vn -0.77880000 -0.37240000 -0.50480000
vn 0.77880000 0.37240000 -0.50480000
vn -0.54010000 -0.67340000 -0.50480000
vn 0.54010000 0.67340000 -0.50480000
vn -0.19440000 -0.84100000 -0.50480000
vn 0.20930000 0.83100000 -0.51550000
vn 0.18980000 -0.84210000 -0.50480000
vn -0.20470000 0.83210000 -0.51550000
vn 0.53630000 -0.67640000 -0.50480000
vn -0.53630000 0.67640000 -0.50480000
vn 0.77670000 -0.37670000 -0.50480000
vn -0.77670000 0.37670000 -0.50480000
vn -0.86320000 0.00240000 -0.50480000
vn 0.86320000 -0.00240000 -0.50480000
vn -0.99540000 0.00280000 -0.09570000
vn 0.99870000 -0.00280000 -0.05140000
vn -0.88320000 -0.42230000 -0.20410000
vn 0.89800000 0.42940000 -0.09570000
vn 0.85510000 0.40890000 -0.31890000
vn -0.62480000 -0.77910000 -0.05140000
vn -0.61250000 -0.76370000 -0.20410000
vn -0.59300000 -0.73940000 -0.31890000
vn 0.62580000 0.77830000 -0.05140000
vn 0.62320000 0.77610000 -0.09580000
vn -0.22420000 -0.96980000 -0.09570000
vn -0.22050000 -0.95380000 -0.20410000
vn -0.21350000 -0.92340000 -0.31890000
vn 0.24540000 0.96420000 -0.10100000
vn 0.27670000 0.90720000 -0.31690000
vn 0.21950000 -0.97430000 -0.05140000
vn -0.28400000 0.95760000 -0.04790000
vn -0.24000000 0.96550000 -0.10100000
vn -0.21840000 0.95430000 -0.20390000
vn -0.27170000 0.90870000 -0.31690000
vn 0.60820000 -0.76710000 -0.20410000
vn -0.61890000 0.77960000 -0.09580000
vn -0.58890000 0.74260000 -0.31890000
vn 0.89860000 -0.43580000 -0.05140000
vn 0.88080000 -0.42720000 -0.20410000
vn -0.89560000 0.43440000 -0.09570000
vn -0.85280000 0.41360000 -0.31890000
vn -0.52130000 0.00140000 -0.85340000
vn -0.47030000 -0.22490000 -0.85340000
vn -0.32610000 -0.40670000 -0.85340000
vn -0.11740000 -0.50790000 -0.85340000
vn 0.11460000 -0.50850000 -0.85340000
vn 0.32390000 -0.40840000 -0.85340000
vn 0.46900000 -0.22750000 -0.85340000
vn 0.52130000 -0.00140000 -0.85340000
vn 0.47030000 0.22490000 -0.85340000
vn 0.32610000 0.40670000 -0.85340000
vn 0.11740000 0.50790000 -0.85340000
vn -0.11460000 0.50850000 -0.85340000
vn -0.32390000 0.40840000 -0.85340000
vn -0.46900000 0.22750000 -0.85340000
vn -0.55370000 0.00150000 -0.83270000
vn -0.49950000 -0.23890000 -0.83270000
vn -0.34640000 -0.43190000 -0.83270000
vn -0.12470000 -0.53950000 -0.83270000
vn 0.12170000 -0.54010000 -0.83270000
vn 0.34400000 -0.43380000 -0.83270000
vn 0.49820000 -0.24160000 -0.83270000
vn 0.55370000 -0.00150000 -0.83270000
vn 0.49950000 0.23890000 -0.83270000
vn 0.34640000 0.43190000 -0.83270000
vn 0.12470000 0.53950000 -0.83270000
vn -0.12170000 0.54010000 -0.83270000
vn -0.34400000 0.43380000 -0.83270000
vn -0.49820000 0.24160000 -0.83270000
vn -0.06620000 0.00020000 -0.99780000
vn -0.05970000 -0.02860000 -0.99780000
vn -0.04140000 -0.05170000 -0.99780000
vn -0.01490000 -0.06450000 -0.99780000
vn 0.01460000 -0.06460000 -0.99780000
vn 0.04110000 -0.05190000 -0.99780000
vn 0.05960000 -0.02890000 -0.99780000
vn 0.06620000 -0.00020000 -0.99780000
vn 0.05970000 0.02860000 -0.99780000
vn 0.04140000 0.05170000 -0.99780000
vn 0.01490000 0.06450000 -0.99780000
vn -0.01460000 0.06460000 -0.99780000
vn -0.04110000 0.05190000 -0.99780000
vn -0.05960000 0.02890000 -0.99780000
vn -0.00000000 -0.00000000 -1.00000000
vn -0.00000000 -0.00000000 -1.00000000
vn -0.00000000 -0.00000000 -1.00000000
vn -0.00000000 -0.00000000 -1.00000000
vn -0.00000000 -0.00000000 -1.00000000
vn -0.00000000 -0.00000000 -1.00000000
vn -0.00000000 -0.00000000 -1.00000000
vn -0.00000000 -0.00000000 -1.00000000
vn -0.00000000 -0.00000000 -1.00000000
vn -0.00000000 -0.00000000 -1.00000000
vn -0.00000000 -0.00000000 -1.00000000
vn -0.00000000 -0.00000000 -1.00000000
vn -0.00000000 -0.00000000 -1.00000000
vn -0.00000000 -0.00000000 -1.00000000
vn -0.00000000 -0.00000000 -1.00000000
vn 0.00190000 -0.00000000 -1.00000000
vn 0.00170000 0.00080000 -1.00000000
vn -0.00190000 -0.00000000 -1.00000000
vn -0.00170000 -0.00080000 -1.00000000
vn 0.00120000 0.00150000 -1.00000000
vn -0.00120000 -0.00150000 -1.00000000
vn 0.00040000 0.00180000 -1.00000000
vn -0.00040000 -0.00180000 -1.00000000
vn -0.00040000 0.00180000 -1.00000000
vn 0.00040000 -0.00180000 -1.00000000
vn -0.00120000 0.00150000 -1.00000000
vn 0.00120000 -0.00150000 -1.00000000
vn -0.00170000 0.00080000 -1.00000000
vn 0.00170000 -0.00080000 -1.00000000
vn -0.98940000 0.00270000 -0.14490000
vn -0.61900000 -0.77190000 -0.14490000
vn 0.61910000 0.77180000 -0.14500000
vn -0.22280000 -0.96400000 -0.14490000
vn 0.22760000 0.96180000 -0.15230000
vn 0.21750000 -0.96520000 -0.14490000
vn -0.22220000 0.96300000 -0.15230000
vn -0.99870000 0.00280000 -0.05140000
vn -0.85510000 -0.40890000 -0.31890000
vn 0.59300000 0.73940000 -0.31890000
vn 0.20830000 -0.92460000 -0.31890000
vn 0.58890000 -0.74260000 -0.31890000
vn 0.85280000 -0.41360000 -0.31890000
vn -0.94780000 0.00260000 -0.31890000
vn -0.97890000 0.00270000 -0.20410000
vn 0.94780000 -0.00260000 -0.31890000
vn 0.97890000 -0.00270000 -0.20410000
vn 0.98940000 -0.00270000 -0.14490000
vn 0.99540000 -0.00280000 -0.09570000
vn -0.90100000 -0.43080000 -0.05140000
vn -0.89800000 -0.42940000 -0.09570000
vn -0.89260000 -0.42680000 -0.14490000
vn 0.90100000 0.43080000 -0.05140000
vn 0.89260000 0.42680000 -0.14490000
vn 0.88320000 0.42230000 -0.20410000
vn -0.62280000 -0.77650000 -0.09570000
vn 0.61250000 0.76370000 -0.20410000
vn -0.22490000 -0.97300000 -0.05140000
vn 0.28930000 0.95600000 -0.04790000
vn 0.22370000 0.95310000 -0.20390000
vn 0.21880000 -0.97110000 -0.09570000
vn 0.21520000 -0.95500000 -0.20410000
vn 0.62050000 -0.78250000 -0.05140000
vn 0.61850000 -0.78000000 -0.09570000
vn 0.61480000 -0.77530000 -0.14490000
vn -0.62150000 0.78180000 -0.05140000
vn -0.61490000 0.77520000 -0.14500000
vn -0.60820000 0.76710000 -0.20410000
vn 0.89560000 -0.43440000 -0.09570000
vn 0.89030000 -0.43180000 -0.14490000
vn -0.89860000 0.43580000 -0.05140000
vn -0.89030000 0.43180000 -0.14490000
vn -0.88080000 0.42720000 -0.20410000
vn -0.92420000 0.37770000 -0.05610000
vn 0.92420000 -0.37770000 -0.05610000
vn -0.91780000 0.35690000 -0.17420000
vn -0.91970000 -0.35180000 -0.17420000
vn -0.97060000 -0.05880000 -0.23340000
vn 0.91780000 -0.35690000 -0.17420000
vn 0.91970000 0.35180000 -0.17420000
vn -0.98130000 0.08210000 -0.17420000
vn -0.67200000 0.71970000 -0.17420000
vn 0.98130000 -0.08210000 -0.17420000
vn 0.67200000 -0.71970000 -0.17420000
vn -0.84850000 0.49970000 -0.17420000
vn -0.29410000 0.94000000 -0.17300000
vn 0.84850000 -0.49970000 -0.17420000
vn 0.29320000 -0.94000000 -0.17420000
vn -0.55130000 0.81680000 -0.17040000
vn 0.54760000 -0.81840000 -0.17420000
vn -0.14370000 -0.97420000 -0.17420000
vn 0.55580000 0.81370000 -0.17040000
vn 0.13830000 -0.97490000 -0.17420000
vn -0.55220000 -0.81530000 -0.17420000
vn 0.29930000 0.93840000 -0.17300000
vn 0.85120000 0.49500000 -0.17420000
vn -0.29840000 -0.93840000 -0.17420000
vn -0.85120000 -0.49500000 -0.17420000
vn 0.67600000 0.71600000 -0.17420000
vn 0.98170000 0.07670000 -0.17420000
vn -0.67600000 -0.71600000 -0.17420000
vn -0.98170000 -0.07670000 -0.17420000
vn 0.97060000 0.05880000 -0.23340000
vn -0.95100000 -0.16780000 -0.25990000
vn -0.72760000 -0.63490000 -0.25990000
vn -0.84890000 -0.47410000 -0.23340000
vn 0.95100000 0.16780000 -0.25990000
vn 0.72760000 0.63490000 -0.25990000
vn 0.84890000 0.47410000 -0.23340000
vn -0.78400000 -0.56380000 -0.25990000
vn -0.38010000 -0.88770000 -0.25990000
vn -0.55920000 -0.79550000 -0.23340000
vn 0.78400000 0.56380000 -0.25990000
vn 0.38010000 0.88770000 -0.25990000
vn 0.55920000 0.79550000 -0.23340000
vn -0.46170000 -0.84810000 -0.25990000
vn 0.04270000 -0.96470000 -0.25990000
vn -0.15860000 -0.95940000 -0.23340000
vn 0.46170000 0.84810000 -0.25990000
vn -0.03950000 -0.76280000 0.64550000
vn -0.04800000 -0.96450000 -0.25990000
vn 0.45700000 -0.85060000 -0.25990000
vn 0.27330000 -0.93320000 -0.23340000
vn -0.45700000 0.85060000 -0.25990000
vn -0.27330000 0.93320000 -0.23340000
vn 0.37520000 -0.88980000 -0.25990000
vn 0.78080000 -0.56810000 -0.25990000
vn 0.65120000 -0.72220000 -0.23340000
vn -0.37520000 0.88980000 -0.25990000
vn -0.78080000 0.56810000 -0.25990000
vn -0.65120000 0.72220000 -0.23340000
vn 0.72410000 -0.63890000 -0.25990000
vn 0.95000000 -0.17310000 -0.25990000
vn -0.90200000 -0.36310000 -0.23340000
vn -0.72410000 0.63890000 -0.25990000
vn -0.95000000 0.17310000 -0.25990000
vn -0.93100000 -0.25630000 -0.25990000
vn -0.92960000 0.26140000 -0.25990000
vn 0.93100000 0.25630000 -0.25990000
vn 0.92960000 -0.26140000 -0.25990000
vn -0.90000000 -0.39440000 -0.18580000
vn -0.91340000 -0.38390000 -0.13490000
vn -0.92210000 -0.37660000 -0.08930000
vn -0.92630000 -0.37260000 -0.05610000
vn 0.90200000 0.36310000 -0.23340000
vn 0.90000000 0.39440000 -0.18580000
vn 0.91340000 0.38390000 -0.13490000
vn 0.92210000 0.37660000 -0.08930000
vn 0.92630000 0.37260000 -0.05610000
vn -0.67290000 -0.73760000 -0.05610000
vn -0.99660000 -0.06070000 -0.05610000
vn -0.99450000 -0.05530000 -0.08930000
vn -0.65640000 -0.74230000 -0.13490000
vn -0.63970000 -0.74580000 -0.18580000
vn -0.98210000 -0.02970000 -0.18580000
vn 0.67290000 0.73760000 -0.05610000
vn 0.99660000 0.06070000 -0.05610000
vn 0.99450000 0.05530000 -0.08930000
vn 0.65640000 0.74230000 -0.13490000
vn 0.63970000 0.74580000 -0.18580000
vn 0.98210000 0.02970000 -0.18580000
vn -0.28630000 -0.95650000 -0.05610000
vn -0.87150000 -0.48710000 -0.05610000
vn -0.87200000 -0.48130000 -0.08930000
vn -0.26930000 -0.95350000 -0.13490000
vn -0.25280000 -0.94950000 -0.18580000
vn -0.87200000 -0.45290000 -0.18580000
vn 0.28830000 0.95590000 -0.05620000
vn 0.87150000 0.48710000 -0.05610000
vn 0.87200000 0.48130000 -0.08930000
vn 0.26960000 0.95340000 -0.13520000
vn 0.25280000 0.94950000 -0.18580000
vn 0.87200000 0.45290000 -0.18580000
vn 0.15710000 -0.98600000 -0.05610000
vn -0.57390000 -0.81700000 -0.05610000
vn -0.57680000 -0.81200000 -0.08930000
vn 0.17110000 -0.97600000 -0.13490000
vn 0.18430000 -0.96520000 -0.18580000
vn -0.58910000 -0.78640000 -0.18580000
vn 0.58020000 0.81260000 -0.05540000
vn 0.58320000 0.80710000 -0.09220000
vn -0.17300000 0.97470000 -0.14150000
vn -0.18740000 0.96710000 -0.17190000
vn 0.58920000 0.78630000 -0.18590000
vn 0.56940000 -0.82020000 -0.05610000
vn -0.16260000 -0.98510000 -0.05610000
vn -0.16740000 -0.98180000 -0.08930000
vn 0.57760000 -0.80510000 -0.13490000
vn 0.58480000 -0.78960000 -0.18580000
vn -0.18960000 -0.96410000 -0.18580000
vn -0.57570000 0.81580000 -0.05540000
vn 0.03500000 -0.64130000 0.76650000
vn 0.13940000 0.97870000 -0.15070000
vn -0.57940000 0.80360000 -0.13610000
vn -0.58480000 0.78960000 -0.18590000
vn -0.55470000 0.79860000 -0.23340000
vn 0.86880000 -0.49190000 -0.05610000
vn 0.28100000 -0.95810000 -0.05610000
vn 0.27520000 -0.95720000 -0.08930000
vn 0.86970000 -0.47480000 -0.13490000
vn 0.86950000 -0.45770000 -0.18580000
vn 0.24750000 -0.95090000 -0.18580000
vn -0.86880000 0.49190000 -0.05610000
vn -0.28300000 0.95750000 -0.05620000
vn -0.27670000 0.95670000 -0.09000000
vn -0.86970000 0.47480000 -0.13490000
vn -0.86950000 0.45770000 -0.18580000
vn -0.24750000 0.95090000 -0.18580000
vn 0.99620000 -0.06620000 -0.05610000
vn 0.66880000 -0.74130000 -0.05610000
vn 0.66330000 -0.74300000 -0.08930000
vn 0.98960000 -0.05040000 -0.13490000
vn 0.98200000 -0.03510000 -0.18580000
vn 0.63560000 -0.74930000 -0.18580000
vn -0.99620000 0.06620000 -0.05610000
vn -0.66880000 0.74130000 -0.05610000
vn -0.66330000 0.74300000 -0.08930000
vn -0.98960000 0.05040000 -0.13490000
vn -0.98200000 0.03510000 -0.18580000
vn -0.63560000 0.74930000 -0.18580000
vn -0.78790000 0.59370000 -0.16330000
vn -0.91130000 0.38900000 -0.13490000
vn 0.78790000 -0.59370000 -0.16330000
vn 0.91130000 -0.38900000 -0.13490000
vn -0.98980000 -0.04490000 -0.13490000
vn 0.98980000 0.04490000 -0.13490000
vn -0.87230000 -0.47000000 -0.13490000
vn 0.87230000 0.47000000 -0.13490000
vn -0.58200000 -0.80190000 -0.13490000
vn 0.58380000 0.80040000 -0.13610000
vn -0.17650000 -0.97500000 -0.13490000
vn 0.17840000 0.97370000 -0.14150000
vn 0.26410000 -0.95500000 -0.13490000
vn -0.26440000 0.95490000 -0.13520000
vn 0.65230000 -0.74590000 -0.13490000
vn -0.65230000 0.74590000 -0.13490000
vn -0.80140000 0.59320000 -0.07700000
vn 0.80140000 -0.59320000 -0.07700000
vn -0.52660000 -0.81080000 -0.25550000
vn 0.52660000 0.81080000 -0.25550000
vn -0.12270000 -0.95900000 -0.25550000
vn 0.12270000 0.95900000 -0.25550000
vn 0.30560000 -0.91720000 -0.25550000
vn 0.82770000 0.55700000 -0.06810000
vn 0.67330000 -0.69380000 -0.25550000
vn 0.38720000 0.90850000 -0.15720000
vn 0.90760000 -0.33300000 -0.25550000
vn -0.90760000 0.33300000 -0.25550000
vn 0.96220000 0.09380000 -0.25550000
vn -0.96220000 -0.09380000 -0.25550000
vn -0.82350000 0.50660000 -0.25550000
vn 0.82350000 -0.50660000 -0.25550000
vn -0.46950000 -0.87960000 -0.07700000
vn 0.46950000 0.87960000 -0.07700000
vn -0.04140000 -0.99620000 -0.07700000
vn 0.04250000 0.99610000 -0.07730000
vn 0.39490000 -0.91550000 -0.07700000
vn 0.66140000 0.72900000 -0.17650000
vn -0.31940000 0.94240000 -0.09950000
vn 0.75300000 -0.65350000 -0.07700000
vn -0.76700000 0.63650000 -0.08160000
vn 0.96200000 -0.26200000 -0.07700000
vn -0.96200000 0.26200000 -0.07700000
vn 0.98040000 0.18130000 -0.07700000
vn -0.98040000 -0.18130000 -0.07700000
vn -0.80620000 0.58930000 -0.05290000
vn -0.86970000 0.41790000 -0.26290000
vn 0.80620000 -0.58930000 -0.05290000
vn 0.86970000 -0.41790000 -0.26290000
vn -0.96170000 0.09910000 -0.25550000
vn -0.90970000 -0.20690000 -0.36010000
vn 0.96170000 -0.09910000 -0.25550000
vn 0.90970000 0.20690000 -0.36010000
vn -0.90950000 -0.32800000 -0.25550000
vn -0.72980000 -0.58110000 -0.36010000
vn 0.90950000 0.32800000 -0.25550000
vn 0.72980000 0.58110000 -0.36010000
vn -0.67710000 -0.69010000 -0.25550000
vn -0.40540000 -0.84020000 -0.36010000
vn 0.67710000 0.69010000 -0.25550000
vn 0.40540000 0.84020000 -0.36010000
vn -0.31060000 -0.91550000 -0.25550000
vn -0.00070000 -0.93290000 -0.36010000
vn -0.82460000 0.56160000 -0.06810000
vn -0.50140000 0.62710000 -0.59610000
vn 0.11740000 -0.95960000 -0.25550000
vn 0.40410000 -0.84080000 -0.36010000
vn -0.11740000 0.95960000 -0.25550000
vn -0.40410000 0.84080000 -0.36010000
vn 0.52210000 -0.81370000 -0.25550000
vn 0.72890000 -0.58220000 -0.36010000
vn -0.52210000 0.81370000 -0.25550000
vn -0.72890000 0.58220000 -0.36010000
vn -0.91050000 -0.20330000 -0.36010000
vn -0.82620000 -0.50200000 -0.25550000
vn -0.79120000 -0.58940000 -0.16330000
vn -0.79890000 -0.59010000 -0.11640000
vn -0.80470000 -0.58870000 -0.07700000
vn -0.80940000 -0.58480000 -0.05290000
vn 0.91050000 0.20330000 -0.36010000
vn 0.82620000 0.50200000 -0.25550000
vn 0.79120000 0.58940000 -0.16330000
vn 0.79890000 0.59010000 -0.11640000
vn 0.80470000 0.58870000 -0.07700000
vn 0.80940000 0.58480000 -0.05290000
vn -0.60640000 -0.75050000 -0.26290000
vn -0.47550000 -0.87810000 -0.05290000
vn -0.98200000 0.18120000 -0.05290000
vn -0.97940000 0.18670000 -0.07700000
vn -0.46370000 -0.87830000 -0.11640000
vn -0.45710000 -0.87430000 -0.16330000
vn -0.96750000 0.19310000 -0.16330000
vn 0.60640000 0.75050000 -0.26290000
vn 0.47550000 0.87810000 -0.05290000
vn 0.98200000 -0.18120000 -0.05290000
vn 0.97940000 -0.18670000 -0.07700000
vn 0.46370000 0.87830000 -0.11640000
vn 0.45710000 0.87430000 -0.16330000
vn 0.96750000 -0.19310000 -0.16330000
vn -0.22070000 -0.93920000 -0.26290000
vn -0.04740000 -0.99750000 -0.05290000
vn -0.96340000 -0.26290000 -0.05290000
vn -0.96340000 -0.25670000 -0.07700000
vn -0.03670000 -0.99250000 -0.11640000
vn -0.03250000 -0.98600000 -0.16330000
vn -0.95550000 -0.24580000 -0.16330000
vn 0.22240000 0.93920000 -0.26150000
vn 0.04950000 0.99740000 -0.05310000
vn 0.96340000 0.26280000 -0.05290000
vn 0.96340000 0.25670000 -0.07700000
vn 0.03690000 0.99250000 -0.11650000
vn 0.03250000 0.98600000 -0.16330000
vn 0.95550000 0.24580000 -0.16330000
vn 0.20870000 -0.94200000 -0.26290000
vn 0.39010000 -0.91930000 -0.05290000
vn -0.75390000 -0.65480000 -0.05290000
vn -0.75660000 -0.64930000 -0.07700000
vn 0.39760000 -0.91020000 -0.11640000
vn 0.39850000 -0.90250000 -0.16330000
vn -0.75420000 -0.63600000 -0.16330000
vn 0.60660000 0.75170000 -0.25870000
vn 0.76510000 0.64200000 -0.05030000
vn 0.77050000 0.63220000 -0.08160000
vn -0.40150000 0.90760000 -0.12300000
vn -0.38220000 0.91060000 -0.15720000
vn 0.75430000 0.63590000 -0.16340000
vn 0.59670000 -0.75820000 -0.26290000
vn 0.75030000 -0.65900000 -0.05290000
vn -0.39510000 -0.91710000 -0.05290000
vn -0.40000000 -0.91330000 -0.07700000
vn 0.75310000 -0.64750000 -0.11640000
vn 0.75070000 -0.64020000 -0.16330000
vn -0.40350000 -0.90030000 -0.16330000
vn -0.60250000 0.75510000 -0.25870000
vn -0.76150000 0.64620000 -0.05030000
vn -0.65730000 0.73260000 -0.17650000
vn 0.32460000 0.94060000 -0.09950000
vn -0.75780000 0.64150000 -0.11920000
vn -0.75080000 0.64000000 -0.16340000
vn -0.67330000 0.69380000 -0.25550000
vn 0.86660000 -0.42420000 -0.26290000
vn 0.96190000 -0.26820000 -0.05290000
vn 0.04190000 -0.99770000 -0.05290000
vn 0.03590000 -0.99640000 -0.07700000
vn 0.95950000 -0.25660000 -0.11640000
vn 0.95410000 -0.25110000 -0.16330000
vn 0.02710000 -0.98620000 -0.16330000
vn -0.86660000 0.42420000 -0.26290000
vn -0.96190000 0.26810000 -0.05290000
vn -0.04400000 0.99760000 -0.05310000
vn -0.03700000 0.99630000 -0.07730000
vn -0.95950000 0.25660000 -0.11640000
vn -0.95410000 0.25110000 -0.16330000
vn -0.02710000 0.98620000 -0.16330000
vn 0.96480000 -0.00620000 -0.26290000
vn 0.98300000 0.17570000 -0.05290000
vn 0.47060000 -0.88070000 -0.05290000
vn 0.46470000 -0.88210000 -0.07700000
vn 0.97580000 0.18510000 -0.11640000
vn 0.96860000 0.18770000 -0.16330000
vn 0.45230000 -0.87680000 -0.16330000
vn -0.96480000 0.00620000 -0.26290000
vn -0.98300000 -0.17570000 -0.05290000
vn -0.47060000 0.88070000 -0.05290000
vn -0.46470000 0.88210000 -0.07700000
vn -0.97580000 -0.18510000 -0.11640000
vn -0.96860000 -0.18770000 -0.16330000
vn -0.45230000 0.87680000 -0.16330000
vn -0.89780000 0.39940000 -0.18580000
vn -0.79560000 0.59450000 -0.11640000
vn 0.89780000 -0.39940000 -0.18580000
vn 0.79560000 -0.59450000 -0.11640000
vn -0.97480000 0.19050000 -0.11640000
vn 0.97480000 -0.19050000 -0.11640000
vn -0.96090000 -0.25130000 -0.11640000
vn 0.96090000 0.25130000 -0.11640000
vn -0.75670000 -0.64340000 -0.11640000
vn 0.76130000 0.63730000 -0.11920000
vn -0.40260000 -0.90800000 -0.11640000
vn 0.40650000 0.90530000 -0.12300000
vn 0.03120000 -0.99270000 -0.11640000
vn -0.03150000 0.99270000 -0.11650000
vn 0.45890000 -0.88090000 -0.11640000
vn -0.45890000 0.88090000 -0.11640000
vn -0.87200000 -0.41300000 -0.26290000
vn -0.92000000 0.38160000 -0.08930000
vn 0.87190000 0.41300000 -0.26290000
vn 0.92000000 -0.38160000 -0.08930000
vn -0.65510000 -0.71850000 -0.23340000
vn -0.73210000 -0.57820000 -0.36010000
vn 0.65510000 0.71850000 -0.23340000
vn 0.73210000 0.57820000 -0.36010000
vn -0.27850000 -0.93160000 -0.23340000
vn -0.40880000 -0.83860000 -0.36010000
vn 0.27850000 0.93160000 -0.23340000
vn 0.40880000 0.83860000 -0.36010000
vn 0.15330000 -0.96020000 -0.23340000
vn -0.00440000 -0.93290000 -0.36010000
vn -0.17720000 0.54770000 0.81770000
vn 0.50490000 0.62430000 -0.59610000
vn 0.55470000 -0.79860000 -0.23340000
vn 0.40080000 -0.84240000 -0.36010000
vn -0.40080000 0.84240000 -0.36010000
vn 0.19280000 0.96610000 -0.17190000
vn 0.84630000 -0.47880000 -0.23340000
vn 0.72660000 -0.58510000 -0.36010000
vn -0.84630000 0.47880000 -0.23340000
vn -0.72660000 0.58510000 -0.36010000
vn 0.97030000 -0.06420000 -0.23340000
vn 0.90850000 -0.21190000 -0.36010000
vn -0.97030000 0.06420000 -0.23340000
vn -0.90850000 0.21190000 -0.36010000
vn -0.90940000 0.20830000 -0.36010000
vn -0.90000000 0.36810000 -0.23340000
vn 0.90940000 -0.20830000 -0.36010000
vn 0.90000000 -0.36810000 -0.23340000
vn -0.96480000 -0.00090000 -0.26290000
vn -0.66740000 -0.73930000 -0.08930000
vn 0.96480000 0.00090000 -0.26290000
vn 0.66740000 0.73930000 -0.08930000
vn -0.86890000 -0.41940000 -0.26290000
vn -0.28050000 -0.95570000 -0.08930000
vn 0.86890000 0.41940000 -0.26290000
vn 0.28190000 0.95520000 -0.09000000
vn -0.60090000 -0.75490000 -0.26290000
vn 0.16190000 -0.98280000 -0.08930000
vn 0.67630000 0.04250000 0.73540000
vn 0.03530000 -0.76300000 0.64550000
vn -0.13400000 0.97950000 -0.15070000
vn -0.21390000 -0.94080000 -0.26290000
vn 0.57230000 -0.81520000 -0.08930000
vn -0.67600000 0.04620000 0.73540000
vn -0.57870000 0.81030000 -0.09220000
vn 0.21550000 -0.94040000 -0.26290000
vn 0.86930000 -0.48610000 -0.08930000
vn -0.21720000 0.94040000 -0.26150000
vn -0.86930000 0.48610000 -0.08930000
vn 0.60220000 -0.75380000 -0.26290000
vn 0.99410000 -0.06080000 -0.08930000
vn -0.60220000 0.75380000 -0.26290000
vn -0.99410000 0.06080000 -0.08930000
vn 0.48550000 0.10660000 0.86770000
vn 0.95940000 0.00110000 -0.28210000
vn -0.48490000 0.10930000 0.86770000
vn -0.95940000 0.00640000 -0.28210000
vn 0.45990000 0.57750000 0.67450000
vn 0.95610000 -0.17710000 -0.23350000
vn -0.45670000 0.58000000 0.67450000
vn -0.95710000 -0.17180000 -0.23350000
vn 0.47810000 0.86100000 0.17320000
vn 0.96050000 -0.26330000 -0.09050000
vn -0.47340000 0.86370000 0.17320000
vn -0.96190000 -0.25800000 -0.09050000
vn 0.48610000 0.83920000 -0.24370000
vn 0.96020000 -0.27720000 0.03300000
vn -0.48140000 0.84190000 -0.24370000
vn -0.96180000 -0.27190000 0.03300000
vn 0.49790000 0.75570000 -0.42540000
vn 0.95950000 -0.26370000 0.09910000
vn -0.49370000 0.75850000 -0.42540000
vn -0.96090000 -0.25840000 0.09910000
vn -0.56690000 -0.25850000 0.78220000
vn 0.56550000 -0.26160000 0.78220000
vn -0.96450000 0.14820000 -0.21880000
vn 0.96530000 0.14280000 -0.21880000
vn -0.97730000 -0.13850000 0.16050000
vn -0.55080000 0.56590000 -0.61360000
vn 0.97650000 -0.14390000 0.16050000
vn 0.55390000 0.56280000 -0.61360000
vn -0.96290000 -0.23860000 0.12630000
vn -0.96590000 -0.21220000 0.14820000
vn -0.50400000 0.70280000 -0.50200000
vn -0.51870000 0.64050000 -0.56630000
vn 0.50790000 0.70000000 -0.50200000
vn 0.52230000 0.63760000 -0.56630000
vn 0.96150000 -0.24390000 0.12630000
vn 0.96470000 -0.21760000 0.14820000
vn 0.02230000 0.92210000 -0.38630000
vn -0.03600000 0.59900000 -0.79990000
vn -0.01720000 0.92220000 -0.38630000
vn 0.03930000 0.59880000 -0.79990000
vn 0.18030000 0.54670000 0.81770000
vn -0.03860000 -0.64110000 0.76650000
vn 0.03300000 -0.83290000 0.55240000
vn -0.03760000 -0.83270000 0.55240000
vn 0.03170000 -0.89110000 0.45270000
vn -0.03670000 -0.89090000 0.45270000
vn 0.03100000 -0.97040000 0.23940000
vn -0.03640000 -0.97020000 0.23940000
vn 0.03080000 -0.98060000 -0.19360000
vn -0.03620000 -0.98040000 -0.19360000
vn 0.02990000 -0.67130000 -0.74050000
vn -0.03360000 -0.67120000 -0.74050000
vn 0.03420000 0.04770000 -0.99830000
vn -0.03400000 0.04790000 -0.99830000
vn 0.59310000 0.13360000 -0.79400000
vn 0.47640000 0.37780000 -0.79400000
vn 0.26530000 0.54700000 -0.79400000
vn 0.00170000 0.60800000 -0.79400000
vn -0.26230000 0.54850000 -0.79400000
vn -0.47430000 0.38040000 -0.79400000
vn -0.59240000 0.13690000 -0.79400000
vn -0.59310000 -0.13360000 -0.79400000
vn -0.47640000 -0.37780000 -0.79400000
vn -0.26530000 -0.54700000 -0.79400000
vn -0.00170000 -0.60800000 -0.79400000
vn 0.26230000 -0.54850000 -0.79400000
vn 0.47430000 -0.38040000 -0.79400000
vn 0.59240000 -0.13690000 -0.79400000
vn 0.89460000 0.42780000 0.12960000
vn 0.99160000 -0.00270000 0.12960000
vn 0.62040000 0.77350000 0.12970000
vn -0.22330000 -0.96610000 0.12960000
vn 0.22320000 0.96600000 0.13040000
vn -0.99160000 0.00270000 0.12960000
vn 0.21800000 -0.96730000 0.12960000
vn 0.80570000 0.18160000 0.56370000
vn 0.64720000 0.51320000 0.56370000
vn 0.36040000 0.74310000 0.56380000
vn 0.00230000 0.82590000 0.56380000
vn -0.35630000 0.74510000 0.56380000
vn -0.64430000 0.51680000 0.56370000
vn -0.61610000 0.77690000 0.12970000
vn -0.64720000 -0.51320000 0.56370000
vn -0.72290000 -0.34570000 -0.59830000
vn -0.62040000 -0.77350000 0.12960000
vn 0.72290000 0.34570000 -0.59830000
vn -0.50130000 -0.62510000 -0.59830000
vn 0.50130000 0.62510000 -0.59830000
vn -0.18050000 -0.78070000 -0.59830000
vn 0.18050000 0.78070000 -0.59830000
vn 0.17610000 -0.78170000 -0.59830000
vn -0.17610000 0.78170000 -0.59830000
vn 0.49790000 -0.62790000 -0.59830000
vn -0.49790000 0.62790000 -0.59830000
vn 0.72100000 -0.34970000 -0.59830000
vn -0.72100000 0.34970000 -0.59830000
vn -0.82380000 0.55520000 -0.11450000
vn -0.36040000 -0.74320000 0.56370000
vn 0.82380000 -0.55520000 -0.11450000
vn 0.89220000 -0.43270000 0.12960000
vn -0.00230000 -0.82600000 0.56370000
vn -0.89220000 0.43270000 0.12960000
vn 0.35630000 -0.74510000 0.56370000
vn -0.21790000 0.96720000 0.13040000
vn 0.64430000 -0.51680000 0.56370000
vn -0.89460000 -0.42780000 0.12960000
vn 0.80470000 -0.18600000 0.56370000
vn 0.61610000 -0.77690000 0.12960000
vn -0.80470000 0.18600000 0.56370000
vn -0.80570000 -0.18160000 0.56370000
vn -0.97060000 0.22440000 0.08740000
vn 0.97060000 -0.22440000 0.08740000
vn -0.77710000 0.62320000 0.08740000
vn 0.77710000 -0.62330000 0.08740000
vn -0.43010000 0.89840000 0.08890000
vn 0.42970000 -0.89870000 0.08740000
vn 0.00270000 0.99230000 0.12370000
vn -0.00280000 -0.99620000 0.08740000
vn 0.43510000 0.89600000 0.08890000
vn -0.43470000 -0.89630000 0.08740000
vn 0.78060000 0.61890000 0.08740000
vn -0.78060000 -0.61890000 0.08740000
vn 0.97180000 0.21900000 0.08740000
vn -0.97180000 -0.21900000 0.08740000
vn -0.95140000 -0.06520000 -0.30100000
vn 0.95140000 0.06520000 -0.30100000
vn -0.82890000 -0.47150000 -0.30100000
vn 0.82890000 0.47150000 -0.30100000
vn -0.54220000 -0.78450000 -0.30100000
vn 0.54220000 0.78450000 -0.30100000
vn -0.14810000 -0.94200000 -0.30100000
vn -0.83070000 0.45460000 -0.32120000
vn 0.27530000 -0.91300000 -0.30100000
vn -0.27530000 0.91300000 -0.30100000
vn 0.64420000 -0.70320000 -0.30100000
vn -0.64420000 0.70320000 -0.30100000
vn -0.80130000 0.00220000 -0.59830000
vn 0.80130000 -0.00220000 -0.59830000
vn -0.82110000 -0.18500000 -0.53990000
vn 0.82110000 0.18500000 -0.53990000
vn -0.65950000 -0.52300000 -0.53990000
vn 0.65950000 0.52300000 -0.53990000
vn -0.36730000 -0.75730000 -0.53990000
vn 0.36730000 0.75730000 -0.53990000
vn -0.00230000 -0.84170000 -0.53990000
vn 0.00230000 0.82820000 -0.56050000
vn 0.36310000 -0.75940000 -0.53990000
vn -0.36310000 0.75940000 -0.53990000
vn 0.65660000 -0.52660000 -0.53990000
vn -0.65660000 0.52660000 -0.53990000
vn 0.82010000 -0.18960000 -0.53990000
vn -0.82010000 0.18960000 -0.53990000
vn -0.88740000 -0.34910000 -0.30100000
vn -0.79460000 -0.57130000 -0.20550000
vn -0.80170000 -0.58940000 -0.09940000
vn -0.80670000 -0.58820000 -0.05640000
vn 0.88740000 0.34910000 -0.30100000
vn 0.79460000 0.57130000 -0.20550000
vn 0.80170000 0.58940000 -0.09940000
vn 0.80670000 0.58820000 -0.05640000
vn -0.50600000 -0.85490000 -0.11450000
vn -0.98100000 0.18540000 -0.05640000
vn -0.46040000 -0.87740000 -0.13460000
vn -0.96280000 0.17530000 -0.20550000
vn 0.50600000 0.85490000 -0.11450000
vn 0.98100000 -0.18540000 -0.05640000
vn 0.46040000 0.87740000 -0.13460000
vn 0.96280000 -0.17530000 -0.20550000
vn -0.08500000 -0.98980000 -0.11450000
vn -0.96430000 -0.25860000 -0.05640000
vn -0.03410000 -0.99030000 -0.13460000
vn -0.94350000 -0.25980000 -0.20550000
vn 0.08730000 0.98960000 -0.11420000
vn 0.96430000 0.25860000 -0.05640000
vn 0.03410000 0.99030000 -0.13460000
vn 0.94350000 0.25980000 -0.20550000
vn 0.35290000 -0.92860000 -0.11450000
vn -0.75660000 -0.65140000 -0.05640000
vn 0.39900000 -0.90700000 -0.13460000
vn -0.73740000 -0.64350000 -0.20550000
vn 0.73340000 0.67110000 -0.10810000
vn 0.77050000 0.63470000 -0.05900000
vn -0.40200000 0.90530000 -0.13700000
vn 0.73740000 0.64350000 -0.20550000
vn 0.72090000 -0.68360000 -0.11450000
vn -0.39900000 -0.91520000 -0.05640000
vn 0.75300000 -0.64410000 -0.13460000
vn -0.38510000 -0.89970000 -0.20550000
vn -0.72970000 0.67520000 -0.10810000
vn 0.01820000 0.99140000 -0.12920000
vn -0.75420000 0.64250000 -0.13560000
vn -0.73380000 0.64750000 -0.20550000
vn 0.94610000 -0.30310000 -0.11450000
vn 0.03760000 -0.99770000 -0.05640000
vn 0.95790000 -0.25360000 -0.13460000
vn 0.04340000 -0.97770000 -0.20550000
vn -0.94610000 0.30300000 -0.11450000
vn -0.03910000 0.99760000 -0.05670000
vn -0.95790000 0.25360000 -0.13460000
vn -0.04340000 0.97770000 -0.20550000
vn 0.98390000 0.13740000 -0.11450000
vn 0.46670000 -0.88260000 -0.05640000
vn 0.97310000 0.18710000 -0.13460000
vn 0.46330000 -0.86210000 -0.20550000
vn -0.98390000 -0.13740000 -0.11450000
vn -0.46670000 0.88260000 -0.05640000
vn -0.97310000 -0.18710000 -0.13460000
vn -0.46330000 0.86210000 -0.20550000
vn -0.94860000 -0.21380000 -0.23340000
vn -0.95700000 -0.21560000 -0.19410000
vn -0.97130000 -0.21890000 -0.09290000
vn -0.97400000 -0.21950000 -0.05680000
vn 0.94860000 0.21380000 -0.23340000
vn 0.95700000 0.21560000 -0.19410000
vn 0.97130000 0.21890000 -0.09290000
vn 0.97400000 0.21950000 -0.05680000
vn -0.76190000 -0.60420000 -0.23340000
vn -0.76860000 -0.60950000 -0.19410000
vn -0.78020000 -0.61860000 -0.09290000
vn -0.78230000 -0.62030000 -0.05680000
vn 0.76190000 0.60420000 -0.23340000
vn 0.76860000 0.60950000 -0.19410000
vn 0.78020000 0.61860000 -0.09290000
vn 0.78230000 0.62030000 -0.05680000
vn -0.42430000 -0.87490000 -0.23340000
vn -0.42810000 -0.88260000 -0.19410000
vn -0.43450000 -0.89590000 -0.09290000
vn -0.43570000 -0.89830000 -0.05680000
vn 0.42430000 0.87490000 -0.23340000
vn 0.42810000 0.88260000 -0.19420000
vn 0.43730000 0.89430000 -0.09440000
vn 0.43940000 0.89650000 -0.05660000
vn -0.00270000 -0.97240000 -0.23340000
vn -0.00270000 -0.98100000 -0.19410000
vn -0.00280000 -0.99570000 -0.09290000
vn -0.00280000 -0.99840000 -0.05680000
vn 0.03390000 -0.79880000 0.60070000
vn 0.00270000 0.98350000 -0.18070000
vn 0.00270000 0.98690000 -0.16150000
vn -0.53940000 -0.54650000 0.64060000
vn 0.41950000 -0.87720000 -0.23340000
vn 0.42320000 -0.88500000 -0.19410000
vn 0.42950000 -0.89830000 -0.09290000
vn 0.43070000 -0.90070000 -0.05680000
vn -0.41950000 0.87720000 -0.23340000
vn -0.42320000 0.88500000 -0.19420000
vn -0.43240000 0.89670000 -0.09440000
vn -0.43450000 0.89890000 -0.05660000
vn 0.75860000 -0.60840000 -0.23340000
vn 0.76530000 -0.61370000 -0.19410000
vn 0.77670000 -0.62290000 -0.09290000
vn 0.77880000 -0.62460000 -0.05680000
vn -0.75860000 0.60840000 -0.23340000
vn -0.76530000 0.61370000 -0.19410000
vn -0.77670000 0.62290000 -0.09290000
vn -0.77880000 0.62460000 -0.05680000
vn 0.94740000 -0.21900000 -0.23340000
vn 0.95580000 -0.22090000 -0.19410000
vn 0.97010000 -0.22420000 -0.09290000
vn 0.97270000 -0.22490000 -0.05680000
vn -0.94740000 0.21900000 -0.23340000
vn -0.95580000 0.22090000 -0.19410000
vn -0.97010000 0.22420000 -0.09290000
vn -0.97270000 0.22490000 -0.05680000
vn -0.50880000 -0.11460000 -0.85320000
vn -0.40860000 -0.32400000 -0.85320000
vn -0.22760000 -0.46930000 -0.85320000
vn -0.00140000 -0.52150000 -0.85320000
vn 0.22500000 -0.47050000 -0.85320000
vn 0.40680000 -0.32630000 -0.85320000
vn 0.50810000 -0.11750000 -0.85320000
vn 0.50880000 0.11460000 -0.85320000
vn 0.40860000 0.32400000 -0.85320000
vn 0.22760000 0.46930000 -0.85320000
vn 0.00140000 0.52150000 -0.85320000
vn -0.22500000 0.47050000 -0.85320000
vn -0.40680000 0.32630000 -0.85320000
vn -0.50810000 0.11750000 -0.85320000
vn -0.54010000 -0.12170000 -0.83280000
vn -0.43380000 -0.34400000 -0.83280000
vn -0.24160000 -0.49810000 -0.83280000
vn -0.00150000 -0.55360000 -0.83280000
vn 0.23880000 -0.49950000 -0.83280000
vn 0.43190000 -0.34640000 -0.83280000
vn 0.53940000 -0.12470000 -0.83280000
vn 0.54010000 0.12170000 -0.83280000
vn 0.43380000 0.34400000 -0.83280000
vn 0.24160000 0.49810000 -0.83280000
vn 0.00150000 0.55360000 -0.83280000
vn -0.23880000 0.49950000 -0.83280000
vn -0.43190000 0.34640000 -0.83280000
vn -0.53940000 0.12470000 -0.83280000
vn 0.17880000 -0.79350000 -0.58180000
vn 0.50540000 -0.63730000 -0.58180000
vn -0.50540000 0.63730000 -0.58180000
vn -0.73180000 0.35490000 -0.58180000
vn 0.73180000 -0.35490000 -0.58180000
vn -0.81340000 0.00220000 -0.58180000
vn 0.81340000 -0.00220000 -0.58180000
vn 0.73380000 0.35090000 -0.58180000
vn -0.73380000 -0.35090000 -0.58180000
vn 0.50890000 0.63450000 -0.58180000
vn -0.50890000 -0.63450000 -0.58180000
vn 0.18320000 0.79250000 -0.58180000
vn -0.18320000 -0.79250000 -0.58180000
vn -0.17880000 0.79350000 -0.58180000
vn -0.06460000 -0.01460000 -0.99780000
vn -0.05190000 -0.04110000 -0.99780000
vn -0.02890000 -0.05960000 -0.99780000
vn -0.00020000 -0.06620000 -0.99780000
vn 0.02860000 -0.05970000 -0.99780000
vn 0.05160000 -0.04140000 -0.99780000
vn 0.06450000 -0.01490000 -0.99780000
vn 0.06460000 0.01460000 -0.99780000
vn 0.05190000 0.04110000 -0.99780000
vn 0.02890000 0.05960000 -0.99780000
vn 0.00020000 0.06620000 -0.99780000
vn -0.02860000 0.05970000 -0.99780000
vn -0.05160000 0.04140000 -0.99780000
vn -0.06450000 0.01490000 -0.99780000
vn -0.20170000 0.09780000 -0.97460000
vn -0.22410000 0.00060000 -0.97460000
vn 0.20170000 -0.09780000 -0.97460000
vn 0.22410000 -0.00060000 -0.97460000
vn 0.20220000 0.09670000 -0.97460000
vn -0.20220000 -0.09670000 -0.97460000
vn 0.14020000 0.17490000 -0.97460000
vn -0.14020000 -0.17490000 -0.97460000
vn 0.05050000 0.21840000 -0.97460000
vn -0.05050000 -0.21840000 -0.97460000
vn -0.04930000 0.21870000 -0.97460000
vn 0.04930000 -0.21870000 -0.97460000
vn -0.13930000 0.17560000 -0.97460000
vn 0.13930000 -0.17560000 -0.97460000
vn -0.00000000 -0.00000000 -1.00000000
vn -0.00000000 -0.00000000 -1.00000000
vn -0.00000000 -0.00000000 -1.00000000
vn -0.00000000 -0.00000000 -1.00000000
vn -0.00000000 -0.00000000 -1.00000000
vn -0.00000000 -0.00000000 -1.00000000
vn -0.00000000 -0.00000000 -1.00000000
vn -0.00000000 -0.00000000 -1.00000000
vn -0.00000000 -0.00000000 -1.00000000
vn -0.00000000 -0.00000000 -1.00000000
vn -0.00000000 -0.00000000 -1.00000000
vn -0.00000000 -0.00000000 -1.00000000
vn -0.00000000 -0.00000000 -1.00000000
vn -0.00000000 -0.00000000 -1.00000000
vn 0.01520000 -0.00000000 -0.99990000
vn -0.00000000 -0.00000000 -1.00000000
vn -0.01520000 -0.00000000 -0.99990000
vn -0.00000000 -0.00000000 -1.00000000
vn -0.00000000 -0.00000000 -1.00000000
vn -0.00000000 -0.00000000 -1.00000000
vn -0.00000000 -0.00000000 -1.00000000
vn -0.00000000 -0.00000000 -1.00000000
vn -0.00000000 -0.00000000 -1.00000000
vn -0.00000000 -0.00000000 -1.00000000
vn -0.00000000 -0.00000000 -1.00000000
vn -0.00000000 -0.00000000 -1.00000000
vn -0.00000000 -0.00000000 -1.00000000
vn -0.00000000 -0.00000000 -1.00000000
vn -0.00000000 -0.00000000 -1.00000000
vn -0.00000000 -0.00000000 -1.00000000
vn -0.00000000 -0.00000000 -1.00000000
vn -0.00000000 -0.00000000 -1.00000000
vn -0.00000000 -0.00000000 -1.00000000
vn -0.00000000 -0.00000000 -1.00000000
vn -0.00000000 -0.00000000 -1.00000000
vn -0.00000000 -0.00000000 -1.00000000
vn -0.00000000 -0.00000000 -1.00000000
vn -0.00000000 -0.00000000 -1.00000000
vn -0.00000000 -0.00000000 -1.00000000
vn -0.00000000 -0.00000000 -1.00000000
vn -0.00000000 -0.00000000 -1.00000000
vn -0.00000000 -0.00000000 -1.00000000
vn -0.00000000 -0.00000000 -1.00000000
vn 0.01370000 0.00660000 -0.99990000
vn -0.00000000 -0.00000000 -1.00000000
vn -0.01370000 -0.00660000 -0.99990000
vn 0.00950000 0.01180000 -0.99990000
vn -0.00950000 -0.01180000 -0.99990000
vn 0.00340000 0.01480000 -0.99990000
vn -0.00340000 -0.01480000 -0.99990000
vn -0.00330000 0.01480000 -0.99990000
vn 0.00330000 -0.01480000 -0.99990000
vn -0.00940000 0.01190000 -0.99990000
vn 0.00940000 -0.01190000 -0.99990000
vn -0.01370000 0.00660000 -0.99990000
vn 0.01370000 -0.00660000 -0.99990000
vn 0.00180000 -0.00040000 -1.00000000
vn -0.00180000 0.00040000 -1.00000000
vn 0.00150000 -0.00120000 -1.00000000
vn -0.00150000 0.00120000 -1.00000000
vn 0.00080000 -0.00170000 -1.00000000
vn -0.00080000 0.00170000 -1.00000000
vn -0.00000000 -0.00190000 -1.00000000
vn -0.00000000 0.00190000 -1.00000000
vn -0.00080000 -0.00170000 -1.00000000
vn 0.00080000 0.00170000 -1.00000000
vn -0.00150000 -0.00120000 -1.00000000
vn 0.00150000 0.00120000 -1.00000000
vn -0.00180000 -0.00040000 -1.00000000
vn 0.00180000 0.00040000 -1.00000000
vn -0.79220000 0.59520000 -0.13460000
vn 0.79220000 -0.59520000 -0.13460000
vn -0.97700000 0.18860000 -0.09940000
vn 0.97700000 -0.18860000 -0.09940000
vn -0.96210000 -0.25400000 -0.09940000
vn 0.96210000 0.25400000 -0.09940000
vn -0.75660000 -0.64630000 -0.09940000
vn 0.76660000 0.63370000 -0.10370000
vn -0.40130000 -0.91060000 -0.09940000
vn 0.39490000 0.91200000 -0.11080000
vn 0.03360000 -0.99450000 -0.09940000
vn -0.03420000 0.99440000 -0.09950000
vn 0.46170000 -0.88140000 -0.09940000
vn -0.46170000 0.88140000 -0.09940000
vn -0.96460000 0.22300000 -0.14070000
vn 0.96460000 -0.22300000 -0.14070000
vn -0.77230000 0.61940000 -0.14070000
vn 0.77230000 -0.61940000 -0.14070000
vn -0.42780000 0.89280000 -0.14130000
vn 0.42710000 -0.89320000 -0.14070000
vn 0.00270000 0.98910000 -0.14740000
vn -0.00270000 -0.99000000 -0.14070000
vn 0.43270000 0.89040000 -0.14130000
vn -0.43200000 -0.89080000 -0.14070000
vn 0.77580000 0.61510000 -0.14070000
vn -0.77580000 -0.61510000 -0.14070000
vn 0.96580000 0.21760000 -0.14070000
vn -0.96580000 -0.21760000 -0.14070000
vn -0.82680000 -0.55070000 -0.11450000
vn -0.80350000 0.59270000 -0.05640000
vn 0.82680000 0.55070000 -0.11450000
vn 0.80350000 -0.59270000 -0.05640000
vn -0.64800000 -0.69960000 -0.30100000
vn -0.46800000 -0.85950000 -0.20550000
vn 0.64800000 0.69960000 -0.30100000
vn 0.46800000 0.85950000 -0.20550000
vn -0.28030000 -0.91150000 -0.30100000
vn -0.04880000 -0.97740000 -0.20550000
vn 0.28030000 0.91150000 -0.30100000
vn 0.04880000 0.97740000 -0.20550000
vn 0.14290000 -0.94290000 -0.30100000
vn 0.38020000 -0.90180000 -0.20550000
vn 0.83320000 0.45000000 -0.32120000
vn -0.11040000 0.98430000 -0.13780000
vn 0.53790000 -0.78750000 -0.30100000
vn 0.73380000 -0.64750000 -0.20550000
vn -0.53780000 0.78750000 -0.30100000
vn 0.11580000 0.98370000 -0.13780000
vn 0.82630000 -0.47610000 -0.30100000
vn 0.94210000 -0.26500000 -0.20550000
vn -0.82630000 0.47610000 -0.30100000
vn -0.94210000 0.26500000 -0.20550000
vn 0.95100000 -0.07050000 -0.30100000
vn 0.96380000 0.17000000 -0.20550000
vn -0.95100000 0.07050000 -0.30100000
vn -0.96380000 -0.17000000 -0.20550000
vn -0.88550000 0.35400000 -0.30100000
vn -0.79140000 0.57570000 -0.20550000
vn -0.79550000 -0.59080000 -0.13460000
vn -0.79840000 0.59380000 -0.09940000
vn 0.88550000 -0.35400000 -0.30100000
vn 0.79140000 -0.57570000 -0.20550000
vn 0.79550000 0.59080000 -0.13460000
vn 0.79840000 -0.59380000 -0.09940000
vn -0.98310000 0.14280000 -0.11450000
vn -0.47160000 -0.88000000 -0.05640000
vn -0.46660000 -0.87890000 -0.09940000
vn -0.97200000 0.19250000 -0.13460000
vn 0.98310000 -0.14280000 -0.11450000
vn 0.47160000 0.88000000 -0.05640000
vn 0.46660000 0.87890000 -0.09940000
vn 0.97200000 -0.19250000 -0.13460000
vn -0.94770000 -0.29790000 -0.11450000
vn -0.04310000 -0.99750000 -0.05640000
vn -0.03910000 -0.99430000 -0.09940000
vn -0.95930000 -0.24830000 -0.13460000
vn 0.94770000 0.29780000 -0.11450000
vn 0.04470000 0.99740000 -0.05670000
vn 0.03970000 0.99420000 -0.09950000
vn 0.95930000 0.24830000 -0.13460000
vn -0.72460000 -0.67960000 -0.11450000
vn 0.39400000 -0.91740000 -0.05640000
vn 0.39620000 -0.91280000 -0.09940000
vn -0.75660000 -0.63990000 -0.13460000
vn 0.93610000 0.31060000 0.16530000
vn -0.01280000 0.99150000 -0.12920000
vn -0.38990000 0.91420000 -0.11080000
vn 0.75780000 0.63830000 -0.13560000
vn -0.35800000 -0.92670000 -0.11450000
vn 0.75300000 -0.65560000 -0.05640000
vn 0.75300000 -0.65050000 -0.09940000
vn -0.40400000 -0.90480000 -0.13460000
vn -0.93430000 0.31580000 0.16530000
vn -0.76700000 0.63890000 -0.05900000
vn -0.76310000 0.63790000 -0.10370000
vn 0.40700000 0.90310000 -0.13700000
vn 0.07950000 -0.99020000 -0.11450000
vn 0.96290000 -0.26400000 -0.05640000
vn 0.96070000 -0.25930000 -0.09940000
vn 0.02860000 -0.99050000 -0.13460000
vn -0.08180000 0.99010000 -0.11420000
vn -0.96290000 0.26390000 -0.05640000
vn -0.96070000 0.25930000 -0.09940000
vn -0.02870000 0.99050000 -0.13460000
vn 0.50130000 -0.85770000 -0.11450000
vn 0.98210000 0.18000000 -0.05640000
vn 0.97800000 0.18320000 -0.09940000
vn 0.45550000 -0.88000000 -0.13460000
vn -0.50130000 0.85770000 -0.11450000
vn -0.98210000 -0.18000000 -0.05640000
vn -0.97800000 -0.18320000 -0.09940000
vn -0.45550000 0.88000000 -0.13460000
vn -1.00000000 0.00280000 -0.00330000
vn -0.90830000 0.21000000 -0.36180000
vn 0.90830000 -0.21000000 -0.36180000
vn -0.72730000 0.58330000 -0.36180000
vn 0.72730000 -0.58330000 -0.36180000
vn -0.40440000 0.84080000 -0.36000000
vn 0.40220000 -0.84100000 -0.36180000
vn -0.00020000 -0.08380000 0.99650000
vn -0.00260000 -0.93220000 -0.36180000
vn 0.40900000 0.83850000 -0.36000000
vn -0.40680000 -0.83880000 -0.36180000
vn 0.73050000 0.57920000 -0.36180000
vn -0.73050000 -0.57920000 -0.36180000
vn 0.90940000 0.20490000 -0.36180000
vn -0.90940000 -0.20490000 -0.36180000
vn -0.83270000 -0.39820000 -0.38480000
vn 0.57750000 0.72000000 -0.38480000
vn 0.20290000 -0.90040000 -0.38480000
vn 0.57350000 -0.72320000 -0.38480000
vn 0.83050000 -0.40280000 -0.38480000
vn -0.89630000 -0.20200000 -0.39470000
vn 0.89630000 0.20200000 -0.39470000
vn -0.71990000 -0.57090000 -0.39470000
vn 0.71990000 0.57090000 -0.39470000
vn -0.40090000 -0.82670000 -0.39470000
vn 0.40090000 0.82670000 -0.39470000
vn -0.00250000 -0.91880000 -0.39470000
vn 0.00190000 0.69960000 -0.71450000
vn 0.39640000 -0.82890000 -0.39470000
vn -0.39640000 0.82890000 -0.39470000
vn 0.71680000 -0.57490000 -0.39470000
vn -0.71680000 0.57490000 -0.39470000
vn 0.89520000 -0.20690000 -0.39470000
vn -0.89520000 0.20690000 -0.39470000
vn -0.92300000 0.00260000 -0.38480000
vn -0.96620000 0.00270000 -0.25780000
vn 0.92300000 -0.00260000 -0.38480000
vn 0.96620000 -0.00270000 -0.25780000
vn 0.99230000 -0.00270000 -0.12360000
vn 0.99750000 -0.00280000 -0.06990000
vn -0.90220000 -0.43140000 -0.00330000
vn -0.87170000 -0.41680000 -0.25780000
vn 0.90220000 0.43140000 -0.00330000
vn 0.88940000 0.42530000 -0.16780000
vn -0.62410000 -0.77820000 -0.06990000
vn -0.22520000 -0.97430000 -0.00330000
vn 0.27880000 0.96030000 0.00490000
vn 0.21930000 -0.97320000 -0.06990000
vn 0.62130000 -0.78350000 -0.00330000
vn 0.60030000 -0.75710000 -0.25780000
vn -0.62210000 0.78300000 -0.00330000
vn -0.61250000 0.77240000 -0.16780000
vn 0.89760000 -0.43530000 -0.06990000
vn 0.86930000 -0.42160000 -0.25780000
vn -0.89980000 0.43640000 -0.00330000
vn -0.88700000 0.43020000 -0.16780000
vn -0.62080000 -0.77410000 -0.12360000
vn 0.21810000 -0.96810000 -0.12360000
vn -0.99750000 0.00280000 -0.06990000
vn 1.00000000 -0.00280000 -0.00330000
vn 0.83270000 0.39820000 -0.38480000
vn 0.87170000 0.41680000 -0.25780000
vn -0.57750000 -0.72000000 -0.38480000
vn -0.20790000 -0.89930000 -0.38480000
vn 0.26940000 0.88140000 -0.38810000
vn 0.24190000 0.93610000 -0.25540000
vn -0.26450000 0.88280000 -0.38810000
vn -0.57350000 0.72320000 -0.38480000
vn -0.60030000 0.75710000 -0.25780000
vn -0.83050000 0.40280000 -0.38480000
vn -0.86930000 0.42160000 -0.25780000
vn -0.99230000 0.00270000 -0.12360000
vn 0.98580000 -0.00270000 -0.16780000
vn 0.90000000 0.43030000 -0.06990000
vn 0.89520000 0.42810000 -0.12360000
vn -0.62560000 -0.78010000 -0.00330000
vn -0.61680000 -0.76900000 -0.16780000
vn 0.62640000 0.77950000 -0.00330000
vn -0.22470000 -0.97190000 -0.06990000
vn -0.22200000 -0.96050000 -0.16780000
vn 0.21980000 -0.97550000 -0.00330000
vn -0.27350000 0.96190000 0.00490000
vn -0.21770000 0.96100000 -0.17050000
vn -0.62050000 0.78100000 -0.06990000
vn -0.61680000 0.77730000 -0.12370000
vn 0.89980000 -0.43640000 -0.00330000
vn -0.89760000 0.43530000 -0.06990000
vn -0.89290000 0.43300000 -0.12360000
vn -0.97880000 0.20330000 -0.02530000
vn -0.95110000 0.30430000 -0.05350000
vn 0.97880000 -0.20330000 -0.02530000
vn -0.96870000 0.24690000 -0.02530000
vn 0.96870000 -0.24690000 -0.02530000
vn -0.76570000 0.64260000 -0.02530000
vn -0.79370000 0.60780000 -0.02530000
vn 0.76570000 -0.64270000 -0.02530000
vn 0.79370000 -0.60780000 -0.02530000
vn -0.41440000 0.90980000 -0.02090000
vn -0.45240000 0.89150000 -0.02430000
vn 0.41100000 -0.91130000 -0.02530000
vn 0.45130000 -0.89200000 -0.02530000
vn 0.40210000 0.85390000 0.33040000
vn -0.39740000 0.85610000 0.33040000
vn -0.02510000 -0.99940000 -0.02530000
vn 0.01960000 -0.99950000 -0.02530000
vn 0.45730000 0.88900000 -0.02430000
vn 0.41950000 0.90750000 -0.02090000
vn -0.45630000 -0.88950000 -0.02530000
vn -0.41600000 -0.90900000 -0.02530000
vn 0.79700000 0.60340000 -0.02530000
vn 0.76930000 0.63840000 -0.02530000
vn -0.79700000 -0.60340000 -0.02530000
vn -0.76920000 -0.63850000 -0.02530000
vn 0.97990000 0.19790000 -0.02530000
vn 0.97010000 0.24150000 -0.02530000
vn -0.97990000 -0.19790000 -0.02530000
vn -0.97010000 -0.24150000 -0.02530000
vn -0.93750000 -0.17090000 -0.30320000
vn -0.85720000 -0.28520000 -0.42890000
vn 0.85720000 0.28520000 -0.42890000
vn -0.64850000 -0.62890000 -0.42890000
vn 0.77050000 0.56070000 -0.30320000
vn 0.64850000 0.62890000 -0.42890000
vn -0.31140000 -0.84800000 -0.42890000
vn 0.31140000 0.84800000 -0.42890000
vn -0.04200000 -0.95200000 -0.30320000
vn 0.08730000 -0.89910000 -0.42890000
vn -0.25660000 0.79820000 -0.54500000
vn 0.37520000 -0.87590000 -0.30320000
vn 0.46880000 -0.77220000 -0.42890000
vn -0.46880000 0.77220000 -0.42890000
vn 0.71810000 -0.62640000 -0.30320000
vn 0.75740000 -0.49230000 -0.42890000
vn -0.75740000 0.49230000 -0.42890000
vn -0.89660000 -0.11000000 -0.42890000
vn 0.89660000 0.11000000 -0.42890000
vn -0.76010000 -0.48810000 -0.42890000
vn 0.76010000 0.48810000 -0.42890000
vn -0.47310000 -0.76960000 -0.42890000
vn 0.47310000 0.76960000 -0.42890000
vn -0.09230000 -0.89860000 -0.42890000
vn 0.26110000 0.79680000 -0.54500000
vn 0.30680000 -0.84970000 -0.42890000
vn -0.30680000 0.84970000 -0.42890000
vn 0.64500000 -0.63250000 -0.42890000
vn -0.64500000 0.63250000 -0.42890000
vn 0.89600000 -0.11490000 -0.42890000
vn 0.85560000 -0.28990000 -0.42890000
vn -0.89600000 0.11490000 -0.42890000
vn -0.85560000 0.28990000 -0.42890000
vn -0.92020000 -0.24770000 -0.30320000
vn -0.93340000 -0.30180000 -0.19400000
vn 0.92020000 0.24770000 -0.30320000
vn 0.93340000 0.30180000 -0.19400000
vn 0.94220000 0.30540000 -0.13770000
vn 0.94740000 0.30680000 -0.09100000
vn 0.95270000 0.29910000 -0.05350000
vn -0.72860000 -0.68280000 -0.05350000
vn -0.98740000 -0.12920000 -0.09100000
vn -0.71640000 -0.68400000 -0.13770000
vn -0.97260000 -0.12770000 -0.19400000
vn 0.72860000 0.68280000 -0.05350000
vn 0.71000000 0.67690000 -0.19400000
vn 0.71640000 0.68400000 -0.13770000
vn -0.83090000 -0.55380000 -0.05350000
vn -0.83360000 -0.54480000 -0.09100000
vn -0.82090000 -0.53710000 -0.19400000
vn 0.83110000 0.55350000 -0.05350000
vn 0.34600000 0.91790000 -0.19400000
vn 0.07960000 -0.99540000 -0.05350000
vn -0.50660000 -0.84010000 -0.19400000
vn 0.52460000 0.84990000 -0.04930000
vn -0.07000000 0.97900000 -0.19170000
vn -0.08510000 -0.99490000 -0.05350000
vn -0.09380000 -0.99140000 -0.09100000
vn 0.50190000 -0.84290000 -0.19400000
vn -0.33350000 0.94020000 -0.06860000
vn -0.44620000 0.84200000 -0.30320000
vn 0.82780000 -0.55840000 -0.05350000
vn 0.34560000 -0.93390000 -0.09100000
vn 0.82620000 -0.54620000 -0.13770000
vn 0.34090000 -0.91980000 -0.19400000
vn -0.82810000 0.55810000 -0.05350000
vn -0.81790000 0.54160000 -0.19400000
vn -0.82630000 0.54620000 -0.13770000
vn 0.72480000 -0.68680000 -0.05350000
vn 0.71660000 -0.69150000 -0.09100000
vn 0.98140000 -0.13360000 -0.13770000
vn 0.70630000 -0.68080000 -0.19400000
vn -0.98810000 0.14390000 -0.05350000
vn -0.97190000 0.13310000 -0.19400000
vn -0.98140000 0.13360000 -0.13770000
vn -0.94050000 0.31060000 -0.13770000
vn -0.82930000 -0.54160000 -0.13770000
vn 0.82930000 0.54160000 -0.13770000
vn -0.51210000 -0.84780000 -0.13770000
vn 0.51880000 0.84280000 -0.14310000
vn -0.09360000 -0.98600000 -0.13770000
vn 0.09380000 0.98490000 -0.14560000
vn -0.94570000 0.31210000 -0.09100000
vn 0.72160000 0.62240000 -0.30320000
vn -0.38010000 -0.87380000 -0.30320000
vn 0.03670000 -0.95220000 -0.30320000
vn 0.49010000 0.82530000 -0.28050000
vn 0.07540000 0.97860000 -0.19170000
vn -0.76740000 0.56500000 -0.30320000
vn -0.93650000 0.17610000 -0.30320000
vn 0.72050000 0.68750000 -0.09100000
vn 0.35180000 0.93160000 -0.09110000
vn 0.08830000 -0.99190000 -0.09100000
vn -0.04320000 0.99400000 -0.10040000
vn -0.53020000 0.84240000 -0.09570000
vn -0.83070000 0.54920000 -0.09100000
vn -0.98670000 0.13460000 -0.09100000
vn -0.92090000 0.38060000 -0.08480000
vn 0.92090000 -0.38060000 -0.08480000
vn -0.96270000 -0.11500000 -0.24490000
vn 0.96270000 0.11500000 -0.24490000
vn -0.81740000 -0.52130000 -0.24490000
vn 0.81740000 0.52130000 -0.24490000
vn -0.51030000 -0.82440000 -0.24490000
vn 0.51030000 0.82440000 -0.24490000
vn -0.10210000 -0.96420000 -0.24490000
vn 0.32640000 -0.91300000 -0.24490000
vn -0.32640000 0.91300000 -0.24490000
vn 0.69020000 -0.68090000 -0.24490000
vn -0.69020000 0.68090000 -0.24490000
vn -0.91900000 -0.30900000 -0.24490000
vn -0.89480000 -0.39120000 -0.21530000
vn -0.91790000 -0.37980000 -0.11510000
vn -0.92510000 -0.37390000 -0.06560000
vn 0.91900000 0.30900000 -0.24490000
vn 0.89480000 0.39120000 -0.21530000
vn 0.91790000 0.37980000 -0.11510000
vn 0.92510000 0.37390000 -0.06560000
vn -0.66860000 -0.73870000 -0.08480000
vn -0.99610000 -0.05900000 -0.06560000
vn -0.64900000 -0.74460000 -0.15590000
vn -0.97610000 -0.03030000 -0.21530000
vn 0.66860000 0.73870000 -0.08480000
vn 0.99610000 0.05900000 -0.06560000
vn 0.64900000 0.74460000 -0.15590000
vn 0.97610000 0.03030000 -0.21530000
vn -0.28190000 -0.95570000 -0.08480000
vn -0.87180000 -0.48540000 -0.06560000
vn -0.26170000 -0.95250000 -0.15590000
vn -0.86630000 -0.45080000 -0.21530000
vn 0.28340000 0.95530000 -0.08420000
vn 0.87180000 0.48540000 -0.06560000
vn 0.26170000 0.95240000 -0.15600000
vn 0.86630000 0.45080000 -0.21530000
vn 0.16070000 -0.98340000 -0.08470000
vn -0.57490000 -0.81560000 -0.06560000
vn 0.17750000 -0.97170000 -0.15590000
vn -0.58490000 -0.78210000 -0.21530000
vn 0.58070000 0.81000000 -0.08110000
vn 0.58210000 0.81030000 -0.06790000
vn -0.17930000 0.97080000 -0.15920000
vn 0.58490000 0.78210000 -0.21530000
vn 0.57140000 -0.81630000 -0.08470000
vn -0.16410000 -0.98430000 -0.06560000
vn 0.58150000 -0.79840000 -0.15590000
vn -0.18760000 -0.95840000 -0.21530000
vn -0.57630000 0.81320000 -0.08110000
vn 0.49590000 -0.73190000 0.46730000
vn -0.58200000 0.79810000 -0.15630000
vn -0.58050000 0.78530000 -0.21530000
vn 0.86900000 -0.48750000 -0.08470000
vn 0.27920000 -0.95800000 -0.06560000
vn 0.87040000 -0.46710000 -0.15590000
vn 0.24680000 -0.94490000 -0.21530000
vn -0.86900000 0.48750000 -0.08480000
vn -0.28120000 0.95740000 -0.06620000
vn -0.87040000 0.46710000 -0.15590000
vn -0.24680000 0.94490000 -0.21530000
vn 0.99450000 -0.06220000 -0.08480000
vn 0.66720000 -0.74200000 -0.06560000
vn 0.98680000 -0.04320000 -0.15590000
vn 0.63230000 -0.74420000 -0.21530000
vn -0.99450000 0.06220000 -0.08470000
vn -0.66720000 0.74200000 -0.06560000
vn -0.98680000 0.04320000 -0.15590000
vn -0.63230000 0.74420000 -0.21530000
vn -0.90570000 0.39430000 -0.15590000
vn 0.90570000 -0.39430000 -0.15590000
vn -0.99210000 -0.05060000 -0.11510000
vn 0.99210000 0.05060000 -0.11510000
vn -0.87190000 -0.47600000 -0.11510000
vn 0.87190000 0.47600000 -0.11510000
vn -0.57900000 -0.80720000 -0.11510000
vn 0.58310000 0.80390000 -0.11730000
vn -0.17140000 -0.97850000 -0.11510000
vn 0.16840000 0.97610000 -0.13740000
vn 0.27010000 -0.95590000 -0.11510000
vn -0.27090000 0.95560000 -0.11560000
vn 0.65810000 -0.74410000 -0.11510000
vn -0.65810000 0.74410000 -0.11510000
vn -0.92300000 -0.37550000 -0.08480000
vn -0.92310000 0.37900000 -0.06560000
vn 0.92300000 0.37550000 -0.08480000
vn 0.92310000 -0.37900000 -0.06560000
vn -0.69390000 -0.67710000 -0.24490000
vn -0.63640000 -0.74070000 -0.21530000
vn 0.69390000 0.67710000 -0.24490000
vn 0.63640000 0.74070000 -0.21530000
vn -0.33140000 -0.91110000 -0.24490000
vn -0.25200000 -0.94350000 -0.21530000
vn 0.33140000 0.91110000 -0.24490000
vn 0.25200000 0.94350000 -0.21530000
vn 0.09670000 -0.96470000 -0.24490000
vn 0.18230000 -0.95940000 -0.21530000
vn -0.60640000 -0.32850000 0.72420000
vn -0.20190000 0.97940000 0.00280000
vn 0.50570000 -0.82720000 -0.24490000
vn 0.58050000 -0.78530000 -0.21530000
vn -0.50570000 0.82720000 -0.24490000
vn 0.03730000 -0.71630000 0.69680000
vn 0.81450000 -0.52590000 -0.24490000
vn 0.86370000 -0.45560000 -0.21530000
vn -0.81450000 0.52590000 -0.24490000
vn -0.86370000 0.45560000 -0.21530000
vn 0.96200000 -0.12040000 -0.24490000
vn 0.97590000 -0.03570000 -0.21530000
vn -0.96200000 0.12040000 -0.24490000
vn -0.97590000 0.03570000 -0.21530000
vn -0.91730000 0.31410000 -0.24490000
vn -0.89260000 0.39620000 -0.21530000
vn -0.90780000 -0.38930000 -0.15590000
vn -0.91580000 0.38480000 -0.11510000
vn 0.91730000 -0.31410000 -0.24490000
vn 0.89260000 -0.39620000 -0.21530000
vn 0.90780000 0.38930000 -0.15590000
vn 0.91580000 -0.38480000 -0.11510000
vn -0.99480000 -0.05670000 -0.08470000
vn -0.67130000 -0.73830000 -0.06560000
vn -0.66220000 -0.74040000 -0.11510000
vn -0.98710000 -0.03770000 -0.15590000
vn 0.99480000 0.05670000 -0.08480000
vn 0.67130000 0.73830000 -0.06560000
vn 0.66220000 0.74040000 -0.11510000
vn 0.98710000 0.03770000 -0.15590000
vn -0.87170000 -0.48270000 -0.08470000
vn -0.28450000 -0.95640000 -0.06560000
vn -0.27540000 -0.95440000 -0.11510000
vn -0.87290000 -0.46220000 -0.15590000
vn 0.87170000 0.48270000 -0.08480000
vn 0.28650000 0.95580000 -0.06620000
vn 0.27620000 0.95410000 -0.11560000
vn 0.87290000 0.46220000 -0.15590000
vn -0.57590000 -0.81310000 -0.08480000
vn 0.15870000 -0.98510000 -0.06560000
vn 0.16600000 -0.97940000 -0.11510000
vn -0.58590000 -0.79520000 -0.15590000
vn 0.52640000 -0.10030000 0.84430000
vn -0.00480000 -0.42470000 0.90530000
vn -0.16300000 0.97700000 -0.13740000
vn 0.58640000 0.79480000 -0.15630000
vn -0.16610000 -0.98250000 -0.08470000
vn 0.57040000 -0.81870000 -0.06560000
vn 0.57450000 -0.81040000 -0.11510000
vn -0.18290000 -0.97070000 -0.15590000
vn -0.57760000 0.81350000 -0.06790000
vn -0.57870000 0.80710000 -0.11730000
vn 0.18470000 0.96980000 -0.15920000
vn 0.27660000 -0.95720000 -0.08470000
vn 0.86910000 -0.49020000 -0.06560000
vn 0.86920000 -0.48090000 -0.11510000
vn 0.25640000 -0.95390000 -0.15590000
vn -0.27810000 0.95690000 -0.08420000
vn -0.86910000 0.49020000 -0.06560000
vn -0.86920000 0.48090000 -0.11510000
vn -0.25650000 0.95390000 -0.15600000
vn 0.66460000 -0.74240000 -0.08470000
vn 0.99580000 -0.06450000 -0.06560000
vn 0.99180000 -0.05610000 -0.11510000
vn 0.64490000 -0.74820000 -0.15590000
vn -0.66460000 0.74240000 -0.08470000
vn -0.99580000 0.06450000 -0.06560000
vn -0.99180000 0.05610000 -0.11510000
vn -0.64490000 0.74820000 -0.15590000
vn -0.95330000 0.22040000 -0.20640000
vn 0.95330000 -0.22040000 -0.20640000
vn -0.76330000 0.61220000 -0.20640000
vn 0.76330000 -0.61220000 -0.20640000
vn -0.42380000 0.88240000 -0.20420000
vn 0.42210000 -0.88270000 -0.20640000
vn -0.00270000 -0.97850000 -0.20640000
vn 0.42870000 0.88010000 -0.20420000
vn -0.42700000 -0.88040000 -0.20640000
vn 0.76670000 0.60790000 -0.20640000
vn -0.76670000 -0.60790000 -0.20640000
vn 0.95450000 0.21510000 -0.20640000
vn -0.95450000 -0.21510000 -0.20640000
vn -0.93970000 -0.21180000 -0.26840000
vn 0.93970000 0.21180000 -0.26840000
vn -0.75480000 -0.59850000 -0.26840000
vn 0.75480000 0.59850000 -0.26840000
vn -0.42040000 -0.86670000 -0.26840000
vn 0.42040000 0.86670000 -0.26840000
vn -0.00270000 -0.96330000 -0.26840000
vn -0.96220000 0.08400000 -0.25910000
vn 0.41560000 -0.86910000 -0.26840000
vn -0.41560000 0.86910000 -0.26840000
vn 0.75150000 -0.60270000 -0.26840000
vn -0.75150000 0.60270000 -0.26840000
vn 0.93850000 -0.21690000 -0.26840000
vn -0.93850000 0.21690000 -0.26840000
vn -0.81510000 0.48270000 -0.32020000
vn -0.80500000 0.59090000 -0.05310000
vn 0.81510000 -0.48270000 -0.32020000
vn 0.80500000 -0.59090000 -0.05310000
vn -0.96400000 0.13670000 -0.22820000
vn -0.94040000 -0.16170000 -0.29930000
vn 0.96400000 -0.13670000 -0.22820000
vn 0.94040000 0.16170000 -0.29930000
vn -0.92780000 -0.29510000 -0.22820000
vn -0.77710000 -0.55370000 -0.29930000
vn 0.92780000 0.29510000 -0.22820000
vn 0.77710000 0.55370000 -0.29930000
vn -0.70790000 -0.66840000 -0.22820000
vn -0.45990000 -0.83600000 -0.29930000
vn 0.70790000 0.66840000 -0.22820000
vn 0.45990000 0.83600000 -0.29930000
vn -0.34780000 -0.90940000 -0.22820000
vn -0.05160000 -0.95280000 -0.29930000
vn 0.50740000 -0.66700000 0.54550000
vn -0.57050000 0.54850000 -0.61130000
vn 0.08120000 -0.97020000 -0.22820000
vn 0.36690000 -0.88080000 -0.29930000
vn -0.08120000 0.97020000 -0.22820000
vn -0.36690000 0.88080000 -0.29930000
vn 0.49410000 -0.83890000 -0.22820000
vn 0.71270000 -0.63440000 -0.29930000
vn -0.49410000 0.83890000 -0.22820000
vn -0.71270000 0.63440000 -0.29930000
vn -0.91880000 -0.25720000 -0.29930000
vn -0.81220000 -0.53690000 -0.22820000
vn -0.77860000 -0.60660000 -0.16050000
vn -0.79360000 -0.59720000 -0.11640000
vn -0.80380000 -0.58990000 -0.07740000
vn -0.80820000 -0.58650000 -0.05310000
vn 0.91880000 0.25720000 -0.29930000
vn 0.81220000 0.53690000 -0.22820000
vn 0.77860000 0.60660000 -0.16050000
vn 0.79360000 0.59720000 -0.11640000
vn 0.80380000 0.58990000 -0.07740000
vn 0.80820000 0.58650000 -0.05310000
vn -0.47370000 -0.87910000 -0.05310000
vn -0.52930000 -0.78570000 -0.32020000
vn -0.98160000 0.18320000 -0.05310000
vn -0.97910000 0.18820000 -0.07740000
vn -0.43830000 -0.88440000 -0.16050000
vn -0.45590000 -0.88240000 -0.11640000
vn -0.96350000 0.21410000 -0.16050000
vn 0.47370000 0.87910000 -0.05310000
vn 0.52930000 0.78570000 -0.32020000
vn 0.98160000 -0.18320000 -0.05310000
vn 0.97910000 -0.18820000 -0.07740000
vn 0.43830000 0.88440000 -0.16050000
vn 0.45590000 0.88240000 -0.11640000
vn 0.96350000 -0.21410000 -0.16050000
vn -0.04540000 -0.99760000 -0.05310000
vn -0.13600000 -0.93750000 -0.32020000
vn -0.96390000 -0.26090000 -0.05310000
vn -0.96380000 -0.25530000 -0.07740000
vn -0.01120000 -0.98700000 -0.16050000
vn -0.02800000 -0.99280000 -0.11640000
vn -0.96100000 -0.22520000 -0.16050000
vn 0.04690000 0.99750000 -0.05330000
vn 0.13700000 0.93780000 -0.31910000
vn 0.96390000 0.26090000 -0.05310000
vn 0.96380000 0.25530000 -0.07740000
vn 0.01120000 0.98700000 -0.16050000
vn 0.02820000 0.99280000 -0.11650000
vn 0.96100000 0.22520000 -0.16050000
vn 0.39190000 -0.91850000 -0.05310000
vn 0.28420000 -0.90370000 -0.32020000
vn -0.75520000 -0.65330000 -0.05310000
vn -0.75760000 -0.64820000 -0.07740000
vn 0.41820000 -0.89410000 -0.16050000
vn 0.40560000 -0.90660000 -0.11640000
vn -0.76810000 -0.61990000 -0.16050000
vn 0.65680000 0.68460000 -0.31610000
vn 0.76300000 0.64430000 -0.05180000
vn 0.76700000 0.63640000 -0.08160000
vn -0.41570000 0.89730000 -0.14850000
vn -0.40940000 0.90410000 -0.12250000
vn 0.76820000 0.61980000 -0.16060000
vn 0.75160000 -0.65750000 -0.05310000
vn 0.64820000 -0.69090000 -0.32020000
vn -0.39700000 -0.91630000 -0.05310000
vn -0.40130000 -0.91270000 -0.07740000
vn 0.76470000 -0.62410000 -0.16050000
vn 0.75880000 -0.64090000 -0.11640000
vn -0.42310000 -0.89180000 -0.16050000
vn -0.75950000 0.64850000 -0.05180000
vn -0.65300000 0.68820000 -0.31610000
vn 0.00250000 -0.42470000 0.90530000
vn 0.33500000 0.93450000 -0.12010000
vn -0.76470000 0.62400000 -0.16060000
vn -0.76170000 0.63710000 -0.11810000
vn -0.70420000 0.67230000 -0.22820000
vn 0.96240000 -0.26620000 -0.05310000
vn 0.88380000 -0.34120000 -0.32020000
vn 0.03990000 -0.99780000 -0.05310000
vn 0.03440000 -0.99640000 -0.07740000
vn 0.95970000 -0.23050000 -0.16050000
vn 0.96170000 -0.24820000 -0.11640000
vn 0.00570000 -0.98700000 -0.16050000
vn -0.96240000 0.26620000 -0.05310000
vn -0.88380000 0.34120000 -0.32020000
vn -0.04130000 0.99770000 -0.05330000
vn -0.03540000 0.99630000 -0.07770000
vn -0.95970000 0.23050000 -0.16050000
vn -0.96170000 0.24820000 -0.11640000
vn -0.00570000 0.98700000 -0.16050000
vn 0.98260000 0.17770000 -0.05310000
vn 0.94430000 0.07600000 -0.32020000
vn 0.46880000 -0.88170000 -0.05310000
vn 0.46330000 -0.88280000 -0.07740000
vn 0.96470000 0.20870000 -0.16050000
vn 0.97410000 0.19370000 -0.11640000
vn 0.43340000 -0.88680000 -0.16050000
vn -0.98260000 -0.17770000 -0.05310000
vn -0.94430000 -0.07600000 -0.32020000
vn -0.46880000 0.88170000 -0.05310000
vn -0.46330000 0.88280000 -0.07740000
vn -0.96470000 -0.20870000 -0.16050000
vn -0.97410000 -0.19370000 -0.11640000
vn -0.43340000 0.88680000 -0.16050000
vn -0.79030000 0.60150000 -0.11640000
vn -0.77520000 0.61090000 -0.16050000
vn 0.79030000 -0.60150000 -0.11640000
vn 0.77520000 -0.61090000 -0.16050000
vn -0.97310000 0.19910000 -0.11640000
vn 0.97310000 -0.19910000 -0.11640000
vn -0.96310000 -0.24290000 -0.11640000
vn 0.96310000 0.24290000 -0.11640000
vn -0.76230000 -0.63670000 -0.11640000
vn 0.76520000 0.63290000 -0.11810000
vn -0.41060000 -0.90440000 -0.11640000
vn 0.41440000 0.90180000 -0.12250000
vn 0.02250000 -0.99300000 -0.11640000
vn -0.02270000 0.99290000 -0.11650000
vn 0.45110000 -0.88490000 -0.11640000
vn -0.45110000 0.88490000 -0.11640000
vn -0.81780000 -0.47820000 -0.32020000
vn -0.80050000 0.59430000 -0.07740000
vn 0.81780000 0.47820000 -0.32020000
vn 0.80050000 -0.59430000 -0.07740000
vn -0.71620000 -0.63040000 -0.29930000
vn -0.49880000 -0.83620000 -0.22820000
vn 0.71620000 0.63040000 -0.29930000
vn 0.49880000 0.83620000 -0.22820000
vn -0.37180000 -0.87880000 -0.29930000
vn -0.08660000 -0.96980000 -0.22820000
vn 0.37180000 0.87880000 -0.29930000
vn 0.08660000 0.96980000 -0.22820000
vn 0.04630000 -0.95300000 -0.29930000
vn 0.34270000 -0.91130000 -0.22820000
vn 0.19450000 0.75500000 0.62630000
vn 0.45530000 -0.83860000 -0.29930000
vn 0.70420000 -0.67230000 -0.22820000
vn -0.45530000 0.83860000 -0.29930000
vn 0.42060000 0.89500000 -0.14850000
vn 0.77400000 -0.55800000 -0.29930000
vn 0.92620000 -0.30020000 -0.22820000
vn -0.77400000 0.55800000 -0.29930000
vn -0.92620000 0.30020000 -0.22820000
vn 0.93950000 -0.16690000 -0.29930000
vn 0.96470000 0.13140000 -0.22820000
vn -0.93950000 0.16690000 -0.29930000
vn -0.96470000 -0.13140000 -0.22820000
vn -0.80920000 0.54140000 -0.22820000
vn -0.91740000 0.26230000 -0.29930000
vn 0.80920000 -0.54140000 -0.22820000
vn 0.91740000 -0.26230000 -0.29930000
vn -0.94380000 0.08120000 -0.32020000
vn -0.46820000 -0.88020000 -0.07740000
vn 0.94380000 -0.08120000 -0.32020000
vn 0.46820000 0.88020000 -0.07740000
vn -0.88560000 -0.33630000 -0.32020000
vn -0.03990000 -0.99620000 -0.07740000
vn 0.88560000 0.33630000 -0.32020000
vn 0.04090000 0.99610000 -0.07770000
vn -0.65200000 -0.68730000 -0.32020000
vn 0.39630000 -0.91490000 -0.07740000
vn 0.00170000 0.59810000 -0.80140000
vn -0.98870000 -0.01710000 0.14900000
vn -0.32980000 0.93640000 -0.12010000
vn -0.28920000 -0.90210000 -0.32020000
vn 0.75400000 -0.65230000 -0.07740000
vn -0.76350000 0.64060000 -0.08160000
vn 0.13080000 -0.93830000 -0.32020000
vn 0.96230000 -0.26060000 -0.07740000
vn -0.13180000 0.93850000 -0.31910000
vn -0.96230000 0.26060000 -0.07740000
vn 0.52500000 -0.78860000 -0.32020000
vn 0.98010000 0.18280000 -0.07740000
vn -0.52500000 0.78860000 -0.32020000
vn -0.98010000 -0.18280000 -0.07740000
vn -0.90000000 -0.43030000 -0.06990000
vn -0.88940000 -0.42530000 -0.16780000
vn -0.60450000 -0.75370000 -0.25780000
vn 0.62480000 0.77760000 -0.06990000
vn 0.61680000 0.76900000 -0.16780000
vn 0.60450000 0.75370000 -0.25780000
vn -0.21760000 -0.94140000 -0.25780000
vn 0.26550000 0.96160000 -0.07030000
vn 0.22310000 0.95980000 -0.17050000
vn 0.21670000 -0.96170000 -0.16780000
vn 0.21240000 -0.94260000 -0.25780000
vn -0.26020000 0.96300000 -0.07030000
vn -0.23670000 0.93740000 -0.25540000
vn 0.61980000 -0.78160000 -0.06990000
vn 0.61250000 -0.77240000 -0.16780000
vn 0.88700000 -0.43020000 -0.16780000
vn -0.98580000 0.00270000 -0.16780000
vn -0.89520000 -0.42810000 -0.12360000
vn 0.62110000 0.77390000 -0.12370000
vn -0.22350000 -0.96680000 -0.12360000
vn 0.23480000 0.96290000 -0.13290000
vn -0.22950000 0.96420000 -0.13290000
vn 0.61660000 -0.77750000 -0.12360000
vn 0.89290000 -0.43300000 -0.12360000
vn 0.95110000 -0.30430000 -0.05350000
vn 0.93750000 0.17090000 -0.30320000
vn -0.77050000 -0.56070000 -0.30320000
vn -0.45090000 -0.83950000 -0.30320000
vn 0.45090000 0.83950000 -0.30320000
vn -0.48550000 0.82800000 -0.28050000
vn -0.37520000 0.87590000 -0.30320000
vn -0.71810000 0.62640000 -0.30320000
vn -0.94220000 -0.30540000 -0.13770000
vn -0.94740000 -0.30680000 -0.09100000
vn -0.95270000 -0.29910000 -0.05350000
vn -0.98890000 -0.13840000 -0.05350000
vn -0.71000000 -0.67690000 -0.19400000
vn 0.98890000 0.13840000 -0.05350000
vn 0.98740000 0.12920000 -0.09100000
vn 0.97260000 0.12770000 -0.19400000
vn -0.36020000 -0.93130000 -0.05350000
vn -0.34600000 -0.91790000 -0.19400000
vn -0.34870000 -0.92710000 -0.13770000
vn 0.36220000 0.93060000 -0.05360000
vn 0.83370000 0.54460000 -0.09100000
vn 0.34890000 0.92700000 -0.13780000
vn 0.82090000 0.53710000 -0.19400000
vn -0.50830000 -0.85950000 -0.05350000
vn -0.51470000 -0.85250000 -0.09100000
vn 0.08650000 -0.97720000 -0.19400000
vn 0.08810000 -0.98650000 -0.13770000
vn 0.53490000 0.83950000 -0.09570000
vn -0.08830000 0.98540000 -0.14560000
vn 0.50680000 0.83990000 -0.19430000
vn 0.50360000 -0.86230000 -0.05350000
vn 0.50740000 -0.85060000 -0.13770000
vn -0.09190000 -0.97670000 -0.19400000
vn -0.51990000 0.85280000 -0.04930000
vn 0.04870000 0.99370000 -0.10040000
vn -0.50210000 0.84270000 -0.19430000
vn -0.51420000 0.84570000 -0.14310000
vn 0.35500000 -0.93330000 -0.05350000
vn 0.81790000 -0.54160000 -0.19400000
vn -0.35700000 0.93260000 -0.05360000
vn -0.34660000 0.93360000 -0.09110000
vn -0.34090000 0.91980000 -0.19400000
vn 0.98810000 -0.14390000 -0.05350000
vn 0.97190000 -0.13310000 -0.19400000
vn -0.72480000 0.68690000 -0.05350000
vn -0.71660000 0.69150000 -0.09100000
vn -0.70630000 0.68080000 -0.19400000
vn -0.93170000 0.30700000 -0.19400000
vn 0.94050000 -0.31060000 -0.13770000
vn 0.93170000 -0.30700000 -0.19400000
vn -0.98210000 -0.12820000 -0.13770000
vn 0.98210000 0.12820000 -0.13770000
vn 0.34350000 -0.92900000 -0.13770000
vn -0.34370000 0.92890000 -0.13780000
vn 0.71260000 -0.68790000 -0.13770000
vn -0.71260000 0.68790000 -0.13770000
vn 0.94570000 -0.31210000 -0.09100000
vn -0.72160000 -0.62240000 -0.30320000
vn 0.38010000 0.87390000 -0.30320000
vn 0.44620000 -0.84200000 -0.30320000
vn 0.76740000 -0.56500000 -0.30320000
vn 0.93650000 -0.17610000 -0.30320000
vn -0.91880000 0.25280000 -0.30320000
vn 0.91880000 -0.25280000 -0.30320000
vn -0.72050000 -0.68750000 -0.09100000
vn -0.35080000 -0.93200000 -0.09100000
vn 0.33870000 0.93840000 -0.06860000
vn 0.51000000 -0.85540000 -0.09100000
vn 0.83060000 -0.54940000 -0.09100000
vn 0.98670000 -0.13460000 -0.09100000
vn 0.92590000 0.03620000 0.37600000
vn -0.92570000 0.04130000 0.37600000
vn 0.00040000 0.13650000 0.99060000
vn 0.95620000 -0.09210000 -0.27800000
vn -0.45860000 0.34300000 0.81970000
vn 0.98860000 -0.02250000 0.14900000
vn -0.95670000 -0.08680000 -0.27800000
vn 0.96260000 0.07860000 -0.25910000
vn 0.91420000 0.27660000 0.29620000
vn -0.91270000 0.28160000 0.29620000
vn 0.00180000 0.64420000 0.76490000
vn -0.95960000 -0.22820000 -0.16480000
vn 0.95830000 -0.23350000 -0.16480000
vn -0.46620000 0.76670000 0.44140000
vn 0.47040000 0.76410000 0.44140000
vn 0.46050000 0.34050000 0.81970000
vn 0.91900000 0.39100000 0.05070000
vn -0.91680000 0.39610000 0.05070000
vn 0.00270000 0.97800000 0.20870000
vn 0.48240000 0.87330000 -0.06850000
vn -0.96210000 -0.27190000 -0.02230000
vn -0.47760000 0.87590000 -0.06850000
vn 0.92180000 0.36490000 -0.13060000
vn -0.91980000 0.37000000 -0.13060000
vn 0.00270000 0.96310000 -0.26920000
vn -0.96140000 -0.26500000 0.07360000
vn 0.96000000 -0.27030000 0.07360000
vn -0.48700000 0.79610000 -0.35920000
vn 0.49140000 0.79340000 -0.35920000
vn 0.96060000 -0.27720000 -0.02230000
vn 0.92690000 0.31600000 -0.20240000
vn -0.92520000 0.32110000 -0.20240000
vn 0.00240000 0.87620000 -0.48200000
vn -0.52700000 -0.09740000 0.84430000
vn 0.60450000 -0.33180000 0.72420000
vn -0.94890000 0.25740000 -0.18250000
vn 0.95030000 0.25210000 -0.18250000
vn -0.00080000 -0.28330000 0.95900000
vn -0.95390000 -0.11650000 0.27640000
vn 0.95330000 -0.12180000 0.27640000
vn -0.93500000 0.23620000 -0.26460000
vn 0.93630000 0.23100000 -0.26460000
vn 0.00190000 0.68310000 -0.73030000
vn 0.57350000 0.54530000 -0.61130000
vn 0.96870000 -0.19220000 0.15690000
vn 0.53290000 0.60200000 -0.59470000
vn -0.52960000 0.60490000 -0.59470000
vn -0.96980000 -0.18690000 0.15690000
vn -0.96160000 -0.24990000 0.11390000
vn -0.96420000 -0.22630000 0.13820000
vn -0.49880000 0.73110000 -0.46550000
vn -0.51060000 0.67190000 -0.53660000
vn 0.50290000 0.72830000 -0.46550000
vn 0.51430000 0.66900000 -0.53660000
vn 0.96020000 -0.25520000 0.11390000
vn 0.96290000 -0.23170000 0.13820000
vn -0.93270000 0.25860000 -0.25130000
vn -0.92830000 0.29160000 -0.23070000
vn 0.00210000 0.75460000 -0.65610000
vn 0.00230000 0.81840000 -0.57470000
vn 0.93410000 0.25340000 -0.25130000
vn 0.92990000 0.28650000 -0.23070000
vn -0.02160000 0.79050000 -0.61210000
vn -0.52460000 0.51480000 -0.67800000
vn -0.10770000 0.94320000 -0.31430000
vn 0.02600000 0.79040000 -0.61210000
vn 0.11290000 0.94260000 -0.31430000
vn 0.52750000 0.51190000 -0.67800000
vn 0.00250000 0.91720000 -0.39840000
vn 0.08490000 0.97210000 -0.21880000
vn -0.07960000 0.97250000 -0.21880000
vn -0.19030000 0.75600000 0.62630000
vn 0.53630000 -0.54950000 0.64060000
vn 0.00150000 0.55100000 0.83450000
vn 0.20730000 0.97830000 0.00280000
vn -0.00180000 -0.64170000 0.76690000
vn 0.48900000 -0.78460000 0.38110000
vn 0.03230000 -0.86290000 0.50430000
vn 0.49030000 -0.85000000 0.19270000
vn 0.03130000 -0.92800000 0.37130000
vn 0.49320000 -0.84990000 -0.18540000
vn 0.03090000 -0.99810000 0.05230000
vn 0.48120000 -0.57930000 -0.65790000
vn 0.03030000 -0.88030000 -0.47340000
vn 0.50210000 0.03360000 -0.86410000
vn 0.03100000 -0.34240000 -0.93900000
vn 0.03820000 0.36860000 -0.92880000
vn -0.00210000 -0.76280000 0.64660000
vn -0.04120000 -0.71600000 0.69680000
vn -0.00230000 -0.83290000 0.55350000
vn -0.03840000 -0.79860000 0.60070000
vn -0.00250000 -0.89120000 0.45370000
vn -0.03710000 -0.86270000 0.50430000
vn -0.00270000 -0.97070000 0.24040000
vn -0.03640000 -0.92780000 0.37130000
vn -0.00270000 -0.98120000 -0.19290000
vn -0.03650000 -0.99800000 0.05230000
vn -0.00190000 -0.67220000 -0.74040000
vn -0.03520000 -0.88010000 -0.47340000
vn 0.00010000 0.04840000 -0.99880000
vn -0.03280000 -0.34220000 -0.93900000
vn -0.03610000 0.36880000 -0.92880000
vn -0.51110000 -0.66420000 0.54550000
vn -0.49990000 -0.72920000 0.46730000
vn -0.49330000 -0.78190000 0.38110000
vn -0.49500000 -0.84730000 0.19270000
vn -0.49790000 -0.84720000 -0.18540000
vn -0.48430000 -0.57660000 -0.65790000
vn -0.50200000 0.03640000 -0.86410000
vn 0.43280000 0.89200000 0.13060000
vn 0.96730000 0.21800000 0.13000000
vn -0.96600000 0.22330000 0.13000000
vn -0.77690000 -0.61610000 0.13000000
vn -0.00270000 -0.99150000 0.13000000
vn 0.77350000 -0.62030000 0.13000000
vn 0.00270000 0.99140000 0.13070000
vn 0.77690000 0.61600000 0.13010000
vn -0.96730000 -0.21800000 0.13000000
vn -0.77350000 0.62030000 0.13010000
vn 0.42770000 -0.89450000 0.13000000
vn -0.43270000 -0.89210000 0.13000000
vn -0.42780000 0.89440000 0.13060000
vn 0.96600000 -0.22330000 0.13000000
vn -0.97170000 0.22460000 -0.07370000
vn 0.97170000 -0.22460000 -0.07370000
vn -0.77800000 0.62390000 -0.07370000
vn 0.77800000 -0.62390000 -0.07370000
vn -0.43300000 0.89850000 -0.07190000
vn 0.43020000 -0.89970000 -0.07370000
vn -0.00280000 -0.99730000 -0.07370000
vn 0.43790000 0.89610000 -0.07190000
vn -0.43520000 -0.89730000 -0.07370000
vn 0.78140000 0.61960000 -0.07370000
vn -0.78140000 -0.61960000 -0.07370000
vn 0.97290000 0.21920000 -0.07370000
vn -0.97290000 -0.21920000 -0.07370000
vn -0.78100000 -0.17600000 -0.59930000
vn 0.78100000 0.17600000 -0.59930000
vn -0.62730000 -0.49740000 -0.59930000
vn 0.62730000 0.49740000 -0.59930000
vn -0.34930000 -0.72030000 -0.59930000
vn 0.34930000 0.72030000 -0.59930000
vn -0.00220000 -0.80060000 -0.59930000
vn 0.00220000 0.80060000 -0.59930000
vn 0.34540000 -0.72220000 -0.59930000
vn -0.34540000 0.72220000 -0.59930000
vn 0.62450000 -0.50090000 -0.59930000
vn -0.62450000 0.50090000 -0.59930000
vn 0.78000000 -0.18030000 -0.59930000
vn -0.78000000 0.18030000 -0.59930000
vn -0.94700000 -0.21340000 -0.23990000
vn -0.95130000 -0.21440000 -0.22180000
vn -0.96850000 -0.21820000 -0.11980000
vn -0.97330000 -0.21930000 -0.06820000
vn 0.94700000 0.21340000 -0.23990000
vn 0.95130000 0.21440000 -0.22180000
vn 0.96850000 0.21820000 -0.11980000
vn 0.97330000 0.21930000 -0.06820000
vn -0.76070000 -0.60320000 -0.23990000
vn -0.76400000 -0.60590000 -0.22180000
vn -0.77790000 -0.61680000 -0.11980000
vn -0.78170000 -0.61990000 -0.06820000
vn 0.76070000 0.60320000 -0.23990000
vn 0.76400000 0.60590000 -0.22180000
vn 0.77790000 0.61690000 -0.11980000
vn 0.78170000 0.61990000 -0.06820000
vn -0.42360000 -0.87350000 -0.23990000
vn -0.42550000 -0.87740000 -0.22180000
vn -0.43320000 -0.89330000 -0.11980000
vn -0.43540000 -0.89770000 -0.06820000
vn 0.42360000 0.87350000 -0.23990000
vn 0.42550000 0.87740000 -0.22180000
vn 0.43490000 0.89230000 -0.12090000
vn 0.43910000 0.89570000 -0.06950000
vn -0.00270000 -0.97080000 -0.23990000
vn -0.00270000 -0.97510000 -0.22180000
vn -0.00270000 -0.99280000 -0.11980000
vn -0.00280000 -0.99770000 -0.06820000
vn 0.94160000 -0.06450000 0.33050000
vn 0.00270000 0.98950000 -0.14440000
vn 0.00270000 0.97260000 -0.23250000
vn 0.41880000 -0.87580000 -0.23990000
vn 0.42070000 -0.87970000 -0.22180000
vn 0.42830000 -0.89570000 -0.11980000
vn 0.43040000 -0.90010000 -0.06820000
vn -0.41880000 0.87580000 -0.23990000
vn -0.42070000 0.87970000 -0.22180000
vn -0.42990000 0.89470000 -0.12090000
vn -0.43420000 0.89810000 -0.06950000
vn 0.75730000 -0.60740000 -0.23990000
vn 0.76070000 -0.61010000 -0.22180000
vn 0.77450000 -0.62110000 -0.11980000
vn 0.77830000 -0.62420000 -0.06820000
vn -0.75730000 0.60740000 -0.23990000
vn -0.76070000 0.61010000 -0.22180000
vn -0.77450000 0.62110000 -0.11980000
vn -0.77830000 0.62420000 -0.06820000
vn 0.94580000 -0.21860000 -0.23990000
vn 0.95010000 -0.21960000 -0.22180000
vn 0.96730000 -0.22360000 -0.11980000
vn 0.97200000 -0.22470000 -0.06820000
vn -0.94580000 0.21860000 -0.23990000
vn -0.95010000 0.21960000 -0.22180000
vn -0.96730000 0.22360000 -0.11980000
vn -0.97200000 0.22470000 -0.06820000
vn 0.35090000 -0.73380000 -0.58180000
vn -0.63450000 0.50890000 -0.58180000
vn 0.63450000 -0.50890000 -0.58180000
vn -0.79250000 0.18320000 -0.58180000
vn 0.79250000 -0.18320000 -0.58180000
vn 0.79350000 0.17880000 -0.58180000
vn -0.79350000 -0.17880000 -0.58180000
vn 0.63730000 0.50540000 -0.58180000
vn -0.63730000 -0.50540000 -0.58180000
vn 0.35490000 0.73180000 -0.58180000
vn -0.35490000 -0.73180000 -0.58180000
vn 0.00220000 0.81340000 -0.58180000
vn -0.00220000 -0.81340000 -0.58180000
vn -0.35090000 0.73380000 -0.58180000
vn -0.21830000 0.05050000 -0.97460000
vn 0.21830000 -0.05050000 -0.97460000
vn 0.21860000 0.04930000 -0.97460000
vn -0.21860000 -0.04930000 -0.97460000
vn 0.17560000 0.13920000 -0.97460000
vn -0.17560000 -0.13920000 -0.97460000
vn 0.09780000 0.20160000 -0.97460000
vn -0.09780000 -0.20160000 -0.97460000
vn 0.00060000 0.22410000 -0.97460000
vn -0.00060000 -0.22410000 -0.97460000
vn -0.09670000 0.20220000 -0.97460000
vn 0.09670000 -0.20220000 -0.97460000
vn -0.17480000 0.14020000 -0.97460000
vn 0.17480000 -0.14020000 -0.97460000
vn -0.00000000 -0.00000000 -1.00000000
vn -0.00000000 -0.00000000 -1.00000000
vn -0.00000000 -0.00000000 -1.00000000
vn -0.00000000 -0.00000000 -1.00000000
vn -0.00000000 -0.00000000 -1.00000000
vn -0.00000000 -0.00000000 -1.00000000
vn -0.00000000 -0.00000000 -1.00000000
vn -0.00000000 -0.00000000 -1.00000000
vn -0.00000000 -0.00000000 -1.00000000
vn -0.00000000 -0.00000000 -1.00000000
vn -0.00000000 -0.00000000 -1.00000000
vn -0.00000000 -0.00000000 -1.00000000
vn -0.00000000 -0.00000000 -1.00000000
vn -0.00000000 -0.00000000 -1.00000000
vn -0.00000000 -0.00000000 -1.00000000
vn -0.00000000 -0.00000000 -1.00000000
vn -0.00000000 -0.00000000 -1.00000000
vn -0.00000000 -0.00000000 -1.00000000
vn -0.00000000 -0.00000000 -1.00000000
vn -0.00000000 -0.00000000 -1.00000000
vn -0.00000000 -0.00000000 -1.00000000
vn -0.00000000 -0.00000000 -1.00000000
vn -0.00000000 -0.00000000 -1.00000000
vn -0.00000000 -0.00000000 -1.00000000
vn -0.00000000 -0.00000000 -1.00000000
vn -0.00000000 -0.00000000 -1.00000000
vn -0.00000000 -0.00000000 -1.00000000
vn -0.00000000 -0.00000000 -1.00000000
vn 0.01480000 -0.00340000 -0.99990000
vn -0.01480000 0.00340000 -0.99990000
vn 0.01180000 -0.00950000 -0.99990000
vn -0.01180000 0.00950000 -0.99990000
vn 0.00650000 -0.01370000 -0.99990000
vn -0.00650000 0.01370000 -0.99990000
vn -0.00000000 -0.01520000 -0.99990000
vn -0.00000000 0.01520000 -0.99990000
vn -0.00660000 -0.01370000 -0.99990000
vn 0.00660000 0.01370000 -0.99990000
vn -0.01190000 -0.00940000 -0.99990000
vn 0.01190000 0.00940000 -0.99990000
vn -0.01480000 -0.00330000 -0.99990000
vn 0.01480000 0.00330000 -0.99990000
vn -0.96130000 0.22220000 -0.16300000
vn 0.96130000 -0.22220000 -0.16300000
vn -0.76970000 0.61730000 -0.16300000
vn 0.76970000 -0.61730000 -0.16300000
vn -0.42580000 0.89000000 -0.16320000
vn 0.42560000 -0.89010000 -0.16300000
vn 0.00270000 0.98600000 -0.16640000
vn -0.00270000 -0.98660000 -0.16300000
vn 0.43070000 0.88760000 -0.16320000
vn -0.43050000 -0.88770000 -0.16300000
vn 0.77310000 0.61300000 -0.16300000
vn -0.77310000 -0.61300000 -0.16300000
vn 0.96250000 0.21690000 -0.16300000
vn -0.96250000 -0.21690000 -0.16300000
vn 0.92940000 0.25080000 -0.27080000
vn 0.00280000 1.00000000 -0.00110000
vn -0.96600000 0.25410000 -0.04790000
vn 0.96600000 -0.25410000 -0.04790000
vn -0.97360000 0.22500000 -0.03860000
vn 0.97360000 -0.22500000 -0.03860000
vn -0.77950000 0.62520000 -0.03860000
vn 0.77950000 -0.62520000 -0.03860000
vn -0.43230000 0.90100000 -0.03650000
vn 0.43110000 -0.90150000 -0.03860000
vn 0.00220000 0.79590000 0.60550000
vn -0.00280000 -0.99930000 -0.03860000
vn 0.43730000 0.89860000 -0.03650000
vn -0.43600000 -0.89910000 -0.03860000
vn 0.78300000 0.62080000 -0.03860000
vn -0.78300000 -0.62090000 -0.03860000
vn 0.97480000 0.21970000 -0.03860000
vn -0.97480000 -0.21970000 -0.03860000
vn -0.90000000 -0.24990000 -0.35720000
vn 0.90000000 0.24990000 -0.35720000
vn -0.70240000 -0.61570000 -0.35720000
vn 0.70240000 0.61570000 -0.35720000
vn -0.36570000 -0.85940000 -0.35720000
vn 0.36570000 0.85940000 -0.35720000
vn 0.04340000 -0.93300000 -0.35720000
vn -0.50230000 0.76710000 -0.39900000
vn 0.44390000 -0.82180000 -0.35720000
vn -0.44390000 0.82180000 -0.35720000
vn 0.75650000 -0.54780000 -0.35720000
vn -0.75650000 0.54780000 -0.35720000
vn -0.85940000 -0.19370000 -0.47320000
vn 0.85940000 0.19370000 -0.47320000
vn -0.69030000 -0.54740000 -0.47320000
vn 0.69030000 0.54740000 -0.47320000
vn -0.38440000 -0.79270000 -0.47320000
vn 0.38440000 0.79270000 -0.47320000
vn -0.00240000 -0.88100000 -0.47320000
vn 0.00220000 0.79580000 -0.60560000
vn 0.38000000 -0.79480000 -0.47320000
vn -0.38000000 0.79480000 -0.47320000
vn 0.68720000 -0.55120000 -0.47320000
vn -0.68720000 0.55120000 -0.47320000
vn 0.85830000 -0.19840000 -0.47320000
vn -0.85830000 0.19840000 -0.47320000
vn -0.92020000 -0.16020000 -0.35720000
vn -0.92530000 -0.28950000 -0.24510000
vn -0.94470000 -0.30620000 -0.11750000
vn -0.94930000 -0.30730000 -0.06650000
vn 0.92020000 0.16020000 -0.35720000
vn 0.92530000 0.28950000 -0.24510000
vn 0.94470000 0.30620000 -0.11750000
vn 0.94930000 0.30730000 -0.06650000
vn -0.76370000 -0.64380000 -0.04790000
vn -0.98930000 -0.12950000 -0.06650000
vn -0.71400000 -0.68170000 -0.15950000
vn -0.96000000 -0.13530000 -0.24510000
vn 0.76370000 0.64380000 -0.04790000
vn 0.98930000 0.12950000 -0.06650000
vn 0.71400000 0.68170000 -0.15950000
vn 0.96000000 0.13530000 -0.24510000
vn -0.40870000 -0.91140000 -0.04790000
vn -0.83520000 -0.54600000 -0.06650000
vn -0.34760000 -0.92400000 -0.15950000
vn -0.80620000 -0.53840000 -0.24510000
vn 0.41060000 0.91060000 -0.04760000
vn 0.83530000 0.54570000 -0.06650000
vn 0.34760000 0.92400000 -0.15950000
vn 0.80620000 0.53840000 -0.24510000
vn 0.02720000 -0.99850000 -0.04790000
vn -0.51560000 -0.85430000 -0.06650000
vn 0.08780000 -0.98330000 -0.15950000
vn -0.49280000 -0.83490000 -0.24510000
vn 0.47260000 0.88030000 -0.04160000
vn 0.53610000 0.84150000 -0.06690000
vn -0.08890000 0.98270000 -0.16240000
vn 0.49280000 0.83490000 -0.24510000
vn 0.45770000 -0.88780000 -0.04790000
vn -0.09390000 -0.99340000 -0.06650000
vn 0.50570000 -0.84780000 -0.15950000
vn -0.08170000 -0.96600000 -0.24510000
vn -0.46770000 0.88290000 -0.04160000
vn -0.11550000 0.98960000 -0.08560000
vn -0.50740000 0.84640000 -0.16150000
vn -0.48810000 0.83760000 -0.24510000
vn 0.79760000 -0.60130000 -0.04790000
vn 0.34640000 -0.93570000 -0.06650000
vn 0.82350000 -0.54450000 -0.15950000
vn 0.34550000 -0.90580000 -0.24510000
vn -0.79780000 0.60100000 -0.04790000
vn -0.34790000 0.93520000 -0.06660000
vn -0.82350000 0.54440000 -0.15950000
vn -0.34550000 0.90580000 -0.24510000
vn 0.97950000 -0.19570000 -0.04790000
vn 0.71810000 -0.69270000 -0.06650000
vn 0.97820000 -0.13320000 -0.15950000
vn 0.70430000 -0.66620000 -0.24510000
vn -0.97950000 0.19570000 -0.04790000
vn -0.71810000 0.69270000 -0.06650000
vn -0.97820000 0.13320000 -0.15950000
vn -0.70430000 0.66620000 -0.24510000
vn -0.93740000 0.30960000 -0.15950000
vn 0.93740000 -0.30960000 -0.15950000
vn -0.98470000 -0.12850000 -0.11750000
vn 0.98470000 0.12850000 -0.11750000
vn -0.83140000 -0.54310000 -0.11750000
vn 0.83150000 0.54300000 -0.11750000
vn -0.51350000 -0.85000000 -0.11750000
vn 0.52790000 0.84010000 -0.12450000
vn -0.09380000 -0.98860000 -0.11750000
vn 0.08700000 0.98800000 -0.12780000
vn 0.34440000 -0.93140000 -0.11750000
vn -0.34500000 0.93120000 -0.11760000
vn 0.71450000 -0.68970000 -0.11750000
vn -0.71450000 0.68970000 -0.11750000
vn -0.96740000 -0.24870000 -0.04790000
vn -0.94760000 0.31250000 -0.06650000
vn 0.96740000 0.24870000 -0.04790000
vn 0.94760000 -0.31260000 -0.06650000
vn -0.75950000 -0.54360000 -0.35720000
vn -0.70800000 -0.66230000 -0.24510000
vn 0.75950000 0.54360000 -0.35720000
vn 0.70800000 0.66230000 -0.24510000
vn -0.44850000 -0.81930000 -0.35720000
vn -0.35050000 -0.90390000 -0.24510000
vn 0.44850000 0.81930000 -0.35720000
vn 0.35050000 0.90390000 -0.24510000
vn -0.04860000 -0.93280000 -0.35720000
vn 0.07640000 -0.96650000 -0.24510000
vn 0.50650000 0.76440000 -0.39900000
vn 0.13310000 0.96450000 -0.22830000
vn 0.36090000 -0.86150000 -0.35720000
vn 0.48810000 -0.83760000 -0.24510000
vn -0.36090000 0.86150000 -0.35720000
vn -0.12780000 0.96520000 -0.22830000
vn 0.69900000 -0.61950000 -0.35720000
vn 0.80320000 -0.54290000 -0.24510000
vn -0.69900000 0.61950000 -0.35720000
vn -0.80320000 0.54290000 -0.24510000
vn 0.89860000 -0.25490000 -0.35720000
vn 0.95920000 -0.14060000 -0.24510000
vn -0.89860000 0.25490000 -0.35720000
vn -0.95920000 0.14060000 -0.24510000
vn -0.91930000 0.16530000 -0.35720000
vn -0.92360000 0.29460000 -0.24510000
vn -0.93910000 -0.30440000 -0.15950000
vn -0.94300000 0.31140000 -0.11750000
vn 0.91930000 -0.16530000 -0.35720000
vn 0.92360000 -0.29460000 -0.24510000
vn 0.93910000 0.30440000 -0.15950000
vn 0.94300000 -0.31140000 -0.11750000
vn -0.98060000 -0.19020000 -0.04790000
vn -0.72190000 -0.68880000 -0.06650000
vn -0.71830000 -0.68580000 -0.11750000
vn -0.97890000 -0.12780000 -0.15950000
vn 0.98060000 0.19020000 -0.04790000
vn 0.72190000 0.68880000 -0.06650000
vn 0.71830000 0.68580000 -0.11750000
vn 0.97890000 0.12780000 -0.15950000
vn -0.80090000 -0.59690000 -0.04790000
vn -0.35160000 -0.93380000 -0.06650000
vn -0.34960000 -0.92950000 -0.11750000
vn -0.82650000 -0.53990000 -0.15950000
vn 0.80110000 0.59660000 -0.04790000
vn 0.35310000 0.93320000 -0.06660000
vn 0.35010000 0.92930000 -0.11760000
vn 0.82650000 0.53990000 -0.15950000
vn -0.46260000 -0.88530000 -0.04790000
vn 0.08840000 -0.99390000 -0.06650000
vn 0.08830000 -0.98910000 -0.11750000
vn -0.51040000 -0.84500000 -0.15950000
vn 0.50380000 0.86300000 0.03730000
vn 0.12090000 0.98900000 -0.08560000
vn -0.08150000 0.98840000 -0.12780000
vn 0.51210000 0.84360000 -0.16150000
vn -0.03270000 -0.99830000 -0.04790000
vn 0.51080000 -0.85710000 -0.06650000
vn 0.50880000 -0.85290000 -0.11750000
vn -0.09320000 -0.98280000 -0.15950000
vn -0.49900000 0.86580000 0.03730000
vn -0.53150000 0.84440000 -0.06690000
vn -0.52330000 0.84300000 -0.12450000
vn 0.09430000 0.98220000 -0.16240000
vn 0.40370000 -0.91370000 -0.04790000
vn 0.83210000 -0.55060000 -0.06650000
vn 0.82840000 -0.54770000 -0.11750000
vn 0.34240000 -0.92590000 -0.15950000
vn -0.40550000 0.91280000 -0.04760000
vn -0.83230000 0.55030000 -0.06650000
vn -0.82850000 0.54760000 -0.11750000
vn -0.34250000 0.92590000 -0.15950000
vn 0.76010000 -0.64800000 -0.04790000
vn 0.98860000 -0.13500000 -0.06650000
vn 0.98400000 -0.13400000 -0.11750000
vn 0.71030000 -0.68560000 -0.15950000
vn -0.76010000 0.64800000 -0.04790000
vn -0.98860000 0.13500000 -0.06650000
vn -0.98400000 0.13400000 -0.11750000
vn -0.71030000 0.68560000 -0.15950000
vn -0.79700000 0.59240000 -0.11740000
vn 0.79700000 -0.59240000 -0.11740000
vn -0.96620000 0.00060000 -0.25780000
vn 0.96620000 -0.00050000 -0.25780000
vn -0.87080000 -0.41870000 -0.25780000
vn 0.87080000 0.41870000 -0.25780000
vn -0.60290000 -0.75510000 -0.25780000
vn 0.60290000 0.75510000 -0.25780000
vn -0.21550000 -0.94190000 -0.25780000
vn -0.94190000 -0.05920000 0.33050000
vn 0.21450000 -0.94210000 -0.25780000
vn -0.21450000 0.94210000 -0.25780000
vn 0.60200000 -0.75580000 -0.25780000
vn -0.60200000 0.75580000 -0.25780000
vn -0.87260000 -0.41490000 -0.25780000
vn -0.77980000 -0.59530000 -0.19390000
vn -0.79890000 -0.59310000 -0.09960000
vn -0.80760000 -0.58700000 -0.05690000
vn 0.87260000 0.41490000 -0.25780000
vn 0.77980000 0.59530000 -0.19390000
vn 0.79890000 0.59310000 -0.09960000
vn 0.80760000 0.58700000 -0.05690000
vn -0.46590000 -0.87700000 -0.11740000
vn -0.98130000 0.18380000 -0.05690000
vn -0.44750000 -0.88420000 -0.13400000
vn -0.95970000 0.20330000 -0.19390000
vn 0.46590000 0.87700000 -0.11740000
vn 0.98130000 -0.18380000 -0.05690000
vn 0.44750000 0.88420000 -0.13400000
vn 0.95970000 -0.20330000 -0.19390000
vn -0.03930000 -0.99230000 -0.11740000
vn -0.96390000 -0.26010000 -0.05690000
vn -0.01960000 -0.99080000 -0.13400000
vn -0.95290000 -0.23320000 -0.19390000
vn 0.04070000 0.99230000 -0.11720000
vn 0.96390000 0.26010000 -0.05690000
vn 0.01970000 0.99080000 -0.13410000
vn 0.95290000 0.23320000 -0.19390000
vn 0.39520000 -0.91110000 -0.11740000
vn -0.75560000 -0.65260000 -0.05690000
vn 0.41220000 -0.90120000 -0.13400000
vn -0.75730000 -0.62360000 -0.19390000
vn 0.76100000 0.63900000 -0.11200000
vn 0.76520000 0.64100000 -0.06020000
vn -0.41540000 0.89930000 -0.13660000
vn 0.75730000 0.62360000 -0.19390000
vn 0.75130000 -0.64940000 -0.11740000
vn -0.39760000 -0.91580000 -0.05690000
vn 0.76240000 -0.63310000 -0.13400000
vn -0.41180000 -0.89040000 -0.19390000
vn -0.75750000 0.64320000 -0.11200000
vn 0.15120000 0.97240000 -0.17780000
vn -0.76310000 0.63210000 -0.13460000
vn -0.75390000 0.62780000 -0.19390000
vn 0.95870000 -0.25910000 -0.11740000
vn 0.03910000 -0.99760000 -0.05690000
vn 0.96160000 -0.23960000 -0.13400000
vn 0.01530000 -0.98090000 -0.19390000
vn -0.95870000 0.25910000 -0.11740000
vn -0.04050000 0.99750000 -0.05720000
vn -0.96160000 0.23960000 -0.13400000
vn -0.01530000 0.98090000 -0.19390000
vn 0.97620000 0.18250000 -0.11740000
vn 0.46810000 -0.88180000 -0.05690000
vn 0.97030000 0.20140000 -0.13400000
vn 0.43940000 -0.87710000 -0.19390000
vn -0.97620000 -0.18250000 -0.11740000
vn -0.46810000 0.88180000 -0.05690000
vn -0.97030000 -0.20140000 -0.13400000
vn -0.43940000 0.87710000 -0.19390000
vn -0.78350000 0.60680000 -0.13400000
vn 0.78350000 -0.60680000 -0.13400000
vn -0.97610000 0.19320000 -0.09960000
vn 0.97610000 -0.19320000 -0.09960000
vn -0.96320000 -0.24950000 -0.09960000
vn 0.96320000 0.24950000 -0.09960000
vn -0.75960000 -0.64270000 -0.09960000
vn 0.76620000 0.63440000 -0.10260000
vn -0.40550000 -0.90860000 -0.09960000
vn 0.39930000 0.90950000 -0.11580000
vn 0.02890000 -0.99460000 -0.09960000
vn -0.02950000 0.99460000 -0.09990000
vn 0.45760000 -0.88360000 -0.09960000
vn -0.45760000 0.88360000 -0.09960000
vn -0.80030000 -0.58800000 -0.11740000
vn -0.80440000 0.59140000 -0.05690000
vn 0.80030000 0.58800000 -0.11740000
vn 0.80440000 -0.59140000 -0.05690000
vn -0.60620000 -0.75240000 -0.25780000
vn -0.44430000 -0.87470000 -0.19390000
vn 0.60620000 0.75240000 -0.25780000
vn 0.44430000 0.87470000 -0.19390000
vn -0.21970000 -0.94090000 -0.25780000
vn -0.02080000 -0.98080000 -0.19390000
vn 0.21970000 0.94090000 -0.25780000
vn 0.02080000 0.98080000 -0.19390000
vn 0.21030000 -0.94300000 -0.25780000
vn 0.40680000 -0.89270000 -0.19390000
vn -0.00030000 -0.09070000 0.99590000
vn -0.31290000 0.94920000 -0.03470000
vn 0.59870000 -0.75840000 -0.25780000
vn 0.75390000 -0.62780000 -0.19390000
vn -0.59870000 0.75840000 -0.25780000
vn 0.31810000 0.94740000 -0.03470000
vn 0.86840000 -0.42350000 -0.25780000
vn 0.95160000 -0.23850000 -0.19390000
vn -0.86840000 0.42350000 -0.25780000
vn -0.95160000 0.23850000 -0.19390000
vn 0.96620000 -0.00480000 -0.25780000
vn 0.96080000 0.19800000 -0.19390000
vn -0.96620000 0.00480000 -0.25780000
vn -0.96080000 -0.19800000 -0.19390000
vn -0.87030000 0.41970000 -0.25780000
vn -0.77650000 0.59960000 -0.19390000
vn -0.78680000 -0.60240000 -0.13400000
vn -0.79560000 0.59750000 -0.09960000
vn 0.87030000 -0.41970000 -0.25780000
vn 0.77650000 -0.59960000 -0.19390000
vn 0.78680000 0.60240000 -0.13400000
vn 0.79560000 -0.59750000 -0.09960000
vn -0.97510000 0.18790000 -0.11740000
vn -0.47300000 -0.87920000 -0.05690000
vn -0.46250000 -0.88100000 -0.09960000
vn -0.96920000 0.20670000 -0.13400000
vn 0.97510000 -0.18790000 -0.11740000
vn 0.47300000 0.87920000 -0.05690000
vn 0.46250000 0.88100000 -0.09960000
vn 0.96920000 -0.20670000 -0.13400000
vn -0.96010000 -0.25380000 -0.11740000
vn -0.04460000 -0.99740000 -0.05690000
vn -0.03440000 -0.99440000 -0.09960000
vn -0.96290000 -0.23430000 -0.13400000
vn 0.96010000 0.25380000 -0.11740000
vn 0.04600000 0.99730000 -0.05720000
vn 0.03500000 0.99440000 -0.09990000
vn 0.96290000 0.23430000 -0.13400000
vn -0.75490000 -0.64520000 -0.11740000
vn 0.39250000 -0.91800000 -0.05690000
vn 0.40050000 -0.91090000 -0.09960000
vn -0.76590000 -0.62880000 -0.13400000
vn -0.14580000 0.97320000 -0.17780000
vn -0.39420000 0.91170000 -0.11580000
vn 0.76660000 0.62790000 -0.13460000
vn -0.40020000 -0.90890000 -0.11740000
vn 0.75200000 -0.65680000 -0.05690000
vn 0.75600000 -0.64690000 -0.09960000
vn -0.41720000 -0.89890000 -0.13400000
vn -0.76170000 0.64520000 -0.06020000
vn -0.76260000 0.63860000 -0.10260000
vn 0.42030000 0.89700000 -0.13660000
vn 0.03380000 -0.99250000 -0.11740000
vn 0.96240000 -0.26550000 -0.05690000
vn 0.96180000 -0.25480000 -0.09960000
vn 0.01410000 -0.99090000 -0.13400000
vn -0.03520000 0.99250000 -0.11720000
vn -0.96240000 0.26550000 -0.05690000
vn -0.96180000 0.25480000 -0.09960000
vn -0.01420000 0.99090000 -0.13410000
vn 0.46110000 -0.87960000 -0.11740000
vn 0.98230000 0.17840000 -0.05690000
vn 0.97720000 0.18780000 -0.09960000
vn 0.44270000 -0.88660000 -0.13400000
vn -0.46110000 0.87960000 -0.11740000
vn -0.98230000 -0.17840000 -0.05690000
vn -0.97720000 -0.18780000 -0.09960000
vn -0.44270000 0.88660000 -0.13400000
vn -0.87240000 0.20170000 -0.44530000
vn 0.87240000 -0.20170000 -0.44530000
vn -0.69850000 0.56020000 -0.44530000
vn 0.69850000 -0.56020000 -0.44530000
vn -0.38810000 0.80780000 -0.44360000
vn 0.38630000 -0.80780000 -0.44530000
vn -0.00250000 -0.89540000 -0.44530000
vn 0.39250000 0.80570000 -0.44360000
vn -0.39070000 -0.80560000 -0.44530000
vn 0.70160000 0.55630000 -0.44530000
vn -0.70160000 -0.55630000 -0.44530000
vn 0.87350000 0.19680000 -0.44530000
vn -0.87350000 -0.19680000 -0.44530000
vn -0.91770000 -0.20680000 -0.33910000
vn 0.91770000 0.20680000 -0.33910000
vn -0.73710000 -0.58450000 -0.33910000
vn 0.73710000 0.58450000 -0.33910000
vn -0.41050000 -0.84650000 -0.33910000
vn 0.41050000 0.84650000 -0.33910000
vn -0.00260000 -0.94070000 -0.33910000
vn 0.40580000 -0.84870000 -0.33910000
vn -0.40580000 0.84870000 -0.33910000
vn 0.73390000 -0.58860000 -0.33910000
vn -0.73390000 0.58860000 -0.33910000
vn 0.91660000 -0.21190000 -0.33910000
vn -0.91660000 0.21190000 -0.33910000
vn -0.92800000 0.25590000 -0.27080000
vn 0.00110000 0.38390000 0.92340000
vn -0.91480000 0.16500000 0.36870000
vn -0.91530000 0.36140000 0.17760000
vn 0.91730000 0.35640000 0.17760000
vn 0.00240000 0.86020000 0.51000000
vn 0.91570000 0.15990000 0.36870000
vn 0.00280000 0.99770000 -0.06730000
vn -0.91820000 0.39200000 -0.05680000
vn -0.92210000 0.34380000 -0.17730000
vn 0.92400000 0.33870000 -0.17730000
vn 0.00250000 0.91490000 -0.40360000
vn 0.92040000 0.38690000 -0.05680000
vn -0.00110000 -0.38960000 0.92100000
vn -0.96760000 -0.09580000 0.23380000
vn 0.96700000 -0.10110000 0.23380000
vn 0.00180000 0.66780000 -0.74430000
vn 0.93570000 0.23940000 -0.25920000
vn 0.00200000 0.71860000 -0.69540000
vn -0.93440000 0.24460000 -0.25920000
vn -0.93040000 0.27500000 -0.24250000
vn -0.92690000 0.30610000 -0.21730000
vn 0.00220000 0.78650000 -0.61760000
vn 0.00230000 0.84790000 -0.53020000
vn 0.93190000 0.26990000 -0.24250000
vn 0.92860000 0.30090000 -0.21730000
vn -0.44130000 0.73070000 -0.52090000
vn 0.44530000 0.72820000 -0.52090000
vn 0.00220000 0.78640000 -0.61770000
vn -0.56490000 -0.36470000 0.74020000
vn 0.56280000 -0.36790000 0.74020000
vn -0.00120000 -0.42850000 0.90350000
vn 0.51870000 -0.62150000 0.58700000
vn 0.50100000 -0.70050000 0.50820000
vn 0.49140000 -0.75950000 0.42620000
vn 0.48940000 -0.81560000 0.30880000
vn 0.49220000 -0.87000000 0.02890000
vn 0.48780000 -0.76080000 -0.42810000
vn 0.48440000 -0.29730000 -0.82280000
vn 0.52080000 0.30760000 -0.79630000
vn -0.00200000 -0.71610000 0.69800000
vn -0.00220000 -0.79870000 0.60170000
vn -0.00240000 -0.86290000 0.50540000
vn -0.00260000 -0.92810000 0.37240000
vn -0.00280000 -0.99860000 0.05310000
vn -0.00240000 -0.88110000 -0.47290000
vn -0.00090000 -0.34250000 -0.93950000
vn 0.00100000 0.36920000 -0.92930000
vn -0.52220000 -0.61870000 0.58700000
vn -0.50480000 -0.69770000 0.50820000
vn -0.49560000 -0.75680000 0.42620000
vn -0.49390000 -0.81280000 0.30880000
vn -0.49700000 -0.86730000 0.02890000
vn -0.49200000 -0.75810000 -0.42810000
vn -0.48600000 -0.29460000 -0.82280000
vn -0.51910000 0.31050000 -0.79630000
vt 0.00000000 0.00000000
vt 0.00000000 0.00000000
vt 0.00000000 0.00000000
vt 0.00000000 0.00000000
vt 0.00000000 0.00000000
vt 0.00000000 0.00000000
vt 0.00000000 0.00000000
vt 0.00000000 0.00000000
vt 0.00000000 0.00000000
vt 0.00000000 0.00000000
vt 0.00000000 0.00000000
vt 0.00000000 0.00000000
vt 0.00000000 0.00000000
vt 0.00000000 0.00000000
vt 0.00000000 0.00000000
vt 0.00000000 0.00000000
vt 0.00000000 0.00000000
vt 0.00000000 0.00000000
vt 0.00000000 0.00000000
vt 0.00000000 0.00000000
vt 0.00000000 0.00000000
vt 0.00000000 0.00000000
vt 0.00000000 0.00000000
vt 0.00000000 0.00000000
vt 0.00000000 0.00000000
vt 0.00000000 0.00000000
vt 0.00000000 0.00000000
vt 0.00000000 0.00000000
vt 0.00000000 0.00000000
vt 0.00000000 0.00000000
vt 0.00000000 0.00000000
vt 0.00000000 0.00000000
vt 0.00000000 0.00000000
vt 0.00000000 0.00000000
vt 0.00000000 0.00000000
vt 0.00000000 0.00000000
vt 0.00000000 0.00000000
vt 0.00000000 0.00000000
vt 0.00000000 0.00000000
vt 0.00000000 0.00000000
vt 0.00000000 0.00000000
vt 0.00000000 0.00000000
vt 0.00000000 0.00000000
vt 0.00000000 0.00000000
vt 0.00000000 0.00000000
vt 0.00000000 0.00000000
vt 0.00000000 0.00000000
vt 0.00000000 0.00000000
vt 0.00000000 0.00000000
vt 0.00000000 0.00000000
vt 0.00000000 0.00000000
vt 0.00000000 0.00000000
vt 0.00000000 0.00000000
vt 0.00000000 0.00000000
vt 0.00000000 0.00000000
vt 0.00000000 0.00000000
vt 0.00000000 0.00000000
vt 0.00000000 0.00000000
vt 0.00000000 0.00000000
vt 0.00000000 0.00000000
vt 0.00000000 0.00000000
vt 0.00000000 0.00000000
vt 0.00000000 0.00000000
vt 0.00000000 0.00000000
vt 0.00000000 0.00000000
vt 0.00000000 0.00000000
vt 0.00000000 0.00000000
vt 0.00000000 0.00000000
vt 0.00000000 0.00000000
vt 0.00000000 0.00000000
vt 0.00000000 0.00000000
vt 0.00000000 0.00000000
vt 0.00000000 0.00000000
vt 0.00000000 0.00000000
vt 0.00000000 0.00000000
vt 0.00000000 0.00000000
vt 0.00000000 0.00000000
vt 0.00000000 0.00000000
vt 0.00000000 0.00000000
vt 0.00000000 0.00000000
vt 0.00000000 0.00000000
vt 0.00000000 0.00000000
vt 0.00000000 0.00000000
vt 0.00000000 0.00000000
vt 0.00000000 0.00000000
vt 0.00000000 0.00000000
vt 0.00000000 0.00000000
vt 0.00000000 0.00000000
vt 0.00000000 0.00000000
vt 0.00000000 0.00000000
vt 0.00000000 0.00000000
vt 0.00000000 0.00000000
vt 0.00000000 0.00000000
vt 0.00000000 0.00000000
vt 0.00000000 0.00000000
vt 0.00000000 0.00000000
vt 0.00000000 0.00000000
vt 0.00000000 0.00000000
vt 0.00000000 0.00000000
vt 0.00000000 0.00000000
vt 0.00000000 0.00000000
vt 0.00000000 0.00000000
vt 0.00000000 0.00000000
vt 0.00000000 0.00000000
vt 0.00000000 0.00000000
vt 0.00000000 0.00000000
vt 0.00000000 0.00000000
vt 0.00000000 0.00000000
vt 0.00000000 0.00000000
vt 0.00000000 0.00000000
vt 0.00000000 0.00000000
vt 0.00000000 0.00000000
vt 0.00000000 0.00000000
vt 0.00000000 0.00000000
vt 0.00000000 0.00000000
vt 0.00000000 0.00000000
vt 0.00000000 0.00000000
vt 0.00000000 0.00000000
vt 0.00000000 0.00000000
vt 0.00000000 0.00000000
vt 0.00000000 0.00000000
vt 0.00000000 0.00000000
vt 0.00000000 0.00000000
vt 0.00000000 0.00000000
vt 0.00000000 0.00000000
vt 0.00000000 0.00000000
vt 0.00000000 0.00000000
vt 0.00000000 0.00000000
vt 0.00000000 0.00000000
vt 0.00000000 0.00000000
vt 0.00000000 0.00000000
vt 0.00000000 0.00000000
vt 0.00000000 0.00000000
vt 0.00000000 0.00000000
vt 0.00000000 0.00000000
vt 0.00000000 0.00000000
vt 0.00000000 0.00000000
vt 0.00000000 0.00000000
vt 0.00000000 0.00000000
vt 0.00000000 0.00000000
vt 0.00000000 0.00000000
vt 0.00000000 0.00000000
vt 0.00000000 0.00000000
vt 0.00000000 0.00000000
vt 0.00000000 0.00000000
vt 0.00000000 0.00000000
vt 0.00000000 0.00000000
vt 0.00000000 0.00000000
vt 0.00000000 0.00000000
vt 0.00000000 0.00000000
vt 0.00000000 0.00000000
vt 0.00000000 0.00000000
vt 0.00000000 0.00000000
vt 0.00000000 0.00000000
vt 0.00000000 0.00000000
vt 0.00000000 0.00000000
vt 0.00000000 0.00000000
vt 0.00000000 0.00000000
vt 0.00000000 0.00000000
vt 0.00000000 0.00000000
vt 0.00000000 0.00000000
vt 0.00000000 0.00000000
vt 0.00000000 0.00000000
vt 0.00000000 0.00000000
vt 0.00000000 0.00000000
vt 0.00000000 0.00000000
vt 0.00000000 0.00000000
vt 0.00000000 0.00000000
vt 0.00000000 0.00000000
vt 0.00000000 0.00000000
vt 0.00000000 0.00000000
vt 0.00000000 0.00000000
vt 0.00000000 0.00000000
vt 0.00000000 0.00000000
vt 0.00000000 0.00000000
vt 0.00000000 0.00000000
vt 0.00000000 0.00000000
vt 0.00000000 0.00000000
vt 0.00000000 0.00000000
vt 0.00000000 0.00000000
vt 0.00000000 0.00000000
vt 0.00000000 0.00000000
vt 0.00000000 0.00000000
vt 0.00000000 0.00000000
vt 0.00000000 0.00000000
vt 0.00000000 0.00000000
vt 0.00000000 0.00000000
vt 0.00000000 0.00000000
vt 0.00000000 0.00000000
vt 0.00000000 0.00000000
vt 0.00000000 0.00000000
vt 0.00000000 0.00000000
vt 0.00000000 0.00000000
vt 0.00000000 0.00000000
vt 0.00000000 0.00000000
vt 0.00000000 0.00000000
vt 0.00000000 0.00000000
vt 0.00000000 0.00000000
vt 0.00000000 0.00000000
vt 0.00000000 0.00000000
vt 0.00000000 0.00000000
vt 0.00000000 0.00000000
vt 0.00000000 0.00000000
vt 0.00000000 0.00000000
vt 0.00000000 0.00000000
vt 0.00000000 0.00000000
vt 0.00000000 0.00000000
vt 0.00000000 0.00000000
vt 0.00000000 0.00000000
vt 0.00000000 0.00000000
vt 0.00000000 0.00000000
vt 0.00000000 0.00000000
vt 0.00000000 0.00000000
vt 0.00000000 0.00000000
vt 0.00000000 0.00000000
vt 0.00000000 0.00000000
vt 0.00000000 0.00000000
vt 0.00000000 0.00000000
vt 0.00000000 0.00000000
vt 0.00000000 0.00000000
vt 0.00000000 0.00000000
vt 0.00000000 0.00000000
vt 0.00000000 0.00000000
vt 0.00000000 0.00000000
vt 0.00000000 0.00000000
vt 0.00000000 0.00000000
vt 0.00000000 0.00000000
vt 0.00000000 0.00000000
vt 0.00000000 0.00000000
vt 0.00000000 0.00000000
vt 0.00000000 0.00000000
vt 0.00000000 0.00000000
vt 0.00000000 0.00000000
vt 0.00000000 0.00000000
vt 0.00000000 0.00000000
vt 0.00000000 0.00000000
vt 0.00000000 0.00000000
vt 0.00000000 0.00000000
vt 0.00000000 0.00000000
vt 0.00000000 0.00000000
vt 0.00000000 0.00000000
vt 0.00000000 0.00000000
vt 0.00000000 0.00000000
vt 0.00000000 0.00000000
vt 0.00000000 0.00000000
vt 0.00000000 0.00000000
vt 0.00000000 0.00000000
vt 0.00000000 0.00000000
vt 0.00000000 0.00000000
vt 0.00000000 0.00000000
vt 0.00000000 0.00000000
vt 0.00000000 0.00000000
vt 0.00000000 0.00000000
vt 0.00000000 0.00000000
vt 0.00000000 0.00000000
vt 0.00000000 0.00000000
vt 0.00000000 0.00000000
vt 0.00000000 0.00000000
vt 0.00000000 0.00000000
vt 0.00000000 0.00000000
vt 0.00000000 0.00000000
vt 0.00000000 0.00000000
vt 0.00000000 0.00000000
vt 0.00000000 0.00000000
vt 0.00000000 0.00000000
vt 0.00000000 0.00000000
vt 0.00000000 0.00000000
vt 0.00000000 0.00000000
vt 0.00000000 0.00000000
vt 0.00000000 0.00000000
vt 0.00000000 0.00000000
vt 0.00000000 0.00000000
vt 0.00000000 0.00000000
vt 0.00000000 0.00000000
vt 0.00000000 0.00000000
vt 0.00000000 0.00000000
vt 0.00000000 0.00000000
vt 0.00000000 0.00000000
vt 0.00000000 0.00000000
vt 0.00000000 0.00000000
vt 0.00000000 0.00000000
vt 0.00000000 0.00000000
vt 0.00000000 0.00000000
vt 0.00000000 0.00000000
vt 0.00000000 0.00000000
vt 0.00000000 0.00000000
vt 0.00000000 0.00000000
vt 0.00000000 0.00000000
vt 0.00000000 0.00000000
vt 0.00000000 0.00000000
vt 0.00000000 0.00000000
vt 0.00000000 0.00000000
vt 0.00000000 0.00000000
vt 0.00000000 0.00000000
vt 0.00000000 0.00000000
vt 0.00000000 0.00000000
vt 0.00000000 0.00000000
vt 0.00000000 0.00000000
vt 0.00000000 0.00000000
vt 0.00000000 0.00000000
vt 0.00000000 0.00000000
vt 0.00000000 0.00000000
vt 0.00000000 0.00000000
vt 0.00000000 0.00000000
vt 0.00000000 0.00000000
vt 0.00000000 0.00000000
vt 0.00000000 0.00000000
vt 0.00000000 0.00000000
vt 0.00000000 0.00000000
vt 0.00000000 0.00000000
vt 0.00000000 0.00000000
vt 0.00000000 0.00000000
vt 0.00000000 0.00000000
vt 0.00000000 0.00000000
vt 0.00000000 0.00000000
vt 0.00000000 0.00000000
vt 0.00000000 0.00000000
vt 0.00000000 0.00000000
vt 0.00000000 0.00000000
vt 0.00000000 0.00000000
vt 0.00000000 0.00000000
vt 0.00000000 0.00000000
vt 0.00000000 0.00000000
vt 0.00000000 0.00000000
vt 0.00000000 0.00000000
vt 0.00000000 0.00000000
vt 0.00000000 0.00000000
vt 0.00000000 0.00000000
vt 0.00000000 0.00000000
vt 0.00000000 0.00000000
vt 0.00000000 0.00000000
vt 0.00000000 0.00000000
vt 0.00000000 0.00000000
vt 0.00000000 0.00000000
vt 0.00000000 0.00000000
vt 0.00000000 0.00000000
vt 0.00000000 0.00000000
vt 0.00000000 0.00000000
vt 0.00000000 0.00000000
vt 0.00000000 0.00000000
vt 0.00000000 0.00000000
vt 0.00000000 0.00000000
vt 0.00000000 0.00000000
vt 0.00000000 0.00000000
vt 0.00000000 0.00000000
vt 0.00000000 0.00000000
vt 0.00000000 0.00000000
vt 0.00000000 0.00000000
vt 0.00000000 0.00000000
vt 0.00000000 0.00000000
vt 0.00000000 0.00000000
vt 0.00000000 0.00000000
vt 0.00000000 0.00000000
vt 0.00000000 0.00000000
vt 0.00000000 0.00000000
vt 0.00000000 0.00000000
vt 0.00000000 0.00000000
vt 0.00000000 0.00000000
vt 0.00000000 0.00000000
vt 0.00000000 0.00000000
vt 0.00000000 0.00000000
vt 0.00000000 0.00000000
vt 0.00000000 0.00000000
vt 0.00000000 0.00000000
vt 0.00000000 0.00000000
vt 0.00000000 0.00000000
vt 0.00000000 0.00000000
vt 0.00000000 0.00000000
vt 0.00000000 0.00000000
vt 0.00000000 0.00000000
vt 0.00000000 0.00000000
vt 0.00000000 0.00000000
vt 0.00000000 0.00000000
vt 0.00000000 0.00000000
vt 0.00000000 0.00000000
vt 0.00000000 0.00000000
vt 0.00000000 0.00000000
vt 0.00000000 0.00000000
vt 0.00000000 0.00000000
vt 0.00000000 0.00000000
vt 0.00000000 0.00000000
vt 0.00000000 0.00000000
vt 0.00000000 0.00000000
vt 0.00000000 0.00000000
vt 0.00000000 0.00000000
vt 0.00000000 0.00000000
vt 0.00000000 0.00000000
vt 0.00000000 0.00000000
vt 0.00000000 0.00000000
vt 0.00000000 0.00000000
vt 0.00000000 0.00000000
vt 0.00000000 0.00000000
vt 0.00000000 0.00000000
vt 0.00000000 0.00000000
vt 0.00000000 0.00000000
vt 0.00000000 0.00000000
vt 0.00000000 0.00000000
vt 0.00000000 0.00000000
vt 0.00000000 0.00000000
vt 0.00000000 0.00000000
vt 0.00000000 0.00000000
vt 0.00000000 0.00000000
vt 0.00000000 0.00000000
vt 0.00000000 0.00000000
vt 0.00000000 0.00000000
vt 0.00000000 0.00000000
vt 0.00000000 0.00000000
vt 0.00000000 0.00000000
vt 0.00000000 0.00000000
vt 0.00000000 0.00000000
vt 0.00000000 0.00000000
vt 0.00000000 0.00000000
vt 0.00000000 0.00000000
vt 0.00000000 0.00000000
vt 0.00000000 0.00000000
vt 0.00000000 0.00000000
vt 0.00000000 0.00000000
vt 0.00000000 0.00000000
vt 0.00000000 0.00000000
vt 0.00000000 0.00000000
vt 0.00000000 0.00000000
vt 0.00000000 0.00000000
vt 0.00000000 0.00000000
vt 0.00000000 0.00000000
vt 0.00000000 0.00000000
vt 0.00000000 0.00000000
vt 0.00000000 0.00000000
vt 0.00000000 0.00000000
vt 0.00000000 0.00000000
vt 0.00000000 0.00000000
vt 0.00000000 0.00000000
vt 0.00000000 0.00000000
vt 0.00000000 0.00000000
vt 0.00000000 0.00000000
vt 0.00000000 0.00000000
vt 0.00000000 0.00000000
vt 0.00000000 0.00000000
vt 0.00000000 0.00000000
vt 0.00000000 0.00000000
vt 0.00000000 0.00000000
vt 0.00000000 0.00000000
vt 0.00000000 0.00000000
vt 0.00000000 0.00000000
vt 0.00000000 0.00000000
vt 0.00000000 0.00000000
vt 0.00000000 0.00000000
vt 0.00000000 0.00000000
vt 0.00000000 0.00000000
vt 0.00000000 0.00000000
vt 0.00000000 0.00000000
vt 0.00000000 0.00000000
vt 0.00000000 0.00000000
vt 0.00000000 0.00000000
vt 0.00000000 0.00000000
vt 0.00000000 0.00000000
vt 0.00000000 0.00000000
vt 0.00000000 0.00000000
vt 0.00000000 0.00000000
vt 0.00000000 0.00000000
vt 0.00000000 0.00000000
vt 0.00000000 0.00000000
vt 0.00000000 0.00000000
vt 0.00000000 0.00000000
vt 0.00000000 0.00000000
vt 0.00000000 0.00000000
vt 0.00000000 0.00000000
vt 0.00000000 0.00000000
vt 0.00000000 0.00000000
vt 0.00000000 0.00000000
vt 0.00000000 0.00000000
vt 0.00000000 0.00000000
vt 0.00000000 0.00000000
vt 0.00000000 0.00000000
vt 0.00000000 0.00000000
vt 0.00000000 0.00000000
vt 0.00000000 0.00000000
vt 0.00000000 0.00000000
vt 0.00000000 0.00000000
vt 0.00000000 0.00000000
vt 0.00000000 0.00000000
vt 0.00000000 0.00000000
vt 0.00000000 0.00000000
vt 0.00000000 0.00000000
vt 0.00000000 0.00000000
vt 0.00000000 0.00000000
vt 0.00000000 0.00000000
vt 0.00000000 0.00000000
vt 0.00000000 0.00000000
vt 0.00000000 0.00000000
vt 0.00000000 0.00000000
vt 0.00000000 0.00000000
vt 0.00000000 0.00000000
vt 0.00000000 0.00000000
vt 0.00000000 0.00000000
vt 0.00000000 0.00000000
vt 0.00000000 0.00000000
vt 0.00000000 0.00000000
vt 0.00000000 0.00000000
vt 0.00000000 0.00000000
vt 0.00000000 0.00000000
vt 0.00000000 0.00000000
vt 0.00000000 0.00000000
vt 0.00000000 0.00000000
vt 0.00000000 0.00000000
vt 0.00000000 0.00000000
vt 0.00000000 0.00000000
vt 0.00000000 0.00000000
vt 0.00000000 0.00000000
vt 0.00000000 0.00000000
vt 0.00000000 0.00000000
vt 0.00000000 0.00000000
vt 0.00000000 0.00000000
vt 0.00000000 0.00000000
vt 0.00000000 0.00000000
vt 0.00000000 0.00000000
vt 0.00000000 0.00000000
vt 0.00000000 0.00000000
vt 0.00000000 0.00000000
vt 0.00000000 0.00000000
vt 0.00000000 0.00000000
vt 0.00000000 0.00000000
vt 0.00000000 0.00000000
vt 0.00000000 0.00000000
vt 0.00000000 0.00000000
vt 0.00000000 0.00000000
vt 0.00000000 0.00000000
vt 0.00000000 0.00000000
vt 0.00000000 0.00000000
vt 0.00000000 0.00000000
vt 0.00000000 0.00000000
vt 0.00000000 0.00000000
vt 0.00000000 0.00000000
vt 0.00000000 0.00000000
vt 0.00000000 0.00000000
vt 0.00000000 0.00000000
vt 0.00000000 0.00000000
vt 0.00000000 0.00000000
vt 0.00000000 0.00000000
vt 0.00000000 0.00000000
vt 0.00000000 0.00000000
vt 0.00000000 0.00000000
vt 0.00000000 0.00000000
vt 0.00000000 0.00000000
vt 0.00000000 0.00000000
vt 0.00000000 0.00000000
vt 0.00000000 0.00000000
vt 0.00000000 0.00000000
vt 0.00000000 0.00000000
vt 0.00000000 0.00000000
vt 0.00000000 0.00000000
vt 0.00000000 0.00000000
vt 0.00000000 0.00000000
vt 0.00000000 0.00000000
vt 0.00000000 0.00000000
vt 0.00000000 0.00000000
vt 0.00000000 0.00000000
vt 0.00000000 0.00000000
vt 0.00000000 0.00000000
vt 0.00000000 0.00000000
vt 0.00000000 0.00000000
vt 0.00000000 0.00000000
vt 0.00000000 0.00000000
vt 0.00000000 0.00000000
vt 0.00000000 0.00000000
vt 0.00000000 0.00000000
vt 0.00000000 0.00000000
vt 0.00000000 0.00000000
vt 0.00000000 0.00000000
vt 0.00000000 0.00000000
vt 0.00000000 0.00000000
vt 0.00000000 0.00000000
vt 0.00000000 0.00000000
vt 0.00000000 0.00000000
vt 0.00000000 0.00000000
vt 0.00000000 0.00000000
vt 0.00000000 0.00000000
vt 0.00000000 0.00000000
vt 0.00000000 0.00000000
vt 0.00000000 0.00000000
vt 0.00000000 0.00000000
vt 0.00000000 0.00000000
vt 0.00000000 0.00000000
vt 0.00000000 0.00000000
vt 0.00000000 0.00000000
vt 0.00000000 0.00000000
vt 0.00000000 0.00000000
vt 0.00000000 0.00000000
vt 0.00000000 0.00000000
vt 0.00000000 0.00000000
vt 0.00000000 0.00000000
vt 0.00000000 0.00000000
vt 0.00000000 0.00000000
vt 0.00000000 0.00000000
vt 0.00000000 0.00000000
vt 0.00000000 0.00000000
vt 0.00000000 0.00000000
vt 0.00000000 0.00000000
vt 0.00000000 0.00000000
vt 0.00000000 0.00000000
vt 0.00000000 0.00000000
vt 0.00000000 0.00000000
vt 0.00000000 0.00000000
vt 0.00000000 0.00000000
vt 0.00000000 0.00000000
vt 0.00000000 0.00000000
vt 0.00000000 0.00000000
vt 0.00000000 0.00000000
vt 0.00000000 0.00000000
vt 0.00000000 0.00000000
vt 0.00000000 0.00000000
vt 0.00000000 0.00000000
vt 0.00000000 0.00000000
vt 0.00000000 0.00000000
vt 0.00000000 0.00000000
vt 0.00000000 0.00000000
vt 0.00000000 0.00000000
vt 0.00000000 0.00000000
vt 0.00000000 0.00000000
vt 0.00000000 0.00000000
vt 0.00000000 0.00000000
vt 0.00000000 0.00000000
vt 0.00000000 0.00000000
vt 0.00000000 0.00000000
vt 0.00000000 0.00000000
vt 0.00000000 0.00000000
vt 0.00000000 0.00000000
vt 0.00000000 0.00000000
vt 0.00000000 0.00000000
vt 0.00000000 0.00000000
vt 0.00000000 0.00000000
vt 0.00000000 0.00000000
vt 0.00000000 0.00000000
vt 0.00000000 0.00000000
vt 0.00000000 0.00000000
vt 0.00000000 0.00000000
vt 0.00000000 0.00000000
vt 0.00000000 0.00000000
vt 0.00000000 0.00000000
vt 0.00000000 0.00000000
vt 0.00000000 0.00000000
vt 0.00000000 0.00000000
vt 0.00000000 0.00000000
vt 0.00000000 0.00000000
vt 0.00000000 0.00000000
vt 0.00000000 0.00000000
vt 0.00000000 0.00000000
vt 0.00000000 0.00000000
vt 0.00000000 0.00000000
vt 0.00000000 0.00000000
vt 0.00000000 0.00000000
vt 0.00000000 0.00000000
vt 0.00000000 0.00000000
vt 0.00000000 0.00000000
vt 0.00000000 0.00000000
vt 0.00000000 0.00000000
vt 0.00000000 0.00000000
vt 0.00000000 0.00000000
vt 0.00000000 0.00000000
vt 0.00000000 0.00000000
vt 0.00000000 0.00000000
vt 0.00000000 0.00000000
vt 0.00000000 0.00000000
vt 0.00000000 0.00000000
vt 0.00000000 0.00000000
vt 0.00000000 0.00000000
vt 0.00000000 0.00000000
vt 0.00000000 0.00000000
vt 0.00000000 0.00000000
vt 0.00000000 0.00000000
vt 0.00000000 0.00000000
vt 0.00000000 0.00000000
vt 0.00000000 0.00000000
vt 0.00000000 0.00000000
vt 0.00000000 0.00000000
vt 0.00000000 0.00000000
vt 0.00000000 0.00000000
vt 0.00000000 0.00000000
vt 0.00000000 0.00000000
vt 0.00000000 0.00000000
vt 0.00000000 0.00000000
vt 0.00000000 0.00000000
vt 0.00000000 0.00000000
vt 0.00000000 0.00000000
vt 0.00000000 0.00000000
vt 0.00000000 0.00000000
vt 0.00000000 0.00000000
vt 0.00000000 0.00000000
vt 0.00000000 0.00000000
vt 0.00000000 0.00000000
vt 0.00000000 0.00000000
vt 0.00000000 0.00000000
vt 0.00000000 0.00000000
vt 0.00000000 0.00000000
vt 0.00000000 0.00000000
vt 0.00000000 0.00000000
vt 0.00000000 0.00000000
vt 0.00000000 0.00000000
vt 0.00000000 0.00000000
vt 0.00000000 0.00000000
vt 0.00000000 0.00000000
vt 0.00000000 0.00000000
vt 0.00000000 0.00000000
vt 0.00000000 0.00000000
vt 0.00000000 0.00000000
vt 0.00000000 0.00000000
vt 0.00000000 0.00000000
vt 0.00000000 0.00000000
vt 0.00000000 0.00000000
vt 0.00000000 0.00000000
vt 0.00000000 0.00000000
vt 0.00000000 0.00000000
vt 0.00000000 0.00000000
vt 0.00000000 0.00000000
vt 0.00000000 0.00000000
vt 0.00000000 0.00000000
vt 0.00000000 0.00000000
vt 0.00000000 0.00000000
vt 0.00000000 0.00000000
vt 0.00000000 0.00000000
vt 0.00000000 0.00000000
vt 0.00000000 0.00000000
vt 0.00000000 0.00000000
vt 0.00000000 0.00000000
vt 0.00000000 0.00000000
vt 0.00000000 0.00000000
vt 0.00000000 0.00000000
vt 0.00000000 0.00000000
vt 0.00000000 0.00000000
vt 0.00000000 0.00000000
vt 0.00000000 0.00000000
vt 0.00000000 0.00000000
vt 0.00000000 0.00000000
vt 0.00000000 0.00000000
vt 0.00000000 0.00000000
vt 0.00000000 0.00000000
vt 0.00000000 0.00000000
vt 0.00000000 0.00000000
vt 0.00000000 0.00000000
vt 0.00000000 0.00000000
vt 0.00000000 0.00000000
vt 0.00000000 0.00000000
vt 0.00000000 0.00000000
vt 0.00000000 0.00000000
vt 0.00000000 0.00000000
vt 0.00000000 0.00000000
vt 0.00000000 0.00000000
vt 0.00000000 0.00000000
vt 0.00000000 0.00000000
vt 0.00000000 0.00000000
vt 0.00000000 0.00000000
vt 0.00000000 0.00000000
vt 0.00000000 0.00000000
vt 0.00000000 0.00000000
vt 0.00000000 0.00000000
vt 0.00000000 0.00000000
vt 0.00000000 0.00000000
vt 0.00000000 0.00000000
vt 0.00000000 0.00000000
vt 0.00000000 0.00000000
vt 0.00000000 0.00000000
vt 0.00000000 0.00000000
vt 0.00000000 0.00000000
vt 0.00000000 0.00000000
vt 0.00000000 0.00000000
vt 0.00000000 0.00000000
vt 0.00000000 0.00000000
vt 0.00000000 0.00000000
vt 0.00000000 0.00000000
vt 0.00000000 0.00000000
vt 0.00000000 0.00000000
vt 0.00000000 0.00000000
vt 0.00000000 0.00000000
vt 0.00000000 0.00000000
vt 0.00000000 0.00000000
vt 0.00000000 0.00000000
vt 0.00000000 0.00000000
vt 0.00000000 0.00000000
vt 0.00000000 0.00000000
vt 0.00000000 0.00000000
vt 0.00000000 0.00000000
vt 0.00000000 0.00000000
vt 0.00000000 0.00000000
vt 0.00000000 0.00000000
vt 0.00000000 0.00000000
vt 0.00000000 0.00000000
vt 0.00000000 0.00000000
vt 0.00000000 0.00000000
vt 0.00000000 0.00000000
vt 0.00000000 0.00000000
vt 0.00000000 0.00000000
vt 0.00000000 0.00000000
vt 0.00000000 0.00000000
vt 0.00000000 0.00000000
vt 0.00000000 0.00000000
vt 0.00000000 0.00000000
vt 0.00000000 0.00000000
vt 0.00000000 0.00000000
vt 0.00000000 0.00000000
vt 0.00000000 0.00000000
vt 0.00000000 0.00000000
vt 0.00000000 0.00000000
vt 0.00000000 0.00000000
vt 0.00000000 0.00000000
vt 0.00000000 0.00000000
vt 0.00000000 0.00000000
vt 0.00000000 0.00000000
vt 0.00000000 0.00000000
vt 0.00000000 0.00000000
vt 0.00000000 0.00000000
vt 0.00000000 0.00000000
vt 0.00000000 0.00000000
vt 0.00000000 0.00000000
vt 0.00000000 0.00000000
vt 0.00000000 0.00000000
vt 0.00000000 0.00000000
vt 0.00000000 0.00000000
vt 0.00000000 0.00000000
vt 0.00000000 0.00000000
vt 0.00000000 0.00000000
vt 0.00000000 0.00000000
vt 0.00000000 0.00000000
vt 0.00000000 0.00000000
vt 0.00000000 0.00000000
vt 0.00000000 0.00000000
vt 0.00000000 0.00000000
vt 0.00000000 0.00000000
vt 0.00000000 0.00000000
vt 0.00000000 0.00000000
vt 0.00000000 0.00000000
vt 0.00000000 0.00000000
vt 0.00000000 0.00000000
vt 0.00000000 0.00000000
vt 0.00000000 0.00000000
vt 0.00000000 0.00000000
vt 0.00000000 0.00000000
vt 0.00000000 0.00000000
vt 0.00000000 0.00000000
vt 0.00000000 0.00000000
vt 0.00000000 0.00000000
vt 0.00000000 0.00000000
vt 0.00000000 0.00000000
vt 0.00000000 0.00000000
vt 0.00000000 0.00000000
vt 0.00000000 0.00000000
vt 0.00000000 0.00000000
vt 0.00000000 0.00000000
vt 0.00000000 0.00000000
vt 0.00000000 0.00000000
vt 0.00000000 0.00000000
vt 0.00000000 0.00000000
vt 0.00000000 0.00000000
vt 0.00000000 0.00000000
vt 0.00000000 0.00000000
vt 0.00000000 0.00000000
vt 0.00000000 0.00000000
vt 0.00000000 0.00000000
vt 0.00000000 0.00000000
vt 0.00000000 0.00000000
vt 0.00000000 0.00000000
vt 0.00000000 0.00000000
vt 0.00000000 0.00000000
vt 0.00000000 0.00000000
vt 0.00000000 0.00000000
vt 0.00000000 0.00000000
vt 0.00000000 0.00000000
vt 0.00000000 0.00000000
vt 0.00000000 0.00000000
vt 0.00000000 0.00000000
vt 0.00000000 0.00000000
vt 0.00000000 0.00000000
vt 0.00000000 0.00000000
vt 0.00000000 0.00000000
vt 0.00000000 0.00000000
vt 0.00000000 0.00000000
vt 0.00000000 0.00000000
vt 0.00000000 0.00000000
vt 0.00000000 0.00000000
vt 0.00000000 0.00000000
vt 0.00000000 0.00000000
vt 0.00000000 0.00000000
vt 0.00000000 0.00000000
vt 0.00000000 0.00000000
vt 0.00000000 0.00000000
vt 0.00000000 0.00000000
vt 0.00000000 0.00000000
vt 0.00000000 0.00000000
vt 0.00000000 0.00000000
vt 0.00000000 0.00000000
vt 0.00000000 0.00000000
vt 0.00000000 0.00000000
vt 0.00000000 0.00000000
vt 0.00000000 0.00000000
vt 0.00000000 0.00000000
vt 0.00000000 0.00000000
vt 0.00000000 0.00000000
vt 0.00000000 0.00000000
vt 0.00000000 0.00000000
vt 0.00000000 0.00000000
vt 0.00000000 0.00000000
vt 0.00000000 0.00000000
vt 0.00000000 0.00000000
vt 0.00000000 0.00000000
vt 0.00000000 0.00000000
vt 0.00000000 0.00000000
vt 0.00000000 0.00000000
vt 0.00000000 0.00000000
vt 0.00000000 0.00000000
vt 0.00000000 0.00000000
vt 0.00000000 0.00000000
vt 0.00000000 0.00000000
vt 0.00000000 0.00000000
vt 0.00000000 0.00000000
vt 0.00000000 0.00000000
vt 0.00000000 0.00000000
vt 0.00000000 0.00000000
vt 0.00000000 0.00000000
vt 0.00000000 0.00000000
vt 0.00000000 0.00000000
vt 0.00000000 0.00000000
vt 0.00000000 0.00000000
vt 0.00000000 0.00000000
vt 0.00000000 0.00000000
vt 0.00000000 0.00000000
vt 0.00000000 0.00000000
vt 0.00000000 0.00000000
vt 0.00000000 0.00000000
vt 0.00000000 0.00000000
vt 0.00000000 0.00000000
vt 0.00000000 0.00000000
vt 0.00000000 0.00000000
vt 0.00000000 0.00000000
vt 0.00000000 0.00000000
vt 0.00000000 0.00000000
vt 0.00000000 0.00000000
vt 0.00000000 0.00000000
vt 0.00000000 0.00000000
vt 0.00000000 0.00000000
vt 0.00000000 0.00000000
vt 0.00000000 0.00000000
vt 0.00000000 0.00000000
vt 0.00000000 0.00000000
vt 0.00000000 0.00000000
vt 0.00000000 0.00000000
vt 0.00000000 0.00000000
vt 0.00000000 0.00000000
vt 0.00000000 0.00000000
vt 0.00000000 0.00000000
vt 0.00000000 0.00000000
vt 0.00000000 0.00000000
vt 0.00000000 0.00000000
vt 0.00000000 0.00000000
vt 0.00000000 0.00000000
vt 0.00000000 0.00000000
vt 0.00000000 0.00000000
vt 0.00000000 0.00000000
vt 0.00000000 0.00000000
vt 0.00000000 0.00000000
vt 0.00000000 0.00000000
vt 0.00000000 0.00000000
vt 0.00000000 0.00000000
vt 0.00000000 0.00000000
vt 0.00000000 0.00000000
vt 0.00000000 0.00000000
vt 0.00000000 0.00000000
vt 0.00000000 0.00000000
vt 0.00000000 0.00000000
vt 0.00000000 0.00000000
vt 0.00000000 0.00000000
vt 0.00000000 0.00000000
vt 0.00000000 0.00000000
vt 0.00000000 0.00000000
vt 0.00000000 0.00000000
vt 0.00000000 0.00000000
vt 0.00000000 0.00000000
vt 0.00000000 0.00000000
vt 0.00000000 0.00000000
vt 0.00000000 0.00000000
vt 0.00000000 0.00000000
vt 0.00000000 0.00000000
vt 0.00000000 0.00000000
vt 0.00000000 0.00000000
vt 0.00000000 0.00000000
vt 0.00000000 0.00000000
vt 0.00000000 0.00000000
vt 0.00000000 0.00000000
vt 0.00000000 0.00000000
vt 0.00000000 0.00000000
vt 0.00000000 0.00000000
vt 0.00000000 0.00000000
vt 0.00000000 0.00000000
vt 0.00000000 0.00000000
vt 0.00000000 0.00000000
vt 0.00000000 0.00000000
vt 0.00000000 0.00000000
vt 0.00000000 0.00000000
vt 0.00000000 0.00000000
vt 0.00000000 0.00000000
vt 0.00000000 0.00000000
vt 0.00000000 0.00000000
vt 0.00000000 0.00000000
vt 0.00000000 0.00000000
vt 0.00000000 0.00000000
vt 0.00000000 0.00000000
vt 0.00000000 0.00000000
vt 0.00000000 0.00000000
vt 0.00000000 0.00000000
vt 0.00000000 0.00000000
vt 0.00000000 0.00000000
vt 0.00000000 0.00000000
vt 0.00000000 0.00000000
vt 0.00000000 0.00000000
vt 0.00000000 0.00000000
vt 0.00000000 0.00000000
vt 0.00000000 0.00000000
vt 0.00000000 0.00000000
vt 0.00000000 0.00000000
vt 0.00000000 0.00000000
vt 0.00000000 0.00000000
vt 0.00000000 0.00000000
vt 0.00000000 0.00000000
vt 0.00000000 0.00000000
vt 0.00000000 0.00000000
vt 0.00000000 0.00000000
vt 0.00000000 0.00000000
vt 0.00000000 0.00000000
vt 0.00000000 0.00000000
vt 0.00000000 0.00000000
vt 0.00000000 0.00000000
vt 0.00000000 0.00000000
vt 0.00000000 0.00000000
vt 0.00000000 0.00000000
vt 0.00000000 0.00000000
vt 0.00000000 0.00000000
vt 0.00000000 0.00000000
vt 0.00000000 0.00000000
vt 0.00000000 0.00000000
vt 0.00000000 0.00000000
vt 0.00000000 0.00000000
vt 0.00000000 0.00000000
vt 0.00000000 0.00000000
vt 0.00000000 0.00000000
vt 0.00000000 0.00000000
vt 0.00000000 0.00000000
vt 0.00000000 0.00000000
vt 0.00000000 0.00000000
vt 0.00000000 0.00000000
vt 0.00000000 0.00000000
vt 0.00000000 0.00000000
vt 0.00000000 0.00000000
vt 0.00000000 0.00000000
vt 0.00000000 0.00000000
vt 0.00000000 0.00000000
vt 0.00000000 0.00000000
vt 0.00000000 0.00000000
vt 0.00000000 0.00000000
vt 0.00000000 0.00000000
vt 0.00000000 0.00000000
vt 0.00000000 0.00000000
vt 0.00000000 0.00000000
vt 0.00000000 0.00000000
vt 0.00000000 0.00000000
vt 0.00000000 0.00000000
vt 0.00000000 0.00000000
vt 0.00000000 0.00000000
vt 0.00000000 0.00000000
vt 0.00000000 0.00000000
vt 0.00000000 0.00000000
vt 0.00000000 0.00000000
vt 0.00000000 0.00000000
vt 0.00000000 0.00000000
vt 0.00000000 0.00000000
vt 0.00000000 0.00000000
vt 0.00000000 0.00000000
vt 0.00000000 0.00000000
vt 0.00000000 0.00000000
vt 0.00000000 0.00000000
vt 0.00000000 0.00000000
vt 0.00000000 0.00000000
vt 0.00000000 0.00000000
vt 0.00000000 0.00000000
vt 0.00000000 0.00000000
vt 0.00000000 0.00000000
vt 0.00000000 0.00000000
vt 0.00000000 0.00000000
vt 0.00000000 0.00000000
vt 0.00000000 0.00000000
vt 0.00000000 0.00000000
vt 0.00000000 0.00000000
vt 0.00000000 0.00000000
vt 0.00000000 0.00000000
vt 0.00000000 0.00000000
vt 0.00000000 0.00000000
vt 0.00000000 0.00000000
vt 0.00000000 0.00000000
vt 0.00000000 0.00000000
vt 0.00000000 0.00000000
vt 0.00000000 0.00000000
vt 0.00000000 0.00000000
vt 0.00000000 0.00000000
vt 0.00000000 0.00000000
vt 0.00000000 0.00000000
vt 0.00000000 0.00000000
vt 0.00000000 0.00000000
vt 0.00000000 0.00000000
vt 0.00000000 0.00000000
vt 0.00000000 0.00000000
vt 0.00000000 0.00000000
vt 0.00000000 0.00000000
vt 0.00000000 0.00000000
vt 0.00000000 0.00000000
vt 0.00000000 0.00000000
vt 0.00000000 0.00000000
vt 0.00000000 0.00000000
vt 0.00000000 0.00000000
vt 0.00000000 0.00000000
vt 0.00000000 0.00000000
vt 0.00000000 0.00000000
vt 0.00000000 0.00000000
vt 0.00000000 0.00000000
vt 0.00000000 0.00000000
vt 0.00000000 0.00000000
vt 0.00000000 0.00000000
vt 0.00000000 0.00000000
vt 0.00000000 0.00000000
vt 0.00000000 0.00000000
vt 0.00000000 0.00000000
vt 0.00000000 0.00000000
vt 0.00000000 0.00000000
vt 0.00000000 0.00000000
vt 0.00000000 0.00000000
vt 0.00000000 0.00000000
vt 0.00000000 0.00000000
vt 0.00000000 0.00000000
vt 0.00000000 0.00000000
vt 0.00000000 0.00000000
vt 0.00000000 0.00000000
vt 0.00000000 0.00000000
vt 0.00000000 0.00000000
vt 0.00000000 0.00000000
vt 0.00000000 0.00000000
vt 0.00000000 0.00000000
vt 0.00000000 0.00000000
vt 0.00000000 0.00000000
vt 0.00000000 0.00000000
vt 0.00000000 0.00000000
vt 0.00000000 0.00000000
vt 0.00000000 0.00000000
vt 0.00000000 0.00000000
vt 0.00000000 0.00000000
vt 0.00000000 0.00000000
vt 0.00000000 0.00000000
vt 0.00000000 0.00000000
vt 0.00000000 0.00000000
vt 0.00000000 0.00000000
vt 0.00000000 0.00000000
vt 0.00000000 0.00000000
vt 0.00000000 0.00000000
vt 0.00000000 0.00000000
vt 0.00000000 0.00000000
vt 0.00000000 0.00000000
vt 0.00000000 0.00000000
vt 0.00000000 0.00000000
vt 0.00000000 0.00000000
vt 0.00000000 0.00000000
vt 0.00000000 0.00000000
vt 0.00000000 0.00000000
vt 0.00000000 0.00000000
vt 0.00000000 0.00000000
vt 0.00000000 0.00000000
vt 0.00000000 0.00000000
vt 0.00000000 0.00000000
vt 0.00000000 0.00000000
vt 0.00000000 0.00000000
vt 0.00000000 0.00000000
vt 0.00000000 0.00000000
vt 0.00000000 0.00000000
vt 0.00000000 0.00000000
vt 0.00000000 0.00000000
vt 0.00000000 0.00000000
vt 0.00000000 0.00000000
vt 0.00000000 0.00000000
vt 0.00000000 0.00000000
vt 0.00000000 0.00000000
vt 0.00000000 0.00000000
vt 0.00000000 0.00000000
vt 0.00000000 0.00000000
vt 0.00000000 0.00000000
vt 0.00000000 0.00000000
vt 0.00000000 0.00000000
vt 0.00000000 0.00000000
vt 0.00000000 0.00000000
vt 0.00000000 0.00000000
vt 0.00000000 0.00000000
vt 0.00000000 0.00000000
vt 0.00000000 0.00000000
vt 0.00000000 0.00000000
vt 0.00000000 0.00000000
vt 0.00000000 0.00000000
vt 0.00000000 0.00000000
vt 0.00000000 0.00000000
vt 0.00000000 0.00000000
vt 0.00000000 0.00000000
vt 0.00000000 0.00000000
vt 0.00000000 0.00000000
vt 0.00000000 0.00000000
vt 0.00000000 0.00000000
vt 0.00000000 0.00000000
vt 0.00000000 0.00000000
vt 0.00000000 0.00000000
vt 0.00000000 0.00000000
vt 0.00000000 0.00000000
vt 0.00000000 0.00000000
vt 0.00000000 0.00000000
vt 0.00000000 0.00000000
vt 0.00000000 0.00000000
vt 0.00000000 0.00000000
vt 0.00000000 0.00000000
vt 0.00000000 0.00000000
vt 0.00000000 0.00000000
vt 0.00000000 0.00000000
vt 0.00000000 0.00000000
vt 0.00000000 0.00000000
vt 0.00000000 0.00000000
vt 0.00000000 0.00000000
vt 0.00000000 0.00000000
vt 0.00000000 0.00000000
vt 0.00000000 0.00000000
vt 0.00000000 0.00000000
vt 0.00000000 0.00000000
vt 0.00000000 0.00000000
vt 0.00000000 0.00000000
vt 0.00000000 0.00000000
vt 0.00000000 0.00000000
vt 0.00000000 0.00000000
vt 0.00000000 0.00000000
vt 0.00000000 0.00000000
vt 0.00000000 0.00000000
vt 0.00000000 0.00000000
vt 0.00000000 0.00000000
vt 0.00000000 0.00000000
vt 0.00000000 0.00000000
vt 0.00000000 0.00000000
vt 0.00000000 0.00000000
vt 0.00000000 0.00000000
vt 0.00000000 0.00000000
vt 0.00000000 0.00000000
vt 0.00000000 0.00000000
vt 0.00000000 0.00000000
vt 0.00000000 0.00000000
vt 0.00000000 0.00000000
vt 0.00000000 0.00000000
vt 0.00000000 0.00000000
vt 0.00000000 0.00000000
vt 0.00000000 0.00000000
vt 0.00000000 0.00000000
vt 0.00000000 0.00000000
vt 0.00000000 0.00000000
vt 0.00000000 0.00000000
vt 0.00000000 0.00000000
vt 0.00000000 0.00000000
vt 0.00000000 0.00000000
vt 0.00000000 0.00000000
vt 0.00000000 0.00000000
vt 0.00000000 0.00000000
vt 0.00000000 0.00000000
vt 0.00000000 0.00000000
vt 0.00000000 0.00000000
vt 0.00000000 0.00000000
vt 0.00000000 0.00000000
vt 0.00000000 0.00000000
vt 0.00000000 0.00000000
vt 0.00000000 0.00000000
vt 0.00000000 0.00000000
vt 0.00000000 0.00000000
vt 0.00000000 0.00000000
vt 0.00000000 0.00000000
vt 0.00000000 0.00000000
vt 0.00000000 0.00000000
vt 0.00000000 0.00000000
vt 0.00000000 0.00000000
vt 0.00000000 0.00000000
vt 0.00000000 0.00000000
vt 0.00000000 0.00000000
vt 0.00000000 0.00000000
vt 0.00000000 0.00000000
vt 0.00000000 0.00000000
vt 0.00000000 0.00000000
vt 0.00000000 0.00000000
vt 0.00000000 0.00000000
vt 0.00000000 0.00000000
vt 0.00000000 0.00000000
vt 0.00000000 0.00000000
vt 0.00000000 0.00000000
vt 0.00000000 0.00000000
vt 0.00000000 0.00000000
vt 0.00000000 0.00000000
vt 0.00000000 0.00000000
vt 0.00000000 0.00000000
vt 0.00000000 0.00000000
vt 0.00000000 0.00000000
vt 0.00000000 0.00000000
vt 0.00000000 0.00000000
vt 0.00000000 0.00000000
vt 0.00000000 0.00000000
vt 0.00000000 0.00000000
vt 0.00000000 0.00000000
vt 0.00000000 0.00000000
vt 0.00000000 0.00000000
vt 0.00000000 0.00000000
vt 0.00000000 0.00000000
vt 0.00000000 0.00000000
vt 0.00000000 0.00000000
vt 0.00000000 0.00000000
vt 0.00000000 0.00000000
vt 0.00000000 0.00000000
vt 0.00000000 0.00000000
vt 0.00000000 0.00000000
vt 0.00000000 0.00000000
vt 0.00000000 0.00000000
vt 0.00000000 0.00000000
vt 0.00000000 0.00000000
vt 0.00000000 0.00000000
vt 0.00000000 0.00000000
vt 0.00000000 0.00000000
vt 0.00000000 0.00000000
vt 0.00000000 0.00000000
vt 0.00000000 0.00000000
vt 0.00000000 0.00000000
vt 0.00000000 0.00000000
vt 0.00000000 0.00000000
vt 0.00000000 0.00000000
vt 0.00000000 0.00000000
vt 0.00000000 0.00000000
vt 0.00000000 0.00000000
vt 0.00000000 0.00000000
vt 0.00000000 0.00000000
vt 0.00000000 0.00000000
vt 0.00000000 0.00000000
vt 0.00000000 0.00000000
vt 0.00000000 0.00000000
vt 0.00000000 0.00000000
vt 0.00000000 0.00000000
vt 0.00000000 0.00000000
vt 0.00000000 0.00000000
vt 0.00000000 0.00000000
vt 0.00000000 0.00000000
vt 0.00000000 0.00000000
vt 0.00000000 0.00000000
vt 0.00000000 0.00000000
vt 0.00000000 0.00000000
vt 0.00000000 0.00000000
vt 0.00000000 0.00000000
vt 0.00000000 0.00000000
vt 0.00000000 0.00000000
vt 0.00000000 0.00000000
vt 0.00000000 0.00000000
vt 0.00000000 0.00000000
vt 0.00000000 0.00000000
vt 0.00000000 0.00000000
vt 0.00000000 0.00000000
vt 0.00000000 0.00000000
vt 0.00000000 0.00000000
vt 0.00000000 0.00000000
vt 0.00000000 0.00000000
vt 0.00000000 0.00000000
vt 0.00000000 0.00000000
vt 0.00000000 0.00000000
vt 0.00000000 0.00000000
vt 0.00000000 0.00000000
vt 0.00000000 0.00000000
vt 0.00000000 0.00000000
vt 0.00000000 0.00000000
vt 0.00000000 0.00000000
vt 0.00000000 0.00000000
vt 0.00000000 0.00000000
vt 0.00000000 0.00000000
vt 0.00000000 0.00000000
vt 0.00000000 0.00000000
vt 0.00000000 0.00000000
vt 0.00000000 0.00000000
vt 0.00000000 0.00000000
vt 0.00000000 0.00000000
vt 0.00000000 0.00000000
vt 0.00000000 0.00000000
vt 0.00000000 0.00000000
vt 0.00000000 0.00000000
vt 0.00000000 0.00000000
vt 0.00000000 0.00000000
vt 0.00000000 0.00000000
vt 0.00000000 0.00000000
vt 0.00000000 0.00000000
vt 0.00000000 0.00000000
vt 0.00000000 0.00000000
vt 0.00000000 0.00000000
vt 0.00000000 0.00000000
vt 0.00000000 0.00000000
vt 0.00000000 0.00000000
vt 0.00000000 0.00000000
vt 0.00000000 0.00000000
vt 0.00000000 0.00000000
vt 0.00000000 0.00000000
vt 0.00000000 0.00000000
vt 0.00000000 0.00000000
vt 0.00000000 0.00000000
vt 0.00000000 0.00000000
vt 0.00000000 0.00000000
vt 0.00000000 0.00000000
vt 0.00000000 0.00000000
vt 0.00000000 0.00000000
vt 0.00000000 0.00000000
vt 0.00000000 0.00000000
vt 0.00000000 0.00000000
vt 0.00000000 0.00000000
vt 0.00000000 0.00000000
vt 0.00000000 0.00000000
vt 0.00000000 0.00000000
vt 0.00000000 0.00000000
vt 0.00000000 0.00000000
vt 0.00000000 0.00000000
vt 0.00000000 0.00000000
vt 0.00000000 0.00000000
vt 0.00000000 0.00000000
vt 0.00000000 0.00000000
vt 0.00000000 0.00000000
vt 0.00000000 0.00000000
vt 0.00000000 0.00000000
vt 0.00000000 0.00000000
vt 0.00000000 0.00000000
vt 0.00000000 0.00000000
vt 0.00000000 0.00000000
vt 0.00000000 0.00000000
vt 0.00000000 0.00000000
vt 0.00000000 0.00000000
vt 0.00000000 0.00000000
vt 0.00000000 0.00000000
vt 0.00000000 0.00000000
vt 0.00000000 0.00000000
vt 0.00000000 0.00000000
vt 0.00000000 0.00000000
vt 0.00000000 0.00000000
vt 0.00000000 0.00000000
vt 0.00000000 0.00000000
vt 0.00000000 0.00000000
vt 0.00000000 0.00000000
vt 0.00000000 0.00000000
vt 0.00000000 0.00000000
vt 0.00000000 0.00000000
vt 0.00000000 0.00000000
vt 0.00000000 0.00000000
vt 0.00000000 0.00000000
vt 0.00000000 0.00000000
vt 0.00000000 0.00000000
vt 0.00000000 0.00000000
vt 0.00000000 0.00000000
vt 0.00000000 0.00000000
vt 0.00000000 0.00000000
vt 0.00000000 0.00000000
vt 0.00000000 0.00000000
vt 0.00000000 0.00000000
vt 0.00000000 0.00000000
vt 0.00000000 0.00000000
vt 0.00000000 0.00000000
vt 0.00000000 0.00000000
vt 0.00000000 0.00000000
vt 0.00000000 0.00000000
vt 0.00000000 0.00000000
vt 0.00000000 0.00000000
vt 0.00000000 0.00000000
vt 0.00000000 0.00000000
vt 0.00000000 0.00000000
vt 0.00000000 0.00000000
vt 0.00000000 0.00000000
vt 0.00000000 0.00000000
vt 0.00000000 0.00000000
vt 0.00000000 0.00000000
vt 0.00000000 0.00000000
vt 0.00000000 0.00000000
vt 0.00000000 0.00000000
vt 0.00000000 0.00000000
vt 0.00000000 0.00000000
vt 0.00000000 0.00000000
vt 0.00000000 0.00000000
vt 0.00000000 0.00000000
vt 0.00000000 0.00000000
vt 0.00000000 0.00000000
vt 0.00000000 0.00000000
vt 0.00000000 0.00000000
vt 0.00000000 0.00000000
vt 0.00000000 0.00000000
vt 0.00000000 0.00000000
vt 0.00000000 0.00000000
vt 0.00000000 0.00000000
vt 0.00000000 0.00000000
vt 0.00000000 0.00000000
vt 0.00000000 0.00000000
vt 0.00000000 0.00000000
vt 0.00000000 0.00000000
vt 0.00000000 0.00000000
vt 0.00000000 0.00000000
vt 0.00000000 0.00000000
vt 0.00000000 0.00000000
vt 0.00000000 0.00000000
vt 0.00000000 0.00000000
vt 0.00000000 0.00000000
vt 0.00000000 0.00000000
vt 0.00000000 0.00000000
vt 0.00000000 0.00000000
vt 0.00000000 0.00000000
vt 0.00000000 0.00000000
vt 0.00000000 0.00000000
vt 0.00000000 0.00000000
vt 0.00000000 0.00000000
vt 0.00000000 0.00000000
vt 0.00000000 0.00000000
vt 0.00000000 0.00000000
vt 0.00000000 0.00000000
vt 0.00000000 0.00000000
vt 0.00000000 0.00000000
vt 0.00000000 0.00000000
vt 0.00000000 0.00000000
vt 0.00000000 0.00000000
vt 0.00000000 0.00000000
vt 0.00000000 0.00000000
vt 0.00000000 0.00000000
vt 0.00000000 0.00000000
vt 0.00000000 0.00000000
vt 0.00000000 0.00000000
vt 0.00000000 0.00000000
vt 0.00000000 0.00000000
vt 0.00000000 0.00000000
vt 0.00000000 0.00000000
vt 0.00000000 0.00000000
vt 0.00000000 0.00000000
vt 0.00000000 0.00000000
vt 0.00000000 0.00000000
vt 0.00000000 0.00000000
vt 0.00000000 0.00000000
vt 0.00000000 0.00000000
vt 0.00000000 0.00000000
vt 0.00000000 0.00000000
vt 0.00000000 0.00000000
vt 0.00000000 0.00000000
vt 0.00000000 0.00000000
vt 0.00000000 0.00000000
vt 0.00000000 0.00000000
vt 0.00000000 0.00000000
vt 0.00000000 0.00000000
vt 0.00000000 0.00000000
vt 0.00000000 0.00000000
vt 0.00000000 0.00000000
vt 0.00000000 0.00000000
vt 0.00000000 0.00000000
vt 0.00000000 0.00000000
vt 0.00000000 0.00000000
vt 0.00000000 0.00000000
vt 0.00000000 0.00000000
vt 0.00000000 0.00000000
vt 0.00000000 0.00000000
vt 0.00000000 0.00000000
vt 0.00000000 0.00000000
vt 0.00000000 0.00000000
vt 0.00000000 0.00000000
vt 0.00000000 0.00000000
vt 0.00000000 0.00000000
vt 0.00000000 0.00000000
vt 0.00000000 0.00000000
vt 0.00000000 0.00000000
vt 0.00000000 0.00000000
vt 0.00000000 0.00000000
vt 0.00000000 0.00000000
vt 0.00000000 0.00000000
vt 0.00000000 0.00000000
vt 0.00000000 0.00000000
vt 0.00000000 0.00000000
vt 0.00000000 0.00000000
vt 0.00000000 0.00000000
vt 0.00000000 0.00000000
vt 0.00000000 0.00000000
vt 0.00000000 0.00000000
vt 0.00000000 0.00000000
vt 0.00000000 0.00000000
vt 0.00000000 0.00000000
vt 0.00000000 0.00000000
vt 0.00000000 0.00000000
vt 0.00000000 0.00000000
vt 0.00000000 0.00000000
vt 0.00000000 0.00000000
vt 0.00000000 0.00000000
vt 0.00000000 0.00000000
vt 0.00000000 0.00000000
vt 0.00000000 0.00000000
vt 0.00000000 0.00000000
vt 0.00000000 0.00000000
vt 0.00000000 0.00000000
vt 0.00000000 0.00000000
vt 0.00000000 0.00000000
vt 0.00000000 0.00000000
vt 0.00000000 0.00000000
vt 0.00000000 0.00000000
vt 0.00000000 0.00000000
vt 0.00000000 0.00000000
vt 0.00000000 0.00000000
vt 0.00000000 0.00000000
vt 0.00000000 0.00000000
vt 0.00000000 0.00000000
vt 0.00000000 0.00000000
vt 0.00000000 0.00000000
vt 0.00000000 0.00000000
vt 0.00000000 0.00000000
vt 0.00000000 0.00000000
vt 0.00000000 0.00000000
vt 0.00000000 0.00000000
vt 0.00000000 0.00000000
vt 0.00000000 0.00000000
vt 0.00000000 0.00000000
vt 0.00000000 0.00000000
vt 0.00000000 0.00000000
vt 0.00000000 0.00000000
vt 0.00000000 0.00000000
vt 0.00000000 0.00000000
vt 0.00000000 0.00000000
vt 0.00000000 0.00000000
vt 0.00000000 0.00000000
vt 0.00000000 0.00000000
vt 0.00000000 0.00000000
vt 0.00000000 0.00000000
vt 0.00000000 0.00000000
vt 0.00000000 0.00000000
vt 0.00000000 0.00000000
vt 0.00000000 0.00000000
vt 0.00000000 0.00000000
vt 0.00000000 0.00000000
vt 0.00000000 0.00000000
vt 0.00000000 0.00000000
vt 0.00000000 0.00000000
vt 0.00000000 0.00000000
vt 0.00000000 0.00000000
vt 0.00000000 0.00000000
vt 0.00000000 0.00000000
vt 0.00000000 0.00000000
vt 0.00000000 0.00000000
vt 0.00000000 0.00000000
vt 0.00000000 0.00000000
vt 0.00000000 0.00000000
vt 0.00000000 0.00000000
vt 0.00000000 0.00000000
vt 0.00000000 0.00000000
vt 0.00000000 0.00000000
vt 0.00000000 0.00000000
vt 0.00000000 0.00000000
vt 0.00000000 0.00000000
vt 0.00000000 0.00000000
vt 0.00000000 0.00000000
vt 0.00000000 0.00000000
vt 0.00000000 0.00000000
vt 0.00000000 0.00000000
vt 0.00000000 0.00000000
vt 0.00000000 0.00000000
vt 0.00000000 0.00000000
vt 0.00000000 0.00000000
vt 0.00000000 0.00000000
vt 0.00000000 0.00000000
vt 0.00000000 0.00000000
vt 0.00000000 0.00000000
vt 0.00000000 0.00000000
vt 0.00000000 0.00000000
vt 0.00000000 0.00000000
vt 0.00000000 0.00000000
vt 0.00000000 0.00000000
vt 0.00000000 0.00000000
vt 0.00000000 0.00000000
vt 0.00000000 0.00000000
vt 0.00000000 0.00000000
vt 0.00000000 0.00000000
vt 0.00000000 0.00000000
vt 0.00000000 0.00000000
vt 0.00000000 0.00000000
vt 0.00000000 0.00000000
vt 0.00000000 0.00000000
vt 0.00000000 0.00000000
vt 0.00000000 0.00000000
vt 0.00000000 0.00000000
vt 0.00000000 0.00000000
vt 0.00000000 0.00000000
vt 0.00000000 0.00000000
vt 0.00000000 0.00000000
vt 0.00000000 0.00000000
vt 0.00000000 0.00000000
vt 0.00000000 0.00000000
vt 0.00000000 0.00000000
vt 0.00000000 0.00000000
vt 0.00000000 0.00000000
vt 0.00000000 0.00000000
vt 0.00000000 0.00000000
vt 0.00000000 0.00000000
vt 0.00000000 0.00000000
vt 0.00000000 0.00000000
vt 0.00000000 0.00000000
vt 0.00000000 0.00000000
vt 0.00000000 0.00000000
vt 0.00000000 0.00000000
vt 0.00000000 0.00000000
vt 0.00000000 0.00000000
vt 0.00000000 0.00000000
vt 0.00000000 0.00000000
vt 0.00000000 0.00000000
vt 0.00000000 0.00000000
vt 0.00000000 0.00000000
vt 0.00000000 0.00000000
vt 0.00000000 0.00000000
vt 0.00000000 0.00000000
vt 0.00000000 0.00000000
vt 0.00000000 0.00000000
vt 0.00000000 0.00000000
vt 0.00000000 0.00000000
vt 0.00000000 0.00000000
vt 0.00000000 0.00000000
vt 0.00000000 0.00000000
vt 0.00000000 0.00000000
vt 0.00000000 0.00000000
vt 0.00000000 0.00000000
vt 0.00000000 0.00000000
vt 0.00000000 0.00000000
vt 0.00000000 0.00000000
vt 0.00000000 0.00000000
vt 0.00000000 0.00000000
vt 0.00000000 0.00000000
vt 0.00000000 0.00000000
vt 0.00000000 0.00000000
vt 0.00000000 0.00000000
vt 0.00000000 0.00000000
vt 0.00000000 0.00000000
vt 0.00000000 0.00000000
vt 0.00000000 0.00000000
vt 0.00000000 0.00000000
vt 0.00000000 0.00000000
vt 0.00000000 0.00000000
vt 0.00000000 0.00000000
vt 0.00000000 0.00000000
vt 0.00000000 0.00000000
vt 0.00000000 0.00000000
vt 0.00000000 0.00000000
vt 0.00000000 0.00000000
vt 0.00000000 0.00000000
vt 0.00000000 0.00000000
vt 0.00000000 0.00000000
vt 0.00000000 0.00000000
vt 0.00000000 0.00000000
vt 0.00000000 0.00000000
vt 0.00000000 0.00000000
vt 0.00000000 0.00000000
vt 0.00000000 0.00000000
vt 0.00000000 0.00000000
vt 0.00000000 0.00000000
vt 0.00000000 0.00000000
vt 0.00000000 0.00000000
vt 0.00000000 0.00000000
vt 0.00000000 0.00000000
vt 0.00000000 0.00000000
vt 0.00000000 0.00000000
vt 0.00000000 0.00000000
vt 0.00000000 0.00000000
vt 0.00000000 0.00000000
vt 0.00000000 0.00000000
vt 0.00000000 0.00000000
vt 0.00000000 0.00000000
vt 0.00000000 0.00000000
vt 0.00000000 0.00000000
vt 0.00000000 0.00000000
vt 0.00000000 0.00000000
vt 0.00000000 0.00000000
vt 0.00000000 0.00000000
vt 0.00000000 0.00000000
vt 0.00000000 0.00000000
vt 0.00000000 0.00000000
vt 0.00000000 0.00000000
vt 0.00000000 0.00000000
vt 0.00000000 0.00000000
vt 0.00000000 0.00000000
vt 0.00000000 0.00000000
vt 0.00000000 0.00000000
vt 0.00000000 0.00000000
vt 0.00000000 0.00000000
vt 0.00000000 0.00000000
vt 0.00000000 0.00000000
vt 0.00000000 0.00000000
vt 0.00000000 0.00000000
vt 0.00000000 0.00000000
vt 0.00000000 0.00000000
vt 0.00000000 0.00000000
vt 0.00000000 0.00000000
vt 0.00000000 0.00000000
vt 0.00000000 0.00000000
vt 0.00000000 0.00000000
vt 0.00000000 0.00000000
vt 0.00000000 0.00000000
vt 0.00000000 0.00000000
vt 0.00000000 0.00000000
vt 0.00000000 0.00000000
vt 0.00000000 0.00000000
vt 0.00000000 0.00000000
vt 0.00000000 0.00000000
vt 0.00000000 0.00000000
vt 0.00000000 0.00000000
vt 0.00000000 0.00000000
vt 0.00000000 0.00000000
vt 0.00000000 0.00000000
vt 0.00000000 0.00000000
vt 0.00000000 0.00000000
vt 0.00000000 0.00000000
vt 0.00000000 0.00000000
vt 0.00000000 0.00000000
vt 0.00000000 0.00000000
vt 0.00000000 0.00000000
vt 0.00000000 0.00000000
vt 0.00000000 0.00000000
vt 0.00000000 0.00000000
vt 0.00000000 0.00000000
vt 0.00000000 0.00000000
vt 0.00000000 0.00000000
vt 0.00000000 0.00000000
vt 0.00000000 0.00000000
vt 0.00000000 0.00000000
vt 0.00000000 0.00000000
vt 0.00000000 0.00000000
vt 0.00000000 0.00000000
vt 0.00000000 0.00000000
vt 0.00000000 0.00000000
vt 0.00000000 0.00000000
vt 0.00000000 0.00000000
vt 0.00000000 0.00000000
vt 0.00000000 0.00000000
vt 0.00000000 0.00000000
vt 0.00000000 0.00000000
vt 0.00000000 0.00000000
vt 0.00000000 0.00000000
vt 0.00000000 0.00000000
vt 0.00000000 0.00000000
vt 0.00000000 0.00000000
vt 0.00000000 0.00000000
vt 0.00000000 0.00000000
vt 0.00000000 0.00000000
vt 0.00000000 0.00000000
vt 0.00000000 0.00000000
vt 0.00000000 0.00000000
vt 0.00000000 0.00000000
vt 0.00000000 0.00000000
vt 0.00000000 0.00000000
vt 0.00000000 0.00000000
vt 0.00000000 0.00000000
vt 0.00000000 0.00000000
vt 0.00000000 0.00000000
vt 0.00000000 0.00000000
vt 0.00000000 0.00000000
vt 0.00000000 0.00000000
vt 0.00000000 0.00000000
vt 0.00000000 0.00000000
vt 0.00000000 0.00000000
vt 0.00000000 0.00000000
vt 0.00000000 0.00000000
vt 0.00000000 0.00000000
vt 0.00000000 0.00000000
vt 0.00000000 0.00000000
vt 0.00000000 0.00000000
vt 0.00000000 0.00000000
vt 0.00000000 0.00000000
vt 0.00000000 0.00000000
vt 0.00000000 0.00000000
vt 0.00000000 0.00000000
vt 0.00000000 0.00000000
vt 0.00000000 0.00000000
vt 0.00000000 0.00000000
vt 0.00000000 0.00000000
vt 0.00000000 0.00000000
vt 0.00000000 0.00000000
vt 0.00000000 0.00000000
vt 0.00000000 0.00000000
vt 0.00000000 0.00000000
vt 0.00000000 0.00000000
vt 0.00000000 0.00000000
vt 0.00000000 0.00000000
vt 0.00000000 0.00000000
vt 0.00000000 0.00000000
vt 0.00000000 0.00000000
vt 0.00000000 0.00000000
vt 0.00000000 0.00000000
vt 0.00000000 0.00000000
vt 0.00000000 0.00000000
vt 0.00000000 0.00000000
vt 0.00000000 0.00000000
vt 0.00000000 0.00000000
vt 0.00000000 0.00000000
vt 0.00000000 0.00000000
vt 0.00000000 0.00000000
vt 0.00000000 0.00000000
vt 0.00000000 0.00000000
vt 0.00000000 0.00000000
vt 0.00000000 0.00000000
vt 0.00000000 0.00000000
vt 0.00000000 0.00000000
vt 0.00000000 0.00000000
vt 0.00000000 0.00000000
vt 0.00000000 0.00000000
vt 0.00000000 0.00000000
vt 0.00000000 0.00000000
vt 0.00000000 0.00000000
vt 0.00000000 0.00000000
vt 0.00000000 0.00000000
vt 0.00000000 0.00000000
vt 0.00000000 0.00000000
vt 0.00000000 0.00000000
vt 0.00000000 0.00000000
vt 0.00000000 0.00000000
vt 0.00000000 0.00000000
vt 0.00000000 0.00000000
vt 0.00000000 0.00000000
vt 0.00000000 0.00000000
vt 0.00000000 0.00000000
vt 0.00000000 0.00000000
vt 0.00000000 0.00000000
vt 0.00000000 0.00000000
vt 0.00000000 0.00000000
vt 0.00000000 0.00000000
vt 0.00000000 0.00000000
vt 0.00000000 0.00000000
vt 0.00000000 0.00000000
vt 0.00000000 0.00000000
vt 0.00000000 0.00000000
vt 0.00000000 0.00000000
vt 0.00000000 0.00000000
vt 0.00000000 0.00000000
vt 0.00000000 0.00000000
vt 0.00000000 0.00000000
vt 0.00000000 0.00000000
vt 0.00000000 0.00000000
vt 0.00000000 0.00000000
vt 0.00000000 0.00000000
vt 0.00000000 0.00000000
vt 0.00000000 0.00000000
vt 0.00000000 0.00000000
vt 0.00000000 0.00000000
vt 0.00000000 0.00000000
vt 0.00000000 0.00000000
vt 0.00000000 0.00000000
vt 0.00000000 0.00000000
vt 0.00000000 0.00000000
vt 0.00000000 0.00000000
vt 0.00000000 0.00000000
vt 0.00000000 0.00000000
vt 0.00000000 0.00000000
vt 0.00000000 0.00000000
vt 0.00000000 0.00000000
vt 0.00000000 0.00000000
vt 0.00000000 0.00000000
vt 0.00000000 0.00000000
vt 0.00000000 0.00000000
vt 0.00000000 0.00000000
vt 0.00000000 0.00000000
vt 0.00000000 0.00000000
vt 0.00000000 0.00000000
vt 0.00000000 0.00000000
vt 0.00000000 0.00000000
vt 0.00000000 0.00000000
vt 0.00000000 0.00000000
vt 0.00000000 0.00000000
vt 0.00000000 0.00000000
vt 0.00000000 0.00000000
vt 0.00000000 0.00000000
vt 0.00000000 0.00000000
vt 0.00000000 0.00000000
vt 0.00000000 0.00000000
vt 0.00000000 0.00000000
vt 0.00000000 0.00000000
vt 0.00000000 0.00000000
vt 0.00000000 0.00000000
vt 0.00000000 0.00000000
vt 0.00000000 0.00000000
vt 0.00000000 0.00000000
vt 0.00000000 0.00000000
vt 0.00000000 0.00000000
vt 0.00000000 0.00000000
vt 0.00000000 0.00000000
vt 0.00000000 0.00000000
vt 0.00000000 0.00000000
vt 0.00000000 0.00000000
vt 0.00000000 0.00000000
vt 0.00000000 0.00000000
vt 0.00000000 0.00000000
vt 0.00000000 0.00000000
vt 0.00000000 0.00000000
vt 0.00000000 0.00000000
vt 0.00000000 0.00000000
vt 0.00000000 0.00000000
vt 0.00000000 0.00000000
vt 0.00000000 0.00000000
vt 0.00000000 0.00000000
vt 0.00000000 0.00000000
vt 0.00000000 0.00000000
vt 0.00000000 0.00000000
vt 0.00000000 0.00000000
vt 0.00000000 0.00000000
vt 0.00000000 0.00000000
vt 0.00000000 0.00000000
vt 0.00000000 0.00000000
vt 0.00000000 0.00000000
vt 0.00000000 0.00000000
vt 0.00000000 0.00000000
vt 0.00000000 0.00000000
vt 0.00000000 0.00000000
vt 0.00000000 0.00000000
vt 0.00000000 0.00000000
vt 0.00000000 0.00000000
vt 0.00000000 0.00000000
vt 0.00000000 0.00000000
vt 0.00000000 0.00000000
vt 0.00000000 0.00000000
vt 0.00000000 0.00000000
vt 0.00000000 0.00000000
vt 0.00000000 0.00000000
vt 0.00000000 0.00000000
vt 0.00000000 0.00000000
vt 0.00000000 0.00000000
vt 0.00000000 0.00000000
vt 0.00000000 0.00000000
vt 0.00000000 0.00000000
vt 0.00000000 0.00000000
vt 0.00000000 0.00000000
vt 0.00000000 0.00000000
vt 0.00000000 0.00000000
vt 0.00000000 0.00000000
vt 0.00000000 0.00000000
vt 0.00000000 0.00000000
vt 0.00000000 0.00000000
vt 0.00000000 0.00000000
vt 0.00000000 0.00000000
vt 0.00000000 0.00000000
vt 0.00000000 0.00000000
vt 0.00000000 0.00000000
vt 0.00000000 0.00000000
vt 0.00000000 0.00000000
vt 0.00000000 0.00000000
vt 0.00000000 0.00000000
vt 0.00000000 0.00000000
vt 0.00000000 0.00000000
vt 0.00000000 0.00000000
vt 0.00000000 0.00000000
vt 0.00000000 0.00000000
vt 0.00000000 0.00000000
vt 0.00000000 0.00000000
vt 0.00000000 0.00000000
vt 0.00000000 0.00000000
vt 0.00000000 0.00000000
vt 0.00000000 0.00000000
vt 0.00000000 0.00000000
vt 0.00000000 0.00000000
vt 0.00000000 0.00000000
vt 0.00000000 0.00000000
vt 0.00000000 0.00000000
vt 0.00000000 0.00000000
vt 0.00000000 0.00000000
vt 0.00000000 0.00000000
vt 0.00000000 0.00000000
vt 0.00000000 0.00000000
vt 0.00000000 0.00000000
vt 0.00000000 0.00000000
vt 0.00000000 0.00000000
vt 0.00000000 0.00000000
vt 0.00000000 0.00000000
vt 0.00000000 0.00000000
vt 0.00000000 0.00000000
vt 0.00000000 0.00000000
vt 0.00000000 0.00000000
vt 0.00000000 0.00000000
vt 0.00000000 0.00000000
vt 0.00000000 0.00000000
vt 0.00000000 0.00000000
vt 0.00000000 0.00000000
vt 0.00000000 0.00000000
vt 0.00000000 0.00000000
vt 0.00000000 0.00000000
vt 0.00000000 0.00000000
vt 0.00000000 0.00000000
vt 0.00000000 0.00000000
vt 0.00000000 0.00000000
vt 0.00000000 0.00000000
vt 0.00000000 0.00000000
vt 0.00000000 0.00000000
vt 0.00000000 0.00000000
vt 0.00000000 0.00000000
vt 0.00000000 0.00000000
vt 0.00000000 0.00000000
vt 0.00000000 0.00000000
vt 0.00000000 0.00000000
vt 0.00000000 0.00000000
vt 0.00000000 0.00000000
vt 0.00000000 0.00000000
vt 0.00000000 0.00000000
vt 0.00000000 0.00000000
vt 0.00000000 0.00000000
vt 0.00000000 0.00000000
vt 0.00000000 0.00000000
vt 0.00000000 0.00000000
vt 0.00000000 0.00000000
vt 0.00000000 0.00000000
vt 0.00000000 0.00000000
vt 0.00000000 0.00000000
vt 0.00000000 0.00000000
vt 0.00000000 0.00000000
vt 0.00000000 0.00000000
vt 0.00000000 0.00000000
vt 0.00000000 0.00000000
vt 0.00000000 0.00000000
vt 0.00000000 0.00000000
vt 0.00000000 0.00000000
vt 0.00000000 0.00000000
vt 0.00000000 0.00000000
vt 0.00000000 0.00000000
vt 0.00000000 0.00000000
vt 0.00000000 0.00000000
vt 0.00000000 0.00000000
vt 0.00000000 0.00000000
vt 0.00000000 0.00000000
vt 0.00000000 0.00000000
vt 0.00000000 0.00000000
vt 0.00000000 0.00000000
vt 0.00000000 0.00000000
vt 0.00000000 0.00000000
vt 0.00000000 0.00000000
vt 0.00000000 0.00000000
vt 0.00000000 0.00000000
vt 0.00000000 0.00000000
vt 0.00000000 0.00000000
vt 0.00000000 0.00000000
vt 0.00000000 0.00000000
vt 0.00000000 0.00000000
vt 0.00000000 0.00000000
vt 0.00000000 0.00000000
vt 0.00000000 0.00000000
vt 0.00000000 0.00000000
vt 0.00000000 0.00000000
vt 0.00000000 0.00000000
vt 0.00000000 0.00000000
vt 0.00000000 0.00000000
vt 0.00000000 0.00000000
vt 0.00000000 0.00000000
vt 0.00000000 0.00000000
vt 0.00000000 0.00000000
vt 0.00000000 0.00000000
vt 0.00000000 0.00000000
vt 0.00000000 0.00000000
vt 0.00000000 0.00000000
vt 0.00000000 0.00000000
vt 0.00000000 0.00000000
vt 0.00000000 0.00000000
vt 0.00000000 0.00000000
vt 0.00000000 0.00000000
vt 0.00000000 0.00000000
vt 0.00000000 0.00000000
vt 0.00000000 0.00000000
vt 0.00000000 0.00000000
vt 0.00000000 0.00000000
vt 0.00000000 0.00000000
vt 0.00000000 0.00000000
vt 0.00000000 0.00000000
vt 0.00000000 0.00000000
vt 0.00000000 0.00000000
vt 0.00000000 0.00000000
vt 0.00000000 0.00000000
vt 0.00000000 0.00000000
vt 0.00000000 0.00000000
vt 0.00000000 0.00000000
vt 0.00000000 0.00000000
vt 0.00000000 0.00000000
vt 0.00000000 0.00000000
vt 0.00000000 0.00000000
vt 0.00000000 0.00000000
vt 0.00000000 0.00000000
vt 0.00000000 0.00000000
vt 0.00000000 0.00000000
vt 0.00000000 0.00000000
vt 0.00000000 0.00000000
vt 0.00000000 0.00000000
vt 0.00000000 0.00000000
vt 0.00000000 0.00000000
vt 0.00000000 0.00000000
vt 0.00000000 0.00000000
vt 0.00000000 0.00000000
vt 0.00000000 0.00000000
vt 0.00000000 0.00000000
vt 0.00000000 0.00000000
vt 0.00000000 0.00000000
vt 0.00000000 0.00000000
vt 0.00000000 0.00000000
vt 0.00000000 0.00000000
vt 0.00000000 0.00000000
vt 0.00000000 0.00000000
vt 0.00000000 0.00000000
vt 0.00000000 0.00000000
vt 0.00000000 0.00000000
vt 0.00000000 0.00000000
vt 0.00000000 0.00000000
vt 0.00000000 0.00000000
vt 0.00000000 0.00000000
vt 0.00000000 0.00000000
vt 0.00000000 0.00000000
vt 0.00000000 0.00000000
vt 0.00000000 0.00000000
vt 0.00000000 0.00000000
vt 0.00000000 0.00000000
vt 0.00000000 0.00000000
vt 0.00000000 0.00000000
vt 0.00000000 0.00000000
vt 0.00000000 0.00000000
vt 0.00000000 0.00000000
vt 0.00000000 0.00000000
vt 0.00000000 0.00000000
vt 0.00000000 0.00000000
vt 0.00000000 0.00000000
vt 0.00000000 0.00000000
vt 0.00000000 0.00000000
vt 0.00000000 0.00000000
vt 0.00000000 0.00000000
vt 0.00000000 0.00000000
vt 0.00000000 0.00000000
vt 0.00000000 0.00000000
vt 0.00000000 0.00000000
vt 0.00000000 0.00000000
vt 0.00000000 0.00000000
vt 0.00000000 0.00000000
vt 0.00000000 0.00000000
vt 0.00000000 0.00000000
vt 0.00000000 0.00000000
vt 0.00000000 0.00000000
vt 0.00000000 0.00000000
vt 0.00000000 0.00000000
vt 0.00000000 0.00000000
vt 0.00000000 0.00000000
vt 0.00000000 0.00000000
vt 0.00000000 0.00000000
vt 0.00000000 0.00000000
vt 0.00000000 0.00000000
vt 0.00000000 0.00000000
vt 0.00000000 0.00000000
vt 0.00000000 0.00000000
vt 0.00000000 0.00000000
vt 0.00000000 0.00000000
vt 0.00000000 0.00000000
vt 0.00000000 0.00000000
vt 0.00000000 0.00000000
vt 0.00000000 0.00000000
vt 0.00000000 0.00000000
vt 0.00000000 0.00000000
vt 0.00000000 0.00000000
vt 0.00000000 0.00000000
vt 0.00000000 0.00000000
vt 0.00000000 0.00000000
vt 0.00000000 0.00000000
vt 0.00000000 0.00000000
vt 0.00000000 0.00000000
vt 0.00000000 0.00000000
vt 0.00000000 0.00000000
vt 0.00000000 0.00000000
vt 0.00000000 0.00000000
vt 0.00000000 0.00000000
vt 0.00000000 0.00000000
vt 0.00000000 0.00000000
vt 0.00000000 0.00000000
vt 0.00000000 0.00000000
vt 0.00000000 0.00000000
vt 0.00000000 0.00000000
vt 0.00000000 0.00000000
vt 0.00000000 0.00000000
vt 0.00000000 0.00000000
vt 0.00000000 0.00000000
vt 0.00000000 0.00000000
vt 0.00000000 0.00000000
vt 0.00000000 0.00000000
vt 0.00000000 0.00000000
vt 0.00000000 0.00000000
vt 0.00000000 0.00000000
vt 0.00000000 0.00000000
vt 0.00000000 0.00000000
vt 0.00000000 0.00000000
vt 0.00000000 0.00000000
vt 0.00000000 0.00000000
vt 0.00000000 0.00000000
vt 0.00000000 0.00000000
vt 0.00000000 0.00000000
vt 0.00000000 0.00000000
vt 0.00000000 0.00000000
vt 0.00000000 0.00000000
vt 0.00000000 0.00000000
vt 0.00000000 0.00000000
vt 0.00000000 0.00000000
vt 0.00000000 0.00000000
vt 0.00000000 0.00000000
vt 0.00000000 0.00000000
vt 0.00000000 0.00000000
vt 0.00000000 0.00000000
vt 0.00000000 0.00000000
vt 0.00000000 0.00000000
vt 0.00000000 0.00000000
vt 0.00000000 0.00000000
vt 0.00000000 0.00000000
vt 0.00000000 0.00000000
vt 0.00000000 0.00000000
vt 0.00000000 0.00000000
vt 0.00000000 0.00000000
vt 0.00000000 0.00000000
vt 0.00000000 0.00000000
vt 0.00000000 0.00000000
vt 0.00000000 0.00000000
vt 0.00000000 0.00000000
vt 0.00000000 0.00000000
vt 0.00000000 0.00000000
vt 0.00000000 0.00000000
vt 0.00000000 0.00000000
vt 0.00000000 0.00000000
vt 0.00000000 0.00000000
vt 0.00000000 0.00000000
vt 0.00000000 0.00000000
vt 0.00000000 0.00000000
vt 0.00000000 0.00000000
vt 0.00000000 0.00000000
vt 0.00000000 0.00000000
vt 0.00000000 0.00000000
vt 0.00000000 0.00000000
vt 0.00000000 0.00000000
vt 0.00000000 0.00000000
vt 0.00000000 0.00000000
vt 0.00000000 0.00000000
vt 0.00000000 0.00000000
vt 0.00000000 0.00000000
vt 0.00000000 0.00000000
vt 0.00000000 0.00000000
vt 0.00000000 0.00000000
vt 0.00000000 0.00000000
vt 0.00000000 0.00000000
vt 0.00000000 0.00000000
vt 0.00000000 0.00000000
vt 0.00000000 0.00000000
vt 0.00000000 0.00000000
vt 0.00000000 0.00000000
vt 0.00000000 0.00000000
vt 0.00000000 0.00000000
vt 0.00000000 0.00000000
vt 0.00000000 0.00000000
vt 0.00000000 0.00000000
vt 0.00000000 0.00000000
vt 0.00000000 0.00000000
vt 0.00000000 0.00000000
vt 0.00000000 0.00000000
vt 0.00000000 0.00000000
vt 0.00000000 0.00000000
vt 0.00000000 0.00000000
vt 0.00000000 0.00000000
vt 0.00000000 0.00000000
vt 0.00000000 0.00000000
vt 0.00000000 0.00000000
vt 0.00000000 0.00000000
vt 0.00000000 0.00000000
vt 0.00000000 0.00000000
vt 0.00000000 0.00000000
vt 0.00000000 0.00000000
vt 0.00000000 0.00000000
vt 0.00000000 0.00000000
vt 0.00000000 0.00000000
vt 0.00000000 0.00000000
vt 0.00000000 0.00000000
vt 0.00000000 0.00000000
vt 0.00000000 0.00000000
vt 0.00000000 0.00000000
vt 0.00000000 0.00000000
vt 0.00000000 0.00000000
vt 0.00000000 0.00000000
vt 0.00000000 0.00000000
vt 0.00000000 0.00000000
vt 0.00000000 0.00000000
vt 0.00000000 0.00000000
vt 0.00000000 0.00000000
vt 0.00000000 0.00000000
vt 0.00000000 0.00000000
vt 0.00000000 0.00000000
vt 0.00000000 0.00000000
vt 0.00000000 0.00000000
vt 0.00000000 0.00000000
vt 0.00000000 0.00000000
vt 0.00000000 0.00000000
vt 0.00000000 0.00000000
vt 0.00000000 0.00000000
vt 0.00000000 0.00000000
vt 0.00000000 0.00000000
vt 0.00000000 0.00000000
vt 0.00000000 0.00000000
vt 0.00000000 0.00000000
vt 0.00000000 0.00000000
vt 0.00000000 0.00000000
vt 0.00000000 0.00000000
vt 0.00000000 0.00000000
vt 0.00000000 0.00000000
vt 0.00000000 0.00000000
vt 0.00000000 0.00000000
vt 0.00000000 0.00000000
vt 0.00000000 0.00000000
vt 0.00000000 0.00000000
vt 0.00000000 0.00000000
vt 0.00000000 0.00000000
vt 0.00000000 0.00000000
vt 0.00000000 0.00000000
vt 0.00000000 0.00000000
vt 0.00000000 0.00000000
vt 0.00000000 0.00000000
vt 0.00000000 0.00000000
vt 0.00000000 0.00000000
vt 0.00000000 0.00000000
vt 0.00000000 0.00000000
vt 0.00000000 0.00000000
vt 0.00000000 0.00000000
vt 0.00000000 0.00000000
vt 0.00000000 0.00000000
vt 0.00000000 0.00000000
vt 0.00000000 0.00000000
vt 0.00000000 0.00000000
vt 0.00000000 0.00000000
vt 0.00000000 0.00000000
vt 0.00000000 0.00000000
vt 0.00000000 0.00000000
vt 0.00000000 0.00000000
vt 0.00000000 0.00000000
vt 0.00000000 0.00000000
vt 0.00000000 0.00000000
vt 0.00000000 0.00000000
vt 0.00000000 0.00000000
vt 0.00000000 0.00000000
vt 0.00000000 0.00000000
vt 0.00000000 0.00000000
vt 0.00000000 0.00000000
vt 0.00000000 0.00000000
vt 0.00000000 0.00000000
vt 0.00000000 0.00000000
vt 0.00000000 0.00000000
vt 0.00000000 0.00000000
vt 0.00000000 0.00000000
vt 0.00000000 0.00000000
vt 0.00000000 0.00000000
vt 0.00000000 0.00000000
vt 0.00000000 0.00000000
vt 0.00000000 0.00000000
vt 0.00000000 0.00000000
vt 0.00000000 0.00000000
vt 0.00000000 0.00000000
vt 0.00000000 0.00000000
vt 0.00000000 0.00000000
vt 0.00000000 0.00000000
vt 0.00000000 0.00000000
vt 0.00000000 0.00000000
vt 0.00000000 0.00000000
vt 0.00000000 0.00000000
vt 0.00000000 0.00000000
vt 0.00000000 0.00000000
vt 0.00000000 0.00000000
vt 0.00000000 0.00000000
vt 0.00000000 0.00000000
vt 0.00000000 0.00000000
vt 0.00000000 0.00000000
vt 0.00000000 0.00000000
vt 0.00000000 0.00000000
vt 0.00000000 0.00000000
vt 0.00000000 0.00000000
vt 0.00000000 0.00000000
vt 0.00000000 0.00000000
vt 0.00000000 0.00000000
vt 0.00000000 0.00000000
vt 0.00000000 0.00000000
vt 0.00000000 0.00000000
vt 0.00000000 0.00000000
vt 0.00000000 0.00000000
vt 0.00000000 0.00000000
vt 0.00000000 0.00000000
vt 0.00000000 0.00000000
vt 0.00000000 0.00000000
vt 0.00000000 0.00000000
vt 0.00000000 0.00000000
vt 0.00000000 0.00000000
vt 0.00000000 0.00000000
vt 0.00000000 0.00000000
vt 0.00000000 0.00000000
vt 0.00000000 0.00000000
vt 0.00000000 0.00000000
vt 0.00000000 0.00000000
vt 0.00000000 0.00000000
vt 0.00000000 0.00000000
vt 0.00000000 0.00000000
vt 0.00000000 0.00000000
vt 0.00000000 0.00000000
vt 0.00000000 0.00000000
vt 0.00000000 0.00000000
vt 0.00000000 0.00000000
vt 0.00000000 0.00000000
vt 0.00000000 0.00000000
vt 0.00000000 0.00000000
vt 0.00000000 0.00000000
vt 0.00000000 0.00000000
vt 0.00000000 0.00000000
vt 0.00000000 0.00000000
vt 0.00000000 0.00000000
vt 0.00000000 0.00000000
vt 0.00000000 0.00000000
vt 0.00000000 0.00000000
vt 0.00000000 0.00000000
vt 0.00000000 0.00000000
vt 0.00000000 0.00000000
vt 0.00000000 0.00000000
vt 0.00000000 0.00000000
vt 0.00000000 0.00000000
vt 0.00000000 0.00000000
vt 0.00000000 0.00000000
vt 0.00000000 0.00000000
vt 0.00000000 0.00000000
vt 0.00000000 0.00000000
vt 0.00000000 0.00000000
vt 0.00000000 0.00000000
vt 0.00000000 0.00000000
vt 0.00000000 0.00000000
vt 0.00000000 0.00000000
vt 0.00000000 0.00000000
vt 0.00000000 0.00000000
vt 0.00000000 0.00000000
vt 0.00000000 0.00000000
vt 0.00000000 0.00000000
vt 0.00000000 0.00000000
f 36/36/36 658/658/658 1906/1906/1906
f 658/658/658 21/21/21 663/663/663
f 1906/1906/1906 663/663/663 23/23/23
f 704/704/704 1906/1906/1906 656/656/656
f 32/32/32 654/654/654 1907/1907/1907
f 654/654/654 25/25/25 661/661/661
f 1907/1907/1907 661/661/661 26/26/26
f 708/708/708 1907/1907/1907 655/655/655
f 29/29/29 659/659/659 1908/1908/1908
f 659/659/659 28/28/28 694/694/694
f 1908/1908/1908 694/694/694 15/15/15
f 696/696/696 1908/1908/1908 687/687/687
f 33/33/33 670/670/670 1909/1909/1909
f 670/670/670 24/24/24 668/668/668
f 1909/1909/1909 668/668/668 27/27/27
f 707/707/707 1909/1909/1909 691/691/691
f 37/37/37 660/660/660 1910/1910/1910
f 660/660/660 20/20/20 686/686/686
f 1910/1910/1910 686/686/686 22/22/22
f 703/703/703 1910/1910/1910 657/657/657
f 41/41/41 685/685/685 1911/1911/1911
f 685/685/685 16/16/16 690/690/690
f 1911/1911/1911 690/690/690 18/18/18
f 699/699/699 1911/1911/1911 693/693/693
f 38/38/38 689/689/689 1912/1912/1912
f 689/689/689 19/19/19 664/664/664
f 1912/1912/1912 664/664/664 21/21/21
f 702/702/702 1912/1912/1912 658/658/658
f 34/34/34 656/656/656 1913/1913/1913
f 656/656/656 23/23/23 662/662/662
f 1913/1913/1913 662/662/662 25/25/25
f 706/706/706 1913/1913/1913 654/654/654
f 30/30/30 691/691/691 1914/1914/1914
f 691/691/691 27/27/27 695/695/695
f 1914/1914/1914 695/695/695 28/28/28
f 709/709/709 1914/1914/1914 659/659/659
f 42/42/42 687/687/687 1915/1915/1915
f 687/687/687 15/15/15 666/666/666
f 1915/1915/1915 666/666/666 17/17/17
f 698/698/698 1915/1915/1915 667/667/667
f 39/39/39 693/693/693 1916/1916/1916
f 693/693/693 18/18/18 688/688/688
f 1916/1916/1916 688/688/688 20/20/20
f 701/701/701 1916/1916/1916 660/660/660
f 35/35/35 657/657/657 1917/1917/1917
f 657/657/657 22/22/22 683/683/683
f 1917/1917/1917 683/683/683 24/24/24
f 705/705/705 1917/1917/1917 670/670/670
f 40/40/40 667/667/667 1918/1918/1918
f 667/667/667 17/17/17 665/665/665
f 1918/1918/1918 665/665/665 19/19/19
f 700/700/700 1918/1918/1918 689/689/689
f 31/31/31 655/655/655 1919/1919/1919
f 655/655/655 26/26/26 692/692/692
f 1919/1919/1919 692/692/692 16/16/16
f 697/697/697 1919/1919/1919 685/685/685
f 198/198/198 1316/1316/1316 1920/1920/1920
f 1316/1316/1316 200/200/200 1482/1482/1482
f 1920/1920/1920 1482/1482/1482 205/205/205
f 849/849/849 1920/1920/1920 1381/1381/1381
f 199/199/199 1317/1317/1317 1921/1921/1921
f 1317/1317/1317 203/203/203 1483/1483/1483
f 1921/1921/1921 1483/1483/1483 207/207/207
f 845/845/845 1921/1921/1921 1377/1377/1377
f 340/340/340 1478/1478/1478 1922/1922/1922
f 1478/1478/1478 206/206/206 1484/1484/1484
f 1922/1922/1922 1484/1484/1484 209/209/209
f 841/841/841 1922/1922/1922 1373/1373/1373
f 334/334/334 1474/1474/1474 1923/1923/1923
f 1474/1474/1474 208/208/208 1485/1485/1485
f 1923/1923/1923 1485/1485/1485 211/211/211
f 837/837/837 1923/1923/1923 1369/1369/1369
f 328/328/328 1470/1470/1470 1924/1924/1924
f 1470/1470/1470 210/210/210 1486/1486/1486
f 1924/1924/1924 1486/1486/1486 213/213/213
f 833/833/833 1924/1924/1924 1365/1365/1365
f 322/322/322 1466/1466/1466 1925/1925/1925
f 1466/1466/1466 212/212/212 1487/1487/1487
f 1925/1925/1925 1487/1487/1487 214/214/214
f 829/829/829 1925/1925/1925 1361/1361/1361
f 310/310/310 1459/1459/1459 1926/1926/1926
f 1459/1459/1459 215/215/215 1488/1488/1488
f 1926/1926/1926 1488/1488/1488 217/217/217
f 821/821/821 1926/1926/1926 1353/1353/1353
f 304/304/304 1357/1357/1357 1927/1927/1927
f 1357/1357/1357 216/216/216 1489/1489/1489
f 1927/1927/1927 1489/1489/1489 219/219/219
f 817/817/817 1927/1927/1927 1349/1349/1349
f 299/299/299 1451/1451/1451 1928/1928/1928
f 1451/1451/1451 218/218/218 1490/1490/1490
f 1928/1928/1928 1490/1490/1490 221/221/221
f 813/813/813 1928/1928/1928 1345/1345/1345
f 293/293/293 1447/1447/1447 1929/1929/1929
f 1447/1447/1447 220/220/220 1491/1491/1491
f 1929/1929/1929 1491/1491/1491 223/223/223
f 809/809/809 1929/1929/1929 1341/1341/1341
f 287/287/287 1443/1443/1443 1930/1930/1930
f 1443/1443/1443 222/222/222 1492/1492/1492
f 1930/1930/1930 1492/1492/1492 225/225/225
f 805/805/805 1930/1930/1930 1337/1337/1337
f 281/281/281 1439/1439/1439 1931/1931/1931
f 1439/1439/1439 224/224/224 1493/1493/1493
f 1931/1931/1931 1493/1493/1493 204/204/204
f 801/801/801 1931/1931/1931 1401/1401/1401
f 275/275/275 1435/1435/1435 1932/1932/1932
f 1435/1435/1435 226/226/226 1494/1494/1494
f 1932/1932/1932 1494/1494/1494 201/201/201
f 797/797/797 1932/1932/1932 1399/1399/1399
f 9/9/9 669/669/669 1933/1933/1933
f 669/669/669 43/43/43 724/724/724
f 1933/1933/1933 724/724/724 55/55/55
f 647/647/647 1933/1933/1933 722/722/722
f 2/2/2 671/671/671 1934/1934/1934
f 671/671/671 44/44/44 725/725/725
f 1934/1934/1934 725/725/725 56/56/56
f 640/640/640 1934/1934/1934 723/723/723
f 10/10/10 672/672/672 1935/1935/1935
f 672/672/672 45/45/45 726/726/726
f 1935/1935/1935 726/726/726 43/43/43
f 648/648/648 1935/1935/1935 669/669/669
f 3/3/3 673/673/673 1936/1936/1936
f 673/673/673 46/46/46 727/727/727
f 1936/1936/1936 727/727/727 44/44/44
f 641/641/641 1936/1936/1936 671/671/671
f 11/11/11 674/674/674 1937/1937/1937
f 674/674/674 47/47/47 728/728/728
f 1937/1937/1937 728/728/728 45/45/45
f 649/649/649 1937/1937/1937 672/672/672
f 4/4/4 675/675/675 1938/1938/1938
f 675/675/675 48/48/48 729/729/729
f 1938/1938/1938 729/729/729 46/46/46
f 642/642/642 1938/1938/1938 673/673/673
f 12/12/12 676/676/676 1939/1939/1939
f 676/676/676 49/49/49 730/730/730
f 1939/1939/1939 730/730/730 47/47/47
f 650/650/650 1939/1939/1939 674/674/674
f 5/5/5 677/677/677 1940/1940/1940
f 677/677/677 50/50/50 731/731/731
f 1940/1940/1940 731/731/731 48/48/48
f 643/643/643 1940/1940/1940 675/675/675
f 13/13/13 678/678/678 1941/1941/1941
f 678/678/678 51/51/51 732/732/732
f 1941/1941/1941 732/732/732 49/49/49
f 651/651/651 1941/1941/1941 676/676/676
f 6/6/6 679/679/679 1942/1942/1942
f 679/679/679 52/52/52 733/733/733
f 1942/1942/1942 733/733/733 50/50/50
f 644/644/644 1942/1942/1942 677/677/677
f 14/14/14 680/680/680 1943/1943/1943
f 680/680/680 53/53/53 734/734/734
f 1943/1943/1943 734/734/734 51/51/51
f 652/652/652 1943/1943/1943 678/678/678
f 7/7/7 681/681/681 1944/1944/1944
f 681/681/681 54/54/54 735/735/735
f 1944/1944/1944 735/735/735 52/52/52
f 645/645/645 1944/1944/1944 679/679/679
f 1/1/1 723/723/723 1945/1945/1945
f 723/723/723 56/56/56 736/736/736
f 1945/1945/1945 736/736/736 53/53/53
f 653/653/653 1945/1945/1945 680/680/680
f 8/8/8 722/722/722 1946/1946/1946
f 722/722/722 55/55/55 737/737/737
f 1946/1946/1946 737/737/737 54/54/54
f 646/646/646 1946/1946/1946 681/681/681
f 228/228/228 1318/1318/1318 1947/1947/1947
f 1318/1318/1318 202/202/202 794/794/794
f 1947/1947/1947 794/794/794 258/258/258
f 1495/1495/1495 1947/1947/1947 1329/1329/1329
f 202/202/202 1340/1340/1340 1948/1948/1948
f 1340/1340/1340 279/279/279 795/795/795
f 1948/1948/1948 795/795/795 265/265/265
f 794/794/794 1948/1948/1948 1330/1330/1330
f 349/349/349 1387/1387/1387 1949/1949/1949
f 1387/1387/1387 276/276/276 796/796/796
f 1949/1949/1949 796/796/796 267/267/267
f 1017/1017/1017 1949/1949/1949 1331/1331/1331
f 276/276/276 1338/1338/1338 1950/1950/1950
f 1338/1338/1338 275/275/275 797/797/797
f 1950/1950/1950 797/797/797 268/268/268
f 796/796/796 1950/1950/1950 1332/1332/1332
f 231/231/231 1319/1319/1319 1951/1951/1951
f 1319/1319/1319 227/227/227 798/798/798
f 1951/1951/1951 798/798/798 269/269/269
f 1496/1496/1496 1951/1951/1951 1333/1333/1333
f 227/227/227 1344/1344/1344 1952/1952/1952
f 1344/1344/1344 285/285/285 799/799/799
f 1952/1952/1952 799/799/799 270/270/270
f 798/798/798 1952/1952/1952 1334/1334/1334
f 350/350/350 1388/1388/1388 1953/1953/1953
f 1388/1388/1388 282/282/282 800/800/800
f 1953/1953/1953 800/800/800 272/272/272
f 1016/1016/1016 1953/1953/1953 1335/1335/1335
f 282/282/282 1342/1342/1342 1954/1954/1954
f 1342/1342/1342 281/281/281 801/801/801
f 1954/1954/1954 801/801/801 273/273/273
f 800/800/800 1954/1954/1954 1336/1336/1336
f 234/234/234 1320/1320/1320 1955/1955/1955
f 1320/1320/1320 230/230/230 802/802/802
f 1955/1955/1955 802/802/802 533/533/533
f 1497/1497/1497 1955/1955/1955 1403/1403/1403
f 230/230/230 1348/1348/1348 1956/1956/1956
f 1348/1348/1348 291/291/291 803/803/803
f 1956/1956/1956 803/803/803 278/278/278
f 802/802/802 1956/1956/1956 1404/1404/1404
f 351/351/351 1389/1389/1389 1957/1957/1957
f 1389/1389/1389 288/288/288 804/804/804
f 1957/1957/1957 804/804/804 562/562/562
f 1015/1015/1015 1957/1957/1957 1437/1437/1437
f 288/288/288 1346/1346/1346 1958/1958/1958
f 1346/1346/1346 287/287/287 805/805/805
f 1958/1958/1958 805/805/805 274/274/274
f 804/804/804 1958/1958/1958 1436/1436/1436
f 237/237/237 1321/1321/1321 1959/1959/1959
f 1321/1321/1321 233/233/233 806/806/806
f 1959/1959/1959 806/806/806 535/535/535
f 1498/1498/1498 1959/1959/1959 1405/1405/1405
f 233/233/233 1352/1352/1352 1960/1960/1960
f 1352/1352/1352 297/297/297 807/807/807
f 1960/1960/1960 807/807/807 284/284/284
f 806/806/806 1960/1960/1960 1406/1406/1406
f 352/352/352 1390/1390/1390 1961/1961/1961
f 1390/1390/1390 294/294/294 808/808/808
f 1961/1961/1961 808/808/808 564/564/564
f 1014/1014/1014 1961/1961/1961 1441/1441/1441
f 294/294/294 1350/1350/1350 1962/1962/1962
f 1350/1350/1350 293/293/293 809/809/809
f 1962/1962/1962 809/809/809 280/280/280
f 808/808/808 1962/1962/1962 1440/1440/1440
f 240/240/240 1322/1322/1322 1963/1963/1963
f 1322/1322/1322 236/236/236 810/810/810
f 1963/1963/1963 810/810/810 537/537/537
f 1499/1499/1499 1963/1963/1963 1407/1407/1407
f 236/236/236 1356/1356/1356 1964/1964/1964
f 1356/1356/1356 303/303/303 811/811/811
f 1964/1964/1964 811/811/811 290/290/290
f 810/810/810 1964/1964/1964 1408/1408/1408
f 353/353/353 1391/1391/1391 1965/1965/1965
f 1391/1391/1391 300/300/300 812/812/812
f 1965/1965/1965 812/812/812 566/566/566
f 1013/1013/1013 1965/1965/1965 1445/1445/1445
f 300/300/300 1354/1354/1354 1966/1966/1966
f 1354/1354/1354 299/299/299 813/813/813
f 1966/1966/1966 813/813/813 286/286/286
f 812/812/812 1966/1966/1966 1444/1444/1444
f 243/243/243 1323/1323/1323 1967/1967/1967
f 1323/1323/1323 239/239/239 814/814/814
f 1967/1967/1967 814/814/814 539/539/539
f 1500/1500/1500 1967/1967/1967 1409/1409/1409
f 239/239/239 1360/1360/1360 1968/1968/1968
f 1360/1360/1360 308/308/308 815/815/815
f 1968/1968/1968 815/815/815 296/296/296
f 814/814/814 1968/1968/1968 1410/1410/1410
f 354/354/354 1392/1392/1392 1969/1969/1969
f 1392/1392/1392 305/305/305 816/816/816
f 1969/1969/1969 816/816/816 568/568/568
f 1012/1012/1012 1969/1969/1969 1449/1449/1449
f 305/305/305 1358/1358/1358 1970/1970/1970
f 1358/1358/1358 304/304/304 817/817/817
f 1970/1970/1970 817/817/817 292/292/292
f 816/816/816 1970/1970/1970 1448/1448/1448
f 245/245/245 1324/1324/1324 1971/1971/1971
f 1324/1324/1324 242/242/242 818/818/818
f 1971/1971/1971 818/818/818 541/541/541
f 1501/1501/1501 1971/1971/1971 1411/1411/1411
f 242/242/242 1364/1364/1364 1972/1972/1972
f 1364/1364/1364 314/314/314 819/819/819
f 1972/1972/1972 819/819/819 302/302/302
f 818/818/818 1972/1972/1972 1412/1412/1412
f 355/355/355 1393/1393/1393 1973/1973/1973
f 1393/1393/1393 311/311/311 820/820/820
f 1973/1973/1973 820/820/820 570/570/570
f 1011/1011/1011 1973/1973/1973 1453/1453/1453
f 311/311/311 1362/1362/1362 1974/1974/1974
f 1362/1362/1362 310/310/310 821/821/821
f 1974/1974/1974 821/821/821 298/298/298
f 820/820/820 1974/1974/1974 1452/1452/1452
f 607/607/607 1836/1836/1836 1975/1975/1975
f 1836/1836/1836 609/609/609 1804/1804/1804
f 1975/1975/1975 1804/1804/1804 587/587/587
f 1455/1455/1455 1975/1975/1975 1797/1797/1797
f 356/356/356 1394/1394/1394 1976/1976/1976
f 1394/1394/1394 317/317/317 824/824/824
f 1976/1976/1976 824/824/824 573/573/573
f 1010/1010/1010 1976/1976/1976 1457/1457/1457
f 317/317/317 1866/1866/1866 1977/1977/1977
f 1866/1866/1866 622/622/622 1865/1865/1865
f 1977/1977/1977 1865/1865/1865 624/624/624
f 824/824/824 1977/1977/1977 1867/1867/1867
f 250/250/250 1325/1325/1325 1978/1978/1978
f 1325/1325/1325 247/247/247 826/826/826
f 1978/1978/1978 826/826/826 545/545/545
f 1503/1503/1503 1978/1978/1978 1415/1415/1415
f 247/247/247 1372/1372/1372 1979/1979/1979
f 1372/1372/1372 326/326/326 827/827/827
f 1979/1979/1979 827/827/827 313/313/313
f 826/826/826 1979/1979/1979 1416/1416/1416
f 357/357/357 1395/1395/1395 1980/1980/1980
f 1395/1395/1395 323/323/323 828/828/828
f 1980/1980/1980 828/828/828 575/575/575
f 1009/1009/1009 1980/1980/1980 1461/1461/1461
f 323/323/323 1370/1370/1370 1981/1981/1981
f 1370/1370/1370 322/322/322 829/829/829
f 1981/1981/1981 829/829/829 309/309/309
f 828/828/828 1981/1981/1981 1460/1460/1460
f 253/253/253 1326/1326/1326 1982/1982/1982
f 1326/1326/1326 249/249/249 830/830/830
f 1982/1982/1982 830/830/830 320/320/320
f 1504/1504/1504 1982/1982/1982 1417/1417/1417
f 249/249/249 1376/1376/1376 1983/1983/1983
f 1376/1376/1376 332/332/332 831/831/831
f 1983/1983/1983 831/831/831 319/319/319
f 830/830/830 1983/1983/1983 1368/1368/1368
f 358/358/358 1396/1396/1396 1984/1984/1984
f 1396/1396/1396 329/329/329 832/832/832
f 1984/1984/1984 832/832/832 577/577/577
f 1008/1008/1008 1984/1984/1984 1464/1464/1464
f 329/329/329 1374/1374/1374 1985/1985/1985
f 1374/1374/1374 328/328/328 833/833/833
f 1985/1985/1985 833/833/833 315/315/315
f 832/832/832 1985/1985/1985 1463/1463/1463
f 256/256/256 1327/1327/1327 1986/1986/1986
f 1327/1327/1327 252/252/252 834/834/834
f 1986/1986/1986 834/834/834 549/549/549
f 1505/1505/1505 1986/1986/1986 1419/1419/1419
f 252/252/252 1380/1380/1380 1987/1987/1987
f 1380/1380/1380 338/338/338 835/835/835
f 1987/1987/1987 835/835/835 325/325/325
f 834/834/834 1987/1987/1987 1420/1420/1420
f 359/359/359 1397/1397/1397 1988/1988/1988
f 1397/1397/1397 335/335/335 836/836/836
f 1988/1988/1988 836/836/836 579/579/579
f 1007/1007/1007 1988/1988/1988 1468/1468/1468
f 335/335/335 1378/1378/1378 1989/1989/1989
f 1378/1378/1378 334/334/334 837/837/837
f 1989/1989/1989 837/837/837 321/321/321
f 836/836/836 1989/1989/1989 1467/1467/1467
f 259/259/259 1328/1328/1328 1990/1990/1990
f 1328/1328/1328 255/255/255 838/838/838
f 1990/1990/1990 838/838/838 551/551/551
f 1506/1506/1506 1990/1990/1990 1421/1421/1421
f 255/255/255 1384/1384/1384 1991/1991/1991
f 1384/1384/1384 344/344/344 839/839/839
f 1991/1991/1991 839/839/839 331/331/331
f 838/838/838 1991/1991/1991 1422/1422/1422
f 360/360/360 1398/1398/1398 1992/1992/1992
f 1398/1398/1398 341/341/341 840/840/840
f 1992/1992/1992 840/840/840 581/581/581
f 1006/1006/1006 1992/1992/1992 1472/1472/1472
f 341/341/341 1382/1382/1382 1993/1993/1993
f 1382/1382/1382 340/340/340 841/841/841
f 1993/1993/1993 841/841/841 327/327/327
f 840/840/840 1993/1993/1993 1471/1471/1471
f 264/264/264 1431/1431/1431 1994/1994/1994
f 1431/1431/1431 560/560/560 842/842/842
f 1994/1994/1994 842/842/842 553/553/553
f 1507/1507/1507 1994/1994/1994 1423/1423/1423
f 560/560/560 1432/1432/1432 1995/1995/1995
f 1432/1432/1432 515/515/515 843/843/843
f 1995/1995/1995 843/843/843 337/337/337
f 842/842/842 1995/1995/1995 1424/1424/1424
f 348/348/348 1434/1434/1434 1996/1996/1996
f 1434/1434/1434 532/532/532 844/844/844
f 1996/1996/1996 844/844/844 583/583/583
f 1005/1005/1005 1996/1996/1996 1476/1476/1476
f 532/532/532 1402/1402/1402 1997/1997/1997
f 1402/1402/1402 199/199/199 845/845/845
f 1997/1997/1997 845/845/845 333/333/333
f 844/844/844 1997/1997/1997 1475/1475/1475
f 262/262/262 1427/1427/1427 1998/1998/1998
f 1427/1427/1427 558/558/558 846/846/846
f 1998/1998/1998 846/846/846 555/555/555
f 1508/1508/1508 1998/1998/1998 1425/1425/1425
f 558/558/558 1428/1428/1428 1999/1999/1999
f 1428/1428/1428 513/513/513 847/847/847
f 1999/1999/1999 847/847/847 343/343/343
f 846/846/846 1999/1999/1999 1426/1426/1426
f 346/346/346 1430/1430/1430 2000/2000/2000
f 1430/1430/1430 530/530/530 848/848/848
f 2000/2000/2000 848/848/848 585/585/585
f 1004/1004/1004 2000/2000/2000 1480/1480/1480
f 530/530/530 1400/1400/1400 2001/2001/2001
f 1400/1400/1400 198/198/198 849/849/849
f 2001/2001/2001 849/849/849 339/339/339
f 848/848/848 2001/2001/2001 1479/1479/1479
f 88/88/88 878/878/878 2002/2002/2002
f 878/878/878 102/102/102 868/868/868
f 2002/2002/2002 868/868/868 103/103/103
f 854/854/854 2002/2002/2002 879/879/879
f 96/96/96 880/880/880 2003/2003/2003
f 880/880/880 110/110/110 876/876/876
f 2003/2003/2003 876/876/876 111/111/111
f 862/862/862 2003/2003/2003 881/881/881
f 89/89/89 879/879/879 2004/2004/2004
f 879/879/879 103/103/103 869/869/869
f 2004/2004/2004 869/869/869 104/104/104
f 855/855/855 2004/2004/2004 882/882/882
f 97/97/97 881/881/881 2005/2005/2005
f 881/881/881 111/111/111 877/877/877
f 2005/2005/2005 877/877/877 98/98/98
f 863/863/863 2005/2005/2005 883/883/883
f 90/90/90 882/882/882 2006/2006/2006
f 882/882/882 104/104/104 870/870/870
f 2006/2006/2006 870/870/870 105/105/105
f 856/856/856 2006/2006/2006 884/884/884
f 91/91/91 884/884/884 2007/2007/2007
f 884/884/884 105/105/105 871/871/871
f 2007/2007/2007 871/871/871 106/106/106
f 857/857/857 2007/2007/2007 885/885/885
f 84/84/84 883/883/883 2008/2008/2008
f 883/883/883 98/98/98 864/864/864
f 2008/2008/2008 864/864/864 99/99/99
f 850/850/850 2008/2008/2008 886/886/886
f 92/92/92 885/885/885 2009/2009/2009
f 885/885/885 106/106/106 872/872/872
f 2009/2009/2009 872/872/872 107/107/107
f 858/858/858 2009/2009/2009 887/887/887
f 85/85/85 886/886/886 2010/2010/2010
f 886/886/886 99/99/99 865/865/865
f 2010/2010/2010 865/865/865 100/100/100
f 851/851/851 2010/2010/2010 888/888/888
f 93/93/93 887/887/887 2011/2011/2011
f 887/887/887 107/107/107 873/873/873
f 2011/2011/2011 873/873/873 108/108/108
f 859/859/859 2011/2011/2011 889/889/889
f 86/86/86 888/888/888 2012/2012/2012
f 888/888/888 100/100/100 866/866/866
f 2012/2012/2012 866/866/866 101/101/101
f 852/852/852 2012/2012/2012 890/890/890
f 94/94/94 889/889/889 2013/2013/2013
f 889/889/889 108/108/108 874/874/874
f 2013/2013/2013 874/874/874 109/109/109
f 860/860/860 2013/2013/2013 891/891/891
f 87/87/87 890/890/890 2014/2014/2014
f 890/890/890 101/101/101 867/867/867
f 2014/2014/2014 867/867/867 102/102/102
f 853/853/853 2014/2014/2014 878/878/878
f 95/95/95 891/891/891 2015/2015/2015
f 891/891/891 109/109/109 875/875/875
f 2015/2015/2015 875/875/875 110/110/110
f 861/861/861 2015/2015/2015 880/880/880
f 111/111/111 906/906/906 2016/2016/2016
f 906/906/906 125/125/125 905/905/905
f 2016/2016/2016 905/905/905 112/112/112
f 877/877/877 2016/2016/2016 907/907/907
f 104/104/104 908/908/908 2017/2017/2017
f 908/908/908 118/118/118 898/898/898
f 2017/2017/2017 898/898/898 119/119/119
f 870/870/870 2017/2017/2017 909/909/909
f 105/105/105 909/909/909 2018/2018/2018
f 909/909/909 119/119/119 899/899/899
f 2018/2018/2018 899/899/899 120/120/120
f 871/871/871 2018/2018/2018 910/910/910
f 98/98/98 907/907/907 2019/2019/2019
f 907/907/907 112/112/112 892/892/892
f 2019/2019/2019 892/892/892 113/113/113
f 864/864/864 2019/2019/2019 911/911/911
f 106/106/106 910/910/910 2020/2020/2020
f 910/910/910 120/120/120 900/900/900
f 2020/2020/2020 900/900/900 121/121/121
f 872/872/872 2020/2020/2020 912/912/912
f 99/99/99 911/911/911 2021/2021/2021
f 911/911/911 113/113/113 893/893/893
f 2021/2021/2021 893/893/893 114/114/114
f 865/865/865 2021/2021/2021 913/913/913
f 107/107/107 912/912/912 2022/2022/2022
f 912/912/912 121/121/121 901/901/901
f 2022/2022/2022 901/901/901 122/122/122
f 873/873/873 2022/2022/2022 914/914/914
f 100/100/100 913/913/913 2023/2023/2023
f 913/913/913 114/114/114 894/894/894
f 2023/2023/2023 894/894/894 115/115/115
f 866/866/866 2023/2023/2023 915/915/915
f 108/108/108 914/914/914 2024/2024/2024
f 914/914/914 122/122/122 902/902/902
f 2024/2024/2024 902/902/902 123/123/123
f 874/874/874 2024/2024/2024 916/916/916
f 101/101/101 915/915/915 2025/2025/2025
f 915/915/915 115/115/115 895/895/895
f 2025/2025/2025 895/895/895 116/116/116
f 867/867/867 2025/2025/2025 917/917/917
f 109/109/109 916/916/916 2026/2026/2026
f 916/916/916 123/123/123 903/903/903
f 2026/2026/2026 903/903/903 124/124/124
f 875/875/875 2026/2026/2026 918/918/918
f 102/102/102 917/917/917 2027/2027/2027
f 917/917/917 116/116/116 896/896/896
f 2027/2027/2027 896/896/896 117/117/117
f 868/868/868 2027/2027/2027 919/919/919
f 110/110/110 918/918/918 2028/2028/2028
f 918/918/918 124/124/124 904/904/904
f 2028/2028/2028 904/904/904 125/125/125
f 876/876/876 2028/2028/2028 906/906/906
f 103/103/103 919/919/919 2029/2029/2029
f 919/919/919 117/117/117 897/897/897
f 2029/2029/2029 897/897/897 118/118/118
f 869/869/869 2029/2029/2029 908/908/908
f 141/141/141 962/962/962 2030/2030/2030
f 962/962/962 133/133/133 927/927/927
f 2030/2030/2030 927/927/927 134/134/134
f 989/989/989 2030/2030/2030 935/935/935
f 143/143/143 964/964/964 2031/2031/2031
f 964/964/964 126/126/126 920/920/920
f 2031/2031/2031 920/920/920 127/127/127
f 988/988/988 2031/2031/2031 937/937/937
f 142/142/142 935/935/935 2032/2032/2032
f 935/935/935 134/134/134 928/928/928
f 2032/2032/2032 928/928/928 135/135/135
f 987/987/987 2032/2032/2032 938/938/938
f 144/144/144 937/937/937 2033/2033/2033
f 937/937/937 127/127/127 921/921/921
f 2033/2033/2033 921/921/921 128/128/128
f 986/986/986 2033/2033/2033 939/939/939
f 145/145/145 938/938/938 2034/2034/2034
f 938/938/938 135/135/135 929/929/929
f 2034/2034/2034 929/929/929 136/136/136
f 985/985/985 2034/2034/2034 940/940/940
f 146/146/146 939/939/939 2035/2035/2035
f 939/939/939 128/128/128 922/922/922
f 2035/2035/2035 922/922/922 129/129/129
f 984/984/984 2035/2035/2035 941/941/941
f 147/147/147 940/940/940 2036/2036/2036
f 940/940/940 136/136/136 930/930/930
f 2036/2036/2036 930/930/930 137/137/137
f 983/983/983 2036/2036/2036 942/942/942
f 148/148/148 941/941/941 2037/2037/2037
f 941/941/941 129/129/129 923/923/923
f 2037/2037/2037 923/923/923 130/130/130
f 982/982/982 2037/2037/2037 943/943/943
f 149/149/149 942/942/942 2038/2038/2038
f 942/942/942 137/137/137 931/931/931
f 2038/2038/2038 931/931/931 138/138/138
f 981/981/981 2038/2038/2038 944/944/944
f 150/150/150 943/943/943 2039/2039/2039
f 943/943/943 130/130/130 924/924/924
f 2039/2039/2039 924/924/924 131/131/131
f 980/980/980 2039/2039/2039 945/945/945
f 151/151/151 944/944/944 2040/2040/2040
f 944/944/944 138/138/138 932/932/932
f 2040/2040/2040 932/932/932 139/139/139
f 979/979/979 2040/2040/2040 946/946/946
f 152/152/152 945/945/945 2041/2041/2041
f 945/945/945 131/131/131 925/925/925
f 2041/2041/2041 925/925/925 132/132/132
f 978/978/978 2041/2041/2041 947/947/947
f 153/153/153 946/946/946 2042/2042/2042
f 946/946/946 139/139/139 933/933/933
f 2042/2042/2042 933/933/933 126/126/126
f 977/977/977 2042/2042/2042 964/964/964
f 154/154/154 947/947/947 2043/2043/2043
f 947/947/947 132/132/132 926/926/926
f 2043/2043/2043 926/926/926 133/133/133
f 976/976/976 2043/2043/2043 962/962/962
f 135/135/135 949/949/949 2044/2044/2044
f 140/140/140 950/950/950 2044/2044/2044
f 136/136/136 929/929/929 2044/2044/2044
f 128/128/128 951/951/951 2045/2045/2045
f 140/140/140 952/952/952 2045/2045/2045
f 129/129/129 922/922/922 2045/2045/2045
f 136/136/136 950/950/950 2046/2046/2046
f 140/140/140 953/953/953 2046/2046/2046
f 137/137/137 930/930/930 2046/2046/2046
f 129/129/129 952/952/952 2047/2047/2047
f 140/140/140 954/954/954 2047/2047/2047
f 130/130/130 923/923/923 2047/2047/2047
f 137/137/137 953/953/953 2048/2048/2048
f 140/140/140 955/955/955 2048/2048/2048
f 138/138/138 931/931/931 2048/2048/2048
f 130/130/130 954/954/954 2049/2049/2049
f 140/140/140 956/956/956 2049/2049/2049
f 131/131/131 924/924/924 2049/2049/2049
f 138/138/138 955/955/955 2050/2050/2050
f 140/140/140 957/957/957 2050/2050/2050
f 139/139/139 932/932/932 2050/2050/2050
f 131/131/131 956/956/956 2051/2051/2051
f 140/140/140 958/958/958 2051/2051/2051
f 132/132/132 925/925/925 2051/2051/2051
f 139/139/139 957/957/957 2052/2052/2052
f 140/140/140 948/948/948 2052/2052/2052
f 126/126/126 933/933/933 2052/2052/2052
f 132/132/132 958/958/958 2053/2053/2053
f 140/140/140 959/959/959 2053/2053/2053
f 133/133/133 926/926/926 2053/2053/2053
f 133/133/133 959/959/959 2054/2054/2054
f 140/140/140 960/960/960 2054/2054/2054
f 134/134/134 927/927/927 2054/2054/2054
f 126/126/126 948/948/948 2055/2055/2055
f 140/140/140 961/961/961 2055/2055/2055
f 127/127/127 920/920/920 2055/2055/2055
f 134/134/134 960/960/960 2056/2056/2056
f 140/140/140 949/949/949 2056/2056/2056
f 135/135/135 928/928/928 2056/2056/2056
f 127/127/127 961/961/961 2057/2057/2057
f 140/140/140 951/951/951 2057/2057/2057
f 128/128/128 921/921/921 2057/2057/2057
f 118/118/118 975/975/975 2058/2058/2058
f 975/975/975 154/154/154 976/976/976
f 2058/2058/2058 976/976/976 141/141/141
f 898/898/898 2058/2058/2058 934/934/934
f 125/125/125 974/974/974 2059/2059/2059
f 974/974/974 153/153/153 977/977/977
f 2059/2059/2059 977/977/977 143/143/143
f 905/905/905 2059/2059/2059 936/936/936
f 117/117/117 973/973/973 2060/2060/2060
f 973/973/973 152/152/152 978/978/978
f 2060/2060/2060 978/978/978 154/154/154
f 897/897/897 2060/2060/2060 975/975/975
f 124/124/124 972/972/972 2061/2061/2061
f 972/972/972 151/151/151 979/979/979
f 2061/2061/2061 979/979/979 153/153/153
f 904/904/904 2061/2061/2061 974/974/974
f 116/116/116 971/971/971 2062/2062/2062
f 971/971/971 150/150/150 980/980/980
f 2062/2062/2062 980/980/980 152/152/152
f 896/896/896 2062/2062/2062 973/973/973
f 123/123/123 970/970/970 2063/2063/2063
f 970/970/970 149/149/149 981/981/981
f 2063/2063/2063 981/981/981 151/151/151
f 903/903/903 2063/2063/2063 972/972/972
f 115/115/115 969/969/969 2064/2064/2064
f 969/969/969 148/148/148 982/982/982
f 2064/2064/2064 982/982/982 150/150/150
f 895/895/895 2064/2064/2064 971/971/971
f 122/122/122 968/968/968 2065/2065/2065
f 968/968/968 147/147/147 983/983/983
f 2065/2065/2065 983/983/983 149/149/149
f 902/902/902 2065/2065/2065 970/970/970
f 114/114/114 967/967/967 2066/2066/2066
f 967/967/967 146/146/146 984/984/984
f 2066/2066/2066 984/984/984 148/148/148
f 894/894/894 2066/2066/2066 969/969/969
f 121/121/121 966/966/966 2067/2067/2067
f 966/966/966 145/145/145 985/985/985
f 2067/2067/2067 985/985/985 147/147/147
f 901/901/901 2067/2067/2067 968/968/968
f 113/113/113 965/965/965 2068/2068/2068
f 965/965/965 144/144/144 986/986/986
f 2068/2068/2068 986/986/986 146/146/146
f 893/893/893 2068/2068/2068 967/967/967
f 120/120/120 963/963/963 2069/2069/2069
f 963/963/963 142/142/142 987/987/987
f 2069/2069/2069 987/987/987 145/145/145
f 900/900/900 2069/2069/2069 966/966/966
f 112/112/112 936/936/936 2070/2070/2070
f 936/936/936 143/143/143 988/988/988
f 2070/2070/2070 988/988/988 144/144/144
f 892/892/892 2070/2070/2070 965/965/965
f 119/119/119 934/934/934 2071/2071/2071
f 934/934/934 141/141/141 989/989/989
f 2071/2071/2071 989/989/989 142/142/142
f 899/899/899 2071/2071/2071 963/963/963
f 513/513/513 1385/1385/1385 2072/2072/2072
f 1385/1385/1385 346/346/346 1004/1004/1004
f 2072/2072/2072 1004/1004/1004 342/342/342
f 847/847/847 2072/2072/2072 1383/1383/1383
f 515/515/515 1386/1386/1386 2073/2073/2073
f 1386/1386/1386 348/348/348 1005/1005/1005
f 2073/2073/2073 1005/1005/1005 336/336/336
f 843/843/843 2073/2073/2073 1379/1379/1379
f 344/344/344 1481/1481/1481 2074/2074/2074
f 1481/1481/1481 360/360/360 1006/1006/1006
f 2074/2074/2074 1006/1006/1006 330/330/330
f 839/839/839 2074/2074/2074 1375/1375/1375
f 338/338/338 1477/1477/1477 2075/2075/2075
f 1477/1477/1477 359/359/359 1007/1007/1007
f 2075/2075/2075 1007/1007/1007 324/324/324
f 835/835/835 2075/2075/2075 1371/1371/1371
f 332/332/332 1473/1473/1473 2076/2076/2076
f 1473/1473/1473 358/358/358 1008/1008/1008
f 2076/2076/2076 1008/1008/1008 318/318/318
f 831/831/831 2076/2076/2076 1367/1367/1367
f 326/326/326 1469/1469/1469 2077/2077/2077
f 1469/1469/1469 357/357/357 1009/1009/1009
f 2077/2077/2077 1009/1009/1009 312/312/312
f 827/827/827 2077/2077/2077 1363/1363/1363
f 548/548/548 1465/1465/1465 2078/2078/2078
f 1465/1465/1465 356/356/356 1010/1010/1010
f 2078/2078/2078 1010/1010/1010 306/306/306
f 823/823/823 2078/2078/2078 1359/1359/1359
f 314/314/314 1462/1462/1462 2079/2079/2079
f 1462/1462/1462 355/355/355 1011/1011/1011
f 2079/2079/2079 1011/1011/1011 301/301/301
f 819/819/819 2079/2079/2079 1355/1355/1355
f 308/308/308 1458/1458/1458 2080/2080/2080
f 1458/1458/1458 354/354/354 1012/1012/1012
f 2080/2080/2080 1012/1012/1012 295/295/295
f 815/815/815 2080/2080/2080 1351/1351/1351
f 303/303/303 1454/1454/1454 2081/2081/2081
f 1454/1454/1454 353/353/353 1013/1013/1013
f 2081/2081/2081 1013/1013/1013 289/289/289
f 811/811/811 2081/2081/2081 1347/1347/1347
f 297/297/297 1450/1450/1450 2082/2082/2082
f 1450/1450/1450 352/352/352 1014/1014/1014
f 2082/2082/2082 1014/1014/1014 283/283/283
f 807/807/807 2082/2082/2082 1343/1343/1343
f 291/291/291 1446/1446/1446 2083/2083/2083
f 1446/1446/1446 351/351/351 1015/1015/1015
f 2083/2083/2083 1015/1015/1015 277/277/277
f 803/803/803 2083/2083/2083 1339/1339/1339
f 285/285/285 1442/1442/1442 2084/2084/2084
f 1442/1442/1442 350/350/350 1016/1016/1016
f 2084/2084/2084 1016/1016/1016 271/271/271
f 799/799/799 2084/2084/2084 1433/1433/1433
f 279/279/279 1438/1438/1438 2085/2085/2085
f 1438/1438/1438 349/349/349 1017/1017/1017
f 2085/2085/2085 1017/1017/1017 266/266/266
f 795/795/795 2085/2085/2085 1429/1429/1429
f 368/368/368 1032/1032/1032 2086/2086/2086
f 1032/1032/1032 544/544/544 1840/1840/1840
f 2086/2086/2086 1840/1840/1840 613/613/613
f 1802/1802/1802 2086/2086/2086 1838/1838/1838
f 543/543/543 1870/1870/1870 2087/2087/2087
f 1870/1870/1870 626/626/626 1871/1871/1871
f 2087/2087/2087 1871/1871/1871 548/548/548
f 1414/1414/1414 2087/2087/2087 823/823/823
f 391/391/391 682/682/682 2088/2088/2088
f 682/682/682 390/390/390 1191/1191/1191
f 2088/2088/2088 1191/1191/1191 162/162/162
f 1190/1190/1190 2088/2088/2088 1102/1102/1102
f 393/393/393 684/684/684 2089/2089/2089
f 684/684/684 392/392/392 1727/1727/1727
f 2089/2089/2089 1727/1727/1727 58/58/58
f 1192/1192/1192 2089/2089/2089 1161/1161/1161
f 506/506/506 1103/1103/1103 2090/2090/2090
f 1103/1103/1103 391/391/391 1190/1190/1190
f 2090/2090/2090 1190/1190/1190 29/29/29
f 1193/1193/1193 2090/2090/2090 696/696/696
f 499/499/499 1104/1104/1104 2091/2091/2091
f 1104/1104/1104 393/393/393 1192/1192/1192
f 2091/2091/2091 1192/1192/1192 31/31/31
f 1194/1194/1194 2091/2091/2091 697/697/697
f 492/492/492 1105/1105/1105 2092/2092/2092
f 1105/1105/1105 584/584/584 1196/1196/1196
f 2092/2092/2092 1196/1196/1196 42/42/42
f 1195/1195/1195 2092/2092/2092 698/698/698
f 485/485/485 1106/1106/1106 2093/2093/2093
f 1106/1106/1106 582/582/582 1198/1198/1198
f 2093/2093/2093 1198/1198/1198 41/41/41
f 1197/1197/1197 2093/2093/2093 699/699/699
f 478/478/478 1107/1107/1107 2094/2094/2094
f 1107/1107/1107 580/580/580 1200/1200/1200
f 2094/2094/2094 1200/1200/1200 40/40/40
f 1199/1199/1199 2094/2094/2094 700/700/700
f 471/471/471 1108/1108/1108 2095/2095/2095
f 1108/1108/1108 578/578/578 1202/1202/1202
f 2095/2095/2095 1202/1202/1202 39/39/39
f 1201/1201/1201 2095/2095/2095 701/701/701
f 571/571/571 1109/1109/1109 2096/2096/2096
f 1109/1109/1109 576/576/576 1204/1204/1204
f 2096/2096/2096 1204/1204/1204 38/38/38
f 1203/1203/1203 2096/2096/2096 702/702/702
f 458/458/458 1110/1110/1110 2097/2097/2097
f 1110/1110/1110 574/574/574 1206/1206/1206
f 2097/2097/2097 1206/1206/1206 37/37/37
f 1205/1205/1205 2097/2097/2097 703/703/703
f 451/451/451 1111/1111/1111 2098/2098/2098
f 1111/1111/1111 465/465/465 1208/1208/1208
f 2098/2098/2098 1208/1208/1208 36/36/36
f 1207/1207/1207 2098/2098/2098 704/704/704
f 444/444/444 1112/1112/1112 2099/2099/2099
f 1112/1112/1112 569/569/569 1210/1210/1210
f 2099/2099/2099 1210/1210/1210 35/35/35
f 1209/1209/1209 2099/2099/2099 705/705/705
f 437/437/437 1113/1113/1113 2100/2100/2100
f 1113/1113/1113 567/567/567 1212/1212/1212
f 2100/2100/2100 1212/1212/1212 34/34/34
f 1211/1211/1211 2100/2100/2100 706/706/706
f 430/430/430 1114/1114/1114 2101/2101/2101
f 1114/1114/1114 565/565/565 1214/1214/1214
f 2101/2101/2101 1214/1214/1214 33/33/33
f 1213/1213/1213 2101/2101/2101 707/707/707
f 531/531/531 1115/1115/1115 2102/2102/2102
f 1115/1115/1115 563/563/563 1216/1216/1216
f 2102/2102/2102 1216/1216/1216 32/32/32
f 1215/1215/1215 2102/2102/2102 708/708/708
f 529/529/529 1116/1116/1116 2103/2103/2103
f 1116/1116/1116 561/561/561 1218/1218/1218
f 2103/2103/2103 1218/1218/1218 30/30/30
f 1217/1217/1217 2103/2103/2103 709/709/709
f 394/394/394 710/710/710 2104/2104/2104
f 710/710/710 395/395/395 1220/1220/1220
f 2104/2104/2104 1220/1220/1220 43/43/43
f 1219/1219/1219 2104/2104/2104 1117/1117/1117
f 396/396/396 711/711/711 2105/2105/2105
f 711/711/711 397/397/397 1221/1221/1221
f 2105/2105/2105 1221/1221/1221 44/44/44
f 1728/1728/1728 2105/2105/2105 1162/1162/1162
f 398/398/398 712/712/712 2106/2106/2106
f 712/712/712 399/399/399 1222/1222/1222
f 2106/2106/2106 1222/1222/1222 45/45/45
f 1729/1729/1729 2106/2106/2106 1164/1164/1164
f 400/400/400 713/713/713 2107/2107/2107
f 713/713/713 401/401/401 1224/1224/1224
f 2107/2107/2107 1224/1224/1224 46/46/46
f 1223/1223/1223 2107/2107/2107 1118/1118/1118
f 402/402/402 714/714/714 2108/2108/2108
f 714/714/714 403/403/403 1225/1225/1225
f 2108/2108/2108 1225/1225/1225 47/47/47
f 1730/1730/1730 2108/2108/2108 1165/1165/1165
f 404/404/404 715/715/715 2109/2109/2109
f 715/715/715 405/405/405 1226/1226/1226
f 2109/2109/2109 1226/1226/1226 48/48/48
f 1731/1731/1731 2109/2109/2109 1166/1166/1166
f 406/406/406 716/716/716 2110/2110/2110
f 716/716/716 407/407/407 1228/1228/1228
f 2110/2110/2110 1228/1228/1228 49/49/49
f 1227/1227/1227 2110/2110/2110 1119/1119/1119
f 408/408/408 717/717/717 2111/2111/2111
f 717/717/717 409/409/409 1229/1229/1229
f 2111/2111/2111 1229/1229/1229 50/50/50
f 1732/1732/1732 2111/2111/2111 1168/1168/1168
f 410/410/410 718/718/718 2112/2112/2112
f 718/718/718 411/411/411 1231/1231/1231
f 2112/2112/2112 1231/1231/1231 51/51/51
f 1230/1230/1230 2112/2112/2112 1120/1120/1120
f 412/412/412 719/719/719 2113/2113/2113
f 719/719/719 413/413/413 1232/1232/1232
f 2113/2113/2113 1232/1232/1232 52/52/52
f 1733/1733/1733 2113/2113/2113 1169/1169/1169
f 414/414/414 720/720/720 2114/2114/2114
f 720/720/720 415/415/415 1234/1234/1234
f 2114/2114/2114 1234/1234/1234 53/53/53
f 1233/1233/1233 2114/2114/2114 1121/1121/1121
f 416/416/416 721/721/721 2115/2115/2115
f 721/721/721 417/417/417 1235/1235/1235
f 2115/2115/2115 1235/1235/1235 54/54/54
f 1734/1734/1734 2115/2115/2115 1171/1171/1171
f 395/395/395 1122/1122/1122 2116/2116/2116
f 1122/1122/1122 418/418/418 1236/1236/1236
f 2116/2116/2116 1236/1236/1236 55/55/55
f 1220/1220/1220 2116/2116/2116 724/724/724
f 397/397/397 1123/1123/1123 2117/2117/2117
f 1123/1123/1123 424/424/424 1237/1237/1237
f 2117/2117/2117 1237/1237/1237 56/56/56
f 1221/1221/1221 2117/2117/2117 725/725/725
f 399/399/399 1124/1124/1124 2118/2118/2118
f 1124/1124/1124 534/534/534 1238/1238/1238
f 2118/2118/2118 1238/1238/1238 43/43/43
f 1222/1222/1222 2118/2118/2118 726/726/726
f 401/401/401 1125/1125/1125 2119/2119/2119
f 1125/1125/1125 536/536/536 1239/1239/1239
f 2119/2119/2119 1239/1239/1239 44/44/44
f 1224/1224/1224 2119/2119/2119 727/727/727
f 403/403/403 1126/1126/1126 2120/2120/2120
f 1126/1126/1126 538/538/538 1240/1240/1240
f 2120/2120/2120 1240/1240/1240 45/45/45
f 1225/1225/1225 2120/2120/2120 728/728/728
f 405/405/405 1127/1127/1127 2121/2121/2121
f 1127/1127/1127 540/540/540 1241/1241/1241
f 2121/2121/2121 1241/1241/1241 46/46/46
f 1226/1226/1226 2121/2121/2121 729/729/729
f 407/407/407 1128/1128/1128 2122/2122/2122
f 1128/1128/1128 542/542/542 1242/1242/1242
f 2122/2122/2122 1242/1242/1242 47/47/47
f 1228/1228/1228 2122/2122/2122 730/730/730
f 409/409/409 1129/1129/1129 2123/2123/2123
f 1129/1129/1129 544/544/544 1243/1243/1243
f 2123/2123/2123 1243/1243/1243 48/48/48
f 1229/1229/1229 2123/2123/2123 731/731/731
f 411/411/411 1130/1130/1130 2124/2124/2124
f 1130/1130/1130 546/546/546 1244/1244/1244
f 2124/2124/2124 1244/1244/1244 49/49/49
f 1231/1231/1231 2124/2124/2124 732/732/732
f 413/413/413 1131/1131/1131 2125/2125/2125
f 1131/1131/1131 547/547/547 1245/1245/1245
f 2125/2125/2125 1245/1245/1245 50/50/50
f 1232/1232/1232 2125/2125/2125 733/733/733
f 415/415/415 1132/1132/1132 2126/2126/2126
f 1132/1132/1132 550/550/550 1246/1246/1246
f 2126/2126/2126 1246/1246/1246 51/51/51
f 1234/1234/1234 2126/2126/2126 734/734/734
f 417/417/417 1133/1133/1133 2127/2127/2127
f 1133/1133/1133 552/552/552 1247/1247/1247
f 2127/2127/2127 1247/1247/1247 52/52/52
f 1235/1235/1235 2127/2127/2127 735/735/735
f 559/559/559 1134/1134/1134 2128/2128/2128
f 1134/1134/1134 554/554/554 1249/1249/1249
f 2128/2128/2128 1249/1249/1249 53/53/53
f 1248/1248/1248 2128/2128/2128 736/736/736
f 557/557/557 1135/1135/1135 2129/2129/2129
f 1135/1135/1135 556/556/556 1251/1251/1251
f 2129/2129/2129 1251/1251/1251 54/54/54
f 1250/1250/1250 2129/2129/2129 737/737/737
f 418/418/418 738/738/738 2130/2130/2130
f 738/738/738 419/419/419 1252/1252/1252
f 2130/2130/2130 1252/1252/1252 168/168/168
f 1236/1236/1236 2130/2130/2130 1136/1136/1136
f 419/419/419 739/739/739 2131/2131/2131
f 739/739/739 420/420/420 1253/1253/1253
f 2131/2131/2131 1253/1253/1253 169/169/169
f 1252/1252/1252 2131/2131/2131 1137/1137/1137
f 421/421/421 740/740/740 2132/2132/2132
f 740/740/740 422/422/422 1736/1736/1736
f 2132/2132/2132 1736/1736/1736 57/57/57
f 1735/1735/1735 2132/2132/2132 1173/1173/1173
f 422/422/422 741/741/741 2133/2133/2133
f 741/741/741 423/423/423 1737/1737/1737
f 2133/2133/2133 1737/1737/1737 162/162/162
f 1736/1736/1736 2133/2133/2133 1160/1160/1160
f 424/424/424 742/742/742 2134/2134/2134
f 742/742/742 425/425/425 1254/1254/1254
f 2134/2134/2134 1254/1254/1254 170/170/170
f 1237/1237/1237 2134/2134/2134 1138/1138/1138
f 425/425/425 743/743/743 2135/2135/2135
f 743/743/743 426/426/426 1255/1255/1255
f 2135/2135/2135 1255/1255/1255 171/171/171
f 1254/1254/1254 2135/2135/2135 1139/1139/1139
f 427/427/427 744/744/744 2136/2136/2136
f 744/744/744 428/428/428 1257/1257/1257
f 2136/2136/2136 1257/1257/1257 173/173/173
f 1256/1256/1256 2136/2136/2136 1140/1140/1140
f 428/428/428 745/745/745 2137/2137/2137
f 745/745/745 429/429/429 1258/1258/1258
f 2137/2137/2137 1258/1258/1258 58/58/58
f 1257/1257/1257 2137/2137/2137 1141/1141/1141
f 431/431/431 746/746/746 2138/2138/2138
f 746/746/746 430/430/430 1213/1213/1213
f 2138/2138/2138 1213/1213/1213 30/30/30
f 1259/1259/1259 2138/2138/2138 1142/1142/1142
f 432/432/432 747/747/747 2139/2139/2139
f 747/747/747 433/433/433 1260/1260/1260
f 2139/2139/2139 1260/1260/1260 175/175/175
f 1738/1738/1738 2139/2139/2139 1703/1703/1703
f 435/435/435 748/748/748 2140/2140/2140
f 748/748/748 434/434/434 1261/1261/1261
f 2140/2140/2140 1261/1261/1261 176/176/176
f 1739/1739/1739 2140/2140/2140 1704/1704/1704
f 436/436/436 749/749/749 2141/2141/2141
f 749/749/749 394/394/394 1219/1219/1219
f 2141/2141/2141 1219/1219/1219 163/163/163
f 1262/1262/1262 2141/2141/2141 1143/1143/1143
f 438/438/438 750/750/750 2142/2142/2142
f 750/750/750 437/437/437 1211/1211/1211
f 2142/2142/2142 1211/1211/1211 32/32/32
f 1263/1263/1263 2142/2142/2142 1144/1144/1144
f 439/439/439 751/751/751 2143/2143/2143
f 751/751/751 440/440/440 1741/1741/1741
f 2143/2143/2143 1741/1741/1741 60/60/60
f 1740/1740/1740 2143/2143/2143 1175/1175/1175
f 442/442/442 752/752/752 2144/2144/2144
f 752/752/752 441/441/441 1265/1265/1265
f 2144/2144/2144 1265/1265/1265 178/178/178
f 1264/1264/1264 2144/2144/2144 1145/1145/1145
f 443/443/443 753/753/753 2145/2145/2145
f 753/753/753 396/396/396 1728/1728/1728
f 2145/2145/2145 1728/1728/1728 61/61/61
f 1742/1742/1742 2145/2145/2145 1163/1163/1163
f 445/445/445 754/754/754 2146/2146/2146
f 754/754/754 444/444/444 1209/1209/1209
f 2146/2146/2146 1209/1209/1209 33/33/33
f 1743/1743/1743 2146/2146/2146 1177/1177/1177
f 446/446/446 755/755/755 2147/2147/2147
f 755/755/755 447/447/447 1267/1267/1267
f 2147/2147/2147 1267/1267/1267 180/180/180
f 1266/1266/1266 2147/2147/2147 1146/1146/1146
f 449/449/449 756/756/756 2148/2148/2148
f 756/756/756 448/448/448 1745/1745/1745
f 2148/2148/2148 1745/1745/1745 156/156/156
f 1744/1744/1744 2148/2148/2148 1178/1178/1178
f 450/450/450 757/757/757 2149/2149/2149
f 757/757/757 398/398/398 1729/1729/1729
f 2149/2149/2149 1729/1729/1729 64/64/64
f 1268/1268/1268 2149/2149/2149 1705/1705/1705
f 452/452/452 758/758/758 2150/2150/2150
f 758/758/758 451/451/451 1207/1207/1207
f 2150/2150/2150 1207/1207/1207 34/34/34
f 1746/1746/1746 2150/2150/2150 1179/1179/1179
f 453/453/453 759/759/759 2151/2151/2151
f 759/759/759 454/454/454 1747/1747/1747
f 2151/2151/2151 1747/1747/1747 66/66/66
f 1269/1269/1269 2151/2151/2151 1706/1706/1706
f 456/456/456 760/760/760 2152/2152/2152
f 760/760/760 455/455/455 1748/1748/1748
f 2152/2152/2152 1748/1748/1748 157/157/157
f 1270/1270/1270 2152/2152/2152 1707/1707/1707
f 457/457/457 761/761/761 2153/2153/2153
f 761/761/761 400/400/400 1223/1223/1223
f 2153/2153/2153 1223/1223/1223 164/164/164
f 1749/1749/1749 2153/2153/2153 1708/1708/1708
f 459/459/459 762/762/762 2154/2154/2154
f 762/762/762 458/458/458 1205/1205/1205
f 2154/2154/2154 1205/1205/1205 35/35/35
f 1271/1271/1271 2154/2154/2154 1147/1147/1147
f 460/460/460 763/763/763 2155/2155/2155
f 763/763/763 461/461/461 1751/1751/1751
f 2155/2155/2155 1751/1751/1751 67/67/67
f 1750/1750/1750 2155/2155/2155 1180/1180/1180
f 463/463/463 764/764/764 2156/2156/2156
f 764/764/764 462/462/462 1753/1753/1753
f 2156/2156/2156 1753/1753/1753 158/158/158
f 1752/1752/1752 2156/2156/2156 1181/1181/1181
f 464/464/464 765/765/765 2157/2157/2157
f 765/765/765 402/402/402 1730/1730/1730
f 2157/2157/2157 1730/1730/1730 69/69/69
f 1272/1272/1272 2157/2157/2157 1709/1709/1709
f 465/465/465 766/766/766 2158/2158/2158
f 766/766/766 466/466/466 1273/1273/1273
f 2158/2158/2158 1273/1273/1273 183/183/183
f 1208/1208/1208 2158/2158/2158 1148/1148/1148
f 466/466/466 767/767/767 2159/2159/2159
f 767/767/767 467/467/467 1754/1754/1754
f 2159/2159/2159 1754/1754/1754 70/70/70
f 1273/1273/1273 2159/2159/2159 1710/1710/1710
f 469/469/469 768/768/768 2160/2160/2160
f 768/768/768 468/468/468 1755/1755/1755
f 2160/2160/2160 1755/1755/1755 159/159/159
f 1274/1274/1274 2160/2160/2160 1711/1711/1711
f 470/470/470 769/769/769 2161/2161/2161
f 769/769/769 404/404/404 1731/1731/1731
f 2161/2161/2161 1731/1731/1731 71/71/71
f 1756/1756/1756 2161/2161/2161 1167/1167/1167
f 472/472/472 770/770/770 2162/2162/2162
f 770/770/770 471/471/471 1201/1201/1201
f 2162/2162/2162 1201/1201/1201 37/37/37
f 1757/1757/1757 2162/2162/2162 1182/1182/1182
f 473/473/473 771/771/771 2163/2163/2163
f 771/771/771 474/474/474 1276/1276/1276
f 2163/2163/2163 1276/1276/1276 185/185/185
f 1275/1275/1275 2163/2163/2163 1149/1149/1149
f 476/476/476 772/772/772 2164/2164/2164
f 772/772/772 475/475/475 1758/1758/1758
f 2164/2164/2164 1758/1758/1758 160/160/160
f 1277/1277/1277 2164/2164/2164 1712/1712/1712
f 477/477/477 773/773/773 2165/2165/2165
f 773/773/773 406/406/406 1227/1227/1227
f 2165/2165/2165 1227/1227/1227 165/165/165
f 1759/1759/1759 2165/2165/2165 1713/1713/1713
f 479/479/479 774/774/774 2166/2166/2166
f 774/774/774 478/478/478 1199/1199/1199
f 2166/2166/2166 1199/1199/1199 38/38/38
f 1760/1760/1760 2166/2166/2166 1183/1183/1183
f 480/480/480 775/775/775 2167/2167/2167
f 775/775/775 481/481/481 1761/1761/1761
f 2167/2167/2167 1761/1761/1761 74/74/74
f 1278/1278/1278 2167/2167/2167 1714/1714/1714
f 483/483/483 776/776/776 2168/2168/2168
f 776/776/776 482/482/482 1763/1763/1763
f 2168/2168/2168 1763/1763/1763 161/161/161
f 1762/1762/1762 2168/2168/2168 1184/1184/1184
f 484/484/484 777/777/777 2169/2169/2169
f 777/777/777 483/483/483 1762/1762/1762
f 2169/2169/2169 1762/1762/1762 75/75/75
f 1279/1279/1279 2169/2169/2169 1715/1715/1715
f 486/486/486 778/778/778 2170/2170/2170
f 778/778/778 485/485/485 1197/1197/1197
f 2170/2170/2170 1197/1197/1197 39/39/39
f 1280/1280/1280 2170/2170/2170 1150/1150/1150
f 487/487/487 779/779/779 2171/2171/2171
f 779/779/779 488/488/488 1281/1281/1281
f 2171/2171/2171 1281/1281/1281 188/188/188
f 1764/1764/1764 2171/2171/2171 1716/1716/1716
f 490/490/490 780/780/780 2172/2172/2172
f 780/780/780 489/489/489 1282/1282/1282
f 2172/2172/2172 1282/1282/1282 189/189/189
f 1765/1765/1765 2172/2172/2172 1717/1717/1717
f 491/491/491 781/781/781 2173/2173/2173
f 781/781/781 410/410/410 1230/1230/1230
f 2173/2173/2173 1230/1230/1230 166/166/166
f 1283/1283/1283 2173/2173/2173 1151/1151/1151
f 493/493/493 782/782/782 2174/2174/2174
f 782/782/782 492/492/492 1195/1195/1195
f 2174/2174/2174 1195/1195/1195 40/40/40
f 1284/1284/1284 2174/2174/2174 1152/1152/1152
f 494/494/494 783/783/783 2175/2175/2175
f 783/783/783 495/495/495 1767/1767/1767
f 2175/2175/2175 1767/1767/1767 78/78/78
f 1766/1766/1766 2175/2175/2175 1185/1185/1185
f 497/497/497 784/784/784 2176/2176/2176
f 784/784/784 496/496/496 1286/1286/1286
f 2176/2176/2176 1286/1286/1286 191/191/191
f 1285/1285/1285 2176/2176/2176 1153/1153/1153
f 498/498/498 785/785/785 2177/2177/2177
f 785/785/785 412/412/412 1733/1733/1733
f 2177/2177/2177 1733/1733/1733 79/79/79
f 1768/1768/1768 2177/2177/2177 1170/1170/1170
f 500/500/500 786/786/786 2178/2178/2178
f 786/786/786 499/499/499 1194/1194/1194
f 2178/2178/2178 1194/1194/1194 41/41/41
f 1769/1769/1769 2178/2178/2178 1187/1187/1187
f 501/501/501 787/787/787 2179/2179/2179
f 787/787/787 502/502/502 1288/1288/1288
f 2179/2179/2179 1288/1288/1288 193/193/193
f 1287/1287/1287 2179/2179/2179 1154/1154/1154
f 504/504/504 788/788/788 2180/2180/2180
f 788/788/788 503/503/503 1289/1289/1289
f 2180/2180/2180 1289/1289/1289 194/194/194
f 1770/1770/1770 2180/2180/2180 1718/1718/1718
f 505/505/505 789/789/789 2181/2181/2181
f 789/789/789 414/414/414 1233/1233/1233
f 2181/2181/2181 1233/1233/1233 167/167/167
f 1290/1290/1290 2181/2181/2181 1155/1155/1155
f 507/507/507 790/790/790 2182/2182/2182
f 790/790/790 506/506/506 1193/1193/1193
f 2182/2182/2182 1193/1193/1193 42/42/42
f 1291/1291/1291 2182/2182/2182 1156/1156/1156
f 508/508/508 791/791/791 2183/2183/2183
f 791/791/791 509/509/509 1772/1772/1772
f 2183/2183/2183 1772/1772/1772 82/82/82
f 1771/1771/1771 2183/2183/2183 1188/1188/1188
f 511/511/511 792/792/792 2184/2184/2184
f 792/792/792 510/510/510 1293/1293/1293
f 2184/2184/2184 1293/1293/1293 196/196/196
f 1292/1292/1292 2184/2184/2184 1157/1157/1157
f 512/512/512 793/793/793 2185/2185/2185
f 793/793/793 416/416/416 1734/1734/1734
f 2185/2185/2185 1734/1734/1734 83/83/83
f 1773/1773/1773 2185/2185/2185 1172/1172/1172
f 514/514/514 990/990/990 2186/2186/2186
f 990/990/990 345/345/345 1774/1774/1774
f 2186/2186/2186 1774/1774/1774 169/169/169
f 1294/1294/1294 2186/2186/2186 1719/1719/1719
f 516/516/516 991/991/991 2187/2187/2187
f 991/991/991 347/347/347 1776/1776/1776
f 2187/2187/2187 1776/1776/1776 171/171/171
f 1775/1775/1775 2187/2187/2187 1174/1174/1174
f 433/433/433 992/992/992 2188/2188/2188
f 992/992/992 517/517/517 1777/1777/1777
f 2188/2188/2188 1777/1777/1777 176/176/176
f 1260/1260/1260 2188/2188/2188 1720/1720/1720
f 440/440/440 993/993/993 2189/2189/2189
f 993/993/993 518/518/518 1778/1778/1778
f 2189/2189/2189 1778/1778/1778 178/178/178
f 1741/1741/1741 2189/2189/2189 1176/1176/1176
f 447/447/447 994/994/994 2190/2190/2190
f 994/994/994 519/519/519 1295/1295/1295
f 2190/2190/2190 1295/1295/1295 156/156/156
f 1267/1267/1267 2190/2190/2190 1158/1158/1158
f 454/454/454 995/995/995 2191/2191/2191
f 995/995/995 520/520/520 1296/1296/1296
f 2191/2191/2191 1296/1296/1296 157/157/157
f 1747/1747/1747 2191/2191/2191 1721/1721/1721
f 461/461/461 996/996/996 2192/2192/2192
f 996/996/996 521/521/521 1297/1297/1297
f 2192/2192/2192 1297/1297/1297 158/158/158
f 1751/1751/1751 2192/2192/2192 1722/1722/1722
f 467/467/467 997/997/997 2193/2193/2193
f 997/997/997 522/522/522 1298/1298/1298
f 2193/2193/2193 1298/1298/1298 159/159/159
f 1754/1754/1754 2193/2193/2193 1723/1723/1723
f 474/474/474 998/998/998 2194/2194/2194
f 998/998/998 523/523/523 1299/1299/1299
f 2194/2194/2194 1299/1299/1299 160/160/160
f 1276/1276/1276 2194/2194/2194 1159/1159/1159
f 481/481/481 999/999/999 2195/2195/2195
f 999/999/999 524/524/524 1300/1300/1300
f 2195/2195/2195 1300/1300/1300 161/161/161
f 1761/1761/1761 2195/2195/2195 1724/1724/1724
f 488/488/488 1000/1000/1000 2196/2196/2196
f 1000/1000/1000 525/525/525 1779/1779/1779
f 2196/2196/2196 1779/1779/1779 189/189/189
f 1281/1281/1281 2196/2196/2196 1725/1725/1725
f 495/495/495 1001/1001/1001 2197/2197/2197
f 1001/1001/1001 526/526/526 1780/1780/1780
f 2197/2197/2197 1780/1780/1780 191/191/191
f 1767/1767/1767 2197/2197/2197 1186/1186/1186
f 502/502/502 1002/1002/1002 2198/2198/2198
f 1002/1002/1002 527/527/527 1781/1781/1781
f 2198/2198/2198 1781/1781/1781 194/194/194
f 1288/1288/1288 2198/2198/2198 1726/1726/1726
f 509/509/509 1003/1003/1003 2199/2199/2199
f 1003/1003/1003 528/528/528 1782/1782/1782
f 2199/2199/2199 1782/1782/1782 196/196/196
f 1772/1772/1772 2199/2199/2199 1189/1189/1189
f 423/423/423 1018/1018/1018 2200/2200/2200
f 1018/1018/1018 529/529/529 1217/1217/1217
f 2200/2200/2200 1217/1217/1217 29/29/29
f 1737/1737/1737 2200/2200/2200 1102/1102/1102
f 390/390/390 1019/1019/1019 2201/2201/2201
f 1019/1019/1019 361/361/361 1301/1301/1301
f 2201/2201/2201 1301/1301/1301 57/57/57
f 1191/1191/1191 2201/2201/2201 1160/1160/1160
f 429/429/429 1020/1020/1020 2202/2202/2202
f 1020/1020/1020 531/531/531 1215/1215/1215
f 2202/2202/2202 1215/1215/1215 31/31/31
f 1258/1258/1258 2202/2202/2202 1161/1161/1161
f 392/392/392 1021/1021/1021 2203/2203/2203
f 1021/1021/1021 362/362/362 1783/1783/1783
f 2203/2203/2203 1783/1783/1783 173/173/173
f 1727/1727/1727 2203/2203/2203 1141/1141/1141
f 534/534/534 1022/1022/1022 2204/2204/2204
f 1022/1022/1022 363/363/363 1784/1784/1784
f 2204/2204/2204 1784/1784/1784 163/163/163
f 1238/1238/1238 2204/2204/2204 1117/1117/1117
f 363/363/363 1023/1023/1023 2205/2205/2205
f 1023/1023/1023 435/435/435 1739/1739/1739
f 2205/2205/2205 1739/1739/1739 59/59/59
f 1784/1784/1784 2205/2205/2205 1143/1143/1143
f 536/536/536 1024/1024/1024 2206/2206/2206
f 1024/1024/1024 364/364/364 1302/1302/1302
f 2206/2206/2206 1302/1302/1302 61/61/61
f 1239/1239/1239 2206/2206/2206 1162/1162/1162
f 364/364/364 1025/1025/1025 2207/2207/2207
f 1025/1025/1025 442/442/442 1264/1264/1264
f 2207/2207/2207 1264/1264/1264 179/179/179
f 1302/1302/1302 2207/2207/2207 1163/1163/1163
f 538/538/538 1026/1026/1026 2208/2208/2208
f 1026/1026/1026 365/365/365 1303/1303/1303
f 2208/2208/2208 1303/1303/1303 64/64/64
f 1240/1240/1240 2208/2208/2208 1164/1164/1164
f 365/365/365 1027/1027/1027 2209/2209/2209
f 1027/1027/1027 449/449/449 1744/1744/1744
f 2209/2209/2209 1744/1744/1744 63/63/63
f 1303/1303/1303 2209/2209/2209 1705/1705/1705
f 540/540/540 1028/1028/1028 2210/2210/2210
f 1028/1028/1028 366/366/366 1785/1785/1785
f 2210/2210/2210 1785/1785/1785 164/164/164
f 1241/1241/1241 2210/2210/2210 1118/1118/1118
f 366/366/366 1029/1029/1029 2211/2211/2211
f 1029/1029/1029 456/456/456 1270/1270/1270
f 2211/2211/2211 1270/1270/1270 181/181/181
f 1785/1785/1785 2211/2211/2211 1708/1708/1708
f 542/542/542 1030/1030/1030 2212/2212/2212
f 1030/1030/1030 367/367/367 1304/1304/1304
f 2212/2212/2212 1304/1304/1304 69/69/69
f 1242/1242/1242 2212/2212/2212 1165/1165/1165
f 367/367/367 1031/1031/1031 2213/2213/2213
f 1031/1031/1031 463/463/463 1752/1752/1752
f 2213/2213/2213 1752/1752/1752 68/68/68
f 1304/1304/1304 2213/2213/2213 1709/1709/1709
f 544/544/544 1032/1032/1032 2214/2214/2214
f 1032/1032/1032 368/368/368 1305/1305/1305
f 2214/2214/2214 1305/1305/1305 71/71/71
f 1243/1243/1243 2214/2214/2214 1166/1166/1166
f 368/368/368 1033/1033/1033 2215/2215/2215
f 1033/1033/1033 469/469/469 1274/1274/1274
f 2215/2215/2215 1274/1274/1274 184/184/184
f 1305/1305/1305 2215/2215/2215 1167/1167/1167
f 546/546/546 1034/1034/1034 2216/2216/2216
f 1034/1034/1034 369/369/369 1786/1786/1786
f 2216/2216/2216 1786/1786/1786 165/165/165
f 1244/1244/1244 2216/2216/2216 1119/1119/1119
f 369/369/369 1035/1035/1035 2217/2217/2217
f 1035/1035/1035 476/476/476 1277/1277/1277
f 2217/2217/2217 1277/1277/1277 186/186/186
f 1786/1786/1786 2217/2217/2217 1713/1713/1713
f 547/547/547 1036/1036/1036 2218/2218/2218
f 1036/1036/1036 484/484/484 1279/1279/1279
f 2218/2218/2218 1279/1279/1279 76/76/76
f 1245/1245/1245 2218/2218/2218 1168/1168/1168
f 370/370/370 1037/1037/1037 2219/2219/2219
f 1037/1037/1037 408/408/408 1732/1732/1732
f 2219/2219/2219 1732/1732/1732 76/76/76
f 1306/1306/1306 2219/2219/2219 1715/1715/1715
f 550/550/550 1038/1038/1038 2220/2220/2220
f 1038/1038/1038 371/371/371 1787/1787/1787
f 2220/2220/2220 1787/1787/1787 166/166/166
f 1246/1246/1246 2220/2220/2220 1120/1120/1120
f 371/371/371 1039/1039/1039 2221/2221/2221
f 1039/1039/1039 490/490/490 1765/1765/1765
f 2221/2221/2221 1765/1765/1765 77/77/77
f 1787/1787/1787 2221/2221/2221 1151/1151/1151
f 552/552/552 1040/1040/1040 2222/2222/2222
f 1040/1040/1040 372/372/372 1307/1307/1307
f 2222/2222/2222 1307/1307/1307 79/79/79
f 1247/1247/1247 2222/2222/2222 1169/1169/1169
f 372/372/372 1041/1041/1041 2223/2223/2223
f 1041/1041/1041 497/497/497 1285/1285/1285
f 2223/2223/2223 1285/1285/1285 192/192/192
f 1307/1307/1307 2223/2223/2223 1170/1170/1170
f 554/554/554 1042/1042/1042 2224/2224/2224
f 1042/1042/1042 373/373/373 1788/1788/1788
f 2224/2224/2224 1788/1788/1788 167/167/167
f 1249/1249/1249 2224/2224/2224 1121/1121/1121
f 373/373/373 1043/1043/1043 2225/2225/2225
f 1043/1043/1043 504/504/504 1770/1770/1770
f 2225/2225/2225 1770/1770/1770 81/81/81
f 1788/1788/1788 2225/2225/2225 1155/1155/1155
f 556/556/556 1044/1044/1044 2226/2226/2226
f 1044/1044/1044 374/374/374 1308/1308/1308
f 2226/2226/2226 1308/1308/1308 83/83/83
f 1251/1251/1251 2226/2226/2226 1171/1171/1171
f 374/374/374 1045/1045/1045 2227/2227/2227
f 1045/1045/1045 511/511/511 1292/1292/1292
f 2227/2227/2227 1292/1292/1292 197/197/197
f 1308/1308/1308 2227/2227/2227 1172/1172/1172
f 375/375/375 1046/1046/1046 2228/2228/2228
f 1046/1046/1046 557/557/557 1250/1250/1250
f 2228/2228/2228 1250/1250/1250 55/55/55
f 1789/1789/1789 2228/2228/2228 1136/1136/1136
f 345/345/345 1047/1047/1047 2229/2229/2229
f 1047/1047/1047 375/375/375 1789/1789/1789
f 2229/2229/2229 1789/1789/1789 168/168/168
f 1774/1774/1774 2229/2229/2229 1137/1137/1137
f 420/420/420 1048/1048/1048 2230/2230/2230
f 1048/1048/1048 421/421/421 1735/1735/1735
f 2230/2230/2230 1735/1735/1735 155/155/155
f 1253/1253/1253 2230/2230/2230 1719/1719/1719
f 361/361/361 1049/1049/1049 2231/2231/2231
f 1049/1049/1049 514/514/514 1294/1294/1294
f 2231/2231/2231 1294/1294/1294 155/155/155
f 1301/1301/1301 2231/2231/2231 1173/1173/1173
f 376/376/376 1050/1050/1050 2232/2232/2232
f 1050/1050/1050 559/559/559 1248/1248/1248
f 2232/2232/2232 1248/1248/1248 56/56/56
f 1790/1790/1790 2232/2232/2232 1138/1138/1138
f 347/347/347 1051/1051/1051 2233/2233/2233
f 1051/1051/1051 376/376/376 1790/1790/1790
f 2233/2233/2233 1790/1790/1790 170/170/170
f 1776/1776/1776 2233/2233/2233 1139/1139/1139
f 426/426/426 1052/1052/1052 2234/2234/2234
f 1052/1052/1052 427/427/427 1256/1256/1256
f 2234/2234/2234 1256/1256/1256 172/172/172
f 1255/1255/1255 2234/2234/2234 1174/1174/1174
f 362/362/362 1053/1053/1053 2235/2235/2235
f 1053/1053/1053 516/516/516 1775/1775/1775
f 2235/2235/2235 1775/1775/1775 172/172/172
f 1783/1783/1783 2235/2235/2235 1140/1140/1140
f 561/561/561 1054/1054/1054 2236/2236/2236
f 1054/1054/1054 432/432/432 1738/1738/1738
f 2236/2236/2236 1738/1738/1738 174/174/174
f 1218/1218/1218 2236/2236/2236 1142/1142/1142
f 377/377/377 1055/1055/1055 2237/2237/2237
f 1055/1055/1055 431/431/431 1259/1259/1259
f 2237/2237/2237 1259/1259/1259 174/174/174
f 1791/1791/1791 2237/2237/2237 1703/1703/1703
f 434/434/434 1056/1056/1056 2238/2238/2238
f 1056/1056/1056 377/377/377 1791/1791/1791
f 2238/2238/2238 1791/1791/1791 175/175/175
f 1261/1261/1261 2238/2238/2238 1720/1720/1720
f 517/517/517 1057/1057/1057 2239/2239/2239
f 1057/1057/1057 436/436/436 1262/1262/1262
f 2239/2239/2239 1262/1262/1262 59/59/59
f 1777/1777/1777 2239/2239/2239 1704/1704/1704
f 563/563/563 1058/1058/1058 2240/2240/2240
f 1058/1058/1058 439/439/439 1740/1740/1740
f 2240/2240/2240 1740/1740/1740 177/177/177
f 1216/1216/1216 2240/2240/2240 1144/1144/1144
f 378/378/378 1059/1059/1059 2241/2241/2241
f 1059/1059/1059 438/438/438 1263/1263/1263
f 2241/2241/2241 1263/1263/1263 177/177/177
f 1309/1309/1309 2241/2241/2241 1175/1175/1175
f 441/441/441 1060/1060/1060 2242/2242/2242
f 1060/1060/1060 378/378/378 1309/1309/1309
f 2242/2242/2242 1309/1309/1309 60/60/60
f 1265/1265/1265 2242/2242/2242 1176/1176/1176
f 518/518/518 1061/1061/1061 2243/2243/2243
f 1061/1061/1061 443/443/443 1742/1742/1742
f 2243/2243/2243 1742/1742/1742 179/179/179
f 1778/1778/1778 2243/2243/2243 1145/1145/1145
f 565/565/565 1062/1062/1062 2244/2244/2244
f 1062/1062/1062 446/446/446 1266/1266/1266
f 2244/2244/2244 1266/1266/1266 62/62/62
f 1214/1214/1214 2244/2244/2244 1177/1177/1177
f 379/379/379 1063/1063/1063 2245/2245/2245
f 1063/1063/1063 445/445/445 1743/1743/1743
f 2245/2245/2245 1743/1743/1743 62/62/62
f 1792/1792/1792 2245/2245/2245 1146/1146/1146
f 448/448/448 1064/1064/1064 2246/2246/2246
f 1064/1064/1064 379/379/379 1792/1792/1792
f 2246/2246/2246 1792/1792/1792 180/180/180
f 1745/1745/1745 2246/2246/2246 1158/1158/1158
f 519/519/519 1065/1065/1065 2247/2247/2247
f 1065/1065/1065 450/450/450 1268/1268/1268
f 2247/2247/2247 1268/1268/1268 63/63/63
f 1295/1295/1295 2247/2247/2247 1178/1178/1178
f 567/567/567 1066/1066/1066 2248/2248/2248
f 1066/1066/1066 453/453/453 1269/1269/1269
f 2248/2248/2248 1269/1269/1269 65/65/65
f 1212/1212/1212 2248/2248/2248 1179/1179/1179
f 380/380/380 1067/1067/1067 2249/2249/2249
f 1067/1067/1067 452/452/452 1746/1746/1746
f 2249/2249/2249 1746/1746/1746 65/65/65
f 1310/1310/1310 2249/2249/2249 1706/1706/1706
f 455/455/455 1068/1068/1068 2250/2250/2250
f 1068/1068/1068 380/380/380 1310/1310/1310
f 2250/2250/2250 1310/1310/1310 66/66/66
f 1748/1748/1748 2250/2250/2250 1721/1721/1721
f 520/520/520 1069/1069/1069 2251/2251/2251
f 1069/1069/1069 457/457/457 1749/1749/1749
f 2251/2251/2251 1749/1749/1749 181/181/181
f 1296/1296/1296 2251/2251/2251 1707/1707/1707
f 569/569/569 1070/1070/1070 2252/2252/2252
f 1070/1070/1070 460/460/460 1750/1750/1750
f 2252/2252/2252 1750/1750/1750 182/182/182
f 1210/1210/1210 2252/2252/2252 1147/1147/1147
f 381/381/381 1071/1071/1071 2253/2253/2253
f 1071/1071/1071 459/459/459 1271/1271/1271
f 2253/2253/2253 1271/1271/1271 182/182/182
f 1311/1311/1311 2253/2253/2253 1180/1180/1180
f 462/462/462 1072/1072/1072 2254/2254/2254
f 1072/1072/1072 381/381/381 1311/1311/1311
f 2254/2254/2254 1311/1311/1311 67/67/67
f 1753/1753/1753 2254/2254/2254 1722/1722/1722
f 521/521/521 1073/1073/1073 2255/2255/2255
f 1073/1073/1073 464/464/464 1272/1272/1272
f 2255/2255/2255 1272/1272/1272 68/68/68
f 1297/1297/1297 2255/2255/2255 1181/1181/1181
f 382/382/382 1074/1074/1074 2256/2256/2256
f 1074/1074/1074 571/571/571 1203/1203/1203
f 2256/2256/2256 1203/1203/1203 36/36/36
f 1793/1793/1793 2256/2256/2256 1148/1148/1148
f 383/383/383 1075/1075/1075 2257/2257/2257
f 1075/1075/1075 382/382/382 1793/1793/1793
f 2257/2257/2257 1793/1793/1793 183/183/183
f 1312/1312/1312 2257/2257/2257 1710/1710/1710
f 468/468/468 1076/1076/1076 2258/2258/2258
f 1076/1076/1076 383/383/383 1312/1312/1312
f 2258/2258/2258 1312/1312/1312 70/70/70
f 1755/1755/1755 2258/2258/2258 1723/1723/1723
f 522/522/522 1077/1077/1077 2259/2259/2259
f 1077/1077/1077 470/470/470 1756/1756/1756
f 2259/2259/2259 1756/1756/1756 184/184/184
f 1298/1298/1298 2259/2259/2259 1711/1711/1711
f 574/574/574 1078/1078/1078 2260/2260/2260
f 1078/1078/1078 473/473/473 1275/1275/1275
f 2260/2260/2260 1275/1275/1275 72/72/72
f 1206/1206/1206 2260/2260/2260 1182/1182/1182
f 384/384/384 1079/1079/1079 2261/2261/2261
f 1079/1079/1079 472/472/472 1757/1757/1757
f 2261/2261/2261 1757/1757/1757 72/72/72
f 1794/1794/1794 2261/2261/2261 1149/1149/1149
f 475/475/475 1080/1080/1080 2262/2262/2262
f 1080/1080/1080 384/384/384 1794/1794/1794
f 2262/2262/2262 1794/1794/1794 185/185/185
f 1758/1758/1758 2262/2262/2262 1159/1159/1159
f 523/523/523 1081/1081/1081 2263/2263/2263
f 1081/1081/1081 477/477/477 1759/1759/1759
f 2263/2263/2263 1759/1759/1759 186/186/186
f 1299/1299/1299 2263/2263/2263 1712/1712/1712
f 576/576/576 1082/1082/1082 2264/2264/2264
f 1082/1082/1082 480/480/480 1278/1278/1278
f 2264/2264/2264 1278/1278/1278 73/73/73
f 1204/1204/1204 2264/2264/2264 1183/1183/1183
f 385/385/385 1083/1083/1083 2265/2265/2265
f 1083/1083/1083 479/479/479 1760/1760/1760
f 2265/2265/2265 1760/1760/1760 73/73/73
f 1313/1313/1313 2265/2265/2265 1714/1714/1714
f 482/482/482 1084/1084/1084 2266/2266/2266
f 1084/1084/1084 385/385/385 1313/1313/1313
f 2266/2266/2266 1313/1313/1313 74/74/74
f 1763/1763/1763 2266/2266/2266 1724/1724/1724
f 524/524/524 1085/1085/1085 2267/2267/2267
f 1085/1085/1085 370/370/370 1306/1306/1306
f 2267/2267/2267 1306/1306/1306 75/75/75
f 1300/1300/1300 2267/2267/2267 1184/1184/1184
f 578/578/578 1086/1086/1086 2268/2268/2268
f 1086/1086/1086 487/487/487 1764/1764/1764
f 2268/2268/2268 1764/1764/1764 187/187/187
f 1202/1202/1202 2268/2268/2268 1150/1150/1150
f 386/386/386 1087/1087/1087 2269/2269/2269
f 1087/1087/1087 486/486/486 1280/1280/1280
f 2269/2269/2269 1280/1280/1280 187/187/187
f 1795/1795/1795 2269/2269/2269 1716/1716/1716
f 489/489/489 1088/1088/1088 2270/2270/2270
f 1088/1088/1088 386/386/386 1795/1795/1795
f 2270/2270/2270 1795/1795/1795 188/188/188
f 1282/1282/1282 2270/2270/2270 1725/1725/1725
f 525/525/525 1089/1089/1089 2271/2271/2271
f 1089/1089/1089 491/491/491 1283/1283/1283
f 2271/2271/2271 1283/1283/1283 77/77/77
f 1779/1779/1779 2271/2271/2271 1717/1717/1717
f 580/580/580 1090/1090/1090 2272/2272/2272
f 1090/1090/1090 494/494/494 1766/1766/1766
f 2272/2272/2272 1766/1766/1766 190/190/190
f 1200/1200/1200 2272/2272/2272 1152/1152/1152
f 387/387/387 1091/1091/1091 2273/2273/2273
f 1091/1091/1091 493/493/493 1284/1284/1284
f 2273/2273/2273 1284/1284/1284 190/190/190
f 1314/1314/1314 2273/2273/2273 1185/1185/1185
f 496/496/496 1092/1092/1092 2274/2274/2274
f 1092/1092/1092 387/387/387 1314/1314/1314
f 2274/2274/2274 1314/1314/1314 78/78/78
f 1286/1286/1286 2274/2274/2274 1186/1186/1186
f 526/526/526 1093/1093/1093 2275/2275/2275
f 1093/1093/1093 498/498/498 1768/1768/1768
f 2275/2275/2275 1768/1768/1768 192/192/192
f 1780/1780/1780 2275/2275/2275 1153/1153/1153
f 582/582/582 1094/1094/1094 2276/2276/2276
f 1094/1094/1094 501/501/501 1287/1287/1287
f 2276/2276/2276 1287/1287/1287 80/80/80
f 1198/1198/1198 2276/2276/2276 1187/1187/1187
f 388/388/388 1095/1095/1095 2277/2277/2277
f 1095/1095/1095 500/500/500 1769/1769/1769
f 2277/2277/2277 1769/1769/1769 80/80/80
f 1796/1796/1796 2277/2277/2277 1154/1154/1154
f 503/503/503 1096/1096/1096 2278/2278/2278
f 1096/1096/1096 388/388/388 1796/1796/1796
f 2278/2278/2278 1796/1796/1796 193/193/193
f 1289/1289/1289 2278/2278/2278 1726/1726/1726
f 527/527/527 1097/1097/1097 2279/2279/2279
f 1097/1097/1097 505/505/505 1290/1290/1290
f 2279/2279/2279 1290/1290/1290 81/81/81
f 1781/1781/1781 2279/2279/2279 1718/1718/1718
f 584/584/584 1098/1098/1098 2280/2280/2280
f 1098/1098/1098 508/508/508 1771/1771/1771
f 2280/2280/2280 1771/1771/1771 195/195/195
f 1196/1196/1196 2280/2280/2280 1156/1156/1156
f 389/389/389 1099/1099/1099 2281/2281/2281
f 1099/1099/1099 507/507/507 1291/1291/1291
f 2281/2281/2281 1291/1291/1291 195/195/195
f 1315/1315/1315 2281/2281/2281 1188/1188/1188
f 510/510/510 1100/1100/1100 2282/2282/2282
f 1100/1100/1100 389/389/389 1315/1315/1315
f 2282/2282/2282 1315/1315/1315 82/82/82
f 1293/1293/1293 2282/2282/2282 1189/1189/1189
f 528/528/528 1101/1101/1101 2283/2283/2283
f 1101/1101/1101 512/512/512 1773/1773/1773
f 2283/2283/2283 1773/1773/1773 197/197/197
f 1782/1782/1782 2283/2283/2283 1157/1157/1157
f 200/200/200 1316/1316/1316 2284/2284/2284
f 1316/1316/1316 198/198/198 1510/1510/1510
f 2284/2284/2284 1510/1510/1510 390/390/390
f 1509/1509/1509 2284/2284/2284 682/682/682
f 203/203/203 1317/1317/1317 2285/2285/2285
f 1317/1317/1317 199/199/199 1512/1512/1512
f 2285/2285/2285 1512/1512/1512 392/392/392
f 1511/1511/1511 2285/2285/2285 684/684/684
f 202/202/202 1318/1318/1318 2286/2286/2286
f 1318/1318/1318 228/228/228 1514/1514/1514
f 2286/2286/2286 1514/1514/1514 395/395/395
f 1513/1513/1513 2286/2286/2286 710/710/710
f 227/227/227 1319/1319/1319 2287/2287/2287
f 1319/1319/1319 231/231/231 1516/1516/1516
f 2287/2287/2287 1516/1516/1516 397/397/397
f 1515/1515/1515 2287/2287/2287 711/711/711
f 230/230/230 1320/1320/1320 2288/2288/2288
f 1320/1320/1320 234/234/234 1518/1518/1518
f 2288/2288/2288 1518/1518/1518 399/399/399
f 1517/1517/1517 2288/2288/2288 712/712/712
f 233/233/233 1321/1321/1321 2289/2289/2289
f 1321/1321/1321 237/237/237 1520/1520/1520
f 2289/2289/2289 1520/1520/1520 401/401/401
f 1519/1519/1519 2289/2289/2289 713/713/713
f 236/236/236 1322/1322/1322 2290/2290/2290
f 1322/1322/1322 240/240/240 1522/1522/1522
f 2290/2290/2290 1522/1522/1522 403/403/403
f 1521/1521/1521 2290/2290/2290 714/714/714
f 239/239/239 1323/1323/1323 2291/2291/2291
f 1323/1323/1323 243/243/243 1524/1524/1524
f 2291/2291/2291 1524/1524/1524 405/405/405
f 1523/1523/1523 2291/2291/2291 715/715/715
f 242/242/242 1324/1324/1324 2292/2292/2292
f 1324/1324/1324 245/245/245 1526/1526/1526
f 2292/2292/2292 1526/1526/1526 407/407/407
f 1525/1525/1525 2292/2292/2292 716/716/716
f 608/608/608 1835/1835/1835 2293/2293/2293
f 1835/1835/1835 606/606/606 1830/1830/1830
f 2293/2293/2293 1830/1830/1830 588/588/588
f 1502/1502/1502 2293/2293/2293 1798/1798/1798
f 247/247/247 1325/1325/1325 2294/2294/2294
f 1325/1325/1325 250/250/250 1530/1530/1530
f 2294/2294/2294 1530/1530/1530 411/411/411
f 1529/1529/1529 2294/2294/2294 718/718/718
f 249/249/249 1326/1326/1326 2295/2295/2295
f 1326/1326/1326 253/253/253 1532/1532/1532
f 2295/2295/2295 1532/1532/1532 413/413/413
f 1531/1531/1531 2295/2295/2295 719/719/719
f 252/252/252 1327/1327/1327 2296/2296/2296
f 1327/1327/1327 256/256/256 1534/1534/1534
f 2296/2296/2296 1534/1534/1534 415/415/415
f 1533/1533/1533 2296/2296/2296 720/720/720
f 255/255/255 1328/1328/1328 2297/2297/2297
f 1328/1328/1328 259/259/259 1536/1536/1536
f 2297/2297/2297 1536/1536/1536 417/417/417
f 1535/1535/1535 2297/2297/2297 721/721/721
f 261/261/261 1329/1329/1329 2298/2298/2298
f 1329/1329/1329 258/258/258 1538/1538/1538
f 2298/2298/2298 1538/1538/1538 419/419/419
f 1537/1537/1537 2298/2298/2298 738/738/738
f 258/258/258 1330/1330/1330 2299/2299/2299
f 1330/1330/1330 265/265/265 1539/1539/1539
f 2299/2299/2299 1539/1539/1539 420/420/420
f 1538/1538/1538 2299/2299/2299 739/739/739
f 266/266/266 1331/1331/1331 2300/2300/2300
f 1331/1331/1331 267/267/267 1541/1541/1541
f 2300/2300/2300 1541/1541/1541 422/422/422
f 1540/1540/1540 2300/2300/2300 740/740/740
f 267/267/267 1332/1332/1332 2301/2301/2301
f 1332/1332/1332 268/268/268 1542/1542/1542
f 2301/2301/2301 1542/1542/1542 423/423/423
f 1541/1541/1541 2301/2301/2301 741/741/741
f 263/263/263 1333/1333/1333 2302/2302/2302
f 1333/1333/1333 269/269/269 1544/1544/1544
f 2302/2302/2302 1544/1544/1544 425/425/425
f 1543/1543/1543 2302/2302/2302 742/742/742
f 269/269/269 1334/1334/1334 2303/2303/2303
f 1334/1334/1334 270/270/270 1545/1545/1545
f 2303/2303/2303 1545/1545/1545 426/426/426
f 1544/1544/1544 2303/2303/2303 743/743/743
f 271/271/271 1335/1335/1335 2304/2304/2304
f 1335/1335/1335 272/272/272 1547/1547/1547
f 2304/2304/2304 1547/1547/1547 428/428/428
f 1546/1546/1546 2304/2304/2304 744/744/744
f 272/272/272 1336/1336/1336 2305/2305/2305
f 1336/1336/1336 273/273/273 1548/1548/1548
f 2305/2305/2305 1548/1548/1548 429/429/429
f 1547/1547/1547 2305/2305/2305 745/745/745
f 274/274/274 1337/1337/1337 2306/2306/2306
f 1337/1337/1337 225/225/225 1550/1550/1550
f 2306/2306/2306 1550/1550/1550 430/430/430
f 1549/1549/1549 2306/2306/2306 746/746/746
f 275/275/275 1338/1338/1338 2307/2307/2307
f 1338/1338/1338 276/276/276 1552/1552/1552
f 2307/2307/2307 1552/1552/1552 433/433/433
f 1551/1551/1551 2307/2307/2307 747/747/747
f 278/278/278 1339/1339/1339 2308/2308/2308
f 1339/1339/1339 277/277/277 1554/1554/1554
f 2308/2308/2308 1554/1554/1554 434/434/434
f 1553/1553/1553 2308/2308/2308 748/748/748
f 279/279/279 1340/1340/1340 2309/2309/2309
f 1340/1340/1340 202/202/202 1513/1513/1513
f 2309/2309/2309 1513/1513/1513 394/394/394
f 1555/1555/1555 2309/2309/2309 749/749/749
f 280/280/280 1341/1341/1341 2310/2310/2310
f 1341/1341/1341 223/223/223 1557/1557/1557
f 2310/2310/2310 1557/1557/1557 437/437/437
f 1556/1556/1556 2310/2310/2310 750/750/750
f 281/281/281 1342/1342/1342 2311/2311/2311
f 1342/1342/1342 282/282/282 1559/1559/1559
f 2311/2311/2311 1559/1559/1559 440/440/440
f 1558/1558/1558 2311/2311/2311 751/751/751
f 284/284/284 1343/1343/1343 2312/2312/2312
f 1343/1343/1343 283/283/283 1561/1561/1561
f 2312/2312/2312 1561/1561/1561 441/441/441
f 1560/1560/1560 2312/2312/2312 752/752/752
f 285/285/285 1344/1344/1344 2313/2313/2313
f 1344/1344/1344 227/227/227 1515/1515/1515
f 2313/2313/2313 1515/1515/1515 396/396/396
f 1562/1562/1562 2313/2313/2313 753/753/753
f 286/286/286 1345/1345/1345 2314/2314/2314
f 1345/1345/1345 221/221/221 1564/1564/1564
f 2314/2314/2314 1564/1564/1564 444/444/444
f 1563/1563/1563 2314/2314/2314 754/754/754
f 287/287/287 1346/1346/1346 2315/2315/2315
f 1346/1346/1346 288/288/288 1566/1566/1566
f 2315/2315/2315 1566/1566/1566 447/447/447
f 1565/1565/1565 2315/2315/2315 755/755/755
f 290/290/290 1347/1347/1347 2316/2316/2316
f 1347/1347/1347 289/289/289 1568/1568/1568
f 2316/2316/2316 1568/1568/1568 448/448/448
f 1567/1567/1567 2316/2316/2316 756/756/756
f 291/291/291 1348/1348/1348 2317/2317/2317
f 1348/1348/1348 230/230/230 1517/1517/1517
f 2317/2317/2317 1517/1517/1517 398/398/398
f 1569/1569/1569 2317/2317/2317 757/757/757
f 292/292/292 1349/1349/1349 2318/2318/2318
f 1349/1349/1349 219/219/219 1571/1571/1571
f 2318/2318/2318 1571/1571/1571 451/451/451
f 1570/1570/1570 2318/2318/2318 758/758/758
f 293/293/293 1350/1350/1350 2319/2319/2319
f 1350/1350/1350 294/294/294 1573/1573/1573
f 2319/2319/2319 1573/1573/1573 454/454/454
f 1572/1572/1572 2319/2319/2319 759/759/759
f 296/296/296 1351/1351/1351 2320/2320/2320
f 1351/1351/1351 295/295/295 1575/1575/1575
f 2320/2320/2320 1575/1575/1575 455/455/455
f 1574/1574/1574 2320/2320/2320 760/760/760
f 297/297/297 1352/1352/1352 2321/2321/2321
f 1352/1352/1352 233/233/233 1519/1519/1519
f 2321/2321/2321 1519/1519/1519 400/400/400
f 1576/1576/1576 2321/2321/2321 761/761/761
f 298/298/298 1353/1353/1353 2322/2322/2322
f 1353/1353/1353 217/217/217 1578/1578/1578
f 2322/2322/2322 1578/1578/1578 458/458/458
f 1577/1577/1577 2322/2322/2322 762/762/762
f 299/299/299 1354/1354/1354 2323/2323/2323
f 1354/1354/1354 300/300/300 1580/1580/1580
f 2323/2323/2323 1580/1580/1580 461/461/461
f 1579/1579/1579 2323/2323/2323 763/763/763
f 302/302/302 1355/1355/1355 2324/2324/2324
f 1355/1355/1355 301/301/301 1582/1582/1582
f 2324/2324/2324 1582/1582/1582 462/462/462
f 1581/1581/1581 2324/2324/2324 764/764/764
f 303/303/303 1356/1356/1356 2325/2325/2325
f 1356/1356/1356 236/236/236 1521/1521/1521
f 2325/2325/2325 1521/1521/1521 402/402/402
f 1583/1583/1583 2325/2325/2325 765/765/765
f 216/216/216 1357/1357/1357 2326/2326/2326
f 1357/1357/1357 304/304/304 1585/1585/1585
f 2326/2326/2326 1585/1585/1585 466/466/466
f 1584/1584/1584 2326/2326/2326 766/766/766
f 304/304/304 1358/1358/1358 2327/2327/2327
f 1358/1358/1358 305/305/305 1586/1586/1586
f 2327/2327/2327 1586/1586/1586 467/467/467
f 1585/1585/1585 2327/2327/2327 767/767/767
f 307/307/307 1359/1359/1359 2328/2328/2328
f 1359/1359/1359 306/306/306 1588/1588/1588
f 2328/2328/2328 1588/1588/1588 468/468/468
f 1587/1587/1587 2328/2328/2328 768/768/768
f 308/308/308 1360/1360/1360 2329/2329/2329
f 1360/1360/1360 239/239/239 1523/1523/1523
f 2329/2329/2329 1523/1523/1523 404/404/404
f 1589/1589/1589 2329/2329/2329 769/769/769
f 309/309/309 1361/1361/1361 2330/2330/2330
f 1361/1361/1361 214/214/214 1591/1591/1591
f 2330/2330/2330 1591/1591/1591 471/471/471
f 1590/1590/1590 2330/2330/2330 770/770/770
f 310/310/310 1362/1362/1362 2331/2331/2331
f 1362/1362/1362 311/311/311 1593/1593/1593
f 2331/2331/2331 1593/1593/1593 474/474/474
f 1592/1592/1592 2331/2331/2331 771/771/771
f 313/313/313 1363/1363/1363 2332/2332/2332
f 1363/1363/1363 312/312/312 1595/1595/1595
f 2332/2332/2332 1595/1595/1595 475/475/475
f 1594/1594/1594 2332/2332/2332 772/772/772
f 314/314/314 1364/1364/1364 2333/2333/2333
f 1364/1364/1364 242/242/242 1525/1525/1525
f 2333/2333/2333 1525/1525/1525 406/406/406
f 1596/1596/1596 2333/2333/2333 773/773/773
f 315/315/315 1365/1365/1365 2334/2334/2334
f 1365/1365/1365 213/213/213 1598/1598/1598
f 2334/2334/2334 1598/1598/1598 478/478/478
f 1597/1597/1597 2334/2334/2334 774/774/774
f 622/622/622 1866/1866/1866 2335/2335/2335
f 1866/1866/1866 317/317/317 1600/1600/1600
f 2335/2335/2335 1600/1600/1600 481/481/481
f 1861/1861/1861 2335/2335/2335 775/775/775
f 319/319/319 1367/1367/1367 2336/2336/2336
f 1367/1367/1367 318/318/318 1602/1602/1602
f 2336/2336/2336 1602/1602/1602 482/482/482
f 1601/1601/1601 2336/2336/2336 776/776/776
f 320/320/320 1368/1368/1368 2337/2337/2337
f 1368/1368/1368 319/319/319 1601/1601/1601
f 2337/2337/2337 1601/1601/1601 483/483/483
f 1603/1603/1603 2337/2337/2337 777/777/777
f 321/321/321 1369/1369/1369 2338/2338/2338
f 1369/1369/1369 211/211/211 1605/1605/1605
f 2338/2338/2338 1605/1605/1605 485/485/485
f 1604/1604/1604 2338/2338/2338 778/778/778
f 322/322/322 1370/1370/1370 2339/2339/2339
f 1370/1370/1370 323/323/323 1607/1607/1607
f 2339/2339/2339 1607/1607/1607 488/488/488
f 1606/1606/1606 2339/2339/2339 779/779/779
f 325/325/325 1371/1371/1371 2340/2340/2340
f 1371/1371/1371 324/324/324 1609/1609/1609
f 2340/2340/2340 1609/1609/1609 489/489/489
f 1608/1608/1608 2340/2340/2340 780/780/780
f 326/326/326 1372/1372/1372 2341/2341/2341
f 1372/1372/1372 247/247/247 1529/1529/1529
f 2341/2341/2341 1529/1529/1529 410/410/410
f 1610/1610/1610 2341/2341/2341 781/781/781
f 327/327/327 1373/1373/1373 2342/2342/2342
f 1373/1373/1373 209/209/209 1612/1612/1612
f 2342/2342/2342 1612/1612/1612 492/492/492
f 1611/1611/1611 2342/2342/2342 782/782/782
f 328/328/328 1374/1374/1374 2343/2343/2343
f 1374/1374/1374 329/329/329 1614/1614/1614
f 2343/2343/2343 1614/1614/1614 495/495/495
f 1613/1613/1613 2343/2343/2343 783/783/783
f 331/331/331 1375/1375/1375 2344/2344/2344
f 1375/1375/1375 330/330/330 1616/1616/1616
f 2344/2344/2344 1616/1616/1616 496/496/496
f 1615/1615/1615 2344/2344/2344 784/784/784
f 332/332/332 1376/1376/1376 2345/2345/2345
f 1376/1376/1376 249/249/249 1531/1531/1531
f 2345/2345/2345 1531/1531/1531 412/412/412
f 1617/1617/1617 2345/2345/2345 785/785/785
f 333/333/333 1377/1377/1377 2346/2346/2346
f 1377/1377/1377 207/207/207 1619/1619/1619
f 2346/2346/2346 1619/1619/1619 499/499/499
f 1618/1618/1618 2346/2346/2346 786/786/786
f 334/334/334 1378/1378/1378 2347/2347/2347
f 1378/1378/1378 335/335/335 1621/1621/1621
f 2347/2347/2347 1621/1621/1621 502/502/502
f 1620/1620/1620 2347/2347/2347 787/787/787
f 337/337/337 1379/1379/1379 2348/2348/2348
f 1379/1379/1379 336/336/336 1623/1623/1623
f 2348/2348/2348 1623/1623/1623 503/503/503
f 1622/1622/1622 2348/2348/2348 788/788/788
f 338/338/338 1380/1380/1380 2349/2349/2349
f 1380/1380/1380 252/252/252 1533/1533/1533
f 2349/2349/2349 1533/1533/1533 414/414/414
f 1624/1624/1624 2349/2349/2349 789/789/789
f 339/339/339 1381/1381/1381 2350/2350/2350
f 1381/1381/1381 205/205/205 1626/1626/1626
f 2350/2350/2350 1626/1626/1626 506/506/506
f 1625/1625/1625 2350/2350/2350 790/790/790
f 340/340/340 1382/1382/1382 2351/2351/2351
f 1382/1382/1382 341/341/341 1628/1628/1628
f 2351/2351/2351 1628/1628/1628 509/509/509
f 1627/1627/1627 2351/2351/2351 791/791/791
f 343/343/343 1383/1383/1383 2352/2352/2352
f 1383/1383/1383 342/342/342 1630/1630/1630
f 2352/2352/2352 1630/1630/1630 510/510/510
f 1629/1629/1629 2352/2352/2352 792/792/792
f 344/344/344 1384/1384/1384 2353/2353/2353
f 1384/1384/1384 255/255/255 1535/1535/1535
f 2353/2353/2353 1535/1535/1535 416/416/416
f 1631/1631/1631 2353/2353/2353 793/793/793
f 346/346/346 1385/1385/1385 2354/2354/2354
f 1385/1385/1385 513/513/513 1633/1633/1633
f 2354/2354/2354 1633/1633/1633 345/345/345
f 1632/1632/1632 2354/2354/2354 990/990/990
f 348/348/348 1386/1386/1386 2355/2355/2355
f 1386/1386/1386 515/515/515 1635/1635/1635
f 2355/2355/2355 1635/1635/1635 347/347/347
f 1634/1634/1634 2355/2355/2355 991/991/991
f 276/276/276 1387/1387/1387 2356/2356/2356
f 1387/1387/1387 349/349/349 1636/1636/1636
f 2356/2356/2356 1636/1636/1636 517/517/517
f 1552/1552/1552 2356/2356/2356 992/992/992
f 282/282/282 1388/1388/1388 2357/2357/2357
f 1388/1388/1388 350/350/350 1637/1637/1637
f 2357/2357/2357 1637/1637/1637 518/518/518
f 1559/1559/1559 2357/2357/2357 993/993/993
f 288/288/288 1389/1389/1389 2358/2358/2358
f 1389/1389/1389 351/351/351 1638/1638/1638
f 2358/2358/2358 1638/1638/1638 519/519/519
f 1566/1566/1566 2358/2358/2358 994/994/994
f 294/294/294 1390/1390/1390 2359/2359/2359
f 1390/1390/1390 352/352/352 1639/1639/1639
f 2359/2359/2359 1639/1639/1639 520/520/520
f 1573/1573/1573 2359/2359/2359 995/995/995
f 300/300/300 1391/1391/1391 2360/2360/2360
f 1391/1391/1391 353/353/353 1640/1640/1640
f 2360/2360/2360 1640/1640/1640 521/521/521
f 1580/1580/1580 2360/2360/2360 996/996/996
f 305/305/305 1392/1392/1392 2361/2361/2361
f 1392/1392/1392 354/354/354 1641/1641/1641
f 2361/2361/2361 1641/1641/1641 522/522/522
f 1586/1586/1586 2361/2361/2361 997/997/997
f 311/311/311 1393/1393/1393 2362/2362/2362
f 1393/1393/1393 355/355/355 1642/1642/1642
f 2362/2362/2362 1642/1642/1642 523/523/523
f 1593/1593/1593 2362/2362/2362 998/998/998
f 317/317/317 1394/1394/1394 2363/2363/2363
f 1394/1394/1394 356/356/356 1643/1643/1643
f 2363/2363/2363 1643/1643/1643 524/524/524
f 1600/1600/1600 2363/2363/2363 999/999/999
f 323/323/323 1395/1395/1395 2364/2364/2364
f 1395/1395/1395 357/357/357 1644/1644/1644
f 2364/2364/2364 1644/1644/1644 525/525/525
f 1607/1607/1607 2364/2364/2364 1000/1000/1000
f 329/329/329 1396/1396/1396 2365/2365/2365
f 1396/1396/1396 358/358/358 1645/1645/1645
f 2365/2365/2365 1645/1645/1645 526/526/526
f 1614/1614/1614 2365/2365/2365 1001/1001/1001
f 335/335/335 1397/1397/1397 2366/2366/2366
f 1397/1397/1397 359/359/359 1646/1646/1646
f 2366/2366/2366 1646/1646/1646 527/527/527
f 1621/1621/1621 2366/2366/2366 1002/1002/1002
f 341/341/341 1398/1398/1398 2367/2367/2367
f 1398/1398/1398 360/360/360 1647/1647/1647
f 2367/2367/2367 1647/1647/1647 528/528/528
f 1628/1628/1628 2367/2367/2367 1003/1003/1003
f 268/268/268 1399/1399/1399 2368/2368/2368
f 1399/1399/1399 201/201/201 1648/1648/1648
f 2368/2368/2368 1648/1648/1648 529/529/529
f 1542/1542/1542 2368/2368/2368 1018/1018/1018
f 198/198/198 1400/1400/1400 2369/2369/2369
f 1400/1400/1400 530/530/530 1649/1649/1649
f 2369/2369/2369 1649/1649/1649 361/361/361
f 1510/1510/1510 2369/2369/2369 1019/1019/1019
f 273/273/273 1401/1401/1401 2370/2370/2370
f 1401/1401/1401 204/204/204 1650/1650/1650
f 2370/2370/2370 1650/1650/1650 531/531/531
f 1548/1548/1548 2370/2370/2370 1020/1020/1020
f 199/199/199 1402/1402/1402 2371/2371/2371
f 1402/1402/1402 532/532/532 1651/1651/1651
f 2371/2371/2371 1651/1651/1651 362/362/362
f 1512/1512/1512 2371/2371/2371 1021/1021/1021
f 229/229/229 1403/1403/1403 2372/2372/2372
f 1403/1403/1403 533/533/533 1653/1653/1653
f 2372/2372/2372 1653/1653/1653 363/363/363
f 1652/1652/1652 2372/2372/2372 1022/1022/1022
f 533/533/533 1404/1404/1404 2373/2373/2373
f 1404/1404/1404 278/278/278 1553/1553/1553
f 2373/2373/2373 1553/1553/1553 435/435/435
f 1653/1653/1653 2373/2373/2373 1023/1023/1023
f 232/232/232 1405/1405/1405 2374/2374/2374
f 1405/1405/1405 535/535/535 1655/1655/1655
f 2374/2374/2374 1655/1655/1655 364/364/364
f 1654/1654/1654 2374/2374/2374 1024/1024/1024
f 535/535/535 1406/1406/1406 2375/2375/2375
f 1406/1406/1406 284/284/284 1560/1560/1560
f 2375/2375/2375 1560/1560/1560 442/442/442
f 1655/1655/1655 2375/2375/2375 1025/1025/1025
f 235/235/235 1407/1407/1407 2376/2376/2376
f 1407/1407/1407 537/537/537 1657/1657/1657
f 2376/2376/2376 1657/1657/1657 365/365/365
f 1656/1656/1656 2376/2376/2376 1026/1026/1026
f 537/537/537 1408/1408/1408 2377/2377/2377
f 1408/1408/1408 290/290/290 1567/1567/1567
f 2377/2377/2377 1567/1567/1567 449/449/449
f 1657/1657/1657 2377/2377/2377 1027/1027/1027
f 238/238/238 1409/1409/1409 2378/2378/2378
f 1409/1409/1409 539/539/539 1659/1659/1659
f 2378/2378/2378 1659/1659/1659 366/366/366
f 1658/1658/1658 2378/2378/2378 1028/1028/1028
f 539/539/539 1410/1410/1410 2379/2379/2379
f 1410/1410/1410 296/296/296 1574/1574/1574
f 2379/2379/2379 1574/1574/1574 456/456/456
f 1659/1659/1659 2379/2379/2379 1029/1029/1029
f 241/241/241 1411/1411/1411 2380/2380/2380
f 1411/1411/1411 541/541/541 1661/1661/1661
f 2380/2380/2380 1661/1661/1661 367/367/367
f 1660/1660/1660 2380/2380/2380 1030/1030/1030
f 541/541/541 1412/1412/1412 2381/2381/2381
f 1412/1412/1412 302/302/302 1581/1581/1581
f 2381/2381/2381 1581/1581/1581 463/463/463
f 1661/1661/1661 2381/2381/2381 1031/1031/1031
f 606/606/606 1834/1834/1834 2382/2382/2382
f 1834/1834/1834 607/607/607 1455/1455/1455
f 2382/2382/2382 1455/1455/1455 586/586/586
f 1830/1830/1830 2382/2382/2382 1799/1799/1799
f 543/543/543 1414/1414/1414 2383/2383/2383
f 1414/1414/1414 307/307/307 1587/1587/1587
f 2383/2383/2383 1587/1587/1587 469/469/469
f 1662/1662/1662 2383/2383/2383 1033/1033/1033
f 246/246/246 1415/1415/1415 2384/2384/2384
f 1415/1415/1415 545/545/545 1664/1664/1664
f 2384/2384/2384 1664/1664/1664 369/369/369
f 1663/1663/1663 2384/2384/2384 1034/1034/1034
f 545/545/545 1416/1416/1416 2385/2385/2385
f 1416/1416/1416 313/313/313 1594/1594/1594
f 2385/2385/2385 1594/1594/1594 476/476/476
f 1664/1664/1664 2385/2385/2385 1035/1035/1035
f 248/248/248 1417/1417/1417 2386/2386/2386
f 1417/1417/1417 320/320/320 1603/1603/1603
f 2386/2386/2386 1603/1603/1603 484/484/484
f 1665/1665/1665 2386/2386/2386 1036/1036/1036
f 548/548/548 1871/1871/1871 2387/2387/2387
f 1871/1871/1871 626/626/626 1868/1868/1868
f 2387/2387/2387 1868/1868/1868 408/408/408
f 1666/1666/1666 2387/2387/2387 1037/1037/1037
f 251/251/251 1419/1419/1419 2388/2388/2388
f 1419/1419/1419 549/549/549 1668/1668/1668
f 2388/2388/2388 1668/1668/1668 371/371/371
f 1667/1667/1667 2388/2388/2388 1038/1038/1038
f 549/549/549 1420/1420/1420 2389/2389/2389
f 1420/1420/1420 325/325/325 1608/1608/1608
f 2389/2389/2389 1608/1608/1608 490/490/490
f 1668/1668/1668 2389/2389/2389 1039/1039/1039
f 254/254/254 1421/1421/1421 2390/2390/2390
f 1421/1421/1421 551/551/551 1670/1670/1670
f 2390/2390/2390 1670/1670/1670 372/372/372
f 1669/1669/1669 2390/2390/2390 1040/1040/1040
f 551/551/551 1422/1422/1422 2391/2391/2391
f 1422/1422/1422 331/331/331 1615/1615/1615
f 2391/2391/2391 1615/1615/1615 497/497/497
f 1670/1670/1670 2391/2391/2391 1041/1041/1041
f 257/257/257 1423/1423/1423 2392/2392/2392
f 1423/1423/1423 553/553/553 1672/1672/1672
f 2392/2392/2392 1672/1672/1672 373/373/373
f 1671/1671/1671 2392/2392/2392 1042/1042/1042
f 553/553/553 1424/1424/1424 2393/2393/2393
f 1424/1424/1424 337/337/337 1622/1622/1622
f 2393/2393/2393 1622/1622/1622 504/504/504
f 1672/1672/1672 2393/2393/2393 1043/1043/1043
f 260/260/260 1425/1425/1425 2394/2394/2394
f 1425/1425/1425 555/555/555 1674/1674/1674
f 2394/2394/2394 1674/1674/1674 374/374/374
f 1673/1673/1673 2394/2394/2394 1044/1044/1044
f 555/555/555 1426/1426/1426 2395/2395/2395
f 1426/1426/1426 343/343/343 1629/1629/1629
f 2395/2395/2395 1629/1629/1629 511/511/511
f 1674/1674/1674 2395/2395/2395 1045/1045/1045
f 558/558/558 1427/1427/1427 2396/2396/2396
f 1427/1427/1427 262/262/262 1676/1676/1676
f 2396/2396/2396 1676/1676/1676 557/557/557
f 1675/1675/1675 2396/2396/2396 1046/1046/1046
f 513/513/513 1428/1428/1428 2397/2397/2397
f 1428/1428/1428 558/558/558 1675/1675/1675
f 2397/2397/2397 1675/1675/1675 375/375/375
f 1633/1633/1633 2397/2397/2397 1047/1047/1047
f 265/265/265 1429/1429/1429 2398/2398/2398
f 1429/1429/1429 266/266/266 1540/1540/1540
f 2398/2398/2398 1540/1540/1540 421/421/421
f 1539/1539/1539 2398/2398/2398 1048/1048/1048
f 530/530/530 1430/1430/1430 2399/2399/2399
f 1430/1430/1430 346/346/346 1632/1632/1632
f 2399/2399/2399 1632/1632/1632 514/514/514
f 1649/1649/1649 2399/2399/2399 1049/1049/1049
f 560/560/560 1431/1431/1431 2400/2400/2400
f 1431/1431/1431 264/264/264 1678/1678/1678
f 2400/2400/2400 1678/1678/1678 559/559/559
f 1677/1677/1677 2400/2400/2400 1050/1050/1050
f 515/515/515 1432/1432/1432 2401/2401/2401
f 1432/1432/1432 560/560/560 1677/1677/1677
f 2401/2401/2401 1677/1677/1677 376/376/376
f 1635/1635/1635 2401/2401/2401 1051/1051/1051
f 270/270/270 1433/1433/1433 2402/2402/2402
f 1433/1433/1433 271/271/271 1546/1546/1546
f 2402/2402/2402 1546/1546/1546 427/427/427
f 1545/1545/1545 2402/2402/2402 1052/1052/1052
f 532/532/532 1434/1434/1434 2403/2403/2403
f 1434/1434/1434 348/348/348 1634/1634/1634
f 2403/2403/2403 1634/1634/1634 516/516/516
f 1651/1651/1651 2403/2403/2403 1053/1053/1053
f 226/226/226 1435/1435/1435 2404/2404/2404
f 1435/1435/1435 275/275/275 1551/1551/1551
f 2404/2404/2404 1551/1551/1551 432/432/432
f 1679/1679/1679 2404/2404/2404 1054/1054/1054
f 562/562/562 1436/1436/1436 2405/2405/2405
f 1436/1436/1436 274/274/274 1549/1549/1549
f 2405/2405/2405 1549/1549/1549 431/431/431
f 1680/1680/1680 2405/2405/2405 1055/1055/1055
f 277/277/277 1437/1437/1437 2406/2406/2406
f 1437/1437/1437 562/562/562 1680/1680/1680
f 2406/2406/2406 1680/1680/1680 377/377/377
f 1554/1554/1554 2406/2406/2406 1056/1056/1056
f 349/349/349 1438/1438/1438 2407/2407/2407
f 1438/1438/1438 279/279/279 1555/1555/1555
f 2407/2407/2407 1555/1555/1555 436/436/436
f 1636/1636/1636 2407/2407/2407 1057/1057/1057
f 224/224/224 1439/1439/1439 2408/2408/2408
f 1439/1439/1439 281/281/281 1558/1558/1558
f 2408/2408/2408 1558/1558/1558 439/439/439
f 1681/1681/1681 2408/2408/2408 1058/1058/1058
f 564/564/564 1440/1440/1440 2409/2409/2409
f 1440/1440/1440 280/280/280 1556/1556/1556
f 2409/2409/2409 1556/1556/1556 438/438/438
f 1682/1682/1682 2409/2409/2409 1059/1059/1059
f 283/283/283 1441/1441/1441 2410/2410/2410
f 1441/1441/1441 564/564/564 1682/1682/1682
f 2410/2410/2410 1682/1682/1682 378/378/378
f 1561/1561/1561 2410/2410/2410 1060/1060/1060
f 350/350/350 1442/1442/1442 2411/2411/2411
f 1442/1442/1442 285/285/285 1562/1562/1562
f 2411/2411/2411 1562/1562/1562 443/443/443
f 1637/1637/1637 2411/2411/2411 1061/1061/1061
f 222/222/222 1443/1443/1443 2412/2412/2412
f 1443/1443/1443 287/287/287 1565/1565/1565
f 2412/2412/2412 1565/1565/1565 446/446/446
f 1683/1683/1683 2412/2412/2412 1062/1062/1062
f 566/566/566 1444/1444/1444 2413/2413/2413
f 1444/1444/1444 286/286/286 1563/1563/1563
f 2413/2413/2413 1563/1563/1563 445/445/445
f 1684/1684/1684 2413/2413/2413 1063/1063/1063
f 289/289/289 1445/1445/1445 2414/2414/2414
f 1445/1445/1445 566/566/566 1684/1684/1684
f 2414/2414/2414 1684/1684/1684 379/379/379
f 1568/1568/1568 2414/2414/2414 1064/1064/1064
f 351/351/351 1446/1446/1446 2415/2415/2415
f 1446/1446/1446 291/291/291 1569/1569/1569
f 2415/2415/2415 1569/1569/1569 450/450/450
f 1638/1638/1638 2415/2415/2415 1065/1065/1065
f 220/220/220 1447/1447/1447 2416/2416/2416
f 1447/1447/1447 293/293/293 1572/1572/1572
f 2416/2416/2416 1572/1572/1572 453/453/453
f 1685/1685/1685 2416/2416/2416 1066/1066/1066
f 568/568/568 1448/1448/1448 2417/2417/2417
f 1448/1448/1448 292/292/292 1570/1570/1570
f 2417/2417/2417 1570/1570/1570 452/452/452
f 1686/1686/1686 2417/2417/2417 1067/1067/1067
f 295/295/295 1449/1449/1449 2418/2418/2418
f 1449/1449/1449 568/568/568 1686/1686/1686
f 2418/2418/2418 1686/1686/1686 380/380/380
f 1575/1575/1575 2418/2418/2418 1068/1068/1068
f 352/352/352 1450/1450/1450 2419/2419/2419
f 1450/1450/1450 297/297/297 1576/1576/1576
f 2419/2419/2419 1576/1576/1576 457/457/457
f 1639/1639/1639 2419/2419/2419 1069/1069/1069
f 218/218/218 1451/1451/1451 2420/2420/2420
f 1451/1451/1451 299/299/299 1579/1579/1579
f 2420/2420/2420 1579/1579/1579 460/460/460
f 1687/1687/1687 2420/2420/2420 1070/1070/1070
f 570/570/570 1452/1452/1452 2421/2421/2421
f 1452/1452/1452 298/298/298 1577/1577/1577
f 2421/2421/2421 1577/1577/1577 459/459/459
f 1688/1688/1688 2421/2421/2421 1071/1071/1071
f 301/301/301 1453/1453/1453 2422/2422/2422
f 1453/1453/1453 570/570/570 1688/1688/1688
f 2422/2422/2422 1688/1688/1688 381/381/381
f 1582/1582/1582 2422/2422/2422 1072/1072/1072
f 353/353/353 1454/1454/1454 2423/2423/2423
f 1454/1454/1454 303/303/303 1583/1583/1583
f 2423/2423/2423 1583/1583/1583 464/464/464
f 1640/1640/1640 2423/2423/2423 1073/1073/1073
f 573/573/573 1867/1867/1867 2424/2424/2424
f 1867/1867/1867 624/624/624 1863/1863/1863
f 2424/2424/2424 1863/1863/1863 382/382/382
f 1691/1691/1691 2424/2424/2424 1075/1075/1075
f 306/306/306 1457/1457/1457 2425/2425/2425
f 1457/1457/1457 573/573/573 1691/1691/1691
f 2425/2425/2425 1691/1691/1691 383/383/383
f 1588/1588/1588 2425/2425/2425 1076/1076/1076
f 354/354/354 1458/1458/1458 2426/2426/2426
f 1458/1458/1458 308/308/308 1589/1589/1589
f 2426/2426/2426 1589/1589/1589 470/470/470
f 1641/1641/1641 2426/2426/2426 1077/1077/1077
f 215/215/215 1459/1459/1459 2427/2427/2427
f 1459/1459/1459 310/310/310 1592/1592/1592
f 2427/2427/2427 1592/1592/1592 473/473/473
f 1692/1692/1692 2427/2427/2427 1078/1078/1078
f 575/575/575 1460/1460/1460 2428/2428/2428
f 1460/1460/1460 309/309/309 1590/1590/1590
f 2428/2428/2428 1590/1590/1590 472/472/472
f 1693/1693/1693 2428/2428/2428 1079/1079/1079
f 312/312/312 1461/1461/1461 2429/2429/2429
f 1461/1461/1461 575/575/575 1693/1693/1693
f 2429/2429/2429 1693/1693/1693 384/384/384
f 1595/1595/1595 2429/2429/2429 1080/1080/1080
f 355/355/355 1462/1462/1462 2430/2430/2430
f 1462/1462/1462 314/314/314 1596/1596/1596
f 2430/2430/2430 1596/1596/1596 477/477/477
f 1642/1642/1642 2430/2430/2430 1081/1081/1081
f 577/577/577 1463/1463/1463 2431/2431/2431
f 1463/1463/1463 315/315/315 1597/1597/1597
f 2431/2431/2431 1597/1597/1597 479/479/479
f 1694/1694/1694 2431/2431/2431 1083/1083/1083
f 318/318/318 1464/1464/1464 2432/2432/2432
f 1464/1464/1464 577/577/577 1694/1694/1694
f 2432/2432/2432 1694/1694/1694 385/385/385
f 1602/1602/1602 2432/2432/2432 1084/1084/1084
f 356/356/356 1465/1465/1465 2433/2433/2433
f 1465/1465/1465 548/548/548 1666/1666/1666
f 2433/2433/2433 1666/1666/1666 370/370/370
f 1643/1643/1643 2433/2433/2433 1085/1085/1085
f 212/212/212 1466/1466/1466 2434/2434/2434
f 1466/1466/1466 322/322/322 1606/1606/1606
f 2434/2434/2434 1606/1606/1606 487/487/487
f 1695/1695/1695 2434/2434/2434 1086/1086/1086
f 579/579/579 1467/1467/1467 2435/2435/2435
f 1467/1467/1467 321/321/321 1604/1604/1604
f 2435/2435/2435 1604/1604/1604 486/486/486
f 1696/1696/1696 2435/2435/2435 1087/1087/1087
f 324/324/324 1468/1468/1468 2436/2436/2436
f 1468/1468/1468 579/579/579 1696/1696/1696
f 2436/2436/2436 1696/1696/1696 386/386/386
f 1609/1609/1609 2436/2436/2436 1088/1088/1088
f 357/357/357 1469/1469/1469 2437/2437/2437
f 1469/1469/1469 326/326/326 1610/1610/1610
f 2437/2437/2437 1610/1610/1610 491/491/491
f 1644/1644/1644 2437/2437/2437 1089/1089/1089
f 210/210/210 1470/1470/1470 2438/2438/2438
f 1470/1470/1470 328/328/328 1613/1613/1613
f 2438/2438/2438 1613/1613/1613 494/494/494
f 1697/1697/1697 2438/2438/2438 1090/1090/1090
f 581/581/581 1471/1471/1471 2439/2439/2439
f 1471/1471/1471 327/327/327 1611/1611/1611
f 2439/2439/2439 1611/1611/1611 493/493/493
f 1698/1698/1698 2439/2439/2439 1091/1091/1091
f 330/330/330 1472/1472/1472 2440/2440/2440
f 1472/1472/1472 581/581/581 1698/1698/1698
f 2440/2440/2440 1698/1698/1698 387/387/387
f 1616/1616/1616 2440/2440/2440 1092/1092/1092
f 358/358/358 1473/1473/1473 2441/2441/2441
f 1473/1473/1473 332/332/332 1617/1617/1617
f 2441/2441/2441 1617/1617/1617 498/498/498
f 1645/1645/1645 2441/2441/2441 1093/1093/1093
f 208/208/208 1474/1474/1474 2442/2442/2442
f 1474/1474/1474 334/334/334 1620/1620/1620
f 2442/2442/2442 1620/1620/1620 501/501/501
f 1699/1699/1699 2442/2442/2442 1094/1094/1094
f 583/583/583 1475/1475/1475 2443/2443/2443
f 1475/1475/1475 333/333/333 1618/1618/1618
f 2443/2443/2443 1618/1618/1618 500/500/500
f 1700/1700/1700 2443/2443/2443 1095/1095/1095
f 336/336/336 1476/1476/1476 2444/2444/2444
f 1476/1476/1476 583/583/583 1700/1700/1700
f 2444/2444/2444 1700/1700/1700 388/388/388
f 1623/1623/1623 2444/2444/2444 1096/1096/1096
f 359/359/359 1477/1477/1477 2445/2445/2445
f 1477/1477/1477 338/338/338 1624/1624/1624
f 2445/2445/2445 1624/1624/1624 505/505/505
f 1646/1646/1646 2445/2445/2445 1097/1097/1097
f 206/206/206 1478/1478/1478 2446/2446/2446
f 1478/1478/1478 340/340/340 1627/1627/1627
f 2446/2446/2446 1627/1627/1627 508/508/508
f 1701/1701/1701 2446/2446/2446 1098/1098/1098
f 585/585/585 1479/1479/1479 2447/2447/2447
f 1479/1479/1479 339/339/339 1625/1625/1625
f 2447/2447/2447 1625/1625/1625 507/507/507
f 1702/1702/1702 2447/2447/2447 1099/1099/1099
f 342/342/342 1480/1480/1480 2448/2448/2448
f 1480/1480/1480 585/585/585 1702/1702/1702
f 2448/2448/2448 1702/1702/1702 389/389/389
f 1630/1630/1630 2448/2448/2448 1100/1100/1100
f 360/360/360 1481/1481/1481 2449/2449/2449
f 1481/1481/1481 344/344/344 1631/1631/1631
f 2449/2449/2449 1631/1631/1631 512/512/512
f 1647/1647/1647 2449/2449/2449 1101/1101/1101
f 205/205/205 1482/1482/1482 2450/2450/2450
f 1482/1482/1482 200/200/200 1509/1509/1509
f 2450/2450/2450 1509/1509/1509 391/391/391
f 1626/1626/1626 2450/2450/2450 1103/1103/1103
f 207/207/207 1483/1483/1483 2451/2451/2451
f 1483/1483/1483 203/203/203 1511/1511/1511
f 2451/2451/2451 1511/1511/1511 393/393/393
f 1619/1619/1619 2451/2451/2451 1104/1104/1104
f 209/209/209 1484/1484/1484 2452/2452/2452
f 1484/1484/1484 206/206/206 1701/1701/1701
f 2452/2452/2452 1701/1701/1701 584/584/584
f 1612/1612/1612 2452/2452/2452 1105/1105/1105
f 211/211/211 1485/1485/1485 2453/2453/2453
f 1485/1485/1485 208/208/208 1699/1699/1699
f 2453/2453/2453 1699/1699/1699 582/582/582
f 1605/1605/1605 2453/2453/2453 1106/1106/1106
f 213/213/213 1486/1486/1486 2454/2454/2454
f 1486/1486/1486 210/210/210 1697/1697/1697
f 2454/2454/2454 1697/1697/1697 580/580/580
f 1598/1598/1598 2454/2454/2454 1107/1107/1107
f 214/214/214 1487/1487/1487 2455/2455/2455
f 1487/1487/1487 212/212/212 1695/1695/1695
f 2455/2455/2455 1695/1695/1695 578/578/578
f 1591/1591/1591 2455/2455/2455 1108/1108/1108
f 217/217/217 1488/1488/1488 2456/2456/2456
f 1488/1488/1488 215/215/215 1692/1692/1692
f 2456/2456/2456 1692/1692/1692 574/574/574
f 1578/1578/1578 2456/2456/2456 1110/1110/1110
f 219/219/219 1489/1489/1489 2457/2457/2457
f 1489/1489/1489 216/216/216 1584/1584/1584
f 2457/2457/2457 1584/1584/1584 465/465/465
f 1571/1571/1571 2457/2457/2457 1111/1111/1111
f 221/221/221 1490/1490/1490 2458/2458/2458
f 1490/1490/1490 218/218/218 1687/1687/1687
f 2458/2458/2458 1687/1687/1687 569/569/569
f 1564/1564/1564 2458/2458/2458 1112/1112/1112
f 223/223/223 1491/1491/1491 2459/2459/2459
f 1491/1491/1491 220/220/220 1685/1685/1685
f 2459/2459/2459 1685/1685/1685 567/567/567
f 1557/1557/1557 2459/2459/2459 1113/1113/1113
f 225/225/225 1492/1492/1492 2460/2460/2460
f 1492/1492/1492 222/222/222 1683/1683/1683
f 2460/2460/2460 1683/1683/1683 565/565/565
f 1550/1550/1550 2460/2460/2460 1114/1114/1114
f 204/204/204 1493/1493/1493 2461/2461/2461
f 1493/1493/1493 224/224/224 1681/1681/1681
f 2461/2461/2461 1681/1681/1681 563/563/563
f 1650/1650/1650 2461/2461/2461 1115/1115/1115
f 201/201/201 1494/1494/1494 2462/2462/2462
f 1494/1494/1494 226/226/226 1679/1679/1679
f 2462/2462/2462 1679/1679/1679 561/561/561
f 1648/1648/1648 2462/2462/2462 1116/1116/1116
f 228/228/228 1495/1495/1495 2463/2463/2463
f 1495/1495/1495 261/261/261 1537/1537/1537
f 2463/2463/2463 1537/1537/1537 418/418/418
f 1514/1514/1514 2463/2463/2463 1122/1122/1122
f 231/231/231 1496/1496/1496 2464/2464/2464
f 1496/1496/1496 263/263/263 1543/1543/1543
f 2464/2464/2464 1543/1543/1543 424/424/424
f 1516/1516/1516 2464/2464/2464 1123/1123/1123
f 234/234/234 1497/1497/1497 2465/2465/2465
f 1497/1497/1497 229/229/229 1652/1652/1652
f 2465/2465/2465 1652/1652/1652 534/534/534
f 1518/1518/1518 2465/2465/2465 1124/1124/1124
f 237/237/237 1498/1498/1498 2466/2466/2466
f 1498/1498/1498 232/232/232 1654/1654/1654
f 2466/2466/2466 1654/1654/1654 536/536/536
f 1520/1520/1520 2466/2466/2466 1125/1125/1125
f 240/240/240 1499/1499/1499 2467/2467/2467
f 1499/1499/1499 235/235/235 1656/1656/1656
f 2467/2467/2467 1656/1656/1656 538/538/538
f 1522/1522/1522 2467/2467/2467 1126/1126/1126
f 243/243/243 1500/1500/1500 2468/2468/2468
f 1500/1500/1500 238/238/238 1658/1658/1658
f 2468/2468/2468 1658/1658/1658 540/540/540
f 1524/1524/1524 2468/2468/2468 1127/1127/1127
f 245/245/245 1501/1501/1501 2469/2469/2469
f 1501/1501/1501 241/241/241 1660/1660/1660
f 2469/2469/2469 1660/1660/1660 542/542/542
f 1526/1526/1526 2469/2469/2469 1128/1128/1128
f 250/250/250 1503/1503/1503 2470/2470/2470
f 1503/1503/1503 246/246/246 1663/1663/1663
f 2470/2470/2470 1663/1663/1663 546/546/546
f 1530/1530/1530 2470/2470/2470 1130/1130/1130
f 253/253/253 1504/1504/1504 2471/2471/2471
f 1504/1504/1504 248/248/248 1665/1665/1665
f 2471/2471/2471 1665/1665/1665 547/547/547
f 1532/1532/1532 2471/2471/2471 1131/1131/1131
f 256/256/256 1505/1505/1505 2472/2472/2472
f 1505/1505/1505 251/251/251 1667/1667/1667
f 2472/2472/2472 1667/1667/1667 550/550/550
f 1534/1534/1534 2472/2472/2472 1132/1132/1132
f 259/259/259 1506/1506/1506 2473/2473/2473
f 1506/1506/1506 254/254/254 1669/1669/1669
f 2473/2473/2473 1669/1669/1669 552/552/552
f 1536/1536/1536 2473/2473/2473 1133/1133/1133
f 264/264/264 1507/1507/1507 2474/2474/2474
f 1507/1507/1507 257/257/257 1671/1671/1671
f 2474/2474/2474 1671/1671/1671 554/554/554
f 1678/1678/1678 2474/2474/2474 1134/1134/1134
f 262/262/262 1508/1508/1508 2475/2475/2475
f 1508/1508/1508 260/260/260 1673/1673/1673
f 2475/2475/2475 1673/1673/1673 556/556/556
f 1676/1676/1676 2475/2475/2475 1135/1135/1135
f 409/409/409 717/717/717 2476/2476/2476
f 717/717/717 408/408/408 1690/1690/1690
f 2476/2476/2476 1690/1690/1690 610/610/610
f 1528/1528/1528 2476/2476/2476 1837/1837/1837
f 588/588/588 1799/1799/1799 2477/2477/2477
f 1799/1799/1799 586/586/586 1812/1812/1812
f 2477/2477/2477 1812/1812/1812 590/590/590
f 1801/1801/1801 2477/2477/2477 1807/1807/1807
f 589/589/589 1798/1798/1798 2478/2478/2478
f 1798/1798/1798 588/588/588 1801/1801/1801
f 2478/2478/2478 1801/1801/1801 592/592/592
f 1803/1803/1803 2478/2478/2478 1806/1806/1806
f 593/593/593 1806/1806/1806 2479/2479/2479
f 1806/1806/1806 592/592/592 1810/1810/1810
f 2479/2479/2479 1810/1810/1810 596/596/596
f 1808/1808/1808 2479/2479/2479 1814/1814/1814
f 590/590/590 1805/1805/1805 2480/2480/2480
f 1805/1805/1805 591/591/591 1809/1809/1809
f 2480/2480/2480 1809/1809/1809 595/595/595
f 1811/1811/1811 2480/2480/2480 1813/1813/1813
f 592/592/592 1807/1807/1807 2481/2481/2481
f 1807/1807/1807 590/590/590 1811/1811/1811
f 2481/2481/2481 1811/1811/1811 594/594/594
f 1810/1810/1810 2481/2481/2481 1815/1815/1815
f 586/586/586 1797/1797/1797 2482/2482/2482
f 1797/1797/1797 587/587/587 1800/1800/1800
f 2482/2482/2482 1800/1800/1800 591/591/591
f 1812/1812/1812 2482/2482/2482 1805/1805/1805
f 596/596/596 1815/1815/1815 2483/2483/2483
f 1815/1815/1815 594/594/594 1816/1816/1816
f 2483/2483/2483 1816/1816/1816 598/598/598
f 1818/1818/1818 2483/2483/2483 1821/1821/1821
f 597/597/597 1814/1814/1814 2484/2484/2484
f 1814/1814/1814 596/596/596 1818/1818/1818
f 2484/2484/2484 1818/1818/1818 600/600/600
f 1817/1817/1817 2484/2484/2484 1820/1820/1820
f 601/601/601 1820/1820/1820 2485/2485/2485
f 1820/1820/1820 600/600/600 1824/1824/1824
f 2485/2485/2485 1824/1824/1824 604/604/604
f 1822/1822/1822 2485/2485/2485 1828/1828/1828
f 598/598/598 1819/1819/1819 2486/2486/2486
f 1819/1819/1819 599/599/599 1823/1823/1823
f 2486/2486/2486 1823/1823/1823 603/603/603
f 1825/1825/1825 2486/2486/2486 1827/1827/1827
f 600/600/600 1821/1821/1821 2487/2487/2487
f 1821/1821/1821 598/598/598 1825/1825/1825
f 2487/2487/2487 1825/1825/1825 602/602/602
f 1824/1824/1824 2487/2487/2487 1829/1829/1829
f 594/594/594 1813/1813/1813 2488/2488/2488
f 1813/1813/1813 595/595/595 1826/1826/1826
f 2488/2488/2488 1826/1826/1826 599/599/599
f 1816/1816/1816 2488/2488/2488 1819/1819/1819
f 576/576/576 1109/1109/1109 2489/2489/2489
f 1109/1109/1109 571/571/571 1831/1831/1831
f 2489/2489/2489 1831/1831/1831 607/607/607
f 1413/1413/1413 2489/2489/2489 1834/1834/1834
f 480/480/480 1082/1082/1082 2490/2490/2490
f 1082/1082/1082 576/576/576 1413/1413/1413
f 2490/2490/2490 1413/1413/1413 606/606/606
f 1832/1832/1832 2490/2490/2490 1835/1835/1835
f 571/571/571 1074/1074/1074 2491/2491/2491
f 1074/1074/1074 382/382/382 1833/1833/1833
f 2491/2491/2491 1833/1833/1833 609/609/609
f 1831/1831/1831 2491/2491/2491 1836/1836/1836
f 544/544/544 1129/1129/1129 2492/2492/2492
f 1129/1129/1129 409/409/409 1528/1528/1528
f 2492/2492/2492 1528/1528/1528 611/611/611
f 1840/1840/1840 2492/2492/2492 1839/1839/1839
f 612/612/612 1838/1838/1838 2493/2493/2493
f 1838/1838/1838 613/613/613 1842/1842/1842
f 2493/2493/2493 1842/1842/1842 619/619/619
f 1841/1841/1841 2493/2493/2493 1857/1857/1857
f 613/613/613 1839/1839/1839 2494/2494/2494
f 1839/1839/1839 611/611/611 1843/1843/1843
f 2494/2494/2494 1843/1843/1843 617/617/617
f 1842/1842/1842 2494/2494/2494 1855/1855/1855
f 611/611/611 1837/1837/1837 2495/2495/2495
f 1837/1837/1837 610/610/610 1844/1844/1844
f 2495/2495/2495 1844/1844/1844 615/615/615
f 1843/1843/1843 2495/2495/2495 1853/1853/1853
f 617/617/617 1853/1853/1853 2496/2496/2496
f 1853/1853/1853 615/615/615 1846/1846/1846
f 2496/2496/2496 1846/1846/1846 614/614/614
f 1848/1848/1848 2496/2496/2496 1854/1854/1854
f 616/616/616 1854/1854/1854 2497/2497/2497
f 1854/1854/1854 614/614/614 1845/1845/1845
f 2497/2497/2497 1845/1845/1845 605/605/605
f 1847/1847/1847 2497/2497/2497 1828/1828/1828
f 619/619/619 1855/1855/1855 2498/2498/2498
f 1855/1855/1855 617/617/617 1848/1848/1848
f 2498/2498/2498 1848/1848/1848 616/616/616
f 1850/1850/1850 2498/2498/2498 1856/1856/1856
f 618/618/618 1856/1856/1856 2499/2499/2499
f 1856/1856/1856 616/616/616 1847/1847/1847
f 2499/2499/2499 1847/1847/1847 604/604/604
f 1849/1849/1849 2499/2499/2499 1829/1829/1829
f 621/621/621 1857/1857/1857 2500/2500/2500
f 1857/1857/1857 619/619/619 1850/1850/1850
f 2500/2500/2500 1850/1850/1850 618/618/618
f 1852/1852/1852 2500/2500/2500 1858/1858/1858
f 620/620/620 1858/1858/1858 2501/2501/2501
f 1858/1858/1858 618/618/618 1849/1849/1849
f 2501/2501/2501 1849/1849/1849 602/602/602
f 1851/1851/1851 2501/2501/2501 1827/1827/1827
f 480/480/480 1832/1832/1832 2502/2502/2502
f 1832/1832/1832 608/608/608 1860/1860/1860
f 2502/2502/2502 1860/1860/1860 623/623/623
f 1861/1861/1861 2502/2502/2502 1859/1859/1859
f 609/609/609 1833/1833/1833 2503/2503/2503
f 1833/1833/1833 382/382/382 1863/1863/1863
f 2503/2503/2503 1863/1863/1863 624/624/624
f 1864/1864/1864 2503/2503/2503 1862/1862/1862
f 623/623/623 1689/1689/1689 2504/2504/2504
f 1689/1689/1689 625/625/625 1862/1862/1862
f 2504/2504/2504 1862/1862/1862 624/624/624
f 1859/1859/1859 2504/2504/2504 1865/1865/1865
f 627/627/627 825/825/825 2505/2505/2505
f 825/825/825 610/610/610 1690/1690/1690
f 2505/2505/2505 1690/1690/1690 408/408/408
f 1599/1599/1599 2505/2505/2505 1868/1868/1868
f 316/316/316 1456/1456/1456 2506/2506/2506
f 1456/1456/1456 543/543/543 1662/1662/1662
f 2506/2506/2506 1662/1662/1662 368/368/368
f 1869/1869/1869 2506/2506/2506 1802/1802/1802
f 543/543/543 1456/1456/1456 2507/2507/2507
f 1456/1456/1456 316/316/316 1872/1872/1872
f 2507/2507/2507 1872/1872/1872 627/627/627
f 1870/1870/1870 2507/2507/2507 1599/1599/1599
f 612/612/612 1841/1841/1841 2508/2508/2508
f 1841/1841/1841 621/621/621 1527/1527/1527
f 2508/2508/2508 1527/1527/1527 572/572/572
f 1869/1869/1869 2508/2508/2508 1418/1418/1418
f 621/621/621 1852/1852/1852 2509/2509/2509
f 1852/1852/1852 620/620/620 1366/1366/1366
f 2509/2509/2509 1366/1366/1366 628/628/628
f 1527/1527/1527 2509/2509/2509 822/822/822
f 620/620/620 1851/1851/1851 2510/2510/2510
f 1851/1851/1851 603/603/603 1873/1873/1873
f 2510/2510/2510 1873/1873/1873 630/630/630
f 1366/1366/1366 2510/2510/2510 1874/1874/1874
f 603/603/603 1823/1823/1823 2511/2511/2511
f 1823/1823/1823 599/599/599 1875/1875/1875
f 2511/2511/2511 1875/1875/1875 632/632/632
f 1873/1873/1873 2511/2511/2511 1876/1876/1876
f 599/599/599 1826/1826/1826 2512/2512/2512
f 1826/1826/1826 595/595/595 1877/1877/1877
f 2512/2512/2512 1877/1877/1877 634/634/634
f 1875/1875/1875 2512/2512/2512 1878/1878/1878
f 595/595/595 1809/1809/1809 2513/2513/2513
f 1809/1809/1809 591/591/591 1879/1879/1879
f 2513/2513/2513 1879/1879/1879 636/636/636
f 1877/1877/1877 2513/2513/2513 1880/1880/1880
f 591/591/591 1800/1800/1800 2514/2514/2514
f 1800/1800/1800 587/587/587 1881/1881/1881
f 2514/2514/2514 1881/1881/1881 638/638/638
f 1879/1879/1879 2514/2514/2514 1882/1882/1882
f 587/587/587 1804/1804/1804 2515/2515/2515
f 1804/1804/1804 609/609/609 1864/1864/1864
f 2515/2515/2515 1864/1864/1864 625/625/625
f 1881/1881/1881 2515/2515/2515 1883/1883/1883
f 316/316/316 1418/1418/1418 2516/2516/2516
f 1418/1418/1418 572/572/572 1884/1884/1884
f 2516/2516/2516 1884/1884/1884 244/244/244
f 1872/1872/1872 2516/2516/2516 1885/1885/1885
f 572/572/572 822/822/822 2517/2517/2517
f 822/822/822 628/628/628 1886/1886/1886
f 2517/2517/2517 1886/1886/1886 629/629/629
f 1884/1884/1884 2517/2517/2517 1887/1887/1887
f 628/628/628 1874/1874/1874 2518/2518/2518
f 1874/1874/1874 630/630/630 1888/1888/1888
f 2518/2518/2518 1888/1888/1888 631/631/631
f 1886/1886/1886 2518/2518/2518 1889/1889/1889
f 630/630/630 1876/1876/1876 2519/2519/2519
f 1876/1876/1876 632/632/632 1890/1890/1890
f 2519/2519/2519 1890/1890/1890 633/633/633
f 1888/1888/1888 2519/2519/2519 1891/1891/1891
f 632/632/632 1878/1878/1878 2520/2520/2520
f 1878/1878/1878 634/634/634 1892/1892/1892
f 2520/2520/2520 1892/1892/1892 635/635/635
f 1890/1890/1890 2520/2520/2520 1893/1893/1893
f 634/634/634 1880/1880/1880 2521/2521/2521
f 1880/1880/1880 636/636/636 1894/1894/1894
f 2521/2521/2521 1894/1894/1894 637/637/637
f 1892/1892/1892 2521/2521/2521 1895/1895/1895
f 636/636/636 1882/1882/1882 2522/2522/2522
f 1882/1882/1882 638/638/638 1896/1896/1896
f 2522/2522/2522 1896/1896/1896 639/639/639
f 1894/1894/1894 2522/2522/2522 1897/1897/1897
f 638/638/638 1883/1883/1883 2523/2523/2523
f 1883/1883/1883 625/625/625 1689/1689/1689
f 2523/2523/2523 1689/1689/1689 623/623/623
f 1896/1896/1896 2523/2523/2523 1898/1898/1898
f 627/627/627 1885/1885/1885 2524/2524/2524
f 1885/1885/1885 244/244/244 1899/1899/1899
f 2524/2524/2524 1899/1899/1899 615/615/615
f 825/825/825 2524/2524/2524 1844/1844/1844
f 244/244/244 1887/1887/1887 2525/2525/2525
f 1887/1887/1887 629/629/629 1900/1900/1900
f 2525/2525/2525 1900/1900/1900 614/614/614
f 1899/1899/1899 2525/2525/2525 1846/1846/1846
f 629/629/629 1889/1889/1889 2526/2526/2526
f 1889/1889/1889 631/631/631 1901/1901/1901
f 2526/2526/2526 1901/1901/1901 605/605/605
f 1900/1900/1900 2526/2526/2526 1845/1845/1845
f 631/631/631 1891/1891/1891 2527/2527/2527
f 1891/1891/1891 633/633/633 1902/1902/1902
f 2527/2527/2527 1902/1902/1902 601/601/601
f 1901/1901/1901 2527/2527/2527 1822/1822/1822
f 633/633/633 1893/1893/1893 2528/2528/2528
f 1893/1893/1893 635/635/635 1903/1903/1903
f 2528/2528/2528 1903/1903/1903 597/597/597
f 1902/1902/1902 2528/2528/2528 1817/1817/1817
f 635/635/635 1895/1895/1895 2529/2529/2529
f 1895/1895/1895 637/637/637 1904/1904/1904
f 2529/2529/2529 1904/1904/1904 593/593/593
f 1903/1903/1903 2529/2529/2529 1808/1808/1808
f 637/637/637 1897/1897/1897 2530/2530/2530
f 1897/1897/1897 639/639/639 1905/1905/1905
f 2530/2530/2530 1905/1905/1905 589/589/589
f 1904/1904/1904 2530/2530/2530 1803/1803/1803
f 639/639/639 1898/1898/1898 2531/2531/2531
f 1898/1898/1898 623/623/623 1860/1860/1860
f 2531/2531/2531 1860/1860/1860 608/608/608
f 1905/1905/1905 2531/2531/2531 1502/1502/1502
f 1906/1906/1906 704/704/704 36/36/36
f 663/663/663 1906/1906/1906 658/658/658
f 23/23/23 656/656/656 1906/1906/1906
f 656/656/656 34/34/34 704/704/704
f 1907/1907/1907 708/708/708 32/32/32
f 661/661/661 1907/1907/1907 654/654/654
f 26/26/26 655/655/655 1907/1907/1907
f 655/655/655 31/31/31 708/708/708
f 1908/1908/1908 696/696/696 29/29/29
f 694/694/694 1908/1908/1908 659/659/659
f 15/15/15 687/687/687 1908/1908/1908
f 687/687/687 42/42/42 696/696/696
f 1909/1909/1909 707/707/707 33/33/33
f 668/668/668 1909/1909/1909 670/670/670
f 27/27/27 691/691/691 1909/1909/1909
f 691/691/691 30/30/30 707/707/707
f 1910/1910/1910 703/703/703 37/37/37
f 686/686/686 1910/1910/1910 660/660/660
f 22/22/22 657/657/657 1910/1910/1910
f 657/657/657 35/35/35 703/703/703
f 1911/1911/1911 699/699/699 41/41/41
f 690/690/690 1911/1911/1911 685/685/685
f 18/18/18 693/693/693 1911/1911/1911
f 693/693/693 39/39/39 699/699/699
f 1912/1912/1912 702/702/702 38/38/38
f 664/664/664 1912/1912/1912 689/689/689
f 21/21/21 658/658/658 1912/1912/1912
f 658/658/658 36/36/36 702/702/702
f 1913/1913/1913 706/706/706 34/34/34
f 662/662/662 1913/1913/1913 656/656/656
f 25/25/25 654/654/654 1913/1913/1913
f 654/654/654 32/32/32 706/706/706
f 1914/1914/1914 709/709/709 30/30/30
f 695/695/695 1914/1914/1914 691/691/691
f 28/28/28 659/659/659 1914/1914/1914
f 659/659/659 29/29/29 709/709/709
f 1915/1915/1915 698/698/698 42/42/42
f 666/666/666 1915/1915/1915 687/687/687
f 17/17/17 667/667/667 1915/1915/1915
f 667/667/667 40/40/40 698/698/698
f 1916/1916/1916 701/701/701 39/39/39
f 688/688/688 1916/1916/1916 693/693/693
f 20/20/20 660/660/660 1916/1916/1916
f 660/660/660 37/37/37 701/701/701
f 1917/1917/1917 705/705/705 35/35/35
f 683/683/683 1917/1917/1917 657/657/657
f 24/24/24 670/670/670 1917/1917/1917
f 670/670/670 33/33/33 705/705/705
f 1918/1918/1918 700/700/700 40/40/40
f 665/665/665 1918/1918/1918 667/667/667
f 19/19/19 689/689/689 1918/1918/1918
f 689/689/689 38/38/38 700/700/700
f 1919/1919/1919 697/697/697 31/31/31
f 692/692/692 1919/1919/1919 655/655/655
f 16/16/16 685/685/685 1919/1919/1919
f 685/685/685 41/41/41 697/697/697
f 1920/1920/1920 849/849/849 198/198/198
f 1482/1482/1482 1920/1920/1920 1316/1316/1316
f 205/205/205 1381/1381/1381 1920/1920/1920
f 1381/1381/1381 339/339/339 849/849/849
f 1921/1921/1921 845/845/845 199/199/199
f 1483/1483/1483 1921/1921/1921 1317/1317/1317
f 207/207/207 1377/1377/1377 1921/1921/1921
f 1377/1377/1377 333/333/333 845/845/845
f 1922/1922/1922 841/841/841 340/340/340
f 1484/1484/1484 1922/1922/1922 1478/1478/1478
f 209/209/209 1373/1373/1373 1922/1922/1922
f 1373/1373/1373 327/327/327 841/841/841
f 1923/1923/1923 837/837/837 334/334/334
f 1485/1485/1485 1923/1923/1923 1474/1474/1474
f 211/211/211 1369/1369/1369 1923/1923/1923
f 1369/1369/1369 321/321/321 837/837/837
f 1924/1924/1924 833/833/833 328/328/328
f 1486/1486/1486 1924/1924/1924 1470/1470/1470
f 213/213/213 1365/1365/1365 1924/1924/1924
f 1365/1365/1365 315/315/315 833/833/833
f 1925/1925/1925 829/829/829 322/322/322
f 1487/1487/1487 1925/1925/1925 1466/1466/1466
f 214/214/214 1361/1361/1361 1925/1925/1925
f 1361/1361/1361 309/309/309 829/829/829
f 1926/1926/1926 821/821/821 310/310/310
f 1488/1488/1488 1926/1926/1926 1459/1459/1459
f 217/217/217 1353/1353/1353 1926/1926/1926
f 1353/1353/1353 298/298/298 821/821/821
f 1927/1927/1927 817/817/817 304/304/304
f 1489/1489/1489 1927/1927/1927 1357/1357/1357
f 219/219/219 1349/1349/1349 1927/1927/1927
f 1349/1349/1349 292/292/292 817/817/817
f 1928/1928/1928 813/813/813 299/299/299
f 1490/1490/1490 1928/1928/1928 1451/1451/1451
f 221/221/221 1345/1345/1345 1928/1928/1928
f 1345/1345/1345 286/286/286 813/813/813
f 1929/1929/1929 809/809/809 293/293/293
f 1491/1491/1491 1929/1929/1929 1447/1447/1447
f 223/223/223 1341/1341/1341 1929/1929/1929
f 1341/1341/1341 280/280/280 809/809/809
f 1930/1930/1930 805/805/805 287/287/287
f 1492/1492/1492 1930/1930/1930 1443/1443/1443
f 225/225/225 1337/1337/1337 1930/1930/1930
f 1337/1337/1337 274/274/274 805/805/805
f 1931/1931/1931 801/801/801 281/281/281
f 1493/1493/1493 1931/1931/1931 1439/1439/1439
f 204/204/204 1401/1401/1401 1931/1931/1931
f 1401/1401/1401 273/273/273 801/801/801
f 1932/1932/1932 797/797/797 275/275/275
f 1494/1494/1494 1932/1932/1932 1435/1435/1435
f 201/201/201 1399/1399/1399 1932/1932/1932
f 1399/1399/1399 268/268/268 797/797/797
f 1933/1933/1933 647/647/647 9/9/9
f 724/724/724 1933/1933/1933 669/669/669
f 55/55/55 722/722/722 1933/1933/1933
f 722/722/722 8/8/8 647/647/647
f 1934/1934/1934 640/640/640 2/2/2
f 725/725/725 1934/1934/1934 671/671/671
f 56/56/56 723/723/723 1934/1934/1934
f 723/723/723 1/1/1 640/640/640
f 1935/1935/1935 648/648/648 10/10/10
f 726/726/726 1935/1935/1935 672/672/672
f 43/43/43 669/669/669 1935/1935/1935
f 669/669/669 9/9/9 648/648/648
f 1936/1936/1936 641/641/641 3/3/3
f 727/727/727 1936/1936/1936 673/673/673
f 44/44/44 671/671/671 1936/1936/1936
f 671/671/671 2/2/2 641/641/641
f 1937/1937/1937 649/649/649 11/11/11
f 728/728/728 1937/1937/1937 674/674/674
f 45/45/45 672/672/672 1937/1937/1937
f 672/672/672 10/10/10 649/649/649
f 1938/1938/1938 642/642/642 4/4/4
f 729/729/729 1938/1938/1938 675/675/675
f 46/46/46 673/673/673 1938/1938/1938
f 673/673/673 3/3/3 642/642/642
f 1939/1939/1939 650/650/650 12/12/12
f 730/730/730 1939/1939/1939 676/676/676
f 47/47/47 674/674/674 1939/1939/1939
f 674/674/674 11/11/11 650/650/650
f 1940/1940/1940 643/643/643 5/5/5
f 731/731/731 1940/1940/1940 677/677/677
f 48/48/48 675/675/675 1940/1940/1940
f 675/675/675 4/4/4 643/643/643
f 1941/1941/1941 651/651/651 13/13/13
f 732/732/732 1941/1941/1941 678/678/678
f 49/49/49 676/676/676 1941/1941/1941
f 676/676/676 12/12/12 651/651/651
f 1942/1942/1942 644/644/644 6/6/6
f 733/733/733 1942/1942/1942 679/679/679
f 50/50/50 677/677/677 1942/1942/1942
f 677/677/677 5/5/5 644/644/644
f 1943/1943/1943 652/652/652 14/14/14
f 734/734/734 1943/1943/1943 680/680/680
f 51/51/51 678/678/678 1943/1943/1943
f 678/678/678 13/13/13 652/652/652
f 1944/1944/1944 645/645/645 7/7/7
f 735/735/735 1944/1944/1944 681/681/681
f 52/52/52 679/679/679 1944/1944/1944
f 679/679/679 6/6/6 645/645/645
f 1945/1945/1945 653/653/653 1/1/1
f 736/736/736 1945/1945/1945 723/723/723
f 53/53/53 680/680/680 1945/1945/1945
f 680/680/680 14/14/14 653/653/653
f 1946/1946/1946 646/646/646 8/8/8
f 737/737/737 1946/1946/1946 722/722/722
f 54/54/54 681/681/681 1946/1946/1946
f 681/681/681 7/7/7 646/646/646
f 1947/1947/1947 1495/1495/1495 228/228/228
f 794/794/794 1947/1947/1947 1318/1318/1318
f 258/258/258 1329/1329/1329 1947/1947/1947
f 1329/1329/1329 261/261/261 1495/1495/1495
f 1948/1948/1948 794/794/794 202/202/202
f 795/795/795 1948/1948/1948 1340/1340/1340
f 265/265/265 1330/1330/1330 1948/1948/1948
f 1330/1330/1330 258/258/258 794/794/794
f 1949/1949/1949 1017/1017/1017 349/349/349
f 796/796/796 1949/1949/1949 1387/1387/1387
f 267/267/267 1331/1331/1331 1949/1949/1949
f 1331/1331/1331 266/266/266 1017/1017/1017
f 1950/1950/1950 796/796/796 276/276/276
f 797/797/797 1950/1950/1950 1338/1338/1338
f 268/268/268 1332/1332/1332 1950/1950/1950
f 1332/1332/1332 267/267/267 796/796/796
f 1951/1951/1951 1496/1496/1496 231/231/231
f 798/798/798 1951/1951/1951 1319/1319/1319
f 269/269/269 1333/1333/1333 1951/1951/1951
f 1333/1333/1333 263/263/263 1496/1496/1496
f 1952/1952/1952 798/798/798 227/227/227
f 799/799/799 1952/1952/1952 1344/1344/1344
f 270/270/270 1334/1334/1334 1952/1952/1952
f 1334/1334/1334 269/269/269 798/798/798
f 1953/1953/1953 1016/1016/1016 350/350/350
f 800/800/800 1953/1953/1953 1388/1388/1388
f 272/272/272 1335/1335/1335 1953/1953/1953
f 1335/1335/1335 271/271/271 1016/1016/1016
f 1954/1954/1954 800/800/800 282/282/282
f 801/801/801 1954/1954/1954 1342/1342/1342
f 273/273/273 1336/1336/1336 1954/1954/1954
f 1336/1336/1336 272/272/272 800/800/800
f 1955/1955/1955 1497/1497/1497 234/234/234
f 802/802/802 1955/1955/1955 1320/1320/1320
f 533/533/533 1403/1403/1403 1955/1955/1955
f 1403/1403/1403 229/229/229 1497/1497/1497
f 1956/1956/1956 802/802/802 230/230/230
f 803/803/803 1956/1956/1956 1348/1348/1348
f 278/278/278 1404/1404/1404 1956/1956/1956
f 1404/1404/1404 533/533/533 802/802/802
f 1957/1957/1957 1015/1015/1015 351/351/351
f 804/804/804 1957/1957/1957 1389/1389/1389
f 562/562/562 1437/1437/1437 1957/1957/1957
f 1437/1437/1437 277/277/277 1015/1015/1015
f 1958/1958/1958 804/804/804 288/288/288
f 805/805/805 1958/1958/1958 1346/1346/1346
f 274/274/274 1436/1436/1436 1958/1958/1958
f 1436/1436/1436 562/562/562 804/804/804
f 1959/1959/1959 1498/1498/1498 237/237/237
f 806/806/806 1959/1959/1959 1321/1321/1321
f 535/535/535 1405/1405/1405 1959/1959/1959
f 1405/1405/1405 232/232/232 1498/1498/1498
f 1960/1960/1960 806/806/806 233/233/233
f 807/807/807 1960/1960/1960 1352/1352/1352
f 284/284/284 1406/1406/1406 1960/1960/1960
f 1406/1406/1406 535/535/535 806/806/806
f 1961/1961/1961 1014/1014/1014 352/352/352
f 808/808/808 1961/1961/1961 1390/1390/1390
f 564/564/564 1441/1441/1441 1961/1961/1961
f 1441/1441/1441 283/283/283 1014/1014/1014
f 1962/1962/1962 808/808/808 294/294/294
f 809/809/809 1962/1962/1962 1350/1350/1350
f 280/280/280 1440/1440/1440 1962/1962/1962
f 1440/1440/1440 564/564/564 808/808/808
f 1963/1963/1963 1499/1499/1499 240/240/240
f 810/810/810 1963/1963/1963 1322/1322/1322
f 537/537/537 1407/1407/1407 1963/1963/1963
f 1407/1407/1407 235/235/235 1499/1499/1499
f 1964/1964/1964 810/810/810 236/236/236
f 811/811/811 1964/1964/1964 1356/1356/1356
f 290/290/290 1408/1408/1408 1964/1964/1964
f 1408/1408/1408 537/537/537 810/810/810
f 1965/1965/1965 1013/1013/1013 353/353/353
f 812/812/812 1965/1965/1965 1391/1391/1391
f 566/566/566 1445/1445/1445 1965/1965/1965
f 1445/1445/1445 289/289/289 1013/1013/1013
f 1966/1966/1966 812/812/812 300/300/300
f 813/813/813 1966/1966/1966 1354/1354/1354
f 286/286/286 1444/1444/1444 1966/1966/1966
f 1444/1444/1444 566/566/566 812/812/812
f 1967/1967/1967 1500/1500/1500 243/243/243
f 814/814/814 1967/1967/1967 1323/1323/1323
f 539/539/539 1409/1409/1409 1967/1967/1967
f 1409/1409/1409 238/238/238 1500/1500/1500
f 1968/1968/1968 814/814/814 239/239/239
f 815/815/815 1968/1968/1968 1360/1360/1360
f 296/296/296 1410/1410/1410 1968/1968/1968
f 1410/1410/1410 539/539/539 814/814/814
f 1969/1969/1969 1012/1012/1012 354/354/354
f 816/816/816 1969/1969/1969 1392/1392/1392
f 568/568/568 1449/1449/1449 1969/1969/1969
f 1449/1449/1449 295/295/295 1012/1012/1012
f 1970/1970/1970 816/816/816 305/305/305
f 817/817/817 1970/1970/1970 1358/1358/1358
f 292/292/292 1448/1448/1448 1970/1970/1970
f 1448/1448/1448 568/568/568 816/816/816
f 1971/1971/1971 1501/1501/1501 245/245/245
f 818/818/818 1971/1971/1971 1324/1324/1324
f 541/541/541 1411/1411/1411 1971/1971/1971
f 1411/1411/1411 241/241/241 1501/1501/1501
f 1972/1972/1972 818/818/818 242/242/242
f 819/819/819 1972/1972/1972 1364/1364/1364
f 302/302/302 1412/1412/1412 1972/1972/1972
f 1412/1412/1412 541/541/541 818/818/818
f 1973/1973/1973 1011/1011/1011 355/355/355
f 820/820/820 1973/1973/1973 1393/1393/1393
f 570/570/570 1453/1453/1453 1973/1973/1973
f 1453/1453/1453 301/301/301 1011/1011/1011
f 1974/1974/1974 820/820/820 311/311/311
f 821/821/821 1974/1974/1974 1362/1362/1362
f 298/298/298 1452/1452/1452 1974/1974/1974
f 1452/1452/1452 570/570/570 820/820/820
f 1975/1975/1975 1455/1455/1455 607/607/607
f 1804/1804/1804 1975/1975/1975 1836/1836/1836
f 587/587/587 1797/1797/1797 1975/1975/1975
f 1797/1797/1797 586/586/586 1455/1455/1455
f 1976/1976/1976 1010/1010/1010 356/356/356
f 824/824/824 1976/1976/1976 1394/1394/1394
f 573/573/573 1457/1457/1457 1976/1976/1976
f 1457/1457/1457 306/306/306 1010/1010/1010
f 1977/1977/1977 824/824/824 317/317/317
f 1865/1865/1865 1977/1977/1977 1866/1866/1866
f 624/624/624 1867/1867/1867 1977/1977/1977
f 1867/1867/1867 573/573/573 824/824/824
f 1978/1978/1978 1503/1503/1503 250/250/250
f 826/826/826 1978/1978/1978 1325/1325/1325
f 545/545/545 1415/1415/1415 1978/1978/1978
f 1415/1415/1415 246/246/246 1503/1503/1503
f 1979/1979/1979 826/826/826 247/247/247
f 827/827/827 1979/1979/1979 1372/1372/1372
f 313/313/313 1416/1416/1416 1979/1979/1979
f 1416/1416/1416 545/545/545 826/826/826
f 1980/1980/1980 1009/1009/1009 357/357/357
f 828/828/828 1980/1980/1980 1395/1395/1395
f 575/575/575 1461/1461/1461 1980/1980/1980
f 1461/1461/1461 312/312/312 1009/1009/1009
f 1981/1981/1981 828/828/828 323/323/323
f 829/829/829 1981/1981/1981 1370/1370/1370
f 309/309/309 1460/1460/1460 1981/1981/1981
f 1460/1460/1460 575/575/575 828/828/828
f 1982/1982/1982 1504/1504/1504 253/253/253
f 830/830/830 1982/1982/1982 1326/1326/1326
f 320/320/320 1417/1417/1417 1982/1982/1982
f 1417/1417/1417 248/248/248 1504/1504/1504
f 1983/1983/1983 830/830/830 249/249/249
f 831/831/831 1983/1983/1983 1376/1376/1376
f 319/319/319 1368/1368/1368 1983/1983/1983
f 1368/1368/1368 320/320/320 830/830/830
f 1984/1984/1984 1008/1008/1008 358/358/358
f 832/832/832 1984/1984/1984 1396/1396/1396
f 577/577/577 1464/1464/1464 1984/1984/1984
f 1464/1464/1464 318/318/318 1008/1008/1008
f 1985/1985/1985 832/832/832 329/329/329
f 833/833/833 1985/1985/1985 1374/1374/1374
f 315/315/315 1463/1463/1463 1985/1985/1985
f 1463/1463/1463 577/577/577 832/832/832
f 1986/1986/1986 1505/1505/1505 256/256/256
f 834/834/834 1986/1986/1986 1327/1327/1327
f 549/549/549 1419/1419/1419 1986/1986/1986
f 1419/1419/1419 251/251/251 1505/1505/1505
f 1987/1987/1987 834/834/834 252/252/252
f 835/835/835 1987/1987/1987 1380/1380/1380
f 325/325/325 1420/1420/1420 1987/1987/1987
f 1420/1420/1420 549/549/549 834/834/834
f 1988/1988/1988 1007/1007/1007 359/359/359
f 836/836/836 1988/1988/1988 1397/1397/1397
f 579/579/579 1468/1468/1468 1988/1988/1988
f 1468/1468/1468 324/324/324 1007/1007/1007
f 1989/1989/1989 836/836/836 335/335/335
f 837/837/837 1989/1989/1989 1378/1378/1378
f 321/321/321 1467/1467/1467 1989/1989/1989
f 1467/1467/1467 579/579/579 836/836/836
f 1990/1990/1990 1506/1506/1506 259/259/259
f 838/838/838 1990/1990/1990 1328/1328/1328
f 551/551/551 1421/1421/1421 1990/1990/1990
f 1421/1421/1421 254/254/254 1506/1506/1506
f 1991/1991/1991 838/838/838 255/255/255
f 839/839/839 1991/1991/1991 1384/1384/1384
f 331/331/331 1422/1422/1422 1991/1991/1991
f 1422/1422/1422 551/551/551 838/838/838
f 1992/1992/1992 1006/1006/1006 360/360/360
f 840/840/840 1992/1992/1992 1398/1398/1398
f 581/581/581 1472/1472/1472 1992/1992/1992
f 1472/1472/1472 330/330/330 1006/1006/1006
f 1993/1993/1993 840/840/840 341/341/341
f 841/841/841 1993/1993/1993 1382/1382/1382
f 327/327/327 1471/1471/1471 1993/1993/1993
f 1471/1471/1471 581/581/581 840/840/840
f 1994/1994/1994 1507/1507/1507 264/264/264
f 842/842/842 1994/1994/1994 1431/1431/1431
f 553/553/553 1423/1423/1423 1994/1994/1994
f 1423/1423/1423 257/257/257 1507/1507/1507
f 1995/1995/1995 842/842/842 560/560/560
f 843/843/843 1995/1995/1995 1432/1432/1432
f 337/337/337 1424/1424/1424 1995/1995/1995
f 1424/1424/1424 553/553/553 842/842/842
f 1996/1996/1996 1005/1005/1005 348/348/348
f 844/844/844 1996/1996/1996 1434/1434/1434
f 583/583/583 1476/1476/1476 1996/1996/1996
f 1476/1476/1476 336/336/336 1005/1005/1005
f 1997/1997/1997 844/844/844 532/532/532
f 845/845/845 1997/1997/1997 1402/1402/1402
f 333/333/333 1475/1475/1475 1997/1997/1997
f 1475/1475/1475 583/583/583 844/844/844
f 1998/1998/1998 1508/1508/1508 262/262/262
f 846/846/846 1998/1998/1998 1427/1427/1427
f 555/555/555 1425/1425/1425 1998/1998/1998
f 1425/1425/1425 260/260/260 1508/1508/1508
f 1999/1999/1999 846/846/846 558/558/558
f 847/847/847 1999/1999/1999 1428/1428/1428
f 343/343/343 1426/1426/1426 1999/1999/1999
f 1426/1426/1426 555/555/555 846/846/846
f 2000/2000/2000 1004/1004/1004 346/346/346
f 848/848/848 2000/2000/2000 1430/1430/1430
f 585/585/585 1480/1480/1480 2000/2000/2000
f 1480/1480/1480 342/342/342 1004/1004/1004
f 2001/2001/2001 848/848/848 530/530/530
f 849/849/849 2001/2001/2001 1400/1400/1400
f 339/339/339 1479/1479/1479 2001/2001/2001
f 1479/1479/1479 585/585/585 848/848/848
f 2002/2002/2002 854/854/854 88/88/88
f 868/868/868 2002/2002/2002 878/878/878
f 103/103/103 879/879/879 2002/2002/2002
f 879/879/879 89/89/89 854/854/854
f 2003/2003/2003 862/862/862 96/96/96
f 876/876/876 2003/2003/2003 880/880/880
f 111/111/111 881/881/881 2003/2003/2003
f 881/881/881 97/97/97 862/862/862
f 2004/2004/2004 855/855/855 89/89/89
f 869/869/869 2004/2004/2004 879/879/879
f 104/104/104 882/882/882 2004/2004/2004
f 882/882/882 90/90/90 855/855/855
f 2005/2005/2005 863/863/863 97/97/97
f 877/877/877 2005/2005/2005 881/881/881
f 98/98/98 883/883/883 2005/2005/2005
f 883/883/883 84/84/84 863/863/863
f 2006/2006/2006 856/856/856 90/90/90
f 870/870/870 2006/2006/2006 882/882/882
f 105/105/105 884/884/884 2006/2006/2006
f 884/884/884 91/91/91 856/856/856
f 2007/2007/2007 857/857/857 91/91/91
f 871/871/871 2007/2007/2007 884/884/884
f 106/106/106 885/885/885 2007/2007/2007
f 885/885/885 92/92/92 857/857/857
f 2008/2008/2008 850/850/850 84/84/84
f 864/864/864 2008/2008/2008 883/883/883
f 99/99/99 886/886/886 2008/2008/2008
f 886/886/886 85/85/85 850/850/850
f 2009/2009/2009 858/858/858 92/92/92
f 872/872/872 2009/2009/2009 885/885/885
f 107/107/107 887/887/887 2009/2009/2009
f 887/887/887 93/93/93 858/858/858
f 2010/2010/2010 851/851/851 85/85/85
f 865/865/865 2010/2010/2010 886/886/886
f 100/100/100 888/888/888 2010/2010/2010
f 888/888/888 86/86/86 851/851/851
f 2011/2011/2011 859/859/859 93/93/93
f 873/873/873 2011/2011/2011 887/887/887
f 108/108/108 889/889/889 2011/2011/2011
f 889/889/889 94/94/94 859/859/859
f 2012/2012/2012 852/852/852 86/86/86
f 866/866/866 2012/2012/2012 888/888/888
f 101/101/101 890/890/890 2012/2012/2012
f 890/890/890 87/87/87 852/852/852
f 2013/2013/2013 860/860/860 94/94/94
f 874/874/874 2013/2013/2013 889/889/889
f 109/109/109 891/891/891 2013/2013/2013
f 891/891/891 95/95/95 860/860/860
f 2014/2014/2014 853/853/853 87/87/87
f 867/867/867 2014/2014/2014 890/890/890
f 102/102/102 878/878/878 2014/2014/2014
f 878/878/878 88/88/88 853/853/853
f 2015/2015/2015 861/861/861 95/95/95
f 875/875/875 2015/2015/2015 891/891/891
f 110/110/110 880/880/880 2015/2015/2015
f 880/880/880 96/96/96 861/861/861
f 2016/2016/2016 877/877/877 111/111/111
f 905/905/905 2016/2016/2016 906/906/906
f 112/112/112 907/907/907 2016/2016/2016
f 907/907/907 98/98/98 877/877/877
f 2017/2017/2017 870/870/870 104/104/104
f 898/898/898 2017/2017/2017 908/908/908
f 119/119/119 909/909/909 2017/2017/2017
f 909/909/909 105/105/105 870/870/870
f 2018/2018/2018 871/871/871 105/105/105
f 899/899/899 2018/2018/2018 909/909/909
f 120/120/120 910/910/910 2018/2018/2018
f 910/910/910 106/106/106 871/871/871
f 2019/2019/2019 864/864/864 98/98/98
f 892/892/892 2019/2019/2019 907/907/907
f 113/113/113 911/911/911 2019/2019/2019
f 911/911/911 99/99/99 864/864/864
f 2020/2020/2020 872/872/872 106/106/106
f 900/900/900 2020/2020/2020 910/910/910
f 121/121/121 912/912/912 2020/2020/2020
f 912/912/912 107/107/107 872/872/872
f 2021/2021/2021 865/865/865 99/99/99
f 893/893/893 2021/2021/2021 911/911/911
f 114/114/114 913/913/913 2021/2021/2021
f 913/913/913 100/100/100 865/865/865
f 2022/2022/2022 873/873/873 107/107/107
f 901/901/901 2022/2022/2022 912/912/912
f 122/122/122 914/914/914 2022/2022/2022
f 914/914/914 108/108/108 873/873/873
f 2023/2023/2023 866/866/866 100/100/100
f 894/894/894 2023/2023/2023 913/913/913
f 115/115/115 915/915/915 2023/2023/2023
f 915/915/915 101/101/101 866/866/866
f 2024/2024/2024 874/874/874 108/108/108
f 902/902/902 2024/2024/2024 914/914/914
f 123/123/123 916/916/916 2024/2024/2024
f 916/916/916 109/109/109 874/874/874
f 2025/2025/2025 867/867/867 101/101/101
f 895/895/895 2025/2025/2025 915/915/915
f 116/116/116 917/917/917 2025/2025/2025
f 917/917/917 102/102/102 867/867/867
f 2026/2026/2026 875/875/875 109/109/109
f 903/903/903 2026/2026/2026 916/916/916
f 124/124/124 918/918/918 2026/2026/2026
f 918/918/918 110/110/110 875/875/875
f 2027/2027/2027 868/868/868 102/102/102
f 896/896/896 2027/2027/2027 917/917/917
f 117/117/117 919/919/919 2027/2027/2027
f 919/919/919 103/103/103 868/868/868
f 2028/2028/2028 876/876/876 110/110/110
f 904/904/904 2028/2028/2028 918/918/918
f 125/125/125 906/906/906 2028/2028/2028
f 906/906/906 111/111/111 876/876/876
f 2029/2029/2029 869/869/869 103/103/103
f 897/897/897 2029/2029/2029 919/919/919
f 118/118/118 908/908/908 2029/2029/2029
f 908/908/908 104/104/104 869/869/869
f 2030/2030/2030 989/989/989 141/141/141
f 927/927/927 2030/2030/2030 962/962/962
f 134/134/134 935/935/935 2030/2030/2030
f 935/935/935 142/142/142 989/989/989
f 2031/2031/2031 988/988/988 143/143/143
f 920/920/920 2031/2031/2031 964/964/964
f 127/127/127 937/937/937 2031/2031/2031
f 937/937/937 144/144/144 988/988/988
f 2032/2032/2032 987/987/987 142/142/142
f 928/928/928 2032/2032/2032 935/935/935
f 135/135/135 938/938/938 2032/2032/2032
f 938/938/938 145/145/145 987/987/987
f 2033/2033/2033 986/986/986 144/144/144
f 921/921/921 2033/2033/2033 937/937/937
f 128/128/128 939/939/939 2033/2033/2033
f 939/939/939 146/146/146 986/986/986
f 2034/2034/2034 985/985/985 145/145/145
f 929/929/929 2034/2034/2034 938/938/938
f 136/136/136 940/940/940 2034/2034/2034
f 940/940/940 147/147/147 985/985/985
f 2035/2035/2035 984/984/984 146/146/146
f 922/922/922 2035/2035/2035 939/939/939
f 129/129/129 941/941/941 2035/2035/2035
f 941/941/941 148/148/148 984/984/984
f 2036/2036/2036 983/983/983 147/147/147
f 930/930/930 2036/2036/2036 940/940/940
f 137/137/137 942/942/942 2036/2036/2036
f 942/942/942 149/149/149 983/983/983
f 2037/2037/2037 982/982/982 148/148/148
f 923/923/923 2037/2037/2037 941/941/941
f 130/130/130 943/943/943 2037/2037/2037
f 943/943/943 150/150/150 982/982/982
f 2038/2038/2038 981/981/981 149/149/149
f 931/931/931 2038/2038/2038 942/942/942
f 138/138/138 944/944/944 2038/2038/2038
f 944/944/944 151/151/151 981/981/981
f 2039/2039/2039 980/980/980 150/150/150
f 924/924/924 2039/2039/2039 943/943/943
f 131/131/131 945/945/945 2039/2039/2039
f 945/945/945 152/152/152 980/980/980
f 2040/2040/2040 979/979/979 151/151/151
f 932/932/932 2040/2040/2040 944/944/944
f 139/139/139 946/946/946 2040/2040/2040
f 946/946/946 153/153/153 979/979/979
f 2041/2041/2041 978/978/978 152/152/152
f 925/925/925 2041/2041/2041 945/945/945
f 132/132/132 947/947/947 2041/2041/2041
f 947/947/947 154/154/154 978/978/978
f 2042/2042/2042 977/977/977 153/153/153
f 933/933/933 2042/2042/2042 946/946/946
f 126/126/126 964/964/964 2042/2042/2042
f 964/964/964 143/143/143 977/977/977
f 2043/2043/2043 976/976/976 154/154/154
f 926/926/926 2043/2043/2043 947/947/947
f 133/133/133 962/962/962 2043/2043/2043
f 962/962/962 141/141/141 976/976/976
f 2044/2044/2044 929/929/929 135/135/135
f 2044/2044/2044 949/949/949 140/140/140
f 2044/2044/2044 950/950/950 136/136/136
f 2045/2045/2045 922/922/922 128/128/128
f 2045/2045/2045 951/951/951 140/140/140
f 2045/2045/2045 952/952/952 129/129/129
f 2046/2046/2046 930/930/930 136/136/136
f 2046/2046/2046 950/950/950 140/140/140
f 2046/2046/2046 953/953/953 137/137/137
f 2047/2047/2047 923/923/923 129/129/129
f 2047/2047/2047 952/952/952 140/140/140
f 2047/2047/2047 954/954/954 130/130/130
f 2048/2048/2048 931/931/931 137/137/137
f 2048/2048/2048 953/953/953 140/140/140
f 2048/2048/2048 955/955/955 138/138/138
f 2049/2049/2049 924/924/924 130/130/130
f 2049/2049/2049 954/954/954 140/140/140
f 2049/2049/2049 956/956/956 131/131/131
f 2050/2050/2050 932/932/932 138/138/138
f 2050/2050/2050 955/955/955 140/140/140
f 2050/2050/2050 957/957/957 139/139/139
f 2051/2051/2051 925/925/925 131/131/131
f 2051/2051/2051 956/956/956 140/140/140
f 2051/2051/2051 958/958/958 132/132/132
f 2052/2052/2052 933/933/933 139/139/139
f 2052/2052/2052 957/957/957 140/140/140
f 2052/2052/2052 948/948/948 126/126/126
f 2053/2053/2053 926/926/926 132/132/132
f 2053/2053/2053 958/958/958 140/140/140
f 2053/2053/2053 959/959/959 133/133/133
f 2054/2054/2054 927/927/927 133/133/133
f 2054/2054/2054 959/959/959 140/140/140
f 2054/2054/2054 960/960/960 134/134/134
f 2055/2055/2055 920/920/920 126/126/126
f 2055/2055/2055 948/948/948 140/140/140
f 2055/2055/2055 961/961/961 127/127/127
f 2056/2056/2056 928/928/928 134/134/134
f 2056/2056/2056 960/960/960 140/140/140
f 2056/2056/2056 949/949/949 135/135/135
f 2057/2057/2057 921/921/921 127/127/127
f 2057/2057/2057 961/961/961 140/140/140
f 2057/2057/2057 951/951/951 128/128/128
f 2058/2058/2058 898/898/898 118/118/118
f 976/976/976 2058/2058/2058 975/975/975
f 141/141/141 934/934/934 2058/2058/2058
f 934/934/934 119/119/119 898/898/898
f 2059/2059/2059 905/905/905 125/125/125
f 977/977/977 2059/2059/2059 974/974/974
f 143/143/143 936/936/936 2059/2059/2059
f 936/936/936 112/112/112 905/905/905
f 2060/2060/2060 897/897/897 117/117/117
f 978/978/978 2060/2060/2060 973/973/973
f 154/154/154 975/975/975 2060/2060/2060
f 975/975/975 118/118/118 897/897/897
f 2061/2061/2061 904/904/904 124/124/124
f 979/979/979 2061/2061/2061 972/972/972
f 153/153/153 974/974/974 2061/2061/2061
f 974/974/974 125/125/125 904/904/904
f 2062/2062/2062 896/896/896 116/116/116
f 980/980/980 2062/2062/2062 971/971/971
f 152/152/152 973/973/973 2062/2062/2062
f 973/973/973 117/117/117 896/896/896
f 2063/2063/2063 903/903/903 123/123/123
f 981/981/981 2063/2063/2063 970/970/970
f 151/151/151 972/972/972 2063/2063/2063
f 972/972/972 124/124/124 903/903/903
f 2064/2064/2064 895/895/895 115/115/115
f 982/982/982 2064/2064/2064 969/969/969
f 150/150/150 971/971/971 2064/2064/2064
f 971/971/971 116/116/116 895/895/895
f 2065/2065/2065 902/902/902 122/122/122
f 983/983/983 2065/2065/2065 968/968/968
f 149/149/149 970/970/970 2065/2065/2065
f 970/970/970 123/123/123 902/902/902
f 2066/2066/2066 894/894/894 114/114/114
f 984/984/984 2066/2066/2066 967/967/967
f 148/148/148 969/969/969 2066/2066/2066
f 969/969/969 115/115/115 894/894/894
f 2067/2067/2067 901/901/901 121/121/121
f 985/985/985 2067/2067/2067 966/966/966
f 147/147/147 968/968/968 2067/2067/2067
f 968/968/968 122/122/122 901/901/901
f 2068/2068/2068 893/893/893 113/113/113
f 986/986/986 2068/2068/2068 965/965/965
f 146/146/146 967/967/967 2068/2068/2068
f 967/967/967 114/114/114 893/893/893
f 2069/2069/2069 900/900/900 120/120/120
f 987/987/987 2069/2069/2069 963/963/963
f 145/145/145 966/966/966 2069/2069/2069
f 966/966/966 121/121/121 900/900/900
f 2070/2070/2070 892/892/892 112/112/112
f 988/988/988 2070/2070/2070 936/936/936
f 144/144/144 965/965/965 2070/2070/2070
f 965/965/965 113/113/113 892/892/892
f 2071/2071/2071 899/899/899 119/119/119
f 989/989/989 2071/2071/2071 934/934/934
f 142/142/142 963/963/963 2071/2071/2071
f 963/963/963 120/120/120 899/899/899
f 2072/2072/2072 847/847/847 513/513/513
f 1004/1004/1004 2072/2072/2072 1385/1385/1385
f 342/342/342 1383/1383/1383 2072/2072/2072
f 1383/1383/1383 343/343/343 847/847/847
f 2073/2073/2073 843/843/843 515/515/515
f 1005/1005/1005 2073/2073/2073 1386/1386/1386
f 336/336/336 1379/1379/1379 2073/2073/2073
f 1379/1379/1379 337/337/337 843/843/843
f 2074/2074/2074 839/839/839 344/344/344
f 1006/1006/1006 2074/2074/2074 1481/1481/1481
f 330/330/330 1375/1375/1375 2074/2074/2074
f 1375/1375/1375 331/331/331 839/839/839
f 2075/2075/2075 835/835/835 338/338/338
f 1007/1007/1007 2075/2075/2075 1477/1477/1477
f 324/324/324 1371/1371/1371 2075/2075/2075
f 1371/1371/1371 325/325/325 835/835/835
f 2076/2076/2076 831/831/831 332/332/332
f 1008/1008/1008 2076/2076/2076 1473/1473/1473
f 318/318/318 1367/1367/1367 2076/2076/2076
f 1367/1367/1367 319/319/319 831/831/831
f 2077/2077/2077 827/827/827 326/326/326
f 1009/1009/1009 2077/2077/2077 1469/1469/1469
f 312/312/312 1363/1363/1363 2077/2077/2077
f 1363/1363/1363 313/313/313 827/827/827
f 2078/2078/2078 823/823/823 548/548/548
f 1010/1010/1010 2078/2078/2078 1465/1465/1465
f 306/306/306 1359/1359/1359 2078/2078/2078
f 1359/1359/1359 307/307/307 823/823/823
f 2079/2079/2079 819/819/819 314/314/314
f 1011/1011/1011 2079/2079/2079 1462/1462/1462
f 301/301/301 1355/1355/1355 2079/2079/2079
f 1355/1355/1355 302/302/302 819/819/819
f 2080/2080/2080 815/815/815 308/308/308
f 1012/1012/1012 2080/2080/2080 1458/1458/1458
f 295/295/295 1351/1351/1351 2080/2080/2080
f 1351/1351/1351 296/296/296 815/815/815
f 2081/2081/2081 811/811/811 303/303/303
f 1013/1013/1013 2081/2081/2081 1454/1454/1454
f 289/289/289 1347/1347/1347 2081/2081/2081
f 1347/1347/1347 290/290/290 811/811/811
f 2082/2082/2082 807/807/807 297/297/297
f 1014/1014/1014 2082/2082/2082 1450/1450/1450
f 283/283/283 1343/1343/1343 2082/2082/2082
f 1343/1343/1343 284/284/284 807/807/807
f 2083/2083/2083 803/803/803 291/291/291
f 1015/1015/1015 2083/2083/2083 1446/1446/1446
f 277/277/277 1339/1339/1339 2083/2083/2083
f 1339/1339/1339 278/278/278 803/803/803
f 2084/2084/2084 799/799/799 285/285/285
f 1016/1016/1016 2084/2084/2084 1442/1442/1442
f 271/271/271 1433/1433/1433 2084/2084/2084
f 1433/1433/1433 270/270/270 799/799/799
f 2085/2085/2085 795/795/795 279/279/279
f 1017/1017/1017 2085/2085/2085 1438/1438/1438
f 266/266/266 1429/1429/1429 2085/2085/2085
f 1429/1429/1429 265/265/265 795/795/795
f 2086/2086/2086 1802/1802/1802 368/368/368
f 1840/1840/1840 2086/2086/2086 1032/1032/1032
f 613/613/613 1838/1838/1838 2086/2086/2086
f 1838/1838/1838 612/612/612 1802/1802/1802
f 2087/2087/2087 1414/1414/1414 543/543/543
f 1871/1871/1871 2087/2087/2087 1870/1870/1870
f 548/548/548 823/823/823 2087/2087/2087
f 823/823/823 307/307/307 1414/1414/1414
f 2088/2088/2088 1190/1190/1190 391/391/391
f 1191/1191/1191 2088/2088/2088 682/682/682
f 162/162/162 1102/1102/1102 2088/2088/2088
f 1102/1102/1102 29/29/29 1190/1190/1190
f 2089/2089/2089 1192/1192/1192 393/393/393
f 1727/1727/1727 2089/2089/2089 684/684/684
f 58/58/58 1161/1161/1161 2089/2089/2089
f 1161/1161/1161 31/31/31 1192/1192/1192
f 2090/2090/2090 1193/1193/1193 506/506/506
f 1190/1190/1190 2090/2090/2090 1103/1103/1103
f 29/29/29 696/696/696 2090/2090/2090
f 696/696/696 42/42/42 1193/1193/1193
f 2091/2091/2091 1194/1194/1194 499/499/499
f 1192/1192/1192 2091/2091/2091 1104/1104/1104
f 31/31/31 697/697/697 2091/2091/2091
f 697/697/697 41/41/41 1194/1194/1194
f 2092/2092/2092 1195/1195/1195 492/492/492
f 1196/1196/1196 2092/2092/2092 1105/1105/1105
f 42/42/42 698/698/698 2092/2092/2092
f 698/698/698 40/40/40 1195/1195/1195
f 2093/2093/2093 1197/1197/1197 485/485/485
f 1198/1198/1198 2093/2093/2093 1106/1106/1106
f 41/41/41 699/699/699 2093/2093/2093
f 699/699/699 39/39/39 1197/1197/1197
f 2094/2094/2094 1199/1199/1199 478/478/478
f 1200/1200/1200 2094/2094/2094 1107/1107/1107
f 40/40/40 700/700/700 2094/2094/2094
f 700/700/700 38/38/38 1199/1199/1199
f 2095/2095/2095 1201/1201/1201 471/471/471
f 1202/1202/1202 2095/2095/2095 1108/1108/1108
f 39/39/39 701/701/701 2095/2095/2095
f 701/701/701 37/37/37 1201/1201/1201
f 2096/2096/2096 1203/1203/1203 571/571/571
f 1204/1204/1204 2096/2096/2096 1109/1109/1109
f 38/38/38 702/702/702 2096/2096/2096
f 702/702/702 36/36/36 1203/1203/1203
f 2097/2097/2097 1205/1205/1205 458/458/458
f 1206/1206/1206 2097/2097/2097 1110/1110/1110
f 37/37/37 703/703/703 2097/2097/2097
f 703/703/703 35/35/35 1205/1205/1205
f 2098/2098/2098 1207/1207/1207 451/451/451
f 1208/1208/1208 2098/2098/2098 1111/1111/1111
f 36/36/36 704/704/704 2098/2098/2098
f 704/704/704 34/34/34 1207/1207/1207
f 2099/2099/2099 1209/1209/1209 444/444/444
f 1210/1210/1210 2099/2099/2099 1112/1112/1112
f 35/35/35 705/705/705 2099/2099/2099
f 705/705/705 33/33/33 1209/1209/1209
f 2100/2100/2100 1211/1211/1211 437/437/437
f 1212/1212/1212 2100/2100/2100 1113/1113/1113
f 34/34/34 706/706/706 2100/2100/2100
f 706/706/706 32/32/32 1211/1211/1211
f 2101/2101/2101 1213/1213/1213 430/430/430
f 1214/1214/1214 2101/2101/2101 1114/1114/1114
f 33/33/33 707/707/707 2101/2101/2101
f 707/707/707 30/30/30 1213/1213/1213
f 2102/2102/2102 1215/1215/1215 531/531/531
f 1216/1216/1216 2102/2102/2102 1115/1115/1115
f 32/32/32 708/708/708 2102/2102/2102
f 708/708/708 31/31/31 1215/1215/1215
f 2103/2103/2103 1217/1217/1217 529/529/529
f 1218/1218/1218 2103/2103/2103 1116/1116/1116
f 30/30/30 709/709/709 2103/2103/2103
f 709/709/709 29/29/29 1217/1217/1217
f 2104/2104/2104 1219/1219/1219 394/394/394
f 1220/1220/1220 2104/2104/2104 710/710/710
f 43/43/43 1117/1117/1117 2104/2104/2104
f 1117/1117/1117 163/163/163 1219/1219/1219
f 2105/2105/2105 1728/1728/1728 396/396/396
f 1221/1221/1221 2105/2105/2105 711/711/711
f 44/44/44 1162/1162/1162 2105/2105/2105
f 1162/1162/1162 61/61/61 1728/1728/1728
f 2106/2106/2106 1729/1729/1729 398/398/398
f 1222/1222/1222 2106/2106/2106 712/712/712
f 45/45/45 1164/1164/1164 2106/2106/2106
f 1164/1164/1164 64/64/64 1729/1729/1729
f 2107/2107/2107 1223/1223/1223 400/400/400
f 1224/1224/1224 2107/2107/2107 713/713/713
f 46/46/46 1118/1118/1118 2107/2107/2107
f 1118/1118/1118 164/164/164 1223/1223/1223
f 2108/2108/2108 1730/1730/1730 402/402/402
f 1225/1225/1225 2108/2108/2108 714/714/714
f 47/47/47 1165/1165/1165 2108/2108/2108
f 1165/1165/1165 69/69/69 1730/1730/1730
f 2109/2109/2109 1731/1731/1731 404/404/404
f 1226/1226/1226 2109/2109/2109 715/715/715
f 48/48/48 1166/1166/1166 2109/2109/2109
f 1166/1166/1166 71/71/71 1731/1731/1731
f 2110/2110/2110 1227/1227/1227 406/406/406
f 1228/1228/1228 2110/2110/2110 716/716/716
f 49/49/49 1119/1119/1119 2110/2110/2110
f 1119/1119/1119 165/165/165 1227/1227/1227
f 2111/2111/2111 1732/1732/1732 408/408/408
f 1229/1229/1229 2111/2111/2111 717/717/717
f 50/50/50 1168/1168/1168 2111/2111/2111
f 1168/1168/1168 76/76/76 1732/1732/1732
f 2112/2112/2112 1230/1230/1230 410/410/410
f 1231/1231/1231 2112/2112/2112 718/718/718
f 51/51/51 1120/1120/1120 2112/2112/2112
f 1120/1120/1120 166/166/166 1230/1230/1230
f 2113/2113/2113 1733/1733/1733 412/412/412
f 1232/1232/1232 2113/2113/2113 719/719/719
f 52/52/52 1169/1169/1169 2113/2113/2113
f 1169/1169/1169 79/79/79 1733/1733/1733
f 2114/2114/2114 1233/1233/1233 414/414/414
f 1234/1234/1234 2114/2114/2114 720/720/720
f 53/53/53 1121/1121/1121 2114/2114/2114
f 1121/1121/1121 167/167/167 1233/1233/1233
f 2115/2115/2115 1734/1734/1734 416/416/416
f 1235/1235/1235 2115/2115/2115 721/721/721
f 54/54/54 1171/1171/1171 2115/2115/2115
f 1171/1171/1171 83/83/83 1734/1734/1734
f 2116/2116/2116 1220/1220/1220 395/395/395
f 1236/1236/1236 2116/2116/2116 1122/1122/1122
f 55/55/55 724/724/724 2116/2116/2116
f 724/724/724 43/43/43 1220/1220/1220
f 2117/2117/2117 1221/1221/1221 397/397/397
f 1237/1237/1237 2117/2117/2117 1123/1123/1123
f 56/56/56 725/725/725 2117/2117/2117
f 725/725/725 44/44/44 1221/1221/1221
f 2118/2118/2118 1222/1222/1222 399/399/399
f 1238/1238/1238 2118/2118/2118 1124/1124/1124
f 43/43/43 726/726/726 2118/2118/2118
f 726/726/726 45/45/45 1222/1222/1222
f 2119/2119/2119 1224/1224/1224 401/401/401
f 1239/1239/1239 2119/2119/2119 1125/1125/1125
f 44/44/44 727/727/727 2119/2119/2119
f 727/727/727 46/46/46 1224/1224/1224
f 2120/2120/2120 1225/1225/1225 403/403/403
f 1240/1240/1240 2120/2120/2120 1126/1126/1126
f 45/45/45 728/728/728 2120/2120/2120
f 728/728/728 47/47/47 1225/1225/1225
f 2121/2121/2121 1226/1226/1226 405/405/405
f 1241/1241/1241 2121/2121/2121 1127/1127/1127
f 46/46/46 729/729/729 2121/2121/2121
f 729/729/729 48/48/48 1226/1226/1226
f 2122/2122/2122 1228/1228/1228 407/407/407
f 1242/1242/1242 2122/2122/2122 1128/1128/1128
f 47/47/47 730/730/730 2122/2122/2122
f 730/730/730 49/49/49 1228/1228/1228
f 2123/2123/2123 1229/1229/1229 409/409/409
f 1243/1243/1243 2123/2123/2123 1129/1129/1129
f 48/48/48 731/731/731 2123/2123/2123
f 731/731/731 50/50/50 1229/1229/1229
f 2124/2124/2124 1231/1231/1231 411/411/411
f 1244/1244/1244 2124/2124/2124 1130/1130/1130
f 49/49/49 732/732/732 2124/2124/2124
f 732/732/732 51/51/51 1231/1231/1231
f 2125/2125/2125 1232/1232/1232 413/413/413
f 1245/1245/1245 2125/2125/2125 1131/1131/1131
f 50/50/50 733/733/733 2125/2125/2125
f 733/733/733 52/52/52 1232/1232/1232
f 2126/2126/2126 1234/1234/1234 415/415/415
f 1246/1246/1246 2126/2126/2126 1132/1132/1132
f 51/51/51 734/734/734 2126/2126/2126
f 734/734/734 53/53/53 1234/1234/1234
f 2127/2127/2127 1235/1235/1235 417/417/417
f 1247/1247/1247 2127/2127/2127 1133/1133/1133
f 52/52/52 735/735/735 2127/2127/2127
f 735/735/735 54/54/54 1235/1235/1235
f 2128/2128/2128 1248/1248/1248 559/559/559
f 1249/1249/1249 2128/2128/2128 1134/1134/1134
f 53/53/53 736/736/736 2128/2128/2128
f 736/736/736 56/56/56 1248/1248/1248
f 2129/2129/2129 1250/1250/1250 557/557/557
f 1251/1251/1251 2129/2129/2129 1135/1135/1135
f 54/54/54 737/737/737 2129/2129/2129
f 737/737/737 55/55/55 1250/1250/1250
f 2130/2130/2130 1236/1236/1236 418/418/418
f 1252/1252/1252 2130/2130/2130 738/738/738
f 168/168/168 1136/1136/1136 2130/2130/2130
f 1136/1136/1136 55/55/55 1236/1236/1236
f 2131/2131/2131 1252/1252/1252 419/419/419
f 1253/1253/1253 2131/2131/2131 739/739/739
f 169/169/169 1137/1137/1137 2131/2131/2131
f 1137/1137/1137 168/168/168 1252/1252/1252
f 2132/2132/2132 1735/1735/1735 421/421/421
f 1736/1736/1736 2132/2132/2132 740/740/740
f 57/57/57 1173/1173/1173 2132/2132/2132
f 1173/1173/1173 155/155/155 1735/1735/1735
f 2133/2133/2133 1736/1736/1736 422/422/422
f 1737/1737/1737 2133/2133/2133 741/741/741
f 162/162/162 1160/1160/1160 2133/2133/2133
f 1160/1160/1160 57/57/57 1736/1736/1736
f 2134/2134/2134 1237/1237/1237 424/424/424
f 1254/1254/1254 2134/2134/2134 742/742/742
f 170/170/170 1138/1138/1138 2134/2134/2134
f 1138/1138/1138 56/56/56 1237/1237/1237
f 2135/2135/2135 1254/1254/1254 425/425/425
f 1255/1255/1255 2135/2135/2135 743/743/743
f 171/171/171 1139/1139/1139 2135/2135/2135
f 1139/1139/1139 170/170/170 1254/1254/1254
f 2136/2136/2136 1256/1256/1256 427/427/427
f 1257/1257/1257 2136/2136/2136 744/744/744
f 173/173/173 1140/1140/1140 2136/2136/2136
f 1140/1140/1140 172/172/172 1256/1256/1256
f 2137/2137/2137 1257/1257/1257 428/428/428
f 1258/1258/1258 2137/2137/2137 745/745/745
f 58/58/58 1141/1141/1141 2137/2137/2137
f 1141/1141/1141 173/173/173 1257/1257/1257
f 2138/2138/2138 1259/1259/1259 431/431/431
f 1213/1213/1213 2138/2138/2138 746/746/746
f 30/30/30 1142/1142/1142 2138/2138/2138
f 1142/1142/1142 174/174/174 1259/1259/1259
f 2139/2139/2139 1738/1738/1738 432/432/432
f 1260/1260/1260 2139/2139/2139 747/747/747
f 175/175/175 1703/1703/1703 2139/2139/2139
f 1703/1703/1703 174/174/174 1738/1738/1738
f 2140/2140/2140 1739/1739/1739 435/435/435
f 1261/1261/1261 2140/2140/2140 748/748/748
f 176/176/176 1704/1704/1704 2140/2140/2140
f 1704/1704/1704 59/59/59 1739/1739/1739
f 2141/2141/2141 1262/1262/1262 436/436/436
f 1219/1219/1219 2141/2141/2141 749/749/749
f 163/163/163 1143/1143/1143 2141/2141/2141
f 1143/1143/1143 59/59/59 1262/1262/1262
f 2142/2142/2142 1263/1263/1263 438/438/438
f 1211/1211/1211 2142/2142/2142 750/750/750
f 32/32/32 1144/1144/1144 2142/2142/2142
f 1144/1144/1144 177/177/177 1263/1263/1263
f 2143/2143/2143 1740/1740/1740 439/439/439
f 1741/1741/1741 2143/2143/2143 751/751/751
f 60/60/60 1175/1175/1175 2143/2143/2143
f 1175/1175/1175 177/177/177 1740/1740/1740
f 2144/2144/2144 1264/1264/1264 442/442/442
f 1265/1265/1265 2144/2144/2144 752/752/752
f 178/178/178 1145/1145/1145 2144/2144/2144
f 1145/1145/1145 179/179/179 1264/1264/1264
f 2145/2145/2145 1742/1742/1742 443/443/443
f 1728/1728/1728 2145/2145/2145 753/753/753
f 61/61/61 1163/1163/1163 2145/2145/2145
f 1163/1163/1163 179/179/179 1742/1742/1742
f 2146/2146/2146 1743/1743/1743 445/445/445
f 1209/1209/1209 2146/2146/2146 754/754/754
f 33/33/33 1177/1177/1177 2146/2146/2146
f 1177/1177/1177 62/62/62 1743/1743/1743
f 2147/2147/2147 1266/1266/1266 446/446/446
f 1267/1267/1267 2147/2147/2147 755/755/755
f 180/180/180 1146/1146/1146 2147/2147/2147
f 1146/1146/1146 62/62/62 1266/1266/1266
f 2148/2148/2148 1744/1744/1744 449/449/449
f 1745/1745/1745 2148/2148/2148 756/756/756
f 156/156/156 1178/1178/1178 2148/2148/2148
f 1178/1178/1178 63/63/63 1744/1744/1744
f 2149/2149/2149 1268/1268/1268 450/450/450
f 1729/1729/1729 2149/2149/2149 757/757/757
f 64/64/64 1705/1705/1705 2149/2149/2149
f 1705/1705/1705 63/63/63 1268/1268/1268
f 2150/2150/2150 1746/1746/1746 452/452/452
f 1207/1207/1207 2150/2150/2150 758/758/758
f 34/34/34 1179/1179/1179 2150/2150/2150
f 1179/1179/1179 65/65/65 1746/1746/1746
f 2151/2151/2151 1269/1269/1269 453/453/453
f 1747/1747/1747 2151/2151/2151 759/759/759
f 66/66/66 1706/1706/1706 2151/2151/2151
f 1706/1706/1706 65/65/65 1269/1269/1269
f 2152/2152/2152 1270/1270/1270 456/456/456
f 1748/1748/1748 2152/2152/2152 760/760/760
f 157/157/157 1707/1707/1707 2152/2152/2152
f 1707/1707/1707 181/181/181 1270/1270/1270
f 2153/2153/2153 1749/1749/1749 457/457/457
f 1223/1223/1223 2153/2153/2153 761/761/761
f 164/164/164 1708/1708/1708 2153/2153/2153
f 1708/1708/1708 181/181/181 1749/1749/1749
f 2154/2154/2154 1271/1271/1271 459/459/459
f 1205/1205/1205 2154/2154/2154 762/762/762
f 35/35/35 1147/1147/1147 2154/2154/2154
f 1147/1147/1147 182/182/182 1271/1271/1271
f 2155/2155/2155 1750/1750/1750 460/460/460
f 1751/1751/1751 2155/2155/2155 763/763/763
f 67/67/67 1180/1180/1180 2155/2155/2155
f 1180/1180/1180 182/182/182 1750/1750/1750
f 2156/2156/2156 1752/1752/1752 463/463/463
f 1753/1753/1753 2156/2156/2156 764/764/764
f 158/158/158 1181/1181/1181 2156/2156/2156
f 1181/1181/1181 68/68/68 1752/1752/1752
f 2157/2157/2157 1272/1272/1272 464/464/464
f 1730/1730/1730 2157/2157/2157 765/765/765
f 69/69/69 1709/1709/1709 2157/2157/2157
f 1709/1709/1709 68/68/68 1272/1272/1272
f 2158/2158/2158 1208/1208/1208 465/465/465
f 1273/1273/1273 2158/2158/2158 766/766/766
f 183/183/183 1148/1148/1148 2158/2158/2158
f 1148/1148/1148 36/36/36 1208/1208/1208
f 2159/2159/2159 1273/1273/1273 466/466/466
f 1754/1754/1754 2159/2159/2159 767/767/767
f 70/70/70 1710/1710/1710 2159/2159/2159
f 1710/1710/1710 183/183/183 1273/1273/1273
f 2160/2160/2160 1274/1274/1274 469/469/469
f 1755/1755/1755 2160/2160/2160 768/768/768
f 159/159/159 1711/1711/1711 2160/2160/2160
f 1711/1711/1711 184/184/184 1274/1274/1274
f 2161/2161/2161 1756/1756/1756 470/470/470
f 1731/1731/1731 2161/2161/2161 769/769/769
f 71/71/71 1167/1167/1167 2161/2161/2161
f 1167/1167/1167 184/184/184 1756/1756/1756
f 2162/2162/2162 1757/1757/1757 472/472/472
f 1201/1201/1201 2162/2162/2162 770/770/770
f 37/37/37 1182/1182/1182 2162/2162/2162
f 1182/1182/1182 72/72/72 1757/1757/1757
f 2163/2163/2163 1275/1275/1275 473/473/473
f 1276/1276/1276 2163/2163/2163 771/771/771
f 185/185/185 1149/1149/1149 2163/2163/2163
f 1149/1149/1149 72/72/72 1275/1275/1275
f 2164/2164/2164 1277/1277/1277 476/476/476
f 1758/1758/1758 2164/2164/2164 772/772/772
f 160/160/160 1712/1712/1712 2164/2164/2164
f 1712/1712/1712 186/186/186 1277/1277/1277
f 2165/2165/2165 1759/1759/1759 477/477/477
f 1227/1227/1227 2165/2165/2165 773/773/773
f 165/165/165 1713/1713/1713 2165/2165/2165
f 1713/1713/1713 186/186/186 1759/1759/1759
f 2166/2166/2166 1760/1760/1760 479/479/479
f 1199/1199/1199 2166/2166/2166 774/774/774
f 38/38/38 1183/1183/1183 2166/2166/2166
f 1183/1183/1183 73/73/73 1760/1760/1760
f 2167/2167/2167 1278/1278/1278 480/480/480
f 1761/1761/1761 2167/2167/2167 775/775/775
f 74/74/74 1714/1714/1714 2167/2167/2167
f 1714/1714/1714 73/73/73 1278/1278/1278
f 2168/2168/2168 1762/1762/1762 483/483/483
f 1763/1763/1763 2168/2168/2168 776/776/776
f 161/161/161 1184/1184/1184 2168/2168/2168
f 1184/1184/1184 75/75/75 1762/1762/1762
f 2169/2169/2169 1279/1279/1279 484/484/484
f 1762/1762/1762 2169/2169/2169 777/777/777
f 75/75/75 1715/1715/1715 2169/2169/2169
f 1715/1715/1715 76/76/76 1279/1279/1279
f 2170/2170/2170 1280/1280/1280 486/486/486
f 1197/1197/1197 2170/2170/2170 778/778/778
f 39/39/39 1150/1150/1150 2170/2170/2170
f 1150/1150/1150 187/187/187 1280/1280/1280
f 2171/2171/2171 1764/1764/1764 487/487/487
f 1281/1281/1281 2171/2171/2171 779/779/779
f 188/188/188 1716/1716/1716 2171/2171/2171
f 1716/1716/1716 187/187/187 1764/1764/1764
f 2172/2172/2172 1765/1765/1765 490/490/490
f 1282/1282/1282 2172/2172/2172 780/780/780
f 189/189/189 1717/1717/1717 2172/2172/2172
f 1717/1717/1717 77/77/77 1765/1765/1765
f 2173/2173/2173 1283/1283/1283 491/491/491
f 1230/1230/1230 2173/2173/2173 781/781/781
f 166/166/166 1151/1151/1151 2173/2173/2173
f 1151/1151/1151 77/77/77 1283/1283/1283
f 2174/2174/2174 1284/1284/1284 493/493/493
f 1195/1195/1195 2174/2174/2174 782/782/782
f 40/40/40 1152/1152/1152 2174/2174/2174
f 1152/1152/1152 190/190/190 1284/1284/1284
f 2175/2175/2175 1766/1766/1766 494/494/494
f 1767/1767/1767 2175/2175/2175 783/783/783
f 78/78/78 1185/1185/1185 2175/2175/2175
f 1185/1185/1185 190/190/190 1766/1766/1766
f 2176/2176/2176 1285/1285/1285 497/497/497
f 1286/1286/1286 2176/2176/2176 784/784/784
f 191/191/191 1153/1153/1153 2176/2176/2176
f 1153/1153/1153 192/192/192 1285/1285/1285
f 2177/2177/2177 1768/1768/1768 498/498/498
f 1733/1733/1733 2177/2177/2177 785/785/785
f 79/79/79 1170/1170/1170 2177/2177/2177
f 1170/1170/1170 192/192/192 1768/1768/1768
f 2178/2178/2178 1769/1769/1769 500/500/500
f 1194/1194/1194 2178/2178/2178 786/786/786
f 41/41/41 1187/1187/1187 2178/2178/2178
f 1187/1187/1187 80/80/80 1769/1769/1769
f 2179/2179/2179 1287/1287/1287 501/501/501
f 1288/1288/1288 2179/2179/2179 787/787/787
f 193/193/193 1154/1154/1154 2179/2179/2179
f 1154/1154/1154 80/80/80 1287/1287/1287
f 2180/2180/2180 1770/1770/1770 504/504/504
f 1289/1289/1289 2180/2180/2180 788/788/788
f 194/194/194 1718/1718/1718 2180/2180/2180
f 1718/1718/1718 81/81/81 1770/1770/1770
f 2181/2181/2181 1290/1290/1290 505/505/505
f 1233/1233/1233 2181/2181/2181 789/789/789
f 167/167/167 1155/1155/1155 2181/2181/2181
f 1155/1155/1155 81/81/81 1290/1290/1290
f 2182/2182/2182 1291/1291/1291 507/507/507
f 1193/1193/1193 2182/2182/2182 790/790/790
f 42/42/42 1156/1156/1156 2182/2182/2182
f 1156/1156/1156 195/195/195 1291/1291/1291
f 2183/2183/2183 1771/1771/1771 508/508/508
f 1772/1772/1772 2183/2183/2183 791/791/791
f 82/82/82 1188/1188/1188 2183/2183/2183
f 1188/1188/1188 195/195/195 1771/1771/1771
f 2184/2184/2184 1292/1292/1292 511/511/511
f 1293/1293/1293 2184/2184/2184 792/792/792
f 196/196/196 1157/1157/1157 2184/2184/2184
f 1157/1157/1157 197/197/197 1292/1292/1292
f 2185/2185/2185 1773/1773/1773 512/512/512
f 1734/1734/1734 2185/2185/2185 793/793/793
f 83/83/83 1172/1172/1172 2185/2185/2185
f 1172/1172/1172 197/197/197 1773/1773/1773
f 2186/2186/2186 1294/1294/1294 514/514/514
f 1774/1774/1774 2186/2186/2186 990/990/990
f 169/169/169 1719/1719/1719 2186/2186/2186
f 1719/1719/1719 155/155/155 1294/1294/1294
f 2187/2187/2187 1775/1775/1775 516/516/516
f 1776/1776/1776 2187/2187/2187 991/991/991
f 171/171/171 1174/1174/1174 2187/2187/2187
f 1174/1174/1174 172/172/172 1775/1775/1775
f 2188/2188/2188 1260/1260/1260 433/433/433
f 1777/1777/1777 2188/2188/2188 992/992/992
f 176/176/176 1720/1720/1720 2188/2188/2188
f 1720/1720/1720 175/175/175 1260/1260/1260
f 2189/2189/2189 1741/1741/1741 440/440/440
f 1778/1778/1778 2189/2189/2189 993/993/993
f 178/178/178 1176/1176/1176 2189/2189/2189
f 1176/1176/1176 60/60/60 1741/1741/1741
f 2190/2190/2190 1267/1267/1267 447/447/447
f 1295/1295/1295 2190/2190/2190 994/994/994
f 156/156/156 1158/1158/1158 2190/2190/2190
f 1158/1158/1158 180/180/180 1267/1267/1267
f 2191/2191/2191 1747/1747/1747 454/454/454
f 1296/1296/1296 2191/2191/2191 995/995/995
f 157/157/157 1721/1721/1721 2191/2191/2191
f 1721/1721/1721 66/66/66 1747/1747/1747
f 2192/2192/2192 1751/1751/1751 461/461/461
f 1297/1297/1297 2192/2192/2192 996/996/996
f 158/158/158 1722/1722/1722 2192/2192/2192
f 1722/1722/1722 67/67/67 1751/1751/1751
f 2193/2193/2193 1754/1754/1754 467/467/467
f 1298/1298/1298 2193/2193/2193 997/997/997
f 159/159/159 1723/1723/1723 2193/2193/2193
f 1723/1723/1723 70/70/70 1754/1754/1754
f 2194/2194/2194 1276/1276/1276 474/474/474
f 1299/1299/1299 2194/2194/2194 998/998/998
f 160/160/160 1159/1159/1159 2194/2194/2194
f 1159/1159/1159 185/185/185 1276/1276/1276
f 2195/2195/2195 1761/1761/1761 481/481/481
f 1300/1300/1300 2195/2195/2195 999/999/999
f 161/161/161 1724/1724/1724 2195/2195/2195
f 1724/1724/1724 74/74/74 1761/1761/1761
f 2196/2196/2196 1281/1281/1281 488/488/488
f 1779/1779/1779 2196/2196/2196 1000/1000/1000
f 189/189/189 1725/1725/1725 2196/2196/2196
f 1725/1725/1725 188/188/188 1281/1281/1281
f 2197/2197/2197 1767/1767/1767 495/495/495
f 1780/1780/1780 2197/2197/2197 1001/1001/1001
f 191/191/191 1186/1186/1186 2197/2197/2197
f 1186/1186/1186 78/78/78 1767/1767/1767
f 2198/2198/2198 1288/1288/1288 502/502/502
f 1781/1781/1781 2198/2198/2198 1002/1002/1002
f 194/194/194 1726/1726/1726 2198/2198/2198
f 1726/1726/1726 193/193/193 1288/1288/1288
f 2199/2199/2199 1772/1772/1772 509/509/509
f 1782/1782/1782 2199/2199/2199 1003/1003/1003
f 196/196/196 1189/1189/1189 2199/2199/2199
f 1189/1189/1189 82/82/82 1772/1772/1772
f 2200/2200/2200 1737/1737/1737 423/423/423
f 1217/1217/1217 2200/2200/2200 1018/1018/1018
f 29/29/29 1102/1102/1102 2200/2200/2200
f 1102/1102/1102 162/162/162 1737/1737/1737
f 2201/2201/2201 1191/1191/1191 390/390/390
f 1301/1301/1301 2201/2201/2201 1019/1019/1019
f 57/57/57 1160/1160/1160 2201/2201/2201
f 1160/1160/1160 162/162/162 1191/1191/1191
f 2202/2202/2202 1258/1258/1258 429/429/429
f 1215/1215/1215 2202/2202/2202 1020/1020/1020
f 31/31/31 1161/1161/1161 2202/2202/2202
f 1161/1161/1161 58/58/58 1258/1258/1258
f 2203/2203/2203 1727/1727/1727 392/392/392
f 1783/1783/1783 2203/2203/2203 1021/1021/1021
f 173/173/173 1141/1141/1141 2203/2203/2203
f 1141/1141/1141 58/58/58 1727/1727/1727
f 2204/2204/2204 1238/1238/1238 534/534/534
f 1784/1784/1784 2204/2204/2204 1022/1022/1022
f 163/163/163 1117/1117/1117 2204/2204/2204
f 1117/1117/1117 43/43/43 1238/1238/1238
f 2205/2205/2205 1784/1784/1784 363/363/363
f 1739/1739/1739 2205/2205/2205 1023/1023/1023
f 59/59/59 1143/1143/1143 2205/2205/2205
f 1143/1143/1143 163/163/163 1784/1784/1784
f 2206/2206/2206 1239/1239/1239 536/536/536
f 1302/1302/1302 2206/2206/2206 1024/1024/1024
f 61/61/61 1162/1162/1162 2206/2206/2206
f 1162/1162/1162 44/44/44 1239/1239/1239
f 2207/2207/2207 1302/1302/1302 364/364/364
f 1264/1264/1264 2207/2207/2207 1025/1025/1025
f 179/179/179 1163/1163/1163 2207/2207/2207
f 1163/1163/1163 61/61/61 1302/1302/1302
f 2208/2208/2208 1240/1240/1240 538/538/538
f 1303/1303/1303 2208/2208/2208 1026/1026/1026
f 64/64/64 1164/1164/1164 2208/2208/2208
f 1164/1164/1164 45/45/45 1240/1240/1240
f 2209/2209/2209 1303/1303/1303 365/365/365
f 1744/1744/1744 2209/2209/2209 1027/1027/1027
f 63/63/63 1705/1705/1705 2209/2209/2209
f 1705/1705/1705 64/64/64 1303/1303/1303
f 2210/2210/2210 1241/1241/1241 540/540/540
f 1785/1785/1785 2210/2210/2210 1028/1028/1028
f 164/164/164 1118/1118/1118 2210/2210/2210
f 1118/1118/1118 46/46/46 1241/1241/1241
f 2211/2211/2211 1785/1785/1785 366/366/366
f 1270/1270/1270 2211/2211/2211 1029/1029/1029
f 181/181/181 1708/1708/1708 2211/2211/2211
f 1708/1708/1708 164/164/164 1785/1785/1785
f 2212/2212/2212 1242/1242/1242 542/542/542
f 1304/1304/1304 2212/2212/2212 1030/1030/1030
f 69/69/69 1165/1165/1165 2212/2212/2212
f 1165/1165/1165 47/47/47 1242/1242/1242
f 2213/2213/2213 1304/1304/1304 367/367/367
f 1752/1752/1752 2213/2213/2213 1031/1031/1031
f 68/68/68 1709/1709/1709 2213/2213/2213
f 1709/1709/1709 69/69/69 1304/1304/1304
f 2214/2214/2214 1243/1243/1243 544/544/544
f 1305/1305/1305 2214/2214/2214 1032/1032/1032
f 71/71/71 1166/1166/1166 2214/2214/2214
f 1166/1166/1166 48/48/48 1243/1243/1243
f 2215/2215/2215 1305/1305/1305 368/368/368
f 1274/1274/1274 2215/2215/2215 1033/1033/1033
f 184/184/184 1167/1167/1167 2215/2215/2215
f 1167/1167/1167 71/71/71 1305/1305/1305
f 2216/2216/2216 1244/1244/1244 546/546/546
f 1786/1786/1786 2216/2216/2216 1034/1034/1034
f 165/165/165 1119/1119/1119 2216/2216/2216
f 1119/1119/1119 49/49/49 1244/1244/1244
f 2217/2217/2217 1786/1786/1786 369/369/369
f 1277/1277/1277 2217/2217/2217 1035/1035/1035
f 186/186/186 1713/1713/1713 2217/2217/2217
f 1713/1713/1713 165/165/165 1786/1786/1786
f 2218/2218/2218 1245/1245/1245 547/547/547
f 1279/1279/1279 2218/2218/2218 1036/1036/1036
f 76/76/76 1168/1168/1168 2218/2218/2218
f 1168/1168/1168 50/50/50 1245/1245/1245
f 2219/2219/2219 1306/1306/1306 370/370/370
f 1732/1732/1732 2219/2219/2219 1037/1037/1037
f 76/76/76 1715/1715/1715 2219/2219/2219
f 1715/1715/1715 75/75/75 1306/1306/1306
f 2220/2220/2220 1246/1246/1246 550/550/550
f 1787/1787/1787 2220/2220/2220 1038/1038/1038
f 166/166/166 1120/1120/1120 2220/2220/2220
f 1120/1120/1120 51/51/51 1246/1246/1246
f 2221/2221/2221 1787/1787/1787 371/371/371
f 1765/1765/1765 2221/2221/2221 1039/1039/1039
f 77/77/77 1151/1151/1151 2221/2221/2221
f 1151/1151/1151 166/166/166 1787/1787/1787
f 2222/2222/2222 1247/1247/1247 552/552/552
f 1307/1307/1307 2222/2222/2222 1040/1040/1040
f 79/79/79 1169/1169/1169 2222/2222/2222
f 1169/1169/1169 52/52/52 1247/1247/1247
f 2223/2223/2223 1307/1307/1307 372/372/372
f 1285/1285/1285 2223/2223/2223 1041/1041/1041
f 192/192/192 1170/1170/1170 2223/2223/2223
f 1170/1170/1170 79/79/79 1307/1307/1307
f 2224/2224/2224 1249/1249/1249 554/554/554
f 1788/1788/1788 2224/2224/2224 1042/1042/1042
f 167/167/167 1121/1121/1121 2224/2224/2224
f 1121/1121/1121 53/53/53 1249/1249/1249
f 2225/2225/2225 1788/1788/1788 373/373/373
f 1770/1770/1770 2225/2225/2225 1043/1043/1043
f 81/81/81 1155/1155/1155 2225/2225/2225
f 1155/1155/1155 167/167/167 1788/1788/1788
f 2226/2226/2226 1251/1251/1251 556/556/556
f 1308/1308/1308 2226/2226/2226 1044/1044/1044
f 83/83/83 1171/1171/1171 2226/2226/2226
f 1171/1171/1171 54/54/54 1251/1251/1251
f 2227/2227/2227 1308/1308/1308 374/374/374
f 1292/1292/1292 2227/2227/2227 1045/1045/1045
f 197/197/197 1172/1172/1172 2227/2227/2227
f 1172/1172/1172 83/83/83 1308/1308/1308
f 2228/2228/2228 1789/1789/1789 375/375/375
f 1250/1250/1250 2228/2228/2228 1046/1046/1046
f 55/55/55 1136/1136/1136 2228/2228/2228
f 1136/1136/1136 168/168/168 1789/1789/1789
f 2229/2229/2229 1774/1774/1774 345/345/345
f 1789/1789/1789 2229/2229/2229 1047/1047/1047
f 168/168/168 1137/1137/1137 2229/2229/2229
f 1137/1137/1137 169/169/169 1774/1774/1774
f 2230/2230/2230 1253/1253/1253 420/420/420
f 1735/1735/1735 2230/2230/2230 1048/1048/1048
f 155/155/155 1719/1719/1719 2230/2230/2230
f 1719/1719/1719 169/169/169 1253/1253/1253
f 2231/2231/2231 1301/1301/1301 361/361/361
f 1294/1294/1294 2231/2231/2231 1049/1049/1049
f 155/155/155 1173/1173/1173 2231/2231/2231
f 1173/1173/1173 57/57/57 1301/1301/1301
f 2232/2232/2232 1790/1790/1790 376/376/376
f 1248/1248/1248 2232/2232/2232 1050/1050/1050
f 56/56/56 1138/1138/1138 2232/2232/2232
f 1138/1138/1138 170/170/170 1790/1790/1790
f 2233/2233/2233 1776/1776/1776 347/347/347
f 1790/1790/1790 2233/2233/2233 1051/1051/1051
f 170/170/170 1139/1139/1139 2233/2233/2233
f 1139/1139/1139 171/171/171 1776/1776/1776
f 2234/2234/2234 1255/1255/1255 426/426/426
f 1256/1256/1256 2234/2234/2234 1052/1052/1052
f 172/172/172 1174/1174/1174 2234/2234/2234
f 1174/1174/1174 171/171/171 1255/1255/1255
f 2235/2235/2235 1783/1783/1783 362/362/362
f 1775/1775/1775 2235/2235/2235 1053/1053/1053
f 172/172/172 1140/1140/1140 2235/2235/2235
f 1140/1140/1140 173/173/173 1783/1783/1783
f 2236/2236/2236 1218/1218/1218 561/561/561
f 1738/1738/1738 2236/2236/2236 1054/1054/1054
f 174/174/174 1142/1142/1142 2236/2236/2236
f 1142/1142/1142 30/30/30 1218/1218/1218
f 2237/2237/2237 1791/1791/1791 377/377/377
f 1259/1259/1259 2237/2237/2237 1055/1055/1055
f 174/174/174 1703/1703/1703 2237/2237/2237
f 1703/1703/1703 175/175/175 1791/1791/1791
f 2238/2238/2238 1261/1261/1261 434/434/434
f 1791/1791/1791 2238/2238/2238 1056/1056/1056
f 175/175/175 1720/1720/1720 2238/2238/2238
f 1720/1720/1720 176/176/176 1261/1261/1261
f 2239/2239/2239 1777/1777/1777 517/517/517
f 1262/1262/1262 2239/2239/2239 1057/1057/1057
f 59/59/59 1704/1704/1704 2239/2239/2239
f 1704/1704/1704 176/176/176 1777/1777/1777
f 2240/2240/2240 1216/1216/1216 563/563/563
f 1740/1740/1740 2240/2240/2240 1058/1058/1058
f 177/177/177 1144/1144/1144 2240/2240/2240
f 1144/1144/1144 32/32/32 1216/1216/1216
f 2241/2241/2241 1309/1309/1309 378/378/378
f 1263/1263/1263 2241/2241/2241 1059/1059/1059
f 177/177/177 1175/1175/1175 2241/2241/2241
f 1175/1175/1175 60/60/60 1309/1309/1309
f 2242/2242/2242 1265/1265/1265 441/441/441
f 1309/1309/1309 2242/2242/2242 1060/1060/1060
f 60/60/60 1176/1176/1176 2242/2242/2242
f 1176/1176/1176 178/178/178 1265/1265/1265
f 2243/2243/2243 1778/1778/1778 518/518/518
f 1742/1742/1742 2243/2243/2243 1061/1061/1061
f 179/179/179 1145/1145/1145 2243/2243/2243
f 1145/1145/1145 178/178/178 1778/1778/1778
f 2244/2244/2244 1214/1214/1214 565/565/565
f 1266/1266/1266 2244/2244/2244 1062/1062/1062
f 62/62/62 1177/1177/1177 2244/2244/2244
f 1177/1177/1177 33/33/33 1214/1214/1214
f 2245/2245/2245 1792/1792/1792 379/379/379
f 1743/1743/1743 2245/2245/2245 1063/1063/1063
f 62/62/62 1146/1146/1146 2245/2245/2245
f 1146/1146/1146 180/180/180 1792/1792/1792
f 2246/2246/2246 1745/1745/1745 448/448/448
f 1792/1792/1792 2246/2246/2246 1064/1064/1064
f 180/180/180 1158/1158/1158 2246/2246/2246
f 1158/1158/1158 156/156/156 1745/1745/1745
f 2247/2247/2247 1295/1295/1295 519/519/519
f 1268/1268/1268 2247/2247/2247 1065/1065/1065
f 63/63/63 1178/1178/1178 2247/2247/2247
f 1178/1178/1178 156/156/156 1295/1295/1295
f 2248/2248/2248 1212/1212/1212 567/567/567
f 1269/1269/1269 2248/2248/2248 1066/1066/1066
f 65/65/65 1179/1179/1179 2248/2248/2248
f 1179/1179/1179 34/34/34 1212/1212/1212
f 2249/2249/2249 1310/1310/1310 380/380/380
f 1746/1746/1746 2249/2249/2249 1067/1067/1067
f 65/65/65 1706/1706/1706 2249/2249/2249
f 1706/1706/1706 66/66/66 1310/1310/1310
f 2250/2250/2250 1748/1748/1748 455/455/455
f 1310/1310/1310 2250/2250/2250 1068/1068/1068
f 66/66/66 1721/1721/1721 2250/2250/2250
f 1721/1721/1721 157/157/157 1748/1748/1748
f 2251/2251/2251 1296/1296/1296 520/520/520
f 1749/1749/1749 2251/2251/2251 1069/1069/1069
f 181/181/181 1707/1707/1707 2251/2251/2251
f 1707/1707/1707 157/157/157 1296/1296/1296
f 2252/2252/2252 1210/1210/1210 569/569/569
f 1750/1750/1750 2252/2252/2252 1070/1070/1070
f 182/182/182 1147/1147/1147 2252/2252/2252
f 1147/1147/1147 35/35/35 1210/1210/1210
f 2253/2253/2253 1311/1311/1311 381/381/381
f 1271/1271/1271 2253/2253/2253 1071/1071/1071
f 182/182/182 1180/1180/1180 2253/2253/2253
f 1180/1180/1180 67/67/67 1311/1311/1311
f 2254/2254/2254 1753/1753/1753 462/462/462
f 1311/1311/1311 2254/2254/2254 1072/1072/1072
f 67/67/67 1722/1722/1722 2254/2254/2254
f 1722/1722/1722 158/158/158 1753/1753/1753
f 2255/2255/2255 1297/1297/1297 521/521/521
f 1272/1272/1272 2255/2255/2255 1073/1073/1073
f 68/68/68 1181/1181/1181 2255/2255/2255
f 1181/1181/1181 158/158/158 1297/1297/1297
f 2256/2256/2256 1793/1793/1793 382/382/382
f 1203/1203/1203 2256/2256/2256 1074/1074/1074
f 36/36/36 1148/1148/1148 2256/2256/2256
f 1148/1148/1148 183/183/183 1793/1793/1793
f 2257/2257/2257 1312/1312/1312 383/383/383
f 1793/1793/1793 2257/2257/2257 1075/1075/1075
f 183/183/183 1710/1710/1710 2257/2257/2257
f 1710/1710/1710 70/70/70 1312/1312/1312
f 2258/2258/2258 1755/1755/1755 468/468/468
f 1312/1312/1312 2258/2258/2258 1076/1076/1076
f 70/70/70 1723/1723/1723 2258/2258/2258
f 1723/1723/1723 159/159/159 1755/1755/1755
f 2259/2259/2259 1298/1298/1298 522/522/522
f 1756/1756/1756 2259/2259/2259 1077/1077/1077
f 184/184/184 1711/1711/1711 2259/2259/2259
f 1711/1711/1711 159/159/159 1298/1298/1298
f 2260/2260/2260 1206/1206/1206 574/574/574
f 1275/1275/1275 2260/2260/2260 1078/1078/1078
f 72/72/72 1182/1182/1182 2260/2260/2260
f 1182/1182/1182 37/37/37 1206/1206/1206
f 2261/2261/2261 1794/1794/1794 384/384/384
f 1757/1757/1757 2261/2261/2261 1079/1079/1079
f 72/72/72 1149/1149/1149 2261/2261/2261
f 1149/1149/1149 185/185/185 1794/1794/1794
f 2262/2262/2262 1758/1758/1758 475/475/475
f 1794/1794/1794 2262/2262/2262 1080/1080/1080
f 185/185/185 1159/1159/1159 2262/2262/2262
f 1159/1159/1159 160/160/160 1758/1758/1758
f 2263/2263/2263 1299/1299/1299 523/523/523
f 1759/1759/1759 2263/2263/2263 1081/1081/1081
f 186/186/186 1712/1712/1712 2263/2263/2263
f 1712/1712/1712 160/160/160 1299/1299/1299
f 2264/2264/2264 1204/1204/1204 576/576/576
f 1278/1278/1278 2264/2264/2264 1082/1082/1082
f 73/73/73 1183/1183/1183 2264/2264/2264
f 1183/1183/1183 38/38/38 1204/1204/1204
f 2265/2265/2265 1313/1313/1313 385/385/385
f 1760/1760/1760 2265/2265/2265 1083/1083/1083
f 73/73/73 1714/1714/1714 2265/2265/2265
f 1714/1714/1714 74/74/74 1313/1313/1313
f 2266/2266/2266 1763/1763/1763 482/482/482
f 1313/1313/1313 2266/2266/2266 1084/1084/1084
f 74/74/74 1724/1724/1724 2266/2266/2266
f 1724/1724/1724 161/161/161 1763/1763/1763
f 2267/2267/2267 1300/1300/1300 524/524/524
f 1306/1306/1306 2267/2267/2267 1085/1085/1085
f 75/75/75 1184/1184/1184 2267/2267/2267
f 1184/1184/1184 161/161/161 1300/1300/1300
f 2268/2268/2268 1202/1202/1202 578/578/578
f 1764/1764/1764 2268/2268/2268 1086/1086/1086
f 187/187/187 1150/1150/1150 2268/2268/2268
f 1150/1150/1150 39/39/39 1202/1202/1202
f 2269/2269/2269 1795/1795/1795 386/386/386
f 1280/1280/1280 2269/2269/2269 1087/1087/1087
f 187/187/187 1716/1716/1716 2269/2269/2269
f 1716/1716/1716 188/188/188 1795/1795/1795
f 2270/2270/2270 1282/1282/1282 489/489/489
f 1795/1795/1795 2270/2270/2270 1088/1088/1088
f 188/188/188 1725/1725/1725 2270/2270/2270
f 1725/1725/1725 189/189/189 1282/1282/1282
f 2271/2271/2271 1779/1779/1779 525/525/525
f 1283/1283/1283 2271/2271/2271 1089/1089/1089
f 77/77/77 1717/1717/1717 2271/2271/2271
f 1717/1717/1717 189/189/189 1779/1779/1779
f 2272/2272/2272 1200/1200/1200 580/580/580
f 1766/1766/1766 2272/2272/2272 1090/1090/1090
f 190/190/190 1152/1152/1152 2272/2272/2272
f 1152/1152/1152 40/40/40 1200/1200/1200
f 2273/2273/2273 1314/1314/1314 387/387/387
f 1284/1284/1284 2273/2273/2273 1091/1091/1091
f 190/190/190 1185/1185/1185 2273/2273/2273
f 1185/1185/1185 78/78/78 1314/1314/1314
f 2274/2274/2274 1286/1286/1286 496/496/496
f 1314/1314/1314 2274/2274/2274 1092/1092/1092
f 78/78/78 1186/1186/1186 2274/2274/2274
f 1186/1186/1186 191/191/191 1286/1286/1286
f 2275/2275/2275 1780/1780/1780 526/526/526
f 1768/1768/1768 2275/2275/2275 1093/1093/1093
f 192/192/192 1153/1153/1153 2275/2275/2275
f 1153/1153/1153 191/191/191 1780/1780/1780
f 2276/2276/2276 1198/1198/1198 582/582/582
f 1287/1287/1287 2276/2276/2276 1094/1094/1094
f 80/80/80 1187/1187/1187 2276/2276/2276
f 1187/1187/1187 41/41/41 1198/1198/1198
f 2277/2277/2277 1796/1796/1796 388/388/388
f 1769/1769/1769 2277/2277/2277 1095/1095/1095
f 80/80/80 1154/1154/1154 2277/2277/2277
f 1154/1154/1154 193/193/193 1796/1796/1796
f 2278/2278/2278 1289/1289/1289 503/503/503
f 1796/1796/1796 2278/2278/2278 1096/1096/1096
f 193/193/193 1726/1726/1726 2278/2278/2278
f 1726/1726/1726 194/194/194 1289/1289/1289
f 2279/2279/2279 1781/1781/1781 527/527/527
f 1290/1290/1290 2279/2279/2279 1097/1097/1097
f 81/81/81 1718/1718/1718 2279/2279/2279
f 1718/1718/1718 194/194/194 1781/1781/1781
f 2280/2280/2280 1196/1196/1196 584/584/584
f 1771/1771/1771 2280/2280/2280 1098/1098/1098
f 195/195/195 1156/1156/1156 2280/2280/2280
f 1156/1156/1156 42/42/42 1196/1196/1196
f 2281/2281/2281 1315/1315/1315 389/389/389
f 1291/1291/1291 2281/2281/2281 1099/1099/1099
f 195/195/195 1188/1188/1188 2281/2281/2281
f 1188/1188/1188 82/82/82 1315/1315/1315
f 2282/2282/2282 1293/1293/1293 510/510/510
f 1315/1315/1315 2282/2282/2282 1100/1100/1100
f 82/82/82 1189/1189/1189 2282/2282/2282
f 1189/1189/1189 196/196/196 1293/1293/1293
f 2283/2283/2283 1782/1782/1782 528/528/528
f 1773/1773/1773 2283/2283/2283 1101/1101/1101
f 197/197/197 1157/1157/1157 2283/2283/2283
f 1157/1157/1157 196/196/196 1782/1782/1782
f 2284/2284/2284 1509/1509/1509 200/200/200
f 1510/1510/1510 2284/2284/2284 1316/1316/1316
f 390/390/390 682/682/682 2284/2284/2284
f 682/682/682 391/391/391 1509/1509/1509
f 2285/2285/2285 1511/1511/1511 203/203/203
f 1512/1512/1512 2285/2285/2285 1317/1317/1317
f 392/392/392 684/684/684 2285/2285/2285
f 684/684/684 393/393/393 1511/1511/1511
f 2286/2286/2286 1513/1513/1513 202/202/202
f 1514/1514/1514 2286/2286/2286 1318/1318/1318
f 395/395/395 710/710/710 2286/2286/2286
f 710/710/710 394/394/394 1513/1513/1513
f 2287/2287/2287 1515/1515/1515 227/227/227
f 1516/1516/1516 2287/2287/2287 1319/1319/1319
f 397/397/397 711/711/711 2287/2287/2287
f 711/711/711 396/396/396 1515/1515/1515
f 2288/2288/2288 1517/1517/1517 230/230/230
f 1518/1518/1518 2288/2288/2288 1320/1320/1320
f 399/399/399 712/712/712 2288/2288/2288
f 712/712/712 398/398/398 1517/1517/1517
f 2289/2289/2289 1519/1519/1519 233/233/233
f 1520/1520/1520 2289/2289/2289 1321/1321/1321
f 401/401/401 713/713/713 2289/2289/2289
f 713/713/713 400/400/400 1519/1519/1519
f 2290/2290/2290 1521/1521/1521 236/236/236
f 1522/1522/1522 2290/2290/2290 1322/1322/1322
f 403/403/403 714/714/714 2290/2290/2290
f 714/714/714 402/402/402 1521/1521/1521
f 2291/2291/2291 1523/1523/1523 239/239/239
f 1524/1524/1524 2291/2291/2291 1323/1323/1323
f 405/405/405 715/715/715 2291/2291/2291
f 715/715/715 404/404/404 1523/1523/1523
f 2292/2292/2292 1525/1525/1525 242/242/242
f 1526/1526/1526 2292/2292/2292 1324/1324/1324
f 407/407/407 716/716/716 2292/2292/2292
f 716/716/716 406/406/406 1525/1525/1525
f 2293/2293/2293 1502/1502/1502 608/608/608
f 1830/1830/1830 2293/2293/2293 1835/1835/1835
f 588/588/588 1798/1798/1798 2293/2293/2293
f 1798/1798/1798 589/589/589 1502/1502/1502
f 2294/2294/2294 1529/1529/1529 247/247/247
f 1530/1530/1530 2294/2294/2294 1325/1325/1325
f 411/411/411 718/718/718 2294/2294/2294
f 718/718/718 410/410/410 1529/1529/1529
f 2295/2295/2295 1531/1531/1531 249/249/249
f 1532/1532/1532 2295/2295/2295 1326/1326/1326
f 413/413/413 719/719/719 2295/2295/2295
f 719/719/719 412/412/412 1531/1531/1531
f 2296/2296/2296 1533/1533/1533 252/252/252
f 1534/1534/1534 2296/2296/2296 1327/1327/1327
f 415/415/415 720/720/720 2296/2296/2296
f 720/720/720 414/414/414 1533/1533/1533
f 2297/2297/2297 1535/1535/1535 255/255/255
f 1536/1536/1536 2297/2297/2297 1328/1328/1328
f 417/417/417 721/721/721 2297/2297/2297
f 721/721/721 416/416/416 1535/1535/1535
f 2298/2298/2298 1537/1537/1537 261/261/261
f 1538/1538/1538 2298/2298/2298 1329/1329/1329
f 419/419/419 738/738/738 2298/2298/2298
f 738/738/738 418/418/418 1537/1537/1537
f 2299/2299/2299 1538/1538/1538 258/258/258
f 1539/1539/1539 2299/2299/2299 1330/1330/1330
f 420/420/420 739/739/739 2299/2299/2299
f 739/739/739 419/419/419 1538/1538/1538
f 2300/2300/2300 1540/1540/1540 266/266/266
f 1541/1541/1541 2300/2300/2300 1331/1331/1331
f 422/422/422 740/740/740 2300/2300/2300
f 740/740/740 421/421/421 1540/1540/1540
f 2301/2301/2301 1541/1541/1541 267/267/267
f 1542/1542/1542 2301/2301/2301 1332/1332/1332
f 423/423/423 741/741/741 2301/2301/2301
f 741/741/741 422/422/422 1541/1541/1541
f 2302/2302/2302 1543/1543/1543 263/263/263
f 1544/1544/1544 2302/2302/2302 1333/1333/1333
f 425/425/425 742/742/742 2302/2302/2302
f 742/742/742 424/424/424 1543/1543/1543
f 2303/2303/2303 1544/1544/1544 269/269/269
f 1545/1545/1545 2303/2303/2303 1334/1334/1334
f 426/426/426 743/743/743 2303/2303/2303
f 743/743/743 425/425/425 1544/1544/1544
f 2304/2304/2304 1546/1546/1546 271/271/271
f 1547/1547/1547 2304/2304/2304 1335/1335/1335
f 428/428/428 744/744/744 2304/2304/2304
f 744/744/744 427/427/427 1546/1546/1546
f 2305/2305/2305 1547/1547/1547 272/272/272
f 1548/1548/1548 2305/2305/2305 1336/1336/1336
f 429/429/429 745/745/745 2305/2305/2305
f 745/745/745 428/428/428 1547/1547/1547
f 2306/2306/2306 1549/1549/1549 274/274/274
f 1550/1550/1550 2306/2306/2306 1337/1337/1337
f 430/430/430 746/746/746 2306/2306/2306
f 746/746/746 431/431/431 1549/1549/1549
f 2307/2307/2307 1551/1551/1551 275/275/275
f 1552/1552/1552 2307/2307/2307 1338/1338/1338
f 433/433/433 747/747/747 2307/2307/2307
f 747/747/747 432/432/432 1551/1551/1551
f 2308/2308/2308 1553/1553/1553 278/278/278
f 1554/1554/1554 2308/2308/2308 1339/1339/1339
f 434/434/434 748/748/748 2308/2308/2308
f 748/748/748 435/435/435 1553/1553/1553
f 2309/2309/2309 1555/1555/1555 279/279/279
f 1513/1513/1513 2309/2309/2309 1340/1340/1340
f 394/394/394 749/749/749 2309/2309/2309
f 749/749/749 436/436/436 1555/1555/1555
f 2310/2310/2310 1556/1556/1556 280/280/280
f 1557/1557/1557 2310/2310/2310 1341/1341/1341
f 437/437/437 750/750/750 2310/2310/2310
f 750/750/750 438/438/438 1556/1556/1556
f 2311/2311/2311 1558/1558/1558 281/281/281
f 1559/1559/1559 2311/2311/2311 1342/1342/1342
f 440/440/440 751/751/751 2311/2311/2311
f 751/751/751 439/439/439 1558/1558/1558
f 2312/2312/2312 1560/1560/1560 284/284/284
f 1561/1561/1561 2312/2312/2312 1343/1343/1343
f 441/441/441 752/752/752 2312/2312/2312
f 752/752/752 442/442/442 1560/1560/1560
f 2313/2313/2313 1562/1562/1562 285/285/285
f 1515/1515/1515 2313/2313/2313 1344/1344/1344
f 396/396/396 753/753/753 2313/2313/2313
f 753/753/753 443/443/443 1562/1562/1562
f 2314/2314/2314 1563/1563/1563 286/286/286
f 1564/1564/1564 2314/2314/2314 1345/1345/1345
f 444/444/444 754/754/754 2314/2314/2314
f 754/754/754 445/445/445 1563/1563/1563
f 2315/2315/2315 1565/1565/1565 287/287/287
f 1566/1566/1566 2315/2315/2315 1346/1346/1346
f 447/447/447 755/755/755 2315/2315/2315
f 755/755/755 446/446/446 1565/1565/1565
f 2316/2316/2316 1567/1567/1567 290/290/290
f 1568/1568/1568 2316/2316/2316 1347/1347/1347
f 448/448/448 756/756/756 2316/2316/2316
f 756/756/756 449/449/449 1567/1567/1567
f 2317/2317/2317 1569/1569/1569 291/291/291
f 1517/1517/1517 2317/2317/2317 1348/1348/1348
f 398/398/398 757/757/757 2317/2317/2317
f 757/757/757 450/450/450 1569/1569/1569
f 2318/2318/2318 1570/1570/1570 292/292/292
f 1571/1571/1571 2318/2318/2318 1349/1349/1349
f 451/451/451 758/758/758 2318/2318/2318
f 758/758/758 452/452/452 1570/1570/1570
f 2319/2319/2319 1572/1572/1572 293/293/293
f 1573/1573/1573 2319/2319/2319 1350/1350/1350
f 454/454/454 759/759/759 2319/2319/2319
f 759/759/759 453/453/453 1572/1572/1572
f 2320/2320/2320 1574/1574/1574 296/296/296
f 1575/1575/1575 2320/2320/2320 1351/1351/1351
f 455/455/455 760/760/760 2320/2320/2320
f 760/760/760 456/456/456 1574/1574/1574
f 2321/2321/2321 1576/1576/1576 297/297/297
f 1519/1519/1519 2321/2321/2321 1352/1352/1352
f 400/400/400 761/761/761 2321/2321/2321
f 761/761/761 457/457/457 1576/1576/1576
f 2322/2322/2322 1577/1577/1577 298/298/298
f 1578/1578/1578 2322/2322/2322 1353/1353/1353
f 458/458/458 762/762/762 2322/2322/2322
f 762/762/762 459/459/459 1577/1577/1577
f 2323/2323/2323 1579/1579/1579 299/299/299
f 1580/1580/1580 2323/2323/2323 1354/1354/1354
f 461/461/461 763/763/763 2323/2323/2323
f 763/763/763 460/460/460 1579/1579/1579
f 2324/2324/2324 1581/1581/1581 302/302/302
f 1582/1582/1582 2324/2324/2324 1355/1355/1355
f 462/462/462 764/764/764 2324/2324/2324
f 764/764/764 463/463/463 1581/1581/1581
f 2325/2325/2325 1583/1583/1583 303/303/303
f 1521/1521/1521 2325/2325/2325 1356/1356/1356
f 402/402/402 765/765/765 2325/2325/2325
f 765/765/765 464/464/464 1583/1583/1583
f 2326/2326/2326 1584/1584/1584 216/216/216
f 1585/1585/1585 2326/2326/2326 1357/1357/1357
f 466/466/466 766/766/766 2326/2326/2326
f 766/766/766 465/465/465 1584/1584/1584
f 2327/2327/2327 1585/1585/1585 304/304/304
f 1586/1586/1586 2327/2327/2327 1358/1358/1358
f 467/467/467 767/767/767 2327/2327/2327
f 767/767/767 466/466/466 1585/1585/1585
f 2328/2328/2328 1587/1587/1587 307/307/307
f 1588/1588/1588 2328/2328/2328 1359/1359/1359
f 468/468/468 768/768/768 2328/2328/2328
f 768/768/768 469/469/469 1587/1587/1587
f 2329/2329/2329 1589/1589/1589 308/308/308
f 1523/1523/1523 2329/2329/2329 1360/1360/1360
f 404/404/404 769/769/769 2329/2329/2329
f 769/769/769 470/470/470 1589/1589/1589
f 2330/2330/2330 1590/1590/1590 309/309/309
f 1591/1591/1591 2330/2330/2330 1361/1361/1361
f 471/471/471 770/770/770 2330/2330/2330
f 770/770/770 472/472/472 1590/1590/1590
f 2331/2331/2331 1592/1592/1592 310/310/310
f 1593/1593/1593 2331/2331/2331 1362/1362/1362
f 474/474/474 771/771/771 2331/2331/2331
f 771/771/771 473/473/473 1592/1592/1592
f 2332/2332/2332 1594/1594/1594 313/313/313
f 1595/1595/1595 2332/2332/2332 1363/1363/1363
f 475/475/475 772/772/772 2332/2332/2332
f 772/772/772 476/476/476 1594/1594/1594
f 2333/2333/2333 1596/1596/1596 314/314/314
f 1525/1525/1525 2333/2333/2333 1364/1364/1364
f 406/406/406 773/773/773 2333/2333/2333
f 773/773/773 477/477/477 1596/1596/1596
f 2334/2334/2334 1597/1597/1597 315/315/315
f 1598/1598/1598 2334/2334/2334 1365/1365/1365
f 478/478/478 774/774/774 2334/2334/2334
f 774/774/774 479/479/479 1597/1597/1597
f 2335/2335/2335 1861/1861/1861 622/622/622
f 1600/1600/1600 2335/2335/2335 1866/1866/1866
f 481/481/481 775/775/775 2335/2335/2335
f 775/775/775 480/480/480 1861/1861/1861
f 2336/2336/2336 1601/1601/1601 319/319/319
f 1602/1602/1602 2336/2336/2336 1367/1367/1367
f 482/482/482 776/776/776 2336/2336/2336
f 776/776/776 483/483/483 1601/1601/1601
f 2337/2337/2337 1603/1603/1603 320/320/320
f 1601/1601/1601 2337/2337/2337 1368/1368/1368
f 483/483/483 777/777/777 2337/2337/2337
f 777/777/777 484/484/484 1603/1603/1603
f 2338/2338/2338 1604/1604/1604 321/321/321
f 1605/1605/1605 2338/2338/2338 1369/1369/1369
f 485/485/485 778/778/778 2338/2338/2338
f 778/778/778 486/486/486 1604/1604/1604
f 2339/2339/2339 1606/1606/1606 322/322/322
f 1607/1607/1607 2339/2339/2339 1370/1370/1370
f 488/488/488 779/779/779 2339/2339/2339
f 779/779/779 487/487/487 1606/1606/1606
f 2340/2340/2340 1608/1608/1608 325/325/325
f 1609/1609/1609 2340/2340/2340 1371/1371/1371
f 489/489/489 780/780/780 2340/2340/2340
f 780/780/780 490/490/490 1608/1608/1608
f 2341/2341/2341 1610/1610/1610 326/326/326
f 1529/1529/1529 2341/2341/2341 1372/1372/1372
f 410/410/410 781/781/781 2341/2341/2341
f 781/781/781 491/491/491 1610/1610/1610
f 2342/2342/2342 1611/1611/1611 327/327/327
f 1612/1612/1612 2342/2342/2342 1373/1373/1373
f 492/492/492 782/782/782 2342/2342/2342
f 782/782/782 493/493/493 1611/1611/1611
f 2343/2343/2343 1613/1613/1613 328/328/328
f 1614/1614/1614 2343/2343/2343 1374/1374/1374
f 495/495/495 783/783/783 2343/2343/2343
f 783/783/783 494/494/494 1613/1613/1613
f 2344/2344/2344 1615/1615/1615 331/331/331
f 1616/1616/1616 2344/2344/2344 1375/1375/1375
f 496/496/496 784/784/784 2344/2344/2344
f 784/784/784 497/497/497 1615/1615/1615
f 2345/2345/2345 1617/1617/1617 332/332/332
f 1531/1531/1531 2345/2345/2345 1376/1376/1376
f 412/412/412 785/785/785 2345/2345/2345
f 785/785/785 498/498/498 1617/1617/1617
f 2346/2346/2346 1618/1618/1618 333/333/333
f 1619/1619/1619 2346/2346/2346 1377/1377/1377
f 499/499/499 786/786/786 2346/2346/2346
f 786/786/786 500/500/500 1618/1618/1618
f 2347/2347/2347 1620/1620/1620 334/334/334
f 1621/1621/1621 2347/2347/2347 1378/1378/1378
f 502/502/502 787/787/787 2347/2347/2347
f 787/787/787 501/501/501 1620/1620/1620
f 2348/2348/2348 1622/1622/1622 337/337/337
f 1623/1623/1623 2348/2348/2348 1379/1379/1379
f 503/503/503 788/788/788 2348/2348/2348
f 788/788/788 504/504/504 1622/1622/1622
f 2349/2349/2349 1624/1624/1624 338/338/338
f 1533/1533/1533 2349/2349/2349 1380/1380/1380
f 414/414/414 789/789/789 2349/2349/2349
f 789/789/789 505/505/505 1624/1624/1624
f 2350/2350/2350 1625/1625/1625 339/339/339
f 1626/1626/1626 2350/2350/2350 1381/1381/1381
f 506/506/506 790/790/790 2350/2350/2350
f 790/790/790 507/507/507 1625/1625/1625
f 2351/2351/2351 1627/1627/1627 340/340/340
f 1628/1628/1628 2351/2351/2351 1382/1382/1382
f 509/509/509 791/791/791 2351/2351/2351
f 791/791/791 508/508/508 1627/1627/1627
f 2352/2352/2352 1629/1629/1629 343/343/343
f 1630/1630/1630 2352/2352/2352 1383/1383/1383
f 510/510/510 792/792/792 2352/2352/2352
f 792/792/792 511/511/511 1629/1629/1629
f 2353/2353/2353 1631/1631/1631 344/344/344
f 1535/1535/1535 2353/2353/2353 1384/1384/1384
f 416/416/416 793/793/793 2353/2353/2353
f 793/793/793 512/512/512 1631/1631/1631
f 2354/2354/2354 1632/1632/1632 346/346/346
f 1633/1633/1633 2354/2354/2354 1385/1385/1385
f 345/345/345 990/990/990 2354/2354/2354
f 990/990/990 514/514/514 1632/1632/1632
f 2355/2355/2355 1634/1634/1634 348/348/348
f 1635/1635/1635 2355/2355/2355 1386/1386/1386
f 347/347/347 991/991/991 2355/2355/2355
f 991/991/991 516/516/516 1634/1634/1634
f 2356/2356/2356 1552/1552/1552 276/276/276
f 1636/1636/1636 2356/2356/2356 1387/1387/1387
f 517/517/517 992/992/992 2356/2356/2356
f 992/992/992 433/433/433 1552/1552/1552
f 2357/2357/2357 1559/1559/1559 282/282/282
f 1637/1637/1637 2357/2357/2357 1388/1388/1388
f 518/518/518 993/993/993 2357/2357/2357
f 993/993/993 440/440/440 1559/1559/1559
f 2358/2358/2358 1566/1566/1566 288/288/288
f 1638/1638/1638 2358/2358/2358 1389/1389/1389
f 519/519/519 994/994/994 2358/2358/2358
f 994/994/994 447/447/447 1566/1566/1566
f 2359/2359/2359 1573/1573/1573 294/294/294
f 1639/1639/1639 2359/2359/2359 1390/1390/1390
f 520/520/520 995/995/995 2359/2359/2359
f 995/995/995 454/454/454 1573/1573/1573
f 2360/2360/2360 1580/1580/1580 300/300/300
f 1640/1640/1640 2360/2360/2360 1391/1391/1391
f 521/521/521 996/996/996 2360/2360/2360
f 996/996/996 461/461/461 1580/1580/1580
f 2361/2361/2361 1586/1586/1586 305/305/305
f 1641/1641/1641 2361/2361/2361 1392/1392/1392
f 522/522/522 997/997/997 2361/2361/2361
f 997/997/997 467/467/467 1586/1586/1586
f 2362/2362/2362 1593/1593/1593 311/311/311
f 1642/1642/1642 2362/2362/2362 1393/1393/1393
f 523/523/523 998/998/998 2362/2362/2362
f 998/998/998 474/474/474 1593/1593/1593
f 2363/2363/2363 1600/1600/1600 317/317/317
f 1643/1643/1643 2363/2363/2363 1394/1394/1394
f 524/524/524 999/999/999 2363/2363/2363
f 999/999/999 481/481/481 1600/1600/1600
f 2364/2364/2364 1607/1607/1607 323/323/323
f 1644/1644/1644 2364/2364/2364 1395/1395/1395
f 525/525/525 1000/1000/1000 2364/2364/2364
f 1000/1000/1000 488/488/488 1607/1607/1607
f 2365/2365/2365 1614/1614/1614 329/329/329
f 1645/1645/1645 2365/2365/2365 1396/1396/1396
f 526/526/526 1001/1001/1001 2365/2365/2365
f 1001/1001/1001 495/495/495 1614/1614/1614
f 2366/2366/2366 1621/1621/1621 335/335/335
f 1646/1646/1646 2366/2366/2366 1397/1397/1397
f 527/527/527 1002/1002/1002 2366/2366/2366
f 1002/1002/1002 502/502/502 1621/1621/1621
f 2367/2367/2367 1628/1628/1628 341/341/341
f 1647/1647/1647 2367/2367/2367 1398/1398/1398
f 528/528/528 1003/1003/1003 2367/2367/2367
f 1003/1003/1003 509/509/509 1628/1628/1628
f 2368/2368/2368 1542/1542/1542 268/268/268
f 1648/1648/1648 2368/2368/2368 1399/1399/1399
f 529/529/529 1018/1018/1018 2368/2368/2368
f 1018/1018/1018 423/423/423 1542/1542/1542
f 2369/2369/2369 1510/1510/1510 198/198/198
f 1649/1649/1649 2369/2369/2369 1400/1400/1400
f 361/361/361 1019/1019/1019 2369/2369/2369
f 1019/1019/1019 390/390/390 1510/1510/1510
f 2370/2370/2370 1548/1548/1548 273/273/273
f 1650/1650/1650 2370/2370/2370 1401/1401/1401
f 531/531/531 1020/1020/1020 2370/2370/2370
f 1020/1020/1020 429/429/429 1548/1548/1548
f 2371/2371/2371 1512/1512/1512 199/199/199
f 1651/1651/1651 2371/2371/2371 1402/1402/1402
f 362/362/362 1021/1021/1021 2371/2371/2371
f 1021/1021/1021 392/392/392 1512/1512/1512
f 2372/2372/2372 1652/1652/1652 229/229/229
f 1653/1653/1653 2372/2372/2372 1403/1403/1403
f 363/363/363 1022/1022/1022 2372/2372/2372
f 1022/1022/1022 534/534/534 1652/1652/1652
f 2373/2373/2373 1653/1653/1653 533/533/533
f 1553/1553/1553 2373/2373/2373 1404/1404/1404
f 435/435/435 1023/1023/1023 2373/2373/2373
f 1023/1023/1023 363/363/363 1653/1653/1653
f 2374/2374/2374 1654/1654/1654 232/232/232
f 1655/1655/1655 2374/2374/2374 1405/1405/1405
f 364/364/364 1024/1024/1024 2374/2374/2374
f 1024/1024/1024 536/536/536 1654/1654/1654
f 2375/2375/2375 1655/1655/1655 535/535/535
f 1560/1560/1560 2375/2375/2375 1406/1406/1406
f 442/442/442 1025/1025/1025 2375/2375/2375
f 1025/1025/1025 364/364/364 1655/1655/1655
f 2376/2376/2376 1656/1656/1656 235/235/235
f 1657/1657/1657 2376/2376/2376 1407/1407/1407
f 365/365/365 1026/1026/1026 2376/2376/2376
f 1026/1026/1026 538/538/538 1656/1656/1656
f 2377/2377/2377 1657/1657/1657 537/537/537
f 1567/1567/1567 2377/2377/2377 1408/1408/1408
f 449/449/449 1027/1027/1027 2377/2377/2377
f 1027/1027/1027 365/365/365 1657/1657/1657
f 2378/2378/2378 1658/1658/1658 238/238/238
f 1659/1659/1659 2378/2378/2378 1409/1409/1409
f 366/366/366 1028/1028/1028 2378/2378/2378
f 1028/1028/1028 540/540/540 1658/1658/1658
f 2379/2379/2379 1659/1659/1659 539/539/539
f 1574/1574/1574 2379/2379/2379 1410/1410/1410
f 456/456/456 1029/1029/1029 2379/2379/2379
f 1029/1029/1029 366/366/366 1659/1659/1659
f 2380/2380/2380 1660/1660/1660 241/241/241
f 1661/1661/1661 2380/2380/2380 1411/1411/1411
f 367/367/367 1030/1030/1030 2380/2380/2380
f 1030/1030/1030 542/542/542 1660/1660/1660
f 2381/2381/2381 1661/1661/1661 541/541/541
f 1581/1581/1581 2381/2381/2381 1412/1412/1412
f 463/463/463 1031/1031/1031 2381/2381/2381
f 1031/1031/1031 367/367/367 1661/1661/1661
f 2382/2382/2382 1830/1830/1830 606/606/606
f 1455/1455/1455 2382/2382/2382 1834/1834/1834
f 586/586/586 1799/1799/1799 2382/2382/2382
f 1799/1799/1799 588/588/588 1830/1830/1830
f 2383/2383/2383 1662/1662/1662 543/543/543
f 1587/1587/1587 2383/2383/2383 1414/1414/1414
f 469/469/469 1033/1033/1033 2383/2383/2383
f 1033/1033/1033 368/368/368 1662/1662/1662
f 2384/2384/2384 1663/1663/1663 246/246/246
f 1664/1664/1664 2384/2384/2384 1415/1415/1415
f 369/369/369 1034/1034/1034 2384/2384/2384
f 1034/1034/1034 546/546/546 1663/1663/1663
f 2385/2385/2385 1664/1664/1664 545/545/545
f 1594/1594/1594 2385/2385/2385 1416/1416/1416
f 476/476/476 1035/1035/1035 2385/2385/2385
f 1035/1035/1035 369/369/369 1664/1664/1664
f 2386/2386/2386 1665/1665/1665 248/248/248
f 1603/1603/1603 2386/2386/2386 1417/1417/1417
f 484/484/484 1036/1036/1036 2386/2386/2386
f 1036/1036/1036 547/547/547 1665/1665/1665
f 2387/2387/2387 1666/1666/1666 548/548/548
f 1868/1868/1868 2387/2387/2387 1871/1871/1871
f 408/408/408 1037/1037/1037 2387/2387/2387
f 1037/1037/1037 370/370/370 1666/1666/1666
f 2388/2388/2388 1667/1667/1667 251/251/251
f 1668/1668/1668 2388/2388/2388 1419/1419/1419
f 371/371/371 1038/1038/1038 2388/2388/2388
f 1038/1038/1038 550/550/550 1667/1667/1667
f 2389/2389/2389 1668/1668/1668 549/549/549
f 1608/1608/1608 2389/2389/2389 1420/1420/1420
f 490/490/490 1039/1039/1039 2389/2389/2389
f 1039/1039/1039 371/371/371 1668/1668/1668
f 2390/2390/2390 1669/1669/1669 254/254/254
f 1670/1670/1670 2390/2390/2390 1421/1421/1421
f 372/372/372 1040/1040/1040 2390/2390/2390
f 1040/1040/1040 552/552/552 1669/1669/1669
f 2391/2391/2391 1670/1670/1670 551/551/551
f 1615/1615/1615 2391/2391/2391 1422/1422/1422
f 497/497/497 1041/1041/1041 2391/2391/2391
f 1041/1041/1041 372/372/372 1670/1670/1670
f 2392/2392/2392 1671/1671/1671 257/257/257
f 1672/1672/1672 2392/2392/2392 1423/1423/1423
f 373/373/373 1042/1042/1042 2392/2392/2392
f 1042/1042/1042 554/554/554 1671/1671/1671
f 2393/2393/2393 1672/1672/1672 553/553/553
f 1622/1622/1622 2393/2393/2393 1424/1424/1424
f 504/504/504 1043/1043/1043 2393/2393/2393
f 1043/1043/1043 373/373/373 1672/1672/1672
f 2394/2394/2394 1673/1673/1673 260/260/260
f 1674/1674/1674 2394/2394/2394 1425/1425/1425
f 374/374/374 1044/1044/1044 2394/2394/2394
f 1044/1044/1044 556/556/556 1673/1673/1673
f 2395/2395/2395 1674/1674/1674 555/555/555
f 1629/1629/1629 2395/2395/2395 1426/1426/1426
f 511/511/511 1045/1045/1045 2395/2395/2395
f 1045/1045/1045 374/374/374 1674/1674/1674
f 2396/2396/2396 1675/1675/1675 558/558/558
f 1676/1676/1676 2396/2396/2396 1427/1427/1427
f 557/557/557 1046/1046/1046 2396/2396/2396
f 1046/1046/1046 375/375/375 1675/1675/1675
f 2397/2397/2397 1633/1633/1633 513/513/513
f 1675/1675/1675 2397/2397/2397 1428/1428/1428
f 375/375/375 1047/1047/1047 2397/2397/2397
f 1047/1047/1047 345/345/345 1633/1633/1633
f 2398/2398/2398 1539/1539/1539 265/265/265
f 1540/1540/1540 2398/2398/2398 1429/1429/1429
f 421/421/421 1048/1048/1048 2398/2398/2398
f 1048/1048/1048 420/420/420 1539/1539/1539
f 2399/2399/2399 1649/1649/1649 530/530/530
f 1632/1632/1632 2399/2399/2399 1430/1430/1430
f 514/514/514 1049/1049/1049 2399/2399/2399
f 1049/1049/1049 361/361/361 1649/1649/1649
f 2400/2400/2400 1677/1677/1677 560/560/560
f 1678/1678/1678 2400/2400/2400 1431/1431/1431
f 559/559/559 1050/1050/1050 2400/2400/2400
f 1050/1050/1050 376/376/376 1677/1677/1677
f 2401/2401/2401 1635/1635/1635 515/515/515
f 1677/1677/1677 2401/2401/2401 1432/1432/1432
f 376/376/376 1051/1051/1051 2401/2401/2401
f 1051/1051/1051 347/347/347 1635/1635/1635
f 2402/2402/2402 1545/1545/1545 270/270/270
f 1546/1546/1546 2402/2402/2402 1433/1433/1433
f 427/427/427 1052/1052/1052 2402/2402/2402
f 1052/1052/1052 426/426/426 1545/1545/1545
f 2403/2403/2403 1651/1651/1651 532/532/532
f 1634/1634/1634 2403/2403/2403 1434/1434/1434
f 516/516/516 1053/1053/1053 2403/2403/2403
f 1053/1053/1053 362/362/362 1651/1651/1651
f 2404/2404/2404 1679/1679/1679 226/226/226
f 1551/1551/1551 2404/2404/2404 1435/1435/1435
f 432/432/432 1054/1054/1054 2404/2404/2404
f 1054/1054/1054 561/561/561 1679/1679/1679
f 2405/2405/2405 1680/1680/1680 562/562/562
f 1549/1549/1549 2405/2405/2405 1436/1436/1436
f 431/431/431 1055/1055/1055 2405/2405/2405
f 1055/1055/1055 377/377/377 1680/1680/1680
f 2406/2406/2406 1554/1554/1554 277/277/277
f 1680/1680/1680 2406/2406/2406 1437/1437/1437
f 377/377/377 1056/1056/1056 2406/2406/2406
f 1056/1056/1056 434/434/434 1554/1554/1554
f 2407/2407/2407 1636/1636/1636 349/349/349
f 1555/1555/1555 2407/2407/2407 1438/1438/1438
f 436/436/436 1057/1057/1057 2407/2407/2407
f 1057/1057/1057 517/517/517 1636/1636/1636
f 2408/2408/2408 1681/1681/1681 224/224/224
f 1558/1558/1558 2408/2408/2408 1439/1439/1439
f 439/439/439 1058/1058/1058 2408/2408/2408
f 1058/1058/1058 563/563/563 1681/1681/1681
f 2409/2409/2409 1682/1682/1682 564/564/564
f 1556/1556/1556 2409/2409/2409 1440/1440/1440
f 438/438/438 1059/1059/1059 2409/2409/2409
f 1059/1059/1059 378/378/378 1682/1682/1682
f 2410/2410/2410 1561/1561/1561 283/283/283
f 1682/1682/1682 2410/2410/2410 1441/1441/1441
f 378/378/378 1060/1060/1060 2410/2410/2410
f 1060/1060/1060 441/441/441 1561/1561/1561
f 2411/2411/2411 1637/1637/1637 350/350/350
f 1562/1562/1562 2411/2411/2411 1442/1442/1442
f 443/443/443 1061/1061/1061 2411/2411/2411
f 1061/1061/1061 518/518/518 1637/1637/1637
f 2412/2412/2412 1683/1683/1683 222/222/222
f 1565/1565/1565 2412/2412/2412 1443/1443/1443
f 446/446/446 1062/1062/1062 2412/2412/2412
f 1062/1062/1062 565/565/565 1683/1683/1683
f 2413/2413/2413 1684/1684/1684 566/566/566
f 1563/1563/1563 2413/2413/2413 1444/1444/1444
f 445/445/445 1063/1063/1063 2413/2413/2413
f 1063/1063/1063 379/379/379 1684/1684/1684
f 2414/2414/2414 1568/1568/1568 289/289/289
f 1684/1684/1684 2414/2414/2414 1445/1445/1445
f 379/379/379 1064/1064/1064 2414/2414/2414
f 1064/1064/1064 448/448/448 1568/1568/1568
f 2415/2415/2415 1638/1638/1638 351/351/351
f 1569/1569/1569 2415/2415/2415 1446/1446/1446
f 450/450/450 1065/1065/1065 2415/2415/2415
f 1065/1065/1065 519/519/519 1638/1638/1638
f 2416/2416/2416 1685/1685/1685 220/220/220
f 1572/1572/1572 2416/2416/2416 1447/1447/1447
f 453/453/453 1066/1066/1066 2416/2416/2416
f 1066/1066/1066 567/567/567 1685/1685/1685
f 2417/2417/2417 1686/1686/1686 568/568/568
f 1570/1570/1570 2417/2417/2417 1448/1448/1448
f 452/452/452 1067/1067/1067 2417/2417/2417
f 1067/1067/1067 380/380/380 1686/1686/1686
f 2418/2418/2418 1575/1575/1575 295/295/295
f 1686/1686/1686 2418/2418/2418 1449/1449/1449
f 380/380/380 1068/1068/1068 2418/2418/2418
f 1068/1068/1068 455/455/455 1575/1575/1575
f 2419/2419/2419 1639/1639/1639 352/352/352
f 1576/1576/1576 2419/2419/2419 1450/1450/1450
f 457/457/457 1069/1069/1069 2419/2419/2419
f 1069/1069/1069 520/520/520 1639/1639/1639
f 2420/2420/2420 1687/1687/1687 218/218/218
f 1579/1579/1579 2420/2420/2420 1451/1451/1451
f 460/460/460 1070/1070/1070 2420/2420/2420
f 1070/1070/1070 569/569/569 1687/1687/1687
f 2421/2421/2421 1688/1688/1688 570/570/570
f 1577/1577/1577 2421/2421/2421 1452/1452/1452
f 459/459/459 1071/1071/1071 2421/2421/2421
f 1071/1071/1071 381/381/381 1688/1688/1688
f 2422/2422/2422 1582/1582/1582 301/301/301
f 1688/1688/1688 2422/2422/2422 1453/1453/1453
f 381/381/381 1072/1072/1072 2422/2422/2422
f 1072/1072/1072 462/462/462 1582/1582/1582
f 2423/2423/2423 1640/1640/1640 353/353/353
f 1583/1583/1583 2423/2423/2423 1454/1454/1454
f 464/464/464 1073/1073/1073 2423/2423/2423
f 1073/1073/1073 521/521/521 1640/1640/1640
f 2424/2424/2424 1691/1691/1691 573/573/573
f 1863/1863/1863 2424/2424/2424 1867/1867/1867
f 382/382/382 1075/1075/1075 2424/2424/2424
f 1075/1075/1075 383/383/383 1691/1691/1691
f 2425/2425/2425 1588/1588/1588 306/306/306
f 1691/1691/1691 2425/2425/2425 1457/1457/1457
f 383/383/383 1076/1076/1076 2425/2425/2425
f 1076/1076/1076 468/468/468 1588/1588/1588
f 2426/2426/2426 1641/1641/1641 354/354/354
f 1589/1589/1589 2426/2426/2426 1458/1458/1458
f 470/470/470 1077/1077/1077 2426/2426/2426
f 1077/1077/1077 522/522/522 1641/1641/1641
f 2427/2427/2427 1692/1692/1692 215/215/215
f 1592/1592/1592 2427/2427/2427 1459/1459/1459
f 473/473/473 1078/1078/1078 2427/2427/2427
f 1078/1078/1078 574/574/574 1692/1692/1692
f 2428/2428/2428 1693/1693/1693 575/575/575
f 1590/1590/1590 2428/2428/2428 1460/1460/1460
f 472/472/472 1079/1079/1079 2428/2428/2428
f 1079/1079/1079 384/384/384 1693/1693/1693
f 2429/2429/2429 1595/1595/1595 312/312/312
f 1693/1693/1693 2429/2429/2429 1461/1461/1461
f 384/384/384 1080/1080/1080 2429/2429/2429
f 1080/1080/1080 475/475/475 1595/1595/1595
f 2430/2430/2430 1642/1642/1642 355/355/355
f 1596/1596/1596 2430/2430/2430 1462/1462/1462
f 477/477/477 1081/1081/1081 2430/2430/2430
f 1081/1081/1081 523/523/523 1642/1642/1642
f 2431/2431/2431 1694/1694/1694 577/577/577
f 1597/1597/1597 2431/2431/2431 1463/1463/1463
f 479/479/479 1083/1083/1083 2431/2431/2431
f 1083/1083/1083 385/385/385 1694/1694/1694
f 2432/2432/2432 1602/1602/1602 318/318/318
f 1694/1694/1694 2432/2432/2432 1464/1464/1464
f 385/385/385 1084/1084/1084 2432/2432/2432
f 1084/1084/1084 482/482/482 1602/1602/1602
f 2433/2433/2433 1643/1643/1643 356/356/356
f 1666/1666/1666 2433/2433/2433 1465/1465/1465
f 370/370/370 1085/1085/1085 2433/2433/2433
f 1085/1085/1085 524/524/524 1643/1643/1643
f 2434/2434/2434 1695/1695/1695 212/212/212
f 1606/1606/1606 2434/2434/2434 1466/1466/1466
f 487/487/487 1086/1086/1086 2434/2434/2434
f 1086/1086/1086 578/578/578 1695/1695/1695
f 2435/2435/2435 1696/1696/1696 579/579/579
f 1604/1604/1604 2435/2435/2435 1467/1467/1467
f 486/486/486 1087/1087/1087 2435/2435/2435
f 1087/1087/1087 386/386/386 1696/1696/1696
f 2436/2436/2436 1609/1609/1609 324/324/324
f 1696/1696/1696 2436/2436/2436 1468/1468/1468
f 386/386/386 1088/1088/1088 2436/2436/2436
f 1088/1088/1088 489/489/489 1609/1609/1609
f 2437/2437/2437 1644/1644/1644 357/357/357
f 1610/1610/1610 2437/2437/2437 1469/1469/1469
f 491/491/491 1089/1089/1089 2437/2437/2437
f 1089/1089/1089 525/525/525 1644/1644/1644
f 2438/2438/2438 1697/1697/1697 210/210/210
f 1613/1613/1613 2438/2438/2438 1470/1470/1470
f 494/494/494 1090/1090/1090 2438/2438/2438
f 1090/1090/1090 580/580/580 1697/1697/1697
f 2439/2439/2439 1698/1698/1698 581/581/581
f 1611/1611/1611 2439/2439/2439 1471/1471/1471
f 493/493/493 1091/1091/1091 2439/2439/2439
f 1091/1091/1091 387/387/387 1698/1698/1698
f 2440/2440/2440 1616/1616/1616 330/330/330
f 1698/1698/1698 2440/2440/2440 1472/1472/1472
f 387/387/387 1092/1092/1092 2440/2440/2440
f 1092/1092/1092 496/496/496 1616/1616/1616
f 2441/2441/2441 1645/1645/1645 358/358/358
f 1617/1617/1617 2441/2441/2441 1473/1473/1473
f 498/498/498 1093/1093/1093 2441/2441/2441
f 1093/1093/1093 526/526/526 1645/1645/1645
f 2442/2442/2442 1699/1699/1699 208/208/208
f 1620/1620/1620 2442/2442/2442 1474/1474/1474
f 501/501/501 1094/1094/1094 2442/2442/2442
f 1094/1094/1094 582/582/582 1699/1699/1699
f 2443/2443/2443 1700/1700/1700 583/583/583
f 1618/1618/1618 2443/2443/2443 1475/1475/1475
f 500/500/500 1095/1095/1095 2443/2443/2443
f 1095/1095/1095 388/388/388 1700/1700/1700
f 2444/2444/2444 1623/1623/1623 336/336/336
f 1700/1700/1700 2444/2444/2444 1476/1476/1476
f 388/388/388 1096/1096/1096 2444/2444/2444
f 1096/1096/1096 503/503/503 1623/1623/1623
f 2445/2445/2445 1646/1646/1646 359/359/359
f 1624/1624/1624 2445/2445/2445 1477/1477/1477
f 505/505/505 1097/1097/1097 2445/2445/2445
f 1097/1097/1097 527/527/527 1646/1646/1646
f 2446/2446/2446 1701/1701/1701 206/206/206
f 1627/1627/1627 2446/2446/2446 1478/1478/1478
f 508/508/508 1098/1098/1098 2446/2446/2446
f 1098/1098/1098 584/584/584 1701/1701/1701
f 2447/2447/2447 1702/1702/1702 585/585/585
f 1625/1625/1625 2447/2447/2447 1479/1479/1479
f 507/507/507 1099/1099/1099 2447/2447/2447
f 1099/1099/1099 389/389/389 1702/1702/1702
f 2448/2448/2448 1630/1630/1630 342/342/342
f 1702/1702/1702 2448/2448/2448 1480/1480/1480
f 389/389/389 1100/1100/1100 2448/2448/2448
f 1100/1100/1100 510/510/510 1630/1630/1630
f 2449/2449/2449 1647/1647/1647 360/360/360
f 1631/1631/1631 2449/2449/2449 1481/1481/1481
f 512/512/512 1101/1101/1101 2449/2449/2449
f 1101/1101/1101 528/528/528 1647/1647/1647
f 2450/2450/2450 1626/1626/1626 205/205/205
f 1509/1509/1509 2450/2450/2450 1482/1482/1482
f 391/391/391 1103/1103/1103 2450/2450/2450
f 1103/1103/1103 506/506/506 1626/1626/1626
f 2451/2451/2451 1619/1619/1619 207/207/207
f 1511/1511/1511 2451/2451/2451 1483/1483/1483
f 393/393/393 1104/1104/1104 2451/2451/2451
f 1104/1104/1104 499/499/499 1619/1619/1619
f 2452/2452/2452 1612/1612/1612 209/209/209
f 1701/1701/1701 2452/2452/2452 1484/1484/1484
f 584/584/584 1105/1105/1105 2452/2452/2452
f 1105/1105/1105 492/492/492 1612/1612/1612
f 2453/2453/2453 1605/1605/1605 211/211/211
f 1699/1699/1699 2453/2453/2453 1485/1485/1485
f 582/582/582 1106/1106/1106 2453/2453/2453
f 1106/1106/1106 485/485/485 1605/1605/1605
f 2454/2454/2454 1598/1598/1598 213/213/213
f 1697/1697/1697 2454/2454/2454 1486/1486/1486
f 580/580/580 1107/1107/1107 2454/2454/2454
f 1107/1107/1107 478/478/478 1598/1598/1598
f 2455/2455/2455 1591/1591/1591 214/214/214
f 1695/1695/1695 2455/2455/2455 1487/1487/1487
f 578/578/578 1108/1108/1108 2455/2455/2455
f 1108/1108/1108 471/471/471 1591/1591/1591
f 2456/2456/2456 1578/1578/1578 217/217/217
f 1692/1692/1692 2456/2456/2456 1488/1488/1488
f 574/574/574 1110/1110/1110 2456/2456/2456
f 1110/1110/1110 458/458/458 1578/1578/1578
f 2457/2457/2457 1571/1571/1571 219/219/219
f 1584/1584/1584 2457/2457/2457 1489/1489/1489
f 465/465/465 1111/1111/1111 2457/2457/2457
f 1111/1111/1111 451/451/451 1571/1571/1571
f 2458/2458/2458 1564/1564/1564 221/221/221
f 1687/1687/1687 2458/2458/2458 1490/1490/1490
f 569/569/569 1112/1112/1112 2458/2458/2458
f 1112/1112/1112 444/444/444 1564/1564/1564
f 2459/2459/2459 1557/1557/1557 223/223/223
f 1685/1685/1685 2459/2459/2459 1491/1491/1491
f 567/567/567 1113/1113/1113 2459/2459/2459
f 1113/1113/1113 437/437/437 1557/1557/1557
f 2460/2460/2460 1550/1550/1550 225/225/225
f 1683/1683/1683 2460/2460/2460 1492/1492/1492
f 565/565/565 1114/1114/1114 2460/2460/2460
f 1114/1114/1114 430/430/430 1550/1550/1550
f 2461/2461/2461 1650/1650/1650 204/204/204
f 1681/1681/1681 2461/2461/2461 1493/1493/1493
f 563/563/563 1115/1115/1115 2461/2461/2461
f 1115/1115/1115 531/531/531 1650/1650/1650
f 2462/2462/2462 1648/1648/1648 201/201/201
f 1679/1679/1679 2462/2462/2462 1494/1494/1494
f 561/561/561 1116/1116/1116 2462/2462/2462
f 1116/1116/1116 529/529/529 1648/1648/1648
f 2463/2463/2463 1514/1514/1514 228/228/228
f 1537/1537/1537 2463/2463/2463 1495/1495/1495
f 418/418/418 1122/1122/1122 2463/2463/2463
f 1122/1122/1122 395/395/395 1514/1514/1514
f 2464/2464/2464 1516/1516/1516 231/231/231
f 1543/1543/1543 2464/2464/2464 1496/1496/1496
f 424/424/424 1123/1123/1123 2464/2464/2464
f 1123/1123/1123 397/397/397 1516/1516/1516
f 2465/2465/2465 1518/1518/1518 234/234/234
f 1652/1652/1652 2465/2465/2465 1497/1497/1497
f 534/534/534 1124/1124/1124 2465/2465/2465
f 1124/1124/1124 399/399/399 1518/1518/1518
f 2466/2466/2466 1520/1520/1520 237/237/237
f 1654/1654/1654 2466/2466/2466 1498/1498/1498
f 536/536/536 1125/1125/1125 2466/2466/2466
f 1125/1125/1125 401/401/401 1520/1520/1520
f 2467/2467/2467 1522/1522/1522 240/240/240
f 1656/1656/1656 2467/2467/2467 1499/1499/1499
f 538/538/538 1126/1126/1126 2467/2467/2467
f 1126/1126/1126 403/403/403 1522/1522/1522
f 2468/2468/2468 1524/1524/1524 243/243/243
f 1658/1658/1658 2468/2468/2468 1500/1500/1500
f 540/540/540 1127/1127/1127 2468/2468/2468
f 1127/1127/1127 405/405/405 1524/1524/1524
f 2469/2469/2469 1526/1526/1526 245/245/245
f 1660/1660/1660 2469/2469/2469 1501/1501/1501
f 542/542/542 1128/1128/1128 2469/2469/2469
f 1128/1128/1128 407/407/407 1526/1526/1526
f 2470/2470/2470 1530/1530/1530 250/250/250
f 1663/1663/1663 2470/2470/2470 1503/1503/1503
f 546/546/546 1130/1130/1130 2470/2470/2470
f 1130/1130/1130 411/411/411 1530/1530/1530
f 2471/2471/2471 1532/1532/1532 253/253/253
f 1665/1665/1665 2471/2471/2471 1504/1504/1504
f 547/547/547 1131/1131/1131 2471/2471/2471
f 1131/1131/1131 413/413/413 1532/1532/1532
f 2472/2472/2472 1534/1534/1534 256/256/256
f 1667/1667/1667 2472/2472/2472 1505/1505/1505
f 550/550/550 1132/1132/1132 2472/2472/2472
f 1132/1132/1132 415/415/415 1534/1534/1534
f 2473/2473/2473 1536/1536/1536 259/259/259
f 1669/1669/1669 2473/2473/2473 1506/1506/1506
f 552/552/552 1133/1133/1133 2473/2473/2473
f 1133/1133/1133 417/417/417 1536/1536/1536
f 2474/2474/2474 1678/1678/1678 264/264/264
f 1671/1671/1671 2474/2474/2474 1507/1507/1507
f 554/554/554 1134/1134/1134 2474/2474/2474
f 1134/1134/1134 559/559/559 1678/1678/1678
f 2475/2475/2475 1676/1676/1676 262/262/262
f 1673/1673/1673 2475/2475/2475 1508/1508/1508
f 556/556/556 1135/1135/1135 2475/2475/2475
f 1135/1135/1135 557/557/557 1676/1676/1676
f 2476/2476/2476 1528/1528/1528 409/409/409
f 1690/1690/1690 2476/2476/2476 717/717/717
f 610/610/610 1837/1837/1837 2476/2476/2476
f 1837/1837/1837 611/611/611 1528/1528/1528
f 2477/2477/2477 1801/1801/1801 588/588/588
f 1812/1812/1812 2477/2477/2477 1799/1799/1799
f 590/590/590 1807/1807/1807 2477/2477/2477
f 1807/1807/1807 592/592/592 1801/1801/1801
f 2478/2478/2478 1803/1803/1803 589/589/589
f 1801/1801/1801 2478/2478/2478 1798/1798/1798
f 592/592/592 1806/1806/1806 2478/2478/2478
f 1806/1806/1806 593/593/593 1803/1803/1803
f 2479/2479/2479 1808/1808/1808 593/593/593
f 1810/1810/1810 2479/2479/2479 1806/1806/1806
f 596/596/596 1814/1814/1814 2479/2479/2479
f 1814/1814/1814 597/597/597 1808/1808/1808
f 2480/2480/2480 1811/1811/1811 590/590/590
f 1809/1809/1809 2480/2480/2480 1805/1805/1805
f 595/595/595 1813/1813/1813 2480/2480/2480
f 1813/1813/1813 594/594/594 1811/1811/1811
f 2481/2481/2481 1810/1810/1810 592/592/592
f 1811/1811/1811 2481/2481/2481 1807/1807/1807
f 594/594/594 1815/1815/1815 2481/2481/2481
f 1815/1815/1815 596/596/596 1810/1810/1810
f 2482/2482/2482 1812/1812/1812 586/586/586
f 1800/1800/1800 2482/2482/2482 1797/1797/1797
f 591/591/591 1805/1805/1805 2482/2482/2482
f 1805/1805/1805 590/590/590 1812/1812/1812
f 2483/2483/2483 1818/1818/1818 596/596/596
f 1816/1816/1816 2483/2483/2483 1815/1815/1815
f 598/598/598 1821/1821/1821 2483/2483/2483
f 1821/1821/1821 600/600/600 1818/1818/1818
f 2484/2484/2484 1817/1817/1817 597/597/597
f 1818/1818/1818 2484/2484/2484 1814/1814/1814
f 600/600/600 1820/1820/1820 2484/2484/2484
f 1820/1820/1820 601/601/601 1817/1817/1817
f 2485/2485/2485 1822/1822/1822 601/601/601
f 1824/1824/1824 2485/2485/2485 1820/1820/1820
f 604/604/604 1828/1828/1828 2485/2485/2485
f 1828/1828/1828 605/605/605 1822/1822/1822
f 2486/2486/2486 1825/1825/1825 598/598/598
f 1823/1823/1823 2486/2486/2486 1819/1819/1819
f 603/603/603 1827/1827/1827 2486/2486/2486
f 1827/1827/1827 602/602/602 1825/1825/1825
f 2487/2487/2487 1824/1824/1824 600/600/600
f 1825/1825/1825 2487/2487/2487 1821/1821/1821
f 602/602/602 1829/1829/1829 2487/2487/2487
f 1829/1829/1829 604/604/604 1824/1824/1824
f 2488/2488/2488 1816/1816/1816 594/594/594
f 1826/1826/1826 2488/2488/2488 1813/1813/1813
f 599/599/599 1819/1819/1819 2488/2488/2488
f 1819/1819/1819 598/598/598 1816/1816/1816
f 2489/2489/2489 1413/1413/1413 576/576/576
f 1831/1831/1831 2489/2489/2489 1109/1109/1109
f 607/607/607 1834/1834/1834 2489/2489/2489
f 1834/1834/1834 606/606/606 1413/1413/1413
f 2490/2490/2490 1832/1832/1832 480/480/480
f 1413/1413/1413 2490/2490/2490 1082/1082/1082
f 606/606/606 1835/1835/1835 2490/2490/2490
f 1835/1835/1835 608/608/608 1832/1832/1832
f 2491/2491/2491 1831/1831/1831 571/571/571
f 1833/1833/1833 2491/2491/2491 1074/1074/1074
f 609/609/609 1836/1836/1836 2491/2491/2491
f 1836/1836/1836 607/607/607 1831/1831/1831
f 2492/2492/2492 1840/1840/1840 544/544/544
f 1528/1528/1528 2492/2492/2492 1129/1129/1129
f 611/611/611 1839/1839/1839 2492/2492/2492
f 1839/1839/1839 613/613/613 1840/1840/1840
f 2493/2493/2493 1841/1841/1841 612/612/612
f 1842/1842/1842 2493/2493/2493 1838/1838/1838
f 619/619/619 1857/1857/1857 2493/2493/2493
f 1857/1857/1857 621/621/621 1841/1841/1841
f 2494/2494/2494 1842/1842/1842 613/613/613
f 1843/1843/1843 2494/2494/2494 1839/1839/1839
f 617/617/617 1855/1855/1855 2494/2494/2494
f 1855/1855/1855 619/619/619 1842/1842/1842
f 2495/2495/2495 1843/1843/1843 611/611/611
f 1844/1844/1844 2495/2495/2495 1837/1837/1837
f 615/615/615 1853/1853/1853 2495/2495/2495
f 1853/1853/1853 617/617/617 1843/1843/1843
f 2496/2496/2496 1848/1848/1848 617/617/617
f 1846/1846/1846 2496/2496/2496 1853/1853/1853
f 614/614/614 1854/1854/1854 2496/2496/2496
f 1854/1854/1854 616/616/616 1848/1848/1848
f 2497/2497/2497 1847/1847/1847 616/616/616
f 1845/1845/1845 2497/2497/2497 1854/1854/1854
f 605/605/605 1828/1828/1828 2497/2497/2497
f 1828/1828/1828 604/604/604 1847/1847/1847
f 2498/2498/2498 1850/1850/1850 619/619/619
f 1848/1848/1848 2498/2498/2498 1855/1855/1855
f 616/616/616 1856/1856/1856 2498/2498/2498
f 1856/1856/1856 618/618/618 1850/1850/1850
f 2499/2499/2499 1849/1849/1849 618/618/618
f 1847/1847/1847 2499/2499/2499 1856/1856/1856
f 604/604/604 1829/1829/1829 2499/2499/2499
f 1829/1829/1829 602/602/602 1849/1849/1849
f 2500/2500/2500 1852/1852/1852 621/621/621
f 1850/1850/1850 2500/2500/2500 1857/1857/1857
f 618/618/618 1858/1858/1858 2500/2500/2500
f 1858/1858/1858 620/620/620 1852/1852/1852
f 2501/2501/2501 1851/1851/1851 620/620/620
f 1849/1849/1849 2501/2501/2501 1858/1858/1858
f 602/602/602 1827/1827/1827 2501/2501/2501
f 1827/1827/1827 603/603/603 1851/1851/1851
f 2502/2502/2502 1861/1861/1861 480/480/480
f 1860/1860/1860 2502/2502/2502 1832/1832/1832
f 623/623/623 1859/1859/1859 2502/2502/2502
f 1859/1859/1859 622/622/622 1861/1861/1861
f 2503/2503/2503 1864/1864/1864 609/609/609
f 1863/1863/1863 2503/2503/2503 1833/1833/1833
f 624/624/624 1862/1862/1862 2503/2503/2503
f 1862/1862/1862 625/625/625 1864/1864/1864
f 2504/2504/2504 1859/1859/1859 623/623/623
f 1862/1862/1862 2504/2504/2504 1689/1689/1689
f 624/624/624 1865/1865/1865 2504/2504/2504
f 1865/1865/1865 622/622/622 1859/1859/1859
f 2505/2505/2505 1599/1599/1599 627/627/627
f 1690/1690/1690 2505/2505/2505 825/825/825
f 408/408/408 1868/1868/1868 2505/2505/2505
f 1868/1868/1868 626/626/626 1599/1599/1599
f 2506/2506/2506 1869/1869/1869 316/316/316
f 1662/1662/1662 2506/2506/2506 1456/1456/1456
f 368/368/368 1802/1802/1802 2506/2506/2506
f 1802/1802/1802 612/612/612 1869/1869/1869
f 2507/2507/2507 1870/1870/1870 543/543/543
f 1872/1872/1872 2507/2507/2507 1456/1456/1456
f 627/627/627 1599/1599/1599 2507/2507/2507
f 1599/1599/1599 626/626/626 1870/1870/1870
f 2508/2508/2508 1869/1869/1869 612/612/612
f 1527/1527/1527 2508/2508/2508 1841/1841/1841
f 572/572/572 1418/1418/1418 2508/2508/2508
f 1418/1418/1418 316/316/316 1869/1869/1869
f 2509/2509/2509 1527/1527/1527 621/621/621
f 1366/1366/1366 2509/2509/2509 1852/1852/1852
f 628/628/628 822/822/822 2509/2509/2509
f 822/822/822 572/572/572 1527/1527/1527
f 2510/2510/2510 1366/1366/1366 620/620/620
f 1873/1873/1873 2510/2510/2510 1851/1851/1851
f 630/630/630 1874/1874/1874 2510/2510/2510
f 1874/1874/1874 628/628/628 1366/1366/1366
f 2511/2511/2511 1873/1873/1873 603/603/603
f 1875/1875/1875 2511/2511/2511 1823/1823/1823
f 632/632/632 1876/1876/1876 2511/2511/2511
f 1876/1876/1876 630/630/630 1873/1873/1873
f 2512/2512/2512 1875/1875/1875 599/599/599
f 1877/1877/1877 2512/2512/2512 1826/1826/1826
f 634/634/634 1878/1878/1878 2512/2512/2512
f 1878/1878/1878 632/632/632 1875/1875/1875
f 2513/2513/2513 1877/1877/1877 595/595/595
f 1879/1879/1879 2513/2513/2513 1809/1809/1809
f 636/636/636 1880/1880/1880 2513/2513/2513
f 1880/1880/1880 634/634/634 1877/1877/1877
f 2514/2514/2514 1879/1879/1879 591/591/591
f 1881/1881/1881 2514/2514/2514 1800/1800/1800
f 638/638/638 1882/1882/1882 2514/2514/2514
f 1882/1882/1882 636/636/636 1879/1879/1879
f 2515/2515/2515 1881/1881/1881 587/587/587
f 1864/1864/1864 2515/2515/2515 1804/1804/1804
f 625/625/625 1883/1883/1883 2515/2515/2515
f 1883/1883/1883 638/638/638 1881/1881/1881
f 2516/2516/2516 1872/1872/1872 316/316/316
f 1884/1884/1884 2516/2516/2516 1418/1418/1418
f 244/244/244 1885/1885/1885 2516/2516/2516
f 1885/1885/1885 627/627/627 1872/1872/1872
f 2517/2517/2517 1884/1884/1884 572/572/572
f 1886/1886/1886 2517/2517/2517 822/822/822
f 629/629/629 1887/1887/1887 2517/2517/2517
f 1887/1887/1887 244/244/244 1884/1884/1884
f 2518/2518/2518 1886/1886/1886 628/628/628
f 1888/1888/1888 2518/2518/2518 1874/1874/1874
f 631/631/631 1889/1889/1889 2518/2518/2518
f 1889/1889/1889 629/629/629 1886/1886/1886
f 2519/2519/2519 1888/1888/1888 630/630/630
f 1890/1890/1890 2519/2519/2519 1876/1876/1876
f 633/633/633 1891/1891/1891 2519/2519/2519
f 1891/1891/1891 631/631/631 1888/1888/1888
f 2520/2520/2520 1890/1890/1890 632/632/632
f 1892/1892/1892 2520/2520/2520 1878/1878/1878
f 635/635/635 1893/1893/1893 2520/2520/2520
f 1893/1893/1893 633/633/633 1890/1890/1890
f 2521/2521/2521 1892/1892/1892 634/634/634
f 1894/1894/1894 2521/2521/2521 1880/1880/1880
f 637/637/637 1895/1895/1895 2521/2521/2521
f 1895/1895/1895 635/635/635 1892/1892/1892
f 2522/2522/2522 1894/1894/1894 636/636/636
f 1896/1896/1896 2522/2522/2522 1882/1882/1882
f 639/639/639 1897/1897/1897 2522/2522/2522
f 1897/1897/1897 637/637/637 1894/1894/1894
f 2523/2523/2523 1896/1896/1896 638/638/638
f 1689/1689/1689 2523/2523/2523 1883/1883/1883
f 623/623/623 1898/1898/1898 2523/2523/2523
f 1898/1898/1898 639/639/639 1896/1896/1896
f 2524/2524/2524 825/825/825 627/627/627
f 1899/1899/1899 2524/2524/2524 1885/1885/1885
f 615/615/615 1844/1844/1844 2524/2524/2524
f 1844/1844/1844 610/610/610 825/825/825
f 2525/2525/2525 1899/1899/1899 244/244/244
f 1900/1900/1900 2525/2525/2525 1887/1887/1887
f 614/614/614 1846/1846/1846 2525/2525/2525
f 1846/1846/1846 615/615/615 1899/1899/1899
f 2526/2526/2526 1900/1900/1900 629/629/629
f 1901/1901/1901 2526/2526/2526 1889/1889/1889
f 605/605/605 1845/1845/1845 2526/2526/2526
f 1845/1845/1845 614/614/614 1900/1900/1900
f 2527/2527/2527 1901/1901/1901 631/631/631
f 1902/1902/1902 2527/2527/2527 1891/1891/1891
f 601/601/601 1822/1822/1822 2527/2527/2527
f 1822/1822/1822 605/605/605 1901/1901/1901
f 2528/2528/2528 1902/1902/1902 633/633/633
f 1903/1903/1903 2528/2528/2528 1893/1893/1893
f 597/597/597 1817/1817/1817 2528/2528/2528
f 1817/1817/1817 601/601/601 1902/1902/1902
f 2529/2529/2529 1903/1903/1903 635/635/635
f 1904/1904/1904 2529/2529/2529 1895/1895/1895
f 593/593/593 1808/1808/1808 2529/2529/2529
f 1808/1808/1808 597/597/597 1903/1903/1903
f 2530/2530/2530 1904/1904/1904 637/637/637
f 1905/1905/1905 2530/2530/2530 1897/1897/1897
f 589/589/589 1803/1803/1803 2530/2530/2530
f 1803/1803/1803 593/593/593 1904/1904/1904
f 2531/2531/2531 1905/1905/1905 639/639/639
f 1860/1860/1860 2531/2531/2531 1898/1898/1898
f 608/608/608 1502/1502/1502 2531/2531/2531
f 1502/1502/1502 589/589/589 1905/1905/1905

