mtllib material.mtl
usemtl METAL_CHROME
v -0.00145000 -0.06404300 -0.00068300
v -0.00145000 -0.06404300 -0.00068300
v -0.00142200 -0.06404300 -0.00096500
v -0.00133900 -0.06404300 -0.00123700
v -0.00120500 -0.06404300 -0.00148800
v -0.00102500 -0.06404300 -0.00170800
v -0.00080500 -0.06404300 -0.00188800
v -0.00055500 -0.06404300 -0.00202200
v -0.00028300 -0.06404300 -0.00210400
v -0.00000000 -0.06404300 -0.00213200
v 0.00028300 -0.06404300 -0.00210400
v 0.00055500 -0.06404300 -0.00202200
v 0.00080500 -0.06404300 -0.00188800
v 0.00102500 -0.06404300 -0.00170800
v 0.00120500 -0.06404300 -0.00148800
v 0.00133900 -0.06404300 -0.00123700
v 0.00142200 -0.06404300 -0.00096500
v 0.00145000 -0.06404300 -0.00068300
v 0.00142200 -0.06404300 -0.00040000
v 0.00133900 -0.06404300 -0.00012800
v 0.00120500 -0.06404300 0.00012300
v 0.00102500 -0.06404300 0.00034300
v 0.00080500 -0.06404300 0.00052300
v 0.00055500 -0.06404300 0.00065700
v 0.00028300 -0.06404300 0.00073900
v -0.00000000 -0.06404300 0.00076700
v -0.00028300 -0.06404300 0.00073900
v -0.00055500 -0.06404300 0.00065700
v -0.00080500 -0.06404300 0.00052300
v -0.00102500 -0.06404300 0.00034300
v -0.00120500 -0.06404300 0.00012300
v -0.00133900 -0.06404300 -0.00012800
v -0.00142200 -0.06404300 -0.00040000
v -0.00405100 0.07516900 -0.00068300
v -0.00405100 0.07516900 -0.00068300
v -0.00405100 0.07116900 -0.00068300
v -0.00405100 0.07116900 -0.00068300
v -0.00397300 0.07116900 -0.00147300
v -0.00397300 0.07516900 -0.00147300
v -0.00374300 0.07116900 -0.00223300
v -0.00374300 0.07516900 -0.00223300
v -0.00336800 0.07116900 -0.00293300
v -0.00336800 0.07516900 -0.00293300
v -0.00286400 0.07116900 -0.00354700
v -0.00286400 0.07516900 -0.00354700
v -0.00225100 0.07116900 -0.00405100
v -0.00225100 0.07516900 -0.00405100
v -0.00155000 0.07116900 -0.00442500
v -0.00155000 0.07516900 -0.00442500
v -0.00079000 0.07116900 -0.00465600
v -0.00079000 0.07516900 -0.00465600
v -0.00000000 0.07116900 -0.00473300
v -0.00000000 0.07516900 -0.00473300
v 0.00079000 0.07116900 -0.00465600
v 0.00079000 0.07516900 -0.00465600
v 0.00155000 0.07116900 -0.00442500
v 0.00155000 0.07516900 -0.00442500
v 0.00225000 0.07116900 -0.00405100
v 0.00225000 0.07516900 -0.00405100
v 0.00286400 0.07116900 -0.00354700
v 0.00286400 0.07516900 -0.00354700
v 0.00336800 0.07116900 -0.00293300
v 0.00336800 0.07516900 -0.00293300
v 0.00374200 0.07116900 -0.00223300
v 0.00374200 0.07516900 -0.00223300
v 0.00397300 0.07116900 -0.00147300
v 0.00397300 0.07516900 -0.00147300
v 0.00405100 0.07116900 -0.00068300
v 0.00405100 0.07516900 -0.00068300
v 0.00397300 0.07116900 0.00010800
v 0.00397300 0.07516900 0.00010800
v 0.00374200 0.07116900 0.00086800
v 0.00374200 0.07516900 0.00086800
v 0.00336800 0.07116900 0.00156800
v 0.00336800 0.07516900 0.00156800
v 0.00286400 0.07116900 0.00218200
v 0.00286400 0.07516900 0.00218200
v 0.00225000 0.07116900 0.00268600
v 0.00225000 0.07516900 0.00268600
v 0.00155000 0.07116900 0.00306000
v 0.00155000 0.07516900 0.00306000
v 0.00079000 0.07116900 0.00329000
v 0.00079000 0.07516900 0.00329000
v -0.00000000 0.07116900 0.00336800
v -0.00000000 0.07516900 0.00336800
v -0.00079000 0.07116900 0.00329000
v -0.00079000 0.07516900 0.00329000
v -0.00155000 0.07116900 0.00306000
v -0.00155000 0.07516900 0.00306000
v -0.00225100 0.07116900 0.00268600
v -0.00225100 0.07516900 0.00268600
v -0.00286400 0.07116900 0.00218200
v -0.00286400 0.07516900 0.00218200
v -0.00336800 0.07116900 0.00156800
v -0.00336800 0.07516900 0.00156800
v -0.00374300 0.07116900 0.00086800
v -0.00374300 0.07516900 0.00086800
v -0.00397300 0.07116900 0.00010800
v -0.00397300 0.07516900 0.00010800
v -0.00180500 -0.06125300 0.00006500
v -0.00206800 -0.05956800 0.00017400
v -0.00232700 -0.05770200 0.00028100
v -0.00257700 -0.05568600 0.00038500
v -0.00191600 -0.06125300 -0.00030100
v -0.00219600 -0.05956800 -0.00024600
v -0.00247100 -0.05770200 -0.00019100
v -0.00273600 -0.05568600 -0.00013800
v -0.00162400 -0.06125300 0.00040300
v -0.00232000 -0.05568600 0.00086700
v -0.00209500 -0.05770200 0.00071700
v -0.00186200 -0.05956800 0.00056100
v -0.00138100 -0.06125300 0.00069900
v -0.00158300 -0.05956800 0.00090000
v -0.00178100 -0.05770200 0.00109900
v -0.00197300 -0.05568600 0.00129000
v -0.00108500 -0.06125300 0.00094200
v -0.00155000 -0.05568600 0.00163700
v -0.00140000 -0.05770200 0.00141200
v -0.00124400 -0.05956800 0.00117900
v -0.00074800 -0.06125300 0.00112200
v -0.00085700 -0.05956800 0.00138600
v -0.00096400 -0.05770200 0.00164500
v -0.00106800 -0.05568600 0.00189500
v -0.00038100 -0.06125300 0.00123400
v -0.00054400 -0.05568600 0.00205300
v -0.00049200 -0.05770200 0.00178800
v -0.00043700 -0.05956800 0.00151300
v -0.00000000 -0.06125300 0.00127100
v -0.00000000 -0.05956800 0.00155600
v -0.00000000 -0.05770200 0.00183600
v -0.00000000 -0.05568600 0.00210700
v 0.00038100 -0.06125300 0.00123400
v 0.00054400 -0.05568600 0.00205300
v 0.00049100 -0.05770200 0.00178800
v 0.00043700 -0.05956800 0.00151300
v 0.00074800 -0.06125300 0.00112200
v 0.00085700 -0.05956800 0.00138600
v 0.00096400 -0.05770200 0.00164500
v 0.00106700 -0.05568600 0.00189500
v 0.00108500 -0.06125300 0.00094200
v 0.00155000 -0.05568600 0.00163700
v 0.00139900 -0.05770200 0.00141200
v 0.00124400 -0.05956800 0.00117900
v 0.00138100 -0.06125300 0.00069900
v 0.00158300 -0.05956800 0.00090000
v 0.00178100 -0.05770200 0.00109900
v 0.00197300 -0.05568600 0.00129000
v 0.00162400 -0.06125300 0.00040300
v 0.00231900 -0.05568600 0.00086700
v 0.00209400 -0.05770200 0.00071700
v 0.00186100 -0.05956800 0.00056100
v 0.00180500 -0.06125300 0.00006500
v 0.00206800 -0.05956800 0.00017400
v 0.00232700 -0.05770200 0.00028100
v 0.00257700 -0.05568600 0.00038500
v 0.00191600 -0.06125300 -0.00030100
v 0.00273600 -0.05568600 -0.00013800
v 0.00247100 -0.05770200 -0.00019100
v 0.00219600 -0.05956800 -0.00024600
v 0.00195400 -0.06125300 -0.00068300
v 0.00223900 -0.05956800 -0.00068300
v 0.00251900 -0.05770200 -0.00068300
v 0.00279000 -0.05568600 -0.00068300
v 0.00191600 -0.06125300 -0.00106400
v 0.00273600 -0.05568600 -0.00122700
v 0.00247100 -0.05770200 -0.00117400
v 0.00219600 -0.05956800 -0.00111900
v 0.00180500 -0.06125300 -0.00143000
v 0.00206800 -0.05956800 -0.00153900
v 0.00232700 -0.05770200 -0.00164700
v 0.00257700 -0.05568600 -0.00175000
v 0.00162400 -0.06125300 -0.00176800
v 0.00231900 -0.05568600 -0.00223200
v 0.00209400 -0.05770200 -0.00208200
v 0.00186100 -0.05956800 -0.00192600
v 0.00138100 -0.06125300 -0.00206400
v 0.00158300 -0.05956800 -0.00226600
v 0.00178100 -0.05770200 -0.00246400
v 0.00197300 -0.05568600 -0.00265500
v 0.00108500 -0.06125300 -0.00230700
v 0.00155000 -0.05568600 -0.00300200
v 0.00139900 -0.05770200 -0.00277700
v 0.00124400 -0.05956800 -0.00254400
v 0.00074800 -0.06125300 -0.00248700
v 0.00085700 -0.05956800 -0.00275100
v 0.00096400 -0.05770200 -0.00301000
v 0.00106700 -0.05568600 -0.00326000
v 0.00038100 -0.06125300 -0.00259900
v 0.00054400 -0.05568600 -0.00341900
v 0.00049100 -0.05770200 -0.00315300
v 0.00043700 -0.05956800 -0.00287800
v -0.00000000 -0.06125300 -0.00263600
v -0.00000000 -0.05956800 -0.00292100
v -0.00000000 -0.05770200 -0.00320200
v -0.00000000 -0.05568600 -0.00347200
v -0.00038100 -0.06125300 -0.00259900
v -0.00054400 -0.05568600 -0.00341900
v -0.00049200 -0.05770200 -0.00315300
v -0.00043700 -0.05956800 -0.00287800
v -0.00074800 -0.06125300 -0.00248700
v -0.00085700 -0.05956800 -0.00275100
v -0.00096400 -0.05770200 -0.00301000
v -0.00106800 -0.05568600 -0.00326000
v -0.00108500 -0.06125300 -0.00230700
v -0.00155000 -0.05568600 -0.00300200
v -0.00140000 -0.05770200 -0.00277700
v -0.00124400 -0.05956800 -0.00254400
v -0.00138100 -0.06125300 -0.00206400
v -0.00158300 -0.05956800 -0.00226600
v -0.00178100 -0.05770200 -0.00246400
v -0.00197300 -0.05568600 -0.00265500
v -0.00162400 -0.06125300 -0.00176800
v -0.00232000 -0.05568600 -0.00223200
v -0.00209500 -0.05770200 -0.00208200
v -0.00186200 -0.05956800 -0.00192600
v -0.00180500 -0.06125300 -0.00143000
v -0.00206800 -0.05956800 -0.00153900
v -0.00232700 -0.05770200 -0.00164700
v -0.00257700 -0.05568600 -0.00175000
v -0.00191600 -0.06125300 -0.00106400
v -0.00273600 -0.05568600 -0.00122700
v -0.00247100 -0.05770200 -0.00117400
v -0.00219600 -0.05956800 -0.00111900
v -0.00195400 -0.06125300 -0.00068300
v -0.00195400 -0.06125300 -0.00068300
v -0.00279000 -0.05568600 -0.00068300
v -0.00279000 -0.05568600 -0.00068300
v -0.00251900 -0.05770200 -0.00068300
v -0.00251900 -0.05770200 -0.00068300
v -0.00223900 -0.05956800 -0.00068300
v -0.00223900 -0.05956800 -0.00068300
v -0.00280500 -0.05363500 0.00047900
v -0.00270000 -0.05355500 0.00043600
v -0.00297800 -0.05363500 -0.00009000
v -0.00286600 -0.05355500 -0.00011200
v -0.00252500 -0.05363500 0.00100400
v -0.00243000 -0.05355500 0.00094100
v -0.00214700 -0.05363500 0.00146400
v -0.00206600 -0.05355500 0.00138400
v -0.00168700 -0.05363500 0.00184200
v -0.00162400 -0.05355500 0.00174700
v -0.00116200 -0.05363500 0.00212300
v -0.00111800 -0.05355500 0.00201700
v -0.00059200 -0.05363500 0.00229500
v -0.00057000 -0.05355500 0.00218400
v -0.00000000 -0.05363500 0.00235400
v -0.00000000 -0.05355500 0.00224000
v 0.00059200 -0.05363500 0.00229500
v 0.00057000 -0.05355500 0.00218400
v 0.00116200 -0.05363500 0.00212300
v 0.00111800 -0.05355500 0.00201700
v 0.00168700 -0.05363500 0.00184200
v 0.00162300 -0.05355500 0.00174700
v 0.00214700 -0.05363500 0.00146400
v 0.00206600 -0.05355500 0.00138400
v 0.00252500 -0.05363500 0.00100400
v 0.00243000 -0.05355500 0.00094100
v 0.00280500 -0.05363500 0.00047900
v 0.00270000 -0.05355500 0.00043600
v 0.00297800 -0.05363500 -0.00009000
v 0.00286600 -0.05355500 -0.00011200
v 0.00303600 -0.05363500 -0.00068300
v 0.00292200 -0.05355500 -0.00068300
v 0.00297800 -0.05363500 -0.00127500
v 0.00286600 -0.05355500 -0.00125300
v 0.00280500 -0.05363500 -0.00184400
v 0.00270000 -0.05355500 -0.00180100
v 0.00252500 -0.05363500 -0.00236900
v 0.00243000 -0.05355500 -0.00230600
v 0.00214700 -0.05363500 -0.00283000
v 0.00206600 -0.05355500 -0.00274900
v 0.00168700 -0.05363500 -0.00320700
v 0.00162300 -0.05355500 -0.00311200
v 0.00116200 -0.05363500 -0.00348800
v 0.00111800 -0.05355500 -0.00338200
v 0.00059200 -0.05363500 -0.00366000
v 0.00057000 -0.05355500 -0.00354900
v -0.00000000 -0.05363500 -0.00371900
v -0.00000000 -0.05355500 -0.00360500
v -0.00059200 -0.05363500 -0.00366000
v -0.00057000 -0.05355500 -0.00354900
v -0.00116200 -0.05363500 -0.00348800
v -0.00111800 -0.05355500 -0.00338200
v -0.00168700 -0.05363500 -0.00320700
v -0.00162400 -0.05355500 -0.00311200
v -0.00214700 -0.05363500 -0.00283000
v -0.00206600 -0.05355500 -0.00274900
v -0.00252500 -0.05363500 -0.00236900
v -0.00243000 -0.05355500 -0.00230600
v -0.00280500 -0.05363500 -0.00184400
v -0.00270000 -0.05355500 -0.00180100
v -0.00297800 -0.05363500 -0.00127500
v -0.00286600 -0.05355500 -0.00125300
v -0.00303600 -0.05363500 -0.00068300
v -0.00303600 -0.05363500 -0.00068300
v -0.00292200 -0.05355500 -0.00068300
v -0.00292200 -0.05355500 -0.00068300
v -0.00078000 -0.06404300 -0.00068300
v -0.00078000 -0.06404300 -0.00068300
v -0.00076500 -0.06404300 -0.00083500
v -0.00072100 -0.06404300 -0.00098100
v -0.00064900 -0.06404300 -0.00111600
v -0.00055200 -0.06404300 -0.00123400
v -0.00043300 -0.06404300 -0.00133100
v -0.00029900 -0.06404300 -0.00140300
v -0.00015200 -0.06404300 -0.00144800
v -0.00000000 -0.06404300 -0.00146300
v 0.00015200 -0.06404300 -0.00144800
v 0.00029800 -0.06404300 -0.00140300
v 0.00043300 -0.06404300 -0.00133100
v 0.00055200 -0.06404300 -0.00123400
v 0.00064900 -0.06404300 -0.00111600
v 0.00072100 -0.06404300 -0.00098100
v 0.00076500 -0.06404300 -0.00083500
v 0.00078000 -0.06404300 -0.00068300
v 0.00076500 -0.06404300 -0.00053000
v 0.00072100 -0.06404300 -0.00038400
v 0.00064900 -0.06404300 -0.00024900
v 0.00055200 -0.06404300 -0.00013100
v 0.00043300 -0.06404300 -0.00003400
v 0.00029800 -0.06404300 0.00003800
v 0.00015200 -0.06404300 0.00008300
v -0.00000000 -0.06404300 0.00009800
v -0.00015200 -0.06404300 0.00008300
v -0.00029900 -0.06404300 0.00003800
v -0.00043300 -0.06404300 -0.00003400
v -0.00055200 -0.06404300 -0.00013100
v -0.00064900 -0.06404300 -0.00024900
v -0.00072100 -0.06404300 -0.00038400
v -0.00076500 -0.06404300 -0.00053000
v -0.00068100 -0.06559700 -0.00068300
v -0.00068100 -0.06559700 -0.00068300
v -0.00078000 -0.06507000 -0.00068300
v -0.00078000 -0.06507000 -0.00068300
v -0.00075100 -0.06533800 -0.00068300
v -0.00075100 -0.06533800 -0.00068300
v -0.00076500 -0.06507000 -0.00083500
v -0.00066800 -0.06559700 -0.00081500
v -0.00073700 -0.06533800 -0.00082900
v -0.00072100 -0.06507000 -0.00098100
v -0.00062900 -0.06559700 -0.00094300
v -0.00069400 -0.06533800 -0.00097000
v -0.00064900 -0.06507000 -0.00111600
v -0.00056600 -0.06559700 -0.00106100
v -0.00062500 -0.06533800 -0.00110000
v -0.00055200 -0.06507000 -0.00123400
v -0.00048100 -0.06559700 -0.00116400
v -0.00053100 -0.06533800 -0.00121400
v -0.00043300 -0.06507000 -0.00133100
v -0.00037800 -0.06559700 -0.00124900
v -0.00041700 -0.06533800 -0.00130700
v -0.00029900 -0.06507000 -0.00140300
v -0.00026100 -0.06559700 -0.00131200
v -0.00028700 -0.06533800 -0.00137600
v -0.00015200 -0.06507000 -0.00144800
v -0.00013300 -0.06559700 -0.00135000
v -0.00014700 -0.06533800 -0.00141900
v -0.00000000 -0.06507000 -0.00146300
v -0.00000000 -0.06559700 -0.00136300
v -0.00000000 -0.06533800 -0.00143400
v 0.00015200 -0.06507000 -0.00144800
v 0.00013300 -0.06559700 -0.00135000
v 0.00014600 -0.06533800 -0.00141900
v 0.00029800 -0.06507000 -0.00140300
v 0.00026000 -0.06559700 -0.00131200
v 0.00028700 -0.06533800 -0.00137600
v 0.00043300 -0.06507000 -0.00133100
v 0.00037800 -0.06559700 -0.00124900
v 0.00041700 -0.06533800 -0.00130700
v 0.00055200 -0.06507000 -0.00123400
v 0.00048100 -0.06559700 -0.00116400
v 0.00053100 -0.06533800 -0.00121400
v 0.00064900 -0.06507000 -0.00111600
v 0.00056600 -0.06559700 -0.00106100
v 0.00062400 -0.06533800 -0.00110000
v 0.00072100 -0.06507000 -0.00098100
v 0.00062900 -0.06559700 -0.00094300
v 0.00069400 -0.06533800 -0.00097000
v 0.00076500 -0.06507000 -0.00083500
v 0.00066800 -0.06559700 -0.00081500
v 0.00073700 -0.06533800 -0.00082900
v 0.00078000 -0.06507000 -0.00068300
v 0.00068100 -0.06559700 -0.00068300
v 0.00075100 -0.06533800 -0.00068300
v 0.00076500 -0.06507000 -0.00053000
v 0.00066800 -0.06559700 -0.00055000
v 0.00073700 -0.06533800 -0.00053600
v 0.00072100 -0.06507000 -0.00038400
v 0.00062900 -0.06559700 -0.00042200
v 0.00069400 -0.06533800 -0.00039500
v 0.00064900 -0.06507000 -0.00024900
v 0.00056600 -0.06559700 -0.00030400
v 0.00062400 -0.06533800 -0.00026500
v 0.00055200 -0.06507000 -0.00013100
v 0.00048100 -0.06559700 -0.00020100
v 0.00053100 -0.06533800 -0.00015200
v 0.00043300 -0.06507000 -0.00003400
v 0.00037800 -0.06559700 -0.00011600
v 0.00041700 -0.06533800 -0.00005800
v 0.00029800 -0.06507000 0.00003800
v 0.00026000 -0.06559700 -0.00005400
v 0.00028700 -0.06533800 0.00001100
v 0.00015200 -0.06507000 0.00008300
v 0.00013300 -0.06559700 -0.00001500
v 0.00014600 -0.06533800 0.00005400
v -0.00000000 -0.06507000 0.00009800
v -0.00000000 -0.06559700 -0.00000200
v -0.00000000 -0.06533800 0.00006800
v -0.00015200 -0.06507000 0.00008300
v -0.00013300 -0.06559700 -0.00001500
v -0.00014700 -0.06533800 0.00005400
v -0.00029900 -0.06507000 0.00003800
v -0.00026100 -0.06559700 -0.00005400
v -0.00028700 -0.06533800 0.00001100
v -0.00043300 -0.06507000 -0.00003400
v -0.00037800 -0.06559700 -0.00011600
v -0.00041700 -0.06533800 -0.00005800
v -0.00055200 -0.06507000 -0.00013100
v -0.00048100 -0.06559700 -0.00020100
v -0.00053100 -0.06533800 -0.00015200
v -0.00064900 -0.06507000 -0.00024900
v -0.00056600 -0.06559700 -0.00030400
v -0.00062500 -0.06533800 -0.00026500
v -0.00072100 -0.06507000 -0.00038400
v -0.00062900 -0.06559700 -0.00042200
v -0.00069400 -0.06533800 -0.00039500
v -0.00076500 -0.06507000 -0.00053000
v -0.00066800 -0.06559700 -0.00055000
v -0.00073700 -0.06533800 -0.00053600
v -0.00025500 -0.06668900 -0.00068300
v -0.00025500 -0.06668900 -0.00068300
v -0.00025000 -0.06668900 -0.00073200
v -0.00023500 -0.06668900 -0.00078000
v -0.00021200 -0.06668900 -0.00082400
v -0.00018000 -0.06668900 -0.00086300
v -0.00014200 -0.06668900 -0.00089400
v -0.00009800 -0.06668900 -0.00091800
v -0.00005000 -0.06668900 -0.00093200
v -0.00000000 -0.06668900 -0.00093700
v 0.00005000 -0.06668900 -0.00093200
v 0.00009700 -0.06668900 -0.00091800
v 0.00014100 -0.06668900 -0.00089400
v 0.00018000 -0.06668900 -0.00086300
v 0.00021200 -0.06668900 -0.00082400
v 0.00023500 -0.06668900 -0.00078000
v 0.00025000 -0.06668900 -0.00073200
v 0.00025500 -0.06668900 -0.00068300
v 0.00025000 -0.06668900 -0.00063300
v 0.00023500 -0.06668900 -0.00058500
v 0.00021200 -0.06668900 -0.00054100
v 0.00018000 -0.06668900 -0.00050200
v 0.00014100 -0.06668900 -0.00047100
v 0.00009700 -0.06668900 -0.00044700
v 0.00005000 -0.06668900 -0.00043300
v -0.00000000 -0.06668900 -0.00042800
v -0.00005000 -0.06668900 -0.00043300
v -0.00009800 -0.06668900 -0.00044700
v -0.00014200 -0.06668900 -0.00047100
v -0.00018000 -0.06668900 -0.00050200
v -0.00021200 -0.06668900 -0.00054100
v -0.00023500 -0.06668900 -0.00058500
v -0.00025000 -0.06668900 -0.00063300
v -0.00097700 0.02726400 0.00538900
v -0.00097700 0.03532000 0.00538900
v -0.00097700 0.05823500 0.00538900
v -0.00097700 0.02758800 0.00493700
v 0.00085000 0.06559900 0.00412100
v 0.00085000 0.06559900 0.00412100
v 0.00000300 0.07029500 0.00410700
v 0.00000300 0.02829100 0.00493700
v 0.00097700 0.02758800 0.00493700
v 0.00097700 0.05823500 0.00538900
v 0.00097700 0.03532000 0.00538900
v 0.00097700 0.02726400 0.00538900
v 0.00000300 0.02758800 0.00584100
v 0.00000300 0.07029500 0.00384300
v 0.00000300 0.02726400 0.00538900
v 0.00000300 0.02758800 0.00493700
v 0.00000300 0.07029500 0.00358000
v 0.00000300 0.07029500 0.00358000
v 0.00000300 0.07029500 0.00358000
v 0.00000300 0.07029500 0.00371200
v 0.00000300 0.05823500 0.00493700
v 0.00000300 0.05913500 0.00448400
v 0.00000300 0.05823500 0.00584100
v 0.00000300 0.03532000 0.00584100
v -0.00097700 0.05913500 0.00448400
v 0.00097700 0.02772900 0.00538900
v 0.00000300 0.02829100 0.00584100
v 0.00000300 0.03478700 0.00461900
v 0.00097700 0.03478700 0.00461900
v 0.00000300 0.03532000 0.00493700
v 0.00000300 0.06717700 0.00358000
v 0.00000300 0.06717700 0.00358000
v 0.00000300 0.06717700 0.00358000
v 0.00000300 0.06717700 0.00358000
v -0.00000000 0.06559900 0.00412100
v 0.00073600 0.06719000 0.00395400
v 0.00073600 0.06719900 0.00432700
v -0.00000300 0.07029500 0.00397500
v 0.00085000 0.06560700 0.00393900
v 0.00085000 0.06560700 0.00393900
v 0.00000300 0.05969400 0.00412100
v 0.00000300 0.05973300 0.00393900
v -0.00085100 0.06559900 0.00412100
v -0.00085100 0.06559900 0.00412100
v -0.00097700 0.02772900 0.00538900
v -0.00097700 0.03478700 0.00461900
v -0.00000000 0.06560700 0.00393900
v -0.00073600 0.06719000 0.00395400
v -0.00073600 0.06719900 0.00432700
v -0.00085100 0.06560700 0.00393900
v -0.00085100 0.06560700 0.00393900
v -0.00085100 0.05973300 0.00393900
v -0.00085100 0.05969400 0.00412100
v -0.00097700 0.03218000 0.00367100
v -0.00097700 0.03156600 0.00376000
v -0.00097700 0.03346700 0.00383200
v -0.00097700 0.03287500 0.00367100
v 0.00000300 0.03223300 0.00389700
v 0.00000300 0.03161600 0.00396900
v 0.00097700 0.03346700 0.00383200
v 0.00097700 0.03287500 0.00367100
v 0.00097700 0.03218000 0.00367100
v 0.00097700 0.03156600 0.00376000
v 0.00000300 0.03335500 0.00408000
v 0.00000300 0.03276100 0.00392100
v 0.00000300 0.03156600 0.00376000
v 0.00000300 0.03218000 0.00367100
v 0.00000300 0.03287500 0.00367100
v 0.00000300 0.03346700 0.00383200
v -0.00097700 0.06527600 0.00538900
v -0.00097700 0.06708100 0.00511000
v -0.00097700 0.06585200 0.00535200
v -0.00097700 0.06651300 0.00525000
v 0.00097700 0.06708200 0.00472800
v 0.00097700 0.06527600 0.00493700
v 0.00097700 0.06651300 0.00483200
v 0.00097700 0.06585200 0.00490900
v 0.00097700 0.06585200 0.00490900
v 0.00097700 0.06527600 0.00538900
v 0.00097700 0.06708100 0.00511000
v 0.00097700 0.06585200 0.00535200
v 0.00097700 0.06651300 0.00525000
v 0.00000300 0.06707700 0.00549400
v 0.00000300 0.06527600 0.00584100
v 0.00000300 0.06651100 0.00566800
v 0.00000300 0.06585200 0.00579500
v -0.00097700 0.06527600 0.00493700
v -0.00097700 0.06708200 0.00472800
v -0.00097700 0.06585200 0.00490900
v -0.00097700 0.06651300 0.00483200
v -0.00097700 0.06651300 0.00483200
v -0.00000000 0.06693200 0.00436800
v -0.00000000 0.06690900 0.00396200
v 0.00073600 0.06690900 0.00396200
v 0.00073600 0.06690900 0.00396200
v -0.00073600 0.06693200 0.00436800
v -0.00073600 0.06693200 0.00436800
v -0.00073600 0.06693200 0.00436800
v -0.00073600 0.06690900 0.00396200
v -0.00073600 0.06690900 0.00396200
v 0.00097700 0.06545800 0.00448500
v 0.00097700 0.06545800 0.00448500
v 0.00073600 0.06693200 0.00436800
v 0.00073600 0.06693200 0.00436800
v 0.00073600 0.06693200 0.00436800
v -0.00097700 0.06545800 0.00448500
v -0.00000000 0.06595300 0.00433900
v -0.00000000 0.06646300 0.00444200
v 0.00073600 0.06646300 0.00444200
v 0.00073600 0.06646300 0.00444200
v 0.00078200 0.06595300 0.00433900
v 0.00078200 0.06595300 0.00433900
v -0.00078200 0.06595300 0.00433900
v -0.00078200 0.06595300 0.00433900
v -0.00073600 0.06646300 0.00444200
v -0.00073600 0.06646300 0.00444200
v 0.00097700 0.06591200 0.00448500
v 0.00097700 0.06591200 0.00448500
v 0.00097700 0.06591200 0.00448500
v -0.00097700 0.06591200 0.00448500
v -0.00097700 0.06591200 0.00448500
v -0.00097700 0.06591200 0.00448500
v 0.00398900 0.01860800 0.00097000
v 0.00398900 0.01860800 0.00097000
v 0.00400600 0.01863600 0.00097700
v 0.00400600 0.01863600 0.00097700
v 0.00400600 0.01981900 0.00097700
v 0.00400600 0.01981900 0.00097700
v 0.00398900 0.01984700 0.00097000
v 0.00398900 0.01984700 0.00097000
v 0.00425300 0.01981900 0.00016300
v 0.00425300 0.01981900 0.00016300
v 0.00423500 0.01984700 0.00016000
v 0.00423500 0.01984700 0.00016000
v 0.00423500 0.01860800 0.00016000
v 0.00423500 0.01860800 0.00016000
v 0.00425300 0.01863600 0.00016300
v 0.00425300 0.01863600 0.00016300
v 0.00306600 0.01863600 0.00238400
v 0.00306600 0.01863600 0.00238400
v 0.00305300 0.01860800 0.00237100
v 0.00305300 0.01860800 0.00237100
v 0.00306600 0.01981900 0.00238400
v 0.00306600 0.01981900 0.00238400
v 0.00305300 0.01984700 0.00237100
v 0.00305300 0.01984700 0.00237100
v 0.00360500 0.01981900 0.00172700
v 0.00360500 0.01981900 0.00172700
v 0.00359000 0.01984700 0.00171600
v 0.00359000 0.01984700 0.00171600
v 0.00360500 0.01863600 0.00172700
v 0.00360500 0.01863600 0.00172700
v 0.00359000 0.01860800 0.00171600
v 0.00359000 0.01860800 0.00171600
v 0.00165900 0.01863600 0.00332400
v 0.00165900 0.01863600 0.00332400
v 0.00165200 0.01860800 0.00330700
v 0.00165200 0.01860800 0.00330700
v 0.00165200 0.01984700 0.00330700
v 0.00165200 0.01984700 0.00330700
v 0.00165900 0.01981900 0.00332400
v 0.00165900 0.01981900 0.00332400
v 0.00239900 0.01984700 0.00290800
v 0.00239900 0.01984700 0.00290800
v 0.00240900 0.01981900 0.00292300
v 0.00240900 0.01981900 0.00292300
v 0.00239900 0.01860800 0.00290800
v 0.00239900 0.01860800 0.00290800
v 0.00240900 0.01863600 0.00292300
v 0.00240900 0.01863600 0.00292300
v -0.00000000 0.01860800 0.00363500
v -0.00000000 0.01860800 0.00363500
v -0.00000000 0.01863600 0.00365400
v -0.00000000 0.01863600 0.00365400
v -0.00000000 0.01981900 0.00365400
v -0.00000000 0.01981900 0.00365400
v -0.00000000 0.01984700 0.00363500
v -0.00000000 0.01984700 0.00363500
v 0.00084600 0.01981900 0.00357000
v 0.00084600 0.01981900 0.00357000
v 0.00084200 0.01984700 0.00355200
v 0.00084200 0.01984700 0.00355200
v 0.00084200 0.01860800 0.00355200
v 0.00084200 0.01860800 0.00355200
v 0.00084600 0.01863600 0.00357000
v 0.00084600 0.01863600 0.00357000
v -0.00165900 0.01863600 0.00332400
v -0.00165900 0.01863600 0.00332400
v -0.00165200 0.01860800 0.00330700
v -0.00165200 0.01860800 0.00330700
v -0.00165900 0.01981900 0.00332400
v -0.00165900 0.01981900 0.00332400
v -0.00165200 0.01984700 0.00330700
v -0.00165200 0.01984700 0.00330700
v -0.00084600 0.01981900 0.00357000
v -0.00084600 0.01981900 0.00357000
v -0.00084200 0.01984700 0.00355200
v -0.00084200 0.01984700 0.00355200
v -0.00084600 0.01863600 0.00357000
v -0.00084600 0.01863600 0.00357000
v -0.00084200 0.01860800 0.00355200
v -0.00084200 0.01860800 0.00355200
v -0.00306600 0.01863600 0.00238400
v -0.00306600 0.01863600 0.00238400
v -0.00305300 0.01860800 0.00237100
v -0.00305300 0.01860800 0.00237100
v -0.00305300 0.01984700 0.00237100
v -0.00305300 0.01984700 0.00237100
v -0.00306600 0.01981900 0.00238400
v -0.00306600 0.01981900 0.00238400
v -0.00239900 0.01984700 0.00290800
v -0.00239900 0.01984700 0.00290800
v -0.00240900 0.01981900 0.00292300
v -0.00240900 0.01981900 0.00292300
v -0.00239900 0.01860800 0.00290800
v -0.00239900 0.01860800 0.00290800
v -0.00240900 0.01863600 0.00292300
v -0.00240900 0.01863600 0.00292300
v -0.00400600 0.01863600 0.00097700
v -0.00400600 0.01863600 0.00097700
v -0.00398900 0.01860800 0.00097000
v -0.00398900 0.01860800 0.00097000
v -0.00398900 0.01984700 0.00097000
v -0.00398900 0.01984700 0.00097000
v -0.00400600 0.01981900 0.00097700
v -0.00400600 0.01981900 0.00097700
v -0.00360600 0.01981900 0.00172700
v -0.00360600 0.01981900 0.00172700
v -0.00359000 0.01984700 0.00171600
v -0.00359000 0.01984700 0.00171600
v -0.00359000 0.01860800 0.00171600
v -0.00359000 0.01860800 0.00171600
v -0.00360600 0.01863600 0.00172700
v -0.00360600 0.01863600 0.00172700
v -0.00425300 0.01863600 -0.00152900
v -0.00425300 0.01863600 -0.00152900
v -0.00423500 0.01860800 -0.00152500
v -0.00423500 0.01860800 -0.00152500
v -0.00423500 0.01984700 -0.00152500
v -0.00423500 0.01984700 -0.00152500
v -0.00425300 0.01981900 -0.00152900
v -0.00425300 0.01981900 -0.00152900
v -0.00431800 0.01984700 -0.00068300
v -0.00431800 0.01984700 -0.00068300
v -0.00431800 0.01984700 -0.00068300
v -0.00431800 0.01984700 -0.00068300
v -0.00433600 0.01981900 -0.00068300
v -0.00433600 0.01981900 -0.00068300
v -0.00433600 0.01981900 -0.00068300
v -0.00433600 0.01981900 -0.00068300
v -0.00431800 0.01860800 -0.00068300
v -0.00431800 0.01860800 -0.00068300
v -0.00431800 0.01860800 -0.00068300
v -0.00431800 0.01860800 -0.00068300
v -0.00433600 0.01863600 -0.00068300
v -0.00433600 0.01863600 -0.00068300
v -0.00433600 0.01863600 -0.00068300
v -0.00433600 0.01863600 -0.00068300
v -0.00423300 0.07503800 -0.00068300
v -0.00423300 0.07503800 -0.00068300
v -0.00423300 0.07503800 -0.00068300
v -0.00423300 0.07503800 -0.00068300
v -0.00431400 0.07487900 -0.00068300
v -0.00431400 0.07487900 -0.00068300
v -0.00431400 0.07487900 -0.00068300
v -0.00431400 0.07487900 -0.00068300
v -0.00431400 0.07145900 -0.00068300
v -0.00431400 0.07145900 -0.00068300
v -0.00431400 0.07145900 -0.00068300
v -0.00431400 0.07145900 -0.00068300
v -0.00423300 0.07130000 -0.00068300
v -0.00423300 0.07130000 -0.00068300
v -0.00423300 0.07130000 -0.00068300
v -0.00423300 0.07130000 -0.00068300
v -0.00415200 0.07130000 -0.00150800
v -0.00415200 0.07130000 -0.00150800
v -0.00423100 0.07145900 -0.00152400
v -0.00423100 0.07145900 -0.00152400
v -0.00423100 0.07487900 -0.00152400
v -0.00423100 0.07487900 -0.00152400
v -0.00415200 0.07503800 -0.00150800
v -0.00415200 0.07503800 -0.00150800
v -0.00391100 0.07130000 -0.00230200
v -0.00391100 0.07130000 -0.00230200
v -0.00398600 0.07145900 -0.00233400
v -0.00398600 0.07145900 -0.00233400
v -0.00398600 0.07487900 -0.00233400
v -0.00398600 0.07487900 -0.00233400
v -0.00391100 0.07503800 -0.00230200
v -0.00391100 0.07503800 -0.00230200
v -0.00352000 0.07130000 -0.00303400
v -0.00352000 0.07130000 -0.00303400
v -0.00358700 0.07145900 -0.00307900
v -0.00358700 0.07145900 -0.00307900
v -0.00358700 0.07487900 -0.00307900
v -0.00358700 0.07487900 -0.00307900
v -0.00352000 0.07503800 -0.00303400
v -0.00352000 0.07503800 -0.00303400
v -0.00299300 0.07130000 -0.00367600
v -0.00299300 0.07130000 -0.00367600
v -0.00305100 0.07145900 -0.00373300
v -0.00305100 0.07145900 -0.00373300
v -0.00305100 0.07487900 -0.00373300
v -0.00305100 0.07487900 -0.00373300
v -0.00299300 0.07503800 -0.00367600
v -0.00299300 0.07503800 -0.00367600
v -0.00235200 0.07130000 -0.00420200
v -0.00235200 0.07130000 -0.00420200
v -0.00239700 0.07145900 -0.00427000
v -0.00239700 0.07145900 -0.00427000
v -0.00239700 0.07487900 -0.00427000
v -0.00239700 0.07487900 -0.00427000
v -0.00235200 0.07503800 -0.00420200
v -0.00235200 0.07503800 -0.00420200
v -0.00162000 0.07130000 -0.00459300
v -0.00162000 0.07130000 -0.00459300
v -0.00165100 0.07145900 -0.00466800
v -0.00165100 0.07145900 -0.00466800
v -0.00165100 0.07487900 -0.00466800
v -0.00165100 0.07487900 -0.00466800
v -0.00162000 0.07503800 -0.00459300
v -0.00162000 0.07503800 -0.00459300
v -0.00082600 0.07130000 -0.00483400
v -0.00082600 0.07130000 -0.00483400
v -0.00084200 0.07145900 -0.00491400
v -0.00084200 0.07145900 -0.00491400
v -0.00084200 0.07487900 -0.00491400
v -0.00084200 0.07487900 -0.00491400
v -0.00082600 0.07503800 -0.00483400
v -0.00082600 0.07503800 -0.00483400
v -0.00000000 0.07130000 -0.00491500
v -0.00000000 0.07130000 -0.00491500
v -0.00000000 0.07145900 -0.00499700
v -0.00000000 0.07145900 -0.00499700
v -0.00000000 0.07487900 -0.00499700
v -0.00000000 0.07487900 -0.00499700
v -0.00000000 0.07503800 -0.00491500
v -0.00000000 0.07503800 -0.00491500
v 0.00082600 0.07130000 -0.00483400
v 0.00082600 0.07130000 -0.00483400
v 0.00084200 0.07145900 -0.00491400
v 0.00084200 0.07145900 -0.00491400
v 0.00084200 0.07487900 -0.00491400
v 0.00084200 0.07487900 -0.00491400
v 0.00082600 0.07503800 -0.00483400
v 0.00082600 0.07503800 -0.00483400
v 0.00162000 0.07130000 -0.00459300
v 0.00162000 0.07130000 -0.00459300
v 0.00165100 0.07145900 -0.00466800
v 0.00165100 0.07145900 -0.00466800
v 0.00165100 0.07487900 -0.00466800
v 0.00165100 0.07487900 -0.00466800
v 0.00162000 0.07503800 -0.00459300
v 0.00162000 0.07503800 -0.00459300
v 0.00235200 0.07130000 -0.00420200
v 0.00235200 0.07130000 -0.00420200
v 0.00239700 0.07145900 -0.00427000
v 0.00239700 0.07145900 -0.00427000
v 0.00239700 0.07487900 -0.00427000
v 0.00239700 0.07487900 -0.00427000
v 0.00235200 0.07503800 -0.00420200
v 0.00235200 0.07503800 -0.00420200
v 0.00299300 0.07130000 -0.00367600
v 0.00299300 0.07130000 -0.00367600
v 0.00305100 0.07145900 -0.00373300
v 0.00305100 0.07145900 -0.00373300
v 0.00305100 0.07487900 -0.00373300
v 0.00305100 0.07487900 -0.00373300
v 0.00299300 0.07503800 -0.00367600
v 0.00299300 0.07503800 -0.00367600
v 0.00351900 0.07130000 -0.00303400
v 0.00351900 0.07130000 -0.00303400
v 0.00358700 0.07145900 -0.00307900
v 0.00358700 0.07145900 -0.00307900
v 0.00358700 0.07487900 -0.00307900
v 0.00358700 0.07487900 -0.00307900
v 0.00351900 0.07503800 -0.00303400
v 0.00351900 0.07503800 -0.00303400
v 0.00391000 0.07130000 -0.00230200
v 0.00391000 0.07130000 -0.00230200
v 0.00398600 0.07145900 -0.00233400
v 0.00398600 0.07145900 -0.00233400
v 0.00398600 0.07487900 -0.00233400
v 0.00398600 0.07487900 -0.00233400
v 0.00391000 0.07503800 -0.00230200
v 0.00391000 0.07503800 -0.00230200
v 0.00415100 0.07130000 -0.00150800
v 0.00415100 0.07130000 -0.00150800
v 0.00423100 0.07145900 -0.00152400
v 0.00423100 0.07145900 -0.00152400
v 0.00423100 0.07487900 -0.00152400
v 0.00423100 0.07487900 -0.00152400
v 0.00415100 0.07503800 -0.00150800
v 0.00415100 0.07503800 -0.00150800
v 0.00423300 0.07130000 -0.00068300
v 0.00423300 0.07130000 -0.00068300
v 0.00431400 0.07145900 -0.00068300
v 0.00431400 0.07145900 -0.00068300
v 0.00431400 0.07487900 -0.00068300
v 0.00431400 0.07487900 -0.00068300
v 0.00423300 0.07503800 -0.00068300
v 0.00423300 0.07503800 -0.00068300
v 0.00415100 0.07130000 0.00014300
v 0.00415100 0.07130000 0.00014300
v 0.00423100 0.07145900 0.00015900
v 0.00423100 0.07145900 0.00015900
v 0.00423100 0.07487900 0.00015900
v 0.00423100 0.07487900 0.00015900
v 0.00415100 0.07503800 0.00014300
v 0.00415100 0.07503800 0.00014300
v 0.00391000 0.07130000 0.00093700
v 0.00391000 0.07130000 0.00093700
v 0.00398600 0.07145900 0.00096800
v 0.00398600 0.07145900 0.00096800
v 0.00398600 0.07487900 0.00096800
v 0.00398600 0.07487900 0.00096800
v 0.00391000 0.07503800 0.00093700
v 0.00391000 0.07503800 0.00093700
v 0.00351900 0.07130000 0.00166900
v 0.00351900 0.07130000 0.00166900
v 0.00358700 0.07145900 0.00171400
v 0.00358700 0.07145900 0.00171400
v 0.00358700 0.07487900 0.00171400
v 0.00358700 0.07487900 0.00171400
v 0.00351900 0.07503800 0.00166900
v 0.00351900 0.07503800 0.00166900
v 0.00299300 0.07130000 0.00231000
v 0.00299300 0.07130000 0.00231000
v 0.00305100 0.07145900 0.00236800
v 0.00305100 0.07145900 0.00236800
v 0.00305100 0.07487900 0.00236800
v 0.00305100 0.07487900 0.00236800
v 0.00299300 0.07503800 0.00231000
v 0.00299300 0.07503800 0.00231000
v 0.00235200 0.07130000 0.00283700
v 0.00235200 0.07130000 0.00283700
v 0.00239700 0.07145900 0.00290500
v 0.00239700 0.07145900 0.00290500
v 0.00239700 0.07487900 0.00290500
v 0.00239700 0.07487900 0.00290500
v 0.00235200 0.07503800 0.00283700
v 0.00235200 0.07503800 0.00283700
v 0.00162000 0.07130000 0.00322800
v 0.00162000 0.07130000 0.00322800
v 0.00165100 0.07145900 0.00330300
v 0.00165100 0.07145900 0.00330300
v 0.00165100 0.07487900 0.00330300
v 0.00165100 0.07487900 0.00330300
v 0.00162000 0.07503800 0.00322800
v 0.00162000 0.07503800 0.00322800
v 0.00082600 0.07130000 0.00346900
v 0.00082600 0.07130000 0.00346900
v 0.00084200 0.07145900 0.00354900
v 0.00084200 0.07145900 0.00354900
v 0.00084200 0.07487900 0.00354900
v 0.00084200 0.07487900 0.00354900
v 0.00082600 0.07503800 0.00346900
v 0.00082600 0.07503800 0.00346900
v -0.00000000 0.07130000 0.00355000
v -0.00000000 0.07130000 0.00355000
v -0.00000000 0.07145900 0.00363200
v -0.00000000 0.07145900 0.00363200
v -0.00000000 0.07487900 0.00363200
v -0.00000000 0.07487900 0.00363200
v -0.00000000 0.07503800 0.00355000
v -0.00000000 0.07503800 0.00355000
v -0.00082600 0.07130000 0.00346900
v -0.00082600 0.07130000 0.00346900
v -0.00084200 0.07145900 0.00354900
v -0.00084200 0.07145900 0.00354900
v -0.00084200 0.07487900 0.00354900
v -0.00084200 0.07487900 0.00354900
v -0.00082600 0.07503800 0.00346900
v -0.00082600 0.07503800 0.00346900
v -0.00162000 0.07130000 0.00322800
v -0.00162000 0.07130000 0.00322800
v -0.00165100 0.07145900 0.00330300
v -0.00165100 0.07145900 0.00330300
v -0.00165100 0.07487900 0.00330300
v -0.00165100 0.07487900 0.00330300
v -0.00162000 0.07503800 0.00322800
v -0.00162000 0.07503800 0.00322800
v -0.00235200 0.07130000 0.00283700
v -0.00235200 0.07130000 0.00283700
v -0.00239700 0.07145900 0.00290500
v -0.00239700 0.07145900 0.00290500
v -0.00239700 0.07487900 0.00290500
v -0.00239700 0.07487900 0.00290500
v -0.00235200 0.07503800 0.00283700
v -0.00235200 0.07503800 0.00283700
v -0.00299300 0.07130000 0.00231000
v -0.00299300 0.07130000 0.00231000
v -0.00305100 0.07145900 0.00236800
v -0.00305100 0.07145900 0.00236800
v -0.00305100 0.07487900 0.00236800
v -0.00305100 0.07487900 0.00236800
v -0.00299300 0.07503800 0.00231000
v -0.00299300 0.07503800 0.00231000
v -0.00352000 0.07130000 0.00166900
v -0.00352000 0.07130000 0.00166900
v -0.00358700 0.07145900 0.00171400
v -0.00358700 0.07145900 0.00171400
v -0.00358700 0.07487900 0.00171400
v -0.00358700 0.07487900 0.00171400
v -0.00352000 0.07503800 0.00166900
v -0.00352000 0.07503800 0.00166900
v -0.00391100 0.07130000 0.00093700
v -0.00391100 0.07130000 0.00093700
v -0.00398600 0.07145900 0.00096800
v -0.00398600 0.07145900 0.00096800
v -0.00398600 0.07487900 0.00096800
v -0.00398600 0.07487900 0.00096800
v -0.00391100 0.07503800 0.00093700
v -0.00391100 0.07503800 0.00093700
v -0.00415200 0.07130000 0.00014300
v -0.00415200 0.07130000 0.00014300
v -0.00423100 0.07145900 0.00015900
v -0.00423100 0.07145900 0.00015900
v -0.00423100 0.07487900 0.00015900
v -0.00423100 0.07487900 0.00015900
v -0.00415200 0.07503800 0.00014300
v -0.00415200 0.07503800 0.00014300
v -0.00384000 0.01991600 0.00090800
v -0.00384000 0.01853900 0.00090800
v -0.00345600 0.01853900 0.00162700
v -0.00345600 0.01991600 0.00162700
v -0.00293900 0.01991600 0.00225700
v -0.00293900 0.01853900 0.00225700
v -0.00230900 0.01853900 0.00277400
v -0.00230900 0.01991600 0.00277400
v -0.00159100 0.01991600 0.00315800
v -0.00159100 0.01853900 0.00315800
v -0.00081100 0.01853900 0.00339400
v -0.00081100 0.01991600 0.00339400
v -0.00000000 0.01991600 0.00347400
v -0.00000000 0.01853900 0.00347400
v 0.00081100 0.01853900 0.00339400
v 0.00081100 0.01991600 0.00339400
v 0.00159100 0.01991600 0.00315800
v 0.00159100 0.01853900 0.00315800
v 0.00230900 0.01853900 0.00277400
v 0.00230900 0.01991600 0.00277400
v 0.00293900 0.01991600 0.00225700
v 0.00293900 0.01853900 0.00225700
v 0.00345600 0.01853900 0.00162700
v 0.00345600 0.01991600 0.00162700
v 0.00384000 0.01991600 0.00090800
v 0.00384000 0.01853900 0.00090800
v 0.00407700 0.01853900 0.00012800
v 0.00407700 0.01991600 0.00012800
v 0.00415700 0.01991600 -0.00068300
v 0.00415700 0.01853900 -0.00068300
v 0.00407700 0.01853900 -0.00149400
v 0.00407700 0.01991600 -0.00149400
v 0.00384000 0.01991600 -0.00227300
v 0.00384000 0.01853900 -0.00227300
v 0.00345600 0.01853900 -0.00299200
v 0.00345600 0.01991600 -0.00299200
v 0.00293900 0.01991600 -0.00362200
v 0.00293900 0.01853900 -0.00362200
v 0.00230900 0.01853900 -0.00413900
v 0.00230900 0.01991600 -0.00413900
v 0.00159100 0.01991600 -0.00452300
v 0.00159100 0.01853900 -0.00452300
v 0.00081100 0.01853900 -0.00475900
v 0.00081100 0.01991600 -0.00475900
v -0.00000000 0.01991600 -0.00483900
v -0.00000000 0.01853900 -0.00483900
v -0.00081100 0.01853900 -0.00475900
v -0.00081100 0.01991600 -0.00475900
v -0.00159100 0.01991600 -0.00452300
v -0.00159100 0.01853900 -0.00452300
v -0.00230900 0.01853900 -0.00413900
v -0.00230900 0.01991600 -0.00413900
v -0.00293900 0.01991600 -0.00362200
v -0.00293900 0.01853900 -0.00362200
v -0.00345600 0.01853900 -0.00299200
v -0.00345600 0.01991600 -0.00299200
v -0.00384000 0.01991600 -0.00227300
v -0.00384000 0.01853900 -0.00227300
v -0.00407700 0.01991600 -0.00149400
v -0.00407700 0.01853900 -0.00149400
v -0.00415700 0.01853900 -0.00068300
v -0.00415700 0.01853900 -0.00068300
v -0.00415700 0.01991600 -0.00068300
v -0.00415700 0.01991600 -0.00068300
v -0.00407700 0.01853900 0.00012800
v -0.00407700 0.01991600 0.00012800
v 0.00423500 0.01860800 -0.00152500
v 0.00423500 0.01860800 -0.00152500
v 0.00425300 0.01863600 -0.00152900
v 0.00425300 0.01863600 -0.00152900
v 0.00423500 0.01984700 -0.00152500
v 0.00423500 0.01984700 -0.00152500
v 0.00425300 0.01981900 -0.00152900
v 0.00425300 0.01981900 -0.00152900
v 0.00431800 0.01984700 -0.00068300
v 0.00431800 0.01984700 -0.00068300
v 0.00433600 0.01981900 -0.00068300
v 0.00433600 0.01981900 -0.00068300
v 0.00433600 0.01863600 -0.00068300
v 0.00433600 0.01863600 -0.00068300
v 0.00431800 0.01860800 -0.00068300
v 0.00431800 0.01860800 -0.00068300
v 0.00360500 0.01863600 -0.00309200
v 0.00360500 0.01863600 -0.00309200
v 0.00359000 0.01860800 -0.00308100
v 0.00359000 0.01860800 -0.00308100
v 0.00360500 0.01981900 -0.00309200
v 0.00360500 0.01981900 -0.00309200
v 0.00359000 0.01984700 -0.00308100
v 0.00359000 0.01984700 -0.00308100
v 0.00400600 0.01981900 -0.00234200
v 0.00400600 0.01981900 -0.00234200
v 0.00398900 0.01984700 -0.00233500
v 0.00398900 0.01984700 -0.00233500
v 0.00400600 0.01863600 -0.00234200
v 0.00400600 0.01863600 -0.00234200
v 0.00398900 0.01860800 -0.00233500
v 0.00398900 0.01860800 -0.00233500
v 0.00239900 0.01860800 -0.00427300
v 0.00239900 0.01860800 -0.00427300
v 0.00240900 0.01863600 -0.00428800
v 0.00240900 0.01863600 -0.00428800
v 0.00240900 0.01981900 -0.00428800
v 0.00240900 0.01981900 -0.00428800
v 0.00239900 0.01984700 -0.00427300
v 0.00239900 0.01984700 -0.00427300
v 0.00306600 0.01981900 -0.00374900
v 0.00306600 0.01981900 -0.00374900
v 0.00305300 0.01984700 -0.00373600
v 0.00305300 0.01984700 -0.00373600
v 0.00305300 0.01860800 -0.00373600
v 0.00305300 0.01860800 -0.00373600
v 0.00306600 0.01863600 -0.00374900
v 0.00306600 0.01863600 -0.00374900
v 0.00084200 0.01860800 -0.00491700
v 0.00084200 0.01860800 -0.00491700
v 0.00084600 0.01863600 -0.00493500
v 0.00084600 0.01863600 -0.00493500
v 0.00084200 0.01984700 -0.00491700
v 0.00084200 0.01984700 -0.00491700
v 0.00084600 0.01981900 -0.00493500
v 0.00084600 0.01981900 -0.00493500
v 0.00165200 0.01984700 -0.00467200
v 0.00165200 0.01984700 -0.00467200
v 0.00165900 0.01981900 -0.00468900
v 0.00165900 0.01981900 -0.00468900
v 0.00165900 0.01863600 -0.00468900
v 0.00165900 0.01863600 -0.00468900
v 0.00165200 0.01860800 -0.00467200
v 0.00165200 0.01860800 -0.00467200
v -0.00084600 0.01863600 -0.00493500
v -0.00084600 0.01863600 -0.00493500
v -0.00084200 0.01860800 -0.00491700
v -0.00084200 0.01860800 -0.00491700
v -0.00084600 0.01981900 -0.00493500
v -0.00084600 0.01981900 -0.00493500
v -0.00084200 0.01984700 -0.00491700
v -0.00084200 0.01984700 -0.00491700
v -0.00000000 0.01981900 -0.00501900
v -0.00000000 0.01981900 -0.00501900
v -0.00000000 0.01984700 -0.00500000
v -0.00000000 0.01984700 -0.00500000
v -0.00000000 0.01863600 -0.00501900
v -0.00000000 0.01863600 -0.00501900
v -0.00000000 0.01860800 -0.00500000
v -0.00000000 0.01860800 -0.00500000
v -0.00239900 0.01860800 -0.00427300
v -0.00239900 0.01860800 -0.00427300
v -0.00240900 0.01863600 -0.00428800
v -0.00240900 0.01863600 -0.00428800
v -0.00240900 0.01981900 -0.00428800
v -0.00240900 0.01981900 -0.00428800
v -0.00239900 0.01984700 -0.00427300
v -0.00239900 0.01984700 -0.00427300
v -0.00165900 0.01981900 -0.00468900
v -0.00165900 0.01981900 -0.00468900
v -0.00165200 0.01984700 -0.00467200
v -0.00165200 0.01984700 -0.00467200
v -0.00165200 0.01860800 -0.00467200
v -0.00165200 0.01860800 -0.00467200
v -0.00165900 0.01863600 -0.00468900
v -0.00165900 0.01863600 -0.00468900
v -0.00360600 0.01863600 -0.00309200
v -0.00360600 0.01863600 -0.00309200
v -0.00359000 0.01860800 -0.00308100
v -0.00359000 0.01860800 -0.00308100
v -0.00359000 0.01984700 -0.00308100
v -0.00359000 0.01984700 -0.00308100
v -0.00360600 0.01981900 -0.00309200
v -0.00360600 0.01981900 -0.00309200
v -0.00305300 0.01984700 -0.00373600
v -0.00305300 0.01984700 -0.00373600
v -0.00306600 0.01981900 -0.00374900
v -0.00306600 0.01981900 -0.00374900
v -0.00305300 0.01860800 -0.00373600
v -0.00305300 0.01860800 -0.00373600
v -0.00306600 0.01863600 -0.00374900
v -0.00306600 0.01863600 -0.00374900
v -0.00400600 0.01981900 -0.00234200
v -0.00400600 0.01981900 -0.00234200
v -0.00398900 0.01984700 -0.00233500
v -0.00398900 0.01984700 -0.00233500
v -0.00398900 0.01860800 -0.00233500
v -0.00398900 0.01860800 -0.00233500
v -0.00400600 0.01863600 -0.00234200
v -0.00400600 0.01863600 -0.00234200
v -0.00425300 0.01863600 0.00016300
v -0.00425300 0.01863600 0.00016300
v -0.00423500 0.01860800 0.00016000
v -0.00423500 0.01860800 0.00016000
v -0.00425300 0.01981900 0.00016300
v -0.00425300 0.01981900 0.00016300
v -0.00423500 0.01984700 0.00016000
v -0.00423500 0.01984700 0.00016000
v -0.00097700 0.07016200 0.00414800
v -0.00097700 0.07016200 0.00414800
v -0.00084500 0.07029500 0.00410700
v -0.00089700 0.02758800 0.00584100
v -0.00089700 0.02758800 0.00584100
v -0.00097700 0.02753000 0.00576000
v -0.00097700 0.02753000 0.00576000
v -0.00097700 0.03532000 0.00494500
v -0.00097700 0.03532000 0.00494500
v -0.00096900 0.03532000 0.00493700
v -0.00089700 0.03532000 0.00584100
v -0.00089700 0.03532000 0.00584100
v -0.00097700 0.03532000 0.00576000
v -0.00097700 0.07016200 0.00386400
v -0.00084500 0.07029500 0.00384300
v -0.00084500 0.07029500 0.00384300
v 0.00084500 0.07029500 0.00358000
v 0.00084500 0.07029500 0.00358000
v 0.00084500 0.07029500 0.00358000
v 0.00097700 0.07016200 0.00358000
v 0.00097700 0.07016200 0.00358000
v 0.00096700 0.07016300 0.00358000
v 0.00096700 0.07016300 0.00358000
v 0.00097700 0.07016200 0.00420800
v 0.00097700 0.07016200 0.00420800
v 0.00084500 0.07029500 0.00411800
v 0.00089700 0.07018300 0.00428200
v 0.00097700 0.05823500 0.00576000
v 0.00089700 0.05823500 0.00584100
v 0.00084500 0.07029500 0.00397500
v 0.00084500 0.07029500 0.00397500
v 0.00097700 0.07016200 0.00400600
v 0.00097700 0.05823000 0.00494500
v 0.00096900 0.05823500 0.00493700
v 0.00096900 0.05823500 0.00493700
v 0.00096900 0.05913500 0.00448400
v 0.00096900 0.05913500 0.00448400
v 0.00097700 0.05914500 0.00448400
v 0.00097700 0.05914500 0.00448400
v 0.00084500 0.07029500 0.00371200
v 0.00097700 0.07016200 0.00372200
v 0.00097700 0.07016200 0.00386400
v 0.00084500 0.07029500 0.00384300
v 0.00084500 0.07029500 0.00384300
v 0.00089700 0.03532000 0.00584100
v 0.00089700 0.03532000 0.00584100
v 0.00097700 0.03532000 0.00576000
v 0.00097700 0.03532000 0.00494500
v 0.00097700 0.03532000 0.00494500
v 0.00096900 0.03532000 0.00493700
v 0.00097700 0.02753000 0.00576000
v 0.00097700 0.02753000 0.00576000
v 0.00089700 0.02758800 0.00584100
v 0.00089700 0.02758800 0.00584100
v 0.00097700 0.07016200 0.00414800
v 0.00097700 0.07016200 0.00414800
v 0.00084500 0.07029500 0.00410700
v 0.00097700 0.06695600 0.00442600
v 0.00091700 0.06693200 0.00436900
v 0.00091700 0.06693200 0.00436900
v -0.00084500 0.07029500 0.00371200
v -0.00097700 0.07016200 0.00372200
v 0.00000300 0.07029500 0.00411800
v 0.00000300 0.07018300 0.00428200
v 0.00000300 0.07018300 0.00428200
v 0.00000300 0.03466500 0.00475400
v 0.00000300 0.03465200 0.00475700
v 0.00000300 0.03465200 0.00475700
v 0.00097700 0.02819000 0.00576000
v 0.00089700 0.02829100 0.00584100
v 0.00097700 0.02823500 0.00494500
v 0.00096900 0.02829100 0.00493700
v 0.00096900 0.02829100 0.00493700
v -0.00096900 0.05823500 0.00493700
v -0.00096900 0.05823500 0.00493700
v -0.00097700 0.05823500 0.00494500
v -0.00097700 0.05823500 0.00494500
v -0.00097700 0.05824300 0.00493700
v -0.00097700 0.05824200 0.00493300
v -0.00097700 0.05824200 0.00493300
v 0.00096900 0.03465200 0.00475700
v 0.00096900 0.03465200 0.00475700
v 0.00097700 0.03466500 0.00475400
v 0.00097700 0.03466500 0.00475400
v -0.00084500 0.07029500 0.00397500
v -0.00084500 0.07029500 0.00397500
v -0.00097700 0.07016200 0.00400600
v -0.00089700 0.05823500 0.00584100
v -0.00097700 0.05823500 0.00576000
v 0.00091700 0.06717900 0.00364000
v 0.00097700 0.06723700 0.00358000
v 0.00097700 0.06723700 0.00358000
v 0.00091700 0.06719000 0.00395400
v 0.00091700 0.06719000 0.00395400
v 0.00097700 0.06725000 0.00394900
v 0.00097700 0.06726000 0.00437800
v 0.00097700 0.06726000 0.00437800
v 0.00091700 0.06719900 0.00432700
v 0.00091700 0.06719900 0.00432700
v -0.00097700 0.07016200 0.00420800
v -0.00097700 0.07016200 0.00420800
v -0.00089700 0.07018300 0.00428200
v -0.00084500 0.07029500 0.00411800
v -0.00097700 0.07016200 0.00358000
v -0.00097700 0.07016200 0.00358000
v -0.00084500 0.07029500 0.00358000
v -0.00084500 0.07029500 0.00358000
v -0.00084500 0.07029500 0.00358000
v -0.00096700 0.07016300 0.00358000
v 0.00073600 0.06717900 0.00364000
v 0.00073600 0.06717900 0.00364000
v 0.00073600 0.06717900 0.00364000
v 0.00067600 0.06723700 0.00357800
v 0.00067600 0.06723700 0.00357800
v 0.00067600 0.06723700 0.00357800
v 0.00067600 0.06723700 0.00357800
v 0.00091700 0.05953300 0.00393100
v 0.00091700 0.05953300 0.00393100
v 0.00094800 0.05939700 0.00392700
v 0.00094800 0.05939700 0.00392700
v 0.00096900 0.05933100 0.00386500
v 0.00097700 0.05934000 0.00386500
v 0.00094400 0.05936500 0.00413200
v 0.00094400 0.05936500 0.00413200
v 0.00091700 0.05949100 0.00412800
v 0.00091700 0.05949100 0.00412800
v 0.00097700 0.05927200 0.00419200
v 0.00096900 0.05926200 0.00419100
v 0.00000300 0.05926300 0.00419100
v 0.00000300 0.05936500 0.00413200
v 0.00000300 0.05936500 0.00413200
v 0.00000300 0.05939700 0.00392700
v 0.00000300 0.05933100 0.00386500
v 0.00091700 0.06559900 0.00412900
v 0.00091700 0.06559900 0.00412900
v 0.00097700 0.06557600 0.00419200
v 0.00091700 0.06560700 0.00393100
v 0.00084200 0.05973300 0.00393900
v 0.00084200 0.05973300 0.00393900
v 0.00085000 0.05974400 0.00393900
v 0.00085000 0.05974400 0.00393900
v 0.00085000 0.05970500 0.00412100
v 0.00085000 0.05970500 0.00412100
v 0.00084200 0.05969400 0.00412100
v 0.00084200 0.05969400 0.00412100
v -0.00089700 0.02829100 0.00584100
v -0.00097700 0.02819000 0.00576000
v -0.00096900 0.02829100 0.00493700
v -0.00096900 0.02829100 0.00493700
v -0.00097700 0.02823500 0.00494500
v -0.00097700 0.02823500 0.00494500
v -0.00096900 0.03465200 0.00475700
v -0.00096900 0.03465200 0.00475700
v -0.00097700 0.03466500 0.00475400
v -0.00097700 0.03466500 0.00475400
v -0.00092600 0.06717900 0.00364000
v -0.00097700 0.06723700 0.00358000
v -0.00097700 0.06723700 0.00358000
v -0.00097700 0.06725000 0.00394900
v -0.00092700 0.06719000 0.00395400
v -0.00092700 0.06719000 0.00395400
v -0.00092800 0.06719900 0.00432700
v -0.00092800 0.06719900 0.00432700
v -0.00097700 0.06726000 0.00437800
v -0.00097700 0.06726000 0.00437800
v -0.00067600 0.06723700 0.00358000
v -0.00067600 0.06723700 0.00358000
v -0.00073600 0.06717900 0.00364000
v -0.00073600 0.06717900 0.00364000
v -0.00073600 0.06717900 0.00364000
v -0.00097700 0.05933100 0.00386500
v -0.00095600 0.05939800 0.00392700
v -0.00095600 0.05939800 0.00392700
v -0.00095200 0.05936700 0.00413200
v -0.00095200 0.05936700 0.00413200
v -0.00097700 0.05926200 0.00419100
v -0.00097700 0.05926200 0.00419100
v -0.00097700 0.06557700 0.00419100
v -0.00094400 0.06559900 0.00413100
v -0.00094400 0.06559900 0.00413100
v -0.00097700 0.06570900 0.00386500
v -0.00095400 0.06560700 0.00392700
v -0.00095400 0.06560700 0.00392700
v 0.00097700 0.03223100 0.00388900
v 0.00096900 0.03223300 0.00389700
v 0.00096900 0.03223300 0.00389700
v 0.00096900 0.03161600 0.00396900
v 0.00096900 0.03161600 0.00396900
v 0.00097700 0.03161400 0.00396200
v 0.00096900 0.03276100 0.00392100
v 0.00096900 0.03276100 0.00392100
v 0.00097700 0.03276400 0.00391400
v 0.00097700 0.03335800 0.00407300
v 0.00096900 0.03335500 0.00408000
v 0.00096900 0.03335500 0.00408000
v -0.00097700 0.03161400 0.00396200
v -0.00096900 0.03161600 0.00396900
v -0.00096900 0.03161600 0.00396900
v -0.00096900 0.03223300 0.00389700
v -0.00096900 0.03223300 0.00389700
v -0.00097700 0.03223100 0.00388900
v -0.00097700 0.03276400 0.00391400
v -0.00096900 0.03276100 0.00392100
v -0.00096900 0.03276100 0.00392100
v -0.00096900 0.03335500 0.00408000
v -0.00096900 0.03335500 0.00408000
v -0.00097700 0.03335800 0.00407300
v 0.00097700 0.06707900 0.00541100
v 0.00089700 0.06707800 0.00549400
v 0.00089700 0.06707800 0.00549400
v 0.00089700 0.06527600 0.00584100
v 0.00089700 0.06527600 0.00584100
v 0.00097700 0.06527600 0.00576000
v 0.00089700 0.06651100 0.00566700
v 0.00089700 0.06651100 0.00566700
v 0.00097700 0.06651200 0.00558500
v 0.00097700 0.06651200 0.00558500
v 0.00089700 0.06585200 0.00579500
v 0.00089700 0.06585200 0.00579500
v 0.00097700 0.06585200 0.00571300
v -0.00097700 0.06527600 0.00576000
v -0.00089700 0.06527600 0.00584100
v -0.00089700 0.06527600 0.00584100
v -0.00089700 0.06707800 0.00549400
v -0.00089700 0.06707800 0.00549400
v -0.00097700 0.06707900 0.00541100
v -0.00089700 0.06585200 0.00579500
v -0.00089700 0.06585200 0.00579500
v -0.00097700 0.06585200 0.00571300
v -0.00089700 0.06651100 0.00566700
v -0.00089700 0.06651100 0.00566700
v -0.00097700 0.06651200 0.00558500
v 0.00000200 0.06689900 0.00364800
v 0.00000200 0.06689900 0.00364800
v 0.00000300 0.06695700 0.00358700
v 0.00000300 0.06695700 0.00358700
v 0.00073600 0.06689900 0.00364800
v 0.00073600 0.06689900 0.00364800
v 0.00073600 0.06689900 0.00364800
v 0.00073600 0.06689900 0.00364800
v 0.00067600 0.06695700 0.00358700
v -0.00067600 0.06695700 0.00358700
v -0.00067600 0.06695700 0.00358700
v -0.00073600 0.06689900 0.00364800
v -0.00073600 0.06689900 0.00364800
v -0.00073600 0.06689900 0.00364800
v -0.00073600 0.06689900 0.00364800
v -0.00097700 0.06695600 0.00442600
v -0.00093000 0.06693200 0.00436900
v -0.00093000 0.06693200 0.00436900
v 0.00097700 0.06593400 0.00440400
v 0.00097700 0.06593400 0.00440400
v 0.00091700 0.06595100 0.00434200
v 0.00091700 0.06595100 0.00434200
v 0.00091700 0.06646300 0.00444200
v 0.00091700 0.06646300 0.00444200
v 0.00097700 0.06645600 0.00450400
v 0.00097700 0.06645600 0.00450400
v 0.00097700 0.06645600 0.00450400
v -0.00093800 0.06595100 0.00434200
v -0.00093800 0.06595100 0.00434200
v -0.00097700 0.06593400 0.00440300
v -0.00097700 0.06593400 0.00440300
v -0.00093300 0.06646300 0.00444200
v -0.00093300 0.06646300 0.00444200
v -0.00097700 0.06645800 0.00450400
v -0.00097700 0.06645800 0.00450400
vn -0.66360000 -0.74810000 -0.00000000
vn -0.66360000 -0.74810000 -0.00000000
vn -0.65090000 -0.74810000 -0.12950000
vn -0.61310000 -0.74810000 -0.25400000
vn -0.55180000 -0.74810000 -0.36870000
vn -0.46930000 -0.74810000 -0.46930000
vn -0.36870000 -0.74810000 -0.55180000
vn -0.25400000 -0.74810000 -0.61310000
vn -0.12950000 -0.74810000 -0.65090000
vn -0.00000000 -0.74810000 -0.66360000
vn 0.12950000 -0.74810000 -0.65090000
vn 0.25400000 -0.74810000 -0.61310000
vn 0.36870000 -0.74810000 -0.55180000
vn 0.46930000 -0.74810000 -0.46930000
vn 0.55180000 -0.74810000 -0.36870000
vn 0.61310000 -0.74810000 -0.25400000
vn 0.65090000 -0.74810000 -0.12950000
vn 0.66360000 -0.74810000 -0.00000000
vn 0.65090000 -0.74810000 0.12950000
vn 0.61310000 -0.74810000 0.25400000
vn 0.55180000 -0.74810000 0.36870000
vn 0.46930000 -0.74810000 0.46930000
vn 0.36870000 -0.74810000 0.55180000
vn 0.25400000 -0.74810000 0.61310000
vn 0.12950000 -0.74810000 0.65090000
vn -0.00000000 -0.74810000 0.66360000
vn -0.12950000 -0.74810000 0.65090000
vn -0.25400000 -0.74810000 0.61310000
vn -0.36870000 -0.74810000 0.55180000
vn -0.46930000 -0.74810000 0.46930000
vn -0.55180000 -0.74810000 0.36870000
vn -0.61310000 -0.74810000 0.25400000
vn -0.65090000 -0.74810000 0.12950000
vn -0.97480000 0.22320000 -0.00000000
vn -0.97480000 0.22320000 -0.00000000
vn -0.97480000 -0.22320000 -0.00000000
vn -0.97480000 -0.22320000 -0.00000000
vn -0.95600000 -0.22320000 -0.19020000
vn -0.95610000 0.22320000 -0.19020000
vn -0.90060000 -0.22320000 -0.37300000
vn -0.90060000 0.22320000 -0.37300000
vn -0.81050000 -0.22320000 -0.54160000
vn -0.81050000 0.22320000 -0.54160000
vn -0.68930000 -0.22320000 -0.68930000
vn -0.68930000 0.22320000 -0.68930000
vn -0.54160000 -0.22320000 -0.81050000
vn -0.54160000 0.22320000 -0.81050000
vn -0.37300000 -0.22320000 -0.90060000
vn -0.37300000 0.22320000 -0.90060000
vn -0.19020000 -0.22320000 -0.95610000
vn -0.19020000 0.22320000 -0.95610000
vn -0.00000000 -0.22320000 -0.97480000
vn -0.00000000 0.22320000 -0.97480000
vn 0.19020000 -0.22320000 -0.95610000
vn 0.19020000 0.22320000 -0.95610000
vn 0.37300000 -0.22320000 -0.90060000
vn 0.37300000 0.22320000 -0.90060000
vn 0.54160000 -0.22320000 -0.81050000
vn 0.54160000 0.22320000 -0.81050000
vn 0.68930000 -0.22320000 -0.68930000
vn 0.68930000 0.22320000 -0.68930000
vn 0.81050000 -0.22320000 -0.54160000
vn 0.81050000 0.22320000 -0.54160000
vn 0.90060000 -0.22320000 -0.37300000
vn 0.90060000 0.22320000 -0.37300000
vn 0.95610000 -0.22320000 -0.19020000
vn 0.95610000 0.22320000 -0.19020000
vn 0.97480000 -0.22320000 -0.00000000
vn 0.97480000 0.22320000 -0.00000000
vn 0.95600000 -0.22320000 0.19020000
vn 0.95610000 0.22320000 0.19020000
vn 0.90060000 -0.22320000 0.37300000
vn 0.90060000 0.22320000 0.37300000
vn 0.81050000 -0.22320000 0.54160000
vn 0.81050000 0.22320000 0.54160000
vn 0.68930000 -0.22320000 0.68930000
vn 0.68930000 0.22320000 0.68930000
vn 0.54160000 -0.22320000 0.81050000
vn 0.54160000 0.22320000 0.81050000
vn 0.37300000 -0.22320000 0.90060000
vn 0.37300000 0.22320000 0.90060000
vn 0.19020000 -0.22320000 0.95610000
vn 0.19020000 0.22320000 0.95610000
vn -0.00000000 -0.22320000 0.97480000
vn -0.00000000 0.22320000 0.97480000
vn -0.19020000 -0.22320000 0.95600000
vn -0.19020000 0.22320000 0.95610000
vn -0.37300000 -0.22320000 0.90060000
vn -0.37300000 0.22320000 0.90060000
vn -0.54160000 -0.22320000 0.81050000
vn -0.54160000 0.22320000 0.81050000
vn -0.68930000 -0.22320000 0.68930000
vn -0.68930000 0.22320000 0.68930000
vn -0.81050000 -0.22320000 0.54160000
vn -0.81050000 0.22320000 0.54160000
vn -0.90060000 -0.22320000 0.37300000
vn -0.90060000 0.22310000 0.37300000
vn -0.95600000 -0.22320000 0.19020000
vn -0.95610000 0.22320000 0.19020000
vn -0.91010000 -0.17220000 0.37700000
vn -0.91230000 -0.15760000 0.37790000
vn -0.91470000 -0.14070000 0.37890000
vn -0.91650000 -0.12620000 0.37960000
vn -0.96610000 -0.17220000 0.19220000
vn -0.96850000 -0.15760000 0.19270000
vn -0.97100000 -0.14070000 0.19310000
vn -0.97290000 -0.12620000 0.19350000
vn -0.81900000 -0.17220000 0.54730000
vn -0.82480000 -0.12620000 0.55110000
vn -0.82320000 -0.14070000 0.55000000
vn -0.82110000 -0.15760000 0.54860000
vn -0.69650000 -0.17220000 0.69650000
vn -0.69830000 -0.15760000 0.69830000
vn -0.70010000 -0.14070000 0.70010000
vn -0.70150000 -0.12620000 0.70150000
vn -0.54730000 -0.17220000 0.81900000
vn -0.55110000 -0.12620000 0.82480000
vn -0.55000000 -0.14070000 0.82320000
vn -0.54860000 -0.15760000 0.82110000
vn -0.37700000 -0.17220000 0.91010000
vn -0.37790000 -0.15760000 0.91230000
vn -0.37890000 -0.14070000 0.91470000
vn -0.37960000 -0.12620000 0.91650000
vn -0.19220000 -0.17220000 0.96610000
vn -0.19350000 -0.12620000 0.97290000
vn -0.19310000 -0.14070000 0.97100000
vn -0.19270000 -0.15760000 0.96850000
vn -0.00000000 -0.17220000 0.98510000
vn -0.00000000 -0.15760000 0.98750000
vn -0.00000000 -0.14070000 0.99000000
vn -0.00000000 -0.12620000 0.99200000
vn 0.19220000 -0.17220000 0.96610000
vn 0.19350000 -0.12620000 0.97290000
vn 0.19310000 -0.14070000 0.97100000
vn 0.19270000 -0.15760000 0.96850000
vn 0.37700000 -0.17220000 0.91010000
vn 0.37790000 -0.15760000 0.91230000
vn 0.37890000 -0.14070000 0.91470000
vn 0.37960000 -0.12620000 0.91650000
vn 0.54730000 -0.17220000 0.81900000
vn 0.55110000 -0.12620000 0.82480000
vn 0.55000000 -0.14070000 0.82320000
vn 0.54860000 -0.15760000 0.82110000
vn 0.69650000 -0.17220000 0.69650000
vn 0.69830000 -0.15760000 0.69830000
vn 0.70010000 -0.14070000 0.70010000
vn 0.70150000 -0.12620000 0.70150000
vn 0.81900000 -0.17220000 0.54730000
vn 0.82480000 -0.12620000 0.55110000
vn 0.82320000 -0.14070000 0.55000000
vn 0.82110000 -0.15760000 0.54860000
vn 0.91010000 -0.17220000 0.37700000
vn 0.91230000 -0.15760000 0.37790000
vn 0.91470000 -0.14070000 0.37890000
vn 0.91650000 -0.12620000 0.37960000
vn 0.96610000 -0.17220000 0.19220000
vn 0.97290000 -0.12620000 0.19350000
vn 0.97100000 -0.14070000 0.19320000
vn 0.96850000 -0.15760000 0.19270000
vn 0.98510000 -0.17220000 -0.00000000
vn 0.98750000 -0.15760000 -0.00000000
vn 0.99000000 -0.14070000 -0.00000000
vn 0.99200000 -0.12620000 -0.00000000
vn 0.96610000 -0.17220000 -0.19220000
vn 0.97290000 -0.12620000 -0.19350000
vn 0.97100000 -0.14070000 -0.19310000
vn 0.96850000 -0.15760000 -0.19270000
vn 0.91010000 -0.17220000 -0.37700000
vn 0.91230000 -0.15760000 -0.37790000
vn 0.91470000 -0.14070000 -0.37890000
vn 0.91650000 -0.12620000 -0.37960000
vn 0.81900000 -0.17220000 -0.54730000
vn 0.82480000 -0.12620000 -0.55110000
vn 0.82320000 -0.14070000 -0.55000000
vn 0.82110000 -0.15760000 -0.54860000
vn 0.69650000 -0.17220000 -0.69650000
vn 0.69830000 -0.15760000 -0.69830000
vn 0.70010000 -0.14070000 -0.70010000
vn 0.70150000 -0.12620000 -0.70150000
vn 0.54730000 -0.17220000 -0.81900000
vn 0.55110000 -0.12620000 -0.82480000
vn 0.55000000 -0.14070000 -0.82320000
vn 0.54860000 -0.15760000 -0.82110000
vn 0.37700000 -0.17220000 -0.91010000
vn 0.37790000 -0.15760000 -0.91230000
vn 0.37890000 -0.14070000 -0.91470000
vn 0.37960000 -0.12620000 -0.91650000
vn 0.19220000 -0.17220000 -0.96610000
vn 0.19350000 -0.12620000 -0.97290000
vn 0.19320000 -0.14070000 -0.97100000
vn 0.19270000 -0.15760000 -0.96850000
vn -0.00000000 -0.17220000 -0.98510000
vn -0.00000000 -0.15760000 -0.98750000
vn -0.00000000 -0.14070000 -0.99000000
vn -0.00000000 -0.12620000 -0.99200000
vn -0.19220000 -0.17220000 -0.96610000
vn -0.19350000 -0.12620000 -0.97290000
vn -0.19310000 -0.14070000 -0.97100000
vn -0.19270000 -0.15760000 -0.96850000
vn -0.37700000 -0.17220000 -0.91010000
vn -0.37790000 -0.15760000 -0.91230000
vn -0.37890000 -0.14070000 -0.91470000
vn -0.37960000 -0.12620000 -0.91650000
vn -0.54730000 -0.17220000 -0.81900000
vn -0.55110000 -0.12620000 -0.82480000
vn -0.55000000 -0.14070000 -0.82320000
vn -0.54860000 -0.15760000 -0.82110000
vn -0.69650000 -0.17220000 -0.69650000
vn -0.69830000 -0.15760000 -0.69830000
vn -0.70010000 -0.14070000 -0.70010000
vn -0.70150000 -0.12620000 -0.70150000
vn -0.81900000 -0.17220000 -0.54730000
vn -0.82480000 -0.12620000 -0.55110000
vn -0.82320000 -0.14070000 -0.55000000
vn -0.82110000 -0.15760000 -0.54860000
vn -0.91010000 -0.17220000 -0.37700000
vn -0.91230000 -0.15760000 -0.37790000
vn -0.91470000 -0.14070000 -0.37890000
vn -0.91650000 -0.12620000 -0.37960000
vn -0.96610000 -0.17220000 -0.19220000
vn -0.97290000 -0.12620000 -0.19350000
vn -0.97100000 -0.14070000 -0.19310000
vn -0.96850000 -0.15760000 -0.19270000
vn -0.98510000 -0.17220000 -0.00000000
vn -0.98510000 -0.17220000 -0.00000000
vn -0.99200000 -0.12620000 -0.00000000
vn -0.99200000 -0.12620000 -0.00000000
vn -0.99000000 -0.14070000 -0.00000000
vn -0.99000000 -0.14070000 -0.00000000
vn -0.98750000 -0.15760000 -0.00000000
vn -0.98750000 -0.15760000 -0.00000000
vn -0.84890000 0.39460000 0.35160000
vn -0.92330000 -0.03610000 0.38240000
vn -0.90120000 0.39460000 0.17930000
vn -0.98010000 -0.03610000 0.19500000
vn -0.76400000 0.39460000 0.51050000
vn -0.83090000 -0.03610000 0.55520000
vn -0.64970000 0.39460000 0.64970000
vn -0.70660000 -0.03610000 0.70660000
vn -0.51050000 0.39460000 0.76400000
vn -0.55520000 -0.03610000 0.83090000
vn -0.35160000 0.39460000 0.84890000
vn -0.38240000 -0.03610000 0.92330000
vn -0.17930000 0.39460000 0.90120000
vn -0.19500000 -0.03610000 0.98010000
vn -0.00000000 0.39460000 0.91880000
vn -0.00000000 -0.03610000 0.99930000
vn 0.17930000 0.39460000 0.90120000
vn 0.19500000 -0.03610000 0.98010000
vn 0.35160000 0.39460000 0.84890000
vn 0.38240000 -0.03610000 0.92330000
vn 0.51050000 0.39460000 0.76400000
vn 0.55520000 -0.03610000 0.83090000
vn 0.64970000 0.39460000 0.64970000
vn 0.70660000 -0.03610000 0.70660000
vn 0.76400000 0.39460000 0.51050000
vn 0.83090000 -0.03610000 0.55520000
vn 0.84890000 0.39460000 0.35160000
vn 0.92330000 -0.03610000 0.38240000
vn 0.90120000 0.39460000 0.17930000
vn 0.98010000 -0.03610000 0.19500000
vn 0.91880000 0.39460000 -0.00000000
vn 0.99930000 -0.03610000 -0.00000000
vn 0.90120000 0.39460000 -0.17930000
vn 0.98010000 -0.03610000 -0.19500000
vn 0.84890000 0.39460000 -0.35160000
vn 0.92330000 -0.03610000 -0.38240000
vn 0.76400000 0.39460000 -0.51050000
vn 0.83090000 -0.03610000 -0.55520000
vn 0.64970000 0.39460000 -0.64970000
vn 0.70660000 -0.03610000 -0.70660000
vn 0.51050000 0.39460000 -0.76400000
vn 0.55520000 -0.03610000 -0.83090000
vn 0.35160000 0.39460000 -0.84890000
vn 0.38240000 -0.03610000 -0.92330000
vn 0.17930000 0.39460000 -0.90120000
vn 0.19500000 -0.03610000 -0.98010000
vn -0.00000000 0.39460000 -0.91880000
vn -0.00000000 -0.03610000 -0.99930000
vn -0.17930000 0.39460000 -0.90120000
vn -0.19500000 -0.03610000 -0.98010000
vn -0.35160000 0.39460000 -0.84890000
vn -0.38240000 -0.03610000 -0.92330000
vn -0.51050000 0.39460000 -0.76400000
vn -0.55520000 -0.03610000 -0.83090000
vn -0.64970000 0.39460000 -0.64970000
vn -0.70660000 -0.03610000 -0.70660000
vn -0.76400000 0.39460000 -0.51050000
vn -0.83090000 -0.03610000 -0.55520000
vn -0.84890000 0.39460000 -0.35160000
vn -0.92330000 -0.03610000 -0.38240000
vn -0.90120000 0.39460000 -0.17930000
vn -0.98010000 -0.03610000 -0.19500000
vn -0.91880000 0.39460000 -0.00000000
vn -0.91880000 0.39460000 -0.00000000
vn -0.99930000 -0.03610000 -0.00000000
vn -0.99930000 -0.03610000 -0.00000000
vn -0.68360000 -0.72980000 -0.00000000
vn -0.68360000 -0.72980000 -0.00000000
vn -0.67050000 -0.72980000 -0.13340000
vn -0.63160000 -0.72980000 -0.26160000
vn -0.56840000 -0.72980000 -0.37980000
vn -0.48340000 -0.72980000 -0.48340000
vn -0.37980000 -0.72980000 -0.56840000
vn -0.26160000 -0.72980000 -0.63160000
vn -0.13340000 -0.72980000 -0.67050000
vn -0.00000000 -0.72980000 -0.68360000
vn 0.13340000 -0.72980000 -0.67050000
vn 0.26160000 -0.72980000 -0.63160000
vn 0.37980000 -0.72980000 -0.56840000
vn 0.48340000 -0.72980000 -0.48340000
vn 0.56840000 -0.72980000 -0.37980000
vn 0.63160000 -0.72980000 -0.26160000
vn 0.67050000 -0.72980000 -0.13340000
vn 0.68360000 -0.72980000 -0.00000000
vn 0.67050000 -0.72980000 0.13340000
vn 0.63160000 -0.72980000 0.26160000
vn 0.56840000 -0.72980000 0.37980000
vn 0.48340000 -0.72980000 0.48340000
vn 0.37980000 -0.72980000 0.56840000
vn 0.26160000 -0.72980000 0.63160000
vn 0.13340000 -0.72980000 0.67050000
vn -0.00000000 -0.72980000 0.68360000
vn -0.13340000 -0.72980000 0.67050000
vn -0.26160000 -0.72980000 0.63160000
vn -0.37980000 -0.72980000 0.56840000
vn -0.48340000 -0.72980000 0.48340000
vn -0.56840000 -0.72980000 0.37980000
vn -0.63160000 -0.72980000 0.26160000
vn -0.67050000 -0.72980000 0.13340000
vn -0.95020000 -0.31170000 -0.00000000
vn -0.95020000 -0.31170000 -0.00000000
vn -0.99850000 -0.05390000 -0.00000000
vn -0.99850000 -0.05390000 -0.00000000
vn -0.98290000 -0.18420000 -0.00000000
vn -0.98290000 -0.18420000 -0.00000000
vn -0.97940000 -0.05400000 -0.19480000
vn -0.93190000 -0.31170000 -0.18540000
vn -0.96400000 -0.18420000 -0.19180000
vn -0.92250000 -0.05400000 -0.38210000
vn -0.87780000 -0.31170000 -0.36360000
vn -0.90810000 -0.18420000 -0.37610000
vn -0.83030000 -0.05400000 -0.55480000
vn -0.79000000 -0.31170000 -0.52790000
vn -0.81720000 -0.18420000 -0.54610000
vn -0.70610000 -0.05400000 -0.70610000
vn -0.67190000 -0.31170000 -0.67190000
vn -0.69500000 -0.18420000 -0.69500000
vn -0.55480000 -0.05400000 -0.83030000
vn -0.52790000 -0.31170000 -0.79000000
vn -0.54610000 -0.18420000 -0.81720000
vn -0.38210000 -0.05400000 -0.92250000
vn -0.36360000 -0.31170000 -0.87780000
vn -0.37610000 -0.18420000 -0.90810000
vn -0.19480000 -0.05400000 -0.97940000
vn -0.18540000 -0.31170000 -0.93190000
vn -0.19180000 -0.18420000 -0.96400000
vn -0.00000000 -0.05400000 -0.99850000
vn -0.00000000 -0.31170000 -0.95020000
vn -0.00000000 -0.18420000 -0.98290000
vn 0.19480000 -0.05400000 -0.97940000
vn 0.18540000 -0.31170000 -0.93190000
vn 0.19180000 -0.18420000 -0.96400000
vn 0.38210000 -0.05400000 -0.92250000
vn 0.36360000 -0.31170000 -0.87780000
vn 0.37610000 -0.18420000 -0.90810000
vn 0.55480000 -0.05400000 -0.83030000
vn 0.52790000 -0.31170000 -0.79000000
vn 0.54610000 -0.18420000 -0.81720000
vn 0.70610000 -0.05400000 -0.70610000
vn 0.67190000 -0.31170000 -0.67190000
vn 0.69500000 -0.18420000 -0.69500000
vn 0.83030000 -0.05400000 -0.55480000
vn 0.79000000 -0.31170000 -0.52790000
vn 0.81720000 -0.18420000 -0.54610000
vn 0.92250000 -0.05400000 -0.38210000
vn 0.87780000 -0.31170000 -0.36360000
vn 0.90810000 -0.18420000 -0.37610000
vn 0.97940000 -0.05390000 -0.19480000
vn 0.93190000 -0.31170000 -0.18540000
vn 0.96400000 -0.18420000 -0.19180000
vn 0.99850000 -0.05390000 -0.00000000
vn 0.95020000 -0.31170000 -0.00000000
vn 0.98290000 -0.18420000 -0.00000000
vn 0.97940000 -0.05390000 0.19480000
vn 0.93190000 -0.31170000 0.18540000
vn 0.96400000 -0.18420000 0.19180000
vn 0.92250000 -0.05390000 0.38210000
vn 0.87780000 -0.31170000 0.36360000
vn 0.90810000 -0.18420000 0.37610000
vn 0.83030000 -0.05390000 0.55480000
vn 0.79000000 -0.31170000 0.52790000
vn 0.81720000 -0.18420000 0.54610000
vn 0.70610000 -0.05390000 0.70610000
vn 0.67190000 -0.31170000 0.67190000
vn 0.69500000 -0.18420000 0.69500000
vn 0.55480000 -0.05390000 0.83030000
vn 0.52790000 -0.31170000 0.79000000
vn 0.54610000 -0.18420000 0.81720000
vn 0.38210000 -0.05390000 0.92250000
vn 0.36360000 -0.31170000 0.87780000
vn 0.37610000 -0.18420000 0.90810000
vn 0.19480000 -0.05390000 0.97940000
vn 0.18540000 -0.31170000 0.93190000
vn 0.19180000 -0.18420000 0.96400000
vn -0.00000000 -0.05390000 0.99850000
vn -0.00000000 -0.31170000 0.95020000
vn -0.00000000 -0.18420000 0.98290000
vn -0.19480000 -0.05390000 0.97940000
vn -0.18540000 -0.31170000 0.93190000
vn -0.19180000 -0.18420000 0.96400000
vn -0.38210000 -0.05390000 0.92250000
vn -0.36360000 -0.31170000 0.87780000
vn -0.37610000 -0.18420000 0.90810000
vn -0.55480000 -0.05390000 0.83030000
vn -0.52790000 -0.31170000 0.79000000
vn -0.54610000 -0.18420000 0.81720000
vn -0.70610000 -0.05390000 0.70610000
vn -0.67190000 -0.31170000 0.67190000
vn -0.69500000 -0.18420000 0.69500000
vn -0.83030000 -0.05390000 0.55480000
vn -0.79000000 -0.31170000 0.52790000
vn -0.81720000 -0.18420000 0.54610000
vn -0.92250000 -0.05390000 0.38210000
vn -0.87780000 -0.31170000 0.36360000
vn -0.90810000 -0.18420000 0.37610000
vn -0.97940000 -0.05390000 0.19480000
vn -0.93190000 -0.31170000 0.18540000
vn -0.96400000 -0.18420000 0.19180000
vn -0.78920000 -0.61410000 -0.00000000
vn -0.78920000 -0.61410000 -0.00000000
vn -0.77400000 -0.61410000 -0.15400000
vn -0.72910000 -0.61410000 -0.30200000
vn -0.65620000 -0.61410000 -0.43850000
vn -0.55800000 -0.61420000 -0.55810000
vn -0.43840000 -0.61420000 -0.65620000
vn -0.30200000 -0.61410000 -0.72910000
vn -0.15400000 -0.61410000 -0.77400000
vn -0.00000000 -0.61410000 -0.78920000
vn 0.15400000 -0.61410000 -0.77400000
vn 0.30200000 -0.61410000 -0.72910000
vn 0.43840000 -0.61410000 -0.65620000
vn 0.55800000 -0.61410000 -0.55810000
vn 0.65620000 -0.61410000 -0.43850000
vn 0.72910000 -0.61410000 -0.30200000
vn 0.77400000 -0.61410000 -0.15400000
vn 0.78920000 -0.61410000 -0.00000000
vn 0.77400000 -0.61410000 0.15400000
vn 0.72910000 -0.61410000 0.30200000
vn 0.65620000 -0.61410000 0.43850000
vn 0.55800000 -0.61420000 0.55800000
vn 0.43850000 -0.61410000 0.65620000
vn 0.30200000 -0.61410000 0.72910000
vn 0.15400000 -0.61410000 0.77400000
vn -0.00000000 -0.61410000 0.78920000
vn -0.15400000 -0.61410000 0.77400000
vn -0.30200000 -0.61410000 0.72910000
vn -0.43850000 -0.61410000 0.65620000
vn -0.55810000 -0.61410000 0.55800000
vn -0.65620000 -0.61410000 0.43850000
vn -0.72910000 -0.61410000 0.30200000
vn -0.77400000 -0.61410000 0.15400000
vn -0.59660000 -0.80260000 -0.00000000
vn -1.00000000 -0.00000000 -0.00000000
vn -1.00000000 -0.00000000 -0.00000000
vn -0.64080000 -0.44510000 -0.62560000
vn 0.33650000 0.57620000 -0.74490000
vn 0.33650000 0.57620000 -0.74490000
vn -0.00000000 1.00000000 -0.00000000
vn -0.00000000 0.99000000 -0.14110000
vn 0.64080000 -0.44510000 -0.62560000
vn 1.00000000 -0.00000000 -0.00000000
vn 1.00000000 -0.00000000 -0.00000000
vn 0.59660000 -0.80260000 -0.00000000
vn -0.00000000 -0.45700000 0.88950000
vn -0.00000000 1.00000000 -0.00000000
vn -0.00000000 -1.00000000 -0.00000000
vn -0.00000000 -0.57970000 -0.81480000
vn -0.00100000 0.00030000 -1.00000000
vn -0.00000000 -0.00000000 -1.00000000
vn -0.00000000 1.00000000 -0.00000000
vn -0.00000000 1.00000000 -0.00000000
vn -0.00000000 -0.23070000 -0.97300000
vn -0.00000000 -0.72630000 -0.68730000
vn -0.00000000 -0.00000000 1.00000000
vn -0.00000000 -0.00000000 1.00000000
vn -0.79230000 -0.44320000 -0.41940000
vn 1.00000000 -0.00000000 -0.00000000
vn -0.00000000 -0.00000000 1.00000000
vn -0.00000000 0.98890000 -0.14840000
vn 0.56770000 0.81410000 -0.12220000
vn -0.00000000 -0.00000000 -1.00000000
vn -0.00100000 0.00030000 -1.00000000
vn -0.00000000 -0.02920000 -0.99960000
vn -0.00110000 -0.02570000 -0.99970000
vn -0.00000000 -0.00000000 -1.00000000
vn -0.00000000 0.88320000 -0.46890000
vn 0.70600000 -0.70790000 0.02070000
vn 0.58460000 -0.62270000 -0.52000000
vn -0.00000000 1.00000000 -0.00000000
vn 0.31430000 0.56900000 0.75990000
vn 0.31430000 0.56900000 0.75990000
vn -0.00000000 -0.64220000 -0.76650000
vn -0.00000000 -0.78770000 0.61600000
vn -0.33730000 0.57560000 -0.74490000
vn -0.33730000 0.57560000 -0.74490000
vn -1.00000000 -0.00000000 -0.00000000
vn -0.56770000 0.81410000 -0.12220000
vn -0.00000000 0.86240000 0.50630000
vn -0.70600000 -0.70790000 0.02070000
vn -0.58460000 -0.62270000 -0.52000000
vn -0.31500000 0.56770000 0.76060000
vn -0.31500000 0.56770000 0.76060000
vn -0.40920000 -0.31400000 0.85670000
vn -0.30140000 -0.28930000 -0.90860000
vn -0.69130000 -0.05180000 -0.72070000
vn -0.69130000 -0.15450000 -0.70590000
vn -0.67770000 0.28710000 -0.67700000
vn -0.67860000 0.09680000 -0.72810000
vn -0.00000000 0.03520000 0.99940000
vn -0.00000000 0.19870000 0.98010000
vn 0.67770000 0.28710000 -0.67700000
vn 0.67860000 0.09680000 -0.72810000
vn 0.69130000 -0.05180000 -0.72070000
vn 0.69130000 -0.15450000 -0.70590000
vn -0.00000000 -0.36270000 0.93190000
vn -0.00000000 -0.15350000 0.98820000
vn -0.00000000 -0.21390000 -0.97690000
vn -0.00000000 -0.07170000 -0.99740000
vn -0.00000000 0.13190000 -0.99130000
vn -0.00000000 0.39040000 -0.92060000
vn -1.00000000 -0.00000000 -0.00000000
vn -1.00000000 -0.00000000 -0.00000000
vn -1.00000000 -0.00000000 -0.00000000
vn -1.00000000 -0.00000000 -0.00000000
vn 1.00000000 -0.00000000 -0.00000000
vn 1.00000000 -0.00000000 -0.00000000
vn 1.00000000 -0.00000000 -0.00000000
vn 1.00000000 -0.00000000 -0.00000000
vn 1.00000000 -0.00000000 -0.00000000
vn 1.00000000 -0.00000000 -0.00000000
vn 1.00000000 -0.00000000 -0.00000000
vn 1.00000000 -0.00000000 -0.00000000
vn 1.00000000 -0.00000000 -0.00000000
vn -0.00000000 0.32840000 0.94450000
vn -0.00000000 0.04030000 0.99920000
vn -0.00000000 0.24120000 0.97050000
vn -0.00000000 0.13500000 0.99090000
vn -1.00000000 -0.00000000 -0.00000000
vn -1.00000000 -0.00000000 -0.00000000
vn -1.00000000 -0.00000000 -0.00000000
vn -1.00000000 -0.00000000 -0.00000000
vn -1.00000000 -0.00000000 -0.00000000
vn -0.00000000 -0.77780000 -0.62860000
vn -0.00000000 -0.99900000 0.04530000
vn 0.70460000 -0.70890000 0.03220000
vn 0.70460000 -0.70890000 0.03220000
vn -0.27710000 -0.43160000 -0.85850000
vn -0.27710000 -0.43160000 -0.85850000
vn -0.27710000 -0.43160000 -0.85850000
vn -0.70460000 -0.70890000 0.03220000
vn -0.70460000 -0.70890000 0.03220000
vn 1.00000000 -0.00000000 -0.00000000
vn 1.00000000 -0.00000000 -0.00000000
vn 0.27710000 -0.43160000 -0.85850000
vn 0.27710000 -0.43160000 -0.85850000
vn 0.27710000 -0.43160000 -0.85850000
vn -1.00000000 -0.00000000 -0.00000000
vn -0.00000000 0.36630000 -0.93050000
vn -0.00000000 0.02170000 -0.99980000
vn 0.00300000 0.02110000 -0.99980000
vn 0.00300000 0.02110000 -0.99980000
vn 0.01380000 0.36560000 -0.93070000
vn 0.01380000 0.36560000 -0.93070000
vn -0.01450000 0.36520000 -0.93080000
vn -0.01450000 0.36520000 -0.93080000
vn -0.00300000 0.02100000 -0.99980000
vn -0.00300000 0.02100000 -0.99980000
vn 1.00000000 -0.00000000 -0.00000000
vn 1.00000000 -0.00000000 -0.00000000
vn 1.00000000 -0.00000000 -0.00000000
vn -1.00000000 -0.00000000 -0.00000000
vn -1.00000000 -0.00000000 -0.00000000
vn -1.00000000 -0.00000000 -0.00000000
vn 0.36400000 -0.91910000 0.15070000
vn 0.36490000 -0.91870000 0.15120000
vn 0.92390000 0.00730000 0.38270000
vn 0.92390000 -0.00000000 0.38270000
vn 0.92380000 -0.00730000 0.38270000
vn 0.92390000 -0.00000000 0.38270000
vn 0.36400000 0.91910000 0.15080000
vn 0.36490000 0.91870000 0.15120000
vn 0.98080000 -0.00730000 0.19510000
vn 0.98080000 -0.00000000 0.19510000
vn 0.38740000 0.91870000 0.07710000
vn 0.38630000 0.91910000 0.07690000
vn 0.38740000 -0.91870000 0.07710000
vn 0.38640000 -0.91910000 0.07680000
vn 0.98080000 0.00730000 0.19510000
vn 0.98080000 -0.00000000 0.19510000
vn 0.70710000 0.00730000 0.70710000
vn 0.70710000 -0.00000000 0.70710000
vn 0.27860000 -0.91910000 0.27850000
vn 0.27930000 -0.91870000 0.27930000
vn 0.70710000 -0.00730000 0.70710000
vn 0.70710000 -0.00000000 0.70710000
vn 0.27930000 0.91870000 0.27930000
vn 0.27850000 0.91910000 0.27860000
vn 0.83140000 -0.00730000 0.55560000
vn 0.83150000 -0.00000000 0.55560000
vn 0.32750000 0.91910000 0.21890000
vn 0.32840000 0.91870000 0.21940000
vn 0.83150000 -0.00000000 0.55560000
vn 0.83150000 0.00730000 0.55550000
vn 0.32760000 -0.91910000 0.21880000
vn 0.32840000 -0.91870000 0.21940000
vn 0.38270000 -0.00000000 0.92390000
vn 0.38270000 0.00730000 0.92380000
vn 0.15120000 -0.91870000 0.36490000
vn 0.15080000 -0.91910000 0.36390000
vn 0.15120000 0.91870000 0.36490000
vn 0.15070000 0.91910000 0.36400000
vn 0.38270000 -0.00000000 0.92390000
vn 0.38270000 -0.00730000 0.92390000
vn 0.21940000 0.91870000 0.32840000
vn 0.21880000 0.91910000 0.32760000
vn 0.55550000 -0.00730000 0.83150000
vn 0.55560000 -0.00000000 0.83150000
vn 0.21890000 -0.91910000 0.32750000
vn 0.21940000 -0.91870000 0.32840000
vn 0.55560000 -0.00000000 0.83150000
vn 0.55560000 0.00730000 0.83140000
vn -0.00000000 -0.91910000 0.39390000
vn -0.00000000 -0.91870000 0.39500000
vn -0.00000000 -0.00000000 1.00000000
vn -0.00000000 0.00730000 1.00000000
vn -0.00000000 -0.00000000 1.00000000
vn -0.00000000 -0.00730000 1.00000000
vn -0.00000000 0.91910000 0.39390000
vn -0.00000000 0.91870000 0.39500000
vn 0.19510000 -0.00730000 0.98080000
vn 0.19510000 -0.00000000 0.98080000
vn 0.07680000 0.91910000 0.38640000
vn 0.07710000 0.91870000 0.38740000
vn 0.07690000 -0.91910000 0.38640000
vn 0.07710000 -0.91870000 0.38740000
vn 0.19510000 0.00730000 0.98080000
vn 0.19510000 -0.00000000 0.98080000
vn -0.38270000 0.00730000 0.92390000
vn -0.38270000 -0.00000000 0.92390000
vn -0.15070000 -0.91910000 0.36390000
vn -0.15120000 -0.91870000 0.36490000
vn -0.38270000 -0.00000000 0.92390000
vn -0.38270000 -0.00730000 0.92380000
vn -0.15120000 0.91870000 0.36490000
vn -0.15080000 0.91910000 0.36390000
vn -0.19510000 -0.00730000 0.98080000
vn -0.19510000 -0.00000000 0.98080000
vn -0.07710000 0.91870000 0.38740000
vn -0.07690000 0.91910000 0.38630000
vn -0.19510000 -0.00000000 0.98080000
vn -0.19510000 0.00720000 0.98080000
vn -0.07680000 -0.91920000 0.38630000
vn -0.07710000 -0.91870000 0.38740000
vn -0.70710000 -0.00000000 0.70710000
vn -0.70710000 0.00730000 0.70710000
vn -0.27930000 -0.91870000 0.27930000
vn -0.27850000 -0.91910000 0.27860000
vn -0.27860000 0.91910000 0.27850000
vn -0.27930000 0.91870000 0.27930000
vn -0.70710000 -0.00730000 0.70710000
vn -0.70710000 -0.00000000 0.70710000
vn -0.21940000 0.91870000 0.32840000
vn -0.21890000 0.91910000 0.32750000
vn -0.55560000 -0.00730000 0.83140000
vn -0.55560000 -0.00000000 0.83150000
vn -0.21950000 -0.91870000 0.32840000
vn -0.21880000 -0.91910000 0.32750000
vn -0.55550000 0.00730000 0.83150000
vn -0.55560000 -0.00000000 0.83150000
vn -0.92380000 0.00730000 0.38270000
vn -0.92390000 -0.00000000 0.38270000
vn -0.36490000 -0.91870000 0.15120000
vn -0.36390000 -0.91910000 0.15080000
vn -0.36490000 0.91870000 0.15120000
vn -0.36390000 0.91910000 0.15070000
vn -0.92390000 -0.00000000 0.38270000
vn -0.92390000 -0.00730000 0.38270000
vn -0.83150000 -0.00720000 0.55550000
vn -0.83150000 -0.00000000 0.55560000
vn -0.32750000 0.91920000 0.21880000
vn -0.32840000 0.91870000 0.21940000
vn -0.32840000 -0.91870000 0.21940000
vn -0.32750000 -0.91910000 0.21890000
vn -0.83150000 -0.00000000 0.55560000
vn -0.83140000 0.00730000 0.55560000
vn -0.98080000 -0.00000000 -0.19510000
vn -0.98080000 0.00730000 -0.19510000
vn -0.38740000 -0.91870000 -0.07710000
vn -0.38640000 -0.91910000 -0.07680000
vn -0.38640000 0.91910000 -0.07690000
vn -0.38740000 0.91870000 -0.07710000
vn -0.98080000 -0.00730000 -0.19510000
vn -0.98080000 -0.00000000 -0.19510000
vn -0.39500000 0.91870000 -0.00000000
vn -0.39400000 0.91910000 -0.00000000
vn -0.39400000 0.91910000 -0.00000000
vn -0.39500000 0.91870000 -0.00000000
vn -1.00000000 -0.00730000 -0.00000000
vn -1.00000000 -0.00000000 -0.00000000
vn -1.00000000 -0.00730000 -0.00000000
vn -1.00000000 -0.00000000 -0.00000000
vn -0.39500000 -0.91870000 -0.00000000
vn -0.39390000 -0.91910000 -0.00000000
vn -0.39500000 -0.91870000 -0.00000000
vn -0.39390000 -0.91910000 -0.00000000
vn -1.00000000 0.00730000 -0.00000000
vn -1.00000000 -0.00000000 -0.00000000
vn -1.00000000 -0.00000000 -0.00000000
vn -1.00000000 0.00730000 -0.00000000
vn -0.58520000 0.81090000 -0.00000000
vn -0.58260000 0.81280000 -0.00000000
vn -0.58260000 0.81280000 -0.00000000
vn -0.58520000 0.81090000 -0.00000000
vn -1.00000000 -0.00930000 -0.00000000
vn -1.00000000 -0.00000000 -0.00000000
vn -1.00000000 -0.00930000 -0.00000000
vn -1.00000000 -0.00000000 -0.00000000
vn -1.00000000 -0.00000000 -0.00000000
vn -1.00000000 0.00930000 -0.00000000
vn -1.00000000 -0.00000000 -0.00000000
vn -1.00000000 0.00930000 -0.00000000
vn -0.58260000 -0.81280000 -0.00000000
vn -0.58520000 -0.81090000 -0.00000000
vn -0.58260000 -0.81280000 -0.00000000
vn -0.58520000 -0.81090000 -0.00000000
vn -0.57390000 -0.81090000 -0.11420000
vn -0.57140000 -0.81280000 -0.11360000
vn -0.98080000 -0.00000000 -0.19510000
vn -0.98070000 0.00930000 -0.19510000
vn -0.98070000 -0.00930000 -0.19510000
vn -0.98080000 -0.00000000 -0.19510000
vn -0.57140000 0.81280000 -0.11370000
vn -0.57390000 0.81090000 -0.11420000
vn -0.54060000 -0.81090000 -0.22390000
vn -0.53820000 -0.81280000 -0.22290000
vn -0.92380000 0.00930000 -0.38270000
vn -0.92390000 -0.00000000 -0.38270000
vn -0.92380000 -0.00930000 -0.38260000
vn -0.92390000 -0.00000000 -0.38270000
vn -0.54060000 0.81090000 -0.22390000
vn -0.53820000 0.81280000 -0.22300000
vn -0.48440000 -0.81280000 -0.32360000
vn -0.48650000 -0.81090000 -0.32510000
vn -0.83150000 -0.00000000 -0.55560000
vn -0.83140000 0.00930000 -0.55560000
vn -0.83140000 -0.00930000 -0.55550000
vn -0.83150000 -0.00000000 -0.55560000
vn -0.48440000 0.81280000 -0.32370000
vn -0.48650000 0.81090000 -0.32510000
vn -0.41380000 -0.81090000 -0.41380000
vn -0.41190000 -0.81280000 -0.41190000
vn -0.70710000 -0.00000000 -0.70710000
vn -0.70710000 0.00930000 -0.70710000
vn -0.70710000 -0.00930000 -0.70710000
vn -0.70710000 -0.00000000 -0.70710000
vn -0.41380000 0.81090000 -0.41380000
vn -0.41190000 0.81280000 -0.41190000
vn -0.32510000 -0.81090000 -0.48660000
vn -0.32370000 -0.81280000 -0.48440000
vn -0.55560000 -0.00000000 -0.83150000
vn -0.55550000 0.00930000 -0.83150000
vn -0.55560000 -0.00930000 -0.83140000
vn -0.55560000 -0.00000000 -0.83150000
vn -0.32360000 0.81280000 -0.48440000
vn -0.32510000 0.81090000 -0.48660000
vn -0.22390000 -0.81090000 -0.54060000
vn -0.22290000 -0.81280000 -0.53820000
vn -0.38260000 0.00930000 -0.92390000
vn -0.38270000 -0.00000000 -0.92390000
vn -0.38270000 -0.00000000 -0.92390000
vn -0.38270000 -0.00930000 -0.92380000
vn -0.22290000 0.81280000 -0.53820000
vn -0.22390000 0.81090000 -0.54060000
vn -0.11420000 -0.81090000 -0.57390000
vn -0.11370000 -0.81280000 -0.57140000
vn -0.19510000 -0.00000000 -0.98080000
vn -0.19510000 0.00930000 -0.98070000
vn -0.19510000 -0.00930000 -0.98070000
vn -0.19510000 -0.00000000 -0.98080000
vn -0.11360000 0.81280000 -0.57140000
vn -0.11420000 0.81090000 -0.57390000
vn -0.00000000 -0.81090000 -0.58520000
vn -0.00000000 -0.81280000 -0.58260000
vn -0.00000000 0.00930000 -1.00000000
vn -0.00000000 -0.00000000 -1.00000000
vn -0.00000000 -0.00000000 -1.00000000
vn -0.00000000 -0.00930000 -1.00000000
vn -0.00000000 0.81280000 -0.58260000
vn -0.00000000 0.81090000 -0.58520000
vn 0.11420000 -0.81090000 -0.57390000
vn 0.11360000 -0.81280000 -0.57140000
vn 0.19510000 -0.00000000 -0.98080000
vn 0.19510000 0.00930000 -0.98070000
vn 0.19500000 -0.00930000 -0.98070000
vn 0.19510000 -0.00000000 -0.98080000
vn 0.11370000 0.81280000 -0.57140000
vn 0.11420000 0.81090000 -0.57390000
vn 0.22390000 -0.81090000 -0.54060000
vn 0.22290000 -0.81280000 -0.53820000
vn 0.38270000 -0.00000000 -0.92390000
vn 0.38270000 0.00930000 -0.92380000
vn 0.38260000 -0.00930000 -0.92390000
vn 0.38270000 -0.00000000 -0.92390000
vn 0.22390000 0.81090000 -0.54060000
vn 0.22290000 0.81280000 -0.53820000
vn 0.32360000 -0.81280000 -0.48440000
vn 0.32510000 -0.81090000 -0.48660000
vn 0.55560000 -0.00000000 -0.83150000
vn 0.55560000 0.00930000 -0.83140000
vn 0.55550000 -0.00930000 -0.83150000
vn 0.55560000 -0.00000000 -0.83150000
vn 0.32510000 0.81090000 -0.48650000
vn 0.32370000 0.81280000 -0.48440000
vn 0.41190000 -0.81280000 -0.41190000
vn 0.41380000 -0.81090000 -0.41380000
vn 0.70710000 -0.00000000 -0.70710000
vn 0.70710000 0.00930000 -0.70700000
vn 0.70710000 -0.00930000 -0.70710000
vn 0.70710000 -0.00000000 -0.70710000
vn 0.41380000 0.81090000 -0.41380000
vn 0.41190000 0.81280000 -0.41190000
vn 0.48440000 -0.81280000 -0.32370000
vn 0.48650000 -0.81090000 -0.32510000
vn 0.83150000 0.00930000 -0.55550000
vn 0.83150000 -0.00000000 -0.55560000
vn 0.83140000 -0.00930000 -0.55560000
vn 0.83150000 -0.00000000 -0.55560000
vn 0.48440000 0.81280000 -0.32360000
vn 0.48650000 0.81090000 -0.32510000
vn 0.53820000 -0.81280000 -0.22290000
vn 0.54060000 -0.81090000 -0.22390000
vn 0.92390000 0.00930000 -0.38260000
vn 0.92390000 -0.00000000 -0.38270000
vn 0.92390000 -0.00000000 -0.38270000
vn 0.92380000 -0.00930000 -0.38270000
vn 0.53820000 0.81280000 -0.22290000
vn 0.54060000 0.81090000 -0.22390000
vn 0.57390000 -0.81090000 -0.11420000
vn 0.57140000 -0.81280000 -0.11370000
vn 0.98070000 0.00930000 -0.19510000
vn 0.98080000 -0.00000000 -0.19510000
vn 0.98080000 -0.00000000 -0.19510000
vn 0.98070000 -0.00930000 -0.19510000
vn 0.57140000 0.81280000 -0.11360000
vn 0.57390000 0.81090000 -0.11420000
vn 0.58520000 -0.81090000 -0.00000000
vn 0.58260000 -0.81280000 -0.00000000
vn 1.00000000 0.00930000 -0.00000000
vn 1.00000000 -0.00000000 -0.00000000
vn 1.00000000 -0.00000000 -0.00000000
vn 1.00000000 -0.00930000 -0.00000000
vn 0.58260000 0.81280000 -0.00000000
vn 0.58520000 0.81090000 -0.00000000
vn 0.57390000 -0.81090000 0.11420000
vn 0.57140000 -0.81280000 0.11360000
vn 0.98070000 0.00930000 0.19510000
vn 0.98080000 -0.00000000 0.19510000
vn 0.98080000 -0.00000000 0.19510000
vn 0.98070000 -0.00930000 0.19510000
vn 0.57140000 0.81280000 0.11370000
vn 0.57390000 0.81090000 0.11420000
vn 0.54060000 -0.81090000 0.22390000
vn 0.53820000 -0.81280000 0.22290000
vn 0.92380000 0.00930000 0.38270000
vn 0.92390000 -0.00000000 0.38270000
vn 0.92390000 -0.00000000 0.38270000
vn 0.92380000 -0.00930000 0.38260000
vn 0.53820000 0.81280000 0.22300000
vn 0.54060000 0.81090000 0.22390000
vn 0.48650000 -0.81090000 0.32510000
vn 0.48440000 -0.81280000 0.32360000
vn 0.83140000 0.00930000 0.55560000
vn 0.83150000 -0.00000000 0.55560000
vn 0.83150000 -0.00000000 0.55560000
vn 0.83140000 -0.00930000 0.55550000
vn 0.48440000 0.81280000 0.32370000
vn 0.48660000 0.81090000 0.32510000
vn 0.41190000 -0.81280000 0.41190000
vn 0.41380000 -0.81090000 0.41380000
vn 0.70710000 -0.00000000 0.70710000
vn 0.70710000 0.00930000 0.70710000
vn 0.70710000 -0.00930000 0.70710000
vn 0.70710000 -0.00000000 0.70710000
vn 0.41190000 0.81280000 0.41190000
vn 0.41380000 0.81090000 0.41380000
vn 0.32510000 -0.81090000 0.48660000
vn 0.32370000 -0.81280000 0.48440000
vn 0.55560000 -0.00000000 0.83150000
vn 0.55550000 0.00930000 0.83140000
vn 0.55560000 -0.00930000 0.83140000
vn 0.55560000 -0.00000000 0.83150000
vn 0.32510000 0.81090000 0.48660000
vn 0.32360000 0.81280000 0.48440000
vn 0.22390000 -0.81090000 0.54060000
vn 0.22290000 -0.81280000 0.53820000
vn 0.38270000 -0.00000000 0.92390000
vn 0.38260000 0.00930000 0.92390000
vn 0.38270000 -0.00930000 0.92380000
vn 0.38270000 -0.00000000 0.92390000
vn 0.22390000 0.81090000 0.54060000
vn 0.22290000 0.81280000 0.53820000
vn 0.11370000 -0.81280000 0.57140000
vn 0.11420000 -0.81090000 0.57390000
vn 0.19510000 -0.00000000 0.98080000
vn 0.19500000 0.00930000 0.98070000
vn 0.19510000 -0.00930000 0.98070000
vn 0.19510000 -0.00000000 0.98080000
vn 0.11420000 0.81090000 0.57390000
vn 0.11360000 0.81280000 0.57140000
vn -0.00000000 -0.81280000 0.58260000
vn -0.00000000 -0.81090000 0.58520000
vn -0.00000000 -0.00000000 1.00000000
vn -0.00000000 0.00930000 1.00000000
vn -0.00000000 -0.00930000 1.00000000
vn -0.00000000 -0.00000000 1.00000000
vn -0.00000000 0.81090000 0.58520000
vn -0.00000000 0.81280000 0.58260000
vn -0.11360000 -0.81280000 0.57140000
vn -0.11420000 -0.81090000 0.57390000
vn -0.19510000 -0.00000000 0.98080000
vn -0.19510000 0.00930000 0.98070000
vn -0.19510000 -0.00930000 0.98070000
vn -0.19510000 -0.00000000 0.98080000
vn -0.11420000 0.81090000 0.57390000
vn -0.11370000 0.81280000 0.57140000
vn -0.22290000 -0.81280000 0.53820000
vn -0.22390000 -0.81090000 0.54060000
vn -0.38270000 -0.00000000 0.92390000
vn -0.38270000 0.00930000 0.92380000
vn -0.38260000 -0.00930000 0.92380000
vn -0.38270000 -0.00000000 0.92390000
vn -0.22390000 0.81090000 0.54060000
vn -0.22290000 0.81280000 0.53820000
vn -0.32510000 -0.81090000 0.48650000
vn -0.32360000 -0.81280000 0.48440000
vn -0.55560000 -0.00000000 0.83150000
vn -0.55560000 0.00930000 0.83140000
vn -0.55550000 -0.00930000 0.83140000
vn -0.55560000 -0.00000000 0.83150000
vn -0.32510000 0.81090000 0.48660000
vn -0.32370000 0.81280000 0.48440000
vn -0.41190000 -0.81280000 0.41190000
vn -0.41380000 -0.81090000 0.41380000
vn -0.70710000 -0.00000000 0.70710000
vn -0.70710000 0.00930000 0.70710000
vn -0.70710000 -0.00000000 0.70710000
vn -0.70710000 -0.00930000 0.70710000
vn -0.41380000 0.81090000 0.41380000
vn -0.41190000 0.81280000 0.41190000
vn -0.48440000 -0.81280000 0.32370000
vn -0.48660000 -0.81090000 0.32510000
vn -0.83140000 0.00930000 0.55550000
vn -0.83150000 -0.00000000 0.55560000
vn -0.83150000 -0.00000000 0.55560000
vn -0.83140000 -0.00930000 0.55560000
vn -0.48440000 0.81280000 0.32360000
vn -0.48660000 0.81090000 0.32510000
vn -0.53820000 -0.81280000 0.22290000
vn -0.54060000 -0.81090000 0.22390000
vn -0.92390000 0.00930000 0.38260000
vn -0.92390000 -0.00000000 0.38270000
vn -0.92390000 -0.00000000 0.38270000
vn -0.92380000 -0.00930000 0.38270000
vn -0.53820000 0.81280000 0.22290000
vn -0.54060000 0.81090000 0.22390000
vn -0.57390000 -0.81090000 0.11420000
vn -0.57140000 -0.81280000 0.11370000
vn -0.98080000 -0.00000000 0.19510000
vn -0.98070000 0.00930000 0.19510000
vn -0.98070000 -0.00930000 0.19510000
vn -0.98080000 -0.00000000 0.19510000
vn -0.57390000 0.81090000 0.11420000
vn -0.57140000 0.81280000 0.11360000
vn -0.36490000 0.91870000 0.15120000
vn -0.36490000 -0.91870000 0.15120000
vn -0.32840000 -0.91870000 0.21940000
vn -0.32840000 0.91870000 0.21940000
vn -0.27930000 0.91870000 0.27930000
vn -0.27930000 -0.91870000 0.27930000
vn -0.21950000 -0.91870000 0.32840000
vn -0.21940000 0.91870000 0.32840000
vn -0.15120000 0.91870000 0.36490000
vn -0.15120000 -0.91870000 0.36490000
vn -0.07710000 -0.91870000 0.38740000
vn -0.07710000 0.91870000 0.38740000
vn -0.00000000 0.91870000 0.39500000
vn -0.00000000 -0.91870000 0.39500000
vn 0.07710000 -0.91870000 0.38740000
vn 0.07710000 0.91870000 0.38740000
vn 0.15120000 0.91870000 0.36490000
vn 0.15120000 -0.91870000 0.36490000
vn 0.21940000 -0.91870000 0.32840000
vn 0.21940000 0.91870000 0.32840000
vn 0.27930000 0.91870000 0.27930000
vn 0.27930000 -0.91870000 0.27930000
vn 0.32840000 -0.91870000 0.21940000
vn 0.32840000 0.91870000 0.21940000
vn 0.36490000 0.91870000 0.15120000
vn 0.36490000 -0.91870000 0.15120000
vn 0.38740000 -0.91870000 0.07710000
vn 0.38740000 0.91870000 0.07710000
vn 0.39500000 0.91870000 -0.00000000
vn 0.39500000 -0.91870000 -0.00000000
vn 0.38740000 -0.91870000 -0.07710000
vn 0.38740000 0.91870000 -0.07710000
vn 0.36490000 0.91870000 -0.15120000
vn 0.36490000 -0.91870000 -0.15120000
vn 0.32840000 -0.91870000 -0.21940000
vn 0.32840000 0.91870000 -0.21940000
vn 0.27930000 0.91870000 -0.27930000
vn 0.27930000 -0.91870000 -0.27930000
vn 0.21950000 -0.91870000 -0.32840000
vn 0.21940000 0.91870000 -0.32840000
vn 0.15120000 0.91870000 -0.36490000
vn 0.15120000 -0.91870000 -0.36490000
vn 0.07710000 -0.91870000 -0.38740000
vn 0.07710000 0.91870000 -0.38740000
vn -0.00000000 0.91870000 -0.39500000
vn -0.00000000 -0.91870000 -0.39500000
vn -0.07710000 -0.91870000 -0.38740000
vn -0.07710000 0.91870000 -0.38740000
vn -0.15120000 0.91870000 -0.36490000
vn -0.15120000 -0.91870000 -0.36490000
vn -0.21950000 -0.91870000 -0.32840000
vn -0.21940000 0.91870000 -0.32840000
vn -0.27930000 0.91870000 -0.27930000
vn -0.27930000 -0.91870000 -0.27930000
vn -0.32840000 -0.91870000 -0.21940000
vn -0.32840000 0.91870000 -0.21940000
vn -0.36490000 0.91870000 -0.15120000
vn -0.36490000 -0.91870000 -0.15120000
vn -0.38740000 0.91870000 -0.07710000
vn -0.38740000 -0.91870000 -0.07710000
vn -0.39500000 -0.91870000 -0.00000000
vn -0.39500000 -0.91870000 -0.00000000
vn -0.39500000 0.91870000 -0.00000000
vn -0.39500000 0.91870000 -0.00000000
vn -0.38740000 -0.91870000 0.07710000
vn -0.38740000 0.91870000 0.07710000
vn 0.38640000 -0.91910000 -0.07690000
vn 0.38740000 -0.91870000 -0.07710000
vn 0.98080000 -0.00000000 -0.19510000
vn 0.98080000 0.00730000 -0.19510000
vn 0.38640000 0.91910000 -0.07680000
vn 0.38740000 0.91870000 -0.07710000
vn 0.98080000 -0.00730000 -0.19510000
vn 0.98080000 -0.00000000 -0.19510000
vn 0.39390000 0.91910000 -0.00000000
vn 0.39500000 0.91870000 -0.00000000
vn 1.00000000 -0.00730000 -0.00000000
vn 1.00000000 -0.00000000 -0.00000000
vn 1.00000000 0.00730000 -0.00000000
vn 1.00000000 -0.00000000 -0.00000000
vn 0.39390000 -0.91910000 -0.00000000
vn 0.39500000 -0.91870000 -0.00000000
vn 0.83140000 0.00730000 -0.55560000
vn 0.83150000 -0.00000000 -0.55560000
vn 0.32840000 -0.91870000 -0.21940000
vn 0.32750000 -0.91910000 -0.21890000
vn 0.83150000 -0.00730000 -0.55550000
vn 0.83150000 -0.00000000 -0.55560000
vn 0.32840000 0.91870000 -0.21940000
vn 0.32760000 0.91910000 -0.21890000
vn 0.92390000 -0.00000000 -0.38270000
vn 0.92390000 -0.00730000 -0.38270000
vn 0.36400000 0.91910000 -0.15070000
vn 0.36490000 0.91870000 -0.15120000
vn 0.92390000 -0.00000000 -0.38270000
vn 0.92380000 0.00730000 -0.38270000
vn 0.36390000 -0.91910000 -0.15080000
vn 0.36490000 -0.91870000 -0.15120000
vn 0.21880000 -0.91910000 -0.32750000
vn 0.21950000 -0.91870000 -0.32840000
vn 0.55560000 -0.00000000 -0.83150000
vn 0.55550000 0.00730000 -0.83150000
vn 0.55560000 -0.00730000 -0.83140000
vn 0.55560000 -0.00000000 -0.83150000
vn 0.21940000 0.91870000 -0.32840000
vn 0.21890000 0.91910000 -0.32750000
vn 0.70710000 -0.00000000 -0.70710000
vn 0.70710000 -0.00730000 -0.70710000
vn 0.27930000 0.91870000 -0.27930000
vn 0.27860000 0.91910000 -0.27850000
vn 0.27850000 -0.91910000 -0.27860000
vn 0.27930000 -0.91870000 -0.27930000
vn 0.70710000 -0.00000000 -0.70710000
vn 0.70710000 0.00730000 -0.70710000
vn 0.07710000 -0.91870000 -0.38740000
vn 0.07680000 -0.91910000 -0.38640000
vn 0.19510000 -0.00000000 -0.98080000
vn 0.19510000 0.00730000 -0.98080000
vn 0.07710000 0.91870000 -0.38740000
vn 0.07690000 0.91910000 -0.38630000
vn 0.19510000 -0.00730000 -0.98080000
vn 0.19510000 -0.00000000 -0.98080000
vn 0.15120000 0.91870000 -0.36490000
vn 0.15080000 0.91910000 -0.36390000
vn 0.38270000 -0.00000000 -0.92390000
vn 0.38270000 -0.00730000 -0.92380000
vn 0.38270000 -0.00000000 -0.92390000
vn 0.38270000 0.00730000 -0.92390000
vn 0.15120000 -0.91870000 -0.36490000
vn 0.15070000 -0.91910000 -0.36390000
vn -0.19510000 0.00730000 -0.98080000
vn -0.19510000 -0.00000000 -0.98080000
vn -0.07710000 -0.91870000 -0.38740000
vn -0.07690000 -0.91910000 -0.38630000
vn -0.19510000 -0.00000000 -0.98080000
vn -0.19510000 -0.00730000 -0.98080000
vn -0.07680000 0.91910000 -0.38640000
vn -0.07710000 0.91870000 -0.38740000
vn -0.00000000 -0.00000000 -1.00000000
vn -0.00000000 -0.00730000 -1.00000000
vn -0.00000000 0.91870000 -0.39500000
vn -0.00000000 0.91910000 -0.39390000
vn -0.00000000 -0.00000000 -1.00000000
vn -0.00000000 0.00730000 -1.00000000
vn -0.00000000 -0.91870000 -0.39500000
vn -0.00000000 -0.91910000 -0.39390000
vn -0.21950000 -0.91870000 -0.32840000
vn -0.21890000 -0.91910000 -0.32750000
vn -0.55560000 -0.00000000 -0.83150000
vn -0.55560000 0.00730000 -0.83140000
vn -0.55560000 -0.00000000 -0.83150000
vn -0.55550000 -0.00730000 -0.83150000
vn -0.21940000 0.91870000 -0.32840000
vn -0.21880000 0.91910000 -0.32750000
vn -0.38270000 -0.00730000 -0.92390000
vn -0.38270000 -0.00000000 -0.92390000
vn -0.15070000 0.91910000 -0.36390000
vn -0.15120000 0.91870000 -0.36490000
vn -0.15120000 -0.91870000 -0.36490000
vn -0.15080000 -0.91910000 -0.36390000
vn -0.38270000 0.00730000 -0.92380000
vn -0.38270000 -0.00000000 -0.92390000
vn -0.83150000 -0.00000000 -0.55560000
vn -0.83150000 0.00730000 -0.55550000
vn -0.32840000 -0.91870000 -0.21940000
vn -0.32750000 -0.91910000 -0.21880000
vn -0.32840000 0.91870000 -0.21940000
vn -0.32750000 0.91910000 -0.21890000
vn -0.83150000 -0.00000000 -0.55560000
vn -0.83140000 -0.00730000 -0.55560000
vn -0.27850000 0.91910000 -0.27860000
vn -0.27930000 0.91870000 -0.27930000
vn -0.70710000 -0.00730000 -0.70710000
vn -0.70710000 -0.00000000 -0.70710000
vn -0.27930000 -0.91870000 -0.27930000
vn -0.27850000 -0.91910000 -0.27850000
vn -0.70710000 0.00730000 -0.70710000
vn -0.70710000 -0.00000000 -0.70710000
vn -0.92390000 -0.00730000 -0.38270000
vn -0.92390000 -0.00000000 -0.38270000
vn -0.36390000 0.91910000 -0.15080000
vn -0.36490000 0.91870000 -0.15120000
vn -0.36390000 -0.91910000 -0.15070000
vn -0.36490000 -0.91870000 -0.15120000
vn -0.92390000 -0.00000000 -0.38270000
vn -0.92390000 0.00730000 -0.38270000
vn -0.98080000 0.00730000 0.19510000
vn -0.98080000 -0.00000000 0.19510000
vn -0.38640000 -0.91910000 0.07690000
vn -0.38740000 -0.91870000 0.07710000
vn -0.98080000 -0.00000000 0.19510000
vn -0.98080000 -0.00730000 0.19510000
vn -0.38740000 0.91870000 0.07710000
vn -0.38640000 0.91910000 0.07680000
vn -1.00000000 -0.00000000 -0.00000000
vn -1.00000000 -0.00010000 -0.00000000
vn -0.00000000 1.00000000 -0.00000000
vn -0.00000000 -0.00000000 1.00000000
vn -0.00000000 -0.53590000 0.84430000
vn -0.66480000 -0.60720000 0.43500000
vn -1.00000000 -0.00000000 -0.00010000
vn -1.00000000 -0.00000000 -0.00000000
vn -1.00000000 -0.00000000 0.00010000
vn -0.00000000 -0.00000000 -1.00000000
vn -0.00000000 -0.00000000 1.00000000
vn 0.00010000 -0.00000000 1.00000000
vn -1.00000000 -0.00000000 -0.00000000
vn -1.00000000 -0.00000000 -0.00000000
vn -0.00000000 1.00000000 -0.00000000
vn 0.00010000 1.00000000 -0.00000000
vn -0.00100000 0.00030000 -1.00000000
vn -0.19840000 0.73260000 -0.65110000
vn -0.00000000 1.00000000 -0.00000000
vn 0.70230000 -0.29310000 -0.64870000
vn 0.70050000 -0.00000000 -0.71360000
vn 0.00560000 -0.00000000 -1.00000000
vn -0.00100000 0.00030000 -1.00000000
vn 1.00000000 -0.00000000 -0.00010000
vn 1.00000000 -0.00000000 -0.00000000
vn -0.00000000 1.00000000 -0.00000000
vn -0.00000000 0.36370000 0.93150000
vn 1.00000000 -0.00000000 -0.00000000
vn -0.00000000 -0.00000000 1.00000000
vn -0.00010000 1.00000000 -0.00000000
vn -0.00000000 1.00000000 -0.00000000
vn 1.00000000 -0.00000000 -0.00000000
vn 1.00000000 -0.00000000 -0.00000000
vn -0.03610000 -0.23480000 -0.97140000
vn -0.00000000 -0.23070000 -0.97300000
vn -0.00000000 -0.72630000 -0.68730000
vn -0.07030000 -0.71680000 -0.69370000
vn 1.00000000 -0.00000000 -0.00000000
vn 1.00000000 0.00010000 -0.00000000
vn -0.00000000 1.00000000 -0.00000000
vn 1.00000000 -0.00000000 -0.00000000
vn 1.00000000 -0.00000000 -0.00000000
vn -0.00010000 1.00000000 -0.00000000
vn -0.00000000 1.00000000 -0.00000000
vn -0.00000000 -0.00000000 1.00000000
vn -0.00010000 -0.00000000 1.00000000
vn 1.00000000 -0.00000000 -0.00000000
vn 1.00000000 -0.00000000 0.00010000
vn 1.00000000 -0.00000000 -0.00000000
vn -0.00000000 -0.00000000 -1.00000000
vn 0.66480000 -0.60720000 0.43500000
vn 1.00000000 -0.00010000 -0.00010000
vn -0.00000000 -0.00000000 1.00000000
vn -0.00000000 -0.53590000 0.84430000
vn 1.00000000 -0.00000000 -0.00000000
vn 1.00000000 -0.00010000 -0.00000000
vn -0.00000000 1.00000000 -0.00000000
vn 1.00000000 -0.00000000 -0.00000000
vn 0.00060000 -0.15450000 -0.98800000
vn 0.00070000 -0.15450000 -0.98800000
vn -0.00000000 1.00000000 -0.00000000
vn -1.00000000 -0.00000000 -0.00000000
vn -0.00000000 1.00000000 -0.00000000
vn -0.00000000 0.36370000 0.93150000
vn -0.00000000 0.36360000 0.93150000
vn -0.00000000 0.74170000 0.67080000
vn -0.00000000 -0.46240000 0.88670000
vn -0.00000000 -0.46230000 0.88670000
vn 1.00000000 -0.00000000 -0.00000000
vn -0.00000000 -0.00000000 1.00000000
vn 1.00000000 -0.00000000 -0.00000000
vn -0.00000000 0.99000000 -0.14110000
vn 0.15980000 -0.97730000 0.13930000
vn 0.02430000 -0.23540000 -0.97160000
vn -0.00000000 -0.27660000 -0.96100000
vn -1.00000000 -0.00000000 -0.00000000
vn -1.00000000 -0.00000000 0.00010000
vn -1.00000000 -0.00000000 -0.00000000
vn -0.00000000 -0.44910000 -0.89350000
vn -0.60780000 -0.35660000 -0.70950000
vn -0.00000000 -0.46230000 0.88670000
vn -0.00010000 -0.46230000 0.88670000
vn 0.66350000 0.68920000 0.29140000
vn 0.75800000 0.48380000 0.43750000
vn 0.00010000 1.00000000 -0.00000000
vn -0.00000000 1.00000000 -0.00000000
vn -1.00000000 -0.00000000 -0.00000000
vn -0.00000000 -0.00000000 1.00000000
vn -1.00000000 -0.00000000 -0.00000000
vn -0.00000000 -0.99940000 0.03430000
vn 0.70130000 -0.00000000 -0.71290000
vn 0.69910000 0.18590000 -0.69050000
vn -0.00000000 -0.99960000 0.02920000
vn -0.00010000 -0.99960000 0.02920000
vn 1.00000000 -0.00000000 -0.00000000
vn 1.00000000 -0.00010000 -0.00000000
vn 1.00000000 -0.00000000 -0.00000000
vn 0.00020000 -0.76760000 -0.64100000
vn -0.17490000 -0.75570000 -0.63110000
vn -1.00000000 -0.00010000 -0.00000000
vn -1.00000000 -0.00000000 -0.00000000
vn -0.00000000 0.36370000 0.93150000
vn -0.00000000 1.00000000 -0.00000000
vn -0.69840000 -0.00000000 -0.71570000
vn -0.70060000 -0.29470000 -0.64990000
vn 0.19790000 0.73240000 -0.65150000
vn -0.00000000 1.00000000 -0.00000000
vn -0.00000000 -0.00000000 -1.00000000
vn -0.00000000 -0.00000000 -1.00000000
vn 1.00000000 -0.00000000 -0.00000000
vn -0.00000000 -0.99940000 0.03430000
vn 0.70820000 -0.70560000 0.02420000
vn 0.00560000 -0.00000000 -1.00000000
vn 0.00560000 0.00010000 -1.00000000
vn -0.00100000 0.00030000 -1.00000000
vn -0.00000000 -0.02920000 -0.99960000
vn 0.10760000 -0.00000000 0.99420000
vn 0.10770000 -0.00000000 0.99420000
vn -0.00000000 -0.03400000 0.99940000
vn -0.00010000 -0.03400000 0.99940000
vn -0.00000000 -1.00000000 -0.00010000
vn 1.00000000 -0.00000000 -0.00000000
vn 0.00010000 -0.03320000 -0.99940000
vn 0.00020000 -0.03320000 -0.99940000
vn 0.10690000 0.00010000 -0.99430000
vn 0.10690000 -0.00000000 -0.99430000
vn 1.00000000 -0.00000000 -0.00000000
vn -0.00000000 -0.91690000 -0.39910000
vn -0.00000000 -0.91690000 -0.39910000
vn -0.00000000 -0.03330000 -0.99940000
vn -0.00000000 -0.03320000 -0.99940000
vn -0.00000000 -0.03400000 0.99940000
vn -0.00000000 -1.00000000 -0.00010000
vn 0.04090000 0.26520000 -0.96330000
vn 0.07960000 0.27710000 -0.95750000
vn 1.00000000 -0.00000000 -0.00000000
vn 0.07470000 0.27700000 0.95800000
vn -0.00000000 -0.71880000 0.69520000
vn -0.13760000 -0.60800000 0.78190000
vn 0.59490000 -0.00000000 0.80380000
vn 0.72790000 0.32410000 0.60430000
vn 0.00700000 -0.95470000 -0.29740000
vn 0.50810000 -0.00000000 -0.86130000
vn 0.00010000 -0.58840000 -0.80860000
vn -0.32180000 -0.53220000 -0.78310000
vn -0.00000000 -0.00000000 1.00000000
vn -1.00000000 -0.00000000 -0.00000000
vn -0.15980000 -0.97730000 0.13930000
vn -0.00000000 0.99000000 -0.14110000
vn -1.00000000 0.00010000 -0.00000000
vn -1.00000000 -0.00000000 -0.00000000
vn -0.00000000 -0.46230000 0.88670000
vn 0.00010000 -0.46240000 0.88670000
vn -0.66350000 0.68910000 0.29130000
vn -0.75800000 0.48380000 0.43750000
vn -0.00000000 -0.99940000 0.03430000
vn -0.69350000 0.20260000 -0.69140000
vn -0.69930000 -0.00000000 -0.71490000
vn -1.00000000 -0.00000000 -0.00000000
vn 0.00010000 -0.99960000 0.02930000
vn -0.00000000 -0.99960000 0.02920000
vn -0.00020000 -0.76560000 -0.64330000
vn 0.14480000 -0.75970000 -0.63390000
vn -1.00000000 -0.00010000 -0.00000000
vn -1.00000000 -0.00000000 -0.00000000
vn -0.00000000 -0.00000000 -1.00000000
vn -0.00110000 -0.02570000 -0.99970000
vn -0.70820000 -0.70560000 0.02420000
vn -0.00000000 -0.99940000 0.03430000
vn -1.00000000 -0.00000000 0.00010000
vn -0.67400000 -0.69580000 -0.24810000
vn -0.05390000 -0.01540000 0.99840000
vn -0.02100000 -0.02740000 0.99940000
vn -0.02060000 -0.02690000 -0.99940000
vn -0.05360000 -0.01470000 -0.99850000
vn -0.62980000 -0.77640000 -0.02410000
vn -0.78360000 -0.56970000 -0.24800000
vn -1.00000000 -0.00000000 -0.00000000
vn -0.08120000 0.27490000 -0.95800000
vn -0.05830000 0.26780000 -0.96170000
vn -1.00000000 -0.00000000 0.00010000
vn -0.10770000 -0.00000000 0.99420000
vn -0.07400000 0.28930000 0.95440000
vn 1.00000000 -0.00000000 -0.00000000
vn -0.00000000 0.03520000 0.99940000
vn -0.00350000 0.03510000 0.99940000
vn -0.00350000 0.19860000 0.98010000
vn -0.00000000 0.19870000 0.98010000
vn 1.00000000 -0.00000000 -0.00000000
vn -0.00000000 -0.15340000 0.98820000
vn -0.00600000 -0.15340000 0.98810000
vn 1.00000000 -0.00000000 -0.00000000
vn 1.00000000 -0.00000000 -0.00000000
vn -0.00600000 -0.36270000 0.93190000
vn -0.00000000 -0.36270000 0.93190000
vn -1.00000000 -0.00000000 -0.00000000
vn 0.00350000 0.19870000 0.98000000
vn -0.00000000 0.19870000 0.98010000
vn 0.00350000 0.03530000 0.99940000
vn -0.00000000 0.03520000 0.99940000
vn -1.00000000 -0.00000000 -0.00000000
vn -1.00000000 -0.00000000 -0.00000000
vn -0.00000000 -0.15340000 0.98820000
vn 0.00600000 -0.15330000 0.98820000
vn -0.00000000 -0.36270000 0.93190000
vn 0.00600000 -0.36260000 0.93190000
vn -1.00000000 -0.00000000 -0.00000000
vn 1.00000000 -0.00000000 -0.00000000
vn -0.00000000 0.32850000 0.94450000
vn -0.00070000 0.32840000 0.94450000
vn -0.00000000 0.04030000 0.99920000
vn -0.00080000 0.04020000 0.99920000
vn 1.00000000 -0.00000000 -0.00000000
vn -0.00140000 0.24120000 0.97050000
vn 0.00010000 0.24120000 0.97050000
vn 1.00000000 -0.00000000 -0.00010000
vn 1.00000000 -0.00000000 -0.00000000
vn -0.00150000 0.13490000 0.99090000
vn 0.00010000 0.13500000 0.99080000
vn 1.00000000 -0.00000000 -0.00000000
vn -1.00000000 -0.00000000 -0.00000000
vn -0.00000000 0.04030000 0.99920000
vn 0.00080000 0.04030000 0.99920000
vn 0.00070000 0.32840000 0.94450000
vn -0.00000000 0.32850000 0.94450000
vn -1.00000000 -0.00000000 -0.00000000
vn 0.00150000 0.13500000 0.99090000
vn -0.00010000 0.13500000 0.99080000
vn -1.00000000 -0.00000000 -0.00000000
vn 0.00140000 0.24120000 0.97050000
vn -0.00010000 0.24120000 0.97050000
vn -1.00000000 -0.00000000 -0.00000000
vn -0.00000000 -0.99940000 0.03420000
vn -0.00000000 -0.99940000 0.03430000
vn -0.00110000 -0.02570000 -0.99970000
vn -0.00000000 -0.02920000 -0.99960000
vn 0.70600000 -0.70780000 0.02430000
vn 0.70600000 -0.70780000 0.02430000
vn 1.00000000 -0.00000000 -0.00000000
vn -0.00000000 -0.99940000 0.03430000
vn -0.00000000 -0.02920000 -0.99960000
vn -0.00120000 -0.02570000 -0.99970000
vn -0.00110000 -0.02570000 -0.99970000
vn -0.00000000 -0.99940000 0.03430000
vn -1.00000000 0.00010000 0.00010000
vn -0.70600000 -0.70780000 0.02430000
vn -0.70600000 -0.70780000 0.02430000
vn -1.00000000 -0.00000000 -0.00000000
vn -0.00070000 -0.15450000 -0.98800000
vn -0.00060000 -0.15450000 -0.98800000
vn 1.00000000 -0.00010000 -0.00000000
vn 1.00000000 -0.00000000 -0.00000000
vn 0.01420000 0.36830000 -0.92960000
vn 0.02970000 0.36570000 -0.93030000
vn -0.00860000 0.02120000 -0.99970000
vn 0.00620000 0.02040000 -0.99980000
vn 1.00000000 -0.00000000 0.00010000
vn 1.00000000 -0.00000000 -0.00000000
vn 1.00000000 -0.00000000 -0.00000000
vn -0.03150000 0.36590000 -0.93010000
vn -0.02100000 0.36640000 -0.93020000
vn -1.00000000 -0.00000000 -0.00000000
vn -1.00000000 -0.00000000 -0.00000000
vn 0.00450000 0.02070000 -0.99980000
vn -0.00640000 0.02110000 -0.99980000
vn -1.00000000 -0.00000000 -0.00000000
vn -1.00000000 -0.00000000 -0.00000000
vt 0.00000000 0.50000000
vt 1.00000000 0.50000000
vt 0.96875000 0.50000000
vt 0.93750000 0.50000000
vt 0.90625000 0.50000000
vt 0.87500000 0.50000000
vt 0.84375000 0.50000000
vt 0.81250000 0.50000000
vt 0.78125000 0.50000000
vt 0.75000000 0.50000000
vt 0.71875000 0.50000000
vt 0.68750000 0.50000000
vt 0.65625000 0.50000000
vt 0.62500000 0.50000000
vt 0.59375000 0.50000000
vt 0.56250000 0.50000000
vt 0.53125000 0.50000000
vt 0.50000000 0.50000000
vt 0.46875000 0.50000000
vt 0.43750000 0.50000000
vt 0.40625000 0.50000000
vt 0.37500000 0.50000000
vt 0.34375000 0.50000000
vt 0.31250000 0.50000000
vt 0.28125000 0.50000000
vt 0.25000000 0.50000000
vt 0.21875000 0.50000000
vt 0.18750000 0.50000000
vt 0.15625000 0.50000000
vt 0.12500000 0.50000000
vt 0.09375000 0.50000000
vt 0.06250000 0.50000000
vt 0.03125000 0.50000000
vt 1.00000000 0.97633000
vt 0.00000000 0.97633000
vt 0.00000000 0.95845300
vt 1.00000000 0.95845300
vt 0.96875000 0.95845300
vt 0.96875000 0.97633000
vt 0.93750000 0.95845300
vt 0.93750000 0.97633000
vt 0.90625000 0.95845300
vt 0.90625000 0.97633000
vt 0.87500000 0.95845300
vt 0.87500000 0.97633000
vt 0.84375000 0.95845300
vt 0.84375000 0.97633000
vt 0.81250000 0.95845300
vt 0.81250000 0.97633000
vt 0.78125000 0.95845300
vt 0.78125000 0.97633000
vt 0.75000000 0.95845300
vt 0.75000000 0.97633000
vt 0.71875000 0.95845300
vt 0.71875000 0.97633000
vt 0.68750000 0.95845300
vt 0.68750000 0.97633000
vt 0.65625000 0.95845300
vt 0.65625000 0.97633000
vt 0.62500000 0.95845300
vt 0.62500000 0.97632900
vt 0.59375000 0.95845300
vt 0.59375000 0.97632900
vt 0.56250000 0.95845300
vt 0.56250000 0.97632900
vt 0.53125000 0.95845300
vt 0.53125000 0.97633000
vt 0.50000000 0.95845300
vt 0.50000000 0.97632900
vt 0.46875000 0.95845300
vt 0.46875000 0.97632900
vt 0.43750000 0.95845300
vt 0.43750000 0.97632900
vt 0.40625000 0.95845300
vt 0.40625000 0.97633000
vt 0.37500000 0.95845300
vt 0.37500000 0.97632900
vt 0.34375000 0.95845300
vt 0.34375000 0.97632900
vt 0.31250000 0.95845300
vt 0.31250000 0.97633000
vt 0.28125000 0.95845300
vt 0.28125000 0.97632900
vt 0.25000000 0.95845300
vt 0.25000000 0.97632900
vt 0.21875000 0.95845300
vt 0.21875000 0.97632900
vt 0.18750000 0.95845300
vt 0.18750000 0.97633000
vt 0.15625000 0.95845300
vt 0.15625000 0.97633000
vt 0.12500000 0.95845300
vt 0.12500000 0.97632900
vt 0.09375000 0.95845300
vt 0.09375000 0.97632900
vt 0.06250000 0.95845300
vt 0.06250000 0.97632900
vt 0.03125000 0.95845300
vt 0.03125000 0.97633000
vt 0.06250000 0.50730000
vt 0.06250000 0.51169800
vt 0.06250000 0.51655400
vt 0.06250000 0.52178400
vt 0.03125000 0.50730000
vt 0.03125000 0.51169800
vt 0.03125000 0.51655400
vt 0.03125000 0.52178400
vt 0.09375000 0.50730000
vt 0.09375000 0.52178400
vt 0.09375000 0.51655300
vt 0.09375000 0.51169800
vt 0.12500000 0.50730000
vt 0.12500000 0.51169800
vt 0.12500000 0.51655400
vt 0.12500000 0.52178400
vt 0.15625000 0.50730000
vt 0.15625000 0.52178400
vt 0.15625000 0.51655400
vt 0.15625000 0.51169800
vt 0.18750000 0.50730000
vt 0.18750000 0.51169800
vt 0.18750000 0.51655300
vt 0.18750000 0.52178400
vt 0.21875000 0.50730000
vt 0.21875000 0.52178400
vt 0.21875000 0.51655300
vt 0.21875000 0.51169800
vt 0.25000000 0.50730000
vt 0.25000000 0.51169800
vt 0.25000000 0.51655400
vt 0.25000000 0.52178400
vt 0.28125000 0.50730000
vt 0.28125000 0.52178400
vt 0.28125000 0.51655300
vt 0.28125000 0.51169800
vt 0.31250000 0.50730000
vt 0.31250000 0.51169800
vt 0.31250000 0.51655400
vt 0.31250000 0.52178400
vt 0.34375000 0.50730000
vt 0.34375000 0.52178400
vt 0.34375000 0.51655300
vt 0.34375000 0.51169800
vt 0.37500000 0.50730000
vt 0.37500000 0.51169800
vt 0.37500000 0.51655300
vt 0.37500000 0.52178400
vt 0.40625000 0.50730000
vt 0.40625000 0.52178400
vt 0.40625000 0.51655400
vt 0.40625000 0.51169800
vt 0.43750000 0.50730000
vt 0.43750000 0.51169800
vt 0.43750000 0.51655400
vt 0.43750000 0.52178400
vt 0.46875000 0.50730000
vt 0.46875000 0.52178400
vt 0.46875000 0.51655400
vt 0.46875000 0.51169800
vt 0.50000000 0.50730000
vt 0.50000000 0.51169800
vt 0.50000000 0.51655400
vt 0.50000000 0.52178400
vt 0.53125000 0.50730000
vt 0.53125000 0.52178400
vt 0.53125000 0.51655300
vt 0.53125000 0.51169800
vt 0.56250000 0.50730000
vt 0.56250000 0.51169800
vt 0.56250000 0.51655300
vt 0.56250000 0.52178400
vt 0.59375000 0.50730000
vt 0.59375000 0.52178400
vt 0.59375000 0.51655300
vt 0.59375000 0.51169800
vt 0.62500000 0.50730000
vt 0.62500000 0.51169800
vt 0.62500000 0.51655400
vt 0.62500000 0.52178400
vt 0.65625000 0.50730000
vt 0.65625000 0.52178400
vt 0.65625000 0.51655300
vt 0.65625000 0.51169800
vt 0.68750000 0.50730000
vt 0.68750000 0.51169800
vt 0.68750000 0.51655400
vt 0.68750000 0.52178400
vt 0.71875000 0.50730000
vt 0.71875000 0.52178400
vt 0.71875000 0.51655400
vt 0.71875000 0.51169800
vt 0.75000000 0.50730000
vt 0.75000000 0.51169800
vt 0.75000000 0.51655400
vt 0.75000000 0.52178400
vt 0.78125000 0.50730000
vt 0.78125000 0.52178400
vt 0.78125000 0.51655400
vt 0.78125000 0.51169800
vt 0.81250000 0.50730000
vt 0.81250000 0.51169800
vt 0.81250000 0.51655300
vt 0.81250000 0.52178400
vt 0.84375000 0.50730000
vt 0.84375000 0.52178400
vt 0.84375000 0.51655400
vt 0.84375000 0.51169800
vt 0.87500000 0.50730000
vt 0.87500000 0.51169800
vt 0.87500000 0.51655400
vt 0.87500000 0.52178400
vt 0.90625000 0.50730000
vt 0.90625000 0.52178400
vt 0.90625000 0.51655300
vt 0.90625000 0.51169800
vt 0.93750000 0.50730000
vt 0.93750000 0.51169800
vt 0.93750000 0.51655300
vt 0.93750000 0.52178400
vt 0.96875000 0.50730000
vt 0.96875000 0.52178400
vt 0.96875000 0.51655400
vt 0.96875000 0.51169800
vt 0.00000000 0.50730000
vt 1.00000000 0.50730000
vt 0.00086600 0.52178400
vt 0.99913400 0.52178400
vt 0.99955900 0.51655300
vt 0.00044200 0.51655300
vt 0.99987300 0.51169800
vt 0.00012700 0.51169800
vt 0.06250000 0.52709100
vt 0.06250100 0.52729900
vt 0.03125000 0.52709100
vt 0.03125100 0.52729900
vt 0.09375000 0.52709100
vt 0.09375100 0.52729900
vt 0.12500000 0.52709100
vt 0.12500100 0.52729900
vt 0.15625000 0.52709100
vt 0.15625100 0.52729900
vt 0.18750000 0.52709100
vt 0.18750100 0.52729900
vt 0.21875000 0.52709100
vt 0.21875100 0.52729900
vt 0.25000000 0.52709100
vt 0.25000100 0.52729900
vt 0.28125000 0.52709100
vt 0.28125100 0.52729900
vt 0.31250000 0.52709100
vt 0.31250100 0.52729900
vt 0.34375000 0.52709100
vt 0.34375100 0.52729900
vt 0.37500000 0.52709100
vt 0.37500100 0.52729900
vt 0.40625000 0.52709100
vt 0.40625100 0.52729900
vt 0.43750000 0.52709100
vt 0.43750100 0.52729900
vt 0.46875000 0.52709100
vt 0.46875100 0.52729900
vt 0.50000000 0.52709100
vt 0.50000100 0.52729900
vt 0.53125000 0.52709100
vt 0.53125100 0.52729900
vt 0.56250000 0.52709100
vt 0.56250100 0.52729900
vt 0.59375000 0.52709100
vt 0.59375100 0.52729900
vt 0.62500000 0.52709100
vt 0.62500100 0.52729900
vt 0.65625000 0.52709100
vt 0.65625100 0.52729900
vt 0.68750000 0.52709100
vt 0.68750100 0.52729900
vt 0.71875000 0.52709100
vt 0.71875100 0.52729900
vt 0.75000000 0.52709100
vt 0.75000100 0.52729900
vt 0.78125000 0.52709100
vt 0.78125100 0.52729900
vt 0.81250000 0.52709100
vt 0.81250100 0.52729900
vt 0.84375000 0.52709100
vt 0.84375100 0.52729900
vt 0.87500000 0.52709100
vt 0.87500100 0.52729900
vt 0.90625000 0.52709100
vt 0.90625100 0.52729900
vt 0.93750000 0.52709100
vt 0.93750100 0.52729900
vt 0.96875000 0.52709100
vt 0.96875100 0.52729900
vt 0.00133300 0.52709100
vt 0.99866700 0.52709100
vt 0.99864900 0.52729900
vt 0.00135200 0.52729900
vt 1.00000000 0.50000000
vt 0.00000000 0.50000000
vt 0.96875000 0.50000000
vt 0.93750000 0.50000000
vt 0.90625000 0.50000000
vt 0.87500000 0.50000000
vt 0.84375000 0.50000000
vt 0.81250000 0.50000000
vt 0.78125000 0.50000000
vt 0.75000000 0.50000000
vt 0.71875000 0.50000000
vt 0.68750000 0.50000000
vt 0.65625000 0.50000000
vt 0.62500000 0.50000000
vt 0.59375000 0.50000000
vt 0.56250000 0.50000000
vt 0.53125000 0.50000000
vt 0.50000000 0.50000000
vt 0.46875000 0.50000000
vt 0.43750000 0.50000000
vt 0.40625000 0.50000000
vt 0.37500000 0.50000000
vt 0.34375000 0.50000000
vt 0.31250000 0.50000000
vt 0.28125000 0.50000000
vt 0.25000000 0.50000000
vt 0.21875000 0.50000000
vt 0.18750000 0.50000000
vt 0.15625000 0.50000000
vt 0.12500000 0.50000000
vt 0.09375000 0.50000000
vt 0.06250000 0.50000000
vt 0.03125000 0.50000000
vt 1.00000000 0.50000000
vt 0.00000000 0.50000000
vt 0.00000000 0.50000000
vt 1.00000000 0.50000000
vt 0.99941700 0.50000000
vt 0.00058200 0.50000000
vt 0.96875000 0.50000000
vt 0.96875000 0.50000000
vt 0.96875000 0.50000000
vt 0.93750000 0.50000000
vt 0.93750000 0.50000000
vt 0.93750000 0.50000000
vt 0.90625000 0.50000000
vt 0.90625000 0.50000000
vt 0.90625000 0.50000000
vt 0.87500000 0.50000000
vt 0.87500000 0.50000000
vt 0.87500000 0.50000000
vt 0.84375000 0.50000000
vt 0.84375000 0.50000000
vt 0.84375000 0.50000000
vt 0.81250000 0.50000000
vt 0.81250000 0.50000000
vt 0.81250000 0.50000000
vt 0.78125000 0.50000000
vt 0.78125000 0.50000000
vt 0.78125000 0.50000000
vt 0.75000000 0.50000000
vt 0.75000000 0.50000000
vt 0.75000000 0.50000000
vt 0.71875000 0.50000000
vt 0.71875000 0.50000000
vt 0.71875000 0.50000000
vt 0.68750000 0.50000000
vt 0.68750000 0.50000000
vt 0.68750000 0.50000000
vt 0.65625000 0.50000000
vt 0.65625000 0.50000000
vt 0.65625000 0.50000000
vt 0.62500000 0.50000000
vt 0.62500000 0.50000000
vt 0.62500000 0.50000000
vt 0.59375000 0.50000000
vt 0.59375000 0.50000000
vt 0.59375000 0.50000000
vt 0.56250000 0.50000000
vt 0.56250000 0.50000000
vt 0.56250000 0.50000000
vt 0.53125000 0.50000000
vt 0.53125000 0.50000000
vt 0.53125000 0.50000000
vt 0.50000000 0.50000000
vt 0.50000000 0.50000000
vt 0.50000000 0.50000000
vt 0.46875000 0.50000000
vt 0.46875000 0.50000000
vt 0.46875000 0.50000000
vt 0.43750000 0.50000000
vt 0.43750000 0.50000000
vt 0.43750000 0.50000000
vt 0.40625000 0.50000000
vt 0.40625000 0.50000000
vt 0.40625000 0.50000000
vt 0.37500000 0.50000000
vt 0.37500000 0.50000000
vt 0.37500000 0.50000000
vt 0.34375000 0.50000000
vt 0.34375000 0.50000000
vt 0.34375000 0.50000000
vt 0.31250000 0.50000000
vt 0.31250000 0.50000000
vt 0.31250000 0.50000000
vt 0.28125000 0.50000000
vt 0.28125000 0.50000000
vt 0.28125000 0.50000000
vt 0.25000000 0.50000000
vt 0.25000000 0.50000000
vt 0.25000000 0.50000000
vt 0.21875000 0.50000000
vt 0.21875000 0.50000000
vt 0.21875000 0.50000000
vt 0.18750000 0.50000000
vt 0.18750000 0.50000000
vt 0.18750000 0.50000000
vt 0.15625000 0.50000000
vt 0.15625000 0.50000000
vt 0.15625000 0.50000000
vt 0.12500000 0.50000000
vt 0.12500000 0.50000000
vt 0.12500000 0.50000000
vt 0.09375000 0.50000000
vt 0.09375000 0.50000000
vt 0.09375000 0.50000000
vt 0.06250000 0.50000000
vt 0.06250000 0.50000000
vt 0.06250000 0.50000000
vt 0.03125000 0.50000000
vt 0.03125000 0.50000000
vt 0.03125000 0.50000000
vt 0.00000000 0.50000000
vt 1.00000000 0.50000000
vt 0.96875000 0.50000000
vt 0.93750000 0.50000000
vt 0.90625000 0.50000000
vt 0.87500000 0.50000000
vt 0.84375000 0.50000000
vt 0.81250000 0.50000000
vt 0.78125000 0.50000000
vt 0.75000000 0.50000000
vt 0.71875000 0.50000000
vt 0.68750000 0.50000000
vt 0.65625000 0.50000000
vt 0.62500000 0.50000000
vt 0.59375000 0.50000000
vt 0.56250000 0.50000000
vt 0.53125000 0.50000000
vt 0.50000000 0.50000000
vt 0.46875000 0.50000000
vt 0.43750000 0.50000000
vt 0.40625000 0.50000000
vt 0.37500000 0.50000000
vt 0.34375000 0.50000000
vt 0.31250000 0.50000000
vt 0.28125000 0.50000000
vt 0.25000000 0.50000000
vt 0.21875000 0.50000000
vt 0.18750000 0.50000000
vt 0.15625000 0.50000000
vt 0.12500000 0.50000000
vt 0.09375000 0.50000000
vt 0.06250000 0.50000000
vt 0.03125000 0.50000000
vt 0.14906000 0.00000000
vt 0.14906000 0.00000000
vt 0.14906000 0.00000000
vt 0.29812100 0.00000000
vt 0.56236500 0.91398600
vt 0.00000000 0.00000000
vt 0.09200000 1.00000000
vt 0.29812100 0.00000000
vt 0.29812100 0.00000000
vt 0.14906000 0.00000000
vt 0.14906000 0.00000000
vt 0.14906000 0.00000000
vt 0.00000000 0.00000000
vt 0.27600000 1.00000000
vt 0.14906000 0.00000000
vt 0.29812100 0.00000000
vt 0.46000000 1.00000000
vt 0.46000000 1.00000000
vt 0.46000000 1.00000000
vt 0.36800000 1.00000000
vt 0.29812100 0.00000000
vt 0.44718100 0.00000000
vt 0.00000000 0.00000000
vt 0.00000000 0.00000000
vt 0.44718100 0.00000000
vt 0.14906000 0.00000000
vt 0.00000000 0.00000000
vt 0.29812100 0.00000000
vt 0.29812100 0.00000000
vt 0.29812100 0.00000000
vt 0.00000000 0.00000000
vt 0.00000000 0.00000000
vt 0.00000000 0.00000000
vt 0.00000000 0.00000000
vt 0.00000000 0.00000000
vt 0.54060100 1.00000000
vt 0.40507500 1.00000000
vt 0.18400000 1.00000000
vt 0.63165600 0.91513400
vt 0.00000000 0.00000000
vt 0.56247800 0.00000000
vt 0.63165600 0.00000000
vt 0.56236500 0.91398600
vt 0.00000000 0.00000000
vt 0.14906000 0.00000000
vt 0.29812100 0.00000000
vt 0.00000000 0.00000000
vt 0.54060100 1.00000000
vt 0.40507500 1.00000000
vt 0.00000000 0.00000000
vt 0.63165600 0.91513400
vt 0.63165600 0.00000000
vt 0.56242700 0.00000000
vt 0.29812100 0.00000000
vt 0.29812100 0.00000000
vt 0.29812100 0.00000000
vt 0.29812100 0.00000000
vt 0.29812100 0.00000000
vt 0.29812100 0.00000000
vt 0.29812100 0.00000000
vt 0.29812100 0.00000000
vt 0.29812100 0.00000000
vt 0.29812100 0.00000000
vt 0.29812100 0.00000000
vt 0.29812100 0.00000000
vt 0.29812100 0.00000000
vt 0.29812100 0.00000000
vt 0.29812100 0.00000000
vt 0.29812100 0.00000000
vt 0.14906000 0.88519000
vt 0.13666500 1.00000000
vt 0.16136200 0.95761700
vt 0.15761900 1.00000000
vt 0.27330600 1.00000000
vt 0.29812100 0.88519000
vt 0.29898700 1.00000000
vt 0.30735600 0.95763000
vt 0.34774000 1.00000000
vt 0.14906000 0.88519000
vt 0.13666500 1.00000000
vt 0.16136200 0.95761700
vt 0.15761900 1.00000000
vt 0.00000000 1.00000000
vt 0.00000000 0.88519000
vt 0.00000000 1.00000000
vt 0.00000000 0.95754800
vt 0.29812100 0.88519000
vt 0.27330600 1.00000000
vt 0.30735600 0.95763000
vt 0.33258600 1.04073100
vt 0.29898700 1.00000000
vt 0.00000000 0.00000000
vt 0.00000000 0.00000000
vt 0.54060100 1.00000000
vt 0.00000000 0.00000000
vt 0.41619700 1.00000000
vt 0.00000000 0.00000000
vt 0.40507500 1.00000000
vt 0.00000000 0.00000000
vt 0.54060100 1.00000000
vt 0.44718100 0.89637700
vt 0.44703000 0.89637700
vt 0.00000000 0.00000000
vt 0.40507500 1.00000000
vt 0.41619700 1.00000000
vt 0.44718100 0.89637700
vt 0.00000000 0.00000000
vt 0.00000000 0.00000000
vt 0.43574600 1.00000000
vt 0.00000000 0.00000000
vt 0.00000000 0.00000000
vt 0.49333900 0.96553200
vt 0.49333900 0.96553200
vt 0.00000000 0.00000000
vt 0.00000000 0.00000000
vt 0.43574600 1.00000000
vt 0.39611300 1.00000000
vt 0.44702000 0.96065300
vt 0.44718100 0.96065300
vt 0.44718100 0.96065300
vt 0.37548900 0.97827600
vt 0.37540700 0.97827600
vt 0.43750000 0.71598600
vt 0.43750000 0.71598600
vt 0.43750000 0.71609100
vt 0.43750000 0.71609100
vt 0.43750000 0.72229300
vt 0.43750000 0.72229300
vt 0.43750000 0.72239800
vt 0.43750000 0.72239800
vt 0.46875000 0.72229300
vt 0.46875000 0.72229300
vt 0.46875000 0.72239800
vt 0.46875000 0.72239800
vt 0.46875000 0.71598600
vt 0.46875000 0.71598600
vt 0.46875000 0.71609100
vt 0.46875000 0.71609100
vt 0.37500000 0.71609100
vt 0.37500000 0.71609100
vt 0.37500000 0.71598600
vt 0.37500000 0.71598600
vt 0.37500000 0.72229300
vt 0.37500000 0.72229300
vt 0.37500000 0.72239800
vt 0.37500000 0.72239800
vt 0.40625000 0.72229300
vt 0.40625000 0.72229300
vt 0.40625000 0.72239800
vt 0.40625000 0.72239800
vt 0.40625000 0.71609100
vt 0.40625000 0.71609100
vt 0.40625000 0.71598600
vt 0.40625000 0.71598600
vt 0.31250000 0.71609100
vt 0.31250000 0.71609100
vt 0.31250000 0.71598600
vt 0.31250000 0.71598600
vt 0.31250000 0.72239800
vt 0.31250000 0.72239800
vt 0.31250000 0.72229300
vt 0.31250000 0.72229300
vt 0.34375000 0.72239800
vt 0.34375000 0.72239800
vt 0.34375000 0.72229300
vt 0.34375000 0.72229300
vt 0.34375000 0.71598600
vt 0.34375000 0.71598600
vt 0.34375000 0.71609100
vt 0.34375000 0.71609100
vt 0.25000000 0.71598600
vt 0.25000000 0.71598600
vt 0.25000000 0.71609100
vt 0.25000000 0.71609100
vt 0.25000000 0.72229300
vt 0.25000000 0.72229300
vt 0.25000000 0.72239800
vt 0.25000000 0.72239800
vt 0.28125000 0.72229300
vt 0.28125000 0.72229300
vt 0.28125000 0.72239800
vt 0.28125000 0.72239800
vt 0.28125000 0.71598600
vt 0.28125000 0.71598600
vt 0.28125000 0.71609100
vt 0.28125000 0.71609100
vt 0.18750000 0.71609100
vt 0.18750000 0.71609100
vt 0.18750000 0.71598600
vt 0.18750000 0.71598600
vt 0.18750000 0.72229300
vt 0.18750000 0.72229300
vt 0.18750000 0.72239800
vt 0.18750000 0.72239800
vt 0.21875000 0.72229300
vt 0.21875000 0.72229300
vt 0.21875000 0.72239800
vt 0.21875000 0.72239800
vt 0.21875000 0.71609100
vt 0.21875000 0.71609100
vt 0.21875000 0.71598600
vt 0.21875000 0.71598600
vt 0.12500000 0.71609100
vt 0.12500000 0.71609100
vt 0.12500000 0.71598600
vt 0.12500000 0.71598600
vt 0.12500000 0.72239800
vt 0.12500000 0.72239800
vt 0.12500000 0.72229300
vt 0.12500000 0.72229300
vt 0.15625000 0.72239800
vt 0.15625000 0.72239800
vt 0.15625000 0.72229300
vt 0.15625000 0.72229300
vt 0.15625000 0.71598600
vt 0.15625000 0.71598600
vt 0.15625000 0.71609100
vt 0.15625000 0.71609100
vt 0.06250000 0.71609100
vt 0.06250000 0.71609100
vt 0.06250000 0.71598600
vt 0.06250000 0.71598600
vt 0.06250000 0.72239800
vt 0.06250000 0.72239800
vt 0.06250000 0.72229300
vt 0.06250000 0.72229300
vt 0.09375000 0.72229300
vt 0.09375000 0.72229300
vt 0.09375000 0.72239800
vt 0.09375000 0.72239800
vt 0.09375000 0.71598600
vt 0.09375000 0.71598600
vt 0.09375000 0.71609100
vt 0.09375000 0.71609100
vt 0.96875000 0.71609100
vt 0.96875000 0.71609100
vt 0.96875000 0.71598600
vt 0.96875000 0.71598600
vt 0.96875000 0.72239800
vt 0.96875000 0.72239800
vt 0.96875000 0.72229300
vt 0.96875000 0.72229300
vt 1.00000000 0.72239800
vt 0.00000000 0.72239800
vt 1.00000000 0.72239800
vt 0.00000000 0.72239800
vt 1.00000000 0.72229300
vt 1.00000000 0.72229300
vt 0.00000000 0.72229300
vt 0.00000000 0.72229300
vt 0.00000000 0.71598600
vt 0.00000000 0.71598600
vt 1.00000000 0.71598600
vt 1.00000000 0.71598600
vt 1.00000000 0.71609100
vt 1.00000000 0.71609100
vt 0.00000000 0.71609100
vt 0.00000000 0.71609100
vt 0.00000000 0.97566500
vt 1.00000000 0.97566500
vt 0.00000000 0.97566500
vt 1.00000000 0.97566500
vt 1.00000000 0.97492600
vt 0.00000000 0.97492600
vt 0.00000000 0.97492600
vt 1.00000000 0.97492600
vt 1.00000000 0.95985600
vt 0.00000000 0.95985600
vt 0.00000000 0.95985600
vt 1.00000000 0.95985600
vt 1.00000000 0.95911800
vt 0.00000000 0.95911800
vt 0.00000000 0.95911800
vt 1.00000000 0.95911800
vt 0.96875000 0.95911800
vt 0.96875000 0.95911800
vt 0.96875000 0.95985600
vt 0.96875000 0.95985600
vt 0.96875000 0.97492700
vt 0.96875000 0.97492700
vt 0.96875000 0.97566500
vt 0.96875000 0.97566500
vt 0.93750000 0.95911800
vt 0.93750000 0.95911800
vt 0.93750000 0.95985600
vt 0.93750000 0.95985600
vt 0.93750000 0.97492700
vt 0.93750000 0.97492700
vt 0.93750000 0.97566500
vt 0.93750000 0.97566500
vt 0.90625000 0.95911800
vt 0.90625000 0.95911800
vt 0.90625000 0.95985600
vt 0.90625000 0.95985600
vt 0.90625000 0.97492700
vt 0.90625000 0.97492700
vt 0.90625000 0.97566500
vt 0.90625000 0.97566500
vt 0.87500000 0.95911800
vt 0.87500000 0.95911800
vt 0.87500000 0.95985600
vt 0.87500000 0.95985600
vt 0.87500000 0.97492700
vt 0.87500000 0.97492700
vt 0.87500000 0.97566500
vt 0.87500000 0.97566500
vt 0.84375000 0.95911800
vt 0.84375000 0.95911800
vt 0.84375000 0.95985600
vt 0.84375000 0.95985600
vt 0.84375000 0.97492700
vt 0.84375000 0.97492700
vt 0.84375000 0.97566500
vt 0.84375000 0.97566500
vt 0.81250000 0.95911800
vt 0.81250000 0.95911800
vt 0.81250000 0.95985600
vt 0.81250000 0.95985600
vt 0.81250000 0.97492700
vt 0.81250000 0.97492700
vt 0.81250000 0.97566500
vt 0.81250000 0.97566500
vt 0.78125000 0.95911800
vt 0.78125000 0.95911800
vt 0.78125000 0.95985600
vt 0.78125000 0.95985600
vt 0.78125000 0.97492700
vt 0.78125000 0.97492700
vt 0.78125000 0.97566500
vt 0.78125000 0.97566500
vt 0.75000000 0.95911800
vt 0.75000000 0.95911800
vt 0.75000000 0.95985600
vt 0.75000000 0.95985600
vt 0.75000000 0.97492700
vt 0.75000000 0.97492700
vt 0.75000000 0.97566500
vt 0.75000000 0.97566500
vt 0.71875000 0.95911800
vt 0.71875000 0.95911800
vt 0.71875000 0.95985600
vt 0.71875000 0.95985600
vt 0.71875000 0.97492700
vt 0.71875000 0.97492700
vt 0.71875000 0.97566500
vt 0.71875000 0.97566500
vt 0.68750000 0.95911800
vt 0.68750000 0.95911800
vt 0.68750000 0.95985600
vt 0.68750000 0.95985600
vt 0.68750000 0.97492700
vt 0.68750000 0.97492700
vt 0.68750000 0.97566500
vt 0.68750000 0.97566500
vt 0.65625000 0.95911800
vt 0.65625000 0.95911800
vt 0.65625000 0.95985600
vt 0.65625000 0.95985600
vt 0.65625000 0.97492700
vt 0.65625000 0.97492700
vt 0.65625000 0.97566500
vt 0.65625000 0.97566500
vt 0.62500000 0.95911700
vt 0.62500000 0.95911700
vt 0.62500000 0.95985600
vt 0.62500000 0.95985600
vt 0.62500000 0.97492600
vt 0.62500000 0.97492600
vt 0.62500000 0.97566500
vt 0.62500000 0.97566500
vt 0.59375000 0.95911800
vt 0.59375000 0.95911800
vt 0.59375000 0.95985600
vt 0.59375000 0.95985600
vt 0.59375000 0.97492600
vt 0.59375000 0.97492600
vt 0.59375000 0.97566500
vt 0.59375000 0.97566500
vt 0.56250000 0.95911800
vt 0.56250000 0.95911800
vt 0.56250000 0.95985600
vt 0.56250000 0.95985600
vt 0.56250000 0.97492600
vt 0.56250000 0.97492600
vt 0.56250000 0.97566500
vt 0.56250000 0.97566500
vt 0.53125000 0.95911800
vt 0.53125000 0.95911800
vt 0.53125000 0.95985600
vt 0.53125000 0.95985600
vt 0.53125000 0.97492700
vt 0.53125000 0.97492700
vt 0.53125000 0.97566500
vt 0.53125000 0.97566500
vt 0.50000000 0.95911800
vt 0.50000000 0.95911800
vt 0.50000000 0.95985600
vt 0.50000000 0.95985600
vt 0.50000000 0.97492600
vt 0.50000000 0.97492600
vt 0.50000000 0.97566500
vt 0.50000000 0.97566500
vt 0.46875000 0.95911800
vt 0.46875000 0.95911800
vt 0.46875000 0.95985600
vt 0.46875000 0.95985600
vt 0.46875000 0.97492600
vt 0.46875000 0.97492600
vt 0.46875000 0.97566500
vt 0.46875000 0.97566500
vt 0.43750000 0.95911700
vt 0.43750000 0.95911700
vt 0.43750000 0.95985600
vt 0.43750000 0.95985600
vt 0.43750000 0.97492600
vt 0.43750000 0.97492600
vt 0.43750000 0.97566500
vt 0.43750000 0.97566500
vt 0.40625000 0.95911800
vt 0.40625000 0.95911800
vt 0.40625000 0.95985600
vt 0.40625000 0.95985600
vt 0.40625000 0.97492700
vt 0.40625000 0.97492700
vt 0.40625000 0.97566500
vt 0.40625000 0.97566500
vt 0.37500000 0.95911800
vt 0.37500000 0.95911800
vt 0.37500000 0.95985600
vt 0.37500000 0.95985600
vt 0.37500000 0.97492600
vt 0.37500000 0.97492600
vt 0.37500000 0.97566500
vt 0.37500000 0.97566500
vt 0.34375000 0.95911800
vt 0.34375000 0.95911800
vt 0.34375000 0.95985600
vt 0.34375000 0.95985600
vt 0.34375000 0.97492600
vt 0.34375000 0.97492600
vt 0.34375000 0.97566500
vt 0.34375000 0.97566500
vt 0.31250000 0.95911800
vt 0.31250000 0.95911800
vt 0.31250000 0.95985600
vt 0.31250000 0.95985600
vt 0.31250000 0.97492700
vt 0.31250000 0.97492700
vt 0.31250000 0.97566500
vt 0.31250000 0.97566500
vt 0.28125000 0.95911800
vt 0.28125000 0.95911800
vt 0.28125000 0.95985600
vt 0.28125000 0.95985600
vt 0.28125000 0.97492600
vt 0.28125000 0.97492600
vt 0.28125000 0.97566500
vt 0.28125000 0.97566500
vt 0.25000000 0.95911800
vt 0.25000000 0.95911800
vt 0.25000000 0.95985600
vt 0.25000000 0.95985600
vt 0.25000000 0.97492600
vt 0.25000000 0.97492600
vt 0.25000000 0.97566500
vt 0.25000000 0.97566500
vt 0.21875000 0.95911800
vt 0.21875000 0.95911800
vt 0.21875000 0.95985600
vt 0.21875000 0.95985600
vt 0.21875000 0.97492600
vt 0.21875000 0.97492600
vt 0.21875000 0.97566500
vt 0.21875000 0.97566500
vt 0.18750000 0.95911800
vt 0.18750000 0.95911800
vt 0.18750000 0.95985600
vt 0.18750000 0.95985600
vt 0.18750000 0.97492700
vt 0.18750000 0.97492700
vt 0.18750000 0.97566500
vt 0.18750000 0.97566500
vt 0.15625000 0.95911800
vt 0.15625000 0.95911800
vt 0.15625000 0.95985600
vt 0.15625000 0.95985600
vt 0.15625000 0.97492700
vt 0.15625000 0.97492700
vt 0.15625000 0.97566500
vt 0.15625000 0.97566500
vt 0.12500000 0.95911800
vt 0.12500000 0.95911800
vt 0.12500000 0.95985600
vt 0.12500000 0.95985600
vt 0.12500000 0.97492600
vt 0.12500000 0.97492600
vt 0.12500000 0.97566500
vt 0.12500000 0.97566500
vt 0.09375000 0.95911800
vt 0.09375000 0.95911800
vt 0.09375000 0.95985600
vt 0.09375000 0.95985600
vt 0.09375000 0.97492600
vt 0.09375000 0.97492600
vt 0.09375000 0.97566500
vt 0.09375000 0.97566500
vt 0.06250000 0.95911800
vt 0.06250000 0.95911800
vt 0.06250000 0.95985600
vt 0.06250000 0.95985600
vt 0.06250000 0.97492600
vt 0.06250000 0.97492600
vt 0.06250000 0.97566500
vt 0.06250000 0.97566500
vt 0.03125000 0.95911800
vt 0.03125000 0.95911800
vt 0.03125000 0.95985600
vt 0.03125000 0.95985600
vt 0.03125000 0.97492700
vt 0.03125000 0.97492700
vt 0.03125000 0.97566500
vt 0.03125000 0.97566500
vt 0.06250000 0.72239800
vt 0.06250000 0.71598600
vt 0.09375000 0.71598600
vt 0.09375000 0.72239800
vt 0.12500000 0.72239800
vt 0.12500000 0.71598600
vt 0.15625000 0.71598600
vt 0.15625000 0.72239800
vt 0.18750000 0.72239800
vt 0.18750000 0.71598600
vt 0.21875000 0.71598600
vt 0.21875000 0.72239800
vt 0.25000000 0.72239800
vt 0.25000000 0.71598600
vt 0.28125000 0.71598600
vt 0.28125000 0.72239800
vt 0.31250000 0.72239800
vt 0.31250000 0.71598600
vt 0.34375000 0.71598600
vt 0.34375000 0.72239800
vt 0.37500000 0.72239800
vt 0.37500000 0.71598600
vt 0.40625000 0.71598600
vt 0.40625000 0.72239800
vt 0.43750000 0.72239800
vt 0.43750000 0.71598600
vt 0.46875000 0.71598600
vt 0.46875000 0.72239800
vt 0.50000000 0.72239800
vt 0.50000000 0.71598600
vt 0.53125000 0.71598600
vt 0.53125000 0.72239800
vt 0.56250000 0.72239800
vt 0.56250000 0.71598600
vt 0.59375000 0.71598600
vt 0.59375000 0.72239800
vt 0.62500000 0.72239800
vt 0.62500000 0.71598600
vt 0.65625000 0.71598600
vt 0.65625000 0.72239800
vt 0.68750000 0.72239800
vt 0.68750000 0.71598600
vt 0.71875000 0.71598600
vt 0.71875000 0.72239800
vt 0.75000000 0.72239800
vt 0.75000000 0.71598600
vt 0.78125000 0.71598600
vt 0.78125000 0.72239800
vt 0.81250000 0.72239800
vt 0.81250000 0.71598600
vt 0.84375000 0.71598600
vt 0.84375000 0.72239800
vt 0.87500000 0.72239800
vt 0.87500000 0.71598600
vt 0.90625000 0.71598600
vt 0.90625000 0.72239800
vt 0.93750000 0.72239800
vt 0.93750000 0.71598600
vt 0.96875000 0.72239800
vt 0.96875000 0.71598600
vt 1.00000000 0.71598600
vt 0.00000000 0.71598600
vt 0.00000000 0.72239800
vt 1.00000000 0.72239800
vt 0.03125000 0.71598600
vt 0.03125000 0.72239800
vt 0.53125000 0.71598600
vt 0.53125000 0.71598600
vt 0.53125000 0.71609100
vt 0.53125000 0.71609100
vt 0.53125000 0.72239800
vt 0.53125000 0.72239800
vt 0.53125000 0.72229300
vt 0.53125000 0.72229300
vt 0.50000000 0.72239800
vt 0.50000000 0.72239800
vt 0.50000000 0.72229300
vt 0.50000000 0.72229300
vt 0.50000000 0.71609100
vt 0.50000000 0.71609100
vt 0.50000000 0.71598600
vt 0.50000000 0.71598600
vt 0.59375000 0.71609100
vt 0.59375000 0.71609100
vt 0.59375000 0.71598600
vt 0.59375000 0.71598600
vt 0.59375000 0.72229300
vt 0.59375000 0.72229300
vt 0.59375000 0.72239800
vt 0.59375000 0.72239800
vt 0.56250000 0.72229300
vt 0.56250000 0.72229300
vt 0.56250000 0.72239800
vt 0.56250000 0.72239800
vt 0.56250000 0.71609100
vt 0.56250000 0.71609100
vt 0.56250000 0.71598600
vt 0.56250000 0.71598600
vt 0.65625000 0.71598600
vt 0.65625000 0.71598600
vt 0.65625000 0.71609100
vt 0.65625000 0.71609100
vt 0.65625000 0.72229300
vt 0.65625000 0.72229300
vt 0.65625000 0.72239800
vt 0.65625000 0.72239800
vt 0.62500000 0.72229300
vt 0.62500000 0.72229300
vt 0.62500000 0.72239800
vt 0.62500000 0.72239800
vt 0.62500000 0.71598600
vt 0.62500000 0.71598600
vt 0.62500000 0.71609100
vt 0.62500000 0.71609100
vt 0.71875000 0.71598600
vt 0.71875000 0.71598600
vt 0.71875000 0.71609100
vt 0.71875000 0.71609100
vt 0.71875000 0.72239800
vt 0.71875000 0.72239800
vt 0.71875000 0.72229300
vt 0.71875000 0.72229300
vt 0.68750000 0.72239800
vt 0.68750000 0.72239800
vt 0.68750000 0.72229300
vt 0.68750000 0.72229300
vt 0.68750000 0.71609100
vt 0.68750000 0.71609100
vt 0.68750000 0.71598600
vt 0.68750000 0.71598600
vt 0.78125000 0.71609100
vt 0.78125000 0.71609100
vt 0.78125000 0.71598600
vt 0.78125000 0.71598600
vt 0.78125000 0.72229300
vt 0.78125000 0.72229300
vt 0.78125000 0.72239800
vt 0.78125000 0.72239800
vt 0.75000000 0.72229300
vt 0.75000000 0.72229300
vt 0.75000000 0.72239800
vt 0.75000000 0.72239800
vt 0.75000000 0.71609100
vt 0.75000000 0.71609100
vt 0.75000000 0.71598600
vt 0.75000000 0.71598600
vt 0.84375000 0.71598600
vt 0.84375000 0.71598600
vt 0.84375000 0.71609100
vt 0.84375000 0.71609100
vt 0.84375000 0.72229300
vt 0.84375000 0.72229300
vt 0.84375000 0.72239800
vt 0.84375000 0.72239800
vt 0.81250000 0.72229300
vt 0.81250000 0.72229300
vt 0.81250000 0.72239800
vt 0.81250000 0.72239800
vt 0.81250000 0.71598600
vt 0.81250000 0.71598600
vt 0.81250000 0.71609100
vt 0.81250000 0.71609100
vt 0.90625000 0.71609100
vt 0.90625000 0.71609100
vt 0.90625000 0.71598600
vt 0.90625000 0.71598600
vt 0.90625000 0.72239800
vt 0.90625000 0.72239800
vt 0.90625000 0.72229300
vt 0.90625000 0.72229300
vt 0.87500000 0.72239800
vt 0.87500000 0.72239800
vt 0.87500000 0.72229300
vt 0.87500000 0.72229300
vt 0.87500000 0.71598600
vt 0.87500000 0.71598600
vt 0.87500000 0.71609100
vt 0.87500000 0.71609100
vt 0.93750000 0.72229300
vt 0.93750000 0.72229300
vt 0.93750000 0.72239800
vt 0.93750000 0.72239800
vt 0.93750000 0.71598600
vt 0.93750000 0.71598600
vt 0.93750000 0.71609100
vt 0.93750000 0.71609100
vt 0.03125000 0.71609100
vt 0.03125000 0.71609100
vt 0.03125000 0.71598600
vt 0.03125000 0.71598600
vt 0.03125000 0.72229300
vt 0.03125000 0.72229300
vt 0.03125000 0.72239800
vt 0.03125000 0.72239800
vt 0.09383700 1.00000000
vt 0.09383700 1.00000000
vt 0.09200000 1.00000000
vt 0.00000000 0.00000000
vt 0.00000000 0.00000000
vt 0.02663300 0.00000000
vt 0.02663300 0.00000000
vt 0.29548100 0.00000000
vt 0.29548100 0.00000000
vt 0.29812100 0.00000000
vt 0.00000000 0.00000000
vt 0.00000000 0.00000000
vt 0.02667000 0.00000000
vt 0.28151100 1.00000000
vt 0.27600000 1.00000000
vt 0.27600000 1.00000000
vt 0.46000000 1.00000000
vt 0.46000000 1.00000000
vt 0.46000000 1.00000000
vt 0.46688900 1.00000000
vt 0.46688900 1.00000000
vt 0.44055600 0.95773000
vt 0.44055600 0.95773000
vt 0.05412100 1.00000000
vt 0.05412100 1.00000000
vt 0.08397000 1.00000000
vt 0.00000000 1.00000000
vt 0.02672000 0.00000000
vt 0.00000000 0.00000000
vt 0.18400000 1.00000000
vt 0.18400000 1.00000000
vt 0.18767400 1.00000000
vt 0.29548100 0.00036500
vt 0.29812100 0.00000000
vt 0.29812100 0.00000000
vt 0.44718100 0.00000000
vt 0.44718100 0.00000000
vt 0.44718100 0.00148800
vt 0.44718100 0.00148800
vt 0.36800000 1.00000000
vt 0.37534800 1.00000000
vt 0.28151100 1.00000000
vt 0.27600000 1.00000000
vt 0.27600000 1.00000000
vt 0.00000000 0.00000000
vt 0.00000000 0.00000000
vt 0.02667000 0.00000000
vt 0.29548100 0.00000000
vt 0.29548100 0.00000000
vt 0.29812100 0.00000000
vt 0.02663300 0.00000000
vt 0.02663300 0.00000000
vt 0.00000000 0.00000000
vt 0.00000000 0.00000000
vt 0.09383700 1.00000000
vt 0.09383700 1.00000000
vt 0.09200000 1.00000000
vt 0.39347500 1.00000000
vt 0.41619500 1.00000000
vt 0.41619500 1.00000000
vt 0.36800000 1.00000000
vt 0.37534800 1.00000000
vt 0.08397000 1.00000000
vt 0.00000000 1.00000000
vt 0.00000000 1.00000000
vt 0.29812100 0.00000000
vt 0.29812100 0.00000000
vt 0.29812100 0.00000000
vt 0.02664200 0.00000000
vt 0.00000000 0.00000000
vt 0.29653700 0.00000000
vt 0.29812100 0.00000000
vt 0.29812100 0.00000000
vt 0.29812100 0.00000000
vt 0.29812100 0.00000000
vt 0.29614100 0.00000000
vt 0.29614100 0.00000000
vt 0.29812100 0.00100700
vt 0.29930700 0.00000000
vt 0.29930700 0.00000000
vt 0.29812100 0.00000000
vt 0.29812100 0.00000000
vt 0.29812100 0.00000000
vt 0.29812100 0.00000000
vt 0.18400000 1.00000000
vt 0.18400000 1.00000000
vt 0.18767400 1.00000000
vt 0.00000000 0.00000000
vt 0.02672000 0.00000000
vt 0.60586000 0.91690700
vt 0.67246500 1.00000000
vt 0.67246500 1.00000000
vt 0.54060100 1.00000000
vt 0.54060100 1.00000000
vt 0.53726800 1.00000000
vt 0.37999300 1.00000000
vt 0.37999300 1.00000000
vt 0.40507500 1.00000000
vt 0.40507500 1.00000000
vt 0.05412100 1.00000000
vt 0.05412100 1.00000000
vt 0.00000000 1.00000000
vt 0.08397000 1.00000000
vt 0.46918500 1.00000000
vt 0.46918500 1.00000000
vt 0.46000000 1.00000000
vt 0.46000000 1.00000000
vt 0.46000000 1.00000000
vt 0.44055600 0.95773000
vt 0.00000000 0.00000000
vt 0.00000000 0.00000000
vt 0.65480600 1.00000000
vt -0.06737500 -0.09587200
vt -0.06737500 -0.09587200
vt -0.06737500 -0.09587200
vt -0.06737500 -0.09587200
vt 0.63165600 0.00170400
vt 0.63165600 0.00170400
vt 0.63165600 0.00000000
vt 0.63165600 0.00000000
vt 0.65145900 0.00000000
vt 0.65145900 0.00116800
vt 0.56242700 0.00000000
vt 0.56242700 0.00000000
vt 0.56242600 0.00169300
vt 0.56242600 0.00169300
vt 0.54362900 0.00148900
vt 0.54396600 0.00000000
vt 0.54400500 0.00000000
vt 0.56247800 0.00000000
vt 0.56247800 0.00000000
vt 0.63165600 0.00000000
vt 0.65145900 0.00000000
vt 0.56236500 0.91398600
vt 0.56236500 0.91398600
vt 0.54363200 0.91112200
vt 0.63165600 0.91475000
vt 0.63165600 0.00000000
vt 0.63165600 0.00000000
vt 0.63165600 0.00172500
vt 0.63165600 0.00172500
vt 0.56242600 0.00171400
vt 0.56242600 0.00171400
vt 0.56242700 0.00000000
vt 0.56242700 0.00000000
vt 0.00000000 0.00000000
vt 0.02664200 0.00000000
vt 0.29812100 0.00000000
vt 0.29812100 0.00000000
vt 0.29653700 0.00000000
vt 0.29653700 0.00000000
vt 0.29812100 0.00000000
vt 0.29812100 0.00000000
vt 0.29812100 0.00000000
vt 0.29812100 0.00000000
vt 0.61478900 0.93010300
vt 0.67246500 1.00000000
vt 0.67246500 1.00000000
vt 0.53726800 1.00000000
vt 0.54060100 1.00000000
vt 0.54060100 1.00000000
vt 0.40507500 1.00000000
vt 0.40507500 1.00000000
vt 0.37999100 1.00000000
vt 0.37999100 1.00000000
vt -0.06737500 -0.09586800
vt -0.06737500 -0.09586800
vt 0.65480600 1.00000000
vt 0.00000000 0.00000000
vt 0.00000000 0.00000000
vt 0.65145900 0.00000000
vt 0.63165600 0.00000000
vt 0.63165600 0.00000000
vt 0.56242700 0.00000000
vt 0.56242700 0.00000000
vt 0.54391600 0.00000000
vt 0.54391600 0.00000000
vt 0.54386800 0.91115900
vt 0.56236500 0.91398600
vt 0.56236500 0.91398600
vt 0.65145900 0.92992200
vt 0.63165600 0.91503800
vt 0.63165600 0.91503800
vt 0.29812100 0.00000000
vt 0.29812100 0.00000000
vt 0.29812100 0.00000000
vt 0.29812100 0.00000000
vt 0.29812100 0.00000000
vt 0.29812100 0.00000000
vt 0.29812100 0.00000000
vt 0.29812100 0.00000000
vt 0.29812100 0.00000000
vt 0.29812100 0.00000000
vt 0.29812100 0.00000000
vt 0.29812100 0.00000000
vt 0.29812100 0.00000000
vt 0.29812100 0.00000000
vt 0.29812100 0.00000000
vt 0.29812100 0.00000000
vt 0.29812100 0.00000000
vt 0.29812100 0.00000000
vt 0.29812100 0.00000000
vt 0.29812100 0.00000000
vt 0.29812100 0.00000000
vt 0.29812100 0.00000000
vt 0.29812100 0.00000000
vt 0.29812100 0.00000000
vt 0.02937700 1.00000000
vt 0.00000000 1.00000000
vt 0.00000000 1.00000000
vt -0.00000000 0.88518900
vt -0.00000000 0.88518900
vt 0.02679500 0.88519000
vt 0.00739500 1.00000000
vt 0.00739500 1.00000000
vt 0.03741300 1.00000000
vt 0.03741300 1.00000000
vt 0.00703600 0.95757200
vt 0.00703600 0.95757200
vt 0.03597900 0.95758200
vt 0.02679500 0.88519000
vt 0.00000000 0.88519000
vt 0.00000000 0.88519000
vt 0.00000000 1.00000000
vt 0.00000000 1.00000000
vt 0.02937700 1.00000000
vt 0.00704000 0.95757200
vt 0.00704000 0.95757200
vt 0.03597900 0.95758200
vt 0.00739900 1.00000000
vt 0.00739900 1.00000000
vt 0.03741300 1.00000000
vt 0.00000000 0.00000000
vt 0.00000000 0.00000000
vt 0.00000000 0.00000000
vt 0.00000000 0.00000000
vt 0.00000000 0.00000000
vt 0.65480600 1.00000000
vt 0.00000000 0.00000000
vt 0.00000000 0.00000000
vt 0.00000000 0.00000000
vt 0.00000000 0.00000000
vt 0.00000000 0.00000000
vt 0.00000000 0.00000000
vt 0.00000000 0.00000000
vt 0.00000000 0.00000000
vt 0.65480600 1.00000000
vt 0.39912700 1.00000000
vt 0.41619500 1.00000000
vt 0.41619500 1.00000000
vt 0.47886100 0.96373500
vt 0.47886100 0.96373500
vt 0.49366000 0.96529200
vt 0.49366000 0.96529200
vt 0.43574700 1.00000000
vt 0.43574700 1.00000000
vt 0.42230100 1.00000000
vt 0.42230100 1.00000000
vt 0.34516700 0.99933000
vt 0.49370900 0.96525500
vt 0.49370900 0.96525500
vt 0.42202100 0.99083200
vt 0.48068600 0.96391000
vt 0.43574600 1.00000000
vt 0.43574600 1.00000000
vt 0.42429500 0.99694700
vt 0.37271000 1.02614200
f 18/18/18 19/19/19 316/316/316
f 316/316/316 315/315/315 18/18/18
f 33/33/33 104/104/104 224/224/224
f 224/224/224 1/1/1 33/33/33
f 29/29/29 116/116/116 112/112/112
f 112/112/112 30/30/30 29/29/29
f 27/27/27 124/124/124 120/120/120
f 120/120/120 28/28/28 27/27/27
f 25/25/25 132/132/132 128/128/128
f 128/128/128 26/26/26 25/25/25
f 23/23/23 140/140/140 136/136/136
f 136/136/136 24/24/24 23/23/23
f 21/21/21 148/148/148 144/144/144
f 144/144/144 22/22/22 21/21/21
f 19/19/19 156/156/156 152/152/152
f 152/152/152 20/20/20 19/19/19
f 17/17/17 164/164/164 160/160/160
f 160/160/160 18/18/18 17/17/17
f 15/15/15 172/172/172 168/168/168
f 168/168/168 16/16/16 15/15/15
f 13/13/13 180/180/180 176/176/176
f 176/176/176 14/14/14 13/13/13
f 11/11/11 188/188/188 184/184/184
f 184/184/184 12/12/12 11/11/11
f 9/9/9 196/196/196 192/192/192
f 192/192/192 10/10/10 9/9/9
f 7/7/7 204/204/204 200/200/200
f 200/200/200 8/8/8 7/7/7
f 5/5/5 212/212/212 208/208/208
f 208/208/208 6/6/6 5/5/5
f 3/3/3 220/220/220 216/216/216
f 216/216/216 4/4/4 3/3/3
f 4/4/4 216/216/216 212/212/212
f 212/212/212 5/5/5 4/4/4
f 6/6/6 208/208/208 204/204/204
f 204/204/204 7/7/7 6/6/6
f 8/8/8 200/200/200 196/196/196
f 196/196/196 9/9/9 8/8/8
f 10/10/10 192/192/192 188/188/188
f 188/188/188 11/11/11 10/10/10
f 12/12/12 184/184/184 180/180/180
f 180/180/180 13/13/13 12/12/12
f 14/14/14 176/176/176 172/172/172
f 172/172/172 15/15/15 14/14/14
f 16/16/16 168/168/168 164/164/164
f 164/164/164 17/17/17 16/16/16
f 18/18/18 160/160/160 156/156/156
f 156/156/156 19/19/19 18/18/18
f 20/20/20 152/152/152 148/148/148
f 148/148/148 21/21/21 20/20/20
f 22/22/22 144/144/144 140/140/140
f 140/140/140 23/23/23 22/22/22
f 24/24/24 136/136/136 132/132/132
f 132/132/132 25/25/25 24/24/24
f 26/26/26 128/128/128 124/124/124
f 124/124/124 27/27/27 26/26/26
f 28/28/28 120/120/120 116/116/116
f 116/116/116 29/29/29 28/28/28
f 30/30/30 112/112/112 108/108/108
f 108/108/108 31/31/31 30/30/30
f 32/32/32 100/100/100 104/104/104
f 104/104/104 33/33/33 32/32/32
f 2/2/2 225/225/225 220/220/220
f 220/220/220 3/3/3 2/2/2
f 234/234/234 294/294/294 226/226/226
f 226/226/226 107/107/107 234/234/234
f 107/107/107 226/226/226 229/229/229
f 229/229/229 106/106/106 107/107/107
f 106/106/106 229/229/229 231/231/231
f 231/231/231 105/105/105 106/106/106
f 105/105/105 231/231/231 224/224/224
f 224/224/224 104/104/104 105/105/105
f 295/295/295 292/292/292 221/221/221
f 221/221/221 227/227/227 295/295/295
f 227/227/227 221/221/221 222/222/222
f 222/222/222 228/228/228 227/227/227
f 228/228/228 222/222/222 223/223/223
f 223/223/223 230/230/230 228/228/228
f 230/230/230 223/223/223 220/220/220
f 220/220/220 225/225/225 230/230/230
f 232/232/232 234/234/234 107/107/107
f 107/107/107 103/103/103 232/232/232
f 236/236/236 232/232/232 103/103/103
f 103/103/103 109/109/109 236/236/236
f 103/103/103 107/107/107 106/106/106
f 106/106/106 102/102/102 103/103/103
f 102/102/102 106/106/106 105/105/105
f 105/105/105 101/101/101 102/102/102
f 101/101/101 105/105/105 104/104/104
f 104/104/104 100/100/100 101/101/101
f 238/238/238 236/236/236 109/109/109
f 109/109/109 115/115/115 238/238/238
f 115/115/115 109/109/109 110/110/110
f 110/110/110 114/114/114 115/115/115
f 114/114/114 110/110/110 111/111/111
f 111/111/111 113/113/113 114/114/114
f 113/113/113 111/111/111 108/108/108
f 108/108/108 112/112/112 113/113/113
f 242/242/242 240/240/240 117/117/117
f 117/117/117 123/123/123 242/242/242
f 123/123/123 117/117/117 118/118/118
f 118/118/118 122/122/122 123/123/123
f 122/122/122 118/118/118 119/119/119
f 119/119/119 121/121/121 122/122/122
f 121/121/121 119/119/119 116/116/116
f 116/116/116 120/120/120 121/121/121
f 246/246/246 244/244/244 125/125/125
f 125/125/125 131/131/131 246/246/246
f 131/131/131 125/125/125 126/126/126
f 126/126/126 130/130/130 131/131/131
f 130/130/130 126/126/126 127/127/127
f 127/127/127 129/129/129 130/130/130
f 129/129/129 127/127/127 124/124/124
f 124/124/124 128/128/128 129/129/129
f 250/250/250 248/248/248 133/133/133
f 133/133/133 139/139/139 250/250/250
f 139/139/139 133/133/133 134/134/134
f 134/134/134 138/138/138 139/139/139
f 138/138/138 134/134/134 135/135/135
f 135/135/135 137/137/137 138/138/138
f 137/137/137 135/135/135 132/132/132
f 132/132/132 136/136/136 137/137/137
f 254/254/254 252/252/252 141/141/141
f 141/141/141 147/147/147 254/254/254
f 147/147/147 141/141/141 142/142/142
f 142/142/142 146/146/146 147/147/147
f 146/146/146 142/142/142 143/143/143
f 143/143/143 145/145/145 146/146/146
f 145/145/145 143/143/143 140/140/140
f 140/140/140 144/144/144 145/145/145
f 258/258/258 256/256/256 149/149/149
f 149/149/149 155/155/155 258/258/258
f 155/155/155 149/149/149 150/150/150
f 150/150/150 154/154/154 155/155/155
f 154/154/154 150/150/150 151/151/151
f 151/151/151 153/153/153 154/154/154
f 153/153/153 151/151/151 148/148/148
f 148/148/148 152/152/152 153/153/153
f 262/262/262 260/260/260 157/157/157
f 157/157/157 163/163/163 262/262/262
f 163/163/163 157/157/157 158/158/158
f 158/158/158 162/162/162 163/163/163
f 162/162/162 158/158/158 159/159/159
f 159/159/159 161/161/161 162/162/162
f 161/161/161 159/159/159 156/156/156
f 156/156/156 160/160/160 161/161/161
f 266/266/266 264/264/264 165/165/165
f 165/165/165 171/171/171 266/266/266
f 171/171/171 165/165/165 166/166/166
f 166/166/166 170/170/170 171/171/171
f 170/170/170 166/166/166 167/167/167
f 167/167/167 169/169/169 170/170/170
f 169/169/169 167/167/167 164/164/164
f 164/164/164 168/168/168 169/169/169
f 270/270/270 268/268/268 173/173/173
f 173/173/173 179/179/179 270/270/270
f 179/179/179 173/173/173 174/174/174
f 174/174/174 178/178/178 179/179/179
f 178/178/178 174/174/174 175/175/175
f 175/175/175 177/177/177 178/178/178
f 177/177/177 175/175/175 172/172/172
f 172/172/172 176/176/176 177/177/177
f 274/274/274 272/272/272 181/181/181
f 181/181/181 187/187/187 274/274/274
f 187/187/187 181/181/181 182/182/182
f 182/182/182 186/186/186 187/187/187
f 186/186/186 182/182/182 183/183/183
f 183/183/183 185/185/185 186/186/186
f 185/185/185 183/183/183 180/180/180
f 180/180/180 184/184/184 185/185/185
f 278/278/278 276/276/276 189/189/189
f 189/189/189 195/195/195 278/278/278
f 195/195/195 189/189/189 190/190/190
f 190/190/190 194/194/194 195/195/195
f 194/194/194 190/190/190 191/191/191
f 191/191/191 193/193/193 194/194/194
f 193/193/193 191/191/191 188/188/188
f 188/188/188 192/192/192 193/193/193
f 282/282/282 280/280/280 197/197/197
f 197/197/197 203/203/203 282/282/282
f 203/203/203 197/197/197 198/198/198
f 198/198/198 202/202/202 203/203/203
f 202/202/202 198/198/198 199/199/199
f 199/199/199 201/201/201 202/202/202
f 201/201/201 199/199/199 196/196/196
f 196/196/196 200/200/200 201/201/201
f 286/286/286 284/284/284 205/205/205
f 205/205/205 211/211/211 286/286/286
f 211/211/211 205/205/205 206/206/206
f 206/206/206 210/210/210 211/211/211
f 210/210/210 206/206/206 207/207/207
f 207/207/207 209/209/209 210/210/210
f 209/209/209 207/207/207 204/204/204
f 204/204/204 208/208/208 209/209/209
f 290/290/290 288/288/288 213/213/213
f 213/213/213 219/219/219 290/290/290
f 219/219/219 213/213/213 214/214/214
f 214/214/214 218/218/218 219/219/219
f 218/218/218 214/214/214 215/215/215
f 215/215/215 217/217/217 218/218/218
f 217/217/217 215/215/215 212/212/212
f 212/212/212 216/216/216 217/217/217
f 292/292/292 290/290/290 219/219/219
f 219/219/219 221/221/221 292/292/292
f 221/221/221 219/219/219 218/218/218
f 218/218/218 222/222/222 221/221/221
f 222/222/222 218/218/218 217/217/217
f 217/217/217 223/223/223 222/222/222
f 223/223/223 217/217/217 216/216/216
f 216/216/216 220/220/220 223/223/223
f 288/288/288 286/286/286 211/211/211
f 211/211/211 213/213/213 288/288/288
f 213/213/213 211/211/211 210/210/210
f 210/210/210 214/214/214 213/213/213
f 214/214/214 210/210/210 209/209/209
f 209/209/209 215/215/215 214/214/214
f 215/215/215 209/209/209 208/208/208
f 208/208/208 212/212/212 215/215/215
f 284/284/284 282/282/282 203/203/203
f 203/203/203 205/205/205 284/284/284
f 205/205/205 203/203/203 202/202/202
f 202/202/202 206/206/206 205/205/205
f 206/206/206 202/202/202 201/201/201
f 201/201/201 207/207/207 206/206/206
f 207/207/207 201/201/201 200/200/200
f 200/200/200 204/204/204 207/207/207
f 280/280/280 278/278/278 195/195/195
f 195/195/195 197/197/197 280/280/280
f 197/197/197 195/195/195 194/194/194
f 194/194/194 198/198/198 197/197/197
f 198/198/198 194/194/194 193/193/193
f 193/193/193 199/199/199 198/198/198
f 199/199/199 193/193/193 192/192/192
f 192/192/192 196/196/196 199/199/199
f 276/276/276 274/274/274 187/187/187
f 187/187/187 189/189/189 276/276/276
f 189/189/189 187/187/187 186/186/186
f 186/186/186 190/190/190 189/189/189
f 190/190/190 186/186/186 185/185/185
f 185/185/185 191/191/191 190/190/190
f 191/191/191 185/185/185 184/184/184
f 184/184/184 188/188/188 191/191/191
f 272/272/272 270/270/270 179/179/179
f 179/179/179 181/181/181 272/272/272
f 181/181/181 179/179/179 178/178/178
f 178/178/178 182/182/182 181/181/181
f 182/182/182 178/178/178 177/177/177
f 177/177/177 183/183/183 182/182/182
f 183/183/183 177/177/177 176/176/176
f 176/176/176 180/180/180 183/183/183
f 268/268/268 266/266/266 171/171/171
f 171/171/171 173/173/173 268/268/268
f 173/173/173 171/171/171 170/170/170
f 170/170/170 174/174/174 173/173/173
f 174/174/174 170/170/170 169/169/169
f 169/169/169 175/175/175 174/174/174
f 175/175/175 169/169/169 168/168/168
f 168/168/168 172/172/172 175/175/175
f 264/264/264 262/262/262 163/163/163
f 163/163/163 165/165/165 264/264/264
f 165/165/165 163/163/163 162/162/162
f 162/162/162 166/166/166 165/165/165
f 166/166/166 162/162/162 161/161/161
f 161/161/161 167/167/167 166/166/166
f 167/167/167 161/161/161 160/160/160
f 160/160/160 164/164/164 167/167/167
f 260/260/260 258/258/258 155/155/155
f 155/155/155 157/157/157 260/260/260
f 157/157/157 155/155/155 154/154/154
f 154/154/154 158/158/158 157/157/157
f 158/158/158 154/154/154 153/153/153
f 153/153/153 159/159/159 158/158/158
f 159/159/159 153/153/153 152/152/152
f 152/152/152 156/156/156 159/159/159
f 256/256/256 254/254/254 147/147/147
f 147/147/147 149/149/149 256/256/256
f 149/149/149 147/147/147 146/146/146
f 146/146/146 150/150/150 149/149/149
f 150/150/150 146/146/146 145/145/145
f 145/145/145 151/151/151 150/150/150
f 151/151/151 145/145/145 144/144/144
f 144/144/144 148/148/148 151/151/151
f 252/252/252 250/250/250 139/139/139
f 139/139/139 141/141/141 252/252/252
f 141/141/141 139/139/139 138/138/138
f 138/138/138 142/142/142 141/141/141
f 142/142/142 138/138/138 137/137/137
f 137/137/137 143/143/143 142/142/142
f 143/143/143 137/137/137 136/136/136
f 136/136/136 140/140/140 143/143/143
f 248/248/248 246/246/246 131/131/131
f 131/131/131 133/133/133 248/248/248
f 133/133/133 131/131/131 130/130/130
f 130/130/130 134/134/134 133/133/133
f 134/134/134 130/130/130 129/129/129
f 129/129/129 135/135/135 134/134/134
f 135/135/135 129/129/129 128/128/128
f 128/128/128 132/132/132 135/135/135
f 244/244/244 242/242/242 123/123/123
f 123/123/123 125/125/125 244/244/244
f 125/125/125 123/123/123 122/122/122
f 122/122/122 126/126/126 125/125/125
f 126/126/126 122/122/122 121/121/121
f 121/121/121 127/127/127 126/126/126
f 127/127/127 121/121/121 120/120/120
f 120/120/120 124/124/124 127/127/127
f 240/240/240 238/238/238 115/115/115
f 115/115/115 117/117/117 240/240/240
f 117/117/117 115/115/115 114/114/114
f 114/114/114 118/118/118 117/117/117
f 118/118/118 114/114/114 113/113/113
f 113/113/113 119/119/119 118/118/118
f 119/119/119 113/113/113 112/112/112
f 112/112/112 116/116/116 119/119/119
f 109/109/109 103/103/103 102/102/102
f 102/102/102 110/110/110 109/109/109
f 110/110/110 102/102/102 101/101/101
f 101/101/101 111/111/111 110/110/110
f 111/111/111 101/101/101 100/100/100
f 100/100/100 108/108/108 111/111/111
f 31/31/31 108/108/108 100/100/100
f 100/100/100 32/32/32 31/31/31
f 294/294/294 234/234/234 235/235/235
f 235/235/235 297/297/297 294/294/294
f 292/292/292 295/295/295 296/296/296
f 296/296/296 293/293/293 292/292/292
f 234/234/234 232/232/232 233/233/233
f 233/233/233 235/235/235 234/234/234
f 236/236/236 238/238/238 239/239/239
f 239/239/239 237/237/237 236/236/236
f 240/240/240 242/242/242 243/243/243
f 243/243/243 241/241/241 240/240/240
f 244/244/244 246/246/246 247/247/247
f 247/247/247 245/245/245 244/244/244
f 248/248/248 250/250/250 251/251/251
f 251/251/251 249/249/249 248/248/248
f 252/252/252 254/254/254 255/255/255
f 255/255/255 253/253/253 252/252/252
f 256/256/256 258/258/258 259/259/259
f 259/259/259 257/257/257 256/256/256
f 260/260/260 262/262/262 263/263/263
f 263/263/263 261/261/261 260/260/260
f 264/264/264 266/266/266 267/267/267
f 267/267/267 265/265/265 264/264/264
f 268/268/268 270/270/270 271/271/271
f 271/271/271 269/269/269 268/268/268
f 272/272/272 274/274/274 275/275/275
f 275/275/275 273/273/273 272/272/272
f 276/276/276 278/278/278 279/279/279
f 279/279/279 277/277/277 276/276/276
f 280/280/280 282/282/282 283/283/283
f 283/283/283 281/281/281 280/280/280
f 284/284/284 286/286/286 287/287/287
f 287/287/287 285/285/285 284/284/284
f 288/288/288 290/290/290 291/291/291
f 291/291/291 289/289/289 288/288/288
f 290/290/290 292/292/292 293/293/293
f 293/293/293 291/291/291 290/290/290
f 286/286/286 288/288/288 289/289/289
f 289/289/289 287/287/287 286/286/286
f 282/282/282 284/284/284 285/285/285
f 285/285/285 283/283/283 282/282/282
f 278/278/278 280/280/280 281/281/281
f 281/281/281 279/279/279 278/278/278
f 274/274/274 276/276/276 277/277/277
f 277/277/277 275/275/275 274/274/274
f 270/270/270 272/272/272 273/273/273
f 273/273/273 271/271/271 270/270/270
f 266/266/266 268/268/268 269/269/269
f 269/269/269 267/267/267 266/266/266
f 262/262/262 264/264/264 265/265/265
f 265/265/265 263/263/263 262/262/262
f 258/258/258 260/260/260 261/261/261
f 261/261/261 259/259/259 258/258/258
f 254/254/254 256/256/256 257/257/257
f 257/257/257 255/255/255 254/254/254
f 250/250/250 252/252/252 253/253/253
f 253/253/253 251/251/251 250/250/250
f 246/246/246 248/248/248 249/249/249
f 249/249/249 247/247/247 246/246/246
f 242/242/242 244/244/244 245/245/245
f 245/245/245 243/243/243 242/242/242
f 238/238/238 240/240/240 241/241/241
f 241/241/241 239/239/239 238/238/238
f 232/232/232 236/236/236 237/237/237
f 237/237/237 233/233/233 232/232/232
f 368/368/368 371/371/371 443/443/443
f 443/443/443 442/442/442 368/368/368
f 25/25/25 26/26/26 323/323/323
f 323/323/323 322/322/322 25/25/25
f 5/5/5 6/6/6 303/303/303
f 303/303/303 302/302/302 5/5/5
f 32/32/32 33/33/33 330/330/330
f 330/330/330 329/329/329 32/32/32
f 12/12/12 13/13/13 310/310/310
f 310/310/310 309/309/309 12/12/12
f 19/19/19 20/20/20 317/317/317
f 317/317/317 316/316/316 19/19/19
f 26/26/26 27/27/27 324/324/324
f 324/324/324 323/323/323 26/26/26
f 6/6/6 7/7/7 304/304/304
f 304/304/304 303/303/303 6/6/6
f 33/33/33 1/1/1 299/299/299
f 299/299/299 330/330/330 33/33/33
f 13/13/13 14/14/14 311/311/311
f 311/311/311 310/310/310 13/13/13
f 20/20/20 21/21/21 318/318/318
f 318/318/318 317/317/317 20/20/20
f 27/27/27 28/28/28 325/325/325
f 325/325/325 324/324/324 27/27/27
f 7/7/7 8/8/8 305/305/305
f 305/305/305 304/304/304 7/7/7
f 14/14/14 15/15/15 312/312/312
f 312/312/312 311/311/311 14/14/14
f 21/21/21 22/22/22 319/319/319
f 319/319/319 318/318/318 21/21/21
f 28/28/28 29/29/29 326/326/326
f 326/326/326 325/325/325 28/28/28
f 8/8/8 9/9/9 306/306/306
f 306/306/306 305/305/305 8/8/8
f 15/15/15 16/16/16 313/313/313
f 313/313/313 312/312/312 15/15/15
f 22/22/22 23/23/23 320/320/320
f 320/320/320 319/319/319 22/22/22
f 2/2/2 3/3/3 300/300/300
f 300/300/300 298/298/298 2/2/2
f 29/29/29 30/30/30 327/327/327
f 327/327/327 326/326/326 29/29/29
f 9/9/9 10/10/10 307/307/307
f 307/307/307 306/306/306 9/9/9
f 16/16/16 17/17/17 314/314/314
f 314/314/314 313/313/313 16/16/16
f 23/23/23 24/24/24 321/321/321
f 321/321/321 320/320/320 23/23/23
f 3/3/3 4/4/4 301/301/301
f 301/301/301 300/300/300 3/3/3
f 30/30/30 31/31/31 328/328/328
f 328/328/328 327/327/327 30/30/30
f 10/10/10 11/11/11 308/308/308
f 308/308/308 307/307/307 10/10/10
f 17/17/17 18/18/18 315/315/315
f 315/315/315 314/314/314 17/17/17
f 24/24/24 25/25/25 322/322/322
f 322/322/322 321/321/321 24/24/24
f 4/4/4 5/5/5 302/302/302
f 302/302/302 301/301/301 4/4/4
f 31/31/31 32/32/32 329/329/329
f 329/329/329 328/328/328 31/31/31
f 11/11/11 12/12/12 309/309/309
f 309/309/309 308/308/308 11/11/11
f 377/377/377 380/380/380 446/446/446
f 446/446/446 445/445/445 377/377/377
f 410/410/410 413/413/413 457/457/457
f 457/457/457 456/456/456 410/410/410
f 371/371/371 374/374/374 444/444/444
f 444/444/444 443/443/443 371/371/371
f 413/413/413 416/416/416 458/458/458
f 458/458/458 457/457/457 413/413/413
f 311/311/311 312/312/312 373/373/373
f 373/373/373 370/370/370 311/311/311
f 416/416/416 419/419/419 459/459/459
f 459/459/459 458/458/458 416/416/416
f 374/374/374 377/377/377 445/445/445
f 445/445/445 444/444/444 374/374/374
f 419/419/419 422/422/422 460/460/460
f 460/460/460 459/459/459 419/419/419
f 380/380/380 383/383/383 447/447/447
f 447/447/447 446/446/446 380/380/380
f 338/338/338 341/341/341 433/433/433
f 433/433/433 432/432/432 338/338/338
f 422/422/422 425/425/425 461/461/461
f 461/461/461 460/460/460 422/422/422
f 383/383/383 386/386/386 448/448/448
f 448/448/448 447/447/447 383/383/383
f 344/344/344 347/347/347 435/435/435
f 435/435/435 434/434/434 344/344/344
f 425/425/425 428/428/428 462/462/462
f 462/462/462 461/461/461 425/425/425
f 386/386/386 389/389/389 449/449/449
f 449/449/449 448/448/448 386/386/386
f 347/347/347 350/350/350 436/436/436
f 436/436/436 435/435/435 347/347/347
f 389/389/389 392/392/392 450/450/450
f 450/450/450 449/449/449 389/389/389
f 350/350/350 353/353/353 437/437/437
f 437/437/437 436/436/436 350/350/350
f 392/392/392 395/395/395 451/451/451
f 451/451/451 450/450/450 392/392/392
f 353/353/353 356/356/356 438/438/438
f 438/438/438 437/437/437 353/353/353
f 298/298/298 300/300/300 337/337/337
f 337/337/337 334/334/334 298/298/298
f 395/395/395 398/398/398 452/452/452
f 452/452/452 451/451/451 395/395/395
f 356/356/356 359/359/359 439/439/439
f 439/439/439 438/438/438 356/356/356
f 398/398/398 401/401/401 453/453/453
f 453/453/453 452/452/452 398/398/398
f 359/359/359 362/362/362 440/440/440
f 440/440/440 439/439/439 359/359/359
f 401/401/401 404/404/404 454/454/454
f 454/454/454 453/453/453 401/401/401
f 362/362/362 365/365/365 441/441/441
f 441/441/441 440/440/440 362/362/362
f 404/404/404 407/407/407 455/455/455
f 455/455/455 454/454/454 404/404/404
f 365/365/365 368/368/368 442/442/442
f 442/442/442 441/441/441 365/365/365
f 407/407/407 410/410/410 456/456/456
f 456/456/456 455/455/455 407/407/407
f 428/428/428 332/332/332 430/430/430
f 430/430/430 462/462/462 428/428/428
f 325/325/325 326/326/326 415/415/415
f 415/415/415 412/412/412 325/325/325
f 312/312/312 313/313/313 376/376/376
f 376/376/376 373/373/373 312/312/312
f 330/330/330 299/299/299 333/333/333
f 333/333/333 427/427/427 330/330/330
f 326/326/326 327/327/327 418/418/418
f 418/418/418 415/415/415 326/326/326
f 313/313/313 314/314/314 379/379/379
f 379/379/379 376/376/376 313/313/313
f 300/300/300 301/301/301 340/340/340
f 340/340/340 337/337/337 300/300/300
f 327/327/327 328/328/328 421/421/421
f 421/421/421 418/418/418 327/327/327
f 314/314/314 315/315/315 382/382/382
f 382/382/382 379/379/379 314/314/314
f 301/301/301 302/302/302 343/343/343
f 343/343/343 340/340/340 301/301/301
f 328/328/328 329/329/329 424/424/424
f 424/424/424 421/421/421 328/328/328
f 315/315/315 316/316/316 385/385/385
f 385/385/385 382/382/382 315/315/315
f 302/302/302 303/303/303 346/346/346
f 346/346/346 343/343/343 302/302/302
f 329/329/329 330/330/330 427/427/427
f 427/427/427 424/424/424 329/329/329
f 316/316/316 317/317/317 388/388/388
f 388/388/388 385/385/385 316/316/316
f 303/303/303 304/304/304 349/349/349
f 349/349/349 346/346/346 303/303/303
f 341/341/341 344/344/344 434/434/434
f 434/434/434 433/433/433 341/341/341
f 317/317/317 318/318/318 391/391/391
f 391/391/391 388/388/388 317/317/317
f 304/304/304 305/305/305 352/352/352
f 352/352/352 349/349/349 304/304/304
f 318/318/318 319/319/319 394/394/394
f 394/394/394 391/391/391 318/318/318
f 305/305/305 306/306/306 355/355/355
f 355/355/355 352/352/352 305/305/305
f 319/319/319 320/320/320 397/397/397
f 397/397/397 394/394/394 319/319/319
f 306/306/306 307/307/307 358/358/358
f 358/358/358 355/355/355 306/306/306
f 320/320/320 321/321/321 400/400/400
f 400/400/400 397/397/397 320/320/320
f 307/307/307 308/308/308 361/361/361
f 361/361/361 358/358/358 307/307/307
f 321/321/321 322/322/322 403/403/403
f 403/403/403 400/400/400 321/321/321
f 308/308/308 309/309/309 364/364/364
f 364/364/364 361/361/361 308/308/308
f 322/322/322 323/323/323 406/406/406
f 406/406/406 403/403/403 322/322/322
f 309/309/309 310/310/310 367/367/367
f 367/367/367 364/364/364 309/309/309
f 323/323/323 324/324/324 409/409/409
f 409/409/409 406/406/406 323/323/323
f 310/310/310 311/311/311 370/370/370
f 370/370/370 367/367/367 310/310/310
f 324/324/324 325/325/325 412/412/412
f 412/412/412 409/409/409 324/324/324
f 334/334/334 337/337/337 339/339/339
f 339/339/339 335/335/335 334/334/334
f 335/335/335 339/339/339 338/338/338
f 338/338/338 331/331/331 335/335/335
f 337/337/337 340/340/340 342/342/342
f 342/342/342 339/339/339 337/337/337
f 339/339/339 342/342/342 341/341/341
f 341/341/341 338/338/338 339/339/339
f 340/340/340 343/343/343 345/345/345
f 345/345/345 342/342/342 340/340/340
f 342/342/342 345/345/345 344/344/344
f 344/344/344 341/341/341 342/342/342
f 343/343/343 346/346/346 348/348/348
f 348/348/348 345/345/345 343/343/343
f 345/345/345 348/348/348 347/347/347
f 347/347/347 344/344/344 345/345/345
f 346/346/346 349/349/349 351/351/351
f 351/351/351 348/348/348 346/346/346
f 348/348/348 351/351/351 350/350/350
f 350/350/350 347/347/347 348/348/348
f 349/349/349 352/352/352 354/354/354
f 354/354/354 351/351/351 349/349/349
f 351/351/351 354/354/354 353/353/353
f 353/353/353 350/350/350 351/351/351
f 352/352/352 355/355/355 357/357/357
f 357/357/357 354/354/354 352/352/352
f 354/354/354 357/357/357 356/356/356
f 356/356/356 353/353/353 354/354/354
f 355/355/355 358/358/358 360/360/360
f 360/360/360 357/357/357 355/355/355
f 357/357/357 360/360/360 359/359/359
f 359/359/359 356/356/356 357/357/357
f 358/358/358 361/361/361 363/363/363
f 363/363/363 360/360/360 358/358/358
f 360/360/360 363/363/363 362/362/362
f 362/362/362 359/359/359 360/360/360
f 361/361/361 364/364/364 366/366/366
f 366/366/366 363/363/363 361/361/361
f 363/363/363 366/366/366 365/365/365
f 365/365/365 362/362/362 363/363/363
f 364/364/364 367/367/367 369/369/369
f 369/369/369 366/366/366 364/364/364
f 366/366/366 369/369/369 368/368/368
f 368/368/368 365/365/365 366/366/366
f 367/367/367 370/370/370 372/372/372
f 372/372/372 369/369/369 367/367/367
f 369/369/369 372/372/372 371/371/371
f 371/371/371 368/368/368 369/369/369
f 370/370/370 373/373/373 375/375/375
f 375/375/375 372/372/372 370/370/370
f 372/372/372 375/375/375 374/374/374
f 374/374/374 371/371/371 372/372/372
f 373/373/373 376/376/376 378/378/378
f 378/378/378 375/375/375 373/373/373
f 375/375/375 378/378/378 377/377/377
f 377/377/377 374/374/374 375/375/375
f 376/376/376 379/379/379 381/381/381
f 381/381/381 378/378/378 376/376/376
f 378/378/378 381/381/381 380/380/380
f 380/380/380 377/377/377 378/378/378
f 379/379/379 382/382/382 384/384/384
f 384/384/384 381/381/381 379/379/379
f 381/381/381 384/384/384 383/383/383
f 383/383/383 380/380/380 381/381/381
f 382/382/382 385/385/385 387/387/387
f 387/387/387 384/384/384 382/382/382
f 384/384/384 387/387/387 386/386/386
f 386/386/386 383/383/383 384/384/384
f 385/385/385 388/388/388 390/390/390
f 390/390/390 387/387/387 385/385/385
f 387/387/387 390/390/390 389/389/389
f 389/389/389 386/386/386 387/387/387
f 388/388/388 391/391/391 393/393/393
f 393/393/393 390/390/390 388/388/388
f 390/390/390 393/393/393 392/392/392
f 392/392/392 389/389/389 390/390/390
f 391/391/391 394/394/394 396/396/396
f 396/396/396 393/393/393 391/391/391
f 393/393/393 396/396/396 395/395/395
f 395/395/395 392/392/392 393/393/393
f 394/394/394 397/397/397 399/399/399
f 399/399/399 396/396/396 394/394/394
f 396/396/396 399/399/399 398/398/398
f 398/398/398 395/395/395 396/396/396
f 397/397/397 400/400/400 402/402/402
f 402/402/402 399/399/399 397/397/397
f 399/399/399 402/402/402 401/401/401
f 401/401/401 398/398/398 399/399/399
f 400/400/400 403/403/403 405/405/405
f 405/405/405 402/402/402 400/400/400
f 402/402/402 405/405/405 404/404/404
f 404/404/404 401/401/401 402/402/402
f 403/403/403 406/406/406 408/408/408
f 408/408/408 405/405/405 403/403/403
f 405/405/405 408/408/408 407/407/407
f 407/407/407 404/404/404 405/405/405
f 406/406/406 409/409/409 411/411/411
f 411/411/411 408/408/408 406/406/406
f 408/408/408 411/411/411 410/410/410
f 410/410/410 407/407/407 408/408/408
f 409/409/409 412/412/412 414/414/414
f 414/414/414 411/411/411 409/409/409
f 411/411/411 414/414/414 413/413/413
f 413/413/413 410/410/410 411/411/411
f 412/412/412 415/415/415 417/417/417
f 417/417/417 414/414/414 412/412/412
f 414/414/414 417/417/417 416/416/416
f 416/416/416 413/413/413 414/414/414
f 415/415/415 418/418/418 420/420/420
f 420/420/420 417/417/417 415/415/415
f 417/417/417 420/420/420 419/419/419
f 419/419/419 416/416/416 417/417/417
f 418/418/418 421/421/421 423/423/423
f 423/423/423 420/420/420 418/418/418
f 420/420/420 423/423/423 422/422/422
f 422/422/422 419/419/419 420/420/420
f 421/421/421 424/424/424 426/426/426
f 426/426/426 423/423/423 421/421/421
f 423/423/423 426/426/426 425/425/425
f 425/425/425 422/422/422 423/423/423
f 424/424/424 427/427/427 429/429/429
f 429/429/429 426/426/426 424/424/424
f 426/426/426 429/429/429 428/428/428
f 428/428/428 425/425/425 426/426/426
f 427/427/427 333/333/333 336/336/336
f 336/336/336 429/429/429 427/427/427
f 429/429/429 336/336/336 332/332/332
f 332/332/332 428/428/428 429/429/429
f 331/331/331 338/338/338 432/432/432
f 432/432/432 431/431/431 331/331/331
f 478/478/478 466/466/466 517/517/517
f 517/517/517 528/528/528 478/478/478
f 529/529/529 516/516/516 519/519/519
f 519/519/519 530/530/530 529/529/529
f 531/531/531 518/518/518 508/508/508
f 508/508/508 490/490/490 531/531/531
f 477/477/477 478/478/478 471/471/471
f 471/471/471 474/474/474 477/477/477
f 531/531/531 490/490/490 491/491/491
f 491/491/491 522/522/522 531/531/531
f 468/468/468 502/502/502 509/509/509
f 509/509/509 497/497/497 468/468/468
f 504/504/504 503/503/503 515/515/515
f 515/515/515 514/514/514 504/504/504
f 529/529/529 530/530/530 523/523/523
f 523/523/523 524/524/524 529/529/529
f 478/478/478 528/528/528 525/525/525
f 525/525/525 471/471/471 478/478/478
f 477/477/477 463/463/463 466/466/466
f 466/466/466 478/478/478 477/477/477
f 573/573/573 468/468/468 497/497/497
f 497/497/497 569/569/569 573/573/573
f 497/497/497 509/509/509 512/512/512
f 512/512/512 506/506/506 497/497/497
f 515/515/515 505/505/505 513/513/513
f 513/513/513 514/514/514 515/515/515
f 531/531/531 522/522/522 523/523/523
f 523/523/523 530/530/530 531/531/531
f 525/525/525 528/528/528 529/529/529
f 529/529/529 524/524/524 525/525/525
f 516/516/516 529/529/529 528/528/528
f 528/528/528 517/517/517 516/516/516
f 530/530/530 519/519/519 518/518/518
f 518/518/518 531/531/531 530/530/530
f 568/568/568 549/549/549 551/551/551
f 551/551/551 582/582/582 568/568/568
f 537/537/537 564/564/564 579/579/579
f 579/579/579 540/540/540 537/537/537
f 536/536/536 542/542/542 544/544/544
f 544/544/544 538/538/538 536/536/536
f 538/538/538 544/544/544 543/543/543
f 543/543/543 539/539/539 538/538/538
f 539/539/539 543/543/543 541/541/541
f 541/541/541 537/537/537 539/539/539
f 549/549/549 532/532/532 534/534/534
f 534/534/534 551/551/551 549/549/549
f 551/551/551 534/534/534 535/535/535
f 535/535/535 553/553/553 551/551/551
f 553/553/553 535/535/535 533/533/533
f 533/533/533 550/550/550 553/553/553
f 555/555/555 554/554/554 559/559/559
f 559/559/559 561/561/561 555/555/555
f 557/557/557 565/565/565 554/554/554
f 554/554/554 555/555/555 557/557/557
f 498/498/498 499/499/499 566/566/566
f 566/566/566 556/556/556 498/498/498
f 511/511/511 510/510/510 562/562/562
f 562/562/562 560/560/560 511/511/511
f 569/569/569 497/497/497 506/506/506
f 506/506/506 576/576/576 569/569/569
f 554/554/554 565/565/565 572/572/572
f 572/572/572 570/570/570 554/554/554
f 573/573/573 569/569/569 570/570/570
f 570/570/570 572/572/572 573/573/573
f 569/569/569 576/576/576 577/577/577
f 577/577/577 570/570/570 569/569/569
f 559/559/559 554/554/554 570/570/570
f 570/570/570 577/577/577 559/559/559
f 1196/1196/1196 1198/1198/1198 1201/1201/1201
f 1202/1202/1202 1204/1204/1204 1205/1205/1205
f 1252/1252/1252 1255/1255/1255 1256/1256/1256
f 1256/1256/1256 1257/1257/1257 1252/1252/1252
f 1278/1278/1278 1280/1280/1280 1281/1281/1281
f 1283/1283/1283 1284/1284/1284 1287/1287/1287
f 1296/1296/1296 1298/1298/1298 1299/1299/1299
f 1299/1299/1299 1300/1300/1300 1296/1296/1296
f 1301/1301/1301 1303/1303/1303 1305/1305/1305
f 1305/1305/1305 1306/1306/1306 1301/1301/1301
f 684/684/684 694/694/694 696/696/696
f 696/696/696 681/681/681 684/684/684
f 1150/1150/1150 1167/1167/1167 1170/1170/1170
f 1170/1170/1170 1148/1148/1148 1150/1150/1150
f 1126/1126/1126 1104/1104/1104 1105/1105/1105
f 1105/1105/1105 1124/1124/1124 1126/1126/1126
f 1077/1077/1077 1055/1055/1055 1057/1057/1057
f 1057/1057/1057 1076/1076/1076 1077/1077/1077
f 608/608/608 626/626/626 627/627/627
f 627/627/627 605/605/605 608/608/608
f 656/656/656 674/674/674 675/675/675
f 675/675/675 654/654/654 656/656/656
f 1178/1178/1178 706/706/706 711/711/711
f 711/711/711 1176/1176/1176 1178/1178/1178
f 1118/1118/1118 1144/1144/1144 1145/1145/1145
f 1145/1145/1145 1115/1115/1115 1118/1118/1118
f 1070/1070/1070 1095/1095/1095 1098/1098/1098
f 1098/1098/1098 1067/1067/1067 1070/1070/1070
f 615/615/615 585/585/585 587/587/587
f 587/587/587 614/614/614 615/615/615
f 663/663/663 633/633/633 636/636/636
f 636/636/636 662/662/662 663/663/663
f 1173/1173/1173 684/684/684 681/681/681
f 681/681/681 1171/1171/1171 1173/1173/1173
f 1144/1144/1144 1132/1132/1132 1134/1134/1134
f 1134/1134/1134 1145/1145/1145 1144/1144/1144
f 1121/1121/1121 1126/1126/1126 1124/1124/1124
f 1124/1124/1124 1120/1120/1120 1121/1121/1121
f 1095/1095/1095 1083/1083/1083 1086/1086/1086
f 1086/1086/1086 1098/1098/1098 1095/1095/1095
f 1074/1074/1074 1077/1077/1077 1076/1076/1076
f 1076/1076/1076 1071/1071/1071 1074/1074/1074
f 585/585/585 598/598/598 599/599/599
f 599/599/599 587/587/587 585/585/585
f 611/611/611 608/608/608 605/605/605
f 605/605/605 609/609/609 611/611/611
f 633/633/633 645/645/645 647/647/647
f 647/647/647 636/636/636 633/633/633
f 660/660/660 656/656/656 654/654/654
f 654/654/654 657/657/657 660/660/660
f 727/727/727 981/981/981 984/984/984
f 984/984/984 723/723/723 727/727/727
f 980/980/980 730/730/730 735/735/735
f 735/735/735 978/978/978 980/980/980
f 981/981/981 974/974/974 975/975/975
f 975/975/975 984/984/984 981/981/981
f 971/971/971 980/980/980 978/978/978
f 978/978/978 969/969/969 971/971/971
f 974/974/974 966/966/966 967/967/967
f 967/967/967 975/975/975 974/974/974
f 963/963/963 971/971/971 969/969/969
f 969/969/969 961/961/961 963/963/963
f 966/966/966 958/958/958 960/960/960
f 960/960/960 967/967/967 966/966/966
f 956/956/956 963/963/963 961/961/961
f 961/961/961 953/953/953 956/956/956
f 958/958/958 949/949/949 952/952/952
f 952/952/952 960/960/960 958/958/958
f 948/948/948 956/956/956 953/953/953
f 953/953/953 946/946/946 948/948/948
f 949/949/949 941/941/941 944/944/944
f 944/944/944 952/952/952 949/949/949
f 940/940/940 948/948/948 946/946/946
f 946/946/946 937/937/937 940/940/940
f 941/941/941 933/933/933 936/936/936
f 936/936/936 944/944/944 941/941/941
f 932/932/932 940/940/940 937/937/937
f 937/937/937 929/929/929 932/932/932
f 933/933/933 925/925/925 928/928/928
f 928/928/928 936/936/936 933/933/933
f 924/924/924 932/932/932 929/929/929
f 929/929/929 921/921/921 924/924/924
f 925/925/925 917/917/917 920/920/920
f 920/920/920 928/928/928 925/925/925
f 916/916/916 924/924/924 921/921/921
f 921/921/921 913/913/913 916/916/916
f 917/917/917 909/909/909 912/912/912
f 912/912/912 920/920/920 917/917/917
f 908/908/908 916/916/916 913/913/913
f 913/913/913 906/906/906 908/908/908
f 909/909/909 901/901/901 904/904/904
f 904/904/904 912/912/912 909/909/909
f 900/900/900 908/908/908 906/906/906
f 906/906/906 898/898/898 900/900/900
f 901/901/901 893/893/893 895/895/895
f 895/895/895 904/904/904 901/901/901
f 892/892/892 900/900/900 898/898/898
f 898/898/898 889/889/889 892/892/892
f 893/893/893 886/886/886 887/887/887
f 887/887/887 895/895/895 893/893/893
f 883/883/883 892/892/892 889/889/889
f 889/889/889 882/882/882 883/883/883
f 886/886/886 878/878/878 879/879/879
f 879/879/879 887/887/887 886/886/886
f 875/875/875 883/883/883 882/882/882
f 882/882/882 874/874/874 875/875/875
f 878/878/878 870/870/870 871/871/871
f 871/871/871 879/879/879 878/878/878
f 867/867/867 875/875/875 874/874/874
f 874/874/874 866/866/866 867/867/867
f 870/870/870 862/862/862 863/863/863
f 863/863/863 871/871/871 870/870/870
f 859/859/859 867/867/867 866/866/866
f 866/866/866 858/858/858 859/859/859
f 862/862/862 854/854/854 855/855/855
f 855/855/855 863/863/863 862/862/862
f 851/851/851 859/859/859 858/858/858
f 858/858/858 850/850/850 851/851/851
f 854/854/854 846/846/846 847/847/847
f 847/847/847 855/855/855 854/854/854
f 843/843/843 851/851/851 850/850/850
f 850/850/850 841/841/841 843/843/843
f 846/846/846 837/837/837 839/839/839
f 839/839/839 847/847/847 846/846/846
f 835/835/835 843/843/843 841/841/841
f 841/841/841 833/833/833 835/835/835
f 837/837/837 829/829/829 832/832/832
f 832/832/832 839/839/839 837/837/837
f 828/828/828 835/835/835 833/833/833
f 833/833/833 825/825/825 828/828/828
f 829/829/829 821/821/821 824/824/824
f 824/824/824 832/832/832 829/829/829
f 820/820/820 828/828/828 825/825/825
f 825/825/825 817/817/817 820/820/820
f 821/821/821 813/813/813 816/816/816
f 816/816/816 824/824/824 821/821/821
f 812/812/812 820/820/820 817/817/817
f 817/817/817 810/810/810 812/812/812
f 813/813/813 805/805/805 807/807/807
f 807/807/807 816/816/816 813/813/813
f 804/804/804 812/812/812 810/810/810
f 810/810/810 802/802/802 804/804/804
f 805/805/805 798/798/798 799/799/799
f 799/799/799 807/807/807 805/805/805
f 795/795/795 804/804/804 802/802/802
f 802/802/802 794/794/794 795/795/795
f 798/798/798 789/789/789 791/791/791
f 791/791/791 799/799/799 798/798/798
f 788/788/788 795/795/795 794/794/794
f 794/794/794 786/786/786 788/788/788
f 789/789/789 782/782/782 783/783/783
f 783/783/783 791/791/791 789/789/789
f 779/779/779 788/788/788 786/786/786
f 786/786/786 778/778/778 779/779/779
f 782/782/782 773/773/773 775/775/775
f 775/775/775 783/783/783 782/782/782
f 772/772/772 779/779/779 778/778/778
f 778/778/778 770/770/770 772/772/772
f 773/773/773 765/765/765 768/768/768
f 768/768/768 775/775/775 773/773/773
f 764/764/764 772/772/772 770/770/770
f 770/770/770 762/762/762 764/764/764
f 765/765/765 757/757/757 759/759/759
f 759/759/759 768/768/768 765/765/765
f 756/756/756 764/764/764 762/762/762
f 762/762/762 753/753/753 756/756/756
f 757/757/757 749/749/749 752/752/752
f 752/752/752 759/759/759 757/757/757
f 747/747/747 756/756/756 753/753/753
f 753/753/753 746/746/746 747/747/747
f 749/749/749 741/741/741 743/743/743
f 743/743/743 752/752/752 749/749/749
f 740/740/740 747/747/747 746/746/746
f 746/746/746 738/738/738 740/740/740
f 741/741/741 725/725/725 722/722/722
f 722/722/722 743/743/743 741/741/741
f 732/732/732 740/740/740 738/738/738
f 738/738/738 733/733/733 732/732/732
f 707/707/707 701/701/701 703/703/703
f 703/703/703 709/709/709 707/707/707
f 1165/1165/1165 1152/1152/1152 1154/1154/1154
f 1154/1154/1154 1163/1163/1163 1165/1165/1165
f 1141/1141/1141 1121/1121/1121 1120/1120/1120
f 1120/1120/1120 1139/1139/1139 1141/1141/1141
f 700/700/700 716/716/716 717/717/717
f 717/717/717 698/698/698 700/700/700
f 691/691/691 686/686/686 688/688/688
f 688/688/688 689/689/689 691/691/691
f 674/674/674 669/669/669 671/671/671
f 671/671/671 675/675/675 674/674/674
f 1094/1094/1094 1074/1074/1074 1071/1071/1071
f 1071/1071/1071 1092/1092/1092 1094/1094/1094
f 591/591/591 611/611/611 609/609/609
f 609/609/609 589/589/589 591/591/591
f 651/651/651 663/663/663 662/662/662
f 662/662/662 649/649/649 651/651/651
f 639/639/639 660/660/660 657/657/657
f 657/657/657 638/638/638 639/639/639
f 686/686/686 1178/1178/1178 1176/1176/1176
f 1176/1176/1176 688/688/688 686/686/686
f 626/626/626 622/622/622 624/624/624
f 624/624/624 627/627/627 626/626/626
f 701/701/701 1165/1165/1165 1163/1163/1163
f 1163/1163/1163 703/703/703 701/701/701
f 603/603/603 615/615/615 614/614/614
f 614/614/614 601/601/601 603/603/603
f 1055/1055/1055 1059/1059/1059 1061/1061/1061
f 1061/1061/1061 1057/1057/1057 1055/1055/1055
f 1065/1065/1065 1051/1051/1051 1054/1054/1054
f 1054/1054/1054 1063/1063/1063 1065/1065/1065
f 596/596/596 591/591/591 589/589/589
f 589/589/589 593/593/593 596/596/596
f 1081/1081/1081 1070/1070/1070 1067/1067/1067
f 1067/1067/1067 1080/1080/1080 1081/1081/1081
f 620/620/620 629/629/629 632/632/632
f 632/632/632 618/618/618 620/620/620
f 1090/1090/1090 1094/1094/1094 1092/1092/1092
f 1092/1092/1092 1087/1087/1087 1090/1090/1090
f 643/643/643 639/639/639 638/638/638
f 638/638/638 641/641/641 643/643/643
f 1104/1104/1104 1108/1108/1108 1110/1110/1110
f 1110/1110/1110 1105/1105/1105 1104/1104/1104
f 668/668/668 678/678/678 679/679/679
f 679/679/679 666/666/666 668/668/668
f 1114/1114/1114 1100/1100/1100 1102/1102/1102
f 1102/1102/1102 1112/1112/1112 1114/1114/1114
f 1132/1132/1132 1160/1160/1160 1161/1161/1161
f 1161/1161/1161 1134/1134/1134 1132/1132/1132
f 1130/1130/1130 1118/1118/1118 1115/1115/1115
f 1115/1115/1115 1128/1128/1128 1130/1130/1130
f 1083/1083/1083 1114/1114/1114 1112/1112/1112
f 1112/1112/1112 1086/1086/1086 1083/1083/1083
f 1138/1138/1138 1141/1141/1141 1139/1139/1139
f 1139/1139/1139 1136/1136/1136 1138/1138/1138
f 598/598/598 1065/1065/1065 1063/1063/1063
f 1063/1063/1063 599/599/599 598/598/598
f 1152/1152/1152 1155/1155/1155 1157/1157/1157
f 1157/1157/1157 1154/1154/1154 1152/1152/1152
f 645/645/645 620/620/620 618/618/618
f 618/618/618 647/647/647 645/645/645
f 1160/1160/1160 1150/1150/1150 1148/1148/1148
f 1148/1148/1148 1161/1161/1161 1160/1160/1160
f 694/694/694 668/668/668 666/666/666
f 666/666/666 696/696/696 694/694/694
f 1167/1167/1167 700/700/700 698/698/698
f 698/698/698 1170/1170/1170 1167/1167/1167
f 714/714/714 1173/1173/1173 1171/1171/1171
f 1171/1171/1171 720/720/720 714/714/714
f 669/669/669 691/691/691 689/689/689
f 689/689/689 671/671/671 669/669/669
f 678/678/678 651/651/651 649/649/649
f 649/649/649 679/679/679 678/678/678
f 622/622/622 643/643/643 641/641/641
f 641/641/641 624/624/624 622/622/622
f 629/629/629 603/603/603 601/601/601
f 601/601/601 632/632/632 629/629/629
f 1059/1059/1059 596/596/596 593/593/593
f 593/593/593 1061/1061/1061 1059/1059/1059
f 1051/1051/1051 1081/1081/1081 1080/1080/1080
f 1080/1080/1080 1054/1054/1054 1051/1051/1051
f 1108/1108/1108 1090/1090/1090 1087/1087/1087
f 1087/1087/1087 1110/1110/1110 1108/1108/1108
f 1100/1100/1100 1130/1130/1130 1128/1128/1128
f 1128/1128/1128 1102/1102/1102 1100/1100/1100
f 1155/1155/1155 1138/1138/1138 1136/1136/1136
f 1136/1136/1136 1157/1157/1157 1155/1155/1155
f 1444/1444/1444 1426/1426/1426 1428/1428/1428
f 1428/1428/1428 1442/1442/1442 1444/1444/1444
f 1442/1442/1442 1439/1439/1439 1441/1441/1441
f 1441/1441/1441 1444/1444/1444 1442/1442/1442
f 1342/1342/1342 1337/1337/1337 1338/1338/1338
f 1338/1338/1338 1341/1341/1341 1342/1342/1342
f 1325/1325/1325 1185/1185/1185 1182/1182/1182
f 1182/1182/1182 1324/1324/1324 1325/1325/1325
f 1235/1235/1235 1204/1204/1204 1202/1202/1202
f 1202/1202/1202 1234/1234/1234 1235/1235/1235
f 1221/1221/1221 1208/1208/1208 1210/1210/1210
f 1210/1210/1210 1220/1220/1220 1221/1221/1221
f 1212/1212/1212 1215/1215/1215 1217/1217/1217
f 1217/1217/1217 1211/1211/1211 1212/1212/1212
f 1196/1196/1196 1218/1218/1218 1219/1219/1219
f 1219/1219/1219 1198/1198/1198 1196/1196/1196
f 1218/1218/1218 1221/1221/1221 1220/1220/1220
f 1220/1220/1220 1219/1219/1219 1218/1218/1218
f 1268/1268/1268 1289/1289/1289 1292/1292/1292
f 1292/1292/1292 1270/1270/1270 1268/1268/1268
f 1207/1207/1207 1224/1224/1224 1225/1225/1225
f 1225/1225/1225 1206/1206/1206 1207/1207/1207
f 1228/1228/1228 1212/1212/1212 1211/1211/1211
f 1211/1211/1211 1226/1226/1226 1228/1228/1228
f 1248/1248/1248 1231/1231/1231 1230/1230/1230
f 1230/1230/1230 1247/1247/1247 1248/1248/1248
f 1251/1251/1251 1228/1228/1228 1226/1226/1226
f 1226/1226/1226 1249/1249/1249 1251/1251/1251
f 1208/1208/1208 1235/1235/1235 1234/1234/1234
f 1234/1234/1234 1210/1210/1210 1208/1208/1208
f 1328/1328/1328 1187/1187/1187 1188/1188/1188
f 1188/1188/1188 1326/1326/1326 1328/1328/1328
f 1288/1288/1288 1417/1417/1417 1419/1419/1419
f 1419/1419/1419 1294/1294/1294 1288/1288/1288
f 1187/1187/1187 1255/1255/1255 1252/1252/1252
f 1252/1252/1252 1188/1188/1188 1187/1187/1187
f 1204/1204/1204 1241/1241/1241 1243/1243/1243
f 1243/1243/1243 1205/1205/1205 1204/1204/1204
f 1261/1261/1261 1244/1244/1244 1245/1245/1245
f 1245/1245/1245 1260/1260/1260 1261/1261/1261
f 1224/1224/1224 1248/1248/1248 1247/1247/1247
f 1247/1247/1247 1225/1225/1225 1224/1224/1224
f 1240/1240/1240 1192/1192/1192 1194/1194/1194
f 1194/1194/1194 1239/1239/1239 1240/1240/1240
f 1283/1283/1283 1240/1240/1240 1239/1239/1239
f 1239/1239/1239 1284/1284/1284 1283/1283/1283
f 1335/1335/1335 1344/1344/1344 1347/1347/1347
f 1347/1347/1347 1334/1334/1334 1335/1335/1335
f 1265/1265/1265 1180/1180/1180 1181/1181/1181
f 1181/1181/1181 1263/1263/1263 1265/1265/1265
f 1191/1191/1191 1325/1325/1325 1324/1324/1324
f 1324/1324/1324 1190/1190/1190 1191/1191/1191
f 1267/1267/1267 1191/1191/1191 1190/1190/1190
f 1190/1190/1190 1266/1266/1266 1267/1267/1267
f 1319/1319/1319 1320/1320/1320 1323/1323/1323
f 1323/1323/1323 1317/1317/1317 1319/1319/1319
f 1277/1277/1277 1272/1272/1272 1273/1273/1273
f 1273/1273/1273 1274/1274/1274 1277/1277/1277
f 1272/1272/1272 1268/1268/1268 1270/1270/1270
f 1270/1270/1270 1273/1273/1273 1272/1272/1272
f 1192/1192/1192 1265/1265/1265 1263/1263/1263
f 1263/1263/1263 1194/1194/1194 1192/1192/1192
f 1180/1180/1180 1278/1278/1278 1281/1281/1281
f 1281/1281/1281 1181/1181/1181 1180/1180/1180
f 1296/1296/1296 1319/1319/1319 1317/1317/1317
f 1317/1317/1317 1298/1298/1298 1296/1296/1296
f 1306/1306/1306 1307/1307/1307 1308/1308/1308
f 1308/1308/1308 1301/1301/1301 1306/1306/1306
f 1314/1314/1314 1305/1305/1305 1303/1303/1303
f 1303/1303/1303 1312/1312/1312 1314/1314/1314
f 1305/1305/1305 1217/1217/1217 1215/1215/1215
f 1215/1215/1215 1306/1306/1306 1305/1305/1305
f 1320/1320/1320 1303/1303/1303 1301/1301/1301
f 1301/1301/1301 1323/1323/1323 1320/1320/1320
f 1337/1337/1337 1335/1335/1335 1334/1334/1334
f 1334/1334/1334 1338/1338/1338 1337/1337/1337
f 1350/1350/1350 1360/1360/1360 1359/1359/1359
f 1359/1359/1359 1349/1349/1349 1350/1350/1350
f 1358/1358/1358 1353/1353/1353 1354/1354/1354
f 1354/1354/1354 1356/1356/1356 1358/1358/1358
f 1345/1345/1345 1421/1421/1421 1423/1423/1423
f 1423/1423/1423 1348/1348/1348 1345/1345/1345
f 1331/1331/1331 1245/1245/1245 1244/1244/1244
f 1244/1244/1244 1332/1332/1332 1331/1331/1331
f 1280/1280/1280 1243/1243/1243 1241/1241/1241
f 1241/1241/1241 1281/1281/1281 1280/1280/1280
f 1310/1310/1310 1350/1350/1350 1349/1349/1349
f 1349/1349/1349 1311/1311/1311 1310/1310/1310
f 1353/1353/1353 1308/1308/1308 1307/1307/1307
f 1307/1307/1307 1354/1354/1354 1353/1353/1353
f 1375/1375/1375 1377/1377/1377 1379/1379/1379
f 1379/1379/1379 1374/1374/1374 1375/1375/1375
f 1364/1364/1364 1365/1365/1365 1367/1367/1367
f 1367/1367/1367 1362/1362/1362 1364/1364/1364
f 1370/1370/1370 1371/1371/1371 1372/1372/1372
f 1372/1372/1372 1369/1369/1369 1370/1370/1370
f 1382/1382/1382 1384/1384/1384 1385/1385/1385
f 1385/1385/1385 1380/1380/1380 1382/1382/1382
f 1377/1377/1377 1382/1382/1382 1380/1380/1380
f 1380/1380/1380 1379/1379/1379 1377/1377/1377
f 1326/1326/1326 1375/1375/1375 1374/1374/1374
f 1374/1374/1374 1328/1328/1328 1326/1326/1326
f 1384/1384/1384 1331/1331/1331 1332/1332/1332
f 1332/1332/1332 1385/1385/1385 1384/1384/1384
f 1362/1362/1362 1370/1370/1370 1369/1369/1369
f 1369/1369/1369 1364/1364/1364 1362/1362/1362
f 1249/1249/1249 1367/1367/1367 1365/1365/1365
f 1365/1365/1365 1251/1251/1251 1249/1249/1249
f 1260/1260/1260 1372/1372/1372 1371/1371/1371
f 1371/1371/1371 1261/1261/1261 1260/1260/1260
f 1388/1388/1388 1392/1392/1392 1394/1394/1394
f 1394/1394/1394 1386/1386/1386 1388/1388/1388
f 1392/1392/1392 1396/1396/1396 1398/1398/1398
f 1398/1398/1398 1394/1394/1394 1392/1392/1392
f 1396/1396/1396 1390/1390/1390 1391/1391/1391
f 1391/1391/1391 1398/1398/1398 1396/1396/1396
f 1401/1401/1401 1405/1405/1405 1407/1407/1407
f 1407/1407/1407 1399/1399/1399 1401/1401/1401
f 1405/1405/1405 1408/1408/1408 1410/1410/1410
f 1410/1410/1410 1407/1407/1407 1405/1405/1405
f 1408/1408/1408 1402/1402/1402 1404/1404/1404
f 1404/1404/1404 1410/1410/1410 1408/1408/1408
f 1402/1402/1402 1280/1280/1280 1278/1278/1278
f 1278/1278/1278 1404/1404/1404 1402/1402/1402
f 1266/1266/1266 1401/1401/1401 1399/1399/1399
f 1399/1399/1399 1267/1267/1267 1266/1266/1266
f 1386/1386/1386 1202/1202/1202 1205/1205/1205
f 1205/1205/1205 1388/1388/1388 1386/1386/1386
f 1390/1390/1390 1207/1207/1207 1206/1206/1206
f 1206/1206/1206 1391/1391/1391 1390/1390/1390
f 1426/1426/1426 1342/1342/1342 1341/1341/1341
f 1341/1341/1341 1428/1428/1428 1426/1426/1426
f 1237/1237/1237 1277/1277/1277 1274/1274/1274
f 1274/1274/1274 1236/1236/1236 1237/1237/1237
f 1414/1414/1414 1419/1419/1419 1418/1418/1418
f 1418/1418/1418 1412/1412/1412 1414/1414/1414
f 1420/1420/1420 1413/1413/1413 1412/1412/1412
f 1412/1412/1412 1422/1422/1422 1420/1420/1420
f 1431/1431/1431 1433/1433/1433 1435/1435/1435
f 1435/1435/1435 1429/1429/1429 1431/1431/1431
f 1429/1429/1429 1314/1314/1314 1312/1312/1312
f 1312/1312/1312 1431/1431/1431 1429/1429/1429
f 1236/1236/1236 1435/1435/1435 1433/1433/1433
f 1433/1433/1433 1237/1237/1237 1236/1236/1236
f 1356/1356/1356 1441/1441/1441 1439/1439/1439
f 1439/1439/1439 1358/1358/1358 1356/1356/1356
f 590/590/590 610/610/610 613/613/613
f 613/613/613 588/588/588 590/590/590
f 1010/1010/1010 1011/1011/1011 597/597/597
f 597/597/597 586/586/586 1010/1010/1010
f 1007/1007/1007 1010/1010/1010 586/586/586
f 586/586/586 616/616/616 1007/1007/1007
f 594/594/594 590/590/590 588/588/588
f 588/588/588 600/600/600 594/594/594
f 1012/1012/1012 1009/1009/1009 592/592/592
f 592/592/592 595/595/595 1012/1012/1012
f 1009/1009/1009 1008/1008/1008 612/612/612
f 612/612/612 592/592/592 1009/1009/1009
f 1062/1062/1062 594/594/594 600/600/600
f 600/600/600 1064/1064/1064 1062/1062/1062
f 1013/1013/1013 1012/1012/1012 595/595/595
f 595/595/595 1060/1060/1060 1013/1013/1013
f 1011/1011/1011 1014/1014/1014 1066/1066/1066
f 1066/1066/1066 597/597/597 1011/1011/1011
f 610/610/610 606/606/606 602/602/602
f 602/602/602 613/613/613 610/610/610
f 1003/1003/1003 1006/1006/1006 604/604/604
f 604/604/604 630/630/630 1003/1003/1003
f 606/606/606 628/628/628 631/631/631
f 631/631/631 602/602/602 606/606/606
f 1006/1006/1006 1007/1007/1007 616/616/616
f 616/616/616 604/604/604 1006/1006/1006
f 1008/1008/1008 1005/1005/1005 607/607/607
f 607/607/607 612/612/612 1008/1008/1008
f 1005/1005/1005 1004/1004/1004 625/625/625
f 625/625/625 607/607/607 1005/1005/1005
f 623/623/623 642/642/642 648/648/648
f 648/648/648 617/617/617 623/623/623
f 628/628/628 623/623/623 617/617/617
f 617/617/617 631/631/631 628/628/628
f 999/999/999 1002/1002/1002 619/619/619
f 619/619/619 646/646/646 999/999/999
f 1002/1002/1002 1003/1003/1003 630/630/630
f 630/630/630 619/619/619 1002/1002/1002
f 1001/1001/1001 1000/1000/1000 644/644/644
f 644/644/644 621/621/621 1001/1001/1001
f 1004/1004/1004 1001/1001/1001 621/621/621
f 621/621/621 625/625/625 1004/1004/1004
f 637/637/637 658/658/658 661/661/661
f 661/661/661 635/635/635 637/637/637
f 998/998/998 999/999/999 646/646/646
f 646/646/646 634/634/634 998/998/998
f 995/995/995 998/998/998 634/634/634
f 634/634/634 664/664/664 995/995/995
f 642/642/642 637/637/637 635/635/635
f 635/635/635 648/648/648 642/642/642
f 1000/1000/1000 997/997/997 640/640/640
f 640/640/640 644/644/644 1000/1000/1000
f 997/997/997 996/996/996 659/659/659
f 659/659/659 640/640/640 997/997/997
f 994/994/994 995/995/995 664/664/664
f 664/664/664 652/652/652 994/994/994
f 658/658/658 653/653/653 650/650/650
f 650/650/650 661/661/661 658/658/658
f 991/991/991 994/994/994 652/652/652
f 652/652/652 677/677/677 991/991/991
f 653/653/653 676/676/676 680/680/680
f 680/680/680 650/650/650 653/653/653
f 993/993/993 992/992/992 673/673/673
f 673/673/673 655/655/655 993/993/993
f 996/996/996 993/993/993 655/655/655
f 655/655/655 659/659/659 996/996/996
f 672/672/672 690/690/690 695/695/695
f 695/695/695 665/665/665 672/672/672
f 676/676/676 672/672/672 665/665/665
f 665/665/665 680/680/680 676/676/676
f 987/987/987 990/990/990 667/667/667
f 667/667/667 693/693/693 987/987/987
f 990/990/990 991/991/991 677/677/677
f 677/677/677 667/667/667 990/990/990
f 989/989/989 988/988/988 692/692/692
f 692/692/692 670/670/670 989/989/989
f 992/992/992 989/989/989 670/670/670
f 670/670/670 673/673/673 992/992/992
f 986/986/986 987/987/987 693/693/693
f 693/693/693 683/683/683 986/986/986
f 690/690/690 687/687/687 682/682/682
f 682/682/682 695/695/695 690/690/690
f 1049/1049/1049 986/986/986 683/683/683
f 683/683/683 1174/1174/1174 1049/1049/1049
f 687/687/687 1175/1175/1175 1172/1172/1172
f 1172/1172/1172 682/682/682 687/687/687
f 985/985/985 1050/1050/1050 1177/1177/1177
f 1177/1177/1177 685/685/685 985/985/985
f 988/988/988 985/985/985 685/685/685
f 685/685/685 692/692/692 988/988/988
f 1044/1044/1044 1045/1045/1045 715/715/715
f 715/715/715 699/699/699 1044/1044/1044
f 710/710/710 704/704/704 697/697/697
f 697/697/697 718/718/718 710/710/710
f 1042/1042/1042 1044/1044/1044 699/699/699
f 699/699/699 1168/1168/1168 1042/1042/1042
f 704/704/704 1164/1164/1164 1169/1169/1169
f 1169/1169/1169 697/697/697 704/704/704
f 1048/1048/1048 1043/1043/1043 702/702/702
f 702/702/702 705/705/705 1048/1048/1048
f 1043/1043/1043 1041/1041/1041 1166/1166/1166
f 1166/1166/1166 702/702/702 1043/1043/1043
f 1050/1050/1050 1047/1047/1047 708/708/708
f 708/708/708 1177/1177/1177 1050/1050/1050
f 1175/1175/1175 712/712/712 719/719/719
f 719/719/719 1172/1172/1172 1175/1175/1175
f 1046/1046/1046 1049/1049/1049 1174/1174/1174
f 1174/1174/1174 713/713/713 1046/1046/1046
f 34/34/34 39/39/39 744/744/744
f 744/744/744 724/724/724 34/34/34
f 99/99/99 35/35/35 721/721/721
f 721/721/721 983/983/983 99/99/99
f 728/728/728 742/742/742 739/739/739
f 739/739/739 729/729/729 728/728/728
f 982/982/982 726/726/726 731/731/731
f 731/731/731 979/979/979 982/982/982
f 38/38/38 37/37/37 736/736/736
f 736/736/736 737/737/737 38/38/38
f 36/36/36 98/98/98 977/977/977
f 977/977/977 734/734/734 36/36/36
f 40/40/40 38/38/38 737/737/737
f 737/737/737 745/745/745 40/40/40
f 742/742/742 750/750/750 748/748/748
f 748/748/748 739/739/739 742/742/742
f 39/39/39 41/41/41 751/751/751
f 751/751/751 744/744/744 39/39/39
f 42/42/42 40/40/40 745/745/745
f 745/745/745 754/754/754 42/42/42
f 750/750/750 758/758/758 755/755/755
f 755/755/755 748/748/748 750/750/750
f 41/41/41 43/43/43 760/760/760
f 760/760/760 751/751/751 41/41/41
f 44/44/44 42/42/42 754/754/754
f 754/754/754 761/761/761 44/44/44
f 758/758/758 766/766/766 763/763/763
f 763/763/763 755/755/755 758/758/758
f 43/43/43 45/45/45 767/767/767
f 767/767/767 760/760/760 43/43/43
f 46/46/46 44/44/44 761/761/761
f 761/761/761 769/769/769 46/46/46
f 766/766/766 774/774/774 771/771/771
f 771/771/771 763/763/763 766/766/766
f 45/45/45 47/47/47 776/776/776
f 776/776/776 767/767/767 45/45/45
f 48/48/48 46/46/46 769/769/769
f 769/769/769 777/777/777 48/48/48
f 774/774/774 781/781/781 780/780/780
f 780/780/780 771/771/771 774/774/774
f 47/47/47 49/49/49 784/784/784
f 784/784/784 776/776/776 47/47/47
f 50/50/50 48/48/48 777/777/777
f 777/777/777 785/785/785 50/50/50
f 781/781/781 790/790/790 787/787/787
f 787/787/787 780/780/780 781/781/781
f 49/49/49 51/51/51 792/792/792
f 792/792/792 784/784/784 49/49/49
f 52/52/52 50/50/50 785/785/785
f 785/785/785 793/793/793 52/52/52
f 790/790/790 797/797/797 796/796/796
f 796/796/796 787/787/787 790/790/790
f 51/51/51 53/53/53 800/800/800
f 800/800/800 792/792/792 51/51/51
f 54/54/54 52/52/52 793/793/793
f 793/793/793 801/801/801 54/54/54
f 797/797/797 806/806/806 803/803/803
f 803/803/803 796/796/796 797/797/797
f 53/53/53 55/55/55 808/808/808
f 808/808/808 800/800/800 53/53/53
f 56/56/56 54/54/54 801/801/801
f 801/801/801 809/809/809 56/56/56
f 806/806/806 814/814/814 811/811/811
f 811/811/811 803/803/803 806/806/806
f 55/55/55 57/57/57 815/815/815
f 815/815/815 808/808/808 55/55/55
f 58/58/58 56/56/56 809/809/809
f 809/809/809 818/818/818 58/58/58
f 814/814/814 822/822/822 819/819/819
f 819/819/819 811/811/811 814/814/814
f 57/57/57 59/59/59 823/823/823
f 823/823/823 815/815/815 57/57/57
f 60/60/60 58/58/58 818/818/818
f 818/818/818 826/826/826 60/60/60
f 822/822/822 830/830/830 827/827/827
f 827/827/827 819/819/819 822/822/822
f 59/59/59 61/61/61 831/831/831
f 831/831/831 823/823/823 59/59/59
f 62/62/62 60/60/60 826/826/826
f 826/826/826 834/834/834 62/62/62
f 830/830/830 838/838/838 836/836/836
f 836/836/836 827/827/827 830/830/830
f 61/61/61 63/63/63 840/840/840
f 840/840/840 831/831/831 61/61/61
f 64/64/64 62/62/62 834/834/834
f 834/834/834 842/842/842 64/64/64
f 838/838/838 845/845/845 844/844/844
f 844/844/844 836/836/836 838/838/838
f 63/63/63 65/65/65 848/848/848
f 848/848/848 840/840/840 63/63/63
f 66/66/66 64/64/64 842/842/842
f 842/842/842 849/849/849 66/66/66
f 845/845/845 853/853/853 852/852/852
f 852/852/852 844/844/844 845/845/845
f 65/65/65 67/67/67 856/856/856
f 856/856/856 848/848/848 65/65/65
f 68/68/68 66/66/66 849/849/849
f 849/849/849 857/857/857 68/68/68
f 853/853/853 861/861/861 860/860/860
f 860/860/860 852/852/852 853/853/853
f 67/67/67 69/69/69 864/864/864
f 864/864/864 856/856/856 67/67/67
f 70/70/70 68/68/68 857/857/857
f 857/857/857 865/865/865 70/70/70
f 861/861/861 869/869/869 868/868/868
f 868/868/868 860/860/860 861/861/861
f 69/69/69 71/71/71 872/872/872
f 872/872/872 864/864/864 69/69/69
f 72/72/72 70/70/70 865/865/865
f 865/865/865 873/873/873 72/72/72
f 869/869/869 877/877/877 876/876/876
f 876/876/876 868/868/868 869/869/869
f 71/71/71 73/73/73 880/880/880
f 880/880/880 872/872/872 71/71/71
f 74/74/74 72/72/72 873/873/873
f 873/873/873 881/881/881 74/74/74
f 877/877/877 885/885/885 884/884/884
f 884/884/884 876/876/876 877/877/877
f 73/73/73 75/75/75 888/888/888
f 888/888/888 880/880/880 73/73/73
f 76/76/76 74/74/74 881/881/881
f 881/881/881 890/890/890 76/76/76
f 885/885/885 894/894/894 891/891/891
f 891/891/891 884/884/884 885/885/885
f 75/75/75 77/77/77 896/896/896
f 896/896/896 888/888/888 75/75/75
f 78/78/78 76/76/76 890/890/890
f 890/890/890 897/897/897 78/78/78
f 894/894/894 902/902/902 899/899/899
f 899/899/899 891/891/891 894/894/894
f 77/77/77 79/79/79 903/903/903
f 903/903/903 896/896/896 77/77/77
f 80/80/80 78/78/78 897/897/897
f 897/897/897 905/905/905 80/80/80
f 902/902/902 910/910/910 907/907/907
f 907/907/907 899/899/899 902/902/902
f 79/79/79 81/81/81 911/911/911
f 911/911/911 903/903/903 79/79/79
f 82/82/82 80/80/80 905/905/905
f 905/905/905 914/914/914 82/82/82
f 910/910/910 918/918/918 915/915/915
f 915/915/915 907/907/907 910/910/910
f 81/81/81 83/83/83 919/919/919
f 919/919/919 911/911/911 81/81/81
f 84/84/84 82/82/82 914/914/914
f 914/914/914 922/922/922 84/84/84
f 918/918/918 926/926/926 923/923/923
f 923/923/923 915/915/915 918/918/918
f 83/83/83 85/85/85 927/927/927
f 927/927/927 919/919/919 83/83/83
f 86/86/86 84/84/84 922/922/922
f 922/922/922 930/930/930 86/86/86
f 926/926/926 934/934/934 931/931/931
f 931/931/931 923/923/923 926/926/926
f 85/85/85 87/87/87 935/935/935
f 935/935/935 927/927/927 85/85/85
f 88/88/88 86/86/86 930/930/930
f 930/930/930 938/938/938 88/88/88
f 934/934/934 942/942/942 939/939/939
f 939/939/939 931/931/931 934/934/934
f 87/87/87 89/89/89 943/943/943
f 943/943/943 935/935/935 87/87/87
f 90/90/90 88/88/88 938/938/938
f 938/938/938 945/945/945 90/90/90
f 942/942/942 950/950/950 947/947/947
f 947/947/947 939/939/939 942/942/942
f 89/89/89 91/91/91 951/951/951
f 951/951/951 943/943/943 89/89/89
f 92/92/92 90/90/90 945/945/945
f 945/945/945 954/954/954 92/92/92
f 950/950/950 957/957/957 955/955/955
f 955/955/955 947/947/947 950/950/950
f 91/91/91 93/93/93 959/959/959
f 959/959/959 951/951/951 91/91/91
f 94/94/94 92/92/92 954/954/954
f 954/954/954 962/962/962 94/94/94
f 957/957/957 965/965/965 964/964/964
f 964/964/964 955/955/955 957/957/957
f 93/93/93 95/95/95 968/968/968
f 968/968/968 959/959/959 93/93/93
f 96/96/96 94/94/94 962/962/962
f 962/962/962 970/970/970 96/96/96
f 965/965/965 973/973/973 972/972/972
f 972/972/972 964/964/964 965/965/965
f 95/95/95 97/97/97 976/976/976
f 976/976/976 968/968/968 95/95/95
f 98/98/98 96/96/96 970/970/970
f 970/970/970 977/977/977 98/98/98
f 973/973/973 982/982/982 979/979/979
f 979/979/979 972/972/972 973/973/973
f 97/97/97 99/99/99 983/983/983
f 983/983/983 976/976/976 97/97/97
f 1016/1016/1016 1013/1013/1013 1060/1060/1060
f 1060/1060/1060 1056/1056/1056 1016/1016/1016
f 1014/1014/1014 1015/1015/1015 1052/1052/1052
f 1052/1052/1052 1066/1066/1066 1014/1014/1014
f 1015/1015/1015 1018/1018/1018 1082/1082/1082
f 1082/1082/1082 1052/1052/1052 1015/1015/1015
f 1017/1017/1017 1016/1016/1016 1056/1056/1056
f 1056/1056/1056 1078/1078/1078 1017/1017/1017
f 1020/1020/1020 1017/1017/1017 1078/1078/1078
f 1078/1078/1078 1073/1073/1073 1020/1020/1020
f 1018/1018/1018 1019/1019/1019 1069/1069/1069
f 1069/1069/1069 1082/1082/1082 1018/1018/1018
f 1019/1019/1019 1022/1022/1022 1096/1096/1096
f 1096/1096/1096 1069/1069/1069 1019/1019/1019
f 1021/1021/1021 1020/1020/1020 1073/1073/1073
f 1073/1073/1073 1093/1093/1093 1021/1021/1021
f 1024/1024/1024 1021/1021/1021 1093/1093/1093
f 1093/1093/1093 1089/1089/1089 1024/1024/1024
f 1022/1022/1022 1023/1023/1023 1084/1084/1084
f 1084/1084/1084 1096/1096/1096 1022/1022/1022
f 1023/1023/1023 1026/1026/1026 1113/1113/1113
f 1113/1113/1113 1084/1084/1084 1023/1023/1023
f 1025/1025/1025 1024/1024/1024 1089/1089/1089
f 1089/1089/1089 1107/1107/1107 1025/1025/1025
f 1028/1028/1028 1025/1025/1025 1107/1107/1107
f 1107/1107/1107 1103/1103/1103 1028/1028/1028
f 1026/1026/1026 1027/1027/1027 1099/1099/1099
f 1099/1099/1099 1113/1113/1113 1026/1026/1026
f 1027/1027/1027 1030/1030/1030 1129/1129/1129
f 1129/1129/1129 1099/1099/1099 1027/1027/1027
f 1029/1029/1029 1028/1028/1028 1103/1103/1103
f 1103/1103/1103 1125/1125/1125 1029/1029/1029
f 1032/1032/1032 1029/1029/1029 1125/1125/1125
f 1125/1125/1125 1122/1122/1122 1032/1032/1032
f 1030/1030/1030 1031/1031/1031 1117/1117/1117
f 1117/1117/1117 1129/1129/1129 1030/1030/1030
f 1031/1031/1031 1034/1034/1034 1143/1143/1143
f 1143/1143/1143 1117/1117/1117 1031/1031/1031
f 1033/1033/1033 1032/1032/1032 1122/1122/1122
f 1122/1122/1122 1142/1142/1142 1033/1033/1033
f 1036/1036/1036 1033/1033/1033 1142/1142/1142
f 1142/1142/1142 1137/1137/1137 1036/1036/1036
f 1034/1034/1034 1035/1035/1035 1131/1131/1131
f 1131/1131/1131 1143/1143/1143 1034/1034/1034
f 1035/1035/1035 1038/1038/1038 1159/1159/1159
f 1159/1159/1159 1131/1131/1131 1035/1035/1035
f 1037/1037/1037 1036/1036/1036 1137/1137/1137
f 1137/1137/1137 1156/1156/1156 1037/1037/1037
f 1040/1040/1040 1037/1037/1037 1156/1156/1156
f 1156/1156/1156 1151/1151/1151 1040/1040/1040
f 1038/1038/1038 1039/1039/1039 1149/1149/1149
f 1149/1149/1149 1159/1159/1159 1038/1038/1038
f 1039/1039/1039 1042/1042/1042 1168/1168/1168
f 1168/1168/1168 1149/1149/1149 1039/1039/1039
f 1041/1041/1041 1040/1040/1040 1151/1151/1151
f 1151/1151/1151 1166/1166/1166 1041/1041/1041
f 1058/1058/1058 1062/1062/1062 1064/1064/1064
f 1064/1064/1064 1053/1053/1053 1058/1058/1058
f 1075/1075/1075 1058/1058/1058 1053/1053/1053
f 1053/1053/1053 1079/1079/1079 1075/1075/1075
f 1091/1091/1091 1072/1072/1072 1068/1068/1068
f 1068/1068/1068 1097/1097/1097 1091/1091/1091
f 1072/1072/1072 1075/1075/1075 1079/1079/1079
f 1079/1079/1079 1068/1068/1068 1072/1072/1072
f 1109/1109/1109 1088/1088/1088 1085/1085/1085
f 1085/1085/1085 1111/1111/1111 1109/1109/1109
f 1088/1088/1088 1091/1091/1091 1097/1097/1097
f 1097/1097/1097 1085/1085/1085 1088/1088/1088
f 1106/1106/1106 1109/1109/1109 1111/1111/1111
f 1111/1111/1111 1101/1101/1101 1106/1106/1106
f 1123/1123/1123 1106/1106/1106 1101/1101/1101
f 1101/1101/1101 1127/1127/1127 1123/1123/1123
f 1140/1140/1140 1119/1119/1119 1116/1116/1116
f 1116/1116/1116 1146/1146/1146 1140/1140/1140
f 1119/1119/1119 1123/1123/1123 1127/1127/1127
f 1127/1127/1127 1116/1116/1116 1119/1119/1119
f 1158/1158/1158 1135/1135/1135 1133/1133/1133
f 1133/1133/1133 1162/1162/1162 1158/1158/1158
f 1135/1135/1135 1140/1140/1140 1146/1146/1146
f 1146/1146/1146 1133/1133/1133 1135/1135/1135
f 1164/1164/1164 1153/1153/1153 1147/1147/1147
f 1147/1147/1147 1169/1169/1169 1164/1164/1164
f 1153/1153/1153 1158/1158/1158 1162/1162/1162
f 1162/1162/1162 1147/1147/1147 1153/1153/1153
f 500/500/500 1264/1264/1264 1181/1181/1181
f 1181/1181/1181 469/469/469 500/500/500
f 1404/1404/1404 1279/1279/1279 1179/1179/1179
f 1179/1179/1179 533/533/533 1404/1404/1404
f 533/533/533 1179/1179/1179 1265/1265/1265
f 1265/1265/1265 550/550/550 533/533/533
f 469/469/469 1181/1181/1181 1281/1281/1281
f 1281/1281/1281 1241/1241/1241 469/469/469
f 489/489/489 1324/1324/1324 1183/1183/1183
f 1183/1183/1183 475/475/475 489/489/489
f 507/507/507 463/463/463 1184/1184/1184
f 1184/1184/1184 1325/1325/1325 507/507/507
f 475/475/475 1183/1183/1183 1184/1184/1184
f 475/475/475 1184/1184/1184 463/463/463
f 475/475/475 463/463/463 477/477/477
f 492/492/492 470/470/470 1327/1327/1327
f 1327/1327/1327 1188/1188/1188 492/492/492
f 1186/1186/1186 1329/1329/1329 507/507/507
f 507/507/507 464/464/464 1186/1186/1186
f 492/492/492 1188/1188/1188 1253/1253/1253
f 1253/1253/1253 483/483/483 492/492/492
f 1254/1254/1254 1186/1186/1186 464/464/464
f 464/464/464 465/465/465 1254/1254/1254
f 465/465/465 464/464/464 1191/1191/1191
f 1191/1191/1191 1267/1267/1267 465/465/465
f 485/485/485 1266/1266/1266 1189/1189/1189
f 1189/1189/1189 486/486/486 485/485/485
f 464/464/464 507/507/507 1325/1325/1325
f 1325/1325/1325 1191/1191/1191 464/464/464
f 486/486/486 1189/1189/1189 1324/1324/1324
f 1324/1324/1324 489/489/489 486/486/486
f 482/482/482 1239/1239/1239 1193/1193/1193
f 1193/1193/1193 476/476/476 482/482/482
f 1343/1343/1343 1192/1192/1192 1240/1240/1240
f 1240/1240/1240 1337/1337/1337 1343/1343/1343
f 1426/1426/1426 550/550/550 1265/1265/1265
f 1426/1426/1426 1265/1265/1265 1192/1192/1192
f 1426/1426/1426 1192/1192/1192 1343/1343/1343
f 476/476/476 1193/1193/1193 1264/1264/1264
f 1264/1264/1264 500/500/500 476/476/476
f 1273/1273/1273 1269/1269/1269 1199/1199/1199
f 1199/1199/1199 1219/1219/1219 1273/1273/1273
f 481/481/481 482/482/482 1218/1218/1218
f 1218/1218/1218 1197/1197/1197 481/481/481
f 493/493/493 479/479/479 1195/1195/1195
f 493/493/493 1195/1195/1195 1201/1201/1201
f 493/493/493 1201/1201/1201 1293/1293/1293
f 1200/1200/1200 1199/1199/1199 1269/1269/1269
f 1269/1269/1269 1291/1291/1291 1200/1200/1200
f 469/469/469 1241/1241/1241 1204/1204/1204
f 1204/1204/1204 1235/1235/1235 469/469/469
f 1242/1242/1242 545/545/545 1387/1387/1387
f 1387/1387/1387 1205/1205/1205 1242/1242/1242
f 1386/1386/1386 542/542/542 1233/1233/1233
f 1233/1233/1233 1203/1203/1203 1386/1386/1386
f 472/472/472 1206/1206/1206 1225/1225/1225
f 1225/1225/1225 473/473/473 472/472/472
f 1206/1206/1206 472/472/472 541/541/541
f 541/541/541 1391/1391/1391 1206/1206/1206
f 485/485/485 486/486/486 1223/1223/1223
f 1223/1223/1223 1207/1207/1207 485/485/485
f 546/546/546 485/485/485 1207/1207/1207
f 1207/1207/1207 1389/1389/1389 546/546/546
f 536/536/536 1236/1236/1236 1275/1275/1275
f 536/536/536 1275/1275/1275 1220/1220/1220
f 536/536/536 1220/1220/1220 1210/1210/1210
f 476/476/476 500/500/500 1209/1209/1209
f 1209/1209/1209 1222/1222/1222 476/476/476
f 542/542/542 536/536/536 1210/1210/1210
f 1210/1210/1210 1233/1233/1233 542/542/542
f 500/500/500 469/469/469 1235/1235/1235
f 1235/1235/1235 1209/1209/1209 500/500/500
f 483/483/483 484/484/484 1214/1214/1214
f 1214/1214/1214 1213/1213/1213 483/483/483
f 1211/1211/1211 472/472/472 473/473/473
f 473/473/473 1227/1227/1227 1211/1211/1211
f 1211/1211/1211 1216/1216/1216 564/564/564
f 564/564/564 537/537/537 1211/1211/1211
f 492/492/492 483/483/483 1213/1213/1213
f 1213/1213/1213 1228/1228/1228 492/492/492
f 472/472/472 1211/1211/1211 537/537/537
f 537/537/537 541/541/541 472/472/472
f 484/484/484 1307/1307/1307 1306/1306/1306
f 1306/1306/1306 1214/1214/1214 484/484/484
f 1216/1216/1216 1305/1305/1305 1314/1314/1314
f 1314/1314/1314 563/563/563 1216/1216/1216
f 1275/1275/1275 1273/1273/1273 1219/1219/1219
f 1219/1219/1219 1220/1220/1220 1275/1275/1275
f 482/482/482 476/476/476 1222/1222/1222
f 1222/1222/1222 1218/1218/1218 482/482/482
f 486/486/486 489/489/489 1248/1248/1248
f 1248/1248/1248 1223/1223/1223 486/486/486
f 473/473/473 1225/1225/1225 1247/1247/1247
f 1247/1247/1247 488/488/488 473/473/473
f 1227/1227/1227 473/473/473 488/488/488
f 488/488/488 1249/1249/1249 1227/1227/1227
f 492/492/492 1228/1228/1228 1250/1250/1250
f 1250/1250/1250 470/470/470 492/492/492
f 489/489/489 475/475/475 1232/1232/1232
f 1232/1232/1232 1248/1248/1248 489/489/489
f 488/488/488 1247/1247/1247 1229/1229/1229
f 1229/1229/1229 474/474/474 488/488/488
f 475/475/475 477/477/477 474/474/474
f 475/475/475 474/474/474 1229/1229/1229
f 475/475/475 1229/1229/1229 1232/1232/1232
f 1276/1276/1276 1238/1238/1238 567/567/567
f 567/567/567 499/499/499 1276/1276/1276
f 1236/1236/1236 536/536/536 538/538/538
f 538/538/538 1436/1436/1436 1236/1236/1236
f 567/567/567 1238/1238/1238 1434/1434/1434
f 1434/1434/1434 571/571/571 567/567/567
f 1337/1337/1337 1240/1240/1240 1282/1282/1282
f 1282/1282/1282 1336/1336/1336 1337/1337/1337
f 481/481/481 1285/1285/1285 1239/1239/1239
f 1239/1239/1239 482/482/482 481/481/481
f 1242/1242/1242 1280/1280/1280 1403/1403/1403
f 1403/1403/1403 545/545/545 1242/1242/1242
f 490/490/490 508/508/508 1333/1333/1333
f 1333/1333/1333 1244/1244/1244 490/490/490
f 490/490/490 1244/1244/1244 1262/1262/1262
f 1262/1262/1262 491/491/491 490/490/490
f 1246/1246/1246 1330/1330/1330 1383/1383/1383
f 1383/1383/1383 526/526/526 1246/1246/1246
f 1246/1246/1246 526/526/526 1373/1373/1373
f 1373/1373/1373 1259/1259/1259 1246/1246/1246
f 525/525/525 1367/1367/1367 1249/1249/1249
f 1249/1249/1249 471/471/471 525/525/525
f 1249/1249/1249 488/488/488 474/474/474
f 474/474/474 471/471/471 1249/1249/1249
f 521/521/521 470/470/470 1250/1250/1250
f 1250/1250/1250 1366/1366/1366 521/521/521
f 483/483/483 1253/1253/1253 1258/1258/1258
f 483/483/483 1258/1258/1258 487/487/487
f 483/483/483 487/487/487 484/484/484
f 465/465/465 532/532/532 549/549/549
f 465/465/465 549/549/549 1256/1256/1256
f 465/465/465 1256/1256/1256 1254/1254/1254
f 1258/1258/1258 1256/1256/1256 549/549/549
f 1258/1258/1258 549/549/549 568/568/568
f 1258/1258/1258 568/568/568 487/487/487
f 491/491/491 1262/1262/1262 1371/1371/1371
f 1371/1371/1371 522/522/522 491/491/491
f 1267/1267/1267 1399/1399/1399 532/532/532
f 532/532/532 465/465/465 1267/1267/1267
f 546/546/546 1400/1400/1400 1266/1266/1266
f 1266/1266/1266 485/485/485 546/546/546
f 1268/1268/1268 1271/1271/1271 498/498/498
f 498/498/498 1290/1290/1290 1268/1268/1268
f 1271/1271/1271 1276/1276/1276 499/499/499
f 499/499/499 498/498/498 1271/1271/1271
f 496/496/496 1344/1344/1344 1287/1287/1287
f 496/496/496 1287/1287/1287 1286/1286/1286
f 496/496/496 1286/1286/1286 480/480/480
f 1344/1344/1344 1336/1336/1336 1282/1282/1282
f 1282/1282/1282 1287/1287/1287 1344/1344/1344
f 494/494/494 1294/1294/1294 1419/1419/1419
f 1419/1419/1419 1414/1414/1414 494/494/494
f 1290/1290/1290 498/498/498 556/556/556
f 556/556/556 1416/1416/1416 1290/1290/1290
f 1310/1310/1310 1297/1297/1297 1316/1316/1316
f 1316/1316/1316 504/504/504 1310/1310/1310
f 1295/1295/1295 1315/1315/1315 501/501/501
f 501/501/501 1318/1318/1318 1295/1295/1295
f 1302/1302/1302 1309/1309/1309 503/503/503
f 503/503/503 1322/1322/1322 1302/1302/1302
f 1313/1313/1313 1304/1304/1304 1321/1321/1321
f 1321/1321/1321 467/467/467 1313/1313/1313
f 1352/1352/1352 515/515/515 503/503/503
f 503/503/503 1309/1309/1309 1352/1352/1352
f 484/484/484 487/487/487 1355/1355/1355
f 1355/1355/1355 1307/1307/1307 484/484/484
f 1310/1310/1310 504/504/504 514/514/514
f 514/514/514 1351/1351/1351 1310/1310/1310
f 1313/1313/1313 467/467/467 574/574/574
f 574/574/574 1432/1432/1432 1313/1313/1313
f 563/563/563 1314/1314/1314 1430/1430/1430
f 1430/1430/1430 581/581/581 563/563/563
f 1318/1318/1318 501/501/501 467/467/467
f 467/467/467 1321/1321/1321 1318/1318/1318
f 504/504/504 1316/1316/1316 1322/1322/1322
f 1322/1322/1322 503/503/503 504/504/504
f 1329/1329/1329 466/466/466 463/463/463
f 463/463/463 507/507/507 1329/1329/1329
f 521/521/521 1376/1376/1376 1327/1327/1327
f 1327/1327/1327 470/470/470 521/521/521
f 517/517/517 466/466/466 1329/1329/1329
f 1329/1329/1329 1374/1374/1374 517/517/517
f 508/508/508 518/518/518 1385/1385/1385
f 1385/1385/1385 1333/1333/1333 508/508/508
f 1334/1334/1334 1346/1346/1346 510/510/510
f 510/510/510 1339/1339/1339 1334/1334/1334
f 1339/1339/1339 510/510/510 511/511/511
f 511/511/511 1340/1340/1340 1339/1339/1339
f 1340/1340/1340 511/511/511 558/558/558
f 558/558/558 1427/1427/1427 1340/1340/1340
f 1345/1345/1345 495/495/495 1413/1413/1413
f 1413/1413/1413 1421/1421/1421 1345/1345/1345
f 510/510/510 1346/1346/1346 1425/1425/1425
f 1425/1425/1425 562/562/562 510/510/510
f 1351/1351/1351 514/514/514 513/513/513
f 513/513/513 1361/1361/1361 1351/1351/1351
f 487/487/487 568/568/568 1356/1356/1356
f 1356/1356/1356 1355/1355/1355 487/487/487
f 1357/1357/1357 505/505/505 515/515/515
f 515/515/515 1352/1352/1352 1357/1357/1357
f 1356/1356/1356 568/568/568 582/582/582
f 582/582/582 1441/1441/1441 1356/1356/1356
f 1357/1357/1357 1438/1438/1438 575/575/575
f 575/575/575 505/505/505 1357/1357/1357
f 1363/1363/1363 520/520/520 521/521/521
f 521/521/521 1366/1366/1366 1363/1363/1363
f 527/527/527 520/520/520 1363/1363/1363
f 1363/1363/1363 1368/1368/1368 527/527/527
f 1367/1367/1367 525/525/525 524/524/524
f 524/524/524 1362/1362/1362 1367/1367/1367
f 523/523/523 1370/1370/1370 1362/1362/1362
f 1362/1362/1362 524/524/524 523/523/523
f 1370/1370/1370 523/523/523 522/522/522
f 522/522/522 1371/1371/1371 1370/1370/1370
f 1373/1373/1373 526/526/526 527/527/527
f 527/527/527 1368/1368/1368 1373/1373/1373
f 1376/1376/1376 521/521/521 520/520/520
f 520/520/520 1378/1378/1378 1376/1376/1376
f 1379/1379/1379 516/516/516 517/517/517
f 517/517/517 1374/1374/1374 1379/1379/1379
f 527/527/527 1381/1381/1381 1378/1378/1378
f 1378/1378/1378 520/520/520 527/527/527
f 519/519/519 516/516/516 1379/1379/1379
f 1379/1379/1379 1380/1380/1380 519/519/519
f 1381/1381/1381 527/527/527 526/526/526
f 526/526/526 1383/1383/1383 1381/1381/1381
f 1385/1385/1385 518/518/518 519/519/519
f 519/519/519 1380/1380/1380 1385/1385/1385
f 542/542/542 1386/1386/1386 1395/1395/1395
f 1395/1395/1395 544/544/544 542/542/542
f 547/547/547 1393/1393/1393 1387/1387/1387
f 1387/1387/1387 545/545/545 547/547/547
f 546/546/546 1389/1389/1389 1397/1397/1397
f 1397/1397/1397 548/548/548 546/546/546
f 543/543/543 1398/1398/1398 1391/1391/1391
f 1391/1391/1391 541/541/541 543/543/543
f 544/544/544 1395/1395/1395 1398/1398/1398
f 1398/1398/1398 543/543/543 544/544/544
f 548/548/548 1397/1397/1397 1393/1393/1393
f 1393/1393/1393 547/547/547 548/548/548
f 532/532/532 1399/1399/1399 1407/1407/1407
f 1407/1407/1407 534/534/534 532/532/532
f 548/548/548 1406/1406/1406 1400/1400/1400
f 1400/1400/1400 546/546/546 548/548/548
f 545/545/545 1403/1403/1403 1409/1409/1409
f 1409/1409/1409 547/547/547 545/545/545
f 535/535/535 1410/1410/1410 1404/1404/1404
f 1404/1404/1404 533/533/533 535/535/535
f 534/534/534 1407/1407/1407 1410/1410/1410
f 1410/1410/1410 535/535/535 534/534/534
f 547/547/547 1409/1409/1409 1406/1406/1406
f 1406/1406/1406 548/548/548 547/547/547
f 1415/1415/1415 557/557/557 555/555/555
f 555/555/555 1411/1411/1411 1415/1415/1415
f 1411/1411/1411 555/555/555 561/561/561
f 561/561/561 1424/1424/1424 1411/1411/1411
f 1427/1427/1427 558/558/558 578/578/578
f 578/578/578 1443/1443/1443 1427/1427/1427
f 552/552/552 550/550/550 1426/1426/1426
f 1426/1426/1426 1445/1445/1445 552/552/552
f 1430/1430/1430 1437/1437/1437 580/580/580
f 1432/1432/1432 574/574/574 571/571/571
f 571/571/571 1434/1434/1434 1432/1432/1432
f 538/538/538 540/540/540 579/579/579
f 579/579/579 1437/1437/1437 538/538/538
f 1444/1444/1444 1440/1440/1440 583/583/583
f 1443/1443/1443 578/578/578 575/575/575
f 575/575/575 1438/1438/1438 1443/1443/1443
f 551/551/551 552/552/552 1445/1445/1445
f 1445/1445/1445 584/584/584 551/551/551

