# https://github.com/mikedh/trimesh
v -0.03207962 -0.01649535 0.00149385
v -0.03196029 -0.01556763 0.00242283
v -0.03196658 -0.01463318 0.00242283
v -0.03203566 -0.01556763 0.00149385
v -0.03204194 -0.01835081 0.00056487
v -0.03203566 -0.01927854 0.00056487
v -0.03203566 -0.01742308 0.00149385
v -0.03194145 -0.01835081 0.00149385
v -0.03179701 -0.01653569 0.00249429
v -0.03165256 -0.01556763 0.00306954
v -0.03171537 -0.01463318 0.00318745
v -0.03164628 -0.01185000 0.00399137
v -0.03154580 -0.00869035 0.00474169
v -0.03154580 -0.00859623 0.00474169
v -0.03197914 -0.01742308 0.00056487
v -0.03154580 -0.00859623 0.00473098
v -0.02971824 0.01659357 0.00921150
v -0.02949843 0.01876499 0.00798597
v -0.02912161 0.02154817 0.00705699
v -0.02880760 0.02401538 0.00641743
v -0.02873224 0.02340362 0.00580287
v -0.02858779 0.02340362 0.00520261
v -0.02813561 0.02340362 0.00334466
v -0.02691096 0.02294648 -0.00175757
v -0.02466262 0.01783726 -0.01242651
v -0.03194773 -0.02020626 -0.00036053
v -0.03197914 -0.02113399 -0.00036053
v -0.03198542 -0.02020626 0.00056487
v -0.03180957 -0.02121466 0.00065420
v -0.03175933 -0.01925164 0.00154387
v -0.03159604 -0.01625334 0.00296592
v -0.03173420 -0.01742308 0.00228705
v -0.03138251 -0.01556763 0.00353045
v -0.03150812 -0.01389368 0.00374126
v -0.03155208 -0.01327520 0.00381629
v -0.03108106 -0.01092227 0.00520261
v -0.03120666 -0.00999454 0.00520261
v -0.03134483 -0.00902648 0.00511329
v -0.03067284 -0.00257273 0.00761438
v -0.02986269 0.00763227 0.01052993
v -0.02985013 0.00855999 0.01050850
v -0.02978732 0.01226418 0.01042275
v -0.02986896 0.01226418 0.00984035
v -0.02974336 0.01598181 0.00946876
v -0.02971824 0.01659357 0.00941516
v -0.02475054 0.01690953 -0.01242651
v -0.02940423 0.01969271 0.00798597
v -0.02880760 0.02401538 0.00668897
v -0.02791580 0.02689941 0.00520261
v -0.02754527 0.02804226 0.00427363
v -0.02787184 0.02686579 0.00458806
v -0.02831774 0.02525907 0.00520261
v -0.02847474 0.02433135 0.00520261
v -0.02824866 0.02433135 0.00427363
v -0.02788440 0.02411622 0.00270509
v -0.02767087 0.02340362 0.00149385
v -0.02728777 0.02433135 0.00056487
v -0.02674767 0.02331623 -0.00212916
v -0.02645878 0.02340362 -0.00314746
v -0.02595636 0.02276497 -0.00539487
v -0.02608824 0.02246245 -0.00505186
v -0.02546650 0.02154817 -0.00778520
v -0.02455586 0.01876499 -0.01242651
v -0.02421672 0.01969271 -0.01308394
v -0.02433605 0.01783726 -0.01329832
v -0.03170280 -0.02113399 -0.00120733
v -0.03170908 -0.02206171 -0.00121448
v -0.03169024 -0.02298944 -0.00117160
v -0.03163372 -0.02391717 -0.00107513
v -0.03188493 -0.02206171 -0.00036053
v -0.03161488 -0.02096592 0.00114727
v -0.03169652 -0.02020626 0.00129733
v -0.03172165 -0.02206171 0.00042195
v -0.03154580 -0.02158441 0.00102579
v -0.03133227 -0.01653569 0.00330535
v -0.03082985 -0.01649535 0.00414858
v -0.03060376 -0.01593065 0.00471311
v -0.03147043 -0.01742308 0.00275154
v -0.03088009 -0.01560124 0.00435224
v -0.03108106 -0.01463318 0.00427363
v -0.03131971 -0.01277772 0.00434152
v -0.03071680 -0.01092227 0.00581716
v -0.03077960 -0.00999454 0.00592793
v -0.03083613 -0.00906682 0.00602440
v -0.03084869 -0.00811892 0.00619947
v -0.03078588 -0.00535591 0.00686762
v -0.03067284 -0.00721136 0.00667825
v -0.03044047 -0.00628364 0.00723564
v -0.02988152 0.00113818 0.00962240
v -0.03020810 0.00021045 0.00891494
v -0.02985013 0.00670454 0.01050135
v -0.02945447 0.00763227 0.01099442
v -0.02936654 0.01133645 0.01090867
v -0.02934142 0.01226418 0.01088723
v -0.02973708 0.01319863 0.01036558
v -0.02943563 0.00855999 0.01097298
v -0.02910905 0.01783726 0.00972244
v -0.02894577 0.01876499 0.00956165
v -0.02907137 0.01966582 0.00894710
v -0.02936654 0.01876499 0.00891494
v -0.02887668 0.02247589 0.00768584
v -0.02969940 0.01368266 0.01031198
v -0.02445537 0.01598181 -0.01335191
v -0.02878248 0.02298682 0.00754649
v -0.02863175 0.02360530 0.00730710
v -0.02835542 0.02438513 0.00708915
v -0.02804769 0.02525907 0.00683547
v -0.02790324 0.02677167 0.00576714
v -0.02697376 0.02958847 0.00405211
v -0.02697376 0.02958847 0.00358405
v -0.02708681 0.02901704 0.00330535
v -0.02733802 0.02804226 0.00334466
v -0.02779648 0.02642882 0.00396993
v -0.02785300 0.02581033 0.00375198
v -0.02698632 0.02618680 0.00074352
v -0.02703028 0.02433135 -0.00038912
v -0.02687328 0.02739016 0.00116513
v -0.02604428 0.02322883 -0.00477674
v -0.02686071 0.02618680 0.00027903
v -0.02689840 0.02844562 0.00199764
v -0.02534089 0.02247589 -0.00778520
v -0.02504572 0.02197169 -0.00916080
v -0.02471286 0.02154817 -0.01056856
v -0.02431721 0.02062044 -0.01242651
v -0.02412252 0.02108430 -0.01289100
v -0.02415392 0.02062044 -0.01295889
v -0.02395295 0.01969271 -0.01354843
v -0.02401575 0.01876499 -0.01366276
v -0.02408483 0.01783726 -0.01376281
v -0.02412252 0.01733306 -0.01381283
v -0.02427324 0.01876499 -0.01319827
v -0.02434233 0.01697676 -0.01344481
v -0.03151440 -0.02113399 -0.00166824
v -0.03128830 -0.02206171 -0.00221848
v -0.03128830 -0.02113399 -0.00221848
v -0.03149555 -0.02298944 -0.00163609
v -0.03121294 -0.02391717 -0.00221848
v -0.03120666 -0.02405162 -0.00221848
v -0.03148299 -0.02391717 -0.00153962
v -0.03143275 -0.02405162 -0.00164323
v -0.03160232 -0.02405162 -0.00110729
v -0.03162116 -0.02405162 -0.00104297
v -0.03162116 -0.02405162 -0.00064637
v -0.03143275 -0.02020626 0.00176182
v -0.03161488 -0.02273398 0.00022544
v -0.03146415 -0.02206171 0.00088644
v -0.03097429 -0.02405162 0.00056487
v -0.03093661 -0.02405162 0.00062919
v -0.03071680 -0.02373566 0.00118657
v -0.03072308 -0.02206171 0.00212269
v -0.03054723 -0.02131550 0.00277298
v -0.03081729 -0.02105332 0.00244784
v -0.03103081 -0.02020626 0.00242283
v -0.03062888 -0.02069702 0.00289089
v -0.03057863 -0.01863988 0.00374483
v -0.03049071 -0.01370545 0.00545987
v -0.03056608 -0.01277772 0.00558135
v -0.03061004 -0.01224663 0.00564923
v -0.03071052 -0.01463318 0.00487747
v -0.03053467 -0.01649535 0.00460949
v -0.03004481 -0.01657603 0.00529193
v -0.02976848 -0.01632056 0.00577429
v -0.02985013 -0.01556763 0.00589220
v -0.02973080 -0.01344327 0.00664610
v -0.02979360 -0.01277772 0.00673542
v -0.02968684 -0.01041807 0.00751433
v -0.02995689 -0.01092227 0.00698196
v -0.03066028 -0.01162815 0.00572784
v -0.03042163 -0.01092227 0.00628165
v -0.03049071 -0.00999454 0.00638884
v -0.03055351 -0.00906682 0.00648531
v -0.03059748 -0.00841472 0.00655320
v -0.03037767 -0.00721136 0.00714274
v -0.02964916 -0.00645843 0.00838971
v -0.02959263 -0.00721136 0.00831468
v -0.02939795 -0.00535591 0.00896497
v -0.02893320 -0.00535591 0.00959381
v -0.02951727 0.00113818 0.01008331
v -0.02957379 0.00206591 0.01015834
v -0.02993805 0.00206591 0.00969386
v -0.03018298 -0.00906682 0.00705699
v -0.02991293 -0.00721136 0.00785019
v -0.02978732 -0.00906682 0.00765725
v -0.02997573 0.00299363 0.00975102
v -0.02905253 0.00113818 0.01065142
v -0.02866315 0.00113818 0.01111233
v -0.02944191 0.00670454 0.01096584
v -0.02898973 0.00763227 0.01145891
v -0.02897717 0.00670454 0.01145177
v -0.02897089 0.00855999 0.01143747
v -0.02887668 0.01226418 0.01134100
v -0.02883272 0.01297006 0.01129813
v -0.02890180 0.01133645 0.01136601
v -0.02864431 0.01783726 0.01018693
v -0.02847474 0.01876499 0.01002614
v -0.02882016 0.01934314 0.00943303
v -0.02893949 0.02062044 0.00865054
v -0.02683560 0.01710449 0.01209848
v -0.02768971 0.01783726 0.01110161
v -0.02817957 0.01783726 0.01063712
v -0.02414764 0.01671458 -0.01384499
v -0.02618873 -0.01556763 -0.01327331
v -0.02659066 -0.01556763 -0.01242651
v -0.03046559 -0.02113399 -0.00417648
v -0.03064144 -0.02042139 -0.00366912
v -0.02881388 0.02117842 0.00850405
v -0.02848731 0.02247589 0.00815032
v -0.02825494 0.02331623 0.00793952
v -0.02801000 0.02412967 0.00771085
v -0.02780276 0.02474815 0.00748932
v -0.02787184 0.02577672 0.00663895
v -0.02765831 0.02639520 0.00638527
v -0.02736942 0.02711453 0.00612801
v -0.02686071 0.02844562 0.00561708
v -0.02709937 0.02878175 0.00499538
v -0.02687956 0.02940023 0.00467023
v -0.02498291 0.03307752 0.00269080
v -0.02602544 0.03139686 0.00306239
v -0.02602544 0.03139686 0.00272653
v -0.02615104 0.03084560 0.00241925
v -0.02651530 0.02989771 0.00242283
v -0.02687956 0.02935990 0.00296592
v -0.02698004 0.02874141 0.00261577
v -0.02507712 0.02304060 -0.00833187
v -0.02500176 0.02247589 -0.00899644
v -0.02681675 0.02901704 0.00235494
v -0.02600032 0.02855990 -0.00089291
v -0.02599404 0.02761873 -0.00179330
v -0.02416648 0.02217338 -0.01210494
v -0.02407228 0.02170951 -0.01272307
v -0.02420416 0.02145405 -0.01241936
v -0.02382734 0.02145405 -0.01326259
v -0.02388387 0.02062044 -0.01342337
v -0.02333120 0.02154817 -0.01393788
v -0.02341913 0.02062044 -0.01402721
v -0.02348821 0.01969271 -0.01409152
v -0.02362010 0.01783726 -0.01422372
v -0.02322444 0.01662718 -0.01477039
v -0.03089265 -0.02206171 -0.00314746
v -0.03089893 -0.02113399 -0.00314746
v -0.03045931 -0.02206171 -0.00416219
v -0.03066028 -0.02405162 -0.00347618
v -0.03145787 -0.02405162 -0.00029264
v -0.03142019 -0.02391717 -0.00014258
v -0.03046559 -0.02405162 0.00141167
v -0.03052839 -0.02318440 0.00180827
v -0.03043419 -0.02399112 0.00149742
v -0.03042163 -0.02206171 0.00258718
v -0.02978732 -0.02113399 0.00394849
v -0.03028346 -0.02105332 0.00325890
v -0.02991293 -0.02020626 0.00412714
v -0.03037767 -0.02020626 0.00344827
v -0.02971196 -0.02165163 0.00384130
v -0.02983128 -0.01835081 0.00493464
v -0.02962403 -0.01742308 0.00557063
v -0.02946075 -0.01657603 0.00610300
v -0.02860663 -0.01649535 0.00729995
v -0.02951727 -0.01556763 0.00635669
v -0.02961147 -0.01463318 0.00648531
v -0.02966800 -0.01406175 0.00656392
v -0.02788440 -0.01253571 0.00942945
v -0.02998201 -0.01006849 0.00714632
v -0.02891436 -0.00999454 0.00864697
v -0.02943563 -0.01006849 0.00792880
v -0.02952355 -0.00813909 0.00821821
v -0.02856267 -0.00535591 0.01005830
v -0.02898973 -0.00906682 0.00874344
v -0.02809165 -0.00999454 0.00971887
v -0.02859407 0.00021045 0.01103373
v -0.02809793 -0.00535591 0.01062641
v -0.02725009 -0.00535591 0.01161612
v -0.02687956 -0.00473070 0.01214135
v -0.02812933 0.00021045 0.01155895
v -0.02819841 0.00113818 0.01163041
v -0.02777135 0.00113818 0.01209490
v -0.02851871 0.00763227 0.01192340
v -0.02851243 0.00670454 0.01191625
v -0.02800372 0.00577681 0.01233429
v -0.02730661 0.00113818 0.01257011
v -0.02684815 0.00113818 0.01303103
v -0.02849359 0.00855999 0.01190196
v -0.02837426 0.01226418 0.01180549
v -0.02846846 0.00948772 0.01187695
v -0.02800372 0.00948772 0.01232000
v -0.02797860 0.01040872 0.01229499
v -0.02794720 0.01133645 0.01226641
v -0.02790952 0.01226418 0.01223068
v -0.02787184 0.01284905 0.01219137
v -0.02801000 0.01876499 0.01047277
v -0.02787812 0.01931625 0.01034771
v -0.02696120 0.02119187 0.01035486
v -0.02603800 0.02304060 0.01036558
v -0.02664719 0.02247589 0.01004044
v -0.02866315 0.01996162 0.00928296
v -0.02691724 0.01648601 0.01217351
v -0.02649646 0.01684231 0.01246292
v -0.02586215 0.01690953 0.01299172
v -0.02624525 0.01783726 0.01239146
v -0.02670999 0.01783726 0.01199129
v -0.02722497 0.01783726 0.01152680
v -0.02750758 0.01876499 0.01093368
v -0.02324956 0.01598181 -0.01479897
v -0.02371430 0.01598181 -0.01433449
v -0.02417276 0.01598181 -0.01387000
v -0.02592496 -0.01556763 -0.01373780
v -0.02620757 -0.01649535 -0.01329117
v -0.02663463 -0.01649535 -0.01242651
v -0.03010762 -0.02113399 -0.00500184
v -0.02788440 0.02303387 0.00849690
v -0.02772111 0.02365236 0.00832897
v -0.02709937 0.02414311 0.00864340
v -0.02745106 0.02444563 0.00806815
v -0.02605684 0.02583050 0.00852549
v -0.02500804 0.02751789 0.00840401
v -0.02703656 0.02683218 0.00673542
v -0.02598148 0.02850612 0.00659608
v -0.02575539 0.02919855 0.00613159
v -0.02506456 0.03037502 0.00568139
v -0.02324956 0.03227081 0.00573141
v -0.02414136 0.03223719 0.00475956
v -0.02434233 0.03245232 0.00427363
v -0.02468774 0.03279518 0.00346614
v -0.02524669 0.03245904 0.00314457
v -0.02436117 0.03334643 0.00316958
v -0.02422928 0.03418004 0.00210840
v -0.02507712 0.03319181 0.00207267
v -0.02507712 0.03319181 0.00187616
v -0.02593124 0.03117501 0.00210840
v -0.02605056 0.03055653 0.00172967
v -0.02619501 0.02995149 0.00145097
v -0.02509596 0.02769268 -0.00468027
v -0.02518388 0.03266072 0.00153672
v -0.02542253 0.02711453 -0.00407287
v -0.02399063 0.02248262 -0.01241936
v -0.02319304 0.02477504 -0.01287313
v -0.02328096 0.02415656 -0.01303035
v -0.02338773 0.02340362 -0.01319113
v -0.02348821 0.02248262 -0.01341623
v -0.02324956 0.02218010 -0.01386285
v -0.02269690 0.02163556 -0.01447026
v -0.02235776 0.02138010 -0.01482398
v -0.02245197 0.02062044 -0.01490616
v -0.02291043 0.02062044 -0.01449170
v -0.02299207 0.01969271 -0.01455601
v -0.02267178 0.01783726 -0.01504551
v -0.02252733 0.01969271 -0.01497048
v -0.02259641 0.01876499 -0.01501335
v -0.03008249 -0.02206171 -0.00500184
v -0.03044675 -0.02386339 -0.00398711
v -0.02927862 -0.02113399 -0.00685622
v -0.03055980 -0.02405162 -0.00370485
v -0.03040907 -0.02405162 0.00150100
v -0.02986269 -0.02405162 0.00234065
v -0.02988781 -0.02383650 0.00242283
v -0.03027090 -0.02292221 0.00234422
v -0.02991921 -0.02200121 0.00335895
v -0.02963031 -0.02405162 0.00268723
v -0.02945447 -0.02113399 0.00441298
v -0.02958635 -0.02020626 0.00459163
v -0.02959891 -0.02227012 0.00367694
v -0.02851243 -0.02405162 0.00427006
v -0.02855639 -0.02213566 0.00519546
v -0.02865687 -0.02113399 0.00551346
v -0.02882016 -0.01995080 0.00574570
v -0.02857523 -0.01927854 0.00632810
v -0.02912789 -0.01750375 0.00622091
v -0.02853755 -0.01750375 0.00702841
v -0.02814817 -0.01649535 0.00786449
v -0.02792836 -0.01535250 0.00853621
v -0.02870711 -0.01556763 0.00745002
v -0.02905253 -0.01556763 0.00698553
v -0.02853127 -0.01471385 0.00793952
v -0.02771483 -0.00999454 0.01017978
v -0.02801000 -0.01092227 0.00962240
v -0.02779648 -0.01315419 0.00934728
v -0.02699260 -0.00793741 0.01130527
v -0.02770855 -0.00535591 0.01108732
v -0.02777764 -0.00442818 0.01116950
v -0.02678535 -0.00535591 0.01208061
v -0.02606940 -0.00239794 0.01315251
v -0.02573655 0.00021045 0.01387782
v -0.02586215 0.00113818 0.01394214
v -0.02632689 0.00021045 0.01341691
v -0.02679163 0.00021045 0.01297386
v -0.02724381 0.00021045 0.01251294
v -0.02770855 0.00021045 0.01201987
v -0.02805397 0.00763227 0.01236645
v -0.02804769 0.00670454 0.01237002
v -0.02752642 0.00577681 0.01279878
v -0.02638342 0.00113818 0.01348122
v -0.02754527 0.00763227 0.01283094
v -0.02752014 0.00855999 0.01280593
v -0.02743850 0.01133645 0.01273089
v -0.02694236 0.01202216 0.01312035
v -0.02689212 0.01264065 0.01307747
v -0.02682303 0.01319863 0.01302031
v -0.02670371 0.01412635 0.01291312
v -0.02638342 0.01599525 0.01275948
v -0.02585587 0.02174985 0.01111948
v -0.02618245 0.02247589 0.01049420
v -0.02584331 0.02365908 0.01017621
v -0.02678535 0.02365908 0.00926152
v -0.02696120 0.02304060 0.00943303
v -0.02567375 0.02247589 0.01095869
v -0.02520900 0.02247589 0.01138031
v -0.02507712 0.02298009 0.01125882
v -0.02540369 0.01690953 0.01338118
v -0.02569886 0.01783726 0.01285595
v -0.02603172 0.01569946 0.01313107
v -0.02610080 0.01854986 0.01225926
v -0.02704284 0.01876499 0.01135172
v -0.02492639 0.02154817 0.01205203
v -0.02553558 0.02148094 0.01153037
v -0.02281622 0.01692298 -0.01501335
v -0.02273458 0.01598181 -0.01511697
v -0.02327468 0.01505408 -0.01482756
v -0.02373942 0.01505408 -0.01435950
v -0.02419788 0.01505408 -0.01389501
v -0.02546022 -0.01556763 -0.01420943
v -0.02593124 -0.01649535 -0.01375566
v -0.02381478 0.01226418 -0.01443096
v -0.02621385 -0.01742308 -0.01328760
v -0.02666603 -0.01927854 -0.01242651
v -0.02665347 -0.01742308 -0.01242651
v -0.02780904 -0.02020626 -0.01004333
v -0.02802256 -0.02020626 -0.00957884
v -0.02841822 -0.02020626 -0.00871418
v -0.02652786 0.02445236 0.00899712
v -0.02465006 0.02720864 0.00897926
v -0.02522157 0.02689941 0.00862196
v -0.02407228 0.02751117 0.00933656
v -0.02432977 0.02804226 0.00865769
v -0.02479451 0.02804226 0.00818963
v -0.02413508 0.02851956 0.00846117
v -0.02324956 0.03042880 0.00757865
v -0.02265921 0.03167249 0.00697838
v -0.02296695 0.03197501 0.00634954
v -0.02235148 0.03229098 0.00668183
v -0.02319932 0.03315147 0.00474527
v -0.02410368 0.03313131 0.00378771
v -0.02397807 0.03396492 0.00272653
v -0.02421672 0.03417332 0.00149385
v -0.02133408 0.03592793 0.00287660
v -0.02183022 0.03641869 0.00152958
v -0.02145968 0.03693633 0.00117228
v -0.02243941 0.03608928 0.00126875
v -0.02202491 0.03661365 0.00056487
v -0.02246453 0.03614978 0.00056487
v -0.02331236 0.03515483 0.00073995
v -0.02414136 0.03409937 0.00098648
v -0.02433605 0.03360862 0.00063276
v -0.02422928 0.03330610 -0.00016402
v -0.02410368 0.03311786 -0.00078214
v -0.02416648 0.03229098 -0.00187191
v -0.02497035 0.03294980 0.00125446
v -0.02490127 0.03175989 -0.00038912
v -0.02459982 0.03175316 -0.00128951
v -0.02428580 0.03174644 -0.00219705
v -0.02405344 0.03205568 -0.00249360
v -0.02415392 0.02763890 -0.00739217
v -0.02416020 0.02673806 -0.00835688
v -0.02422300 0.02611958 -0.00868559
v -0.02373942 0.02340362 -0.01242651
v -0.02342541 0.02441202 -0.01250869
v -0.02328096 0.02525907 -0.01220856
v -0.02320560 0.02575655 -0.01199775
v -0.02311768 0.02525907 -0.01267305
v -0.02247709 0.02618680 -0.01316969
v -0.02262153 0.02528596 -0.01342695
v -0.02305487 0.02340362 -0.01365562
v -0.02314908 0.02279858 -0.01376995
v -0.02226356 0.02199859 -0.01474181
v -0.02233264 0.02499689 -0.01387357
v -0.02244569 0.02433135 -0.01396647
v -0.02143456 0.02433135 -0.01482398
v -0.02204375 0.02340362 -0.01455601
v -0.02157901 0.02340362 -0.01493832
v -0.02172345 0.02247589 -0.01502050
v -0.02180510 0.02062044 -0.01522059
v -0.02180510 0.01969271 -0.01528847
v -0.02923466 -0.02206171 -0.00685622
v -0.02994433 -0.02405162 -0.00507687
v -0.03034627 -0.02405162 -0.00418363
v -0.03042791 -0.02405162 -0.00400141
v -0.02870084 -0.02113399 -0.00811034
v -0.02908393 -0.02023315 0.00527407
v -0.02801628 -0.02405162 0.00495607
v -0.02792208 -0.02270709 0.00573856
v -0.02847474 -0.02023315 0.00608514
v -0.02873224 -0.02056929 0.00562780
v -0.02804769 -0.02206171 0.00586361
v -0.02801628 -0.01742308 0.00768941
v -0.02790952 -0.01802140 0.00757507
v -0.02779020 -0.01597099 0.00842544
v -0.02694864 -0.01144664 0.01032627
v -0.02709309 -0.01092227 0.01040845
v -0.02687956 -0.00855590 0.01121952
v -0.02657810 -0.00628364 0.01196985
v -0.02632061 -0.00535591 0.01235216
v -0.02596892 -0.00301643 0.01308462
v -0.02527181 0.00021045 0.01412436
v -0.02539741 0.00113818 0.01419939
v -0.02591868 0.00206591 0.01397429
v -0.02502060 0.00546757 0.01492828
v -0.02507084 0.00608605 0.01496044
v -0.02755782 0.00670454 0.01283094
v -0.02709309 0.00670454 0.01325612
v -0.02706168 0.00577681 0.01323469
v -0.02655298 0.00577681 0.01369917
v -0.02708053 0.00763227 0.01324183
v -0.02705540 0.00855999 0.01321682
v -0.02697376 0.01133645 0.01314536
v -0.02596264 0.01152468 0.01400288
v -0.02652786 0.01230451 0.01342763
v -0.02589983 0.01226418 0.01395286
v -0.02578679 0.01319863 0.01385996
v -0.02520900 0.01412635 0.01414222
v -0.02511480 0.01483896 0.01407076
v -0.02497035 0.01598181 0.01394928
v -0.02225728 0.02570949 0.01215564
v -0.02522157 0.02411622 0.01045847
v -0.02418532 0.02581033 0.01036200
v -0.02427952 0.02228766 0.01229499
v -0.02410368 0.02290614 0.01214492
v -0.02483219 0.01690953 0.01384567
v -0.02523413 0.01783726 0.01323826
v -0.02450561 0.01598181 0.01432802
v -0.02510224 0.01841541 0.01313464
v -0.02434861 0.01969271 0.01328113
v -0.02420416 0.02033137 0.01315965
v -0.02595636 0.01917507 0.01214135
v -0.02642110 0.01882549 0.01187338
v -0.02446165 0.02154817 0.01245577
v -0.02180510 0.01876499 -0.01533135
v -0.02180510 0.01783726 -0.01535993
v -0.02273458 0.01412635 -0.01517056
v -0.02336888 0.01133645 -0.01491688
v -0.02335005 0.01226418 -0.01489902
v -0.02332492 0.01319863 -0.01487758
v -0.02497663 -0.01556763 -0.01467392
v -0.02498919 -0.01649535 -0.01468821
v -0.02546650 -0.01649535 -0.01422372
v -0.02546650 -0.01742308 -0.01422730
v -0.02546650 -0.01835081 -0.01422730
v -0.02593124 -0.01835081 -0.01374852
v -0.02621385 -0.01835081 -0.01328403
v -0.02620757 -0.02020626 -0.01327331
v -0.02665975 -0.02020626 -0.01242651
v -0.02689840 -0.02020626 -0.01194416
v -0.02689840 -0.01927854 -0.01194416
v -0.02755782 -0.02020626 -0.01056856
v -0.02779648 -0.02113399 -0.01002189
v -0.02801628 -0.02113399 -0.00956097
v -0.02841822 -0.02113399 -0.00871418
v -0.02397179 0.02642882 0.01015834
v -0.02429208 0.02689268 0.00954022
v -0.02311139 0.02747755 0.01022980
v -0.02335005 0.02685907 0.01045133
v -0.02041088 0.03036157 0.01030841
v -0.02137176 0.03040191 0.00940802
v -0.02141572 0.03136325 0.00852549
v -0.02234520 0.03136997 0.00759651
v -0.02139688 0.03226408 0.00757150
v -0.02168577 0.03258677 0.00695337
v -0.02135292 0.03315820 0.00660679
v -0.01964469 0.03513466 0.00582074
v -0.02026643 0.03488592 0.00550631
v -0.01990218 0.03543046 0.00515259
v -0.02044856 0.03595482 0.00384845
v -0.02113311 0.03576659 0.00334466
v -0.02066837 0.03612289 0.00334466
v -0.02117707 0.03674810 0.00179041
v -0.02027271 0.03677499 0.00273725
v -0.02086934 0.03711112 0.00148670
v -0.02030411 0.03772960 0.00091860
v -0.01997754 0.03807918 0.00059346
v -0.02055532 0.03788423 0.00030047
v -0.02156017 0.03705062 0.00056487
v -0.02149108 0.03701028 -0.00036053
v -0.02235776 0.03605566 -0.00009970
v -0.02318676 0.03499348 0.00012182
v -0.02402203 0.03392458 0.00036836
v -0.02334376 0.03335988 -0.00221848
v -0.02323072 0.03319853 -0.00275443
v -0.02400319 0.03294980 -0.00128951
v -0.02330608 0.03237165 -0.00386563
v -0.02382734 0.03263383 -0.00219705
v -0.02316792 0.03217669 -0.00448376
v -0.02321816 0.03133636 -0.00552707
v -0.02320560 0.02666411 -0.01105448
v -0.02405344 0.02638848 -0.00897858
v -0.02352589 0.02525907 -0.01149753
v -0.02292299 0.02611285 -0.01235505
v -0.02233892 0.02677167 -0.01298390
v -0.02222588 0.02561538 -0.01378425
v -0.02135292 0.02482210 -0.01475610
v -0.02087562 0.02517840 -0.01493832
v -0.02087562 0.02433135 -0.01513126
v -0.02087562 0.02340362 -0.01525632
v -0.02087562 0.02247589 -0.01533849
v -0.02882644 -0.02405162 -0.00744219
v -0.02748874 -0.02405162 0.00530623
v -0.02766459 -0.02332557 0.00558849
v -0.02785300 -0.02069702 0.00660322
v -0.02795976 -0.02020626 0.00669612
v -0.01942488 -0.01039118 0.01399216
v -0.02139688 -0.01052563 0.01311320
v -0.02669743 -0.01485502 0.00929368
v -0.02335005 -0.01065336 0.01223425
v -0.02695492 -0.01423654 0.00940087
v -0.02714333 -0.01370545 0.00948662
v -0.02642738 -0.01179622 0.01045133
v -0.02467518 -0.01100967 0.01151608
v -0.02525925 -0.01075420 0.01133028
v -0.02588099 -0.01031051 0.01118736
v -0.02640854 -0.01000127 0.01103373
v -0.02672883 -0.00906682 0.01114806
v -0.02652158 -0.00820632 0.01149464
v -0.02611336 -0.00628364 0.01222710
v -0.02627037 -0.00906682 0.01137316
v -0.02565490 -0.00442818 0.01293098
v -0.02560466 -0.00265340 0.01334545
v -0.02513364 -0.00044165 0.01406005
v -0.02385247 0.00021045 0.01481395
v -0.02458726 0.00113818 0.01460314
v -0.02326840 -0.00041476 0.01498188
v -0.02494523 0.00484909 0.01488898
v -0.02608824 0.00577681 0.01411007
v -0.02448049 0.00484909 0.01511408
v -0.02257129 0.00484909 0.01601804
v -0.02180510 0.00484909 0.01637892
v -0.02466262 0.00577681 0.01512480
v -0.02180510 0.00577681 0.01643966
v -0.02458726 0.00670454 0.01519268
v -0.02507712 0.00670454 0.01496044
v -0.02554186 0.00670454 0.01458528
v -0.02656554 0.00670454 0.01372061
v -0.02651530 0.00855999 0.01368131
v -0.02610080 0.00670454 0.01412079
v -0.02635201 0.01126250 0.01368488
v -0.02543509 0.01226418 0.01432087
v -0.02598148 0.01090620 0.01402074
v -0.02551674 0.01040872 0.01442449
v -0.02559838 0.01126250 0.01431016
v -0.02491383 0.01133645 0.01484610
v -0.02532205 0.01319863 0.01423512
v -0.02328096 0.02400194 0.01223425
v -0.02268434 0.02425740 0.01258797
v -0.02228240 0.02388765 0.01309891
v -0.02162297 0.02618680 0.01235930
v -0.02141572 0.02673806 0.01221638
v -0.02208771 0.02618680 0.01201272
v -0.02271574 0.02611285 0.01149821
v -0.02301091 0.02637504 0.01106946
v -0.02329980 0.02218010 0.01317752
v -0.02392155 0.02154817 0.01292026
v -0.02309883 0.02279858 0.01301673
v -0.02436745 0.01690953 0.01421726
v -0.02423556 0.01762886 0.01410650
v -0.02456214 0.01789776 0.01375634
v -0.02384619 0.01598181 0.01479251
v -0.02452445 0.01415324 0.01466388
v -0.02409112 0.01448265 0.01492828
v -0.02399691 0.01505408 0.01487826
v -0.02377082 0.01969271 0.01374205
v -0.02320560 0.02017002 0.01402074
v -0.02363266 0.02055994 0.01353839
v -0.02345681 0.02154817 0.01331329
v -0.02406600 0.02094985 0.01303817
v -0.02087562 0.02154817 -0.01537423
v -0.02180510 0.01690953 -0.01537780
v -0.02273458 0.01226418 -0.01521701
v -0.02451190 -0.01556763 -0.01504551
v -0.02452445 -0.01649535 -0.01504908
v -0.02499547 -0.01742308 -0.01468821
v -0.02500176 -0.01927854 -0.01469178
v -0.02546022 -0.01927854 -0.01422730
v -0.02592496 -0.01927854 -0.01374494
v -0.02591868 -0.02020626 -0.01373780
v -0.02617617 -0.02113399 -0.01322329
v -0.02660322 -0.02113399 -0.01242651
v -0.02710564 -0.02113399 -0.01142965
v -0.02775879 -0.02206171 -0.00994686
v -0.02033551 0.02935317 0.01116950
v -0.01999638 0.02996494 0.01098728
v -0.02239544 0.02680529 0.01135172
v -0.01941232 0.03031451 0.01119451
v -0.02044228 0.03131619 0.00940444
v -0.02106403 0.03102039 0.00914362
v -0.02074373 0.03164560 0.00880061
v -0.01941860 0.03309769 0.00839329
v -0.02103890 0.03198173 0.00818963
v -0.01875289 0.03423382 0.00770370
v -0.01870264 0.03510777 0.00673185
v -0.01920507 0.03575314 0.00541699
v -0.01953792 0.03596827 0.00479886
v -0.01965725 0.03695650 0.00304810
v -0.01762872 0.03871784 0.00196191
v -0.01710118 0.03928926 0.00143668
v -0.01674948 0.03966573 0.00109010
v -0.01737123 0.03949094 0.00072923
v -0.01763500 0.03964556 0.00011110
v -0.02055532 0.03788423 -0.00017474
v -0.01779829 0.03976657 -0.00036053
v -0.01781713 0.03978674 -0.00128951
v -0.02136548 0.03688255 -0.00088219
v -0.02198723 0.03637835 -0.00039269
v -0.02086934 0.03752792 -0.00043556
v -0.02132780 0.03591449 -0.00265796
v -0.02210027 0.03568592 -0.00128951
v -0.02216935 0.03486575 -0.00245788
v -0.02154761 0.03529600 -0.00314746
v -0.02342541 0.03268089 -0.00309744
v -0.02233264 0.03138342 -0.00746006
v -0.02236404 0.03053636 -0.00846407
v -0.02206259 0.02618680 -0.01363418
v -0.02222588 0.03027418 -0.00908577
v -0.02216307 0.02739016 -0.01263374
v -0.02134664 0.02944057 -0.01197274
v -0.02119591 0.02918511 -0.01259087
v -0.02137176 0.02856662 -0.01293387
v -0.02152249 0.02804226 -0.01309466
v -0.02118335 0.02544059 -0.01462747
v -0.02123359 0.02739688 -0.01373422
v -0.02142200 0.02677840 -0.01387357
v -0.02159785 0.02618680 -0.01400577
v -0.02056160 0.02597840 -0.01485614
v -0.01977029 0.02711453 -0.01494547
v -0.02002150 0.02624730 -0.01504908
v -0.01902294 0.02711453 -0.01525989
v -0.01994614 0.02525907 -0.01529562
v -0.01994614 0.02433135 -0.01537065
v -0.02766459 -0.02405162 -0.00976463
v -0.02737570 -0.02405162 0.00537054
v -0.02704912 -0.02355414 0.00570640
v -0.01938719 -0.01501637 0.01212706
v -0.01924903 -0.01303318 0.01300244
v -0.01902294 -0.01185000 0.01357412
v -0.01880941 -0.01070715 0.01412079
v -0.01907946 -0.01004833 0.01424941
v -0.01855820 -0.00860968 0.01494615
v -0.01966981 -0.00977270 0.01409578
v -0.02206887 -0.00999454 0.01300601
v -0.02417904 -0.01238109 0.01125882
v -0.02273458 -0.00999454 0.01272018
v -0.02365778 -0.00995421 0.01232000
v -0.02397179 -0.01022984 0.01209133
v -0.02551674 -0.01185000 0.01085150
v -0.02608196 -0.00969202 0.01128026
v -0.02435489 -0.00906682 0.01226998
v -0.02500176 -0.00852228 0.01213778
v -0.02519016 -0.00790380 0.01223068
v -0.02411624 -0.00673405 0.01308462
v -0.02550418 -0.00712397 0.01229499
v -0.02598148 -0.00675422 0.01216279
v -0.02490755 -0.00555087 0.01302031
v -0.02543509 -0.00528868 0.01282737
v -0.02507084 -0.00493238 0.01309891
v -0.02319932 -0.00490549 0.01402074
v -0.02331236 -0.00442818 0.01407434
v -0.02313023 -0.00103324 0.01491399
v -0.02465006 -0.00073744 0.01423512
v -0.02338773 0.00021045 0.01503904
v -0.02273458 0.00021045 0.01535347
v -0.02273458 0.00113818 0.01548924
v -0.02372686 0.00207935 0.01513194
v -0.02416020 0.00239532 0.01496401
v -0.02451818 0.00207935 0.01475321
v -0.02470030 0.00299363 0.01477822
v -0.02278482 -0.00072400 0.01514981
v -0.02138432 -0.00034081 0.01589299
v -0.02436117 0.00392136 0.01505691
v -0.02291671 0.00392136 0.01574292
v -0.02109543 0.00484909 0.01669691
v -0.02116451 0.00577681 0.01672907
v -0.02208771 0.00113818 0.01579294
v -0.02180510 0.00299363 0.01615024
v -0.02162297 0.00113818 0.01600375
v -0.02267805 0.00670454 0.01605735
v -0.02365778 0.00670454 0.01561430
v -0.02267805 0.00763227 0.01605735
v -0.02313652 0.00855999 0.01584654
v -0.02365778 0.00948772 0.01559643
v -0.02365778 0.01040872 0.01558571
v -0.02505828 0.00732302 0.01495329
v -0.02542881 0.00763227 0.01463530
v -0.02607568 0.00763227 0.01409935
v -0.02482591 0.01226418 0.01478536
v -0.02503944 0.00794151 0.01493900
v -0.02495151 0.01040872 0.01487469
v -0.02444909 0.01133645 0.01514266
v -0.02436117 0.01226418 0.01509264
v -0.02471286 0.01319863 0.01469961
v -0.02180510 0.02340362 0.01354554
v -0.02174858 0.02425068 0.01321325
v -0.02140316 0.02486916 0.01312035
v -0.02113311 0.02548764 0.01298815
v -0.02271574 0.02156834 0.01379922
v -0.02218191 0.02189102 0.01397429
v -0.02184278 0.02254312 0.01388140
v -0.02081910 0.02707419 0.01233072
v -0.02047368 0.02763890 0.01219495
v -0.02176742 0.02708092 0.01166972
v -0.02084422 0.02615319 0.01280950
v -0.02301719 0.02078851 0.01391713
v -0.02361382 0.01690281 0.01471033
v -0.02373942 0.01789776 0.01434231
v -0.02409740 0.01824734 0.01399931
v -0.02397807 0.01876499 0.01390998
v -0.02338144 0.01598181 0.01503190
v -0.02326840 0.01659357 0.01498188
v -0.02206887 0.01505408 0.01578223
v -0.02353217 0.01505408 0.01510336
v -0.02417276 0.01386417 0.01497473
v -0.02365778 0.01226418 0.01544994
v -0.02365778 0.01319863 0.01531774
v -0.02264665 0.01405913 0.01566075
v -0.02273458 0.01969271 0.01438519
v -0.02271574 0.02053305 0.01414937
v -0.02239544 0.02127254 0.01408148
v -0.02311139 0.01721205 0.01490684
v -0.02292927 0.01783726 0.01482109
v -0.02266550 0.01871121 0.01469961
v -0.02087562 0.02062044 -0.01538137
v -0.02273458 0.01133645 -0.01523488
v -0.02180510 0.01598181 -0.01538137
v -0.02365778 -0.01649535 -0.01536708
v -0.02365778 -0.01556763 -0.01535993
v -0.02365778 -0.01463318 -0.01534921
v -0.02453073 -0.01835081 -0.01505266
v -0.02453073 -0.01742308 -0.01504908
v -0.02453701 -0.01927854 -0.01505266
v -0.02452445 -0.02020626 -0.01505266
v -0.02498919 -0.02020626 -0.01468464
v -0.02545393 -0.02020626 -0.01422015
v -0.02541625 -0.02113399 -0.01418442
v -0.02588099 -0.02113399 -0.01368778
v -0.02611964 -0.02206171 -0.01313039
v -0.02649646 -0.02206171 -0.01242651
v -0.02724381 -0.02405162 -0.01057928
v -0.01854564 0.02942712 0.01215564
v -0.01879685 0.03051619 0.01133743
v -0.01679972 0.03321870 0.01036200
v -0.01782341 0.03237837 0.01043346
v -0.01742147 0.03299686 0.01015477
v -0.01843887 0.03212291 0.01020479
v -0.01943744 0.03124896 0.01026553
v -0.01780457 0.03329937 0.00953307
v -0.01779201 0.03419349 0.00859338
v -0.01833839 0.03485231 0.00734998
v -0.01771664 0.03505399 0.00758937
v -0.01805578 0.03526239 0.00704627
v -0.01858960 0.03594810 0.00569211
v -0.01894757 0.03608928 0.00514544
v -0.01661760 0.03773633 0.00465952
v -0.01578232 0.03871784 0.00381986
v -0.01848912 0.03774977 0.00281585
v -0.01706977 0.03882540 0.00232993
v -0.01641663 0.03951111 0.00170823
v -0.01580116 0.03965229 0.00198335
v -0.01615914 0.03975313 0.00143668
v -0.01623450 0.04010271 0.00056487
v -0.01630358 0.04045228 -0.00031051
v -0.01716398 0.04010271 -0.00036053
v -0.01710118 0.03975985 0.00047912
v -0.01828187 0.03940355 -0.00128951
v -0.01716398 0.04018337 -0.00128951
v -0.01715770 0.03986069 -0.00216489
v -0.01766640 0.03967918 -0.00182188
v -0.02088190 0.03713801 -0.00123234
v -0.02058045 0.03700356 -0.00203269
v -0.02119591 0.03671448 -0.00150031
v -0.02146596 0.03609600 -0.00203984
v -0.02159157 0.03639852 -0.00123234
v -0.02054904 0.03606911 -0.00386206
v -0.02037320 0.03589432 -0.00448019
v -0.02120219 0.03575987 -0.00314746
v -0.02140944 0.03509432 -0.00374415
v -0.02181766 0.03548424 -0.00225064
v -0.02130896 0.03031451 -0.01097588
v -0.02047996 0.03508088 -0.00559853
v -0.02081281 0.02886242 -0.01330904
v -0.02103890 0.02804226 -0.01355915
v -0.02085050 0.02985737 -0.01235505
v -0.02058045 0.02964897 -0.01306608
v -0.01958816 0.02774646 -0.01482398
v -0.02042972 0.02853301 -0.01383069
v -0.01904806 0.02804898 -0.01499191
v -0.01902294 0.02618680 -0.01535993
v -0.01809346 0.02804226 -0.01531348
v -0.01809346 0.02711453 -0.01537780
v -0.01902294 0.02525907 -0.01537780
v -0.01994614 0.02340362 -0.01537780
v -0.02692980 -0.02405162 0.00552775
v -0.01664272 -0.01505670 0.01307033
v -0.01716398 -0.01484830 0.01298100
v -0.01876545 -0.01526511 0.01223782
v -0.01801181 -0.01455251 0.01281307
v -0.01905434 -0.01468024 0.01238789
v -0.01862728 -0.01330881 0.01311678
v -0.01897270 -0.01274411 0.01322397
v -0.01848284 -0.01132563 0.01399216
v -0.01673692 -0.01049202 0.01495687
v -0.01801181 -0.00992059 0.01469961
v -0.01826931 -0.00922816 0.01484253
v -0.01801181 -0.00897942 0.01501761
v -0.01764756 -0.00677439 0.01588227
v -0.01853936 -0.00579960 0.01586798
v -0.01907318 -0.00725170 0.01517124
v -0.01996498 -0.00906682 0.01420297
v -0.02225728 -0.00951723 0.01308462
v -0.02275970 -0.00915421 0.01297386
v -0.02273458 -0.00721136 0.01358127
v -0.02362638 -0.00813909 0.01288811
v -0.02465006 -0.00818615 0.01240218
v -0.02241428 -0.00604162 0.01408506
v -0.02374570 -0.00637103 0.01336331
v -0.02302975 -0.00552398 0.01394214
v -0.02428580 -0.00611557 0.01317037
v -0.02459354 -0.00528868 0.01324183
v -0.02272830 -0.00526852 0.01414937
v -0.02273458 -0.00442818 0.01435303
v -0.02222588 -0.00295592 0.01492828
v -0.02237032 -0.00233744 0.01499617
v -0.02299207 -0.00164500 0.01484610
v -0.02194954 0.00021045 0.01572506
v -0.02173602 -0.00067694 0.01565717
v -0.02122731 -0.00095929 0.01582510
v -0.02090074 -0.00067694 0.01602876
v -0.01882197 -0.00071728 0.01691486
v -0.01943116 -0.00007862 0.01677909
v -0.02148480 0.00021045 0.01593944
v -0.02063069 0.00484909 0.01688985
v -0.02096354 0.00392136 0.01663974
v -0.02042344 0.00342388 0.01680767
v -0.02049880 0.00392136 0.01683626
v -0.02069977 0.00577681 0.01691844
v -0.02070605 0.00670454 0.01692201
v -0.02071233 0.00855999 0.01692915
v -0.02117079 0.00670454 0.01672907
v -0.02180510 0.00763227 0.01645037
v -0.02087562 0.00113818 0.01632532
v -0.02087562 0.00206591 0.01644323
v -0.02180510 0.00855999 0.01645037
v -0.02267178 0.00855999 0.01605735
v -0.02180510 0.00948772 0.01644680
v -0.02265293 0.01040872 0.01605020
v -0.02312395 0.00948772 0.01584297
v -0.02311768 0.01040872 0.01583582
v -0.02365778 0.01133645 0.01554641
v -0.02448677 0.01040872 0.01516053
v -0.02498291 0.00948772 0.01489970
v -0.02108915 0.02340362 0.01389569
v -0.02015339 0.02449269 0.01389212
v -0.02084422 0.02521202 0.01324898
v -0.02051764 0.02582378 0.01314179
v -0.02184278 0.02156834 0.01423870
v -0.02049880 0.02119187 0.01498545
v -0.02083794 0.02152128 0.01471748
v -0.02156017 0.02227421 0.01411721
v -0.02130268 0.02289270 0.01399931
v -0.01763500 0.02851284 0.01309177
v -0.02273458 0.01598181 0.01533203
v -0.02096982 0.01606920 0.01611094
v -0.02134036 0.01643895 0.01587155
v -0.02277226 0.01690281 0.01513194
v -0.02146596 0.01582046 0.01593229
v -0.02218191 0.01432803 0.01583582
v -0.02087562 0.01505408 0.01632532
v -0.02294811 0.01226418 0.01576793
v -0.02282250 0.01319863 0.01570362
v -0.02306115 0.01133645 0.01581438
v -0.02228240 0.01370955 0.01587870
v -0.02150365 0.01949776 0.01502475
v -0.02181138 0.01975994 0.01480323
v -0.02131524 0.02011624 0.01493543
v -0.02180510 0.02062044 0.01455669
v -0.02115823 0.02062044 0.01486040
v -0.02069349 0.02062044 0.01507835
v -0.02180510 0.01690953 0.01555713
v -0.02247081 0.01783726 0.01503547
v -0.02230752 0.01836835 0.01496401
v -0.01994614 0.02247589 -0.01538137
v -0.02273458 -0.00813909 -0.01538137
v -0.02365778 -0.01835081 -0.01537065
v -0.02365778 -0.01927854 -0.01537065
v -0.02365778 -0.02020626 -0.01536708
v -0.02365778 -0.02113399 -0.01535279
v -0.02365778 -0.02206171 -0.01532420
v -0.02448677 -0.02113399 -0.01503479
v -0.02495151 -0.02113399 -0.01464534
v -0.02489499 -0.02206171 -0.01458459
v -0.02535345 -0.02206171 -0.01412011
v -0.02528437 -0.02298944 -0.01405937
v -0.02522157 -0.02391717 -0.01399148
v -0.02581819 -0.02206171 -0.01359488
v -0.02605684 -0.02298944 -0.01302677
v -0.02601288 -0.02368187 -0.01294459
v -0.02671627 -0.02391717 -0.01159758
v -0.02695492 -0.02405162 -0.01111880
v -0.01595189 0.02956158 0.01316680
v -0.01549343 0.03018006 0.01297386
v -0.01574464 0.03127585 0.01215207
v -0.01716398 0.02868091 0.01319896
v -0.01626590 0.03180694 0.01156253
v -0.01623450 0.03383046 0.01006187
v -0.01677460 0.03411954 0.00943660
v -0.01710118 0.03356828 0.00979390
v -0.01597073 0.03233803 0.01132314
v -0.01623450 0.03336660 0.01047277
v -0.01557507 0.03398508 0.01022980
v -0.01381659 0.03588087 0.00932226
v -0.01739635 0.03391786 0.00921150
v -0.01712002 0.03435483 0.00890780
v -0.01716398 0.03485231 0.00825751
v -0.01593305 0.03602205 0.00763939
v -0.01654851 0.03584726 0.00741072
v -0.01695673 0.03607583 0.00679259
v -0.01809346 0.03575314 0.00634954
v -0.01578860 0.03686911 0.00660679
v -0.01530502 0.03748087 0.00611372
v -0.01561903 0.03770272 0.00554204
v -0.01627846 0.03755482 0.00522047
v -0.01599585 0.03791112 0.00492392
v -0.01530502 0.03854977 0.00446657
v -0.01475236 0.03867750 0.00467381
v -0.01530502 0.03881867 0.00400209
v -0.01377891 0.03959178 0.00370196
v -0.01159338 0.04047917 0.00362692
v -0.01159338 0.04070774 0.00316243
v -0.01159338 0.04107077 0.00242283
v -0.01211464 0.04152119 0.00107581
v -0.01603981 0.04067413 -0.00058563
v -0.01656735 0.04049934 -0.00128951
v -0.01414945 0.04162202 -0.00201840
v -0.01594561 0.04066741 -0.00195766
v -0.01624706 0.04036489 -0.00224707
v -0.01684369 0.03973296 -0.00287591
v -0.01745915 0.03951111 -0.00244001
v -0.01681856 0.03880523 -0.00470886
v -0.01744031 0.03854977 -0.00424080
v -0.01779201 0.03885229 -0.00314746
v -0.01998382 0.03642541 -0.00413003
v -0.02024759 0.03671448 -0.00314746
v -0.01842003 0.03766910 -0.00431226
v -0.01973889 0.03614306 -0.00500184
v -0.01933695 0.03581365 -0.00618450
v -0.01963841 0.03514810 -0.00685622
v -0.02030411 0.03487920 -0.00621666
v -0.02031039 0.03026746 -0.01273736
v -0.01958816 0.03418676 -0.00841762
v -0.01939975 0.03120863 -0.01276952
v -0.01848284 0.03214980 -0.01280525
v -0.01969493 0.03059014 -0.01305893
v -0.01993986 0.02989099 -0.01336978
v -0.02019107 0.02915150 -0.01368420
v -0.01937463 0.02836494 -0.01468106
v -0.01875917 0.02870780 -0.01486686
v -0.01812486 0.02899687 -0.01502407
v -0.01720166 0.02993132 -0.01503479
v -0.01623450 0.02989771 -0.01532420
v -0.01530502 0.02989771 -0.01537780
v -0.02652158 -0.02405162 0.00566353
v -0.01438182 -0.01486847 0.01391713
v -0.01602725 -0.01528528 0.01317752
v -0.01524850 -0.01457267 0.01376349
v -0.01489680 -0.01421637 0.01403861
v -0.01764128 -0.01418948 0.01309534
v -0.01826303 -0.01392730 0.01298815
v -0.01538666 -0.01100294 0.01521769
v -0.01398616 -0.01051891 0.01589656
v -0.01460791 -0.01022984 0.01579294
v -0.01526106 -0.00994749 0.01566432
v -0.01708862 -0.00992059 0.01502833
v -0.01764756 -0.00955757 0.01495329
v -0.01735867 -0.00739288 0.01577865
v -0.01526106 -0.00901304 0.01597874
v -0.01716398 -0.00628364 0.01621456
v -0.01786109 -0.00628364 0.01596088
v -0.01582000 -0.00587355 0.01681839
v -0.01716398 -0.00535591 0.01648253
v -0.01817510 -0.00543658 0.01609665
v -0.01809346 -0.00442818 0.01637534
v -0.01872148 -0.00518112 0.01594658
v -0.02129012 -0.00479121 0.01492471
v -0.02180510 -0.00535591 0.01454955
v -0.02026643 -0.00653910 0.01488183
v -0.02085050 -0.00906682 0.01382780
v -0.02137176 -0.00771556 0.01403146
v -0.02172974 -0.00807186 0.01376349
v -0.02247081 -0.00889875 0.01318109
v -0.02185534 -0.00632397 0.01424584
v -0.02177998 -0.00446180 0.01478536
v -0.02208771 -0.00350046 0.01486754
v -0.02044856 -0.00217609 0.01588942
v -0.01865240 -0.00136937 0.01684340
v -0.01928671 -0.00071728 0.01671478
v -0.01809346 -0.00071728 0.01721499
v -0.01809346 0.00021045 0.01737221
v -0.01907946 0.00022390 0.01696488
v -0.01952536 0.00053986 0.01681839
v -0.02087562 0.00021045 0.01620027
v -0.01994614 0.00484909 0.01716854
v -0.01902294 0.00392136 0.01744724
v -0.01798041 0.00392136 0.01787600
v -0.01852680 0.00454657 0.01771879
v -0.02078769 0.00306758 0.01660759
v -0.01961328 0.00113818 0.01685770
v -0.01902294 0.00206591 0.01722214
v -0.01994614 0.00577681 0.01721857
v -0.01908574 0.00670454 0.01757229
v -0.01994614 0.00670454 0.01722929
v -0.01994614 0.00763227 0.01723643
v -0.01858332 0.00516505 0.01774022
v -0.01994614 0.00948772 0.01724715
v -0.02071233 0.00948772 0.01692915
v -0.02117707 0.00948772 0.01672907
v -0.02180510 0.01040872 0.01643608
v -0.01902294 0.02433135 0.01449952
v -0.01953164 0.02484899 0.01404218
v -0.01809346 0.02525907 0.01450667
v -0.01765384 0.02667756 0.01402789
v -0.01857076 0.02109775 0.01587870
v -0.01994614 0.02152128 0.01511765
v -0.01994614 0.02062044 0.01542135
v -0.01921135 0.02062044 0.01575364
v -0.01905434 0.02346413 0.01481395
v -0.01716398 0.02804226 0.01354554
v -0.01605865 0.02780696 0.01415294
v -0.01953164 0.01561878 0.01682196
v -0.01988333 0.01594819 0.01660401
v -0.01937463 0.01623727 0.01675765
v -0.01994614 0.01690953 0.01636105
v -0.02074373 0.01690953 0.01601804
v -0.02009058 0.01505408 0.01666833
v -0.02180510 0.01319863 0.01615382
v -0.02087562 0.01412635 0.01644323
v -0.02248965 0.01226418 0.01596802
v -0.02235776 0.01319863 0.01591085
v -0.02180510 0.01133645 0.01637534
v -0.02115823 0.01040872 0.01672549
v -0.02095726 0.01975994 0.01520698
v -0.01941232 0.02002885 0.01584297
v -0.02002150 0.01789104 0.01609665
v -0.01958816 0.01941036 0.01591800
v -0.00695854 0.03175316 -0.01538137
v -0.02273458 -0.02405162 -0.01538137
v -0.02365778 -0.02298944 -0.01528490
v -0.02365778 -0.02391717 -0.01523845
v -0.02443025 -0.02206171 -0.01500621
v -0.02436745 -0.02298944 -0.01497048
v -0.02430465 -0.02391717 -0.01492046
v -0.02476939 -0.02391717 -0.01445597
v -0.02513992 -0.02405162 -0.01405222
v -0.02520900 -0.02405162 -0.01398076
v -0.02574911 -0.02298944 -0.01349126
v -0.02571771 -0.02405162 -0.01330189
v -0.02598776 -0.02405162 -0.01289814
v -0.02621385 -0.02405162 -0.01248725
v -0.02670999 -0.02405162 -0.01157257
v -0.01397988 0.02948091 0.01404575
v -0.01487168 0.03038174 0.01310249
v -0.01512917 0.03145064 0.01228070
v -0.01565043 0.02842545 0.01397072
v -0.01500357 0.03509432 0.00946876
v -0.01623450 0.03427416 0.00959738
v -0.01561903 0.03491281 0.00927224
v -0.01631614 0.03478508 0.00894353
v -0.01438182 0.03163888 0.01241647
v -0.01391080 0.03221703 0.01215922
v -0.01329533 0.03236493 0.01226998
v -0.01252286 0.03301030 0.01205917
v -0.01495960 0.03412626 0.01034414
v -0.01305040 0.03502710 0.01032627
v -0.01343350 0.03545735 0.00983678
v -0.01319485 0.03601533 0.00945804
v -0.01252286 0.03660692 0.00906144
v -0.01341466 0.03637835 0.00889708
v -0.01364075 0.03674810 0.00830039
v -0.01441950 0.03659348 0.00798954
v -0.01438182 0.03609600 0.00866484
v -0.01438182 0.03572625 0.00912932
v -0.01668040 0.03498676 0.00843259
v -0.01489052 0.03595482 0.00848261
v -0.01524222 0.03615650 0.00796453
v -0.01475863 0.03680860 0.00746074
v -0.01530502 0.03666070 0.00725350
v -0.01617170 0.03635818 0.00700697
v -0.01530502 0.03700356 0.00678902
v -0.01455767 0.03765566 0.00641028
v -0.01499729 0.03786406 0.00579215
v -0.01530502 0.03807246 0.00522047
v -0.01394220 0.03779683 0.00661037
v -0.01413061 0.03879851 0.00487032
v -0.01112864 0.04056657 0.00380557
v -0.01316345 0.03971279 0.00393063
v -0.01109096 0.04148757 0.00193690
v -0.01159338 0.04160858 0.00127947
v -0.01159338 0.04190438 0.00056487
v -0.01193251 0.04239513 -0.00090720
v -0.01252286 0.04195144 -0.00036053
v -0.01610261 0.04072119 -0.00128951
v -0.01256682 0.04229429 -0.00124663
v -0.01228421 0.04250941 -0.00152533
v -0.01224025 0.04249597 -0.00221848
v -0.01269871 0.04228085 -0.00221848
v -0.01207068 0.04243547 -0.00269727
v -0.01443206 0.04134639 -0.00228280
v -0.01534898 0.04086236 -0.00224707
v -0.01626590 0.03992119 -0.00316890
v -0.01659247 0.03958506 -0.00349404
v -0.01656735 0.03863044 -0.00532698
v -0.01673692 0.03781700 -0.00643818
v -0.01691905 0.03797834 -0.00593082
v -0.01948768 0.03500021 -0.00732428
v -0.01938091 0.03396492 -0.00903575
v -0.01863984 0.03322542 -0.01115453
v -0.01925531 0.03480525 -0.00794241
v -0.01839491 0.03300358 -0.01177265
v -0.01813114 0.03270778 -0.01246939
v -0.01745915 0.03303719 -0.01275165
v -0.01786737 0.03241870 -0.01305178
v -0.01877801 0.03153131 -0.01305536
v -0.01925531 0.03013972 -0.01367706
v -0.01956932 0.02952124 -0.01387000
v -0.01904806 0.02899687 -0.01451313
v -0.01783597 0.02964897 -0.01487758
v -0.01691905 0.03057670 -0.01488472
v -0.01625334 0.03086577 -0.01500978
v -0.01530502 0.03082543 -0.01527775
v -0.01345234 0.03175316 -0.01533135
v -0.01438182 0.03082543 -0.01537065
v -0.01252286 0.03175316 -0.01537780
v -0.00794454 -0.02405162 0.01147320
v -0.01497844 -0.01611889 0.01313464
v -0.01438182 -0.01556763 0.01358841
v -0.01384172 -0.01505670 0.01399573
v -0.01438182 -0.01440461 0.01412079
v -0.01413689 -0.01248193 0.01501761
v -0.01441950 -0.01279117 0.01479608
v -0.01441950 -0.01190378 0.01517124
v -0.01475236 -0.01224663 0.01491756
v -0.01512917 -0.01162815 0.01504619
v -0.01433158 -0.01086849 0.01563573
v -0.01433158 -0.00994749 0.01597874
v -0.01370355 -0.01310041 0.01488541
v -0.01345234 -0.01116429 0.01577865
v -0.01345234 -0.01070042 0.01597159
v -0.01099675 -0.01035084 0.01676480
v -0.01345234 -0.00999454 0.01622528
v -0.01362819 -0.00837438 0.01672549
v -0.01399244 -0.00775590 0.01682911
v -0.01491564 -0.00961135 0.01590013
v -0.01490936 -0.00682145 0.01682554
v -0.01525478 -0.00622313 0.01690057
v -0.01438182 -0.00628364 0.01718284
v -0.01438182 -0.00535591 0.01744724
v -0.01717026 -0.00448196 0.01669334
v -0.01748427 -0.00376264 0.01675408
v -0.01769152 -0.00314416 0.01682554
v -0.01786109 -0.00257273 0.01689343
v -0.01848912 -0.00198786 0.01677552
v -0.01934323 -0.00462314 0.01581081
v -0.01902922 -0.00436096 0.01600732
v -0.01950652 -0.00400466 0.01588227
v -0.02093842 -0.00446180 0.01515338
v -0.01902294 -0.00257273 0.01641464
v -0.01814370 -0.00166517 0.01698632
v -0.01716398 -0.00164500 0.01735791
v -0.01711374 -0.00069711 0.01757944
v -0.01736495 0.00021045 0.01764733
v -0.01751567 0.00096339 0.01769377
v -0.01763500 0.00158187 0.01773308
v -0.01800553 0.00121885 0.01753656
v -0.01716398 0.00392136 0.01817970
v -0.01716398 0.00484909 0.01826188
v -0.01816882 0.00485581 0.01788314
v -0.01771036 0.00206591 0.01776166
v -0.01809346 0.00577681 0.01795103
v -0.01809346 0.00763227 0.01797604
v -0.01809346 0.00855999 0.01798676
v -0.01911086 0.00855999 0.01757944
v -0.01865240 0.00948772 0.01776881
v -0.02069977 0.01040872 0.01692201
v -0.01851424 0.02381370 0.01492828
v -0.01816254 0.02441202 0.01484968
v -0.01760988 0.02478177 0.01493900
v -0.01507265 0.02685907 0.01504976
v -0.01668040 0.02755822 0.01400645
v -0.01624706 0.02158850 0.01666118
v -0.01623450 0.02247589 0.01638606
v -0.01714514 0.02243556 0.01602162
v -0.01682484 0.02309438 0.01592872
v -0.01804322 0.02243556 0.01563216
v -0.01905434 0.02249606 0.01516410
v -0.01874661 0.02062044 0.01595373
v -0.01809346 0.02062044 0.01622170
v -0.01470839 0.02747755 0.01489255
v -0.01532386 0.02808931 0.01429586
v -0.01962584 0.01505408 0.01686127
v -0.01902294 0.01505408 0.01710423
v -0.01762872 0.01459022 0.01772950
v -0.01718282 0.01495996 0.01784741
v -0.01750311 0.01520870 0.01767948
v -0.01685624 0.01598181 0.01779024
v -0.01809346 0.01598181 0.01731146
v -0.01904806 0.01594819 0.01694702
v -0.01716398 0.01783726 0.01729717
v -0.01872777 0.01690953 0.01687199
v -0.01858960 0.01742718 0.01681482
v -0.01919251 0.01690953 0.01668262
v -0.02022247 0.01412635 0.01672549
v -0.02078769 0.01312468 0.01660401
v -0.02107659 0.01133645 0.01668977
v -0.02042344 0.01276165 0.01680410
v -0.01907318 0.01970616 0.01606449
v -0.01809346 0.01969271 0.01647896
v -0.01809974 0.01884566 0.01668262
v -0.00324690 0.03360862 -0.01538137
v 0.02273458 -0.02405162 -0.01538137
v -0.02351961 -0.02405162 -0.01525989
v -0.02365778 -0.02405162 -0.01522773
v -0.02421044 -0.02405162 -0.01495619
v -0.02429208 -0.02405162 -0.01490974
v -0.02468774 -0.02405162 -0.01451671
v -0.01345234 0.02961536 0.01413865
v -0.01345234 0.03007922 0.01382423
v -0.01438182 0.03098006 0.01288096
v -0.01438182 0.03051619 0.01319538
v -0.01439438 0.02802209 0.01471033
v -0.01409293 0.02769940 0.01501046
v -0.01345234 0.02896998 0.01451381
v -0.01525478 0.03543718 0.00887564
v -0.01347118 0.03176661 0.01263800
v -0.01365331 0.03116829 0.01300244
v -0.01252286 0.03254644 0.01239861
v -0.01199532 0.03312459 0.01214492
v -0.01252286 0.03511449 0.01039773
v -0.01252286 0.03557836 0.01002257
v -0.01252286 0.03614306 0.00955808
v -0.01159338 0.03675482 0.00926510
v -0.01252286 0.03696322 0.00860052
v -0.01301900 0.03686911 0.00846832
v -0.00974070 0.03795145 0.00864340
v -0.01034989 0.03783717 0.00851834
v -0.01337697 0.03707079 0.00798954
v -0.01413689 0.03696994 0.00767869
v -0.01337697 0.03836154 0.00604584
v -0.01345234 0.03757499 0.00721063
v -0.01345234 0.03789095 0.00674614
v -0.01188227 0.03865061 0.00649246
v -0.01096535 0.03957834 0.00555991
v -0.01252286 0.03881867 0.00583146
v -0.01159338 0.03973968 0.00489891
v -0.01269243 0.03953128 0.00455233
v -0.01034360 0.03969262 0.00574928
v -0.01050689 0.04066068 0.00396993
v -0.01075810 0.04086236 0.00343755
v -0.01073926 0.04135312 0.00241568
v -0.00989771 0.04142707 0.00272296
v -0.01073926 0.04172959 0.00157603
v -0.01058854 0.04220690 0.00048269
v -0.01084603 0.04236152 -0.00008184
v -0.01161222 0.04259681 -0.00124663
v -0.01067018 0.04283883 -0.00128951
v -0.00862281 0.04341697 -0.00157535
v -0.00695854 0.04392790 -0.00221848
v -0.00872958 0.04345731 -0.00221848
v -0.01159338 0.04268421 -0.00221848
v -0.00858513 0.04342370 -0.00283304
v -0.01159338 0.04158841 -0.00471600
v -0.01206440 0.04150102 -0.00454450
v -0.01229677 0.04162202 -0.00407287
v -0.01298760 0.04149429 -0.00360838
v -0.01325765 0.04164892 -0.00299025
v -0.00695854 0.04377328 -0.00314746
v -0.00974070 0.04293294 -0.00314746
v -0.01099047 0.04238168 -0.00351548
v -0.01159338 0.04228757 -0.00331896
v -0.01099675 0.04146068 -0.00538772
v -0.01597701 0.03975313 -0.00382990
v -0.01568811 0.03959850 -0.00444803
v -0.01626590 0.03945061 -0.00411217
v -0.01625334 0.03898674 -0.00501256
v -0.01595189 0.03881195 -0.00564855
v -0.01563787 0.03864389 -0.00626668
v -0.01585768 0.03784389 -0.00742075
v -0.01647943 0.03760860 -0.00705631
v -0.01852052 0.03404559 -0.01006477
v -0.01863356 0.03506071 -0.00834259
v -0.01777317 0.03325232 -0.01212995
v -0.01502241 0.03512794 -0.01212281
v -0.01573836 0.03405231 -0.01286599
v -0.01684369 0.03323215 -0.01296603
v -0.01570696 0.03681533 -0.00912150
v -0.01491564 0.03597499 -0.01110093
v -0.01708862 0.03263383 -0.01331976
v -0.01733355 0.03199518 -0.01367348
v -0.01771036 0.03137669 -0.01387357
v -0.01809974 0.03175989 -0.01336263
v -0.01754079 0.03026746 -0.01468464
v -0.01657363 0.03119518 -0.01468106
v -0.01595189 0.03140359 -0.01483470
v -0.01522337 0.03173300 -0.01492046
v -0.01438182 0.03175316 -0.01516699
v -0.01252286 0.03268089 -0.01520629
v -0.01159338 0.03268089 -0.01532063
v -0.01067018 0.03268089 -0.01537065
v -0.00695854 0.03360862 -0.01537780
v -0.00696482 -0.02405162 0.01176976
v -0.01028708 -0.01515082 0.01496758
v -0.01090255 -0.01495587 0.01488183
v -0.01350258 -0.01470041 0.01425299
v -0.00511842 -0.02405162 0.01230571
v -0.01341466 -0.01365167 0.01473177
v -0.01308808 -0.01330881 0.01497473
v -0.01165618 -0.01377940 0.01517839
v -0.01067018 -0.01370545 0.01548567
v -0.01067018 -0.01254243 0.01596802
v -0.01067018 -0.01185000 0.01625029
v -0.01037501 -0.01057269 0.01684698
v -0.01067646 -0.01002143 0.01695774
v -0.01165618 -0.00913404 0.01699704
v -0.01345234 -0.00721136 0.01716140
v -0.01336442 -0.00619624 0.01751870
v -0.01433786 -0.00716430 0.01690772
v -0.01461419 -0.00743993 0.01672192
v -0.01367843 -0.00535591 0.01766876
v -0.01389196 -0.00486516 0.01772236
v -0.01409921 -0.00424667 0.01779382
v -0.01597073 -0.00146349 0.01779382
v -0.01658619 -0.00099290 0.01769377
v -0.01677460 -0.00037442 0.01775452
v -0.01690649 0.00021045 0.01779382
v -0.01615914 0.00397514 0.01850841
v -0.01394848 -0.00032064 0.01866920
v -0.01580116 0.00431800 0.01866563
v -0.01630986 0.00484909 0.01853700
v -0.01635382 0.00577681 0.01855486
v -0.01716398 0.00577681 0.01829046
v -0.01716398 0.00763227 0.01832619
v -0.01716398 0.00855999 0.01834048
v -0.01716398 0.00948772 0.01835120
v -0.01809346 0.00948772 0.01799390
v -0.01994614 0.01040872 0.01722571
v -0.01994614 0.01133645 0.01715783
v -0.02061813 0.01133645 0.01688628
v -0.01816254 0.02346413 0.01521055
v -0.01656735 0.02371286 0.01581796
v -0.01789877 0.02416328 0.01506406
v -0.01594561 0.02402883 0.01595016
v -0.01499729 0.02495655 0.01594301
v -0.01465187 0.02557504 0.01580724
v -0.01435670 0.02614647 0.01565717
v -0.01439438 0.02714814 0.01517839
v -0.01594561 0.02130615 0.01686841
v -0.01569439 0.02192464 0.01677552
v -0.01713258 0.02060700 0.01661116
v -0.01624706 0.02060700 0.01696488
v -0.01535526 0.02253640 0.01670406
v -0.01530502 0.02340362 0.01643608
v -0.01624706 0.02340362 0.01606449
v -0.01746543 0.01969271 0.01673621
v -0.01679972 0.02028431 0.01684340
v -0.01976401 0.01412635 0.01691486
v -0.01902294 0.01412635 0.01721857
v -0.01769780 0.01412635 0.01775809
v -0.01716398 0.01412635 0.01796889
v -0.01623450 0.01505408 0.01817613
v -0.01708233 0.01684231 0.01752942
v -0.01624078 0.01684231 0.01783669
v -0.01576348 0.01828096 0.01772593
v -0.01561903 0.01876499 0.01768305
v -0.01623450 0.01876499 0.01745796
v -0.01725190 0.01884566 0.01703634
v -0.01779201 0.01859020 0.01687199
v -0.01902294 0.01319863 0.01732576
v -0.01761616 0.01920868 0.01679695
v -0.00045846 0.03453634 -0.01536351
v 0.00324690 0.03360862 -0.01538137
v 0.02365778 -0.01927854 -0.01537065
v 0.02365778 -0.02020626 -0.01536708
v 0.02365778 -0.02113399 -0.01535279
v 0.02365778 -0.02206171 -0.01532420
v 0.02365778 -0.02298944 -0.01528490
v 0.02365778 -0.02391717 -0.01523845
v 0.02365778 -0.02405162 -0.01522773
v 0.02273458 -0.00813909 -0.01538137
v -0.01247262 0.02992460 0.01423870
v -0.01212720 0.03039519 0.01403861
v -0.01274895 0.03024729 0.01393856
v -0.01259194 0.02896326 0.01477464
v -0.01159338 0.02929939 0.01487111
v -0.01338954 0.03084560 0.01331686
v -0.01345234 0.02788091 0.01511050
v -0.01345234 0.02834478 0.01485682
v -0.01337697 0.02703386 0.01558214
v -0.01294364 0.02848595 0.01493185
v -0.01252286 0.03189434 0.01286310
v -0.01159338 0.03050275 0.01411721
v -0.01159338 0.03161871 0.01332401
v -0.01159338 0.03208257 0.01299172
v -0.01067018 0.03066409 0.01423512
v -0.01067018 0.03112795 0.01389926
v -0.01164990 0.03276156 0.01248793
v -0.01137985 0.03321870 0.01221638
v -0.00913151 0.03403214 0.01213063
v -0.00974070 0.03393803 0.01205560
v -0.01164990 0.03356156 0.01188052
v -0.01159338 0.03629096 0.00967242
v -0.00938272 0.03503382 0.01126240
v -0.01105956 0.03683549 0.00935799
v -0.00974070 0.03750104 0.00910789
v -0.01096535 0.03772288 0.00836113
v -0.00881122 0.03807918 0.00876845
v -0.00738560 0.03870439 0.00843616
v -0.00881122 0.03854305 0.00818248
v -0.00974698 0.03844893 0.00793952
v -0.01006099 0.03867078 0.00745717
v -0.01066390 0.03806574 0.00802527
v -0.01248518 0.03745398 0.00792165
v -0.01276779 0.03770272 0.00740357
v -0.01158082 0.03841532 0.00701054
v -0.01126680 0.03876489 0.00666754
v -0.01065762 0.03936321 0.00608871
v -0.01067018 0.03887246 0.00683189
v -0.00943925 0.03876489 0.00760008
v -0.00974070 0.03948422 0.00634954
v -0.00974070 0.03977329 0.00588505
v -0.00974070 0.04016321 0.00520261
v -0.00974070 0.04049934 0.00460592
v -0.00974070 0.04075480 0.00414501
v -0.00964649 0.04123211 0.00325533
v -0.00927596 0.04150102 0.00288374
v -0.00602906 0.04234135 0.00268723
v -0.00697110 0.04225395 0.00238710
v -0.00974070 0.04199849 0.00149385
v -0.00910011 0.04238168 0.00092574
v -0.00974070 0.04230773 0.00073280
v -0.00879866 0.04258336 0.00059703
v -0.00974070 0.04248925 0.00026831
v -0.00695854 0.04328252 -0.00010328
v -0.00974070 0.04272454 -0.00036053
v -0.00814551 0.04330941 -0.00095722
v -0.00695854 0.04369933 -0.00128951
v -0.00602906 0.04411613 -0.00221848
v -0.00492373 0.04431108 -0.00274371
v -0.00602906 0.04398840 -0.00314746
v -0.01159338 0.04134639 -0.00518049
v -0.01534898 0.03946405 -0.00504472
v -0.01276151 0.04137329 -0.00407287
v -0.01163734 0.04087581 -0.00598084
v -0.01197019 0.04052623 -0.00632385
v -0.01232817 0.04071447 -0.00570572
v -0.01294364 0.04054640 -0.00542345
v -0.01532386 0.03898674 -0.00594868
v -0.00626143 0.04330941 -0.00445518
v -0.00695854 0.04345059 -0.00380846
v -0.01036873 0.04247580 -0.00371199
v -0.01067646 0.04222034 -0.00404071
v -0.01067646 0.04127245 -0.00589152
v -0.01083347 0.04048590 -0.00718136
v -0.01135473 0.04066741 -0.00656324
v -0.00695854 0.04322202 -0.00427295
v -0.00782522 0.04259009 -0.00500541
v -0.00747352 0.04244219 -0.00549134
v -0.01502241 0.03880523 -0.00654537
v -0.01532386 0.03846238 -0.00685622
v -0.01524850 0.03796490 -0.00775304
v -0.01551855 0.03764893 -0.00803888
v -0.01598957 0.03703045 -0.00850337
v -0.01623450 0.03731952 -0.00778163
v -0.01431902 0.03526911 -0.01243008
v -0.01458907 0.03486575 -0.01274093
v -0.01438182 0.03578004 -0.01175479
v -0.01511661 0.03424727 -0.01302677
v -0.01509149 0.03699684 -0.00939304
v -0.01471467 0.03679516 -0.01001117
v -0.01119144 0.03967245 -0.00829256
v -0.01438182 0.03610272 -0.01129030
v -0.01560647 0.03304391 -0.01373422
v -0.01623450 0.03284223 -0.01358059
v -0.01671180 0.03223047 -0.01382355
v -0.01625334 0.03173300 -0.01443810
v -0.01547459 0.03202879 -0.01459531
v -0.01485284 0.03222375 -0.01474895
v -0.01438182 0.03237165 -0.01485972
v -0.01342722 0.03270778 -0.01499191
v -0.01252286 0.03331954 -0.01488830
v -0.01159338 0.03349433 -0.01500263
v -0.00974070 0.03360862 -0.01524917
v -0.00881122 0.03360862 -0.01533849
v -0.00788174 0.03360862 -0.01537065
v -0.00974070 -0.01463318 0.01532488
v -0.00977210 -0.01368528 0.01572149
v -0.01062622 -0.01463990 0.01509979
v -0.00506818 -0.02405162 0.01232000
v -0.00417010 -0.02405162 0.01257368
v -0.00318410 -0.02405162 0.01281665
v -0.01138613 -0.01433738 0.01501761
v -0.01252286 -0.01396091 0.01485682
v -0.01009867 -0.01318781 0.01585011
v -0.00974070 -0.01076765 0.01692201
v -0.00974070 -0.00999454 0.01719713
v -0.00974070 -0.01123151 0.01673621
v -0.01067018 -0.00906682 0.01727573
v -0.01164990 -0.00723153 0.01762589
v -0.01252286 -0.00648532 0.01764375
v -0.01300016 -0.00583322 0.01773308
v -0.01316345 -0.00138954 0.01870493
v -0.01346490 -0.00167862 0.01855486
v -0.01438182 -0.00164500 0.01827974
v -0.01377891 -0.00093912 0.01861918
v -0.01430646 -0.00066349 0.01849770
v -0.01346490 -0.00066349 0.01874781
v -0.01345234 0.00021045 0.01886929
v -0.01345234 0.00206591 0.01910153
v -0.01345234 0.00299363 0.01921587
v -0.01438182 0.00299363 0.01893717
v -0.01438182 0.00392136 0.01904794
v -0.01345234 0.00392136 0.01932306
v -0.01438182 0.00484909 0.01911582
v -0.01584512 0.00484909 0.01867992
v -0.01588908 0.00577681 0.01869421
v -0.01639151 0.00670454 0.01856558
v -0.01645431 0.00855999 0.01858345
v -0.01646687 0.00948772 0.01858702
v -0.01640407 0.01040872 0.01856916
v -0.01716398 0.01040872 0.01830833
v -0.01809346 0.01040872 0.01795818
v -0.01907946 0.01040872 0.01756872
v -0.01856448 0.01091292 0.01773308
v -0.01893502 0.01126922 0.01755800
v -0.01840119 0.01226418 0.01767234
v -0.01902294 0.01226418 0.01742937
v -0.01531130 0.02433807 0.01607521
v -0.01438182 0.02433135 0.01641107
v -0.01435670 0.02525907 0.01603591
v -0.01363447 0.02643554 0.01578580
v -0.01528618 0.01967255 0.01757229
v -0.01530502 0.02062044 0.01729003
v -0.01507265 0.02227421 0.01687913
v -0.01480260 0.02289270 0.01678624
v -0.01623450 0.01969271 0.01723286
v -0.01444462 0.02345740 0.01671120
v -0.01700069 0.01969271 0.01692558
v -0.01828815 0.01319863 0.01762231
v -0.01782341 0.01319863 0.01780454
v -0.01716398 0.01319863 0.01805822
v -0.01623450 0.01412635 0.01830118
v -0.01486540 0.01462383 0.01866563
v -0.01522966 0.01498013 0.01849412
v -0.01290596 0.01815323 0.01863347
v -0.01495960 0.01934986 0.01776523
v 0.00045846 0.03453634 -0.01536351
v -0.00324690 0.03453634 -0.01533135
v -0.00045846 0.03543046 -0.01504551
v 0.00695854 0.03360862 -0.01537780
v 0.01252286 0.03175316 -0.01537780
v 0.00695854 0.03175316 -0.01538137
v 0.02365778 -0.01835081 -0.01537065
v 0.02453701 -0.01927854 -0.01505266
v 0.02452445 -0.02020626 -0.01505266
v 0.02448677 -0.02113399 -0.01503479
v 0.02443025 -0.02206171 -0.01500621
v 0.02436745 -0.02298944 -0.01497048
v 0.02430465 -0.02391717 -0.01492046
v 0.02429208 -0.02405162 -0.01490974
v 0.02180510 0.01598181 -0.01538137
v -0.01159338 0.02989771 0.01450667
v -0.01252286 0.03143047 0.01318824
v -0.01259194 0.02812293 0.01523556
v -0.01232817 0.02864729 0.01502475
v -0.01183203 0.02747083 0.01581438
v -0.01155570 0.02797503 0.01561072
v -0.01121656 0.02761873 0.01589656
v -0.01108468 0.02942040 0.01493543
v -0.01252286 0.02727587 0.01571434
v -0.01301272 0.02666411 0.01588227
v -0.01252286 0.02681201 0.01595730
v -0.01073298 0.02985737 0.01474249
v -0.00974070 0.03011284 0.01479965
v -0.00881122 0.03027418 0.01489255
v -0.00832136 0.03035485 0.01494257
v -0.00881122 0.03082543 0.01452096
v -0.00881122 0.03141703 0.01411007
v -0.00971558 0.03168594 0.01370989
v -0.00974070 0.03347416 0.01240218
v -0.00851605 0.03411954 0.01219495
v -0.00881122 0.03298341 0.01297028
v -0.00974070 0.03703717 0.00952593
v -0.00881122 0.03510777 0.01132671
v -0.00881122 0.03761532 0.00923294
v -0.01159338 0.03792456 0.00772514
v -0.00677013 0.03877834 0.00852192
v -0.00881122 0.03883884 0.00771799
v -0.00562712 0.03965901 0.00754292
v -0.00695854 0.03951111 0.00731067
v -0.00898707 0.03957834 0.00649246
v -0.01067018 0.03856321 0.00729638
v -0.00659428 0.04059346 0.00570283
v -0.00692714 0.04077497 0.00524549
v -0.00602906 0.04138001 0.00452017
v -0.00881122 0.04132623 0.00345899
v -0.00736048 0.04148757 0.00378413
v -0.00881122 0.04155480 0.00299450
v -0.00602906 0.04201194 0.00334466
v -0.00530683 0.04240185 0.00283372
v -0.00602906 0.04253631 0.00222274
v -0.00697110 0.04261698 0.00154387
v -0.00666965 0.04246908 0.00205124
v -0.00847836 0.04245563 0.00110082
v -0.00695854 0.04302034 0.00056487
v -0.00641844 0.04334302 0.00006823
v -0.00602906 0.04387411 -0.00128951
v -0.00518122 0.04421697 -0.00223635
v -0.00492373 0.04431108 -0.00255792
v -0.00045846 0.04462033 -0.00221848
v -0.00045846 0.04453966 -0.00314746
v -0.00132514 0.04443882 -0.00320463
v -0.00045846 0.04431108 -0.00367269
v -0.00159519 0.04425731 -0.00355478
v -0.00324690 0.04417663 -0.00338328
v -0.00518122 0.04412285 -0.00309029
v -0.00563968 0.04336992 -0.00456594
v -0.01163734 0.04035144 -0.00686694
v -0.01220885 0.03971951 -0.00743505
v -0.01490308 0.03781700 -0.00829256
v -0.00598510 0.04312118 -0.00492324
v -0.00602906 0.04263042 -0.00583078
v -0.00695854 0.04251614 -0.00562354
v -0.00695854 0.04284555 -0.00500184
v -0.01058225 0.04074136 -0.00686694
v -0.00695854 0.04224723 -0.00608803
v -0.00729139 0.04146068 -0.00725997
v -0.01021800 0.04057329 -0.00732786
v -0.01058225 0.04023716 -0.00769587
v -0.01067018 0.03975313 -0.00842119
v -0.01397360 0.03502710 -0.01291244
v -0.01386056 0.03590777 -0.01192629
v -0.01431902 0.03454979 -0.01315897
v -0.01385428 0.03404559 -0.01379496
v -0.01438182 0.03389097 -0.01366991
v -0.01438182 0.03342710 -0.01403793
v -0.01153686 0.03984052 -0.00776019
v -0.01067018 0.03944388 -0.00888568
v -0.01025568 0.03873128 -0.01013265
v -0.01087115 0.03861700 -0.00996829
v -0.01138613 0.03883884 -0.00935017
v -0.01438182 0.03283551 -0.01450242
v -0.01371611 0.03303719 -0.01465963
v -0.01310064 0.03320526 -0.01479540
v -0.01252286 0.03378341 -0.01449170
v -0.01067018 0.03614978 -0.01307322
v -0.01067018 0.03514138 -0.01393431
v -0.01046293 0.03417332 -0.01482756
v -0.00974070 0.03430777 -0.01493475
v -0.00881122 0.03443550 -0.01502050
v -0.00602906 0.03453634 -0.01520987
v -0.00509958 0.03453634 -0.01527775
v -0.00417010 0.03453634 -0.01531348
v -0.00923828 -0.01137269 0.01679338
v -0.00974070 -0.01185000 0.01648253
v -0.00231742 -0.02405162 0.01300959
v -0.00140050 -0.02405162 0.01321325
v -0.00881122 -0.00999454 0.01738292
v -0.00888030 -0.01100967 0.01700419
v -0.00931992 -0.00863657 0.01774022
v -0.00993539 -0.00841472 0.01766876
v -0.01067018 -0.00811892 0.01758658
v -0.01067018 -0.00723153 0.01787242
v -0.01137357 -0.00693573 0.01779024
v -0.01067018 -0.00628364 0.01816898
v -0.00922572 -0.00578616 0.01865133
v -0.01067018 -0.00535591 0.01840837
v -0.01288711 -0.00200803 0.01863347
v -0.01255426 -0.00167862 0.01878711
v -0.01067018 -0.00164500 0.01923016
v -0.01252286 -0.00071728 0.01896933
v -0.01252286 0.00113818 0.01921229
v -0.01245378 0.00305414 0.01947312
v -0.01267358 0.00392136 0.01951957
v -0.01281175 0.00484909 0.01954816
v -0.01345234 0.00484909 0.01938380
v -0.01305668 0.00855999 0.01960532
v -0.01438182 0.00670454 0.01916584
v -0.01592676 0.00670454 0.01870493
v -0.01438182 0.00855999 0.01920872
v -0.01600213 0.00948772 0.01872637
v -0.01349630 0.00948772 0.01946240
v -0.01530502 0.01040872 0.01889073
v -0.01584512 0.01114149 0.01867992
v -0.01556251 0.01319863 0.01859417
v -0.01619054 0.01140368 0.01855129
v -0.01623450 0.01319863 0.01838336
v -0.01716398 0.01226418 0.01814397
v -0.01814370 0.01126922 0.01786171
v -0.01794273 0.01226418 0.01784741
v -0.01282431 0.02466748 0.01675051
v -0.01251658 0.02523218 0.01661830
v -0.01252286 0.02618680 0.01623242
v -0.01384800 0.02380698 0.01677909
v -0.01224653 0.02223388 0.01779024
v -0.01195763 0.02285236 0.01770449
v -0.01418085 0.02318850 0.01688628
v -0.01541806 0.01412635 0.01855486
v -0.01438182 0.01412635 0.01886214
v -0.01345234 0.01412635 0.01913369
v -0.01345234 0.01505408 0.01899434
v -0.01256682 0.01783726 0.01877996
v -0.01228421 0.01860364 0.01872279
v -0.01256682 0.01885238 0.01858702
v -0.01345234 0.01876499 0.01834048
v -0.01205812 0.01922213 0.01865848
v 0.00324690 0.03453634 -0.01533135
v 0.00788174 0.03360862 -0.01537065
v 0.00045846 0.03543046 -0.01504551
v -0.00138794 0.03539684 -0.01503836
v -0.00045846 0.03589432 -0.01471680
v 0.01067018 0.03268089 -0.01537065
v 0.01345234 0.03175316 -0.01533135
v 0.01438182 0.03082543 -0.01537065
v 0.01530502 0.02989771 -0.01537780
v 0.01994614 0.02247589 -0.01538137
v 0.02365778 -0.01649535 -0.01536708
v 0.02500176 -0.01927854 -0.01469178
v 0.02453073 -0.01835081 -0.01505266
v 0.02453073 -0.01742308 -0.01504908
v 0.02498919 -0.02020626 -0.01468464
v 0.02495151 -0.02113399 -0.01464534
v 0.02476939 -0.02391717 -0.01445597
v 0.02482591 -0.02405162 -0.01437736
v 0.02489499 -0.02206171 -0.01458459
v 0.02087562 0.02062044 -0.01538137
v 0.02180510 0.01690953 -0.01537780
v -0.01155570 0.02714142 0.01606092
v -0.01067018 0.02771957 0.01595016
v -0.01067018 0.02818343 0.01569647
v -0.01067018 0.02711453 0.01627530
v -0.01046921 0.02952796 0.01499617
v -0.01150545 0.02609269 0.01655756
v -0.00881122 0.02981031 0.01515338
v -0.00881122 0.02810276 0.01610022
v -0.00850349 0.02855990 0.01590371
v -0.00788174 0.02734310 0.01667547
v -0.00788174 0.02804226 0.01628959
v -0.00796338 0.02998510 0.01519626
v -0.00769961 0.03042207 0.01498188
v -0.00796338 0.03077166 0.01471748
v -0.00788174 0.03153131 0.01419582
v -0.00788174 0.03360862 0.01266658
v -0.00788174 0.03418004 0.01224140
v -0.00788174 0.03464391 0.01187338
v -0.00788174 0.03520861 0.01141246
v -0.00788174 0.03199518 0.01385639
v -0.00788174 0.03262711 0.01339190
v -0.00881122 0.03557836 0.01093726
v -0.00881122 0.03715146 0.00962240
v -0.00788174 0.03770272 0.00930797
v -0.00602906 0.03833464 0.00905786
v -0.00602906 0.03885229 0.00859338
v -0.00509958 0.03939683 0.00809316
v -0.00509958 0.03970607 0.00762867
v -0.00509958 0.04045900 0.00641028
v -0.00602906 0.04065396 0.00580644
v -0.00602906 0.04036489 0.00627093
v -0.00597254 0.03986069 0.00709987
v -0.00602906 0.04099682 0.00520261
v -0.00509958 0.04116488 0.00520261
v -0.00602906 0.04163547 0.00405568
v -0.00701506 0.04174976 0.00342326
v -0.00509958 0.04170942 0.00419860
v -0.00503678 0.04220690 0.00325890
v -0.00468508 0.04242874 0.00289089
v -0.00503678 0.04256992 0.00248357
v -0.00509958 0.04296656 0.00149385
v -0.00580297 0.04339681 0.00020757
v -0.00602906 0.04283883 0.00149385
v -0.00607930 0.04321529 0.00053629
v -0.00607930 0.04352454 -0.00028907
v -0.00509958 0.04366571 -0.00036053
v -0.00509958 0.04397496 -0.00128951
v -0.00417010 0.04424386 -0.00193979
v -0.00417010 0.04434470 -0.00240428
v -0.00289520 0.04429092 -0.00172541
v -0.00138794 0.04435143 -0.00154319
v -0.00045846 0.04438503 -0.00143600
v 0.00045846 0.04462033 -0.00221848
v 0.00045846 0.04453966 -0.00314746
v 0.00045846 0.04431108 -0.00367269
v -0.00045846 0.04408924 -0.00413718
v -0.00509958 0.04366571 -0.00407287
v -0.00509958 0.04339681 -0.00462311
v -0.00509958 0.04316151 -0.00508759
v -0.00550152 0.04242202 -0.00638459
v -0.00602906 0.04236824 -0.00629169
v -0.00666965 0.04154808 -0.00739932
v -0.00697110 0.04175648 -0.00691339
v -0.00974070 0.04035144 -0.00789953
v -0.00989771 0.03955817 -0.00905361
v -0.00964649 0.03984052 -0.00873204
v -0.01350886 0.03565231 -0.01241936
v -0.01067018 0.03705734 -0.01218355
v -0.01196391 0.03589432 -0.01285527
v -0.01345234 0.03513466 -0.01300533
v -0.01350886 0.03450945 -0.01352699
v -0.01324509 0.03603550 -0.01210494
v -0.01109724 0.03776994 -0.01101518
v -0.01073926 0.03756826 -0.01150111
v -0.00974070 0.03801196 -0.01135461
v -0.00974070 0.03768255 -0.01181910
v -0.01048177 0.03789767 -0.01119383
v -0.00927596 0.03964556 -0.00917867
v -0.00629283 0.04051951 -0.00910006
v -0.01134217 0.03601533 -0.01296246
v -0.01067018 0.03661365 -0.01264804
v -0.00974070 0.03676826 -0.01280525
v -0.00974070 0.03630440 -0.01321257
v -0.00974070 0.03477164 -0.01454529
v -0.00881122 0.03489937 -0.01465605
v -0.00815807 0.03496659 -0.01471322
v -0.00753632 0.03502710 -0.01476682
v -0.00602906 0.03517500 -0.01489187
v -0.00509958 0.03526239 -0.01495976
v -0.00417010 0.03531617 -0.01499906
v -0.00324690 0.03534306 -0.01501335
v -0.00509958 -0.01463318 0.01628244
v -0.00545755 -0.01320125 0.01678266
v -0.00134398 -0.02405162 0.01322397
v -0.00572133 -0.01053908 0.01775809
v -0.00634307 -0.01037773 0.01770092
v -0.00881122 -0.00721136 0.01829046
v -0.00974070 -0.00721136 0.01810467
v -0.00602906 -0.01004160 0.01786528
v -0.01035617 -0.00779623 0.01776881
v -0.00974070 -0.00628364 0.01839051
v -0.00953973 -0.00516768 0.01871922
v -0.01016148 -0.00484499 0.01864776
v -0.00980350 -0.00542986 0.01859774
v -0.00887402 -0.00628364 0.01856916
v -0.00746724 -0.00677439 0.01866563
v -0.00602906 -0.00628364 0.01903007
v -0.00602906 -0.00535591 0.01925517
v -0.00695854 -0.00535591 0.01910868
v -0.00631795 -0.00384331 0.01955887
v -0.00842812 -0.00216937 0.01959818
v -0.00876726 -0.00251222 0.01946240
v -0.00904359 -0.00188030 0.01954816
v -0.00974070 -0.00257273 0.01925160
v -0.00968418 -0.00159794 0.01946240
v -0.00933876 -0.00126181 0.01959818
v -0.01159338 -0.00071728 0.01917656
v -0.01067018 -0.00071728 0.01938022
v -0.01209580 0.00339699 0.01959460
v -0.01220885 0.00392136 0.01961604
v -0.01234701 0.00484909 0.01964105
v -0.01242237 0.00577681 0.01965892
v -0.01294364 0.00654320 0.01957674
v -0.01067018 0.00392136 0.01992689
v -0.01298760 0.00716168 0.01958388
v -0.01301272 0.00763227 0.01959103
v -0.01252286 0.00855999 0.01971966
v -0.01252286 0.00948772 0.01970894
v -0.01303156 0.00948772 0.01959818
v -0.01298760 0.00995831 0.01958746
v -0.01345234 0.01133645 0.01935879
v -0.01345234 0.01226418 0.01929447
v -0.01438182 0.01226418 0.01902650
v -0.01438182 0.01319863 0.01895147
v -0.01251658 0.02434479 0.01696846
v -0.01220257 0.02490278 0.01684340
v -0.01322625 0.02404900 0.01687199
v -0.01175039 0.02552126 0.01672192
v -0.01252286 0.02340362 0.01733290
v -0.01162478 0.02251623 0.01786885
v -0.01133589 0.02306077 0.01777595
v -0.01162478 0.02338345 0.01758658
v -0.01150545 0.02523218 0.01690057
v -0.01345234 0.01319863 0.01922659
v -0.01252286 0.01412635 0.01938380
v -0.01252286 0.01505408 0.01924802
v -0.01252286 0.01598181 0.01909796
v -0.01159338 0.01783726 0.01901935
v -0.00835276 0.02201203 0.01865848
v -0.00897451 0.02177674 0.01859774
v -0.01067018 0.02247589 0.01807966
v -0.01168758 0.01885238 0.01880855
v -0.00837788 0.01832129 0.01959103
v 0.00417010 0.03453634 -0.01531348
v 0.00881122 0.03360862 -0.01533849
v 0.00138794 0.03539684 -0.01503836
v 0.00045846 0.03589432 -0.01471680
v -0.00417010 0.03578004 -0.01461675
v -0.00045846 0.03690944 -0.01386285
v 0.01159338 0.03268089 -0.01532063
v 0.01252286 0.03268089 -0.01520629
v 0.01438182 0.03175316 -0.01516699
v 0.01530502 0.03082543 -0.01527775
v 0.01623450 0.02989771 -0.01532420
v 0.01809346 0.02711453 -0.01537780
v 0.02365778 -0.01556763 -0.01535993
v 0.02452445 -0.01649535 -0.01504908
v 0.02546022 -0.01927854 -0.01422730
v 0.02545393 -0.02020626 -0.01422015
v 0.02499547 -0.01742308 -0.01468821
v 0.02546650 -0.01649535 -0.01422372
v 0.02546650 -0.01742308 -0.01422730
v 0.02546650 -0.01835081 -0.01422730
v 0.02541625 -0.02113399 -0.01418442
v 0.02535345 -0.02206171 -0.01412011
v 0.02528437 -0.02298944 -0.01405937
v 0.02522157 -0.02391717 -0.01399148
v 0.02520900 -0.02405162 -0.01398076
v 0.01902294 0.02525907 -0.01537780
v 0.01994614 0.02340362 -0.01537780
v 0.02087562 0.02154817 -0.01537423
v 0.02180510 0.01783726 -0.01535993
v 0.02273458 0.01133645 -0.01523488
v 0.02365778 -0.01463318 -0.01534921
v -0.01067018 0.02630109 0.01666118
v -0.00974070 0.02711453 0.01645752
v -0.00889286 0.02708764 0.01663617
v -0.00974070 0.02652966 0.01675051
v -0.00926340 0.02664394 0.01679695
v -0.01113492 0.02572294 0.01680053
v -0.00695854 0.02745066 0.01673264
v -0.00864165 0.02675823 0.01685770
v -0.00788174 0.02687923 0.01691486
v -0.00695854 0.02921200 0.01575007
v -0.00695854 0.03049602 0.01502475
v -0.00695854 0.03095989 0.01472462
v -0.00695854 0.02989771 0.01536419
v -0.00695854 0.03161871 0.01426013
v -0.00736676 0.03313803 0.01308462
v -0.00695854 0.03426071 0.01230214
v -0.00509958 0.03488592 0.01207346
v -0.00695854 0.03472458 0.01194484
v -0.00695854 0.03529600 0.01148035
v -0.00695854 0.03740019 0.00970457
v -0.00664453 0.03781700 0.00940087
v -0.00476044 0.03595482 0.01125168
v -0.00509958 0.03795145 0.00951878
v -0.00509958 0.03841532 0.00912575
v -0.00509958 0.03893296 0.00866126
v -0.00417010 0.03945733 0.00819677
v -0.00417010 0.03976657 0.00773229
v -0.00509958 0.04074136 0.00594579
v -0.00417010 0.04078842 0.00603154
v -0.00419522 0.04129261 0.00512758
v -0.00452179 0.04148757 0.00472026
v -0.00419522 0.04170942 0.00435581
v -0.00417010 0.04221362 0.00339468
v -0.00324690 0.04248925 0.00300522
v -0.00138794 0.04288588 0.00242283
v -0.00324690 0.04273799 0.00242283
v -0.00417010 0.04266404 0.00242283
v -0.00324690 0.04311446 0.00149385
v -0.00324690 0.04332958 0.00096147
v -0.00509958 0.04325563 0.00077211
v -0.00509958 0.04343042 0.00030762
v -0.00417010 0.04347075 0.00040409
v -0.00324690 0.04381361 -0.00036053
v -0.00322178 0.04414974 -0.00136454
v -0.00045846 0.04423714 -0.00097151
v 0.00045846 0.04438503 -0.00143600
v 0.00417010 0.04434470 -0.00240428
v 0.00492373 0.04431108 -0.00255792
v 0.00492373 0.04431108 -0.00274371
v 0.00138794 0.04435143 -0.00154319
v 0.00289520 0.04429092 -0.00172541
v 0.00417010 0.04424386 -0.00193979
v 0.00132514 0.04443882 -0.00320463
v 0.00159519 0.04425731 -0.00355478
v 0.00045846 0.04408924 -0.00413718
v -0.00045846 0.04365227 -0.00500184
v -0.00133142 0.04353798 -0.00506616
v -0.00417010 0.04344387 -0.00470886
v -0.00515610 0.04265731 -0.00601657
v -0.00417010 0.04320857 -0.00517335
v -0.00138794 0.04261698 -0.00672045
v -0.00231742 0.04230101 -0.00710990
v -0.00417010 0.04221362 -0.00695627
v -0.00509958 0.04170270 -0.00764585
v -0.00602906 0.04162875 -0.00752437
v -0.00602906 0.04203211 -0.00685622
v -0.00160147 0.04332958 -0.00541988
v -0.00045846 0.04338336 -0.00551993
v -0.00133142 0.04312118 -0.00584149
v -0.00602906 0.04132623 -0.00798886
v -0.00600394 0.04082203 -0.00876063
v -0.00766193 0.04064052 -0.00835330
v -0.01127937 0.03692289 -0.01204063
v -0.00974070 0.03721868 -0.01234433
v -0.00567736 0.04060018 -0.00921797
v -0.00915663 0.03775650 -0.01191915
v -0.00602906 0.03941699 -0.01072220
v -0.00788174 0.03791112 -0.01210494
v -0.00695854 0.03802540 -0.01221570
v -0.00918175 0.03683549 -0.01286956
v -0.00899963 0.03587415 -0.01376638
v -0.00602906 0.03764893 -0.01277309
v -0.00602906 0.03664726 -0.01363418
v -0.00602906 0.03618339 -0.01403078
v -0.00509958 0.03627079 -0.01410581
v -0.00509958 0.03572625 -0.01457030
v -0.00513098 -0.01366512 0.01665761
v -0.00509958 -0.01113740 0.01763661
v 0.00134398 -0.02405162 0.01322397
v -0.00121837 -0.01710039 0.01593229
v -0.00138794 -0.01498276 0.01675408
v -0.00319666 -0.01456595 0.01662188
v -0.00509958 -0.01067353 0.01780811
v -0.00509958 -0.00999454 0.01803321
v -0.00597882 -0.00723153 0.01876924
v -0.00980350 -0.00449541 0.01880855
v -0.00509958 -0.00628364 0.01917299
v -0.00509958 -0.00721136 0.01891216
v -0.00509958 -0.00535591 0.01939452
v -0.00509958 -0.00471053 0.01954458
v -0.00569621 -0.00405844 0.01960532
v -0.00601650 -0.00438785 0.01948027
v -0.00601650 -0.00352062 0.01967678
v -0.00675757 -0.00322483 0.01962676
v -0.00509958 -0.00350046 0.01981970
v -0.00509958 -0.00257273 0.02000192
v -0.00788174 -0.00164500 0.01976611
v -0.00876726 -0.00159794 0.01963748
v -0.00881122 -0.00071728 0.01975896
v -0.00788174 0.00206591 0.02028419
v -0.00881122 0.00206591 0.02011983
v -0.00949577 -0.00071728 0.01963391
v -0.00996051 -0.00071728 0.01953386
v -0.01067018 0.00299363 0.01984471
v -0.00974070 0.00299363 0.02003765
v -0.00881122 0.00299363 0.02022702
v -0.01067018 0.00484909 0.01996977
v -0.01067018 0.00577681 0.02000550
v -0.01159338 0.00577681 0.01982327
v -0.00974070 0.00392136 0.02011269
v -0.00974070 0.00763227 0.02025561
v -0.01067018 0.00763227 0.02006981
v -0.01252286 0.00763227 0.01969465
v -0.01159338 0.00855999 0.01990903
v -0.01159338 0.00948772 0.01989831
v -0.01159338 0.01040872 0.01984471
v -0.01209580 0.01285577 0.01959460
v -0.01245378 0.01317846 0.01949099
v -0.01067018 0.02323555 0.01784384
v -0.00974070 0.02247589 0.01826188
v -0.00872330 0.02238178 0.01848340
v -0.01182575 0.01412635 0.01954101
v -0.01200160 0.01347426 0.01957317
v -0.01153058 0.01499358 0.01947312
v -0.00788174 0.02154817 0.01883713
v -0.00788174 0.02212632 0.01868707
v -0.00788174 0.02259018 0.01855844
v -0.01118516 0.01465072 0.01959460
v -0.00974070 0.01412635 0.01994833
v -0.00881122 0.01412635 0.02011983
v -0.00788174 0.01412635 0.02025561
v -0.00788174 0.01690953 0.01985543
v -0.00788174 0.01783726 0.01971966
v -0.00695854 0.01783726 0.01981970
v -0.00509958 0.01783726 0.02001979
v -0.00788174 0.01843558 0.01961961
v -0.00788174 0.01889944 0.01950528
v -0.00788174 0.01969271 0.01930519
v 0.00324690 0.03534306 -0.01501335
v 0.00417010 0.03531617 -0.01499906
v 0.00509958 0.03453634 -0.01527775
v 0.00602906 0.03453634 -0.01520987
v 0.00881122 0.03443550 -0.01502050
v 0.00974070 0.03360862 -0.01524917
v 0.00417010 0.03578004 -0.01461675
v 0.00045846 0.03690944 -0.01386285
v -0.00417010 0.03632457 -0.01415226
v -0.00045846 0.03838843 -0.01261588
v 0.01159338 0.03349433 -0.01500263
v 0.01252286 0.03331954 -0.01488830
v 0.01342722 0.03270778 -0.01499191
v 0.01522337 0.03173300 -0.01492046
v 0.01625334 0.03086577 -0.01500978
v 0.01720166 0.02993132 -0.01503479
v 0.01809346 0.02804226 -0.01531348
v 0.01902294 0.02618680 -0.01535993
v 0.01994614 0.02433135 -0.01537065
v 0.02451190 -0.01556763 -0.01504551
v 0.02498919 -0.01649535 -0.01468821
v 0.02592496 -0.01927854 -0.01374494
v 0.02593124 -0.01835081 -0.01374852
v 0.02591868 -0.02020626 -0.01373780
v 0.02546022 -0.01556763 -0.01420943
v 0.02593124 -0.01649535 -0.01375566
v 0.02588099 -0.02113399 -0.01368778
v 0.02581819 -0.02206171 -0.01359488
v 0.02527181 -0.02405162 -0.01389858
v 0.02087562 0.02247589 -0.01533849
v 0.02180510 0.01876499 -0.01533135
v 0.02273458 0.01598181 -0.01511697
v 0.02273458 0.01412635 -0.01517056
v 0.02273458 0.01226418 -0.01521701
v -0.01067018 0.02583722 0.01684698
v -0.00889286 0.02627420 0.01700776
v -0.00974070 0.02606579 0.01693273
v -0.00881122 0.02340362 0.01813325
v -0.00620491 0.02752461 0.01677194
v -0.00695854 0.02698680 0.01696846
v -0.00788174 0.02618680 0.01720785
v -0.00695854 0.02618680 0.01731504
v -0.00558316 0.02758511 0.01680410
v -0.00602906 0.02989771 0.01546066
v -0.00509958 0.03066409 0.01512122
v -0.00509958 0.03112795 0.01484253
v -0.00602906 0.03169938 0.01432087
v -0.00602906 0.03216324 0.01397787
v -0.00675129 0.03319181 0.01312392
v -0.00509958 0.03442206 0.01242005
v -0.00417010 0.03494643 0.01211991
v -0.00602906 0.03537668 0.01154466
v -0.00417010 0.03598171 0.01127669
v -0.00417010 0.03699684 0.01041917
v -0.00417010 0.03800523 0.00956523
v -0.00417010 0.03846910 0.00916863
v -0.00417010 0.03899347 0.00870414
v -0.00324690 0.03949766 0.00825394
v -0.00324690 0.03980018 0.00778945
v -0.00045846 0.04101026 0.00613159
v -0.00417010 0.04051279 0.00649603
v -0.00236766 0.04081531 0.00621734
v -0.00045846 0.04139346 0.00547773
v -0.00138794 0.04135984 0.00541342
v -0.00231742 0.04132623 0.00534553
v -0.00390005 0.04151446 0.00476671
v -0.00231742 0.04189765 0.00427363
v -0.00138794 0.04232118 0.00360906
v -0.00045846 0.04259681 0.00321246
v -0.00045846 0.04295311 0.00242283
v -0.00045846 0.04324891 0.00169751
v -0.00045846 0.04343714 0.00123302
v -0.00138794 0.04321529 0.00160818
v -0.00045846 0.04369933 0.00056487
v -0.00236766 0.04351782 0.00065062
v -0.00045846 0.04403546 -0.00036053
v 0.00045846 0.04423714 -0.00097151
v 0.00518122 0.04421697 -0.00223635
v 0.00602906 0.04411613 -0.00221848
v 0.00695854 0.04392790 -0.00221848
v 0.00602906 0.04398840 -0.00314746
v 0.00518122 0.04412285 -0.00309029
v 0.00324690 0.04417663 -0.00338328
v 0.00322178 0.04414974 -0.00136454
v 0.00509958 0.04397496 -0.00128951
v 0.00509958 0.04366571 -0.00407287
v 0.00509958 0.04339681 -0.00462311
v 0.00417010 0.04344387 -0.00470886
v 0.00133142 0.04353798 -0.00506616
v 0.00045846 0.04365227 -0.00500184
v -0.00231742 0.04329597 -0.00535200
v -0.00045846 0.04238841 -0.00725640
v -0.00045846 0.04312118 -0.00598441
v -0.00045846 0.04265731 -0.00679191
v -0.00417010 0.04174976 -0.00771017
v -0.00509958 0.04140690 -0.00810677
v 0.00045846 0.04338336 -0.00551993
v -0.00854117 0.03783045 -0.01201562
v -0.00509958 0.04101026 -0.00871418
v -0.00509958 0.04063379 -0.00927156
v -0.00509958 0.04030438 -0.00973248
v -0.00509958 0.03984052 -0.01037919
v -0.00509958 0.03950439 -0.01084368
v -0.00532567 0.03867750 -0.01191557
v -0.00602906 0.03895313 -0.01134747
v -0.00602906 0.03860355 -0.01181196
v -0.00602906 0.03813296 -0.01231217
v -0.00695854 0.03754809 -0.01268019
v -0.00504934 0.03832120 -0.01230503
v -0.00509958 0.03773633 -0.01284812
v -0.00509958 0.03673465 -0.01370921
v -0.00449667 0.03777667 -0.01288028
v -0.00435851 -0.01128529 0.01769377
v -0.00138794 -0.01451889 0.01693273
v 0.00149470 -0.02405162 0.01319181
v 0.00977210 -0.01368528 0.01572149
v 0.00923828 -0.01137269 0.01679338
v 0.00509958 -0.01463318 0.01628244
v 0.00513098 -0.01366512 0.01665761
v 0.00319666 -0.01456595 0.01662188
v 0.00138794 -0.01498276 0.01675408
v 0.00121837 -0.01710039 0.01593229
v -0.00417010 -0.00999454 0.01816184
v -0.00409474 -0.01095588 0.01784741
v -0.00509958 -0.00831388 0.01856558
v -0.00509958 -0.00785002 0.01871208
v -0.00417010 -0.00628364 0.01929447
v -0.00459088 -0.00487188 0.01958031
v -0.00417010 -0.00721136 0.01903722
v -0.00417010 -0.00805169 0.01877639
v -0.00509958 -0.00424667 0.01965177
v -0.00417010 -0.00350046 0.01993761
v -0.00417010 -0.00257273 0.02010911
v -0.00417010 -0.00164500 0.02026275
v -0.00509958 -0.00164500 0.02014842
v -0.00602906 -0.00164500 0.02002336
v -0.00695854 -0.00164500 0.01989473
v -0.00602906 -0.00071728 0.02016271
v -0.00788174 -0.00071728 0.01990188
v -0.00788174 0.00113818 0.02015914
v -0.00695854 0.00113818 0.02028776
v -0.00695854 0.00206591 0.02040567
v -0.00788174 0.00299363 0.02038423
v -0.00881122 0.00392136 0.02029134
v -0.00872958 0.00767932 0.02044140
v -0.00836532 0.00801546 0.02051643
v -0.00974070 0.00855999 0.02027704
v -0.00881122 0.00577681 0.02036280
v -0.00881122 0.00670454 0.02039495
v -0.01067018 0.00948772 0.02007696
v -0.01067018 0.01040872 0.02002694
v -0.01067018 0.01133645 0.01997334
v -0.01067018 0.01319863 0.01985901
v -0.01165618 0.01317846 0.01966249
v -0.00979094 0.02347757 0.01791887
v -0.00974070 0.01319863 0.02004480
v -0.00695854 0.02154817 0.01894432
v -0.00695854 0.02232128 0.01874423
v -0.00695854 0.02278514 0.01861203
v -0.00788174 0.02340362 0.01828332
v -0.00881122 0.01319863 0.02021630
v -0.00532567 0.01440871 0.02048785
v -0.00509958 0.01690953 0.02015914
v -0.00788174 0.01319863 0.02034850
v -0.00635563 0.01344064 0.02049857
v -0.00573389 0.01379022 0.02053073
v -0.00417010 0.01783726 0.02010197
v -0.00509958 0.01876499 0.01983399
v -0.00695854 0.01863726 0.01966964
v -0.00695854 0.01910112 0.01955530
v -0.00695854 0.01969271 0.01940881
v 0.00509958 0.03526239 -0.01495976
v 0.00974070 0.03430777 -0.01493475
v 0.00602906 0.03517500 -0.01489187
v 0.00753632 0.03502710 -0.01476682
v 0.00815807 0.03496659 -0.01471322
v 0.00881122 0.03489937 -0.01465605
v 0.00045846 0.03838843 -0.01261588
v 0.00417010 0.03632457 -0.01415226
v 0.00509958 0.03572625 -0.01457030
v -0.00417010 0.03678843 -0.01375566
v -0.00138794 0.03835481 -0.01258372
v -0.00045846 0.03889935 -0.01215139
v 0.01310064 0.03320526 -0.01479540
v 0.01046293 0.03417332 -0.01482756
v 0.01067018 0.03514138 -0.01393431
v 0.01067018 0.03614978 -0.01307322
v 0.01252286 0.03378341 -0.01449170
v 0.01438182 0.03237165 -0.01485972
v 0.01595189 0.03140359 -0.01483470
v 0.01691905 0.03057670 -0.01488472
v 0.01783597 0.02964897 -0.01487758
v 0.01812486 0.02899687 -0.01502407
v 0.01904806 0.02804898 -0.01499191
v 0.01902294 0.02711453 -0.01525989
v 0.01994614 0.02525907 -0.01529562
v 0.02497663 -0.01556763 -0.01467392
v 0.02336888 0.01133645 -0.01491688
v 0.02335005 0.01226418 -0.01489902
v 0.02620757 -0.02020626 -0.01327331
v 0.02621385 -0.01835081 -0.01328403
v 0.02617617 -0.02113399 -0.01322329
v 0.02592496 -0.01556763 -0.01373780
v 0.02332492 0.01319863 -0.01487758
v 0.02381478 0.01226418 -0.01443096
v 0.02620757 -0.01649535 -0.01329117
v 0.02621385 -0.01742308 -0.01328760
v 0.02611964 -0.02206171 -0.01313039
v 0.02605684 -0.02298944 -0.01302677
v 0.02601288 -0.02368187 -0.01294459
v 0.02571771 -0.02405162 -0.01330189
v 0.02574911 -0.02298944 -0.01349126
v 0.02180510 0.02062044 -0.01522059
v 0.02180510 0.01969271 -0.01528847
v 0.02087562 0.02340362 -0.01525632
v 0.02267178 0.01783726 -0.01504551
v 0.02281622 0.01692298 -0.01501335
v 0.02324956 0.01598181 -0.01479897
v 0.02327468 0.01505408 -0.01482756
v -0.00823343 0.02475488 0.01771521
v -0.00509958 0.02618680 0.01749369
v -0.00509958 0.02711453 0.01708637
v -0.00761169 0.02486244 0.01775452
v -0.00509958 0.02306749 0.01870850
v -0.00459088 0.02571622 0.01772593
v -0.00695854 0.02340362 0.01838693
v -0.00574017 0.02298682 0.01867635
v -0.00509958 0.02762545 0.01682911
v -0.00459088 0.02942712 0.01587155
v -0.00417010 0.03073804 0.01516053
v -0.00417010 0.03120190 0.01489255
v -0.00515610 0.03184056 0.01432445
v -0.00550152 0.03221030 0.01401002
v -0.00509958 0.03379685 0.01288453
v -0.00488605 0.03225736 0.01404933
v -0.00417010 0.03448256 0.01246649
v -0.00324690 0.03498004 0.01214492
v -0.00324690 0.03601533 0.01130527
v -0.00045846 0.03858338 0.00926510
v -0.00138794 0.03910103 0.00877560
v -0.00231742 0.03906742 0.00875416
v -0.00324690 0.03903380 0.00872915
v -0.00138794 0.03956489 0.00835399
v -0.00231742 0.03953128 0.00830754
v -0.00231742 0.03983380 0.00784305
v 0.00045846 0.04101026 0.00613159
v -0.00045846 0.04036489 0.00718919
v 0.00045846 0.04139346 0.00547773
v -0.00045846 0.04203883 0.00427363
v -0.00138794 0.04160858 0.00494893
v -0.00231742 0.04157497 0.00488104
v -0.00045846 0.04235480 0.00367694
v 0.00045846 0.04259681 0.00321246
v 0.00045846 0.04295311 0.00242283
v 0.00045846 0.04324891 0.00169751
v 0.00045846 0.04343714 0.00123302
v 0.00045846 0.04369933 0.00056487
v 0.00045846 0.04403546 -0.00036053
v 0.00602906 0.04387411 -0.00128951
v 0.00695854 0.04369933 -0.00128951
v 0.00872958 0.04345731 -0.00221848
v 0.00858513 0.04342370 -0.00283304
v 0.00695854 0.04377328 -0.00314746
v 0.00862281 0.04341697 -0.00157535
v 0.01228421 0.04250941 -0.00152533
v 0.00626143 0.04330941 -0.00445518
v 0.00563968 0.04336992 -0.00456594
v 0.00324690 0.04381361 -0.00036053
v 0.00509958 0.04366571 -0.00036053
v 0.00509958 0.04316151 -0.00508759
v 0.00417010 0.04320857 -0.00517335
v 0.00231742 0.04329597 -0.00535200
v 0.00160147 0.04332958 -0.00541988
v 0.00045846 0.04238841 -0.00725640
v -0.00045846 0.04204555 -0.00778520
v -0.00351067 0.04148085 -0.00822110
v 0.00045846 0.04312118 -0.00598441
v 0.00045846 0.04265731 -0.00679191
v 0.00550152 0.04242202 -0.00638459
v 0.00133142 0.04312118 -0.00584149
v -0.00045846 0.04162202 -0.00843548
v -0.00045846 0.04130606 -0.00889997
v -0.00138794 0.04080186 -0.00950381
v -0.00417010 0.04035144 -0.00979322
v -0.00417010 0.03988758 -0.01044350
v -0.00417010 0.03955145 -0.01090799
v -0.00470392 0.03872456 -0.01197274
v -0.00504934 0.03898002 -0.01156185
v -0.00418266 0.03816658 -0.01254442
v -0.00231742 0.03882540 -0.01207993
v -0.00231742 0.03832120 -0.01254442
v -0.00104881 -0.01237436 0.01775094
v 0.00138794 -0.01451889 0.01693273
v 0.00298313 -0.02405162 0.01286310
v 0.00974070 -0.01463318 0.01532488
v 0.01028708 -0.01515082 0.01496758
v 0.01062622 -0.01463990 0.01509979
v 0.01067018 -0.01370545 0.01548567
v 0.01009867 -0.01318781 0.01585011
v 0.00974070 -0.01185000 0.01648253
v 0.00974070 -0.01123151 0.01673621
v 0.00974070 -0.01076765 0.01692201
v 0.00888030 -0.01100967 0.01700419
v 0.00545755 -0.01320125 0.01678266
v 0.00509958 -0.01113740 0.01763661
v -0.00231742 -0.01092227 0.01809038
v -0.00231742 -0.00999454 0.01839765
v -0.00417010 -0.00851556 0.01862990
v -0.00324690 -0.00628364 0.01940166
v -0.00273192 -0.00579960 0.01958031
v -0.00324690 -0.00567187 0.01955173
v -0.00324690 -0.00721136 0.01914798
v -0.00138794 -0.00656599 0.01954101
v -0.00423918 -0.00450885 0.01970537
v -0.00324690 -0.00442818 0.01984114
v -0.00108649 -0.00959791 0.01867635
v -0.00231742 -0.00442818 0.01994476
v -0.00324690 -0.00350046 0.02003408
v -0.00324690 -0.00257273 0.02019844
v -0.00324690 -0.00164500 0.02035565
v -0.00231742 -0.00350046 0.02012698
v -0.00373676 -0.00027358 0.02051643
v -0.00409474 -0.00063660 0.02042354
v -0.00509958 -0.00071728 0.02029134
v -0.00602906 0.00021045 0.02029134
v -0.00625515 0.00206591 0.02048785
v -0.00648124 0.00254321 0.02051286
v -0.00700878 0.00290624 0.02048785
v -0.00435223 0.00003566 0.02048428
v -0.00673245 0.00316170 0.02054145
v -0.00788174 0.00392136 0.02044140
v -0.00509958 0.00484909 0.02080585
v -0.00417010 0.00484909 0.02091304
v -0.00695854 0.00763227 0.02066650
v -0.00509958 0.00763227 0.02087731
v -0.00509958 0.00855999 0.02088803
v -0.00788174 0.00855999 0.02057360
v -0.00837160 0.00855999 0.02051643
v -0.00883634 0.00855999 0.02044140
v -0.00828996 0.00739697 0.02050571
v -0.00807015 0.00577681 0.02048070
v -0.00690830 0.00392136 0.02056288
v -0.00836532 0.00907764 0.02051643
v -0.00974070 0.00948772 0.02025561
v -0.00974070 0.01040872 0.02020558
v -0.00509958 0.02154817 0.01913726
v -0.00509958 0.01995490 0.01953744
v -0.00509958 0.02247589 0.01889073
v -0.00635563 0.02289270 0.01864419
v -0.00881122 0.01226418 0.02026990
v -0.00470392 0.01464400 0.02052001
v -0.00504934 0.01410618 0.02055931
v -0.00417010 0.01690953 0.02024131
v -0.00788174 0.01226418 0.02040210
v -0.00655032 0.01282216 0.02052001
v -0.00689574 0.01315829 0.02045927
v -0.00509958 0.01319863 0.02065221
v -0.00324690 0.01783726 0.02014842
v -0.00417010 0.01876499 0.01991260
v -0.00438991 0.02008935 0.01956959
v -0.00609814 0.01884566 0.01970894
v 0.00974070 0.03477164 -0.01454529
v 0.00509958 0.03627079 -0.01410581
v 0.00602906 0.03618339 -0.01403078
v 0.00602906 0.03664726 -0.01363418
v 0.00602906 0.03764893 -0.01277309
v 0.00899963 0.03587415 -0.01376638
v 0.00045846 0.03889935 -0.01215139
v 0.00138794 0.03835481 -0.01258372
v 0.00449667 0.03777667 -0.01288028
v 0.00417010 0.03678843 -0.01375566
v -0.00138794 0.03885901 -0.01211923
v -0.00045846 0.03936321 -0.01158686
v 0.01371611 0.03303719 -0.01465963
v 0.01134217 0.03601533 -0.01296246
v 0.01196391 0.03589432 -0.01285527
v 0.01345234 0.03513466 -0.01300533
v 0.01350886 0.03450945 -0.01352699
v 0.01397360 0.03502710 -0.01291244
v 0.01385428 0.03404559 -0.01379496
v 0.00974070 0.03630440 -0.01321257
v 0.00974070 0.03676826 -0.01280525
v 0.01067018 0.03661365 -0.01264804
v 0.01485284 0.03222375 -0.01474895
v 0.01438182 0.03283551 -0.01450242
v 0.01547459 0.03202879 -0.01459531
v 0.01625334 0.03173300 -0.01443810
v 0.01657363 0.03119518 -0.01468106
v 0.01771036 0.03137669 -0.01387357
v 0.01925531 0.03013972 -0.01367706
v 0.01956932 0.02952124 -0.01387000
v 0.01754079 0.03026746 -0.01468464
v 0.01904806 0.02899687 -0.01451313
v 0.01875917 0.02870780 -0.01486686
v 0.01958816 0.02774646 -0.01482398
v 0.01977029 0.02711453 -0.01494547
v 0.01937463 0.02836494 -0.01468106
v 0.02002150 0.02624730 -0.01504908
v 0.02087562 0.02433135 -0.01513126
v 0.02665975 -0.02020626 -0.01242651
v 0.02660322 -0.02113399 -0.01242651
v 0.02666603 -0.01927854 -0.01242651
v 0.02618873 -0.01556763 -0.01327331
v 0.02419788 0.01505408 -0.01389501
v 0.02417276 0.01598181 -0.01387000
v 0.02373942 0.01505408 -0.01435950
v 0.02663463 -0.01649535 -0.01242651
v 0.02665347 -0.01742308 -0.01242651
v 0.02649646 -0.02206171 -0.01242651
v 0.02671627 -0.02391717 -0.01159758
v 0.02621385 -0.02405162 -0.01248725
v 0.02614476 -0.02405162 -0.01260873
v 0.02579935 -0.02405162 -0.01317684
v 0.02172345 0.02247589 -0.01502050
v 0.02245197 0.02062044 -0.01490616
v 0.02252733 0.01969271 -0.01497048
v 0.02259641 0.01876499 -0.01501335
v 0.02322444 0.01662718 -0.01477039
v 0.02414764 0.01671458 -0.01384499
v 0.02371430 0.01598181 -0.01433449
v -0.00417010 0.02711453 0.01716854
v -0.00423918 0.02612630 0.01759373
v -0.00417010 0.02317505 0.01874781
v -0.00417010 0.02363891 0.01856916
v -0.00417010 0.02247589 0.01896933
v -0.00417010 0.02769940 0.01687199
v -0.00417010 0.02816998 0.01661116
v -0.00396913 0.02946746 0.01589299
v -0.00324690 0.03078510 0.01518554
v -0.00324690 0.03124896 0.01492114
v -0.00417010 0.03175316 0.01449238
v -0.00324690 0.03451617 0.01249150
v -0.00324690 0.03175316 0.01454955
v -0.00324690 0.03234476 0.01411007
v -0.00203481 0.03501365 0.01216994
v -0.00045846 0.03551785 0.01183765
v -0.00045846 0.03609600 0.01137316
v -0.00138794 0.03606911 0.01135172
v 0.00045846 0.03858338 0.00926510
v -0.00045846 0.03912792 0.00880061
v -0.00045846 0.03655986 0.01098013
v -0.00045846 0.03959178 0.00838971
v -0.00045846 0.03990103 0.00792880
v -0.00138794 0.03986741 0.00788950
v 0.00417010 0.04051279 0.00649603
v 0.00236766 0.04081531 0.00621734
v 0.00417010 0.04078842 0.00603154
v 0.00045846 0.04036489 0.00718919
v 0.00231742 0.03983380 0.00784305
v 0.00324690 0.03980018 0.00778945
v 0.00417010 0.03976657 0.00773229
v 0.00138794 0.04135984 0.00541342
v 0.00045846 0.04203883 0.00427363
v 0.00045846 0.04235480 0.00367694
v 0.00138794 0.04232118 0.00360906
v 0.00324690 0.04248925 0.00300522
v 0.00138794 0.04288588 0.00242283
v 0.00138794 0.04321529 0.00160818
v 0.00324690 0.04332958 0.00096147
v 0.00236766 0.04351782 0.00065062
v 0.00417010 0.04347075 0.00040409
v 0.00580297 0.04339681 0.00020757
v 0.00607930 0.04352454 -0.00028907
v 0.00641844 0.04334302 0.00006823
v 0.00695854 0.04328252 -0.00010328
v 0.01159338 0.04268421 -0.00221848
v 0.01224025 0.04249597 -0.00221848
v 0.01207068 0.04243547 -0.00269727
v 0.00695854 0.04345059 -0.00380846
v 0.00974070 0.04293294 -0.00314746
v 0.01099047 0.04238168 -0.00351548
v 0.01036873 0.04247580 -0.00371199
v 0.00814551 0.04330941 -0.00095722
v 0.01067018 0.04283883 -0.00128951
v 0.01610261 0.04072119 -0.00128951
v 0.01414945 0.04162202 -0.00201840
v 0.01161222 0.04259681 -0.00124663
v 0.01193251 0.04239513 -0.00090720
v 0.01256682 0.04229429 -0.00124663
v 0.01603981 0.04067413 -0.00058563
v 0.00695854 0.04322202 -0.00427295
v 0.00695854 0.04284555 -0.00500184
v 0.00695854 0.04251614 -0.00562354
v 0.00602906 0.04263042 -0.00583078
v 0.00598510 0.04312118 -0.00492324
v 0.00509958 0.04343042 0.00030762
v 0.00515610 0.04265731 -0.00601657
v 0.00138794 0.04261698 -0.00672045
v 0.00231742 0.04230101 -0.00710990
v 0.00509958 0.04170270 -0.00764585
v 0.00417010 0.04174976 -0.00771017
v 0.00351067 0.04148085 -0.00822110
v 0.00045846 0.04204555 -0.00778520
v 0.00602906 0.04236824 -0.00629169
v 0.00602906 0.04203211 -0.00685622
v 0.00602906 0.04162875 -0.00752437
v 0.00417010 0.04221362 -0.00695627
v 0.00045846 0.04162202 -0.00843548
v 0.00045846 0.04130606 -0.00889997
v -0.00045846 0.04084220 -0.00956097
v -0.00138794 0.04047245 -0.00996829
v -0.00045846 0.04051279 -0.01002546
v -0.00324690 0.03959178 -0.01096159
v -0.00417010 0.03912120 -0.01149753
v -0.00138794 0.03967245 -0.01106878
v -0.00324690 0.03878506 -0.01204063
v 0.00104881 -0.01237436 0.01775094
v 0.00138794 -0.01370545 0.01722571
v 0.00435851 -0.01128529 0.01769377
v 0.00318410 -0.02405162 0.01281665
v 0.01384172 -0.01505670 0.01399573
v 0.01090255 -0.01495587 0.01488183
v 0.00403193 -0.02405162 0.01260941
v 0.00417010 -0.02405162 0.01257368
v 0.00500538 -0.02405162 0.01233787
v 0.00506818 -0.02405162 0.01232000
v 0.01138613 -0.01433738 0.01501761
v 0.01165618 -0.01377940 0.01517839
v 0.01345234 -0.01116429 0.01577865
v 0.01345234 -0.01070042 0.01597159
v 0.01067018 -0.01254243 0.01596802
v 0.01037501 -0.01057269 0.01684698
v 0.00974070 -0.00999454 0.01719713
v 0.00881122 -0.00999454 0.01738292
v 0.00572133 -0.01053908 0.01775809
v 0.00509958 -0.01067353 0.01780811
v -0.00238022 -0.00626347 0.01950528
v -0.00211645 -0.00594078 0.01961604
v -0.00138794 -0.00535591 0.01983757
v -0.00231742 -0.00721136 0.01925517
v 0.00138794 -0.00721136 0.01936236
v 0.00138794 -0.00656599 0.01954101
v -0.00138794 -0.00610212 0.01965535
v 0.00108649 -0.00959791 0.01867635
v -0.00138794 -0.00442818 0.02003051
v -0.00231742 -0.00257273 0.02028776
v -0.00229230 -0.00159122 0.02044497
v -0.00258747 -0.00108030 0.02049857
v -0.00324690 -0.00088534 0.02046999
v -0.00138794 -0.00350046 0.02019844
v -0.00138794 -0.00257273 0.02036280
v -0.00324690 -0.00042148 0.02053787
v -0.00231742 0.00021045 0.02068794
v -0.00324690 0.00021045 0.02061290
v -0.00324690 0.00113818 0.02070938
v -0.00409474 0.00029112 0.02053787
v -0.00465368 0.00065415 0.02051643
v -0.00509958 0.00299363 0.02070580
v -0.00611698 0.00290624 0.02058789
v -0.00417010 0.00392136 0.02087731
v -0.00509958 0.00392136 0.02077369
v -0.00602906 0.00392136 0.02066650
v -0.00736676 0.00392136 0.02050571
v -0.00324690 0.00484909 0.02097735
v -0.00417010 0.00763227 0.02096663
v -0.00324690 0.00392136 0.02094519
v -0.00417010 0.00855999 0.02096663
v -0.00509958 0.00948772 0.02085944
v -0.00872958 0.00942722 0.02043783
v -0.00695854 0.00948772 0.02065221
v -0.00731651 0.01157847 0.02050214
v -0.00805759 0.01040872 0.02048070
v -0.00417010 0.02154817 0.01921944
v -0.00417010 0.01412635 0.02063077
v -0.00417010 0.01319863 0.02073081
v -0.00324690 0.01690953 0.02028776
v -0.00602906 0.01226418 0.02060933
v -0.00509958 0.01226418 0.02071295
v -0.00138794 0.01783726 0.02021273
v -0.00324690 0.01876499 0.01995905
v -0.00377444 0.02017002 0.01959103
v 0.00509958 0.03673465 -0.01370921
v 0.00509958 0.03773633 -0.01284812
v 0.00504934 0.03832120 -0.01230503
v 0.00602906 0.03813296 -0.01231217
v 0.00695854 0.03754809 -0.01268019
v 0.00918175 0.03683549 -0.01286956
v 0.00231742 0.03882540 -0.01207993
v 0.00138794 0.03885901 -0.01211923
v 0.00045846 0.03936321 -0.01158686
v 0.00231742 0.03832120 -0.01254442
v 0.00418266 0.03816658 -0.01254442
v 0.00470392 0.03872456 -0.01197274
v -0.00045846 0.04011615 -0.01056856
v 0.01438182 0.03342710 -0.01403793
v 0.01067018 0.03705734 -0.01218355
v 0.01350886 0.03565231 -0.01241936
v 0.01386056 0.03590777 -0.01192629
v 0.01431902 0.03526911 -0.01243008
v 0.01458907 0.03486575 -0.01274093
v 0.01511661 0.03424727 -0.01302677
v 0.01431902 0.03454979 -0.01315897
v 0.01438182 0.03389097 -0.01366991
v 0.00695854 0.03802540 -0.01221570
v 0.00788174 0.03791112 -0.01210494
v 0.00974070 0.03721868 -0.01234433
v 0.01560647 0.03304391 -0.01373422
v 0.01671180 0.03223047 -0.01382355
v 0.01708862 0.03263383 -0.01331976
v 0.01733355 0.03199518 -0.01367348
v 0.01786737 0.03241870 -0.01305178
v 0.01809974 0.03175989 -0.01336263
v 0.01993986 0.02989099 -0.01336978
v 0.01877801 0.03153131 -0.01305536
v 0.02019107 0.02915150 -0.01368420
v 0.02042972 0.02853301 -0.01383069
v 0.02142200 0.02677840 -0.01387357
v 0.02159785 0.02618680 -0.01400577
v 0.02118335 0.02544059 -0.01462747
v 0.02056160 0.02597840 -0.01485614
v 0.02087562 0.02517840 -0.01493832
v 0.02143456 0.02433135 -0.01482398
v 0.02157901 0.02340362 -0.01493832
v 0.02689840 -0.02020626 -0.01194416
v 0.02710564 -0.02113399 -0.01142965
v 0.02770227 -0.02405162 -0.00969318
v 0.02731917 -0.02405162 -0.01043993
v 0.02689840 -0.01927854 -0.01194416
v 0.02659066 -0.01556763 -0.01242651
v 0.02445537 0.01598181 -0.01335191
v 0.03010762 -0.02113399 -0.00500184
v 0.02841822 -0.02020626 -0.00871418
v 0.02802256 -0.02020626 -0.00957884
v 0.02780904 -0.02020626 -0.01004333
v 0.02698632 -0.02405162 -0.01106163
v 0.02670999 -0.02405162 -0.01157257
v 0.02235776 0.02138010 -0.01482398
v 0.02291043 0.02062044 -0.01449170
v 0.02299207 0.01969271 -0.01455601
v 0.02333120 0.02154817 -0.01393788
v 0.02362010 0.01783726 -0.01422372
v 0.02412252 0.01733306 -0.01381283
v 0.02341913 0.02062044 -0.01402721
v 0.02348821 0.01969271 -0.01409152
v 0.02434233 0.01697676 -0.01344481
v -0.00324690 0.02711453 0.01721499
v -0.00324690 0.02774646 0.01689700
v -0.00324690 0.02628092 0.01758658
v -0.00397541 0.02577000 0.01774737
v -0.00324690 0.02247589 0.01901935
v -0.00324690 0.02323555 0.01877282
v -0.00324690 0.02950107 0.01591085
v -0.00182756 0.03128930 0.01494615
v -0.00146958 0.03167249 0.01467817
v -0.00045846 0.03397164 0.01301316
v -0.00045846 0.03241870 0.01416724
v -0.00045846 0.03505399 0.01220209
v 0.00045846 0.03551785 0.01183765
v 0.00045846 0.03609600 0.01137316
v 0.00417010 0.03800523 0.00956523
v 0.00138794 0.03910103 0.00877560
v 0.00045846 0.03912792 0.00880061
v 0.00045846 0.03655986 0.01098013
v 0.00138794 0.03606911 0.01135172
v 0.00324690 0.03601533 0.01130527
v 0.00045846 0.03959178 0.00838971
v 0.00045846 0.03990103 0.00792880
v 0.00509958 0.04074136 0.00594579
v 0.00509958 0.04116488 0.00520261
v 0.00419522 0.04129261 0.00512758
v 0.00231742 0.04132623 0.00534553
v 0.00138794 0.03986741 0.00788950
v 0.00231742 0.03953128 0.00830754
v 0.00324690 0.03949766 0.00825394
v 0.00417010 0.03945733 0.00819677
v 0.00509958 0.03970607 0.00762867
v 0.00509958 0.04045900 0.00641028
v 0.00138794 0.04160858 0.00494893
v 0.00231742 0.04157497 0.00488104
v 0.00231742 0.04189765 0.00427363
v 0.00417010 0.04221362 0.00339468
v 0.00419522 0.04170942 0.00435581
v 0.00468508 0.04242874 0.00289089
v 0.00324690 0.04273799 0.00242283
v 0.00324690 0.04311446 0.00149385
v 0.00509958 0.04296656 0.00149385
v 0.00509958 0.04325563 0.00077211
v 0.00530683 0.04240185 0.00283372
v 0.00602906 0.04283883 0.00149385
v 0.00607930 0.04321529 0.00053629
v 0.00697110 0.04261698 0.00154387
v 0.00695854 0.04302034 0.00056487
v 0.00879866 0.04258336 0.00059703
v 0.00974070 0.04248925 0.00026831
v 0.00974070 0.04272454 -0.00036053
v 0.01084603 0.04236152 -0.00008184
v 0.01269871 0.04228085 -0.00221848
v 0.01159338 0.04228757 -0.00331896
v 0.01443206 0.04134639 -0.00228280
v 0.01325765 0.04164892 -0.00299025
v 0.01298760 0.04149429 -0.00360838
v 0.01229677 0.04162202 -0.00407287
v 0.01206440 0.04150102 -0.00454450
v 0.01159338 0.04158841 -0.00471600
v 0.01099675 0.04146068 -0.00538772
v 0.01067646 0.04222034 -0.00404071
v 0.01656735 0.04049934 -0.00128951
v 0.01716398 0.04018337 -0.00128951
v 0.01594561 0.04066741 -0.00195766
v 0.01534898 0.04086236 -0.00224707
v 0.01159338 0.04190438 0.00056487
v 0.01211464 0.04152119 0.00107581
v 0.01252286 0.04195144 -0.00036053
v 0.01630358 0.04045228 -0.00031051
v 0.01716398 0.04010271 -0.00036053
v 0.00782522 0.04259009 -0.00500541
v 0.00747352 0.04244219 -0.00549134
v 0.01058225 0.04074136 -0.00686694
v 0.00695854 0.04224723 -0.00608803
v 0.00567736 0.04060018 -0.00921797
v 0.00509958 0.04140690 -0.00810677
v 0.00509958 0.04101026 -0.00871418
v 0.00666965 0.04154808 -0.00739932
v 0.00602906 0.04132623 -0.00798886
v 0.00509958 0.04063379 -0.00927156
v 0.00138794 0.04080186 -0.00950381
v 0.00045846 0.04084220 -0.00956097
v 0.00045846 0.04051279 -0.01002546
v 0.00409474 -0.01095588 0.01784741
v 0.00138794 -0.01092227 0.01821186
v 0.01438182 -0.01556763 0.01358841
v 0.01438182 -0.01486847 0.01391713
v 0.01438182 -0.01440461 0.01412079
v 0.01350258 -0.01470041 0.01425299
v 0.00682037 -0.02405162 0.01181264
v 0.00696482 -0.02405162 0.01176976
v 0.01252286 -0.01396091 0.01485682
v 0.01308808 -0.01330881 0.01497473
v 0.01398616 -0.01051891 0.01589656
v 0.01370355 -0.01310041 0.01488541
v 0.01099675 -0.01035084 0.01676480
v 0.01067018 -0.01185000 0.01625029
v 0.01067646 -0.01002143 0.01695774
v 0.01067018 -0.00906682 0.01727573
v 0.00993539 -0.00841472 0.01766876
v 0.00931992 -0.00863657 0.01774022
v 0.00634307 -0.01037773 0.01770092
v 0.00602906 -0.01004160 0.01786528
v 0.00597882 -0.00723153 0.01876924
v 0.00509958 -0.00999454 0.01803321
v 0.00417010 -0.00999454 0.01816184
v 0.00138794 -0.00535591 0.01983757
v 0.00138794 -0.00442818 0.02004123
v 0.00045846 -0.00257273 0.02042354
v 0.00138794 -0.00813909 0.01908724
v 0.00324690 -0.00721136 0.01914798
v 0.00417010 -0.00628364 0.01929447
v 0.00324690 -0.00628364 0.01940166
v 0.00238022 -0.00626347 0.01950528
v 0.00211645 -0.00594078 0.01961604
v 0.00138794 -0.00610212 0.01965535
v 0.00139422 -0.00994749 0.01853343
v -0.00045846 -0.00257273 0.02041639
v -0.00138794 -0.00184668 0.02047713
v -0.00197200 -0.00124164 0.02052358
v -0.00229230 -0.00075089 0.02057003
v -0.00138794 0.00021045 0.02073439
v -0.00231742 0.00113818 0.02077726
v -0.00138794 -0.00071728 0.02062720
v -0.00324690 0.00206591 0.02079513
v -0.00417010 0.00299363 0.02080227
v -0.00417010 0.00113818 0.02061648
v -0.00324690 0.00299363 0.02087731
v -0.00045846 0.00484909 0.02108097
v -0.00324690 0.00763227 0.02101665
v -0.00231742 0.00392136 0.02098092
v -0.00231742 0.00299363 0.02092018
v -0.00324690 0.00855999 0.02101308
v -0.00417010 0.00948772 0.02093805
v -0.00324690 0.02154817 0.01926589
v -0.00324690 0.01412635 0.02067365
v -0.00324690 0.01493307 0.02056288
v -0.00324690 0.01319863 0.02077369
v -0.00417010 0.01226418 0.02079155
v -0.00231742 0.01690953 0.02031992
v -0.00045846 0.01690953 0.02038066
v -0.00045846 0.01783726 0.02024131
v -0.00138794 0.01876499 0.02002336
v -0.00324690 0.01969271 0.01973038
v 0.00532567 0.03867750 -0.01191557
v 0.00324690 0.03878506 -0.01204063
v 0.00045846 0.04011615 -0.01056856
v 0.00138794 0.03967245 -0.01106878
v 0.00417010 0.03912120 -0.01149753
v 0.00417010 0.03955145 -0.01090799
v 0.00509958 0.03950439 -0.01084368
v 0.00504934 0.03898002 -0.01156185
v 0.00974070 0.03768255 -0.01181910
v 0.01073926 0.03756826 -0.01150111
v 0.01127937 0.03692289 -0.01204063
v 0.01324509 0.03603550 -0.01210494
v 0.01438182 0.03610272 -0.01129030
v 0.01438182 0.03578004 -0.01175479
v 0.01109724 0.03776994 -0.01101518
v 0.01138613 0.03883884 -0.00935017
v 0.01119144 0.03967245 -0.00829256
v 0.01502241 0.03512794 -0.01212281
v 0.01573836 0.03405231 -0.01286599
v 0.01684369 0.03323215 -0.01296603
v 0.00602906 0.03860355 -0.01181196
v 0.00854117 0.03783045 -0.01201562
v 0.00915663 0.03775650 -0.01191915
v 0.01623450 0.03284223 -0.01358059
v 0.01745915 0.03303719 -0.01275165
v 0.01848284 0.03214980 -0.01280525
v 0.02058045 0.02964897 -0.01306608
v 0.01969493 0.03059014 -0.01305893
v 0.02081281 0.02886242 -0.01330904
v 0.02103890 0.02804226 -0.01355915
v 0.02123359 0.02739688 -0.01373422
v 0.02222588 0.02561538 -0.01378425
v 0.02135292 0.02482210 -0.01475610
v 0.02244569 0.02433135 -0.01396647
v 0.02324956 0.02218010 -0.01386285
v 0.02204375 0.02340362 -0.01455601
v 0.02226356 0.02199859 -0.01474181
v 0.02755782 -0.02020626 -0.01056856
v 0.02779648 -0.02113399 -0.01002189
v 0.02775879 -0.02206171 -0.00994686
v 0.02882644 -0.02405162 -0.00744219
v 0.03046559 -0.02113399 -0.00417648
v 0.02433605 0.01783726 -0.01329832
v 0.02475054 0.01690953 -0.01242651
v 0.03170280 -0.02113399 -0.00120733
v 0.03151440 -0.02113399 -0.00166824
v 0.03128830 -0.02113399 -0.00221848
v 0.03064144 -0.02042139 -0.00366912
v 0.03045931 -0.02206171 -0.00416219
v 0.02927862 -0.02113399 -0.00685622
v 0.02870084 -0.02113399 -0.00811034
v 0.02841822 -0.02113399 -0.00871418
v 0.02801628 -0.02113399 -0.00956097
v 0.02269690 0.02163556 -0.01447026
v 0.02382734 0.02145405 -0.01326259
v 0.02388387 0.02062044 -0.01342337
v 0.02395295 0.01969271 -0.01354843
v 0.02408483 0.01783726 -0.01376281
v 0.02421672 0.01969271 -0.01308394
v 0.02427324 0.01876499 -0.01319827
v 0.02401575 0.01876499 -0.01366276
v -0.00045846 0.02711453 0.01730075
v -0.00045846 0.02782713 0.01694345
v -0.00045846 0.02591789 0.01780811
v -0.00045846 0.02638176 0.01762589
v -0.00138794 0.02330950 0.01880140
v -0.00045846 0.02334312 0.01881569
v -0.00045846 0.02433135 0.01842981
v -0.00231742 0.02154817 0.01929805
v -0.00045846 0.02247589 0.01910868
v -0.00045846 0.03082543 0.01524985
v -0.00045846 0.03132291 0.01496758
v -0.00045846 0.03178677 0.01463172
v 0.00045846 0.03397164 0.01301316
v 0.00045846 0.03241870 0.01416724
v 0.00045846 0.03505399 0.01220209
v 0.00203481 0.03501365 0.01216994
v 0.00324690 0.03498004 0.01214492
v 0.00509958 0.03841532 0.00912575
v 0.00417010 0.03846910 0.00916863
v 0.00417010 0.03699684 0.01041917
v 0.00476044 0.03595482 0.01125168
v 0.00231742 0.03906742 0.00875416
v 0.00417010 0.03598171 0.01127669
v 0.00417010 0.03494643 0.01211991
v 0.00324690 0.03903380 0.00872915
v 0.00138794 0.03956489 0.00835399
v 0.00602906 0.04065396 0.00580644
v 0.00602906 0.04099682 0.00520261
v 0.00602906 0.04138001 0.00452017
v 0.00602906 0.04163547 0.00405568
v 0.00509958 0.04170942 0.00419860
v 0.00452179 0.04148757 0.00472026
v 0.00390005 0.04151446 0.00476671
v 0.00417010 0.03899347 0.00870414
v 0.00509958 0.03893296 0.00866126
v 0.00602906 0.03885229 0.00859338
v 0.00509958 0.03939683 0.00809316
v 0.00562712 0.03965901 0.00754292
v 0.00503678 0.04220690 0.00325890
v 0.00503678 0.04256992 0.00248357
v 0.00417010 0.04266404 0.00242283
v 0.00602906 0.04201194 0.00334466
v 0.00602906 0.04234135 0.00268723
v 0.00602906 0.04253631 0.00222274
v 0.00666965 0.04246908 0.00205124
v 0.00974070 0.04199849 0.00149385
v 0.00847836 0.04245563 0.00110082
v 0.00910011 0.04238168 0.00092574
v 0.00974070 0.04230773 0.00073280
v 0.01058854 0.04220690 0.00048269
v 0.01626590 0.03992119 -0.00316890
v 0.01659247 0.03958506 -0.00349404
v 0.01597701 0.03975313 -0.00382990
v 0.01568811 0.03959850 -0.00444803
v 0.01276151 0.04137329 -0.00407287
v 0.01294364 0.04054640 -0.00542345
v 0.01232817 0.04071447 -0.00570572
v 0.01197019 0.04052623 -0.00632385
v 0.01163734 0.04087581 -0.00598084
v 0.01159338 0.04134639 -0.00518049
v 0.01534898 0.03946405 -0.00504472
v 0.01532386 0.03898674 -0.00594868
v 0.01563787 0.03864389 -0.00626668
v 0.01135473 0.04066741 -0.00656324
v 0.01083347 0.04048590 -0.00718136
v 0.01067646 0.04127245 -0.00589152
v 0.01779829 0.03976657 -0.00036053
v 0.01781713 0.03978674 -0.00128951
v 0.01715770 0.03986069 -0.00216489
v 0.01624706 0.04036489 -0.00224707
v 0.01073926 0.04172959 0.00157603
v 0.01109096 0.04148757 0.00193690
v 0.01159338 0.04160858 0.00127947
v 0.01159338 0.04107077 0.00242283
v 0.01580116 0.03965229 0.00198335
v 0.01615914 0.03975313 0.00143668
v 0.01623450 0.04010271 0.00056487
v 0.01674948 0.03966573 0.00109010
v 0.01710118 0.03975985 0.00047912
v 0.01763500 0.03964556 0.00011110
v 0.00697110 0.04175648 -0.00691339
v 0.00729139 0.04146068 -0.00725997
v 0.00602906 0.03941699 -0.01072220
v 0.00509958 0.03984052 -0.01037919
v 0.00509958 0.04030438 -0.00973248
v 0.00600394 0.04082203 -0.00876063
v 0.00629283 0.04051951 -0.00910006
v 0.00974070 0.03801196 -0.01135461
v 0.01067018 0.03975313 -0.00842119
v 0.00964649 0.03984052 -0.00873204
v 0.00989771 0.03955817 -0.00905361
v 0.00766193 0.04064052 -0.00835330
v 0.00417010 0.03988758 -0.01044350
v 0.00417010 0.04035144 -0.00979322
v 0.00138794 0.04047245 -0.00996829
v 0.00324690 0.03959178 -0.01096159
v 0.01497844 -0.01611889 0.01313464
v 0.02670999 -0.02405162 0.00560636
v 0.00794454 -0.02405162 0.01147320
v 0.01524850 -0.01457267 0.01376349
v 0.01489680 -0.01421637 0.01403861
v 0.01413689 -0.01248193 0.01501761
v 0.01341466 -0.01365167 0.01473177
v 0.01345234 -0.00999454 0.01622528
v 0.01441950 -0.01279117 0.01479608
v 0.01441950 -0.01190378 0.01517124
v 0.01475236 -0.01224663 0.01491756
v 0.01433158 -0.01086849 0.01563573
v 0.01538666 -0.01100294 0.01521769
v 0.01673692 -0.01049202 0.01495687
v 0.01460791 -0.01022984 0.01579294
v 0.01433158 -0.00994749 0.01597874
v 0.01399244 -0.00775590 0.01682911
v 0.01362819 -0.00837438 0.01672549
v 0.01165618 -0.00913404 0.01699704
v 0.01164990 -0.00723153 0.01762589
v 0.01067018 -0.00811892 0.01758658
v 0.01035617 -0.00779623 0.01776881
v 0.00974070 -0.00721136 0.01810467
v 0.00881122 -0.00721136 0.01829046
v 0.00746724 -0.00677439 0.01866563
v 0.00602906 -0.00628364 0.01903007
v 0.00509958 -0.00721136 0.01891216
v 0.00509958 -0.00785002 0.01871208
v 0.00509958 -0.00831388 0.01856558
v 0.00417010 -0.00851556 0.01862990
v 0.00273192 -0.00579960 0.01958031
v 0.00324690 -0.00567187 0.01955173
v 0.00324690 -0.00442818 0.01984114
v 0.00231742 -0.00442818 0.01994476
v 0.00324690 -0.00350046 0.02003408
v 0.00231742 -0.00350046 0.02012698
v 0.00138794 -0.00350046 0.02021630
v 0.00138794 -0.00257273 0.02036994
v 0.00138794 -0.00184668 0.02047713
v 0.00045846 -0.00202147 0.02050214
v -0.00045846 -0.00202147 0.02050214
v 0.00417010 -0.00721136 0.01903722
v 0.00509958 -0.00628364 0.01917299
v 0.00459088 -0.00487188 0.01958031
v 0.00417010 -0.00805169 0.01877639
v -0.00045846 0.00021045 0.02076297
v -0.00045846 0.00113818 0.02084872
v -0.00138794 0.00113818 0.02081657
v -0.00045846 -0.00071728 0.02065935
v -0.00231742 0.00206591 0.02085230
v -0.00045846 -0.00155761 0.02055931
v 0.00045846 0.00484909 0.02108097
v -0.00045846 0.00763227 0.02112027
v -0.00045846 0.00392136 0.02104881
v -0.00231742 0.00855999 0.02104881
v -0.00138794 0.00299363 0.02095591
v -0.00324690 0.00948772 0.02098092
v -0.00324690 0.01133645 0.02088445
v -0.00138794 0.01412635 0.02073796
v -0.00324690 0.01226418 0.02083443
v -0.00045846 0.01226418 0.02093447
v -0.00045846 0.01319863 0.02087016
v -0.00045846 0.01620365 0.02048070
v 0.00045846 0.01690953 0.02038066
v 0.00045846 0.01783726 0.02024131
v -0.00045846 0.01876499 0.02005195
v 0.00602906 0.03895313 -0.01134747
v 0.01025568 0.03873128 -0.01013265
v 0.01048177 0.03789767 -0.01119383
v 0.01491564 0.03597499 -0.01110093
v 0.01087115 0.03861700 -0.00996829
v 0.01067018 0.03944388 -0.00888568
v 0.01163734 0.04035144 -0.00686694
v 0.01153686 0.03984052 -0.00776019
v 0.01220885 0.03971951 -0.00743505
v 0.01490308 0.03781700 -0.00829256
v 0.01471467 0.03679516 -0.01001117
v 0.01777317 0.03325232 -0.01212995
v 0.01813114 0.03270778 -0.01246939
v 0.01570696 0.03681533 -0.00912150
v 0.01839491 0.03300358 -0.01177265
v 0.01863984 0.03322542 -0.01115453
v 0.01939975 0.03120863 -0.01276952
v 0.02031039 0.03026746 -0.01273736
v 0.02085050 0.02985737 -0.01235505
v 0.02119591 0.02918511 -0.01259087
v 0.02137176 0.02856662 -0.01293387
v 0.02152249 0.02804226 -0.01309466
v 0.02206259 0.02618680 -0.01363418
v 0.02262153 0.02528596 -0.01342695
v 0.02305487 0.02340362 -0.01365562
v 0.02314908 0.02279858 -0.01376995
v 0.02233264 0.02499689 -0.01387357
v 0.02233892 0.02677167 -0.01298390
v 0.02247709 0.02618680 -0.01316969
v 0.02348821 0.02248262 -0.01341623
v 0.02886412 -0.02405162 -0.00736359
v 0.03089893 -0.02113399 -0.00314746
v 0.03128830 -0.02206171 -0.00221848
v 0.03089265 -0.02206171 -0.00314746
v 0.02466262 0.01783726 -0.01242651
v 0.03197914 -0.01742308 0.00056487
v 0.03194773 -0.02020626 -0.00036053
v 0.03197914 -0.02113399 -0.00036053
v 0.03170908 -0.02206171 -0.00121448
v 0.03121294 -0.02391717 -0.00221848
v 0.03120666 -0.02405162 -0.00221848
v 0.03066028 -0.02405162 -0.00347618
v 0.03044675 -0.02386339 -0.00398711
v 0.03008249 -0.02206171 -0.00500184
v 0.02923466 -0.02206171 -0.00685622
v 0.02976220 -0.02405162 -0.00546276
v 0.02412252 0.02108430 -0.01289100
v 0.02407228 0.02170951 -0.01272307
v 0.02415392 0.02062044 -0.01295889
v 0.02455586 0.01876499 -0.01242651
v 0.00045846 0.02711453 0.01730075
v 0.00045846 0.02782713 0.01694345
v 0.00045846 0.02591789 0.01780811
v 0.00045846 0.02638176 0.01762589
v 0.00045846 0.02334312 0.01881569
v 0.00045846 0.02433135 0.01842981
v -0.00045846 0.02154817 0.01935521
v 0.00045846 0.02247589 0.01910868
v 0.00045846 0.03082543 0.01524985
v 0.00045846 0.03132291 0.01496758
v 0.00045846 0.03178677 0.01463172
v 0.00324690 0.03451617 0.01249150
v 0.00324690 0.03234476 0.01411007
v 0.00146958 0.03167249 0.01467817
v 0.00324690 0.03175316 0.01454955
v 0.00602906 0.03833464 0.00905786
v 0.00509958 0.03795145 0.00951878
v 0.00509958 0.03488592 0.01207346
v 0.00602906 0.03537668 0.01154466
v 0.00695854 0.03529600 0.01148035
v 0.00417010 0.03448256 0.01246649
v 0.00602906 0.04036489 0.00627093
v 0.00898707 0.03957834 0.00649246
v 0.00659428 0.04059346 0.00570283
v 0.00692714 0.04077497 0.00524549
v 0.00974070 0.04049934 0.00460592
v 0.00974070 0.04075480 0.00414501
v 0.00736048 0.04148757 0.00378413
v 0.00677013 0.03877834 0.00852192
v 0.00881122 0.03761532 0.00923294
v 0.00695854 0.03951111 0.00731067
v 0.00597254 0.03986069 0.00709987
v 0.00738560 0.03870439 0.00843616
v 0.00701506 0.04174976 0.00342326
v 0.00881122 0.04132623 0.00345899
v 0.00881122 0.04155480 0.00299450
v 0.00927596 0.04150102 0.00288374
v 0.00989771 0.04142707 0.00272296
v 0.00697110 0.04225395 0.00238710
v 0.01626590 0.03945061 -0.00411217
v 0.01684369 0.03973296 -0.00287591
v 0.01681856 0.03880523 -0.00470886
v 0.01656735 0.03863044 -0.00532698
v 0.01625334 0.03898674 -0.00501256
v 0.01595189 0.03881195 -0.00564855
v 0.01502241 0.03880523 -0.00654537
v 0.01532386 0.03846238 -0.00685622
v 0.01524850 0.03796490 -0.00775304
v 0.01585768 0.03784389 -0.00742075
v 0.01021800 0.04057329 -0.00732786
v 0.01058225 0.04023716 -0.00769587
v 0.02055532 0.03788423 0.00030047
v 0.02055532 0.03788423 -0.00017474
v 0.01828187 0.03940355 -0.00128951
v 0.01766640 0.03967918 -0.00182188
v 0.01073926 0.04135312 0.00241568
v 0.01075810 0.04086236 0.00343755
v 0.01112864 0.04056657 0.00380557
v 0.01159338 0.04070774 0.00316243
v 0.01641663 0.03951111 0.00170823
v 0.01159338 0.04047917 0.00362692
v 0.01377891 0.03959178 0.00370196
v 0.01530502 0.03881867 0.00400209
v 0.01578232 0.03871784 0.00381986
v 0.01706977 0.03882540 0.00232993
v 0.01710118 0.03928926 0.00143668
v 0.02030411 0.03772960 0.00091860
v 0.01997754 0.03807918 0.00059346
v 0.01737123 0.03949094 0.00072923
v 0.00974070 0.04035144 -0.00789953
v 0.00927596 0.03964556 -0.00917867
v 0.02737570 -0.02405162 0.00537054
v 0.02704912 -0.02355414 0.00570640
v 0.01716398 -0.01484830 0.01298100
v 0.01664272 -0.01505670 0.01307033
v 0.01801181 -0.01455251 0.01281307
v 0.01764128 -0.01418948 0.01309534
v 0.01512917 -0.01162815 0.01504619
v 0.01826303 -0.01392730 0.01298815
v 0.01848284 -0.01132563 0.01399216
v 0.01880941 -0.01070715 0.01412079
v 0.01801181 -0.00992059 0.01469961
v 0.01708862 -0.00992059 0.01502833
v 0.01526106 -0.00994749 0.01566432
v 0.01862728 -0.01330881 0.01311678
v 0.01491564 -0.00961135 0.01590013
v 0.01433786 -0.00716430 0.01690772
v 0.01438182 -0.00628364 0.01718284
v 0.01336442 -0.00619624 0.01751870
v 0.01345234 -0.00721136 0.01716140
v 0.01252286 -0.00648532 0.01764375
v 0.01300016 -0.00583322 0.01773308
v 0.01137357 -0.00693573 0.01779024
v 0.01067018 -0.00723153 0.01787242
v 0.01067018 -0.00628364 0.01816898
v 0.00974070 -0.00628364 0.01839051
v 0.00922572 -0.00578616 0.01865133
v 0.00887402 -0.00628364 0.01856916
v 0.00602906 -0.00535591 0.01925517
v 0.00417010 -0.00350046 0.01993761
v 0.00423918 -0.00450885 0.01970537
v 0.00417010 -0.00257273 0.02010911
v 0.00324690 -0.00257273 0.02019844
v 0.00231742 -0.00257273 0.02028776
v 0.00324690 -0.00164500 0.02035565
v 0.00229230 -0.00159122 0.02044497
v 0.00258747 -0.00108030 0.02049857
v 0.00197200 -0.00124164 0.02052358
v 0.00138794 -0.00071728 0.02062720
v 0.00045846 -0.00155761 0.02055931
v 0.00509958 -0.00535591 0.01939452
v 0.00509958 -0.00471053 0.01954458
v 0.00509958 -0.00424667 0.01965177
v 0.00509958 -0.00350046 0.01981970
v 0.00045846 0.00021045 0.02076297
v 0.00045846 0.00113818 0.02084872
v -0.00045846 0.00299363 0.02098807
v 0.00045846 -0.00071728 0.02065935
v 0.00324690 0.00484909 0.02097735
v 0.00045846 0.00763227 0.02112027
v 0.00045846 0.00392136 0.02104881
v 0.00231742 0.00392136 0.02098092
v -0.00045846 0.00855999 0.02111312
v -0.00045846 0.00948772 0.02108097
v -0.00045846 0.01412635 0.02076654
v -0.00045846 0.01573979 0.02054502
v 0.00045846 0.01226418 0.02093447
v 0.00045846 0.01319863 0.02087016
v 0.00045846 0.01620365 0.02048070
v 0.00231742 0.01690953 0.02031992
v 0.00138794 0.01783726 0.02021273
v 0.00045846 0.01876499 0.02005195
v 0.01509149 0.03699684 -0.00939304
v 0.01551855 0.03764893 -0.00803888
v 0.01852052 0.03404559 -0.01006477
v 0.01598957 0.03703045 -0.00850337
v 0.01925531 0.03480525 -0.00794241
v 0.01938091 0.03396492 -0.00903575
v 0.02130896 0.03031451 -0.01097588
v 0.01958816 0.03418676 -0.00841762
v 0.02134664 0.02944057 -0.01197274
v 0.02319304 0.02477504 -0.01287313
v 0.02328096 0.02415656 -0.01303035
v 0.02338773 0.02340362 -0.01319113
v 0.02320560 0.02666411 -0.01105448
v 0.02292299 0.02611285 -0.01235505
v 0.02311768 0.02525907 -0.01267305
v 0.02216307 0.02739016 -0.01263374
v 0.02222588 0.03027418 -0.00908577
v 0.02236404 0.03053636 -0.00846407
v 0.02321816 0.03133636 -0.00552707
v 0.03169024 -0.02298944 -0.00117160
v 0.03149555 -0.02298944 -0.00163609
v 0.02691096 0.02294648 -0.00175757
v 0.03203566 -0.01556763 0.00149385
v 0.03204194 -0.01835081 0.00056487
v 0.03188493 -0.02206171 -0.00036053
v 0.03163372 -0.02391717 -0.00107513
v 0.03203566 -0.01927854 0.00056487
v 0.03198542 -0.02020626 0.00056487
v 0.03147043 -0.02405162 -0.00149674
v 0.03148299 -0.02391717 -0.00153962
v 0.03055980 -0.02405162 -0.00370485
v 0.03042791 -0.02405162 -0.00400141
v 0.02997573 -0.02405162 -0.00500184
v 0.02420416 0.02145405 -0.01241936
v 0.02471286 0.02154817 -0.01056856
v 0.02431721 0.02062044 -0.01242651
v 0.02399063 0.02248262 -0.01241936
v 0.02416648 0.02217338 -0.01210494
v 0.02504572 0.02197169 -0.00916080
v 0.02546650 0.02154817 -0.00778520
v 0.00324690 0.02711453 0.01721499
v 0.00324690 0.02628092 0.01758658
v 0.00324690 0.02774646 0.01689700
v 0.00324690 0.02950107 0.01591085
v 0.00182756 0.03128930 0.01494615
v 0.00138794 0.02330950 0.01880140
v 0.00045846 0.02154817 0.01935521
v 0.00231742 0.02154817 0.01929805
v 0.00324690 0.02247589 0.01901935
v 0.00324690 0.02323555 0.01877282
v 0.00324690 0.03124896 0.01492114
v 0.00417010 0.03175316 0.01449238
v 0.00664453 0.03781700 0.00940087
v 0.00788174 0.03770272 0.00930797
v 0.00509958 0.03442206 0.01242005
v 0.00695854 0.03426071 0.01230214
v 0.00788174 0.03418004 0.01224140
v 0.00695854 0.03472458 0.01194484
v 0.00788174 0.03464391 0.01187338
v 0.00788174 0.03520861 0.01141246
v 0.00695854 0.03740019 0.00970457
v 0.00488605 0.03225736 0.01404933
v 0.00974070 0.03948422 0.00634954
v 0.00974070 0.03977329 0.00588505
v 0.00881122 0.03883884 0.00771799
v 0.00881122 0.03854305 0.00818248
v 0.00943925 0.03876489 0.00760008
v 0.00974070 0.04016321 0.00520261
v 0.01050689 0.04066068 0.00396993
v 0.00964649 0.04123211 0.00325533
v 0.00881122 0.03807918 0.00876845
v 0.00881122 0.03715146 0.00962240
v 0.00974070 0.03703717 0.00952593
v 0.00974070 0.03750104 0.00910789
v 0.00974070 0.03795145 0.00864340
v 0.01745915 0.03951111 -0.00244001
v 0.01744031 0.03854977 -0.00424080
v 0.01933695 0.03581365 -0.00618450
v 0.01948768 0.03500021 -0.00732428
v 0.01691905 0.03797834 -0.00593082
v 0.01673692 0.03781700 -0.00643818
v 0.01647943 0.03760860 -0.00705631
v 0.01623450 0.03731952 -0.00778163
v 0.02145968 0.03693633 0.00117228
v 0.02156017 0.03705062 0.00056487
v 0.02149108 0.03701028 -0.00036053
v 0.02086934 0.03752792 -0.00043556
v 0.02136548 0.03688255 -0.00088219
v 0.02088190 0.03713801 -0.00123234
v 0.02058045 0.03700356 -0.00203269
v 0.02024759 0.03671448 -0.00314746
v 0.01998382 0.03642541 -0.00413003
v 0.01779201 0.03885229 -0.00314746
v 0.01316345 0.03971279 0.00393063
v 0.01034360 0.03969262 0.00574928
v 0.01096535 0.03957834 0.00555991
v 0.01159338 0.03973968 0.00489891
v 0.01269243 0.03953128 0.00455233
v 0.01413061 0.03879851 0.00487032
v 0.01475236 0.03867750 0.00467381
v 0.01530502 0.03854977 0.00446657
v 0.01599585 0.03791112 0.00492392
v 0.01661760 0.03773633 0.00465952
v 0.01965725 0.03695650 0.00304810
v 0.01848912 0.03774977 0.00281585
v 0.01762872 0.03871784 0.00196191
v 0.02086934 0.03711112 0.00148670
v 0.02801628 -0.02405162 0.00495607
v 0.02766459 -0.02332557 0.00558849
v 0.01938719 -0.01501637 0.01212706
v 0.01876545 -0.01526511 0.01223782
v 0.01905434 -0.01468024 0.01238789
v 0.01897270 -0.01274411 0.01322397
v 0.01924903 -0.01303318 0.01300244
v 0.01902294 -0.01185000 0.01357412
v 0.01942488 -0.01039118 0.01399216
v 0.01907946 -0.01004833 0.01424941
v 0.02785300 -0.02069702 0.00660322
v 0.01826931 -0.00922816 0.01484253
v 0.01764756 -0.00955757 0.01495329
v 0.01526106 -0.00901304 0.01597874
v 0.01490936 -0.00682145 0.01682554
v 0.01461419 -0.00743993 0.01672192
v 0.01525478 -0.00622313 0.01690057
v 0.01582000 -0.00587355 0.01681839
v 0.01438182 -0.00535591 0.01744724
v 0.01367843 -0.00535591 0.01766876
v 0.01067018 -0.00535591 0.01840837
v 0.01316345 -0.00138954 0.01870493
v 0.01288711 -0.00200803 0.01863347
v 0.00695854 -0.00535591 0.01910868
v 0.00980350 -0.00542986 0.01859774
v 0.01016148 -0.00484499 0.01864776
v 0.00953973 -0.00516768 0.01871922
v 0.00974070 -0.00257273 0.01925160
v 0.00904359 -0.00188030 0.01954816
v 0.00876726 -0.00251222 0.01946240
v 0.00842812 -0.00216937 0.01959818
v 0.00631795 -0.00384331 0.01955887
v 0.00601650 -0.00438785 0.01948027
v 0.00569621 -0.00405844 0.01960532
v 0.00509958 -0.00257273 0.02000192
v 0.00417010 -0.00164500 0.02026275
v 0.00373676 -0.00027358 0.02051643
v 0.00324690 -0.00088534 0.02046999
v 0.00324690 -0.00042148 0.02053787
v 0.00229230 -0.00075089 0.02057003
v 0.00231742 0.00021045 0.02068794
v 0.00138794 0.00021045 0.02073439
v 0.00601650 -0.00352062 0.01967678
v 0.00138794 0.00113818 0.02081657
v 0.00045846 0.00299363 0.02098807
v 0.00417010 0.00484909 0.02091304
v 0.00417010 0.00763227 0.02096663
v 0.00324690 0.00763227 0.02101665
v 0.00324690 0.00392136 0.02094519
v 0.00231742 0.00855999 0.02104881
v 0.00045846 0.00855999 0.02111312
v 0.00138794 0.00299363 0.02095591
v 0.00045846 0.00948772 0.02108097
v 0.00045846 0.01412635 0.02076654
v 0.00045846 0.01573979 0.02054502
v 0.00324690 0.01226418 0.02083443
v 0.00324690 0.01319863 0.02077369
v 0.00324690 0.01133645 0.02088445
v 0.00138794 0.01412635 0.02073796
v 0.00324690 0.01493307 0.02056288
v 0.00324690 0.01690953 0.02028776
v 0.00324690 0.01783726 0.02014842
v 0.00138794 0.01876499 0.02002336
v 0.01863356 0.03506071 -0.00834259
v 0.02233264 0.03138342 -0.00746006
v 0.02030411 0.03487920 -0.00621666
v 0.02047996 0.03508088 -0.00559853
v 0.02342541 0.02441202 -0.01250869
v 0.02373942 0.02340362 -0.01242651
v 0.02320560 0.02575655 -0.01199775
v 0.02328096 0.02525907 -0.01220856
v 0.02416020 0.02673806 -0.00835688
v 0.02405344 0.03205568 -0.00249360
v 0.02415392 0.02763890 -0.00739217
v 0.02316792 0.03217669 -0.00448376
v 0.02608824 0.02246245 -0.00505186
v 0.02595636 0.02276497 -0.00539487
v 0.02645878 0.02340362 -0.00314746
v 0.02674767 0.02331623 -0.00212916
v 0.02728777 0.02433135 0.00056487
v 0.02788440 0.02411622 0.00270509
v 0.02767087 0.02340362 0.00149385
v 0.02813561 0.02340362 0.00334466
v 0.03154580 -0.00859623 0.00473098
v 0.03154580 -0.00859623 0.00474169
v 0.03196658 -0.01463318 0.00242283
v 0.03207962 -0.01649535 0.00149385
v 0.02858779 0.02340362 0.00520261
v 0.02873224 0.02340362 0.00580287
v 0.02880760 0.02401538 0.00641743
v 0.02912161 0.02154817 0.00705699
v 0.02949843 0.01876499 0.00798597
v 0.02971824 0.01659357 0.00921150
v 0.03172165 -0.02206171 0.00042195
v 0.03162116 -0.02405162 -0.00064637
v 0.03162116 -0.02405162 -0.00104297
v 0.03180957 -0.02121466 0.00065420
v 0.03203566 -0.01742308 0.00149385
v 0.03194145 -0.01835081 0.00149385
v 0.02422300 0.02611958 -0.00868559
v 0.02509596 0.02769268 -0.00468027
v 0.02542253 0.02711453 -0.00407287
v 0.02599404 0.02761873 -0.00179330
v 0.02507712 0.02304060 -0.00833187
v 0.02500176 0.02247589 -0.00899644
v 0.02534089 0.02247589 -0.00778520
v 0.00417010 0.02711453 0.01716854
v 0.00397541 0.02577000 0.01774737
v 0.00423918 0.02612630 0.01759373
v 0.00417010 0.02363891 0.01856916
v 0.00417010 0.02769940 0.01687199
v 0.00417010 0.02816998 0.01661116
v 0.00396913 0.02946746 0.01589299
v 0.00324690 0.03078510 0.01518554
v 0.00324690 0.02154817 0.01926589
v 0.00324690 0.01969271 0.01973038
v 0.00417010 0.02154817 0.01921944
v 0.00417010 0.02247589 0.01896933
v 0.00417010 0.02317505 0.01874781
v 0.00417010 0.03073804 0.01516053
v 0.00417010 0.03120190 0.01489255
v 0.00515610 0.03184056 0.01432445
v 0.00509958 0.03379685 0.01288453
v 0.00675129 0.03319181 0.01312392
v 0.00736676 0.03313803 0.01308462
v 0.00788174 0.03360862 0.01266658
v 0.00851605 0.03411954 0.01219495
v 0.00881122 0.03510777 0.01132671
v 0.00881122 0.03557836 0.01093726
v 0.00550152 0.03221030 0.01401002
v 0.00974698 0.03844893 0.00793952
v 0.01006099 0.03867078 0.00745717
v 0.01159338 0.03629096 0.00967242
v 0.01105956 0.03683549 0.00935799
v 0.00938272 0.03503382 0.01126240
v 0.01159338 0.03675482 0.00926510
v 0.01034989 0.03783717 0.00851834
v 0.01252286 0.03660692 0.00906144
v 0.01842003 0.03766910 -0.00431226
v 0.01973889 0.03614306 -0.00500184
v 0.02037320 0.03589432 -0.00448019
v 0.01963841 0.03514810 -0.00685622
v 0.02027271 0.03677499 0.00273725
v 0.02117707 0.03674810 0.00179041
v 0.02133408 0.03592793 0.00287660
v 0.02183022 0.03641869 0.00152958
v 0.02422928 0.03418004 0.00210840
v 0.02243941 0.03608928 0.00126875
v 0.02202491 0.03661365 0.00056487
v 0.02246453 0.03614978 0.00056487
v 0.02235776 0.03605566 -0.00009970
v 0.02198723 0.03637835 -0.00039269
v 0.02159157 0.03639852 -0.00123234
v 0.02146596 0.03609600 -0.00203984
v 0.02132780 0.03591449 -0.00265796
v 0.02119591 0.03671448 -0.00150031
v 0.02054904 0.03606911 -0.00386206
v 0.01067018 0.03887246 0.00683189
v 0.01065762 0.03936321 0.00608871
v 0.01188227 0.03865061 0.00649246
v 0.01394220 0.03779683 0.00661037
v 0.01337697 0.03836154 0.00604584
v 0.01252286 0.03881867 0.00583146
v 0.01499729 0.03786406 0.00579215
v 0.01530502 0.03807246 0.00522047
v 0.01561903 0.03770272 0.00554204
v 0.01627846 0.03755482 0.00522047
v 0.01858960 0.03594810 0.00569211
v 0.01894757 0.03608928 0.00514544
v 0.01953792 0.03596827 0.00479886
v 0.02847474 -0.02405162 0.00432723
v 0.02855639 -0.02213566 0.00519546
v 0.02792208 -0.02270709 0.00573856
v 0.02779020 -0.01597099 0.00842544
v 0.02139688 -0.01052563 0.01311320
v 0.01966981 -0.00977270 0.01409578
v 0.01855820 -0.00860968 0.01494615
v 0.02795976 -0.02020626 0.00669612
v 0.02790952 -0.01802140 0.00757507
v 0.01801181 -0.00897942 0.01501761
v 0.01735867 -0.00739288 0.01577865
v 0.01764756 -0.00677439 0.01588227
v 0.01716398 -0.00628364 0.01621456
v 0.01853936 -0.00579960 0.01586798
v 0.01716398 -0.00535591 0.01648253
v 0.01389196 -0.00486516 0.01772236
v 0.01717026 -0.00448196 0.01669334
v 0.01748427 -0.00376264 0.01675408
v 0.01716398 -0.00164500 0.01735791
v 0.01409921 -0.00424667 0.01779382
v 0.01346490 -0.00167862 0.01855486
v 0.01377891 -0.00093912 0.01861918
v 0.01346490 -0.00066349 0.01874781
v 0.01252286 -0.00071728 0.01896933
v 0.01067018 -0.00164500 0.01923016
v 0.01255426 -0.00167862 0.01878711
v 0.00980350 -0.00449541 0.01880855
v 0.00968418 -0.00159794 0.01946240
v 0.00933876 -0.00126181 0.01959818
v 0.00876726 -0.00159794 0.01963748
v 0.00788174 -0.00164500 0.01976611
v 0.00675757 -0.00322483 0.01962676
v 0.00695854 -0.00164500 0.01989473
v 0.00602906 -0.00164500 0.02002336
v 0.00509958 -0.00164500 0.02014842
v 0.00509958 -0.00071728 0.02029134
v 0.00409474 -0.00063660 0.02042354
v 0.00435223 0.00003566 0.02048428
v 0.00409474 0.00029112 0.02053787
v 0.00324690 0.00113818 0.02070938
v 0.00324690 0.00021045 0.02061290
v 0.00231742 0.00113818 0.02077726
v 0.00231742 0.00206591 0.02085230
v 0.00509958 0.00484909 0.02080585
v 0.00836532 0.00801546 0.02051643
v 0.00695854 0.00763227 0.02066650
v 0.00509958 0.00763227 0.02087731
v 0.00417010 0.00392136 0.02087731
v 0.00509958 0.00392136 0.02077369
v 0.00509958 0.00855999 0.02088803
v 0.00417010 0.00855999 0.02096663
v 0.00324690 0.00855999 0.02101308
v 0.00231742 0.00299363 0.02092018
v 0.00324690 0.00299363 0.02087731
v 0.00324690 0.00948772 0.02098092
v 0.00417010 0.01226418 0.02079155
v 0.00417010 0.01319863 0.02073081
v 0.00324690 0.01412635 0.02067365
v 0.00417010 0.00948772 0.02093805
v 0.00417010 0.01412635 0.02063077
v 0.00417010 0.01690953 0.02024131
v 0.00417010 0.01783726 0.02010197
v 0.00324690 0.01876499 0.01995905
v 0.02140944 0.03509432 -0.00374415
v 0.02154761 0.03529600 -0.00314746
v 0.02120219 0.03575987 -0.00314746
v 0.02352589 0.02525907 -0.01149753
v 0.02405344 0.02638848 -0.00897858
v 0.02330608 0.03237165 -0.00386563
v 0.02416648 0.03229098 -0.00187191
v 0.02497035 0.03294980 0.00125446
v 0.02459982 0.03175316 -0.00128951
v 0.02428580 0.03174644 -0.00219705
v 0.02323072 0.03319853 -0.00275443
v 0.02604428 0.02322883 -0.00477674
v 0.02703028 0.02433135 -0.00038912
v 0.02689840 0.02844562 0.00199764
v 0.02687328 0.02739016 0.00116513
v 0.02686071 0.02618680 0.00027903
v 0.02785300 0.02581033 0.00375198
v 0.02698632 0.02618680 0.00074352
v 0.02733802 0.02804226 0.00334466
v 0.02824866 0.02433135 0.00427363
v 0.02985013 0.00855999 0.01050850
v 0.02986269 0.00763227 0.01052993
v 0.03154580 -0.00869035 0.00474169
v 0.02971824 0.01659357 0.00941516
v 0.02974336 0.01598181 0.00946876
v 0.02986896 0.01226418 0.00984035
v 0.02978732 0.01226418 0.01042275
v 0.03196029 -0.01556763 0.00242283
v 0.02847474 0.02433135 0.00520261
v 0.02831774 0.02525907 0.00520261
v 0.02787184 0.02686579 0.00458806
v 0.02754527 0.02804226 0.00427363
v 0.02791580 0.02689941 0.00520261
v 0.02880760 0.02401538 0.00668897
v 0.02940423 0.01969271 0.00798597
v 0.03154580 -0.02158441 0.00102579
v 0.03161488 -0.02273398 0.00022544
v 0.03139507 -0.02405162 -0.00018546
v 0.03142019 -0.02391717 -0.00014258
v 0.03175933 -0.01925164 0.00154387
v 0.03169652 -0.02020626 0.00129733
v 0.03161488 -0.02096592 0.00114727
v 0.03179701 -0.01653569 0.00249429
v 0.02490127 0.03175989 -0.00038912
v 0.02518388 0.03266072 0.00153672
v 0.02600032 0.02855990 -0.00089291
v 0.00509958 0.02711453 0.01708637
v 0.00509958 0.02762545 0.01682911
v 0.00509958 0.02618680 0.01749369
v 0.00459088 0.02571622 0.01772593
v 0.00509958 0.02306749 0.01870850
v 0.00459088 0.02942712 0.01587155
v 0.00377444 0.02017002 0.01959103
v 0.00509958 0.02154817 0.01913726
v 0.00509958 0.02247589 0.01889073
v 0.00438991 0.02008935 0.01956959
v 0.00509958 0.03066409 0.01512122
v 0.00509958 0.03112795 0.01484253
v 0.00602906 0.03169938 0.01432087
v 0.00602906 0.03216324 0.01397787
v 0.00695854 0.03161871 0.01426013
v 0.00788174 0.03262711 0.01339190
v 0.00913151 0.03403214 0.01213063
v 0.00788174 0.03199518 0.01385639
v 0.00788174 0.03153131 0.01419582
v 0.00881122 0.03298341 0.01297028
v 0.01066390 0.03806574 0.00802527
v 0.01067018 0.03856321 0.00729638
v 0.01252286 0.03557836 0.01002257
v 0.01252286 0.03614306 0.00955808
v 0.00974070 0.03393803 0.01205560
v 0.01164990 0.03356156 0.01188052
v 0.01319485 0.03601533 0.00945804
v 0.01096535 0.03772288 0.00836113
v 0.01252286 0.03696322 0.00860052
v 0.01381659 0.03588087 0.00932226
v 0.01341466 0.03637835 0.00889708
v 0.01301900 0.03686911 0.00846832
v 0.02044856 0.03595482 0.00384845
v 0.02066837 0.03612289 0.00334466
v 0.02113311 0.03576659 0.00334466
v 0.02397807 0.03396492 0.00272653
v 0.02436117 0.03334643 0.00316958
v 0.02498291 0.03307752 0.00269080
v 0.02507712 0.03319181 0.00207267
v 0.02507712 0.03319181 0.00187616
v 0.02421672 0.03417332 0.00149385
v 0.02331236 0.03515483 0.00073995
v 0.02210027 0.03568592 -0.00128951
v 0.02318676 0.03499348 0.00012182
v 0.02334376 0.03335988 -0.00221848
v 0.02181766 0.03548424 -0.00225064
v 0.02216935 0.03486575 -0.00245788
v 0.01126680 0.03876489 0.00666754
v 0.01345234 0.03789095 0.00674614
v 0.01345234 0.03757499 0.00721063
v 0.01337697 0.03707079 0.00798954
v 0.01364075 0.03674810 0.00830039
v 0.01413689 0.03696994 0.00767869
v 0.01455767 0.03765566 0.00641028
v 0.01530502 0.03748087 0.00611372
v 0.01920507 0.03575314 0.00541699
v 0.01578860 0.03686911 0.00660679
v 0.01695673 0.03607583 0.00679259
v 0.01809346 0.03575314 0.00634954
v 0.01805578 0.03526239 0.00704627
v 0.01870264 0.03510777 0.00673185
v 0.01964469 0.03513466 0.00582074
v 0.01990218 0.03543046 0.00515259
v 0.02959263 -0.02405162 0.00274082
v 0.02959891 -0.02227012 0.00367694
v 0.02971196 -0.02165163 0.00384130
v 0.02865687 -0.02113399 0.00551346
v 0.02804769 -0.02206171 0.00586361
v 0.02792836 -0.01535250 0.00853621
v 0.02779648 -0.01315419 0.00934728
v 0.02694864 -0.01144664 0.01032627
v 0.02714333 -0.01370545 0.00948662
v 0.02695492 -0.01423654 0.00940087
v 0.02335005 -0.01065336 0.01223425
v 0.02669743 -0.01485502 0.00929368
v 0.02206887 -0.00999454 0.01300601
v 0.02417904 -0.01238109 0.01125882
v 0.02225728 -0.00951723 0.01308462
v 0.01996498 -0.00906682 0.01420297
v 0.01907318 -0.00725170 0.01517124
v 0.02847474 -0.02023315 0.00608514
v 0.02801628 -0.01742308 0.00768941
v 0.01786109 -0.00628364 0.01596088
v 0.02026643 -0.00653910 0.01488183
v 0.02241428 -0.00604162 0.01408506
v 0.02180510 -0.00535591 0.01454955
v 0.02129012 -0.00479121 0.01492471
v 0.01872148 -0.00518112 0.01594658
v 0.01809346 -0.00442818 0.01637534
v 0.01817510 -0.00543658 0.01609665
v 0.01438182 -0.00164500 0.01827974
v 0.01769152 -0.00314416 0.01682554
v 0.01809346 -0.00071728 0.01721499
v 0.01711374 -0.00069711 0.01757944
v 0.01658619 -0.00099290 0.01769377
v 0.01597073 -0.00146349 0.01779382
v 0.01786109 -0.00257273 0.01689343
v 0.01677460 -0.00037442 0.01775452
v 0.01430646 -0.00066349 0.01849770
v 0.01394848 -0.00032064 0.01866920
v 0.01345234 0.00021045 0.01886929
v 0.01159338 -0.00071728 0.01917656
v 0.01252286 0.00113818 0.01921229
v 0.01067018 -0.00071728 0.01938022
v 0.00996051 -0.00071728 0.01953386
v 0.00949577 -0.00071728 0.01963391
v 0.00881122 0.00206591 0.02011983
v 0.00788174 0.00206591 0.02028419
v 0.00881122 -0.00071728 0.01975896
v 0.00788174 -0.00071728 0.01990188
v 0.00602906 -0.00071728 0.02016271
v 0.00602906 0.00021045 0.02029134
v 0.00695854 0.00206591 0.02040567
v 0.00625515 0.00206591 0.02048785
v 0.00465368 0.00065415 0.02051643
v 0.00417010 0.00113818 0.02061648
v 0.00417010 0.00299363 0.02080227
v 0.00324690 0.00206591 0.02079513
v 0.00602906 0.00392136 0.02066650
v 0.00690830 0.00392136 0.02056288
v 0.00807015 0.00577681 0.02048070
v 0.00828996 0.00739697 0.02050571
v 0.00881122 0.00577681 0.02036280
v 0.00881122 0.00670454 0.02039495
v 0.00872958 0.00767932 0.02044140
v 0.00974070 0.00763227 0.02025561
v 0.00974070 0.00855999 0.02027704
v 0.00883634 0.00855999 0.02044140
v 0.00837160 0.00855999 0.02051643
v 0.00788174 0.00855999 0.02057360
v 0.00509958 0.00299363 0.02070580
v 0.00673245 0.00316170 0.02054145
v 0.00836532 0.00907764 0.02051643
v 0.00509958 0.00948772 0.02085944
v 0.00509958 0.01226418 0.02071295
v 0.00509958 0.01319863 0.02065221
v 0.00504934 0.01410618 0.02055931
v 0.00470392 0.01464400 0.02052001
v 0.00509958 0.01690953 0.02015914
v 0.00509958 0.01783726 0.02001979
v 0.00509958 0.01876499 0.01983399
v 0.00417010 0.01876499 0.01991260
v 0.02342541 0.03268089 -0.00309744
v 0.02400319 0.03294980 -0.00128951
v 0.02382734 0.03263383 -0.00219705
v 0.02410368 0.03311786 -0.00078214
v 0.02681675 0.02901704 0.00235494
v 0.02698004 0.02874141 0.00261577
v 0.02708681 0.02901704 0.00330535
v 0.02779648 0.02642882 0.00396993
v 0.02945447 0.00763227 0.01099442
v 0.02985013 0.00670454 0.01050135
v 0.03067284 -0.00257273 0.00761438
v 0.03134483 -0.00902648 0.00511329
v 0.03164628 -0.01185000 0.00399137
v 0.02910905 0.01783726 0.00972244
v 0.02969940 0.01368266 0.01031198
v 0.02973708 0.01319863 0.01036558
v 0.02887668 0.02247589 0.00768584
v 0.02936654 0.01876499 0.00891494
v 0.02907137 0.01966582 0.00894710
v 0.02894577 0.01876499 0.00956165
v 0.02934142 0.01226418 0.01088723
v 0.02936654 0.01133645 0.01090867
v 0.02943563 0.00855999 0.01097298
v 0.03171537 -0.01463318 0.00318745
v 0.03165256 -0.01556763 0.00306954
v 0.02697376 0.02958847 0.00358405
v 0.02697376 0.02958847 0.00405211
v 0.02790324 0.02677167 0.00576714
v 0.02804769 0.02525907 0.00683547
v 0.02835542 0.02438513 0.00708915
v 0.02863175 0.02360530 0.00730710
v 0.02878248 0.02298682 0.00754649
v 0.03072308 -0.02206171 0.00212269
v 0.03071680 -0.02373566 0.00118657
v 0.03093661 -0.02405162 0.00062919
v 0.03146415 -0.02206171 0.00088644
v 0.03143275 -0.02020626 0.00176182
v 0.03081729 -0.02105332 0.00244784
v 0.03054723 -0.02131550 0.00277298
v 0.03132599 -0.02405162 -0.00006040
v 0.03173420 -0.01742308 0.00228705
v 0.03159604 -0.01625334 0.00296592
v 0.02593124 0.03117501 0.00210840
v 0.02605056 0.03055653 0.00172967
v 0.02619501 0.02995149 0.00145097
v 0.02651530 0.02989771 0.00242283
v 0.02687956 0.02935990 0.00296592
v 0.00695854 0.02698680 0.01696846
v 0.00558316 0.02758511 0.01680410
v 0.00695854 0.02618680 0.01731504
v 0.00574017 0.02298682 0.01867635
v 0.00602906 0.02989771 0.01546066
v 0.00695854 0.02154817 0.01894432
v 0.00695854 0.02232128 0.01874423
v 0.00509958 0.01995490 0.01953744
v 0.00635563 0.02289270 0.01864419
v 0.00695854 0.03049602 0.01502475
v 0.00695854 0.03095989 0.01472462
v 0.00974070 0.03347416 0.01240218
v 0.01137985 0.03321870 0.01221638
v 0.01199532 0.03312459 0.01214492
v 0.00881122 0.03141703 0.01411007
v 0.00796338 0.03077166 0.01471748
v 0.00971558 0.03168594 0.01370989
v 0.01159338 0.03792456 0.00772514
v 0.01158082 0.03841532 0.00701054
v 0.01276779 0.03770272 0.00740357
v 0.01252286 0.03511449 0.01039773
v 0.01305040 0.03502710 0.01032627
v 0.01343350 0.03545735 0.00983678
v 0.01557507 0.03398508 0.01022980
v 0.01248518 0.03745398 0.00792165
v 0.01438182 0.03572625 0.00912932
v 0.01438182 0.03609600 0.00866484
v 0.01441950 0.03659348 0.00798954
v 0.01679972 0.03321870 0.01036200
v 0.01623450 0.03383046 0.01006187
v 0.01500357 0.03509432 0.00946876
v 0.02319932 0.03315147 0.00474527
v 0.02410368 0.03313131 0.00378771
v 0.02468774 0.03279518 0.00346614
v 0.02524669 0.03245904 0.00314457
v 0.02687956 0.02940023 0.00467023
v 0.02602544 0.03139686 0.00306239
v 0.02602544 0.03139686 0.00272653
v 0.02615104 0.03084560 0.00241925
v 0.02422928 0.03330610 -0.00016402
v 0.02433605 0.03360862 0.00063276
v 0.02414136 0.03409937 0.00098648
v 0.02402203 0.03392458 0.00036836
v 0.01475863 0.03680860 0.00746074
v 0.01530502 0.03700356 0.00678902
v 0.01530502 0.03666070 0.00725350
v 0.01617170 0.03635818 0.00700697
v 0.01654851 0.03584726 0.00741072
v 0.01771664 0.03505399 0.00758937
v 0.01833839 0.03485231 0.00734998
v 0.01875289 0.03423382 0.00770370
v 0.02135292 0.03315820 0.00660679
v 0.02026643 0.03488592 0.00550631
v 0.02963031 -0.02405162 0.00268723
v 0.02991921 -0.02200121 0.00335895
v 0.03042163 -0.02206171 0.00258718
v 0.02978732 -0.02113399 0.00394849
v 0.02945447 -0.02113399 0.00441298
v 0.02958635 -0.02020626 0.00459163
v 0.02908393 -0.02023315 0.00527407
v 0.02882016 -0.01995080 0.00574570
v 0.02873224 -0.02056929 0.00562780
v 0.02857523 -0.01927854 0.00632810
v 0.02814817 -0.01649535 0.00786449
v 0.02860663 -0.01649535 0.00729995
v 0.02870711 -0.01556763 0.00745002
v 0.02853127 -0.01471385 0.00793952
v 0.02788440 -0.01253571 0.00942945
v 0.02709309 -0.01092227 0.01040845
v 0.02699260 -0.00793741 0.01130527
v 0.02687956 -0.00855590 0.01121952
v 0.02672883 -0.00906682 0.01114806
v 0.02640854 -0.01000127 0.01103373
v 0.02588099 -0.01031051 0.01118736
v 0.02525925 -0.01075420 0.01133028
v 0.02467518 -0.01100967 0.01151608
v 0.02642738 -0.01179622 0.01045133
v 0.02551674 -0.01185000 0.01085150
v 0.02397179 -0.01022984 0.01209133
v 0.02365778 -0.00995421 0.01232000
v 0.02273458 -0.00999454 0.01272018
v 0.02085050 -0.00906682 0.01382780
v 0.02275970 -0.00915421 0.01297386
v 0.02247081 -0.00889875 0.01318109
v 0.02172974 -0.00807186 0.01376349
v 0.02137176 -0.00771556 0.01403146
v 0.02853755 -0.01750375 0.00702841
v 0.02185534 -0.00632397 0.01424584
v 0.02273458 -0.00721136 0.01358127
v 0.02362638 -0.00813909 0.01288811
v 0.02465006 -0.00818615 0.01240218
v 0.02411624 -0.00673405 0.01308462
v 0.02374570 -0.00637103 0.01336331
v 0.02302975 -0.00552398 0.01394214
v 0.02272830 -0.00526852 0.01414937
v 0.02177998 -0.00446180 0.01478536
v 0.02044856 -0.00217609 0.01588942
v 0.02093842 -0.00446180 0.01515338
v 0.01950652 -0.00400466 0.01588227
v 0.01934323 -0.00462314 0.01581081
v 0.01902922 -0.00436096 0.01600732
v 0.01848912 -0.00198786 0.01677552
v 0.01814370 -0.00166517 0.01698632
v 0.01865240 -0.00136937 0.01684340
v 0.01882197 -0.00071728 0.01691486
v 0.01943116 -0.00007862 0.01677909
v 0.01809346 0.00021045 0.01737221
v 0.01736495 0.00021045 0.01764733
v 0.01690649 0.00021045 0.01779382
v 0.01615914 0.00397514 0.01850841
v 0.01580116 0.00431800 0.01866563
v 0.01438182 0.00299363 0.01893717
v 0.01345234 0.00299363 0.01921587
v 0.01345234 0.00206591 0.01910153
v 0.01245378 0.00305414 0.01947312
v 0.01209580 0.00339699 0.01959460
v 0.01067018 0.00299363 0.01984471
v 0.00974070 0.00299363 0.02003765
v 0.00881122 0.00299363 0.02022702
v 0.00788174 0.00299363 0.02038423
v 0.00695854 0.00113818 0.02028776
v 0.00788174 0.00113818 0.02015914
v 0.00700878 0.00290624 0.02048785
v 0.00648124 0.00254321 0.02051286
v 0.00736676 0.00392136 0.02050571
v 0.00788174 0.00392136 0.02044140
v 0.00881122 0.00392136 0.02029134
v 0.01067018 0.00763227 0.02006981
v 0.01159338 0.00855999 0.01990903
v 0.01067018 0.00577681 0.02000550
v 0.01159338 0.00577681 0.01982327
v 0.01242237 0.00577681 0.01965892
v 0.01159338 0.00948772 0.01989831
v 0.01067018 0.00948772 0.02007696
v 0.00974070 0.00948772 0.02025561
v 0.00611698 0.00290624 0.02058789
v 0.00872958 0.00942722 0.02043783
v 0.00881122 0.01226418 0.02026990
v 0.00881122 0.01319863 0.02021630
v 0.00788174 0.01319863 0.02034850
v 0.00788174 0.01226418 0.02040210
v 0.00805759 0.01040872 0.02048070
v 0.00731651 0.01157847 0.02050214
v 0.00695854 0.00948772 0.02065221
v 0.00602906 0.01226418 0.02060933
v 0.00655032 0.01282216 0.02052001
v 0.00689574 0.01315829 0.02045927
v 0.00635563 0.01344064 0.02049857
v 0.00573389 0.01379022 0.02053073
v 0.00532567 0.01440871 0.02048785
v 0.00788174 0.01690953 0.01985543
v 0.00788174 0.01783726 0.01971966
v 0.00695854 0.01783726 0.01981970
v 0.00788174 0.01412635 0.02025561
v 0.00837788 0.01832129 0.01959103
v 0.00788174 0.01843558 0.01961961
v 0.00609814 0.01884566 0.01970894
v 0.00695854 0.01910112 0.01955530
v 0.00695854 0.01969271 0.01940881
v 0.00695854 0.01863726 0.01966964
v 0.02898973 0.00763227 0.01145891
v 0.02897717 0.00670454 0.01145177
v 0.02944191 0.00670454 0.01096584
v 0.02866315 0.00113818 0.01111233
v 0.02905253 0.00113818 0.01065142
v 0.02957379 0.00206591 0.01015834
v 0.02993805 0.00206591 0.00969386
v 0.02997573 0.00299363 0.00975102
v 0.03020810 0.00021045 0.00891494
v 0.03044047 -0.00628364 0.00723564
v 0.03067284 -0.00721136 0.00667825
v 0.03078588 -0.00535591 0.00686762
v 0.03120666 -0.00999454 0.00520261
v 0.02988152 0.00113818 0.00962240
v 0.03108106 -0.01092227 0.00520261
v 0.03155208 -0.01327520 0.00381629
v 0.02864431 0.01783726 0.01018693
v 0.02883272 0.01297006 0.01129813
v 0.02817957 0.01783726 0.01063712
v 0.02768971 0.01783726 0.01110161
v 0.02683560 0.01710449 0.01209848
v 0.02893949 0.02062044 0.00865054
v 0.02882016 0.01934314 0.00943303
v 0.02847474 0.01876499 0.01002614
v 0.02887668 0.01226418 0.01134100
v 0.02890180 0.01133645 0.01136601
v 0.02897089 0.00855999 0.01143747
v 0.03138251 -0.01556763 0.00353045
v 0.03150812 -0.01389368 0.00374126
v 0.02765831 0.02639520 0.00638527
v 0.02787184 0.02577672 0.00663895
v 0.02709937 0.02878175 0.00499538
v 0.02686071 0.02844562 0.00561708
v 0.02736942 0.02711453 0.00612801
v 0.02780276 0.02474815 0.00748932
v 0.02801000 0.02412967 0.00771085
v 0.02848731 0.02247589 0.00815032
v 0.02881388 0.02117842 0.00850405
v 0.02825494 0.02331623 0.00793952
v 0.03052839 -0.02318440 0.00180827
v 0.03066028 -0.02405162 0.00109725
v 0.03103081 -0.02020626 0.00242283
v 0.03147043 -0.01742308 0.00275154
v 0.03062888 -0.02069702 0.00289089
v 0.03037767 -0.02020626 0.00344827
v 0.02991293 -0.02020626 0.00412714
v 0.03028346 -0.02105332 0.00325890
v 0.03060376 -0.01593065 0.00471311
v 0.03082985 -0.01649535 0.00414858
v 0.03133227 -0.01653569 0.00330535
v 0.00788174 0.02687923 0.01691486
v 0.00695854 0.02745066 0.01673264
v 0.00620491 0.02752461 0.01677194
v 0.00695854 0.02921200 0.01575007
v 0.00695854 0.02340362 0.01838693
v 0.00761169 0.02486244 0.01775452
v 0.00788174 0.02618680 0.01720785
v 0.00695854 0.02989771 0.01536419
v 0.00788174 0.02154817 0.01883713
v 0.00788174 0.01889944 0.01950528
v 0.00788174 0.01969271 0.01930519
v 0.00788174 0.02212632 0.01868707
v 0.00788174 0.02259018 0.01855844
v 0.00695854 0.02278514 0.01861203
v 0.00788174 0.02340362 0.01828332
v 0.00769961 0.03042207 0.01498188
v 0.01164990 0.03276156 0.01248793
v 0.01067018 0.03112795 0.01389926
v 0.01067018 0.03066409 0.01423512
v 0.01159338 0.03208257 0.01299172
v 0.01159338 0.03161871 0.01332401
v 0.01159338 0.03050275 0.01411721
v 0.01252286 0.03189434 0.01286310
v 0.01252286 0.03254644 0.01239861
v 0.01252286 0.03301030 0.01205917
v 0.00832136 0.03035485 0.01494257
v 0.00881122 0.03082543 0.01452096
v 0.01495960 0.03412626 0.01034414
v 0.01623450 0.03336660 0.01047277
v 0.01525478 0.03543718 0.00887564
v 0.01561903 0.03491281 0.00927224
v 0.01631614 0.03478508 0.00894353
v 0.01489052 0.03595482 0.00848261
v 0.01524222 0.03615650 0.00796453
v 0.01593305 0.03602205 0.00763939
v 0.01597073 0.03233803 0.01132314
v 0.01574464 0.03127585 0.01215207
v 0.01626590 0.03180694 0.01156253
v 0.01879685 0.03051619 0.01133743
v 0.01941232 0.03031451 0.01119451
v 0.01782341 0.03237837 0.01043346
v 0.01742147 0.03299686 0.01015477
v 0.01710118 0.03356828 0.00979390
v 0.01677460 0.03411954 0.00943660
v 0.01623450 0.03427416 0.00959738
v 0.02235148 0.03229098 0.00668183
v 0.02324956 0.03227081 0.00573141
v 0.02414136 0.03223719 0.00475956
v 0.02434233 0.03245232 0.00427363
v 0.02506456 0.03037502 0.00568139
v 0.02575539 0.02919855 0.00613159
v 0.02598148 0.02850612 0.00659608
v 0.01716398 0.03485231 0.00825751
v 0.01712002 0.03435483 0.00890780
v 0.01779201 0.03419349 0.00859338
v 0.01941860 0.03309769 0.00839329
v 0.02168577 0.03258677 0.00695337
v 0.02986269 -0.02405162 0.00234065
v 0.02988781 -0.02383650 0.00242283
v 0.03027090 -0.02292221 0.00234422
v 0.02983128 -0.01835081 0.00493464
v 0.02962403 -0.01742308 0.00557063
v 0.02912789 -0.01750375 0.00622091
v 0.02946075 -0.01657603 0.00610300
v 0.02976848 -0.01632056 0.00577429
v 0.02951727 -0.01556763 0.00635669
v 0.02905253 -0.01556763 0.00698553
v 0.02961147 -0.01463318 0.00648531
v 0.02966800 -0.01406175 0.00656392
v 0.02973080 -0.01344327 0.00664610
v 0.02968684 -0.01041807 0.00751433
v 0.02891436 -0.00999454 0.00864697
v 0.02801000 -0.01092227 0.00962240
v 0.02771483 -0.00999454 0.01017978
v 0.02687956 -0.00473070 0.01214135
v 0.02678535 -0.00535591 0.01208061
v 0.02657810 -0.00628364 0.01196985
v 0.02632061 -0.00535591 0.01235216
v 0.02611336 -0.00628364 0.01222710
v 0.02652158 -0.00820632 0.01149464
v 0.02627037 -0.00906682 0.01137316
v 0.02519016 -0.00790380 0.01223068
v 0.02608196 -0.00969202 0.01128026
v 0.02435489 -0.00906682 0.01226998
v 0.02500176 -0.00852228 0.01213778
v 0.02550418 -0.00712397 0.01229499
v 0.02598148 -0.00675422 0.01216279
v 0.02490755 -0.00555087 0.01302031
v 0.02428580 -0.00611557 0.01317037
v 0.02459354 -0.00528868 0.01324183
v 0.02319932 -0.00490549 0.01402074
v 0.02273458 -0.00442818 0.01435303
v 0.02208771 -0.00350046 0.01486754
v 0.02122731 -0.00095929 0.01582510
v 0.01902294 -0.00257273 0.01641464
v 0.02090074 -0.00067694 0.01602876
v 0.01928671 -0.00071728 0.01671478
v 0.02138432 -0.00034081 0.01589299
v 0.02148480 0.00021045 0.01593944
v 0.02087562 0.00021045 0.01620027
v 0.02087562 0.00113818 0.01632532
v 0.01952536 0.00053986 0.01681839
v 0.01907946 0.00022390 0.01696488
v 0.01902294 0.00206591 0.01722214
v 0.01800553 0.00121885 0.01753656
v 0.01763500 0.00158187 0.01773308
v 0.01751567 0.00096339 0.01769377
v 0.01716398 0.00392136 0.01817970
v 0.01716398 0.00484909 0.01826188
v 0.01630986 0.00484909 0.01853700
v 0.01584512 0.00484909 0.01867992
v 0.01438182 0.00484909 0.01911582
v 0.01345234 0.00392136 0.01932306
v 0.01438182 0.00392136 0.01904794
v 0.01267358 0.00392136 0.01951957
v 0.01220885 0.00392136 0.01961604
v 0.01067018 0.00392136 0.01992689
v 0.00974070 0.00392136 0.02011269
v 0.01252286 0.00763227 0.01969465
v 0.01294364 0.00654320 0.01957674
v 0.01252286 0.00855999 0.01971966
v 0.01067018 0.00484909 0.01996977
v 0.01234701 0.00484909 0.01964105
v 0.01281175 0.00484909 0.01954816
v 0.01252286 0.00948772 0.01970894
v 0.01298760 0.00995831 0.01958746
v 0.01159338 0.01040872 0.01984471
v 0.01067018 0.01133645 0.01997334
v 0.01067018 0.01040872 0.02002694
v 0.00974070 0.01040872 0.02020558
v 0.00974070 0.01319863 0.02004480
v 0.00881122 0.01412635 0.02011983
v 0.00974070 0.01412635 0.01994833
v 0.01118516 0.01465072 0.01959460
v 0.01153058 0.01499358 0.01947312
v 0.01159338 0.01783726 0.01901935
v 0.01168758 0.01885238 0.01880855
v 0.01205812 0.01922213 0.01865848
v 0.00835276 0.02201203 0.01865848
v 0.02851871 0.00763227 0.01192340
v 0.02851243 0.00670454 0.01191625
v 0.02800372 0.00577681 0.01233429
v 0.02684815 0.00113818 0.01303103
v 0.02730661 0.00113818 0.01257011
v 0.02777135 0.00113818 0.01209490
v 0.02819841 0.00113818 0.01163041
v 0.02812933 0.00021045 0.01155895
v 0.02725009 -0.00535591 0.01161612
v 0.02859407 0.00021045 0.01103373
v 0.02951727 0.00113818 0.01008331
v 0.02809793 -0.00535591 0.01062641
v 0.03037767 -0.00721136 0.00714274
v 0.03059748 -0.00841472 0.00655320
v 0.03084869 -0.00811892 0.00619947
v 0.03077960 -0.00999454 0.00592793
v 0.03083613 -0.00906682 0.00602440
v 0.02893320 -0.00535591 0.00959381
v 0.02939795 -0.00535591 0.00896497
v 0.02959263 -0.00721136 0.00831468
v 0.02964916 -0.00645843 0.00838971
v 0.02978732 -0.00906682 0.00765725
v 0.02991293 -0.00721136 0.00785019
v 0.03018298 -0.00906682 0.00705699
v 0.03071680 -0.01092227 0.00581716
v 0.03131971 -0.01277772 0.00434152
v 0.02787184 0.01284905 0.01219137
v 0.02790952 0.01226418 0.01223068
v 0.02837426 0.01226418 0.01180549
v 0.02801000 0.01876499 0.01047277
v 0.02722497 0.01783726 0.01152680
v 0.02750758 0.01876499 0.01093368
v 0.02670999 0.01783726 0.01199129
v 0.02624525 0.01783726 0.01239146
v 0.02586215 0.01690953 0.01299172
v 0.02649646 0.01684231 0.01246292
v 0.02691724 0.01648601 0.01217351
v 0.02866315 0.01996162 0.00928296
v 0.02664719 0.02247589 0.01004044
v 0.02603800 0.02304060 0.01036558
v 0.02696120 0.02119187 0.01035486
v 0.02787812 0.01931625 0.01034771
v 0.02794720 0.01133645 0.01226641
v 0.02797860 0.01040872 0.01229499
v 0.02800372 0.00948772 0.01232000
v 0.02846846 0.00948772 0.01187695
v 0.02849359 0.00855999 0.01190196
v 0.03088009 -0.01560124 0.00435224
v 0.03108106 -0.01463318 0.00427363
v 0.02703656 0.02683218 0.00673542
v 0.02500804 0.02751789 0.00840401
v 0.02605684 0.02583050 0.00852549
v 0.02745106 0.02444563 0.00806815
v 0.02709937 0.02414311 0.00864340
v 0.02772111 0.02365236 0.00832897
v 0.02788440 0.02303387 0.00849690
v 0.03037767 -0.02405162 0.00155459
v 0.03057863 -0.01863988 0.00374483
v 0.03004481 -0.01657603 0.00529193
v 0.03071052 -0.01463318 0.00487747
v 0.03061004 -0.01224663 0.00564923
v 0.03056608 -0.01277772 0.00558135
v 0.03049071 -0.01370545 0.00545987
v 0.02995689 -0.01092227 0.00698196
v 0.02979360 -0.01277772 0.00673542
v 0.02985013 -0.01556763 0.00589220
v 0.03053467 -0.01649535 0.00460949
v 0.00864165 0.02675823 0.01685770
v 0.00788174 0.02734310 0.01667547
v 0.00788174 0.02804226 0.01628959
v 0.00796338 0.02998510 0.01519626
v 0.00889286 0.02627420 0.01700776
v 0.00823343 0.02475488 0.01771521
v 0.00872330 0.02238178 0.01848340
v 0.00881122 0.02340362 0.01813325
v 0.00881122 0.03027418 0.01489255
v 0.00974070 0.03011284 0.01479965
v 0.01073298 0.02985737 0.01474249
v 0.01159338 0.02989771 0.01450667
v 0.01212720 0.03039519 0.01403861
v 0.01252286 0.03143047 0.01318824
v 0.01338954 0.03084560 0.01331686
v 0.01365331 0.03116829 0.01300244
v 0.01347118 0.03176661 0.01263800
v 0.01329533 0.03236493 0.01226998
v 0.00850349 0.02855990 0.01590371
v 0.00881122 0.02810276 0.01610022
v 0.00881122 0.02981031 0.01515338
v 0.01046921 0.02952796 0.01499617
v 0.01391080 0.03221703 0.01215922
v 0.01438182 0.03163888 0.01241647
v 0.01668040 0.03498676 0.00843259
v 0.01512917 0.03145064 0.01228070
v 0.01487168 0.03038174 0.01310249
v 0.01549343 0.03018006 0.01297386
v 0.01854564 0.02942712 0.01215564
v 0.02033551 0.02935317 0.01116950
v 0.01999638 0.02996494 0.01098728
v 0.02041088 0.03036157 0.01030841
v 0.02044228 0.03131619 0.00940444
v 0.01943744 0.03124896 0.01026553
v 0.01843887 0.03212291 0.01020479
v 0.02047368 0.02763890 0.01219495
v 0.02141572 0.02673806 0.01221638
v 0.01780457 0.03329937 0.00953307
v 0.01739635 0.03391786 0.00921150
v 0.02265921 0.03167249 0.00697838
v 0.02296695 0.03197501 0.00634954
v 0.02139688 0.03226408 0.00757150
v 0.02141572 0.03136325 0.00852549
v 0.02234520 0.03136997 0.00759651
v 0.02324956 0.03042880 0.00757865
v 0.02413508 0.02851956 0.00846117
v 0.02479451 0.02804226 0.00818963
v 0.02074373 0.03164560 0.00880061
v 0.02103890 0.03198173 0.00818963
v 0.02943563 -0.01006849 0.00792880
v 0.03042163 -0.01092227 0.00628165
v 0.02998201 -0.01006849 0.00714632
v 0.02952355 -0.00813909 0.00821821
v 0.02809165 -0.00999454 0.00971887
v 0.02898973 -0.00906682 0.00874344
v 0.02856267 -0.00535591 0.01005830
v 0.02770855 -0.00535591 0.01108732
v 0.02770855 0.00021045 0.01201987
v 0.02724381 0.00021045 0.01251294
v 0.02679163 0.00021045 0.01297386
v 0.02632689 0.00021045 0.01341691
v 0.02586215 0.00113818 0.01394214
v 0.02573655 0.00021045 0.01387782
v 0.02606940 -0.00239794 0.01315251
v 0.02596892 -0.00301643 0.01308462
v 0.02565490 -0.00442818 0.01293098
v 0.02543509 -0.00528868 0.01282737
v 0.02507084 -0.00493238 0.01309891
v 0.02331236 -0.00442818 0.01407434
v 0.02222588 -0.00295592 0.01492828
v 0.02173602 -0.00067694 0.01565717
v 0.02278482 -0.00072400 0.01514981
v 0.02326840 -0.00041476 0.01498188
v 0.02273458 0.00021045 0.01535347
v 0.02194954 0.00021045 0.01572506
v 0.02208771 0.00113818 0.01579294
v 0.02162297 0.00113818 0.01600375
v 0.01961328 0.00113818 0.01685770
v 0.02087562 0.00206591 0.01644323
v 0.02042344 0.00342388 0.01680767
v 0.01902294 0.00392136 0.01744724
v 0.01798041 0.00392136 0.01787600
v 0.01771036 0.00206591 0.01776166
v 0.01816882 0.00485581 0.01788314
v 0.01858332 0.00516505 0.01774022
v 0.01809346 0.00577681 0.01795103
v 0.01716398 0.00577681 0.01829046
v 0.01635382 0.00577681 0.01855486
v 0.01588908 0.00577681 0.01869421
v 0.01438182 0.00670454 0.01916584
v 0.01305668 0.00855999 0.01960532
v 0.01345234 0.00484909 0.01938380
v 0.01298760 0.00716168 0.01958388
v 0.01301272 0.00763227 0.01959103
v 0.01303156 0.00948772 0.01959818
v 0.01530502 0.01040872 0.01889073
v 0.01345234 0.01133645 0.01935879
v 0.01345234 0.01226418 0.01929447
v 0.01345234 0.01319863 0.01922659
v 0.01245378 0.01317846 0.01949099
v 0.01209580 0.01285577 0.01959460
v 0.01067018 0.01319863 0.01985901
v 0.01200160 0.01347426 0.01957317
v 0.01182575 0.01412635 0.01954101
v 0.01252286 0.01505408 0.01924802
v 0.01228421 0.01860364 0.01872279
v 0.01252286 0.01598181 0.01909796
v 0.01256682 0.01885238 0.01858702
v 0.01495960 0.01934986 0.01776523
v 0.01224653 0.02223388 0.01779024
v 0.01195763 0.02285236 0.01770449
v 0.01162478 0.02251623 0.01786885
v 0.01067018 0.02247589 0.01807966
v 0.00897451 0.02177674 0.01859774
v 0.00974070 0.02247589 0.01826188
v 0.02805397 0.00763227 0.01236645
v 0.02804769 0.00670454 0.01237002
v 0.02752642 0.00577681 0.01279878
v 0.02638342 0.00113818 0.01348122
v 0.02777764 -0.00442818 0.01116950
v 0.03055351 -0.00906682 0.00648531
v 0.03049071 -0.00999454 0.00638884
v 0.03066028 -0.01162815 0.00572784
v 0.02682303 0.01319863 0.01302031
v 0.02689212 0.01264065 0.01307747
v 0.02694236 0.01202216 0.01312035
v 0.02638342 0.01599525 0.01275948
v 0.02670371 0.01412635 0.01291312
v 0.02743850 0.01133645 0.01273089
v 0.02704284 0.01876499 0.01135172
v 0.02585587 0.02174985 0.01111948
v 0.02553558 0.02148094 0.01153037
v 0.02492639 0.02154817 0.01205203
v 0.02610080 0.01854986 0.01225926
v 0.02569886 0.01783726 0.01285595
v 0.02540369 0.01690953 0.01338118
v 0.02603172 0.01569946 0.01313107
v 0.02696120 0.02304060 0.00943303
v 0.02678535 0.02365908 0.00926152
v 0.02584331 0.02365908 0.01017621
v 0.02507712 0.02298009 0.01125882
v 0.02520900 0.02247589 0.01138031
v 0.02567375 0.02247589 0.01095869
v 0.02618245 0.02247589 0.01049420
v 0.02752014 0.00855999 0.01280593
v 0.02754527 0.00763227 0.01283094
v 0.02432977 0.02804226 0.00865769
v 0.02407228 0.02751117 0.00933656
v 0.02465006 0.02720864 0.00897926
v 0.02522157 0.02689941 0.00862196
v 0.02652786 0.02445236 0.00899712
v 0.00926340 0.02664394 0.01679695
v 0.00974070 0.02711453 0.01645752
v 0.00889286 0.02708764 0.01663617
v 0.01133589 0.02306077 0.01777595
v 0.01067018 0.02323555 0.01784384
v 0.00979094 0.02347757 0.01791887
v 0.01067018 0.02583722 0.01684698
v 0.00974070 0.02606579 0.01693273
v 0.01108468 0.02942040 0.01493543
v 0.01247262 0.02992460 0.01423870
v 0.01159338 0.02929939 0.01487111
v 0.01345234 0.02961536 0.01413865
v 0.01274895 0.03024729 0.01393856
v 0.01345234 0.03007922 0.01382423
v 0.01438182 0.03098006 0.01288096
v 0.01067018 0.02771957 0.01595016
v 0.01067018 0.02818343 0.01569647
v 0.01397988 0.02948091 0.01404575
v 0.01438182 0.03051619 0.01319538
v 0.01595189 0.02956158 0.01316680
v 0.01716398 0.02868091 0.01319896
v 0.01763500 0.02851284 0.01309177
v 0.02311139 0.02747755 0.01022980
v 0.02176742 0.02708092 0.01166972
v 0.02239544 0.02680529 0.01135172
v 0.02137176 0.03040191 0.00940802
v 0.02106403 0.03102039 0.00914362
v 0.02081910 0.02707419 0.01233072
v 0.02162297 0.02618680 0.01235930
v 0.02225728 0.02570949 0.01215564
v 0.02208771 0.02618680 0.01201272
v 0.02084422 0.02615319 0.01280950
v 0.02113311 0.02548764 0.01298815
v 0.02228240 0.02388765 0.01309891
v 0.02539741 0.00113818 0.01419939
v 0.02591868 0.00206591 0.01397429
v 0.02507084 0.00608605 0.01496044
v 0.02502060 0.00546757 0.01492828
v 0.02527181 0.00021045 0.01412436
v 0.02513364 -0.00044165 0.01406005
v 0.02560466 -0.00265340 0.01334545
v 0.02465006 -0.00073744 0.01423512
v 0.02313023 -0.00103324 0.01491399
v 0.02299207 -0.00164500 0.01484610
v 0.02237032 -0.00233744 0.01499617
v 0.02385247 0.00021045 0.01481395
v 0.02338773 0.00021045 0.01503904
v 0.02458726 0.00113818 0.01460314
v 0.02273458 0.00113818 0.01548924
v 0.02180510 0.00299363 0.01615024
v 0.02180510 0.00484909 0.01637892
v 0.02096354 0.00392136 0.01663974
v 0.02109543 0.00484909 0.01669691
v 0.02078769 0.00306758 0.01660759
v 0.02049880 0.00392136 0.01683626
v 0.02063069 0.00484909 0.01688985
v 0.01852680 0.00454657 0.01771879
v 0.01994614 0.00484909 0.01716854
v 0.02069977 0.00577681 0.01691844
v 0.01994614 0.00577681 0.01721857
v 0.01908574 0.00670454 0.01757229
v 0.01809346 0.00763227 0.01797604
v 0.01716398 0.00855999 0.01834048
v 0.01716398 0.00763227 0.01832619
v 0.01645431 0.00855999 0.01858345
v 0.01639151 0.00670454 0.01856558
v 0.01592676 0.00670454 0.01870493
v 0.01438182 0.00855999 0.01920872
v 0.01600213 0.00948772 0.01872637
v 0.01349630 0.00948772 0.01946240
v 0.01640407 0.01040872 0.01856916
v 0.01584512 0.01114149 0.01867992
v 0.01438182 0.01226418 0.01902650
v 0.01438182 0.01319863 0.01895147
v 0.01438182 0.01412635 0.01886214
v 0.01345234 0.01412635 0.01913369
v 0.01252286 0.01412635 0.01938380
v 0.01165618 0.01317846 0.01966249
v 0.01345234 0.01505408 0.01899434
v 0.01256682 0.01783726 0.01877996
v 0.01290596 0.01815323 0.01863347
v 0.01345234 0.01876499 0.01834048
v 0.01561903 0.01876499 0.01768305
v 0.01528618 0.01967255 0.01757229
v 0.01530502 0.02062044 0.01729003
v 0.01480260 0.02289270 0.01678624
v 0.01418085 0.02318850 0.01688628
v 0.01444462 0.02345740 0.01671120
v 0.01384800 0.02380698 0.01677909
v 0.01252286 0.02340362 0.01733290
v 0.01220257 0.02490278 0.01684340
v 0.01150545 0.02523218 0.01690057
v 0.01162478 0.02338345 0.01758658
v 0.02709309 0.00670454 0.01325612
v 0.02755782 0.00670454 0.01283094
v 0.02706168 0.00577681 0.01323469
v 0.02655298 0.00577681 0.01369917
v 0.02497035 0.01598181 0.01394928
v 0.02511480 0.01483896 0.01407076
v 0.02520900 0.01412635 0.01414222
v 0.02589983 0.01226418 0.01395286
v 0.02652786 0.01230451 0.01342763
v 0.02578679 0.01319863 0.01385996
v 0.02596264 0.01152468 0.01400288
v 0.02697376 0.01133645 0.01314536
v 0.02595636 0.01917507 0.01214135
v 0.02642110 0.01882549 0.01187338
v 0.02427952 0.02228766 0.01229499
v 0.02446165 0.02154817 0.01245577
v 0.02510224 0.01841541 0.01313464
v 0.02420416 0.02033137 0.01315965
v 0.02434861 0.01969271 0.01328113
v 0.02523413 0.01783726 0.01323826
v 0.02483219 0.01690953 0.01384567
v 0.02450561 0.01598181 0.01432802
v 0.02418532 0.02581033 0.01036200
v 0.02522157 0.02411622 0.01045847
v 0.02410368 0.02290614 0.01214492
v 0.02705540 0.00855999 0.01321682
v 0.02708053 0.00763227 0.01324183
v 0.02335005 0.02685907 0.01045133
v 0.02397179 0.02642882 0.01015834
v 0.02429208 0.02689268 0.00954022
v 0.00974070 0.02652966 0.01675051
v 0.01067018 0.02711453 0.01627530
v 0.01113492 0.02572294 0.01680053
v 0.01067018 0.02630109 0.01666118
v 0.01121656 0.02761873 0.01589656
v 0.01155570 0.02797503 0.01561072
v 0.01183203 0.02747083 0.01581438
v 0.01232817 0.02864729 0.01502475
v 0.01259194 0.02896326 0.01477464
v 0.01345234 0.02896998 0.01451381
v 0.01409293 0.02769940 0.01501046
v 0.01439438 0.02802209 0.01471033
v 0.01532386 0.02808931 0.01429586
v 0.01565043 0.02842545 0.01397072
v 0.01605865 0.02780696 0.01415294
v 0.01716398 0.02804226 0.01354554
v 0.01765384 0.02667756 0.01402789
v 0.02051764 0.02582378 0.01314179
v 0.02271574 0.02611285 0.01149821
v 0.02301091 0.02637504 0.01106946
v 0.02268434 0.02425740 0.01258797
v 0.02328096 0.02400194 0.01223425
v 0.02084422 0.02521202 0.01324898
v 0.02140316 0.02486916 0.01312035
v 0.02174858 0.02425068 0.01321325
v 0.02180510 0.02340362 0.01354554
v 0.02184278 0.02254312 0.01388140
v 0.02218191 0.02189102 0.01397429
v 0.02271574 0.02156834 0.01379922
v 0.02329980 0.02218010 0.01317752
v 0.02309883 0.02279858 0.01301673
v 0.02494523 0.00484909 0.01488898
v 0.02608824 0.00577681 0.01411007
v 0.02554186 0.00670454 0.01458528
v 0.02507712 0.00670454 0.01496044
v 0.02458726 0.00670454 0.01519268
v 0.02180510 0.00577681 0.01643966
v 0.02466262 0.00577681 0.01512480
v 0.02257129 0.00484909 0.01601804
v 0.02448049 0.00484909 0.01511408
v 0.02470030 0.00299363 0.01477822
v 0.02451818 0.00207935 0.01475321
v 0.02416020 0.00239532 0.01496401
v 0.02372686 0.00207935 0.01513194
v 0.02436117 0.00392136 0.01505691
v 0.02291671 0.00392136 0.01574292
v 0.02116451 0.00577681 0.01672907
v 0.02070605 0.00670454 0.01692201
v 0.01994614 0.00763227 0.01723643
v 0.01994614 0.00670454 0.01722929
v 0.01809346 0.00855999 0.01798676
v 0.01716398 0.00948772 0.01835120
v 0.01646687 0.00948772 0.01858702
v 0.01716398 0.01040872 0.01830833
v 0.01623450 0.01319863 0.01838336
v 0.01619054 0.01140368 0.01855129
v 0.01556251 0.01319863 0.01859417
v 0.01541806 0.01412635 0.01855486
v 0.01486540 0.01462383 0.01866563
v 0.01522966 0.01498013 0.01849412
v 0.01623450 0.01505408 0.01817613
v 0.01623450 0.01876499 0.01745796
v 0.01623450 0.01969271 0.01723286
v 0.01576348 0.01828096 0.01772593
v 0.01685624 0.01598181 0.01779024
v 0.01624706 0.02060700 0.01696488
v 0.01594561 0.02130615 0.01686841
v 0.01569439 0.02192464 0.01677552
v 0.01507265 0.02227421 0.01687913
v 0.01535526 0.02253640 0.01670406
v 0.01530502 0.02340362 0.01643608
v 0.01438182 0.02433135 0.01641107
v 0.01282431 0.02466748 0.01675051
v 0.01322625 0.02404900 0.01687199
v 0.01251658 0.02434479 0.01696846
v 0.01251658 0.02523218 0.01661830
v 0.01252286 0.02618680 0.01623242
v 0.01175039 0.02552126 0.01672192
v 0.01150545 0.02609269 0.01655756
v 0.02656554 0.00670454 0.01372061
v 0.02532205 0.01319863 0.01423512
v 0.02543509 0.01226418 0.01432087
v 0.02491383 0.01133645 0.01484610
v 0.02559838 0.01126250 0.01431016
v 0.02551674 0.01040872 0.01442449
v 0.02598148 0.01090620 0.01402074
v 0.02635201 0.01126250 0.01368488
v 0.02392155 0.02154817 0.01292026
v 0.02406600 0.02094985 0.01303817
v 0.02345681 0.02154817 0.01331329
v 0.02363266 0.02055994 0.01353839
v 0.02320560 0.02017002 0.01402074
v 0.02377082 0.01969271 0.01374205
v 0.02456214 0.01789776 0.01375634
v 0.02423556 0.01762886 0.01410650
v 0.02436745 0.01690953 0.01421726
v 0.02384619 0.01598181 0.01479251
v 0.02399691 0.01505408 0.01487826
v 0.02409112 0.01448265 0.01492828
v 0.02452445 0.01415324 0.01466388
v 0.02651530 0.00855999 0.01368131
v 0.02610080 0.00670454 0.01412079
v 0.01155570 0.02714142 0.01606092
v 0.01252286 0.02681201 0.01595730
v 0.01252286 0.02727587 0.01571434
v 0.01259194 0.02812293 0.01523556
v 0.01294364 0.02848595 0.01493185
v 0.01345234 0.02834478 0.01485682
v 0.01439438 0.02714814 0.01517839
v 0.01470839 0.02747755 0.01489255
v 0.01345234 0.02788091 0.01511050
v 0.01337697 0.02703386 0.01558214
v 0.01668040 0.02755822 0.01400645
v 0.01507265 0.02685907 0.01504976
v 0.01760988 0.02478177 0.01493900
v 0.01809346 0.02525907 0.01450667
v 0.01953164 0.02484899 0.01404218
v 0.02015339 0.02449269 0.01389212
v 0.02108915 0.02340362 0.01389569
v 0.02130268 0.02289270 0.01399931
v 0.02156017 0.02227421 0.01411721
v 0.02083794 0.02152128 0.01471748
v 0.02049880 0.02119187 0.01498545
v 0.02184278 0.02156834 0.01423870
v 0.02239544 0.02127254 0.01408148
v 0.02301719 0.02078851 0.01391713
v 0.02607568 0.00763227 0.01409935
v 0.02542881 0.00763227 0.01463530
v 0.02505828 0.00732302 0.01495329
v 0.02365778 0.01040872 0.01558571
v 0.02313652 0.00855999 0.01584654
v 0.02267805 0.00763227 0.01605735
v 0.02365778 0.00670454 0.01561430
v 0.02365778 0.00948772 0.01559643
v 0.02267805 0.00670454 0.01605735
v 0.02180510 0.00763227 0.01645037
v 0.02117079 0.00670454 0.01672907
v 0.02071233 0.00855999 0.01692915
v 0.01994614 0.00948772 0.01724715
v 0.01911086 0.00855999 0.01757944
v 0.01809346 0.00948772 0.01799390
v 0.01809346 0.01040872 0.01795818
v 0.01716398 0.01226418 0.01814397
v 0.01623450 0.01412635 0.01830118
v 0.01716398 0.01412635 0.01796889
v 0.01718282 0.01495996 0.01784741
v 0.01624078 0.01684231 0.01783669
v 0.01725190 0.01884566 0.01703634
v 0.01716398 0.01783726 0.01729717
v 0.01700069 0.01969271 0.01692558
v 0.01679972 0.02028431 0.01684340
v 0.01750311 0.01520870 0.01767948
v 0.01953164 0.01561878 0.01682196
v 0.01809346 0.01598181 0.01731146
v 0.01708233 0.01684231 0.01752942
v 0.01713258 0.02060700 0.01661116
v 0.01624706 0.02158850 0.01666118
v 0.01623450 0.02247589 0.01638606
v 0.01624706 0.02340362 0.01606449
v 0.01594561 0.02402883 0.01595016
v 0.01531130 0.02433807 0.01607521
v 0.01499729 0.02495655 0.01594301
v 0.01465187 0.02557504 0.01580724
v 0.01435670 0.02525907 0.01603591
v 0.01363447 0.02643554 0.01578580
v 0.01301272 0.02666411 0.01588227
v 0.02471286 0.01319863 0.01469961
v 0.02482591 0.01226418 0.01478536
v 0.02436117 0.01226418 0.01509264
v 0.02444909 0.01133645 0.01514266
v 0.02495151 0.01040872 0.01487469
v 0.02503944 0.00794151 0.01493900
v 0.02397807 0.01876499 0.01390998
v 0.02271574 0.02053305 0.01414937
v 0.02273458 0.01969271 0.01438519
v 0.02266550 0.01871121 0.01469961
v 0.02292927 0.01783726 0.01482109
v 0.02311139 0.01721205 0.01490684
v 0.02361382 0.01690281 0.01471033
v 0.02373942 0.01789776 0.01434231
v 0.02409740 0.01824734 0.01399931
v 0.02326840 0.01659357 0.01498188
v 0.02338144 0.01598181 0.01503190
v 0.02353217 0.01505408 0.01510336
v 0.02206887 0.01505408 0.01578223
v 0.02264665 0.01405913 0.01566075
v 0.02365778 0.01319863 0.01531774
v 0.02365778 0.01226418 0.01544994
v 0.02417276 0.01386417 0.01497473
v 0.01435670 0.02614647 0.01565717
v 0.01656735 0.02371286 0.01581796
v 0.01789877 0.02416328 0.01506406
v 0.01816254 0.02441202 0.01484968
v 0.01902294 0.02433135 0.01449952
v 0.01905434 0.02346413 0.01481395
v 0.01994614 0.02152128 0.01511765
v 0.01857076 0.02109775 0.01587870
v 0.01921135 0.02062044 0.01575364
v 0.01994614 0.02062044 0.01542135
v 0.02069349 0.02062044 0.01507835
v 0.02115823 0.02062044 0.01486040
v 0.02180510 0.02062044 0.01455669
v 0.02448677 0.01040872 0.01516053
v 0.02365778 0.01133645 0.01554641
v 0.02311768 0.01040872 0.01583582
v 0.02267178 0.00855999 0.01605735
v 0.02312395 0.00948772 0.01584297
v 0.02265293 0.01040872 0.01605020
v 0.02180510 0.00948772 0.01644680
v 0.02180510 0.00855999 0.01645037
v 0.02117707 0.00948772 0.01672907
v 0.02071233 0.00948772 0.01692915
v 0.01865240 0.00948772 0.01776881
v 0.02069977 0.01040872 0.01692201
v 0.01994614 0.01040872 0.01722571
v 0.01907946 0.01040872 0.01756872
v 0.01994614 0.01133645 0.01715783
v 0.01856448 0.01091292 0.01773308
v 0.01814370 0.01126922 0.01786171
v 0.01794273 0.01226418 0.01784741
v 0.01716398 0.01319863 0.01805822
v 0.01769780 0.01412635 0.01775809
v 0.01762872 0.01459022 0.01772950
v 0.01840119 0.01226418 0.01767234
v 0.01782341 0.01319863 0.01780454
v 0.01902294 0.01226418 0.01742937
v 0.01828815 0.01319863 0.01762231
v 0.01809974 0.01884566 0.01668262
v 0.01761616 0.01920868 0.01679695
v 0.01858960 0.01742718 0.01681482
v 0.01779201 0.01859020 0.01687199
v 0.01904806 0.01594819 0.01694702
v 0.01937463 0.01623727 0.01675765
v 0.01872777 0.01690953 0.01687199
v 0.01746543 0.01969271 0.01673621
v 0.01809346 0.02062044 0.01622170
v 0.01988333 0.01594819 0.01660401
v 0.01902294 0.01505408 0.01710423
v 0.01962584 0.01505408 0.01686127
v 0.02009058 0.01505408 0.01666833
v 0.02087562 0.01505408 0.01632532
v 0.02096982 0.01606920 0.01611094
v 0.01714514 0.02243556 0.01602162
v 0.01682484 0.02309438 0.01592872
v 0.02498291 0.00948772 0.01489970
v 0.02131524 0.02011624 0.01493543
v 0.02181138 0.01975994 0.01480323
v 0.02150365 0.01949776 0.01502475
v 0.02230752 0.01836835 0.01496401
v 0.02247081 0.01783726 0.01503547
v 0.02180510 0.01690953 0.01555713
v 0.02277226 0.01690281 0.01513194
v 0.02134036 0.01643895 0.01587155
v 0.02146596 0.01582046 0.01593229
v 0.02273458 0.01598181 0.01533203
v 0.02218191 0.01432803 0.01583582
v 0.02228240 0.01370955 0.01587870
v 0.02282250 0.01319863 0.01570362
v 0.02294811 0.01226418 0.01576793
v 0.02306115 0.01133645 0.01581438
v 0.01816254 0.02346413 0.01521055
v 0.01851424 0.02381370 0.01492828
v 0.01905434 0.02249606 0.01516410
v 0.01874661 0.02062044 0.01595373
v 0.01804322 0.02243556 0.01563216
v 0.01941232 0.02002885 0.01584297
v 0.02095726 0.01975994 0.01520698
v 0.02180510 0.01040872 0.01643608
v 0.02115823 0.01040872 0.01672549
v 0.02061813 0.01133645 0.01688628
v 0.01893502 0.01126922 0.01755800
v 0.01902294 0.01319863 0.01732576
v 0.01902294 0.01412635 0.01721857
v 0.01958816 0.01941036 0.01591800
v 0.01907318 0.01970616 0.01606449
v 0.01809346 0.01969271 0.01647896
v 0.01919251 0.01690953 0.01668262
v 0.01994614 0.01690953 0.01636105
v 0.01976401 0.01412635 0.01691486
v 0.02022247 0.01412635 0.01672549
v 0.02087562 0.01412635 0.01644323
v 0.02180510 0.01319863 0.01615382
v 0.02002150 0.01789104 0.01609665
v 0.02074373 0.01690953 0.01601804
v 0.02235776 0.01319863 0.01591085
v 0.02248965 0.01226418 0.01596802
v 0.02180510 0.01133645 0.01637534
v 0.02107659 0.01133645 0.01668977
v 0.02042344 0.01276165 0.01680410
v 0.02078769 0.01312468 0.01660401
f 1 2 3
f 1 3 4
f 1 4 5
f 1 5 6
f 1 6 7
f 1 7 2
f 2 7 8
f 2 8 9
f 2 9 10
f 2 10 11
f 2 11 12
f 2 12 13
f 2 13 3
f 3 13 14
f 3 14 4
f 4 15 5
f 4 14 16
f 4 16 17
f 4 17 18
f 4 18 19
f 4 19 20
f 4 20 21
f 4 21 22
f 4 22 23
f 4 23 24
f 4 24 25
f 4 25 15
f 5 15 26
f 5 26 27
f 5 27 6
f 6 27 28
f 6 28 7
f 7 28 8
f 8 28 29
f 8 29 30
f 8 30 9
f 9 31 10
f 9 30 32
f 9 32 31
f 10 31 33
f 10 33 34
f 10 34 35
f 10 35 11
f 11 35 12
f 12 35 36
f 12 36 37
f 12 37 38
f 12 38 13
f 13 38 39
f 13 39 40
f 13 40 14
f 14 40 41
f 14 41 42
f 14 42 43
f 14 43 44
f 14 44 45
f 14 45 17
f 14 17 16
f 15 25 46
f 15 46 26
f 17 45 18
f 18 45 47
f 18 47 20
f 18 20 19
f 20 47 48
f 20 48 49
f 20 49 50
f 20 50 51
f 20 51 52
f 20 52 53
f 20 53 22
f 20 22 21
f 22 53 54
f 22 54 23
f 23 54 55
f 23 55 56
f 23 56 24
f 24 56 55
f 24 55 57
f 24 57 58
f 24 58 59
f 24 59 60
f 24 60 61
f 24 61 62
f 24 62 63
f 24 63 25
f 25 63 64
f 25 64 65
f 25 65 46
f 26 66 27
f 26 46 66
f 27 66 67
f 27 67 68
f 27 68 69
f 27 69 70
f 27 70 28
f 28 70 29
f 29 71 72
f 29 72 30
f 29 70 73
f 29 73 74
f 29 74 71
f 30 72 32
f 31 75 76
f 31 76 77
f 31 77 33
f 31 32 78
f 31 78 75
f 32 72 144
f 32 144 78
f 33 77 79
f 33 79 80
f 33 80 81
f 33 81 34
f 34 81 35
f 35 81 36
f 36 81 82
f 36 82 83
f 36 83 37
f 37 83 84
f 37 84 85
f 37 85 86
f 37 86 39
f 37 39 38
f 39 86 87
f 39 87 88
f 39 88 89
f 39 89 90
f 39 90 91
f 39 91 40
f 40 91 187
f 40 187 92
f 40 92 41
f 41 92 42
f 42 93 94
f 42 94 95
f 42 95 45
f 42 45 44
f 42 44 43
f 42 92 96
f 42 96 93
f 45 97 98
f 45 98 99
f 45 99 100
f 45 100 101
f 45 101 48
f 45 48 47
f 45 95 102
f 45 102 97
f 46 65 103
f 46 103 66
f 48 101 104
f 48 104 105
f 48 105 106
f 48 106 107
f 48 107 108
f 48 108 49
f 49 108 109
f 49 109 50
f 50 109 110
f 50 110 111
f 50 111 112
f 50 112 51
f 51 113 52
f 51 112 113
f 52 54 53
f 52 113 114
f 52 114 54
f 54 114 55
f 55 114 57
f 57 115 116
f 57 116 59
f 57 59 58
f 57 114 112
f 57 112 117
f 57 117 115
f 59 118 60
f 59 116 119
f 59 119 117
f 59 117 120
f 59 120 118
f 60 121 122
f 60 122 61
f 60 118 121
f 61 122 62
f 62 122 63
f 63 122 123
f 63 123 124
f 63 124 125
f 63 125 126
f 63 126 64
f 64 127 128
f 64 128 129
f 64 129 130
f 64 130 131
f 64 131 65
f 64 126 127
f 65 130 132
f 65 132 103
f 65 131 130
f 66 133 67
f 66 103 133
f 67 134 68
f 67 133 135
f 67 135 134
f 68 134 136
f 68 136 137
f 68 137 138
f 68 138 139
f 68 139 69
f 69 139 140
f 69 140 141
f 69 141 142
f 69 142 70
f 70 142 143
f 70 143 73
f 71 144 72
f 71 74 144
f 73 145 74
f 73 143 145
f 74 145 146
f 74 146 147
f 74 147 148
f 74 148 149
f 74 149 150
f 74 150 151
f 74 151 152
f 74 152 144
f 75 78 76
f 76 78 153
f 76 153 154
f 76 154 155
f 76 155 77
f 77 156 157
f 77 157 158
f 77 158 159
f 77 159 79
f 77 155 160
f 77 160 161
f 77 161 162
f 77 162 163
f 77 163 164
f 77 164 165
f 77 165 166
f 77 166 167
f 77 167 156
f 78 144 153
f 79 159 80
f 80 159 82
f 80 82 81
f 82 168 169
f 82 169 170
f 82 170 83
f 82 159 168
f 83 170 171
f 83 171 172
f 83 172 87
f 83 87 85
f 83 85 84
f 85 87 86
f 87 172 88
f 88 172 173
f 88 173 89
f 89 174 175
f 89 175 176
f 89 176 177
f 89 177 178
f 89 178 179
f 89 179 180
f 89 180 90
f 89 173 181
f 89 181 182
f 89 182 183
f 89 183 174
f 90 180 184
f 90 184 91
f 91 184 180
f 91 180 179
f 91 179 185
f 91 185 186
f 91 186 187
f 92 188 190
f 92 190 96
f 92 187 189
f 92 189 277
f 92 277 188
f 93 96 190
f 93 190 94
f 94 191 192
f 94 192 95
f 94 190 193
f 94 193 191
f 95 192 102
f 97 194 98
f 97 102 194
f 98 194 195
f 98 195 196
f 98 196 197
f 98 197 99
f 99 197 100
f 100 197 101
f 101 197 104
f 102 192 198
f 102 198 199
f 102 199 200
f 102 200 194
f 103 132 201
f 103 201 202
f 103 202 203
f 103 203 204
f 103 204 205
f 103 205 135
f 103 135 133
f 104 197 206
f 104 206 207
f 104 207 208
f 104 208 209
f 104 209 105
f 105 209 106
f 106 209 107
f 107 209 210
f 107 210 211
f 107 211 108
f 108 211 212
f 108 212 213
f 108 213 214
f 108 214 215
f 108 215 216
f 108 216 109
f 109 216 217
f 109 217 218
f 109 218 219
f 109 219 110
f 110 219 220
f 110 220 221
f 110 221 222
f 110 222 111
f 111 222 223
f 111 223 120
f 111 120 112
f 112 120 117
f 112 114 113
f 115 117 116
f 116 117 119
f 118 224 225
f 118 225 121
f 118 120 224
f 120 223 226
f 120 226 227
f 120 227 228
f 120 228 224
f 121 225 122
f 122 225 229
f 122 229 230
f 122 230 231
f 122 231 123
f 123 231 125
f 123 125 124
f 125 231 230
f 125 230 232
f 125 232 233
f 125 233 127
f 125 127 126
f 127 233 234
f 127 234 235
f 127 235 128
f 128 235 129
f 129 235 130
f 130 235 236
f 130 236 237
f 130 237 238
f 130 238 201
f 130 201 132
f 134 239 137
f 134 137 136
f 134 135 240
f 134 240 204
f 134 204 239
f 135 205 240
f 137 239 241
f 137 241 138
f 138 140 139
f 138 241 242
f 138 242 351
f 138 351 484
f 138 484 483
f 138 483 482
f 138 482 601
f 138 601 733
f 138 733 840
f 138 840 1000
f 138 1000 1160
f 138 1160 1159
f 138 1159 1158
f 138 1158 1157
f 138 1157 1155
f 138 1155 1154
f 138 1154 1325
f 138 1325 1324
f 138 1324 1323
f 138 1323 1322
f 138 1322 1321
f 138 1321 1147
f 138 1147 1320
f 138 1320 1487
f 138 1487 1668
f 138 1668 1832
f 138 1832 2013
f 138 2013 2196
f 138 2196 2378
f 138 2378 2580
f 138 2580 2579
f 138 2579 2578
f 138 2578 2793
f 138 2793 2792
f 138 2792 2784
f 138 2784 2783
f 138 2783 2987
f 138 2987 3200
f 138 3200 3215
f 138 3215 3384
f 138 3384 3383
f 138 3383 3382
f 138 3382 3211
f 138 3211 3210
f 138 3210 3380
f 138 3380 3554
f 138 3554 3553
f 138 3553 3729
f 138 3729 3919
f 138 3919 3914
f 138 3914 4127
f 138 4127 4332
f 138 4332 4194
f 138 4194 3980
f 138 3980 3801
f 138 3801 3629
f 138 3629 3459
f 138 3459 3291
f 138 3291 3105
f 138 3105 3106
f 138 3106 2893
f 138 2893 2892
f 138 2892 2683
f 138 2683 2682
f 138 2682 2681
f 138 2681 2680
f 138 2680 2677
f 138 2677 2461
f 138 2461 2282
f 138 2282 2108
f 138 2108 1929
f 138 1929 1765
f 138 1765 1764
f 138 1764 1599
f 138 1599 1598
f 138 1598 1597
f 138 1597 1414
f 138 1414 1410
f 138 1410 1234
f 138 1234 1063
f 138 1063 894
f 138 894 734
f 138 734 602
f 138 602 487
f 138 487 361
f 138 361 357
f 138 357 353
f 138 353 352
f 138 352 245
f 138 245 148
f 138 148 147
f 138 147 243
f 138 243 143
f 138 143 142
f 138 142 141
f 138 141 140
f 143 243 145
f 144 152 153
f 145 243 244
f 145 244 147
f 145 147 146
f 147 244 243
f 148 245 149
f 149 246 150
f 149 245 247
f 149 247 246
f 150 246 248
f 150 248 151
f 151 249 250
f 151 250 251
f 151 251 252
f 151 252 154
f 151 154 152
f 151 248 253
f 151 253 249
f 152 154 153
f 154 252 155
f 155 252 251
f 155 251 161
f 155 161 160
f 156 167 169
f 156 169 157
f 157 169 158
f 158 169 168
f 158 168 159
f 161 251 254
f 161 254 255
f 161 255 162
f 162 256 257
f 162 257 258
f 162 258 163
f 162 255 256
f 163 258 259
f 163 259 260
f 163 260 164
f 164 260 261
f 164 261 166
f 164 166 165
f 166 183 262
f 166 262 169
f 166 169 167
f 166 261 263
f 166 263 264
f 166 264 265
f 166 265 183
f 169 262 170
f 170 262 181
f 170 181 171
f 171 181 172
f 172 181 173
f 174 183 175
f 175 265 176
f 175 183 265
f 176 265 177
f 177 266 178
f 177 265 267
f 177 267 268
f 177 268 266
f 178 185 179
f 178 266 270
f 178 270 185
f 181 183 182
f 181 262 183
f 185 269 186
f 185 270 269
f 186 269 271
f 186 271 272
f 186 272 273
f 186 273 274
f 186 274 187
f 187 274 275
f 187 275 189
f 188 276 190
f 188 277 276
f 189 278 277
f 189 275 279
f 189 279 280
f 189 280 278
f 190 276 281
f 190 281 193
f 191 282 192
f 191 193 281
f 191 281 283
f 191 283 284
f 191 284 285
f 191 285 286
f 191 286 282
f 192 282 287
f 192 287 288
f 192 288 198
f 194 200 195
f 195 289 196
f 195 200 289
f 196 290 291
f 196 291 292
f 196 292 293
f 196 293 294
f 196 294 206
f 196 206 197
f 196 289 290
f 198 295 296
f 198 296 297
f 198 297 298
f 198 298 299
f 198 299 300
f 198 300 199
f 198 288 295
f 199 300 301
f 199 301 289
f 199 289 200
f 201 238 302
f 201 302 303
f 201 303 304
f 201 304 202
f 202 305 306
f 202 306 307
f 202 307 203
f 202 304 305
f 203 307 308
f 203 308 204
f 204 308 241
f 204 241 239
f 204 240 205
f 206 294 309
f 206 309 207
f 207 309 208
f 208 309 310
f 208 310 209
f 209 310 311
f 209 311 312
f 209 312 210
f 210 312 313
f 210 313 314
f 210 314 211
f 211 315 316
f 211 316 212
f 211 314 315
f 212 316 213
f 213 316 214
f 214 316 216
f 214 216 215
f 216 316 317
f 216 317 318
f 216 318 319
f 216 319 320
f 216 320 321
f 216 321 322
f 216 322 323
f 216 323 217
f 217 324 325
f 217 325 326
f 217 326 218
f 217 323 322
f 217 322 324
f 218 326 327
f 218 327 219
f 219 327 220
f 220 327 328
f 220 328 221
f 221 328 329
f 221 329 330
f 221 330 227
f 221 227 222
f 222 227 226
f 222 226 223
f 224 229 225
f 224 228 229
f 227 331 228
f 227 330 329
f 227 329 332
f 227 332 331
f 228 331 333
f 228 333 229
f 229 333 331
f 229 331 334
f 229 334 230
f 230 334 335
f 230 335 336
f 230 336 337
f 230 337 338
f 230 338 232
f 232 234 233
f 232 338 339
f 232 339 234
f 234 339 340
f 234 340 341
f 234 341 342
f 234 342 343
f 234 343 235
f 235 343 344
f 235 344 238
f 235 238 236
f 236 238 237
f 238 345 302
f 238 344 346
f 238 346 347
f 238 347 345
f 241 348 349
f 241 349 242
f 241 308 350
f 241 350 348
f 242 349 351
f 245 352 247
f 246 247 353
f 246 353 354
f 246 354 355
f 246 355 248
f 247 352 353
f 248 356 253
f 248 355 354
f 248 354 357
f 248 357 356
f 249 253 358
f 249 358 359
f 249 359 251
f 249 251 250
f 251 359 254
f 253 356 360
f 253 360 361
f 253 361 362
f 253 362 363
f 253 363 358
f 254 359 255
f 255 359 364
f 255 364 365
f 255 365 366
f 255 366 256
f 256 366 367
f 256 367 257
f 257 368 369
f 257 369 370
f 257 370 371
f 257 371 258
f 257 367 368
f 258 371 372
f 258 372 261
f 258 261 259
f 259 261 260
f 261 373 374
f 261 374 263
f 261 372 369
f 261 369 375
f 261 375 376
f 261 376 373
f 263 374 268
f 263 268 267
f 263 267 264
f 264 267 265
f 266 268 373
f 266 373 270
f 268 374 373
f 269 270 377
f 269 377 378
f 269 378 271
f 270 373 377
f 271 378 377
f 271 377 373
f 271 373 272
f 272 376 379
f 272 379 380
f 272 380 381
f 272 381 382
f 272 382 383
f 272 383 384
f 272 384 385
f 272 385 386
f 272 386 273
f 272 373 376
f 273 386 274
f 274 386 275
f 275 386 385
f 275 385 279
f 276 387 281
f 276 277 388
f 276 388 387
f 277 278 388
f 278 389 388
f 278 280 389
f 279 385 384
f 279 384 280
f 280 384 390
f 280 390 389
f 281 284 283
f 281 387 284
f 282 286 287
f 284 387 391
f 284 391 392
f 284 392 285
f 285 393 286
f 285 392 393
f 286 393 287
f 287 393 394
f 287 394 288
f 288 394 395
f 288 395 396
f 288 396 397
f 288 397 398
f 288 398 296
f 288 296 295
f 289 301 291
f 289 291 290
f 291 399 400
f 291 400 292
f 291 301 399
f 292 401 402
f 292 402 310
f 292 310 403
f 292 403 293
f 292 400 404
f 292 404 405
f 292 405 406
f 292 406 401
f 293 403 294
f 294 403 309
f 296 398 297
f 297 407 408
f 297 408 298
f 297 398 409
f 297 409 407
f 298 408 410
f 298 410 299
f 299 410 411
f 299 411 301
f 299 301 300
f 301 411 412
f 301 412 413
f 301 413 399
f 302 345 414
f 302 414 415
f 302 415 416
f 302 416 303
f 303 416 539
f 303 539 417
f 303 417 418
f 303 418 304
f 304 418 305
f 305 419 420
f 305 420 306
f 305 418 421
f 305 421 419
f 306 420 422
f 306 422 423
f 306 423 424
f 306 424 307
f 307 424 425
f 307 425 426
f 307 426 427
f 307 427 308
f 308 427 350
f 309 403 310
f 310 402 311
f 311 402 401
f 311 401 428
f 311 428 429
f 311 429 313
f 311 313 312
f 313 430 314
f 313 429 430
f 314 429 431
f 314 431 432
f 314 432 433
f 314 433 316
f 314 316 315
f 314 430 429
f 316 433 434
f 316 434 435
f 316 435 436
f 316 436 437
f 316 437 317
f 317 437 318
f 318 437 319
f 319 437 438
f 319 438 439
f 319 439 440
f 319 440 320
f 320 440 321
f 321 440 322
f 322 440 324
f 324 440 441
f 324 441 325
f 325 442 327
f 325 327 326
f 325 441 443
f 325 443 444
f 325 444 445
f 325 445 446
f 325 446 447
f 325 447 448
f 325 448 442
f 327 442 449
f 327 449 450
f 327 450 451
f 327 451 452
f 327 452 453
f 327 453 454
f 327 454 455
f 327 455 332
f 327 332 328
f 328 332 329
f 331 332 456
f 331 456 457
f 331 457 458
f 331 458 459
f 331 459 460
f 331 460 461
f 331 461 462
f 331 462 334
f 332 455 457
f 332 457 456
f 334 462 463
f 334 463 335
f 335 463 464
f 335 464 465
f 335 465 466
f 335 466 467
f 335 467 468
f 335 468 469
f 335 469 336
f 336 469 470
f 336 470 337
f 337 470 471
f 337 471 338
f 338 471 339
f 339 472 341
f 339 341 340
f 339 471 473
f 339 473 474
f 339 474 475
f 339 475 476
f 339 476 472
f 341 472 475
f 341 475 477
f 341 477 478
f 341 478 342
f 342 478 479
f 342 479 346
f 342 346 344
f 342 344 343
f 345 415 414
f 345 347 480
f 345 480 415
f 346 479 347
f 347 479 480
f 348 481 482
f 348 482 349
f 348 350 481
f 349 482 483
f 349 483 484
f 349 484 351
f 350 427 426
f 350 426 425
f 350 425 485
f 350 485 481
f 353 357 354
f 356 357 360
f 357 361 360
f 358 363 359
f 359 363 486
f 359 486 364
f 361 487 362
f 362 487 488
f 362 488 363
f 363 489 365
f 363 365 490
f 363 490 364
f 363 364 486
f 363 488 491
f 363 491 489
f 364 490 365
f 365 489 492
f 365 492 367
f 365 367 366
f 367 492 368
f 368 492 369
f 369 492 493
f 369 493 494
f 369 494 375
f 369 372 370
f 370 372 371
f 375 494 495
f 375 495 496
f 375 496 497
f 375 497 376
f 376 497 379
f 379 497 498
f 379 498 499
f 379 499 500
f 379 500 380
f 380 500 381
f 381 501 502
f 381 502 382
f 381 500 501
f 382 503 390
f 382 390 383
f 382 502 504
f 382 504 505
f 382 505 503
f 383 390 384
f 387 388 506
f 387 506 507
f 387 507 391
f 388 389 506
f 389 508 506
f 389 390 508
f 390 503 509
f 390 509 508
f 391 510 511
f 391 511 392
f 391 507 510
f 392 511 512
f 392 512 393
f 393 512 394
f 394 513 514
f 394 514 395
f 394 512 513
f 395 514 515
f 395 515 516
f 395 516 517
f 395 517 396
f 396 517 518
f 396 518 519
f 396 519 409
f 396 409 397
f 397 409 398
f 399 413 405
f 399 405 404
f 399 404 400
f 401 520 521
f 401 521 522
f 401 522 428
f 401 406 520
f 405 413 412
f 405 412 523
f 405 523 406
f 406 523 524
f 406 524 520
f 407 525 526
f 407 526 408
f 407 409 519
f 407 519 527
f 407 527 525
f 408 526 528
f 408 528 410
f 410 528 529
f 410 529 530
f 410 530 531
f 410 531 532
f 410 532 411
f 411 532 531
f 411 531 412
f 412 531 533
f 412 533 523
f 415 480 534
f 415 534 535
f 415 535 536
f 415 536 537
f 415 537 538
f 415 538 539
f 415 539 416
f 417 539 421
f 417 421 418
f 419 540 541
f 419 541 542
f 419 542 420
f 419 421 539
f 419 539 538
f 419 538 540
f 420 542 543
f 420 543 544
f 420 544 545
f 420 545 546
f 420 546 422
f 422 546 423
f 423 547 548
f 423 548 549
f 423 549 550
f 423 550 424
f 423 546 547
f 424 550 425
f 425 550 551
f 425 551 552
f 425 552 553
f 425 553 554
f 425 554 485
f 428 522 555
f 428 555 556
f 428 556 429
f 429 556 431
f 431 557 434
f 431 434 432
f 431 556 555
f 431 555 558
f 431 558 557
f 432 434 433
f 434 557 559
f 434 559 560
f 434 560 561
f 434 561 435
f 435 561 562
f 435 562 436
f 436 438 437
f 436 562 438
f 438 563 564
f 438 564 565
f 438 565 439
f 438 562 561
f 438 561 563
f 439 565 566
f 439 566 567
f 439 567 568
f 439 568 569
f 439 569 440
f 440 569 441
f 441 569 570
f 441 570 443
f 442 448 449
f 443 570 569
f 443 569 571
f 443 571 572
f 443 572 445
f 443 445 444
f 445 572 573
f 445 573 574
f 445 574 575
f 445 575 576
f 445 576 577
f 445 577 578
f 445 578 446
f 446 578 447
f 447 578 579
f 447 579 448
f 448 579 580
f 448 580 449
f 449 581 450
f 449 580 581
f 450 581 582
f 450 582 451
f 451 582 452
f 452 582 581
f 452 581 453
f 453 581 583
f 453 583 584
f 453 584 585
f 453 585 454
f 454 586 459
f 454 459 455
f 454 585 587
f 454 587 586
f 455 459 457
f 457 459 458
f 459 586 588
f 459 588 589
f 459 589 590
f 459 590 460
f 460 590 461
f 461 590 466
f 461 466 591
f 461 591 462
f 462 591 463
f 463 591 592
f 463 592 464
f 464 592 465
f 465 592 466
f 466 590 593
f 466 593 467
f 466 592 591
f 467 593 594
f 467 594 468
f 468 594 595
f 468 595 469
f 469 595 470
f 470 595 471
f 471 595 473
f 472 476 475
f 473 595 596
f 473 596 474
f 474 596 475
f 475 596 597
f 475 597 598
f 475 598 477
f 477 598 478
f 478 598 599
f 478 599 479
f 479 599 600
f 479 600 480
f 480 600 534
f 481 485 554
f 481 554 482
f 482 554 601
f 487 602 603
f 487 603 488
f 488 603 604
f 488 604 605
f 488 605 491
f 489 491 605
f 489 605 492
f 492 605 493
f 493 605 604
f 493 604 494
f 494 606 607
f 494 607 608
f 494 608 609
f 494 609 610
f 494 610 611
f 494 611 495
f 494 604 606
f 495 612 613
f 495 613 614
f 495 614 615
f 495 615 616
f 495 616 617
f 495 617 496
f 495 611 610
f 495 610 612
f 496 617 497
f 497 618 619
f 497 619 499
f 497 499 498
f 497 617 620
f 497 620 618
f 499 621 500
f 499 619 621
f 500 621 622
f 500 622 623
f 500 623 501
f 501 624 625
f 501 625 502
f 501 623 626
f 501 626 624
f 502 625 627
f 502 627 504
f 503 505 628
f 503 628 509
f 504 627 629
f 504 629 630
f 504 630 631
f 504 631 632
f 504 632 505
f 505 632 631
f 505 631 633
f 505 633 634
f 505 634 635
f 505 635 636
f 505 636 628
f 506 508 507
f 507 637 510
f 507 508 509
f 507 509 628
f 507 628 637
f 510 638 511
f 510 637 639
f 510 639 787
f 510 787 638
f 511 638 640
f 511 640 512
f 512 640 513
f 513 641 515
f 513 515 514
f 513 640 642
f 513 642 643
f 513 643 644
f 513 644 645
f 513 645 641
f 515 641 646
f 515 646 516
f 516 646 517
f 517 646 527
f 517 527 518
f 518 527 519
f 520 647 648
f 520 648 649
f 520 649 650
f 520 650 651
f 520 651 652
f 520 652 653
f 520 653 522
f 520 522 521
f 520 524 647
f 522 653 654
f 522 654 558
f 522 558 555
f 523 655 524
f 523 533 656
f 523 656 655
f 524 655 657
f 524 657 648
f 524 648 647
f 525 658 659
f 525 659 526
f 525 527 658
f 526 659 660
f 526 660 529
f 526 529 528
f 527 661 658
f 527 646 662
f 527 662 663
f 527 663 664
f 527 664 661
f 529 665 666
f 529 666 667
f 529 667 668
f 529 668 530
f 529 660 665
f 530 668 669
f 530 669 531
f 531 669 656
f 531 656 533
f 534 600 670
f 534 670 535
f 535 671 825
f 535 825 672
f 535 672 536
f 535 670 671
f 536 672 673
f 536 673 537
f 537 673 538
f 538 673 540
f 540 673 541
f 541 673 674
f 541 674 831
f 541 831 675
f 541 675 542
f 542 675 676
f 542 676 543
f 543 676 544
f 544 676 677
f 544 677 545
f 545 677 678
f 545 678 547
f 545 547 546
f 547 678 679
f 547 679 680
f 547 680 681
f 547 681 548
f 548 681 682
f 548 682 549
f 549 682 552
f 549 552 551
f 549 551 550
f 552 682 683
f 552 683 601
f 552 601 553
f 553 601 554
f 557 684 685
f 557 685 559
f 557 558 686
f 557 686 684
f 558 654 686
f 559 685 687
f 559 687 688
f 559 688 689
f 559 689 560
f 560 689 561
f 561 689 688
f 561 688 690
f 561 690 691
f 561 691 692
f 561 692 563
f 563 692 691
f 563 691 564
f 564 691 565
f 565 691 693
f 565 693 694
f 565 694 566
f 566 694 695
f 566 695 696
f 566 696 568
f 566 568 567
f 568 696 569
f 569 696 573
f 569 573 571
f 571 573 572
f 573 696 697
f 573 697 698
f 573 698 574
f 574 698 575
f 575 698 699
f 575 699 700
f 575 700 576
f 576 700 701
f 576 701 702
f 576 702 577
f 577 703 578
f 577 702 704
f 577 704 705
f 577 705 703
f 578 703 579
f 579 706 707
f 579 707 580
f 579 703 708
f 579 708 706
f 580 707 709
f 580 709 710
f 580 710 584
f 580 584 583
f 580 583 581
f 584 711 709
f 584 709 712
f 584 712 588
f 584 588 586
f 584 586 713
f 584 713 585
f 584 710 711
f 585 713 586
f 585 586 587
f 588 712 714
f 588 714 589
f 589 714 715
f 589 715 594
f 589 594 590
f 590 594 593
f 594 716 595
f 594 715 717
f 594 717 718
f 594 718 719
f 594 719 720
f 594 720 721
f 594 721 722
f 594 722 716
f 595 723 596
f 595 716 724
f 595 724 725
f 595 725 726
f 595 726 723
f 596 723 727
f 596 727 597
f 597 727 728
f 597 728 729
f 597 729 598
f 598 729 730
f 598 730 731
f 598 731 599
f 599 731 600
f 600 731 732
f 600 732 670
f 601 683 682
f 601 682 733
f 602 734 603
f 603 734 735
f 603 735 736
f 603 736 737
f 603 737 604
f 604 737 738
f 604 738 739
f 604 739 606
f 606 739 740
f 606 740 741
f 606 741 742
f 606 742 607
f 607 742 743
f 607 743 609
f 607 609 744
f 607 744 608
f 608 744 609
f 609 743 745
f 609 745 746
f 609 746 747
f 609 747 613
f 609 613 610
f 610 613 748
f 610 748 612
f 612 748 613
f 613 747 614
f 614 747 615
f 615 749 616
f 615 747 750
f 615 750 751
f 615 751 749
f 616 749 752
f 616 752 620
f 616 620 617
f 618 620 752
f 618 752 753
f 618 753 754
f 618 754 755
f 618 755 619
f 619 756 757
f 619 757 621
f 619 755 753
f 619 753 756
f 621 757 758
f 621 758 759
f 621 759 760
f 621 760 761
f 621 761 762
f 621 762 622
f 622 762 623
f 623 762 626
f 624 763 625
f 624 626 763
f 625 763 764
f 625 764 765
f 625 765 766
f 625 766 767
f 625 767 768
f 625 768 769
f 625 769 627
f 626 762 761
f 626 761 770
f 626 770 771
f 626 771 764
f 626 764 763
f 627 769 629
f 628 636 639
f 628 639 637
f 629 769 768
f 629 768 772
f 629 772 765
f 629 765 773
f 629 773 630
f 630 773 631
f 631 774 775
f 631 775 633
f 631 773 765
f 631 765 776
f 631 776 777
f 631 777 778
f 631 778 774
f 633 775 779
f 633 779 780
f 633 780 634
f 634 780 781
f 634 781 782
f 634 782 783
f 634 783 784
f 634 784 635
f 635 785 636
f 635 784 785
f 636 785 786
f 636 786 787
f 636 787 639
f 638 787 642
f 638 642 640
f 641 645 788
f 641 788 793
f 641 793 646
f 642 787 786
f 642 786 789
f 642 789 643
f 643 790 644
f 643 789 790
f 644 790 645
f 645 790 791
f 645 791 792
f 645 792 788
f 646 793 662
f 648 657 649
f 649 794 795
f 649 795 796
f 649 796 797
f 649 797 651
f 649 651 650
f 649 657 655
f 649 655 798
f 649 798 799
f 649 799 800
f 649 800 794
f 651 801 802
f 651 802 687
f 651 687 684
f 651 684 803
f 651 803 686
f 651 686 652
f 651 797 804
f 651 804 801
f 652 686 653
f 653 686 654
f 655 656 668
f 655 668 805
f 655 805 798
f 656 669 668
f 658 806 659
f 658 661 806
f 659 807 666
f 659 666 808
f 659 808 660
f 659 806 807
f 660 808 809
f 660 809 666
f 660 666 665
f 661 810 811
f 661 811 806
f 661 664 810
f 662 793 663
f 663 812 813
f 663 813 810
f 663 810 664
f 663 793 788
f 663 788 814
f 663 814 815
f 663 815 816
f 663 816 817
f 663 817 812
f 666 818 819
f 666 819 820
f 666 820 805
f 666 805 668
f 666 668 667
f 666 809 808
f 666 807 806
f 666 806 821
f 666 821 822
f 666 822 823
f 666 823 818
f 670 824 671
f 670 732 893
f 670 893 824
f 671 824 826
f 671 826 827
f 671 827 828
f 671 828 829
f 671 829 825
f 672 825 673
f 673 829 828
f 673 828 674
f 673 825 829
f 674 828 827
f 674 827 830
f 674 830 832
f 674 832 831
f 675 831 832
f 675 832 676
f 676 832 833
f 676 833 834
f 676 834 835
f 676 835 677
f 677 835 679
f 677 679 678
f 679 835 836
f 679 836 837
f 679 837 680
f 680 837 838
f 680 838 681
f 681 838 839
f 681 839 840
f 681 840 733
f 681 733 682
f 684 687 685
f 684 686 803
f 687 802 841
f 687 841 842
f 687 842 843
f 687 843 844
f 687 844 845
f 687 845 846
f 687 846 847
f 687 847 688
f 688 847 846
f 688 846 845
f 688 845 848
f 688 848 691
f 688 691 690
f 691 848 849
f 691 849 693
f 693 849 850
f 693 850 694
f 694 850 851
f 694 851 852
f 694 852 853
f 694 853 695
f 695 853 696
f 696 853 854
f 696 854 855
f 696 855 697
f 697 855 856
f 697 856 857
f 697 857 698
f 698 857 856
f 698 856 858
f 698 858 699
f 699 858 700
f 700 702 701
f 700 858 856
f 700 856 859
f 700 859 860
f 700 860 861
f 700 861 862
f 700 862 863
f 700 863 864
f 700 864 865
f 700 865 702
f 702 865 864
f 702 864 704
f 703 705 866
f 703 866 708
f 704 864 867
f 704 867 705
f 705 867 868
f 705 868 869
f 705 869 866
f 706 870 871
f 706 871 872
f 706 872 709
f 706 709 873
f 706 873 874
f 706 874 707
f 706 708 866
f 706 866 870
f 707 874 873
f 707 873 709
f 709 875 876
f 709 876 877
f 709 877 878
f 709 878 712
f 709 711 879
f 709 879 710
f 709 872 875
f 710 879 711
f 712 878 714
f 714 880 715
f 714 878 881
f 714 881 880
f 715 880 717
f 716 722 882
f 716 882 883
f 716 883 724
f 717 880 719
f 717 719 718
f 719 880 720
f 720 880 884
f 720 884 885
f 720 885 721
f 721 885 882
f 721 882 722
f 723 726 886
f 723 886 727
f 724 883 887
f 724 887 725
f 725 887 886
f 725 886 726
f 727 886 728
f 728 730 729
f 728 886 888
f 728 888 730
f 730 889 731
f 730 888 890
f 730 890 889
f 731 889 732
f 732 889 891
f 732 891 892
f 732 892 893
f 734 894 735
f 735 894 895
f 735 895 896
f 735 896 897
f 735 897 736
f 736 897 898
f 736 898 899
f 736 899 900
f 736 900 737
f 737 900 901
f 737 901 902
f 737 902 738
f 738 902 739
f 739 902 903
f 739 903 904
f 739 904 740
f 740 904 905
f 740 905 741
f 741 906 907
f 741 907 908
f 741 908 909
f 741 909 910
f 741 910 742
f 741 905 906
f 742 910 911
f 742 911 743
f 743 911 745
f 745 911 746
f 746 911 912
f 746 912 913
f 746 913 914
f 746 914 750
f 746 750 747
f 749 751 752
f 750 914 915
f 750 915 751
f 751 915 753
f 751 753 752
f 753 755 754
f 753 915 916
f 753 916 917
f 753 917 918
f 753 918 919
f 753 919 756
f 756 919 918
f 756 918 920
f 756 920 758
f 756 758 757
f 758 920 759
f 759 920 918
f 759 918 921
f 759 921 922
f 759 922 760
f 760 922 923
f 760 923 924
f 760 924 925
f 760 925 761
f 761 925 924
f 761 924 770
f 764 926 765
f 764 771 926
f 765 926 776
f 765 772 766
f 766 772 767
f 767 772 768
f 770 924 927
f 770 927 771
f 771 928 929
f 771 929 930
f 771 930 931
f 771 931 932
f 771 932 926
f 771 927 923
f 771 923 928
f 774 933 775
f 774 778 934
f 774 934 935
f 774 935 936
f 774 936 933
f 775 933 937
f 775 937 938
f 775 938 939
f 775 939 940
f 775 940 941
f 775 941 779
f 776 926 932
f 776 932 778
f 776 778 777
f 778 932 942
f 778 942 943
f 778 943 934
f 779 941 944
f 779 944 781
f 779 781 780
f 781 944 945
f 781 945 782
f 782 945 946
f 782 946 947
f 782 947 948
f 782 948 783
f 783 948 949
f 783 949 784
f 784 949 950
f 784 950 791
f 784 791 951
f 784 951 785
f 785 789 786
f 785 951 789
f 788 792 814
f 789 951 791
f 789 791 952
f 789 952 790
f 790 952 791
f 791 950 792
f 792 815 814
f 792 950 815
f 794 953 954
f 794 954 955
f 794 955 796
f 794 796 795
f 794 800 953
f 796 955 797
f 797 956 804
f 797 955 956
f 798 805 799
f 799 805 820
f 799 820 957
f 799 957 958
f 799 958 959
f 799 959 960
f 799 960 961
f 799 961 800
f 800 961 953
f 801 804 956
f 801 956 962
f 801 962 802
f 802 962 841
f 806 811 821
f 810 963 811
f 810 813 963
f 811 964 965
f 811 965 966
f 811 966 821
f 811 963 967
f 811 967 964
f 812 968 969
f 812 969 963
f 812 963 813
f 812 817 968
f 815 970 971
f 815 971 816
f 815 950 972
f 815 972 970
f 816 971 817
f 817 971 973
f 817 973 968
f 818 974 975
f 818 975 976
f 818 976 977
f 818 977 819
f 818 823 974
f 819 977 820
f 820 977 978
f 820 978 979
f 820 979 958
f 820 958 957
f 821 966 980
f 821 980 981
f 821 981 822
f 822 981 982
f 822 982 974
f 822 974 823
f 824 893 892
f 824 892 891
f 824 891 983
f 824 983 1146
f 824 1146 1319
f 824 1319 1480
f 824 1480 1660
f 824 1660 1824
f 824 1824 1834
f 824 1834 1669
f 824 1669 1488
f 824 1488 1320
f 824 1320 1147
f 824 1147 984
f 824 984 826
f 826 984 985
f 826 985 827
f 827 985 832
f 827 832 830
f 832 986 987
f 832 987 833
f 832 985 986
f 833 987 988
f 833 988 989
f 833 989 990
f 833 990 834
f 834 990 991
f 834 991 836
f 834 836 835
f 836 991 992
f 836 992 1153
f 836 1153 993
f 836 993 837
f 837 993 994
f 837 994 995
f 837 995 996
f 837 996 838
f 838 996 997
f 838 997 998
f 838 998 999
f 838 999 839
f 839 999 840
f 840 999 1000
f 841 1001 1002
f 841 1002 1003
f 841 1003 842
f 841 962 1004
f 841 1004 1001
f 842 1003 1005
f 842 1005 843
f 843 1006 1007
f 843 1007 1008
f 843 1008 845
f 843 845 844
f 843 1005 1003
f 843 1003 1009
f 843 1009 1010
f 843 1010 1011
f 843 1011 1012
f 843 1012 1006
f 845 1008 1013
f 845 1013 848
f 848 1013 849
f 849 1013 1014
f 849 1014 851
f 849 851 850
f 851 1014 1015
f 851 1015 1016
f 851 1016 1017
f 851 1017 1018
f 851 1018 852
f 852 1018 1019
f 852 1019 853
f 853 1019 1018
f 853 1018 1020
f 853 1020 1021
f 853 1021 1022
f 853 1022 1023
f 853 1023 1024
f 853 1024 855
f 853 855 854
f 855 1024 856
f 856 1024 1025
f 856 1025 1026
f 856 1026 1027
f 856 1027 860
f 856 860 859
f 860 1028 1029
f 860 1029 1030
f 860 1030 1031
f 860 1031 1032
f 860 1032 861
f 860 1027 1028
f 861 1032 862
f 862 1032 863
f 863 1033 864
f 863 1032 1033
f 864 1033 1034
f 864 1034 867
f 866 869 871
f 866 871 870
f 867 1034 1035
f 867 1035 1036
f 867 1036 868
f 868 1036 1037
f 868 1037 1038
f 868 1038 869
f 869 1038 1039
f 869 1039 1040
f 869 1040 1041
f 869 1041 1042
f 869 1042 1043
f 869 1043 1044
f 869 1044 871
f 871 1044 875
f 871 875 872
f 875 1044 1043
f 875 1043 876
f 876 1043 1045
f 876 1045 1046
f 876 1046 1047
f 876 1047 1048
f 876 1048 1049
f 876 1049 881
f 876 881 877
f 877 881 878
f 880 1050 884
f 880 881 1049
f 880 1049 1051
f 880 1051 1050
f 882 887 883
f 882 885 887
f 884 1050 885
f 885 1050 1052
f 885 1052 1053
f 885 1053 1054
f 885 1054 1055
f 885 1055 1056
f 885 1056 887
f 886 887 1057
f 886 1057 888
f 887 1056 1057
f 888 1057 1058
f 888 1058 1059
f 888 1059 890
f 889 890 891
f 890 1059 1060
f 890 1060 1061
f 890 1061 891
f 891 1061 1062
f 891 1062 983
f 894 1063 1064
f 894 1064 1065
f 894 1065 1066
f 894 1066 895
f 895 1066 896
f 896 1066 1067
f 896 1067 898
f 896 898 897
f 898 1067 1068
f 898 1068 1069
f 898 1069 899
f 899 1069 900
f 900 1069 903
f 900 903 902
f 900 902 901
f 903 1070 1071
f 903 1071 1072
f 903 1072 1073
f 903 1073 1074
f 903 1074 904
f 903 1069 1070
f 904 1074 1075
f 904 1075 905
f 905 1075 906
f 906 1076 907
f 906 1075 1076
f 907 1076 1077
f 907 1077 1078
f 907 1078 1079
f 907 1079 908
f 908 1079 1078
f 908 1078 1080
f 908 1080 1081
f 908 1081 1082
f 908 1082 1083
f 908 1083 1084
f 908 1084 1085
f 908 1085 1086
f 908 1086 916
f 908 916 1087
f 908 1087 911
f 908 911 909
f 909 911 1088
f 909 1088 910
f 910 1088 911
f 911 1087 1089
f 911 1089 1090
f 911 1090 1091
f 911 1091 912
f 912 1091 916
f 912 916 913
f 913 916 914
f 914 916 915
f 916 1091 1092
f 916 1092 1087
f 916 1086 918
f 916 918 917
f 918 1086 921
f 921 1086 1093
f 921 1093 922
f 922 1094 923
f 922 1093 1094
f 923 1094 928
f 923 927 924
f 928 1095 1096
f 928 1096 929
f 928 1094 1093
f 928 1093 1095
f 929 1096 1097
f 929 1097 930
f 930 1097 1096
f 930 1096 1098
f 930 1098 931
f 931 1098 1099
f 931 1099 1100
f 931 1100 1101
f 931 1101 942
f 931 942 1102
f 931 1102 932
f 932 1102 942
f 933 1103 937
f 933 936 1104
f 933 1104 1105
f 933 1105 1106
f 933 1106 1103
f 934 943 1107
f 934 1107 935
f 935 1104 936
f 935 1107 943
f 935 943 942
f 935 942 1108
f 935 1108 1109
f 935 1109 1104
f 937 1110 1111
f 937 1111 1112
f 937 1112 1113
f 937 1113 938
f 937 1103 1114
f 937 1114 1110
f 938 1113 1115
f 938 1115 939
f 939 1115 1116
f 939 1116 1117
f 939 1117 940
f 940 1117 941
f 941 1117 944
f 942 1101 1108
f 944 1117 946
f 944 946 945
f 946 1117 1118
f 946 1118 947
f 947 1118 950
f 947 950 949
f 947 949 948
f 950 1118 972
f 953 1119 1120
f 953 1120 954
f 953 961 1119
f 954 1120 955
f 955 1120 956
f 956 1120 1121
f 956 1121 1122
f 956 1122 962
f 958 1123 1124
f 958 1124 959
f 958 979 1125
f 958 1125 1126
f 958 1126 1123
f 959 1124 1127
f 959 1127 960
f 960 1127 1119
f 960 1119 961
f 962 1128 1129
f 962 1129 1004
f 962 1122 1128
f 963 969 967
f 964 967 969
f 964 969 1130
f 964 1130 1131
f 964 1131 965
f 965 1131 1132
f 965 1132 1133
f 965 1133 1134
f 965 1134 980
f 965 980 966
f 968 973 969
f 969 1135 1130
f 969 973 1136
f 969 1136 1137
f 969 1137 1135
f 970 1138 1136
f 970 1136 1139
f 970 1139 973
f 970 973 971
f 970 972 1140
f 970 1140 1138
f 972 1118 1141
f 972 1141 1140
f 973 1139 1136
f 974 1142 976
f 974 976 975
f 974 982 1142
f 976 1142 979
f 976 979 978
f 976 978 977
f 979 1142 1143
f 979 1143 1125
f 980 1134 1144
f 980 1144 1145
f 980 1145 981
f 981 1145 1143
f 981 1143 1142
f 981 1142 982
f 983 1062 1146
f 984 1147 986
f 984 986 985
f 986 1147 987
f 987 1147 988
f 988 1147 989
f 989 1147 1148
f 989 1148 990
f 990 1148 1149
f 990 1149 1150
f 990 1150 991
f 991 1150 1151
f 991 1151 1152
f 991 1152 992
f 992 1152 1153
f 993 1153 994
f 994 1153 995
f 995 1153 1325
f 995 1325 1154
f 995 1154 1155
f 995 1155 996
f 996 1155 1156
f 996 1156 1157
f 996 1157 998
f 996 998 997
f 998 1157 1158
f 998 1158 1159
f 998 1159 999
f 999 1159 1160
f 999 1160 1000
f 1001 1004 1161
f 1001 1161 1002
f 1002 1161 1162
f 1002 1162 1003
f 1003 1162 1163
f 1003 1163 1009
f 1004 1129 1164
f 1004 1164 1161
f 1006 1165 1166
f 1006 1166 1007
f 1006 1012 1165
f 1007 1166 1165
f 1007 1165 1167
f 1007 1167 1168
f 1007 1168 1014
f 1007 1014 1013
f 1007 1013 1008
f 1009 1163 1169
f 1009 1169 1010
f 1010 1169 1170
f 1010 1170 1171
f 1010 1171 1172
f 1010 1172 1173
f 1010 1173 1011
f 1011 1173 1174
f 1011 1174 1175
f 1011 1175 1176
f 1011 1176 1012
f 1012 1176 1177
f 1012 1177 1178
f 1012 1178 1179
f 1012 1179 1180
f 1012 1180 1181
f 1012 1181 1182
f 1012 1182 1165
f 1014 1168 1015
f 1015 1168 1183
f 1015 1183 1184
f 1015 1184 1016
f 1016 1184 1185
f 1016 1185 1180
f 1016 1180 1186
f 1016 1186 1187
f 1016 1187 1017
f 1017 1187 1188
f 1017 1188 1018
f 1018 1188 1020
f 1020 1188 1187
f 1020 1187 1189
f 1020 1189 1021
f 1021 1190 1191
f 1021 1191 1022
f 1021 1189 1190
f 1022 1191 1024
f 1022 1024 1023
f 1024 1191 1192
f 1024 1192 1025
f 1025 1192 1191
f 1025 1191 1026
f 1026 1191 1193
f 1026 1193 1194
f 1026 1194 1195
f 1026 1195 1196
f 1026 1196 1028
f 1026 1028 1027
f 1028 1196 1029
f 1029 1195 1030
f 1029 1196 1195
f 1030 1195 1031
f 1031 1195 1197
f 1031 1197 1032
f 1032 1198 1199
f 1032 1199 1200
f 1032 1200 1201
f 1032 1201 1033
f 1032 1197 1198
f 1033 1202 1034
f 1033 1201 1203
f 1033 1203 1204
f 1033 1204 1202
f 1034 1202 1035
f 1035 1204 1205
f 1035 1205 1206
f 1035 1206 1207
f 1035 1207 1208
f 1035 1208 1209
f 1035 1209 1036
f 1035 1202 1204
f 1036 1209 1037
f 1037 1210 1211
f 1037 1211 1038
f 1037 1209 1210
f 1038 1211 1040
f 1038 1040 1039
f 1040 1212 1213
f 1040 1213 1214
f 1040 1214 1215
f 1040 1215 1047
f 1040 1047 1041
f 1040 1211 1212
f 1041 1045 1042
f 1041 1047 1045
f 1042 1045 1043
f 1045 1047 1046
f 1047 1215 1048
f 1048 1215 1049
f 1049 1215 1051
f 1050 1051 1216
f 1050 1216 1217
f 1050 1217 1052
f 1051 1215 1218
f 1051 1218 1216
f 1052 1217 1053
f 1053 1217 1219
f 1053 1219 1220
f 1053 1220 1221
f 1053 1221 1222
f 1053 1222 1223
f 1053 1223 1054
f 1054 1223 1055
f 1055 1224 1225
f 1055 1225 1056
f 1055 1223 1224
f 1056 1225 1057
f 1057 1225 1226
f 1057 1226 1058
f 1058 1226 1227
f 1058 1227 1059
f 1059 1227 1060
f 1060 1227 1228
f 1060 1228 1229
f 1060 1229 1061
f 1061 1229 1230
f 1061 1230 1231
f 1061 1231 1232
f 1061 1232 1062
f 1062 1232 1233
f 1062 1233 1146
f 1063 1234 1235
f 1063 1235 1236
f 1063 1236 1064
f 1064 1236 1237
f 1064 1237 1238
f 1064 1238 1067
f 1064 1067 1066
f 1064 1066 1065
f 1067 1238 1239
f 1067 1239 1240
f 1067 1240 1241
f 1067 1241 1242
f 1067 1242 1068
f 1068 1242 1243
f 1068 1243 1069
f 1069 1243 1070
f 1070 1243 1244
f 1070 1244 1071
f 1071 1245 1072
f 1071 1244 1242
f 1071 1242 1241
f 1071 1241 1240
f 1071 1240 1239
f 1071 1239 1246
f 1071 1246 1247
f 1071 1247 1248
f 1071 1248 1249
f 1071 1249 1250
f 1071 1250 1251
f 1071 1251 1252
f 1071 1252 1245
f 1072 1245 1252
f 1072 1252 1253
f 1072 1253 1073
f 1073 1253 1074
f 1074 1253 1075
f 1075 1253 1077
f 1075 1077 1076
f 1077 1254 1078
f 1077 1253 1254
f 1078 1254 1080
f 1080 1254 1255
f 1080 1255 1256
f 1080 1256 1257
f 1080 1257 1081
f 1081 1257 1258
f 1081 1258 1083
f 1081 1083 1082
f 1083 1259 1260
f 1083 1260 1261
f 1083 1261 1262
f 1083 1262 1084
f 1083 1258 1259
f 1084 1263 1085
f 1084 1262 1264
f 1084 1264 1263
f 1085 1263 1265
f 1085 1265 1266
f 1085 1266 1095
f 1085 1095 1093
f 1085 1093 1086
f 1087 1092 1089
f 1089 1092 1090
f 1090 1092 1091
f 1095 1265 1267
f 1095 1267 1262
f 1095 1262 1096
f 1095 1266 1265
f 1096 1262 1098
f 1098 1262 1268
f 1098 1268 1261
f 1098 1261 1269
f 1098 1269 1270
f 1098 1270 1271
f 1098 1271 1099
f 1099 1271 1272
f 1099 1272 1273
f 1099 1273 1274
f 1099 1274 1109
f 1099 1109 1100
f 1100 1109 1108
f 1100 1108 1101
f 1103 1106 1114
f 1104 1109 1105
f 1105 1275 1276
f 1105 1276 1277
f 1105 1277 1106
f 1105 1109 1278
f 1105 1278 1275
f 1106 1277 1114
f 1109 1274 1278
f 1110 1114 1279
f 1110 1279 1111
f 1111 1279 1280
f 1111 1280 1281
f 1111 1281 1112
f 1112 1281 1282
f 1112 1282 1113
f 1113 1282 1115
f 1114 1277 1276
f 1114 1276 1279
f 1115 1283 1284
f 1115 1284 1116
f 1115 1282 1283
f 1116 1284 1141
f 1116 1141 1117
f 1117 1141 1118
f 1119 1127 1285
f 1119 1285 1286
f 1119 1286 1287
f 1119 1287 1120
f 1120 1287 1121
f 1121 1287 1122
f 1122 1287 1288
f 1122 1288 1129
f 1122 1129 1289
f 1122 1289 1128
f 1123 1290 1291
f 1123 1291 1292
f 1123 1292 1293
f 1123 1293 1294
f 1123 1294 1295
f 1123 1295 1124
f 1123 1126 1296
f 1123 1296 1297
f 1123 1297 1290
f 1124 1295 1127
f 1125 1143 1126
f 1126 1143 1296
f 1127 1295 1285
f 1128 1289 1129
f 1129 1298 1299
f 1129 1299 1164
f 1129 1288 1298
f 1130 1135 1300
f 1130 1300 1301
f 1130 1301 1302
f 1130 1302 1303
f 1130 1303 1304
f 1130 1304 1305
f 1130 1305 1306
f 1130 1306 1307
f 1130 1307 1132
f 1130 1132 1131
f 1132 1308 1309
f 1132 1309 1310
f 1132 1310 1311
f 1132 1311 1133
f 1132 1307 1308
f 1133 1311 1144
f 1133 1144 1134
f 1135 1137 1312
f 1135 1312 1300
f 1136 1138 1313
f 1136 1313 1137
f 1137 1313 1312
f 1138 1140 1313
f 1140 1314 1315
f 1140 1315 1313
f 1140 1141 1314
f 1141 1284 1447
f 1141 1447 1314
f 1143 1145 1316
f 1143 1316 1317
f 1143 1317 1296
f 1144 1311 1145
f 1145 1318 1316
f 1145 1311 1310
f 1145 1310 1318
f 1146 1233 1319
f 1147 1321 1148
f 1148 1321 1149
f 1149 1321 1322
f 1149 1322 1151
f 1149 1151 1150
f 1151 1322 1323
f 1151 1323 1152
f 1152 1323 1324
f 1152 1324 1325
f 1152 1325 1153
f 1155 1157 1156
f 1161 1326 1327
f 1161 1327 1328
f 1161 1328 1329
f 1161 1329 1162
f 1161 1164 1299
f 1161 1299 1330
f 1161 1330 1331
f 1161 1331 1332
f 1161 1332 1326
f 1162 1329 1328
f 1162 1328 1163
f 1163 1328 1169
f 1165 1182 1167
f 1167 1182 1168
f 1168 1182 1333
f 1168 1333 1183
f 1169 1334 1171
f 1169 1171 1170
f 1169 1328 1335
f 1169 1335 1334
f 1171 1334 1336
f 1171 1336 1172
f 1172 1336 1337
f 1172 1337 1174
f 1172 1174 1173
f 1174 1337 1338
f 1174 1338 1339
f 1174 1339 1340
f 1174 1340 1176
f 1174 1176 1175
f 1176 1340 1341
f 1176 1341 1177
f 1177 1342 1343
f 1177 1343 1178
f 1177 1341 1344
f 1177 1344 1345
f 1177 1345 1342
f 1178 1343 1179
f 1179 1343 1346
f 1179 1346 1193
f 1179 1193 1347
f 1179 1347 1180
f 1180 1347 1186
f 1180 1185 1184
f 1180 1184 1181
f 1181 1184 1333
f 1181 1333 1182
f 1183 1333 1184
f 1186 1347 1190
f 1186 1190 1189
f 1186 1189 1187
f 1190 1193 1191
f 1190 1347 1193
f 1193 1348 1194
f 1193 1346 1349
f 1193 1349 1350
f 1193 1350 1351
f 1193 1351 1352
f 1193 1352 1348
f 1194 1348 1353
f 1194 1353 1352
f 1194 1352 1354
f 1194 1354 1355
f 1194 1355 1195
f 1195 1355 1354
f 1195 1354 1352
f 1195 1352 1356
f 1195 1356 1357
f 1195 1357 1358
f 1195 1358 1197
f 1197 1358 1359
f 1197 1359 1360
f 1197 1360 1361
f 1197 1361 1199
f 1197 1199 1198
f 1199 1361 1362
f 1199 1362 1363
f 1199 1363 1200
f 1200 1363 1364
f 1200 1364 1204
f 1200 1204 1203
f 1200 1203 1201
f 1204 1364 1365
f 1204 1365 1366
f 1204 1366 1367
f 1204 1367 1368
f 1204 1368 1369
f 1204 1369 1205
f 1205 1207 1206
f 1205 1369 1370
f 1205 1370 1207
f 1207 1371 1372
f 1207 1372 1373
f 1207 1373 1374
f 1207 1374 1375
f 1207 1375 1208
f 1207 1370 1376
f 1207 1376 1377
f 1207 1377 1378
f 1207 1378 1379
f 1207 1379 1380
f 1207 1380 1371
f 1208 1210 1209
f 1208 1375 1210
f 1210 1375 1211
f 1211 1375 1374
f 1211 1374 1381
f 1211 1381 1382
f 1211 1382 1383
f 1211 1383 1384
f 1211 1384 1212
f 1212 1384 1385
f 1212 1385 1386
f 1212 1386 1387
f 1212 1387 1213
f 1213 1387 1388
f 1213 1388 1389
f 1213 1389 1390
f 1213 1390 1218
f 1213 1218 1215
f 1213 1215 1214
f 1216 1218 1217
f 1217 1218 1389
f 1217 1389 1391
f 1217 1391 1219
f 1218 1390 1389
f 1219 1391 1220
f 1220 1391 1221
f 1221 1392 1393
f 1221 1393 1394
f 1221 1394 1222
f 1221 1391 1395
f 1221 1395 1396
f 1221 1396 1392
f 1222 1394 1397
f 1222 1397 1398
f 1222 1398 1399
f 1222 1399 1400
f 1222 1400 1223
f 1223 1400 1224
f 1224 1399 1228
f 1224 1228 1225
f 1224 1400 1399
f 1225 1228 1401
f 1225 1401 1227
f 1225 1227 1226
f 1227 1401 1228
f 1228 1399 1402
f 1228 1402 1403
f 1228 1403 1229
f 1229 1403 1404
f 1229 1404 1405
f 1229 1405 1230
f 1230 1405 1231
f 1231 1405 1406
f 1231 1406 1407
f 1231 1407 1408
f 1231 1408 1233
f 1231 1233 1232
f 1233 1408 1409
f 1233 1409 1319
f 1234 1410 1236
f 1234 1236 1235
f 1236 1410 1237
f 1237 1411 1412
f 1237 1412 1413
f 1237 1413 1238
f 1237 1410 1414
f 1237 1414 1411
f 1238 1413 1246
f 1238 1246 1239
f 1242 1244 1243
f 1246 1413 1415
f 1246 1415 1416
f 1246 1416 1247
f 1247 1416 1417
f 1247 1417 1418
f 1247 1418 1248
f 1248 1419 1420
f 1248 1420 1421
f 1248 1421 1249
f 1248 1418 1419
f 1249 1421 1422
f 1249 1422 1423
f 1249 1423 1251
f 1249 1251 1250
f 1251 1424 1252
f 1251 1423 1424
f 1252 1424 1425
f 1252 1425 1256
f 1252 1256 1426
f 1252 1426 1253
f 1253 1426 1427
f 1253 1427 1254
f 1254 1427 1426
f 1254 1426 1256
f 1254 1256 1255
f 1256 1425 1428
f 1256 1428 1257
f 1257 1428 1429
f 1257 1429 1430
f 1257 1430 1269
f 1257 1269 1259
f 1257 1259 1258
f 1259 1269 1260
f 1260 1269 1261
f 1261 1268 1262
f 1262 1267 1264
f 1263 1264 1265
f 1264 1267 1265
f 1269 1431 1432
f 1269 1432 1270
f 1269 1430 1431
f 1270 1432 1433
f 1270 1433 1271
f 1271 1434 1435
f 1271 1435 1275
f 1271 1275 1272
f 1271 1433 1436
f 1271 1436 1434
f 1272 1275 1273
f 1273 1278 1274
f 1273 1275 1278
f 1275 1435 1437
f 1275 1437 1276
f 1276 1438 1439
f 1276 1439 1440
f 1276 1440 1279
f 1276 1437 1438
f 1279 1440 1441
f 1279 1441 1442
f 1279 1442 1280
f 1280 1442 1443
f 1280 1443 1281
f 1281 1443 1444
f 1281 1444 1282
f 1282 1444 1283
f 1283 1444 1445
f 1283 1445 1284
f 1284 1445 1446
f 1284 1446 1447
f 1285 1295 1448
f 1285 1448 1449
f 1285 1449 1450
f 1285 1450 1286
f 1286 1450 1287
f 1287 1450 1449
f 1287 1449 1451
f 1287 1451 1452
f 1287 1452 1453
f 1287 1453 1288
f 1288 1453 1454
f 1288 1454 1455
f 1288 1455 1298
f 1290 1456 1457
f 1290 1457 1291
f 1290 1297 1458
f 1290 1458 1459
f 1290 1459 1456
f 1291 1457 1460
f 1291 1460 1461
f 1291 1461 1462
f 1291 1462 1292
f 1292 1462 1293
f 1293 1462 1449
f 1293 1449 1448
f 1293 1448 1294
f 1294 1448 1295
f 1296 1317 1297
f 1297 1317 1463
f 1297 1463 1464
f 1297 1464 1458
f 1298 1455 1331
f 1298 1331 1330
f 1298 1330 1299
f 1300 1312 1465
f 1300 1465 1466
f 1300 1466 1467
f 1300 1467 1302
f 1300 1302 1301
f 1302 1467 1468
f 1302 1468 1303
f 1303 1468 1469
f 1303 1469 1305
f 1303 1305 1304
f 1305 1308 1470
f 1305 1470 1306
f 1305 1469 1471
f 1305 1471 1472
f 1305 1472 1473
f 1305 1473 1474
f 1305 1474 1308
f 1306 1470 1308
f 1306 1308 1307
f 1308 1310 1309
f 1308 1474 1475
f 1308 1475 1310
f 1310 1475 1476
f 1310 1476 1318
f 1312 1313 1315
f 1312 1315 1465
f 1314 1447 1315
f 1315 1447 1477
f 1315 1477 1466
f 1315 1466 1465
f 1316 1318 1317
f 1317 1318 1478
f 1317 1478 1463
f 1318 1475 1478
f 1318 1476 1475
f 1319 1409 1479
f 1319 1479 1655
f 1319 1655 1480
f 1320 1481 1482
f 1320 1482 1483
f 1320 1483 1484
f 1320 1484 1485
f 1320 1485 1486
f 1320 1486 1487
f 1320 1488 1661
f 1320 1661 1481
f 1326 1489 1490
f 1326 1490 1491
f 1326 1491 1327
f 1326 1332 1492
f 1326 1492 1493
f 1326 1493 1489
f 1327 1491 1494
f 1327 1494 1328
f 1328 1494 1335
f 1331 1495 1496
f 1331 1496 1332
f 1331 1455 1497
f 1331 1497 1495
f 1332 1496 1498
f 1332 1498 1492
f 1334 1499 1336
f 1334 1335 1499
f 1335 1494 1499
f 1336 1499 1337
f 1337 1499 1500
f 1337 1500 1501
f 1337 1501 1502
f 1337 1502 1503
f 1337 1503 1504
f 1337 1504 1505
f 1337 1505 1506
f 1337 1506 1507
f 1337 1507 1508
f 1337 1508 1509
f 1337 1509 1339
f 1337 1339 1338
f 1339 1510 1340
f 1339 1509 1511
f 1339 1511 1510
f 1340 1510 1512
f 1340 1512 1341
f 1341 1512 1513
f 1341 1513 1344
f 1342 1345 1514
f 1342 1514 1343
f 1343 1514 1346
f 1344 1513 1515
f 1344 1515 1516
f 1344 1516 1517
f 1344 1517 1518
f 1344 1518 1345
f 1345 1518 1519
f 1345 1519 1520
f 1345 1520 1514
f 1346 1514 1521
f 1346 1521 1522
f 1346 1522 1349
f 1348 1352 1353
f 1349 1522 1350
f 1350 1522 1523
f 1350 1523 1524
f 1350 1524 1351
f 1351 1524 1525
f 1351 1525 1352
f 1352 1525 1356
f 1356 1525 1526
f 1356 1526 1519
f 1356 1519 1527
f 1356 1527 1528
f 1356 1528 1529
f 1356 1529 1530
f 1356 1530 1357
f 1357 1530 1531
f 1357 1531 1532
f 1357 1532 1533
f 1357 1533 1358
f 1358 1533 1360
f 1358 1360 1359
f 1360 1533 1534
f 1360 1534 1535
f 1360 1535 1536
f 1360 1536 1537
f 1360 1537 1361
f 1361 1537 1538
f 1361 1538 1539
f 1361 1539 1362
f 1362 1539 1540
f 1362 1540 1541
f 1362 1541 1363
f 1363 1541 1542
f 1363 1542 1543
f 1363 1543 1365
f 1363 1365 1364
f 1365 1543 1542
f 1365 1542 1544
f 1365 1544 1366
f 1366 1544 1542
f 1366 1542 1545
f 1366 1545 1367
f 1367 1545 1546
f 1367 1546 1547
f 1367 1547 1548
f 1367 1548 1376
f 1367 1376 1370
f 1367 1370 1368
f 1368 1370 1369
f 1371 1380 1549
f 1371 1549 1372
f 1372 1550 1382
f 1372 1382 1551
f 1372 1551 1374
f 1372 1374 1373
f 1372 1549 1552
f 1372 1552 1553
f 1372 1553 1554
f 1372 1554 1555
f 1372 1555 1386
f 1372 1386 1556
f 1372 1556 1550
f 1374 1551 1382
f 1374 1382 1381
f 1376 1548 1557
f 1376 1557 1558
f 1376 1558 1559
f 1376 1559 1378
f 1376 1378 1377
f 1378 1560 1380
f 1378 1380 1379
f 1378 1559 1560
f 1380 1561 1562
f 1380 1562 1563
f 1380 1563 1549
f 1380 1560 1559
f 1380 1559 1564
f 1380 1564 1565
f 1380 1565 1566
f 1380 1566 1561
f 1382 1550 1385
f 1382 1385 1384
f 1382 1384 1383
f 1385 1550 1556
f 1385 1556 1386
f 1386 1555 1554
f 1386 1554 1567
f 1386 1567 1568
f 1386 1568 1387
f 1387 1569 1570
f 1387 1570 1395
f 1387 1395 1571
f 1387 1571 1572
f 1387 1572 1388
f 1387 1568 1569
f 1388 1572 1389
f 1389 1572 1571
f 1389 1571 1391
f 1391 1571 1395
f 1392 1573 1574
f 1392 1574 1393
f 1392 1396 1575
f 1392 1575 1573
f 1393 1574 1576
f 1393 1576 1394
f 1394 1576 1397
f 1395 1570 1396
f 1396 1570 1577
f 1396 1577 1578
f 1396 1578 1579
f 1396 1579 1580
f 1396 1580 1575
f 1397 1576 1581
f 1397 1581 1582
f 1397 1582 1583
f 1397 1583 1402
f 1397 1402 1398
f 1398 1402 1399
f 1402 1583 1584
f 1402 1584 1403
f 1403 1584 1585
f 1403 1585 1586
f 1403 1586 1587
f 1403 1587 1404
f 1404 1587 1588
f 1404 1588 1405
f 1405 1588 1406
f 1406 1588 1589
f 1406 1589 1590
f 1406 1590 1591
f 1406 1591 1407
f 1407 1591 1592
f 1407 1592 1408
f 1408 1592 1593
f 1408 1593 1409
f 1409 1593 1479
f 1411 1594 1595
f 1411 1595 1596
f 1411 1596 1412
f 1411 1414 1597
f 1411 1597 1598
f 1411 1598 1599
f 1411 1599 1594
f 1412 1596 1600
f 1412 1600 1413
f 1413 1600 1601
f 1413 1601 1416
f 1413 1416 1415
f 1416 1601 1600
f 1416 1600 1417
f 1417 1600 1418
f 1418 1600 1596
f 1418 1596 1595
f 1418 1595 1602
f 1418 1602 1419
f 1419 1421 1420
f 1419 1602 1421
f 1421 1603 1604
f 1421 1604 1422
f 1421 1602 1605
f 1421 1605 1603
f 1422 1604 1606
f 1422 1606 1423
f 1423 1606 1607
f 1423 1607 1608
f 1423 1608 1424
f 1424 1608 1425
f 1425 1609 1428
f 1425 1608 1609
f 1428 1609 1610
f 1428 1610 1429
f 1429 1610 1611
f 1429 1611 1612
f 1429 1612 1430
f 1430 1612 1431
f 1431 1612 1432
f 1432 1612 1613
f 1432 1613 1433
f 1433 1613 1614
f 1433 1614 1436
f 1434 1436 1435
f 1435 1436 1437
f 1436 1614 1613
f 1436 1613 1615
f 1436 1615 1616
f 1436 1616 1617
f 1436 1617 1618
f 1436 1618 1619
f 1436 1619 1437
f 1437 1619 1620
f 1437 1620 1621
f 1437 1621 1622
f 1437 1622 1623
f 1437 1623 1438
f 1438 1623 1439
f 1439 1623 1624
f 1439 1624 1787
f 1439 1787 1625
f 1439 1625 1440
f 1440 1625 1626
f 1440 1626 1441
f 1441 1626 1442
f 1442 1626 1443
f 1443 1627 1628
f 1443 1628 1629
f 1443 1629 1630
f 1443 1630 1444
f 1443 1626 1627
f 1444 1630 1631
f 1444 1631 1445
f 1445 1631 1446
f 1446 1631 1630
f 1446 1630 1632
f 1446 1632 1633
f 1446 1633 1634
f 1446 1634 1635
f 1446 1635 1447
f 1447 1635 1477
f 1449 1462 1451
f 1451 1462 1461
f 1451 1461 1636
f 1451 1636 1452
f 1452 1636 1637
f 1452 1637 1453
f 1453 1638 1639
f 1453 1639 1454
f 1453 1637 1638
f 1454 1639 1455
f 1455 1639 1497
f 1456 1459 1640
f 1456 1640 1641
f 1456 1641 1457
f 1457 1642 1643
f 1457 1643 1460
f 1457 1641 1642
f 1458 1464 1459
f 1459 1464 1644
f 1459 1644 1640
f 1460 1643 1461
f 1461 1645 1637
f 1461 1637 1636
f 1461 1643 1645
f 1463 1646 1464
f 1463 1478 1646
f 1464 1646 1644
f 1466 1477 1467
f 1467 1477 1635
f 1467 1635 1647
f 1467 1647 1468
f 1468 1647 1635
f 1468 1635 1648
f 1468 1648 1634
f 1468 1634 1649
f 1468 1649 1650
f 1468 1650 1469
f 1469 1650 1651
f 1469 1651 1652
f 1469 1652 1653
f 1469 1653 1473
f 1469 1473 1472
f 1469 1472 1471
f 1473 1654 1640
f 1473 1640 1644
f 1473 1644 1474
f 1473 1653 1654
f 1474 1644 1475
f 1475 1644 1646
f 1475 1646 1478
f 1479 1593 1656
f 1479 1656 1657
f 1479 1657 1817
f 1479 1817 1655
f 1480 1655 1658
f 1480 1658 1659
f 1480 1659 1660
f 1481 1661 1662
f 1481 1662 1482
f 1482 1662 1663
f 1482 1663 1483
f 1483 1663 1484
f 1484 1663 1664
f 1484 1664 1485
f 1485 1664 1486
f 1486 1664 1665
f 1486 1665 1666
f 1486 1666 1487
f 1487 1666 1667
f 1487 1667 1668
f 1488 1669 1661
f 1489 1670 1490
f 1489 1493 1670
f 1490 1494 1491
f 1490 1670 1500
f 1490 1500 1499
f 1490 1499 1671
f 1490 1671 1494
f 1492 1498 1672
f 1492 1672 1673
f 1492 1673 1493
f 1493 1673 1674
f 1493 1674 1675
f 1493 1675 1676
f 1493 1676 1677
f 1493 1677 1670
f 1494 1671 1499
f 1495 1497 1678
f 1495 1678 1672
f 1495 1672 1498
f 1495 1498 1496
f 1497 1639 1679
f 1497 1679 1680
f 1497 1680 1678
f 1500 1670 1681
f 1500 1681 1503
f 1500 1503 1501
f 1501 1503 1502
f 1503 1681 1682
f 1503 1682 1683
f 1503 1683 1684
f 1503 1684 1685
f 1503 1685 1686
f 1503 1686 1504
f 1504 1686 1687
f 1504 1687 1505
f 1505 1687 1506
f 1506 1687 1688
f 1506 1688 1507
f 1507 1689 1511
f 1507 1511 1508
f 1507 1688 1690
f 1507 1690 1689
f 1508 1511 1509
f 1510 1691 1512
f 1510 1511 1691
f 1511 1689 1692
f 1511 1692 1691
f 1512 1691 1513
f 1513 1693 1515
f 1513 1691 1693
f 1514 1520 1694
f 1514 1694 1521
f 1515 1693 1695
f 1515 1695 1516
f 1516 1696 1517
f 1516 1695 1697
f 1516 1697 1698
f 1516 1698 1699
f 1516 1699 1696
f 1517 1696 1699
f 1517 1699 1527
f 1517 1527 1518
f 1518 1527 1519
f 1519 1526 1700
f 1519 1700 1520
f 1520 1700 1694
f 1521 1694 1522
f 1522 1694 1700
f 1522 1700 1523
f 1523 1700 1524
f 1524 1700 1526
f 1524 1526 1525
f 1527 1699 1528
f 1528 1699 1529
f 1529 1699 1701
f 1529 1701 1530
f 1530 1701 1531
f 1531 1701 1702
f 1531 1702 1703
f 1531 1703 1532
f 1532 1704 1533
f 1532 1703 1705
f 1532 1705 1704
f 1533 1704 1706
f 1533 1706 1534
f 1534 1706 1535
f 1535 1707 1708
f 1535 1708 1709
f 1535 1709 1710
f 1535 1710 1711
f 1535 1711 1536
f 1535 1706 1704
f 1535 1704 1707
f 1536 1711 1537
f 1537 1711 1710
f 1537 1710 1712
f 1537 1712 1538
f 1538 1712 1540
f 1538 1540 1539
f 1540 1712 1713
f 1540 1713 1714
f 1540 1714 1541
f 1541 1714 1542
f 1542 1714 1545
f 1545 1715 1546
f 1545 1714 1715
f 1546 1716 1717
f 1546 1717 1547
f 1546 1715 1716
f 1547 1717 1718
f 1547 1718 1719
f 1547 1719 1720
f 1547 1720 1721
f 1547 1721 1722
f 1547 1722 1723
f 1547 1723 1724
f 1547 1724 1548
f 1548 1724 1725
f 1548 1725 1557
f 1549 1563 1552
f 1552 1563 1553
f 1553 1563 1726
f 1553 1726 1727
f 1553 1727 1728
f 1553 1728 1569
f 1553 1569 1554
f 1554 1569 1568
f 1554 1568 1567
f 1557 1725 1729
f 1557 1729 1730
f 1557 1730 1731
f 1557 1731 1732
f 1557 1732 1564
f 1557 1564 1558
f 1558 1564 1559
f 1561 1733 1562
f 1561 1566 1733
f 1562 1733 1734
f 1562 1734 1735
f 1562 1735 1736
f 1562 1736 1737
f 1562 1737 1738
f 1562 1738 1579
f 1562 1579 1563
f 1563 1579 1726
f 1564 1732 1566
f 1564 1566 1565
f 1566 1732 1731
f 1566 1731 1733
f 1569 1728 1570
f 1570 1728 1577
f 1573 1739 1574
f 1573 1575 1740
f 1573 1740 1739
f 1574 1739 1576
f 1575 1580 1740
f 1576 1739 1741
f 1576 1741 1742
f 1576 1742 1743
f 1576 1743 1744
f 1576 1744 1581
f 1577 1728 1578
f 1578 1728 1579
f 1579 1727 1745
f 1579 1745 1726
f 1579 1738 1746
f 1579 1746 1747
f 1579 1747 1748
f 1579 1748 1749
f 1579 1749 1740
f 1579 1740 1580
f 1579 1728 1727
f 1581 1750 1585
f 1581 1585 1583
f 1581 1583 1582
f 1581 1744 1750
f 1583 1585 1584
f 1585 1750 1586
f 1586 1750 1587
f 1587 1750 1751
f 1587 1751 1752
f 1587 1752 1588
f 1588 1752 1589
f 1589 1752 1753
f 1589 1753 1754
f 1589 1754 1755
f 1589 1755 1756
f 1589 1756 1757
f 1589 1757 1590
f 1590 1757 1591
f 1591 1757 1758
f 1591 1758 1592
f 1592 1758 1759
f 1592 1759 1760
f 1592 1760 1761
f 1592 1761 1593
f 1593 1761 1656
f 1594 1599 1595
f 1595 1762 1763
f 1595 1763 1602
f 1595 1599 1764
f 1595 1764 1765
f 1595 1765 1762
f 1602 1763 1605
f 1603 1766 1604
f 1603 1605 1762
f 1603 1762 1767
f 1603 1767 1766
f 1604 1766 1768
f 1604 1768 1769
f 1604 1769 1606
f 1605 1763 1762
f 1606 1769 1770
f 1606 1770 1607
f 1607 1770 1771
f 1607 1771 1772
f 1607 1772 1609
f 1607 1609 1608
f 1609 1772 1771
f 1609 1771 1773
f 1609 1773 1774
f 1609 1774 1775
f 1609 1775 1776
f 1609 1776 1610
f 1610 1776 1777
f 1610 1777 1778
f 1610 1778 1779
f 1610 1779 1615
f 1610 1615 1613
f 1610 1613 1611
f 1611 1613 1612
f 1615 1779 1616
f 1616 1780 1781
f 1616 1781 1617
f 1616 1779 1780
f 1617 1781 1618
f 1618 1781 1782
f 1618 1782 1621
f 1618 1621 1620
f 1618 1620 1619
f 1621 1782 1783
f 1621 1783 1784
f 1621 1784 1622
f 1622 1784 1785
f 1622 1785 1786
f 1622 1786 1624
f 1622 1624 1623
f 1624 1786 1785
f 1624 1785 1787
f 1625 1787 1788
f 1625 1788 1626
f 1626 1788 1627
f 1627 1788 1789
f 1627 1789 1628
f 1628 1789 1790
f 1628 1790 1791
f 1628 1791 1792
f 1628 1792 1793
f 1628 1793 1794
f 1628 1794 1795
f 1628 1795 1629
f 1629 1795 1650
f 1629 1650 1796
f 1629 1796 1630
f 1630 1797 1632
f 1630 1796 1797
f 1632 1797 1634
f 1632 1634 1633
f 1634 1798 1649
f 1634 1648 1635
f 1634 1797 1798
f 1637 1799 1800
f 1637 1800 1801
f 1637 1801 1639
f 1637 1639 1638
f 1637 1645 1802
f 1637 1802 1799
f 1639 1801 1679
f 1640 1654 1803
f 1640 1803 1804
f 1640 1804 1641
f 1641 1804 1643
f 1641 1643 1642
f 1643 1804 1805
f 1643 1805 1645
f 1645 1805 1804
f 1645 1804 1802
f 1649 1798 1796
f 1649 1796 1650
f 1650 1806 1651
f 1650 1795 1793
f 1650 1793 1806
f 1651 1806 1807
f 1651 1807 1808
f 1651 1808 1809
f 1651 1809 1653
f 1651 1653 1652
f 1653 1809 1810
f 1653 1810 1811
f 1653 1811 1812
f 1653 1812 1813
f 1653 1813 1654
f 1654 1813 1812
f 1654 1812 1814
f 1654 1814 1803
f 1655 1815 1816
f 1655 1816 1658
f 1655 1817 1815
f 1656 1761 1657
f 1657 1761 1818
f 1657 1818 1819
f 1657 1819 1992
f 1657 1992 1817
f 1658 1816 1820
f 1658 1820 1659
f 1659 1820 1821
f 1659 1821 1822
f 1659 1822 1823
f 1659 1823 1660
f 1660 1823 1824
f 1661 1825 1662
f 1661 1669 1825
f 1662 1826 1663
f 1662 1825 1827
f 1662 1827 2002
f 1662 2002 1828
f 1662 1828 2005
f 1662 2005 1826
f 1663 1829 1664
f 1663 1826 1829
f 1664 1829 1830
f 1664 1830 1665
f 1665 1830 1666
f 1666 1830 1667
f 1667 1831 1832
f 1667 1832 1668
f 1667 1830 1833
f 1667 1833 1831
f 1669 1834 1835
f 1669 1835 1825
f 1670 1677 1681
f 1672 1678 1674
f 1672 1674 1673
f 1674 1678 1680
f 1674 1680 1836
f 1674 1836 1676
f 1674 1676 1675
f 1676 1837 1838
f 1676 1838 1677
f 1676 1836 1839
f 1676 1839 1837
f 1677 1840 1683
f 1677 1683 1682
f 1677 1682 1681
f 1677 1838 1840
f 1679 1801 1680
f 1680 1801 1841
f 1680 1841 1836
f 1683 1840 1684
f 1684 1840 1842
f 1684 1842 1843
f 1684 1843 1844
f 1684 1844 1845
f 1684 1845 1846
f 1684 1846 1847
f 1684 1847 1848
f 1684 1848 1849
f 1684 1849 1686
f 1684 1686 1685
f 1686 1850 1690
f 1686 1690 1687
f 1686 1849 1850
f 1687 1690 1688
f 1689 1851 1852
f 1689 1852 1853
f 1689 1853 1854
f 1689 1854 1692
f 1689 1690 1850
f 1689 1850 1855
f 1689 1855 1856
f 1689 1856 1851
f 1691 1857 1858
f 1691 1858 1693
f 1691 1692 1857
f 1692 1854 1857
f 1693 1859 1860
f 1693 1860 1861
f 1693 1861 1695
f 1693 1858 1854
f 1693 1854 1859
f 1695 1861 1862
f 1695 1862 1697
f 1697 1863 1864
f 1697 1864 1865
f 1697 1865 1866
f 1697 1866 1867
f 1697 1867 1699
f 1697 1699 1698
f 1697 1862 1863
f 1699 1867 1866
f 1699 1866 1865
f 1699 1865 1701
f 1701 1865 1868
f 1701 1868 1703
f 1701 1703 1702
f 1703 1868 1869
f 1703 1869 1870
f 1703 1870 1705
f 1704 1705 1871
f 1704 1871 1707
f 1705 1870 1707
f 1705 1707 1871
f 1707 1870 1708
f 1708 1870 1872
f 1708 1872 1873
f 1708 1873 1874
f 1708 1874 1875
f 1708 1875 1876
f 1708 1876 1877
f 1708 1877 1878
f 1708 1878 1709
f 1709 1878 1710
f 1710 1878 1714
f 1710 1714 1713
f 1710 1713 1712
f 1714 1878 1879
f 1714 1879 1877
f 1714 1877 1880
f 1714 1880 1715
f 1715 1880 1877
f 1715 1877 1881
f 1715 1881 1882
f 1715 1882 1716
f 1716 1882 1883
f 1716 1883 1717
f 1717 1884 1718
f 1717 1883 1884
f 1718 1885 1886
f 1718 1886 1887
f 1718 1887 2065
f 1718 2065 1888
f 1718 1888 1889
f 1718 1889 1719
f 1718 1884 1883
f 1718 1883 1885
f 1719 1889 1890
f 1719 1890 1721
f 1719 1721 1720
f 1721 1890 2074
f 1721 2074 1891
f 1721 1891 1722
f 1722 1891 1892
f 1722 1892 1723
f 1723 1892 1724
f 1724 1892 1725
f 1725 1730 1729
f 1725 1892 1893
f 1725 1893 1894
f 1725 1894 1895
f 1725 1895 1730
f 1726 1745 1727
f 1730 1895 1896
f 1730 1896 1731
f 1731 1896 1734
f 1731 1734 1733
f 1734 1896 1897
f 1734 1897 1898
f 1734 1898 1735
f 1735 1738 1899
f 1735 1899 1737
f 1735 1737 1736
f 1735 1898 1897
f 1735 1897 1738
f 1737 1899 1738
f 1738 1900 1746
f 1738 1897 1901
f 1738 1901 1900
f 1739 1740 1902
f 1739 1902 1903
f 1739 1903 1904
f 1739 1904 1905
f 1739 1905 1906
f 1739 1906 1752
f 1739 1752 1742
f 1739 1742 1741
f 1740 1907 1902
f 1740 1749 1908
f 1740 1908 1909
f 1740 1909 1907
f 1742 1744 1743
f 1742 1752 1751
f 1742 1751 1744
f 1744 1751 1750
f 1746 1900 1747
f 1747 1910 1911
f 1747 1911 1912
f 1747 1912 1748
f 1747 1900 1913
f 1747 1913 1914
f 1747 1914 1910
f 1748 1912 1908
f 1748 1908 1749
f 1752 1906 1905
f 1752 1905 1904
f 1752 1904 1915
f 1752 1915 1753
f 1753 1915 1754
f 1754 1915 1916
f 1754 1916 1917
f 1754 1917 1918
f 1754 1918 1919
f 1754 1919 1756
f 1754 1756 1755
f 1756 1919 1757
f 1757 1919 1920
f 1757 1920 1758
f 1758 1920 1921
f 1758 1921 1922
f 1758 1922 1923
f 1758 1923 1924
f 1758 1924 1759
f 1759 1924 1760
f 1760 1924 1925
f 1760 1925 1761
f 1761 1925 1926
f 1761 1926 1818
f 1762 1927 1928
f 1762 1928 1767
f 1762 1765 1927
f 1765 1929 1927
f 1766 1767 1930
f 1766 1930 1931
f 1766 1931 1768
f 1767 1928 1930
f 1768 1932 1933
f 1768 1933 1769
f 1768 1931 1934
f 1768 1934 1932
f 1769 1933 1935
f 1769 1935 1770
f 1770 1935 1771
f 1771 1933 1773
f 1771 1935 1933
f 1773 1936 1774
f 1773 1933 1936
f 1774 1937 1938
f 1774 1938 1939
f 1774 1939 1775
f 1774 1936 1933
f 1774 1933 1940
f 1774 1940 1941
f 1774 1941 1942
f 1774 1942 1943
f 1774 1943 1944
f 1774 1944 1945
f 1774 1945 1946
f 1774 1946 1947
f 1774 1947 1948
f 1774 1948 1949
f 1774 1949 1937
f 1775 1938 1776
f 1775 1939 1938
f 1776 1938 1777
f 1777 1949 1778
f 1777 1938 1949
f 1778 1950 1779
f 1778 1949 1950
f 1779 1950 1951
f 1779 1951 1952
f 1779 1952 1780
f 1780 1952 1953
f 1780 1953 1781
f 1781 1954 1782
f 1781 1953 1954
f 1782 1954 1955
f 1782 1955 1783
f 1783 1956 1957
f 1783 1957 1958
f 1783 1958 1784
f 1783 1955 1959
f 1783 1959 2139
f 1783 2139 1956
f 1784 1958 1960
f 1784 1960 1961
f 1784 1961 1785
f 1785 1788 1787
f 1785 1961 1962
f 1785 1962 1963
f 1785 1963 1964
f 1785 1964 1790
f 1785 1790 1789
f 1785 1789 1788
f 1790 1964 1791
f 1791 1964 1965
f 1791 1965 1966
f 1791 1966 1967
f 1791 1967 1968
f 1791 1968 1792
f 1792 1968 1969
f 1792 1969 1793
f 1793 1795 1794
f 1793 1969 1806
f 1796 1798 1797
f 1799 1970 1971
f 1799 1971 1800
f 1799 1802 1972
f 1799 1972 1970
f 1800 1971 1801
f 1801 1973 1841
f 1801 1971 1973
f 1802 1974 1972
f 1802 1804 1974
f 1803 1814 1804
f 1804 1814 1975
f 1804 1975 1976
f 1804 1976 1977
f 1804 1977 1978
f 1804 1978 1971
f 1804 1971 1974
f 1806 1969 1807
f 1807 1969 1979
f 1807 1979 1808
f 1808 1979 1980
f 1808 1980 1981
f 1808 1981 1809
f 1809 1981 1982
f 1809 1982 1810
f 1810 1982 1811
f 1811 1982 1983
f 1811 1983 1814
f 1811 1814 1812
f 1814 1984 1985
f 1814 1985 1986
f 1814 1986 1975
f 1814 1983 1987
f 1814 1987 1988
f 1814 1988 1984
f 1815 1989 1816
f 1815 1817 1989
f 1816 1989 1990
f 1816 1990 1820
f 1817 1991 1989
f 1817 1992 1991
f 1818 1926 1819
f 1819 1926 1925
f 1819 1925 1993
f 1819 1993 1994
f 1819 1994 2175
f 1819 2175 1992
f 1820 1995 1821
f 1820 1990 1995
f 1821 1995 1996
f 1821 1996 1997
f 1821 1997 1998
f 1821 1998 1999
f 1821 1999 1822
f 1822 1999 1823
f 1823 1999 2000
f 1823 2000 1824
f 1824 2000 2014
f 1824 2014 1834
f 1825 2001 2002
f 1825 2002 1827
f 1825 1835 2001
f 1826 2003 2004
f 1826 2004 1829
f 1826 2005 2006
f 1826 2006 2007
f 1826 2007 2008
f 1826 2008 2003
f 1828 2002 2188
f 1828 2188 2005
f 1829 2004 2009
f 1829 2009 1830
f 1830 2009 1833
f 1831 1833 2009
f 1831 2009 2010
f 1831 2010 2011
f 1831 2011 2012
f 1831 2012 1832
f 1832 2012 2013
f 1834 2014 2015
f 1834 2015 2186
f 1834 2186 2016
f 1834 2016 1835
f 1835 2016 2017
f 1835 2017 2201
f 1835 2201 2018
f 1835 2018 2019
f 1835 2019 2001
f 1836 1841 2020
f 1836 2020 1839
f 1837 1843 1838
f 1837 1839 2021
f 1837 2021 2022
f 1837 2022 1843
f 1838 1843 1840
f 1839 2020 2023
f 1839 2023 2024
f 1839 2024 2021
f 1840 1843 1842
f 1841 1973 1978
f 1841 1978 2025
f 1841 2025 2020
f 1843 2022 1845
f 1843 1845 1844
f 1845 2026 1846
f 1845 2022 2027
f 1845 2027 2028
f 1845 2028 2026
f 1846 2026 1847
f 1847 2026 2029
f 1847 2029 1848
f 1848 2030 2031
f 1848 2031 1849
f 1848 2029 2032
f 1848 2032 2030
f 1849 2031 1850
f 1850 2033 1855
f 1850 2031 2033
f 1851 1856 2034
f 1851 2034 1852
f 1852 2034 2035
f 1852 2035 2036
f 1852 2036 2037
f 1852 2037 1853
f 1853 2037 2038
f 1853 2038 1854
f 1854 2038 1859
f 1854 1858 1857
f 1855 2033 1856
f 1856 2033 2034
f 1859 2039 2040
f 1859 2040 1860
f 1859 2038 2039
f 1860 2041 2042
f 1860 2042 2043
f 1860 2043 2044
f 1860 2044 1861
f 1860 2040 2038
f 1860 2038 2041
f 1861 2044 2045
f 1861 2045 1862
f 1862 2045 2046
f 1862 2046 1863
f 1863 2046 1864
f 1864 2047 1865
f 1864 2046 2047
f 1865 2047 1869
f 1865 1869 1868
f 1869 2047 2048
f 1869 2048 2049
f 1869 2049 2050
f 1869 2050 1872
f 1869 1872 1870
f 1872 2050 2051
f 1872 2051 1873
f 1873 2052 1874
f 1873 2051 2052
f 1874 2053 2054
f 1874 2054 2055
f 1874 2055 1875
f 1874 2052 2053
f 1875 2055 2056
f 1875 2056 1876
f 1876 2056 2055
f 1876 2055 2057
f 1876 2057 2058
f 1876 2058 2059
f 1876 2059 1877
f 1877 1879 1878
f 1877 2059 2060
f 1877 2060 1881
f 1881 2061 2062
f 1881 2062 1882
f 1881 2060 2061
f 1882 2062 2063
f 1882 2063 1885
f 1882 1885 1883
f 1885 2063 1886
f 1886 2063 2064
f 1886 2064 1887
f 1887 2064 2244
f 1887 2244 2065
f 1888 2066 2067
f 1888 2067 2068
f 1888 2068 1889
f 1888 2065 2069
f 1888 2069 2070
f 1888 2070 2071
f 1888 2071 2066
f 1889 2072 1890
f 1889 2068 2072
f 1890 2072 2068
f 1890 2068 2073
f 1890 2073 2074
f 1891 2074 2257
f 1891 2257 2075
f 1891 2075 2076
f 1891 2076 2077
f 1891 2077 1893
f 1891 1893 1892
f 1893 2077 2079
f 1893 2079 1894
f 1894 2078 1895
f 1894 2079 2078
f 1895 2080 2081
f 1895 2081 2082
f 1895 2082 2083
f 1895 2083 2084
f 1895 2084 2085
f 1895 2085 1896
f 1895 2078 2086
f 1895 2086 2087
f 1895 2087 2088
f 1895 2088 2080
f 1896 2085 1897
f 1897 2085 2084
f 1897 2084 2089
f 1897 2089 2090
f 1897 2090 1914
f 1897 1914 2091
f 1897 2091 1900
f 1897 1900 1901
f 1900 2091 1914
f 1900 1914 1913
f 1902 1907 1903
f 1903 1907 2092
f 1903 2092 1909
f 1903 1909 1911
f 1903 1911 2093
f 1903 2093 1916
f 1903 1916 1904
f 1904 1916 1915
f 1907 1909 2092
f 1908 1912 1909
f 1909 1912 1911
f 1910 1914 2094
f 1910 2094 1911
f 1911 2095 2093
f 1911 2094 2096
f 1911 2096 2095
f 1914 2090 2094
f 1916 2093 1917
f 1917 2093 2097
f 1917 2097 2098
f 1917 2098 2099
f 1917 2099 2100
f 1917 2100 1918
f 1918 2100 1919
f 1919 2100 1920
f 1920 2100 2101
f 1920 2101 1921
f 1921 2101 2102
f 1921 2102 1922
f 1922 2102 2103
f 1922 2103 1923
f 1923 2103 2104
f 1923 2104 2105
f 1923 2105 1924
f 1924 2105 1993
f 1924 1993 1925
f 1927 2106 1928
f 1927 1929 2106
f 1928 2106 2107
f 1928 2107 1930
f 1929 2108 2289
f 1929 2289 2109
f 1929 2109 2110
f 1929 2110 2111
f 1929 2111 2106
f 1930 2107 2112
f 1930 2112 2113
f 1930 2113 2114
f 1930 2114 1934
f 1930 1934 1931
f 1932 1941 1940
f 1932 1940 1933
f 1932 1934 1941
f 1934 2114 1941
f 1937 2115 1938
f 1937 1949 2115
f 1938 2115 1949
f 1941 2114 1942
f 1942 2116 1943
f 1942 2114 2117
f 1942 2117 2116
f 1943 2118 2119
f 1943 2119 2120
f 1943 2120 2121
f 1943 2121 1945
f 1943 1945 1944
f 1943 2116 2118
f 1945 2121 2120
f 1945 2120 2122
f 1945 2122 2123
f 1945 2123 1946
f 1946 2123 2122
f 1946 2122 2124
f 1946 2124 2125
f 1946 2125 2126
f 1946 2126 2127
f 1946 2127 1948
f 1946 1948 1947
f 1948 2127 1951
f 1948 1951 1950
f 1948 1950 1949
f 1951 2128 2129
f 1951 2129 2130
f 1951 2130 2131
f 1951 2131 2132
f 1951 2132 1953
f 1951 1953 1952
f 1951 2127 2128
f 1953 2132 1954
f 1954 2133 2134
f 1954 2134 2135
f 1954 2135 1955
f 1954 2132 2131
f 1954 2131 2133
f 1955 2135 1959
f 1956 2136 2137
f 1956 2137 2138
f 1956 2138 1957
f 1956 2139 2136
f 1957 2138 2140
f 1957 2140 2141
f 1957 2141 1958
f 1958 2141 2142
f 1958 2142 1962
f 1958 1962 1960
f 1959 2135 2139
f 1960 1962 1961
f 1962 2142 2143
f 1962 2143 2144
f 1962 2144 1963
f 1963 2144 1965
f 1963 1965 1964
f 1965 2144 2145
f 1965 2145 2146
f 1965 2146 2147
f 1965 2147 1979
f 1965 1979 1967
f 1965 1967 1966
f 1967 1979 1968
f 1968 1979 1969
f 1970 1972 1974
f 1970 1974 1971
f 1971 1978 1973
f 1975 1986 1976
f 1976 2148 2025
f 1976 2025 1977
f 1976 1986 2149
f 1976 2149 2150
f 1976 2150 2148
f 1977 2025 1978
f 1979 2147 1980
f 1980 2151 1981
f 1980 2147 2152
f 1980 2152 2151
f 1981 2151 2153
f 1981 2153 1983
f 1981 1983 1982
f 1983 1988 1987
f 1983 2153 1988
f 1984 2154 2155
f 1984 2155 2156
f 1984 2156 2150
f 1984 2150 2149
f 1984 2149 1986
f 1984 1986 1985
f 1984 1988 2154
f 1988 2153 2157
f 1988 2157 2158
f 1988 2158 2159
f 1988 2159 2160
f 1988 2160 2161
f 1988 2161 2162
f 1988 2162 2163
f 1988 2163 2164
f 1988 2164 2165
f 1988 2165 2166
f 1988 2166 2167
f 1988 2167 2154
f 1989 2168 2169
f 1989 2169 2170
f 1989 2170 1990
f 1989 1991 2168
f 1990 2170 2171
f 1990 2171 2172
f 1990 2172 2173
f 1990 2173 1995
f 1991 1992 2168
f 1992 2174 2169
f 1992 2169 2168
f 1992 2175 2174
f 1993 2105 2104
f 1993 2104 2176
f 1993 2176 2177
f 1993 2177 1994
f 1994 2177 2345
f 1994 2345 2175
f 1995 2173 1996
f 1996 2173 2178
f 1996 2178 2179
f 1996 2179 2180
f 1996 2180 1997
f 1997 2180 2181
f 1997 2181 2182
f 1997 2182 1998
f 1998 2182 1999
f 1999 2182 2183
f 1999 2183 2184
f 1999 2184 2000
f 2000 2185 2186
f 2000 2186 2014
f 2000 2184 2185
f 2001 2019 2187
f 2001 2187 2002
f 2002 2187 2188
f 2003 2189 2191
f 2003 2191 2004
f 2003 2008 2190
f 2003 2190 2189
f 2004 2191 2009
f 2005 2188 2006
f 2006 2188 2192
f 2006 2192 2193
f 2006 2193 2007
f 2007 2193 2008
f 2008 2193 2190
f 2009 2191 2194
f 2009 2194 2010
f 2010 2194 2011
f 2011 2194 2012
f 2012 2194 2195
f 2012 2195 2013
f 2013 2195 2196
f 2014 2186 2015
f 2016 2197 2198
f 2016 2198 2017
f 2016 2186 2197
f 2017 2199 2200
f 2017 2200 2201
f 2017 2198 2199
f 2018 2201 2187
f 2018 2187 2019
f 2020 2025 2202
f 2020 2202 2023
f 2021 2024 2027
f 2021 2027 2022
f 2023 2202 2024
f 2024 2203 2027
f 2024 2202 2204
f 2024 2204 2205
f 2024 2205 2203
f 2025 2148 2202
f 2026 2206 2029
f 2026 2028 2207
f 2026 2207 2206
f 2027 2203 2208
f 2027 2208 2028
f 2028 2208 2209
f 2028 2209 2207
f 2029 2206 2210
f 2029 2210 2211
f 2029 2211 2032
f 2030 2212 2213
f 2030 2213 2031
f 2030 2032 2211
f 2030 2211 2212
f 2031 2213 2033
f 2033 2214 2034
f 2033 2213 2214
f 2034 2214 2215
f 2034 2215 2216
f 2034 2216 2035
f 2035 2217 2036
f 2035 2216 2217
f 2036 2218 2041
f 2036 2041 2219
f 2036 2219 2038
f 2036 2038 2037
f 2036 2217 2403
f 2036 2403 2218
f 2038 2219 2041
f 2038 2040 2039
f 2041 2220 2221
f 2041 2221 2222
f 2041 2222 2043
f 2041 2043 2042
f 2041 2218 2220
f 2043 2223 2224
f 2043 2224 2044
f 2043 2222 2223
f 2044 2224 2045
f 2045 2225 2046
f 2045 2224 2225
f 2046 2225 2226
f 2046 2226 2227
f 2046 2227 2228
f 2046 2228 2047
f 2047 2228 2048
f 2048 2229 2227
f 2048 2227 2230
f 2048 2230 2231
f 2048 2231 2232
f 2048 2232 2049
f 2048 2228 2229
f 2049 2232 2233
f 2049 2233 2050
f 2050 2233 2051
f 2051 2233 2234
f 2051 2234 2235
f 2051 2235 2052
f 2052 2235 2053
f 2053 2235 2236
f 2053 2236 2237
f 2053 2237 2054
f 2054 2237 2238
f 2054 2238 2239
f 2054 2239 2240
f 2054 2240 2057
f 2054 2057 2055
f 2057 2240 2058
f 2058 2240 2239
f 2058 2239 2241
f 2058 2241 2242
f 2058 2242 2061
f 2058 2061 2059
f 2059 2061 2060
f 2061 2242 2241
f 2061 2241 2243
f 2061 2243 2062
f 2062 2243 2063
f 2063 2243 2064
f 2064 2243 2425
f 2064 2425 2244
f 2065 2244 2069
f 2066 2071 2067
f 2067 2071 2245
f 2067 2245 2246
f 2067 2246 2068
f 2068 2246 2247
f 2068 2247 2248
f 2068 2248 2249
f 2068 2249 2250
f 2068 2250 2073
f 2069 2244 2251
f 2069 2251 2070
f 2070 2251 2252
f 2070 2252 2071
f 2071 2252 2245
f 2073 2250 2253
f 2073 2253 2074
f 2074 2253 2254
f 2074 2254 2255
f 2074 2255 2256
f 2074 2256 2257
f 2075 2257 2264
f 2075 2264 2087
f 2075 2087 2086
f 2075 2086 2076
f 2076 2086 2258
f 2076 2258 2079
f 2076 2079 2077
f 2078 2079 2258
f 2078 2258 2086
f 2080 2259 2081
f 2080 2088 2260
f 2080 2260 2261
f 2080 2261 2259
f 2081 2259 2083
f 2081 2083 2082
f 2083 2259 2262
f 2083 2262 2263
f 2083 2263 2094
f 2083 2094 2084
f 2084 2094 2089
f 2087 2264 2444
f 2087 2444 2260
f 2087 2260 2088
f 2089 2094 2090
f 2093 2095 2265
f 2093 2265 2097
f 2094 2263 2266
f 2094 2266 2267
f 2094 2267 2268
f 2094 2268 2269
f 2094 2269 2270
f 2094 2270 2271
f 2094 2271 2096
f 2095 2272 2273
f 2095 2273 2265
f 2095 2096 2272
f 2096 2271 2272
f 2097 2265 2273
f 2097 2273 2271
f 2097 2271 2098
f 2098 2271 2274
f 2098 2274 2275
f 2098 2275 2099
f 2099 2275 2100
f 2100 2275 2101
f 2101 2275 2274
f 2101 2274 2276
f 2101 2276 2277
f 2101 2277 2278
f 2101 2278 2102
f 2102 2278 2104
f 2102 2104 2103
f 2104 2278 2279
f 2104 2279 2176
f 2106 2111 2110
f 2106 2110 2107
f 2107 2280 2112
f 2107 2110 2281
f 2107 2281 2280
f 2108 2282 2283
f 2108 2283 2284
f 2108 2284 2285
f 2108 2285 2286
f 2108 2286 2287
f 2108 2287 2288
f 2108 2288 2289
f 2109 2289 2288
f 2109 2288 2110
f 2110 2288 2460
f 2110 2460 2281
f 2112 2290 2113
f 2112 2280 2291
f 2112 2291 2290
f 2113 2290 2292
f 2113 2292 2114
f 2114 2292 2293
f 2114 2293 2117
f 2116 2294 2295
f 2116 2295 2118
f 2116 2117 2296
f 2116 2296 2294
f 2117 2293 2297
f 2117 2297 2296
f 2118 2295 2119
f 2119 2295 2298
f 2119 2298 2120
f 2120 2124 2122
f 2120 2298 2124
f 2124 2298 2295
f 2124 2295 2299
f 2124 2299 2125
f 2125 2299 2300
f 2125 2300 2301
f 2125 2301 2302
f 2125 2302 2303
f 2125 2303 2304
f 2125 2304 2126
f 2126 2304 2305
f 2126 2305 2306
f 2126 2306 2127
f 2127 2306 2128
f 2128 2306 2307
f 2128 2307 2129
f 2129 2307 2308
f 2129 2308 2309
f 2129 2309 2310
f 2129 2310 2135
f 2129 2135 2130
f 2130 2135 2134
f 2130 2134 2133
f 2130 2133 2131
f 2135 2310 2311
f 2135 2311 2139
f 2136 2139 2311
f 2136 2311 2315
f 2136 2315 2140
f 2136 2140 2137
f 2137 2140 2138
f 2140 2312 2313
f 2140 2313 2314
f 2140 2314 2143
f 2140 2143 2141
f 2140 2315 2316
f 2140 2316 2312
f 2141 2143 2142
f 2143 2314 2144
f 2144 2317 2318
f 2144 2318 2319
f 2144 2319 2145
f 2144 2314 2317
f 2145 2319 2146
f 2146 2320 2321
f 2146 2321 2152
f 2146 2152 2147
f 2146 2319 2320
f 2148 2150 2205
f 2148 2205 2322
f 2148 2322 2202
f 2150 2156 2205
f 2151 2152 2323
f 2151 2323 2158
f 2151 2158 2157
f 2151 2157 2153
f 2152 2321 2320
f 2152 2320 2323
f 2154 2324 2325
f 2154 2325 2155
f 2154 2167 2324
f 2155 2325 2156
f 2156 2325 2326
f 2156 2326 2327
f 2156 2327 2205
f 2158 2323 2328
f 2158 2328 2159
f 2159 2328 2160
f 2160 2329 2330
f 2160 2330 2161
f 2160 2328 2331
f 2160 2331 2332
f 2160 2332 2333
f 2160 2333 2329
f 2161 2330 2162
f 2162 2330 2163
f 2163 2330 2164
f 2164 2330 2520
f 2164 2520 2334
f 2164 2334 2335
f 2164 2335 2165
f 2165 2335 2336
f 2165 2336 2337
f 2165 2337 2166
f 2166 2337 2338
f 2166 2338 2324
f 2166 2324 2167
f 2169 2339 2170
f 2169 2174 2339
f 2170 2339 2171
f 2171 2339 2172
f 2172 2340 2173
f 2172 2339 2341
f 2172 2341 2342
f 2172 2342 2343
f 2172 2343 2344
f 2172 2344 2340
f 2173 2340 2178
f 2174 2175 2345
f 2174 2345 2346
f 2174 2346 2530
f 2174 2530 2347
f 2174 2347 2339
f 2176 2279 2348
f 2176 2348 2177
f 2177 2279 2349
f 2177 2349 2350
f 2177 2350 2535
f 2177 2535 2345
f 2177 2348 2279
f 2178 2340 2179
f 2179 2351 2180
f 2179 2340 2352
f 2179 2352 2353
f 2179 2353 2354
f 2179 2354 2355
f 2179 2355 2351
f 2180 2351 2356
f 2180 2356 2181
f 2181 2357 2182
f 2181 2356 2357
f 2182 2358 2183
f 2182 2357 2358
f 2183 2359 2360
f 2183 2360 2184
f 2183 2358 2359
f 2184 2360 2361
f 2184 2361 2362
f 2184 2362 2185
f 2185 2362 2363
f 2185 2363 2186
f 2186 2363 2197
f 2187 2364 2188
f 2187 2201 2200
f 2187 2200 2365
f 2187 2365 2366
f 2187 2366 2364
f 2188 2364 2192
f 2189 2190 2367
f 2189 2367 2191
f 2190 2368 2367
f 2190 2193 2374
f 2190 2374 2368
f 2191 2367 2369
f 2191 2369 2194
f 2192 2370 2193
f 2192 2364 2366
f 2192 2366 2371
f 2192 2371 2372
f 2192 2372 2370
f 2193 2370 2373
f 2193 2373 2374
f 2194 2369 2375
f 2194 2375 2195
f 2195 2375 2376
f 2195 2376 2377
f 2195 2377 2378
f 2195 2378 2379
f 2195 2379 2196
f 2196 2379 2378
f 2197 2380 2381
f 2197 2381 2198
f 2197 2363 2382
f 2197 2382 2380
f 2198 2381 2199
f 2199 2381 2383
f 2199 2383 2384
f 2199 2384 2385
f 2199 2385 2386
f 2199 2386 2371
f 2199 2371 2366
f 2199 2366 2365
f 2199 2365 2200
f 2202 2322 2205
f 2202 2205 2204
f 2203 2205 2387
f 2203 2387 2208
f 2205 2327 2387
f 2206 2207 2210
f 2207 2209 2388
f 2207 2388 2389
f 2207 2389 2210
f 2208 2387 2327
f 2208 2327 2390
f 2208 2390 2209
f 2209 2391 2392
f 2209 2392 2388
f 2209 2390 2393
f 2209 2393 2394
f 2209 2394 2391
f 2210 2395 2396
f 2210 2396 2211
f 2210 2389 2395
f 2211 2396 2212
f 2212 2397 2398
f 2212 2398 2213
f 2212 2396 2397
f 2213 2398 2399
f 2213 2399 2214
f 2214 2399 2400
f 2214 2400 2215
f 2215 2400 2216
f 2216 2400 2401
f 2216 2401 2217
f 2217 2401 2402
f 2217 2402 2403
f 2218 2403 2599
f 2218 2599 2404
f 2218 2404 2405
f 2218 2405 2220
f 2220 2405 2221
f 2221 2405 2222
f 2222 2406 2407
f 2222 2407 2223
f 2222 2405 2406
f 2223 2407 2408
f 2223 2408 2409
f 2223 2409 2224
f 2224 2409 2410
f 2224 2410 2411
f 2224 2411 2225
f 2225 2411 2412
f 2225 2412 2226
f 2226 2412 2227
f 2227 2413 2415
f 2227 2415 2230
f 2227 2229 2228
f 2227 2412 2414
f 2227 2414 2615
f 2227 2615 2413
f 2230 2415 2620
f 2230 2620 2416
f 2230 2416 2231
f 2231 2416 2417
f 2231 2417 2418
f 2231 2418 2232
f 2232 2418 2233
f 2233 2418 2234
f 2234 2418 2416
f 2234 2416 2235
f 2235 2419 2236
f 2235 2416 2419
f 2236 2419 2621
f 2236 2621 2420
f 2236 2420 2421
f 2236 2421 2237
f 2237 2421 2422
f 2237 2422 2238
f 2238 2422 2423
f 2238 2423 2239
f 2239 2423 2424
f 2239 2424 2241
f 2241 2424 2425
f 2241 2425 2243
f 2244 2425 2251
f 2245 2252 2426
f 2245 2426 2246
f 2246 2426 2427
f 2246 2427 2247
f 2247 2428 2429
f 2247 2429 2430
f 2247 2430 2248
f 2247 2427 2431
f 2247 2431 2432
f 2247 2432 2428
f 2248 2430 2433
f 2248 2433 2434
f 2248 2434 2249
f 2249 2434 2253
f 2249 2253 2250
f 2251 2425 2435
f 2251 2435 2252
f 2252 2435 2436
f 2252 2436 2426
f 2253 2434 2254
f 2254 2434 2437
f 2254 2437 2438
f 2254 2438 2255
f 2255 2438 2256
f 2256 2438 2439
f 2256 2439 2440
f 2256 2440 2257
f 2257 2440 2264
f 2259 2261 2445
f 2259 2445 2441
f 2259 2441 2660
f 2259 2660 2442
f 2259 2442 2443
f 2259 2443 2262
f 2260 2444 2445
f 2260 2445 2261
f 2262 2443 2263
f 2263 2443 2266
f 2264 2440 2446
f 2264 2446 2447
f 2264 2447 2444
f 2266 2443 2448
f 2266 2448 2267
f 2267 2449 2450
f 2267 2450 2451
f 2267 2451 2452
f 2267 2452 2268
f 2267 2448 2449
f 2268 2452 2269
f 2269 2452 2453
f 2269 2453 2270
f 2270 2453 2454
f 2270 2454 2455
f 2270 2455 2271
f 2271 2454 2276
f 2271 2276 2274
f 2271 2273 2272
f 2271 2455 2454
f 2276 2454 2277
f 2277 2454 2279
f 2277 2279 2278
f 2279 2454 2456
f 2279 2456 2457
f 2279 2457 2458
f 2279 2458 2349
f 2280 2459 2291
f 2280 2281 2459
f 2281 2460 2674
f 2281 2674 2459
f 2282 2461 2283
f 2283 2462 2463
f 2283 2463 2464
f 2283 2464 2465
f 2283 2465 2466
f 2283 2466 2467
f 2283 2467 2284
f 2283 2461 2462
f 2284 2467 2468
f 2284 2468 2469
f 2284 2469 2470
f 2284 2470 2471
f 2284 2471 2285
f 2285 2471 2286
f 2286 2471 2472
f 2286 2472 2288
f 2286 2288 2287
f 2288 2472 2460
f 2290 2291 2473
f 2290 2473 2474
f 2290 2474 2475
f 2290 2475 2292
f 2291 2459 2473
f 2292 2475 2297
f 2292 2297 2293
f 2294 2476 2477
f 2294 2477 2478
f 2294 2478 2295
f 2294 2296 2479
f 2294 2479 2480
f 2294 2480 2476
f 2295 2481 2299
f 2295 2478 2482
f 2295 2482 2481
f 2296 2297 2483
f 2296 2483 2479
f 2297 2475 2474
f 2297 2474 2483
f 2299 2482 2484
f 2299 2484 2485
f 2299 2485 2300
f 2299 2481 2482
f 2300 2486 2487
f 2300 2487 2301
f 2300 2485 2488
f 2300 2488 2486
f 2301 2487 2489
f 2301 2489 2490
f 2301 2490 2491
f 2301 2491 2302
f 2302 2491 2303
f 2303 2491 2305
f 2303 2305 2304
f 2305 2491 2492
f 2305 2492 2307
f 2305 2307 2306
f 2307 2492 2308
f 2308 2492 2309
f 2309 2493 2494
f 2309 2494 2495
f 2309 2495 2310
f 2309 2492 2496
f 2309 2496 2493
f 2310 2495 2497
f 2310 2497 2498
f 2310 2498 2311
f 2311 2498 2315
f 2312 2316 2313
f 2313 2499 2500
f 2313 2500 2501
f 2313 2501 2502
f 2313 2502 2503
f 2313 2503 2504
f 2313 2504 2505
f 2313 2505 2506
f 2313 2506 2314
f 2313 2316 2315
f 2313 2315 2507
f 2313 2507 2508
f 2313 2508 2509
f 2313 2509 2499
f 2314 2506 2510
f 2314 2510 2511
f 2314 2511 2317
f 2315 2508 2507
f 2315 2498 2508
f 2317 2511 2512
f 2317 2512 2318
f 2318 2512 2323
f 2318 2323 2319
f 2319 2323 2320
f 2323 2512 2328
f 2324 2513 2325
f 2324 2338 2514
f 2324 2514 2513
f 2325 2513 2515
f 2325 2515 2516
f 2325 2516 2326
f 2326 2516 2327
f 2327 2393 2390
f 2327 2516 2393
f 2328 2512 2517
f 2328 2517 2510
f 2328 2510 2331
f 2329 2518 2330
f 2329 2333 2519
f 2329 2519 2518
f 2330 2518 2520
f 2331 2510 2521
f 2331 2521 2522
f 2331 2522 2523
f 2331 2523 2332
f 2332 2523 2524
f 2332 2524 2333
f 2333 2524 2519
f 2334 2520 2733
f 2334 2733 2525
f 2334 2525 2737
f 2334 2737 2526
f 2334 2526 2335
f 2335 2526 2527
f 2335 2527 2514
f 2335 2514 2338
f 2335 2338 2337
f 2335 2337 2528
f 2335 2528 2336
f 2336 2528 2337
f 2339 2347 2341
f 2340 2344 2529
f 2340 2529 2352
f 2341 2347 2530
f 2341 2530 2531
f 2341 2531 2342
f 2342 2531 2532
f 2342 2532 2343
f 2343 2532 2533
f 2343 2533 2344
f 2344 2533 2534
f 2344 2534 2529
f 2345 2535 2536
f 2345 2536 2537
f 2345 2537 2538
f 2345 2538 2346
f 2346 2538 2537
f 2346 2537 2530
f 2349 2458 2457
f 2349 2457 2539
f 2349 2539 2350
f 2350 2539 2457
f 2350 2457 2540
f 2350 2540 2747
f 2350 2747 2535
f 2351 2541 2356
f 2351 2355 2542
f 2351 2542 2543
f 2351 2543 2544
f 2351 2544 2545
f 2351 2545 2546
f 2351 2546 2547
f 2351 2547 2541
f 2352 2529 2354
f 2352 2354 2353
f 2354 2548 2549
f 2354 2549 2550
f 2354 2550 2542
f 2354 2542 2355
f 2354 2529 2548
f 2356 2551 2357
f 2356 2541 2552
f 2356 2552 2551
f 2357 2551 2553
f 2357 2553 2554
f 2357 2554 2555
f 2357 2555 2358
f 2358 2555 2556
f 2358 2556 2557
f 2358 2557 2558
f 2358 2558 2559
f 2358 2559 2359
f 2359 2559 2558
f 2359 2558 2560
f 2359 2560 2561
f 2359 2561 2360
f 2360 2561 2361
f 2361 2562 2563
f 2361 2563 2362
f 2361 2561 2564
f 2361 2564 2562
f 2362 2563 2565
f 2362 2565 2566
f 2362 2566 2363
f 2363 2566 2382
f 2367 2567 2568
f 2367 2568 2369
f 2367 2368 2569
f 2367 2569 2567
f 2368 2374 2569
f 2369 2568 2375
f 2370 2570 2373
f 2370 2372 2571
f 2370 2571 2572
f 2370 2572 2570
f 2371 2386 2587
f 2371 2587 2573
f 2371 2573 2372
f 2372 2573 2571
f 2373 2570 2574
f 2373 2574 2575
f 2373 2575 2569
f 2373 2569 2374
f 2375 2576 2577
f 2375 2577 2377
f 2375 2377 2376
f 2375 2568 2576
f 2377 2577 2578
f 2377 2578 2579
f 2377 2579 2580
f 2377 2580 2378
f 2380 2382 2581
f 2380 2581 2582
f 2380 2582 2583
f 2380 2583 2584
f 2380 2584 2381
f 2381 2584 2383
f 2382 2566 2581
f 2383 2585 2385
f 2383 2385 2384
f 2383 2584 2585
f 2385 2585 2586
f 2385 2586 2587
f 2385 2587 2386
f 2388 2588 2389
f 2388 2392 2589
f 2388 2589 2588
f 2389 2588 2395
f 2391 2590 2591
f 2391 2591 2392
f 2391 2394 2515
f 2391 2515 2592
f 2391 2592 2590
f 2392 2591 2589
f 2393 2516 2394
f 2394 2516 2515
f 2395 2593 2594
f 2395 2594 2396
f 2395 2588 2593
f 2396 2595 2397
f 2396 2594 2595
f 2397 2596 2597
f 2397 2597 2398
f 2397 2595 2596
f 2398 2597 2598
f 2398 2598 2399
f 2399 2402 2400
f 2399 2598 2402
f 2400 2402 2401
f 2402 2598 2403
f 2403 2598 2600
f 2403 2600 2601
f 2403 2601 2599
f 2404 2599 2602
f 2404 2602 2603
f 2404 2603 2604
f 2404 2604 2605
f 2404 2605 2405
f 2405 2605 2406
f 2406 2606 2819
f 2406 2819 2607
f 2406 2607 2407
f 2406 2605 2608
f 2406 2608 2820
f 2406 2820 2606
f 2407 2607 2609
f 2407 2609 2408
f 2408 2609 2409
f 2409 2609 2410
f 2410 2609 2610
f 2410 2610 2611
f 2410 2611 2412
f 2410 2412 2411
f 2412 2611 2414
f 2413 2612 2613
f 2413 2613 2614
f 2413 2614 2415
f 2413 2615 2616
f 2413 2616 2617
f 2413 2617 2618
f 2413 2618 2612
f 2414 2611 2610
f 2414 2610 2824
f 2414 2824 2615
f 2415 2614 2619
f 2415 2619 2620
f 2416 2620 2621
f 2416 2621 2419
f 2416 2418 2417
f 2420 2621 2622
f 2420 2622 2623
f 2420 2623 2421
f 2421 2623 2624
f 2421 2624 2422
f 2422 2624 2423
f 2423 2624 2625
f 2423 2625 2626
f 2423 2626 2424
f 2424 2626 2627
f 2424 2627 2628
f 2424 2628 2425
f 2425 2628 2435
f 2426 2436 2629
f 2426 2629 2630
f 2426 2630 2631
f 2426 2631 2427
f 2427 2631 2632
f 2427 2632 2431
f 2428 2432 2633
f 2428 2633 2429
f 2429 2633 2634
f 2429 2634 2635
f 2429 2635 2430
f 2430 2636 2433
f 2430 2635 2637
f 2430 2637 2638
f 2430 2638 2639
f 2430 2639 2636
f 2431 2632 2640
f 2431 2640 2641
f 2431 2641 2432
f 2432 2642 2643
f 2432 2643 2634
f 2432 2634 2633
f 2432 2641 2644
f 2432 2644 2645
f 2432 2645 2646
f 2432 2646 2647
f 2432 2647 2642
f 2433 2648 2649
f 2433 2649 2650
f 2433 2650 2651
f 2433 2651 2652
f 2433 2652 2434
f 2433 2636 2648
f 2434 2652 2651
f 2434 2651 2446
f 2434 2446 2437
f 2435 2628 2436
f 2436 2628 2653
f 2436 2653 2629
f 2437 2654 2438
f 2437 2446 2654
f 2438 2654 2439
f 2439 2654 2440
f 2440 2654 2446
f 2441 2445 2655
f 2441 2655 2656
f 2441 2656 2657
f 2441 2657 2658
f 2441 2658 2659
f 2441 2659 2660
f 2442 2660 2665
f 2442 2665 2448
f 2442 2448 2443
f 2444 2447 2655
f 2444 2655 2445
f 2446 2661 2662
f 2446 2662 2663
f 2446 2663 2657
f 2446 2657 2664
f 2446 2664 2656
f 2446 2656 2655
f 2446 2655 2447
f 2446 2651 2661
f 2448 2665 2666
f 2448 2666 2449
f 2449 2666 2884
f 2449 2884 2667
f 2449 2667 2450
f 2450 2667 2669
f 2450 2669 2668
f 2450 2668 2451
f 2451 2668 2452
f 2452 2668 2669
f 2452 2669 2453
f 2453 2669 2670
f 2453 2670 2671
f 2453 2671 2454
f 2454 2671 2672
f 2454 2672 2540
f 2454 2540 2673
f 2454 2673 2456
f 2456 2673 2457
f 2457 2673 2540
f 2459 2674 2701
f 2459 2701 2483
f 2459 2483 2473
f 2460 2675 2674
f 2460 2472 2676
f 2460 2676 2675
f 2461 2677 2462
f 2462 2677 2463
f 2463 2678 2679
f 2463 2679 2464
f 2463 2677 2680
f 2463 2680 2681
f 2463 2681 2682
f 2463 2682 2683
f 2463 2683 2678
f 2464 2679 2684
f 2464 2684 2465
f 2465 2684 2685
f 2465 2685 2686
f 2465 2686 2687
f 2465 2687 2688
f 2465 2688 2466
f 2466 2688 2689
f 2466 2689 2468
f 2466 2468 2467
f 2468 2689 2469
f 2469 2689 2690
f 2469 2690 2691
f 2469 2691 2470
f 2470 2691 2692
f 2470 2692 2471
f 2471 2692 2472
f 2472 2692 2693
f 2472 2693 2676
f 2473 2483 2474
f 2476 2480 2694
f 2476 2694 2695
f 2476 2695 2477
f 2477 2695 2696
f 2477 2696 2478
f 2478 2696 2482
f 2479 2697 2480
f 2479 2483 2697
f 2480 2698 2699
f 2480 2699 2918
f 2480 2918 2700
f 2480 2700 2695
f 2480 2695 2694
f 2480 2697 2483
f 2480 2483 2698
f 2482 2696 2484
f 2483 2701 2698
f 2484 2696 2702
f 2484 2702 2488
f 2484 2488 2485
f 2486 2703 2487
f 2486 2488 2703
f 2487 2704 2705
f 2487 2705 2706
f 2487 2706 2489
f 2487 2703 2704
f 2488 2707 2708
f 2488 2708 2703
f 2488 2702 2707
f 2489 2496 2491
f 2489 2491 2490
f 2489 2706 2709
f 2489 2709 2710
f 2489 2710 2711
f 2489 2711 2712
f 2489 2712 2929
f 2489 2929 2713
f 2489 2713 2496
f 2491 2496 2492
f 2493 2496 2714
f 2493 2714 2494
f 2494 2715 2716
f 2494 2716 2495
f 2494 2714 2715
f 2495 2716 2497
f 2496 2713 2714
f 2497 2717 2718
f 2497 2718 2719
f 2497 2719 2509
f 2497 2509 2720
f 2497 2720 2498
f 2497 2716 2715
f 2497 2715 2717
f 2498 2720 2508
f 2499 2509 2719
f 2499 2719 2718
f 2499 2718 2500
f 2500 2721 2722
f 2500 2722 2502
f 2500 2502 2501
f 2500 2718 2717
f 2500 2717 2723
f 2500 2723 2721
f 2502 2722 2503
f 2503 2510 2504
f 2503 2722 2724
f 2503 2724 2936
f 2503 2936 2725
f 2503 2725 2510
f 2504 2510 2505
f 2505 2510 2506
f 2508 2720 2509
f 2510 2726 2511
f 2510 2725 2727
f 2510 2727 2728
f 2510 2728 2729
f 2510 2729 2521
f 2510 2517 2726
f 2511 2517 2512
f 2511 2726 2517
f 2513 2730 2515
f 2513 2514 2527
f 2513 2527 2730
f 2515 2730 2592
f 2518 2519 2731
f 2518 2731 2520
f 2519 2524 2732
f 2519 2732 2731
f 2520 2731 2733
f 2521 2729 2728
f 2521 2728 2734
f 2521 2734 2522
f 2522 2524 2523
f 2522 2734 2735
f 2522 2735 2524
f 2524 2735 2941
f 2524 2941 2732
f 2525 2733 2942
f 2525 2942 2736
f 2525 2736 2945
f 2525 2945 2737
f 2526 2737 2738
f 2526 2738 2527
f 2527 2738 2730
f 2529 2534 2548
f 2530 2537 2739
f 2530 2739 2532
f 2530 2532 2531
f 2532 2739 2740
f 2532 2740 2533
f 2533 2740 2741
f 2533 2741 2742
f 2533 2742 2743
f 2533 2743 2534
f 2534 2743 2744
f 2534 2744 2549
f 2534 2549 2548
f 2535 2745 2746
f 2535 2746 2536
f 2535 2747 2745
f 2536 2746 2745
f 2536 2745 2748
f 2536 2748 2537
f 2537 2748 2745
f 2537 2745 2749
f 2537 2749 2750
f 2537 2750 2740
f 2537 2740 2739
f 2540 2672 2751
f 2540 2751 2949
f 2540 2949 2747
f 2541 2547 2752
f 2541 2752 2552
f 2542 2550 2543
f 2543 2550 2753
f 2543 2753 2546
f 2543 2546 2544
f 2544 2546 2545
f 2546 2753 2754
f 2546 2754 2755
f 2546 2755 2756
f 2546 2756 2757
f 2546 2757 2758
f 2546 2758 2759
f 2546 2759 2547
f 2547 2759 2758
f 2547 2758 2760
f 2547 2760 2752
f 2549 2744 2761
f 2549 2761 2762
f 2549 2762 2763
f 2549 2763 2550
f 2550 2763 2753
f 2551 2552 2553
f 2552 2764 2553
f 2552 2752 2764
f 2553 2764 2765
f 2553 2765 2554
f 2554 2765 2555
f 2555 2765 2766
f 2555 2766 2767
f 2555 2767 2556
f 2556 2767 2768
f 2556 2768 2769
f 2556 2769 2557
f 2557 2770 2558
f 2557 2769 2771
f 2557 2771 2770
f 2558 2770 2772
f 2558 2772 2564
f 2558 2564 2560
f 2560 2564 2561
f 2562 2564 2773
f 2562 2773 2774
f 2562 2774 2775
f 2562 2775 2776
f 2562 2776 2777
f 2562 2777 2563
f 2563 2777 2778
f 2563 2778 2565
f 2564 2772 2773
f 2565 2778 2566
f 2566 2778 2779
f 2566 2779 2780
f 2566 2780 2581
f 2567 2781 2782
f 2567 2782 2568
f 2567 2569 2781
f 2568 2782 2783
f 2568 2783 2784
f 2568 2784 2576
f 2569 2575 2785
f 2569 2785 2781
f 2570 2786 2574
f 2570 2572 2586
f 2570 2586 2787
f 2570 2787 2786
f 2571 2573 2587
f 2571 2587 2572
f 2572 2587 2586
f 2574 2786 2788
f 2574 2788 2789
f 2574 2789 2790
f 2574 2790 2791
f 2574 2791 2575
f 2575 2791 2785
f 2576 2784 2577
f 2577 2784 2792
f 2577 2792 2793
f 2577 2793 2578
f 2581 2794 2582
f 2581 2780 2794
f 2582 2795 2796
f 2582 2796 2583
f 2582 2794 2797
f 2582 2797 2795
f 2583 2796 2585
f 2583 2585 2584
f 2585 2798 2799
f 2585 2799 2586
f 2585 2796 2800
f 2585 2800 2801
f 2585 2801 2798
f 2586 2799 2802
f 2586 2802 2787
f 2588 2803 2804
f 2588 2804 2593
f 2588 2589 2805
f 2588 2805 2803
f 2589 2806 2805
f 2589 2591 2806
f 2590 2592 2807
f 2590 2807 2808
f 2590 2808 2591
f 2591 2808 2805
f 2591 2805 2806
f 2592 2730 2807
f 2593 2804 2594
f 2594 2804 2595
f 2595 2809 2596
f 2595 2804 2809
f 2596 2810 2597
f 2596 2809 2810
f 2597 2810 2811
f 2597 2811 2600
f 2597 2600 2598
f 2599 2812 2602
f 2599 2601 2812
f 2600 2811 2813
f 2600 2813 2601
f 2601 2813 2812
f 2602 2812 2814
f 2602 2814 2603
f 2603 2815 2816
f 2603 2816 2604
f 2603 2814 3022
f 2603 3022 2815
f 2604 2816 2820
f 2604 2820 2608
f 2604 2608 2605
f 2606 2817 2818
f 2606 2818 2819
f 2606 2820 2821
f 2606 2821 2822
f 2606 2822 2817
f 2607 2819 2823
f 2607 2823 2609
f 2609 2823 2824
f 2609 2824 2610
f 2612 2825 2614
f 2612 2614 2613
f 2612 2618 2825
f 2614 2826 2827
f 2614 2827 2828
f 2614 2828 2619
f 2614 2825 2826
f 2615 2824 2829
f 2615 2829 2616
f 2616 2829 3033
f 2616 3033 2830
f 2616 2830 2831
f 2616 2831 2617
f 2617 2831 2618
f 2618 2831 2832
f 2618 2832 3044
f 2618 3044 2833
f 2618 2833 2834
f 2618 2834 2825
f 2619 2828 2836
f 2619 2836 2835
f 2619 2835 2620
f 2620 2835 2836
f 2620 2836 2837
f 2620 2837 2622
f 2620 2622 2621
f 2622 2838 2623
f 2622 2837 2839
f 2622 2839 2838
f 2623 2838 2840
f 2623 2840 2624
f 2624 2841 2842
f 2624 2842 2625
f 2624 2840 2841
f 2625 2842 2626
f 2626 2842 2843
f 2626 2843 2844
f 2626 2844 2628
f 2626 2628 2627
f 2628 2844 2653
f 2629 2653 2844
f 2629 2844 2843
f 2629 2843 2845
f 2629 2845 2846
f 2629 2846 2847
f 2629 2847 2631
f 2629 2631 2630
f 2631 2847 2846
f 2631 2846 2848
f 2631 2848 2849
f 2631 2849 2850
f 2631 2850 2851
f 2631 2851 2632
f 2632 2852 2641
f 2632 2641 2640
f 2632 2851 2853
f 2632 2853 2852
f 2634 2643 2854
f 2634 2854 2635
f 2635 2855 2638
f 2635 2638 2637
f 2635 2854 2643
f 2635 2643 2856
f 2635 2856 2857
f 2635 2857 2858
f 2635 2858 2859
f 2635 2859 2860
f 2635 2860 2861
f 2635 2861 2862
f 2635 2862 2855
f 2636 2639 2648
f 2638 2855 2862
f 2638 2862 2863
f 2638 2863 2639
f 2639 2863 2862
f 2639 2862 2648
f 2641 2852 2853
f 2641 2853 2644
f 2642 2647 2864
f 2642 2864 2643
f 2643 2864 2865
f 2643 2865 2866
f 2643 2866 2867
f 2643 2867 2856
f 2644 2853 2645
f 2645 2853 2868
f 2645 2868 2869
f 2645 2869 2870
f 2645 2870 2646
f 2646 2870 2647
f 2647 2871 2872
f 2647 2872 2864
f 2647 2870 2869
f 2647 2869 2871
f 2648 2873 2874
f 2648 2874 2649
f 2648 2862 2873
f 2649 2874 2650
f 2650 2874 2875
f 2650 2875 2876
f 2650 2876 2661
f 2650 2661 2651
f 2656 2664 2657
f 2657 2663 2877
f 2657 2877 2878
f 2657 2878 2658
f 2658 2878 2659
f 2659 2878 2879
f 2659 2879 2665
f 2659 2665 2660
f 2661 2876 2880
f 2661 2880 2662
f 2662 2880 2663
f 2663 2880 2881
f 2663 2881 2877
f 2665 2879 2882
f 2665 2882 2666
f 2666 2882 2883
f 2666 2883 2884
f 2667 2884 2885
f 2667 2885 2669
f 2669 2885 2949
f 2669 2949 2751
f 2669 2751 2672
f 2669 2672 2670
f 2670 2672 2671
f 2674 2676 2886
f 2674 2886 2887
f 2674 2887 2701
f 2674 2675 2676
f 2676 2693 2886
f 2678 2888 2889
f 2678 2889 2890
f 2678 2890 2891
f 2678 2891 2679
f 2678 2683 2892
f 2678 2892 2893
f 2678 2893 2888
f 2679 2891 2684
f 2684 2891 2894
f 2684 2894 2895
f 2684 2895 2685
f 2685 2895 2686
f 2686 2896 2687
f 2686 2895 2897
f 2686 2897 2896
f 2687 2896 2898
f 2687 2898 2689
f 2687 2689 2899
f 2687 2899 2688
f 2688 2899 2689
f 2689 2898 2900
f 2689 2900 2690
f 2690 2900 2901
f 2690 2901 2902
f 2690 2902 2903
f 2690 2903 2691
f 2691 2904 2692
f 2691 2903 2904
f 2692 2904 2905
f 2692 2905 2906
f 2692 2906 2907
f 2692 2907 2693
f 2693 2907 2908
f 2693 2908 2886
f 2695 2700 2696
f 2696 2700 2918
f 2696 2918 2909
f 2696 2909 2910
f 2696 2910 2911
f 2696 2911 2702
f 2698 2912 2913
f 2698 2913 2699
f 2698 2701 2912
f 2699 2914 2915
f 2699 2915 2916
f 2699 2916 2917
f 2699 2917 2918
f 2699 2913 2914
f 2701 2887 2919
f 2701 2919 2912
f 2702 2911 2920
f 2702 2920 2707
f 2703 2708 2704
f 2704 2708 2921
f 2704 2921 2922
f 2704 2922 2705
f 2705 2922 2923
f 2705 2923 2709
f 2705 2709 2706
f 2707 2920 2708
f 2708 2920 2921
f 2709 2923 2710
f 2710 2924 2925
f 2710 2925 2712
f 2710 2712 2711
f 2710 2923 2926
f 2710 2926 2924
f 2712 2925 2927
f 2712 2927 2928
f 2712 2928 2929
f 2713 2929 2714
f 2714 2929 2715
f 2715 2929 2928
f 2715 2928 2717
f 2717 2928 2930
f 2717 2930 2723
f 2721 2931 3156
f 2721 3156 2932
f 2721 2932 2722
f 2721 2723 2933
f 2721 2933 2931
f 2722 2932 2724
f 2723 2930 3153
f 2723 3153 2934
f 2723 2934 3159
f 2723 3159 2933
f 2724 2932 2935
f 2724 2935 2936
f 2725 2936 2941
f 2725 2941 2735
f 2725 2735 2728
f 2725 2728 2727
f 2728 2735 2734
f 2730 2937 2807
f 2730 2738 2937
f 2731 2938 2939
f 2731 2939 2733
f 2731 2732 2940
f 2731 2940 2938
f 2732 2941 3163
f 2732 3163 2940
f 2733 2939 2942
f 2736 2942 2943
f 2736 2943 2944
f 2736 2944 3169
f 2736 3169 2945
f 2737 2945 2946
f 2737 2946 2738
f 2738 2946 2937
f 2740 2750 2741
f 2741 2750 2947
f 2741 2947 2742
f 2742 2761 2743
f 2742 2947 2761
f 2743 2761 2744
f 2745 2948 2749
f 2745 2747 2948
f 2747 2750 2948
f 2747 2949 2950
f 2747 2950 2750
f 2749 2948 2750
f 2750 2950 2951
f 2750 2951 2952
f 2750 2952 2953
f 2750 2953 2954
f 2750 2954 2947
f 2752 2760 2758
f 2752 2758 2764
f 2753 2763 2955
f 2753 2955 2956
f 2753 2956 2957
f 2753 2957 2958
f 2753 2958 2754
f 2754 2958 2755
f 2755 2959 2960
f 2755 2960 2756
f 2755 2958 2956
f 2755 2956 2961
f 2755 2961 2962
f 2755 2962 2963
f 2755 2963 2959
f 2756 2964 2757
f 2756 2960 2964
f 2757 2964 2965
f 2757 2965 2758
f 2758 2965 2966
f 2758 2966 2766
f 2758 2766 2764
f 2761 2947 2762
f 2762 2947 2967
f 2762 2967 2968
f 2762 2968 2763
f 2763 2968 2969
f 2763 2969 2955
f 2764 2766 2970
f 2764 2970 2765
f 2765 2970 2766
f 2766 2966 2768
f 2766 2768 2767
f 2768 2966 2971
f 2768 2971 2972
f 2768 2972 2771
f 2768 2771 2769
f 2770 2973 2772
f 2770 2771 2974
f 2770 2974 2973
f 2771 2972 2974
f 2772 2973 2773
f 2773 2973 2975
f 2773 2975 2976
f 2773 2976 2977
f 2773 2977 2774
f 2774 2978 2775
f 2774 2977 2978
f 2775 2978 2776
f 2776 2978 2979
f 2776 2979 2777
f 2777 2979 2778
f 2778 2979 2779
f 2779 2979 2980
f 2779 2980 2981
f 2779 2981 2982
f 2779 2982 2983
f 2779 2983 2794
f 2779 2794 2780
f 2781 2984 2985
f 2781 2985 2782
f 2781 2785 2984
f 2782 2985 2986
f 2782 2986 2987
f 2782 2987 2783
f 2785 2791 2984
f 2786 2988 2788
f 2786 2787 2988
f 2787 2802 2989
f 2787 2989 2990
f 2787 2990 2991
f 2787 2991 2992
f 2787 2992 2993
f 2787 2993 2994
f 2787 2994 2988
f 2788 2988 2995
f 2788 2995 2996
f 2788 2996 2789
f 2789 2996 2790
f 2790 2996 2791
f 2791 2996 2997
f 2791 2997 2998
f 2791 2998 2999
f 2791 2999 2985
f 2791 2985 2984
f 2794 2983 2981
f 2794 2981 3000
f 2794 3000 2797
f 2795 2800 2796
f 2795 2797 2800
f 2797 3001 3002
f 2797 3002 3003
f 2797 3003 2800
f 2797 3000 2981
f 2797 2981 3001
f 2798 2801 2799
f 2799 2801 2800
f 2799 2800 3004
f 2799 3004 3005
f 2799 3005 3006
f 2799 3006 2989
f 2799 2989 2802
f 2800 3003 3007
f 2800 3007 3004
f 2803 3008 3009
f 2803 3009 2804
f 2803 2805 3008
f 2804 3009 2809
f 2805 3010 3011
f 2805 3011 3008
f 2805 2808 3012
f 2805 3012 3013
f 2805 3013 3014
f 2805 3014 3010
f 2807 2937 3015
f 2807 3015 3016
f 2807 3016 2808
f 2808 3016 3012
f 2809 3009 2810
f 2810 3009 3017
f 2810 3017 3018
f 2810 3018 3019
f 2810 3019 2811
f 2811 3019 2813
f 2812 3020 3022
f 2812 3022 2814
f 2812 2813 3021
f 2812 3021 3020
f 2813 3019 3230
f 2813 3230 3021
f 2815 3022 3023
f 2815 3023 3024
f 2815 3024 2816
f 2816 2821 2820
f 2816 3024 2821
f 2817 3025 3026
f 2817 3026 2818
f 2817 2822 3027
f 2817 3027 3028
f 2817 3028 3025
f 2818 3026 3029
f 2818 3029 2823
f 2818 2823 2819
f 2821 3024 2822
f 2822 3030 3027
f 2822 3024 3031
f 2822 3031 3030
f 2823 3029 3032
f 2823 3032 3033
f 2823 3033 2824
f 2824 3033 2829
f 2825 2834 3034
f 2825 3034 2826
f 2826 3034 3035
f 2826 3035 3036
f 2826 3036 3037
f 2826 3037 3038
f 2826 3038 3039
f 2826 3039 2827
f 2827 3039 3040
f 2827 3040 2828
f 2828 3040 2836
f 2830 3033 3041
f 2830 3041 2831
f 2831 3041 2832
f 2832 3041 3042
f 2832 3042 3043
f 2832 3043 3044
f 2833 3045 2834
f 2833 3044 3045
f 2834 3045 3034
f 2836 3040 2837
f 2837 3040 2839
f 2838 3046 2840
f 2838 2839 3046
f 2839 3040 3039
f 2839 3039 3038
f 2839 3038 3046
f 2840 3047 2841
f 2840 3046 2845
f 2840 2845 3047
f 2841 3047 3048
f 2841 3048 2843
f 2841 2843 2842
f 2843 3048 3047
f 2843 3047 2845
f 2845 3046 3038
f 2845 3038 3037
f 2845 3037 3049
f 2845 3049 3050
f 2845 3050 3051
f 2845 3051 2846
f 2846 3051 2848
f 2848 3051 3050
f 2848 3050 3052
f 2848 3052 3053
f 2848 3053 3054
f 2848 3054 2849
f 2849 3054 2850
f 2850 3054 3055
f 2850 3055 3056
f 2850 3056 3057
f 2850 3057 2851
f 2851 3057 2853
f 2853 3057 2868
f 2856 2867 3058
f 2856 3058 2857
f 2857 3058 3059
f 2857 3059 2858
f 2858 2860 2859
f 2858 3059 3060
f 2858 3060 3061
f 2858 3061 3062
f 2858 3062 2860
f 2860 3063 3064
f 2860 3064 3065
f 2860 3065 3066
f 2860 3066 3067
f 2860 3067 2861
f 2860 3062 3061
f 2860 3061 3068
f 2860 3068 3069
f 2860 3069 3070
f 2860 3070 3063
f 2861 3067 2862
f 2862 3067 3071
f 2862 3071 3072
f 2862 3072 3073
f 2862 3073 2874
f 2862 2874 2873
f 2864 2872 2865
f 2865 2872 3074
f 2865 3074 3075
f 2865 3075 3076
f 2865 3076 2866
f 2866 3076 3077
f 2866 3077 2867
f 2867 3077 3058
f 2868 3078 3079
f 2868 3079 3080
f 2868 3080 2869
f 2868 3057 3078
f 2869 3080 3079
f 2869 3079 3081
f 2869 3081 3082
f 2869 3082 3083
f 2869 3083 3084
f 2869 3084 2871
f 2871 3084 3085
f 2871 3085 2872
f 2872 3085 3086
f 2872 3086 3087
f 2872 3087 3074
f 2874 3073 2875
f 2875 3073 3072
f 2875 3072 2876
f 2876 3088 2880
f 2876 3072 3089
f 2876 3089 3088
f 2877 3090 2947
f 2877 2947 2953
f 2877 2953 3091
f 2877 3091 3092
f 2877 3092 2882
f 2877 2882 2879
f 2877 2879 2878
f 2877 2881 3093
f 2877 3093 3094
f 2877 3094 3095
f 2877 3095 2955
f 2877 2955 3090
f 2880 3088 3089
f 2880 3089 3096
f 2880 3096 3097
f 2880 3097 3098
f 2880 3098 3099
f 2880 3099 3094
f 2880 3094 3093
f 2880 3093 2881
f 2882 3092 3100
f 2882 3100 3101
f 2882 3101 2883
f 2883 3101 3102
f 2883 3102 2885
f 2883 2885 2884
f 2885 3102 3100
f 2885 3100 2952
f 2885 2952 3103
f 2885 3103 2950
f 2885 2950 2949
f 2886 2908 2887
f 2887 2908 2919
f 2888 3104 3105
f 2888 3105 2889
f 2888 2893 3106
f 2888 3106 3104
f 2889 3107 3108
f 2889 3108 2890
f 2889 3105 3107
f 2890 2897 2891
f 2890 3108 3109
f 2890 3109 2897
f 2891 2897 3110
f 2891 3110 2895
f 2891 2895 2894
f 2895 3110 2897
f 2896 3111 2898
f 2896 2897 3109
f 2896 3109 3112
f 2896 3112 3113
f 2896 3113 3114
f 2896 3114 3115
f 2896 3115 3116
f 2896 3116 3117
f 2896 3117 3118
f 2896 3118 3119
f 2896 3119 3120
f 2896 3120 3121
f 2896 3121 3111
f 2898 3111 3121
f 2898 3121 3122
f 2898 3122 2900
f 2900 3122 2901
f 2901 3122 3123
f 2901 3123 3124
f 2901 3124 2902
f 2902 3124 3125
f 2902 3125 3126
f 2902 3126 2903
f 2903 3126 3127
f 2903 3127 2905
f 2903 2905 2904
f 2905 3127 3128
f 2905 3128 2906
f 2906 3128 3129
f 2906 3129 3130
f 2906 3130 3131
f 2906 3131 3132
f 2906 3132 2907
f 2907 3132 2908
f 2908 3132 3133
f 2908 3133 2919
f 2909 2918 2917
f 2909 2917 3134
f 2909 3134 3135
f 2909 3135 3136
f 2909 3136 3137
f 2909 3137 2910
f 2910 3137 3138
f 2910 3138 3139
f 2910 3139 3140
f 2910 3140 2911
f 2911 3141 3142
f 2911 3142 3143
f 2911 3143 3144
f 2911 3144 2920
f 2911 3140 3141
f 2912 2919 2913
f 2913 2919 3145
f 2913 3145 2914
f 2914 3146 3147
f 2914 3147 3135
f 2914 3135 3134
f 2914 3134 2915
f 2914 3145 3146
f 2915 3134 2917
f 2915 2917 2916
f 2919 3133 3148
f 2919 3148 3145
f 2920 3144 2921
f 2921 3144 2926
f 2921 2926 2922
f 2922 2926 2923
f 2924 3149 3150
f 2924 3150 3151
f 2924 3151 2925
f 2924 2926 3152
f 2924 3152 3149
f 2925 3151 3153
f 2925 3153 2930
f 2925 2930 2927
f 2926 3144 3154
f 2926 3154 3152
f 2927 2930 2928
f 2931 3155 3339
f 2931 3339 3156
f 2931 2933 3157
f 2931 3157 3340
f 2931 3340 3155
f 2932 3156 3158
f 2932 3158 2935
f 2933 3159 3157
f 2934 3153 3159
f 2935 3158 3160
f 2935 3160 2936
f 2936 3160 3161
f 2936 3161 2941
f 2937 2946 3015
f 2938 2940 3165
f 2938 3165 3162
f 2938 3162 2939
f 2939 3162 2942
f 2940 3163 3164
f 2940 3164 3165
f 2941 3161 3163
f 2942 3162 3166
f 2942 3166 2943
f 2943 3166 3348
f 2943 3348 3167
f 2943 3167 3168
f 2943 3168 2944
f 2944 3168 3351
f 2944 3351 3169
f 2945 3169 3226
f 2945 3226 3015
f 2945 3015 2946
f 2947 2954 2953
f 2947 3090 3170
f 2947 3170 2967
f 2950 3103 2951
f 2951 3103 2952
f 2952 3100 3091
f 2952 3091 2953
f 2955 3095 3171
f 2955 3171 3172
f 2955 3172 2956
f 2955 2969 3090
f 2956 3172 2961
f 2956 2958 2957
f 2959 3173 2960
f 2959 2963 3173
f 2960 3173 2964
f 2961 3172 3174
f 2961 3174 2962
f 2962 3174 2963
f 2963 3175 3096
f 2963 3096 3072
f 2963 3072 3071
f 2963 3071 3176
f 2963 3176 3177
f 2963 3177 3178
f 2963 3178 3179
f 2963 3179 3180
f 2963 3180 3173
f 2963 3174 3171
f 2963 3171 3175
f 2964 2971 2965
f 2964 3173 2971
f 2965 2971 2966
f 2967 3170 2969
f 2967 2969 2968
f 2969 3170 3090
f 2971 3181 3182
f 2971 3182 2972
f 2971 3173 3183
f 2971 3183 3181
f 2972 3182 3184
f 2972 3184 3185
f 2972 3185 3186
f 2972 3186 2973
f 2972 2973 2974
f 2973 3186 3187
f 2973 3187 3188
f 2973 3188 3189
f 2973 3189 3190
f 2973 3190 2975
f 2975 3190 3191
f 2975 3191 3192
f 2975 3192 2976
f 2976 3192 2977
f 2977 3192 2978
f 2978 3193 3194
f 2978 3194 3195
f 2978 3195 3196
f 2978 3196 2979
f 2978 3192 3197
f 2978 3197 3198
f 2978 3198 3193
f 2979 3196 2980
f 2980 3196 2981
f 2981 3195 3199
f 2981 3199 3001
f 2981 2983 2982
f 2981 3196 3195
f 2985 2999 3200
f 2985 3200 2987
f 2985 2987 2986
f 2988 2994 3201
f 2988 3201 3202
f 2988 3202 3203
f 2988 3203 2995
f 2989 3204 2990
f 2989 3006 3005
f 2989 3005 3204
f 2990 3204 3205
f 2990 3205 3206
f 2990 3206 2991
f 2991 3206 3207
f 2991 3207 3208
f 2991 3208 2992
f 2992 3208 2993
f 2993 3208 3202
f 2993 3202 3201
f 2993 3201 2994
f 2995 3203 3209
f 2995 3209 3210
f 2995 3210 3211
f 2995 3211 3212
f 2995 3212 3213
f 2995 3213 2996
f 2996 3213 3214
f 2996 3214 2997
f 2997 3214 2998
f 2998 3214 3215
f 2998 3215 3200
f 2998 3200 2999
f 3001 3216 3002
f 3001 3199 3217
f 3001 3217 3216
f 3002 3216 3003
f 3003 3005 3007
f 3003 3216 3218
f 3003 3218 3005
f 3004 3007 3005
f 3005 3219 3204
f 3005 3218 3219
f 3008 3220 3221
f 3008 3221 3009
f 3008 3011 3223
f 3008 3223 3220
f 3009 3221 3228
f 3009 3228 3017
f 3010 3222 3223
f 3010 3223 3011
f 3010 3014 3225
f 3010 3225 3222
f 3012 3016 3013
f 3013 3224 3225
f 3013 3225 3014
f 3013 3016 3227
f 3013 3227 3224
f 3015 3226 3016
f 3016 3226 3398
f 3016 3398 3227
f 3017 3228 3229
f 3017 3229 3018
f 3018 3229 3230
f 3018 3230 3019
f 3020 3231 3023
f 3020 3023 3022
f 3020 3021 3232
f 3020 3232 3231
f 3021 3230 3233
f 3021 3233 3234
f 3021 3234 3232
f 3023 3231 3024
f 3024 3231 3240
f 3024 3240 3031
f 3025 3235 3043
f 3025 3043 3042
f 3025 3042 3041
f 3025 3041 3026
f 3025 3028 3236
f 3025 3236 3235
f 3026 3041 3032
f 3026 3032 3029
f 3027 3030 3028
f 3028 3235 3236
f 3028 3030 3031
f 3028 3031 3237
f 3028 3237 3238
f 3028 3238 3239
f 3028 3239 3235
f 3031 3240 3406
f 3031 3406 3237
f 3032 3041 3033
f 3034 3045 3241
f 3034 3241 3242
f 3034 3242 3243
f 3034 3243 3035
f 3035 3243 3036
f 3036 3243 3244
f 3036 3244 3245
f 3036 3245 3246
f 3036 3246 3247
f 3036 3247 3037
f 3037 3247 3049
f 3043 3248 3044
f 3043 3235 3249
f 3043 3249 3248
f 3044 3248 3045
f 3045 3250 3242
f 3045 3242 3251
f 3045 3251 3241
f 3045 3248 3252
f 3045 3252 3250
f 3049 3247 3253
f 3049 3253 3254
f 3049 3254 3050
f 3050 3255 3256
f 3050 3256 3257
f 3050 3257 3258
f 3050 3258 3052
f 3050 3254 3255
f 3052 3258 3053
f 3053 3078 3055
f 3053 3055 3054
f 3053 3258 3257
f 3053 3257 3078
f 3055 3078 3056
f 3056 3078 3057
f 3058 3077 3059
f 3059 3259 3061
f 3059 3061 3060
f 3059 3077 3260
f 3059 3260 3261
f 3059 3261 3262
f 3059 3262 3263
f 3059 3263 3259
f 3061 3259 3263
f 3061 3263 3264
f 3061 3264 3068
f 3063 3070 3064
f 3064 3070 3265
f 3064 3265 3266
f 3064 3266 3267
f 3064 3267 3065
f 3065 3178 3176
f 3065 3176 3071
f 3065 3071 3066
f 3065 3267 3179
f 3065 3179 3178
f 3066 3071 3067
f 3068 3264 3069
f 3069 3264 3070
f 3070 3266 3265
f 3070 3264 3262
f 3070 3262 3268
f 3070 3268 3266
f 3072 3269 3089
f 3072 3096 3270
f 3072 3270 3269
f 3074 3087 3271
f 3074 3271 3075
f 3075 3272 3273
f 3075 3273 3274
f 3075 3274 3076
f 3075 3271 3272
f 3076 3274 3260
f 3076 3260 3077
f 3078 3257 3079
f 3079 3257 3275
f 3079 3275 3276
f 3079 3276 3277
f 3079 3277 3081
f 3081 3277 3278
f 3081 3278 3082
f 3082 3279 3085
f 3082 3085 3083
f 3082 3278 3280
f 3082 3280 3281
f 3082 3281 3282
f 3082 3282 3283
f 3082 3283 3279
f 3083 3085 3084
f 3085 3279 3283
f 3085 3283 3284
f 3085 3284 3285
f 3085 3285 3286
f 3085 3286 3287
f 3085 3287 3288
f 3085 3288 3087
f 3085 3087 3086
f 3087 3288 3287
f 3087 3287 3271
f 3089 3269 3270
f 3089 3270 3289
f 3089 3289 3096
f 3091 3100 3092
f 3094 3099 3098
f 3094 3098 3290
f 3094 3290 3171
f 3094 3171 3095
f 3096 3289 3270
f 3096 3175 3098
f 3096 3098 3097
f 3098 3175 3171
f 3098 3171 3290
f 3100 3102 3101
f 3104 3106 3105
f 3105 3291 3292
f 3105 3292 3293
f 3105 3293 3294
f 3105 3294 3107
f 3107 3294 3293
f 3107 3293 3108
f 3108 3293 3295
f 3108 3295 3296
f 3108 3296 3114
f 3108 3114 3113
f 3108 3113 3112
f 3108 3112 3109
f 3114 3297 3115
f 3114 3296 3297
f 3115 3297 3116
f 3116 3297 3298
f 3116 3298 3117
f 3117 3299 3300
f 3117 3300 3301
f 3117 3301 3302
f 3117 3302 3303
f 3117 3303 3118
f 3117 3298 3304
f 3117 3304 3299
f 3118 3303 3305
f 3118 3305 3120
f 3118 3120 3119
f 3120 3306 3307
f 3120 3307 3308
f 3120 3308 3309
f 3120 3309 3121
f 3120 3305 3306
f 3121 3309 3122
f 3122 3309 3310
f 3122 3310 3123
f 3123 3310 3311
f 3123 3311 3312
f 3123 3312 3313
f 3123 3313 3124
f 3124 3313 3125
f 3125 3313 3126
f 3126 3313 3314
f 3126 3314 3315
f 3126 3315 3316
f 3126 3316 3317
f 3126 3317 3127
f 3127 3317 3128
f 3128 3317 3316
f 3128 3316 3129
f 3129 3316 3318
f 3129 3318 3146
f 3129 3146 3130
f 3130 3145 3148
f 3130 3148 3131
f 3130 3146 3145
f 3131 3148 3133
f 3131 3133 3132
f 3135 3147 3136
f 3136 3319 3137
f 3136 3147 3320
f 3136 3320 3319
f 3137 3319 3138
f 3138 3319 3321
f 3138 3321 3139
f 3139 3321 3322
f 3139 3322 3323
f 3139 3323 3140
f 3140 3323 3141
f 3141 3323 3324
f 3141 3324 3325
f 3141 3325 3326
f 3141 3326 3327
f 3141 3327 3142
f 3142 3327 3328
f 3142 3328 3143
f 3143 3328 3329
f 3143 3329 3154
f 3143 3154 3144
f 3146 3318 3330
f 3146 3330 3147
f 3147 3330 3331
f 3147 3331 3332
f 3147 3332 3333
f 3147 3333 3319
f 3147 3319 3320
f 3149 3334 3335
f 3149 3335 3150
f 3149 3152 3337
f 3149 3337 3334
f 3150 3335 3503
f 3150 3503 3336
f 3150 3336 3159
f 3150 3159 3151
f 3151 3159 3153
f 3152 3154 3329
f 3152 3329 3337
f 3155 3338 3506
f 3155 3506 3339
f 3155 3340 3341
f 3155 3341 3338
f 3156 3339 3509
f 3156 3509 3342
f 3156 3342 3158
f 3157 3159 3336
f 3157 3336 3503
f 3157 3503 3340
f 3158 3342 3343
f 3158 3343 3160
f 3160 3343 3161
f 3161 3343 3164
f 3161 3164 3163
f 3162 3165 3344
f 3162 3344 3345
f 3162 3345 3166
f 3164 3346 3347
f 3164 3347 3165
f 3164 3343 3511
f 3164 3511 3346
f 3165 3347 3512
f 3165 3512 3344
f 3166 3345 3513
f 3166 3513 3348
f 3167 3348 3349
f 3167 3349 3350
f 3167 3350 3168
f 3168 3350 3521
f 3168 3521 3351
f 3169 3351 3398
f 3169 3398 3226
f 3171 3174 3172
f 3173 3180 3352
f 3173 3352 3353
f 3173 3353 3183
f 3176 3178 3177
f 3179 3267 3353
f 3179 3353 3352
f 3179 3352 3180
f 3181 3354 3185
f 3181 3185 3184
f 3181 3184 3182
f 3181 3183 3355
f 3181 3355 3354
f 3183 3353 3268
f 3183 3268 3355
f 3185 3354 3356
f 3185 3356 3357
f 3185 3357 3187
f 3185 3187 3186
f 3187 3358 3188
f 3187 3357 3359
f 3187 3359 3358
f 3188 3358 3189
f 3189 3358 3360
f 3189 3360 3197
f 3189 3197 3190
f 3190 3197 3191
f 3191 3197 3192
f 3193 3198 3361
f 3193 3361 3362
f 3193 3362 3194
f 3194 3362 3363
f 3194 3363 3195
f 3195 3363 3199
f 3197 3364 3365
f 3197 3365 3366
f 3197 3366 3198
f 3197 3360 3367
f 3197 3367 3368
f 3197 3368 3369
f 3197 3369 3370
f 3197 3370 3364
f 3198 3366 3361
f 3199 3363 3217
f 3202 3208 3371
f 3202 3371 3372
f 3202 3372 3209
f 3202 3209 3203
f 3204 3219 3373
f 3204 3373 3374
f 3204 3374 3205
f 3205 3374 3375
f 3205 3375 3206
f 3206 3375 3207
f 3207 3376 3377
f 3207 3377 3371
f 3207 3371 3208
f 3207 3375 3378
f 3207 3378 3379
f 3207 3379 3376
f 3209 3372 3371
f 3209 3371 3210
f 3210 3371 3381
f 3210 3381 3380
f 3211 3382 3212
f 3212 3382 3383
f 3212 3383 3384
f 3212 3384 3213
f 3213 3384 3214
f 3214 3384 3215
f 3216 3217 3385
f 3216 3385 3386
f 3216 3386 3387
f 3216 3387 3219
f 3216 3219 3218
f 3217 3363 3362
f 3217 3362 3361
f 3217 3361 3388
f 3217 3388 3389
f 3217 3389 3390
f 3217 3390 3385
f 3219 3387 3386
f 3219 3386 3390
f 3219 3390 3391
f 3219 3391 3373
f 3220 3392 3221
f 3220 3223 3393
f 3220 3393 3392
f 3221 3394 3395
f 3221 3395 3396
f 3221 3396 3228
f 3221 3392 3394
f 3222 3393 3223
f 3222 3225 3393
f 3224 3397 3393
f 3224 3393 3225
f 3224 3227 3397
f 3227 3398 3399
f 3227 3399 3400
f 3227 3400 3401
f 3227 3401 3397
f 3228 3396 3229
f 3229 3396 3230
f 3230 3396 3233
f 3231 3232 3240
f 3232 3234 3240
f 3233 3396 3402
f 3233 3402 3234
f 3234 3402 3403
f 3234 3403 3240
f 3235 3404 3405
f 3235 3405 3249
f 3235 3239 3404
f 3237 3406 3407
f 3237 3407 3408
f 3237 3408 3409
f 3237 3409 3239
f 3237 3239 3238
f 3239 3409 3410
f 3239 3410 3411
f 3239 3411 3405
f 3239 3405 3412
f 3239 3412 3404
f 3240 3403 3413
f 3240 3413 3406
f 3241 3251 3242
f 3242 3414 3415
f 3242 3415 3243
f 3242 3250 3252
f 3242 3252 3416
f 3242 3416 3417
f 3242 3417 3418
f 3242 3418 3414
f 3243 3245 3244
f 3243 3415 3419
f 3243 3419 3245
f 3245 3420 3246
f 3245 3419 3420
f 3246 3420 3421
f 3246 3421 3254
f 3246 3254 3247
f 3247 3254 3253
f 3248 3249 3422
f 3248 3422 3252
f 3249 3423 3424
f 3249 3424 3425
f 3249 3425 3422
f 3249 3405 3411
f 3249 3411 3423
f 3252 3422 3426
f 3252 3426 3417
f 3252 3417 3416
f 3254 3421 3255
f 3255 3421 3256
f 3256 3421 3257
f 3257 3421 3276
f 3257 3276 3275
f 3260 3274 3427
f 3260 3427 3261
f 3261 3428 3429
f 3261 3429 3430
f 3261 3430 3431
f 3261 3431 3432
f 3261 3432 3262
f 3261 3427 3274
f 3261 3274 3428
f 3262 3264 3263
f 3262 3432 3268
f 3266 3268 3267
f 3267 3268 3353
f 3268 3432 3433
f 3268 3433 3434
f 3268 3434 3355
f 3271 3287 3435
f 3271 3435 3436
f 3271 3436 3272
f 3272 3436 3437
f 3272 3437 3438
f 3272 3438 3273
f 3273 3438 3439
f 3273 3439 3440
f 3273 3440 3441
f 3273 3441 3274
f 3274 3441 3442
f 3274 3442 3443
f 3274 3443 3444
f 3274 3444 3428
f 3276 3421 3420
f 3276 3420 3277
f 3277 3445 3280
f 3277 3280 3278
f 3277 3420 3446
f 3277 3446 3447
f 3277 3447 3448
f 3277 3448 3449
f 3277 3449 3450
f 3277 3450 3451
f 3277 3451 3445
f 3280 3445 3281
f 3281 3445 3451
f 3281 3451 3282
f 3282 3451 3283
f 3283 3451 3452
f 3283 3452 3453
f 3283 3453 3454
f 3283 3454 3455
f 3283 3455 3456
f 3283 3456 3457
f 3283 3457 3284
f 3284 3457 3285
f 3285 3457 3286
f 3286 3457 3458
f 3286 3458 3435
f 3286 3435 3287
f 3291 3459 3460
f 3291 3460 3292
f 3292 3460 3461
f 3292 3461 3462
f 3292 3462 3293
f 3293 3462 3295
f 3295 3462 3461
f 3295 3461 3463
f 3295 3463 3298
f 3295 3298 3296
f 3296 3298 3297
f 3298 3463 3304
f 3299 3464 3465
f 3299 3465 3466
f 3299 3466 3300
f 3299 3304 3464
f 3300 3467 3468
f 3300 3468 3301
f 3300 3466 3469
f 3300 3469 3467
f 3301 3470 3471
f 3301 3471 3302
f 3301 3468 3470
f 3302 3471 3305
f 3302 3305 3303
f 3304 3463 3461
f 3304 3461 3465
f 3304 3465 3464
f 3305 3471 3472
f 3305 3472 3473
f 3305 3473 3474
f 3305 3474 3306
f 3306 3474 3473
f 3306 3473 3307
f 3307 3475 3476
f 3307 3476 3477
f 3307 3477 3478
f 3307 3478 3308
f 3307 3473 3475
f 3308 3311 3310
f 3308 3310 3309
f 3308 3478 3311
f 3311 3479 3316
f 3311 3316 3314
f 3311 3314 3313
f 3311 3313 3312
f 3311 3478 3480
f 3311 3480 3481
f 3311 3481 3479
f 3314 3316 3315
f 3316 3482 3318
f 3316 3479 3483
f 3316 3483 3484
f 3316 3484 3485
f 3316 3485 3486
f 3316 3486 3487
f 3316 3487 3488
f 3316 3488 3489
f 3316 3489 3490
f 3316 3490 3482
f 3318 3482 3490
f 3318 3490 3491
f 3318 3491 3492
f 3318 3492 3331
f 3318 3331 3330
f 3319 3333 3493
f 3319 3493 3321
f 3321 3493 3494
f 3321 3494 3324
f 3321 3324 3322
f 3322 3324 3323
f 3324 3494 3495
f 3324 3495 3496
f 3324 3496 3326
f 3324 3326 3325
f 3326 3496 3497
f 3326 3497 3498
f 3326 3498 3327
f 3327 3498 3328
f 3328 3337 3329
f 3328 3498 3499
f 3328 3499 3500
f 3328 3500 3337
f 3331 3492 3332
f 3332 3492 3333
f 3333 3492 3501
f 3333 3501 3489
f 3333 3489 3493
f 3334 3500 3335
f 3334 3337 3500
f 3335 3500 3502
f 3335 3502 3510
f 3335 3510 3503
f 3338 3504 3505
f 3338 3505 3506
f 3338 3341 3507
f 3338 3507 3504
f 3339 3506 3508
f 3339 3508 3509
f 3340 3503 3510
f 3340 3510 3341
f 3341 3510 3681
f 3341 3681 3507
f 3342 3509 3511
f 3342 3511 3343
f 3344 3512 3513
f 3344 3513 3345
f 3346 3514 3515
f 3346 3515 3347
f 3346 3511 3516
f 3346 3516 3514
f 3347 3515 3686
f 3347 3686 3517
f 3347 3517 3512
f 3348 3513 3517
f 3348 3517 3349
f 3349 3517 3518
f 3349 3518 3519
f 3349 3519 3520
f 3349 3520 3350
f 3350 3520 3691
f 3350 3691 3521
f 3351 3521 3399
f 3351 3399 3398
f 3354 3522 3356
f 3354 3355 3434
f 3354 3434 3433
f 3354 3433 3432
f 3354 3432 3522
f 3356 3430 3359
f 3356 3359 3357
f 3356 3522 3432
f 3356 3432 3430
f 3358 3523 3369
f 3358 3369 3368
f 3358 3368 3360
f 3358 3359 3524
f 3358 3524 3525
f 3358 3525 3523
f 3359 3430 3524
f 3360 3368 3367
f 3361 3526 3527
f 3361 3527 3388
f 3361 3366 3528
f 3361 3528 3529
f 3361 3529 3526
f 3364 3530 3528
f 3364 3528 3365
f 3364 3370 3531
f 3364 3531 3532
f 3364 3532 3530
f 3365 3528 3366
f 3369 3523 3370
f 3370 3523 3533
f 3370 3533 3531
f 3371 3377 3381
f 3373 3391 3534
f 3373 3534 3535
f 3373 3535 3536
f 3373 3536 3537
f 3373 3537 3538
f 3373 3538 3539
f 3373 3539 3540
f 3373 3540 3541
f 3373 3541 3374
f 3374 3542 3543
f 3374 3543 3544
f 3374 3544 3545
f 3374 3545 3375
f 3374 3541 3546
f 3374 3546 3547
f 3374 3547 3548
f 3374 3548 3549
f 3374 3549 3550
f 3374 3550 3551
f 3374 3551 3542
f 3375 3545 3378
f 3376 3552 3553
f 3376 3553 3554
f 3376 3554 3377
f 3376 3379 3555
f 3376 3555 3552
f 3377 3554 3381
f 3378 3545 3556
f 3378 3556 3379
f 3379 3556 3557
f 3379 3557 3555
f 3380 3381 3554
f 3385 3390 3386
f 3388 3527 3558
f 3388 3558 3559
f 3388 3559 3389
f 3389 3560 3561
f 3389 3561 3562
f 3389 3562 3563
f 3389 3563 3390
f 3389 3559 3560
f 3390 3563 3564
f 3390 3564 3535
f 3390 3535 3534
f 3390 3534 3391
f 3392 3565 3394
f 3392 3393 3565
f 3393 3566 3567
f 3393 3567 3565
f 3393 3397 3401
f 3393 3401 3568
f 3393 3568 3566
f 3394 3569 3570
f 3394 3570 3571
f 3394 3571 3395
f 3394 3565 3569
f 3395 3571 3572
f 3395 3572 3396
f 3396 3572 3402
f 3399 3573 3400
f 3399 3521 3574
f 3399 3574 3573
f 3400 3573 3575
f 3400 3575 3576
f 3400 3576 3577
f 3400 3577 3401
f 3401 3577 3568
f 3402 3572 3578
f 3402 3578 3579
f 3402 3579 3403
f 3403 3580 3413
f 3403 3579 3580
f 3404 3412 3405
f 3406 3413 3581
f 3406 3581 3582
f 3406 3582 3407
f 3407 3582 3583
f 3407 3583 3408
f 3408 3583 3584
f 3408 3584 3585
f 3408 3585 3410
f 3408 3410 3409
f 3410 3585 3411
f 3411 3585 3586
f 3411 3586 3587
f 3411 3587 3423
f 3413 3580 3588
f 3413 3588 3581
f 3414 3446 3415
f 3414 3418 3446
f 3415 3446 3419
f 3417 3589 3418
f 3417 3426 3589
f 3418 3589 3590
f 3418 3590 3446
f 3419 3446 3420
f 3422 3425 3426
f 3423 3587 3424
f 3424 3591 3592
f 3424 3592 3425
f 3424 3587 3586
f 3424 3586 3593
f 3424 3593 3591
f 3425 3592 3594
f 3425 3594 3426
f 3426 3595 3589
f 3426 3594 3596
f 3426 3596 3595
f 3428 3444 3597
f 3428 3597 3429
f 3429 3597 3598
f 3429 3598 3599
f 3429 3599 3600
f 3429 3600 3430
f 3430 3600 3524
f 3430 3432 3431
f 3435 3458 3601
f 3435 3601 3602
f 3435 3602 3603
f 3435 3603 3604
f 3435 3604 3605
f 3435 3605 3606
f 3435 3606 3436
f 3436 3606 3607
f 3436 3607 3437
f 3437 3607 3608
f 3437 3608 3609
f 3437 3609 3610
f 3437 3610 3439
f 3437 3439 3438
f 3439 3610 3611
f 3439 3611 3612
f 3439 3612 3613
f 3439 3613 3614
f 3439 3614 3441
f 3439 3441 3440
f 3441 3614 3615
f 3441 3615 3442
f 3442 3615 3443
f 3443 3615 3599
f 3443 3599 3597
f 3443 3597 3444
f 3446 3590 3616
f 3446 3616 3617
f 3446 3617 3447
f 3447 3617 3618
f 3447 3618 3619
f 3447 3619 3620
f 3447 3620 3621
f 3447 3621 3450
f 3447 3450 3448
f 3448 3450 3449
f 3450 3621 3620
f 3450 3620 3619
f 3450 3619 3451
f 3451 3619 3622
f 3451 3622 3452
f 3452 3622 3623
f 3452 3623 3453
f 3453 3623 3622
f 3453 3622 3624
f 3453 3624 3625
f 3453 3625 3626
f 3453 3626 3454
f 3454 3626 3627
f 3454 3627 3628
f 3454 3628 3455
f 3455 3628 3601
f 3455 3601 3457
f 3455 3457 3456
f 3457 3601 3458
f 3459 3629 3630
f 3459 3630 3631
f 3459 3631 3460
f 3460 3631 3469
f 3460 3469 3465
f 3460 3465 3461
f 3465 3469 3466
f 3467 3632 3633
f 3467 3633 3634
f 3467 3634 3635
f 3467 3635 3468
f 3467 3469 3632
f 3468 3635 3470
f 3469 3631 3636
f 3469 3636 3637
f 3469 3637 3632
f 3470 3635 3638
f 3470 3638 3471
f 3471 3638 3639
f 3471 3639 3472
f 3472 3639 3640
f 3472 3640 3641
f 3472 3641 3473
f 3473 3641 3476
f 3473 3476 3475
f 3476 3641 3642
f 3476 3642 3643
f 3476 3643 3477
f 3477 3644 3478
f 3477 3643 3645
f 3477 3645 3646
f 3477 3646 3647
f 3477 3647 3648
f 3477 3648 3644
f 3478 3644 3480
f 3479 3484 3483
f 3479 3481 3484
f 3480 3649 3650
f 3480 3650 3651
f 3480 3651 3652
f 3480 3652 3653
f 3480 3653 3654
f 3480 3654 3481
f 3480 3644 3649
f 3481 3654 3484
f 3484 3655 3485
f 3484 3654 3486
f 3484 3486 3655
f 3485 3655 3486
f 3486 3654 3653
f 3486 3653 3656
f 3486 3656 3487
f 3487 3656 3657
f 3487 3657 3658
f 3487 3658 3489
f 3487 3489 3488
f 3489 3658 3659
f 3489 3659 3493
f 3489 3501 3660
f 3489 3660 3490
f 3490 3660 3501
f 3490 3501 3492
f 3490 3492 3491
f 3493 3659 3661
f 3493 3661 3662
f 3493 3662 3663
f 3493 3663 3494
f 3494 3663 3664
f 3494 3664 3665
f 3494 3665 3495
f 3495 3497 3496
f 3495 3665 3664
f 3495 3664 3666
f 3495 3666 3667
f 3495 3667 3853
f 3495 3853 3668
f 3495 3668 3669
f 3495 3669 3499
f 3495 3499 3497
f 3497 3499 3498
f 3499 3669 3668
f 3499 3668 3670
f 3499 3670 3500
f 3500 3670 3502
f 3502 3670 3671
f 3502 3671 3510
f 3504 3672 3673
f 3504 3673 3674
f 3504 3674 3675
f 3504 3675 3505
f 3504 3507 3676
f 3504 3676 3677
f 3504 3677 3856
f 3504 3856 3672
f 3505 3675 3678
f 3505 3678 3679
f 3505 3679 3506
f 3506 3679 3680
f 3506 3680 3508
f 3507 3681 3671
f 3507 3671 3682
f 3507 3682 3676
f 3508 3680 3683
f 3508 3683 3511
f 3508 3511 3509
f 3510 3671 3681
f 3511 3683 3516
f 3512 3517 3513
f 3514 3684 3685
f 3514 3685 3515
f 3514 3516 3684
f 3515 3685 3688
f 3515 3688 3686
f 3516 3683 3687
f 3516 3687 3684
f 3517 3686 3518
f 3518 3686 3688
f 3518 3688 3519
f 3519 3689 3690
f 3519 3690 3520
f 3519 3688 3689
f 3520 3690 3879
f 3520 3879 3691
f 3521 3691 3574
f 3523 3525 3692
f 3523 3692 3693
f 3523 3693 3533
f 3524 3600 3599
f 3524 3599 3525
f 3525 3599 3694
f 3525 3694 3692
f 3526 3529 3695
f 3526 3695 3527
f 3527 3695 3696
f 3527 3696 3558
f 3528 3695 3529
f 3528 3530 3696
f 3528 3696 3695
f 3530 3558 3696
f 3530 3532 3559
f 3530 3559 3558
f 3531 3533 3697
f 3531 3697 3698
f 3531 3698 3699
f 3531 3699 3700
f 3531 3700 3701
f 3531 3701 3559
f 3531 3559 3532
f 3533 3693 3702
f 3533 3702 3697
f 3535 3564 3703
f 3535 3703 3536
f 3536 3704 3538
f 3536 3538 3537
f 3536 3703 3705
f 3536 3705 3706
f 3536 3706 3707
f 3536 3707 3704
f 3538 3708 3539
f 3538 3704 3709
f 3538 3709 3706
f 3538 3706 3710
f 3538 3710 3708
f 3539 3708 3711
f 3539 3711 3541
f 3539 3541 3540
f 3541 3711 3720
f 3541 3720 3546
f 3542 3551 3715
f 3542 3715 3543
f 3543 3712 3713
f 3543 3713 3714
f 3543 3714 3544
f 3543 3715 3716
f 3543 3716 3717
f 3543 3717 3718
f 3543 3718 3712
f 3544 3719 3545
f 3544 3714 3719
f 3545 3719 3556
f 3546 3720 3548
f 3546 3548 3547
f 3548 3720 3721
f 3548 3721 3722
f 3548 3722 3723
f 3548 3723 3724
f 3548 3724 3725
f 3548 3725 3726
f 3548 3726 3550
f 3548 3550 3549
f 3550 3726 3715
f 3550 3715 3551
f 3552 3555 3727
f 3552 3727 3728
f 3552 3728 3553
f 3553 3728 3730
f 3553 3730 3729
f 3555 3557 3731
f 3555 3731 3732
f 3555 3732 3733
f 3555 3733 3727
f 3556 3719 3557
f 3557 3719 3734
f 3557 3734 3731
f 3559 3701 3700
f 3559 3700 3735
f 3559 3735 3736
f 3559 3736 3737
f 3559 3737 3561
f 3559 3561 3560
f 3561 3737 3705
f 3561 3705 3562
f 3562 3703 3563
f 3562 3705 3703
f 3563 3703 3564
f 3565 3738 3739
f 3565 3739 3569
f 3565 3567 3740
f 3565 3740 3738
f 3566 3568 3567
f 3567 3741 3740
f 3567 3568 3741
f 3568 3577 3742
f 3568 3742 3741
f 3569 3739 3570
f 3570 3739 3743
f 3570 3743 3571
f 3571 3743 3578
f 3571 3578 3572
f 3573 3574 3744
f 3573 3744 3575
f 3574 3691 3744
f 3575 3745 3746
f 3575 3746 3576
f 3575 3744 3747
f 3575 3747 3745
f 3576 3746 3742
f 3576 3742 3577
f 3578 3748 3579
f 3578 3743 3748
f 3579 3748 3749
f 3579 3749 3580
f 3580 3749 3750
f 3580 3750 3588
f 3581 3588 3582
f 3582 3588 3751
f 3582 3751 3583
f 3583 3751 3750
f 3583 3750 3752
f 3583 3752 3753
f 3583 3753 3584
f 3584 3753 3585
f 3585 3754 3593
f 3585 3593 3586
f 3585 3753 3755
f 3585 3755 3756
f 3585 3756 3757
f 3585 3757 3754
f 3588 3750 3751
f 3589 3595 3590
f 3590 3595 3758
f 3590 3758 3759
f 3590 3759 3616
f 3591 3760 3761
f 3591 3761 3592
f 3591 3593 3760
f 3592 3761 3594
f 3593 3754 3762
f 3593 3762 3763
f 3593 3763 3760
f 3594 3761 3764
f 3594 3764 3596
f 3595 3765 3758
f 3595 3596 3766
f 3595 3766 3765
f 3596 3764 3767
f 3596 3767 3768
f 3596 3768 3769
f 3596 3769 3766
f 3597 3599 3598
f 3599 3615 3613
f 3599 3613 3694
f 3601 3628 3770
f 3601 3770 3771
f 3601 3771 3602
f 3602 3771 3603
f 3603 3771 3770
f 3603 3770 3772
f 3603 3772 3773
f 3603 3773 3605
f 3603 3605 3604
f 3605 3773 3774
f 3605 3774 3775
f 3605 3775 3776
f 3605 3776 3777
f 3605 3777 3778
f 3605 3778 3608
f 3605 3608 3607
f 3605 3607 3606
f 3608 3778 3779
f 3608 3779 3609
f 3609 3780 3613
f 3609 3613 3610
f 3609 3779 3781
f 3609 3781 3782
f 3609 3782 3702
f 3609 3702 3780
f 3610 3613 3612
f 3610 3612 3611
f 3613 3780 3783
f 3613 3783 3784
f 3613 3784 3702
f 3613 3702 3693
f 3613 3693 3692
f 3613 3692 3694
f 3613 3615 3614
f 3616 3759 3785
f 3616 3785 3617
f 3617 3785 3618
f 3618 3785 3786
f 3618 3786 3619
f 3619 3786 3787
f 3619 3787 3788
f 3619 3788 3789
f 3619 3789 3790
f 3619 3790 3791
f 3619 3791 3622
f 3622 3791 3792
f 3622 3792 3624
f 3624 3792 3626
f 3624 3626 3625
f 3626 3793 3628
f 3626 3628 3627
f 3626 3792 3794
f 3626 3794 3795
f 3626 3795 3796
f 3626 3796 3797
f 3626 3797 3798
f 3626 3798 3793
f 3628 3793 3799
f 3628 3799 3800
f 3628 3800 3770
f 3629 3801 3802
f 3629 3802 3803
f 3629 3803 3630
f 3630 3803 3804
f 3630 3804 3631
f 3631 3804 3805
f 3631 3805 3636
f 3632 3806 3807
f 3632 3807 3808
f 3632 3808 3809
f 3632 3809 3810
f 3632 3810 3811
f 3632 3811 3812
f 3632 3812 3633
f 3632 3637 3806
f 3633 3811 3813
f 3633 3813 3634
f 3633 3812 3814
f 3633 3814 3811
f 3634 3813 3815
f 3634 3815 3816
f 3634 3816 3635
f 3635 3817 3642
f 3635 3642 3640
f 3635 3640 3638
f 3635 3816 3817
f 3636 3805 3818
f 3636 3818 3819
f 3636 3819 3637
f 3637 3819 3806
f 3638 3640 3639
f 3640 3642 3820
f 3640 3820 3641
f 3641 3820 3642
f 3642 3821 3822
f 3642 3822 3823
f 3642 3823 3824
f 3642 3824 3825
f 3642 3825 3826
f 3642 3826 3827
f 3642 3827 3643
f 3642 3817 3815
f 3642 3815 3821
f 3643 3827 3826
f 3643 3826 3645
f 3644 3648 3828
f 3644 3828 3649
f 3645 3826 3646
f 3646 3826 3829
f 3646 3829 3647
f 3647 3830 3831
f 3647 3831 3832
f 3647 3832 3833
f 3647 3833 3648
f 3647 3829 3834
f 3647 3834 3830
f 3648 3833 3828
f 3649 3828 3650
f 3650 3832 3835
f 3650 3835 3836
f 3650 3836 3837
f 3650 3837 3651
f 3650 3828 3832
f 3651 3837 3838
f 3651 3838 3652
f 3652 3839 3657
f 3652 3657 3656
f 3652 3656 3653
f 3652 3838 3840
f 3652 3840 3839
f 3657 3839 3841
f 3657 3841 3842
f 3657 3842 3843
f 3657 3843 3844
f 3657 3844 3845
f 3657 3845 3846
f 3657 3846 3658
f 3658 3846 3847
f 3658 3847 3659
f 3659 3847 3848
f 3659 3848 3661
f 3661 3848 3664
f 3661 3664 3662
f 3662 3664 3663
f 3664 3848 3849
f 3664 3849 3666
f 3666 3849 3850
f 3666 3850 3851
f 3666 3851 3852
f 3666 3852 3667
f 3667 3852 3853
f 3668 3853 3854
f 3668 3854 3855
f 3668 3855 3670
f 3670 3855 3682
f 3670 3682 3671
f 3672 3856 3857
f 3672 3857 3673
f 3673 3858 3859
f 3673 3859 3860
f 3673 3860 3861
f 3673 3861 3862
f 3673 3862 3863
f 3673 3863 3864
f 3673 3864 3865
f 3673 3865 3866
f 3673 3866 3867
f 3673 3867 3678
f 3673 3678 3675
f 3673 3675 3674
f 3673 3857 3858
f 3676 3682 3854
f 3676 3854 3868
f 3676 3868 3869
f 3676 3869 3677
f 3677 3869 3856
f 3678 3867 3870
f 3678 3870 3871
f 3678 3871 3687
f 3678 3687 3679
f 3679 3687 3680
f 3680 3687 3683
f 3682 3855 3854
f 3684 3872 3873
f 3684 3873 3685
f 3684 3687 3871
f 3684 3871 3872
f 3685 3873 3874
f 3685 3874 3688
f 3688 3875 3689
f 3688 3874 3875
f 3689 3876 3877
f 3689 3877 3690
f 3689 3875 3876
f 3690 3877 3878
f 3690 3878 3879
f 3691 3879 3744
f 3697 3702 3880
f 3697 3880 3881
f 3697 3881 3882
f 3697 3882 3698
f 3698 3882 3881
f 3698 3881 3883
f 3698 3883 3777
f 3698 3777 3699
f 3699 3777 3736
f 3699 3736 3700
f 3700 3736 3735
f 3702 3782 3883
f 3702 3883 3881
f 3702 3881 3880
f 3702 3784 3780
f 3704 3707 3706
f 3704 3706 3709
f 3705 3737 3884
f 3705 3884 3885
f 3705 3885 3886
f 3705 3886 3710
f 3705 3710 3706
f 3708 3887 3721
f 3708 3721 3711
f 3708 3710 3887
f 3710 3886 3723
f 3710 3723 3722
f 3710 3722 3887
f 3711 3721 3720
f 3712 3888 3713
f 3712 3718 3888
f 3713 3888 4089
f 3713 4089 3889
f 3713 3889 3890
f 3713 3890 3714
f 3714 3890 3891
f 3714 3891 3892
f 3714 3892 3719
f 3715 3893 3894
f 3715 3894 3895
f 3715 3895 3718
f 3715 3718 3716
f 3715 3726 3725
f 3715 3725 3896
f 3715 3896 3897
f 3715 3897 3898
f 3715 3898 3899
f 3715 3899 3893
f 3716 3718 3717
f 3718 3895 3900
f 3718 3900 3901
f 3718 3901 3902
f 3718 3902 3888
f 3719 3892 3903
f 3719 3903 3904
f 3719 3904 3734
f 3721 3887 3722
f 3723 3886 3905
f 3723 3905 3906
f 3723 3906 3724
f 3724 3907 3725
f 3724 3906 3907
f 3725 3907 3908
f 3725 3908 3909
f 3725 3909 3910
f 3725 3910 3911
f 3725 3911 3896
f 3727 3912 3913
f 3727 3913 3914
f 3727 3914 3915
f 3727 3915 3728
f 3727 3733 3916
f 3727 3916 3917
f 3727 3917 3918
f 3727 3918 3912
f 3728 3915 3914
f 3728 3914 3730
f 3729 3730 3919
f 3730 3914 3919
f 3731 3734 3920
f 3731 3920 3732
f 3732 3916 3733
f 3732 3920 4129
f 3732 4129 3916
f 3734 3904 3921
f 3734 3921 3920
f 3736 3777 3922
f 3736 3922 3923
f 3736 3923 3737
f 3737 3923 3924
f 3737 3924 3925
f 3737 3925 3926
f 3737 3926 3884
f 3738 3740 3927
f 3738 3927 3928
f 3738 3928 3739
f 3739 3928 3743
f 3740 3929 3927
f 3740 3741 3929
f 3741 3742 3929
f 3742 3746 3930
f 3742 3930 3929
f 3743 3931 3748
f 3743 3928 3931
f 3744 3879 3747
f 3745 3932 3933
f 3745 3933 3746
f 3745 3747 3934
f 3745 3934 3932
f 3746 3933 3935
f 3746 3935 3930
f 3747 3879 3878
f 3747 3878 3934
f 3748 3936 3749
f 3748 3931 3936
f 3749 3936 3937
f 3749 3937 3752
f 3749 3752 3750
f 3752 3756 3755
f 3752 3755 3753
f 3752 3937 3756
f 3754 3938 3939
f 3754 3939 3940
f 3754 3940 3762
f 3754 3757 3938
f 3756 3941 3757
f 3756 3937 3942
f 3756 3942 3941
f 3757 3941 3943
f 3757 3943 3938
f 3758 3765 3944
f 3758 3944 3759
f 3759 3945 3785
f 3759 3944 3946
f 3759 3946 3945
f 3760 3763 3940
f 3760 3940 3947
f 3760 3947 3948
f 3760 3948 3761
f 3761 3948 3764
f 3762 3940 3763
f 3764 3949 3950
f 3764 3950 3767
f 3764 3948 3949
f 3765 3951 3944
f 3765 3766 3769
f 3765 3769 3788
f 3765 3788 3951
f 3767 3952 3953
f 3767 3953 3954
f 3767 3954 3789
f 3767 3789 3768
f 3767 3950 3955
f 3767 3955 3956
f 3767 3956 3957
f 3767 3957 3952
f 3768 3789 3769
f 3769 3789 3788
f 3770 3800 3958
f 3770 3958 3959
f 3770 3959 3773
f 3770 3773 3772
f 3773 3959 3774
f 3774 3959 3960
f 3774 3960 3775
f 3775 3960 3961
f 3775 3961 3962
f 3775 3962 3906
f 3775 3906 3963
f 3775 3963 3776
f 3776 3963 3964
f 3776 3964 3777
f 3777 3964 3965
f 3777 3965 3922
f 3777 3883 3966
f 3777 3966 3967
f 3777 3967 3968
f 3777 3968 3779
f 3777 3779 3778
f 3779 3968 3781
f 3780 3784 3783
f 3781 3968 3969
f 3781 3969 3966
f 3781 3966 3883
f 3781 3883 3782
f 3785 3945 3786
f 3786 3946 3787
f 3786 3945 3946
f 3787 3946 3788
f 3788 3946 3951
f 3789 3954 3790
f 3790 3954 3970
f 3790 3970 3791
f 3791 3970 3971
f 3791 3971 3792
f 3792 3971 3794
f 3793 3798 3799
f 3794 3971 3972
f 3794 3972 3973
f 3794 3973 3795
f 3795 3974 3975
f 3795 3975 3797
f 3795 3797 3796
f 3795 3973 3974
f 3797 3975 3798
f 3798 3975 3976
f 3798 3976 3977
f 3798 3977 3978
f 3798 3978 3799
f 3799 3978 3958
f 3799 3958 3979
f 3799 3979 3800
f 3800 3979 3958
f 3801 3980 3802
f 3802 3981 3803
f 3802 3980 3981
f 3803 3981 3982
f 3803 3982 3918
f 3803 3918 3983
f 3803 3983 3984
f 3803 3984 3804
f 3804 3984 3985
f 3804 3985 3986
f 3804 3986 3987
f 3804 3987 3988
f 3804 3988 3989
f 3804 3989 3818
f 3804 3818 3805
f 3806 3819 3990
f 3806 3990 3991
f 3806 3991 3992
f 3806 3992 3993
f 3806 3993 3994
f 3806 3994 3807
f 3807 3995 3808
f 3807 3994 3996
f 3807 3996 3997
f 3807 3997 3995
f 3808 3995 3998
f 3808 3998 3999
f 3808 3999 4000
f 3808 4000 4001
f 3808 4001 4002
f 3808 4002 4003
f 3808 4003 3810
f 3808 3810 3809
f 3810 4003 4004
f 3810 4004 4002
f 3810 4002 3811
f 3811 4002 4005
f 3811 4005 4006
f 3811 4006 4007
f 3811 4007 3813
f 3811 3814 3812
f 3813 4007 3815
f 3815 4008 3816
f 3815 4007 4006
f 3815 4006 4009
f 3815 4009 4010
f 3815 4010 4011
f 3815 4011 4012
f 3815 4012 3821
f 3815 3817 4008
f 3816 4008 3817
f 3818 3989 3819
f 3819 3989 4013
f 3819 4013 3990
f 3821 4014 3822
f 3821 4012 4014
f 3822 4015 4016
f 3822 4016 4017
f 3822 4017 4018
f 3822 4018 4019
f 3822 4019 4020
f 3822 4020 3823
f 3822 4014 4010
f 3822 4010 4009
f 3822 4009 4015
f 3823 4021 4022
f 3823 4022 3824
f 3823 4020 4021
f 3824 4022 4023
f 3824 4023 4024
f 3824 4024 4025
f 3824 4025 4026
f 3824 4026 3825
f 3825 4026 4027
f 3825 4027 4028
f 3825 4028 3826
f 3826 4028 3834
f 3826 3834 3829
f 3828 3833 3832
f 3830 3834 4029
f 3830 4029 4028
f 3830 4028 4030
f 3830 4030 4031
f 3830 4031 4032
f 3830 4032 4033
f 3830 4033 4034
f 3830 4034 3831
f 3831 4034 3835
f 3831 3835 3832
f 3834 4028 4029
f 3835 3837 3836
f 3835 4034 3837
f 3837 4034 4035
f 3837 4035 4036
f 3837 4036 4037
f 3837 4037 4038
f 3837 4038 4039
f 3837 4039 4040
f 3837 4040 3838
f 3838 4040 4041
f 3838 4041 3840
f 3839 3840 3841
f 3840 4041 3841
f 3841 4041 4042
f 3841 4042 3842
f 3842 4042 3843
f 3843 4042 4043
f 3843 4043 3844
f 3844 4043 4044
f 3844 4044 4045
f 3844 4045 3845
f 3845 4045 4046
f 3845 4046 3850
f 3845 3850 4047
f 3845 4047 4048
f 3845 4048 3846
f 3846 4048 3847
f 3847 4048 3849
f 3847 3849 3848
f 3849 4048 4047
f 3849 4047 3850
f 3850 4046 4049
f 3850 4049 4050
f 3850 4050 3851
f 3851 4050 3852
f 3852 4050 3868
f 3852 3868 3853
f 3853 3868 3854
f 3856 3869 3857
f 3857 3869 4051
f 3857 4051 3858
f 3858 3860 3859
f 3858 4051 4052
f 3858 4052 3860
f 3860 3863 3861
f 3860 4052 4053
f 3860 4053 4254
f 3860 4254 4258
f 3860 4258 4056
f 3860 4056 3863
f 3861 3863 3862
f 3863 4054 4055
f 3863 4055 3864
f 3863 4056 4057
f 3863 4057 4058
f 3863 4058 4054
f 3864 3870 3865
f 3864 4055 4059
f 3864 4059 4060
f 3864 4060 4061
f 3864 4061 3870
f 3865 3870 3866
f 3866 3870 3867
f 3868 4050 4062
f 3868 4062 3869
f 3869 4052 4051
f 3869 4062 4049
f 3869 4049 4046
f 3869 4046 4052
f 3870 4061 4063
f 3870 4063 4064
f 3870 4064 4065
f 3870 4065 4066
f 3870 4066 4067
f 3870 4067 4068
f 3870 4068 4069
f 3870 4069 4070
f 3870 4070 3871
f 3871 4070 4069
f 3871 4069 3872
f 3872 4069 4071
f 3872 4071 4072
f 3872 4072 3873
f 3873 4072 4073
f 3873 4073 4074
f 3873 4074 4075
f 3873 4075 3874
f 3874 4075 4076
f 3874 4076 3875
f 3875 4076 3876
f 3876 4077 4078
f 3876 4078 4079
f 3876 4079 3877
f 3876 4076 4080
f 3876 4080 4077
f 3877 4079 4081
f 3877 4081 4082
f 3877 4082 3878
f 3878 4083 4084
f 3878 4084 4085
f 3878 4085 3934
f 3878 4082 4086
f 3878 4086 4083
f 3884 3926 3885
f 3885 3926 3886
f 3886 3926 3905
f 3888 4087 4277
f 3888 4277 4088
f 3888 4088 4089
f 3888 3902 4113
f 3888 4113 4087
f 3889 4089 4090
f 3889 4090 4091
f 3889 4091 4092
f 3889 4092 4093
f 3889 4093 4094
f 3889 4094 4095
f 3889 4095 3890
f 3890 4096 4097
f 3890 4097 4098
f 3890 4098 4099
f 3890 4099 3891
f 3890 4095 4100
f 3890 4100 4096
f 3891 4099 3892
f 3892 4099 4101
f 3892 4101 4102
f 3892 4102 3903
f 3893 4103 3894
f 3893 3899 4103
f 3894 4104 3895
f 3894 4103 4105
f 3894 4105 4106
f 3894 4106 4107
f 3894 4107 4104
f 3895 4104 3900
f 3896 3911 4108
f 3896 4108 3897
f 3897 4108 3898
f 3898 4108 3899
f 3899 4108 4109
f 3899 4109 4110
f 3899 4110 4103
f 3900 4111 4112
f 3900 4112 4113
f 3900 4113 3901
f 3900 4104 4111
f 3901 4113 3902
f 3903 4102 3904
f 3904 4114 3921
f 3904 4102 4115
f 3904 4115 4114
f 3905 3926 3925
f 3905 3925 3965
f 3905 3965 3964
f 3905 3964 3963
f 3905 3963 3906
f 3906 3962 3907
f 3907 4116 4117
f 3907 4117 3908
f 3907 3962 4118
f 3907 4118 4119
f 3907 4119 4120
f 3907 4120 4116
f 3908 4117 4121
f 3908 4121 4122
f 3908 4122 3909
f 3909 4122 3910
f 3910 4122 3911
f 3911 4123 4124
f 3911 4124 4108
f 3911 4122 4125
f 3911 4125 4123
f 3912 3982 4126
f 3912 4126 3913
f 3912 3918 3982
f 3913 4126 4127
f 3913 4127 3914
f 3916 4128 3917
f 3916 4129 4128
f 3917 4128 4130
f 3917 4130 3918
f 3918 4130 4131
f 3918 4131 4132
f 3918 4132 4133
f 3918 4133 3983
f 3920 3921 4129
f 3921 4114 4134
f 3921 4134 4135
f 3921 4135 4136
f 3921 4136 4129
f 3922 3965 3925
f 3922 3925 3923
f 3923 3925 3924
f 3927 3929 4137
f 3927 4137 4138
f 3927 4138 4139
f 3927 4139 3928
f 3928 4139 4140
f 3928 4140 3931
f 3929 4141 4142
f 3929 4142 4143
f 3929 4143 4137
f 3929 3930 4141
f 3930 3935 4141
f 3931 4140 4144
f 3931 4144 3936
f 3932 4145 3933
f 3932 3934 4085
f 3932 4085 4146
f 3932 4146 4147
f 3932 4147 4145
f 3933 4148 4149
f 3933 4149 4150
f 3933 4150 3935
f 3933 4145 4148
f 3935 4150 4151
f 3935 4151 4141
f 3936 4152 3937
f 3936 4144 4152
f 3937 4152 3942
f 3938 3943 3939
f 3939 3943 4153
f 3939 4153 3940
f 3940 4153 4154
f 3940 4154 4155
f 3940 4155 4156
f 3940 4156 4157
f 3940 4157 4158
f 3940 4158 4159
f 3940 4159 4160
f 3940 4160 4161
f 3940 4161 3948
f 3940 3948 3947
f 3941 3942 4162
f 3941 4162 4163
f 3941 4163 4155
f 3941 4155 4154
f 3941 4154 3943
f 3942 4152 4162
f 3943 4154 4153
f 3944 3951 3946
f 3948 4161 4164
f 3948 4164 3950
f 3948 3950 3949
f 3950 4164 4165
f 3950 4165 3955
f 3952 4166 3953
f 3952 3957 4167
f 3952 4167 4168
f 3952 4168 4166
f 3953 4166 4169
f 3953 4169 3954
f 3954 4169 4170
f 3954 4170 4171
f 3954 4171 3970
f 3955 4165 4172
f 3955 4172 4173
f 3955 4173 4174
f 3955 4174 4175
f 3955 4175 4176
f 3955 4176 4177
f 3955 4177 4178
f 3955 4178 4179
f 3955 4179 4180
f 3955 4180 3956
f 3956 4180 4181
f 3956 4181 3957
f 3957 4181 4180
f 3957 4180 4167
f 3958 3978 4182
f 3958 4182 4183
f 3958 4183 3959
f 3959 4183 4184
f 3959 4184 4185
f 3959 4185 3960
f 3960 4185 3962
f 3960 3962 3961
f 3962 4186 4187
f 3962 4187 4188
f 3962 4188 4119
f 3962 4119 4118
f 3962 4185 4184
f 3962 4184 4183
f 3962 4183 4186
f 3966 3969 3967
f 3967 3969 3968
f 3970 4171 3972
f 3970 3972 3971
f 3972 4171 3974
f 3972 3974 3973
f 3974 4171 3975
f 3975 4189 4190
f 3975 4190 4191
f 3975 4191 3976
f 3975 4171 4189
f 3976 4191 3977
f 3977 4191 4192
f 3977 4192 3978
f 3978 4192 4193
f 3978 4193 4182
f 3980 4194 4195
f 3980 4195 3982
f 3980 3982 3981
f 3982 4195 4196
f 3982 4196 4126
f 3983 4133 4132
f 3983 4132 3985
f 3983 3985 3984
f 3985 3987 3986
f 3985 4132 4197
f 3985 4197 4198
f 3985 4198 3987
f 3987 3989 3988
f 3987 4198 3989
f 3989 4198 4199
f 3989 4199 4013
f 3990 4013 3991
f 3991 4200 4201
f 3991 4201 4202
f 3991 4202 4203
f 3991 4203 3992
f 3991 4013 4200
f 3992 4203 3993
f 3993 4203 4202
f 3993 4202 3994
f 3994 4202 4204
f 3994 4204 4205
f 3994 4205 4206
f 3994 4206 4207
f 3994 4207 4208
f 3994 4208 4209
f 3994 4209 4210
f 3994 4210 3996
f 3995 3997 3998
f 3996 4211 4212
f 3996 4212 3997
f 3996 4210 4211
f 3997 4212 4213
f 3997 4213 4214
f 3997 4214 4215
f 3997 4215 4216
f 3997 4216 4217
f 3997 4217 3998
f 3998 4217 3999
f 3999 4217 4218
f 3999 4218 4219
f 3999 4219 4000
f 4000 4220 4005
f 4000 4005 4001
f 4000 4219 4221
f 4000 4221 4220
f 4001 4005 4002
f 4002 4004 4003
f 4005 4220 4006
f 4006 4220 4016
f 4006 4016 4015
f 4006 4015 4009
f 4010 4014 4011
f 4011 4014 4012
f 4013 4199 4200
f 4016 4220 4017
f 4017 4220 4221
f 4017 4221 4018
f 4018 4221 4218
f 4018 4218 4216
f 4018 4216 4222
f 4018 4222 4223
f 4018 4223 4215
f 4018 4215 4224
f 4018 4224 4225
f 4018 4225 4020
f 4018 4020 4019
f 4020 4225 4224
f 4020 4224 4226
f 4020 4226 4227
f 4020 4227 4021
f 4021 4227 4228
f 4021 4228 4022
f 4022 4228 4229
f 4022 4229 4230
f 4022 4230 4023
f 4023 4230 4030
f 4023 4030 4028
f 4023 4028 4231
f 4023 4231 4025
f 4023 4025 4024
f 4025 4231 4027
f 4025 4027 4026
f 4027 4231 4028
f 4030 4230 4232
f 4030 4232 4233
f 4030 4233 4031
f 4031 4233 4232
f 4031 4232 4234
f 4031 4234 4032
f 4032 4234 4235
f 4032 4235 4236
f 4032 4236 4237
f 4032 4237 4238
f 4032 4238 4239
f 4032 4239 4033
f 4033 4239 4240
f 4033 4240 4241
f 4033 4241 4242
f 4033 4242 4243
f 4033 4243 4034
f 4034 4243 4244
f 4034 4244 4036
f 4034 4036 4035
f 4036 4244 4037
f 4037 4244 4245
f 4037 4245 4246
f 4037 4246 4247
f 4037 4247 4248
f 4037 4248 4249
f 4037 4249 4250
f 4037 4250 4038
f 4038 4250 4039
f 4039 4250 4249
f 4039 4249 4251
f 4039 4251 4041
f 4039 4041 4040
f 4041 4251 4042
f 4042 4251 4252
f 4042 4252 4045
f 4042 4045 4044
f 4042 4044 4043
f 4045 4252 4253
f 4045 4253 4254
f 4045 4254 4053
f 4045 4053 4046
f 4046 4053 4052
f 4049 4062 4050
f 4054 4255 4055
f 4054 4058 4256
f 4054 4256 4255
f 4055 4255 4257
f 4055 4257 4261
f 4055 4261 4059
f 4056 4258 4259
f 4056 4259 4057
f 4057 4259 4058
f 4058 4259 4260
f 4058 4260 4256
f 4059 4261 4262
f 4059 4262 4263
f 4059 4263 4264
f 4059 4264 4265
f 4059 4265 4060
f 4060 4265 4266
f 4060 4266 4061
f 4061 4266 4064
f 4061 4064 4063
f 4064 4266 4065
f 4065 4266 4267
f 4065 4267 4269
f 4065 4269 4268
f 4065 4268 4080
f 4065 4080 4066
f 4066 4074 4073
f 4066 4073 4072
f 4066 4072 4067
f 4066 4080 4074
f 4067 4072 4071
f 4067 4071 4069
f 4067 4069 4068
f 4074 4080 4075
f 4075 4080 4076
f 4077 4081 4078
f 4077 4080 4081
f 4078 4081 4079
f 4080 4268 4081
f 4081 4268 4269
f 4081 4269 4270
f 4081 4270 4271
f 4081 4271 4272
f 4081 4272 4273
f 4081 4273 4274
f 4081 4274 4275
f 4081 4275 4145
f 4081 4145 4147
f 4081 4147 4146
f 4081 4146 4082
f 4082 4146 4084
f 4082 4084 4086
f 4083 4086 4084
f 4084 4146 4085
f 4087 4276 4277
f 4087 4113 4276
f 4088 4277 4278
f 4088 4278 4279
f 4088 4279 4280
f 4088 4280 4281
f 4088 4281 4089
f 4089 4281 4282
f 4089 4282 4090
f 4090 4282 4283
f 4090 4283 4211
f 4090 4211 4284
f 4090 4284 4285
f 4090 4285 4091
f 4091 4286 4092
f 4091 4285 4287
f 4091 4287 4398
f 4091 4398 4286
f 4092 4286 4100
f 4092 4100 4093
f 4093 4100 4095
f 4093 4095 4094
f 4096 4288 4289
f 4096 4289 4097
f 4096 4100 4288
f 4097 4290 4098
f 4097 4289 4291
f 4097 4291 4290
f 4098 4290 4099
f 4099 4291 4101
f 4099 4290 4292
f 4099 4292 4291
f 4100 4286 4293
f 4100 4293 4294
f 4100 4294 4295
f 4100 4295 4296
f 4100 4296 4297
f 4100 4297 4298
f 4100 4298 4299
f 4100 4299 4288
f 4101 4291 4300
f 4101 4300 4301
f 4101 4301 4102
f 4102 4301 4115
f 4103 4110 4105
f 4104 4302 4303
f 4104 4303 4304
f 4104 4304 4111
f 4104 4107 4302
f 4105 4110 4305
f 4105 4305 4106
f 4106 4306 4107
f 4106 4305 4307
f 4106 4307 4306
f 4107 4306 4308
f 4107 4308 4309
f 4107 4309 4310
f 4107 4310 4311
f 4107 4311 4312
f 4107 4312 4302
f 4108 4124 4109
f 4109 4313 4314
f 4109 4314 4315
f 4109 4315 4316
f 4109 4316 4317
f 4109 4317 4305
f 4109 4305 4110
f 4109 4124 4313
f 4111 4304 4318
f 4111 4318 4319
f 4111 4319 4320
f 4111 4320 4321
f 4111 4321 4322
f 4111 4322 4112
f 4112 4322 4113
f 4113 4322 4276
f 4114 4323 4134
f 4114 4115 4301
f 4114 4301 4324
f 4114 4324 4323
f 4116 4120 4188
f 4116 4188 4117
f 4117 4188 4325
f 4117 4325 4326
f 4117 4326 4121
f 4119 4188 4120
f 4121 4327 4328
f 4121 4328 4122
f 4121 4326 4327
f 4122 4329 4330
f 4122 4330 4125
f 4122 4328 4329
f 4123 4125 4331
f 4123 4331 4124
f 4124 4331 4313
f 4125 4330 4331
f 4126 4196 4195
f 4126 4195 4332
f 4126 4332 4127
f 4128 4129 4135
f 4128 4135 4130
f 4129 4136 4135
f 4130 4333 4131
f 4130 4135 4333
f 4131 4333 4132
f 4132 4333 4334
f 4132 4334 4197
f 4134 4323 4335
f 4134 4335 4336
f 4134 4336 4337
f 4134 4337 4338
f 4134 4338 4339
f 4134 4339 4207
f 4134 4207 4340
f 4134 4340 4206
f 4134 4206 4341
f 4134 4341 4201
f 4134 4201 4334
f 4134 4334 4342
f 4134 4342 4333
f 4134 4333 4135
f 4137 4143 4343
f 4137 4343 4344
f 4137 4344 4138
f 4138 4344 4345
f 4138 4345 4346
f 4138 4346 4140
f 4138 4140 4139
f 4140 4346 4152
f 4140 4152 4144
f 4141 4151 4142
f 4142 4151 4143
f 4143 4347 4343
f 4143 4151 4348
f 4143 4348 4347
f 4145 4275 4148
f 4148 4275 4149
f 4149 4275 4349
f 4149 4349 4350
f 4149 4350 4151
f 4149 4151 4150
f 4151 4350 4348
f 4152 4346 4162
f 4155 4163 4162
f 4155 4162 4351
f 4155 4351 4352
f 4155 4352 4353
f 4155 4353 4158
f 4155 4158 4157
f 4155 4157 4156
f 4158 4353 4354
f 4158 4354 4355
f 4158 4355 4159
f 4159 4356 4357
f 4159 4357 4358
f 4159 4358 4359
f 4159 4359 4160
f 4159 4355 4356
f 4160 4359 4360
f 4160 4360 4161
f 4161 4360 4165
f 4161 4165 4164
f 4162 4346 4345
f 4162 4345 4344
f 4162 4344 4361
f 4162 4361 4362
f 4162 4362 4363
f 4162 4363 4364
f 4162 4364 4351
f 4165 4360 4365
f 4165 4365 4366
f 4165 4366 4172
f 4166 4168 4367
f 4166 4367 4169
f 4167 4180 4168
f 4168 4180 4190
f 4168 4190 4189
f 4168 4189 4367
f 4169 4171 4170
f 4169 4367 4189
f 4169 4189 4171
f 4172 4366 4368
f 4172 4368 4173
f 4173 4369 4370
f 4173 4370 4371
f 4173 4371 4175
f 4173 4175 4174
f 4173 4368 4369
f 4175 4371 4176
f 4176 4372 4373
f 4176 4373 4374
f 4176 4374 4375
f 4176 4375 4376
f 4176 4376 4377
f 4176 4377 4178
f 4176 4178 4177
f 4176 4371 4378
f 4176 4378 4379
f 4176 4379 4372
f 4178 4380 4381
f 4178 4381 4179
f 4178 4377 4375
f 4178 4375 4380
f 4179 4381 4180
f 4180 4381 4190
f 4182 4382 4383
f 4182 4383 4183
f 4182 4193 4384
f 4182 4384 4385
f 4182 4385 4386
f 4182 4386 4382
f 4183 4383 4186
f 4186 4383 4187
f 4187 4383 4188
f 4188 4383 4382
f 4188 4382 4387
f 4188 4387 4388
f 4188 4388 4389
f 4188 4389 4326
f 4188 4326 4325
f 4190 4381 4191
f 4191 4381 4380
f 4191 4380 4192
f 4192 4380 4375
f 4192 4375 4390
f 4192 4390 4385
f 4192 4385 4391
f 4192 4391 4384
f 4192 4384 4193
f 4194 4332 4195
f 4197 4334 4198
f 4198 4334 4201
f 4198 4201 4200
f 4198 4200 4199
f 4201 4341 4202
f 4202 4341 4204
f 4204 4341 4205
f 4205 4341 4206
f 4206 4340 4207
f 4207 4392 4208
f 4207 4339 4393
f 4207 4393 4394
f 4207 4394 4297
f 4207 4297 4395
f 4207 4395 4392
f 4208 4396 4209
f 4208 4392 4397
f 4208 4397 4396
f 4209 4396 4210
f 4210 4396 4398
f 4210 4398 4287
f 4210 4287 4399
f 4210 4399 4284
f 4210 4284 4211
f 4211 4283 4400
f 4211 4400 4401
f 4211 4401 4402
f 4211 4402 4403
f 4211 4403 4404
f 4211 4404 4405
f 4211 4405 4406
f 4211 4406 4212
f 4212 4406 4407
f 4212 4407 4214
f 4212 4214 4213
f 4214 4407 4408
f 4214 4408 4215
f 4215 4408 4409
f 4215 4409 4224
f 4215 4223 4216
f 4216 4223 4222
f 4216 4218 4217
f 4218 4221 4219
f 4224 4409 4410
f 4224 4410 4226
f 4226 4410 4227
f 4227 4410 4408
f 4227 4408 4411
f 4227 4411 4228
f 4228 4411 4412
f 4228 4412 4229
f 4229 4412 4230
f 4230 4234 4232
f 4230 4412 4234
f 4234 4413 4414
f 4234 4414 4415
f 4234 4415 4416
f 4234 4416 4417
f 4234 4417 4235
f 4234 4412 4413
f 4235 4417 4418
f 4235 4418 4419
f 4235 4419 4237
f 4235 4237 4236
f 4237 4420 4238
f 4237 4419 4421
f 4237 4421 4422
f 4237 4422 4420
f 4238 4420 4239
f 4239 4420 4240
f 4240 4422 4423
f 4240 4423 4424
f 4240 4424 4425
f 4240 4425 4241
f 4240 4420 4422
f 4241 4425 4242
f 4242 4425 4244
f 4242 4244 4243
f 4244 4425 4424
f 4244 4424 4245
f 4245 4426 4427
f 4245 4427 4428
f 4245 4428 4429
f 4245 4429 4430
f 4245 4430 4246
f 4245 4424 4426
f 4246 4430 4247
f 4247 4430 4431
f 4247 4431 4248
f 4248 4431 4432
f 4248 4432 4433
f 4248 4433 4434
f 4248 4434 4249
f 4249 4434 4260
f 4249 4260 4251
f 4251 4260 4252
f 4252 4260 4253
f 4253 4260 4259
f 4253 4259 4254
f 4254 4259 4258
f 4255 4256 4257
f 4256 4260 4434
f 4256 4434 4435
f 4256 4435 4257
f 4257 4435 4436
f 4257 4436 4433
f 4257 4433 4261
f 4261 4437 4262
f 4261 4433 4437
f 4262 4437 4438
f 4262 4438 4439
f 4262 4439 4440
f 4262 4440 4441
f 4262 4441 4442
f 4262 4442 4443
f 4262 4443 4263
f 4263 4443 4264
f 4264 4443 4444
f 4264 4444 4267
f 4264 4267 4265
f 4265 4267 4266
f 4267 4444 4445
f 4267 4445 4446
f 4267 4446 4269
f 4269 4446 4270
f 4270 4446 4271
f 4271 4446 4447
f 4271 4447 4272
f 4272 4448 4274
f 4272 4274 4273
f 4272 4447 4449
f 4272 4449 4448
f 4274 4448 4450
f 4274 4450 4451
f 4274 4451 4452
f 4274 4452 4453
f 4274 4453 4454
f 4274 4454 4455
f 4274 4455 4456
f 4274 4456 4275
f 4275 4456 4455
f 4275 4455 4457
f 4275 4457 4349
f 4276 4458 4459
f 4276 4459 4277
f 4276 4322 4458
f 4277 4459 4278
f 4278 4459 4460
f 4278 4460 4279
f 4279 4461 4402
f 4279 4402 4280
f 4279 4460 4461
f 4280 4402 4401
f 4280 4401 4281
f 4281 4401 4400
f 4281 4400 4282
f 4282 4400 4283
f 4284 4399 4462
f 4284 4462 4285
f 4285 4462 4399
f 4285 4399 4287
f 4286 4398 4293
f 4288 4299 4289
f 4289 4299 4463
f 4289 4463 4291
f 4290 4291 4292
f 4291 4464 4300
f 4291 4463 4464
f 4293 4397 4395
f 4293 4395 4294
f 4293 4398 4396
f 4293 4396 4397
f 4294 4395 4295
f 4295 4395 4297
f 4295 4297 4296
f 4297 4299 4298
f 4297 4394 4299
f 4299 4394 4464
f 4299 4464 4463
f 4300 4464 4393
f 4300 4393 4465
f 4300 4465 4335
f 4300 4335 4324
f 4300 4324 4301
f 4302 4466 4467
f 4302 4467 4468
f 4302 4468 4303
f 4302 4312 4311
f 4302 4311 4469
f 4302 4469 4470
f 4302 4470 4466
f 4303 4468 4471
f 4303 4471 4318
f 4303 4318 4304
f 4305 4317 4316
f 4305 4316 4307
f 4306 4307 4308
f 4307 4472 4308
f 4307 4316 4473
f 4307 4473 4474
f 4307 4474 4475
f 4307 4475 4472
f 4308 4472 4476
f 4308 4476 4309
f 4309 4476 4477
f 4309 4477 4310
f 4310 4469 4311
f 4310 4477 4478
f 4310 4478 4479
f 4310 4479 4469
f 4313 4331 4480
f 4313 4480 4314
f 4314 4480 4315
f 4315 4480 4330
f 4315 4330 4481
f 4315 4481 4482
f 4315 4482 4483
f 4315 4483 4484
f 4315 4484 4485
f 4315 4485 4486
f 4315 4486 4316
f 4316 4486 4473
f 4318 4471 4319
f 4319 4471 4487
f 4319 4487 4320
f 4320 4487 4488
f 4320 4488 4458
f 4320 4458 4322
f 4320 4322 4321
f 4323 4324 4335
f 4326 4389 4489
f 4326 4489 4490
f 4326 4490 4491
f 4326 4491 4492
f 4326 4492 4327
f 4327 4492 4491
f 4327 4491 4329
f 4327 4329 4328
f 4329 4493 4482
f 4329 4482 4481
f 4329 4481 4330
f 4329 4491 4493
f 4330 4480 4331
f 4333 4342 4334
f 4335 4465 4336
f 4336 4465 4393
f 4336 4393 4337
f 4337 4393 4338
f 4338 4393 4339
f 4343 4347 4494
f 4343 4494 4495
f 4343 4495 4496
f 4343 4496 4344
f 4344 4362 4361
f 4344 4496 4362
f 4347 4348 4350
f 4347 4350 4494
f 4349 4457 4497
f 4349 4497 4498
f 4349 4498 4350
f 4350 4498 4499
f 4350 4499 4500
f 4350 4500 4501
f 4350 4501 4494
f 4351 4364 4502
f 4351 4502 4352
f 4352 4502 4353
f 4353 4502 4354
f 4354 4503 4355
f 4354 4502 4504
f 4354 4504 4503
f 4355 4503 4505
f 4355 4505 4506
f 4355 4506 4357
f 4355 4357 4356
f 4357 4506 4507
f 4357 4507 4508
f 4357 4508 4358
f 4358 4508 4366
f 4358 4366 4359
f 4359 4366 4360
f 4360 4366 4365
f 4362 4496 4509
f 4362 4509 4510
f 4362 4510 4364
f 4362 4364 4363
f 4364 4510 4502
f 4366 4508 4368
f 4368 4508 4369
f 4369 4511 4370
f 4369 4508 4512
f 4369 4512 4511
f 4370 4511 4513
f 4370 4513 4371
f 4371 4513 4514
f 4371 4514 4515
f 4371 4515 4378
f 4372 4516 4373
f 4372 4379 4517
f 4372 4517 4518
f 4372 4518 4516
f 4373 4516 4374
f 4374 4519 4520
f 4374 4520 4375
f 4374 4516 4388
f 4374 4388 4519
f 4375 4520 4385
f 4375 4385 4390
f 4375 4377 4376
f 4378 4515 4521
f 4378 4521 4379
f 4379 4522 4523
f 4379 4523 4524
f 4379 4524 4518
f 4379 4518 4517
f 4379 4521 4525
f 4379 4525 4526
f 4379 4526 4527
f 4379 4527 4522
f 4382 4386 4387
f 4384 4391 4385
f 4385 4520 4519
f 4385 4519 4388
f 4385 4388 4387
f 4385 4387 4386
f 4388 4516 4490
f 4388 4490 4489
f 4388 4489 4389
f 4392 4395 4397
f 4393 4464 4394
f 4402 4461 4403
f 4403 4461 4404
f 4404 4528 4405
f 4404 4461 4529
f 4404 4529 4530
f 4404 4530 4531
f 4404 4531 4528
f 4405 4528 4532
f 4405 4532 4407
f 4405 4407 4406
f 4407 4533 4534
f 4407 4534 4408
f 4407 4532 4533
f 4408 4534 4535
f 4408 4535 4536
f 4408 4536 4411
f 4408 4410 4409
f 4411 4536 4537
f 4411 4537 4538
f 4411 4538 4412
f 4412 4538 4413
f 4413 4538 4414
f 4414 4536 4415
f 4414 4538 4536
f 4415 4536 4535
f 4415 4535 4533
f 4415 4533 4532
f 4415 4532 4539
f 4415 4539 4540
f 4415 4540 4416
f 4416 4540 4541
f 4416 4541 4542
f 4416 4542 4417
f 4417 4542 4418
f 4418 4543 4419
f 4418 4542 4544
f 4418 4544 4543
f 4419 4545 4421
f 4419 4543 4544
f 4419 4544 4546
f 4419 4546 4545
f 4421 4545 4547
f 4421 4547 4422
f 4422 4547 4545
f 4422 4545 4546
f 4422 4546 4548
f 4422 4548 4423
f 4423 4548 4549
f 4423 4549 4424
f 4424 4549 4550
f 4424 4550 4426
f 4426 4550 4427
f 4427 4550 4551
f 4427 4551 4552
f 4427 4552 4553
f 4427 4553 4428
f 4428 4553 4554
f 4428 4554 4555
f 4428 4555 4556
f 4428 4556 4557
f 4428 4557 4429
f 4429 4557 4558
f 4429 4558 4559
f 4429 4559 4430
f 4430 4559 4560
f 4430 4560 4431
f 4431 4560 4433
f 4431 4433 4432
f 4433 4436 4434
f 4433 4560 4561
f 4433 4561 4562
f 4433 4562 4563
f 4433 4563 4437
f 4434 4436 4435
f 4437 4563 4438
f 4438 4563 4564
f 4438 4564 4565
f 4438 4565 4566
f 4438 4566 4440
f 4438 4440 4439
f 4440 4566 4441
f 4441 4566 4567
f 4441 4567 4568
f 4441 4568 4569
f 4441 4569 4570
f 4441 4570 4442
f 4442 4570 4445
f 4442 4445 4443
f 4443 4445 4571
f 4443 4571 4444
f 4444 4571 4445
f 4445 4570 4446
f 4446 4570 4447
f 4447 4570 4569
f 4447 4569 4572
f 4447 4572 4449
f 4448 4449 4573
f 4448 4573 4574
f 4448 4574 4450
f 4449 4572 4573
f 4450 4575 4451
f 4450 4574 4575
f 4451 4575 4574
f 4451 4574 4576
f 4451 4576 4577
f 4451 4577 4452
f 4452 4577 4453
f 4453 4577 4578
f 4453 4578 4579
f 4453 4579 4580
f 4453 4580 4581
f 4453 4581 4582
f 4453 4582 4583
f 4453 4583 4584
f 4453 4584 4585
f 4453 4585 4586
f 4453 4586 4497
f 4453 4497 4454
f 4454 4497 4455
f 4455 4497 4457
f 4458 4488 4587
f 4458 4587 4588
f 4458 4588 4459
f 4459 4588 4460
f 4460 4588 4589
f 4460 4589 4461
f 4461 4589 4590
f 4461 4590 4529
f 4466 4470 4479
f 4466 4479 4591
f 4466 4591 4592
f 4466 4592 4593
f 4466 4593 4467
f 4467 4594 4595
f 4467 4595 4468
f 4467 4593 4596
f 4467 4596 4594
f 4468 4595 4597
f 4468 4597 4598
f 4468 4598 4471
f 4469 4479 4470
f 4471 4598 4487
f 4472 4475 4599
f 4472 4599 4600
f 4472 4600 4476
f 4473 4486 4485
f 4473 4485 4484
f 4473 4484 4474
f 4474 4484 4475
f 4475 4484 4601
f 4475 4601 4602
f 4475 4602 4599
f 4476 4603 4477
f 4476 4600 4599
f 4476 4599 4604
f 4476 4604 4605
f 4476 4605 4603
f 4477 4603 4606
f 4477 4606 4478
f 4478 4606 4607
f 4478 4607 4608
f 4478 4608 4591
f 4478 4591 4479
f 4482 4493 4609
f 4482 4609 4610
f 4482 4610 4523
f 4482 4523 4483
f 4483 4611 4601
f 4483 4601 4484
f 4483 4523 4611
f 4487 4612 4613
f 4487 4613 4488
f 4487 4598 4612
f 4488 4613 4587
f 4490 4516 4614
f 4490 4614 4615
f 4490 4615 4616
f 4490 4616 4491
f 4491 4616 4493
f 4493 4616 4615
f 4493 4615 4609
f 4494 4501 4500
f 4494 4500 4617
f 4494 4617 4618
f 4494 4618 4495
f 4495 4618 4509
f 4495 4509 4496
f 4497 4586 4619
f 4497 4619 4498
f 4498 4619 4500
f 4498 4500 4499
f 4500 4619 4620
f 4500 4620 4617
f 4502 4510 4621
f 4502 4621 4504
f 4503 4504 4505
f 4504 4621 4622
f 4504 4622 4623
f 4504 4623 4624
f 4504 4624 4625
f 4504 4625 4505
f 4505 4511 4507
f 4505 4507 4506
f 4505 4625 4626
f 4505 4626 4511
f 4507 4511 4508
f 4508 4511 4512
f 4509 4621 4510
f 4509 4618 4621
f 4511 4626 4627
f 4511 4627 4628
f 4511 4628 4629
f 4511 4629 4630
f 4511 4630 4514
f 4511 4514 4513
f 4514 4630 4631
f 4514 4631 4515
f 4515 4631 4632
f 4515 4632 4633
f 4515 4633 4634
f 4515 4634 4521
f 4516 4518 4614
f 4518 4524 4635
f 4518 4635 4636
f 4518 4636 4614
f 4521 4634 4525
f 4522 4527 4523
f 4523 4610 4609
f 4523 4609 4635
f 4523 4635 4524
f 4523 4527 4637
f 4523 4637 4638
f 4523 4638 4611
f 4525 4634 4526
f 4526 4634 4639
f 4526 4639 4640
f 4526 4640 4527
f 4527 4640 4641
f 4527 4641 4642
f 4527 4642 4643
f 4527 4643 4644
f 4527 4644 4645
f 4527 4645 4646
f 4527 4646 4647
f 4527 4647 4637
f 4528 4541 4532
f 4528 4531 4648
f 4528 4648 4541
f 4529 4590 4649
f 4529 4649 4530
f 4530 4649 4650
f 4530 4650 4651
f 4530 4651 4652
f 4530 4652 4653
f 4530 4653 4544
f 4530 4544 4654
f 4530 4654 4531
f 4531 4654 4544
f 4531 4544 4655
f 4531 4655 4656
f 4531 4656 4648
f 4532 4541 4539
f 4533 4535 4534
f 4536 4538 4537
f 4539 4541 4540
f 4541 4648 4657
f 4541 4657 4658
f 4541 4658 4659
f 4541 4659 4660
f 4541 4660 4542
f 4542 4660 4661
f 4542 4661 4656
f 4542 4656 4662
f 4542 4662 4544
f 4544 4653 4663
f 4544 4663 4546
f 4544 4662 4655
f 4546 4663 4549
f 4546 4549 4548
f 4549 4663 4552
f 4549 4552 4551
f 4549 4551 4550
f 4552 4663 4664
f 4552 4664 4665
f 4552 4665 4666
f 4552 4666 4554
f 4552 4554 4553
f 4554 4666 4667
f 4554 4667 4555
f 4555 4667 4668
f 4555 4668 4556
f 4556 4558 4557
f 4556 4668 4558
f 4558 4561 4559
f 4558 4668 4669
f 4558 4669 4561
f 4559 4561 4560
f 4561 4669 4562
f 4562 4669 4564
f 4562 4564 4563
f 4564 4669 4668
f 4564 4668 4670
f 4564 4670 4671
f 4564 4671 4672
f 4564 4672 4673
f 4564 4673 4565
f 4565 4673 4567
f 4565 4567 4566
f 4567 4673 4674
f 4567 4674 4568
f 4568 4674 4675
f 4568 4675 4569
f 4569 4675 4572
f 4572 4675 4574
f 4572 4574 4573
f 4574 4675 4676
f 4574 4676 4677
f 4574 4677 4576
f 4576 4678 4679
f 4576 4679 4577
f 4576 4677 4680
f 4576 4680 4681
f 4576 4681 4678
f 4577 4679 4682
f 4577 4682 4683
f 4577 4683 4578
f 4578 4683 4684
f 4578 4684 4685
f 4578 4685 4579
f 4579 4685 4684
f 4579 4684 4686
f 4579 4686 4687
f 4579 4687 4581
f 4579 4581 4580
f 4581 4687 4688
f 4581 4688 4582
f 4582 4688 4689
f 4582 4689 4690
f 4582 4690 4583
f 4583 4690 4691
f 4583 4691 4584
f 4584 4691 4689
f 4584 4689 4692
f 4584 4692 4693
f 4584 4693 4694
f 4584 4694 4585
f 4585 4694 4695
f 4585 4695 4619
f 4585 4619 4586
f 4587 4696 4649
f 4587 4649 4590
f 4587 4590 4589
f 4587 4589 4588
f 4587 4613 4696
f 4591 4608 4592
f 4592 4608 4593
f 4593 4608 4697
f 4593 4697 4596
f 4594 4596 4697
f 4594 4697 4698
f 4594 4698 4597
f 4594 4597 4595
f 4597 4698 4699
f 4597 4699 4700
f 4597 4700 4701
f 4597 4701 4702
f 4597 4702 4703
f 4597 4703 4598
f 4598 4703 4612
f 4599 4602 4704
f 4599 4704 4705
f 4599 4705 4604
f 4601 4611 4646
f 4601 4646 4704
f 4601 4704 4602
f 4603 4605 4606
f 4604 4705 4706
f 4604 4706 4605
f 4605 4706 4707
f 4605 4707 4708
f 4605 4708 4709
f 4605 4709 4710
f 4605 4710 4606
f 4606 4710 4711
f 4606 4711 4607
f 4607 4711 4712
f 4607 4712 4608
f 4608 4713 4714
f 4608 4714 4715
f 4608 4715 4716
f 4608 4716 4697
f 4608 4712 4713
f 4609 4615 4614
f 4609 4614 4636
f 4609 4636 4635
f 4611 4647 4646
f 4611 4638 4637
f 4611 4637 4647
f 4612 4717 4613
f 4612 4703 4717
f 4613 4718 4696
f 4613 4717 4743
f 4613 4743 4718
f 4617 4620 4618
f 4618 4620 4719
f 4618 4719 4621
f 4619 4695 4620
f 4620 4695 4719
f 4621 4719 4623
f 4621 4623 4622
f 4623 4719 4720
f 4623 4720 4721
f 4623 4721 4722
f 4623 4722 4624
f 4624 4722 4625
f 4625 4722 4723
f 4625 4723 4626
f 4626 4723 4724
f 4626 4724 4627
f 4627 4725 4726
f 4627 4726 4628
f 4627 4724 4727
f 4627 4727 4728
f 4627 4728 4725
f 4628 4726 4629
f 4629 4726 4631
f 4629 4631 4630
f 4631 4729 4632
f 4631 4726 4730
f 4631 4730 4633
f 4631 4633 4729
f 4632 4729 4633
f 4633 4730 4731
f 4633 4731 4732
f 4633 4732 4634
f 4634 4732 4733
f 4634 4733 4639
f 4639 4733 4734
f 4639 4734 4642
f 4639 4642 4640
f 4640 4642 4641
f 4642 4734 4735
f 4642 4735 4643
f 4643 4736 4644
f 4643 4735 4736
f 4644 4736 4737
f 4644 4737 4738
f 4644 4738 4739
f 4644 4739 4740
f 4644 4740 4741
f 4644 4741 4742
f 4644 4742 4645
f 4645 4742 4646
f 4646 4742 4706
f 4646 4706 4704
f 4648 4656 4657
f 4649 4696 4718
f 4649 4718 4650
f 4650 4718 4743
f 4650 4743 4744
f 4650 4744 4745
f 4650 4745 4651
f 4651 4745 4746
f 4651 4746 4652
f 4652 4747 4748
f 4652 4748 4749
f 4652 4749 4653
f 4652 4746 4750
f 4652 4750 4747
f 4653 4749 4751
f 4653 4751 4663
f 4655 4662 4656
f 4656 4661 4658
f 4656 4658 4657
f 4658 4661 4659
f 4659 4661 4660
f 4663 4751 4752
f 4663 4752 4753
f 4663 4753 4754
f 4663 4754 4664
f 4664 4754 4755
f 4664 4755 4665
f 4665 4756 4666
f 4665 4755 4756
f 4666 4756 4667
f 4667 4756 4757
f 4667 4757 4668
f 4668 4757 4758
f 4668 4758 4670
f 4670 4758 4759
f 4670 4759 4760
f 4670 4760 4671
f 4671 4673 4672
f 4671 4760 4673
f 4673 4760 4674
f 4674 4760 4675
f 4675 4760 4677
f 4675 4677 4676
f 4677 4760 4761
f 4677 4761 4762
f 4677 4762 4681
f 4677 4681 4763
f 4677 4763 4680
f 4678 4764 4679
f 4678 4681 4765
f 4678 4765 4764
f 4679 4766 4767
f 4679 4767 4682
f 4679 4764 4766
f 4680 4763 4681
f 4681 4762 4768
f 4681 4768 4769
f 4681 4769 4770
f 4681 4770 4771
f 4681 4771 4765
f 4682 4767 4772
f 4682 4772 4773
f 4682 4773 4683
f 4683 4773 4684
f 4684 4773 4774
f 4684 4774 4686
f 4686 4774 4687
f 4687 4775 4776
f 4687 4776 4777
f 4687 4777 4688
f 4687 4774 4775
f 4688 4777 4778
f 4688 4778 4779
f 4688 4779 4780
f 4688 4780 4781
f 4688 4781 4693
f 4688 4693 4692
f 4688 4692 4689
f 4689 4691 4690
f 4693 4781 4782
f 4693 4782 4720
f 4693 4720 4695
f 4693 4695 4694
f 4695 4720 4719
f 4697 4783 4784
f 4697 4784 4698
f 4697 4716 4783
f 4698 4784 4699
f 4699 4784 4785
f 4699 4785 4786
f 4699 4786 4787
f 4699 4787 4700
f 4700 4787 4701
f 4701 4787 4788
f 4701 4788 4702
f 4702 4788 4744
f 4702 4744 4743
f 4702 4743 4717
f 4702 4717 4703
f 4704 4706 4705
f 4706 4742 4708
f 4706 4708 4707
f 4708 4789 4710
f 4708 4710 4709
f 4708 4742 4741
f 4708 4741 4790
f 4708 4790 4791
f 4708 4791 4792
f 4708 4792 4793
f 4708 4793 4794
f 4708 4794 4795
f 4708 4795 4796
f 4708 4796 4711
f 4708 4711 4797
f 4708 4797 4789
f 4710 4797 4711
f 4710 4789 4797
f 4711 4796 4795
f 4711 4795 4712
f 4712 4795 4713
f 4713 4795 4798
f 4713 4798 4799
f 4713 4799 4714
f 4714 4799 4715
f 4715 4799 4800
f 4715 4800 4801
f 4715 4801 4802
f 4715 4802 4803
f 4715 4803 4804
f 4715 4804 4805
f 4715 4805 4784
f 4715 4784 4783
f 4715 4783 4716
f 4720 4782 4728
f 4720 4728 4721
f 4721 4727 4722
f 4721 4728 4727
f 4722 4727 4723
f 4723 4727 4724
f 4725 4728 4781
f 4725 4781 4806
f 4725 4806 4730
f 4725 4730 4726
f 4728 4782 4781
f 4730 4806 4779
f 4730 4779 4731
f 4731 4778 4776
f 4731 4776 4807
f 4731 4807 4808
f 4731 4808 4809
f 4731 4809 4810
f 4731 4810 4733
f 4731 4733 4732
f 4731 4779 4778
f 4733 4810 4735
f 4733 4735 4734
f 4735 4810 4736
f 4736 4810 4737
f 4737 4810 4811
f 4737 4811 4738
f 4738 4812 4739
f 4738 4811 4812
f 4739 4741 4740
f 4739 4812 4813
f 4739 4813 4814
f 4739 4814 4815
f 4739 4815 4816
f 4739 4816 4741
f 4741 4816 4817
f 4741 4817 4818
f 4741 4818 4790
f 4744 4788 4745
f 4745 4788 4819
f 4745 4819 4746
f 4746 4819 4786
f 4746 4786 4820
f 4746 4820 4821
f 4746 4821 4750
f 4747 4822 4748
f 4747 4750 4823
f 4747 4823 4824
f 4747 4824 4825
f 4747 4825 4822
f 4748 4751 4749
f 4748 4822 4826
f 4748 4826 4752
f 4748 4752 4751
f 4750 4821 4823
f 4752 4826 4827
f 4752 4827 4753
f 4753 4827 4754
f 4754 4827 4828
f 4754 4828 4755
f 4755 4829 4756
f 4755 4828 4830
f 4755 4830 4829
f 4756 4829 4757
f 4757 4829 4831
f 4757 4831 4832
f 4757 4832 4758
f 4758 4832 4833
f 4758 4833 4834
f 4758 4834 4835
f 4758 4835 4759
f 4759 4835 4836
f 4759 4836 4837
f 4759 4837 4760
f 4760 4837 4761
f 4761 4838 4839
f 4761 4839 4762
f 4761 4837 4840
f 4761 4840 4841
f 4761 4841 4842
f 4761 4842 4843
f 4761 4843 4838
f 4762 4839 4769
f 4762 4769 4768
f 4764 4844 4845
f 4764 4845 4766
f 4764 4765 4846
f 4764 4846 4847
f 4764 4847 4844
f 4765 4771 4770
f 4765 4770 4848
f 4765 4848 4849
f 4765 4849 4850
f 4765 4850 4846
f 4766 4845 4851
f 4766 4851 4767
f 4767 4851 4852
f 4767 4852 4772
f 4769 4853 4849
f 4769 4849 4848
f 4769 4848 4770
f 4769 4839 4854
f 4769 4854 4855
f 4769 4855 4856
f 4769 4856 4857
f 4769 4857 4858
f 4769 4858 4853
f 4772 4852 4773
f 4773 4852 4813
f 4773 4813 4774
f 4774 4813 4859
f 4774 4859 4775
f 4775 4807 4776
f 4775 4859 4860
f 4775 4860 4807
f 4776 4778 4777
f 4779 4806 4781
f 4779 4781 4780
f 4784 4805 4785
f 4785 4804 4820
f 4785 4820 4786
f 4785 4805 4804
f 4786 4819 4788
f 4786 4788 4861
f 4786 4861 4787
f 4787 4861 4788
f 4790 4818 4791
f 4791 4818 4862
f 4791 4862 4863
f 4791 4863 4864
f 4791 4864 4792
f 4792 4864 4793
f 4793 4864 4865
f 4793 4865 4866
f 4793 4866 4794
f 4794 4866 4867
f 4794 4867 4868
f 4794 4868 4798
f 4794 4798 4795
f 4798 4868 4869
f 4798 4869 4858
f 4798 4858 4870
f 4798 4870 4871
f 4798 4871 4799
f 4799 4871 4800
f 4800 4871 4801
f 4801 4871 4857
f 4801 4857 4872
f 4801 4872 4802
f 4802 4873 4874
f 4802 4874 4803
f 4802 4872 4873
f 4803 4874 4804
f 4804 4875 4876
f 4804 4876 4820
f 4804 4874 4875
f 4807 4877 4878
f 4807 4878 4808
f 4807 4860 4877
f 4808 4878 4809
f 4809 4878 4810
f 4810 4878 4811
f 4811 4878 4879
f 4811 4879 4812
f 4812 4879 4813
f 4813 4852 4880
f 4813 4880 4814
f 4813 4879 4881
f 4813 4881 4860
f 4813 4860 4859
f 4814 4880 4882
f 4814 4882 4815
f 4815 4882 4816
f 4816 4882 4883
f 4816 4883 4862
f 4816 4862 4817
f 4817 4862 4818
f 4820 4876 4884
f 4820 4884 4824
f 4820 4824 4821
f 4821 4824 4823
f 4822 4825 4826
f 4824 4884 4825
f 4825 4884 4827
f 4825 4827 4826
f 4827 4884 4885
f 4827 4885 4828
f 4828 4885 4830
f 4829 4830 4831
f 4830 4885 4904
f 4830 4904 4886
f 4830 4886 4833
f 4830 4833 4831
f 4831 4833 4832
f 4833 4887 4834
f 4833 4886 4842
f 4833 4842 4840
f 4833 4840 4887
f 4834 4887 4840
f 4834 4840 4835
f 4835 4840 4836
f 4836 4840 4837
f 4838 4843 4842
f 4838 4842 4888
f 4838 4888 4889
f 4838 4889 4855
f 4838 4855 4839
f 4839 4855 4854
f 4840 4842 4841
f 4842 4886 4888
f 4844 4890 4891
f 4844 4891 4892
f 4844 4892 4845
f 4844 4847 4846
f 4844 4846 4890
f 4845 4892 4851
f 4846 4850 4849
f 4846 4849 4893
f 4846 4893 4890
f 4849 4869 4894
f 4849 4894 4893
f 4849 4853 4869
f 4851 4892 4852
f 4852 4892 4880
f 4853 4858 4869
f 4855 4889 4895
f 4855 4895 4896
f 4855 4896 4856
f 4856 4896 4897
f 4856 4897 4857
f 4857 4897 4898
f 4857 4898 4873
f 4857 4873 4872
f 4857 4871 4870
f 4857 4870 4858
f 4860 4881 4877
f 4862 4883 4864
f 4862 4864 4863
f 4864 4883 4865
f 4865 4883 4866
f 4866 4883 4882
f 4866 4882 4890
f 4866 4890 4867
f 4867 4899 4900
f 4867 4900 4869
f 4867 4869 4868
f 4867 4890 4899
f 4869 4900 4894
f 4873 4898 4901
f 4873 4901 4875
f 4873 4875 4874
f 4875 4902 4903
f 4875 4903 4876
f 4875 4901 4898
f 4875 4898 4902
f 4876 4903 4885
f 4876 4885 4884
f 4877 4881 4879
f 4877 4879 4878
f 4880 4892 4882
f 4882 4892 4891
f 4882 4891 4890
f 4885 4903 4904
f 4886 4904 4905
f 4886 4905 4888
f 4888 4905 4889
f 4889 4905 4895
f 4890 4893 4899
f 4893 4894 4899
f 4894 4900 4899
f 4895 4905 4896
f 4896 4905 4906
f 4896 4906 4897
f 4897 4906 4898
f 4898 4906 4902
f 4902 4906 4903
f 4903 4906 4905
f 4903 4905 4904

