# https://github.com/mikedh/trimesh
v -0.02273293 -0.02484871 -0.01538137
v -0.02273293 -0.02577526 -0.01536457
v -0.02351918 -0.02405834 -0.01526096
v -0.02273293 -0.02405834 -0.01538137
v -0.02180430 -0.02763322 -0.01538137
v -0.02273293 -0.02670424 -0.01530856
v -0.02366157 -0.02405834 -0.01522736
v -0.02180430 -0.02855977 -0.01536177
v 0.02273293 -0.02405834 -0.01538137
v -0.01994704 -0.03134428 -0.01538137
v -0.02273293 -0.02763322 -0.01519935
v -0.02366157 -0.02484871 -0.01516015
v -0.02180430 -0.02948875 -0.01526096
v -0.02420637 -0.02405834 -0.01495853
v -0.02087567 -0.03041530 -0.01535617
v 0.02366157 -0.02405834 -0.01522736
v 0.02273293 -0.02484871 -0.01538137
v -0.01901840 -0.03319981 -0.01534777
v -0.01994704 -0.03227326 -0.01532257
v -0.01623869 -0.03505534 -0.01538137
v -0.01808977 -0.03412879 -0.01536737
v -0.02278865 -0.02855490 -0.01501454
v -0.02348822 -0.02670424 -0.01499213
v -0.02371109 -0.02574607 -0.01500613
v -0.02422494 -0.02484871 -0.01484372
v -0.02429304 -0.02405834 -0.01491093
v -0.02087567 -0.03134428 -0.01524416
v -0.02185383 -0.03042259 -0.01502574
v -0.02252244 -0.02948875 -0.01494453
v 0.02429304 -0.02405834 -0.01491093
v 0.02366157 -0.02484871 -0.01516015
v 0.02273293 -0.02670424 -0.01530856
v 0.02273293 -0.02577526 -0.01536457
v 0.02180430 -0.02763322 -0.01538137
v -0.01901840 -0.03412879 -0.01518255
v -0.01531006 -0.03598432 -0.01538137
v -0.01716114 -0.03505534 -0.01535617
v -0.01808977 -0.03505534 -0.01519655
v -0.02324678 -0.02824119 -0.01479331
v -0.02333964 -0.02763322 -0.01488292
v -0.02415684 -0.02541534 -0.01477651
v -0.02508547 -0.02543236 -0.01385522
v -0.02468925 -0.02484871 -0.01438167
v -0.02468925 -0.02405834 -0.01451609
v -0.02089424 -0.03225137 -0.01498933
v -0.02156905 -0.03134428 -0.01492773
v -0.02000275 -0.03324845 -0.01505374
v -0.02313534 -0.02885889 -0.01468970
v -0.02235529 -0.03011861 -0.01482412
v 0.02422494 -0.02484871 -0.01484372
v 0.02475735 -0.02405834 -0.01444608
v 0.02468925 -0.02484871 -0.01438167
v 0.02371109 -0.02574607 -0.01500613
v 0.02348822 -0.02670424 -0.01499213
v 0.02273293 -0.02763322 -0.01519935
v 0.02180430 -0.02948875 -0.01526096
v 0.02180430 -0.02855977 -0.01536177
v 0.01994704 -0.03134428 -0.01538137
v -0.01894411 -0.03497023 -0.01487732
v -0.01967464 -0.03412879 -0.01487732
v -0.01159553 -0.03783742 -0.01538137
v -0.01252416 -0.03783742 -0.01536737
v -0.01438143 -0.03690844 -0.01536737
v -0.01623869 -0.03598432 -0.01533377
v -0.01531006 -0.03690844 -0.01528616
v -0.01626965 -0.03695951 -0.01502574
v -0.01724162 -0.03606458 -0.01507054
v -0.01698779 -0.03668471 -0.01489692
v -0.01808977 -0.03575816 -0.01489412
v -0.02366157 -0.02856220 -0.01428086
v -0.02417541 -0.02826551 -0.01386922
v -0.02427447 -0.02763322 -0.01397003
v -0.02395254 -0.02670424 -0.01457769
v -0.02457163 -0.02573391 -0.01426966
v -0.02499261 -0.02605249 -0.01374321
v -0.02531453 -0.02575580 -0.01340158
v -0.02592743 -0.02484871 -0.01280232
v -0.02555598 -0.02484871 -0.01335397
v -0.02514738 -0.02484871 -0.01391683
v -0.02407636 -0.02888321 -0.01376561
v -0.02475735 -0.02405834 -0.01444608
v -0.02140808 -0.03192793 -0.01480732
v -0.02059089 -0.03296878 -0.01488012
v -0.02298676 -0.02948875 -0.01455249
v -0.02348203 -0.02948875 -0.01409045
v -0.02219433 -0.03073874 -0.01467850
v 0.02415684 -0.02541534 -0.01477651
v 0.02508547 -0.02543236 -0.01385522
v 0.02482545 -0.02405834 -0.01437607
v 0.02514738 -0.02484871 -0.01391683
v 0.02333964 -0.02763322 -0.01488292
v 0.02278865 -0.02855490 -0.01501454
v 0.02252244 -0.02948875 -0.01494453
v 0.02185383 -0.03042259 -0.01502574
v 0.02087567 -0.03134428 -0.01524416
v 0.02087567 -0.03041530 -0.01535617
v 0.01994704 -0.03227326 -0.01532257
v 0.01901840 -0.03319981 -0.01534777
v 0.01808977 -0.03412879 -0.01536737
v 0.01623869 -0.03505534 -0.01538137
v -0.01858504 -0.03554658 -0.01476531
v -0.01920413 -0.03522071 -0.01456929
v -0.01948891 -0.03460301 -0.01475131
v -0.00880963 -0.03876640 -0.01538137
v -0.00973826 -0.03876640 -0.01537297
v -0.01345280 -0.03783742 -0.01529176
v -0.01066690 -0.03876640 -0.01533097
v -0.01531006 -0.03770124 -0.01496693
v -0.01252416 -0.03876640 -0.01512935
v -0.01598487 -0.03751155 -0.01484932
v -0.01660396 -0.03730241 -0.01469810
v -0.01760688 -0.03642936 -0.01473171
v -0.02442305 -0.02856950 -0.01341558
v -0.02520929 -0.02670424 -0.01313555
v -0.02582219 -0.02577526 -0.01262310
v -0.02609458 -0.02577526 -0.01215826
v -0.02689321 -0.02516972 -0.01100454
v -0.02619364 -0.02484871 -0.01233747
v -0.02597077 -0.02430396 -0.01286953
v -0.02580361 -0.02405834 -0.01317476
v -0.02571694 -0.02405834 -0.01330077
v -0.02567360 -0.02405834 -0.01336237
v -0.02520929 -0.02405834 -0.01398123
v -0.02394635 -0.02948875 -0.01360040
v -0.02429304 -0.02948875 -0.01313555
v -0.02492451 -0.02855977 -0.01268751
v -0.02331488 -0.03018184 -0.01392523
v -0.02120998 -0.03254563 -0.01464490
v -0.02221290 -0.03263318 -0.01376001
v -0.02237386 -0.03201548 -0.01391403
v -0.02203336 -0.03134428 -0.01453569
v -0.02089424 -0.03324845 -0.01448528
v -0.02034944 -0.03358891 -0.01470090
v 0.02395254 -0.02670424 -0.01457769
v 0.02324678 -0.02824119 -0.01479331
v 0.02457163 -0.02573391 -0.01426966
v 0.02555598 -0.02484871 -0.01335397
v 0.02592743 -0.02484871 -0.01280232
v 0.02531453 -0.02575580 -0.01340158
v 0.02499261 -0.02605249 -0.01374321
v 0.02407636 -0.02888321 -0.01376561
v 0.02417541 -0.02826551 -0.01386922
v 0.02427447 -0.02763322 -0.01397003
v 0.02520929 -0.02405834 -0.01398123
v 0.02571694 -0.02405834 -0.01330077
v 0.02235529 -0.03011861 -0.01482412
v 0.02156905 -0.03134428 -0.01492773
v 0.02313534 -0.02885889 -0.01468970
v 0.02089424 -0.03225137 -0.01498933
v 0.02000275 -0.03324845 -0.01505374
v 0.01901840 -0.03412879 -0.01518255
v 0.01808977 -0.03505534 -0.01519655
v 0.01716114 -0.03505534 -0.01535617
v 0.01531006 -0.03598432 -0.01538137
v -0.01873981 -0.03660689 -0.01393083
v -0.01896887 -0.03593812 -0.01425006
v -0.01965606 -0.03571195 -0.01395043
v -0.01713018 -0.03782040 -0.01405964
v -0.01776784 -0.03749939 -0.01390283
v -0.01988513 -0.03497266 -0.01423326
v -0.00417266 -0.03969295 -0.01538137
v -0.00510129 -0.03969295 -0.01537577
v -0.00602992 -0.03969295 -0.01536177
v -0.00695856 -0.03969295 -0.01533377
v -0.01159553 -0.03876640 -0.01524976
v -0.00788719 -0.03969295 -0.01529176
v -0.00880963 -0.03969295 -0.01522736
v -0.01337850 -0.03876884 -0.01493613
v -0.01420808 -0.03845999 -0.01485772
v -0.01252416 -0.03934033 -0.01482412
v -0.00973826 -0.03969295 -0.01512655
v -0.01159553 -0.03950083 -0.01493333
v -0.01623869 -0.03854510 -0.01399804
v -0.01679587 -0.03837244 -0.01387202
v -0.01389854 -0.04014772 -0.01381042
v -0.02511023 -0.02734869 -0.01298154
v -0.02603268 -0.03007240 -0.01019246
v -0.02611935 -0.02948875 -0.01033808
v -0.02683130 -0.02966141 -0.00904995
v -0.02522167 -0.02855977 -0.01222546
v -0.02699226 -0.02653644 -0.01024847
v -0.02682511 -0.02577526 -0.01088693
v -0.02708513 -0.02577526 -0.01042489
v -0.02778470 -0.02596251 -0.00908636
v -0.02784041 -0.02534238 -0.00918996
v -0.02712227 -0.02485600 -0.01064611
v -0.02671367 -0.02405834 -0.01157300
v -0.02618745 -0.02405834 -0.01253909
v -0.02598315 -0.02405834 -0.01290033
v -0.02417541 -0.03005052 -0.01296193
v -0.02315391 -0.03079954 -0.01377121
v -0.02500499 -0.02983408 -0.01189783
v -0.02478831 -0.02951064 -0.01239628
v -0.02511642 -0.02921638 -0.01206585
v -0.02155047 -0.03319981 -0.01398964
v -0.02136475 -0.03370078 -0.01383842
v -0.02201479 -0.03319981 -0.01354159
v -0.02226862 -0.03366430 -0.01288913
v -0.02241720 -0.03319981 -0.01307955
v -0.02314153 -0.03356946 -0.01189223
v -0.02307962 -0.03251159 -0.01273511
v -0.02272674 -0.03226353 -0.01335397
v -0.02051041 -0.03472704 -0.01389723
v -0.02084471 -0.03405584 -0.01403724
v 0.02366157 -0.02856220 -0.01428086
v 0.02580361 -0.02405834 -0.01317476
v 0.02597077 -0.02430396 -0.01286953
v 0.02619364 -0.02484871 -0.01233747
v 0.02689321 -0.02516972 -0.01100454
v 0.02609458 -0.02577526 -0.01215826
v 0.02582219 -0.02577526 -0.01262310
v 0.02520929 -0.02670424 -0.01313555
v 0.02442305 -0.02856950 -0.01341558
v 0.02492451 -0.02855977 -0.01268751
v 0.02429304 -0.02948875 -0.01313555
v 0.02394635 -0.02948875 -0.01360040
v 0.02331488 -0.03018184 -0.01392523
v 0.02348203 -0.02948875 -0.01409045
v 0.02219433 -0.03073874 -0.01467850
v 0.02140808 -0.03192793 -0.01480732
v 0.02298676 -0.02948875 -0.01455249
v 0.02059089 -0.03296878 -0.01488012
v 0.01967464 -0.03412879 -0.01487732
v 0.01894411 -0.03497023 -0.01487732
v 0.01808977 -0.03575816 -0.01489412
v 0.01698779 -0.03668471 -0.01489692
v 0.01724162 -0.03606458 -0.01507054
v 0.01626965 -0.03695951 -0.01502574
v 0.01531006 -0.03690844 -0.01528616
v 0.01623869 -0.03598432 -0.01533377
v 0.01438143 -0.03690844 -0.01536737
v 0.01252416 -0.03783742 -0.01536737
v 0.01159553 -0.03783742 -0.01538137
v -0.01935890 -0.03633208 -0.01372081
v -0.01999037 -0.03603053 -0.01339598
v -0.02027515 -0.03534474 -0.01368721
v -0.01741496 -0.03811709 -0.01365640
v -0.01838693 -0.03722702 -0.01368721
v -0.00045813 -0.04062193 -0.01524416
v 0.00417266 -0.03969295 -0.01538137
v -0.00138676 -0.04062193 -0.01523016
v -0.00324402 -0.04062193 -0.01519935
v -0.00417266 -0.04062193 -0.01517975
v -0.00510129 -0.04062193 -0.01514335
v -0.00602992 -0.04062193 -0.01507894
v -0.00788719 -0.04050764 -0.01497533
v -0.01301943 -0.03924548 -0.01475691
v -0.01363852 -0.03908012 -0.01464210
v -0.01345899 -0.03969782 -0.01428366
v -0.01252416 -0.04046386 -0.01403724
v -0.00919347 -0.04199352 -0.01380202
v -0.00880963 -0.04040550 -0.01491093
v -0.01061737 -0.03973916 -0.01496973
v -0.00973826 -0.04026931 -0.01481852
v -0.01566913 -0.03917253 -0.01376841
v -0.01679587 -0.03929169 -0.01296193
v -0.01710542 -0.03872020 -0.01330917
v -0.01623869 -0.03900959 -0.01360320
v -0.01327945 -0.04030336 -0.01392523
v -0.01252416 -0.04092835 -0.01367320
v -0.01358900 -0.04069003 -0.01342678
v -0.01389235 -0.04107427 -0.01287793
v -0.01438143 -0.04046873 -0.01321396
v -0.01438143 -0.04000423 -0.01367881
v -0.02566122 -0.03039584 -0.01052850
v -0.02589028 -0.03069253 -0.00996564
v -0.02689940 -0.03086520 -0.00824067
v -0.02701083 -0.03024750 -0.00843109
v -0.02708513 -0.02940607 -0.00873072
v -0.02769183 -0.02670424 -0.00892394
v -0.02795185 -0.02670424 -0.00845909
v -0.02831711 -0.02670424 -0.00778703
v -0.02873809 -0.02602574 -0.00727458
v -0.02762992 -0.02484871 -0.00969401
v -0.02877524 -0.02540804 -0.00734458
v -0.02719037 -0.02405834 -0.01067971
v -0.02337679 -0.03134428 -0.01313275
v -0.02324059 -0.03189145 -0.01294793
v -0.02330869 -0.03295176 -0.01211625
v -0.02398968 -0.03338950 -0.01084213
v -0.02486879 -0.03041530 -0.01169341
v -0.02112949 -0.03431848 -0.01360040
v -0.02169906 -0.03399261 -0.01324476
v -0.02243577 -0.03403638 -0.01235148
v -0.02056612 -0.03572897 -0.01306834
v -0.02089424 -0.03600621 -0.01244668
v -0.02121617 -0.03628588 -0.01181662
v -0.02147618 -0.03663364 -0.01119776
v -0.02296819 -0.03418959 -0.01154780
v -0.02316010 -0.03453978 -0.01098494
v -0.02340155 -0.03487538 -0.01036888
v -0.02337060 -0.03392208 -0.01127337
v -0.02402064 -0.03442548 -0.00996284
v -0.02420637 -0.03380535 -0.01022327
v 0.02614411 -0.02405834 -0.01260910
v 0.02626793 -0.02405834 -0.01239068
v 0.02671367 -0.02405834 -0.01157300
v 0.02712227 -0.02485600 -0.01064611
v 0.02784041 -0.02534238 -0.00918996
v 0.02778470 -0.02596251 -0.00908636
v 0.02708513 -0.02577526 -0.01042489
v 0.02682511 -0.02577526 -0.01088693
v 0.02699226 -0.02653644 -0.01024847
v 0.02683130 -0.02966141 -0.00904995
v 0.02611935 -0.02948875 -0.01033808
v 0.02603268 -0.03007240 -0.01019246
v 0.02522167 -0.02855977 -0.01222546
v 0.02511023 -0.02734869 -0.01298154
v 0.02511642 -0.02921638 -0.01206585
v 0.02478831 -0.02951064 -0.01239628
v 0.02417541 -0.03005052 -0.01296193
v 0.02500499 -0.02983408 -0.01189783
v 0.02315391 -0.03079954 -0.01377121
v 0.02237386 -0.03201548 -0.01391403
v 0.02203336 -0.03134428 -0.01453569
v 0.02120998 -0.03254563 -0.01464490
v 0.02221290 -0.03263318 -0.01376001
v 0.02089424 -0.03324845 -0.01448528
v 0.02034944 -0.03358891 -0.01470090
v 0.01948891 -0.03460301 -0.01475131
v 0.01858504 -0.03554658 -0.01476531
v 0.01920413 -0.03522071 -0.01456929
v 0.01760688 -0.03642936 -0.01473171
v 0.01660396 -0.03730241 -0.01469810
v 0.01598487 -0.03751155 -0.01484932
v 0.01531006 -0.03770124 -0.01496693
v 0.01252416 -0.03876640 -0.01512935
v 0.01345280 -0.03783742 -0.01529176
v 0.01066690 -0.03876640 -0.01533097
v 0.00973826 -0.03876640 -0.01537297
v 0.00880963 -0.03876640 -0.01538137
v -0.01778642 -0.03844783 -0.01303754
v -0.01905555 -0.03693762 -0.01339598
v -0.01970559 -0.03665066 -0.01310195
v -0.02032468 -0.03634911 -0.01280512
v -0.00045813 -0.04137825 -0.01492493
v 0.00045813 -0.04062193 -0.01524416
v 0.00510129 -0.03969295 -0.01537577
v -0.00417266 -0.04127125 -0.01486332
v -0.00231539 -0.04132718 -0.01489692
v -0.00324402 -0.04130043 -0.01488292
v -0.00510129 -0.04121775 -0.01482972
v -0.00788719 -0.04096969 -0.01467010
v -0.00885916 -0.04163117 -0.01409605
v -0.00602992 -0.04113749 -0.01477931
v -0.00653758 -0.04109372 -0.01475131
v -0.00510129 -0.04241180 -0.01407084
v -0.00602992 -0.04231939 -0.01401764
v -0.01192365 -0.04103779 -0.01377961
v -0.00884678 -0.04248233 -0.01336517
v -0.00911298 -0.04290548 -0.01284992
v -0.00973826 -0.04234371 -0.01325316
v -0.00973826 -0.04189624 -0.01371801
v -0.00857438 -0.04205675 -0.01385242
v -0.00510129 -0.04287630 -0.01376561
v -0.00602992 -0.04278388 -0.01368161
v -0.00695856 -0.04313164 -0.01311315
v -0.01673397 -0.04017933 -0.01198744
v -0.01709304 -0.04039820 -0.01147499
v -0.01735305 -0.03997992 -0.01176622
v -0.01776165 -0.04025472 -0.01115016
v -0.01741496 -0.03906552 -0.01272391
v -0.01623869 -0.03945706 -0.01313835
v -0.01503766 -0.04027418 -0.01302074
v -0.01438143 -0.04093321 -0.01271831
v -0.01438143 -0.04134664 -0.01225347
v -0.01438143 -0.04181113 -0.01172981
v -0.01252416 -0.04136609 -0.01320836
v -0.01327945 -0.04121532 -0.01304594
v -0.01066690 -0.04217348 -0.01307675
v -0.01381806 -0.04197163 -0.01191463
v -0.02512262 -0.03195469 -0.01020927
v -0.02608839 -0.03110352 -0.00934678
v -0.02502975 -0.03361323 -0.00914236
v -0.02520310 -0.03412879 -0.00848990
v -0.02697988 -0.03289096 -0.00651570
v -0.02788375 -0.03098679 -0.00647930
v -0.02589028 -0.03439873 -0.00717097
v -0.02621221 -0.03410447 -0.00686014
v -0.02771041 -0.03041530 -0.00710376
v -0.02761754 -0.02949118 -0.00773942
v -0.02771041 -0.02855977 -0.00801385
v -0.02797042 -0.03041530 -0.00663892
v -0.02834807 -0.03041530 -0.00593045
v -0.02866380 -0.02670424 -0.00712896
v -0.02890525 -0.02670424 -0.00666692
v -0.02928289 -0.02670424 -0.00593045
v -0.02960482 -0.02670424 -0.00528918
v -0.02967292 -0.02596251 -0.00542640
v -0.02894858 -0.02574121 -0.00692174
v -0.02766707 -0.02405834 -0.00976402
v -0.02879381 -0.02484871 -0.00738939
v -0.02856475 -0.02484871 -0.00785143
v -0.02431780 -0.03312929 -0.01054810
v -0.02209527 -0.03620563 -0.01081412
v -0.02123474 -0.03725134 -0.01092613
v -0.02179811 -0.03689628 -0.01055930
v -0.02212004 -0.03716136 -0.00991244
v -0.02319106 -0.03644152 -0.00917316
v -0.02424351 -0.03476595 -0.00934678
v -0.02235529 -0.03749696 -0.00929358
v -0.02507928 -0.03463706 -0.00829668
v -0.02497403 -0.03257238 -0.00998244
v 0.02676320 -0.02405834 -0.01148059
v 0.02732038 -0.02405834 -0.01043889
v 0.02762992 -0.02484871 -0.00969401
v 0.02877524 -0.02540804 -0.00734458
v 0.02873809 -0.02602574 -0.00727458
v 0.02831711 -0.02670424 -0.00778703
v 0.02795185 -0.02670424 -0.00845909
v 0.02769183 -0.02670424 -0.00892394
v 0.02708513 -0.02940607 -0.00873072
v 0.02701083 -0.03024750 -0.00843109
v 0.02589028 -0.03069253 -0.00996564
v 0.02566122 -0.03039584 -0.01052850
v 0.02689940 -0.03086520 -0.00824067
v 0.02398968 -0.03338950 -0.01084213
v 0.02330869 -0.03295176 -0.01211625
v 0.02307962 -0.03251159 -0.01273511
v 0.02324059 -0.03189145 -0.01294793
v 0.02337679 -0.03134428 -0.01313275
v 0.02486879 -0.03041530 -0.01169341
v 0.02272674 -0.03226353 -0.01335397
v 0.02155047 -0.03319981 -0.01398964
v 0.02314153 -0.03356946 -0.01189223
v 0.02241720 -0.03319981 -0.01307955
v 0.02226862 -0.03366430 -0.01288913
v 0.02201479 -0.03319981 -0.01354159
v 0.02136475 -0.03370078 -0.01383842
v 0.02084471 -0.03405584 -0.01403724
v 0.02051041 -0.03472704 -0.01389723
v 0.01988513 -0.03497266 -0.01423326
v 0.01965606 -0.03571195 -0.01395043
v 0.01896887 -0.03593812 -0.01425006
v 0.01873981 -0.03660689 -0.01393083
v 0.01776784 -0.03749939 -0.01390283
v 0.01713018 -0.03782040 -0.01405964
v 0.01679587 -0.03837244 -0.01387202
v 0.01623869 -0.03854510 -0.01399804
v 0.01389854 -0.04014772 -0.01381042
v 0.01420808 -0.03845999 -0.01485772
v 0.01337850 -0.03876884 -0.01493613
v 0.01252416 -0.03934033 -0.01482412
v 0.01159553 -0.03950083 -0.01493333
v 0.00973826 -0.03969295 -0.01512655
v 0.01159553 -0.03876640 -0.01524976
v 0.00880963 -0.03969295 -0.01522736
v 0.00788719 -0.03969295 -0.01529176
v 0.00695856 -0.03969295 -0.01533377
v 0.00602992 -0.03969295 -0.01536177
v -0.01778023 -0.03936222 -0.01210505
v -0.01809596 -0.03876640 -0.01242988
v -0.01873981 -0.03846728 -0.01213305
v -0.01935890 -0.03818518 -0.01183622
v -0.02031230 -0.03728052 -0.01186423
v -0.00045813 -0.04247747 -0.01424726
v 0.00045813 -0.04137825 -0.01492493
v 0.00138676 -0.04062193 -0.01523016
v -0.00417266 -0.04173574 -0.01457209
v -0.00443887 -0.04292736 -0.01380762
v -0.00138676 -0.04247747 -0.01421366
v -0.00788719 -0.04154848 -0.01428646
v -0.00695856 -0.04221968 -0.01396163
v -0.00788719 -0.04303437 -0.01300114
v -0.00880963 -0.04326297 -0.01249429
v -0.00880963 -0.04378339 -0.01185583
v -0.00973826 -0.04403631 -0.01124257
v -0.00973826 -0.04365936 -0.01170741
v -0.00973826 -0.04319487 -0.01226747
v -0.00973826 -0.04280577 -0.01273231
v -0.00602992 -0.04407521 -0.01221146
v -0.00510129 -0.04331403 -0.01330357
v -0.00602992 -0.04322649 -0.01321676
v -0.00602992 -0.04368854 -0.01267351
v -0.01491384 -0.04205432 -0.01108295
v -0.01665967 -0.04105967 -0.01100454
v -0.01716114 -0.04090646 -0.01081692
v -0.01769355 -0.04112533 -0.01015606
v -0.01831264 -0.04090890 -0.00991244
v -0.01866552 -0.04117640 -0.00929358
v -0.01838074 -0.04000423 -0.01087013
v -0.01438143 -0.04220509 -0.01126497
v -0.01252416 -0.04183058 -0.01267071
v -0.01126741 -0.04206161 -0.01294793
v -0.01319897 -0.04209323 -0.01205745
v -0.01066690 -0.04263797 -0.01253349
v -0.01366328 -0.04284468 -0.01090933
v -0.01420808 -0.04308300 -0.01029327
v -0.01482717 -0.04293223 -0.01009445
v -0.01304420 -0.04296141 -0.01106055
v -0.02683749 -0.03350866 -0.00626928
v -0.02774136 -0.03160449 -0.00622728
v -0.02791470 -0.03197900 -0.00560841
v -0.02886810 -0.03203980 -0.00380504
v -0.02870095 -0.03165799 -0.00442390
v -0.02882477 -0.03104030 -0.00465912
v -0.02606982 -0.03477081 -0.00655211
v -0.02689940 -0.03550281 -0.00451631
v -0.02671367 -0.03417014 -0.00594725
v -0.02867618 -0.03041530 -0.00529758
v -0.02882477 -0.02926015 -0.00558321
v -0.02901049 -0.02953739 -0.00507356
v -0.02928908 -0.03041530 -0.00407386
v -0.02967292 -0.02987056 -0.00356981
v -0.02992674 -0.02767213 -0.00414107
v -0.02982769 -0.02670424 -0.00482434
v -0.02882477 -0.02405834 -0.00744259
v -0.03050869 -0.02670424 -0.00337660
v -0.03072537 -0.02670424 -0.00291175
v -0.03031058 -0.02577526 -0.00407386
v -0.02985864 -0.02570230 -0.00507076
v -0.02969149 -0.02534481 -0.00547120
v -0.02061565 -0.03756748 -0.01124537
v -0.02091281 -0.03787147 -0.01060970
v -0.02120998 -0.03817545 -0.00996564
v -0.02150095 -0.03755532 -0.01030728
v -0.02211384 -0.03811709 -0.00899955
v -0.02267102 -0.03774501 -0.00862431
v -0.02402683 -0.03538608 -0.00904435
v -0.02455925 -0.03501157 -0.00867192
v -0.02236148 -0.03840892 -0.00838069
v -0.02486879 -0.03525719 -0.00798585
v -0.02508547 -0.03556604 -0.00736699
v -0.02590267 -0.03538851 -0.00627768
v 0.02770422 -0.02405834 -0.00969401
v 0.02856475 -0.02484871 -0.00785143
v 0.02879381 -0.02484871 -0.00738939
v 0.02967292 -0.02596251 -0.00542640
v 0.02894858 -0.02574121 -0.00692174
v 0.02960482 -0.02670424 -0.00528918
v 0.02928289 -0.02670424 -0.00593045
v 0.02890525 -0.02670424 -0.00666692
v 0.02866380 -0.02670424 -0.00712896
v 0.02834807 -0.03041530 -0.00593045
v 0.02797042 -0.03041530 -0.00663892
v 0.02761754 -0.02949118 -0.00773942
v 0.02771041 -0.02855977 -0.00801385
v 0.02771041 -0.03041530 -0.00710376
v 0.02788375 -0.03098679 -0.00647930
v 0.02608839 -0.03110352 -0.00934678
v 0.02520310 -0.03412879 -0.00848990
v 0.02502975 -0.03361323 -0.00914236
v 0.02512262 -0.03195469 -0.01020927
v 0.02697988 -0.03289096 -0.00651570
v 0.02621221 -0.03410447 -0.00686014
v 0.02589028 -0.03439873 -0.00717097
v 0.02431780 -0.03312929 -0.01054810
v 0.02420637 -0.03380535 -0.01022327
v 0.02402064 -0.03442548 -0.00996284
v 0.02337060 -0.03392208 -0.01127337
v 0.02340155 -0.03487538 -0.01036888
v 0.02316010 -0.03453978 -0.01098494
v 0.02296819 -0.03418959 -0.01154780
v 0.02243577 -0.03403638 -0.01235148
v 0.02169906 -0.03399261 -0.01324476
v 0.02147618 -0.03663364 -0.01119776
v 0.02121617 -0.03628588 -0.01181662
v 0.02089424 -0.03600621 -0.01244668
v 0.02056612 -0.03572897 -0.01306834
v 0.02112949 -0.03431848 -0.01360040
v 0.02027515 -0.03534474 -0.01368721
v 0.01999037 -0.03603053 -0.01339598
v 0.01935890 -0.03633208 -0.01372081
v 0.01838693 -0.03722702 -0.01368721
v 0.01741496 -0.03811709 -0.01365640
v 0.01710542 -0.03872020 -0.01330917
v 0.01679587 -0.03929169 -0.01296193
v 0.01623869 -0.03900959 -0.01360320
v 0.01566913 -0.03917253 -0.01376841
v 0.01438143 -0.04000423 -0.01367881
v 0.01438143 -0.04046873 -0.01321396
v 0.01389235 -0.04107427 -0.01287793
v 0.01358900 -0.04069003 -0.01342678
v 0.01252416 -0.04092835 -0.01367320
v 0.01327945 -0.04030336 -0.01392523
v 0.01345899 -0.03969782 -0.01428366
v 0.01363852 -0.03908012 -0.01464210
v 0.01301943 -0.03924548 -0.01475691
v 0.01252416 -0.04046386 -0.01403724
v 0.00919347 -0.04199352 -0.01380202
v 0.00973826 -0.04026931 -0.01481852
v 0.00880963 -0.04040550 -0.01491093
v 0.01061737 -0.03973916 -0.01496973
v 0.00788719 -0.04050764 -0.01497533
v 0.00602992 -0.04062193 -0.01507894
v 0.00510129 -0.04062193 -0.01514335
v 0.00417266 -0.04062193 -0.01517975
v 0.00324402 -0.04062193 -0.01519935
v -0.01839931 -0.03908741 -0.01181102
v -0.01869648 -0.04029120 -0.01025127
v -0.02028753 -0.03818761 -0.01090933
v -0.00045813 -0.04303923 -0.01388882
v 0.00045813 -0.04247747 -0.01424726
v 0.00231539 -0.04132718 -0.01489692
v -0.00414789 -0.04256258 -0.01405124
v -0.00324402 -0.04247747 -0.01414085
v -0.00414789 -0.04328971 -0.01344078
v -0.00417266 -0.04383689 -0.01284992
v -0.00381978 -0.04294682 -0.01382162
v -0.00045813 -0.04350372 -0.01346038
v -0.00045813 -0.04395849 -0.01299834
v -0.00138676 -0.04392930 -0.01296193
v -0.00138676 -0.04301248 -0.01387202
v -0.00231539 -0.04298816 -0.01385242
v -0.00790576 -0.04355965 -0.01236268
v -0.00761479 -0.04390985 -0.01200984
v -0.00823388 -0.04384419 -0.01193143
v -0.00880963 -0.04415547 -0.01139098
v -0.00790576 -0.04420167 -0.01157300
v -0.00958349 -0.04487774 -0.01021487
v -0.00983113 -0.04455916 -0.01054250
v -0.01019639 -0.04479505 -0.01010285
v -0.01038212 -0.04393417 -0.01111375
v -0.01066690 -0.04303194 -0.01206865
v -0.00510129 -0.04377853 -0.01278272
v -0.00510129 -0.04416276 -0.01231787
v -0.00602992 -0.04453727 -0.01164301
v -0.00695856 -0.04397794 -0.01209385
v -0.01553293 -0.04186706 -0.01085893
v -0.01630679 -0.04159226 -0.01062371
v -0.01804024 -0.04133204 -0.00961841
v -0.01595391 -0.04212484 -0.01024007
v -0.01657300 -0.04193515 -0.01000765
v -0.01928461 -0.04089674 -0.00895474
v -0.01899364 -0.04059275 -0.00961281
v -0.01808977 -0.04182815 -0.00892674
v -0.01856647 -0.04202270 -0.00826308
v -0.01950129 -0.04203000 -0.00734458
v -0.01956320 -0.04115938 -0.00833588
v -0.01252416 -0.04221968 -0.01220866
v -0.01100120 -0.04381744 -0.01097094
v -0.01286466 -0.04381987 -0.01004125
v -0.01345280 -0.04370800 -0.00988723
v -0.01405950 -0.04392930 -0.00925997
v -0.01159553 -0.04406549 -0.01036048
v -0.01224557 -0.04393903 -0.01019806
v -0.01467859 -0.04379555 -0.00908076
v -0.01531006 -0.04315110 -0.00944479
v -0.01531006 -0.04278388 -0.00990964
v -0.02704179 -0.03488511 -0.00477953
v -0.02794566 -0.03297364 -0.00473193
v -0.02971625 -0.03093086 -0.00274653
v -0.02899192 -0.03134671 -0.00409907
v -0.02780327 -0.03359135 -0.00447710
v -0.02814377 -0.03325088 -0.00412987
v -0.02796423 -0.03392694 -0.00385824
v -0.02891144 -0.03041530 -0.00483274
v -0.02629269 -0.03599648 -0.00500636
v -0.02608220 -0.03659230 -0.00470113
v -0.02700465 -0.03565359 -0.00389745
v -0.02721514 -0.03513803 -0.00415507
v -0.02609458 -0.03569736 -0.00565882
v -0.02960482 -0.03041530 -0.00339340
v -0.02992055 -0.02953252 -0.00321418
v -0.03018676 -0.02855977 -0.00314697
v -0.03042820 -0.02764051 -0.00310497
v -0.03065727 -0.02733653 -0.00276894
v -0.02972864 -0.02405834 -0.00553841
v -0.03101634 -0.02670424 -0.00221728
v -0.03113397 -0.02577526 -0.00221728
v -0.03077489 -0.02577526 -0.00303496
v -0.03057059 -0.02577526 -0.00349981
v -0.03034772 -0.02405834 -0.00418587
v -0.02997627 -0.02405834 -0.00500356
v -0.02059089 -0.03846728 -0.01029047
v -0.02149476 -0.03844783 -0.00934678
v -0.01961273 -0.04027661 -0.00931318
v -0.02298057 -0.03799306 -0.00794104
v -0.02424970 -0.03569736 -0.00842829
v -0.02177335 -0.03873965 -0.00868312
v -0.02205813 -0.03902905 -0.00800265
v -0.02231814 -0.03927953 -0.00738379
v -0.02318487 -0.03921630 -0.00638129
v -0.02319725 -0.03830191 -0.00732218
v -0.02332726 -0.03774501 -0.00769462
v -0.02522167 -0.03591866 -0.00678173
v -0.02570456 -0.03599648 -0.00595285
v -0.02335202 -0.03852565 -0.00685734
v -0.02402064 -0.03815357 -0.00623848
v 0.02882477 -0.02405834 -0.00744259
v 0.02969149 -0.02534481 -0.00547120
v 0.02985864 -0.02570230 -0.00507076
v 0.03031058 -0.02577526 -0.00407386
v 0.03072537 -0.02670424 -0.00291175
v 0.03050869 -0.02670424 -0.00337660
v 0.02982769 -0.02670424 -0.00482434
v 0.02967292 -0.02987056 -0.00356981
v 0.02928908 -0.03041530 -0.00407386
v 0.02901049 -0.02953739 -0.00507356
v 0.02882477 -0.02926015 -0.00558321
v 0.02992674 -0.02767213 -0.00414107
v 0.02867618 -0.03041530 -0.00529758
v 0.02882477 -0.03104030 -0.00465912
v 0.02791470 -0.03197900 -0.00560841
v 0.02774136 -0.03160449 -0.00622728
v 0.02683749 -0.03350866 -0.00626928
v 0.02870095 -0.03165799 -0.00442390
v 0.02886810 -0.03203980 -0.00380504
v 0.02507928 -0.03463706 -0.00829668
v 0.02497403 -0.03257238 -0.00998244
v 0.02671367 -0.03417014 -0.00594725
v 0.02689940 -0.03550281 -0.00451631
v 0.02606982 -0.03477081 -0.00655211
v 0.02424351 -0.03476595 -0.00934678
v 0.02319106 -0.03644152 -0.00917316
v 0.02235529 -0.03749696 -0.00929358
v 0.02212004 -0.03716136 -0.00991244
v 0.02209527 -0.03620563 -0.01081412
v 0.02123474 -0.03725134 -0.01092613
v 0.02179811 -0.03689628 -0.01055930
v 0.02032468 -0.03634911 -0.01280512
v 0.01905555 -0.03693762 -0.01339598
v 0.01778642 -0.03844783 -0.01303754
v 0.01970559 -0.03665066 -0.01310195
v 0.01741496 -0.03906552 -0.01272391
v 0.01503766 -0.04027418 -0.01302074
v 0.01623869 -0.03945706 -0.01313835
v 0.01776165 -0.04025472 -0.01115016
v 0.01735305 -0.03997992 -0.01176622
v 0.01709304 -0.04039820 -0.01147499
v 0.01673397 -0.04017933 -0.01198744
v 0.01438143 -0.04181113 -0.01172981
v 0.01438143 -0.04134664 -0.01225347
v 0.01438143 -0.04093321 -0.01271831
v 0.01381806 -0.04197163 -0.01191463
v 0.01327945 -0.04121532 -0.01304594
v 0.01192365 -0.04103779 -0.01377961
v 0.01252416 -0.04136609 -0.01320836
v 0.01066690 -0.04217348 -0.01307675
v 0.00973826 -0.04234371 -0.01325316
v 0.00973826 -0.04189624 -0.01371801
v 0.00857438 -0.04205675 -0.01385242
v 0.00885916 -0.04163117 -0.01409605
v 0.00911298 -0.04290548 -0.01284992
v 0.00884678 -0.04248233 -0.01336517
v 0.00695856 -0.04313164 -0.01311315
v 0.00602992 -0.04278388 -0.01368161
v 0.00510129 -0.04287630 -0.01376561
v 0.00788719 -0.04096969 -0.01467010
v 0.00602992 -0.04231939 -0.01401764
v 0.00510129 -0.04241180 -0.01407084
v 0.00653758 -0.04109372 -0.01475131
v 0.00602992 -0.04113749 -0.01477931
v 0.00510129 -0.04121775 -0.01482972
v 0.00417266 -0.04127125 -0.01486332
v 0.00324402 -0.04130043 -0.01488292
v 0.00045813 -0.04303923 -0.01388882
v 0.00138676 -0.04247747 -0.01421366
v -0.00353500 -0.04385878 -0.01287513
v -0.00231539 -0.04430868 -0.01242708
v -0.00417266 -0.04421626 -0.01238788
v 0.00045813 -0.04350372 -0.01346038
v 0.00045813 -0.04395849 -0.01299834
v -0.00022906 -0.04481208 -0.01198184
v -0.00084815 -0.04479262 -0.01195664
v -0.00880963 -0.04461753 -0.01079732
v -0.00732382 -0.04477560 -0.01100734
v -0.00788719 -0.04471724 -0.01092894
v -0.00602992 -0.04491179 -0.01117816
v -0.00670473 -0.04484126 -0.01108855
v -0.00887773 -0.04548328 -0.00959880
v -0.00923061 -0.04571431 -0.00916476
v -0.00973826 -0.04565594 -0.00908076
v -0.00983113 -0.04516227 -0.00973322
v -0.00880963 -0.04496772 -0.01033528
v -0.01066690 -0.04551246 -0.00887633
v -0.01066690 -0.04504797 -0.00952040
v -0.01066690 -0.04470751 -0.00998524
v -0.00510129 -0.04462482 -0.01174942
v -0.00417266 -0.04468076 -0.01181662
v -0.01758212 -0.04198622 -0.00914236
v -0.02117283 -0.03906796 -0.00898555
v -0.01842408 -0.04285684 -0.00719897
v -0.01904936 -0.04267202 -0.00687694
v -0.01937128 -0.04286900 -0.00628888
v -0.01893792 -0.04216375 -0.00770582
v -0.01808977 -0.04217105 -0.00846469
v -0.01683921 -0.04302464 -0.00836388
v -0.01571866 -0.04383689 -0.00820427
v -0.01715495 -0.04323865 -0.00778703
v -0.01780499 -0.04305139 -0.00747900
v -0.01966845 -0.04307328 -0.00567002
v -0.02002133 -0.04254069 -0.00600605
v -0.02061565 -0.04221239 -0.00572603
v -0.02037421 -0.04197406 -0.00634489
v -0.02143904 -0.03932574 -0.00836668
v -0.01140980 -0.04490449 -0.00932718
v -0.01345280 -0.04404846 -0.00942239
v -0.01202889 -0.04478533 -0.00916196
v -0.01252416 -0.04469048 -0.00902475
v -0.01348994 -0.04454700 -0.00869432
v -0.01382425 -0.04476101 -0.00819587
v -0.01437524 -0.04415790 -0.00874752
v -0.01493242 -0.04484126 -0.00738939
v -0.01509957 -0.04401928 -0.00846189
v -0.01537197 -0.04364720 -0.00874752
v -0.01438143 -0.04465157 -0.00802785
v -0.01584248 -0.04298573 -0.00923477
v -0.02971625 -0.03093086 -0.00262892
v -0.03063870 -0.02814391 -0.00187565
v -0.03075013 -0.02764051 -0.00219768
v -0.02980293 -0.03041530 -0.00293135
v -0.02589028 -0.03631506 -0.00531719
v -0.02520310 -0.03759180 -0.00500356
v -0.02440447 -0.03875911 -0.00498675
v -0.02420017 -0.03932331 -0.00466752
v -0.02700465 -0.03565359 -0.00339340
v -0.03102253 -0.02670424 -0.00129039
v -0.03126397 -0.02577526 -0.00129039
v -0.03157971 -0.02448879 -0.00094876
v -0.03162305 -0.02405834 -0.00104677
v -0.03143732 -0.02405834 -0.00164323
v -0.03117730 -0.02484871 -0.00221728
v -0.03074394 -0.02405834 -0.00328699
v -0.03042820 -0.02405834 -0.00400386
v -0.02205194 -0.03994830 -0.00685734
v -0.02225004 -0.04013799 -0.00636729
v -0.02283818 -0.03979509 -0.00606486
v -0.02310439 -0.04006990 -0.00532839
v -0.02338917 -0.03944976 -0.00576243
v -0.02400826 -0.03906309 -0.00528638
v -0.02370490 -0.03882963 -0.00600045
v 0.02972864 -0.02405834 -0.00553841
v 0.02997627 -0.02405834 -0.00500356
v 0.03057059 -0.02577526 -0.00349981
v 0.03077489 -0.02577526 -0.00303496
v 0.03113397 -0.02577526 -0.00221728
v 0.03101634 -0.02670424 -0.00221728
v 0.03065727 -0.02733653 -0.00276894
v 0.03042820 -0.02764051 -0.00310497
v 0.02960482 -0.03041530 -0.00339340
v 0.03018676 -0.02855977 -0.00314697
v 0.02992055 -0.02953252 -0.00321418
v 0.02899192 -0.03134671 -0.00409907
v 0.02891144 -0.03041530 -0.00483274
v 0.02794566 -0.03297364 -0.00473193
v 0.02704179 -0.03488511 -0.00477953
v 0.02971625 -0.03093086 -0.00274653
v 0.02796423 -0.03392694 -0.00385824
v 0.02814377 -0.03325088 -0.00412987
v 0.02780327 -0.03359135 -0.00447710
v 0.02590267 -0.03538851 -0.00627768
v 0.02508547 -0.03556604 -0.00736699
v 0.02486879 -0.03525719 -0.00798585
v 0.02455925 -0.03501157 -0.00867192
v 0.02721514 -0.03513803 -0.00415507
v 0.02700465 -0.03565359 -0.00389745
v 0.02608220 -0.03659230 -0.00470113
v 0.02629269 -0.03599648 -0.00500636
v 0.02609458 -0.03569736 -0.00565882
v 0.02402683 -0.03538608 -0.00904435
v 0.02267102 -0.03774501 -0.00862431
v 0.02236148 -0.03840892 -0.00838069
v 0.02211384 -0.03811709 -0.00899955
v 0.02150095 -0.03755532 -0.01030728
v 0.02120998 -0.03817545 -0.00996564
v 0.02091281 -0.03787147 -0.01060970
v 0.02061565 -0.03756748 -0.01124537
v 0.02031230 -0.03728052 -0.01186423
v 0.01778023 -0.03936222 -0.01210505
v 0.01809596 -0.03876640 -0.01242988
v 0.01935890 -0.03818518 -0.01183622
v 0.01873981 -0.03846728 -0.01213305
v 0.01769355 -0.04112533 -0.01015606
v 0.01716114 -0.04090646 -0.01081692
v 0.01838074 -0.04000423 -0.01087013
v 0.01866552 -0.04117640 -0.00929358
v 0.01831264 -0.04090890 -0.00991244
v 0.01665967 -0.04105967 -0.01100454
v 0.01491384 -0.04205432 -0.01108295
v 0.01438143 -0.04220509 -0.01126497
v 0.01482717 -0.04293223 -0.01009445
v 0.01420808 -0.04308300 -0.01029327
v 0.01366328 -0.04284468 -0.01090933
v 0.01304420 -0.04296141 -0.01106055
v 0.01319897 -0.04209323 -0.01205745
v 0.01252416 -0.04183058 -0.01267071
v 0.01126741 -0.04206161 -0.01294793
v 0.01066690 -0.04263797 -0.01253349
v 0.00973826 -0.04280577 -0.01273231
v 0.00788719 -0.04154848 -0.01428646
v 0.00695856 -0.04221968 -0.01396163
v 0.00788719 -0.04303437 -0.01300114
v 0.00973826 -0.04319487 -0.01226747
v 0.00973826 -0.04365936 -0.01170741
v 0.00973826 -0.04403631 -0.01124257
v 0.00880963 -0.04378339 -0.01185583
v 0.00880963 -0.04326297 -0.01249429
v 0.00602992 -0.04407521 -0.01221146
v 0.00602992 -0.04368854 -0.01267351
v 0.00602992 -0.04322649 -0.01321676
v 0.00510129 -0.04331403 -0.01330357
v 0.00443887 -0.04292736 -0.01380762
v 0.00417266 -0.04173574 -0.01457209
v 0.00138676 -0.04301248 -0.01387202
v 0.00324402 -0.04247747 -0.01414085
v 0.00381978 -0.04294682 -0.01382162
v 0.00231539 -0.04298816 -0.01385242
v -0.00231539 -0.04474398 -0.01189503
v 0.00138676 -0.04392930 -0.01296193
v 0.00022906 -0.04481208 -0.01198184
v -0.00045813 -0.04563892 -0.01092053
v -0.00050765 -0.04510877 -0.01158700
v -0.00602992 -0.04542735 -0.01050329
v -0.00572038 -0.04575808 -0.01015046
v -0.00510129 -0.04499690 -0.01128457
v -0.00510129 -0.04546139 -0.01068251
v -0.00788719 -0.04552948 -0.00983403
v -0.00861152 -0.04577997 -0.00925997
v -0.00750954 -0.04667247 -0.00827988
v -0.00973826 -0.04596966 -0.00861591
v -0.00602992 -0.04651926 -0.00897994
v -0.00695856 -0.04641956 -0.00883433
v -0.00695856 -0.04673084 -0.00836948
v -0.01066690 -0.04583347 -0.00841149
v -0.00695856 -0.04562676 -0.00997124
v -0.01117455 -0.04574106 -0.00827148
v -0.00417266 -0.04504797 -0.01135178
v -0.01875838 -0.04306598 -0.00658011
v -0.01669063 -0.04386121 -0.00731098
v -0.01803405 -0.04336754 -0.00680413
v -0.01898126 -0.04337970 -0.00589124
v -0.01554531 -0.04467346 -0.00714016
v -0.01591058 -0.04488260 -0.00652130
v -0.01607154 -0.04405333 -0.00758541
v -0.01979845 -0.04315839 -0.00500356
v -0.02026277 -0.04281550 -0.00500356
v -0.02078900 -0.04235101 -0.00500356
v -0.02330250 -0.04024986 -0.00470953
v -0.01858504 -0.04388553 -0.00549360
v -0.01438143 -0.04495313 -0.00756581
v -0.01465383 -0.04565108 -0.00627208
v -0.01537197 -0.04553192 -0.00595005
v -0.02889906 -0.03200575 -0.00221728
v -0.02935099 -0.03128105 -0.00227889
v -0.02956148 -0.03061715 -0.00201006
v -0.03063870 -0.02814391 -0.00171043
v -0.02365538 -0.03969538 -0.00499795
v -0.02420017 -0.03932331 -0.00429789
v -0.02662081 -0.03597216 -0.00310777
v -0.02686226 -0.03545660 -0.00277454
v -0.02611935 -0.03660689 -0.00314697
v -0.03157971 -0.02448879 -0.00076674
v -0.03073156 -0.02754810 -0.00135760
v -0.03073156 -0.02670424 -0.00063513
v -0.03162305 -0.02405834 -0.00064913
v -0.03120826 -0.02405834 -0.00221728
v -0.03115254 -0.02405834 -0.00234889
v 0.03042820 -0.02405834 -0.00400386
v 0.03117730 -0.02484871 -0.00221728
v 0.03147446 -0.02405834 -0.00149761
v 0.03162305 -0.02405834 -0.00104677
v 0.03157971 -0.02448879 -0.00094876
v 0.03126397 -0.02577526 -0.00129039
v 0.03102253 -0.02670424 -0.00129039
v 0.03063870 -0.02814391 -0.00187565
v 0.03075013 -0.02764051 -0.00219768
v 0.02980293 -0.03041530 -0.00293135
v 0.02971625 -0.03093086 -0.00262892
v 0.02570456 -0.03599648 -0.00595285
v 0.02522167 -0.03591866 -0.00678173
v 0.02402064 -0.03815357 -0.00623848
v 0.02318487 -0.03921630 -0.00638129
v 0.02335202 -0.03852565 -0.00685734
v 0.02319725 -0.03830191 -0.00732218
v 0.02332726 -0.03774501 -0.00769462
v 0.02298057 -0.03799306 -0.00794104
v 0.02424970 -0.03569736 -0.00842829
v 0.02700465 -0.03565359 -0.00339340
v 0.02420017 -0.03932331 -0.00466752
v 0.02440447 -0.03875911 -0.00498675
v 0.02520310 -0.03759180 -0.00500356
v 0.02589028 -0.03631506 -0.00531719
v 0.02231814 -0.03927953 -0.00738379
v 0.02205813 -0.03902905 -0.00800265
v 0.02177335 -0.03873965 -0.00868312
v 0.02149476 -0.03844783 -0.00934678
v 0.02059089 -0.03846728 -0.01029047
v 0.01961273 -0.04027661 -0.00931318
v 0.01899364 -0.04059275 -0.00961281
v 0.02028753 -0.03818761 -0.01090933
v 0.01869648 -0.04029120 -0.01025127
v 0.01839931 -0.03908741 -0.01181102
v 0.01804024 -0.04133204 -0.00961841
v 0.01657300 -0.04193515 -0.01000765
v 0.01595391 -0.04212484 -0.01024007
v 0.01630679 -0.04159226 -0.01062371
v 0.01928461 -0.04089674 -0.00895474
v 0.01956320 -0.04115938 -0.00833588
v 0.01950129 -0.04203000 -0.00734458
v 0.01856647 -0.04202270 -0.00826308
v 0.01808977 -0.04182815 -0.00892674
v 0.01553293 -0.04186706 -0.01085893
v 0.01531006 -0.04278388 -0.00990964
v 0.01531006 -0.04315110 -0.00944479
v 0.01467859 -0.04379555 -0.00908076
v 0.01405950 -0.04392930 -0.00925997
v 0.01345280 -0.04370800 -0.00988723
v 0.01286466 -0.04381987 -0.01004125
v 0.01224557 -0.04393903 -0.01019806
v 0.01159553 -0.04406549 -0.01036048
v 0.01100120 -0.04381744 -0.01097094
v 0.01252416 -0.04221968 -0.01220866
v 0.01038212 -0.04393417 -0.01111375
v 0.01066690 -0.04303194 -0.01206865
v 0.00958349 -0.04487774 -0.01021487
v 0.00880963 -0.04415547 -0.01139098
v 0.01019639 -0.04479505 -0.01010285
v 0.00983113 -0.04455916 -0.01054250
v 0.00790576 -0.04420167 -0.01157300
v 0.00823388 -0.04384419 -0.01193143
v 0.00761479 -0.04390985 -0.01200984
v 0.00790576 -0.04355965 -0.01236268
v 0.00695856 -0.04397794 -0.01209385
v 0.00602992 -0.04453727 -0.01164301
v 0.00510129 -0.04416276 -0.01231787
v 0.00510129 -0.04377853 -0.01278272
v 0.00417266 -0.04383689 -0.01284992
v 0.00414789 -0.04256258 -0.01405124
v 0.00414789 -0.04328971 -0.01344078
v -0.00138676 -0.04514281 -0.01146939
v 0.00231539 -0.04430868 -0.01242708
v 0.00084815 -0.04479262 -0.01195664
v 0.00353500 -0.04385878 -0.01287513
v 0.00050765 -0.04510877 -0.01158700
v 0.00045813 -0.04563892 -0.01092053
v -0.00045813 -0.04598425 -0.01045569
v -0.00324402 -0.04554408 -0.01079452
v -0.00602992 -0.04600857 -0.00970802
v -0.00510129 -0.04580915 -0.01022047
v -0.00510129 -0.04621771 -0.00964081
v -0.00510129 -0.04659952 -0.00909756
v -0.00417266 -0.04551246 -0.01074972
v -0.00788719 -0.04585779 -0.00936918
v -0.00695856 -0.04595750 -0.00950640
v -0.00812863 -0.04660681 -0.00817627
v -0.00695856 -0.04709562 -0.00778703
v -0.00973826 -0.04643415 -0.00789904
v -0.01024592 -0.04666761 -0.00734458
v -0.00602992 -0.04682811 -0.00851510
v -0.00602373 -0.04732908 -0.00772262
v -0.01059880 -0.04631255 -0.00770582
v -0.01086501 -0.04655817 -0.00717097
v -0.01152743 -0.04591859 -0.00778143
v -0.01764403 -0.04387823 -0.00640649
v -0.01800929 -0.04401199 -0.00585484
v -0.01622631 -0.04507472 -0.00592485
v -0.01652967 -0.04469048 -0.00623008
v -0.01906793 -0.04362289 -0.00500356
v -0.01859742 -0.04389039 -0.00446030
v -0.01973035 -0.04310976 -0.00407386
v -0.02019467 -0.04277172 -0.00407386
v -0.02231814 -0.04112777 -0.00441830
v -0.02231814 -0.04112777 -0.00464512
v -0.02330250 -0.04024986 -0.00428668
v -0.01860980 -0.04389769 -0.00500356
v -0.01685159 -0.04488747 -0.00561402
v -0.01623869 -0.04530818 -0.00500356
v -0.01292038 -0.04569972 -0.00728018
v -0.01345280 -0.04559758 -0.00711496
v -0.01403474 -0.04577267 -0.00647090
v -0.01435667 -0.04543464 -0.00680973
v -0.01510576 -0.04582861 -0.00565322
v -0.01200413 -0.04663113 -0.00635609
v -0.02877524 -0.03182336 -0.00173563
v -0.02672605 -0.03524503 -0.00221728
v -0.02888668 -0.03126403 -0.00137160
v -0.02877524 -0.03090168 -0.00080874
v -0.02935099 -0.03035207 -0.00135760
v -0.02971625 -0.02999945 -0.00171043
v -0.03062631 -0.02718332 -0.00081434
v -0.02982150 -0.02941093 -0.00135760
v -0.02970387 -0.02904858 -0.00080874
v -0.03047154 -0.02780345 -0.00109157
v -0.02410112 -0.03920171 -0.00367903
v -0.02600172 -0.03647313 -0.00264012
v -0.02621840 -0.03597703 -0.00228449
v -0.02608839 -0.03566575 -0.00155362
v -0.02571694 -0.03707138 -0.00314697
v -0.03140017 -0.02405834 -0.00018708
v -0.03145589 -0.02405834 -0.00029629
v -0.03088633 -0.02580444 -0.00031030
v -0.03128255 -0.02481952 -0.00041951
v -0.03046535 -0.02670424 -0.00017028
v -0.03058298 -0.02613274 0.00003414
v 0.03085538 -0.02405834 -0.00302656
v 0.03120826 -0.02405834 -0.00221728
v 0.03162305 -0.02405834 -0.00064913
v 0.03157971 -0.02448879 -0.00076674
v 0.03073156 -0.02670424 -0.00063513
v 0.03073156 -0.02754810 -0.00135760
v 0.03063870 -0.02814391 -0.00171043
v 0.02956148 -0.03061715 -0.00201006
v 0.02935099 -0.03128105 -0.00227889
v 0.02889906 -0.03200575 -0.00221728
v 0.02400826 -0.03906309 -0.00528638
v 0.02370490 -0.03882963 -0.00600045
v 0.02338917 -0.03944976 -0.00576243
v 0.02310439 -0.04006990 -0.00532839
v 0.02283818 -0.03979509 -0.00606486
v 0.02225004 -0.04013799 -0.00636729
v 0.02686226 -0.03545660 -0.00277454
v 0.02662081 -0.03597216 -0.00310777
v 0.02611935 -0.03660689 -0.00314697
v 0.02420017 -0.03932331 -0.00429789
v 0.02330250 -0.04024986 -0.00470953
v 0.02365538 -0.03969538 -0.00499795
v 0.02205194 -0.03994830 -0.00685734
v 0.02037421 -0.04197406 -0.00634489
v 0.02143904 -0.03932574 -0.00836668
v 0.02117283 -0.03906796 -0.00898555
v 0.01758212 -0.04198622 -0.00914236
v 0.02061565 -0.04221239 -0.00572603
v 0.02002133 -0.04254069 -0.00600605
v 0.01966845 -0.04307328 -0.00567002
v 0.01937128 -0.04286900 -0.00628888
v 0.01893792 -0.04216375 -0.00770582
v 0.01904936 -0.04267202 -0.00687694
v 0.01842408 -0.04285684 -0.00719897
v 0.01780499 -0.04305139 -0.00747900
v 0.01715495 -0.04323865 -0.00778703
v 0.01571866 -0.04383689 -0.00820427
v 0.01683921 -0.04302464 -0.00836388
v 0.01808977 -0.04217105 -0.00846469
v 0.01584248 -0.04298573 -0.00923477
v 0.01537197 -0.04364720 -0.00874752
v 0.01509957 -0.04401928 -0.00846189
v 0.01493242 -0.04484126 -0.00738939
v 0.01438143 -0.04465157 -0.00802785
v 0.01437524 -0.04415790 -0.00874752
v 0.01382425 -0.04476101 -0.00819587
v 0.01348994 -0.04454700 -0.00869432
v 0.01252416 -0.04469048 -0.00902475
v 0.01202889 -0.04478533 -0.00916196
v 0.01345280 -0.04404846 -0.00942239
v 0.01140980 -0.04490449 -0.00932718
v 0.01066690 -0.04470751 -0.00998524
v 0.00983113 -0.04516227 -0.00973322
v 0.00973826 -0.04565594 -0.00908076
v 0.00923061 -0.04571431 -0.00916476
v 0.00887773 -0.04548328 -0.00959880
v 0.00880963 -0.04496772 -0.01033528
v 0.00880963 -0.04461753 -0.01079732
v 0.00788719 -0.04471724 -0.01092894
v 0.00732382 -0.04477560 -0.01100734
v 0.01066690 -0.04504797 -0.00952040
v 0.01066690 -0.04551246 -0.00887633
v 0.00670473 -0.04484126 -0.01108855
v 0.00602992 -0.04491179 -0.01117816
v 0.00510129 -0.04462482 -0.01174942
v 0.00417266 -0.04468076 -0.01181662
v 0.00417266 -0.04421626 -0.01238788
v 0.00231539 -0.04474398 -0.01189503
v 0.00138676 -0.04514281 -0.01146939
v 0.00324402 -0.04554408 -0.01079452
v 0.00045813 -0.04598425 -0.01045569
v 0.00417266 -0.04504797 -0.01135178
v -0.00045813 -0.04644631 -0.00981443
v -0.00138676 -0.04641712 -0.00976962
v -0.00417266 -0.04585779 -0.01028767
v -0.00441410 -0.04663843 -0.00915636
v -0.00510129 -0.04690593 -0.00863551
v -0.00880963 -0.04682082 -0.00759381
v -0.00973826 -0.04672111 -0.00743419
v -0.00571419 -0.04761118 -0.00737259
v -0.00633328 -0.04754795 -0.00726618
v -0.00973826 -0.04706644 -0.00685734
v -0.00973826 -0.04746040 -0.00616287
v -0.01059880 -0.04683784 -0.00686014
v -0.01138504 -0.04675029 -0.00655211
v -0.01165125 -0.04645360 -0.00686014
v -0.01843646 -0.04380284 -0.00384144
v -0.01895030 -0.04359127 -0.00412147
v -0.01561961 -0.04565594 -0.00500356
v -0.01680826 -0.04486072 -0.00432029
v -0.01630060 -0.04506986 -0.00403466
v -0.01958177 -0.04300762 -0.00341580
v -0.01990989 -0.04263067 -0.00312177
v -0.02076423 -0.04230723 -0.00407386
v -0.02184764 -0.04140743 -0.00409627
v -0.02317249 -0.04013556 -0.00366782
v -0.01306896 -0.04668463 -0.00552721
v -0.01165125 -0.04695214 -0.00600045
v -0.01252416 -0.04678434 -0.00571763
v -0.02860189 -0.03151938 -0.00111677
v -0.02691178 -0.03459815 -0.00174404
v -0.02641651 -0.03501400 -0.00134080
v -0.02674463 -0.03435010 -0.00112518
v -0.02695512 -0.03373239 -0.00075554
v -0.02798281 -0.03202521 -0.00058472
v -0.02779708 -0.03174311 0.00003414
v -0.02875047 -0.02992649 0.00007614
v -0.02889906 -0.03041530 -0.00059872
v -0.02954910 -0.02966628 -0.00109157
v -0.02797661 -0.03112298 0.00031697
v -0.02862666 -0.03041530 -0.00013668
v -0.03014962 -0.02762349 -0.00037190
v -0.02982769 -0.02744110 0.00032817
v -0.02964196 -0.02706172 0.00094703
v -0.02351299 -0.03955434 -0.00314697
v -0.02333345 -0.03937438 -0.00241610
v -0.02397730 -0.03906309 -0.00314697
v -0.02438590 -0.03859860 -0.00314697
v -0.02485022 -0.03806845 -0.00314697
v -0.02459020 -0.03783985 -0.00221448
v -0.02495546 -0.03726106 -0.00194286
v -0.02584076 -0.03628344 -0.00202126
v -0.02422494 -0.03841621 -0.00248611
v -0.02556836 -0.03604998 -0.00120078
v -0.02591505 -0.03542742 -0.00093756
v -0.03097300 -0.02405834 0.00056339
v -0.03068822 -0.02551505 0.00021336
v -0.02998865 -0.02673342 0.00060819
v -0.03060774 -0.02435503 0.00101143
v -0.02977816 -0.02644159 0.00115705
v -0.03039106 -0.02580444 0.00053819
v 0.03140017 -0.02405834 -0.00018708
v 0.03128255 -0.02481952 -0.00041951
v 0.03088633 -0.02580444 -0.00031030
v 0.03058298 -0.02613274 0.00003414
v 0.03046535 -0.02670424 -0.00017028
v 0.03062631 -0.02718332 -0.00081434
v 0.03047154 -0.02780345 -0.00109157
v 0.02970387 -0.02904858 -0.00080874
v 0.02982150 -0.02941093 -0.00135760
v 0.02971625 -0.02999945 -0.00171043
v 0.02935099 -0.03035207 -0.00135760
v 0.02877524 -0.03090168 -0.00080874
v 0.02888668 -0.03126403 -0.00137160
v 0.02877524 -0.03182336 -0.00173563
v 0.02672605 -0.03524503 -0.00221728
v 0.02608839 -0.03566575 -0.00155362
v 0.02621840 -0.03597703 -0.00228449
v 0.02600172 -0.03647313 -0.00264012
v 0.02571694 -0.03707138 -0.00314697
v 0.02410112 -0.03920171 -0.00367903
v 0.02330250 -0.04024986 -0.00428668
v 0.02231814 -0.04112777 -0.00464512
v 0.02026277 -0.04281550 -0.00500356
v 0.02078900 -0.04235101 -0.00500356
v 0.01979845 -0.04315839 -0.00500356
v 0.01858504 -0.04388553 -0.00549360
v 0.01898126 -0.04337970 -0.00589124
v 0.01875838 -0.04306598 -0.00658011
v 0.01803405 -0.04336754 -0.00680413
v 0.01669063 -0.04386121 -0.00731098
v 0.01607154 -0.04405333 -0.00758541
v 0.01591058 -0.04488260 -0.00652130
v 0.01554531 -0.04467346 -0.00714016
v 0.01465383 -0.04565108 -0.00627208
v 0.01438143 -0.04495313 -0.00756581
v 0.01537197 -0.04553192 -0.00595005
v 0.01117455 -0.04574106 -0.00827148
v 0.01066690 -0.04583347 -0.00841149
v 0.00973826 -0.04596966 -0.00861591
v 0.00861152 -0.04577997 -0.00925997
v 0.00750954 -0.04667247 -0.00827988
v 0.00695856 -0.04673084 -0.00836948
v 0.00695856 -0.04641956 -0.00883433
v 0.00602992 -0.04651926 -0.00897994
v 0.00788719 -0.04552948 -0.00983403
v 0.00695856 -0.04562676 -0.00997124
v 0.00572038 -0.04575808 -0.01015046
v 0.00602992 -0.04542735 -0.01050329
v 0.00510129 -0.04546139 -0.01068251
v 0.00510129 -0.04499690 -0.01128457
v 0.00417266 -0.04551246 -0.01074972
v 0.00417266 -0.04585779 -0.01028767
v 0.00138676 -0.04641712 -0.00976962
v 0.00045813 -0.04644631 -0.00981443
v -0.00045813 -0.04676975 -0.00934958
v -0.00138676 -0.04674057 -0.00930478
v -0.00231539 -0.04670895 -0.00925997
v -0.00324402 -0.04635389 -0.00967721
v -0.00412932 -0.04637821 -0.00955400
v -0.00412932 -0.04689377 -0.00879233
v -0.00417266 -0.04741420 -0.00797465
v -0.00138676 -0.04712967 -0.00871392
v -0.00510129 -0.04737042 -0.00790464
v -0.00602373 -0.04781546 -0.00691614
v -0.00510129 -0.04765252 -0.00744259
v -0.00510129 -0.04799542 -0.00685734
v -0.00695856 -0.04775466 -0.00668932
v -0.00788719 -0.04765739 -0.00652410
v -0.00843199 -0.04759902 -0.00642329
v -0.00905108 -0.04753336 -0.00630568
v -0.00973826 -0.04768657 -0.00569802
v -0.01034497 -0.04762091 -0.00555521
v -0.01066071 -0.04735583 -0.00589124
v -0.01906793 -0.04320703 -0.00312177
v -0.01665348 -0.04477074 -0.00370143
v -0.01823835 -0.04368854 -0.00314697
v -0.01515529 -0.04584806 -0.00500356
v -0.01499433 -0.04578726 -0.00429229
v -0.01530387 -0.04557812 -0.00402066
v -0.01531006 -0.04530818 -0.00314697
v -0.01602201 -0.04494097 -0.00314697
v -0.01941462 -0.04289575 -0.00279694
v -0.02041754 -0.04202027 -0.00266813
v -0.02054136 -0.04212241 -0.00314697
v -0.02122855 -0.04191813 -0.00407386
v -0.02257816 -0.04041522 -0.00314697
v -0.02304248 -0.04001882 -0.00314697
v -0.02100568 -0.04173331 -0.00314697
v -0.01306896 -0.04668463 -0.00528918
v -0.02612554 -0.03480729 -0.00059312
v -0.02593362 -0.03452276 0.00002574
v -0.02697369 -0.03190361 0.00112064
v -0.02762992 -0.03139778 0.00059979
v -0.02527739 -0.03501643 0.00052139
v -0.02777851 -0.03076063 0.00093583
v -0.02901049 -0.02759674 0.00148748
v -0.02881238 -0.02726357 0.00202513
v -0.02894239 -0.02670424 0.00221555
v -0.02943147 -0.02673342 0.00147628
v -0.02278246 -0.03974402 -0.00213047
v -0.02317249 -0.03920171 -0.00179724
v -0.02369871 -0.03881018 -0.00214167
v -0.02406397 -0.03823382 -0.00186725
v -0.02522167 -0.03664093 -0.00146681
v -0.02503594 -0.03643422 -0.00085075
v -0.02527739 -0.03579220 -0.00036630
v -0.02511023 -0.03558792 0.00018535
v -0.02576028 -0.03509182 -0.00031590
v -0.03093586 -0.02405834 0.00062780
v -0.02990198 -0.02577526 0.00134747
v -0.03046535 -0.02405834 0.00140907
v -0.02873809 -0.02617652 0.00284841
v -0.02959863 -0.02577526 0.00181231
v 0.03093586 -0.02405834 0.00062780
v 0.03068822 -0.02551505 0.00021336
v 0.03060774 -0.02435503 0.00101143
v 0.03039106 -0.02580444 0.00053819
v 0.02977816 -0.02644159 0.00115705
v 0.02998865 -0.02673342 0.00060819
v 0.02964196 -0.02706172 0.00094703
v 0.02982769 -0.02744110 0.00032817
v 0.03014962 -0.02762349 -0.00037190
v 0.02875047 -0.02992649 0.00007614
v 0.02889906 -0.03041530 -0.00059872
v 0.02954910 -0.02966628 -0.00109157
v 0.02862666 -0.03041530 -0.00013668
v 0.02797661 -0.03112298 0.00031697
v 0.02779708 -0.03174311 0.00003414
v 0.02860189 -0.03151938 -0.00111677
v 0.02798281 -0.03202521 -0.00058472
v 0.02695512 -0.03373239 -0.00075554
v 0.02674463 -0.03435010 -0.00112518
v 0.02641651 -0.03501400 -0.00134080
v 0.02691178 -0.03459815 -0.00174404
v 0.02591505 -0.03542742 -0.00093756
v 0.02556836 -0.03604998 -0.00120078
v 0.02584076 -0.03628344 -0.00202126
v 0.02495546 -0.03726106 -0.00194286
v 0.02459020 -0.03783985 -0.00221448
v 0.02422494 -0.03841621 -0.00248611
v 0.02438590 -0.03859860 -0.00314697
v 0.02485022 -0.03806845 -0.00314697
v 0.02397730 -0.03906309 -0.00314697
v 0.02333345 -0.03937438 -0.00241610
v 0.02351299 -0.03955434 -0.00314697
v 0.02317249 -0.04013556 -0.00366782
v 0.02231814 -0.04112777 -0.00441830
v 0.02019467 -0.04277172 -0.00407386
v 0.01973035 -0.04310976 -0.00407386
v 0.01859742 -0.04389039 -0.00446030
v 0.01907412 -0.04362289 -0.00500356
v 0.01736544 -0.04463941 -0.00500356
v 0.01623869 -0.04530818 -0.00500356
v 0.01685159 -0.04488747 -0.00561402
v 0.01652967 -0.04469048 -0.00623288
v 0.01800929 -0.04401199 -0.00585484
v 0.01622631 -0.04507472 -0.00592485
v 0.01510576 -0.04582861 -0.00565602
v 0.01200413 -0.04663113 -0.00635609
v 0.01403474 -0.04577267 -0.00647090
v 0.01435667 -0.04543464 -0.00680973
v 0.01345280 -0.04559758 -0.00711496
v 0.01292038 -0.04569972 -0.00728018
v 0.01152743 -0.04591859 -0.00778143
v 0.01086501 -0.04655817 -0.00717097
v 0.01059880 -0.04631255 -0.00770582
v 0.01024592 -0.04666761 -0.00734458
v 0.00973826 -0.04643415 -0.00789904
v 0.00812863 -0.04660681 -0.00817627
v 0.00788719 -0.04585779 -0.00936918
v 0.00695856 -0.04709562 -0.00778703
v 0.00602373 -0.04732908 -0.00772262
v 0.00602992 -0.04682811 -0.00851510
v 0.00602992 -0.04600857 -0.00970802
v 0.00695856 -0.04595750 -0.00950640
v 0.00510129 -0.04659952 -0.00909756
v 0.00510129 -0.04621771 -0.00964081
v 0.00510129 -0.04580915 -0.01022047
v 0.00441410 -0.04663843 -0.00915636
v 0.00412932 -0.04637821 -0.00955400
v 0.00324402 -0.04635389 -0.00967721
v 0.00231539 -0.04670895 -0.00925997
v 0.00138676 -0.04674057 -0.00930478
v 0.00045813 -0.04676975 -0.00934958
v -0.00045813 -0.04719046 -0.00871392
v -0.00045813 -0.04753822 -0.00817907
v -0.00417266 -0.04769387 -0.00750980
v -0.00231539 -0.04775709 -0.00761341
v -0.00324402 -0.04772548 -0.00756301
v -0.00606088 -0.04834318 -0.00589964
v -0.00510129 -0.04838695 -0.00613487
v -0.00417266 -0.04807567 -0.00685734
v -0.00417266 -0.04842586 -0.00621887
v -0.00577610 -0.04854989 -0.00556921
v -0.01034497 -0.04762091 -0.00524158
v -0.01763164 -0.04387094 -0.00267933
v -0.01777403 -0.04395119 -0.00314697
v -0.01438143 -0.04614232 -0.00500356
v -0.01480241 -0.04570944 -0.00367342
v -0.01292657 -0.04662870 -0.00467032
v -0.01345280 -0.04629796 -0.00407386
v -0.01444334 -0.04564622 -0.00305736
v -0.01438143 -0.04537141 -0.00221728
v -0.01530387 -0.04498474 -0.00225369
v -0.01584248 -0.04483883 -0.00258692
v -0.01879553 -0.04307571 -0.00237690
v -0.01855409 -0.04293952 -0.00175804
v -0.01906793 -0.04278875 -0.00212767
v -0.01905555 -0.04235344 -0.00127639
v -0.01960654 -0.04211511 -0.00157602
v -0.01992846 -0.04223671 -0.00230409
v -0.02122236 -0.04098672 -0.00194846
v -0.02221290 -0.04011124 -0.00184765
v -0.02140808 -0.04114236 -0.00256732
v -0.02239243 -0.04026445 -0.00246371
v -0.01159553 -0.04717344 -0.00500356
v -0.02675701 -0.03156558 0.00173951
v -0.02712227 -0.03129078 0.00145388
v -0.02511023 -0.03468083 0.00111504
v -0.02527739 -0.03408745 0.00145108
v -0.02592743 -0.03266480 0.00188512
v -0.02694893 -0.03094788 0.00201393
v -0.02862047 -0.02670424 0.00267760
v -0.02831711 -0.02765997 0.00243957
v -0.02797661 -0.02743867 0.00307244
v -0.02813139 -0.02669208 0.00336927
v -0.02255340 -0.03949354 -0.00129039
v -0.02236148 -0.03932087 -0.00068553
v -0.02301771 -0.03902905 -0.00129039
v -0.02389063 -0.03803927 -0.00129039
v -0.02429923 -0.03757478 -0.00129039
v -0.02481307 -0.03693519 -0.00120918
v -0.02415065 -0.03739968 -0.00079194
v -0.02488117 -0.03625669 -0.00036630
v -0.02325916 -0.03837000 -0.00073594
v -0.02394635 -0.03717109 -0.00017308
v -0.02421875 -0.03655339 0.00023856
v -0.02455305 -0.03594784 0.00052139
v -0.02488736 -0.03529853 0.00080141
v -0.02968530 -0.02529131 0.00194393
v -0.02979673 -0.02467361 0.00210914
v -0.03040963 -0.02405834 0.00149868
v -0.02911574 -0.02583119 0.00249278
v -0.02790232 -0.02637350 0.00390412
v -0.02780327 -0.02526942 0.00471620
v 0.03065727 -0.02405834 0.00109264
v 0.03046535 -0.02405834 0.00140907
v 0.02990198 -0.02577526 0.00134747
v 0.02959863 -0.02577526 0.00181231
v 0.02873809 -0.02617652 0.00284841
v 0.02894239 -0.02670424 0.00221555
v 0.02943147 -0.02673342 0.00147628
v 0.02881238 -0.02726357 0.00202513
v 0.02901049 -0.02759674 0.00148748
v 0.02777851 -0.03076063 0.00093583
v 0.02762992 -0.03139778 0.00059979
v 0.02697369 -0.03190361 0.00112064
v 0.02527739 -0.03501643 0.00052139
v 0.02593362 -0.03452276 0.00002574
v 0.02612554 -0.03480729 -0.00059312
v 0.02576028 -0.03509182 -0.00031590
v 0.02511023 -0.03558792 0.00018535
v 0.02527739 -0.03579220 -0.00036630
v 0.02503594 -0.03643422 -0.00085075
v 0.02522167 -0.03664093 -0.00146681
v 0.02406397 -0.03823382 -0.00186725
v 0.02369871 -0.03881018 -0.00214167
v 0.02317249 -0.03920171 -0.00179724
v 0.02278246 -0.03974402 -0.00213047
v 0.02304248 -0.04001882 -0.00314697
v 0.02257816 -0.04041522 -0.00314697
v 0.02100568 -0.04173331 -0.00314697
v 0.02054136 -0.04212241 -0.00314697
v 0.02076423 -0.04230723 -0.00407386
v 0.02122855 -0.04191813 -0.00407386
v 0.02184764 -0.04140743 -0.00409627
v 0.01990989 -0.04263067 -0.00312177
v 0.01958177 -0.04300762 -0.00341580
v 0.01895030 -0.04359127 -0.00412147
v 0.01843646 -0.04380284 -0.00384144
v 0.01630060 -0.04506986 -0.00403466
v 0.01680826 -0.04486072 -0.00432029
v 0.01561961 -0.04565594 -0.00500356
v 0.01307515 -0.04668463 -0.00552721
v 0.01252416 -0.04678434 -0.00571763
v 0.01165125 -0.04695214 -0.00600045
v 0.01138504 -0.04675029 -0.00655211
v 0.01165125 -0.04645360 -0.00686014
v 0.01059880 -0.04683784 -0.00686014
v 0.00973826 -0.04672111 -0.00743419
v 0.00973826 -0.04746040 -0.00616287
v 0.00973826 -0.04706644 -0.00685734
v 0.00633328 -0.04754795 -0.00726618
v 0.00880963 -0.04682082 -0.00759381
v 0.00571419 -0.04761118 -0.00737259
v 0.00510129 -0.04690593 -0.00863551
v 0.00417266 -0.04741420 -0.00797465
v 0.00412932 -0.04689377 -0.00879233
v 0.00138676 -0.04712967 -0.00871392
v 0.00045813 -0.04719046 -0.00871392
v -0.00045813 -0.04781789 -0.00771702
v 0.00045813 -0.04753822 -0.00817907
v -0.00045813 -0.04828238 -0.00692734
v -0.00510129 -0.04859123 -0.00567002
v -0.00117008 -0.04852557 -0.00642329
v -0.00324402 -0.04845748 -0.00628328
v -0.00417266 -0.04862771 -0.00575403
v -0.00417266 -0.04866419 -0.00500356
v -0.00577610 -0.04854989 -0.00523038
v -0.00978779 -0.04769387 -0.00496155
v -0.01012829 -0.04756498 -0.00462272
v -0.01066071 -0.04747743 -0.00496155
v -0.01618917 -0.04450080 -0.00225369
v -0.01739020 -0.04373475 -0.00206047
v -0.01227034 -0.04672841 -0.00407386
v -0.01159553 -0.04697403 -0.00407386
v -0.01209080 -0.04666517 -0.00357261
v -0.01418332 -0.04582131 -0.00330659
v -0.01391092 -0.04572403 -0.00268773
v -0.01120550 -0.04667977 -0.00261492
v -0.01295752 -0.04571431 -0.00178044
v -0.01436905 -0.04498474 -0.00128479
v -0.01498814 -0.04487287 -0.00158722
v -0.01560722 -0.04470264 -0.00196806
v -0.01677111 -0.04390985 -0.00167123
v -0.01530387 -0.04455430 -0.00128479
v -0.01834979 -0.04282522 -0.00129039
v -0.01938986 -0.04193759 -0.00095996
v -0.01877077 -0.04216862 -0.00061833
v -0.02022562 -0.04185976 -0.00204927
v -0.02060327 -0.04124207 -0.00148081
v -0.02202717 -0.03995803 -0.00129039
v -0.01066690 -0.04728531 -0.00407386
v -0.02613792 -0.03204466 0.00215675
v -0.02511023 -0.03374942 0.00200553
v -0.02641651 -0.03129807 0.00239477
v -0.02671986 -0.03041530 0.00266360
v -0.02686844 -0.02989001 0.00284001
v -0.02703560 -0.02927231 0.00305283
v -0.02774136 -0.02699363 0.00369130
v -0.02138332 -0.04019149 -0.00077234
v -0.02176096 -0.03966134 -0.00041951
v -0.02214480 -0.03910687 -0.00006667
v -0.02270817 -0.03873722 -0.00040270
v -0.02304867 -0.03813898 -0.00011708
v -0.02398968 -0.03630776 0.00085742
v -0.02426827 -0.03568763 0.00118505
v -0.02962958 -0.02405834 0.00268600
v -0.02986483 -0.02405834 0.00233596
v -0.02696131 -0.02819498 0.00385091
v -0.02718418 -0.02557098 0.00484221
v -0.00160344 -0.03528880 0.01114563
v -0.02737610 -0.02405834 0.00536866
v -0.02748753 -0.02405834 0.00530705
v -0.02792090 -0.02465172 0.00483661
v -0.02851522 -0.02405834 0.00427095
v 0.03040963 -0.02405834 0.00149868
v 0.02979673 -0.02467361 0.00210914
v 0.02968530 -0.02529131 0.00194393
v 0.02911574 -0.02583119 0.00249278
v 0.02862047 -0.02670424 0.00267760
v 0.02780327 -0.02526942 0.00471620
v 0.02790232 -0.02637350 0.00390412
v 0.02813139 -0.02669208 0.00336927
v 0.02797661 -0.02743867 0.00307244
v 0.02831711 -0.02765997 0.00243957
v 0.02694893 -0.03094788 0.00201393
v 0.02712227 -0.03129078 0.00145388
v 0.02675701 -0.03156558 0.00173951
v 0.02592743 -0.03266480 0.00188512
v 0.02527739 -0.03408745 0.00145108
v 0.02511023 -0.03468083 0.00111504
v 0.02488736 -0.03529853 0.00080141
v 0.02455305 -0.03594784 0.00052139
v 0.02421875 -0.03655339 0.00023856
v 0.02394635 -0.03717109 -0.00017308
v 0.02325916 -0.03837000 -0.00073594
v 0.02488117 -0.03625669 -0.00036630
v 0.02415065 -0.03739968 -0.00079194
v 0.02481307 -0.03693519 -0.00120918
v 0.02301771 -0.03902905 -0.00129039
v 0.02236148 -0.03932087 -0.00068553
v 0.02255340 -0.03949354 -0.00129039
v 0.02429923 -0.03757478 -0.00129039
v 0.02389063 -0.03803927 -0.00129039
v 0.02221290 -0.04011124 -0.00184765
v 0.02239243 -0.04026445 -0.00246371
v 0.02140808 -0.04114236 -0.00256732
v 0.02041754 -0.04202027 -0.00266813
v 0.01941462 -0.04289575 -0.00279694
v 0.01906793 -0.04320703 -0.00312177
v 0.01823835 -0.04368854 -0.00314697
v 0.01665348 -0.04477074 -0.00370143
v 0.01602201 -0.04494097 -0.00314697
v 0.01531006 -0.04557812 -0.00401786
v 0.01499433 -0.04578726 -0.00429229
v 0.01515529 -0.04584806 -0.00500356
v 0.01307515 -0.04668463 -0.00528918
v 0.01034497 -0.04762091 -0.00555521
v 0.01066071 -0.04735583 -0.00589124
v 0.00973826 -0.04768657 -0.00569802
v 0.00905108 -0.04753336 -0.00630568
v 0.00843199 -0.04759902 -0.00642329
v 0.00788719 -0.04765739 -0.00652410
v 0.00695856 -0.04775466 -0.00668932
v 0.00602373 -0.04781546 -0.00691614
v 0.00510129 -0.04799542 -0.00685734
v 0.00510129 -0.04765252 -0.00744259
v 0.00510129 -0.04737042 -0.00790464
v 0.00417266 -0.04769387 -0.00750980
v 0.00324402 -0.04772548 -0.00756301
v 0.00231539 -0.04775709 -0.00761341
v 0.00045813 -0.04781789 -0.00771702
v -0.00045813 -0.04854746 -0.00646250
v 0.00045813 -0.04828238 -0.00692734
v -0.00045813 -0.04890251 -0.00500356
v -0.00045813 -0.04878335 -0.00593045
v -0.00324402 -0.04865689 -0.00582124
v -0.00480413 -0.04852314 -0.00447150
v -0.00510748 -0.04858394 -0.00495315
v -0.00542322 -0.04849639 -0.00461152
v -0.00606088 -0.04844289 -0.00495315
v -0.00695856 -0.04827265 -0.00500356
v -0.00788719 -0.04808540 -0.00500356
v -0.00602992 -0.04826779 -0.00407386
v -0.00950920 -0.04762820 -0.00433709
v -0.00978779 -0.04750418 -0.00404586
v -0.01154600 -0.04675029 -0.00321698
v -0.01066690 -0.04702753 -0.00314697
v -0.01182459 -0.04656547 -0.00295375
v -0.01085262 -0.04655574 -0.00199606
v -0.01059261 -0.04675029 -0.00227049
v -0.01023973 -0.04666274 -0.00172723
v -0.01233844 -0.04582618 -0.00152281
v -0.01467240 -0.04472939 -0.00097116
v -0.01588581 -0.04393173 -0.00073874
v -0.01766879 -0.04296384 -0.00079474
v -0.01650490 -0.04375664 -0.00105517
v -0.02038659 -0.04106454 -0.00086475
v -0.02051660 -0.04024499 0.00018255
v -0.02113568 -0.04000423 -0.00015348
v -0.01840550 -0.04191570 0.00000054
v -0.01948272 -0.04108399 0.00009854
v -0.01803405 -0.04244828 -0.00039710
v -0.00973826 -0.04726828 -0.00314697
v -0.02607601 -0.03103057 0.00294362
v -0.02337060 -0.03662391 0.00115705
v -0.02243577 -0.03755289 0.00112064
v -0.02417541 -0.03465408 0.00197753
v -0.02243577 -0.03848674 0.00029456
v -0.02152571 -0.03938654 0.00026656
v -0.02305486 -0.03724404 0.00088542
v -0.00138676 -0.03718081 0.01020474
v -0.00098435 -0.03554901 0.01125204
v -0.00133104 -0.03500913 0.01133605
v -0.00190060 -0.03466867 0.01126044
v -0.02693036 -0.02405834 0.00552828
v -0.02801376 -0.02405834 0.00495702
v -0.02805710 -0.02405834 0.00489821
v 0.02986483 -0.02405834 0.00233596
v 0.02980912 -0.02405834 0.00241997
v 0.02962958 -0.02405834 0.00268600
v 0.02851522 -0.02405834 0.00427095
v 0.02792090 -0.02465172 0.00483661
v 0.02737610 -0.02405834 0.00536866
v 0.00160344 -0.03528880 0.01114563
v 0.02718418 -0.02557098 0.00484221
v 0.02696131 -0.02819498 0.00385091
v 0.02913431 -0.02405834 0.00339167
v 0.02703560 -0.02927231 0.00305283
v 0.02774136 -0.02699363 0.00369130
v 0.02686844 -0.02989001 0.00284001
v 0.02671986 -0.03041530 0.00266360
v 0.02641651 -0.03129807 0.00239477
v 0.02613792 -0.03204466 0.00215675
v 0.02511023 -0.03374942 0.00200553
v 0.02426827 -0.03568763 0.00118505
v 0.02398968 -0.03630776 0.00085742
v 0.02304867 -0.03813898 -0.00011708
v 0.02214480 -0.03910687 -0.00006667
v 0.02270817 -0.03873722 -0.00040270
v 0.02176096 -0.03966134 -0.00041951
v 0.02138332 -0.04019149 -0.00077234
v 0.02202717 -0.03995803 -0.00129039
v 0.02060327 -0.04124207 -0.00148081
v 0.02122236 -0.04098672 -0.00194846
v 0.01992846 -0.04223671 -0.00230409
v 0.01905555 -0.04235344 -0.00127639
v 0.01906793 -0.04278875 -0.00212767
v 0.01855409 -0.04293952 -0.00175804
v 0.01879553 -0.04307571 -0.00237690
v 0.01763164 -0.04387094 -0.00267933
v 0.01960654 -0.04211511 -0.00157602
v 0.01777403 -0.04395119 -0.00314697
v 0.01584248 -0.04483883 -0.00258692
v 0.01531006 -0.04530818 -0.00314697
v 0.01480241 -0.04570944 -0.00367342
v 0.01444334 -0.04592345 -0.00401786
v 0.01345280 -0.04629796 -0.00407386
v 0.01292657 -0.04662870 -0.00467032
v 0.01438143 -0.04614232 -0.00500356
v 0.01159553 -0.04717344 -0.00500356
v 0.01034497 -0.04762091 -0.00524158
v 0.00577610 -0.04854989 -0.00556921
v 0.00606088 -0.04834318 -0.00589964
v 0.00510129 -0.04838695 -0.00613487
v 0.00417266 -0.04842586 -0.00621887
v 0.00417266 -0.04807567 -0.00685734
v 0.00045813 -0.04854746 -0.00646250
v 0.00117008 -0.04852557 -0.00642329
v -0.00045813 -0.04871526 -0.00407386
v -0.00324402 -0.04857664 -0.00424188
v -0.00417266 -0.04854503 -0.00437349
v 0.00045813 -0.04890251 -0.00500356
v 0.00045813 -0.04878335 -0.00593045
v -0.00417266 -0.04844045 -0.00390865
v -0.00510748 -0.04841614 -0.00412707
v -0.00510129 -0.04815106 -0.00314697
v -0.00602992 -0.04801487 -0.00314697
v -0.00853104 -0.04761848 -0.00348861
v -0.00915013 -0.04755525 -0.00371823
v -0.00973826 -0.04671381 -0.00161242
v -0.00973826 -0.04648522 -0.00114758
v -0.01059261 -0.04635633 -0.00136880
v -0.01193603 -0.04568269 -0.00090675
v -0.00973826 -0.04695214 -0.00221728
v -0.00622184 -0.04752607 -0.00189245
v -0.00560275 -0.04758686 -0.00173844
v -0.01531006 -0.04409953 -0.00056232
v -0.01405331 -0.04484856 -0.00075274
v -0.01716114 -0.04273525 -0.00013948
v -0.01716114 -0.04310489 -0.00060432
v -0.02205194 -0.03817059 0.00091342
v -0.01778642 -0.04210782 0.00016575
v -0.01886363 -0.04129800 0.00023856
v -0.00882820 -0.04745797 -0.00316657
v -0.00805434 -0.04752120 -0.00286975
v -0.00743525 -0.04758443 -0.00267373
v -0.02143285 -0.03837244 0.00105624
v -0.00085434 -0.03735591 0.01029714
v -0.00045813 -0.03559765 0.01128284
v -0.00045813 -0.03505534 0.01149286
v -0.00138676 -0.03227326 0.01189610
v -0.02652175 -0.02405834 0.00566269
v 0.02801376 -0.02405834 0.00495702
v 0.02693036 -0.02405834 0.00552828
v 0.00190060 -0.03466867 0.01126044
v 0.00133104 -0.03500913 0.01133605
v 0.00098435 -0.03554901 0.01125204
v 0.00138676 -0.03718081 0.01020474
v 0.02417541 -0.03465408 0.00197753
v 0.02607601 -0.03103057 0.00294362
v 0.02243577 -0.03755289 0.00112064
v 0.02337060 -0.03662391 0.00115705
v 0.02305486 -0.03724404 0.00088542
v 0.02243577 -0.03848674 0.00029456
v 0.02152571 -0.03938654 0.00026656
v 0.02113568 -0.04000423 -0.00015348
v 0.02038659 -0.04106454 -0.00086475
v 0.02022562 -0.04185976 -0.00204927
v 0.01938986 -0.04193759 -0.00095996
v 0.01877077 -0.04216862 -0.00061833
v 0.01834979 -0.04282522 -0.00129039
v 0.01530387 -0.04455430 -0.00128479
v 0.01677111 -0.04390985 -0.00167123
v 0.01560722 -0.04470264 -0.00196806
v 0.01739020 -0.04373475 -0.00206047
v 0.01618917 -0.04450080 -0.00225369
v 0.01498814 -0.04487287 -0.00158722
v 0.01530387 -0.04498474 -0.00225369
v 0.01438143 -0.04537141 -0.00221728
v 0.01444334 -0.04564622 -0.00305736
v 0.01418332 -0.04582131 -0.00330659
v 0.01209080 -0.04666517 -0.00357261
v 0.01159553 -0.04697403 -0.00407386
v 0.01227034 -0.04672841 -0.00407386
v 0.01066690 -0.04728531 -0.00407386
v 0.01066071 -0.04747743 -0.00496155
v 0.01012829 -0.04756498 -0.00462272
v 0.00978779 -0.04769387 -0.00496155
v 0.00577610 -0.04854989 -0.00523038
v 0.00417266 -0.04866419 -0.00500356
v 0.00510129 -0.04859123 -0.00567002
v 0.00417266 -0.04862771 -0.00575403
v 0.00324402 -0.04845748 -0.00628328
v -0.00045813 -0.04855962 -0.00344660
v -0.00138676 -0.04853043 -0.00354181
v -0.00191298 -0.04851341 -0.00359782
v -0.00253207 -0.04849395 -0.00367903
v -0.00138676 -0.04865689 -0.00407386
v 0.00045813 -0.04871526 -0.00407386
v 0.00480413 -0.04852314 -0.00447150
v 0.00417266 -0.04854503 -0.00437349
v 0.00324402 -0.04857664 -0.00424188
v 0.00324402 -0.04865689 -0.00582124
v -0.00417266 -0.04822645 -0.00314697
v -0.00417266 -0.04790787 -0.00221728
v -0.00510129 -0.04783005 -0.00221728
v -0.00595563 -0.04769873 -0.00220888
v -0.00695856 -0.04763064 -0.00254771
v -0.00880963 -0.04657763 -0.00097116
v -0.00973826 -0.04602316 -0.00051192
v -0.01066690 -0.04588940 -0.00064073
v -0.01131694 -0.04578240 -0.00075274
v -0.00510129 -0.04761604 -0.00167963
v -0.00510129 -0.04737286 -0.00121478
v -0.00595563 -0.04732665 -0.00137440
v -0.01435047 -0.04431840 -0.00034950
v -0.01464764 -0.04378096 0.00005374
v -0.01657300 -0.04288116 0.00005654
v -0.01345280 -0.04494097 -0.00064073
v -0.01345280 -0.04446188 -0.00017588
v -0.00138057 -0.03788120 0.00970069
v -0.00106483 -0.03835298 0.00943186
v -0.00050765 -0.03776446 0.01001712
v -0.00023525 -0.03740698 0.01032795
v 0.00045813 -0.03559765 0.01128284
v -0.00037764 -0.03218815 0.01209492
v 0.00045813 -0.03505534 0.01149286
v -0.00134342 -0.02405834 0.01322623
v -0.00318831 -0.02405834 0.01281739
v -0.00416647 -0.02405834 0.01257377
v -0.00432124 -0.02405834 0.01253176
v -0.00511986 -0.02405834 0.01230494
v -0.00696475 -0.02405834 0.01177009
v -0.00794291 -0.02405834 0.01147326
v 0.02670748 -0.02405834 0.00560668
v 0.00138676 -0.03227326 0.01189610
v 0.00084815 -0.03735591 0.01029714
v 0.01778642 -0.04210782 0.00016575
v 0.02143285 -0.03837244 0.00105624
v 0.02205194 -0.03817059 0.00091342
v 0.02051660 -0.04024499 0.00018255
v 0.01948272 -0.04108399 0.00009854
v 0.01840550 -0.04191570 0.00000054
v 0.01803405 -0.04244828 -0.00039710
v 0.01766879 -0.04296384 -0.00079474
v 0.01650490 -0.04375664 -0.00105517
v 0.01588581 -0.04393173 -0.00073874
v 0.01467240 -0.04472939 -0.00097116
v 0.01436905 -0.04498474 -0.00128479
v 0.01295752 -0.04571431 -0.00178044
v 0.01120550 -0.04667977 -0.00261492
v 0.01391092 -0.04572403 -0.00268773
v 0.01154600 -0.04675029 -0.00321698
v 0.01066690 -0.04702753 -0.00314697
v 0.00973826 -0.04726828 -0.00314697
v 0.00978779 -0.04750418 -0.00404586
v 0.00950920 -0.04762820 -0.00433709
v 0.00602992 -0.04826779 -0.00407386
v 0.00606088 -0.04844289 -0.00495315
v 0.00695856 -0.04827265 -0.00500356
v 0.00788719 -0.04808540 -0.00500356
v 0.00542322 -0.04849639 -0.00461152
v 0.00510748 -0.04858394 -0.00495315
v -0.00045813 -0.04841371 -0.00298456
v -0.00225967 -0.04837723 -0.00323098
v 0.00045813 -0.04855962 -0.00344660
v -0.00324402 -0.04828724 -0.00314697
v 0.00138676 -0.04865689 -0.00407386
v 0.00253207 -0.04849395 -0.00367903
v 0.00191298 -0.04851341 -0.00359782
v 0.00138676 -0.04853043 -0.00354181
v 0.00417266 -0.04844045 -0.00390865
v 0.00510748 -0.04841614 -0.00412707
v -0.00417266 -0.04765496 -0.00160122
v -0.00045813 -0.04814133 -0.00221728
v -0.00138676 -0.04774250 -0.00138560
v -0.00817197 -0.04662870 -0.00087315
v -0.00602992 -0.04684027 -0.00062393
v -0.00880963 -0.04611314 -0.00041391
v -0.00105245 -0.03927953 0.00849657
v -0.00510129 -0.04691080 -0.00055112
v -0.00138676 -0.04752850 -0.00092636
v -0.00045813 -0.03840162 0.00948786
v 0.00022906 -0.03740698 0.01032795
v -0.00001238 -0.03182093 0.01216213
v 0.00037764 -0.03218815 0.01209492
v 0.00134342 -0.02405834 0.01322623
v 0.00794291 -0.02405834 0.01147326
v 0.00500843 -0.02405834 0.01233854
v 0.00403646 -0.02405834 0.01261017
v 0.00318831 -0.02405834 0.01281739
v 0.00696475 -0.02405834 0.01177009
v 0.00050765 -0.03776446 0.01001712
v 0.00106483 -0.03835298 0.00943186
v 0.00138057 -0.03788120 0.00970069
v 0.01657300 -0.04288116 0.00005654
v 0.01716114 -0.04273525 -0.00013948
v 0.01886363 -0.04129800 0.00023856
v 0.01716114 -0.04310489 -0.00060432
v 0.01531006 -0.04409953 -0.00056232
v 0.01405331 -0.04484856 -0.00075274
v 0.01193603 -0.04568269 -0.00090675
v 0.01233844 -0.04582618 -0.00152281
v 0.01023973 -0.04666274 -0.00172723
v 0.01085262 -0.04655574 -0.00199606
v 0.01059261 -0.04675029 -0.00227049
v 0.01182459 -0.04656547 -0.00295375
v 0.00973826 -0.04695214 -0.00221728
v 0.00743525 -0.04758443 -0.00267373
v 0.00805434 -0.04752120 -0.00286975
v 0.00882820 -0.04745797 -0.00316657
v 0.00853104 -0.04761848 -0.00348861
v 0.00915013 -0.04755525 -0.00371823
v 0.00602992 -0.04801487 -0.00314697
v 0.00510129 -0.04815106 -0.00314697
v 0.00045813 -0.04841371 -0.00298456
v 0.00225967 -0.04837723 -0.00323098
v 0.00417266 -0.04822645 -0.00314697
v 0.00324402 -0.04828724 -0.00314697
v -0.00045813 -0.04777169 -0.00138560
v 0.00045813 -0.04814133 -0.00221728
v -0.00045813 -0.03933060 0.00854417
v -0.00138676 -0.04706401 -0.00038870
v 0.00045813 -0.04777169 -0.00138560
v 0.00138676 -0.04752607 -0.00092636
v 0.00045813 -0.03840162 0.00948786
v 0.00001238 -0.03182093 0.01216213
v 0.00105245 -0.03927953 0.00849657
v 0.00973826 -0.04602316 -0.00051192
v 0.01066690 -0.04588940 -0.00064073
v 0.01345280 -0.04446188 -0.00017588
v 0.01464764 -0.04378096 0.00005374
v 0.01435047 -0.04431840 -0.00034950
v 0.01345280 -0.04494097 -0.00064073
v 0.01131694 -0.04578240 -0.00075274
v 0.01059261 -0.04635633 -0.00136880
v 0.00973826 -0.04648522 -0.00114758
v 0.00973826 -0.04671381 -0.00161242
v 0.00560275 -0.04758686 -0.00173844
v 0.00622184 -0.04752607 -0.00189245
v 0.00695856 -0.04763064 -0.00254771
v 0.00595563 -0.04769873 -0.00220888
v 0.00510129 -0.04783005 -0.00221728
v 0.00417266 -0.04790787 -0.00221728
v 0.00138676 -0.04774250 -0.00138560
v 0.00045813 -0.03933060 0.00854417
v 0.00417266 -0.04765496 -0.00160122
v 0.00510129 -0.04737286 -0.00121478
v 0.00510129 -0.04691080 -0.00055112
v 0.00417266 -0.04694241 -0.00050351
v 0.00138676 -0.04706157 -0.00039150
v 0.00602992 -0.04684027 -0.00062393
v 0.00880963 -0.04611314 -0.00041391
v 0.00817197 -0.04662870 -0.00087315
v 0.00880963 -0.04657763 -0.00097116
v 0.00595563 -0.04732665 -0.00137440
v 0.00510129 -0.04761604 -0.00167963
f 1 2 3
f 1 3 4
f 1 4 9
f 1 9 17
f 1 17 34
f 1 34 58
f 1 58 100
f 1 100 154
f 1 154 233
f 1 233 331
f 1 331 240
f 1 240 161
f 1 161 104
f 1 104 61
f 1 61 36
f 1 36 20
f 1 20 10
f 1 10 5
f 1 5 2
f 2 6 7
f 2 7 3
f 2 5 8
f 2 8 6
f 3 7 14
f 3 14 26
f 3 26 44
f 3 44 81
f 3 81 123
f 3 123 122
f 3 122 121
f 3 121 120
f 3 120 189
f 3 189 188
f 3 188 187
f 3 187 276
f 3 276 391
f 3 391 507
f 3 507 658
f 3 658 664
f 3 664 663
f 3 663 815
f 3 815 814
f 3 814 948
f 3 948 947
f 3 947 812
f 3 812 811
f 3 811 946
f 3 946 1081
f 3 1081 1080
f 3 1080 1211
f 3 1211 1325
f 3 1325 1327
f 3 1327 1458
f 3 1458 1565
f 3 1565 1564
f 3 1564 1572
f 3 1572 1675
f 3 1675 1674
f 3 1674 1570
f 3 1570 1569
f 3 1569 1673
f 3 1673 1760
f 3 1760 1842
f 3 1842 1841
f 3 1841 1840
f 3 1840 1839
f 3 1839 1838
f 3 1838 1837
f 3 1837 1836
f 3 1836 1895
f 3 1895 1899
f 3 1899 1898
f 3 1898 1897
f 3 1897 1900
f 3 1900 1896
f 3 1896 1843
f 3 1843 1762
f 3 1762 1681
f 3 1681 1761
f 3 1761 1679
f 3 1679 1685
f 3 1685 1678
f 3 1678 1677
f 3 1677 1676
f 3 1676 1573
f 3 1573 1463
f 3 1463 1462
f 3 1462 1330
f 3 1330 1217
f 3 1217 1088
f 3 1088 952
f 3 952 951
f 3 951 1087
f 3 1087 1086
f 3 1086 949
f 3 949 824
f 3 824 823
f 3 823 680
f 3 680 525
f 3 525 405
f 3 405 404
f 3 404 297
f 3 297 296
f 3 296 295
f 3 295 206
f 3 206 145
f 3 145 144
f 3 144 89
f 3 89 51
f 3 51 30
f 3 30 16
f 3 16 9
f 3 9 4
f 5 10 8
f 6 11 12
f 6 12 7
f 6 8 13
f 6 13 11
f 7 12 14
f 8 10 15
f 8 15 13
f 9 16 17
f 10 18 19
f 10 19 15
f 10 20 21
f 10 21 18
f 11 22 23
f 11 23 12
f 11 13 22
f 12 23 24
f 12 24 25
f 12 25 26
f 12 26 14
f 13 15 27
f 13 27 28
f 13 28 29
f 13 29 22
f 15 19 27
f 16 30 31
f 16 31 32
f 16 32 33
f 16 33 17
f 17 33 34
f 18 35 19
f 18 21 35
f 19 35 27
f 20 36 21
f 21 36 37
f 21 37 38
f 21 38 35
f 22 29 39
f 22 39 40
f 22 40 23
f 23 41 25
f 23 25 24
f 23 40 41
f 25 41 42
f 25 42 43
f 25 43 26
f 26 43 44
f 27 45 46
f 27 46 28
f 27 35 47
f 27 47 45
f 28 46 29
f 29 48 39
f 29 46 49
f 29 49 48
f 30 50 31
f 30 51 52
f 30 52 50
f 31 53 54
f 31 54 55
f 31 55 32
f 31 50 53
f 32 55 56
f 32 56 57
f 32 57 33
f 33 57 34
f 34 57 58
f 35 59 60
f 35 60 47
f 35 38 59
f 36 61 62
f 36 62 63
f 36 63 37
f 37 63 64
f 37 64 38
f 38 64 65
f 38 65 66
f 38 66 67
f 38 67 68
f 38 68 69
f 38 69 59
f 39 48 70
f 39 70 71
f 39 71 72
f 39 72 73
f 39 73 41
f 39 41 40
f 41 73 74
f 41 74 42
f 42 75 76
f 42 76 77
f 42 77 78
f 42 78 79
f 42 79 43
f 42 74 72
f 42 72 71
f 42 71 80
f 42 80 75
f 43 79 44
f 44 79 81
f 45 82 46
f 45 47 83
f 45 83 82
f 46 82 49
f 47 60 83
f 48 49 84
f 48 84 85
f 48 85 80
f 48 80 70
f 49 82 86
f 49 86 84
f 50 87 54
f 50 54 53
f 50 52 88
f 50 88 87
f 51 89 90
f 51 90 52
f 52 90 88
f 54 87 91
f 54 91 92
f 54 92 55
f 55 92 56
f 56 92 93
f 56 93 94
f 56 94 95
f 56 95 96
f 56 96 57
f 57 96 58
f 58 96 97
f 58 97 98
f 58 98 99
f 58 99 100
f 59 101 102
f 59 102 103
f 59 103 60
f 59 69 101
f 60 103 83
f 61 104 105
f 61 105 62
f 62 106 63
f 62 105 107
f 62 107 106
f 63 106 65
f 63 65 64
f 65 108 66
f 65 106 109
f 65 109 108
f 66 108 110
f 66 110 68
f 66 68 67
f 68 111 112
f 68 112 69
f 68 110 111
f 69 112 101
f 70 80 71
f 72 74 73
f 75 113 114
f 75 114 76
f 75 80 113
f 76 114 115
f 76 115 77
f 77 116 117
f 77 117 118
f 77 118 119
f 77 119 78
f 77 115 116
f 78 119 120
f 78 120 121
f 78 121 122
f 78 122 79
f 79 123 81
f 79 122 123
f 80 124 125
f 80 125 126
f 80 126 113
f 80 85 127
f 80 127 124
f 82 83 128
f 82 128 129
f 82 129 130
f 82 130 131
f 82 131 86
f 83 132 128
f 83 103 133
f 83 133 132
f 84 127 85
f 84 86 130
f 84 130 127
f 86 131 130
f 87 134 135
f 87 135 91
f 87 88 136
f 87 136 134
f 88 90 137
f 88 137 138
f 88 138 139
f 88 139 140
f 88 140 141
f 88 141 142
f 88 142 143
f 88 143 136
f 89 144 90
f 90 144 145
f 90 145 137
f 91 135 92
f 92 135 93
f 93 146 147
f 93 147 94
f 93 135 148
f 93 148 146
f 94 147 95
f 95 147 149
f 95 149 150
f 95 150 151
f 95 151 97
f 95 97 96
f 97 151 98
f 98 151 99
f 99 152 153
f 99 153 154
f 99 154 100
f 99 151 152
f 101 155 156
f 101 156 157
f 101 157 102
f 101 112 158
f 101 158 159
f 101 159 155
f 102 157 103
f 103 157 160
f 103 160 133
f 104 161 162
f 104 162 105
f 105 162 163
f 105 163 164
f 105 164 166
f 105 166 107
f 106 107 165
f 106 165 109
f 107 166 167
f 107 167 165
f 108 109 168
f 108 168 169
f 108 169 110
f 109 170 168
f 109 165 171
f 109 171 172
f 109 172 170
f 110 173 174
f 110 174 111
f 110 169 175
f 110 175 173
f 111 174 158
f 111 158 112
f 113 126 176
f 113 176 114
f 114 176 115
f 115 177 178
f 115 178 179
f 115 179 116
f 115 176 180
f 115 180 177
f 116 179 181
f 116 181 182
f 116 182 117
f 117 182 183
f 117 183 184
f 117 184 185
f 117 185 186
f 117 186 187
f 117 187 188
f 117 188 119
f 117 119 118
f 119 189 120
f 119 188 189
f 124 190 125
f 124 127 191
f 124 191 190
f 125 190 192
f 125 192 193
f 125 193 126
f 126 194 180
f 126 180 176
f 126 193 194
f 127 130 129
f 127 129 191
f 128 132 195
f 128 195 129
f 129 195 196
f 129 196 197
f 129 197 198
f 129 198 199
f 129 199 200
f 129 200 201
f 129 201 202
f 129 202 191
f 132 196 195
f 132 133 160
f 132 160 203
f 132 203 204
f 132 204 196
f 134 136 143
f 134 143 135
f 135 143 142
f 135 142 205
f 135 205 148
f 137 145 206
f 137 206 207
f 137 207 138
f 138 207 208
f 138 208 209
f 138 209 210
f 138 210 211
f 138 211 139
f 139 212 140
f 139 211 212
f 140 212 213
f 140 213 141
f 141 213 214
f 141 214 215
f 141 215 216
f 141 216 217
f 141 217 218
f 141 218 148
f 141 148 205
f 141 205 142
f 146 219 220
f 146 220 147
f 146 148 221
f 146 221 219
f 147 220 149
f 148 218 221
f 149 220 222
f 149 222 150
f 150 223 151
f 150 222 223
f 151 223 224
f 151 224 152
f 152 225 226
f 152 226 227
f 152 227 228
f 152 228 229
f 152 229 230
f 152 230 153
f 152 224 225
f 153 230 231
f 153 231 154
f 154 231 232
f 154 232 233
f 155 234 156
f 155 159 234
f 156 234 157
f 157 235 236
f 157 236 203
f 157 203 160
f 157 234 235
f 158 174 159
f 159 174 237
f 159 237 238
f 159 238 234
f 161 239 162
f 161 240 337
f 161 337 239
f 162 239 241
f 162 241 163
f 163 241 242
f 163 242 243
f 163 243 164
f 164 243 244
f 164 244 166
f 165 167 171
f 166 244 245
f 166 245 167
f 167 245 246
f 167 246 171
f 168 170 247
f 168 247 169
f 169 247 248
f 169 248 249
f 169 249 175
f 170 250 247
f 170 172 251
f 170 251 250
f 171 246 252
f 171 252 253
f 171 253 172
f 172 253 252
f 172 252 254
f 172 254 251
f 173 255 174
f 173 175 255
f 174 256 257
f 174 257 237
f 174 255 258
f 174 258 256
f 175 249 259
f 175 259 260
f 175 260 261
f 175 261 262
f 175 262 263
f 175 263 264
f 175 264 255
f 177 180 194
f 177 194 192
f 177 192 265
f 177 265 266
f 177 266 267
f 177 267 268
f 177 268 179
f 177 179 178
f 179 268 269
f 179 269 181
f 181 269 270
f 181 270 183
f 181 183 182
f 183 270 271
f 183 271 184
f 184 271 272
f 184 272 273
f 184 273 185
f 185 274 186
f 185 273 275
f 185 275 274
f 186 276 187
f 186 274 276
f 190 191 277
f 190 277 278
f 190 278 201
f 190 201 279
f 190 279 280
f 190 280 281
f 190 281 192
f 191 202 278
f 191 278 277
f 192 194 193
f 192 281 265
f 196 204 203
f 196 203 236
f 196 236 282
f 196 282 197
f 197 283 198
f 197 282 283
f 198 284 200
f 198 200 199
f 198 283 285
f 198 285 286
f 198 286 287
f 198 287 288
f 198 288 284
f 200 289 290
f 200 290 291
f 200 291 292
f 200 292 293
f 200 293 294
f 200 294 280
f 200 280 279
f 200 279 201
f 200 284 289
f 201 278 202
f 206 295 207
f 207 295 296
f 207 296 209
f 207 209 208
f 209 297 298
f 209 298 299
f 209 299 300
f 209 300 301
f 209 301 302
f 209 302 210
f 209 296 297
f 210 302 303
f 210 303 304
f 210 304 211
f 211 304 305
f 211 305 306
f 211 306 307
f 211 307 308
f 211 308 212
f 212 308 213
f 213 308 214
f 214 308 307
f 214 307 309
f 214 309 310
f 214 310 215
f 215 311 216
f 215 310 312
f 215 312 311
f 216 311 313
f 216 313 217
f 217 221 218
f 217 313 317
f 217 317 314
f 217 314 221
f 219 221 314
f 219 314 315
f 219 315 220
f 220 316 222
f 220 315 314
f 220 314 317
f 220 317 316
f 222 316 318
f 222 318 319
f 222 319 320
f 222 320 223
f 223 320 224
f 224 321 225
f 224 320 322
f 224 322 321
f 225 323 226
f 225 321 323
f 226 323 324
f 226 324 325
f 226 325 228
f 226 228 227
f 228 325 326
f 228 326 229
f 229 326 327
f 229 327 328
f 229 328 231
f 229 231 230
f 231 328 232
f 232 328 329
f 232 329 330
f 232 330 233
f 233 330 331
f 234 238 332
f 234 332 333
f 234 333 334
f 234 334 335
f 234 335 235
f 235 335 236
f 236 335 285
f 236 285 282
f 237 257 332
f 237 332 238
f 239 336 241
f 239 337 457
f 239 457 336
f 240 331 338
f 240 338 337
f 241 336 242
f 242 336 243
f 243 339 244
f 243 336 340
f 243 340 341
f 243 341 339
f 244 339 342
f 244 342 245
f 245 342 246
f 246 343 344
f 246 344 252
f 246 342 345
f 246 345 346
f 246 346 347
f 246 347 348
f 246 348 343
f 247 250 259
f 247 259 249
f 247 249 248
f 250 349 259
f 250 251 349
f 251 350 351
f 251 351 352
f 251 352 353
f 251 353 349
f 251 254 252
f 251 252 344
f 251 344 354
f 251 354 355
f 251 355 356
f 251 356 357
f 251 357 350
f 255 264 258
f 256 358 359
f 256 359 360
f 256 360 361
f 256 361 362
f 256 362 257
f 256 258 363
f 256 363 364
f 256 364 365
f 256 365 366
f 256 366 367
f 256 367 358
f 257 362 332
f 258 264 263
f 258 263 364
f 258 364 363
f 259 349 260
f 260 368 369
f 260 369 261
f 260 349 353
f 260 353 352
f 260 352 370
f 260 370 368
f 261 369 262
f 262 371 366
f 262 366 365
f 262 365 364
f 262 364 263
f 262 369 371
f 265 281 372
f 265 372 266
f 266 373 267
f 266 372 374
f 266 374 375
f 266 375 373
f 267 376 377
f 267 377 268
f 267 373 375
f 267 375 378
f 267 378 379
f 267 379 376
f 268 377 380
f 268 380 269
f 269 380 381
f 269 381 382
f 269 382 270
f 270 382 271
f 271 382 381
f 271 381 272
f 272 381 383
f 272 383 384
f 272 384 385
f 272 385 273
f 273 385 386
f 273 386 387
f 273 387 388
f 273 388 389
f 273 389 390
f 273 390 275
f 274 275 391
f 274 391 276
f 275 390 389
f 275 389 392
f 275 392 393
f 275 393 391
f 280 294 394
f 280 394 281
f 281 394 372
f 282 285 283
f 284 288 395
f 284 395 289
f 285 335 286
f 286 396 287
f 286 335 396
f 287 396 288
f 288 396 397
f 288 397 395
f 289 395 398
f 289 398 290
f 290 398 291
f 291 399 400
f 291 400 293
f 291 293 292
f 291 398 401
f 291 401 399
f 293 400 402
f 293 402 294
f 294 402 374
f 294 374 403
f 294 403 394
f 297 404 298
f 298 404 405
f 298 405 406
f 298 406 299
f 299 406 407
f 299 407 408
f 299 408 300
f 300 409 410
f 300 410 301
f 300 408 409
f 301 303 302
f 301 410 411
f 301 411 303
f 303 411 412
f 303 412 304
f 304 412 413
f 304 413 306
f 304 306 305
f 306 414 415
f 306 415 312
f 306 312 309
f 306 309 307
f 306 413 416
f 306 416 414
f 309 312 310
f 311 417 418
f 311 418 419
f 311 419 420
f 311 420 421
f 311 421 313
f 311 312 422
f 311 422 417
f 312 415 422
f 313 421 420
f 313 420 423
f 313 423 317
f 316 317 424
f 316 424 318
f 317 423 419
f 317 419 425
f 317 425 426
f 317 426 427
f 317 427 428
f 317 428 429
f 317 429 424
f 318 424 429
f 318 429 430
f 318 430 431
f 318 431 432
f 318 432 319
f 319 432 320
f 320 432 433
f 320 433 322
f 321 322 433
f 321 433 434
f 321 434 435
f 321 435 436
f 321 436 437
f 321 437 323
f 323 437 324
f 324 437 438
f 324 438 325
f 325 438 439
f 325 439 440
f 325 440 441
f 325 441 326
f 326 441 442
f 326 442 327
f 327 443 444
f 327 444 445
f 327 445 446
f 327 446 328
f 327 442 443
f 328 446 329
f 329 447 448
f 329 448 449
f 329 449 330
f 329 446 447
f 330 449 450
f 330 450 338
f 330 338 331
f 332 362 451
f 332 451 452
f 332 452 334
f 332 334 333
f 334 453 454
f 334 454 455
f 334 455 335
f 334 452 453
f 335 455 396
f 336 456 340
f 336 457 593
f 336 593 456
f 337 338 450
f 337 450 458
f 337 458 457
f 339 459 460
f 339 460 342
f 339 341 459
f 340 456 341
f 341 456 461
f 341 461 459
f 342 460 347
f 342 347 345
f 343 462 344
f 343 348 462
f 344 462 354
f 345 347 346
f 347 460 355
f 347 355 348
f 348 355 463
f 348 463 462
f 350 357 464
f 350 464 351
f 351 465 466
f 351 466 467
f 351 467 468
f 351 468 469
f 351 469 470
f 351 470 352
f 351 464 471
f 351 471 465
f 352 470 370
f 354 462 463
f 354 463 355
f 355 472 473
f 355 473 356
f 355 460 472
f 356 473 357
f 357 473 474
f 357 474 471
f 357 471 464
f 358 367 475
f 358 475 359
f 359 475 476
f 359 476 477
f 359 477 361
f 359 361 360
f 361 451 362
f 361 477 478
f 361 478 479
f 361 479 480
f 361 480 481
f 361 481 451
f 366 371 367
f 367 482 475
f 367 371 482
f 368 483 369
f 368 370 484
f 368 484 483
f 369 485 371
f 369 483 485
f 370 470 486
f 370 486 484
f 371 487 488
f 371 488 489
f 371 489 482
f 371 485 490
f 371 490 487
f 372 394 403
f 372 403 374
f 374 402 375
f 375 402 378
f 376 491 377
f 376 379 491
f 377 384 383
f 377 383 380
f 377 491 492
f 377 492 493
f 377 493 494
f 377 494 495
f 377 495 496
f 377 496 384
f 378 402 497
f 378 497 498
f 378 498 499
f 378 499 379
f 379 499 491
f 380 383 381
f 384 496 500
f 384 500 501
f 384 501 385
f 385 501 386
f 386 501 387
f 387 501 388
f 388 501 502
f 388 502 503
f 388 503 504
f 388 504 505
f 388 505 506
f 388 506 389
f 389 507 392
f 389 506 508
f 389 508 509
f 389 509 510
f 389 510 511
f 389 511 512
f 389 512 507
f 391 393 507
f 392 507 393
f 395 397 398
f 396 513 514
f 396 514 515
f 396 515 516
f 396 516 398
f 396 398 397
f 396 455 513
f 398 516 517
f 398 517 401
f 399 518 519
f 399 519 400
f 399 401 518
f 400 519 520
f 400 520 402
f 401 517 521
f 401 521 518
f 402 520 522
f 402 522 523
f 402 523 524
f 402 524 497
f 405 525 406
f 406 525 407
f 407 526 527
f 407 527 528
f 407 528 529
f 407 529 408
f 407 525 526
f 408 529 528
f 408 528 530
f 408 530 531
f 408 531 532
f 408 532 533
f 408 533 409
f 409 534 535
f 409 535 536
f 409 536 410
f 409 533 534
f 410 536 537
f 410 537 411
f 411 537 412
f 412 537 536
f 412 536 538
f 412 538 413
f 413 538 539
f 413 539 416
f 414 416 540
f 414 540 541
f 414 541 542
f 414 542 543
f 414 543 415
f 415 543 422
f 416 539 544
f 416 544 545
f 416 545 546
f 416 546 541
f 416 541 540
f 417 547 548
f 417 548 425
f 417 425 418
f 417 422 547
f 418 425 419
f 419 423 420
f 422 543 547
f 425 548 549
f 425 549 550
f 425 550 551
f 425 551 552
f 425 552 553
f 425 553 554
f 425 554 427
f 425 427 426
f 427 555 428
f 427 554 556
f 427 556 557
f 427 557 558
f 427 558 559
f 427 559 555
f 428 555 560
f 428 560 429
f 429 560 561
f 429 561 431
f 429 431 430
f 431 561 433
f 431 433 432
f 433 561 562
f 433 562 563
f 433 563 434
f 434 563 435
f 435 563 436
f 436 564 565
f 436 565 438
f 436 438 437
f 436 563 564
f 438 565 566
f 438 566 567
f 438 567 568
f 438 568 569
f 438 569 439
f 439 569 440
f 440 570 571
f 440 571 572
f 440 572 573
f 440 573 574
f 440 574 575
f 440 575 576
f 440 576 441
f 440 569 570
f 441 576 577
f 441 577 578
f 441 578 442
f 442 578 443
f 443 578 579
f 443 579 580
f 443 580 444
f 444 580 581
f 444 581 582
f 444 582 583
f 444 583 445
f 445 583 582
f 445 582 584
f 445 584 447
f 445 447 446
f 447 584 585
f 447 585 448
f 448 585 586
f 448 586 449
f 449 586 587
f 449 587 450
f 450 587 588
f 450 588 458
f 451 481 589
f 451 589 452
f 452 589 453
f 453 589 454
f 454 589 481
f 454 481 455
f 455 481 590
f 455 590 591
f 455 591 513
f 456 592 461
f 456 593 747
f 456 747 592
f 457 458 588
f 457 588 587
f 457 587 594
f 457 594 593
f 459 595 460
f 459 461 596
f 459 596 595
f 460 597 598
f 460 598 472
f 460 595 599
f 460 599 600
f 460 600 601
f 460 601 602
f 460 602 597
f 461 592 603
f 461 603 604
f 461 604 599
f 461 599 596
f 465 605 606
f 465 606 607
f 465 607 466
f 465 471 605
f 466 608 467
f 466 607 609
f 466 609 608
f 467 608 610
f 467 610 611
f 467 611 612
f 467 612 613
f 467 613 468
f 468 613 469
f 469 613 470
f 470 613 614
f 470 614 486
f 471 474 615
f 471 615 616
f 471 616 769
f 471 769 617
f 471 617 618
f 471 618 605
f 472 615 473
f 472 598 615
f 473 615 474
f 475 489 619
f 475 619 476
f 475 482 489
f 476 620 477
f 476 619 620
f 477 620 478
f 478 621 479
f 478 620 622
f 478 622 623
f 478 623 621
f 479 621 480
f 480 624 625
f 480 625 590
f 480 590 481
f 480 621 626
f 480 626 627
f 480 627 628
f 480 628 629
f 480 629 624
f 483 630 485
f 483 484 486
f 483 486 614
f 483 614 630
f 485 631 490
f 485 630 614
f 485 614 613
f 485 613 631
f 487 632 633
f 487 633 634
f 487 634 488
f 487 490 631
f 487 631 635
f 487 635 636
f 487 636 632
f 488 634 637
f 488 637 489
f 489 637 638
f 489 638 639
f 489 639 623
f 489 623 622
f 489 622 620
f 489 620 619
f 491 499 492
f 492 499 640
f 492 640 493
f 493 640 641
f 493 641 494
f 494 642 643
f 494 643 495
f 494 641 644
f 494 644 645
f 494 645 646
f 494 646 642
f 495 643 496
f 496 643 503
f 496 503 647
f 496 647 500
f 497 524 498
f 498 648 649
f 498 649 650
f 498 650 651
f 498 651 646
f 498 646 645
f 498 645 644
f 498 644 640
f 498 640 499
f 498 524 652
f 498 652 648
f 500 647 501
f 501 647 502
f 502 647 503
f 503 643 653
f 503 653 504
f 504 653 654
f 504 654 655
f 504 655 656
f 504 656 505
f 505 656 506
f 506 656 657
f 506 657 508
f 507 512 658
f 508 657 509
f 509 657 659
f 509 659 660
f 509 660 661
f 509 661 662
f 509 662 510
f 510 663 664
f 510 664 511
f 510 662 663
f 511 664 658
f 511 658 512
f 513 591 514
f 514 591 590
f 514 590 665
f 514 665 515
f 515 666 516
f 515 665 625
f 515 625 667
f 515 667 666
f 516 666 517
f 517 666 521
f 518 668 669
f 518 669 520
f 518 520 519
f 518 521 668
f 520 669 522
f 521 666 670
f 521 670 671
f 521 671 672
f 521 672 673
f 521 673 674
f 521 674 668
f 522 669 668
f 522 668 675
f 522 675 523
f 523 676 677
f 523 677 652
f 523 652 524
f 523 675 674
f 523 674 678
f 523 678 673
f 523 673 679
f 523 679 676
f 525 680 526
f 526 680 527
f 527 680 528
f 528 680 681
f 528 681 682
f 528 682 683
f 528 683 684
f 528 684 685
f 528 685 686
f 528 686 530
f 530 687 688
f 530 688 689
f 530 689 690
f 530 690 531
f 530 686 691
f 530 691 687
f 531 690 532
f 532 690 533
f 533 690 534
f 534 539 535
f 534 690 692
f 534 692 693
f 534 693 539
f 535 539 538
f 535 538 536
f 539 694 695
f 539 695 696
f 539 696 544
f 539 693 697
f 539 697 698
f 539 698 694
f 541 546 699
f 541 699 542
f 542 700 543
f 542 699 548
f 542 548 700
f 543 700 547
f 544 696 545
f 545 696 701
f 545 701 546
f 546 701 702
f 546 702 703
f 546 703 699
f 547 700 548
f 548 699 549
f 549 699 704
f 549 704 551
f 549 551 550
f 551 704 705
f 551 705 706
f 551 706 707
f 551 707 552
f 552 707 553
f 553 707 708
f 553 708 554
f 554 708 556
f 555 559 560
f 556 709 557
f 556 708 710
f 556 710 709
f 557 709 558
f 558 709 711
f 558 711 559
f 559 711 561
f 559 561 560
f 561 711 562
f 562 711 563
f 563 712 713
f 563 713 564
f 563 711 714
f 563 714 712
f 564 713 565
f 565 713 566
f 566 713 715
f 566 715 567
f 567 716 717
f 567 717 568
f 567 715 718
f 567 718 719
f 567 719 720
f 567 720 721
f 567 721 722
f 567 722 723
f 567 723 724
f 567 724 716
f 568 717 716
f 568 716 571
f 568 571 570
f 568 570 569
f 571 716 572
f 572 716 724
f 572 724 723
f 572 723 725
f 572 725 726
f 572 726 573
f 573 726 574
f 574 727 575
f 574 726 728
f 574 728 729
f 574 729 730
f 574 730 731
f 574 731 727
f 575 578 576
f 575 727 579
f 575 579 578
f 576 578 577
f 579 727 580
f 580 732 733
f 580 733 582
f 580 582 581
f 580 727 731
f 580 731 730
f 580 730 734
f 580 734 735
f 580 735 736
f 580 736 737
f 580 737 738
f 580 738 732
f 582 733 584
f 584 733 739
f 584 739 740
f 584 740 741
f 584 741 742
f 584 742 743
f 584 743 744
f 584 744 585
f 585 744 586
f 586 744 745
f 586 745 587
f 587 745 746
f 587 746 594
f 590 625 665
f 592 600 603
f 592 747 752
f 592 752 600
f 593 594 746
f 593 746 748
f 593 748 747
f 595 596 599
f 597 749 598
f 597 602 749
f 598 749 750
f 598 750 751
f 598 751 616
f 598 616 615
f 599 604 600
f 600 604 603
f 600 752 753
f 600 753 601
f 601 753 901
f 601 901 754
f 601 754 602
f 602 754 755
f 602 755 750
f 602 750 749
f 605 618 606
f 606 618 617
f 606 617 607
f 607 617 609
f 608 756 610
f 608 609 757
f 608 757 758
f 608 758 756
f 609 617 759
f 609 759 760
f 609 760 757
f 610 761 762
f 610 762 763
f 610 763 764
f 610 764 612
f 610 612 611
f 610 756 765
f 610 765 761
f 612 764 763
f 612 763 766
f 612 766 767
f 612 767 768
f 612 768 635
f 612 635 631
f 612 631 613
f 616 751 770
f 616 770 769
f 617 769 759
f 621 623 771
f 621 771 626
f 623 639 638
f 623 638 771
f 624 629 772
f 624 772 667
f 624 667 625
f 626 771 627
f 627 773 774
f 627 774 775
f 627 775 776
f 627 776 628
f 627 771 777
f 627 777 778
f 627 778 779
f 627 779 780
f 627 780 781
f 627 781 773
f 628 776 775
f 628 775 782
f 628 782 783
f 628 783 784
f 628 784 785
f 628 785 672
f 628 672 671
f 628 671 629
f 629 671 786
f 629 786 772
f 632 636 768
f 632 768 633
f 633 787 788
f 633 788 634
f 633 768 787
f 634 788 789
f 634 789 790
f 634 790 791
f 634 791 792
f 634 792 793
f 634 793 637
f 635 768 636
f 637 794 795
f 637 795 796
f 637 796 638
f 637 793 797
f 637 797 794
f 638 796 798
f 638 798 771
f 640 644 641
f 642 799 937
f 642 937 800
f 642 800 801
f 642 801 659
f 642 659 802
f 642 802 653
f 642 653 643
f 642 646 650
f 642 650 807
f 642 807 799
f 646 651 650
f 648 652 649
f 649 652 803
f 649 803 804
f 649 804 805
f 649 805 806
f 649 806 650
f 650 806 939
f 650 939 807
f 652 677 803
f 653 802 654
f 654 802 657
f 654 657 655
f 655 657 656
f 657 802 659
f 659 801 800
f 659 800 808
f 659 808 809
f 659 809 810
f 659 810 811
f 659 811 660
f 660 811 812
f 660 812 813
f 660 813 661
f 661 814 662
f 661 813 814
f 662 814 815
f 662 815 663
f 666 772 670
f 666 667 772
f 668 674 675
f 670 772 786
f 670 786 671
f 672 785 816
f 672 816 817
f 672 817 673
f 673 818 819
f 673 819 820
f 673 820 806
f 673 806 821
f 673 821 822
f 673 822 679
f 673 678 674
f 673 817 818
f 676 679 821
f 676 821 677
f 677 821 803
f 679 822 821
f 680 823 681
f 681 823 682
f 682 823 824
f 682 824 683
f 683 824 825
f 683 825 684
f 684 825 826
f 684 826 827
f 684 827 828
f 684 828 829
f 684 829 685
f 685 829 686
f 686 829 830
f 686 830 691
f 687 831 688
f 687 691 830
f 687 830 832
f 687 832 833
f 687 833 831
f 688 834 693
f 688 693 835
f 688 835 689
f 688 831 834
f 689 835 690
f 690 835 692
f 692 835 693
f 693 834 697
f 694 836 837
f 694 837 695
f 694 698 836
f 695 837 701
f 695 701 696
f 697 834 698
f 698 834 838
f 698 838 839
f 698 839 840
f 698 840 841
f 698 841 836
f 699 703 842
f 699 842 843
f 699 843 844
f 699 844 845
f 699 845 704
f 701 837 702
f 702 837 841
f 702 841 840
f 702 840 839
f 702 839 846
f 702 846 847
f 702 847 848
f 702 848 849
f 702 849 850
f 702 850 842
f 702 842 703
f 704 851 705
f 704 845 851
f 705 851 852
f 705 852 706
f 706 853 854
f 706 854 707
f 706 852 853
f 707 854 855
f 707 855 709
f 707 709 710
f 707 710 708
f 709 855 856
f 709 856 857
f 709 857 858
f 709 858 859
f 709 859 711
f 711 859 714
f 712 714 713
f 713 860 715
f 713 714 861
f 713 861 860
f 714 859 862
f 714 862 863
f 714 863 861
f 715 860 718
f 718 864 865
f 718 865 720
f 718 720 719
f 718 860 866
f 718 866 867
f 718 867 868
f 718 868 864
f 720 865 869
f 720 869 870
f 720 870 721
f 721 870 722
f 722 871 725
f 722 725 723
f 722 870 871
f 725 871 872
f 725 872 873
f 725 873 874
f 725 874 875
f 725 875 876
f 725 876 726
f 726 876 877
f 726 877 728
f 728 877 878
f 728 878 729
f 729 879 880
f 729 880 730
f 729 878 879
f 730 880 734
f 732 881 733
f 732 738 882
f 732 882 881
f 733 881 739
f 734 883 735
f 734 880 884
f 734 884 885
f 734 885 886
f 734 886 887
f 734 887 888
f 734 888 889
f 734 889 883
f 735 883 736
f 736 889 890
f 736 890 891
f 736 891 737
f 736 883 889
f 737 891 738
f 738 892 893
f 738 893 741
f 738 741 740
f 738 740 882
f 738 891 892
f 739 881 740
f 740 881 882
f 741 893 744
f 741 744 743
f 741 743 742
f 744 893 745
f 745 893 894
f 745 894 746
f 746 894 748
f 747 748 895
f 747 895 752
f 748 894 896
f 748 896 897
f 748 897 898
f 748 898 895
f 750 755 751
f 751 755 899
f 751 899 770
f 752 895 898
f 752 898 897
f 752 897 893
f 752 893 753
f 753 900 901
f 753 893 900
f 754 902 903
f 754 903 755
f 754 901 1026
f 754 1026 902
f 755 903 899
f 756 758 765
f 757 760 904
f 757 904 758
f 758 904 905
f 758 905 765
f 759 769 906
f 759 906 907
f 759 907 905
f 759 905 904
f 759 904 760
f 761 765 908
f 761 908 909
f 761 909 762
f 762 910 911
f 762 911 763
f 762 909 912
f 762 912 913
f 762 913 914
f 762 914 910
f 763 911 915
f 763 915 766
f 765 905 916
f 765 916 908
f 766 915 917
f 766 917 790
f 766 790 789
f 766 789 787
f 766 787 767
f 767 787 768
f 769 770 906
f 770 918 906
f 770 899 1021
f 770 1021 918
f 771 778 777
f 771 798 796
f 771 796 779
f 771 779 778
f 773 919 775
f 773 775 774
f 773 781 920
f 773 920 924
f 773 924 921
f 773 921 919
f 775 919 922
f 775 922 782
f 779 796 795
f 779 795 923
f 779 923 924
f 779 924 925
f 779 925 780
f 780 925 781
f 781 925 920
f 782 926 927
f 782 927 928
f 782 928 929
f 782 929 784
f 782 784 783
f 782 922 930
f 782 930 926
f 784 817 785
f 784 929 819
f 784 819 818
f 784 818 817
f 785 817 816
f 787 789 788
f 790 917 791
f 791 917 792
f 792 931 797
f 792 797 793
f 792 917 931
f 794 797 931
f 794 931 932
f 794 932 933
f 794 933 924
f 794 924 923
f 794 923 795
f 799 934 935
f 799 935 936
f 799 936 937
f 799 807 934
f 800 937 808
f 803 821 804
f 804 821 805
f 805 821 806
f 806 820 938
f 806 938 929
f 806 929 1055
f 806 1055 939
f 807 940 941
f 807 941 934
f 807 939 942
f 807 942 940
f 808 943 809
f 808 937 944
f 808 944 945
f 808 945 943
f 809 943 810
f 810 943 946
f 810 946 811
f 812 947 813
f 813 947 948
f 813 948 814
f 819 929 938
f 819 938 820
f 824 949 825
f 825 950 826
f 825 949 950
f 826 950 827
f 827 950 951
f 827 951 952
f 827 952 828
f 828 952 953
f 828 953 954
f 828 954 955
f 828 955 956
f 828 956 957
f 828 957 838
f 828 838 958
f 828 958 829
f 829 958 833
f 829 833 832
f 829 832 830
f 831 833 958
f 831 958 838
f 831 838 834
f 836 841 837
f 838 957 956
f 838 956 1092
f 838 1092 959
f 838 959 969
f 838 969 847
f 838 847 839
f 839 847 846
f 842 850 843
f 843 850 960
f 843 960 961
f 843 961 962
f 843 962 963
f 843 963 964
f 843 964 965
f 843 965 966
f 843 966 844
f 844 966 967
f 844 967 968
f 844 968 845
f 845 968 852
f 845 852 851
f 847 969 1105
f 847 1105 970
f 847 970 848
f 848 970 971
f 848 971 972
f 848 972 973
f 848 973 850
f 848 850 849
f 850 973 960
f 852 968 967
f 852 967 853
f 853 974 975
f 853 975 976
f 853 976 977
f 853 977 854
f 853 967 965
f 853 965 963
f 853 963 974
f 854 977 855
f 855 977 856
f 856 978 857
f 856 977 979
f 856 979 980
f 856 980 978
f 857 978 982
f 857 982 981
f 857 981 858
f 858 981 859
f 859 981 982
f 859 982 866
f 859 866 862
f 860 861 983
f 860 983 866
f 861 863 983
f 862 866 983
f 862 983 863
f 864 868 984
f 864 984 985
f 864 985 986
f 864 986 987
f 864 987 865
f 865 987 869
f 866 982 867
f 867 982 980
f 867 980 988
f 867 988 989
f 867 989 990
f 867 990 991
f 867 991 992
f 867 992 984
f 867 984 868
f 869 987 993
f 869 993 870
f 870 993 872
f 870 872 871
f 872 993 987
f 872 987 986
f 872 986 985
f 872 985 994
f 872 994 995
f 872 995 996
f 872 996 873
f 873 997 874
f 873 996 997
f 874 997 998
f 874 998 999
f 874 999 1000
f 874 1000 1001
f 874 1001 1002
f 874 1002 875
f 875 1002 876
f 876 1003 877
f 876 1002 1004
f 876 1004 1005
f 876 1005 1003
f 877 1003 1005
f 877 1005 879
f 877 879 878
f 879 1005 880
f 880 1005 1004
f 880 1004 884
f 884 1004 885
f 885 1004 886
f 886 1006 1007
f 886 1007 887
f 886 1004 1008
f 886 1008 1009
f 886 1009 1006
f 887 1007 1010
f 887 1010 1011
f 887 1011 888
f 888 1011 1012
f 888 1012 1013
f 888 1013 889
f 889 1014 1015
f 889 1015 1150
f 889 1150 1016
f 889 1016 1017
f 889 1017 890
f 889 1013 1014
f 890 1017 891
f 891 1017 892
f 892 1017 1018
f 892 1018 893
f 893 897 1019
f 893 1019 894
f 893 1018 1020
f 893 1020 900
f 894 1019 896
f 896 1019 897
f 899 903 1021
f 900 1022 1023
f 900 1023 901
f 900 1020 1024
f 900 1024 1022
f 901 1023 1025
f 901 1025 1026
f 902 1021 903
f 902 1026 1156
f 902 1156 1027
f 902 1027 1160
f 902 1160 1028
f 902 1028 918
f 902 918 1021
f 905 912 1029
f 905 1029 916
f 905 907 1030
f 905 1030 1031
f 905 1031 1032
f 905 1032 912
f 906 918 1033
f 906 1033 907
f 907 1033 1030
f 908 1034 909
f 908 916 1035
f 908 1035 1034
f 909 1034 912
f 910 1036 911
f 910 914 1037
f 910 1037 1036
f 911 1038 1039
f 911 1039 915
f 911 1036 1038
f 912 1040 914
f 912 914 913
f 912 1034 1035
f 912 1035 1029
f 912 1032 1040
f 914 1040 1041
f 914 1041 1037
f 915 1039 1042
f 915 1042 917
f 916 1029 1035
f 917 1043 1044
f 917 1044 931
f 917 1042 1043
f 918 1028 1033
f 919 921 1045
f 919 1045 922
f 920 925 924
f 921 924 1045
f 922 1045 1046
f 922 1046 930
f 924 933 1047
f 924 1047 1048
f 924 1048 1045
f 926 930 1049
f 926 1049 1050
f 926 1050 1051
f 926 1051 1052
f 926 1052 927
f 927 1052 1053
f 927 1053 1054
f 927 1054 929
f 927 929 928
f 929 1054 1053
f 929 1053 1055
f 930 1056 1049
f 930 1046 1057
f 930 1057 1058
f 930 1058 1056
f 931 1044 1059
f 931 1059 1060
f 931 1060 1061
f 931 1061 1062
f 931 1062 932
f 932 1063 933
f 932 1062 1061
f 932 1061 1064
f 932 1064 1063
f 933 1063 1047
f 934 1065 935
f 934 941 1066
f 934 1066 1065
f 935 1065 1067
f 935 1067 936
f 936 1067 1068
f 936 1068 1069
f 936 1069 1070
f 936 1070 937
f 937 1071 944
f 937 1070 1072
f 937 1072 1073
f 937 1073 1074
f 937 1074 1071
f 939 1055 1075
f 939 1075 942
f 940 942 1076
f 940 1076 1077
f 940 1077 941
f 941 1077 1078
f 941 1078 1066
f 942 1075 1079
f 942 1079 1076
f 943 1080 1081
f 943 1081 946
f 943 945 1082
f 943 1082 1083
f 943 1083 1080
f 944 1071 945
f 945 1071 1084
f 945 1084 1085
f 945 1085 1082
f 949 1086 950
f 950 1086 1087
f 950 1087 951
f 952 1088 1089
f 952 1089 953
f 953 1089 954
f 954 1089 955
f 955 1089 1090
f 955 1090 1091
f 955 1091 1092
f 955 1092 956
f 959 1092 1093
f 959 1093 1094
f 959 1094 1095
f 959 1095 969
f 960 973 1096
f 960 1096 961
f 961 1096 962
f 962 1096 1097
f 962 1097 963
f 963 965 964
f 963 1097 1096
f 963 1096 970
f 963 970 1098
f 963 1098 1099
f 963 1099 1100
f 963 1100 1101
f 963 1101 974
f 965 967 966
f 969 1095 1102
f 969 1102 1103
f 969 1103 1104
f 969 1104 1105
f 970 1105 1237
f 970 1237 1106
f 970 1106 1107
f 970 1107 1098
f 970 1096 971
f 971 1096 972
f 972 1096 973
f 974 1101 1108
f 974 1108 1109
f 974 1109 990
f 974 990 975
f 975 1110 976
f 975 990 989
f 975 989 1110
f 976 1110 1111
f 976 1111 977
f 977 1111 979
f 978 980 982
f 979 988 980
f 979 1111 988
f 984 1112 985
f 984 992 1112
f 985 1112 995
f 985 995 994
f 988 1111 989
f 989 1111 1110
f 990 1109 1113
f 990 1113 1114
f 990 1114 1115
f 990 1115 1116
f 990 1116 1117
f 990 1117 991
f 991 1117 1116
f 991 1116 1118
f 991 1118 1119
f 991 1119 1120
f 991 1120 1121
f 991 1121 1122
f 991 1122 1123
f 991 1123 1124
f 991 1124 1112
f 991 1112 992
f 995 1125 1126
f 995 1126 996
f 995 1112 1125
f 996 1126 1127
f 996 1127 1128
f 996 1128 1129
f 996 1129 1130
f 996 1130 997
f 997 1131 1132
f 997 1132 1133
f 997 1133 1134
f 997 1134 1135
f 997 1135 998
f 997 1130 1131
f 998 1135 1136
f 998 1136 1137
f 998 1137 999
f 999 1137 1000
f 1000 1137 1001
f 1001 1137 1008
f 1001 1008 1002
f 1002 1008 1004
f 1006 1009 1008
f 1006 1008 1138
f 1006 1138 1139
f 1006 1139 1140
f 1006 1140 1141
f 1006 1141 1142
f 1006 1142 1143
f 1006 1143 1007
f 1007 1143 1144
f 1007 1144 1145
f 1007 1145 1010
f 1008 1139 1138
f 1008 1137 1146
f 1008 1146 1147
f 1008 1147 1139
f 1010 1145 1148
f 1010 1148 1149
f 1010 1149 1015
f 1010 1015 1011
f 1011 1015 1012
f 1012 1015 1014
f 1012 1014 1013
f 1015 1149 1150
f 1016 1150 1151
f 1016 1151 1152
f 1016 1152 1018
f 1016 1018 1017
f 1018 1152 1022
f 1018 1022 1024
f 1018 1024 1020
f 1022 1152 1023
f 1023 1152 1153
f 1023 1153 1025
f 1025 1153 1154
f 1025 1154 1026
f 1026 1155 1268
f 1026 1268 1156
f 1026 1154 1157
f 1026 1157 1155
f 1027 1158 1159
f 1027 1159 1160
f 1027 1156 1270
f 1027 1270 1158
f 1028 1160 1033
f 1030 1033 1160
f 1030 1160 1161
f 1030 1161 1031
f 1031 1161 1032
f 1032 1162 1040
f 1032 1161 1162
f 1036 1163 1164
f 1036 1164 1038
f 1036 1037 1163
f 1037 1041 1165
f 1037 1165 1166
f 1037 1166 1163
f 1038 1164 1039
f 1039 1167 1168
f 1039 1168 1169
f 1039 1169 1043
f 1039 1043 1042
f 1039 1164 1166
f 1039 1166 1167
f 1040 1162 1165
f 1040 1165 1041
f 1043 1170 1044
f 1043 1169 1170
f 1044 1170 1171
f 1044 1171 1059
f 1045 1048 1046
f 1046 1048 1057
f 1047 1063 1057
f 1047 1057 1048
f 1049 1056 1050
f 1050 1172 1173
f 1050 1173 1051
f 1050 1056 1058
f 1050 1058 1174
f 1050 1174 1175
f 1050 1175 1176
f 1050 1176 1172
f 1051 1177 1052
f 1051 1173 1177
f 1052 1177 1178
f 1052 1178 1179
f 1052 1179 1053
f 1053 1179 1180
f 1053 1180 1181
f 1053 1181 1055
f 1055 1181 1075
f 1057 1063 1174
f 1057 1174 1058
f 1059 1171 1170
f 1059 1170 1060
f 1060 1170 1061
f 1061 1170 1064
f 1063 1064 1182
f 1063 1182 1174
f 1064 1170 1183
f 1064 1183 1184
f 1064 1184 1182
f 1065 1185 1067
f 1065 1066 1186
f 1065 1186 1187
f 1065 1187 1188
f 1065 1188 1189
f 1065 1189 1190
f 1065 1190 1191
f 1065 1191 1185
f 1066 1187 1186
f 1066 1078 1187
f 1067 1185 1068
f 1068 1192 1193
f 1068 1193 1073
f 1068 1073 1194
f 1068 1194 1069
f 1068 1185 1191
f 1068 1191 1195
f 1068 1195 1196
f 1068 1196 1192
f 1069 1194 1072
f 1069 1072 1070
f 1071 1074 1073
f 1071 1073 1197
f 1071 1197 1198
f 1071 1198 1199
f 1071 1199 1084
f 1072 1194 1073
f 1073 1193 1192
f 1073 1192 1197
f 1075 1200 1201
f 1075 1201 1202
f 1075 1202 1203
f 1075 1203 1204
f 1075 1204 1079
f 1075 1181 1200
f 1076 1205 1206
f 1076 1206 1207
f 1076 1207 1077
f 1076 1079 1204
f 1076 1204 1203
f 1076 1203 1208
f 1076 1208 1205
f 1077 1207 1078
f 1078 1207 1209
f 1078 1209 1210
f 1078 1210 1187
f 1080 1083 1211
f 1082 1085 1083
f 1083 1085 1212
f 1083 1212 1211
f 1084 1213 1085
f 1084 1199 1213
f 1085 1214 1212
f 1085 1213 1215
f 1085 1215 1216
f 1085 1216 1214
f 1088 1217 1089
f 1089 1217 1218
f 1089 1218 1219
f 1089 1219 1090
f 1090 1220 1221
f 1090 1221 1222
f 1090 1222 1091
f 1090 1219 1220
f 1091 1222 1092
f 1092 1222 1223
f 1092 1223 1224
f 1092 1224 1225
f 1092 1225 1226
f 1092 1226 1093
f 1093 1227 1228
f 1093 1228 1229
f 1093 1229 1094
f 1093 1226 1227
f 1094 1229 1230
f 1094 1230 1095
f 1095 1230 1231
f 1095 1231 1102
f 1098 1107 1099
f 1099 1107 1106
f 1099 1106 1113
f 1099 1113 1100
f 1100 1113 1101
f 1101 1113 1109
f 1101 1109 1108
f 1102 1231 1232
f 1102 1232 1233
f 1102 1233 1103
f 1103 1233 1234
f 1103 1234 1104
f 1104 1234 1235
f 1104 1235 1236
f 1104 1236 1105
f 1105 1236 1237
f 1106 1237 1363
f 1106 1363 1238
f 1106 1238 1239
f 1106 1239 1240
f 1106 1240 1115
f 1106 1115 1113
f 1112 1124 1123
f 1112 1123 1122
f 1112 1122 1126
f 1112 1126 1125
f 1113 1115 1114
f 1115 1240 1239
f 1115 1239 1241
f 1115 1241 1242
f 1115 1242 1243
f 1115 1243 1116
f 1116 1243 1244
f 1116 1244 1119
f 1116 1119 1118
f 1119 1244 1245
f 1119 1245 1248
f 1119 1248 1246
f 1119 1246 1120
f 1120 1246 1247
f 1120 1247 1121
f 1121 1247 1122
f 1122 1247 1248
f 1122 1248 1249
f 1122 1249 1127
f 1122 1127 1126
f 1127 1249 1128
f 1128 1250 1251
f 1128 1251 1129
f 1128 1249 1248
f 1128 1248 1252
f 1128 1252 1250
f 1129 1251 1131
f 1129 1131 1130
f 1131 1251 1253
f 1131 1253 1132
f 1132 1253 1133
f 1133 1253 1147
f 1133 1147 1134
f 1134 1136 1135
f 1134 1147 1136
f 1136 1147 1146
f 1136 1146 1137
f 1139 1147 1254
f 1139 1254 1255
f 1139 1255 1140
f 1140 1256 1141
f 1140 1255 1257
f 1140 1257 1258
f 1140 1258 1259
f 1140 1259 1260
f 1140 1260 1256
f 1141 1256 1261
f 1141 1261 1142
f 1142 1144 1143
f 1142 1261 1262
f 1142 1262 1263
f 1142 1263 1144
f 1144 1263 1264
f 1144 1264 1145
f 1145 1264 1148
f 1147 1253 1254
f 1148 1264 1149
f 1149 1264 1263
f 1149 1263 1265
f 1149 1265 1266
f 1149 1266 1150
f 1150 1266 1151
f 1151 1266 1157
f 1151 1157 1154
f 1151 1154 1153
f 1151 1153 1152
f 1155 1157 1267
f 1155 1267 1268
f 1156 1268 1269
f 1156 1269 1270
f 1157 1266 1265
f 1157 1265 1267
f 1158 1271 1272
f 1158 1272 1159
f 1158 1270 1400
f 1158 1400 1271
f 1159 1272 1273
f 1159 1273 1161
f 1159 1161 1274
f 1159 1274 1160
f 1160 1275 1161
f 1160 1274 1275
f 1161 1276 1277
f 1161 1277 1162
f 1161 1275 1274
f 1161 1273 1278
f 1161 1278 1276
f 1162 1279 1165
f 1162 1277 1279
f 1163 1166 1164
f 1165 1280 1166
f 1165 1279 1281
f 1165 1281 1282
f 1165 1282 1280
f 1166 1280 1283
f 1166 1283 1284
f 1166 1284 1167
f 1167 1284 1285
f 1167 1285 1286
f 1167 1286 1168
f 1168 1287 1288
f 1168 1288 1289
f 1168 1289 1169
f 1168 1286 1287
f 1169 1289 1170
f 1170 1289 1183
f 1172 1290 1177
f 1172 1177 1173
f 1172 1176 1291
f 1172 1291 1292
f 1172 1292 1290
f 1174 1182 1293
f 1174 1293 1294
f 1174 1294 1295
f 1174 1295 1176
f 1174 1176 1175
f 1176 1295 1296
f 1176 1296 1297
f 1176 1297 1291
f 1177 1290 1298
f 1177 1298 1178
f 1178 1299 1300
f 1178 1300 1179
f 1178 1298 1299
f 1179 1301 1180
f 1179 1300 1181
f 1179 1181 1301
f 1180 1301 1181
f 1181 1302 1303
f 1181 1303 1200
f 1181 1300 1304
f 1181 1304 1302
f 1182 1184 1289
f 1182 1289 1288
f 1182 1288 1411
f 1182 1411 1305
f 1182 1305 1293
f 1183 1289 1184
f 1187 1210 1188
f 1188 1210 1189
f 1189 1191 1190
f 1189 1210 1306
f 1189 1306 1307
f 1189 1307 1191
f 1191 1308 1309
f 1191 1309 1195
f 1191 1307 1310
f 1191 1310 1308
f 1192 1199 1198
f 1192 1198 1197
f 1192 1196 1195
f 1192 1195 1311
f 1192 1311 1199
f 1195 1309 1311
f 1199 1311 1312
f 1199 1312 1313
f 1199 1313 1314
f 1199 1314 1315
f 1199 1315 1215
f 1199 1215 1213
f 1200 1303 1201
f 1201 1303 1316
f 1201 1316 1317
f 1201 1317 1318
f 1201 1318 1208
f 1201 1208 1202
f 1202 1208 1203
f 1205 1208 1319
f 1205 1319 1206
f 1206 1320 1207
f 1206 1319 1320
f 1207 1320 1209
f 1208 1318 1319
f 1209 1320 1321
f 1209 1321 1322
f 1209 1322 1210
f 1210 1322 1323
f 1210 1323 1324
f 1210 1324 1306
f 1211 1212 1325
f 1212 1214 1325
f 1214 1216 1326
f 1214 1326 1327
f 1214 1327 1325
f 1215 1326 1216
f 1215 1315 1314
f 1215 1314 1328
f 1215 1328 1329
f 1215 1329 1326
f 1217 1330 1218
f 1218 1330 1331
f 1218 1331 1220
f 1218 1220 1219
f 1220 1331 1332
f 1220 1332 1333
f 1220 1333 1334
f 1220 1334 1335
f 1220 1335 1221
f 1221 1335 1336
f 1221 1336 1222
f 1222 1336 1337
f 1222 1337 1338
f 1222 1338 1224
f 1222 1224 1223
f 1224 1338 1339
f 1224 1339 1340
f 1224 1340 1228
f 1224 1228 1341
f 1224 1341 1225
f 1225 1341 1227
f 1225 1227 1226
f 1227 1341 1228
f 1228 1340 1339
f 1228 1339 1342
f 1228 1342 1343
f 1228 1343 1344
f 1228 1344 1345
f 1228 1345 1229
f 1229 1345 1230
f 1230 1345 1344
f 1230 1344 1346
f 1230 1346 1347
f 1230 1347 1348
f 1230 1348 1349
f 1230 1349 1350
f 1230 1350 1231
f 1231 1350 1349
f 1231 1349 1232
f 1232 1351 1352
f 1232 1352 1353
f 1232 1353 1233
f 1232 1349 1351
f 1233 1353 1234
f 1234 1353 1354
f 1234 1354 1355
f 1234 1355 1356
f 1234 1356 1357
f 1234 1357 1358
f 1234 1358 1235
f 1235 1358 1236
f 1236 1359 1360
f 1236 1360 1361
f 1236 1361 1362
f 1236 1362 1237
f 1236 1358 1357
f 1236 1357 1359
f 1237 1362 1363
f 1238 1363 1239
f 1239 1364 1241
f 1239 1363 1364
f 1241 1365 1366
f 1241 1366 1367
f 1241 1367 1242
f 1241 1364 1365
f 1242 1367 1368
f 1242 1368 1369
f 1242 1369 1370
f 1242 1370 1371
f 1242 1371 1372
f 1242 1372 1243
f 1243 1372 1371
f 1243 1371 1244
f 1244 1371 1245
f 1245 1371 1248
f 1246 1248 1247
f 1248 1373 1252
f 1248 1371 1373
f 1250 1252 1374
f 1250 1374 1375
f 1250 1375 1376
f 1250 1376 1377
f 1250 1377 1251
f 1251 1377 1376
f 1251 1376 1378
f 1251 1378 1379
f 1251 1379 1380
f 1251 1380 1253
f 1252 1373 1374
f 1253 1380 1381
f 1253 1381 1382
f 1253 1382 1254
f 1254 1382 1383
f 1254 1383 1255
f 1255 1383 1384
f 1255 1384 1385
f 1255 1385 1257
f 1256 1386 1261
f 1256 1260 1386
f 1257 1385 1387
f 1257 1387 1258
f 1258 1387 1388
f 1258 1388 1389
f 1258 1389 1260
f 1258 1260 1259
f 1260 1263 1390
f 1260 1390 1391
f 1260 1391 1386
f 1260 1389 1392
f 1260 1392 1263
f 1261 1386 1391
f 1261 1391 1262
f 1262 1391 1390
f 1262 1390 1263
f 1263 1392 1393
f 1263 1393 1394
f 1263 1394 1265
f 1265 1394 1267
f 1267 1394 1268
f 1268 1394 1395
f 1268 1395 1396
f 1268 1396 1397
f 1268 1397 1269
f 1269 1397 1395
f 1269 1395 1398
f 1269 1398 1399
f 1269 1399 1400
f 1269 1400 1270
f 1271 1401 1272
f 1271 1400 1516
f 1271 1516 1401
f 1272 1401 1278
f 1272 1278 1273
f 1276 1278 1402
f 1276 1402 1277
f 1277 1403 1281
f 1277 1281 1279
f 1277 1402 1404
f 1277 1404 1405
f 1277 1405 1403
f 1278 1401 1402
f 1280 1406 1283
f 1280 1282 1407
f 1280 1407 1406
f 1281 1403 1282
f 1282 1403 1408
f 1282 1408 1409
f 1282 1409 1407
f 1283 1406 1284
f 1284 1406 1285
f 1285 1406 1286
f 1286 1406 1287
f 1287 1406 1410
f 1287 1410 1288
f 1288 1410 1525
f 1288 1525 1411
f 1290 1292 1412
f 1290 1412 1298
f 1291 1297 1413
f 1291 1413 1292
f 1292 1413 1412
f 1293 1305 1414
f 1293 1414 1294
f 1294 1415 1295
f 1294 1414 1305
f 1294 1305 1416
f 1294 1416 1417
f 1294 1417 1415
f 1295 1415 1296
f 1296 1415 1418
f 1296 1418 1419
f 1296 1419 1420
f 1296 1420 1421
f 1296 1421 1297
f 1297 1421 1412
f 1297 1412 1413
f 1298 1412 1422
f 1298 1422 1423
f 1298 1423 1424
f 1298 1424 1425
f 1298 1425 1426
f 1298 1426 1427
f 1298 1427 1299
f 1299 1304 1300
f 1299 1427 1428
f 1299 1428 1429
f 1299 1429 1430
f 1299 1430 1302
f 1299 1302 1304
f 1302 1430 1431
f 1302 1431 1303
f 1303 1431 1316
f 1305 1411 1432
f 1305 1432 1416
f 1306 1324 1307
f 1307 1324 1323
f 1307 1323 1310
f 1308 1433 1434
f 1308 1434 1309
f 1308 1310 1435
f 1308 1435 1436
f 1308 1436 1437
f 1308 1437 1433
f 1309 1434 1311
f 1310 1323 1435
f 1311 1434 1438
f 1311 1438 1312
f 1312 1438 1313
f 1313 1439 1314
f 1313 1438 1440
f 1313 1440 1441
f 1313 1441 1442
f 1313 1442 1439
f 1314 1439 1328
f 1316 1443 1317
f 1316 1431 1429
f 1316 1429 1443
f 1317 1443 1444
f 1317 1444 1445
f 1317 1445 1446
f 1317 1446 1447
f 1317 1447 1448
f 1317 1448 1319
f 1317 1319 1318
f 1319 1448 1320
f 1320 1448 1321
f 1321 1323 1322
f 1321 1448 1449
f 1321 1449 1450
f 1321 1450 1323
f 1323 1450 1451
f 1323 1451 1452
f 1323 1452 1453
f 1323 1453 1454
f 1323 1454 1455
f 1323 1455 1435
f 1326 1329 1456
f 1326 1456 1457
f 1326 1457 1458
f 1326 1458 1327
f 1328 1459 1329
f 1328 1439 1460
f 1328 1460 1461
f 1328 1461 1459
f 1329 1459 1456
f 1330 1462 1332
f 1330 1332 1331
f 1332 1462 1463
f 1332 1463 1464
f 1332 1464 1333
f 1333 1464 1334
f 1334 1464 1465
f 1334 1465 1466
f 1334 1466 1467
f 1334 1467 1468
f 1334 1468 1336
f 1334 1336 1335
f 1336 1468 1467
f 1336 1467 1469
f 1336 1469 1470
f 1336 1470 1471
f 1336 1471 1339
f 1336 1339 1337
f 1337 1339 1338
f 1339 1471 1343
f 1339 1343 1342
f 1343 1471 1472
f 1343 1472 1344
f 1344 1347 1346
f 1344 1472 1473
f 1344 1473 1474
f 1344 1474 1475
f 1344 1475 1347
f 1347 1475 1476
f 1347 1476 1351
f 1347 1351 1348
f 1348 1351 1349
f 1351 1476 1477
f 1351 1477 1478
f 1351 1478 1479
f 1351 1479 1352
f 1352 1479 1480
f 1352 1480 1481
f 1352 1481 1353
f 1353 1481 1354
f 1354 1481 1482
f 1354 1482 1355
f 1355 1482 1356
f 1356 1482 1483
f 1356 1483 1360
f 1356 1360 1359
f 1356 1359 1357
f 1360 1484 1485
f 1360 1485 1486
f 1360 1486 1361
f 1360 1483 1484
f 1361 1486 1362
f 1362 1486 1487
f 1362 1487 1488
f 1362 1488 1489
f 1362 1489 1490
f 1362 1490 1491
f 1362 1491 1492
f 1362 1492 1363
f 1363 1492 1490
f 1363 1490 1364
f 1364 1493 1494
f 1364 1494 1365
f 1364 1490 1493
f 1365 1494 1495
f 1365 1495 1366
f 1366 1495 1496
f 1366 1496 1497
f 1366 1497 1498
f 1366 1498 1499
f 1366 1499 1369
f 1366 1369 1368
f 1366 1368 1367
f 1369 1499 1370
f 1370 1499 1374
f 1370 1374 1373
f 1370 1373 1371
f 1374 1499 1500
f 1374 1500 1375
f 1375 1500 1501
f 1375 1501 1502
f 1375 1502 1503
f 1375 1503 1376
f 1376 1503 1378
f 1378 1503 1379
f 1379 1503 1504
f 1379 1504 1380
f 1380 1504 1503
f 1380 1503 1381
f 1381 1503 1505
f 1381 1505 1383
f 1381 1383 1382
f 1383 1506 1384
f 1383 1505 1507
f 1383 1507 1508
f 1383 1508 1509
f 1383 1509 1506
f 1384 1506 1385
f 1385 1506 1510
f 1385 1510 1387
f 1387 1509 1511
f 1387 1511 1388
f 1387 1510 1509
f 1388 1511 1389
f 1389 1511 1512
f 1389 1512 1392
f 1392 1512 1395
f 1392 1395 1393
f 1393 1395 1394
f 1395 1512 1513
f 1395 1513 1514
f 1395 1514 1515
f 1395 1515 1398
f 1395 1397 1396
f 1398 1515 1399
f 1399 1515 1516
f 1399 1516 1400
f 1401 1516 1518
f 1401 1518 1402
f 1402 1517 1404
f 1402 1518 1629
f 1402 1629 1517
f 1403 1405 1408
f 1404 1517 1519
f 1404 1519 1405
f 1405 1519 1408
f 1406 1407 1410
f 1407 1520 1410
f 1407 1409 1520
f 1408 1519 1521
f 1408 1521 1522
f 1408 1522 1409
f 1409 1523 1520
f 1409 1522 1523
f 1410 1520 1524
f 1410 1524 1525
f 1411 1526 1527
f 1411 1527 1528
f 1411 1528 1432
f 1411 1525 1526
f 1412 1421 1529
f 1412 1529 1530
f 1412 1530 1423
f 1412 1423 1422
f 1415 1417 1531
f 1415 1531 1532
f 1415 1532 1533
f 1415 1533 1534
f 1415 1534 1418
f 1416 1432 1532
f 1416 1532 1531
f 1416 1531 1417
f 1418 1534 1535
f 1418 1535 1419
f 1419 1535 1536
f 1419 1536 1537
f 1419 1537 1538
f 1419 1538 1539
f 1419 1539 1420
f 1420 1539 1421
f 1421 1540 1529
f 1421 1539 1540
f 1423 1425 1424
f 1423 1530 1540
f 1423 1540 1541
f 1423 1541 1542
f 1423 1542 1543
f 1423 1543 1425
f 1425 1544 1426
f 1425 1543 1545
f 1425 1545 1544
f 1426 1546 1427
f 1426 1544 1655
f 1426 1655 1547
f 1426 1547 1428
f 1426 1428 1546
f 1427 1546 1428
f 1428 1547 1429
f 1429 1548 1444
f 1429 1444 1443
f 1429 1431 1430
f 1429 1547 1548
f 1432 1528 1549
f 1432 1549 1532
f 1433 1438 1434
f 1433 1437 1550
f 1433 1550 1438
f 1435 1455 1551
f 1435 1551 1436
f 1436 1551 1437
f 1437 1551 1550
f 1438 1550 1552
f 1438 1552 1553
f 1438 1553 1554
f 1438 1554 1555
f 1438 1555 1556
f 1438 1556 1441
f 1438 1441 1440
f 1439 1442 1460
f 1441 1556 1460
f 1441 1460 1442
f 1444 1548 1557
f 1444 1557 1558
f 1444 1558 1559
f 1444 1559 1560
f 1444 1560 1451
f 1444 1451 1445
f 1445 1451 1449
f 1445 1449 1446
f 1446 1449 1448
f 1446 1448 1447
f 1449 1451 1450
f 1451 1560 1561
f 1451 1561 1453
f 1451 1453 1452
f 1453 1562 1454
f 1453 1561 1559
f 1453 1559 1562
f 1454 1562 1563
f 1454 1563 1455
f 1455 1563 1551
f 1456 1459 1564
f 1456 1564 1457
f 1457 1565 1458
f 1457 1564 1565
f 1459 1461 1564
f 1460 1556 1555
f 1460 1555 1566
f 1460 1566 1461
f 1461 1566 1567
f 1461 1567 1568
f 1461 1568 1569
f 1461 1569 1570
f 1461 1570 1571
f 1461 1571 1572
f 1461 1572 1564
f 1463 1573 1464
f 1464 1574 1575
f 1464 1575 1465
f 1464 1573 1574
f 1465 1576 1466
f 1465 1575 1576
f 1466 1577 1467
f 1466 1576 1578
f 1466 1578 1579
f 1466 1579 1577
f 1467 1577 1469
f 1469 1577 1580
f 1469 1580 1581
f 1469 1581 1582
f 1469 1582 1583
f 1469 1583 1470
f 1470 1583 1471
f 1471 1583 1584
f 1471 1584 1472
f 1472 1584 1473
f 1473 1584 1585
f 1473 1585 1586
f 1473 1586 1587
f 1473 1587 1588
f 1473 1588 1474
f 1474 1588 1478
f 1474 1478 1475
f 1475 1478 1477
f 1475 1477 1476
f 1478 1588 1589
f 1478 1589 1590
f 1478 1590 1591
f 1478 1591 1592
f 1478 1592 1593
f 1478 1593 1594
f 1478 1594 1480
f 1478 1480 1479
f 1480 1594 1595
f 1480 1595 1596
f 1480 1596 1481
f 1481 1596 1482
f 1482 1484 1483
f 1482 1596 1484
f 1484 1597 1598
f 1484 1598 1599
f 1484 1599 1485
f 1484 1596 1600
f 1484 1600 1601
f 1484 1601 1597
f 1485 1599 1602
f 1485 1602 1603
f 1485 1603 1486
f 1486 1603 1487
f 1487 1603 1604
f 1487 1604 1605
f 1487 1605 1488
f 1488 1605 1489
f 1489 1605 1493
f 1489 1493 1490
f 1490 1492 1491
f 1493 1605 1606
f 1493 1606 1494
f 1494 1606 1607
f 1494 1607 1496
f 1494 1496 1495
f 1496 1607 1608
f 1496 1608 1609
f 1496 1609 1497
f 1497 1609 1610
f 1497 1610 1611
f 1497 1611 1499
f 1497 1499 1498
f 1499 1611 1612
f 1499 1612 1613
f 1499 1613 1500
f 1500 1614 1719
f 1500 1719 1615
f 1500 1615 1616
f 1500 1616 1502
f 1500 1502 1501
f 1500 1613 1614
f 1502 1616 1503
f 1503 1616 1505
f 1505 1616 1507
f 1506 1509 1510
f 1507 1617 1618
f 1507 1618 1508
f 1507 1616 1615
f 1507 1615 1617
f 1508 1618 1619
f 1508 1619 1620
f 1508 1620 1509
f 1509 1621 1622
f 1509 1622 1511
f 1509 1620 1621
f 1511 1622 1623
f 1511 1623 1624
f 1511 1624 1625
f 1511 1625 1512
f 1512 1625 1513
f 1513 1625 1624
f 1513 1624 1626
f 1513 1626 1627
f 1513 1627 1628
f 1513 1628 1518
f 1513 1518 1514
f 1514 1518 1515
f 1515 1518 1516
f 1517 1629 1631
f 1517 1631 1519
f 1518 1628 1629
f 1519 1630 1521
f 1519 1631 1725
f 1519 1725 1630
f 1520 1523 1632
f 1520 1632 1524
f 1521 1630 1633
f 1521 1633 1522
f 1522 1633 1634
f 1522 1634 1523
f 1523 1634 1633
f 1523 1633 1632
f 1524 1635 1636
f 1524 1636 1525
f 1524 1632 1635
f 1525 1636 1637
f 1525 1637 1638
f 1525 1638 1639
f 1525 1639 1640
f 1525 1640 1526
f 1526 1640 1527
f 1527 1640 1639
f 1527 1639 1638
f 1527 1638 1641
f 1527 1641 1642
f 1527 1642 1643
f 1527 1643 1549
f 1527 1549 1528
f 1529 1540 1530
f 1532 1644 1533
f 1532 1549 1645
f 1532 1645 1644
f 1533 1644 1534
f 1534 1644 1535
f 1535 1644 1646
f 1535 1646 1536
f 1536 1647 1537
f 1536 1646 1644
f 1536 1644 1645
f 1536 1645 1648
f 1536 1648 1649
f 1536 1649 1647
f 1537 1647 1649
f 1537 1649 1650
f 1537 1650 1538
f 1538 1650 1651
f 1538 1651 1539
f 1539 1651 1542
f 1539 1542 1540
f 1540 1542 1541
f 1542 1651 1652
f 1542 1652 1653
f 1542 1653 1654
f 1542 1654 1543
f 1543 1654 1653
f 1543 1653 1545
f 1544 1545 1656
f 1544 1656 1657
f 1544 1657 1655
f 1545 1658 1659
f 1545 1659 1656
f 1545 1653 1660
f 1545 1660 1658
f 1547 1557 1548
f 1547 1655 1557
f 1549 1643 1661
f 1549 1661 1645
f 1550 1551 1662
f 1550 1662 1552
f 1551 1563 1663
f 1551 1663 1664
f 1551 1664 1665
f 1551 1665 1662
f 1552 1662 1553
f 1553 1662 1566
f 1553 1566 1554
f 1554 1566 1555
f 1557 1655 1558
f 1558 1655 1657
f 1558 1657 1559
f 1559 1666 1562
f 1559 1561 1560
f 1559 1657 1667
f 1559 1667 1666
f 1562 1666 1563
f 1563 1666 1668
f 1563 1668 1663
f 1566 1662 1568
f 1566 1568 1567
f 1568 1669 1670
f 1568 1670 1671
f 1568 1671 1672
f 1568 1672 1569
f 1568 1662 1665
f 1568 1665 1669
f 1569 1672 1673
f 1570 1674 1571
f 1571 1674 1675
f 1571 1675 1572
f 1573 1676 1574
f 1574 1676 1677
f 1574 1677 1575
f 1575 1677 1678
f 1575 1678 1576
f 1576 1678 1578
f 1577 1579 1580
f 1578 1679 1680
f 1578 1680 1681
f 1578 1681 1682
f 1578 1682 1683
f 1578 1683 1684
f 1578 1684 1579
f 1578 1678 1685
f 1578 1685 1679
f 1579 1684 1686
f 1579 1686 1687
f 1579 1687 1581
f 1579 1581 1580
f 1581 1687 1583
f 1581 1583 1582
f 1583 1687 1686
f 1583 1686 1688
f 1583 1688 1689
f 1583 1689 1690
f 1583 1690 1691
f 1583 1691 1585
f 1583 1585 1584
f 1585 1691 1586
f 1586 1691 1692
f 1586 1692 1587
f 1587 1692 1588
f 1588 1692 1589
f 1589 1692 1693
f 1589 1693 1590
f 1590 1693 1694
f 1590 1694 1591
f 1591 1695 1593
f 1591 1593 1592
f 1591 1694 1696
f 1591 1696 1695
f 1593 1695 1697
f 1593 1697 1598
f 1593 1598 1597
f 1593 1597 1595
f 1593 1595 1594
f 1595 1597 1601
f 1595 1601 1596
f 1596 1601 1600
f 1598 1696 1698
f 1598 1698 1699
f 1598 1699 1700
f 1598 1700 1602
f 1598 1602 1599
f 1598 1697 1696
f 1602 1700 1701
f 1602 1701 1702
f 1602 1702 1605
f 1602 1605 1604
f 1602 1604 1603
f 1605 1702 1703
f 1605 1703 1606
f 1606 1704 1705
f 1606 1705 1706
f 1606 1706 1707
f 1606 1707 1708
f 1606 1708 1607
f 1606 1703 1709
f 1606 1709 1704
f 1607 1708 1608
f 1608 1708 1710
f 1608 1710 1609
f 1609 1710 1610
f 1610 1711 1712
f 1610 1712 1611
f 1610 1710 1708
f 1610 1708 1711
f 1611 1712 1713
f 1611 1713 1612
f 1612 1713 1714
f 1612 1714 1715
f 1612 1715 1716
f 1612 1716 1614
f 1612 1614 1717
f 1612 1717 1613
f 1613 1717 1614
f 1614 1716 1718
f 1614 1718 1719
f 1615 1719 1797
f 1615 1797 1720
f 1615 1720 1617
f 1617 1720 1721
f 1617 1721 1618
f 1618 1721 1619
f 1619 1721 1620
f 1620 1721 1621
f 1621 1721 1622
f 1622 1721 1722
f 1622 1722 1623
f 1623 1722 1723
f 1623 1723 1724
f 1623 1724 1626
f 1623 1626 1624
f 1626 1724 1627
f 1627 1631 1628
f 1627 1724 1631
f 1628 1631 1629
f 1630 1725 1731
f 1630 1731 1633
f 1631 1724 1726
f 1631 1726 1725
f 1632 1727 1728
f 1632 1728 1729
f 1632 1729 1635
f 1632 1633 1731
f 1632 1731 1730
f 1632 1730 1807
f 1632 1807 1727
f 1635 1729 1732
f 1635 1732 1733
f 1635 1733 1637
f 1635 1637 1636
f 1637 1733 1641
f 1637 1641 1638
f 1641 1733 1734
f 1641 1734 1735
f 1641 1735 1736
f 1641 1736 1737
f 1641 1737 1643
f 1641 1643 1642
f 1643 1737 1661
f 1645 1661 1649
f 1645 1649 1648
f 1649 1738 1739
f 1649 1739 1740
f 1649 1740 1741
f 1649 1741 1650
f 1649 1661 1742
f 1649 1742 1743
f 1649 1743 1744
f 1649 1744 1738
f 1650 1741 1651
f 1651 1745 1652
f 1651 1741 1746
f 1651 1746 1745
f 1652 1745 1747
f 1652 1747 1660
f 1652 1660 1748
f 1652 1748 1653
f 1653 1748 1660
f 1656 1749 1667
f 1656 1667 1657
f 1656 1659 1749
f 1658 1660 1747
f 1658 1747 1750
f 1658 1750 1659
f 1659 1750 1751
f 1659 1751 1749
f 1661 1737 1736
f 1661 1736 1752
f 1661 1752 1753
f 1661 1753 1754
f 1661 1754 1742
f 1663 1668 1749
f 1663 1749 1664
f 1664 1749 1755
f 1664 1755 1669
f 1664 1669 1665
f 1666 1667 1668
f 1667 1749 1668
f 1669 1756 1670
f 1669 1755 1750
f 1669 1750 1756
f 1670 1756 1757
f 1670 1757 1758
f 1670 1758 1671
f 1671 1758 1759
f 1671 1759 1672
f 1672 1759 1760
f 1672 1760 1673
f 1679 1761 1680
f 1680 1761 1681
f 1681 1762 1763
f 1681 1763 1682
f 1682 1763 1764
f 1682 1764 1765
f 1682 1765 1766
f 1682 1766 1767
f 1682 1767 1768
f 1682 1768 1684
f 1682 1684 1683
f 1684 1768 1689
f 1684 1689 1688
f 1684 1688 1686
f 1689 1768 1690
f 1690 1768 1691
f 1691 1768 1692
f 1692 1768 1767
f 1692 1767 1769
f 1692 1769 1770
f 1692 1770 1693
f 1693 1770 1771
f 1693 1771 1772
f 1693 1772 1694
f 1694 1772 1696
f 1695 1696 1697
f 1696 1772 1773
f 1696 1773 1774
f 1696 1774 1698
f 1698 1774 1775
f 1698 1775 1699
f 1699 1701 1700
f 1699 1775 1701
f 1701 1775 1777
f 1701 1777 1709
f 1701 1709 1702
f 1702 1709 1776
f 1702 1776 1703
f 1703 1776 1709
f 1704 1709 1777
f 1704 1777 1778
f 1704 1778 1779
f 1704 1779 1706
f 1704 1706 1705
f 1706 1779 1780
f 1706 1780 1781
f 1706 1781 1782
f 1706 1782 1783
f 1706 1783 1708
f 1706 1708 1707
f 1708 1783 1784
f 1708 1784 1711
f 1711 1784 1782
f 1711 1782 1785
f 1711 1785 1786
f 1711 1786 1712
f 1712 1786 1787
f 1712 1787 1788
f 1712 1788 1713
f 1713 1788 1789
f 1713 1789 1790
f 1713 1790 1791
f 1713 1791 1792
f 1713 1792 1715
f 1713 1715 1714
f 1715 1792 1716
f 1716 1792 1791
f 1716 1791 1718
f 1718 1791 1793
f 1718 1793 1794
f 1718 1794 1719
f 1719 1794 1795
f 1719 1795 1796
f 1719 1796 1797
f 1720 1797 1798
f 1720 1798 1799
f 1720 1799 1722
f 1720 1722 1721
f 1722 1799 1723
f 1723 1799 1800
f 1723 1800 1801
f 1723 1801 1724
f 1724 1801 1726
f 1725 1726 1731
f 1726 1801 1731
f 1727 1802 1803
f 1727 1803 1804
f 1727 1804 1805
f 1727 1805 1806
f 1727 1806 1728
f 1727 1807 1874
f 1727 1874 1802
f 1728 1806 1805
f 1728 1805 1732
f 1728 1732 1729
f 1730 1731 1800
f 1730 1800 1799
f 1730 1799 1798
f 1730 1798 1808
f 1730 1808 1809
f 1730 1809 1810
f 1730 1810 1807
f 1731 1801 1811
f 1731 1811 1800
f 1732 1812 1734
f 1732 1734 1733
f 1732 1805 1812
f 1734 1812 1813
f 1734 1813 1814
f 1734 1814 1735
f 1735 1814 1815
f 1735 1815 1816
f 1735 1816 1754
f 1735 1754 1753
f 1735 1753 1736
f 1736 1753 1752
f 1738 1744 1739
f 1739 1817 1818
f 1739 1818 1819
f 1739 1819 1820
f 1739 1820 1740
f 1739 1744 1817
f 1740 1820 1741
f 1741 1820 1746
f 1742 1754 1743
f 1743 1816 1815
f 1743 1815 1744
f 1743 1754 1816
f 1744 1815 1814
f 1744 1814 1821
f 1744 1821 1822
f 1744 1822 1823
f 1744 1823 1817
f 1745 1746 1824
f 1745 1824 1825
f 1745 1825 1826
f 1745 1826 1747
f 1746 1820 1827
f 1746 1827 1828
f 1746 1828 1824
f 1747 1826 1750
f 1749 1751 1755
f 1750 1755 1751
f 1750 1826 1829
f 1750 1829 1756
f 1756 1829 1830
f 1756 1830 1831
f 1756 1831 1832
f 1756 1832 1757
f 1757 1832 1892
f 1757 1892 1833
f 1757 1833 1835
f 1757 1835 1758
f 1758 1834 1759
f 1758 1835 1894
f 1758 1894 1834
f 1759 1834 1836
f 1759 1836 1837
f 1759 1837 1838
f 1759 1838 1839
f 1759 1839 1840
f 1759 1840 1841
f 1759 1841 1842
f 1759 1842 1760
f 1762 1843 1763
f 1763 1844 1764
f 1763 1843 1844
f 1764 1844 1835
f 1764 1835 1765
f 1765 1835 1833
f 1765 1833 1845
f 1765 1845 1766
f 1766 1845 1846
f 1766 1846 1847
f 1766 1847 1769
f 1766 1769 1767
f 1769 1847 1848
f 1769 1848 1770
f 1770 1848 1771
f 1771 1848 1773
f 1771 1773 1772
f 1773 1849 1774
f 1773 1848 1849
f 1774 1849 1777
f 1774 1777 1775
f 1777 1849 1778
f 1778 1849 1850
f 1778 1850 1851
f 1778 1851 1852
f 1778 1852 1853
f 1778 1853 1779
f 1779 1853 1854
f 1779 1854 1780
f 1780 1855 1856
f 1780 1856 1785
f 1780 1785 1782
f 1780 1782 1781
f 1780 1854 1853
f 1780 1853 1855
f 1782 1784 1783
f 1785 1856 1857
f 1785 1857 1787
f 1785 1787 1786
f 1787 1857 1858
f 1787 1858 1859
f 1787 1859 1860
f 1787 1860 1788
f 1788 1860 1789
f 1789 1860 1861
f 1789 1861 1790
f 1790 1861 1791
f 1791 1861 1862
f 1791 1862 1793
f 1793 1863 1864
f 1793 1864 1795
f 1793 1795 1794
f 1793 1862 1863
f 1795 1864 1865
f 1795 1865 1866
f 1795 1866 1867
f 1795 1867 1868
f 1795 1868 1869
f 1795 1869 1796
f 1796 1869 1797
f 1797 1870 1871
f 1797 1871 1798
f 1797 1869 1868
f 1797 1868 1867
f 1797 1867 1870
f 1798 1871 1808
f 1800 1811 1801
f 1802 1872 1873
f 1802 1873 1803
f 1802 1874 1924
f 1802 1924 1872
f 1803 1873 1875
f 1803 1875 1804
f 1804 1875 1812
f 1804 1812 1805
f 1807 1810 1876
f 1807 1876 1877
f 1807 1877 1878
f 1807 1878 1879
f 1807 1879 1874
f 1808 1880 1809
f 1808 1871 1870
f 1808 1870 1881
f 1808 1881 1880
f 1809 1880 1810
f 1810 1877 1876
f 1810 1880 1877
f 1812 1875 1813
f 1813 1882 1821
f 1813 1821 1814
f 1813 1875 1872
f 1813 1872 1883
f 1813 1883 1884
f 1813 1884 1882
f 1817 1885 1818
f 1817 1823 1885
f 1818 1885 1886
f 1818 1886 1887
f 1818 1887 1888
f 1818 1888 1830
f 1818 1830 1819
f 1819 1828 1827
f 1819 1827 1820
f 1819 1830 1828
f 1821 1882 1822
f 1822 1889 1886
f 1822 1886 1823
f 1822 1882 1890
f 1822 1890 1889
f 1823 1886 1885
f 1824 1828 1825
f 1825 1828 1830
f 1825 1830 1829
f 1825 1829 1826
f 1830 1888 1891
f 1830 1891 1831
f 1831 1891 1832
f 1832 1891 1934
f 1832 1934 1892
f 1833 1892 1845
f 1834 1893 1836
f 1834 1894 1935
f 1834 1935 1893
f 1835 1844 1894
f 1836 1893 1935
f 1836 1935 1895
f 1843 1896 1844
f 1844 1897 1898
f 1844 1898 1899
f 1844 1899 1895
f 1844 1895 1894
f 1844 1896 1900
f 1844 1900 1897
f 1845 1892 1901
f 1845 1901 1902
f 1845 1902 1903
f 1845 1903 1846
f 1846 1904 1905
f 1846 1905 1851
f 1846 1851 1850
f 1846 1850 1906
f 1846 1906 1847
f 1846 1903 1904
f 1847 1906 1848
f 1848 1906 1850
f 1848 1850 1849
f 1851 1905 1852
f 1852 1905 1855
f 1852 1855 1907
f 1852 1907 1853
f 1853 1907 1855
f 1855 1908 1856
f 1855 1905 1908
f 1856 1908 1909
f 1856 1909 1910
f 1856 1910 1911
f 1856 1911 1857
f 1857 1911 1858
f 1858 1911 1912
f 1858 1912 1913
f 1858 1913 1859
f 1859 1913 1912
f 1859 1912 1914
f 1859 1914 1862
f 1859 1862 1861
f 1859 1861 1915
f 1859 1915 1860
f 1860 1915 1861
f 1862 1914 1912
f 1862 1912 1863
f 1863 1912 1916
f 1863 1916 1917
f 1863 1917 1918
f 1863 1918 1919
f 1863 1919 1920
f 1863 1920 1921
f 1863 1921 1864
f 1864 1921 1866
f 1864 1866 1865
f 1866 1922 1923
f 1866 1923 1881
f 1866 1881 1870
f 1866 1870 1867
f 1866 1921 1920
f 1866 1920 1922
f 1872 1875 1873
f 1872 1924 1929
f 1872 1929 1883
f 1874 1879 1925
f 1874 1925 1924
f 1877 1880 1926
f 1877 1926 1878
f 1878 1926 1927
f 1878 1927 1879
f 1879 1927 1925
f 1880 1881 1923
f 1880 1923 1926
f 1882 1884 1890
f 1883 1928 1884
f 1883 1929 1932
f 1883 1932 1928
f 1884 1928 1890
f 1886 1889 1930
f 1886 1930 1888
f 1886 1888 1887
f 1888 1930 1891
f 1889 1890 1931
f 1889 1931 1930
f 1890 1928 1932
f 1890 1932 1933
f 1890 1933 1931
f 1891 1930 1954
f 1891 1954 1934
f 1892 1934 1901
f 1894 1895 1935
f 1901 1934 1902
f 1902 1934 1936
f 1902 1936 1937
f 1902 1937 1938
f 1902 1938 1939
f 1902 1939 1940
f 1902 1940 1903
f 1903 1940 1904
f 1904 1940 1908
f 1904 1908 1905
f 1908 1940 1941
f 1908 1941 1909
f 1909 1941 1939
f 1909 1939 1942
f 1909 1942 1943
f 1909 1943 1910
f 1910 1943 1944
f 1910 1944 1912
f 1910 1912 1911
f 1912 1944 1945
f 1912 1945 1946
f 1912 1946 1947
f 1912 1947 1948
f 1912 1948 1916
f 1916 1948 1917
f 1917 1948 1949
f 1917 1949 1922
f 1917 1922 1918
f 1918 1922 1920
f 1918 1920 1919
f 1922 1949 1950
f 1922 1950 1951
f 1922 1951 1923
f 1923 1951 1952
f 1923 1952 1926
f 1924 1925 1927
f 1924 1927 1952
f 1924 1952 1929
f 1926 1952 1927
f 1929 1952 1953
f 1929 1953 1932
f 1930 1931 1954
f 1931 1933 1954
f 1932 1953 1933
f 1933 1953 1955
f 1933 1955 1956
f 1933 1956 1957
f 1933 1957 1958
f 1933 1958 1959
f 1933 1959 1954
f 1934 1954 1936
f 1936 1954 1960
f 1936 1960 1961
f 1936 1961 1937
f 1937 1961 1960
f 1937 1960 1962
f 1937 1962 1963
f 1937 1963 1945
f 1937 1945 1938
f 1938 1945 1943
f 1938 1943 1942
f 1938 1942 1939
f 1939 1941 1940
f 1943 1945 1944
f 1945 1963 1947
f 1945 1947 1946
f 1947 1964 1956
f 1947 1956 1965
f 1947 1965 1951
f 1947 1951 1950
f 1947 1950 1948
f 1947 1963 1964
f 1948 1950 1949
f 1951 1965 1952
f 1952 1965 1955
f 1952 1955 1953
f 1954 1959 1958
f 1954 1958 1957
f 1954 1957 1960
f 1955 1965 1956
f 1956 1964 1960
f 1956 1960 1957
f 1960 1964 1962
f 1962 1964 1963

