mtllib material.mtl
usemtl Mouse_-_Mat_Grey
v -0.00923400 0.03769500 0.00844400
v -0.00923400 0.03769500 0.00844400
v -0.02733900 -0.02615300 0.00402300
v -0.02733900 -0.02615300 0.00402300
v -0.02125000 0.02602700 0.01210400
v -0.02125000 0.02602700 0.01210400
v -0.01661100 0.03316100 0.00985800
v -0.01661100 0.03316100 0.00985800
v -0.00983600 -0.03777600 0.00327100
v -0.00798000 0.03042800 0.01438200
v -0.00798000 0.03042800 0.01438200
v -0.00798000 0.03042800 0.01438200
v -0.00798000 0.03042800 0.01438200
v -0.01511500 -0.03699600 0.00209100
v -0.01719400 -0.03111900 0.00421400
v -0.01719400 -0.03111900 0.00421400
v -0.01870200 -0.02316500 0.00779600
v -0.01870200 -0.02316500 0.00779600
v -0.01887900 -0.01477800 0.01184500
v -0.01887900 -0.01477800 0.01184500
v -0.01887900 -0.01477800 0.01184500
v -0.01887900 -0.01477800 0.01184500
v -0.01803200 -0.00538900 0.01564400
v -0.01803200 -0.00538900 0.01564400
v -0.01712200 0.00469800 0.01777100
v -0.01712200 0.00469800 0.01777100
v -0.01712200 0.00469800 0.01777100
v -0.01630100 0.01466800 0.01771100
v -0.01630100 0.01466800 0.01771100
v -0.01630100 0.01466800 0.01771100
v -0.01503800 0.02339000 0.01602300
v -0.01503800 0.02339000 0.01602300
v -0.01503800 0.02339000 0.01602300
v -0.01355000 0.02909200 0.01384800
v -0.00799400 0.02260400 0.01804600
v -0.00799400 0.02260400 0.01804600
v -0.00806700 0.00312900 0.01988900
v -0.00848300 0.01358100 0.01975300
v -0.00848300 0.01358100 0.01975300
v -0.00934200 -0.00603000 0.01805000
v -0.00934200 -0.00603000 0.01805000
v -0.00934200 -0.00603000 0.01805000
v -0.00972300 -0.01462300 0.01480300
v -0.00972300 -0.01462300 0.01480300
v -0.00917300 -0.02300500 0.01094600
v -0.01011800 -0.03070200 0.00674800
v -0.01011800 -0.03070200 0.00674800
v -0.01011800 -0.03070200 0.00674800
v -0.00385200 -0.03233500 0.00874100
v -0.00385200 -0.03233500 0.00874100
v -0.00291700 -0.04109100 0.00379400
v -0.00291700 -0.04109100 0.00379400
v -0.00992600 -0.04458900 -0.00249100
v -0.00890500 0.03639600 0.00697300
v -0.01771700 -0.04082000 -0.00204000
v -0.02373700 -0.03421800 -0.00046200
v -0.02685200 -0.02553300 0.00198000
v -0.02709600 -0.01528400 0.00576300
v -0.02551900 -0.00447800 0.01007400
v -0.02551900 -0.00447800 0.01007400
v -0.02388600 0.00611400 0.01278800
v -0.02268300 0.01624300 0.01255900
v -0.02046100 0.02521900 0.01047200
v -0.01600300 0.03204100 0.00833300
v -0.00309500 -0.03670500 0.00408500
v -0.00297400 -0.03149500 0.00716400
v -0.00241400 -0.04001600 0.00221000
v -0.00228100 -0.02788900 0.00924600
v -0.00052900 -0.04245900 0.00344400
v -0.00052900 -0.04245900 0.00344400
v -0.00052900 -0.04245900 0.00344400
v -0.00052900 -0.04711100 -0.00102800
v -0.00052900 -0.04711100 -0.00102800
v -0.00052900 -0.04711100 -0.00102800
v -0.00053100 -0.02671800 0.01000400
v -0.00053100 -0.02671800 0.01000400
v -0.00053100 -0.00719700 0.01895300
v -0.00053100 -0.00719700 0.01895300
v -0.00053100 -0.02119200 0.01387500
v -0.00053100 -0.02119200 0.01387500
v -0.00052900 -0.04602200 -0.00241800
v -0.00052900 -0.04602200 -0.00241800
v -0.00044200 -0.00344900 0.01801500
v -0.00052900 -0.04117800 0.00190600
v -0.00052900 -0.04117800 0.00190600
v -0.02643800 -0.00493100 0.01186000
v -0.02643800 -0.00493100 0.01186000
v -0.02643800 -0.00493100 0.01186000
v -0.02477500 0.00602600 0.01455600
v -0.02477500 0.00602600 0.01455600
v -0.02408100 -0.03493000 0.00135800
v -0.02408100 -0.03493000 0.00135800
v -0.00392200 -0.03763400 0.00564200
v -0.00392200 -0.03763400 0.00564200
v -0.02352800 0.01663700 0.01430500
v -0.02352800 0.01663700 0.01430500
v -0.02786900 -0.01590200 0.00784800
v -0.02786900 -0.01590200 0.00784800
v -0.01015500 -0.04561200 -0.00074800
v -0.01015500 -0.04561200 -0.00074800
v -0.01813800 -0.04150700 -0.00012500
v -0.01813800 -0.04150700 -0.00012500
v -0.00044200 -0.00345000 0.01980200
v -0.00044200 -0.00345000 0.01980200
v -0.00053100 -0.01459500 0.01651000
v -0.00053100 -0.01459500 0.01651000
v -0.00284400 -0.02858600 0.01098600
v -0.00284400 -0.02858600 0.01098600
v -0.00053100 -0.02732800 0.01178700
v -0.00053100 -0.02732800 0.01178700
v -0.00053100 -0.02732800 0.01178700
v -0.00053100 -0.01437700 0.01425100
v -0.00053100 -0.00715900 0.01673600
v -0.00053100 -0.02075700 0.01205500
v 0.00923400 0.03769500 0.00844400
v 0.00923400 0.03769500 0.00844400
v 0.02733900 -0.02615300 0.00402300
v 0.02733900 -0.02615300 0.00402300
v 0.02125000 0.02602700 0.01210400
v 0.02125000 0.02602700 0.01210400
v 0.01661100 0.03316100 0.00985800
v 0.01661100 0.03316100 0.00985800
v -0.00000000 0.03115300 0.01449600
v -0.00000000 0.03115300 0.01449600
v -0.00000000 0.03115300 0.01449600
v -0.00000000 0.03115300 0.01449600
v 0.00983600 -0.03777600 0.00327100
v 0.00798000 0.03042800 0.01438200
v 0.00798000 0.03042800 0.01438200
v 0.00798000 0.03042800 0.01438200
v 0.00798000 0.03042800 0.01438200
v 0.01511500 -0.03699600 0.00209100
v 0.01719400 -0.03111900 0.00421400
v 0.01719400 -0.03111900 0.00421400
v 0.01870200 -0.02316500 0.00779600
v 0.01870200 -0.02316500 0.00779600
v 0.01870200 -0.02316500 0.00779600
v 0.01887900 -0.01477800 0.01184500
v 0.01887900 -0.01477800 0.01184500
v 0.01887900 -0.01477800 0.01184500
v 0.01803200 -0.00538900 0.01564400
v 0.01803200 -0.00538900 0.01564400
v 0.01712200 0.00469800 0.01777100
v 0.01712200 0.00469800 0.01777100
v 0.01630100 0.01466800 0.01771100
v 0.01630100 0.01466800 0.01771100
v 0.01503800 0.02339000 0.01602300
v 0.01503800 0.02339000 0.01602300
v 0.01503800 0.02339000 0.01602300
v 0.01355000 0.02909200 0.01384800
v -0.00000000 0.00407500 0.02057700
v -0.00000000 0.00407500 0.02057700
v -0.00000000 0.00407500 0.02057700
v 0.00799400 0.02260400 0.01804600
v 0.00799400 0.02260400 0.01804600
v 0.00806700 0.00312900 0.01988900
v 0.00848300 0.01358100 0.01975300
v 0.00848300 0.01358100 0.01975300
v 0.00934200 -0.00603000 0.01805000
v 0.00934200 -0.00603000 0.01805000
v 0.00934200 -0.00603000 0.01805000
v 0.00972300 -0.01462300 0.01480300
v 0.00972300 -0.01462300 0.01480300
v 0.00917300 -0.02300500 0.01094600
v 0.01011800 -0.03070200 0.00674800
v 0.01011800 -0.03070200 0.00674800
v 0.01011800 -0.03070200 0.00674800
v -0.00000000 0.02257400 0.01858900
v -0.00000000 0.02257400 0.01858900
v -0.00000000 0.02257400 0.01858900
v -0.00000000 0.02257400 0.01858900
v -0.00000000 0.01328200 0.02038700
v -0.00000000 0.01328200 0.02038700
v -0.00000000 0.01328200 0.02038700
v 0.00385200 -0.03233500 0.00874100
v 0.00385200 -0.03233500 0.00874100
v 0.00291700 -0.04109100 0.00379400
v 0.00291700 -0.04109100 0.00379400
v -0.00000000 0.03802200 0.00649100
v -0.00000000 0.03802200 0.00649100
v 0.00992600 -0.04458900 -0.00249100
v 0.00890500 0.03639600 0.00697300
v 0.01771700 -0.04082000 -0.00204000
v 0.02373700 -0.03421800 -0.00046200
v 0.02685200 -0.02553300 0.00198000
v 0.02709600 -0.01528400 0.00576300
v 0.02551900 -0.00447800 0.01007400
v 0.02551900 -0.00447800 0.01007400
v 0.02388600 0.00611400 0.01278800
v 0.02268300 0.01624300 0.01255900
v 0.02046100 0.02521900 0.01047200
v 0.01600300 0.03204100 0.00833300
v 0.00309500 -0.03670500 0.00408500
v 0.00297400 -0.03149500 0.00716400
v 0.00241400 -0.04001600 0.00221000
v 0.00228100 -0.02788900 0.00924600
v 0.00052900 -0.04245900 0.00344400
v 0.00052900 -0.04245900 0.00344400
v 0.00052900 -0.04245900 0.00344400
v 0.00052900 -0.04711100 -0.00102800
v 0.00052900 -0.04711100 -0.00102800
v 0.00052900 -0.04711100 -0.00102800
v 0.00053100 -0.02671800 0.01000400
v 0.00053100 -0.02671800 0.01000400
v 0.00053100 -0.00719700 0.01895300
v 0.00053100 -0.00719700 0.01895300
v 0.00053100 -0.02119200 0.01387500
v 0.00053100 -0.02119200 0.01387500
v 0.00052900 -0.04602200 -0.00241800
v 0.00052900 -0.04602200 -0.00241800
v 0.00044200 -0.00344900 0.01801500
v -0.00000000 -0.00287500 0.01821900
v -0.00000000 -0.00287500 0.01821900
v 0.00052900 -0.04117800 0.00190600
v 0.00052900 -0.04117800 0.00190600
v -0.00000000 0.03937100 0.00795500
v -0.00000000 0.03937100 0.00795500
v -0.00000000 0.03937100 0.00795500
v 0.02643800 -0.00493100 0.01186000
v 0.02643800 -0.00493100 0.01186000
v 0.02643800 -0.00493100 0.01186000
v 0.02477500 0.00602600 0.01455600
v 0.02477500 0.00602600 0.01455600
v 0.02408100 -0.03493000 0.00135800
v 0.02408100 -0.03493000 0.00135800
v 0.00392200 -0.03763400 0.00564200
v 0.00392200 -0.03763400 0.00564200
v 0.02352800 0.01663700 0.01430500
v 0.02352800 0.01663700 0.01430500
v 0.02786900 -0.01590200 0.00784800
v 0.02786900 -0.01590200 0.00784800
v 0.01015500 -0.04561200 -0.00074800
v 0.01015500 -0.04561200 -0.00074800
v 0.01813800 -0.04150700 -0.00012500
v 0.01813800 -0.04150700 -0.00012500
v 0.00044200 -0.00345000 0.01980200
v 0.00044200 -0.00345000 0.01980200
v 0.00053100 -0.01459500 0.01651000
v 0.00053100 -0.01459500 0.01651000
v 0.00284400 -0.02858600 0.01098600
v 0.00284400 -0.02858600 0.01098600
v 0.00053100 -0.02732800 0.01178700
v 0.00053100 -0.02732800 0.01178700
v 0.00053100 -0.02732800 0.01178700
v -0.00000000 -0.00287500 0.01990300
v -0.00000000 -0.00287500 0.01990300
v -0.00000000 -0.00287500 0.01990300
v 0.00053100 -0.01437700 0.01425100
v 0.00053100 -0.00715900 0.01673600
v 0.00053100 -0.02075700 0.01205500
v -0.03080300 -0.02651000 -0.00165700
v -0.02916500 0.01864300 0.00871400
v -0.02146800 0.03671600 0.00041100
v -0.00863100 -0.03961800 -0.01487100
v -0.00863100 -0.03961800 -0.01487100
v -0.01051800 -0.04711800 -0.00547200
v -0.00910000 0.03384200 -0.01487000
v -0.00910000 0.03384200 -0.01487000
v -0.01206000 0.04220300 -0.00195000
v -0.01572900 -0.03676100 -0.01487100
v -0.01572900 -0.03676100 -0.01487100
v -0.01978300 -0.04277500 -0.00499800
v -0.02058700 -0.03183700 -0.01487100
v -0.02058700 -0.03183700 -0.01487100
v -0.02662000 -0.03558400 -0.00384100
v -0.02355400 -0.02467100 -0.01487100
v -0.02355400 -0.02467100 -0.01487100
v -0.02405700 -0.01549200 -0.01487100
v -0.02405700 -0.01549200 -0.01487100
v -0.03173100 -0.01582700 0.00184300
v -0.02298900 -0.00493600 -0.01487100
v -0.02298900 -0.00493600 -0.01487100
v -0.03050700 -0.00426300 0.00658400
v -0.02277400 0.00606600 -0.01487100
v -0.02277400 0.00606600 -0.01487100
v -0.02961500 0.00723200 0.01012600
v -0.02245300 0.01616100 -0.01487100
v -0.02245300 0.01616100 -0.01487100
v -0.02055900 0.02438700 -0.01487100
v -0.02055900 0.02438700 -0.01487100
v -0.02691500 0.02887400 0.00431900
v -0.01618600 0.03032100 -0.01487000
v -0.01618600 0.03032100 -0.01487000
v -0.00998400 0.03686100 -0.01201300
v -0.00998400 0.03686100 -0.01201300
v -0.01667100 -0.03834800 -0.01330000
v -0.01667100 -0.03834800 -0.01330000
v -0.00911300 -0.04186300 -0.01330000
v -0.00911300 -0.04186300 -0.01330000
v -0.02188600 -0.03272200 -0.01330000
v -0.02188600 -0.03272200 -0.01330000
v -0.02502600 -0.02507600 -0.01330000
v -0.02502600 -0.02507600 -0.01330000
v -0.02569200 -0.01557900 -0.01329900
v -0.02569200 -0.01557900 -0.01329900
v -0.02468700 -0.00478400 -0.01330000
v -0.02468700 -0.00478400 -0.01330000
v -0.02429500 0.00643000 -0.01329500
v -0.02429500 0.00643000 -0.01329500
v -0.02429500 0.00643000 -0.01329500
v -0.02403300 0.01695400 -0.01324500
v -0.02403300 0.01695400 -0.01324500
v -0.02403300 0.01695400 -0.01324500
v -0.02228800 0.02578400 -0.01302800
v -0.02228800 0.02578400 -0.01302800
v -0.01770500 0.03235900 -0.01255400
v -0.01770500 0.03235900 -0.01255400
v -0.01770500 0.03235900 -0.01255400
v -0.01235700 -0.02634600 -0.01487100
v -0.01235700 -0.02634600 -0.01487100
v -0.01235700 -0.02634600 -0.01487100
v -0.01400900 -0.02130800 -0.01487100
v -0.01400900 -0.02130800 -0.01487100
v -0.00596900 -0.03085100 -0.01487100
v -0.00596900 -0.03085100 -0.01487100
v -0.00596900 -0.03085100 -0.01487100
v -0.01052100 -0.02991100 -0.01487100
v -0.00612000 0.02484900 -0.01487100
v -0.00612000 0.02484900 -0.01487100
v -0.00612000 0.02484900 -0.01487100
v -0.01207400 0.01973400 -0.01487100
v -0.01207400 0.01973400 -0.01487100
v -0.01207400 0.01973400 -0.01487100
v -0.01061300 0.02369700 -0.01487000
v -0.01323900 0.01381200 -0.01487100
v -0.01323900 0.01381200 -0.01487100
v -0.01354600 0.00539600 -0.01487100
v -0.01367000 -0.00442800 -0.01487100
v -0.01429100 -0.01382900 -0.01487100
v -0.01429100 -0.01382900 -0.01487100
v -0.01429100 -0.01382900 -0.01487100
v -0.01081800 0.03908200 -0.00847500
v -0.02581500 0.01757500 -0.00585700
v -0.02581500 0.01757500 -0.00585700
v -0.02363600 -0.03379200 -0.01012900
v -0.01783500 -0.04005300 -0.01048800
v -0.01783500 -0.04005300 -0.01048800
v -0.02396300 0.02694600 -0.00718500
v -0.02396300 0.02694600 -0.00718500
v -0.02714000 -0.02559100 -0.00941400
v -0.02714000 -0.02559100 -0.00941400
v -0.02782500 -0.01566300 -0.00821900
v -0.02782500 -0.01566300 -0.00821900
v -0.02782500 -0.01566300 -0.00821900
v -0.02669400 -0.00461600 -0.00660600
v -0.02669400 -0.00461600 -0.00660600
v -0.02669400 -0.00461600 -0.00660600
v -0.00964600 -0.04390300 -0.01066500
v -0.02611000 0.00670600 -0.00540200
v -0.02611000 0.00670600 -0.00540200
v -0.02611000 0.00670600 -0.00540200
v -0.01914000 0.03408400 -0.00814300
v -0.01887200 -0.04152700 -0.00772100
v -0.01887200 -0.04152700 -0.00772100
v -0.01887200 -0.04152700 -0.00772100
v -0.02550500 0.02797500 -0.00140600
v -0.02521400 -0.03474600 -0.00697700
v -0.02521400 -0.03474600 -0.00697700
v -0.02521400 -0.03474600 -0.00697700
v -0.02906500 -0.02606900 -0.00553800
v -0.02906500 -0.02606900 -0.00553800
v -0.02906500 -0.02606900 -0.00553800
v -0.01011400 -0.04565300 -0.00805800
v -0.01011400 -0.04565300 -0.00805800
v -0.01011400 -0.04565300 -0.00805800
v -0.02039400 0.03553400 -0.00382700
v -0.02039400 0.03553400 -0.00382700
v -0.02039400 0.03553400 -0.00382700
v -0.02983800 -0.01574600 -0.00317300
v -0.02983800 -0.01574600 -0.00317300
v -0.02983800 -0.01574600 -0.00317300
v -0.02863400 -0.00444200 0.00002200
v -0.02863400 -0.00444200 0.00002200
v -0.02863400 -0.00444200 0.00002200
v -0.02863400 -0.00444200 0.00002200
v -0.01150900 0.04085900 -0.00512400
v -0.01150900 0.04085900 -0.00512400
v -0.01150900 0.04085900 -0.00512400
v -0.02788300 0.00697300 0.00240300
v -0.02752600 0.01813800 0.00145800
v -0.02752600 0.01813800 0.00145800
v -0.02752600 0.01813800 0.00145800
v -0.02752600 0.01813800 0.00145800
v -0.02104500 -0.01470800 -0.01487100
v -0.02020000 -0.00478800 -0.01487100
v -0.02020000 -0.00478800 -0.01487100
v -0.00786700 0.03076600 -0.01487100
v -0.00786700 0.03076600 -0.01487100
v -0.00786700 0.03076600 -0.01487100
v -0.01396400 0.02746100 -0.01487000
v -0.00751800 -0.03671500 -0.01487100
v -0.01363600 -0.03389400 -0.01487100
v -0.01363600 -0.03389400 -0.01487100
v -0.01779300 0.02223800 -0.01487100
v -0.01779300 0.02223800 -0.01487100
v -0.01779300 0.02223800 -0.01487100
v -0.02051800 -0.02308700 -0.01487100
v -0.02051800 -0.02308700 -0.01487100
v -0.02001900 0.00558000 -0.01487100
v -0.02001900 0.00558000 -0.01487100
v -0.02001900 0.00558000 -0.01487100
v -0.01960400 0.01490300 -0.01487100
v -0.01787600 -0.02944300 -0.01487100
v -0.01787600 -0.02944300 -0.01487100
v -0.00598200 0.01902500 -0.01487100
v -0.00598200 0.01902500 -0.01487100
v -0.00618200 0.01323600 -0.01487100
v -0.00622500 0.00530700 -0.01487100
v -0.00622500 0.00530700 -0.01487100
v -0.00623000 -0.00427500 -0.01487100
v -0.00623000 -0.00427500 -0.01487100
v -0.00633500 -0.01323600 -0.01487100
v -0.00633500 -0.01323600 -0.01487100
v -0.00596900 -0.02542500 -0.01487100
v -0.00596900 -0.02542500 -0.01487100
v -0.00627600 -0.02022200 -0.01487100
v 0.00000000 -0.04851000 -0.00555000
v -0.00000000 0.04428500 -0.00264400
v 0.03080300 -0.02651000 -0.00165700
v 0.02916500 0.01864300 0.00871400
v 0.02146800 0.03671600 0.00041100
v 0.00000000 -0.04052000 -0.01487100
v 0.00000000 -0.04052000 -0.01487100
v -0.00000000 0.03495200 -0.01487100
v -0.00000000 0.03495200 -0.01487100
v 0.00863100 -0.03961800 -0.01487100
v 0.00863100 -0.03961800 -0.01487100
v 0.01051800 -0.04711800 -0.00547200
v 0.00910000 0.03384200 -0.01487000
v 0.00910000 0.03384200 -0.01487000
v 0.01206000 0.04220300 -0.00195000
v 0.01572900 -0.03676100 -0.01487100
v 0.01572900 -0.03676100 -0.01487100
v 0.01978300 -0.04277500 -0.00499800
v 0.02058700 -0.03183700 -0.01487100
v 0.02058700 -0.03183700 -0.01487100
v 0.02662000 -0.03558400 -0.00384100
v 0.02355400 -0.02467100 -0.01487100
v 0.02355400 -0.02467100 -0.01487100
v 0.02405700 -0.01549200 -0.01487100
v 0.02405700 -0.01549200 -0.01487100
v 0.03173100 -0.01582700 0.00184300
v 0.02298900 -0.00493600 -0.01487100
v 0.02298900 -0.00493600 -0.01487100
v 0.03050700 -0.00426300 0.00658400
v 0.02277400 0.00606600 -0.01487100
v 0.02277400 0.00606600 -0.01487100
v 0.02961500 0.00723200 0.01012600
v 0.02245300 0.01616100 -0.01487100
v 0.02245300 0.01616100 -0.01487100
v 0.02055900 0.02438700 -0.01487100
v 0.02055900 0.02438700 -0.01487100
v 0.02691500 0.02887400 0.00431900
v 0.01618600 0.03032100 -0.01487000
v 0.01618600 0.03032100 -0.01487000
v 0.00000000 -0.04307300 -0.01330000
v 0.00000000 -0.04307300 -0.01330000
v -0.00000000 0.03862800 -0.01178100
v -0.00000000 0.03862800 -0.01178100
v -0.00000000 0.03862800 -0.01178100
v 0.00998400 0.03686100 -0.01201300
v 0.00998400 0.03686100 -0.01201300
v 0.01667100 -0.03834800 -0.01330000
v 0.01667100 -0.03834800 -0.01330000
v 0.00911300 -0.04186300 -0.01330000
v 0.00911300 -0.04186300 -0.01330000
v 0.02188600 -0.03272200 -0.01330000
v 0.02188600 -0.03272200 -0.01330000
v 0.02502600 -0.02507600 -0.01330000
v 0.02502600 -0.02507600 -0.01330000
v 0.02569200 -0.01557900 -0.01329900
v 0.02569200 -0.01557900 -0.01329900
v 0.02468700 -0.00478400 -0.01330000
v 0.02468700 -0.00478400 -0.01330000
v 0.02429500 0.00643000 -0.01329500
v 0.02429500 0.00643000 -0.01329500
v 0.02429500 0.00643000 -0.01329500
v 0.02403300 0.01695400 -0.01324500
v 0.02403300 0.01695400 -0.01324500
v 0.02228800 0.02578400 -0.01302800
v 0.02228800 0.02578400 -0.01302800
v 0.01770500 0.03235900 -0.01255400
v 0.01770500 0.03235900 -0.01255400
v -0.00000000 0.02560700 -0.01487100
v -0.00000000 0.02560700 -0.01487100
v 0.00000000 -0.03152200 -0.01487100
v 0.00000000 -0.03152200 -0.01487100
v 0.01235700 -0.02634500 -0.01487100
v 0.01235700 -0.02634500 -0.01487100
v 0.01235700 -0.02634500 -0.01487100
v 0.01400900 -0.02130800 -0.01487100
v 0.01400900 -0.02130800 -0.01487100
v 0.00596900 -0.03085100 -0.01487100
v 0.00596900 -0.03085100 -0.01487100
v 0.00596900 -0.03085100 -0.01487100
v 0.01052100 -0.02991100 -0.01487100
v 0.00612000 0.02484900 -0.01487100
v 0.00612000 0.02484900 -0.01487100
v 0.00612000 0.02484900 -0.01487100
v 0.01207400 0.01973400 -0.01487100
v 0.01207400 0.01973400 -0.01487100
v 0.01061300 0.02369700 -0.01487000
v 0.01323900 0.01381200 -0.01487100
v 0.01323900 0.01381200 -0.01487100
v 0.01354600 0.00539600 -0.01487100
v 0.01354600 0.00539600 -0.01487100
v 0.01367000 -0.00442800 -0.01487100
v 0.01367000 -0.00442800 -0.01487100
v 0.01429100 -0.01382900 -0.01487100
v 0.01081800 0.03908200 -0.00847500
v 0.02581500 0.01757500 -0.00585700
v 0.02581500 0.01757500 -0.00585700
v 0.02581500 0.01757500 -0.00585700
v 0.02363600 -0.03379200 -0.01012900
v 0.01783500 -0.04005300 -0.01048800
v 0.01783500 -0.04005300 -0.01048800
v 0.01783500 -0.04005300 -0.01048800
v 0.02396300 0.02694600 -0.00718500
v 0.02396300 0.02694600 -0.00718500
v 0.02714000 -0.02559100 -0.00941400
v 0.02782500 -0.01566300 -0.00821900
v 0.02782500 -0.01566300 -0.00821900
v 0.02782500 -0.01566300 -0.00821900
v 0.02669400 -0.00461600 -0.00660600
v 0.02669400 -0.00461600 -0.00660600
v 0.02669400 -0.00461600 -0.00660600
v 0.00000000 -0.04518800 -0.01071900
v 0.00000000 -0.04518800 -0.01071900
v 0.00964600 -0.04390300 -0.01066500
v 0.00964600 -0.04390300 -0.01066500
v 0.00964600 -0.04390300 -0.01066500
v 0.02611000 0.00670600 -0.00540200
v 0.02611000 0.00670600 -0.00540200
v 0.02611000 0.00670600 -0.00540200
v 0.01914000 0.03408400 -0.00814300
v -0.00000000 0.04100600 -0.00851900
v -0.00000000 0.04100600 -0.00851900
v 0.01887200 -0.04152700 -0.00772100
v 0.01887200 -0.04152700 -0.00772100
v 0.02550500 0.02797500 -0.00140600
v 0.02550500 0.02797500 -0.00140600
v 0.02521400 -0.03474600 -0.00697700
v 0.02521400 -0.03474600 -0.00697700
v 0.02521400 -0.03474600 -0.00697700
v 0.02906500 -0.02606900 -0.00553800
v 0.02906500 -0.02606900 -0.00553800
v 0.01011400 -0.04565300 -0.00805800
v 0.01011400 -0.04565300 -0.00805800
v 0.02039400 0.03553400 -0.00382700
v 0.02039400 0.03553400 -0.00382700
v 0.02983800 -0.01574600 -0.00317300
v 0.02863400 -0.00444200 0.00002200
v 0.02863400 -0.00444200 0.00002200
v 0.00000000 -0.04699800 -0.00814200
v 0.00000000 -0.04699800 -0.00814200
v 0.00000000 -0.04699800 -0.00814200
v 0.01150900 0.04085900 -0.00512400
v 0.01150900 0.04085900 -0.00512400
v 0.01150900 0.04085900 -0.00512400
v 0.02788300 0.00697300 0.00240300
v 0.02788300 0.00697300 0.00240300
v 0.02788300 0.00697300 0.00240300
v 0.02752600 0.01813800 0.00145800
v 0.02752600 0.01813800 0.00145800
v 0.02752600 0.01813800 0.00145800
v 0.02752600 0.01813800 0.00145800
v -0.00000000 0.04288300 -0.00547800
v -0.00000000 0.04288300 -0.00547800
v -0.00000000 0.04288300 -0.00547800
v 0.00000000 -0.03772900 -0.01487100
v 0.00000000 -0.03772900 -0.01487100
v 0.02104500 -0.01470800 -0.01487100
v 0.02020000 -0.00478800 -0.01487100
v 0.02020000 -0.00478800 -0.01487100
v 0.00786700 0.03076600 -0.01487100
v 0.00786700 0.03076600 -0.01487100
v 0.01396400 0.02746100 -0.01487000
v 0.01396400 0.02746100 -0.01487000
v 0.00751800 -0.03671500 -0.01487100
v 0.00751800 -0.03671500 -0.01487100
v 0.01363600 -0.03389400 -0.01487100
v 0.01779300 0.02223800 -0.01487100
v 0.01779300 0.02223800 -0.01487100
v 0.02051800 -0.02308700 -0.01487100
v 0.02051800 -0.02308700 -0.01487100
v 0.02001900 0.00558000 -0.01487100
v 0.02001900 0.00558000 -0.01487100
v 0.02001900 0.00558000 -0.01487100
v 0.01960300 0.01490300 -0.01487100
v 0.01960300 0.01490300 -0.01487100
v 0.01787600 -0.02944300 -0.01487100
v 0.01787600 -0.02944300 -0.01487100
v -0.00000000 0.03194900 -0.01487100
v -0.00000000 0.03194900 -0.01487100
v -0.00000000 0.03194900 -0.01487100
v 0.00598200 0.01902500 -0.01487100
v 0.00598200 0.01902500 -0.01487100
v -0.00000000 0.01905500 -0.01487100
v -0.00000000 0.01905500 -0.01487100
v 0.00618200 0.01323600 -0.01487100
v 0.00618200 0.01323600 -0.01487100
v -0.00000000 0.01314100 -0.01487100
v 0.00622500 0.00530700 -0.01487100
v 0.00622500 0.00530700 -0.01487100
v -0.00000000 0.00528900 -0.01487100
v -0.00000000 0.00528900 -0.01487100
v 0.00623000 -0.00427500 -0.01487100
v 0.00623000 -0.00427500 -0.01487100
v -0.00000000 -0.00425800 -0.01487100
v -0.00000000 -0.00425800 -0.01487100
v 0.00633500 -0.01323600 -0.01487100
v 0.00633500 -0.01323600 -0.01487100
v -0.00000000 -0.01312900 -0.01487100
v -0.00000000 -0.01312900 -0.01487100
v 0.00596900 -0.02542500 -0.01487100
v 0.00596900 -0.02542500 -0.01487100
v 0.00000000 -0.02542800 -0.01487100
v 0.00000000 -0.02542800 -0.01487100
v 0.00627600 -0.02022200 -0.01487100
v -0.00000000 -0.02003500 -0.01487100
v -0.00000000 -0.02003500 -0.01487100
v -0.01630700 0.03260100 0.00909500
v -0.00341300 -0.03191500 0.00795200
v -0.00266500 -0.04055400 0.00300200
v -0.00266500 -0.04055400 0.00300200
v -0.01755200 -0.00038600 0.01697600
v -0.01755200 -0.00038600 0.01697600
v -0.02709600 -0.02584300 0.00300200
v -0.01248600 0.01400600 0.01892500
v -0.01248600 0.01400600 0.01892500
v -0.00955100 -0.01041200 0.01657800
v -0.00974500 -0.01859300 0.01290500
v -0.00309800 -0.03412900 0.00561300
v -0.02101400 -0.03783100 -0.00137400
v -0.01275800 0.03453400 0.00754300
v -0.02728800 -0.02054900 0.00371700
v -0.00000000 0.00849200 0.02063900
v -0.01282900 -0.03742300 0.00248700
v -0.00052900 -0.04181800 0.00267500
v -0.00052900 -0.04181800 0.00267500
v -0.01425300 0.02677600 0.01487800
v -0.00052900 -0.04656700 -0.00172300
v -0.00052900 -0.04656700 -0.00172300
v -0.00411800 0.03095800 0.01447800
v -0.00411800 0.03095800 0.01447800
v -0.02642200 -0.00989000 0.00797600
v -0.00290200 -0.03869300 0.00292000
v -0.01673500 0.00975700 0.01799500
v -0.01673500 0.00975700 0.01799500
v -0.01371700 -0.00565600 0.01706300
v -0.01371700 -0.00565600 0.01706300
v -0.00000000 0.01801500 0.01973100
v -0.00000000 0.01801500 0.01973100
v -0.01361000 -0.03050200 0.00554600
v -0.00274000 -0.02935400 0.00840000
v -0.01810300 -0.02723300 0.00589400
v -0.01810300 -0.02723300 0.00589400
v -0.00457700 0.03759500 0.00661600
v -0.02568600 -0.03010400 0.00062200
v -0.00051900 -0.00477400 0.01755700
v -0.01607100 -0.03457700 0.00289100
v -0.01607100 -0.03457700 0.00289100
v -0.01130700 0.02969300 0.01415800
v -0.01130700 0.02969300 0.01415800
v -0.00785400 0.02663900 0.01651100
v -0.00785400 0.02663900 0.01651100
v -0.00823300 0.01823300 0.01911200
v -0.00990700 -0.03426800 0.00497200
v -0.00429300 0.01335100 0.02023200
v -0.00429300 0.01335100 0.02023200
v -0.01426300 -0.02267700 0.00943100
v -0.01426300 -0.02267700 0.00943100
v -0.01013000 -0.02705700 0.00864000
v -0.01013000 -0.02705700 0.00864000
v -0.01403300 -0.04306800 -0.00238300
v -0.02463500 0.00086200 0.01175700
v -0.02330200 0.01126600 0.01301500
v -0.02179100 0.02094400 0.01162700
v -0.01855800 0.02893100 0.00933400
v -0.00907000 0.03704600 0.00770800
v -0.00907000 0.03704600 0.00770800
v -0.02085600 0.02562300 0.01128800
v -0.01323600 0.03576100 0.00903500
v -0.01323600 0.03576100 0.00903500
v -0.01895500 -0.01905100 0.00979800
v -0.01895500 -0.01905100 0.00979800
v -0.01852200 -0.01021300 0.01386300
v -0.01852200 -0.01021300 0.01386300
v -0.01573400 0.01928400 0.01701200
v -0.01573400 0.01928400 0.01701200
v -0.00380000 0.00401900 0.02043400
v -0.00380000 0.00401900 0.02043400
v -0.01303100 0.00412300 0.01896500
v -0.01303100 0.00412300 0.01896500
v -0.01165000 0.02280000 0.01727600
v -0.01165000 0.02280000 0.01727600
v -0.00906200 -0.00162000 0.01909500
v -0.00906200 -0.00162000 0.01909500
v -0.00861700 0.00869900 0.01999700
v -0.01431600 -0.01461900 0.01349600
v -0.00000000 0.02693700 0.01687800
v -0.00025400 -0.00294600 0.01819200
v -0.00025400 -0.00294600 0.01988800
v -0.00025400 -0.00294600 0.01988800
v -0.02555000 0.00057000 0.01350500
v -0.02555000 0.00057000 0.01350500
v -0.00474500 0.03893200 0.00808000
v -0.00474500 0.03893200 0.00808000
v -0.00044200 -0.00344900 0.01890900
v -0.00044200 -0.00344900 0.01890900
v -0.00399300 -0.03501500 0.00716200
v -0.00399300 -0.03501500 0.00716200
v -0.01792700 -0.04116300 -0.00108300
v -0.02416600 0.01141600 0.01478600
v -0.02416600 0.01141600 0.01478600
v -0.00359500 -0.03968500 0.00449700
v -0.00359500 -0.03968500 0.00449700
v -0.02390900 -0.03457400 0.00044800
v -0.02390900 -0.03457400 0.00044800
v -0.02792000 -0.02116500 0.00583600
v -0.02792000 -0.02116500 0.00583600
v -0.00053100 -0.01072500 0.01786900
v -0.00053100 -0.01072500 0.01786900
v -0.02140300 -0.03850900 0.00048400
v -0.02140300 -0.03850900 0.00048400
v -0.00256300 -0.02823800 0.01011600
v -0.02748200 -0.01559300 0.00680600
v -0.02748200 -0.01559300 0.00680600
v -0.02597800 -0.00470500 0.01096700
v -0.02597800 -0.00470500 0.01096700
v -0.00053100 -0.02702300 0.01089600
v -0.00053100 -0.02702300 0.01089600
v -0.02729400 -0.01045400 0.00991100
v -0.02729400 -0.01045400 0.00991100
v -0.00350400 -0.03012400 0.01005700
v -0.00350400 -0.03012400 0.01005700
v -0.00000000 0.03869700 0.00722300
v -0.00000000 0.03869700 0.00722300
v -0.02433000 0.00607000 0.01367200
v -0.02606500 -0.03077900 0.00252900
v -0.02606500 -0.03077900 0.00252900
v -0.01004100 -0.04510100 -0.00162000
v -0.01004100 -0.04510100 -0.00162000
v -0.02310600 0.01644000 0.01343200
v -0.00051900 -0.00478100 0.01955400
v -0.00051900 -0.00478100 0.01955400
v -0.00350900 -0.03716900 0.00486400
v -0.00350900 -0.03716900 0.00486400
v -0.01438700 -0.04391000 -0.00051200
v -0.01438700 -0.04391000 -0.00051200
v -0.02261800 0.02155800 0.01332100
v -0.02261800 0.02155800 0.01332100
v -0.01927300 0.02991000 0.01090800
v -0.01927300 0.02991000 0.01090800
v -0.00053100 -0.01805400 0.01513700
v -0.00053100 -0.01805400 0.01513700
v -0.00591800 -0.04305900 0.00176500
v -0.01005300 -0.04130000 0.00157100
v -0.01005300 -0.04130000 0.00157100
v -0.00000000 -0.00287500 0.01906100
v -0.00000000 -0.00287500 0.01906100
v -0.00407100 0.02256700 0.01846200
v -0.00407100 0.02256700 0.01846200
v -0.00053100 -0.01772400 0.01309900
v -0.00053100 -0.01061100 0.01554800
v -0.00053100 -0.02097400 0.01296500
v -0.00053100 -0.02097400 0.01296500
v -0.00053100 -0.01448600 0.01538000
v -0.00053100 -0.00717800 0.01784400
v -0.00183700 -0.04192900 0.00350600
v -0.00183700 -0.04192900 0.00350600
v -0.00566500 -0.02605000 0.01088400
v -0.00566500 -0.02605000 0.01088400
v -0.00685000 -0.03780500 0.00437300
v -0.00689900 -0.03139800 0.00779100
v -0.00689900 -0.03139800 0.00779100
v -0.00053100 -0.02373700 0.01103000
v -0.00052900 -0.04478500 0.00120800
v -0.00052900 -0.04478500 0.00120800
v -0.00157300 -0.04075500 0.00193700
v -0.00546700 -0.04657000 -0.00090600
v -0.00546700 -0.04657000 -0.00090600
v -0.00535700 -0.04547600 -0.00248100
v -0.00052900 -0.04360000 -0.00025600
v -0.01641100 -0.03892400 0.00109800
v -0.02099200 0.00532900 0.01625500
v -0.02099200 0.00532900 0.01625500
v -0.02067600 -0.03273600 0.00280400
v -0.01995700 0.01558200 0.01611400
v -0.01995700 0.01558200 0.01611400
v -0.02226000 -0.00515400 0.01385200
v -0.02226000 -0.00515400 0.01385200
v -0.02338900 -0.01524600 0.00991900
v -0.02338900 -0.01524600 0.00991900
v -0.00000000 0.03528300 0.01142000
v -0.00000000 0.03528300 0.01142000
v -0.01489000 0.03080200 0.01221300
v -0.02303700 -0.02443700 0.00596500
v -0.00849300 0.03409100 0.01159900
v -0.00849300 0.03409100 0.01159900
v -0.01820400 0.02454300 0.01422000
v -0.01820400 0.02454300 0.01422000
v -0.00053100 -0.02426400 0.01278100
v -0.00053100 -0.02426400 0.01278100
v -0.00512600 -0.01462100 0.01575500
v -0.00403500 -0.00061500 0.01993900
v -0.00403500 -0.00061500 0.01993900
v -0.00000000 0.00038000 0.02029600
v -0.00466100 -0.02175000 0.01272900
v -0.00466100 -0.02175000 0.01272900
v -0.00494200 -0.00656500 0.01861800
v -0.00179900 -0.02775800 0.01150200
v -0.00179900 -0.02775800 0.01150200
v -0.00150000 -0.02711200 0.00972600
v 0.01630700 0.03260100 0.00909500
v 0.00341300 -0.03191500 0.00795200
v 0.00341300 -0.03191500 0.00795200
v 0.00266500 -0.04055400 0.00300200
v 0.00266500 -0.04055400 0.00300200
v 0.01755200 -0.00038600 0.01697600
v 0.02709600 -0.02584300 0.00300200
v 0.02709600 -0.02584300 0.00300200
v 0.01248600 0.01400600 0.01892500
v 0.01248600 0.01400600 0.01892500
v 0.00955100 -0.01041200 0.01657800
v 0.00955100 -0.01041200 0.01657800
v 0.00974500 -0.01859300 0.01290500
v 0.00309800 -0.03412900 0.00561300
v 0.02101400 -0.03783100 -0.00137400
v 0.01275800 0.03453400 0.00754300
v 0.02728800 -0.02054900 0.00371700
v 0.01282900 -0.03742300 0.00248700
v 0.00052900 -0.04181800 0.00267500
v 0.00052900 -0.04181800 0.00267500
v 0.01425300 0.02677600 0.01487800
v 0.00052900 -0.04656700 -0.00172300
v 0.00052900 -0.04656700 -0.00172300
v 0.00411800 0.03095800 0.01447800
v 0.00411800 0.03095800 0.01447800
v 0.02642200 -0.00989000 0.00797600
v 0.00290200 -0.03869300 0.00292000
v 0.01673500 0.00975700 0.01799500
v 0.01673500 0.00975700 0.01799500
v 0.01371700 -0.00565600 0.01706300
v 0.01371700 -0.00565600 0.01706300
v 0.01361000 -0.03050200 0.00554600
v 0.01361000 -0.03050200 0.00554600
v 0.00274000 -0.02935400 0.00840000
v 0.01810300 -0.02723300 0.00589400
v 0.01810300 -0.02723300 0.00589400
v 0.00457700 0.03759500 0.00661600
v 0.02568600 -0.03010400 0.00062200
v 0.00051900 -0.00477400 0.01755700
v 0.01607100 -0.03457700 0.00289100
v 0.01607100 -0.03457700 0.00289100
v 0.01130700 0.02969300 0.01415800
v 0.00785400 0.02663900 0.01651100
v 0.00823300 0.01823300 0.01911200
v 0.00990700 -0.03426800 0.00497200
v 0.00990700 -0.03426800 0.00497200
v 0.00429300 0.01335100 0.02023200
v 0.00429300 0.01335100 0.02023200
v 0.01426300 -0.02267700 0.00943100
v 0.01426300 -0.02267700 0.00943100
v 0.01013000 -0.02705700 0.00864000
v 0.01013000 -0.02705700 0.00864000
v 0.01403300 -0.04306800 -0.00238300
v 0.02463500 0.00086200 0.01175700
v 0.02330200 0.01126600 0.01301500
v 0.02179100 0.02094400 0.01162700
v 0.01855800 0.02893100 0.00933400
v 0.00907000 0.03704600 0.00770800
v 0.00907000 0.03704600 0.00770800
v 0.02085600 0.02562300 0.01128800
v 0.01323600 0.03576100 0.00903500
v 0.01323600 0.03576100 0.00903500
v 0.01895500 -0.01905100 0.00979800
v 0.01895500 -0.01905100 0.00979800
v 0.01852200 -0.01021300 0.01386300
v 0.01573400 0.01928400 0.01701200
v 0.01573400 0.01928400 0.01701200
v 0.00380000 0.00401900 0.02043400
v 0.00380000 0.00401900 0.02043400
v 0.01303100 0.00412300 0.01896500
v 0.01303100 0.00412300 0.01896500
v 0.01165000 0.02280000 0.01727600
v 0.01165000 0.02280000 0.01727600
v 0.00906200 -0.00162000 0.01909500
v 0.00906200 -0.00162000 0.01909500
v 0.00861700 0.00869900 0.01999700
v 0.01431600 -0.01461900 0.01349600
v 0.01431600 -0.01461900 0.01349600
v 0.00025400 -0.00294600 0.01819200
v 0.00025400 -0.00294600 0.01988800
v 0.00025400 -0.00294600 0.01988800
v 0.02555000 0.00057000 0.01350500
v 0.02555000 0.00057000 0.01350500
v 0.00474500 0.03893200 0.00808000
v 0.00474500 0.03893200 0.00808000
v 0.00044200 -0.00344900 0.01890900
v 0.00044200 -0.00344900 0.01890900
v 0.00399300 -0.03501500 0.00716200
v 0.00399300 -0.03501500 0.00716200
v 0.01792700 -0.04116300 -0.00108300
v 0.02416600 0.01141600 0.01478600
v 0.02416600 0.01141600 0.01478600
v 0.00359500 -0.03968500 0.00449700
v 0.00359500 -0.03968500 0.00449700
v 0.02390900 -0.03457400 0.00044800
v 0.02390900 -0.03457400 0.00044800
v 0.02792000 -0.02116500 0.00583600
v 0.02792000 -0.02116500 0.00583600
v 0.00053100 -0.01072500 0.01786900
v 0.00053100 -0.01072500 0.01786900
v 0.02140300 -0.03850900 0.00048400
v 0.02140300 -0.03850900 0.00048400
v 0.00256300 -0.02823800 0.01011600
v 0.00256300 -0.02823800 0.01011600
v 0.02748200 -0.01559300 0.00680600
v 0.02748200 -0.01559300 0.00680600
v 0.02597800 -0.00470500 0.01096700
v 0.02597800 -0.00470500 0.01096700
v 0.00053100 -0.02702300 0.01089600
v 0.00053100 -0.02702300 0.01089600
v 0.02729400 -0.01045400 0.00991100
v 0.02729400 -0.01045400 0.00991100
v 0.00350400 -0.03012400 0.01005700
v 0.00350400 -0.03012400 0.01005700
v 0.02433000 0.00607000 0.01367200
v 0.02606500 -0.03077900 0.00252900
v 0.02606500 -0.03077900 0.00252900
v 0.01004100 -0.04510100 -0.00162000
v 0.01004100 -0.04510100 -0.00162000
v 0.02310600 0.01644000 0.01343200
v 0.00051900 -0.00478100 0.01955400
v 0.00051900 -0.00478100 0.01955400
v 0.00350900 -0.03716900 0.00486400
v 0.00350900 -0.03716900 0.00486400
v 0.01438700 -0.04391000 -0.00051200
v 0.01438700 -0.04391000 -0.00051200
v 0.02261800 0.02155800 0.01332100
v 0.02261800 0.02155800 0.01332100
v 0.01927300 0.02991000 0.01090800
v 0.01927300 0.02991000 0.01090800
v 0.00053100 -0.01805400 0.01513700
v 0.00053100 -0.01805400 0.01513700
v 0.00591800 -0.04305900 0.00176500
v 0.01005300 -0.04130000 0.00157100
v 0.01005300 -0.04130000 0.00157100
v 0.00407100 0.02256700 0.01846200
v 0.00407100 0.02256700 0.01846200
v 0.00053100 -0.01772400 0.01309900
v 0.00053100 -0.01061100 0.01554800
v 0.00053100 -0.02097400 0.01296500
v 0.00053100 -0.02097400 0.01296500
v 0.00053100 -0.01448600 0.01538000
v 0.00053100 -0.00717800 0.01784400
v 0.00183700 -0.04192900 0.00350600
v 0.00183700 -0.04192900 0.00350600
v 0.00566500 -0.02605000 0.01088400
v 0.00566500 -0.02605000 0.01088400
v 0.00685000 -0.03780500 0.00437300
v 0.00689900 -0.03139800 0.00779100
v 0.00689900 -0.03139800 0.00779100
v 0.00053100 -0.02373700 0.01103000
v 0.00052900 -0.04478500 0.00120800
v 0.00052900 -0.04478500 0.00120800
v 0.00157300 -0.04075500 0.00193700
v 0.00546700 -0.04657000 -0.00090600
v 0.00546700 -0.04657000 -0.00090600
v 0.00535700 -0.04547600 -0.00248100
v 0.00052900 -0.04360000 -0.00025600
v 0.01641100 -0.03892400 0.00109800
v 0.02099200 0.00532900 0.01625500
v 0.02067600 -0.03273600 0.00280400
v 0.01995700 0.01558200 0.01611400
v 0.01995700 0.01558200 0.01611400
v 0.02226000 -0.00515400 0.01385200
v 0.02226000 -0.00515400 0.01385200
v 0.02338900 -0.01524600 0.00991900
v 0.02338900 -0.01524600 0.00991900
v 0.01489000 0.03080200 0.01221300
v 0.02303700 -0.02443700 0.00596500
v 0.00849300 0.03409100 0.01159900
v 0.00849300 0.03409100 0.01159900
v 0.01820400 0.02454300 0.01422000
v 0.01820400 0.02454300 0.01422000
v 0.00053100 -0.02426400 0.01278100
v 0.00053100 -0.02426400 0.01278100
v 0.00512600 -0.01462100 0.01575500
v 0.00403500 -0.00061500 0.01993900
v 0.00403500 -0.00061500 0.01993900
v 0.00466100 -0.02175000 0.01272900
v 0.00466100 -0.02175000 0.01272900
v 0.00494200 -0.00656500 0.01861800
v 0.00179900 -0.02775800 0.01150200
v 0.00179900 -0.02775800 0.01150200
v 0.00150000 -0.02711200 0.00972600
v -0.00000000 0.03377300 -0.01487100
v -0.00000000 0.03377300 -0.01487100
v -0.01948700 -0.03076300 -0.01487100
v -0.02174000 0.00579400 -0.01487100
v -0.02174000 0.00579400 -0.01487100
v -0.02523700 -0.01029500 -0.01329900
v -0.02523700 -0.01029500 -0.01329900
v -0.00000000 0.03679000 -0.01332600
v -0.00000000 0.03679000 -0.01332600
v -0.02234200 -0.02391100 -0.01487100
v -0.02234200 -0.02391100 -0.01487100
v -0.00815700 -0.03847200 -0.01487100
v -0.02324300 0.01655700 -0.01405800
v -0.00515300 0.03815900 -0.01184200
v -0.00515300 0.03815900 -0.01184200
v -0.02344600 0.02163400 -0.01316700
v -0.02344600 0.02163400 -0.01316700
v -0.02424500 0.01184600 -0.01328200
v -0.02424500 0.01184600 -0.01328200
v -0.02064100 -0.00988500 -0.01487100
v -0.02064100 -0.00988500 -0.01487100
v -0.01119300 0.02935900 -0.01487000
v -0.01119300 0.02935900 -0.01487000
v -0.01080700 -0.03551100 -0.01487100
v -0.00857500 0.03258900 -0.01487100
v -0.01946100 0.02339100 -0.01487100
v -0.01946100 0.02339100 -0.01487100
v -0.02288400 -0.01511400 -0.01487100
v -0.00469400 0.03468300 -0.01487100
v -0.00469400 0.03468300 -0.01487100
v -0.02411300 -0.02029900 -0.01487100
v -0.02411300 -0.02029900 -0.01487100
v -0.02142400 0.02508600 -0.01394900
v -0.01726300 -0.03921800 -0.01189000
v -0.02676800 -0.01562100 -0.01075700
v -0.02676800 -0.01562100 -0.01075700
v -0.01421100 0.03489000 -0.01226800
v -0.01421100 0.03489000 -0.01226800
v -0.01316200 -0.04038100 -0.01330000
v -0.01316200 -0.04038100 -0.01330000
v -0.00466100 -0.04276700 -0.01330000
v -0.00466100 -0.04276700 -0.01330000
v -0.02177100 0.02054300 -0.01487100
v -0.02177100 0.02054300 -0.01487100
v -0.01615600 0.02509900 -0.01487000
v -0.02104700 -0.01913300 -0.01487100
v -0.02104700 -0.01913300 -0.01487100
v -0.02123700 -0.03227900 -0.01408500
v -0.02487500 -0.01553600 -0.01408500
v -0.02277400 -0.03326600 -0.01171300
v -0.02569600 -0.00470100 -0.00994800
v -0.02039400 0.02934100 -0.01281700
v -0.02039400 0.02934100 -0.01281700
v -0.01955500 -0.03579200 -0.01330000
v -0.01955500 -0.03579200 -0.01330000
v -0.02957500 -0.00435300 0.00330800
v -0.02957500 -0.00435300 0.00330800
v -0.01992700 0.01044900 -0.01487100
v -0.02003600 0.00043400 -0.01487100
v -0.02003600 0.00043400 -0.01487100
v -0.00385700 -0.03746800 -0.01487100
v -0.00385700 -0.03746800 -0.01487100
v -0.01596700 -0.03188500 -0.01487100
v -0.01596700 -0.03188500 -0.01487100
v -0.00406200 0.03164500 -0.01487100
v -0.00406200 0.03164500 -0.01487100
v -0.01942600 -0.02652000 -0.01487100
v -0.01486300 -0.03555300 -0.01487100
v -0.01486300 -0.03555300 -0.01487100
v -0.01527300 0.02908500 -0.01487000
v -0.01527300 0.02908500 -0.01487000
v -0.02193800 -0.00488800 -0.01487100
v -0.00954200 0.03535200 -0.01344200
v -0.01244400 -0.03844100 -0.01487100
v -0.01244400 -0.03844100 -0.01487100
v -0.01620000 -0.03755500 -0.01408500
v -0.01620000 -0.03755500 -0.01408500
v -0.00887200 -0.04074000 -0.01408500
v -0.00441900 -0.04030100 -0.01487100
v -0.00441900 -0.04030100 -0.01487100
v -0.01841300 -0.03457100 -0.01487100
v -0.01841300 -0.03457100 -0.01487100
v -0.02429000 -0.02487400 -0.01408500
v -0.02429000 -0.02487400 -0.01408500
v -0.02233900 -0.02853100 -0.01487100
v -0.02233900 -0.02853100 -0.01487100
v -0.02354000 -0.01033800 -0.01487100
v -0.02354000 -0.01033800 -0.01487100
v -0.02353400 0.00624800 -0.01408300
v -0.02353400 0.00624800 -0.01408300
v -0.02277800 0.00059200 -0.01487100
v -0.02277800 0.00059200 -0.01487100
v -0.02383800 -0.00486000 -0.01408500
v -0.02383800 -0.00486000 -0.01408500
v -0.01694500 0.03134000 -0.01371200
v -0.01871200 0.02765100 -0.01487000
v -0.01871200 0.02765100 -0.01487000
v -0.01296500 0.03238800 -0.01487000
v -0.01296500 0.03238800 -0.01487000
v -0.00938400 -0.04290500 -0.01198000
v -0.00938400 -0.04290500 -0.01198000
v -0.02609800 -0.02533600 -0.01135600
v -0.02609800 -0.02533600 -0.01135600
v -0.02520600 0.00656800 -0.00934200
v -0.02438900 0.00083800 -0.01329900
v -0.02438900 0.00083800 -0.01329900
v -0.02373700 -0.02914600 -0.01330000
v -0.02373700 -0.02914600 -0.01330000
v -0.02566500 -0.02053300 -0.01330000
v -0.02566500 -0.02053300 -0.01330000
v -0.02593000 -0.03517400 -0.00540800
v -0.02875200 0.00710300 0.00627100
v -0.02875200 0.00710300 0.00627100
v 0.00000000 -0.04415300 -0.01200900
v 0.00000000 -0.04415300 -0.01200900
v 0.00000000 -0.03946300 -0.01487100
v 0.00000000 -0.03946300 -0.01487100
v 0.00000000 -0.04179600 -0.01408500
v 0.00000000 -0.04179600 -0.01408500
v -0.00000000 0.03985500 -0.01013300
v -0.00000000 0.03985500 -0.01013300
v -0.01041200 0.03800500 -0.01023000
v -0.01843600 0.03324200 -0.01034100
v -0.02313600 0.02637500 -0.01010100
v -0.02313600 0.02637500 -0.01010100
v -0.02492900 0.01726900 -0.00954500
v -0.02492900 0.01726900 -0.00954500
v -0.02273000 0.01129900 -0.01487100
v -0.02273000 0.01129900 -0.01487100
v -0.02135700 0.01552600 -0.01487100
v -0.01892000 0.01884100 -0.01487100
v -0.01892000 0.01884100 -0.01487100
v -0.00621000 0.04374300 -0.00248400
v -0.00533300 -0.04816800 -0.00553900
v -0.01539600 -0.04532700 -0.00530200
v -0.02352200 -0.03947500 -0.00452600
v -0.02908900 -0.03125800 -0.00289500
v -0.03165400 -0.02134000 -0.00009300
v -0.03122200 -0.01008000 0.00414500
v -0.02994400 0.00149400 0.00879800
v -0.02946300 0.01299200 0.01002200
v -0.02837200 0.02400500 0.00664200
v -0.02466600 0.03309300 0.00219600
v -0.01722100 0.03980000 -0.00098100
v -0.00000000 0.04361900 -0.00404600
v -0.02994800 -0.02629200 -0.00359800
v 0.00000000 -0.04777700 -0.00684800
v -0.01118500 0.04003600 -0.00677200
v -0.02668100 0.01786500 -0.00219000
v -0.02668100 0.01786500 -0.00219000
v -0.01837300 -0.04082400 -0.00909800
v -0.01837300 -0.04082400 -0.00909800
v -0.02475300 0.02748000 -0.00428700
v -0.02885000 -0.01570500 -0.00569100
v -0.02885000 -0.01570500 -0.00569100
v -0.00988900 -0.04482100 -0.00935800
v -0.01979400 0.03485000 -0.00597200
v -0.01979400 0.03485000 -0.00597200
v -0.00558400 0.04050200 -0.00851300
v -0.00491700 -0.04486700 -0.01070600
v -0.00491700 -0.04486700 -0.01070600
v -0.01400400 -0.04229600 -0.01059300
v -0.01400400 -0.04229600 -0.01059300
v -0.02732200 -0.01022500 -0.00743400
v -0.02571000 -0.02992000 -0.00982500
v -0.02603400 0.01225800 -0.00543400
v -0.02102900 -0.03719400 -0.01034100
v -0.02629000 0.00105300 -0.00585300
v -0.02518800 0.02251300 -0.00650200
v -0.02518800 0.02251300 -0.00650200
v -0.02782100 -0.02081500 -0.00888200
v -0.02782100 -0.02081500 -0.00888200
v -0.01539000 0.03689000 -0.00837000
v -0.02198000 0.03078500 -0.00774700
v -0.02198000 0.03078500 -0.00774700
v -0.01933700 -0.04216800 -0.00635600
v -0.01933700 -0.04216800 -0.00635600
v -0.02622000 0.02843500 0.00146000
v -0.02445100 -0.03428600 -0.00855100
v -0.02813100 -0.02583500 -0.00747600
v -0.02813100 -0.02583500 -0.00747600
v -0.01032100 -0.04640700 -0.00676300
v -0.02094400 0.03614500 -0.00170200
v -0.02094400 0.03614500 -0.00170200
v -0.03079300 -0.01578600 -0.00066300
v -0.03079300 -0.01578600 -0.00066300
v -0.02767400 -0.00453000 -0.00328200
v -0.02767400 -0.00453000 -0.00328200
v 0.00000000 -0.04613800 -0.00943200
v 0.00000000 -0.04613800 -0.00943200
v -0.01179500 0.04156300 -0.00352400
v -0.01179500 0.04156300 -0.00352400
v -0.02700200 0.00684000 -0.00148700
v -0.02700200 0.00684000 -0.00148700
v -0.02835000 0.01839500 0.00509000
v -0.00000000 0.04201800 -0.00696600
v -0.00000000 0.04201800 -0.00696600
v -0.02683000 0.02330300 0.00009700
v -0.01639200 0.03852400 -0.00461200
v -0.01639200 0.03852400 -0.00461200
v -0.01474800 -0.04394400 -0.00792800
v -0.01474800 -0.04394400 -0.00792800
v -0.02814100 0.00127200 0.00151200
v -0.02340400 0.03203400 -0.00274700
v -0.02340400 0.03203400 -0.00274700
v -0.02931700 -0.01015400 -0.00162000
v -0.02981700 -0.02108400 -0.00448300
v -0.02981700 -0.02108400 -0.00448300
v -0.02235000 -0.03842100 -0.00741700
v -0.02235000 -0.03842100 -0.00741700
v -0.02749300 -0.03062400 -0.00636100
v -0.02749300 -0.03062400 -0.00636100
v -0.02777400 0.01264000 0.00232900
v -0.02777400 0.01264000 0.00232900
v -0.00593600 0.04235600 -0.00539700
v -0.00593600 0.04235600 -0.00539700
v -0.00514100 -0.04666500 -0.00812400
v -0.00514100 -0.04666500 -0.00812400
v -0.01398800 -0.00928800 -0.01487100
v -0.01398800 -0.00928800 -0.01487100
v -0.00869200 0.02412400 -0.01487000
v -0.00855900 -0.03021800 -0.01487100
v -0.00855900 -0.03021800 -0.01487100
v -0.01121200 0.02196400 -0.01487000
v -0.01121200 0.02196400 -0.01487000
v -0.01432500 -0.01787400 -0.01487100
v -0.01432500 -0.01787400 -0.01487100
v -0.01347200 0.00988100 -0.01487100
v -0.01347200 0.00988100 -0.01487100
v -0.01355700 0.00054700 -0.01487100
v -0.01355700 0.00054700 -0.01487100
v -0.00306800 -0.03134200 -0.01487100
v -0.00306800 -0.03134200 -0.01487100
v -0.01126700 -0.02830200 -0.01487100
v -0.01126700 -0.02830200 -0.01487100
v -0.00316500 0.02540300 -0.01487100
v -0.00316500 0.02540300 -0.01487100
v -0.01332800 -0.02408200 -0.01487100
v -0.01277800 0.01706700 -0.01487100
v -0.01277800 0.01706700 -0.01487100
v 0.00000000 -0.03488900 -0.01487100
v 0.00000000 -0.03488900 -0.01487100
v -0.01730800 -0.00461000 -0.01487100
v -0.01807300 -0.01426200 -0.01487100
v -0.00690900 0.02802000 -0.01487100
v -0.00690900 0.02802000 -0.01487100
v -0.01211200 0.02533100 -0.01487000
v -0.01191200 -0.03164000 -0.01487100
v -0.00665800 -0.03397800 -0.01487100
v -0.00665800 -0.03397800 -0.01487100
v -0.01518300 0.02088400 -0.01487100
v -0.01764700 -0.02217400 -0.01487100
v -0.01675300 0.01431400 -0.01487100
v -0.01714700 0.00546000 -0.01487100
v -0.01540100 -0.02779100 -0.01487100
v -0.01540100 -0.02779100 -0.01487100
v -0.00000000 0.02906200 -0.01487100
v -0.00000000 0.02906200 -0.01487100
v -0.00000000 0.02220000 -0.01487100
v -0.00000000 0.02220000 -0.01487100
v -0.00581000 -0.02799900 -0.01487100
v -0.00581000 -0.02799900 -0.01487100
v -0.00588400 0.02183500 -0.01487100
v -0.00000000 0.01617700 -0.01487100
v -0.00000000 0.01617700 -0.01487100
v -0.00298900 0.01903100 -0.01487100
v -0.00899000 0.01917000 -0.01487100
v -0.00899000 0.01917000 -0.01487100
v -0.00610200 0.01627800 -0.01487100
v -0.00610200 0.01627800 -0.01487100
v -0.00000000 0.00951900 -0.01487100
v -0.00000000 0.00951900 -0.01487100
v -0.00300800 0.01315300 -0.01487100
v -0.00963100 0.01345000 -0.01487100
v -0.00621900 0.00957300 -0.01487100
v -0.00621900 0.00957300 -0.01487100
v -0.00000000 0.00058500 -0.01487100
v -0.00000000 0.00058500 -0.01487100
v -0.00300400 0.00529100 -0.01487100
v -0.00979800 0.00534500 -0.01487100
v -0.00621800 0.00058500 -0.01487100
v -0.00621800 0.00058500 -0.01487100
v -0.00000000 -0.00889200 -0.01487100
v -0.00299400 -0.00426000 -0.01487100
v -0.00985900 -0.00432100 -0.01487100
v -0.00628300 -0.00894700 -0.01487100
v -0.00628300 -0.00894700 -0.01487100
v -0.00000000 -0.01684600 -0.01487100
v -0.00299700 -0.01314200 -0.01487100
v -0.01021500 -0.01347200 -0.01487100
v -0.01021500 -0.01347200 -0.01487100
v -0.00614900 -0.02293500 -0.01487100
v 0.00000000 -0.02832100 -0.01487100
v 0.00000000 -0.02832100 -0.01487100
v -0.00293800 -0.02541000 -0.01487100
v -0.00914500 -0.02562400 -0.01487100
v -0.00914500 -0.02562400 -0.01487100
v -0.00633700 -0.01700600 -0.01487100
v 0.00000000 -0.02278000 -0.01487100
v 0.00000000 -0.02278000 -0.01487100
v -0.00298200 -0.02005800 -0.01487100
v -0.01006400 -0.02063900 -0.01487100
v 0.01948700 -0.03076300 -0.01487100
v 0.02174000 0.00579400 -0.01487100
v 0.02174000 0.00579400 -0.01487100
v 0.02523700 -0.01029500 -0.01329900
v 0.02523700 -0.01029500 -0.01329900
v 0.02234200 -0.02391100 -0.01487100
v 0.02234200 -0.02391100 -0.01487100
v 0.00815700 -0.03847200 -0.01487100
v 0.02324300 0.01655700 -0.01405800
v 0.02324300 0.01655700 -0.01405800
v 0.00515300 0.03815900 -0.01184200
v 0.00515300 0.03815900 -0.01184200
v 0.02344600 0.02163400 -0.01316700
v 0.02344600 0.02163400 -0.01316700
v 0.02424500 0.01184600 -0.01328200
v 0.02424500 0.01184600 -0.01328200
v 0.02064100 -0.00988500 -0.01487100
v 0.01119300 0.02935900 -0.01487000
v 0.01119300 0.02935900 -0.01487000
v 0.01080700 -0.03551100 -0.01487100
v 0.00857500 0.03258900 -0.01487100
v 0.00857500 0.03258900 -0.01487100
v 0.01946100 0.02339100 -0.01487100
v 0.01946100 0.02339100 -0.01487100
v 0.02288400 -0.01511400 -0.01487100
v 0.00469400 0.03468300 -0.01487100
v 0.00469400 0.03468300 -0.01487100
v 0.02411300 -0.02029900 -0.01487100
v 0.02411300 -0.02029900 -0.01487100
v 0.02142400 0.02508600 -0.01394900
v 0.01726300 -0.03921800 -0.01189000
v 0.02676800 -0.01562100 -0.01075700
v 0.01421100 0.03489000 -0.01226800
v 0.01421100 0.03489000 -0.01226800
v 0.01316200 -0.04038100 -0.01330000
v 0.01316200 -0.04038100 -0.01330000
v 0.00466100 -0.04276700 -0.01330000
v 0.00466100 -0.04276700 -0.01330000
v 0.02177100 0.02054300 -0.01487100
v 0.02177100 0.02054300 -0.01487100
v 0.01615600 0.02509900 -0.01487000
v 0.02104700 -0.01913300 -0.01487100
v 0.02104700 -0.01913300 -0.01487100
v 0.02123700 -0.03227900 -0.01408500
v 0.02487500 -0.01553600 -0.01408500
v 0.02277400 -0.03326600 -0.01171300
v 0.02569600 -0.00470100 -0.00994800
v 0.02039400 0.02934100 -0.01281700
v 0.02039400 0.02934100 -0.01281700
v 0.01955500 -0.03579200 -0.01330000
v 0.01955500 -0.03579200 -0.01330000
v 0.02957500 -0.00435300 0.00330800
v 0.02957500 -0.00435300 0.00330800
v 0.01992700 0.01044900 -0.01487100
v 0.01992700 0.01044900 -0.01487100
v 0.02003600 0.00043400 -0.01487100
v 0.02003600 0.00043400 -0.01487100
v 0.00385700 -0.03746800 -0.01487100
v 0.00385700 -0.03746800 -0.01487100
v 0.01596700 -0.03188500 -0.01487100
v 0.01596700 -0.03188500 -0.01487100
v 0.00406200 0.03164500 -0.01487100
v 0.01942600 -0.02652000 -0.01487100
v 0.01942600 -0.02652000 -0.01487100
v 0.01486300 -0.03555300 -0.01487100
v 0.01486300 -0.03555300 -0.01487100
v 0.01527300 0.02908500 -0.01487000
v 0.01527300 0.02908500 -0.01487000
v 0.02193800 -0.00488800 -0.01487100
v 0.02193800 -0.00488800 -0.01487100
v 0.00954200 0.03535200 -0.01344200
v 0.01244400 -0.03844100 -0.01487100
v 0.01244400 -0.03844100 -0.01487100
v 0.01620000 -0.03755500 -0.01408500
v 0.01620000 -0.03755500 -0.01408500
v 0.00887200 -0.04074000 -0.01408500
v 0.00887200 -0.04074000 -0.01408500
v 0.00441900 -0.04030100 -0.01487100
v 0.00441900 -0.04030100 -0.01487100
v 0.01841300 -0.03457100 -0.01487100
v 0.01841300 -0.03457100 -0.01487100
v 0.02429000 -0.02487400 -0.01408500
v 0.02429000 -0.02487400 -0.01408500
v 0.02233900 -0.02853100 -0.01487100
v 0.02233900 -0.02853100 -0.01487100
v 0.02354000 -0.01033800 -0.01487100
v 0.02354000 -0.01033800 -0.01487100
v 0.02353400 0.00624800 -0.01408300
v 0.02277800 0.00059200 -0.01487100
v 0.02277800 0.00059200 -0.01487100
v 0.02383800 -0.00486000 -0.01408500
v 0.02383800 -0.00486000 -0.01408500
v 0.01694500 0.03134000 -0.01371200
v 0.01694500 0.03134000 -0.01371200
v 0.01871200 0.02765100 -0.01487000
v 0.01871200 0.02765100 -0.01487000
v 0.01296500 0.03238800 -0.01487000
v 0.01296500 0.03238800 -0.01487000
v 0.00938400 -0.04290500 -0.01198000
v 0.02609800 -0.02533600 -0.01135600
v 0.02609800 -0.02533600 -0.01135600
v 0.02520600 0.00656800 -0.00934200
v 0.02520600 0.00656800 -0.00934200
v 0.02438900 0.00083800 -0.01329900
v 0.02438900 0.00083800 -0.01329900
v 0.02373700 -0.02914600 -0.01330000
v 0.02373700 -0.02914600 -0.01330000
v 0.02566500 -0.02053300 -0.01330000
v 0.02566500 -0.02053300 -0.01330000
v 0.02593000 -0.03517400 -0.00540800
v 0.02593000 -0.03517400 -0.00540800
v 0.02875200 0.00710300 0.00627100
v 0.02875200 0.00710300 0.00627100
v 0.01041200 0.03800500 -0.01023000
v 0.01843600 0.03324200 -0.01034100
v 0.02313600 0.02637500 -0.01010100
v 0.02313600 0.02637500 -0.01010100
v 0.02492900 0.01726900 -0.00954500
v 0.02492900 0.01726900 -0.00954500
v 0.02273000 0.01129900 -0.01487100
v 0.02273000 0.01129900 -0.01487100
v 0.02135700 0.01552600 -0.01487100
v 0.01892000 0.01884100 -0.01487100
v 0.01892000 0.01884100 -0.01487100
v 0.00621000 0.04374300 -0.00248400
v 0.00533300 -0.04816800 -0.00553900
v 0.01539600 -0.04532800 -0.00530200
v 0.02352200 -0.03947500 -0.00452600
v 0.02908900 -0.03125800 -0.00289500
v 0.03165400 -0.02134000 -0.00009300
v 0.03122200 -0.01008000 0.00414500
v 0.02994400 0.00149400 0.00879800
v 0.02946300 0.01299200 0.01002200
v 0.02837200 0.02400500 0.00664200
v 0.02466600 0.03309300 0.00219600
v 0.01722100 0.03980000 -0.00098100
v 0.02994800 -0.02629200 -0.00359800
v 0.01118500 0.04003600 -0.00677200
v 0.02668100 0.01786500 -0.00219000
v 0.02668100 0.01786500 -0.00219000
v 0.01837300 -0.04082400 -0.00909800
v 0.01837300 -0.04082400 -0.00909800
v 0.02475300 0.02748000 -0.00428700
v 0.02885000 -0.01570500 -0.00569100
v 0.02885000 -0.01570500 -0.00569100
v 0.00988900 -0.04482100 -0.00935800
v 0.00988900 -0.04482100 -0.00935800
v 0.01979400 0.03485000 -0.00597200
v 0.00558400 0.04050200 -0.00851300
v 0.00491700 -0.04486700 -0.01070600
v 0.00491700 -0.04486700 -0.01070600
v 0.01400400 -0.04229600 -0.01059300
v 0.01400400 -0.04229600 -0.01059300
v 0.02732200 -0.01022500 -0.00743400
v 0.02732200 -0.01022500 -0.00743400
v 0.02571000 -0.02992000 -0.00982500
v 0.02603400 0.01225800 -0.00543400
v 0.02102900 -0.03719400 -0.01034100
v 0.02629000 0.00105300 -0.00585300
v 0.02629000 0.00105300 -0.00585300
v 0.02518800 0.02251300 -0.00650200
v 0.02518800 0.02251300 -0.00650200
v 0.02782100 -0.02081500 -0.00888200
v 0.02782100 -0.02081500 -0.00888200
v 0.01539000 0.03689000 -0.00837000
v 0.02198000 0.03078500 -0.00774700
v 0.02198000 0.03078500 -0.00774700
v 0.01933700 -0.04216800 -0.00635600
v 0.01933700 -0.04216800 -0.00635600
v 0.02622000 0.02843500 0.00146000
v 0.02445100 -0.03428600 -0.00855100
v 0.02813100 -0.02583500 -0.00747600
v 0.02813100 -0.02583500 -0.00747600
v 0.01032100 -0.04640700 -0.00676300
v 0.02094400 0.03614500 -0.00170200
v 0.03079300 -0.01578600 -0.00066300
v 0.03079300 -0.01578600 -0.00066300
v 0.02767400 -0.00453000 -0.00328200
v 0.02767400 -0.00453000 -0.00328200
v 0.01179500 0.04156300 -0.00352400
v 0.01179500 0.04156300 -0.00352400
v 0.02700200 0.00684000 -0.00148700
v 0.02700200 0.00684000 -0.00148700
v 0.02835000 0.01839500 0.00509000
v 0.02683000 0.02330300 0.00009700
v 0.02683000 0.02330300 0.00009700
v 0.01639200 0.03852400 -0.00461200
v 0.01639200 0.03852400 -0.00461200
v 0.01474800 -0.04394400 -0.00792800
v 0.01474800 -0.04394400 -0.00792800
v 0.02814100 0.00127200 0.00151200
v 0.02814100 0.00127200 0.00151200
v 0.02340400 0.03203400 -0.00274700
v 0.02340400 0.03203400 -0.00274700
v 0.02931700 -0.01015400 -0.00162000
v 0.02931700 -0.01015400 -0.00162000
v 0.02981700 -0.02108400 -0.00448300
v 0.02981700 -0.02108400 -0.00448300
v 0.02235000 -0.03842100 -0.00741700
v 0.02235000 -0.03842100 -0.00741700
v 0.02749300 -0.03062400 -0.00636100
v 0.02749300 -0.03062400 -0.00636100
v 0.02777400 0.01264000 0.00232900
v 0.02777400 0.01264000 0.00232900
v 0.00593600 0.04235600 -0.00539700
v 0.00593600 0.04235600 -0.00539700
v 0.00514100 -0.04666500 -0.00812400
v 0.00514100 -0.04666500 -0.00812400
v 0.01398800 -0.00928800 -0.01487100
v 0.01398800 -0.00928800 -0.01487100
v 0.00869200 0.02412400 -0.01487000
v 0.00855900 -0.03021800 -0.01487100
v 0.00855900 -0.03021800 -0.01487100
v 0.01121200 0.02196400 -0.01487000
v 0.01121200 0.02196400 -0.01487000
v 0.01432500 -0.01787400 -0.01487100
v 0.01432500 -0.01787400 -0.01487100
v 0.01347200 0.00988100 -0.01487100
v 0.01355700 0.00054700 -0.01487100
v 0.00306800 -0.03134200 -0.01487100
v 0.00306800 -0.03134200 -0.01487100
v 0.01126700 -0.02830200 -0.01487100
v 0.01126700 -0.02830200 -0.01487100
v 0.00316500 0.02540300 -0.01487100
v 0.00316500 0.02540300 -0.01487100
v 0.01332800 -0.02408200 -0.01487100
v 0.01277800 0.01706700 -0.01487100
v 0.01277800 0.01706700 -0.01487100
v 0.01730800 -0.00461000 -0.01487100
v 0.01807300 -0.01426200 -0.01487100
v 0.00690900 0.02802000 -0.01487100
v 0.00690900 0.02802000 -0.01487100
v 0.01211200 0.02533100 -0.01487000
v 0.01191200 -0.03164000 -0.01487100
v 0.00665800 -0.03397800 -0.01487100
v 0.00665800 -0.03397800 -0.01487100
v 0.01518300 0.02088400 -0.01487100
v 0.01764700 -0.02217400 -0.01487100
v 0.01675300 0.01431400 -0.01487100
v 0.01714700 0.00546000 -0.01487100
v 0.01540100 -0.02779100 -0.01487100
v 0.00581000 -0.02799900 -0.01487100
v 0.00581000 -0.02799900 -0.01487100
v 0.00588400 0.02183500 -0.01487100
v 0.00588400 0.02183500 -0.01487100
v 0.00298900 0.01903100 -0.01487100
v 0.00899000 0.01917000 -0.01487100
v 0.00899000 0.01917000 -0.01487100
v 0.00610200 0.01627800 -0.01487100
v 0.00610200 0.01627800 -0.01487100
v 0.00300800 0.01315300 -0.01487100
v 0.00963100 0.01345000 -0.01487100
v 0.00621900 0.00957300 -0.01487100
v 0.00621900 0.00957300 -0.01487100
v 0.00300400 0.00529100 -0.01487100
v 0.00979800 0.00534500 -0.01487100
v 0.00621800 0.00058500 -0.01487100
v 0.00299400 -0.00426000 -0.01487100
v 0.00985900 -0.00432100 -0.01487100
v 0.00628300 -0.00894700 -0.01487100
v 0.00628300 -0.00894700 -0.01487100
v 0.00299700 -0.01314200 -0.01487100
v 0.01021500 -0.01347200 -0.01487100
v 0.00614900 -0.02293500 -0.01487100
v 0.00293800 -0.02541000 -0.01487100
v 0.00914500 -0.02562400 -0.01487100
v 0.00914500 -0.02562400 -0.01487100
v 0.00633700 -0.01700600 -0.01487100
v 0.00298200 -0.02005800 -0.01487100
v 0.01006400 -0.02063900 -0.01487100
v -0.02120900 -0.03817000 -0.00044500
v -0.02049500 0.01053700 0.01648400
v -0.00432000 0.00854400 0.02048200
v -0.02760400 -0.02085700 0.00477600
v -0.01279400 0.00914300 0.01916800
v -0.02587500 -0.03044200 0.00157500
v -0.02373400 0.01134100 0.01390000
v -0.01439200 -0.01868900 0.01147600
v -0.00438000 0.03496900 0.01147200
v -0.02509200 0.00071600 0.01263100
v -0.02210400 -0.02874500 0.00424500
v -0.01421000 -0.04348900 -0.00144800
v -0.02158600 0.00007500 0.01533800
v -0.01207600 0.03272500 0.01179000
v -0.02345300 -0.01994700 0.00788200
v -0.01878900 -0.03621900 0.00172300
v -0.00466100 0.03826400 0.00734800
v -0.01337800 -0.00084000 0.01825200
v -0.00312200 -0.02973900 0.00922900
v -0.01128700 0.02646000 0.01594000
v -0.00417400 0.01805900 0.01958200
v -0.01208500 0.01860800 0.01827800
v -0.02292700 -0.01029200 0.01197500
v -0.00403000 0.02684800 0.01679600
v -0.01405500 -0.01027100 0.01542000
v -0.01305100 -0.03409900 0.00393200
v 0.00164900 -0.02743500 0.01061400
v -0.01891600 0.02942000 0.01012100
v -0.02220500 0.02125100 0.01247400
v -0.01299700 0.03514700 0.00828900
v -0.01405200 -0.02665900 0.00740200
v -0.00025400 -0.00294600 0.01904000
v -0.00051900 -0.00477700 0.01855500
v -0.00224000 0.00028400 0.02021100
v -0.00354600 -0.03457200 0.00638700
v -0.01922000 0.02031800 0.01529300
v -0.00673900 -0.04073600 0.00288600
v -0.00476700 -0.00309100 0.01944900
v -0.00324800 -0.03918900 0.00370800
v -0.02685800 -0.01017200 0.00894400
v -0.00511700 -0.01833400 0.01411200
v -0.00689800 -0.03461400 0.00605500
v -0.00053100 -0.01788900 0.01411800
v -0.00053100 -0.01066800 0.01670800
v -0.00666800 -0.02841000 0.00944000
v -0.00504100 -0.01056800 0.01733500
v -0.00359000 -0.04422200 0.00132300
v -0.00170500 -0.04134200 0.00272100
v -0.00541200 -0.04602300 -0.00169400
v -0.00052900 -0.04419300 0.00047600
v -0.00338000 -0.02484300 0.01196000
v -0.00053100 -0.02400100 0.01190500
v -0.01683100 0.02806600 0.01310900
v -0.01340800 -0.04062200 0.00102900
v 0.02120900 -0.03817000 -0.00044500
v 0.02049500 0.01053700 0.01648400
v 0.00432000 0.00854400 0.02048200
v 0.02760400 -0.02085700 0.00477600
v 0.01279400 0.00914300 0.01916800
v 0.02587500 -0.03044200 0.00157500
v 0.02373400 0.01134100 0.01390000
v 0.01439200 -0.01868900 0.01147600
v 0.00438000 0.03496900 0.01147200
v 0.02509200 0.00071600 0.01263100
v 0.02210400 -0.02874500 0.00424500
v 0.01421000 -0.04348900 -0.00144800
v 0.02158600 0.00007500 0.01533800
v 0.01207600 0.03272500 0.01179000
v 0.02345300 -0.01994700 0.00788200
v 0.01878900 -0.03621900 0.00172300
v 0.00466100 0.03826400 0.00734800
v 0.01337800 -0.00084000 0.01825200
v 0.00312200 -0.02973900 0.00922900
v 0.01128700 0.02646000 0.01594000
v 0.00417400 0.01805900 0.01958200
v 0.01208500 0.01860800 0.01827800
v 0.02292700 -0.01029200 0.01197500
v 0.00403000 0.02684800 0.01679600
v 0.01405500 -0.01027100 0.01542000
v 0.01305100 -0.03409900 0.00393200
v 0.01891600 0.02942000 0.01012100
v 0.02220500 0.02125100 0.01247400
v 0.01299700 0.03514700 0.00828900
v 0.01405200 -0.02665900 0.00740200
v 0.00025400 -0.00294600 0.01904000
v 0.00051900 -0.00477700 0.01855500
v 0.00224000 0.00028400 0.02021100
v 0.00354600 -0.03457200 0.00638700
v 0.01922000 0.02031800 0.01529300
v 0.00673900 -0.04073600 0.00288600
v 0.00476700 -0.00309100 0.01944900
v 0.00324800 -0.03918900 0.00370800
v 0.02685800 -0.01017200 0.00894400
v 0.00511700 -0.01833400 0.01411200
v 0.00689800 -0.03461400 0.00605500
v 0.00053100 -0.01788900 0.01411800
v 0.00053100 -0.01066800 0.01670800
v 0.00666800 -0.02841000 0.00944000
v 0.00504100 -0.01056800 0.01733500
v 0.00359000 -0.04422200 0.00132300
v 0.00170500 -0.04134200 0.00272100
v 0.00541200 -0.04602300 -0.00169400
v 0.00052900 -0.04419300 0.00047600
v 0.00338000 -0.02484300 0.01196000
v 0.00053100 -0.02400100 0.01190500
v 0.01683100 0.02806600 0.01310900
v 0.01340800 -0.04062200 0.00102900
v -0.00164900 -0.02743500 0.01061400
v -0.02602400 0.02292200 -0.00319300
v -0.03074700 -0.02121300 -0.00228800
v -0.00454000 -0.04153400 -0.01408500
v -0.02691200 0.01245300 -0.00154100
v -0.02663000 -0.03028300 -0.00809300
v -0.02175200 0.00048400 -0.01487100
v -0.02294700 -0.03896100 -0.00596900
v -0.01955300 0.02849600 -0.01384400
v -0.02514300 0.01205400 -0.00935200
v -0.02473800 -0.02953900 -0.01156200
v -0.02030300 -0.03650600 -0.01181800
v -0.02166700 0.01085100 -0.01487100
v -0.02830500 -0.03094600 -0.00462900
v -0.02438800 -0.01031600 -0.01408500
v -0.02358400 0.00071500 -0.01408500
v -0.02862200 0.01281800 0.00618100
v -0.02904600 0.00138300 0.00516100
v -0.02260900 0.02108800 -0.01401900
v -0.01358800 0.03363900 -0.01356900
v -0.03027600 -0.01011700 0.00126600
v -0.01591700 0.03776100 -0.00647100
v -0.00524000 -0.04743900 -0.00683200
v -0.01222300 0.03111800 -0.01487000
v -0.01481400 0.03591800 -0.01030800
v -0.02119900 0.03007800 -0.01027700
v -0.01359100 -0.04135900 -0.01194400
v -0.02722300 0.00116200 -0.00215900
v -0.02303800 -0.02883800 -0.01408500
v -0.02833300 -0.01019000 -0.00452000
v -0.00607800 0.04308400 -0.00392600
v -0.00503400 -0.04581100 -0.00941400
v -0.01508000 -0.04465500 -0.00661200
v -0.01741200 -0.03340400 -0.01487100
v -0.00577100 0.04150100 -0.00692400
v -0.02290200 -0.01973200 -0.01487100
v -0.02884300 -0.02095200 -0.00668000
v -0.02065800 0.01972100 -0.01487100
v -0.02116600 -0.02759600 -0.01487100
v -0.02760800 0.02366100 0.00337300
v -0.01898400 -0.03518200 -0.01408500
v -0.02432500 0.02208000 -0.00982900
v -0.02488900 -0.02041600 -0.01408500
v -0.01280300 -0.03941100 -0.01408500
v -0.02348700 0.01157200 -0.01407700
v -0.01681900 0.03918900 -0.00278800
v -0.02404700 0.03257800 -0.00027100
v -0.02534300 0.00094600 -0.00957000
v -0.00479100 -0.04384000 -0.01200200
v -0.02675600 -0.02067500 -0.01108900
v -0.01768000 0.02651100 -0.01487000
v -0.02171200 -0.03783300 -0.00887400
v -0.02628600 -0.01026000 -0.01036300
v -0.01175800 -0.03724600 -0.01487100
v -0.02271600 0.03143800 -0.00523700
v -0.02243000 -0.01013100 -0.01487100
v -0.00417700 -0.03921400 -0.01487100
v -0.00442300 0.03347600 -0.01487100
v -0.01439100 -0.04316000 -0.00925500
v -0.00492400 0.03642100 -0.01335600
v -0.00537400 0.03936700 -0.01016100
v -0.01770400 -0.00958200 -0.01487100
v -0.00978000 0.02684300 -0.01487000
v -0.00951300 -0.03295000 -0.01487100
v -0.01384700 0.02334100 -0.01487000
v -0.01809000 -0.01849300 -0.01487100
v -0.01705400 0.01012800 -0.01487100
v -0.01716300 0.00047600 -0.01487100
v -0.00343000 -0.03465100 -0.01487100
v -0.01380300 -0.02990300 -0.01487100
v -0.00357900 0.02878900 -0.01487100
v -0.01671900 -0.02524900 -0.01487100
v -0.01614500 0.01789400 -0.01487100
v -0.00300000 0.02209300 -0.01487100
v -0.00858400 0.02161000 -0.01487100
v -0.00300100 0.01618700 -0.01487100
v -0.00937500 0.01654100 -0.01487100
v -0.00300800 0.00952500 -0.01487100
v -0.00976000 0.00969300 -0.01487100
v -0.00299800 0.00058500 -0.01487100
v -0.00979900 0.00058000 -0.01487100
v -0.00299600 -0.00889900 -0.01487100
v -0.01004000 -0.00907300 -0.01487100
v -0.00299300 -0.01686600 -0.01487100
v -0.01023800 -0.01735400 -0.01487100
v -0.00293200 -0.02822600 -0.01487100
v -0.00859000 -0.02782400 -0.01487100
v -0.00296300 -0.02279700 -0.01487100
v -0.00968500 -0.02332300 -0.01487100
v 0.02602400 0.02292200 -0.00319300
v 0.03074700 -0.02121300 -0.00228800
v 0.00454000 -0.04153400 -0.01408500
v 0.02691200 0.01245300 -0.00154100
v 0.02663000 -0.03028300 -0.00809300
v 0.02175200 0.00048400 -0.01487100
v 0.02294700 -0.03896100 -0.00596900
v 0.01955300 0.02849600 -0.01384400
v 0.02514300 0.01205400 -0.00935200
v 0.02473800 -0.02953900 -0.01156200
v 0.02030300 -0.03650600 -0.01181800
v 0.02166700 0.01085100 -0.01487100
v 0.02830500 -0.03094600 -0.00462900
v 0.02438800 -0.01031600 -0.01408500
v 0.02358400 0.00071500 -0.01408500
v 0.02862200 0.01281800 0.00618100
v 0.02904600 0.00138300 0.00516100
v 0.02260900 0.02108800 -0.01401900
v 0.01358800 0.03363900 -0.01356900
v 0.03027600 -0.01011700 0.00126600
v 0.01591700 0.03776100 -0.00647100
v 0.00524000 -0.04743900 -0.00683200
v 0.01222300 0.03111800 -0.01487000
v 0.01481400 0.03591800 -0.01030800
v 0.02119900 0.03007800 -0.01027700
v 0.01359100 -0.04135900 -0.01194400
v 0.02722300 0.00116200 -0.00215900
v 0.02303800 -0.02883800 -0.01408500
v 0.02833300 -0.01019000 -0.00452000
v 0.00607800 0.04308400 -0.00392600
v 0.00503400 -0.04581100 -0.00941400
v 0.01508000 -0.04465500 -0.00661200
v 0.01741200 -0.03340400 -0.01487100
v 0.00577100 0.04150100 -0.00692400
v 0.02290200 -0.01973200 -0.01487100
v 0.02884300 -0.02095200 -0.00668000
v 0.02065800 0.01972100 -0.01487100
v 0.02116600 -0.02759600 -0.01487100
v 0.02760800 0.02366100 0.00337300
v 0.01898400 -0.03518200 -0.01408500
v 0.02432500 0.02208000 -0.00982900
v 0.02488900 -0.02041600 -0.01408500
v 0.01280300 -0.03941100 -0.01408500
v 0.02348700 0.01157200 -0.01407700
v 0.01681900 0.03918900 -0.00278800
v 0.02404700 0.03257800 -0.00027100
v 0.02534300 0.00094600 -0.00957000
v 0.00479100 -0.04384000 -0.01200200
v 0.02675600 -0.02067500 -0.01108900
v 0.01768000 0.02651100 -0.01487000
v 0.02171200 -0.03783300 -0.00887400
v 0.02628600 -0.01026000 -0.01036300
v 0.01175800 -0.03724600 -0.01487100
v 0.02271600 0.03143800 -0.00523700
v 0.02243000 -0.01013100 -0.01487100
v 0.00417700 -0.03921400 -0.01487100
v 0.00442300 0.03347600 -0.01487100
v 0.01439100 -0.04316000 -0.00925500
v 0.00492400 0.03642100 -0.01335600
v 0.00537400 0.03936700 -0.01016100
v 0.01770400 -0.00958200 -0.01487100
v 0.00978000 0.02684300 -0.01487000
v 0.00951300 -0.03295000 -0.01487100
v 0.01384700 0.02334100 -0.01487000
v 0.01809000 -0.01849300 -0.01487100
v 0.01705400 0.01012800 -0.01487100
v 0.01716300 0.00047600 -0.01487100
v 0.00343000 -0.03465100 -0.01487100
v 0.01380300 -0.02990300 -0.01487100
v 0.00357900 0.02878900 -0.01487100
v 0.01671900 -0.02524900 -0.01487100
v 0.01614500 0.01789400 -0.01487100
v 0.00300000 0.02209300 -0.01487100
v 0.00858400 0.02161000 -0.01487100
v 0.00300100 0.01618700 -0.01487100
v 0.00937500 0.01654100 -0.01487100
v 0.00300800 0.00952500 -0.01487100
v 0.00976000 0.00969300 -0.01487100
v 0.00299800 0.00058500 -0.01487100
v 0.00979900 0.00058000 -0.01487100
v 0.00299600 -0.00889900 -0.01487100
v 0.01004000 -0.00907300 -0.01487100
v 0.00299300 -0.01686600 -0.01487100
v 0.01023800 -0.01735400 -0.01487100
v 0.00293200 -0.02822600 -0.01487100
v 0.00859000 -0.02782400 -0.01487100
v 0.00296300 -0.02279700 -0.01487100
v 0.00968500 -0.02332300 -0.01487100
vn -0.32780000 0.67130000 -0.66480000
vn -0.14820000 0.63250000 0.76030000
vn -0.96030000 -0.08820000 -0.26450000
vn -0.24590000 -0.37810000 0.89250000
vn -0.84200000 0.19570000 -0.50270000
vn -0.39130000 0.38810000 0.83440000
vn -0.64370000 0.47180000 -0.60250000
vn -0.29970000 0.55520000 0.77590000
vn -0.29150000 -0.41210000 0.86320000
vn -0.13350000 0.53600000 0.83360000
vn -0.13350000 0.53600000 0.83360000
vn -0.13350000 0.53600000 0.83360000
vn -0.13350000 0.53600000 0.83360000
vn -0.20140000 -0.37380000 0.90540000
vn -0.21540000 -0.41550000 0.88380000
vn -0.21540000 -0.41550000 0.88380000
vn -0.25840000 -0.43040000 0.86490000
vn -0.25840000 -0.43040000 0.86490000
vn -0.31700000 -0.37810000 0.86980000
vn -0.31700000 -0.37810000 0.86980000
vn -0.31700000 -0.37810000 0.86980000
vn -0.31700000 -0.37810000 0.86980000
vn -0.35020000 -0.24870000 0.90300000
vn -0.35020000 -0.24870000 0.90300000
vn -0.33410000 -0.06670000 0.94020000
vn -0.33410000 -0.06670000 0.94020000
vn -0.33410000 -0.06670000 0.94020000
vn -0.32560000 0.13300000 0.93610000
vn -0.32560000 0.13300000 0.93610000
vn -0.32560000 0.13300000 0.93610000
vn -0.32340000 0.32370000 0.88910000
vn -0.32340000 0.32370000 0.88910000
vn -0.32340000 0.32370000 0.88910000
vn -0.28340000 0.49920000 0.81880000
vn -0.13770000 0.29950000 0.94410000
vn -0.13770000 0.29950000 0.94410000
vn -0.15640000 -0.08220000 0.98430000
vn -0.15030000 0.09890000 0.98370000
vn -0.15030000 0.09890000 0.98370000
vn -0.19640000 -0.26010000 0.94540000
vn -0.19640000 -0.26010000 0.94540000
vn -0.19640000 -0.26010000 0.94540000
vn -0.21970000 -0.39270000 0.89300000
vn -0.21970000 -0.39270000 0.89300000
vn -0.27730000 -0.40400000 0.87170000
vn -0.33430000 -0.43580000 0.83570000
vn -0.33430000 -0.43580000 0.83570000
vn -0.33430000 -0.43580000 0.83570000
vn -0.38380000 -0.43520000 0.81440000
vn 0.89850000 -0.28540000 0.33350000
vn -0.21090000 -0.54430000 0.81190000
vn 0.76740000 0.38170000 0.51520000
vn -0.24750000 -0.82380000 -0.51000000
vn -0.32790000 0.67130000 -0.66480000
vn -0.58460000 -0.70820000 -0.39580000
vn -0.84420000 -0.42550000 -0.32580000
vn -0.96100000 -0.08680000 -0.26250000
vn -0.93840000 0.18360000 -0.29290000
vn -0.88520000 0.27430000 -0.37580000
vn -0.88520000 0.27430000 -0.37580000
vn -0.88480000 0.16470000 -0.43590000
vn -0.89030000 0.07340000 -0.44950000
vn -0.84160000 0.19700000 -0.50300000
vn -0.64330000 0.47220000 -0.60260000
vn 0.91200000 -0.16380000 0.37620000
vn 0.89960000 -0.27520000 0.33920000
vn 0.78960000 0.35290000 0.50200000
vn 0.82140000 -0.56890000 0.04050000
vn -0.13450000 -0.65780000 0.74100000
vn 0.32170000 0.72950000 0.60360000
vn 1.00000000 -0.00000000 -0.00000000
vn -0.07120000 -0.67390000 0.73540000
vn -0.09740000 -0.79960000 -0.59250000
vn 1.00000000 -0.00000000 -0.00000000
vn 1.00000000 -0.00000000 -0.00000000
vn 0.40930000 -0.87060000 -0.27280000
vn -0.11530000 -0.26640000 0.95690000
vn 1.00000000 -0.00270000 -0.00000000
vn 1.00000000 -0.00000000 -0.00000000
vn -0.19740000 -0.35460000 0.91390000
vn 1.00000000 -0.00000000 -0.00000000
vn -0.08770000 -0.80050000 -0.59280000
vn 0.98440000 -0.17590000 -0.00010000
vn 0.31730000 0.73090000 0.60430000
vn 1.00000000 -0.00000000 -0.00000000
vn -0.88630000 0.26700000 -0.37830000
vn -0.88630000 0.26700000 -0.37830000
vn -0.42290000 -0.22840000 0.87690000
vn -0.42090000 -0.05330000 0.90560000
vn -0.88490000 0.16380000 -0.43600000
vn -0.16400000 -0.35980000 0.91850000
vn -0.84380000 -0.42630000 -0.32610000
vn 0.91060000 -0.14690000 0.38630000
vn -0.32860000 -0.46140000 0.82410000
vn -0.89050000 0.07170000 -0.44920000
vn -0.40500000 0.18470000 0.89540000
vn -0.93840000 0.17510000 -0.29790000
vn -0.34930000 -0.33490000 0.87510000
vn -0.26210000 -0.81930000 -0.51000000
vn -0.17570000 -0.49520000 0.85080000
vn -0.59570000 -0.70000000 -0.39390000
vn -0.15040000 -0.35200000 0.92380000
vn 0.97490000 -0.22250000 -0.00010000
vn -0.08750000 -0.16080000 0.98310000
vn -0.14950000 -0.36220000 0.92000000
vn 1.00000000 -0.00000000 -0.00000000
vn 0.79820000 -0.60200000 0.02140000
vn -0.31900000 -0.32460000 0.89040000
vn 0.37780000 -0.88260000 -0.27970000
vn -0.18530000 -0.27780000 0.94260000
vn 1.00000000 -0.00000000 -0.00000000
vn 1.00000000 -0.00000000 -0.00000000
vn 1.00000000 -0.00180000 -0.00000000
vn 1.00000000 -0.00000000 -0.00000000
vn 0.32780000 0.67130000 -0.66480000
vn 0.14820000 0.63250000 0.76030000
vn 0.24590000 -0.37810000 0.89250000
vn 0.96030000 -0.08820000 -0.26450000
vn 0.84200000 0.19570000 -0.50270000
vn 0.39130000 0.38810000 0.83440000
vn 0.64370000 0.47180000 -0.60250000
vn 0.29970000 0.55520000 0.77590000
vn -0.00000000 0.54700000 0.83710000
vn -0.00000000 0.54700000 0.83710000
vn -0.00000000 0.54700000 0.83710000
vn -0.00000000 0.54700000 0.83710000
vn 0.29150000 -0.41210000 0.86320000
vn 0.13350000 0.53600000 0.83360000
vn 0.13350000 0.53600000 0.83360000
vn 0.13350000 0.53600000 0.83360000
vn 0.13350000 0.53600000 0.83360000
vn 0.20140000 -0.37380000 0.90540000
vn 0.21540000 -0.41550000 0.88380000
vn 0.21540000 -0.41550000 0.88380000
vn 0.25840000 -0.43040000 0.86490000
vn 0.25840000 -0.43040000 0.86490000
vn 0.25840000 -0.43040000 0.86490000
vn 0.31700000 -0.37810000 0.86980000
vn 0.31700000 -0.37810000 0.86980000
vn 0.31700000 -0.37810000 0.86980000
vn 0.35020000 -0.24870000 0.90300000
vn 0.35020000 -0.24870000 0.90300000
vn 0.33410000 -0.06670000 0.94020000
vn 0.33410000 -0.06670000 0.94020000
vn 0.32560000 0.13300000 0.93610000
vn 0.32560000 0.13300000 0.93610000
vn 0.32340000 0.32370000 0.88910000
vn 0.32340000 0.32370000 0.88910000
vn 0.32340000 0.32370000 0.88910000
vn 0.28340000 0.49920000 0.81880000
vn -0.00000000 -0.04460000 0.99900000
vn -0.00000000 -0.04460000 0.99900000
vn -0.00000000 -0.04460000 0.99900000
vn 0.13770000 0.29950000 0.94410000
vn 0.13770000 0.29950000 0.94410000
vn 0.15640000 -0.08220000 0.98430000
vn 0.15030000 0.09890000 0.98370000
vn 0.15030000 0.09890000 0.98370000
vn 0.19640000 -0.26010000 0.94540000
vn 0.19640000 -0.26010000 0.94540000
vn 0.19640000 -0.26010000 0.94540000
vn 0.21970000 -0.39270000 0.89300000
vn 0.21970000 -0.39270000 0.89300000
vn 0.27730000 -0.40400000 0.87170000
vn 0.33430000 -0.43580000 0.83570000
vn 0.33430000 -0.43580000 0.83570000
vn 0.33430000 -0.43580000 0.83570000
vn -0.00000000 0.30350000 0.95280000
vn -0.00000000 0.30350000 0.95280000
vn -0.00000000 0.30350000 0.95280000
vn -0.00000000 0.30350000 0.95280000
vn -0.00000000 0.09450000 0.99550000
vn -0.00000000 0.09450000 0.99550000
vn -0.00000000 0.09450000 0.99550000
vn 0.38380000 -0.43520000 0.81440000
vn -0.89850000 -0.28540000 0.33350000
vn 0.21090000 -0.54430000 0.81190000
vn -0.76740000 0.38170000 0.51520000
vn -0.00000000 0.73430000 -0.67880000
vn -0.00000000 0.73430000 -0.67880000
vn 0.24750000 -0.82380000 -0.51000000
vn 0.32790000 0.67130000 -0.66480000
vn 0.58460000 -0.70820000 -0.39580000
vn 0.84420000 -0.42550000 -0.32580000
vn 0.96100000 -0.08680000 -0.26250000
vn 0.93840000 0.18360000 -0.29290000
vn 0.88520000 0.27430000 -0.37580000
vn 0.88520000 0.27430000 -0.37580000
vn 0.88480000 0.16470000 -0.43590000
vn 0.89030000 0.07340000 -0.44950000
vn 0.84160000 0.19700000 -0.50300000
vn 0.64330000 0.47220000 -0.60260000
vn -0.91200000 -0.16380000 0.37620000
vn -0.89960000 -0.27520000 0.33920000
vn -0.78960000 0.35290000 0.50200000
vn -0.82140000 -0.56890000 0.04050000
vn -1.00000000 -0.00000000 -0.00000000
vn 0.13450000 -0.65780000 0.74100000
vn -0.32170000 0.72950000 0.60360000
vn -1.00000000 -0.00000000 -0.00000000
vn 0.07120000 -0.67390000 0.73540000
vn 0.09740000 -0.79960000 -0.59250000
vn -1.00000000 -0.00000000 -0.00000000
vn -0.40930000 -0.87060000 -0.27280000
vn -1.00000000 -0.00270000 -0.00000000
vn 0.11530000 -0.26640000 0.95690000
vn 0.19740000 -0.35460000 0.91390000
vn -1.00000000 -0.00000000 -0.00000000
vn -1.00000000 -0.00000000 -0.00000000
vn 0.08770000 -0.80050000 -0.59280000
vn -0.98440000 -0.17590000 -0.00010000
vn -0.00000000 -1.00000000 -0.00000000
vn -0.00000000 -1.00000000 -0.00000000
vn -1.00000000 -0.00000000 -0.00000000
vn -0.31730000 0.73090000 0.60430000
vn -0.00000000 0.64730000 0.76220000
vn -0.00000000 0.73430000 -0.67880000
vn -0.00000000 0.73430000 -0.67880000
vn 0.88630000 0.26700000 -0.37830000
vn 0.42290000 -0.22840000 0.87690000
vn 0.88630000 0.26700000 -0.37830000
vn 0.88490000 0.16380000 -0.43600000
vn 0.42090000 -0.05330000 0.90560000
vn 0.16400000 -0.35980000 0.91850000
vn 0.84380000 -0.42630000 -0.32610000
vn -0.91060000 -0.14690000 0.38630000
vn 0.32860000 -0.46140000 0.82410000
vn 0.40500000 0.18470000 0.89540000
vn 0.89050000 0.07170000 -0.44920000
vn 0.34930000 -0.33490000 0.87510000
vn 0.93840000 0.17510000 -0.29790000
vn 0.17570000 -0.49520000 0.85080000
vn 0.26210000 -0.81930000 -0.51000000
vn 0.15040000 -0.35200000 0.92380000
vn 0.59570000 -0.70000000 -0.39390000
vn -0.97490000 -0.22250000 -0.00010000
vn 0.08750000 -0.16080000 0.98310000
vn -1.00000000 -0.00000000 -0.00000000
vn 0.14950000 -0.36220000 0.92000000
vn 0.31900000 -0.32460000 0.89040000
vn -0.79820000 -0.60200000 0.02140000
vn -1.00000000 -0.00000000 -0.00000000
vn -0.37780000 -0.88260000 -0.27970000
vn 0.18530000 -0.27780000 0.94260000
vn -0.00000000 -1.00000000 -0.00000000
vn -0.00000000 -1.00000000 -0.00000000
vn -0.00000000 -0.11910000 0.99290000
vn -1.00000000 -0.00000000 -0.00000000
vn -1.00000000 -0.00180000 -0.00000000
vn -1.00000000 -0.00000000 -0.00000000
vn -0.90610000 -0.11160000 -0.40810000
vn -0.97480000 0.02670000 -0.22130000
vn -0.71780000 0.60840000 -0.33840000
vn -0.13750000 -0.55030000 -0.82360000
vn -0.00000000 -0.00000000 -1.00000000
vn -0.24810000 -0.83270000 -0.49500000
vn -0.18630000 0.64320000 -0.74270000
vn -0.00000000 -0.00000000 -1.00000000
vn -0.36350000 0.84160000 -0.39940000
vn -0.00000000 -0.00000000 -1.00000000
vn -0.36350000 -0.53530000 -0.76240000
vn -0.54430000 -0.68560000 -0.48340000
vn -0.59180000 -0.38230000 -0.70960000
vn -0.00000000 -0.00000000 -1.00000000
vn -0.77960000 -0.43160000 -0.45390000
vn -0.69790000 -0.15330000 -0.69960000
vn -0.00000000 -0.00000000 -1.00000000
vn -0.00000000 -0.00000000 -1.00000000
vn -0.69370000 0.03720000 -0.71930000
vn -0.92660000 0.16440000 -0.33840000
vn -0.00000000 -0.00000000 -1.00000000
vn -0.68120000 0.04890000 -0.73040000
vn -0.94260000 0.19810000 -0.26890000
vn -0.71390000 0.00490000 -0.70030000
vn -0.00000000 -0.00000000 -1.00000000
vn -0.97300000 0.05750000 -0.22340000
vn -0.00000000 -0.00000000 -1.00000000
vn -0.69940000 0.06610000 -0.71170000
vn -0.60550000 0.25660000 -0.75330000
vn -0.00000000 -0.00000000 -1.00000000
vn -0.93480000 0.23870000 -0.26300000
vn -0.00000000 -0.00000000 -1.00000000
vn -0.42420000 0.51860000 -0.74240000
vn -0.19220000 0.64130000 -0.74280000
vn -0.27250000 0.78300000 -0.55920000
vn -0.37180000 -0.52870000 -0.76300000
vn -0.47570000 -0.64630000 -0.59660000
vn -0.14820000 -0.54700000 -0.82390000
vn -0.21430000 -0.74590000 -0.63060000
vn -0.59410000 -0.37890000 -0.70960000
vn -0.71060000 -0.44090000 -0.54830000
vn -0.69690000 -0.15840000 -0.69950000
vn -0.85330000 -0.18090000 -0.48900000
vn -0.69440000 0.02890000 -0.71900000
vn -0.92050000 0.05350000 -0.38710000
vn -0.68110000 0.05070000 -0.73050000
vn -0.95310000 0.08680000 -0.28980000
vn -0.97290000 0.01770000 -0.23040000
vn -0.71470000 0.00850000 -0.69940000
vn -0.71470000 0.00850000 -0.69940000
vn -0.96730000 0.07400000 -0.24260000
vn -0.96730000 0.07400000 -0.24260000
vn -0.69520000 0.07390000 -0.71500000
vn -0.88240000 0.33980000 -0.32550000
vn -0.59170000 0.28130000 -0.75550000
vn -0.41100000 0.52990000 -0.74180000
vn -0.41100000 0.52990000 -0.74180000
vn -0.59430000 0.66190000 -0.45680000
vn -0.00000000 -0.00000000 -1.00000000
vn -0.00000000 -0.00000000 -1.00000000
vn -0.00000000 -0.00000000 -1.00000000
vn -0.00000000 -0.00000000 -1.00000000
vn -0.00000000 -0.00000000 -1.00000000
vn -0.00000000 -0.00000000 -1.00000000
vn -0.00000000 -0.00000000 -1.00000000
vn -0.00000000 -0.00000000 -1.00000000
vn -0.00000000 -0.00000000 -1.00000000
vn -0.00000000 -0.00000000 -1.00000000
vn -0.00000000 -0.00000000 -1.00000000
vn -0.00000000 -0.00000000 -1.00000000
vn -0.00000000 -0.00000000 -1.00000000
vn -0.00000000 -0.00000000 -1.00000000
vn -0.00000000 -0.00000000 -1.00000000
vn -0.00000000 -0.00000000 -1.00000000
vn -0.00000000 -0.00000000 -1.00000000
vn -0.00000000 -0.00000000 -1.00000000
vn -0.00000000 -0.00000000 -1.00000000
vn -0.00000000 -0.00000000 -1.00000000
vn -0.00000000 -0.00000000 -1.00000000
vn -0.00000000 -0.00000000 -1.00000000
vn -0.00000000 -0.00000000 -1.00000000
vn -0.30340000 0.79430000 -0.52640000
vn -0.96980000 0.05660000 -0.23740000
vn -0.96980000 0.05660000 -0.23740000
vn -0.73090000 -0.43430000 -0.52640000
vn -0.49710000 -0.65340000 -0.57090000
vn -0.49710000 -0.65340000 -0.57090000
vn -0.89960000 0.30640000 -0.31110000
vn -0.89960000 0.30640000 -0.31110000
vn -0.86870000 -0.15530000 -0.47040000
vn -0.86870000 -0.15530000 -0.47040000
vn -0.92190000 0.09300000 -0.37600000
vn -0.92190000 0.09300000 -0.37600000
vn -0.92190000 0.09300000 -0.37600000
vn -0.94990000 0.12670000 -0.28560000
vn -0.94990000 0.12670000 -0.28560000
vn -0.94990000 0.12670000 -0.28560000
vn -0.22560000 -0.76690000 -0.60090000
vn -0.97300000 0.03110000 -0.22890000
vn -0.97300000 0.03110000 -0.22890000
vn -0.97300000 0.03110000 -0.22890000
vn -0.63700000 0.63900000 -0.43120000
vn -0.52700000 -0.67650000 -0.51450000
vn -0.52700000 -0.67650000 -0.51450000
vn -0.52700000 -0.67650000 -0.51450000
vn -0.91970000 0.27380000 -0.28150000
vn -0.76040000 -0.43770000 -0.47980000
vn -0.76040000 -0.43770000 -0.47980000
vn -0.76040000 -0.43770000 -0.47980000
vn -0.89200000 -0.13540000 -0.43120000
vn -0.89200000 -0.13540000 -0.43120000
vn -0.89200000 -0.13540000 -0.43120000
vn -0.24120000 -0.81090000 -0.53320000
vn -0.24120000 -0.81090000 -0.53320000
vn -0.24120000 -0.81090000 -0.53320000
vn -0.68320000 0.62770000 -0.37300000
vn -0.68320000 0.62770000 -0.37300000
vn -0.68320000 0.62770000 -0.37300000
vn -0.92590000 0.13270000 -0.35360000
vn -0.92590000 0.13270000 -0.35360000
vn -0.92590000 0.13270000 -0.35360000
vn -0.94510000 0.17290000 -0.27710000
vn -0.94510000 0.17290000 -0.27710000
vn -0.94510000 0.17290000 -0.27710000
vn -0.94510000 0.17290000 -0.27710000
vn -0.33930000 0.82750000 -0.44730000
vn -0.33930000 0.82750000 -0.44730000
vn -0.33930000 0.82750000 -0.44730000
vn -0.97300000 0.04850000 -0.22560000
vn -0.97300000 0.03930000 -0.22720000
vn -0.97300000 0.03930000 -0.22720000
vn -0.97300000 0.03930000 -0.22720000
vn -0.97300000 0.03930000 -0.22720000
vn -0.00000000 -0.00000000 -1.00000000
vn -0.00000000 -0.00000000 -1.00000000
vn -0.00000000 -0.00000000 -1.00000000
vn -0.00000000 -0.00000000 -1.00000000
vn -0.00000000 -0.00000000 -1.00000000
vn -0.00000000 -0.00000000 -1.00000000
vn -0.00000000 -0.00000000 -1.00000000
vn -0.00000000 -0.00000000 -1.00000000
vn -0.00000000 -0.00000000 -1.00000000
vn -0.00000000 -0.00000000 -1.00000000
vn -0.00000000 -0.00000000 -1.00000000
vn -0.00000000 -0.00000000 -1.00000000
vn -0.00000000 -0.00000000 -1.00000000
vn -0.00000000 -0.00000000 -1.00000000
vn -0.00000000 -0.00000000 -1.00000000
vn -0.00000000 -0.00000000 -1.00000000
vn -0.00000000 -0.00000000 -1.00000000
vn -0.00000000 -0.00000000 -1.00000000
vn -0.00000000 -0.00000000 -1.00000000
vn -0.00000000 -0.00000000 -1.00000000
vn -0.00000000 -0.00000000 -1.00000000
vn -0.00000000 -0.00000000 -1.00000000
vn -0.00000000 -0.00000000 -1.00000000
vn -0.00000000 -0.00000000 -1.00000000
vn -0.00000000 -0.00000000 -1.00000000
vn -0.00000000 -0.00000000 -1.00000000
vn -0.00000000 -0.00000000 -1.00000000
vn -0.00000000 -0.00000000 -1.00000000
vn -0.00000000 -0.00000000 -1.00000000
vn -0.00000000 -0.00000000 -1.00000000
vn -0.00000000 -0.00000000 -1.00000000
vn -0.00000000 -0.00000000 -1.00000000
vn -0.00000000 -0.00000000 -1.00000000
vn -0.00000000 -0.86990000 -0.49330000
vn -0.00000000 0.90480000 -0.42580000
vn 0.90610000 -0.11160000 -0.40810000
vn 0.97480000 0.02670000 -0.22130000
vn 0.71780000 0.60840000 -0.33840000
vn -0.00000000 -0.52950000 -0.84830000
vn -0.00000000 -0.00000000 -1.00000000
vn -0.00000000 0.64860000 -0.76110000
vn -0.00000000 -0.00000000 -1.00000000
vn 0.13750000 -0.55030000 -0.82360000
vn -0.00000000 -0.00000000 -1.00000000
vn 0.24810000 -0.83270000 -0.49500000
vn -0.00000000 -0.00000000 -1.00000000
vn 0.18630000 0.64320000 -0.74270000
vn 0.36350000 0.84160000 -0.39940000
vn 0.36350000 -0.53530000 -0.76240000
vn -0.00000000 -0.00000000 -1.00000000
vn 0.54430000 -0.68560000 -0.48340000
vn -0.00000000 -0.00000000 -1.00000000
vn 0.59180000 -0.38230000 -0.70960000
vn 0.77960000 -0.43160000 -0.45390000
vn 0.69790000 -0.15330000 -0.69960000
vn -0.00000000 -0.00000000 -1.00000000
vn -0.00000000 -0.00000000 -1.00000000
vn 0.69370000 0.03720000 -0.71930000
vn 0.92660000 0.16440000 -0.33840000
vn 0.68120000 0.04890000 -0.73040000
vn -0.00000000 -0.00000000 -1.00000000
vn 0.94260000 0.19810000 -0.26890000
vn -0.00000000 -0.00000000 -1.00000000
vn 0.71390000 0.00490000 -0.70030000
vn 0.97300000 0.05750000 -0.22340000
vn -0.00000000 -0.00000000 -1.00000000
vn 0.69940000 0.06610000 -0.71170000
vn 0.60550000 0.25660000 -0.75330000
vn -0.00000000 -0.00000000 -1.00000000
vn 0.93480000 0.23870000 -0.26300000
vn 0.42420000 0.51860000 -0.74240000
vn -0.00000000 -0.00000000 -1.00000000
vn -0.00000000 -0.76770000 -0.64080000
vn -0.00000000 -0.52940000 -0.84840000
vn -0.00000000 0.64840000 -0.76130000
vn -0.00000000 0.80480000 -0.59360000
vn -0.00000000 0.80480000 -0.59360000
vn 0.27250000 0.78300000 -0.55920000
vn 0.19220000 0.64130000 -0.74280000
vn 0.37180000 -0.52870000 -0.76300000
vn 0.47570000 -0.64630000 -0.59660000
vn 0.14820000 -0.54700000 -0.82390000
vn 0.21430000 -0.74590000 -0.63060000
vn 0.59410000 -0.37890000 -0.70960000
vn 0.71060000 -0.44090000 -0.54830000
vn 0.69690000 -0.15840000 -0.69950000
vn 0.85330000 -0.18090000 -0.48900000
vn 0.69440000 0.02890000 -0.71900000
vn 0.92050000 0.05350000 -0.38710000
vn 0.95310000 0.08680000 -0.28980000
vn 0.68110000 0.05070000 -0.73050000
vn 0.97290000 0.01770000 -0.23040000
vn 0.97290000 0.01770000 -0.23040000
vn 0.71470000 0.00850000 -0.69940000
vn 0.96730000 0.07400000 -0.24260000
vn 0.69520000 0.07390000 -0.71500000
vn 0.88240000 0.33980000 -0.32550000
vn 0.59170000 0.28130000 -0.75550000
vn 0.41100000 0.52990000 -0.74180000
vn 0.59430000 0.66190000 -0.45680000
vn -0.00000000 -0.00000000 -1.00000000
vn -0.00000000 -0.00000000 -1.00000000
vn -0.00000000 -0.00000000 -1.00000000
vn -0.00000000 -0.00000000 -1.00000000
vn -0.00000000 -0.00000000 -1.00000000
vn -0.00000000 -0.00000000 -1.00000000
vn -0.00000000 -0.00000000 -1.00000000
vn -0.00000000 -0.00000000 -1.00000000
vn -0.00000000 -0.00000000 -1.00000000
vn -0.00000000 -0.00000000 -1.00000000
vn -0.00000000 -0.00000000 -1.00000000
vn -0.00000000 -0.00000000 -1.00000000
vn -0.00000000 -0.00000000 -1.00000000
vn -0.00000000 -0.00000000 -1.00000000
vn -0.00000000 -0.00000000 -1.00000000
vn -0.00000000 -0.00000000 -1.00000000
vn -0.00000000 -0.00000000 -1.00000000
vn -0.00000000 -0.00000000 -1.00000000
vn -0.00000000 -0.00000000 -1.00000000
vn -0.00000000 -0.00000000 -1.00000000
vn -0.00000000 -0.00000000 -1.00000000
vn -0.00000000 -0.00000000 -1.00000000
vn -0.00000000 -0.00000000 -1.00000000
vn -0.00000000 -0.00000000 -1.00000000
vn -0.00000000 -0.00000000 -1.00000000
vn -0.00000000 -0.00000000 -1.00000000
vn 0.30340000 0.79430000 -0.52640000
vn 0.96980000 0.05660000 -0.23740000
vn 0.96980000 0.05660000 -0.23740000
vn 0.96980000 0.05660000 -0.23740000
vn 0.73090000 -0.43430000 -0.52640000
vn 0.49710000 -0.65340000 -0.57090000
vn 0.49710000 -0.65340000 -0.57090000
vn 0.49710000 -0.65340000 -0.57090000
vn 0.89960000 0.30640000 -0.31110000
vn 0.89960000 0.30640000 -0.31110000
vn 0.86870000 -0.15530000 -0.47040000
vn 0.92190000 0.09300000 -0.37600000
vn 0.92190000 0.09300000 -0.37600000
vn 0.92190000 0.09300000 -0.37600000
vn 0.94990000 0.12670000 -0.28560000
vn 0.94990000 0.12670000 -0.28560000
vn 0.94990000 0.12670000 -0.28560000
vn -0.00000000 -0.79310000 -0.60900000
vn -0.00000000 -0.79310000 -0.60900000
vn 0.22560000 -0.76690000 -0.60090000
vn 0.22560000 -0.76690000 -0.60090000
vn 0.22560000 -0.76690000 -0.60090000
vn 0.97300000 0.03110000 -0.22890000
vn 0.97300000 0.03110000 -0.22890000
vn 0.97300000 0.03110000 -0.22890000
vn 0.63700000 0.63900000 -0.43120000
vn -0.00000000 0.82910000 -0.55920000
vn -0.00000000 0.82910000 -0.55920000
vn 0.52700000 -0.67650000 -0.51450000
vn 0.52700000 -0.67650000 -0.51450000
vn 0.91970000 0.27380000 -0.28150000
vn 0.91970000 0.27380000 -0.28150000
vn 0.76040000 -0.43770000 -0.47980000
vn 0.76040000 -0.43770000 -0.47980000
vn 0.76040000 -0.43770000 -0.47980000
vn 0.89200000 -0.13540000 -0.43120000
vn 0.89200000 -0.13540000 -0.43120000
vn 0.24120000 -0.81090000 -0.53320000
vn 0.24120000 -0.81090000 -0.53320000
vn 0.68320000 0.62770000 -0.37300000
vn 0.68320000 0.62770000 -0.37300000
vn 0.92590000 0.13270000 -0.35360000
vn 0.94510000 0.17290000 -0.27710000
vn 0.94510000 0.17290000 -0.27710000
vn -0.00000000 -0.84460000 -0.53540000
vn -0.00000000 -0.84460000 -0.53540000
vn -0.00000000 -0.84460000 -0.53540000
vn 0.33930000 0.82750000 -0.44730000
vn 0.33930000 0.82750000 -0.44730000
vn 0.33930000 0.82750000 -0.44730000
vn 0.97300000 0.04850000 -0.22560000
vn 0.97300000 0.04850000 -0.22560000
vn 0.97300000 0.04850000 -0.22560000
vn 0.97300000 0.03930000 -0.22720000
vn 0.97300000 0.03930000 -0.22720000
vn 0.97300000 0.03930000 -0.22720000
vn 0.97300000 0.03930000 -0.22720000
vn -0.00000000 0.87940000 -0.47610000
vn -0.00000000 0.87940000 -0.47610000
vn -0.00000000 0.87940000 -0.47610000
vn -0.00000000 -0.00000000 -1.00000000
vn -0.00000000 -0.00000000 -1.00000000
vn -0.00000000 -0.00000000 -1.00000000
vn -0.00000000 -0.00000000 -1.00000000
vn -0.00000000 -0.00000000 -1.00000000
vn -0.00000000 -0.00000000 -1.00000000
vn -0.00000000 -0.00000000 -1.00000000
vn -0.00000000 -0.00000000 -1.00000000
vn -0.00000000 -0.00000000 -1.00000000
vn -0.00000000 -0.00000000 -1.00000000
vn -0.00000000 -0.00000000 -1.00000000
vn -0.00000000 -0.00000000 -1.00000000
vn -0.00000000 -0.00000000 -1.00000000
vn -0.00000000 -0.00000000 -1.00000000
vn -0.00000000 -0.00000000 -1.00000000
vn -0.00000000 -0.00000000 -1.00000000
vn -0.00000000 -0.00000000 -1.00000000
vn -0.00000000 -0.00000000 -1.00000000
vn -0.00000000 -0.00000000 -1.00000000
vn -0.00000000 -0.00000000 -1.00000000
vn -0.00000000 -0.00000000 -1.00000000
vn -0.00000000 -0.00000000 -1.00000000
vn -0.00000000 -0.00000000 -1.00000000
vn -0.00000000 -0.00000000 -1.00000000
vn -0.00000000 -0.00000000 -1.00000000
vn -0.00000000 -0.00000000 -1.00000000
vn -0.00000000 -0.00000000 -1.00000000
vn -0.00000000 -0.00000000 -1.00000000
vn -0.00000000 -0.00000000 -1.00000000
vn -0.00000000 -0.00000000 -1.00000000
vn -0.00000000 -0.00000000 -1.00000000
vn -0.00000000 -0.00000000 -1.00000000
vn -0.00000000 -0.00000000 -1.00000000
vn -0.00000000 -0.00000000 -1.00000000
vn -0.00000000 -0.00000000 -1.00000000
vn -0.00000000 -0.00000000 -1.00000000
vn -0.00000000 -0.00000000 -1.00000000
vn -0.00000000 -0.00000000 -1.00000000
vn -0.00000000 -0.00000000 -1.00000000
vn -0.00000000 -0.00000000 -1.00000000
vn -0.00000000 -0.00000000 -1.00000000
vn -0.00000000 -0.00000000 -1.00000000
vn -0.00000000 -0.00000000 -1.00000000
vn -0.00000000 -0.00000000 -1.00000000
vn -0.00000000 -0.00000000 -1.00000000
vn -0.00000000 -0.00000000 -1.00000000
vn -0.00000000 -0.00000000 -1.00000000
vn -0.00000000 -0.00000000 -1.00000000
vn -0.00000000 -0.00000000 -1.00000000
vn -0.00000000 -0.00000000 -1.00000000
vn -0.00000000 -0.00000000 -1.00000000
vn -0.00000000 -0.00000000 -1.00000000
vn -0.64350000 0.47200000 -0.60260000
vn 0.89910000 -0.28040000 0.33630000
vn 0.77830000 0.36790000 0.50890000
vn 0.77830000 0.36790000 0.50890000
vn -0.34560000 -0.16230000 0.92430000
vn -0.34560000 -0.16230000 0.92430000
vn -0.96060000 -0.08790000 -0.26350000
vn -0.23760000 0.11080000 0.96500000
vn -0.23760000 0.11080000 0.96500000
vn -0.20750000 -0.33660000 0.91850000
vn -0.23710000 -0.41820000 0.87690000
vn 0.89860000 -0.23620000 0.36980000
vn -0.72750000 -0.58120000 -0.36460000
vn -0.48790000 0.59160000 -0.64190000
vn -0.96100000 0.06490000 -0.26900000
vn -0.00000000 0.01870000 0.99980000
vn -0.24590000 -0.38930000 0.88770000
vn 0.31980000 0.73010000 0.60390000
vn 1.00000000 -0.00000000 -0.00000000
vn -0.30720000 0.41900000 0.85440000
vn 1.00000000 -0.00000000 -0.00000000
vn -0.09280000 -0.80010000 -0.59270000
vn -0.06280000 0.54450000 0.83640000
vn -0.06280000 0.54450000 0.83640000
vn -0.90820000 0.25700000 -0.33030000
vn 0.91450000 0.01110000 0.40450000
vn -0.32650000 0.03350000 0.94460000
vn -0.32650000 0.03350000 0.94460000
vn -0.27450000 -0.25730000 0.92650000
vn -0.27450000 -0.25730000 0.92650000
vn -0.00000000 0.18960000 0.98190000
vn -0.00000000 0.18960000 0.98190000
vn -0.27970000 -0.43430000 0.85620000
vn 0.90350000 -0.35170000 0.24490000
vn -0.23410000 -0.42900000 0.87250000
vn -0.23410000 -0.42900000 0.87250000
vn -0.16800000 0.71790000 -0.67560000
vn -0.92430000 -0.25590000 -0.28300000
vn 0.99970000 -0.02580000 -0.00010000
vn -0.20500000 -0.39380000 0.89600000
vn -0.20500000 -0.39380000 0.89600000
vn -0.21100000 0.51960000 0.82790000
vn -0.21100000 0.51960000 0.82790000
vn -0.12970000 0.41990000 0.89820000
vn -0.12970000 0.41990000 0.89820000
vn -0.14570000 0.19300000 0.97030000
vn -0.32290000 -0.42860000 0.84390000
vn -0.07180000 0.09500000 0.99290000
vn -0.07180000 0.09500000 0.99290000
vn -0.27560000 -0.43740000 0.85600000
vn -0.27560000 -0.43740000 0.85600000
vn -0.32470000 -0.42460000 0.84510000
vn -0.32470000 -0.42460000 0.84510000
vn -0.41740000 -0.79230000 -0.44500000
vn -0.87850000 0.23890000 -0.41380000
vn -0.89110000 0.09490000 -0.44370000
vn -0.87750000 0.10770000 -0.46740000
vn -0.76640000 0.32880000 -0.55180000
vn -0.32780000 0.67130000 -0.66480000
vn -0.32780000 0.67130000 -0.66480000
vn -0.84180000 0.19630000 -0.50280000
vn -0.22490000 0.60540000 0.76350000
vn -0.48840000 0.59120000 -0.64180000
vn -0.28720000 -0.41470000 0.86350000
vn -0.28720000 -0.41470000 0.86350000
vn -0.34030000 -0.32200000 0.88350000
vn -0.34030000 -0.32200000 0.88350000
vn -0.32700000 0.22900000 0.91690000
vn -0.32700000 0.22900000 0.91690000
vn -0.07670000 -0.05360000 0.99560000
vn -0.07670000 -0.05360000 0.99560000
vn -0.24600000 -0.07390000 0.96650000
vn -0.24600000 -0.07390000 0.96650000
vn -0.22910000 0.30290000 0.92510000
vn -0.22910000 0.30290000 0.92510000
vn -0.18280000 -0.17250000 0.96790000
vn -0.18280000 -0.17250000 0.96790000
vn -0.15490000 0.01080000 0.98790000
vn -0.27610000 -0.39400000 0.87670000
vn -0.00000000 0.42920000 0.90320000
vn 0.72280000 -0.69110000 -0.00010000
vn 0.65100000 -0.75910000 -0.00000000
vn -0.05580000 -0.13300000 0.98950000
vn -0.87890000 0.23600000 -0.41460000
vn -0.42930000 -0.15570000 0.88960000
vn -0.16730000 0.71800000 -0.67560000
vn -0.07380000 0.64430000 0.76120000
vn 0.97850000 -0.20640000 -0.00010000
vn 0.97850000 -0.20640000 -0.00010000
vn 0.89860000 -0.23210000 0.37240000
vn -0.36630000 -0.45170000 0.81350000
vn -0.59050000 -0.70390000 -0.39480000
vn -0.41050000 0.06710000 0.90940000
vn -0.89120000 0.09400000 -0.44370000
vn 0.90590000 0.04050000 0.42150000
vn -0.27600000 -0.48270000 0.83120000
vn -0.84400000 -0.42600000 -0.32600000
vn -0.84400000 -0.42600000 -0.32600000
vn -0.29700000 -0.36740000 0.88130000
vn -0.96000000 0.06020000 -0.27330000
vn 1.00000000 -0.00000000 -0.00000000
vn -0.12750000 -0.31990000 0.93880000
vn -0.73100000 -0.57730000 -0.36380000
vn -0.14610000 -0.34720000 0.92640000
vn 0.80870000 -0.58740000 0.02950000
vn -0.93840000 0.17940000 -0.29540000
vn -0.93840000 0.17940000 -0.29540000
vn -0.88570000 0.27060000 -0.37720000
vn -0.88570000 0.27060000 -0.37720000
vn 0.39250000 -0.87720000 -0.27660000
vn 1.00000000 -0.00000000 -0.00000000
vn -0.90940000 0.24670000 -0.33480000
vn -0.39460000 -0.28590000 0.87320000
vn -0.37630000 -0.39700000 0.83710000
vn 0.89630000 -0.37970000 0.22900000
vn -0.00000000 0.73430000 -0.67880000
vn -0.00000000 0.73430000 -0.67880000
vn -0.88490000 0.16420000 -0.43590000
vn -0.92390000 -0.25720000 -0.28340000
vn -0.19980000 -0.37280000 0.90610000
vn -0.25460000 -0.82150000 -0.51020000
vn -0.25460000 -0.82150000 -0.51020000
vn -0.89040000 0.07250000 -0.44940000
vn -0.10460000 -0.20730000 0.97270000
vn 0.99940000 -0.03500000 -0.00010000
vn 0.91130000 -0.15510000 0.38130000
vn 0.91130000 -0.15510000 0.38130000
vn -0.16420000 -0.39850000 0.90230000
vn -0.43370000 -0.78460000 -0.44310000
vn -0.87800000 0.10560000 -0.46690000
vn -0.40180000 0.29120000 0.86820000
vn -0.76670000 0.32830000 -0.55170000
vn -0.35900000 0.47910000 0.80100000
vn -0.17530000 -0.38090000 0.90790000
vn 1.00000000 -0.00000000 -0.00000000
vn -0.19000000 -0.54420000 0.81710000
vn -0.23390000 -0.42890000 0.87260000
vn -0.23390000 -0.42890000 0.87260000
vn -0.00000000 -1.00000000 -0.00000000
vn -0.00000000 -1.00000000 -0.00000000
vn -0.06310000 0.30190000 0.95120000
vn -0.06310000 0.30190000 0.95120000
vn 1.00000000 -0.00000000 -0.00000000
vn 1.00000000 -0.00000000 -0.00000000
vn 1.00000000 -0.00000000 -0.00000000
vn 1.00000000 -0.00000000 -0.00000000
vn 1.00000000 -0.00000000 -0.00000000
vn 1.00000000 -0.00230000 -0.00000000
vn 0.46410000 0.66240000 0.58800000
vn -0.15450000 -0.62350000 0.76640000
vn -0.30830000 -0.34680000 0.88580000
vn -0.30830000 -0.34680000 0.88580000
vn -0.31890000 -0.44370000 0.83750000
vn -0.37060000 -0.43450000 0.82090000
vn -0.37060000 -0.43450000 0.82090000
vn 1.00000000 -0.00000000 -0.00000000
vn 1.00000000 -0.00000000 -0.00000000
vn -0.09970000 -0.66700000 0.73830000
vn 0.49220000 0.64610000 0.58330000
vn -0.10050000 -0.63490000 0.76600000
vn -0.13830000 -0.81120000 -0.56810000
vn -0.12780000 -0.81330000 -0.56770000
vn 1.00000000 -0.00000000 -0.00000000
vn -0.16590000 -0.35620000 0.91960000
vn -0.39840000 -0.05800000 0.91540000
vn -0.39840000 -0.05800000 0.91540000
vn -0.17410000 -0.37910000 0.90880000
vn -0.38650000 0.16210000 0.90790000
vn -0.38650000 0.16210000 0.90790000
vn -0.40490000 -0.23340000 0.88410000
vn -0.40490000 -0.23340000 0.88410000
vn -0.34410000 -0.34780000 0.87210000
vn -0.34410000 -0.34780000 0.87210000
vn -0.00000000 0.62390000 0.78150000
vn -0.00000000 0.62390000 0.78150000
vn -0.30150000 0.53600000 0.78850000
vn -0.24980000 -0.39790000 0.88280000
vn -0.14660000 0.60990000 0.77880000
vn -0.14660000 0.60990000 0.77880000
vn -0.38010000 0.36130000 0.85140000
vn -0.38010000 0.36130000 0.85140000
vn 1.00000000 -0.00000000 -0.00000000
vn -0.19860000 -0.30400000 0.93170000
vn -0.16890000 -0.37540000 0.91130000
vn -0.10740000 -0.13500000 0.98500000
vn -0.10740000 -0.13500000 0.98500000
vn -0.00000000 -0.09660000 0.99530000
vn -0.22200000 -0.36210000 0.90530000
vn -0.22200000 -0.36210000 0.90530000
vn -0.13670000 -0.26270000 0.95510000
vn 0.53460000 -0.82100000 -0.20020000
vn -0.22900000 -0.27840000 0.93280000
vn 0.57050000 -0.79990000 -0.18610000
vn 0.64350000 0.47200000 -0.60260000
vn -0.89910000 -0.28040000 0.33630000
vn -0.89910000 -0.28040000 0.33630000
vn -0.77830000 0.36790000 0.50890000
vn -0.77830000 0.36790000 0.50890000
vn 0.34560000 -0.16230000 0.92430000
vn 0.96060000 -0.08790000 -0.26350000
vn 0.96060000 -0.08790000 -0.26350000
vn 0.23760000 0.11080000 0.96500000
vn 0.23760000 0.11080000 0.96500000
vn 0.20750000 -0.33660000 0.91850000
vn 0.20750000 -0.33660000 0.91850000
vn 0.23710000 -0.41820000 0.87690000
vn -0.89860000 -0.23620000 0.36980000
vn 0.72750000 -0.58120000 -0.36460000
vn 0.48790000 0.59160000 -0.64190000
vn 0.96100000 0.06490000 -0.26900000
vn 0.24590000 -0.38930000 0.88770000
vn -0.31980000 0.73010000 0.60390000
vn -1.00000000 -0.00000000 -0.00000000
vn 0.30720000 0.41900000 0.85440000
vn 0.09280000 -0.80010000 -0.59270000
vn -1.00000000 -0.00000000 -0.00000000
vn 0.06280000 0.54450000 0.83640000
vn 0.06280000 0.54450000 0.83640000
vn 0.90820000 0.25700000 -0.33030000
vn -0.91450000 0.01110000 0.40450000
vn 0.32650000 0.03350000 0.94460000
vn 0.32650000 0.03350000 0.94460000
vn 0.27450000 -0.25730000 0.92650000
vn 0.27450000 -0.25730000 0.92650000
vn 0.27970000 -0.43430000 0.85620000
vn 0.27970000 -0.43430000 0.85620000
vn -0.90350000 -0.35160000 0.24490000
vn 0.23410000 -0.42900000 0.87250000
vn 0.23410000 -0.42900000 0.87250000
vn 0.16800000 0.71790000 -0.67560000
vn 0.92430000 -0.25590000 -0.28300000
vn -0.99970000 -0.02580000 -0.00010000
vn 0.20500000 -0.39380000 0.89600000
vn 0.20500000 -0.39380000 0.89600000
vn 0.21100000 0.51960000 0.82790000
vn 0.12970000 0.41990000 0.89820000
vn 0.14570000 0.19300000 0.97030000
vn 0.32290000 -0.42860000 0.84390000
vn 0.32290000 -0.42860000 0.84390000
vn 0.07180000 0.09500000 0.99290000
vn 0.07180000 0.09500000 0.99290000
vn 0.27560000 -0.43740000 0.85600000
vn 0.27560000 -0.43740000 0.85600000
vn 0.32470000 -0.42460000 0.84510000
vn 0.32470000 -0.42460000 0.84510000
vn 0.41740000 -0.79230000 -0.44500000
vn 0.87850000 0.23890000 -0.41380000
vn 0.89110000 0.09490000 -0.44370000
vn 0.87750000 0.10770000 -0.46740000
vn 0.76640000 0.32880000 -0.55180000
vn 0.32780000 0.67130000 -0.66480000
vn 0.32780000 0.67130000 -0.66480000
vn 0.84180000 0.19630000 -0.50280000
vn 0.48840000 0.59120000 -0.64180000
vn 0.22490000 0.60540000 0.76350000
vn 0.28720000 -0.41470000 0.86350000
vn 0.28720000 -0.41470000 0.86350000
vn 0.34030000 -0.32200000 0.88350000
vn 0.32700000 0.22900000 0.91690000
vn 0.32700000 0.22900000 0.91690000
vn 0.07670000 -0.05360000 0.99560000
vn 0.07670000 -0.05360000 0.99560000
vn 0.24600000 -0.07390000 0.96650000
vn 0.24600000 -0.07390000 0.96650000
vn 0.22910000 0.30290000 0.92510000
vn 0.22910000 0.30290000 0.92510000
vn 0.18280000 -0.17250000 0.96790000
vn 0.18280000 -0.17250000 0.96790000
vn 0.15490000 0.01080000 0.98790000
vn 0.27610000 -0.39400000 0.87670000
vn 0.27610000 -0.39400000 0.87670000
vn -0.72280000 -0.69110000 -0.00010000
vn -0.65100000 -0.75910000 -0.00000000
vn 0.05580000 -0.13300000 0.98950000
vn 0.42930000 -0.15570000 0.88960000
vn 0.87890000 0.23600000 -0.41460000
vn 0.16730000 0.71800000 -0.67560000
vn 0.07380000 0.64430000 0.76120000
vn -0.97850000 -0.20640000 -0.00010000
vn -0.97850000 -0.20640000 -0.00010000
vn -0.89860000 -0.23210000 0.37240000
vn 0.36630000 -0.45170000 0.81350000
vn 0.59050000 -0.70390000 -0.39480000
vn 0.89120000 0.09400000 -0.44370000
vn 0.41050000 0.06710000 0.90940000
vn 0.27600000 -0.48270000 0.83120000
vn -0.90590000 0.04050000 0.42150000
vn 0.84400000 -0.42600000 -0.32600000
vn 0.84400000 -0.42600000 -0.32600000
vn 0.29700000 -0.36740000 0.88130000
vn 0.96000000 0.06020000 -0.27330000
vn 0.12750000 -0.31990000 0.93880000
vn -1.00000000 -0.00000000 -0.00000000
vn 0.73100000 -0.57730000 -0.36380000
vn 0.14610000 -0.34720000 0.92640000
vn -0.80870000 -0.58740000 0.02950000
vn -0.80870000 -0.58740000 0.02950000
vn 0.93840000 0.17940000 -0.29540000
vn 0.93840000 0.17940000 -0.29540000
vn 0.88570000 0.27060000 -0.37720000
vn 0.88570000 0.27060000 -0.37720000
vn -0.39250000 -0.87720000 -0.27660000
vn -1.00000000 -0.00000000 -0.00000000
vn 0.39460000 -0.28590000 0.87320000
vn 0.90940000 0.24670000 -0.33480000
vn -0.89630000 -0.37970000 0.22900000
vn 0.37630000 -0.39700000 0.83710000
vn 0.88490000 0.16420000 -0.43590000
vn 0.92390000 -0.25720000 -0.28340000
vn 0.19980000 -0.37280000 0.90610000
vn 0.25460000 -0.82150000 -0.51020000
vn 0.25460000 -0.82150000 -0.51020000
vn 0.89040000 0.07250000 -0.44940000
vn 0.10460000 -0.20730000 0.97270000
vn -0.99940000 -0.03500000 -0.00010000
vn -0.91130000 -0.15510000 0.38130000
vn -0.91130000 -0.15510000 0.38130000
vn 0.16420000 -0.39850000 0.90230000
vn 0.43370000 -0.78460000 -0.44310000
vn 0.87800000 0.10560000 -0.46690000
vn 0.40180000 0.29120000 0.86820000
vn 0.35900000 0.47910000 0.80100000
vn 0.76670000 0.32830000 -0.55170000
vn -1.00000000 -0.00000000 -0.00000000
vn 0.17530000 -0.38090000 0.90790000
vn 0.19000000 -0.54420000 0.81710000
vn 0.23390000 -0.42890000 0.87260000
vn 0.23390000 -0.42890000 0.87260000
vn 0.06310000 0.30190000 0.95120000
vn 0.06310000 0.30190000 0.95120000
vn -1.00000000 -0.00000000 -0.00000000
vn -1.00000000 -0.00000000 -0.00000000
vn -1.00000000 -0.00000000 -0.00000000
vn -1.00000000 -0.00000000 -0.00000000
vn -1.00000000 -0.00000000 -0.00000000
vn -1.00000000 -0.00230000 -0.00000000
vn -0.46410000 0.66240000 0.58800000
vn 0.15450000 -0.62350000 0.76640000
vn 0.30830000 -0.34680000 0.88580000
vn 0.30830000 -0.34680000 0.88580000
vn 0.31890000 -0.44370000 0.83750000
vn 0.37060000 -0.43450000 0.82090000
vn 0.37060000 -0.43450000 0.82090000
vn -1.00000000 -0.00000000 -0.00000000
vn -1.00000000 -0.00000000 -0.00000000
vn 0.09970000 -0.66700000 0.73830000
vn -0.49220000 0.64610000 0.58330000
vn 0.13830000 -0.81120000 -0.56810000
vn 0.10050000 -0.63490000 0.76600000
vn 0.12780000 -0.81330000 -0.56770000
vn -1.00000000 -0.00000000 -0.00000000
vn 0.16590000 -0.35620000 0.91960000
vn 0.39840000 -0.05800000 0.91540000
vn 0.17410000 -0.37910000 0.90880000
vn 0.38650000 0.16210000 0.90790000
vn 0.38650000 0.16210000 0.90790000
vn 0.40490000 -0.23340000 0.88410000
vn 0.40490000 -0.23340000 0.88410000
vn 0.34410000 -0.34780000 0.87210000
vn 0.34410000 -0.34780000 0.87210000
vn 0.30150000 0.53600000 0.78850000
vn 0.24980000 -0.39790000 0.88280000
vn 0.14660000 0.60990000 0.77880000
vn 0.14660000 0.60990000 0.77880000
vn 0.38010000 0.36130000 0.85140000
vn 0.38010000 0.36130000 0.85140000
vn 0.19860000 -0.30400000 0.93170000
vn -1.00000000 -0.00000000 -0.00000000
vn 0.16890000 -0.37540000 0.91130000
vn 0.10740000 -0.13500000 0.98500000
vn 0.10740000 -0.13500000 0.98500000
vn 0.22200000 -0.36210000 0.90530000
vn 0.22200000 -0.36210000 0.90530000
vn 0.13670000 -0.26270000 0.95510000
vn 0.22900000 -0.27840000 0.93280000
vn -0.53460000 -0.82100000 -0.20020000
vn -0.57050000 -0.79990000 -0.18610000
vn -0.00000000 -0.00000000 -1.00000000
vn -0.00000000 -0.00000000 -1.00000000
vn -0.00000000 -0.00000000 -1.00000000
vn -0.00000000 -0.00000000 -1.00000000
vn -0.00000000 -0.00000000 -1.00000000
vn -0.68070000 0.06450000 -0.72970000
vn -0.93660000 0.10210000 -0.33530000
vn -0.00000000 0.64850000 -0.76120000
vn -0.00000000 0.64850000 -0.76120000
vn -0.00000000 -0.00000000 -1.00000000
vn -0.00000000 -0.00000000 -1.00000000
vn -0.00000000 -0.00000000 -1.00000000
vn -0.69740000 0.06970000 -0.71320000
vn -0.13470000 0.79960000 -0.58520000
vn -0.09300000 0.64880000 -0.75520000
vn -0.94470000 0.17940000 -0.27460000
vn -0.65370000 0.16070000 -0.73950000
vn -0.71580000 0.02400000 -0.69790000
vn -0.97350000 0.02300000 -0.22760000
vn -0.00000000 -0.00000000 -1.00000000
vn -0.00000000 -0.00000000 -1.00000000
vn -0.00000000 -0.00000000 -1.00000000
vn -0.00000000 -0.00000000 -1.00000000
vn -0.00000000 -0.00000000 -1.00000000
vn -0.00000000 -0.00000000 -1.00000000
vn -0.00000000 -0.00000000 -1.00000000
vn -0.00000000 -0.00000000 -1.00000000
vn -0.00000000 -0.00000000 -1.00000000
vn -0.00000000 -0.00000000 -1.00000000
vn -0.08550000 0.65010000 -0.75500000
vn -0.70580000 -0.04200000 -0.70710000
vn -0.00000000 -0.00000000 -1.00000000
vn -0.59980000 0.26700000 -0.75430000
vn -0.48210000 -0.64770000 -0.59000000
vn -0.92070000 0.06690000 -0.38450000
vn -0.92070000 0.06690000 -0.38450000
vn -0.42540000 0.74420000 -0.51500000
vn -0.30080000 0.60660000 -0.73600000
vn -0.33860000 -0.71060000 -0.61670000
vn -0.24950000 -0.55120000 -0.79620000
vn -0.10340000 -0.76270000 -0.63840000
vn -0.06790000 -0.53510000 -0.84210000
vn -0.00000000 -0.00000000 -1.00000000
vn -0.66200000 0.14440000 -0.73550000
vn -0.00000000 -0.00000000 -1.00000000
vn -0.00000000 -0.00000000 -1.00000000
vn -0.00000000 -0.00000000 -1.00000000
vn -0.59320000 -0.38040000 -0.70960000
vn -0.69410000 0.03300000 -0.71910000
vn -0.71700000 -0.43750000 -0.54260000
vn -0.95210000 0.10040000 -0.28870000
vn -0.75950000 0.52020000 -0.39050000
vn -0.51020000 0.41430000 -0.75370000
vn -0.60670000 -0.55170000 -0.57230000
vn -0.49610000 -0.46780000 -0.73150000
vn -0.94210000 0.19340000 -0.27380000
vn -0.94210000 0.19340000 -0.27380000
vn -0.00000000 -0.00000000 -1.00000000
vn -0.00000000 -0.00000000 -1.00000000
vn -0.00000000 -0.00000000 -1.00000000
vn -0.00000000 -0.00000000 -1.00000000
vn -0.00000000 -0.00000000 -1.00000000
vn -0.00000000 -0.00000000 -1.00000000
vn -0.00000000 -0.00000000 -1.00000000
vn -0.00000000 -0.00000000 -1.00000000
vn -0.00000000 -0.00000000 -1.00000000
vn -0.00000000 -0.00000000 -1.00000000
vn -0.00000000 -0.00000000 -1.00000000
vn -0.00000000 -0.00000000 -1.00000000
vn -0.00000000 -0.00000000 -1.00000000
vn -0.00000000 -0.00000000 -1.00000000
vn -0.00000000 -0.00000000 -1.00000000
vn -0.19090000 0.64200000 -0.74260000
vn -0.00000000 -0.00000000 -1.00000000
vn -0.23830000 -0.55700000 -0.79560000
vn -0.36880000 -0.53160000 -0.76250000
vn -0.36880000 -0.53160000 -0.76250000
vn -0.14370000 -0.54870000 -0.82360000
vn -0.00000000 -0.00000000 -1.00000000
vn -0.06120000 -0.53610000 -0.84190000
vn -0.00000000 -0.00000000 -1.00000000
vn -0.49140000 -0.47310000 -0.73130000
vn -0.69740000 -0.15600000 -0.69950000
vn -0.69740000 -0.15600000 -0.69950000
vn -0.65960000 -0.27430000 -0.69970000
vn -0.00000000 -0.00000000 -1.00000000
vn -0.68020000 0.06740000 -0.72990000
vn -0.00000000 -0.00000000 -1.00000000
vn -0.71430000 0.00700000 -0.69980000
vn -0.71430000 0.00700000 -0.69980000
vn -0.00000000 -0.00000000 -1.00000000
vn -0.69700000 0.01700000 -0.71690000
vn -0.68120000 0.04970000 -0.73040000
vn -0.68120000 0.04970000 -0.73040000
vn -0.41870000 0.52320000 -0.74220000
vn -0.52750000 0.39210000 -0.75370000
vn -0.00000000 -0.00000000 -1.00000000
vn -0.00000000 -0.00000000 -1.00000000
vn -0.30390000 0.60470000 -0.73620000
vn -0.21750000 -0.75130000 -0.62310000
vn -0.21750000 -0.75130000 -0.62310000
vn -0.85800000 -0.17160000 -0.48420000
vn -0.85800000 -0.17160000 -0.48420000
vn -0.97290000 0.02220000 -0.23000000
vn -0.96650000 0.04500000 -0.25260000
vn -0.69770000 0.02100000 -0.71610000
vn -0.79050000 -0.31810000 -0.52340000
vn -0.65980000 -0.27410000 -0.69970000
vn -0.89600000 -0.04910000 -0.44130000
vn -0.70550000 -0.05080000 -0.70690000
vn -0.77090000 -0.43900000 -0.46140000
vn -0.97280000 0.05720000 -0.22440000
vn -0.97280000 0.05720000 -0.22440000
vn -0.00000000 -0.77440000 -0.63270000
vn -0.00000000 -0.77440000 -0.63270000
vn -0.00000000 -0.00000000 -1.00000000
vn -0.00000000 -0.00000000 -1.00000000
vn -0.00000000 -0.52940000 -0.84840000
vn -0.00000000 -0.52940000 -0.84840000
vn -0.00000000 0.81110000 -0.58490000
vn -0.00000000 0.81110000 -0.58490000
vn -0.28210000 0.78520000 -0.55120000
vn -0.60660000 0.65450000 -0.45140000
vn -0.88620000 0.33200000 -0.32310000
vn -0.88620000 0.33200000 -0.32310000
vn -0.96790000 0.06900000 -0.24160000
vn -0.96790000 0.06900000 -0.24160000
vn -0.00000000 -0.00000000 -1.00000000
vn -0.71680000 0.02060000 -0.69700000
vn -0.00000000 -0.00000000 -1.00000000
vn -0.00000000 -0.00000000 -1.00000000
vn -0.00000000 -0.00000000 -1.00000000
vn -0.18060000 0.88990000 -0.41880000
vn -0.11850000 -0.86120000 -0.49430000
vn -0.39210000 -0.77730000 -0.49190000
vn -0.67880000 -0.56420000 -0.47000000
vn -0.85550000 -0.28200000 -0.43430000
vn -0.92580000 0.04720000 -0.37500000
vn -0.92830000 0.21660000 -0.30210000
vn -0.96120000 0.13370000 -0.24120000
vn -0.97610000 0.01220000 -0.21680000
vn -0.96620000 0.10340000 -0.23630000
vn -0.85530000 0.42250000 -0.30000000
vn -0.54590000 0.75090000 -0.37180000
vn -0.00000000 0.89820000 -0.43960000
vn -0.90030000 -0.12880000 -0.41590000
vn -0.00000000 -0.86340000 -0.50450000
vn -0.32320000 0.81010000 -0.48920000
vn -0.97150000 0.04670000 -0.23230000
vn -0.97150000 0.04670000 -0.23230000
vn -0.51300000 -0.66430000 -0.54360000
vn -0.51300000 -0.66430000 -0.54360000
vn -0.91090000 0.28730000 -0.29610000
vn -0.92400000 0.11490000 -0.36480000
vn -0.92400000 0.11490000 -0.36480000
vn -0.23400000 -0.78870000 -0.56850000
vn -0.66310000 0.63080000 -0.40290000
vn -0.66310000 0.63080000 -0.40290000
vn -0.14970000 0.82080000 -0.55120000
vn -0.10870000 -0.78710000 -0.60720000
vn -0.10870000 -0.78710000 -0.60720000
vn -0.35580000 -0.72570000 -0.58890000
vn -0.35580000 -0.72570000 -0.58890000
vn -0.93380000 0.14280000 -0.32800000
vn -0.80920000 -0.30370000 -0.50290000
vn -0.97420000 0.01720000 -0.22490000
vn -0.62870000 -0.55110000 -0.54860000
vn -0.96510000 0.07680000 -0.25050000
vn -0.95180000 0.15360000 -0.26550000
vn -0.95180000 0.15360000 -0.26550000
vn -0.90460000 -0.01380000 -0.42600000
vn -0.90460000 -0.01380000 -0.42600000
vn -0.46740000 0.73910000 -0.48500000
vn -0.79160000 0.48600000 -0.37030000
vn -0.79160000 0.48600000 -0.37030000
vn -0.53700000 -0.68540000 -0.49180000
vn -0.53700000 -0.68540000 -0.49180000
vn -0.92590000 0.26350000 -0.27070000
vn -0.74630000 -0.43510000 -0.50370000
vn -0.88080000 -0.14350000 -0.45120000
vn -0.88080000 -0.14350000 -0.45120000
vn -0.24590000 -0.82730000 -0.50520000
vn -0.69740000 0.62540000 -0.35000000
vn -0.69740000 0.62540000 -0.35000000
vn -0.92690000 0.14770000 -0.34500000
vn -0.92690000 0.14770000 -0.34500000
vn -0.94760000 0.15090000 -0.28140000
vn -0.94760000 0.15090000 -0.28140000
vn -0.00000000 -0.81880000 -0.57410000
vn -0.00000000 -0.81880000 -0.57410000
vn -0.35090000 0.84030000 -0.41320000
vn -0.35090000 0.84030000 -0.41320000
vn -0.97300000 0.03980000 -0.22730000
vn -0.97300000 0.03980000 -0.22730000
vn -0.97410000 0.03370000 -0.22350000
vn -0.00000000 0.85400000 -0.52030000
vn -0.00000000 0.85400000 -0.52030000
vn -0.96040000 0.12780000 -0.24750000
vn -0.51370000 0.75140000 -0.41410000
vn -0.51370000 0.75140000 -0.41410000
vn -0.37960000 -0.76060000 -0.52660000
vn -0.37960000 -0.76060000 -0.52660000
vn -0.96230000 0.11550000 -0.24610000
vn -0.82730000 0.45700000 -0.32660000
vn -0.82730000 0.45700000 -0.32660000
vn -0.93100000 0.18700000 -0.31350000
vn -0.91870000 0.01840000 -0.39440000
vn -0.91870000 0.01840000 -0.39440000
vn -0.65970000 -0.56290000 -0.49780000
vn -0.65970000 -0.56290000 -0.49780000
vn -0.83720000 -0.29710000 -0.45920000
vn -0.83720000 -0.29710000 -0.45920000
vn -0.97550000 0.01270000 -0.21950000
vn -0.97550000 0.01270000 -0.21950000
vn -0.16820000 0.86720000 -0.46870000
vn -0.16820000 0.86720000 -0.46870000
vn -0.11600000 -0.83670000 -0.53520000
vn -0.11600000 -0.83670000 -0.53520000
vn -0.00000000 -0.00000000 -1.00000000
vn -0.00000000 -0.00000000 -1.00000000
vn -0.00000000 -0.00000000 -1.00000000
vn -0.00000000 -0.00000000 -1.00000000
vn -0.00000000 -0.00000000 -1.00000000
vn -0.00000000 -0.00000000 -1.00000000
vn -0.00000000 -0.00000000 -1.00000000
vn -0.00000000 -0.00000000 -1.00000000
vn -0.00000000 -0.00000000 -1.00000000
vn -0.00000000 -0.00000000 -1.00000000
vn -0.00000000 -0.00000000 -1.00000000
vn -0.00000000 -0.00000000 -1.00000000
vn -0.00000000 -0.00000000 -1.00000000
vn -0.00000000 -0.00000000 -1.00000000
vn -0.00000000 -0.00000000 -1.00000000
vn -0.00000000 -0.00000000 -1.00000000
vn -0.00000000 -0.00000000 -1.00000000
vn -0.00000000 -0.00000000 -1.00000000
vn -0.00000000 -0.00000000 -1.00000000
vn -0.00000000 -0.00000000 -1.00000000
vn -0.00000000 -0.00000000 -1.00000000
vn -0.00000000 -0.00000000 -1.00000000
vn -0.00000000 -0.00000000 -1.00000000
vn -0.00000000 -0.00000000 -1.00000000
vn -0.00000000 -0.00000000 -1.00000000
vn -0.00000000 -0.00000000 -1.00000000
vn -0.00000000 -0.00000000 -1.00000000
vn -0.00000000 -0.00000000 -1.00000000
vn -0.00000000 -0.00000000 -1.00000000
vn -0.00000000 -0.00000000 -1.00000000
vn -0.00000000 -0.00000000 -1.00000000
vn -0.00000000 -0.00000000 -1.00000000
vn -0.00000000 -0.00000000 -1.00000000
vn -0.00000000 -0.00000000 -1.00000000
vn -0.00000000 -0.00000000 -1.00000000
vn -0.00000000 -0.00000000 -1.00000000
vn -0.00000000 -0.00000000 -1.00000000
vn -0.00000000 -0.00000000 -1.00000000
vn -0.00000000 -0.00000000 -1.00000000
vn -0.00000000 -0.00000000 -1.00000000
vn -0.00000000 -0.00000000 -1.00000000
vn -0.00000000 -0.00000000 -1.00000000
vn -0.00000000 -0.00000000 -1.00000000
vn -0.00000000 -0.00000000 -1.00000000
vn -0.00000000 -0.00000000 -1.00000000
vn -0.00000000 -0.00000000 -1.00000000
vn -0.00000000 -0.00000000 -1.00000000
vn -0.00000000 -0.00000000 -1.00000000
vn -0.00000000 -0.00000000 -1.00000000
vn -0.00000000 -0.00000000 -1.00000000
vn -0.00000000 -0.00000000 -1.00000000
vn -0.00000000 -0.00000000 -1.00000000
vn -0.00000000 -0.00000000 -1.00000000
vn -0.00000000 -0.00000000 -1.00000000
vn -0.00000000 -0.00000000 -1.00000000
vn -0.00000000 -0.00000000 -1.00000000
vn -0.00000000 -0.00000000 -1.00000000
vn -0.00000000 -0.00000000 -1.00000000
vn -0.00000000 -0.00000000 -1.00000000
vn -0.00000000 -0.00000000 -1.00000000
vn -0.00000000 -0.00000000 -1.00000000
vn -0.00000000 -0.00000000 -1.00000000
vn -0.00000000 -0.00000000 -1.00000000
vn -0.00000000 -0.00000000 -1.00000000
vn -0.00000000 -0.00000000 -1.00000000
vn -0.00000000 -0.00000000 -1.00000000
vn -0.00000000 -0.00000000 -1.00000000
vn -0.00000000 -0.00000000 -1.00000000
vn -0.00000000 -0.00000000 -1.00000000
vn -0.00000000 -0.00000000 -1.00000000
vn -0.00000000 -0.00000000 -1.00000000
vn -0.00000000 -0.00000000 -1.00000000
vn -0.00000000 -0.00000000 -1.00000000
vn -0.00000000 -0.00000000 -1.00000000
vn -0.00000000 -0.00000000 -1.00000000
vn -0.00000000 -0.00000000 -1.00000000
vn -0.00000000 -0.00000000 -1.00000000
vn -0.00000000 -0.00000000 -1.00000000
vn -0.00000000 -0.00000000 -1.00000000
vn -0.00000000 -0.00000000 -1.00000000
vn -0.00000000 -0.00000000 -1.00000000
vn -0.00000000 -0.00000000 -1.00000000
vn -0.00000000 -0.00000000 -1.00000000
vn -0.00000000 -0.00000000 -1.00000000
vn -0.00000000 -0.00000000 -1.00000000
vn -0.00000000 -0.00000000 -1.00000000
vn -0.00000000 -0.00000000 -1.00000000
vn 0.93660000 0.10210000 -0.33530000
vn 0.68070000 0.06450000 -0.72970000
vn -0.00000000 -0.00000000 -1.00000000
vn -0.00000000 -0.00000000 -1.00000000
vn -0.00000000 -0.00000000 -1.00000000
vn 0.69740000 0.06970000 -0.71320000
vn 0.69740000 0.06970000 -0.71320000
vn 0.13470000 0.79960000 -0.58520000
vn 0.09300000 0.64880000 -0.75520000
vn 0.94470000 0.17940000 -0.27460000
vn 0.65370000 0.16070000 -0.73950000
vn 0.97350000 0.02300000 -0.22760000
vn 0.71580000 0.02400000 -0.69790000
vn -0.00000000 -0.00000000 -1.00000000
vn -0.00000000 -0.00000000 -1.00000000
vn -0.00000000 -0.00000000 -1.00000000
vn -0.00000000 -0.00000000 -1.00000000
vn -0.00000000 -0.00000000 -1.00000000
vn -0.00000000 -0.00000000 -1.00000000
vn -0.00000000 -0.00000000 -1.00000000
vn -0.00000000 -0.00000000 -1.00000000
vn -0.00000000 -0.00000000 -1.00000000
vn 0.08550000 0.65010000 -0.75500000
vn -0.00000000 -0.00000000 -1.00000000
vn -0.00000000 -0.00000000 -1.00000000
vn 0.70580000 -0.04200000 -0.70710000
vn 0.59980000 0.26700000 -0.75430000
vn 0.48210000 -0.64770000 -0.59000000
vn 0.92070000 0.06690000 -0.38450000
vn 0.42540000 0.74420000 -0.51500000
vn 0.30080000 0.60660000 -0.73600000
vn 0.24950000 -0.55120000 -0.79620000
vn 0.33860000 -0.71060000 -0.61670000
vn 0.06790000 -0.53510000 -0.84210000
vn 0.10340000 -0.76270000 -0.63840000
vn 0.66200000 0.14440000 -0.73550000
vn -0.00000000 -0.00000000 -1.00000000
vn -0.00000000 -0.00000000 -1.00000000
vn -0.00000000 -0.00000000 -1.00000000
vn -0.00000000 -0.00000000 -1.00000000
vn 0.59320000 -0.38040000 -0.70960000
vn 0.69410000 0.03300000 -0.71910000
vn 0.71700000 -0.43750000 -0.54260000
vn 0.95210000 0.10040000 -0.28870000
vn 0.51020000 0.41430000 -0.75370000
vn 0.75950000 0.52020000 -0.39050000
vn 0.49610000 -0.46780000 -0.73150000
vn 0.60670000 -0.55170000 -0.57230000
vn 0.94210000 0.19340000 -0.27380000
vn 0.94210000 0.19340000 -0.27380000
vn -0.00000000 -0.00000000 -1.00000000
vn -0.00000000 -0.00000000 -1.00000000
vn -0.00000000 -0.00000000 -1.00000000
vn -0.00000000 -0.00000000 -1.00000000
vn -0.00000000 -0.00000000 -1.00000000
vn -0.00000000 -0.00000000 -1.00000000
vn -0.00000000 -0.00000000 -1.00000000
vn -0.00000000 -0.00000000 -1.00000000
vn -0.00000000 -0.00000000 -1.00000000
vn -0.00000000 -0.00000000 -1.00000000
vn -0.00000000 -0.00000000 -1.00000000
vn -0.00000000 -0.00000000 -1.00000000
vn -0.00000000 -0.00000000 -1.00000000
vn -0.00000000 -0.00000000 -1.00000000
vn -0.00000000 -0.00000000 -1.00000000
vn -0.00000000 -0.00000000 -1.00000000
vn -0.00000000 -0.00000000 -1.00000000
vn 0.19090000 0.64200000 -0.74260000
vn 0.23830000 -0.55700000 -0.79560000
vn -0.00000000 -0.00000000 -1.00000000
vn 0.36880000 -0.53160000 -0.76250000
vn 0.36880000 -0.53160000 -0.76250000
vn 0.14370000 -0.54870000 -0.82360000
vn 0.14370000 -0.54870000 -0.82360000
vn 0.06120000 -0.53610000 -0.84190000
vn -0.00000000 -0.00000000 -1.00000000
vn -0.00000000 -0.00000000 -1.00000000
vn 0.49140000 -0.47310000 -0.73130000
vn 0.69740000 -0.15600000 -0.69950000
vn 0.69740000 -0.15600000 -0.69950000
vn -0.00000000 -0.00000000 -1.00000000
vn 0.65960000 -0.27430000 -0.69970000
vn 0.68020000 0.06740000 -0.72990000
vn -0.00000000 -0.00000000 -1.00000000
vn 0.71430000 0.00700000 -0.69980000
vn 0.69700000 0.01700000 -0.71690000
vn -0.00000000 -0.00000000 -1.00000000
vn 0.68120000 0.04970000 -0.73040000
vn 0.68120000 0.04970000 -0.73040000
vn 0.41870000 0.52320000 -0.74220000
vn 0.41870000 0.52320000 -0.74220000
vn -0.00000000 -0.00000000 -1.00000000
vn 0.52750000 0.39210000 -0.75370000
vn -0.00000000 -0.00000000 -1.00000000
vn 0.30390000 0.60470000 -0.73620000
vn 0.21750000 -0.75130000 -0.62310000
vn 0.85790000 -0.17160000 -0.48420000
vn 0.85790000 -0.17160000 -0.48420000
vn 0.97290000 0.02220000 -0.23000000
vn 0.97290000 0.02220000 -0.23000000
vn 0.69770000 0.02100000 -0.71610000
vn 0.96650000 0.04500000 -0.25260000
vn 0.65980000 -0.27410000 -0.69970000
vn 0.79050000 -0.31800000 -0.52340000
vn 0.70550000 -0.05080000 -0.70690000
vn 0.89600000 -0.04910000 -0.44130000
vn 0.77090000 -0.43900000 -0.46140000
vn 0.77090000 -0.43900000 -0.46140000
vn 0.97280000 0.05720000 -0.22440000
vn 0.97280000 0.05720000 -0.22440000
vn 0.28210000 0.78520000 -0.55120000
vn 0.60660000 0.65450000 -0.45140000
vn 0.88620000 0.33200000 -0.32310000
vn 0.88620000 0.33200000 -0.32310000
vn 0.96790000 0.06900000 -0.24160000
vn 0.96790000 0.06900000 -0.24160000
vn -0.00000000 -0.00000000 -1.00000000
vn 0.71680000 0.02060000 -0.69700000
vn -0.00000000 -0.00000000 -1.00000000
vn -0.00000000 -0.00000000 -1.00000000
vn -0.00000000 -0.00000000 -1.00000000
vn 0.18060000 0.88990000 -0.41880000
vn 0.11850000 -0.86120000 -0.49430000
vn 0.39210000 -0.77730000 -0.49190000
vn 0.67880000 -0.56420000 -0.47000000
vn 0.85550000 -0.28200000 -0.43430000
vn 0.92580000 0.04720000 -0.37500000
vn 0.92830000 0.21660000 -0.30210000
vn 0.96120000 0.13370000 -0.24120000
vn 0.97610000 0.01220000 -0.21680000
vn 0.96620000 0.10340000 -0.23630000
vn 0.85530000 0.42250000 -0.30000000
vn 0.54590000 0.75090000 -0.37180000
vn 0.90030000 -0.12880000 -0.41590000
vn 0.32320000 0.81010000 -0.48920000
vn 0.97150000 0.04670000 -0.23230000
vn 0.97150000 0.04670000 -0.23230000
vn 0.51300000 -0.66430000 -0.54360000
vn 0.51300000 -0.66430000 -0.54360000
vn 0.91090000 0.28730000 -0.29610000
vn 0.92400000 0.11490000 -0.36480000
vn 0.92400000 0.11490000 -0.36480000
vn 0.23400000 -0.78870000 -0.56850000
vn 0.23400000 -0.78870000 -0.56850000
vn 0.66310000 0.63080000 -0.40290000
vn 0.14970000 0.82080000 -0.55120000
vn 0.10870000 -0.78710000 -0.60720000
vn 0.10870000 -0.78710000 -0.60720000
vn 0.35580000 -0.72570000 -0.58890000
vn 0.35580000 -0.72570000 -0.58890000
vn 0.93380000 0.14280000 -0.32800000
vn 0.93380000 0.14280000 -0.32800000
vn 0.80920000 -0.30370000 -0.50290000
vn 0.97420000 0.01720000 -0.22490000
vn 0.62870000 -0.55110000 -0.54860000
vn 0.96510000 0.07680000 -0.25050000
vn 0.96510000 0.07680000 -0.25050000
vn 0.95180000 0.15360000 -0.26550000
vn 0.95180000 0.15360000 -0.26550000
vn 0.90460000 -0.01380000 -0.42600000
vn 0.90460000 -0.01380000 -0.42600000
vn 0.46740000 0.73910000 -0.48500000
vn 0.79160000 0.48600000 -0.37030000
vn 0.79160000 0.48600000 -0.37030000
vn 0.53700000 -0.68540000 -0.49180000
vn 0.53700000 -0.68540000 -0.49180000
vn 0.92590000 0.26350000 -0.27070000
vn 0.74630000 -0.43510000 -0.50370000
vn 0.88080000 -0.14350000 -0.45120000
vn 0.88080000 -0.14350000 -0.45120000
vn 0.24590000 -0.82730000 -0.50520000
vn 0.69740000 0.62540000 -0.35000000
vn 0.92690000 0.14770000 -0.34500000
vn 0.92690000 0.14770000 -0.34500000
vn 0.94760000 0.15090000 -0.28140000
vn 0.94760000 0.15090000 -0.28140000
vn 0.35090000 0.84030000 -0.41320000
vn 0.35090000 0.84030000 -0.41320000
vn 0.97300000 0.03980000 -0.22730000
vn 0.97300000 0.03980000 -0.22730000
vn 0.97410000 0.03370000 -0.22350000
vn 0.96040000 0.12780000 -0.24750000
vn 0.96040000 0.12780000 -0.24750000
vn 0.51370000 0.75140000 -0.41410000
vn 0.51370000 0.75140000 -0.41410000
vn 0.37960000 -0.76060000 -0.52660000
vn 0.37960000 -0.76060000 -0.52660000
vn 0.96230000 0.11550000 -0.24610000
vn 0.96230000 0.11550000 -0.24610000
vn 0.82730000 0.45700000 -0.32660000
vn 0.82730000 0.45700000 -0.32660000
vn 0.93100000 0.18700000 -0.31350000
vn 0.93100000 0.18700000 -0.31350000
vn 0.91870000 0.01840000 -0.39440000
vn 0.91870000 0.01840000 -0.39440000
vn 0.65970000 -0.56290000 -0.49780000
vn 0.65970000 -0.56290000 -0.49780000
vn 0.83720000 -0.29710000 -0.45920000
vn 0.83720000 -0.29710000 -0.45920000
vn 0.97550000 0.01270000 -0.21950000
vn 0.97550000 0.01270000 -0.21950000
vn 0.16820000 0.86720000 -0.46870000
vn 0.16820000 0.86720000 -0.46870000
vn 0.11600000 -0.83670000 -0.53520000
vn 0.11600000 -0.83670000 -0.53520000
vn -0.00000000 -0.00000000 -1.00000000
vn -0.00000000 -0.00000000 -1.00000000
vn -0.00000000 -0.00000000 -1.00000000
vn -0.00000000 -0.00000000 -1.00000000
vn -0.00000000 -0.00000000 -1.00000000
vn -0.00000000 -0.00000000 -1.00000000
vn -0.00000000 -0.00000000 -1.00000000
vn -0.00000000 -0.00000000 -1.00000000
vn -0.00000000 -0.00000000 -1.00000000
vn -0.00000000 -0.00000000 -1.00000000
vn -0.00000000 -0.00000000 -1.00000000
vn -0.00000000 -0.00000000 -1.00000000
vn -0.00000000 -0.00000000 -1.00000000
vn -0.00000000 -0.00000000 -1.00000000
vn -0.00000000 -0.00000000 -1.00000000
vn -0.00000000 -0.00000000 -1.00000000
vn -0.00000000 -0.00000000 -1.00000000
vn -0.00000000 -0.00000000 -1.00000000
vn -0.00000000 -0.00000000 -1.00000000
vn -0.00000000 -0.00000000 -1.00000000
vn -0.00000000 -0.00000000 -1.00000000
vn -0.00000000 -0.00000000 -1.00000000
vn -0.00000000 -0.00000000 -1.00000000
vn -0.00000000 -0.00000000 -1.00000000
vn -0.00000000 -0.00000000 -1.00000000
vn -0.00000000 -0.00000000 -1.00000000
vn -0.00000000 -0.00000000 -1.00000000
vn -0.00000000 -0.00000000 -1.00000000
vn -0.00000000 -0.00000000 -1.00000000
vn -0.00000000 -0.00000000 -1.00000000
vn -0.00000000 -0.00000000 -1.00000000
vn -0.00000000 -0.00000000 -1.00000000
vn -0.00000000 -0.00000000 -1.00000000
vn -0.00000000 -0.00000000 -1.00000000
vn -0.00000000 -0.00000000 -1.00000000
vn -0.00000000 -0.00000000 -1.00000000
vn -0.00000000 -0.00000000 -1.00000000
vn -0.00000000 -0.00000000 -1.00000000
vn -0.00000000 -0.00000000 -1.00000000
vn -0.00000000 -0.00000000 -1.00000000
vn -0.00000000 -0.00000000 -1.00000000
vn -0.00000000 -0.00000000 -1.00000000
vn -0.00000000 -0.00000000 -1.00000000
vn -0.00000000 -0.00000000 -1.00000000
vn -0.00000000 -0.00000000 -1.00000000
vn -0.00000000 -0.00000000 -1.00000000
vn -0.00000000 -0.00000000 -1.00000000
vn -0.00000000 -0.00000000 -1.00000000
vn -0.00000000 -0.00000000 -1.00000000
vn -0.00000000 -0.00000000 -1.00000000
vn -0.00000000 -0.00000000 -1.00000000
vn -0.00000000 -0.00000000 -1.00000000
vn -0.00000000 -0.00000000 -1.00000000
vn -0.00000000 -0.00000000 -1.00000000
vn -0.00000000 -0.00000000 -1.00000000
vn -0.00000000 -0.00000000 -1.00000000
vn -0.00000000 -0.00000000 -1.00000000
vn -0.00000000 -0.00000000 -1.00000000
vn -0.00000000 -0.00000000 -1.00000000
vn -0.00000000 -0.00000000 -1.00000000
vn -0.00000000 -0.00000000 -1.00000000
vn -0.00000000 -0.00000000 -1.00000000
vn -0.72950000 -0.57900000 -0.36420000
vn -0.38960000 0.05250000 0.91950000
vn -0.07660000 0.01510000 0.99690000
vn -0.96050000 0.06240000 -0.27110000
vn -0.23890000 0.01760000 0.97090000
vn -0.92390000 -0.25710000 -0.28330000
vn -0.89120000 0.09450000 -0.44370000
vn -0.27310000 -0.42660000 0.86220000
vn -0.07180000 0.62100000 0.78050000
vn -0.87870000 0.23730000 -0.41420000
vn -0.20720000 -0.39400000 0.89540000
vn -0.42560000 -0.78840000 -0.44410000
vn -0.40750000 -0.15590000 0.89980000
vn -0.22470000 0.58570000 0.77870000
vn -0.29700000 -0.38340000 0.87450000
vn -0.15770000 -0.36110000 0.91910000
vn -0.16760000 0.71800000 -0.67560000
vn -0.26160000 -0.16590000 0.95080000
vn 0.90000000 -0.36620000 0.23660000
vn -0.21510000 0.41080000 0.88600000
vn -0.06810000 0.18990000 0.97940000
vn -0.23600000 0.20420000 0.95010000
vn -0.38290000 -0.29620000 0.87500000
vn -0.05940000 0.42670000 0.90240000
vn -0.27880000 -0.33600000 0.89970000
vn -0.27170000 -0.41650000 0.86760000
vn -0.55080000 -0.81170000 -0.19420000
vn -0.76660000 0.32850000 -0.55180000
vn -0.87770000 0.10660000 -0.46720000
vn -0.48820000 0.59140000 -0.64180000
vn -0.28030000 -0.43940000 0.85340000
vn 0.67750000 -0.73560000 -0.00010000
vn 0.99950000 -0.03140000 -0.00010000
vn -0.06340000 -0.10750000 0.99220000
vn 0.89860000 -0.23410000 0.37110000
vn -0.38610000 0.26490000 0.88360000
vn -0.26780000 -0.46340000 0.84470000
vn -0.12520000 -0.19020000 0.97370000
vn 0.91020000 0.02640000 0.41330000
vn -0.90870000 0.25190000 -0.33270000
vn -0.19370000 -0.39540000 0.89790000
vn -0.35480000 -0.44330000 0.82320000
vn 1.00000000 -0.00000000 -0.00000000
vn 1.00000000 -0.00000000 -0.00000000
vn -0.36120000 -0.40370000 0.84060000
vn -0.14900000 -0.32690000 0.93320000
vn -0.12160000 -0.63430000 0.76350000
vn 0.47690000 0.65510000 0.58600000
vn -0.13280000 -0.81220000 -0.56810000
vn 1.00000000 -0.00000000 -0.00000000
vn -0.23380000 -0.30410000 0.92350000
vn 1.00000000 -0.00000000 -0.00000000
vn -0.35690000 0.45410000 0.81630000
vn -0.19170000 -0.38590000 0.90240000
vn 0.72950000 -0.57900000 -0.36420000
vn 0.38960000 0.05250000 0.91950000
vn 0.07660000 0.01510000 0.99690000
vn 0.96050000 0.06240000 -0.27110000
vn 0.23890000 0.01760000 0.97090000
vn 0.92390000 -0.25710000 -0.28330000
vn 0.89120000 0.09450000 -0.44370000
vn 0.27310000 -0.42660000 0.86220000
vn 0.07180000 0.62100000 0.78050000
vn 0.87870000 0.23730000 -0.41420000
vn 0.20720000 -0.39400000 0.89540000
vn 0.42560000 -0.78840000 -0.44410000
vn 0.40750000 -0.15590000 0.89980000
vn 0.22470000 0.58570000 0.77870000
vn 0.29700000 -0.38340000 0.87450000
vn 0.15770000 -0.36110000 0.91910000
vn 0.16760000 0.71800000 -0.67560000
vn 0.26160000 -0.16590000 0.95080000
vn -0.90000000 -0.36620000 0.23660000
vn 0.21510000 0.41080000 0.88600000
vn 0.06810000 0.18990000 0.97940000
vn 0.23600000 0.20420000 0.95010000
vn 0.38290000 -0.29620000 0.87500000
vn 0.05940000 0.42670000 0.90240000
vn 0.27880000 -0.33600000 0.89970000
vn 0.27170000 -0.41650000 0.86760000
vn 0.76660000 0.32850000 -0.55180000
vn 0.87770000 0.10660000 -0.46720000
vn 0.48820000 0.59140000 -0.64180000
vn 0.28030000 -0.43940000 0.85340000
vn -0.67750000 -0.73560000 -0.00010000
vn -0.99950000 -0.03140000 -0.00010000
vn 0.06340000 -0.10750000 0.99220000
vn -0.89860000 -0.23410000 0.37110000
vn 0.38610000 0.26490000 0.88360000
vn 0.26780000 -0.46340000 0.84470000
vn 0.12520000 -0.19020000 0.97370000
vn -0.91020000 0.02640000 0.41330000
vn 0.90870000 0.25190000 -0.33270000
vn 0.19370000 -0.39540000 0.89790000
vn 0.35480000 -0.44330000 0.82320000
vn -1.00000000 -0.00000000 -0.00000000
vn -1.00000000 -0.00000000 -0.00000000
vn 0.36120000 -0.40370000 0.84060000
vn 0.14900000 -0.32690000 0.93320000
vn 0.12160000 -0.63430000 0.76350000
vn -0.47690000 0.65510000 0.58600000
vn 0.13280000 -0.81220000 -0.56810000
vn -1.00000000 -0.00000000 -0.00000000
vn 0.23380000 -0.30410000 0.92350000
vn -1.00000000 -0.00000000 -0.00000000
vn 0.35690000 0.45410000 0.81630000
vn 0.19170000 -0.38590000 0.90240000
vn 0.55080000 -0.81170000 -0.19420000
vn -0.95660000 0.13870000 -0.25640000
vn -0.92360000 0.02950000 -0.38230000
vn -0.06500000 -0.53560000 -0.84190000
vn -0.97490000 0.01430000 -0.22220000
vn -0.82370000 -0.29920000 -0.48160000
vn -0.00000000 -0.00000000 -1.00000000
vn -0.67040000 -0.56770000 -0.47770000
vn -0.51980000 0.40180000 -0.75390000
vn -0.97370000 0.02120000 -0.22690000
vn -0.79640000 -0.31210000 -0.51800000
vn -0.61350000 -0.55050000 -0.56620000
vn -0.00000000 -0.00000000 -1.00000000
vn -0.84720000 -0.29480000 -0.44200000
vn -0.68050000 0.06600000 -0.72980000
vn -0.69740000 0.01890000 -0.71640000
vn -0.97600000 0.01190000 -0.21740000
vn -0.96050000 0.13330000 -0.24440000
vn -0.65850000 0.15120000 -0.73720000
vn -0.30400000 0.60480000 -0.73600000
vn -0.92900000 0.20530000 -0.30800000
vn -0.49330000 0.74370000 -0.45120000
vn -0.11790000 -0.85490000 -0.50520000
vn -0.00000000 -0.00000000 -1.00000000
vn -0.43830000 0.74150000 -0.50810000
vn -0.76760000 0.51110000 -0.38680000
vn -0.34370000 -0.71430000 -0.60970000
vn -0.96380000 0.09670000 -0.24840000
vn -0.65970000 -0.27410000 -0.69970000
vn -0.93240000 0.16650000 -0.32080000
vn -0.17450000 0.88450000 -0.43270000
vn -0.11270000 -0.81180000 -0.57300000
vn -0.38740000 -0.77380000 -0.50120000
vn -0.00000000 -0.00000000 -1.00000000
vn -0.15970000 0.84360000 -0.51260000
vn -0.00000000 -0.00000000 -1.00000000
vn -0.91190000 0.00460000 -0.41040000
vn -0.00000000 -0.00000000 -1.00000000
vn -0.00000000 -0.00000000 -1.00000000
vn -0.96320000 0.11940000 -0.24090000
vn -0.49430000 -0.47000000 -0.73130000
vn -0.94640000 0.17290000 -0.27300000
vn -0.70570000 -0.04660000 -0.70700000
vn -0.24500000 -0.55390000 -0.79570000
vn -0.71630000 0.02250000 -0.69750000
vn -0.52810000 0.75710000 -0.38470000
vn -0.83840000 0.44830000 -0.31010000
vn -0.96610000 0.05560000 -0.25200000
vn -0.10490000 -0.76910000 -0.63050000
vn -0.89840000 -0.03700000 -0.43760000
vn -0.00000000 -0.00000000 -1.00000000
vn -0.64510000 -0.55620000 -0.52390000
vn -0.93550000 0.11610000 -0.33360000
vn -0.00000000 -0.00000000 -1.00000000
vn -0.81190000 0.46840000 -0.34850000
vn -0.00000000 -0.00000000 -1.00000000
vn -0.00000000 -0.00000000 -1.00000000
vn -0.00000000 -0.00000000 -1.00000000
vn -0.36850000 -0.74280000 -0.55900000
vn -0.09040000 0.64950000 -0.75500000
vn -0.13930000 0.80490000 -0.57680000
vn -0.00000000 -0.00000000 -1.00000000
vn -0.00000000 -0.00000000 -1.00000000
vn -0.00000000 -0.00000000 -1.00000000
vn -0.00000000 -0.00000000 -1.00000000
vn -0.00000000 -0.00000000 -1.00000000
vn -0.00000000 -0.00000000 -1.00000000
vn -0.00000000 -0.00000000 -1.00000000
vn -0.00000000 -0.00000000 -1.00000000
vn -0.00000000 -0.00000000 -1.00000000
vn -0.00000000 -0.00000000 -1.00000000
vn -0.00000000 -0.00000000 -1.00000000
vn -0.00000000 -0.00000000 -1.00000000
vn -0.00000000 -0.00000000 -1.00000000
vn -0.00000000 -0.00000000 -1.00000000
vn -0.00000000 -0.00000000 -1.00000000
vn -0.00000000 -0.00000000 -1.00000000
vn -0.00000000 -0.00000000 -1.00000000
vn -0.00000000 -0.00000000 -1.00000000
vn -0.00000000 -0.00000000 -1.00000000
vn -0.00000000 -0.00000000 -1.00000000
vn -0.00000000 -0.00000000 -1.00000000
vn -0.00000000 -0.00000000 -1.00000000
vn -0.00000000 -0.00000000 -1.00000000
vn -0.00000000 -0.00000000 -1.00000000
vn -0.00000000 -0.00000000 -1.00000000
vn -0.00000000 -0.00000000 -1.00000000
vn -0.00000000 -0.00000000 -1.00000000
vn -0.00000000 -0.00000000 -1.00000000
vn 0.95660000 0.13870000 -0.25640000
vn 0.92360000 0.02950000 -0.38230000
vn 0.06500000 -0.53560000 -0.84190000
vn 0.97490000 0.01430000 -0.22220000
vn 0.82370000 -0.29920000 -0.48160000
vn -0.00000000 -0.00000000 -1.00000000
vn 0.67040000 -0.56770000 -0.47770000
vn 0.51980000 0.40180000 -0.75390000
vn 0.97370000 0.02120000 -0.22690000
vn 0.79640000 -0.31210000 -0.51800000
vn 0.61350000 -0.55050000 -0.56620000
vn -0.00000000 -0.00000000 -1.00000000
vn 0.84720000 -0.29480000 -0.44200000
vn 0.68050000 0.06600000 -0.72980000
vn 0.69740000 0.01890000 -0.71650000
vn 0.97600000 0.01190000 -0.21740000
vn 0.96050000 0.13330000 -0.24440000
vn 0.65850000 0.15120000 -0.73720000
vn 0.30400000 0.60480000 -0.73600000
vn 0.92900000 0.20530000 -0.30800000
vn 0.49330000 0.74370000 -0.45120000
vn 0.11790000 -0.85490000 -0.50520000
vn -0.00000000 -0.00000000 -1.00000000
vn 0.43830000 0.74150000 -0.50810000
vn 0.76760000 0.51110000 -0.38680000
vn 0.34370000 -0.71430000 -0.60970000
vn 0.96380000 0.09670000 -0.24840000
vn 0.65970000 -0.27410000 -0.69970000
vn 0.93240000 0.16650000 -0.32080000
vn 0.17450000 0.88450000 -0.43270000
vn 0.11270000 -0.81180000 -0.57300000
vn 0.38740000 -0.77380000 -0.50120000
vn -0.00000000 -0.00000000 -1.00000000
vn 0.15970000 0.84360000 -0.51260000
vn -0.00000000 -0.00000000 -1.00000000
vn 0.91190000 0.00460000 -0.41040000
vn -0.00000000 -0.00000000 -1.00000000
vn -0.00000000 -0.00000000 -1.00000000
vn 0.96320000 0.11940000 -0.24090000
vn 0.49430000 -0.47000000 -0.73130000
vn 0.94640000 0.17290000 -0.27300000
vn 0.70570000 -0.04660000 -0.70700000
vn 0.24500000 -0.55390000 -0.79570000
vn 0.71630000 0.02250000 -0.69750000
vn 0.52810000 0.75710000 -0.38470000
vn 0.83840000 0.44830000 -0.31010000
vn 0.96610000 0.05560000 -0.25200000
vn 0.10490000 -0.76910000 -0.63050000
vn 0.89840000 -0.03700000 -0.43760000
vn -0.00000000 -0.00000000 -1.00000000
vn 0.64510000 -0.55620000 -0.52390000
vn 0.93550000 0.11610000 -0.33360000
vn -0.00000000 -0.00000000 -1.00000000
vn 0.81190000 0.46840000 -0.34850000
vn -0.00000000 -0.00000000 -1.00000000
vn -0.00000000 -0.00000000 -1.00000000
vn -0.00000000 -0.00000000 -1.00000000
vn 0.36850000 -0.74280000 -0.55900000
vn 0.09040000 0.64950000 -0.75500000
vn 0.13930000 0.80490000 -0.57680000
vn -0.00000000 -0.00000000 -1.00000000
vn -0.00000000 -0.00000000 -1.00000000
vn -0.00000000 -0.00000000 -1.00000000
vn -0.00000000 -0.00000000 -1.00000000
vn -0.00000000 -0.00000000 -1.00000000
vn -0.00000000 -0.00000000 -1.00000000
vn -0.00000000 -0.00000000 -1.00000000
vn -0.00000000 -0.00000000 -1.00000000
vn -0.00000000 -0.00000000 -1.00000000
vn -0.00000000 -0.00000000 -1.00000000
vn -0.00000000 -0.00000000 -1.00000000
vn -0.00000000 -0.00000000 -1.00000000
vn -0.00000000 -0.00000000 -1.00000000
vn -0.00000000 -0.00000000 -1.00000000
vn -0.00000000 -0.00000000 -1.00000000
vn -0.00000000 -0.00000000 -1.00000000
vn -0.00000000 -0.00000000 -1.00000000
vn -0.00000000 -0.00000000 -1.00000000
vn -0.00000000 -0.00000000 -1.00000000
vn -0.00000000 -0.00000000 -1.00000000
vn -0.00000000 -0.00000000 -1.00000000
vn -0.00000000 -0.00000000 -1.00000000
vn -0.00000000 -0.00000000 -1.00000000
vn -0.00000000 -0.00000000 -1.00000000
vn -0.00000000 -0.00000000 -1.00000000
vn -0.00000000 -0.00000000 -1.00000000
vn -0.00000000 -0.00000000 -1.00000000
vn -0.00000000 -0.00000000 -1.00000000
vt 0.73509300 0.08279700
vt 0.32001300 0.83545900
vt 0.91391000 0.20963400
vt 0.00877600 0.29216700
vt 0.69635000 0.23115200
vt 0.19353500 0.74898900
vt 0.70855000 0.15552600
vt 0.24611900 0.80706300
vt 0.13231000 0.14925500
vt 0.31909000 0.74931400
vt 0.31909000 0.74931400
vt 0.31909000 0.74931400
vt 0.31909000 0.74931400
vt 0.08713700 0.16720500
vt 0.08757500 0.22561900
vt 0.08757500 0.22561900
vt 0.10096400 0.30301900
vt 0.10096400 0.30301900
vt 0.12712800 0.38106100
vt 0.12712800 0.38106100
vt 0.12712800 0.38106100
vt 0.12712800 0.38106100
vt 0.16226300 0.46286200
vt 0.16226300 0.46286200
vt 0.19441000 0.54678200
vt 0.19441000 0.54678200
vt 0.19441000 0.54678200
vt 0.22118100 0.62875500
vt 0.22118100 0.62875500
vt 0.22118100 0.62875500
vt 0.24748400 0.70095800
vt 0.24748400 0.70095800
vt 0.24748400 0.70095800
vt 0.26979100 0.75013500
vt 0.30517400 0.67736200
vt 0.30517400 0.67736200
vt 0.26939400 0.51575300
vt 0.28529400 0.60286300
vt 0.28529400 0.60286300
vt 0.23793100 0.44083000
vt 0.23793100 0.44083000
vt 0.23793100 0.44083000
vt 0.21044900 0.36523800
vt 0.21044900 0.36523800
vt 0.18862300 0.28634700
vt 0.15389100 0.21593800
vt 0.15389100 0.21593800
vt 0.15389100 0.21593800
vt 0.20905600 0.19461500
vt 0.81366100 0.17226500
vt 0.17974300 0.10137600
vt 0.83485600 0.07840400
vt 0.92810400 0.45068200
vt 0.75088100 0.09004600
vt 0.92788700 0.37666700
vt 0.92692200 0.29447500
vt 0.93300600 0.21212600
vt 0.93642000 0.11511200
vt 0.79083300 0.48595500
vt 0.94156200 0.01026000
vt 0.74145800 0.40263800
vt 0.71673600 0.31668500
vt 0.71367900 0.23224500
vt 0.72533900 0.15997700
vt 0.84267900 0.11529700
vt 0.83071600 0.17549800
vt 0.85152400 0.08329400
vt 0.82575000 0.21255900
vt 0.20197800 0.08533400
vt 0.84501100 0.05353500
vt 0.84501100 0.05353500
vt 0.18027500 0.03237900
vt 0.92660800 0.54029700
vt 0.87878300 0.00877600
vt 0.82886300 0.23110300
vt 0.82886300 0.23110300
vt 0.31341800 0.42026100
vt 0.86416600 0.42270700
vt 0.82975900 0.28897600
vt 0.27120300 0.28512500
vt 0.89190000 0.01674000
vt 0.94156200 0.53685500
vt 0.88935300 0.44165600
vt 0.85960400 0.06299000
vt 0.85960400 0.06299000
vt 0.77662400 0.49592800
vt 0.92426700 0.00877600
vt 0.08420800 0.48226200
vt 0.12904400 0.57412600
vt 0.72558300 0.40966700
vt 0.01019100 0.20452900
vt 0.91044700 0.29528200
vt 0.82567300 0.11180000
vt 0.18520500 0.13629700
vt 0.69956900 0.31928300
vt 0.15864900 0.66583700
vt 0.91551000 0.11301400
vt 0.03670700 0.38680100
vt 0.90994400 0.45278400
vt 0.09901600 0.07317900
vt 0.90945300 0.37417000
vt 0.04361900 0.13115100
vt 0.87697600 0.45032900
vt 0.32150300 0.45027300
vt 0.29014300 0.34243200
vt 0.84104100 0.34676100
vt 0.80838500 0.21219600
vt 0.23028400 0.22989900
vt 0.81313000 0.23565400
vt 0.25477300 0.23037300
vt 0.81313000 0.23565400
vt 0.85910800 0.33638000
vt 0.88060900 0.41122300
vt 0.84398500 0.28374100
vt 0.62305800 0.42190700
vt 0.48505800 0.80126100
vt 0.55479100 0.17903000
vt 0.96357100 0.33943900
vt 0.58431600 0.27355100
vt 0.56676300 0.67165400
vt 0.59651600 0.34917800
vt 0.54158400 0.74584100
vt 0.38654200 0.74117600
vt 0.38654200 0.74117600
vt 0.38654200 0.74117600
vt 0.38654200 0.74117600
vt 0.38464300 0.09697000
vt 0.45167500 0.72184100
vt 0.45167500 0.72184100
vt 0.45167500 0.72184100
vt 0.45167500 0.72184100
vt 0.43322800 0.09549300
vt 0.45603700 0.14927100
vt 0.45603700 0.14927100
vt 0.47450600 0.22561900
vt 0.47450600 0.22561900
vt 0.47450600 0.22561900
vt 0.48150600 0.30763200
vt 0.48150600 0.30763200
vt 0.48150600 0.30763200
vt 0.48176800 0.39665900
vt 0.48176800 0.39665900
vt 0.48561300 0.48644300
vt 0.48561300 0.48644300
vt 0.49361800 0.57230500
vt 0.49361800 0.57230500
vt 0.49817100 0.64901500
vt 0.49817100 0.64901500
vt 0.49817100 0.64901400
vt 0.49724100 0.70300600
vt 0.33842100 0.50893700
vt 0.33842100 0.50893700
vt 0.33842100 0.50893700
vt 0.43585500 0.65028400
vt 0.43585500 0.65028400
vt 0.40447300 0.48776400
vt 0.42449600 0.57401900
vt 0.42449600 0.57401900
vt 0.40357500 0.40650700
vt 0.40357500 0.40650700
vt 0.40357500 0.40650700
vt 0.39875800 0.32622000
vt 0.39875800 0.32622000
vt 0.38743900 0.24515100
vt 0.39133500 0.16673800
vt 0.39133500 0.16673800
vt 0.39133500 0.16673800
vt 0.37022900 0.66244700
vt 0.37022900 0.66244700
vt 0.37022900 0.66244700
vt 0.37022900 0.66244700
vt 0.35417800 0.58498000
vt 0.35417800 0.58498000
vt 0.35417800 0.58498000
vt 0.33223900 0.16909100
vt 0.81366100 0.75363200
vt 0.32209000 0.07188100
vt 0.83485600 0.84749300
vt 0.79083300 0.01858200
vt 0.67879800 0.48612100
vt 0.97776600 0.09839100
vt 0.63884700 0.41465800
vt 0.97754900 0.17240600
vt 0.97658400 0.25459700
vt 0.98266700 0.33694700
vt 0.98608200 0.43396200
vt 0.99122400 0.53881300
vt 0.67879800 0.01874900
vt 0.62942300 0.10206500
vt 0.60470200 0.18801900
vt 0.60164500 0.27245900
vt 0.61330400 0.34472700
vt 0.84267900 0.81060000
vt 0.83071600 0.75039900
vt 0.85152400 0.84260400
vt 0.82575000 0.71333800
vt 0.84501100 0.87236200
vt 0.29531100 0.06599500
vt 0.84501100 0.87236200
vt 0.87878300 0.91712100
vt 0.29418600 0.00877600
vt 0.97627000 0.00877600
vt 0.82886300 0.69479400
vt 0.82886300 0.69479400
vt 0.86416600 0.50319000
vt 0.32613000 0.41762700
vt 0.31117300 0.27684400
vt 0.82975900 0.63692100
vt 0.89190000 0.90915700
vt 0.99122400 0.01221900
vt 0.88935300 0.48424100
vt 0.89190000 0.44549900
vt 0.89190000 0.48039800
vt 0.85960400 0.86290800
vt 0.85960400 0.86290800
vt 0.40589900 0.83459400
vt 0.66445400 0.49592700
vt 0.77648900 0.00877600
vt 0.97392800 0.54029700
vt 0.56110500 0.38344600
vt 0.66458900 0.00877600
vt 0.61354800 0.09503700
vt 0.55646200 0.48556300
vt 0.51867000 0.09916900
vt 0.96010900 0.25379100
vt 0.82567300 0.81409700
vt 0.33095400 0.10609700
vt 0.56573700 0.58148600
vt 0.58753400 0.18542100
vt 0.56676300 0.27697100
vt 0.96517200 0.43605900
vt 0.38496600 0.01392800
vt 0.95960600 0.09628900
vt 0.45883800 0.04511500
vt 0.95911500 0.17490400
vt 0.87697600 0.47556800
vt 0.33063600 0.44838000
vt 0.84104100 0.57913600
vt 0.31656400 0.33695800
vt 0.32677900 0.20990500
vt 0.80838500 0.71370100
vt 0.81313000 0.69024300
vt 0.81313000 0.69024300
vt 0.30449400 0.22007100
vt 0.87952400 0.47172500
vt 0.87952400 0.45417200
vt 0.32607300 0.44934300
vt 0.85910800 0.58951700
vt 0.88060900 0.51467400
vt 0.84398500 0.64215600
vt 0.16720700 0.50005100
vt 0.00685200 0.24548000
vt 0.07344400 0.11399400
vt 0.33800200 0.48728400
vt 0.19750100 0.57748800
vt 0.34704600 0.55696500
vt 0.18675000 0.12859700
vt 0.18329600 0.98959200
vt 0.12789600 0.06319200
vt 0.23708600 0.59503800
vt 0.29771000 0.48714100
vt 0.28246800 0.55554800
vt 0.26603100 0.47287000
vt 0.26191600 0.62317000
vt 0.22266600 0.53432500
vt 0.23558800 0.44529900
vt 0.27789000 0.66393500
vt 0.27789000 0.71561400
vt 0.21184200 0.40187000
vt 0.11535100 0.45003000
vt 0.26576300 0.77457600
vt 0.19463400 0.34476400
vt 0.06050500 0.38784000
vt 0.17335100 0.28524500
vt 0.26383600 0.83714800
vt 0.01234300 0.32360200
vt 0.26099400 0.89405000
vt 0.15720700 0.23214400
vt 0.15172400 0.19052100
vt 0.24939200 0.93966600
vt 0.03447700 0.17025100
vt 0.22396100 0.97164600
vt 0.16062400 0.15723800
vt 0.17612100 0.11254400
vt 0.17612100 0.11254400
vt 0.29699700 0.49731800
vt 0.29699700 0.49731800
vt 0.34124000 0.49958200
vt 0.34124000 0.49958200
vt 0.25989400 0.48051800
vt 0.25989400 0.48051800
vt 0.22775200 0.45018600
vt 0.22775200 0.45018600
vt 0.20192300 0.40537000
vt 0.20192300 0.40537000
vt 0.18152400 0.34836300
vt 0.18152400 0.34836300
vt 0.16206400 0.28821000
vt 0.16206400 0.28821000
vt 0.16206400 0.28821000
vt 0.14653400 0.23332000
vt 0.14653400 0.23332000
vt 0.14653400 0.23332000
vt 0.14063700 0.18787300
vt 0.14063700 0.18787300
vt 0.14927400 0.14904000
vt 0.14927400 0.14904000
vt 0.14927400 0.14904000
vt 0.21346000 0.65383100
vt 0.21346000 0.65383100
vt 0.21346000 0.65383100
vt 0.22145100 0.68218600
vt 0.22145100 0.68218600
vt 0.17905900 0.62732300
vt 0.17905900 0.62732300
vt 0.17905900 0.62732300
vt 0.20410700 0.63360800
vt 0.16682500 0.93657100
vt 0.16682500 0.93657100
vt 0.16682500 0.93657100
vt 0.20107600 0.90957000
vt 0.20107600 0.90957000
vt 0.20107600 0.90957000
vt 0.19203600 0.93123000
vt 0.20893300 0.87696700
vt 0.20893300 0.87696700
vt 0.21261300 0.83032200
vt 0.21560900 0.77581100
vt 0.22126300 0.72376900
vt 0.22126300 0.72376900
vt 0.22126300 0.72376900
vt 0.16059200 0.09575100
vt 0.10419600 0.23725200
vt 0.10419600 0.23725200
vt 0.24796100 0.49763800
vt 0.29265300 0.51591300
vt 0.29265300 0.51591300
vt 0.10836400 0.18280500
vt 0.10836400 0.18280500
vt 0.20818600 0.46552300
vt 0.20818600 0.46552300
vt 0.17356400 0.41911800
vt 0.17356400 0.41911800
vt 0.17356400 0.41911800
vt 0.14241000 0.36129500
vt 0.14241000 0.36129500
vt 0.14241000 0.36129500
vt 0.34337100 0.51804700
vt 0.11597100 0.29929400
vt 0.11597100 0.29929400
vt 0.11597100 0.29929400
vt 0.12607500 0.13739500
vt 0.28804500 0.53420000
vt 0.28804500 0.53420000
vt 0.28804500 0.53420000
vt 0.07359300 0.17797900
vt 0.23581200 0.51481400
vt 0.23581200 0.51481400
vt 0.23581200 0.51481400
vt 0.18825900 0.48127300
vt 0.18825900 0.48127300
vt 0.18825900 0.48127300
vt 0.34525200 0.53614000
vt 0.34525200 0.53614000
vt 0.34525200 0.53614000
vt 0.10164900 0.12608500
vt 0.10164900 0.12608500
vt 0.10164900 0.12608500
vt 0.14456100 0.43338400
vt 0.14456100 0.43338400
vt 0.14456100 0.43338400
vt 0.10249000 0.37432600
vt 0.10249000 0.37432600
vt 0.10249000 0.37432600
vt 0.10249000 0.37432600
vt 0.14531900 0.07997700
vt 0.14531900 0.07997700
vt 0.14531900 0.07997700
vt 0.06852100 0.31017200
vt 0.05953200 0.24133700
vt 0.05953200 0.24133700
vt 0.05953200 0.24133700
vt 0.05953200 0.24133700
vt 0.25896300 0.72047400
vt 0.25194400 0.77534600
vt 0.25194400 0.77534600
vt 0.17513100 0.96982900
vt 0.17513100 0.96982800
vt 0.17513100 0.96982900
vt 0.20975800 0.95291200
vt 0.18902900 0.59513100
vt 0.22233100 0.61222700
vt 0.22233100 0.61222700
vt 0.23223600 0.92481300
vt 0.23223600 0.92481300
vt 0.23223600 0.92481300
vt 0.25800300 0.67383700
vt 0.25800400 0.67383700
vt 0.24850700 0.83285800
vt 0.24850700 0.83285800
vt 0.24850700 0.83285800
vt 0.24401000 0.88452100
vt 0.24482600 0.63792900
vt 0.24482600 0.63792900
vt 0.16742200 0.90420500
vt 0.16742300 0.90420500
vt 0.16989200 0.87211400
vt 0.17199100 0.82810800
vt 0.17199100 0.82810800
vt 0.17427000 0.77491400
vt 0.17427000 0.77491400
vt 0.17695300 0.72519200
vt 0.17695300 0.72519200
vt 0.17778100 0.65744300
vt 0.17778100 0.65744300
vt 0.17826700 0.68639700
vt 0.41125100 0.54012900
vt 0.19731400 0.02381500
vt 0.55226800 0.33855200
vt 0.48252600 0.05221300
vt 0.34731600 0.00740300
vt 0.38328000 0.47356800
vt 0.14825600 0.57066800
vt 0.22913500 0.10563000
vt 0.13039700 0.99314800
vt 0.42490900 0.45063800
vt 0.09861000 0.57330800
vt 0.46824600 0.50608600
vt 0.07798700 0.98514100
vt 0.27530900 0.09389700
vt 0.27458400 0.00685200
vt 0.45340100 0.42207000
vt 0.05768500 0.58745400
vt 0.51247800 0.45910600
vt 0.03057000 0.61339000
vt 0.46551800 0.39021000
vt 0.53883700 0.40169200
vt 0.46599400 0.34989700
vt 0.01121300 0.65266300
vt 0.00685200 0.70415700
vt 0.45149800 0.30264200
vt 0.55226800 0.26733400
vt 0.42327000 0.25021800
vt 0.01396000 0.76393200
vt 0.54571300 0.18594400
vt 0.01059900 0.82644300
vt 0.39725200 0.19442800
vt 0.53317700 0.10865500
vt 0.00863000 0.88338300
vt 0.37099300 0.14793500
vt 0.34434100 0.11593600
vt 0.01634000 0.92981500
vt 0.41215700 0.02020700
vt 0.31395900 0.09803800
vt 0.03898200 0.96382700
vt 0.38892500 0.48691200
vt 0.38892500 0.48691200
vt 0.22075000 0.08451500
vt 0.22075000 0.08451500
vt 0.22075000 0.08451500
vt 0.27238300 0.07509300
vt 0.27238300 0.07509300
vt 0.46099000 0.42879300
vt 0.46098900 0.42879300
vt 0.43144200 0.46171200
vt 0.43144200 0.46171200
vt 0.47486500 0.39109700
vt 0.47486500 0.39109700
vt 0.47504700 0.34748900
vt 0.47504700 0.34748900
vt 0.46097900 0.29798700
vt 0.46097900 0.29798700
vt 0.43506700 0.24377600
vt 0.43506700 0.24377600
vt 0.40675900 0.18883000
vt 0.40675900 0.18883000
vt 0.40675900 0.18883000
vt 0.37885100 0.14103800
vt 0.37885100 0.14103800
vt 0.35043300 0.10577200
vt 0.35043300 0.10577200
vt 0.31688100 0.08385900
vt 0.31688100 0.08385900
vt 0.13267200 0.93933900
vt 0.13267200 0.93933900
vt 0.14607800 0.62219200
vt 0.14607800 0.62219200
vt 0.07626600 0.64803200
vt 0.07626600 0.64803200
vt 0.07626600 0.64803200
vt 0.06591000 0.67561200
vt 0.06591000 0.67561200
vt 0.11278200 0.62452100
vt 0.11278200 0.62452100
vt 0.11278200 0.62452100
vt 0.08729200 0.62867000
vt 0.09887400 0.93369900
vt 0.09887400 0.93369800
vt 0.09887400 0.93369900
vt 0.06702400 0.90390300
vt 0.06702400 0.90390300
vt 0.07420400 0.92624900
vt 0.06194600 0.87075400
vt 0.06194600 0.87075400
vt 0.06221600 0.82396500
vt 0.06221600 0.82396500
vt 0.06383100 0.76939500
vt 0.06383100 0.76939500
vt 0.06258900 0.71706200
vt 0.27241700 0.05233900
vt 0.41055200 0.11410200
vt 0.41055200 0.11410200
vt 0.41055200 0.11410200
vt 0.49519900 0.39442300
vt 0.47715900 0.43870400
vt 0.47715900 0.43870400
vt 0.47715900 0.43870500
vt 0.36958100 0.07954800
vt 0.36958100 0.07954800
vt 0.49950900 0.34407100
vt 0.49033900 0.28740200
vt 0.49033900 0.28740200
vt 0.49033900 0.28740200
vt 0.47105000 0.22540200
vt 0.47105000 0.22540200
vt 0.47105000 0.22540200
vt 0.39606800 0.50392800
vt 0.39606800 0.50392800
vt 0.44309800 0.47620400
vt 0.44309800 0.47620400
vt 0.44309800 0.47620400
vt 0.44585900 0.16442600
vt 0.44585900 0.16442600
vt 0.44585900 0.16442600
vt 0.32565100 0.05944300
vt 0.21284600 0.06422400
vt 0.21284600 0.06422400
vt 0.49333500 0.44818900
vt 0.49333500 0.44818900
vt 0.39047400 0.05208100
vt 0.39047400 0.05208100
vt 0.51576900 0.39762700
vt 0.51576900 0.39762700
vt 0.51576900 0.39762700
vt 0.52446400 0.34068700
vt 0.52446400 0.34068700
vt 0.45466400 0.49023600
vt 0.45466400 0.49023600
vt 0.33540100 0.03467900
vt 0.33540100 0.03467900
vt 0.52042500 0.27666900
vt 0.50755700 0.20636600
vt 0.50755700 0.20636600
vt 0.40309300 0.52067400
vt 0.40309300 0.52067500
vt 0.40309300 0.52067500
vt 0.27294400 0.03057300
vt 0.27294400 0.03057300
vt 0.27294400 0.03057300
vt 0.48575400 0.13881200
vt 0.48575400 0.13881200
vt 0.48575400 0.13881200
vt 0.44392700 0.08581000
vt 0.44392700 0.08581000
vt 0.44392700 0.08581000
vt 0.44392700 0.08581000
vt 0.20547300 0.04524300
vt 0.20547300 0.04524300
vt 0.20547300 0.04524300
vt 0.14753400 0.58773900
vt 0.14753400 0.58773900
vt 0.02530100 0.71059700
vt 0.02766400 0.76586600
vt 0.02766400 0.76586600
vt 0.08779100 0.96613700
vt 0.08779100 0.96613700
vt 0.05471500 0.94635800
vt 0.05471500 0.94635800
vt 0.10556300 0.59160300
vt 0.10556300 0.59160300
vt 0.07093700 0.60582700
vt 0.03468900 0.91646300
vt 0.03468900 0.91646300
vt 0.03019300 0.66420800
vt 0.03019300 0.66420800
vt 0.02623600 0.82346300
vt 0.02623600 0.82346200
vt 0.02623600 0.82346200
vt 0.02635600 0.87532100
vt 0.02635600 0.87532100
vt 0.04635400 0.62953900
vt 0.04635400 0.62953900
vt 0.13118400 0.97454600
vt 0.13118400 0.97454600
vt 0.13118400 0.97454600
vt 0.10101000 0.90139800
vt 0.10101000 0.90139800
vt 0.13420900 0.90296800
vt 0.13420900 0.90296800
vt 0.10125800 0.86921300
vt 0.10125800 0.86921300
vt 0.13559700 0.87013700
vt 0.10288000 0.82518700
vt 0.10288000 0.82518700
vt 0.13744000 0.82654800
vt 0.13744000 0.82654800
vt 0.10509700 0.77199000
vt 0.10509700 0.77199000
vt 0.13968000 0.77355000
vt 0.13968000 0.77355000
vt 0.10662000 0.72221900
vt 0.10662000 0.72221900
vt 0.14176100 0.72430400
vt 0.14176100 0.72430400
vt 0.11151300 0.65464200
vt 0.11151300 0.65464200
vt 0.14464800 0.65602400
vt 0.14464800 0.65602400
vt 0.10858500 0.68345100
vt 0.14338200 0.68596500
vt 0.14338200 0.68596500
vt 0.71890500 0.15811500
vt 0.82314200 0.17084900
vt 0.84320400 0.08225400
vt 0.84320400 0.08225400
vt 0.17913200 0.50477600
vt 0.17913200 0.50477600
vt 0.92314300 0.20910000
vt 0.25271200 0.61455500
vt 0.25271200 0.61455500
vt 0.22436600 0.40284700
vt 0.19766300 0.32856800
vt 0.83669800 0.14539800
vt 0.92740500 0.33557100
vt 0.73811000 0.12501100
vt 0.93471300 0.16361900
vt 0.34602000 0.54561100
vt 0.10617500 0.15841300
vt 0.85230800 0.05826200
vt 0.85230800 0.05826200
vt 0.25995200 0.72974200
vt 0.88534200 0.01275800
vt 0.93408500 0.53857600
vt 0.35211300 0.74668600
vt 0.35211300 0.74668600
vt 0.93899100 0.06268600
vt 0.84710200 0.09929500
vt 0.20813400 0.58839400
vt 0.20813400 0.58839400
vt 0.20051300 0.45257600
vt 0.20051300 0.45257600
vt 0.36226500 0.62400900
vt 0.36226500 0.62400900
vt 0.12203200 0.22406900
vt 0.82823300 0.19402800
vt 0.09251200 0.26372300
vt 0.09251200 0.26372300
vt 0.77085700 0.05431400
vt 0.92996400 0.25330100
vt 0.88498100 0.42644000
vt 0.08628000 0.19133100
vt 0.08628000 0.19133100
vt 0.28990300 0.74990200
vt 0.28990300 0.74990200
vt 0.31339800 0.71275600
vt 0.31339700 0.71275600
vt 0.29557800 0.64087200
vt 0.14350300 0.18205600
vt 0.31926000 0.59307600
vt 0.31926000 0.59307600
vt 0.14299400 0.29894100
vt 0.14299400 0.29894100
vt 0.16635900 0.25024800
vt 0.16635900 0.25024800
vt 0.92799500 0.41367500
vt 0.76614500 0.44429700
vt 0.72909700 0.35966200
vt 0.71520800 0.27446500
vt 0.71950900 0.19611100
vt 0.74501900 0.08622500
vt 0.74501900 0.08622500
vt 0.70710800 0.23341200
vt 0.28306600 0.82126100
vt 0.72182200 0.11916100
vt 0.11254300 0.34190200
vt 0.11254300 0.34190200
vt 0.14431200 0.42145700
vt 0.14431200 0.42145700
vt 0.23437500 0.66679400
vt 0.23437600 0.66679400
vt 0.30684500 0.51518600
vt 0.30684500 0.51518600
vt 0.22906300 0.53375400
vt 0.22906300 0.53375400
vt 0.27527600 0.68699600
vt 0.27527600 0.68699600
vt 0.25087000 0.47787900
vt 0.25087000 0.47787900
vt 0.27533000 0.56294400
vt 0.16929400 0.37416300
vt 0.37821100 0.70096900
vt 0.89062600 0.44357800
vt 0.87825000 0.45225100
vt 0.32378800 0.44980800
vt 0.75110300 0.45279700
vt 0.10662600 0.52819400
vt 0.75579100 0.04578700
vt 0.36295600 0.83502700
vt 0.88202200 0.44249500
vt 0.88202200 0.44249500
vt 0.81966700 0.14203200
vt 0.19713100 0.16545600
vt 0.91872100 0.37483200
vt 0.14384700 0.61998200
vt 0.71257600 0.36447500
vt 0.83026500 0.09510200
vt 0.18247400 0.11883600
vt 0.91934600 0.29439800
vt 0.91934600 0.29439800
vt 0.02274200 0.33948400
vt 0.91471000 0.16132400
vt 0.85260400 0.38473400
vt 0.30178000 0.38134700
vt 0.90995000 0.33472600
vt 0.02690500 0.16784000
vt 0.81832500 0.20994800
vt 0.92658200 0.11299000
vt 0.92658200 0.11299000
vt 0.78372800 0.49094100
vt 0.93291400 0.00951800
vt 0.82099700 0.23337900
vt 0.82099700 0.23337900
vt 0.91988800 0.06089500
vt 0.06045700 0.43453100
vt 0.21967000 0.21225700
vt 0.81102300 0.19223100
vt 0.67162600 0.49102400
vt 0.78366100 0.01367900
vt 0.73697100 0.40568300
vt 0.91217900 0.25245800
vt 0.00948400 0.24834800
vt 0.92106700 0.45319500
vt 0.92106700 0.45319500
vt 0.71124000 0.31824500
vt 0.31746000 0.43526700
vt 0.87057100 0.43651800
vt 0.83376300 0.11738600
vt 0.83376300 0.11738600
vt 0.07131700 0.10216500
vt 0.90969900 0.41347700
vt 0.69796000 0.27521800
vt 0.17609200 0.70741300
vt 0.70245000 0.19333900
vt 0.21982700 0.77802600
vt 0.28067300 0.31377900
vt 0.83540000 0.31786900
vt 0.14941900 0.09102500
vt 0.11847300 0.11684900
vt 0.11847300 0.11684900
vt 0.88571200 0.44983600
vt 0.88571200 0.47606100
vt 0.33712700 0.66951900
vt 0.33712700 0.66951900
vt 0.85154600 0.31006100
vt 0.86985900 0.37380100
vt 0.83650100 0.28666900
vt 0.83650100 0.28666900
vt 0.85134000 0.34437400
vt 0.87078600 0.41052500
vt 0.83993300 0.06597000
vt 0.19086100 0.09335500
vt 0.21177200 0.25250900
vt 0.21177200 0.25250900
vt 0.15980200 0.14327300
vt 0.18230700 0.20451500
vt 0.18230700 0.20451500
vt 0.83642400 0.25742200
vt 0.86189700 0.03115600
vt 0.19112600 0.05885600
vt 0.85556400 0.07314200
vt 0.13964500 0.05277900
vt 0.91827600 0.49654100
vt 0.93483300 0.49376900
vt 0.87575200 0.03986500
vt 0.06963900 0.15258100
vt 0.16062800 0.56016200
vt 0.16062800 0.56016200
vt 0.05139000 0.21851700
vt 0.19015000 0.64590000
vt 0.19015000 0.64590000
vt 0.12326600 0.47247300
vt 0.12326600 0.47247300
vt 0.08358800 0.38489400
vt 0.08358800 0.38489400
vt 0.39557100 0.78475200
vt 0.39557100 0.78475200
vt 0.26065000 0.77222700
vt 0.05735200 0.30001800
vt 0.32133700 0.78938400
vt 0.32133700 0.78938400
vt 0.22125400 0.72142200
vt 0.22125400 0.72142200
vt 0.82144400 0.26231500
vt 0.26298800 0.25774900
vt 0.25079100 0.35536800
vt 0.29620500 0.47678400
vt 0.29620500 0.47678400
vt 0.33191400 0.47753100
vt 0.23323900 0.28899100
vt 0.23323900 0.28899100
vt 0.27482000 0.42779500
vt 0.81075800 0.22392500
vt 0.24252900 0.23013600
vt 0.82730700 0.22183100
vt 0.60687000 0.34658900
vt 0.82314200 0.75504900
vt 0.82314200 0.75504900
vt 0.84320400 0.84364400
vt 0.84320400 0.84364400
vt 0.48294200 0.44182500
vt 0.97280500 0.33997300
vt 0.97280500 0.33997300
vt 0.45904100 0.57180200
vt 0.45904100 0.57180200
vt 0.40093100 0.36626200
vt 0.40093100 0.36626200
vt 0.39592000 0.28748800
vt 0.83669800 0.78050000
vt 0.97706600 0.21350200
vt 0.62607500 0.37969200
vt 0.98437500 0.38545400
vt 0.41226500 0.09499000
vt 0.85230800 0.86763500
vt 0.85230800 0.86763500
vt 0.49816700 0.68038300
vt 0.98374700 0.01049700
vt 0.88534200 0.91313900
vt 0.42032700 0.73255100
vt 0.42032700 0.73255100
vt 0.98865300 0.48638700
vt 0.84710200 0.82660200
vt 0.48955400 0.53008200
vt 0.48955400 0.53008300
vt 0.44258000 0.40241900
vt 0.44258000 0.40241900
vt 0.42380200 0.16154000
vt 0.42380100 0.16154000
vt 0.82823300 0.73186900
vt 0.46664800 0.18620000
vt 0.46664800 0.18620000
vt 0.65882200 0.45039000
vt 0.97962600 0.29577200
vt 0.88498100 0.49945700
vt 0.44360100 0.11729300
vt 0.44360100 0.11729300
vt 0.47869200 0.71078400
vt 0.44237200 0.68603100
vt 0.43016200 0.61298600
vt 0.38740400 0.13151800
vt 0.38740400 0.13151800
vt 0.38943700 0.57853500
vt 0.38943700 0.57853500
vt 0.43431600 0.23857800
vt 0.43431600 0.23857800
vt 0.39352600 0.20317800
vt 0.39352600 0.20317800
vt 0.97765700 0.13539900
vt 0.65411100 0.06040700
vt 0.61706300 0.14504200
vt 0.60317300 0.23023900
vt 0.60747400 0.30859300
vt 0.63298400 0.41847900
vt 0.63298400 0.41847900
vt 0.59507300 0.27129200
vt 0.60978700 0.38554200
vt 0.51332100 0.77355100
vt 0.47933100 0.26590200
vt 0.47933100 0.26590200
vt 0.48178900 0.35153000
vt 0.49662500 0.61245500
vt 0.49662500 0.61245500
vt 0.36988100 0.50212400
vt 0.36988100 0.50212400
vt 0.44863700 0.48825700
vt 0.44863700 0.48825700
vt 0.46711900 0.64724500
vt 0.46711900 0.64724500
vt 0.40642300 0.44564800
vt 0.40642300 0.44564800
vt 0.41777700 0.53342800
vt 0.44007100 0.31805700
vt 0.44007100 0.31805700
vt 0.89062600 0.48231900
vt 0.87825000 0.47364600
vt 0.32835500 0.44886200
vt 0.55878300 0.43450400
vt 0.63906900 0.05190700
vt 0.64375600 0.45891700
vt 0.44547900 0.81792800
vt 0.88202100 0.48340200
vt 0.88202100 0.48340200
vt 0.81966700 0.78386500
vt 0.33159600 0.13759400
vt 0.96838300 0.17424200
vt 0.60054100 0.14022900
vt 0.56109900 0.53352500
vt 0.32652200 0.08898900
vt 0.83026500 0.83079500
vt 0.96900700 0.25467500
vt 0.96900700 0.25467500
vt 0.56077700 0.22800000
vt 0.96437200 0.38774900
vt 0.32134700 0.37729300
vt 0.85260400 0.54116300
vt 0.95961200 0.21434700
vt 0.48875400 0.07214200
vt 0.81832500 0.71594900
vt 0.81832500 0.71594900
vt 0.97624400 0.43608400
vt 0.97624400 0.43608400
vt 0.67169400 0.01376300
vt 0.98257600 0.53955500
vt 0.82099700 0.69251900
vt 0.82099700 0.69251900
vt 0.56393400 0.33020800
vt 0.96955000 0.48817800
vt 0.81102300 0.73366600
vt 0.32950900 0.18949800
vt 0.62493600 0.09902100
vt 0.96184000 0.29661500
vt 0.53673100 0.13910000
vt 0.97072900 0.09587800
vt 0.97072900 0.09587800
vt 0.59920600 0.18645800
vt 0.32838300 0.43300400
vt 0.87057100 0.48937900
vt 0.83376300 0.80851100
vt 0.83376300 0.80851100
vt 0.42190200 0.02952200
vt 0.95936000 0.13559600
vt 0.58592500 0.22948600
vt 0.56625000 0.62657000
vt 0.55417400 0.70874800
vt 0.59041600 0.31136500
vt 0.83540000 0.60802800
vt 0.31386800 0.30690100
vt 0.34580500 0.05033300
vt 0.38446300 0.06173500
vt 0.38446300 0.06173500
vt 0.40341600 0.65578300
vt 0.40341600 0.65578300
vt 0.85154600 0.61583700
vt 0.86985900 0.55209600
vt 0.83650100 0.63922800
vt 0.83650100 0.63922800
vt 0.85134000 0.58152300
vt 0.87078600 0.51537200
vt 0.83993300 0.85992700
vt 0.30870100 0.06893800
vt 0.35275100 0.22329700
vt 0.35275100 0.22329700
vt 0.35703700 0.10240500
vt 0.36072000 0.16754700
vt 0.36072000 0.16754700
vt 0.83642400 0.66847500
vt 0.86189700 0.89474100
vt 0.29474900 0.03738500
vt 0.85556400 0.85275600
vt 0.96793800 0.05253300
vt 0.33957600 0.01135200
vt 0.98449500 0.05530500
vt 0.87575200 0.88603200
vt 0.44347500 0.07512000
vt 0.52193000 0.48529900
vt 0.48642100 0.12837600
vt 0.52890700 0.57570700
vt 0.52890700 0.57570700
vt 0.52137300 0.38998300
vt 0.52137300 0.38998300
vt 0.52298400 0.29384900
vt 0.52298400 0.29384900
vt 0.51440800 0.71964700
vt 0.51333500 0.20553600
vt 0.46553500 0.75950500
vt 0.46553500 0.75950500
vt 0.53037300 0.65737000
vt 0.53037300 0.65737000
vt 0.30783400 0.24845700
vt 0.82144400 0.66358200
vt 0.35781500 0.33319200
vt 0.36438500 0.46265700
vt 0.36438500 0.46265700
vt 0.34754800 0.26530600
vt 0.34754800 0.26530600
vt 0.36454400 0.40920300
vt 0.31563600 0.21498800
vt 0.81075800 0.70197200
vt 0.82730700 0.70406600
vt 0.13074900 0.98483400
vt 0.13074900 0.98483400
vt 0.25420600 0.63080600
vt 0.25802200 0.83453200
vt 0.25802200 0.83453200
vt 0.19137900 0.37790100
vt 0.19137900 0.37790100
vt 0.22520500 0.09585300
vt 0.22520500 0.09585300
vt 0.26854600 0.66953800
vt 0.26854600 0.66953800
vt 0.19312600 0.58538000
vt 0.15261100 0.23352900
vt 0.19669100 0.09673600
vt 0.19669100 0.09673600
vt 0.14205300 0.20946400
vt 0.14205300 0.20946400
vt 0.15345000 0.25971800
vt 0.15345000 0.25971800
vt 0.25558900 0.74715300
vt 0.25558900 0.74715300
vt 0.19392600 0.96279400
vt 0.19392600 0.96279400
vt 0.20700500 0.60258600
vt 0.17880900 0.98031200
vt 0.24142200 0.93179500
vt 0.24142200 0.93179500
vt 0.26943500 0.71855000
vt 0.15684700 0.99137000
vt 0.20794300 0.11711400
vt 0.22371500 0.42358400
vt 0.27789000 0.68977500
vt 0.14717900 0.18977600
vt 0.29484700 0.50664000
vt 0.18779100 0.41220100
vt 0.18779100 0.41220100
vt 0.16028000 0.13033800
vt 0.16028000 0.13033800
vt 0.31830200 0.50033600
vt 0.31830200 0.50033600
vt 0.36514800 0.49503100
vt 0.36514800 0.49503100
vt 0.25519300 0.91685800
vt 0.15446500 0.21133300
vt 0.22247800 0.94031000
vt 0.26001000 0.69590800
vt 0.26001000 0.69590800
vt 0.26304800 0.47577000
vt 0.20733700 0.40267000
vt 0.25394200 0.48907600
vt 0.16202400 0.35482300
vt 0.14287400 0.16801400
vt 0.14287400 0.16801400
vt 0.27767800 0.49064200
vt 0.27767800 0.49064200
vt 0.08203700 0.38092900
vt 0.08203700 0.38092900
vt 0.24685300 0.85986700
vt 0.24980700 0.80429800
vt 0.24980700 0.80429800
vt 0.16888500 0.59009100
vt 0.16888500 0.59009100
vt 0.23480100 0.62392800
vt 0.23480100 0.62392800
vt 0.15380500 0.97381400
vt 0.15380500 0.97381400
vt 0.25274600 0.65452000
vt 0.22974200 0.60315600
vt 0.22974200 0.60315600
vt 0.21685300 0.96242900
vt 0.21685300 0.96242900
vt 0.26147400 0.77514900
vt 0.18256500 0.12096500
vt 0.21729400 0.58626300
vt 0.31785600 0.48721300
vt 0.29795200 0.49124800
vt 0.29795200 0.49124800
vt 0.33996700 0.49247100
vt 0.17287900 0.57407800
vt 0.36064100 0.48042600
vt 0.24950100 0.60910400
vt 0.28187100 0.48000500
vt 0.23213500 0.44664100
vt 0.23213500 0.44664100
vt 0.25081000 0.45908400
vt 0.26990300 0.64355300
vt 0.20323800 0.37331700
vt 0.27182600 0.74509500
vt 0.16806500 0.28717300
vt 0.16806500 0.28717300
vt 0.26480000 0.80586200
vt 0.18399300 0.31500500
vt 0.18779600 0.34639600
vt 0.18779600 0.34639600
vt 0.15614500 0.15346100
vt 0.15617400 0.17387900
vt 0.23667600 0.95565600
vt 0.20362900 0.98061900
vt 0.17368700 0.14291700
vt 0.34232700 0.50884400
vt 0.34232700 0.50884400
vt 0.21799200 0.45782300
vt 0.21799200 0.45782300
vt 0.13911300 0.29377900
vt 0.17163600 0.31809100
vt 0.17163600 0.31809100
vt 0.24317000 0.46709600
vt 0.24317000 0.46709600
vt 0.21398600 0.42958400
vt 0.21398600 0.42958400
vt 0.22956300 0.52364800
vt 0.04352300 0.31589400
vt 0.04352300 0.31589400
vt 0.39250700 0.49544300
vt 0.39250700 0.49544300
vt 0.14794700 0.57797800
vt 0.14794700 0.57797800
vt 0.38584900 0.47960000
vt 0.38584900 0.47960000
vt 0.21675800 0.07427100
vt 0.21675800 0.07427100
vt 0.16833900 0.10406800
vt 0.13776700 0.14318700
vt 0.12468900 0.18532200
vt 0.12468900 0.18532200
vt 0.12553500 0.23528400
vt 0.12553500 0.23528400
vt 0.26241500 0.86559900
vt 0.16527900 0.25869500
vt 0.25372000 0.88854600
vt 0.23929000 0.90622000
vt 0.23929000 0.90622000
vt 0.16260500 0.04350400
vt 0.37914800 0.54854700
vt 0.31475700 0.55625700
vt 0.25256700 0.54493600
vt 0.19493700 0.51718800
vt 0.14127900 0.47504000
vt 0.08792800 0.41893500
vt 0.03642400 0.35572100
vt 0.00959800 0.28454100
vt 0.02066400 0.20786500
vt 0.05396100 0.14212300
vt 0.10067000 0.08859300
vt 0.20190000 0.03599000
vt 0.17802700 0.48953900
vt 0.40667500 0.52921600
vt 0.15291000 0.08772000
vt 0.08222500 0.23924300
vt 0.08222500 0.23924300
vt 0.29038200 0.52509800
vt 0.29038200 0.52509800
vt 0.09135000 0.18035400
vt 0.15916400 0.42618600
vt 0.15916400 0.42618600
vt 0.34434200 0.52714500
vt 0.11404400 0.13170500
vt 0.11404400 0.13170500
vt 0.18494700 0.07801500
vt 0.36991800 0.51289600
vt 0.36991800 0.51289600
vt 0.31739100 0.51907700
vt 0.31739100 0.51907700
vt 0.15766400 0.39116700
vt 0.22745100 0.48332100
vt 0.10796000 0.26781300
vt 0.26959200 0.50862700
vt 0.12798500 0.33056500
vt 0.10450000 0.20876700
vt 0.10450000 0.20876700
vt 0.19030300 0.44405500
vt 0.19030300 0.44405500
vt 0.14099200 0.11594600
vt 0.11540500 0.15937200
vt 0.11540500 0.15937200
vt 0.28559900 0.54351500
vt 0.28559900 0.54351500
vt 0.05500500 0.17541200
vt 0.24192300 0.50621000
vt 0.19828900 0.47333700
vt 0.19828900 0.47333700
vt 0.34613200 0.54530700
vt 0.08871100 0.12041400
vt 0.08871100 0.12041400
vt 0.12980300 0.44083900
vt 0.12980200 0.44083900
vt 0.12258200 0.36779200
vt 0.12258200 0.36779300
vt 0.39959400 0.51233400
vt 0.39959500 0.51233400
vt 0.13761800 0.07231400
vt 0.13761800 0.07231400
vt 0.09246900 0.30473100
vt 0.09246900 0.30473100
vt 0.03568300 0.24355900
vt 0.20908100 0.05453900
vt 0.20908100 0.05453900
vt 0.06436200 0.20831500
vt 0.12131400 0.10221200
vt 0.12131400 0.10221200
vt 0.31620300 0.53743500
vt 0.31620300 0.53743500
vt 0.08333000 0.34290900
vt 0.08593800 0.15095500
vt 0.08593800 0.15095500
vt 0.12323200 0.40478400
vt 0.16611000 0.45905000
vt 0.16611000 0.45905000
vt 0.26127600 0.52646500
vt 0.26127600 0.52646500
vt 0.21147400 0.49979600
vt 0.21147400 0.49979600
vt 0.06061700 0.27585100
vt 0.06061700 0.27585100
vt 0.17372300 0.06052800
vt 0.17372300 0.06052800
vt 0.37450500 0.53046000
vt 0.37450500 0.53046000
vt 0.21851300 0.74890700
vt 0.21851300 0.74890700
vt 0.18127000 0.93314900
vt 0.19328800 0.63144300
vt 0.19328800 0.63144300
vt 0.19576900 0.92174700
vt 0.19576900 0.92174700
vt 0.22240100 0.70132400
vt 0.22240100 0.70132400
vt 0.21115300 0.85519800
vt 0.21115300 0.85519800
vt 0.21381200 0.80340500
vt 0.21381200 0.80340500
vt 0.16306500 0.62391200
vt 0.16306500 0.62391200
vt 0.20786700 0.64271300
vt 0.20786700 0.64271300
vt 0.15029200 0.93894900
vt 0.15029200 0.93894900
vt 0.21832100 0.66662500
vt 0.20560900 0.89493100
vt 0.20560900 0.89493100
vt 0.14686800 0.60350300
vt 0.14686800 0.60350300
vt 0.23584800 0.77565600
vt 0.24235900 0.72225200
vt 0.17046200 0.95435700
vt 0.17046200 0.95435700
vt 0.19997400 0.94065300
vt 0.21223300 0.62433700
vt 0.18361700 0.61012500
vt 0.18361700 0.61012500
vt 0.21806600 0.91668200
vt 0.24185100 0.67823200
vt 0.22832600 0.88057800
vt 0.23258800 0.83151800
vt 0.23070100 0.64652200
vt 0.23070100 0.64652200
vt 0.13186100 0.95852300
vt 0.13186100 0.95852300
vt 0.13347100 0.92042600
vt 0.13347100 0.92042600
vt 0.17750300 0.64311600
vt 0.17750300 0.64311600
vt 0.16622300 0.91978400
vt 0.13488500 0.88699000
vt 0.13488500 0.88699000
vt 0.15081100 0.90353700
vt 0.18409100 0.90571400
vt 0.18409100 0.90571400
vt 0.16873800 0.88898300
vt 0.16873800 0.88898300
vt 0.13644700 0.85002700
vt 0.13644700 0.85002700
vt 0.15229200 0.87090800
vt 0.18898900 0.87411400
vt 0.17095700 0.85178800
vt 0.17095700 0.85178800
vt 0.13854300 0.80043400
vt 0.13854300 0.80043400
vt 0.15411800 0.82726500
vt 0.19181900 0.82915700
vt 0.17306000 0.80189300
vt 0.17306000 0.80189300
vt 0.14076700 0.74782300
vt 0.15630300 0.77424000
vt 0.19442600 0.77551200
vt 0.17566000 0.74898900
vt 0.17566000 0.74898900
vt 0.14263400 0.70366800
vt 0.15840400 0.72493200
vt 0.19855000 0.72479500
vt 0.19855000 0.72479400
vt 0.17819600 0.67130500
vt 0.14532700 0.63996400
vt 0.14532700 0.63996400
vt 0.16095200 0.65681500
vt 0.19546200 0.65708000
vt 0.19546200 0.65708000
vt 0.17785200 0.70426700
vt 0.14402600 0.67072400
vt 0.14402600 0.67072400
vt 0.15994300 0.68653400
vt 0.19939200 0.68497200
vt 0.03760900 0.62165100
vt 0.01661400 0.82432800
vt 0.01661400 0.82432800
vt 0.44891500 0.27131300
vt 0.44891500 0.27131300
vt 0.02005100 0.65903400
vt 0.02005100 0.65903400
vt 0.10230400 0.58154000
vt 0.37489400 0.14549300
vt 0.37489400 0.14549300
vt 0.24666500 0.07728100
vt 0.24666500 0.07728100
vt 0.36491100 0.12170500
vt 0.36491100 0.12170500
vt 0.39275300 0.16360900
vt 0.39275400 0.16360900
vt 0.02641100 0.73746600
vt 0.06965700 0.95754100
vt 0.06965700 0.95754100
vt 0.08702200 0.59751400
vt 0.08324200 0.97627200
vt 0.08324200 0.97627200
vt 0.02494600 0.92264400
vt 0.02494600 0.92264400
vt 0.01502900 0.70779700
vt 0.25222200 0.09976400
vt 0.10419200 0.98914500
vt 0.00903200 0.67841000
vt 0.45874600 0.32627000
vt 0.34712800 0.11183300
vt 0.46907300 0.43378400
vt 0.47560300 0.29270200
vt 0.29603000 0.07756500
vt 0.29603000 0.07756500
vt 0.44813800 0.44594500
vt 0.44813800 0.44594500
vt 0.41138700 0.47559200
vt 0.41138700 0.47559200
vt 0.35766700 0.13193500
vt 0.01248500 0.90659900
vt 0.04310500 0.93272800
vt 0.02633100 0.68603000
vt 0.02633100 0.68603000
vt 0.46938300 0.39006700
vt 0.45528500 0.29995600
vt 0.48501700 0.39277000
vt 0.45302200 0.23463800
vt 0.33474800 0.09323400
vt 0.33474800 0.09323400
vt 0.46977200 0.41058000
vt 0.46977200 0.41058000
vt 0.52616800 0.19649400
vt 0.52616800 0.19649400
vt 0.02560400 0.85051500
vt 0.02560400 0.85051500
vt 0.02735100 0.79489400
vt 0.02735100 0.79489400
vt 0.12606100 0.58828000
vt 0.12606100 0.58828000
vt 0.05752500 0.61643500
vt 0.05752500 0.61643500
vt 0.10870500 0.97190800
vt 0.03706200 0.64540300
vt 0.03706200 0.64540300
vt 0.06431900 0.59616400
vt 0.06431900 0.59616400
vt 0.04684200 0.95524200
vt 0.04684200 0.95524300
vt 0.01818500 0.76486500
vt 0.01818500 0.76486500
vt 0.27332300 0.08559700
vt 0.43915500 0.43635400
vt 0.07814800 0.58038100
vt 0.45605800 0.42520300
vt 0.45605800 0.42520300
vt 0.42726300 0.45578400
vt 0.42726300 0.45578400
vt 0.40409400 0.46210300
vt 0.12343300 0.57198800
vt 0.04412800 0.60042300
vt 0.45945900 0.40614000
vt 0.46948100 0.34821100
vt 0.46948100 0.34821100
vt 0.02089100 0.63302700
vt 0.46575600 0.37005400
vt 0.43738400 0.27643000
vt 0.01040600 0.73404500
vt 0.40198900 0.19227500
vt 0.41026100 0.22232300
vt 0.01228000 0.79518800
vt 0.42932200 0.24676300
vt 0.42932200 0.24676300
vt 0.31484600 0.09190400
vt 0.31484600 0.09190400
vt 0.02766100 0.94682100
vt 0.32915000 0.10698700
vt 0.05848500 0.97448400
vt 0.29463400 0.09596700
vt 0.43727600 0.46899500
vt 0.48724400 0.34577400
vt 0.48724400 0.34577400
vt 0.42625900 0.17672300
vt 0.42625900 0.17672300
vt 0.42089000 0.21592500
vt 0.42089000 0.21592500
vt 0.47666600 0.37006800
vt 0.47666600 0.37006800
vt 0.46980900 0.32343100
vt 0.46980900 0.32343100
vt 0.52637700 0.39926800
vt 0.52637700 0.39926800
vt 0.50672100 0.12525800
vt 0.50672100 0.12525800
vt 0.27236000 0.06364200
vt 0.32118900 0.07167400
vt 0.35987500 0.09275400
vt 0.35987500 0.09275400
vt 0.39458200 0.12767500
vt 0.39458200 0.12767500
vt 0.00961400 0.85491300
vt 0.38412200 0.17118100
vt 0.01634200 0.87851200
vt 0.02922900 0.89734100
vt 0.02922900 0.89734100
vt 0.23594900 0.01533300
vt 0.43974900 0.52310800
vt 0.49036200 0.48259600
vt 0.52565800 0.43039900
vt 0.54555300 0.37012200
vt 0.55226800 0.30294300
vt 0.54899100 0.22663900
vt 0.53944500 0.14730000
vt 0.50785200 0.08043400
vt 0.44734100 0.03621000
vt 0.37973700 0.01380500
vt 0.31095000 0.00712700
vt 0.53738500 0.33906900
vt 0.27261600 0.04131000
vt 0.42696900 0.10015000
vt 0.42696900 0.10015100
vt 0.48524700 0.44350200
vt 0.48524700 0.44350200
vt 0.37976800 0.06599800
vt 0.50527800 0.28206900
vt 0.50527800 0.28206900
vt 0.44889600 0.48328000
vt 0.44889600 0.48328000
vt 0.33038900 0.04712300
vt 0.24266500 0.05563800
vt 0.42079400 0.49153200
vt 0.42079400 0.49153200
vt 0.46207300 0.45844900
vt 0.46207300 0.45844900
vt 0.48155200 0.25679100
vt 0.48155200 0.25679100
vt 0.49904100 0.37001700
vt 0.42935100 0.13747000
vt 0.48806100 0.41732800
vt 0.45945500 0.19417100
vt 0.45945500 0.19417100
vt 0.39040200 0.09483800
vt 0.39040200 0.09483800
vt 0.49650000 0.31653800
vt 0.49650000 0.31653800
vt 0.30030500 0.05395100
vt 0.34836400 0.06790400
vt 0.34836400 0.06790400
vt 0.50166700 0.45294300
vt 0.50166700 0.45294300
vt 0.40157200 0.03756700
vt 0.50544100 0.39604100
vt 0.51190400 0.34238400
vt 0.51190400 0.34238400
vt 0.46057800 0.49728500
vt 0.34075000 0.02193000
vt 0.53584300 0.27132100
vt 0.53584300 0.27132100
vt 0.48921500 0.21598700
vt 0.48921500 0.21598700
vt 0.27342500 0.01985700
vt 0.27342500 0.01985700
vt 0.46565900 0.15179000
vt 0.46565900 0.15179000
vt 0.46170600 0.07079800
vt 0.41774500 0.06661300
vt 0.41774400 0.06661300
vt 0.30524000 0.03070800
vt 0.30524000 0.03070800
vt 0.47594700 0.47046200
vt 0.47594700 0.47046200
vt 0.49857400 0.17144800
vt 0.49857400 0.17144800
vt 0.36337900 0.04166600
vt 0.36337900 0.04166600
vt 0.51482700 0.24189500
vt 0.51482700 0.24189500
vt 0.52384300 0.30963600
vt 0.52384400 0.30963600
vt 0.50646200 0.42379100
vt 0.50646200 0.42379100
vt 0.52177100 0.36995800
vt 0.52177200 0.36995800
vt 0.46719300 0.11000800
vt 0.46719300 0.11000800
vt 0.23914400 0.03526700
vt 0.23914400 0.03526700
vt 0.43010500 0.50712200
vt 0.43010500 0.50712200
vt 0.06320800 0.74234200
vt 0.06320800 0.74234200
vt 0.08477000 0.92906900
vt 0.09825500 0.62742600
vt 0.09825500 0.62742600
vt 0.07128400 0.91648500
vt 0.07128400 0.91648500
vt 0.06334900 0.69460100
vt 0.06334900 0.69460100
vt 0.06157200 0.84887500
vt 0.06329300 0.79704200
vt 0.12900600 0.62247300
vt 0.12900600 0.62247300
vt 0.08277700 0.63742600
vt 0.08277700 0.63742600
vt 0.11514700 0.93746300
vt 0.11514700 0.93746300
vt 0.07034200 0.66037000
vt 0.06374200 0.88893500
vt 0.06374200 0.88893500
vt 0.04367700 0.76753300
vt 0.04169600 0.71377000
vt 0.09374900 0.95111400
vt 0.09374900 0.95111400
vt 0.06549900 0.93496800
vt 0.07997700 0.61874600
vt 0.10969100 0.60700000
vt 0.10969100 0.60700000
vt 0.04949400 0.90955700
vt 0.04591700 0.66994900
vt 0.04231800 0.87271500
vt 0.04221100 0.82347000
vt 0.05970300 0.63929400
vt 0.11299800 0.64038900
vt 0.11299800 0.64038900
vt 0.10089100 0.91702200
vt 0.10089100 0.91702200
vt 0.11761900 0.90213400
vt 0.08427400 0.90149500
vt 0.08427400 0.90149500
vt 0.10098400 0.88611900
vt 0.10098400 0.88611900
vt 0.11889600 0.86949700
vt 0.08206000 0.86959400
vt 0.10191200 0.84886900
vt 0.10191200 0.84887000
vt 0.12076100 0.82585500
vt 0.08303400 0.82455900
vt 0.10402600 0.79897500
vt 0.12305800 0.77283500
vt 0.08496300 0.77088500
vt 0.10590100 0.74604100
vt 0.10590100 0.74604100
vt 0.12512500 0.72352600
vt 0.08513400 0.72000000
vt 0.10992900 0.66842000
vt 0.12833500 0.65543700
vt 0.09392500 0.65278800
vt 0.09392500 0.65278800
vt 0.10749000 0.70129300
vt 0.12683300 0.68513500
vt 0.08765500 0.68024800
vt 0.91874900 0.33504200
vt 0.17581800 0.60361300
vt 0.31059300 0.55364500
vt 0.92474200 0.16218600
vt 0.24106500 0.57489700
vt 0.92110600 0.25265300
vt 0.72149000 0.36204700
vt 0.15534800 0.33664700
vt 0.35790500 0.78947600
vt 0.75896900 0.44850000
vt 0.05184900 0.25840100
vt 0.91905600 0.41366300
vt 0.14284300 0.51638600
vt 0.28838500 0.78386200
vt 0.06836600 0.34220100
vt 0.05727600 0.18262400
vt 0.76352700 0.05003100
vt 0.21523500 0.49292700
vt 0.81984900 0.19258300
vt 0.28459900 0.71878800
vt 0.32841600 0.63168600
vt 0.26432200 0.65215800
vt 0.10277500 0.42844800
vt 0.34512900 0.70724800
vt 0.18481200 0.41283100
vt 0.11497000 0.18944100
vt 0.81915800 0.70326200
vt 0.71138500 0.19493300
vt 0.70710200 0.27503900
vt 0.73036500 0.12210300
vt 0.13122000 0.26103700
vt 0.88432400 0.44756400
vt 0.87750200 0.43048500
vt 0.31308900 0.48077800
vt 0.82823600 0.14379600
vt 0.20518700 0.68567900
vt 0.15066700 0.11559200
vt 0.28454800 0.45701000
vt 0.83864300 0.09772300
vt 0.92950100 0.06168300
vt 0.23959700 0.32137900
vt 0.17082200 0.17378200
vt 0.84356300 0.31427600
vt 0.86119700 0.37890400
vt 0.19479900 0.23213100
vt 0.26319800 0.39211300
vt 0.16625200 0.07342500
vt 0.84775000 0.06969600
vt 0.92675900 0.49530100
vt 0.86882500 0.03551000
vt 0.23605800 0.25862300
vt 0.82889700 0.25990000
vt 0.23934000 0.75060400
vt 0.09089700 0.13045900
vt 0.96841000 0.21403100
vt 0.52525700 0.53120800
vt 0.38172200 0.53890600
vt 0.97440300 0.38688700
vt 0.45397100 0.53078200
vt 0.97076800 0.29642000
vt 0.60945600 0.14265700
vt 0.43796100 0.27808800
vt 0.43201400 0.77412100
vt 0.64693500 0.05620400
vt 0.50184800 0.16515900
vt 0.96871800 0.13541000
vt 0.52085600 0.43805900
vt 0.49357900 0.74134500
vt 0.51998900 0.24862200
vt 0.46675700 0.09777700
vt 0.65149200 0.45467300
vt 0.44510400 0.44529700
vt 0.81984900 0.73331400
vt 0.47119700 0.68012400
vt 0.39637700 0.61760400
vt 0.46332900 0.61092300
vt 0.52268300 0.34144000
vt 0.41106500 0.69358600
vt 0.44119500 0.35970700
vt 0.41652300 0.12695700
vt 0.59935000 0.30977100
vt 0.59506700 0.22966500
vt 0.61833000 0.38260100
vt 0.43005900 0.19911600
vt 0.88432400 0.47833300
vt 0.87750200 0.49541200
vt 0.35047800 0.47303000
vt 0.82823600 0.78210200
vt 0.53091400 0.61818600
vt 0.35442100 0.07337300
vt 0.36722500 0.43987900
vt 0.83864300 0.82817400
vt 0.97916300 0.48739000
vt 0.35458200 0.29755300
vt 0.35904700 0.13478000
vt 0.84356300 0.61162100
vt 0.86119700 0.54699300
vt 0.36022900 0.19785300
vt 0.36103100 0.37184200
vt 0.32336400 0.04087100
vt 0.84775000 0.85620100
vt 0.97642100 0.05377300
vt 0.86882500 0.89038700
vt 0.33289400 0.23855800
vt 0.82889700 0.66599800
vt 0.52537200 0.69133600
vt 0.41517700 0.06326700
vt 0.81915800 0.22263500
vt 0.08482300 0.20848800
vt 0.15374800 0.46682300
vt 0.36290400 0.48756800
vt 0.08458500 0.27180500
vt 0.21951100 0.49151600
vt 0.25928900 0.80498500
vt 0.25699900 0.53547400
vt 0.14974300 0.17103700
vt 0.13083800 0.26378200
vt 0.23532700 0.47519200
vt 0.27365300 0.49964800
vt 0.25645200 0.86256700
vt 0.20329300 0.50826600
vt 0.19732600 0.37549800
vt 0.17782200 0.31657500
vt 0.03579700 0.28007600
vt 0.06031700 0.34918800
vt 0.14843300 0.21053600
vt 0.16721600 0.13669900
vt 0.10566700 0.41174500
vt 0.13120700 0.10899500
vt 0.37678000 0.53927100
vt 0.19933100 0.97290000
vt 0.15066600 0.12308800
vt 0.12929000 0.16367300
vt 0.31787000 0.50973700
vt 0.10582400 0.33673700
vt 0.24704500 0.46288800
vt 0.14056200 0.39793200
vt 0.16827700 0.05216500
vt 0.37223300 0.52171700
vt 0.31552000 0.54660500
vt 0.24326100 0.61575400
vt 0.17925300 0.06909100
vt 0.27054700 0.69295900
vt 0.17829200 0.45148300
vt 0.24881200 0.91160000
vt 0.26274600 0.64887200
vt 0.04302100 0.20820200
vt 0.27984300 0.48513300
vt 0.12346900 0.20910200
vt 0.21894200 0.42637900
vt 0.31817300 0.49358000
vt 0.15947400 0.25933100
vt 0.11122700 0.09548900
vt 0.07028100 0.14670500
vt 0.14988000 0.32434400
vt 0.36754900 0.50398800
vt 0.20218000 0.43677800
vt 0.23071100 0.94860500
vt 0.26546600 0.51756100
vt 0.17457400 0.38450500
vt 0.21277700 0.59310600
vt 0.10096800 0.15514000
vt 0.26558400 0.74617100
vt 0.17110800 0.58040300
vt 0.15541800 0.98415400
vt 0.31683000 0.52830900
vt 0.20245600 0.10704200
vt 0.19078200 0.08728100
vt 0.23921300 0.74814500
vt 0.18667600 0.94849500
vt 0.19922300 0.61650100
vt 0.21007400 0.93001000
vt 0.24344700 0.69876800
vt 0.23097700 0.85741200
vt 0.23385000 0.80385600
vt 0.16585200 0.60563000
vt 0.22232600 0.63442000
vt 0.15179500 0.95784800
vt 0.23742100 0.66094300
vt 0.22411100 0.90031300
vt 0.15014800 0.92053500
vt 0.18126400 0.91916700
vt 0.15154400 0.88775000
vt 0.18684100 0.89121000
vt 0.15314600 0.85077100
vt 0.19058800 0.85328500
vt 0.15518800 0.80113800
vt 0.19294100 0.80270800
vt 0.15739900 0.74848800
vt 0.19654500 0.74917300
vt 0.15925600 0.70425900
vt 0.19958900 0.70324800
vt 0.16158000 0.64117900
vt 0.19289600 0.64473800
vt 0.16048000 0.67132400
vt 0.19792100 0.66998500
vt 0.40378700 0.08092200
vt 0.53786700 0.30618000
vt 0.40762400 0.46874400
vt 0.44805700 0.12392600
vt 0.51034200 0.36999300
vt 0.01784500 0.79477900
vt 0.51583300 0.42699500
vt 0.33186500 0.10030400
vt 0.41096800 0.15064200
vt 0.48783000 0.37004200
vt 0.47890900 0.41397700
vt 0.01581300 0.85239500
vt 0.53343800 0.36995000
vt 0.44306900 0.27381200
vt 0.41558900 0.21916500
vt 0.48699100 0.09562000
vt 0.51863400 0.15961400
vt 0.36126000 0.12701900
vt 0.29522200 0.08697200
vt 0.53177500 0.23426400
vt 0.30268400 0.04228100
vt 0.43479400 0.51492000
vt 0.06341800 0.96715500
vt 0.29811400 0.06572800
vt 0.34144900 0.08063500
vt 0.45510900 0.45223700
vt 0.47891000 0.18295000
vt 0.47102600 0.36995400
vt 0.49809400 0.24940800
vt 0.23754200 0.02548200
vt 0.42546300 0.49937100
vt 0.48295000 0.47639100
vt 0.04978400 0.60757500
vt 0.24083900 0.04526200
vt 0.01608000 0.68220300
vt 0.51007300 0.31310100
vt 0.01928700 0.90189800
vt 0.02757400 0.63893200
vt 0.43229500 0.05180700
vt 0.46442100 0.40827800
vt 0.37752000 0.10837600
vt 0.46407800 0.32476600
vt 0.44344200 0.44108800
vt 0.38843300 0.16756000
vt 0.30797400 0.01910500
vt 0.37144700 0.02802800
vt 0.44013800 0.20512200
vt 0.41609800 0.48359100
vt 0.48310600 0.31998100
vt 0.03420000 0.94029900
vt 0.49724100 0.42059500
vt 0.46518500 0.26407700
vt 0.08207100 0.58758100
vt 0.35567000 0.05492500
vt 0.01653600 0.73564400
vt 0.12466400 0.57844000
vt 0.10622500 0.98207500
vt 0.46902200 0.46452000
vt 0.24941800 0.08871100
vt 0.24462700 0.06636400
vt 0.04264500 0.73983600
vt 0.07808800 0.94390500
vt 0.09360300 0.61203700
vt 0.05633300 0.92351200
vt 0.04259400 0.69027800
vt 0.04163100 0.84940900
vt 0.04328900 0.79580000
vt 0.12777200 0.60402000
vt 0.06906900 0.62794200
vt 0.11205500 0.95616800
vt 0.05179000 0.65309600
vt 0.04485200 0.89273600
vt 0.11684500 0.91912700
vt 0.08595600 0.91513900
vt 0.11822000 0.88634200
vt 0.08275700 0.88681100
vt 0.11974500 0.84935900
vt 0.08222400 0.84870400
vt 0.12189900 0.79973100
vt 0.08414800 0.79810900
vt 0.12413900 0.74708200
vt 0.08507500 0.74446100
vt 0.12602100 0.70285400
vt 0.08591700 0.69844300
vt 0.12902800 0.63980300
vt 0.09752400 0.64070700
vt 0.12758100 0.66993400
vt 0.09038700 0.66543900
f 92/92/92 719/719/719 1571/1571/1571
f 719/719/719 56/56/56 634/634/634
f 1571/1571/1571 634/634/634 55/55/55
f 724/724/724 1571/1571/1571 713/713/713
f 89/89/89 786/786/786 1572/1572/1572
f 786/786/786 26/26/26 648/648/648
f 1572/1572/1572 648/648/648 28/28/28
f 714/714/714 1572/1572/1572 789/789/789
f 172/172/172 670/670/670 1573/1573/1573
f 670/670/670 39/39/39 699/699/699
f 1573/1573/1573 699/699/699 37/37/37
f 637/637/637 1573/1573/1573 691/691/691
f 97/97/97 728/728/728 1574/1574/1574
f 728/728/728 58/58/58 636/636/636
f 1574/1574/1574 636/636/636 57/57/57
f 721/721/721 1574/1574/1574 628/628/628
f 39/39/39 630/630/630 1575/1575/1575
f 630/630/630 29/29/29 649/649/649
f 1575/1575/1575 649/649/649 27/27/27
f 699/699/699 1575/1575/1575 693/693/693
f 56/56/56 718/718/718 1576/1576/1576
f 718/718/718 92/92/92 740/740/740
f 1576/1576/1576 740/740/740 3/3/3
f 659/659/659 1576/1576/1576 628/628/628
f 90/90/90 715/715/715 1577/1577/1577
f 715/715/715 95/95/95 744/744/744
f 1577/1577/1577 744/744/744 62/62/62
f 739/739/739 1577/1577/1577 677/677/677
f 43/43/43 700/700/700 1578/1578/1578
f 700/700/700 20/20/20 686/686/686
f 1578/1578/1578 686/686/686 17/17/17
f 632/632/632 1578/1578/1578 671/671/671
f 125/125/125 796/796/796 1579/1579/1579
f 796/796/796 216/216/216 708/708/708
f 1579/1579/1579 708/708/708 2/2/2
f 644/644/644 1579/1579/1579 800/800/800
f 86/86/86 705/705/705 1580/1580/1580
f 705/705/705 90/90/90 739/739/739
f 1580/1580/1580 739/739/739 61/61/61
f 729/729/729 1580/1580/1580 676/676/676
f 16/16/16 657/657/657 1581/1581/1581
f 657/657/657 18/18/18 798/798/798
f 1581/1581/1581 798/798/798 4/4/4
f 788/788/788 1581/1581/1581 741/741/741
f 101/101/101 713/713/713 1582/1582/1582
f 713/713/713 55/55/55 675/675/675
f 1582/1582/1582 675/675/675 53/53/53
f 750/750/750 1582/1582/1582 742/742/742
f 23/23/23 626/626/626 1583/1583/1583
f 626/626/626 25/25/25 787/787/787
f 1583/1583/1583 787/787/787 89/89/89
f 792/792/792 1583/1583/1583 706/706/706
f 34/34/34 663/663/663 1584/1584/1584
f 663/663/663 10/10/10 799/799/799
f 1584/1584/1584 799/799/799 2/2/2
f 797/797/797 1584/1584/1584 683/683/683
f 18/18/18 685/685/685 1585/1585/1585
f 685/685/685 21/21/21 793/793/793
f 1585/1585/1585 793/793/793 98/98/98
f 798/798/798 1585/1585/1585 720/720/720
f 14/14/14 661/661/661 1586/1586/1586
f 661/661/661 16/16/16 788/788/788
f 1586/1586/1586 788/788/788 91/91/91
f 785/785/785 1586/1586/1586 725/725/725
f 218/218/218 738/738/738 1587/1587/1587
f 738/738/738 179/179/179 658/658/658
f 1587/1587/1587 658/658/658 54/54/54
f 707/707/707 1587/1587/1587 681/681/681
f 23/23/23 650/650/650 1588/1588/1588
f 650/650/650 41/41/41 698/698/698
f 1588/1588/1588 698/698/698 37/37/37
f 627/627/627 1588/1588/1588 694/694/694
f 107/107/107 736/736/736 1589/1589/1589
f 736/736/736 50/50/50 623/623/623
f 1589/1589/1589 623/623/623 66/66/66
f 726/726/726 1589/1589/1589 655/655/655
f 11/11/11 664/664/664 1590/1590/1590
f 664/664/664 34/34/34 641/641/641
f 1590/1590/1590 641/641/641 33/33/33
f 666/666/666 1590/1590/1590 695/695/695
f 173/173/173 653/653/653 1591/1591/1591
f 653/653/653 169/169/169 762/762/762
f 1591/1591/1591 762/762/762 35/35/35
f 669/669/669 1591/1591/1591 667/667/667
f 38/38/38 667/667/667 1592/1592/1592
f 667/667/667 35/35/35 696/696/696
f 1592/1592/1592 696/696/696 32/32/32
f 629/629/629 1592/1592/1592 690/690/690
f 98/98/98 794/794/794 1593/1593/1593
f 794/794/794 22/22/22 687/687/687
f 1593/1593/1593 687/687/687 23/23/23
f 734/734/734 1593/1593/1593 791/791/791
f 126/126/126 645/645/645 1594/1594/1594
f 645/645/645 13/13/13 665/665/665
f 1594/1594/1594 665/665/665 35/35/35
f 701/701/701 1594/1594/1594 763/763/763
f 44/44/44 631/631/631 1595/1595/1595
f 631/631/631 40/40/40 651/651/651
f 1595/1595/1595 651/651/651 24/24/24
f 700/700/700 1595/1595/1595 688/688/688
f 48/48/48 654/654/654 1596/1596/1596
f 654/654/654 15/15/15 662/662/662
f 1596/1596/1596 662/662/662 14/14/14
f 668/668/668 1596/1596/1596 638/638/638
f 204/204/204 998/998/998 1597/1597/1597
f 998/998/998 196/196/196 917/917/917
f 1597/1597/1597 917/917/917 241/241/241
f 923/923/923 1597/1597/1597 997/997/997
f 5/5/5 753/753/753 1598/1598/1598
f 753/753/753 7/7/7 622/622/622
f 1598/1598/1598 622/622/622 64/64/64
f 682/682/682 1598/1598/1598 679/679/679
f 95/95/95 751/751/751 1599/1599/1599
f 751/751/751 5/5/5 682/682/682
f 1599/1599/1599 682/682/682 63/63/63
f 744/744/744 1599/1599/1599 678/678/678
f 7/7/7 684/684/684 1600/1600/1600
f 684/684/684 1/1/1 680/680/680
f 1600/1600/1600 680/680/680 54/54/54
f 622/622/622 1600/1600/1600 635/635/635
f 16/16/16 654/654/654 1601/1601/1601
f 654/654/654 47/47/47 673/673/673
f 1601/1601/1601 673/673/673 45/45/45
f 656/656/656 1601/1601/1601 672/672/672
f 246/246/246 703/703/703 1602/1602/1602
f 703/703/703 103/103/103 710/710/710
f 1602/1602/1602 710/710/710 83/83/83
f 760/760/760 1602/1602/1602 702/702/702
f 113/113/113 660/660/660 1603/1603/1603
f 660/660/660 83/83/83 709/709/709
f 1603/1603/1603 709/709/709 103/103/103
f 769/769/769 1603/1603/1603 746/746/746
f 104/104/104 704/704/704 1604/1604/1604
f 704/704/704 247/247/247 808/808/808
f 1604/1604/1604 808/808/808 151/151/151
f 806/806/806 1604/1604/1604 692/692/692
f 93/93/93 747/747/747 1605/1605/1605
f 747/747/747 65/65/65 633/633/633
f 1605/1605/1605 633/633/633 66/66/66
f 711/711/711 1605/1605/1605 623/623/623
f 33/33/33 801/801/801 1606/1606/1606
f 801/801/801 6/6/6 752/752/752
f 1606/1606/1606 752/752/752 96/96/96
f 689/689/689 1606/1606/1606 790/790/790
f 9/9/9 759/759/759 1607/1607/1607
f 759/759/759 100/100/100 757/757/757
f 1607/1607/1607 757/757/757 51/51/51
f 774/774/774 1607/1607/1607 717/717/717
f 104/104/104 807/807/807 1608/1608/1608
f 807/807/807 37/37/37 697/697/697
f 1608/1608/1608 697/697/697 42/42/42
f 745/745/745 1608/1608/1608 811/811/811
f 93/93/93 716/716/716 1609/1609/1609
f 716/716/716 52/52/52 624/624/624
f 1609/1609/1609 624/624/624 67/67/67
f 748/748/748 1609/1609/1609 647/647/647
f 97/97/97 733/733/733 1610/1610/1610
f 733/733/733 87/87/87 730/730/730
f 1610/1610/1610 730/730/730 60/60/60
f 727/727/727 1610/1610/1610 646/646/646
f 105/105/105 805/805/805 1611/1611/1611
f 805/805/805 43/43/43 632/632/632
f 1611/1611/1611 632/632/632 45/45/45
f 755/755/755 1611/1611/1611 810/810/810
f 46/46/46 668/668/668 1612/1612/1612
f 668/668/668 9/9/9 774/774/774
f 1612/1612/1612 774/774/774 94/94/94
f 775/775/775 1612/1612/1612 712/712/712
f 114/114/114 764/764/764 1613/1613/1613
f 764/764/764 112/112/112 768/768/768
f 1613/1613/1613 768/768/768 106/106/106
f 766/766/766 1613/1613/1613 756/756/756
f 112/112/112 765/765/765 1614/1614/1614
f 765/765/765 113/113/113 769/769/769
f 1614/1614/1614 769/769/769 78/78/78
f 768/768/768 1614/1614/1614 722/722/722
f 108/108/108 773/773/773 1615/1615/1615
f 773/773/773 45/45/45 674/674/674
f 1615/1615/1615 674/674/674 48/48/48
f 735/735/735 1615/1615/1615 776/776/776
f 77/77/77 811/811/811 1616/1616/1616
f 811/811/811 42/42/42 631/631/631
f 1616/1616/1616 631/631/631 43/43/43
f 723/723/723 1616/1616/1616 805/805/805
f 100/100/100 781/781/781 1617/1617/1617
f 781/781/781 72/72/72 779/779/779
f 1617/1617/1617 779/779/779 69/69/69
f 757/757/757 1617/1617/1617 771/771/771
f 67/67/67 625/625/625 1618/1618/1618
f 625/625/625 52/52/52 770/770/770
f 1618/1618/1618 770/770/770 70/70/70
f 780/780/780 1618/1618/1618 639/639/639
f 82/82/82 643/643/643 1619/1619/1619
f 643/643/643 73/73/73 782/782/782
f 1619/1619/1619 782/782/782 99/99/99
f 783/783/783 1619/1619/1619 743/743/743
f 85/85/85 640/640/640 1620/1620/1620
f 640/640/640 71/71/71 778/778/778
f 1620/1620/1620 778/778/778 74/74/74
f 784/784/784 1620/1620/1620 642/642/642
f 45/45/45 772/772/772 1621/1621/1621
f 772/772/772 108/108/108 813/813/813
f 1621/1621/1621 813/813/813 110/110/110
f 809/809/809 1621/1621/1621 804/804/804
f 114/114/114 767/767/767 1622/1622/1622
f 767/767/767 79/79/79 803/803/803
f 1622/1622/1622 803/803/803 111/111/111
f 777/777/777 1622/1622/1622 732/732/732
f 31/31/31 641/641/641 1623/1623/1623
f 641/641/641 34/34/34 797/797/797
f 1623/1623/1623 797/797/797 8/8/8
f 802/802/802 1623/1623/1623 754/754/754
f 9/9/9 638/638/638 1624/1624/1624
f 638/638/638 14/14/14 785/785/785
f 1624/1624/1624 785/785/785 102/102/102
f 758/758/758 1624/1624/1624 749/749/749
f 225/225/225 915/915/915 1625/1625/1625
f 915/915/915 235/235/235 904/904/904
f 1625/1625/1625 904/904/904 183/183/183
f 909/909/909 1625/1625/1625 829/829/829
f 223/223/223 906/906/906 1626/1626/1626
f 906/906/906 228/228/228 976/976/976
f 1626/1626/1626 976/976/976 146/146/146
f 974/974/974 1626/1626/1626 842/842/842
f 174/174/174 637/637/637 1627/1627/1627
f 637/637/637 153/153/153 882/882/882
f 1627/1627/1627 882/882/882 156/156/156
f 861/861/861 1627/1627/1627 890/890/890
f 231/231/231 912/912/912 1628/1628/1628
f 912/912/912 118/118/118 822/822/822
f 1628/1628/1628 822/822/822 185/185/185
f 919/919/919 1628/1628/1628 831/831/831
f 157/157/157 890/890/890 1629/1629/1629
f 890/890/890 156/156/156 884/884/884
f 1629/1629/1629 884/884/884 144/144/144
f 824/824/824 1629/1629/1629 843/843/843
f 184/184/184 852/852/852 1630/1630/1630
f 852/852/852 185/185/185 821/821/821
f 1630/1630/1630 821/821/821 118/118/118
f 910/910/910 1630/1630/1630 930/930/930
f 222/222/222 929/929/929 1631/1631/1631
f 929/929/929 189/189/189 869/869/869
f 1631/1631/1631 869/869/869 190/190/190
f 905/905/905 1631/1631/1631 934/934/934
f 163/163/163 827/827/827 1632/1632/1632
f 827/827/827 164/164/164 863/863/863
f 1632/1632/1632 863/863/863 136/136/136
f 891/891/891 1632/1632/1632 878/878/878
f 124/124/124 838/838/838 1633/1633/1633
f 838/838/838 131/131/131 985/985/985
f 1633/1633/1633 985/985/985 116/116/116
f 795/795/795 1633/1633/1633 899/899/899
f 221/221/221 921/921/921 1634/1634/1634
f 921/921/921 188/188/188 868/868/868
f 1634/1634/1634 868/868/868 189/189/189
f 897/897/897 1634/1634/1634 929/929/929
f 133/133/133 975/975/975 1635/1635/1635
f 975/975/975 224/224/224 931/931/931
f 1635/1635/1635 931/931/931 117/117/117
f 849/849/849 1635/1635/1635 983/983/983
f 235/235/235 940/940/940 1636/1636/1636
f 940/940/940 233/233/233 933/933/933
f 1636/1636/1636 933/933/933 181/181/181
f 904/904/904 1636/1636/1636 867/867/867
f 142/142/142 978/978/978 1637/1637/1637
f 978/978/978 220/220/220 896/896/896
f 1637/1637/1637 896/896/896 223/223/223
f 820/820/820 1637/1637/1637 974/974/974
f 150/150/150 982/982/982 1638/1638/1638
f 982/982/982 122/122/122 876/876/876
f 1638/1638/1638 876/876/876 116/116/116
f 856/856/856 1638/1638/1638 984/984/984
f 137/137/137 983/983/983 1639/1639/1639
f 983/983/983 117/117/117 911/911/911
f 1639/1639/1639 911/911/911 230/230/230
f 877/877/877 1639/1639/1639 981/981/981
f 132/132/132 973/973/973 1640/1640/1640
f 973/973/973 234/234/234 916/916/916
f 1640/1640/1640 916/916/916 224/224/224
f 854/854/854 1640/1640/1640 975/975/975
f 217/217/217 898/898/898 1641/1641/1641
f 898/898/898 115/115/115 873/873/873
f 1641/1641/1641 873/873/873 182/182/182
f 737/737/737 1641/1641/1641 851/851/851
f 142/142/142 820/820/820 1642/1642/1642
f 820/820/820 144/144/144 885/885/885
f 1642/1642/1642 885/885/885 156/156/156
f 845/845/845 1642/1642/1642 889/889/889
f 241/241/241 918/918/918 1643/1643/1643
f 918/918/918 196/196/196 848/848/848
f 1643/1643/1643 848/848/848 194/194/194
f 927/927/927 1643/1643/1643 816/816/816
f 129/129/129 857/857/857 1644/1644/1644
f 857/857/857 155/155/155 886/886/886
f 1644/1644/1644 886/886/886 148/148/148
f 856/856/856 1644/1644/1644 835/835/835
f 172/172/172 862/862/862 1645/1645/1645
f 862/862/862 158/158/158 858/858/858
f 1645/1645/1645 858/858/858 155/155/155
f 652/652/652 1645/1645/1645 951/951/951
f 158/158/158 823/823/823 1646/1646/1646
f 823/823/823 145/145/145 881/881/881
f 1646/1646/1646 881/881/881 149/149/149
f 858/858/858 1646/1646/1646 887/887/887
f 230/230/230 925/925/925 1647/1647/1647
f 925/925/925 220/220/220 979/979/979
f 1647/1647/1647 979/979/979 142/142/142
f 980/980/980 1647/1647/1647 879/879/879
f 123/123/123 701/701/701 1648/1648/1648
f 701/701/701 171/171/171 950/950/950
f 1648/1648/1648 950/950/950 154/154/154
f 839/839/839 1648/1648/1648 857/857/857
f 162/162/162 892/892/892 1649/1649/1649
f 892/892/892 140/140/140 879/879/879
f 1649/1649/1649 879/879/879 141/141/141
f 825/825/825 1649/1649/1649 844/844/844
f 167/167/167 860/860/860 1650/1650/1650
f 860/860/860 127/127/127 832/832/832
f 1650/1650/1650 832/832/832 132/132/132
f 847/847/847 1650/1650/1650 855/855/855
f 119/119/119 874/874/874 1651/1651/1651
f 874/874/874 191/191/191 871/871/871
f 1651/1651/1651 871/871/871 192/192/192
f 944/944/944 1651/1651/1651 815/815/815
f 229/229/229 934/934/934 1652/1652/1652
f 934/934/934 190/190/190 870/870/870
f 1652/1652/1652 870/870/870 191/191/191
f 941/941/941 1652/1652/1652 874/874/874
f 121/121/121 815/815/815 1653/1653/1653
f 815/815/815 192/192/192 830/830/830
f 1653/1653/1653 830/830/830 182/182/182
f 875/875/875 1653/1653/1653 872/872/872
f 133/133/133 850/850/850 1654/1654/1654
f 850/850/850 135/135/135 864/864/864
f 1654/1654/1654 864/864/864 164/164/164
f 846/846/846 1654/1654/1654 865/865/865
f 245/245/245 761/761/761 1655/1655/1655
f 761/761/761 213/213/213 893/893/893
f 1655/1655/1655 893/893/893 211/211/211
f 894/894/894 1655/1655/1655 900/900/900
f 249/249/249 957/957/957 1656/1656/1656
f 957/957/957 205/205/205 936/936/936
f 1656/1656/1656 936/936/936 236/236/236
f 853/853/853 1656/1656/1656 901/901/901
f 237/237/237 992/992/992 1657/1657/1657
f 992/992/992 156/156/156 883/883/883
f 1657/1657/1657 883/883/883 152/152/152
f 895/895/895 1657/1657/1657 808/808/808
f 226/226/226 902/902/902 1658/1658/1658
f 902/902/902 176/176/176 817/817/817
f 1658/1658/1658 817/817/817 194/194/194
f 938/938/938 1658/1658/1658 828/828/828
f 148/148/148 880/880/880 1659/1659/1659
f 880/880/880 146/146/146 977/977/977
f 1659/1659/1659 977/977/977 228/228/228
f 986/986/986 1659/1659/1659 942/942/942
f 127/127/127 962/962/962 1660/1660/1660
f 962/962/962 227/227/227 907/907/907
f 1660/1660/1660 907/907/907 177/177/177
f 949/949/949 1660/1660/1660 947/947/947
f 237/237/237 935/935/935 1661/1661/1661
f 935/935/935 206/206/206 995/995/995
f 1661/1661/1661 995/995/995 160/160/160
f 991/991/991 1661/1661/1661 888/888/888
f 226/226/226 937/937/937 1662/1662/1662
f 937/937/937 193/193/193 841/841/841
f 1662/1662/1662 841/841/841 195/195/195
f 908/908/908 1662/1662/1662 818/818/818
f 231/231/231 920/920/920 1663/1663/1663
f 920/920/920 186/186/186 840/840/840
f 1663/1663/1663 840/840/840 187/187/187
f 926/926/926 1663/1663/1663 922/922/922
f 239/239/239 946/946/946 1664/1664/1664
f 946/946/946 207/207/207 993/993/993
f 1664/1664/1664 993/993/993 164/164/164
f 990/990/990 1664/1664/1664 827/827/827
f 165/165/165 963/963/963 1665/1665/1665
f 963/963/963 175/175/175 903/903/903
f 1665/1665/1665 903/903/903 227/227/227
f 859/859/859 1665/1665/1665 962/962/962
f 250/250/250 955/955/955 1666/1666/1666
f 955/955/955 208/208/208 945/945/945
f 1666/1666/1666 945/945/945 238/238/238
f 952/952/952 1666/1666/1666 956/956/956
f 248/248/248 956/956/956 1667/1667/1667
f 956/956/956 238/238/238 914/914/914
f 1667/1667/1667 914/914/914 205/205/205
f 953/953/953 1667/1667/1667 957/957/957
f 240/240/240 928/928/928 1668/1668/1668
f 928/928/928 175/175/175 964/964/964
f 1668/1668/1668 964/964/964 167/167/167
f 961/961/961 1668/1668/1668 866/866/866
f 206/206/206 913/913/913 1669/1669/1669
f 913/913/913 239/239/239 990/990/990
f 1669/1669/1669 990/990/990 163/163/163
f 995/995/995 1669/1669/1669 826/826/826
f 232/232/232 947/947/947 1670/1670/1670
f 947/947/947 177/177/177 959/959/959
f 1670/1670/1670 959/959/959 198/198/198
f 970/970/970 1670/1670/1670 967/967/967
f 195/195/195 968/968/968 1671/1671/1671
f 968/968/968 215/215/215 833/833/833
f 1671/1671/1671 833/833/833 199/199/199
f 819/819/819 1671/1671/1671 958/958/958
f 210/210/210 971/971/971 1672/1672/1672
f 971/971/971 181/181/181 932/932/932
f 1672/1672/1672 932/932/932 233/233/233
f 836/836/836 1672/1672/1672 969/969/969
f 214/214/214 972/972/972 1673/1673/1673
f 972/972/972 209/209/209 837/837/837
f 1673/1673/1673 837/837/837 200/200/200
f 834/834/834 1673/1673/1673 966/966/966
f 164/164/164 994/994/994 1674/1674/1674
f 994/994/994 207/207/207 988/988/988
f 1674/1674/1674 988/988/988 244/244/244
f 960/960/960 1674/1674/1674 996/996/996
f 250/250/250 965/965/965 1675/1675/1675
f 965/965/965 203/203/203 924/924/924
f 1675/1675/1675 924/924/924 242/242/242
f 954/954/954 1675/1675/1675 989/989/989
f 147/147/147 987/987/987 1676/1676/1676
f 987/987/987 120/120/120 943/943/943
f 1676/1676/1676 943/943/943 122/122/122
f 835/835/835 1676/1676/1676 982/982/982
f 127/127/127 948/948/948 1677/1677/1677
f 948/948/948 232/232/232 939/939/939
f 1677/1677/1677 939/939/939 234/234/234
f 832/832/832 1677/1677/1677 973/973/973
f 76/76/76 731/731/731 1678/1678/1678
f 731/731/731 109/109/109 812/812/812
f 1678/1678/1678 812/812/812 107/107/107
f 814/814/814 1678/1678/1678 726/726/726
f 382/382/382 1196/1196/1196 1679/1679/1679
f 1196/1196/1196 356/356/356 1151/1151/1151
f 1679/1679/1679 1151/1151/1151 339/339/339
f 1148/1148/1148 1679/1679/1679 1167/1167/1167
f 251/251/251 1136/1136/1136 1680/1680/1680
f 1136/1136/1136 270/270/270 1183/1183/1183
f 1680/1680/1680 1183/1183/1183 371/371/371
f 1144/1144/1144 1680/1680/1680 1206/1206/1206
f 457/457/457 1040/1040/1040 1681/1681/1681
f 1040/1040/1040 288/288/288 1076/1076/1076
f 1681/1681/1681 1076/1076/1076 254/254/254
f 1116/1116/1116 1681/1681/1681 1078/1078/1078
f 381/381/381 1147/1147/1147 1682/1682/1682
f 1147/1147/1147 333/333/333 1164/1164/1164
f 1682/1682/1682 1164/1164/1164 351/351/351
f 1211/1211/1211 1682/1682/1682 1191/1191/1191
f 360/360/360 1179/1179/1179 1683/1683/1683
f 1179/1179/1179 341/341/341 1163/1163/1163
f 1683/1683/1683 1163/1163/1163 335/335/335
f 1209/1209/1209 1683/1683/1683 1177/1177/1177
f 275/275/275 1003/1003/1003 1684/1684/1684
f 1003/1003/1003 399/399/399 1057/1057/1057
f 1684/1684/1684 1057/1057/1057 385/385/385
f 1089/1089/1089 1684/1684/1684 1070/1070/1070
f 354/354/354 1175/1175/1175 1685/1685/1685
f 1175/1175/1175 262/262/262 1134/1134/1134
f 1685/1685/1685 1134/1134/1134 265/265/265
f 1207/1207/1207 1685/1685/1685 1109/1109/1109
f 279/279/279 1031/1031/1031 1686/1686/1686
f 1031/1031/1031 305/305/305 1051/1051/1051
f 1686/1686/1686 1051/1051/1051 307/307/307
f 1094/1094/1094 1686/1686/1686 1093/1093/1093
f 333/333/333 1124/1124/1124 1687/1687/1687
f 1124/1124/1124 302/302/302 1017/1017/1017
f 1687/1687/1687 1017/1017/1017 298/298/298
f 1164/1164/1164 1687/1687/1687 1102/1102/1102
f 341/341/341 1101/1101/1101 1688/1688/1688
f 1101/1101/1101 293/293/293 1105/1105/1105
f 1688/1688/1688 1105/1105/1105 291/291/291
f 1163/1163/1163 1688/1688/1688 1048/1048/1048
f 335/335/335 1048/1048/1048 1689/1689/1689
f 1048/1048/1048 291/291/291 1052/1052/1052
f 1689/1689/1689 1052/1052/1052 287/287/287
f 1165/1165/1165 1689/1689/1689 1032/1032/1032
f 275/275/275 1126/1126/1126 1690/1690/1690
f 1126/1126/1126 277/277/277 1128/1128/1128
f 1690/1690/1690 1128/1128/1128 402/402/402
f 1002/1002/1002 1690/1690/1690 1056/1056/1056
f 265/265/265 1135/1135/1135 1691/1691/1691
f 1135/1135/1135 251/251/251 1144/1144/1144
f 1691/1691/1691 1144/1144/1144 361/361/361
f 1109/1109/1109 1691/1691/1691 1210/1210/1210
f 269/269/269 1047/1047/1047 1692/1692/1692
f 1047/1047/1047 294/294/294 1004/1004/1004
f 1692/1692/1692 1004/1004/1004 296/296/296
f 1085/1085/1085 1692/1692/1692 1092/1092/1092
f 296/296/296 1104/1104/1104 1693/1693/1693
f 1104/1104/1104 300/300/300 1088/1088/1088
f 1693/1693/1693 1088/1088/1088 274/274/274
f 1091/1091/1091 1693/1693/1693 1090/1090/1090
f 383/383/383 1212/1212/1212 1694/1694/1694
f 1212/1212/1212 379/379/379 1111/1111/1111
f 1694/1694/1694 1111/1111/1111 276/276/276
f 1193/1193/1193 1694/1694/1694 1139/1139/1139
f 276/276/276 1110/1110/1110 1695/1695/1695
f 1110/1110/1110 379/379/379 1201/1201/1201
f 1695/1695/1695 1201/1201/1201 372/372/372
f 1138/1138/1138 1695/1695/1695 1054/1054/1054
f 278/278/278 1011/1011/1011 1696/1696/1696
f 1011/1011/1011 303/303/303 1015/1015/1015
f 1696/1696/1696 1015/1015/1015 305/305/305
f 1042/1042/1042 1696/1696/1696 1031/1031/1031
f 257/257/257 1097/1097/1097 1697/1697/1697
f 1097/1097/1097 283/283/283 1093/1093/1093
f 1697/1697/1697 1093/1093/1093 306/306/306
f 1071/1071/1071 1697/1697/1697 1036/1036/1036
f 371/371/371 1184/1184/1184 1698/1698/1698
f 1184/1184/1184 270/270/270 1137/1137/1137
f 1698/1698/1698 1137/1137/1137 273/273/273
f 1204/1204/1204 1698/1698/1698 1055/1055/1055
f 332/332/332 1171/1171/1171 1699/1699/1699
f 1171/1171/1171 352/352/352 1155/1155/1155
f 1699/1699/1699 1155/1155/1155 366/366/366
f 1146/1146/1146 1699/1699/1699 1198/1198/1198
f 417/417/417 1132/1132/1132 1700/1700/1700
f 1132/1132/1132 256/256/256 1180/1180/1180
f 1700/1700/1700 1180/1180/1180 365/365/365
f 1145/1145/1145 1700/1700/1700 1215/1215/1215
f 258/258/258 1023/1023/1023 1701/1701/1701
f 1023/1023/1023 389/389/389 1021/1021/1021
f 1701/1701/1701 1021/1021/1021 390/390/390
f 1096/1096/1096 1701/1701/1701 1068/1068/1068
f 285/285/285 1035/1035/1035 1702/1702/1702
f 1035/1035/1035 308/308/308 1121/1121/1121
f 1702/1702/1702 1121/1121/1121 352/352/352
f 1120/1120/1120 1702/1702/1702 1171/1171/1171
f 308/308/308 1050/1050/1050 1703/1703/1703
f 1050/1050/1050 304/304/304 1122/1122/1122
f 1703/1703/1703 1122/1122/1122 338/338/338
f 1121/1121/1121 1703/1703/1703 1172/1172/1172
f 289/289/289 1098/1098/1098 1704/1704/1704
f 1098/1098/1098 348/348/348 1160/1160/1160
f 1704/1704/1704 1160/1160/1160 337/337/337
f 1037/1037/1037 1704/1704/1704 1032/1032/1032
f 349/349/349 1166/1166/1166 1705/1705/1705
f 1166/1166/1166 345/345/345 1185/1185/1185
f 1705/1705/1705 1185/1185/1185 374/374/374
f 1192/1192/1192 1705/1705/1705 1201/1201/1201
f 290/290/290 1106/1106/1106 1706/1706/1706
f 1106/1106/1106 292/292/292 1082/1082/1082
f 1706/1706/1706 1082/1082/1082 266/266/266
f 1046/1046/1046 1706/1706/1706 1083/1083/1083
f 369/369/369 1204/1204/1204 1707/1707/1707
f 1204/1204/1204 373/373/373 1186/1186/1186
f 1707/1707/1707 1186/1186/1186 346/346/346
f 1152/1152/1152 1707/1707/1707 1162/1162/1162
f 259/259/259 1131/1131/1131 1708/1708/1708
f 1131/1131/1131 418/418/418 1143/1143/1143
f 1708/1708/1708 1143/1143/1143 568/568/568
f 1189/1189/1189 1708/1708/1708 1214/1214/1214
f 348/348/348 1159/1159/1159 1709/1709/1709
f 1159/1159/1159 527/527/527 1188/1188/1188
f 1709/1709/1709 1188/1188/1188 555/555/555
f 1154/1154/1154 1709/1709/1709 1216/1216/1216
f 256/256/256 1133/1133/1133 1710/1710/1710
f 1133/1133/1133 262/262/262 1174/1174/1174
f 1710/1710/1710 1174/1174/1174 355/355/355
f 1180/1180/1180 1710/1710/1710 1200/1200/1200
f 392/392/392 1067/1067/1067 1711/1711/1711
f 1067/1067/1067 260/260/260 1079/1079/1079
f 1711/1711/1711 1079/1079/1079 264/264/264
f 1061/1061/1061 1711/1711/1711 1001/1001/1001
f 536/536/536 1157/1157/1157 1712/1712/1712
f 1157/1157/1157 332/332/332 1146/1146/1146
f 1712/1712/1712 1146/1146/1146 376/376/376
f 1194/1194/1194 1712/1712/1712 1213/1213/1213
f 267/267/267 1030/1030/1030 1713/1713/1713
f 1030/1030/1030 268/268/268 1026/1026/1026
f 1713/1713/1713 1026/1026/1026 384/384/384
f 1008/1008/1008 1713/1713/1713 1045/1045/1045
f 340/340/340 1178/1178/1178 1714/1714/1714
f 1178/1178/1178 362/362/362 1205/1205/1205
f 1714/1714/1714 1205/1205/1205 370/370/370
f 1170/1170/1170 1714/1714/1714 1153/1153/1153
f 277/277/277 1041/1041/1041 1715/1715/1715
f 1041/1041/1041 280/280/280 1024/1024/1024
f 1715/1715/1715 1024/1024/1024 395/395/395
f 1128/1128/1128 1715/1715/1715 1130/1130/1130
f 397/397/397 1065/1065/1065 1716/1716/1716
f 1065/1065/1065 403/403/403 1001/1001/1001
f 1716/1716/1716 1001/1001/1001 264/264/264
f 1009/1009/1009 1716/1716/1716 1084/1084/1084
f 380/380/380 1193/1193/1193 1717/1717/1717
f 1193/1193/1193 252/252/252 1140/1140/1140
f 1717/1717/1717 1140/1140/1140 281/281/281
f 1196/1196/1196 1717/1717/1717 1176/1176/1176
f 286/286/286 1053/1053/1053 1718/1718/1718
f 1053/1053/1053 290/290/290 1046/1046/1046
f 1718/1718/1718 1046/1046/1046 263/263/263
f 1074/1074/1074 1718/1718/1718 1080/1080/1080
f 301/301/301 1125/1125/1125 1719/1719/1719
f 1125/1125/1125 334/334/334 1168/1168/1168
f 1719/1719/1719 1168/1168/1168 338/338/338
f 1014/1014/1014 1719/1719/1719 1123/1123/1123
f 266/266/266 1081/1081/1081 1720/1720/1720
f 1081/1081/1081 292/292/292 1108/1108/1108
f 1720/1720/1720 1108/1108/1108 294/294/294
f 1029/1029/1029 1720/1720/1720 1047/1047/1047
f 254/254/254 1076/1076/1076 1721/1721/1721
f 1076/1076/1076 288/288/288 1038/1038/1038
f 1721/1721/1721 1038/1038/1038 286/286/286
f 1073/1073/1073 1721/1721/1721 1075/1075/1075
f 303/303/303 1011/1011/1011 1722/1722/1722
f 1011/1011/1011 278/278/278 1127/1127/1127
f 1722/1722/1722 1127/1127/1127 274/274/274
f 1016/1016/1016 1722/1722/1722 1087/1087/1087
f 377/377/377 1197/1197/1197 1723/1723/1723
f 1197/1197/1197 367/367/367 1182/1182/1182
f 1723/1723/1723 1182/1182/1182 253/253/253
f 1190/1190/1190 1723/1723/1723 1142/1142/1142
f 356/356/356 1176/1176/1176 1724/1724/1724
f 1176/1176/1176 281/281/281 1141/1141/1141
f 1724/1724/1724 1141/1141/1141 253/253/253
f 1203/1203/1203 1724/1724/1724 1181/1181/1181
f 297/297/297 1049/1049/1049 1725/1725/1725
f 1049/1049/1049 347/347/347 1166/1166/1166
f 1725/1725/1725 1166/1166/1166 350/350/350
f 1103/1103/1103 1725/1725/1725 1102/1102/1102
f 527/527/527 1158/1158/1158 1726/1726/1726
f 1158/1158/1158 348/348/348 1099/1099/1099
f 1726/1726/1726 1099/1099/1099 289/289/289
f 1112/1112/1112 1726/1726/1726 1039/1039/1039
f 295/295/295 1107/1107/1107 1727/1727/1727
f 1107/1107/1107 293/293/293 1100/1100/1100
f 1727/1727/1727 1100/1100/1100 341/341/341
f 1034/1034/1034 1727/1727/1727 1169/1169/1169
f 390/390/390 1043/1043/1043 1728/1728/1728
f 1043/1043/1043 394/394/394 1025/1025/1025
f 1728/1728/1728 1025/1025/1025 280/280/280
f 1069/1069/1069 1728/1728/1728 1095/1095/1095
f 358/358/358 1177/1177/1177 1729/1729/1729
f 1177/1177/1177 335/335/335 1165/1165/1165
f 1729/1729/1729 1165/1165/1165 336/336/336
f 1208/1208/1208 1729/1729/1729 1149/1149/1149
f 295/295/295 1033/1033/1033 1730/1730/1730
f 1033/1033/1033 344/344/344 1162/1162/1162
f 1730/1730/1730 1162/1162/1162 347/347/347
f 1005/1005/1005 1730/1730/1730 1049/1049/1049
f 393/393/393 1022/1022/1022 1731/1731/1731
f 1022/1022/1022 391/391/391 1010/1010/1010
f 1731/1731/1731 1010/1010/1010 255/255/255
f 1066/1066/1066 1731/1731/1731 1072/1072/1072
f 356/356/356 1202/1202/1202 1732/1732/1732
f 1202/1202/1202 368/368/368 1156/1156/1156
f 1732/1732/1732 1156/1156/1156 352/352/352
f 1151/1151/1151 1732/1732/1732 1173/1173/1173
f 268/268/268 1086/1086/1086 1733/1733/1733
f 1086/1086/1086 271/271/271 1070/1070/1070
f 1733/1733/1733 1070/1070/1070 385/385/385
f 1026/1026/1026 1733/1733/1733 1019/1019/1019
f 391/391/391 1060/1060/1060 1734/1734/1734
f 1060/1060/1060 571/571/571 1115/1115/1115
f 1734/1734/1734 1115/1115/1115 423/423/423
f 1010/1010/1010 1734/1734/1734 1077/1077/1077
f 594/594/594 1064/1064/1064 1735/1735/1735
f 1064/1064/1064 388/388/388 1023/1023/1023
f 1735/1735/1735 1023/1023/1023 258/258/258
f 999/999/999 1735/1735/1735 1027/1027/1027
f 363/363/363 1199/1199/1199 1736/1736/1736
f 1199/1199/1199 355/355/355 1150/1150/1150
f 1736/1736/1736 1150/1150/1150 336/336/336
f 1154/1154/1154 1736/1736/1736 1161/1161/1161
f 424/424/424 1028/1028/1028 1737/1737/1737
f 1028/1028/1028 257/257/257 1071/1071/1071
f 1737/1737/1737 1071/1071/1071 284/284/284
f 1007/1007/1007 1737/1737/1737 1013/1013/1013
f 460/460/460 1012/1012/1012 1738/1738/1738
f 1012/1012/1012 285/285/285 1120/1120/1120
f 1738/1738/1738 1120/1120/1120 332/332/332
f 1119/1119/1119 1738/1738/1738 1157/1157/1157
f 328/328/328 1218/1218/1218 1739/1739/1739
f 1218/1218/1218 330/330/330 1242/1242/1242
f 1739/1739/1739 1242/1242/1242 384/384/384
f 1241/1241/1241 1739/1739/1739 1018/1018/1018
f 319/319/319 1219/1219/1219 1740/1740/1740
f 1219/1219/1219 324/324/324 1245/1245/1245
f 1740/1740/1740 1245/1245/1245 390/390/390
f 1244/1244/1244 1740/1740/1740 1020/1020/1020
f 317/317/317 1220/1220/1220 1741/1741/1741
f 1220/1220/1220 315/315/315 1247/1247/1247
f 1741/1741/1741 1247/1247/1247 391/391/391
f 1246/1246/1246 1741/1741/1741 1022/1022/1022
f 324/324/324 1223/1223/1223 1742/1742/1742
f 1223/1223/1223 323/323/323 1249/1249/1249
f 1742/1742/1742 1249/1249/1249 394/394/394
f 1245/1245/1245 1742/1742/1742 1043/1043/1043
f 330/330/330 1224/1224/1224 1743/1743/1743
f 1224/1224/1224 313/313/313 1250/1250/1250
f 1743/1743/1743 1250/1250/1250 398/398/398
f 1242/1242/1242 1743/1743/1743 1044/1044/1044
f 325/325/325 1226/1226/1226 1744/1744/1744
f 1226/1226/1226 327/327/327 1252/1252/1252
f 1744/1744/1744 1252/1252/1252 400/400/400
f 1251/1251/1251 1744/1744/1744 1056/1056/1056
f 327/327/327 1228/1228/1228 1745/1745/1745
f 1228/1228/1228 328/328/328 1241/1241/1241
f 1745/1745/1745 1241/1241/1241 386/386/386
f 1252/1252/1252 1745/1745/1745 1058/1058/1058
f 316/316/316 1231/1231/1231 1746/1746/1746
f 1231/1231/1231 487/487/487 1240/1240/1240
f 1746/1746/1746 1240/1240/1240 570/570/570
f 1248/1248/1248 1746/1746/1746 1059/1059/1059
f 311/311/311 1233/1233/1233 1747/1747/1747
f 1233/1233/1233 317/317/317 1246/1246/1246
f 1747/1747/1747 1246/1246/1246 393/393/393
f 1254/1254/1254 1747/1747/1747 1062/1062/1062
f 484/484/484 1235/1235/1235 1748/1748/1748
f 1235/1235/1235 320/320/320 1243/1243/1243
f 1748/1748/1748 1243/1243/1243 387/387/387
f 1255/1255/1255 1748/1748/1748 1063/1063/1063
f 313/313/313 1236/1236/1236 1749/1749/1749
f 1236/1236/1236 310/310/310 1253/1253/1253
f 1749/1749/1749 1253/1253/1253 404/404/404
f 1250/1250/1250 1749/1749/1749 1065/1065/1065
f 322/322/322 1237/1237/1237 1750/1750/1750
f 1237/1237/1237 325/325/325 1251/1251/1251
f 1750/1750/1750 1251/1251/1251 402/402/402
f 1249/1249/1249 1750/1750/1750 1129/1129/1129
f 405/405/405 1261/1261/1261 1751/1751/1751
f 1261/1261/1261 318/318/318 1234/1234/1234
f 1751/1751/1751 1234/1234/1234 485/485/485
f 1264/1264/1264 1751/1751/1751 1258/1258/1258
f 406/406/406 1266/1266/1266 1752/1752/1752
f 1266/1266/1266 321/321/321 1222/1222/1222
f 1752/1752/1752 1222/1222/1222 324/324/324
f 1261/1261/1261 1752/1752/1752 1219/1219/1219
f 407/407/407 1267/1267/1267 1753/1753/1753
f 1267/1267/1267 405/405/405 1264/1264/1264
f 1753/1753/1753 1264/1264/1264 599/599/599
f 1271/1271/1271 1753/1753/1753 1262/1262/1262
f 407/407/407 1272/1272/1272 1754/1754/1754
f 1272/1272/1272 326/326/326 1238/1238/1238
f 1754/1754/1754 1238/1238/1238 322/322/322
f 1268/1268/1268 1754/1754/1754 1265/1265/1265
f 408/408/408 1274/1274/1274 1755/1755/1755
f 1274/1274/1274 407/407/407 1271/1271/1271
f 1755/1755/1755 1271/1271/1271 602/602/602
f 1277/1277/1277 1755/1755/1755 1269/1269/1269
f 409/409/409 1278/1278/1278 1756/1756/1756
f 1278/1278/1278 327/327/327 1227/1227/1227
f 1756/1756/1756 1227/1227/1227 326/326/326
f 1273/1273/1273 1756/1756/1756 1272/1272/1272
f 411/411/411 1279/1279/1279 1757/1757/1757
f 1279/1279/1279 408/408/408 1277/1277/1277
f 1757/1757/1757 1277/1277/1277 605/605/605
f 1282/1282/1282 1757/1757/1757 1276/1276/1276
f 410/410/410 1283/1283/1283 1758/1758/1758
f 1283/1283/1283 328/328/328 1229/1229/1229
f 1758/1758/1758 1229/1229/1229 327/327/327
f 1280/1280/1280 1758/1758/1758 1278/1278/1278
f 412/412/412 1285/1285/1285 1759/1759/1759
f 1285/1285/1285 411/411/411 1282/1282/1282
f 1759/1759/1759 1282/1282/1282 610/610/610
f 1287/1287/1287 1759/1759/1759 1281/1281/1281
f 413/413/413 1289/1289/1289 1760/1760/1760
f 1289/1289/1289 331/331/331 1217/1217/1217
f 1760/1760/1760 1217/1217/1217 328/328/328
f 1284/1284/1284 1760/1760/1760 1283/1283/1283
f 416/416/416 1296/1296/1296 1761/1761/1761
f 1296/1296/1296 412/412/412 1287/1287/1287
f 1761/1761/1761 1287/1287/1287 613/613/613
f 1299/1299/1299 1761/1761/1761 1286/1286/1286
f 312/312/312 1225/1225/1225 1762/1762/1762
f 1225/1225/1225 329/329/329 1288/1288/1288
f 1762/1762/1762 1288/1288/1288 412/412/412
f 1300/1300/1300 1762/1762/1762 1296/1296/1296
f 314/314/314 1260/1260/1260 1763/1763/1763
f 1260/1260/1260 414/414/414 1293/1293/1293
f 1763/1763/1763 1293/1293/1293 617/617/617
f 1230/1230/1230 1763/1763/1763 1291/1291/1291
f 317/317/317 1232/1232/1232 1764/1764/1764
f 1232/1232/1232 309/309/309 1295/1295/1295
f 1764/1764/1764 1295/1295/1295 415/415/415
f 1221/1221/1221 1764/1764/1764 1259/1259/1259
f 414/414/414 1290/1290/1290 1765/1765/1765
f 1290/1290/1290 416/416/416 1299/1299/1299
f 1765/1765/1765 1299/1299/1299 621/621/621
f 1293/1293/1293 1765/1765/1765 1298/1298/1298
f 311/311/311 1236/1236/1236 1766/1766/1766
f 1236/1236/1236 312/312/312 1300/1300/1300
f 1766/1766/1766 1300/1300/1300 416/416/416
f 1294/1294/1294 1766/1766/1766 1290/1290/1290
f 565/565/565 1440/1440/1440 1767/1767/1767
f 1440/1440/1440 512/512/512 1461/1461/1461
f 1767/1767/1767 1461/1461/1461 519/519/519
f 1485/1485/1485 1767/1767/1767 1443/1443/1443
f 419/419/419 1437/1437/1437 1768/1768/1768
f 1437/1437/1437 546/546/546 1497/1497/1497
f 1768/1768/1768 1497/1497/1497 551/551/551
f 1430/1430/1430 1768/1768/1768 1476/1476/1476
f 457/457/457 1117/1117/1117 1769/1769/1769
f 1117/1117/1117 422/422/422 1378/1378/1378
f 1769/1769/1769 1378/1378/1378 426/426/426
f 1337/1337/1337 1769/1769/1769 1377/1377/1377
f 564/564/564 1503/1503/1503 1770/1770/1770
f 1503/1503/1503 560/560/560 1482/1482/1482
f 1770/1770/1770 1482/1482/1482 532/532/532
f 1439/1439/1439 1770/1770/1770 1457/1457/1457
f 546/546/546 1502/1502/1502 1771/1771/1771
f 1502/1502/1502 544/544/544 1471/1471/1471
f 1771/1771/1771 1471/1471/1471 514/514/514
f 1472/1472/1472 1771/1771/1771 1456/1456/1456
f 446/446/446 1390/1390/1390 1772/1772/1772
f 1390/1390/1390 444/444/444 1370/1370/1370
f 1772/1772/1772 1370/1370/1370 573/573/573
f 1303/1303/1303 1772/1772/1772 1356/1356/1356
f 538/538/538 1499/1499/1499 1773/1773/1773
f 1499/1499/1499 542/542/542 1410/1410/1410
f 1773/1773/1773 1410/1410/1410 437/437/437
f 1468/1468/1468 1773/1773/1773 1428/1428/1428
f 451/451/451 1396/1396/1396 1774/1774/1774
f 1396/1396/1396 454/454/454 1394/1394/1394
f 1774/1774/1774 1394/1394/1394 482/482/482
f 1330/1330/1330 1774/1774/1774 1348/1348/1348
f 513/513/513 1457/1457/1457 1775/1775/1775
f 1457/1457/1457 532/532/532 1403/1403/1403
f 1775/1775/1775 1403/1403/1403 476/476/476
f 1419/1419/1419 1775/1775/1775 1315/1315/1315
f 520/520/520 1456/1456/1456 1776/1776/1776
f 1456/1456/1456 514/514/514 1346/1346/1346
f 1776/1776/1776 1346/1346/1346 468/468/468
f 1401/1401/1401 1776/1776/1776 1407/1407/1407
f 514/514/514 1458/1458/1458 1777/1777/1777
f 1458/1458/1458 517/517/517 1331/1331/1331
f 1777/1777/1777 1331/1331/1331 464/464/464
f 1346/1346/1346 1777/1777/1777 1351/1351/1351
f 446/446/446 1302/1302/1302 1778/1778/1778
f 1302/1302/1302 586/586/586 1354/1354/1354
f 1778/1778/1778 1354/1354/1354 589/589/589
f 1420/1420/1420 1778/1778/1778 1422/1422/1422
f 437/437/437 1411/1411/1411 1779/1779/1779
f 1411/1411/1411 543/543/543 1501/1501/1501
f 1779/1779/1779 1501/1501/1501 546/546/546
f 1429/1429/1429 1779/1779/1779 1437/1437/1437
f 441/441/441 1386/1386/1386 1780/1780/1780
f 1386/1386/1386 443/443/443 1392/1392/1392
f 1780/1780/1780 1392/1392/1392 474/474/474
f 1345/1345/1345 1780/1780/1780 1305/1305/1305
f 474/474/474 1391/1391/1391 1781/1781/1781
f 1391/1391/1391 443/443/443 1389/1389/1389
f 1781/1781/1781 1389/1389/1389 447/447/447
f 1404/1404/1404 1781/1781/1781 1388/1388/1388
f 566/566/566 1484/1484/1484 1782/1782/1782
f 1484/1484/1484 420/420/420 1433/1433/1433
f 1782/1782/1782 1433/1433/1433 448/448/448
f 1504/1504/1504 1782/1782/1782 1412/1412/1412
f 448/448/448 1432/1432/1432 1783/1783/1783
f 1432/1432/1432 445/445/445 1352/1352/1352
f 1783/1783/1783 1352/1352/1352 552/552/552
f 1413/1413/1413 1783/1783/1783 1491/1491/1491
f 450/450/450 1339/1339/1339 1784/1784/1784
f 1339/1339/1339 451/451/451 1330/1330/1330
f 1784/1784/1784 1330/1330/1330 481/481/481
f 1309/1309/1309 1784/1784/1784 1314/1314/1314
f 430/430/430 1371/1371/1371 1785/1785/1785
f 1371/1371/1371 462/462/462 1334/1334/1334
f 1785/1785/1785 1334/1334/1334 482/482/482
f 1398/1398/1398 1785/1785/1785 1393/1393/1393
f 551/551/551 1495/1495/1495 1786/1786/1786
f 1495/1495/1495 552/552/552 1353/1353/1353
f 1786/1786/1786 1353/1353/1353 445/445/445
f 1477/1477/1477 1786/1786/1786 1431/1431/1431
f 510/510/510 1438/1438/1438 1787/1787/1787
f 1438/1438/1438 559/559/559 1488/1488/1488
f 1787/1787/1787 1488/1488/1488 549/549/549
f 1465/1465/1465 1787/1787/1787 1448/1448/1448
f 417/417/417 1145/1145/1145 1788/1788/1788
f 1145/1145/1145 555/555/555 1507/1507/1507
f 1788/1788/1788 1507/1507/1507 548/548/548
f 1426/1426/1426 1788/1788/1788 1474/1474/1474
f 429/429/429 1397/1397/1397 1789/1789/1789
f 1397/1397/1397 455/455/455 1367/1367/1367
f 1789/1789/1789 1367/1367/1367 578/578/578
f 1321/1321/1321 1789/1789/1789 1319/1319/1319
f 461/461/461 1414/1414/1414 1790/1790/1790
f 1414/1414/1414 510/510/510 1465/1465/1465
f 1790/1790/1790 1465/1465/1465 535/535/535
f 1333/1333/1333 1790/1790/1790 1415/1415/1415
f 483/483/483 1415/1415/1415 1791/1791/1791
f 1415/1415/1415 535/535/535 1467/1467/1467
f 1791/1791/1791 1467/1467/1467 518/518/518
f 1349/1349/1349 1791/1791/1791 1417/1417/1417
f 466/466/466 1336/1336/1336 1792/1792/1792
f 1336/1336/1336 464/464/464 1331/1331/1331
f 1792/1792/1792 1331/1331/1331 516/516/516
f 1399/1399/1399 1792/1792/1792 1453/1453/1453
f 533/533/533 1483/1483/1483 1793/1793/1793
f 1483/1483/1483 562/562/562 1492/1492/1492
f 1793/1793/1793 1492/1492/1492 553/553/553
f 1459/1459/1459 1793/1793/1793 1479/1479/1479
f 467/467/467 1344/1344/1344 1794/1794/1794
f 1344/1344/1344 436/436/436 1385/1385/1385
f 1794/1794/1794 1385/1385/1385 438/438/438
f 1406/1406/1406 1794/1794/1794 1383/1383/1383
f 551/551/551 1445/1445/1445 1795/1795/1795
f 1445/1445/1445 522/522/522 1455/1455/1455
f 1795/1795/1795 1455/1455/1455 526/526/526
f 1496/1496/1496 1795/1795/1795 1478/1478/1478
f 431/431/431 1481/1481/1481 1796/1796/1796
f 1481/1481/1481 558/558/558 1506/1506/1506
f 1796/1796/1796 1506/1506/1506 568/568/568
f 1425/1425/1425 1796/1796/1796 1143/1143/1143
f 530/530/530 1446/1446/1446 1797/1797/1797
f 1446/1446/1446 547/547/547 1508/1508/1508
f 1797/1797/1797 1508/1508/1508 554/554/554
f 1450/1450/1450 1797/1797/1797 1187/1187/1187
f 428/428/428 1474/1474/1474 1798/1798/1798
f 1474/1474/1474 548/548/548 1489/1489/1489
f 1798/1798/1798 1489/1489/1489 539/539/539
f 1427/1427/1427 1798/1798/1798 1469/1469/1469
f 581/581/581 1360/1360/1360 1799/1799/1799
f 1360/1360/1360 592/592/592 1301/1301/1301
f 1799/1799/1799 1301/1301/1301 435/435/435
f 1365/1365/1365 1799/1799/1799 1380/1380/1380
f 537/537/537 1195/1195/1195 1800/1800/1800
f 1195/1195/1195 567/567/567 1505/1505/1505
f 1800/1800/1800 1505/1505/1505 559/559/559
f 1449/1449/1449 1800/1800/1800 1438/1438/1438
f 439/439/439 1306/1306/1306 1801/1801/1801
f 1306/1306/1306 584/584/584 1342/1342/1342
f 1801/1801/1801 1342/1342/1342 572/572/572
f 1328/1328/1328 1801/1801/1801 1325/1325/1325
f 520/520/520 1464/1464/1464 1802/1802/1802
f 1464/1464/1464 523/523/523 1444/1444/1444
f 1802/1802/1802 1444/1444/1444 551/551/551
f 1473/1473/1473 1802/1802/1802 1498/1498/1498
f 449/449/449 1422/1422/1422 1803/1803/1803
f 1422/1422/1422 589/589/589 1424/1424/1424
f 1803/1803/1803 1424/1424/1424 583/583/583
f 1340/1340/1340 1803/1803/1803 1323/1323/1323
f 585/585/585 1307/1307/1307 1804/1804/1804
f 1307/1307/1307 439/439/439 1384/1384/1384
f 1804/1804/1804 1384/1384/1384 435/435/435
f 1363/1363/1363 1804/1804/1804 1301/1301/1301
f 563/563/563 1486/1486/1486 1805/1805/1805
f 1486/1486/1486 540/540/540 1470/1470/1470
f 1805/1805/1805 1470/1470/1470 453/453/453
f 1484/1484/1484 1805/1805/1805 1434/1434/1434
f 463/463/463 1375/1375/1375 1806/1806/1806
f 1375/1375/1375 432/432/432 1381/1381/1381
f 1806/1806/1806 1381/1381/1381 436/436/436
f 1350/1350/1350 1806/1806/1806 1344/1344/1344
f 478/478/478 1313/1313/1313 1807/1807/1807
f 1313/1313/1313 480/480/480 1416/1416/1416
f 1807/1807/1807 1416/1416/1416 519/519/519
f 1418/1418/1418 1807/1807/1807 1462/1462/1462
f 438/438/438 1329/1329/1329 1808/1808/1808
f 1329/1329/1329 441/441/441 1345/1345/1345
f 1808/1808/1808 1345/1345/1345 471/471/471
f 1382/1382/1382 1808/1808/1808 1408/1408/1408
f 426/426/426 1372/1372/1372 1809/1809/1809
f 1372/1372/1372 432/432/432 1374/1374/1374
f 1809/1809/1809 1374/1374/1374 463/463/463
f 1376/1376/1376 1809/1809/1809 1335/1335/1335
f 479/479/479 1316/1316/1316 1810/1810/1810
f 1316/1316/1316 477/477/477 1388/1388/1388
f 1810/1810/1810 1388/1388/1388 447/447/447
f 1310/1310/1310 1810/1810/1810 1421/1421/1421
f 557/557/557 1480/1480/1480 1811/1811/1811
f 1480/1480/1480 431/431/431 1436/1436/1436
f 1811/1811/1811 1436/1436/1436 421/421/421
f 1487/1487/1487 1811/1811/1811 1475/1475/1475
f 540/540/540 1493/1493/1493 1812/1812/1812
f 1493/1493/1493 549/549/549 1475/1475/1475
f 1812/1812/1812 1475/1475/1475 421/421/421
f 1470/1470/1470 1812/1812/1812 1435/1435/1435
f 473/473/473 1405/1405/1405 1813/1813/1813
f 1405/1405/1405 475/475/475 1402/1402/1402
f 1813/1813/1813 1402/1402/1402 534/534/534
f 1347/1347/1347 1813/1813/1813 1460/1460/1460
f 528/528/528 1113/1113/1113 1814/1814/1814
f 1113/1113/1113 456/456/456 1338/1338/1338
f 1814/1814/1814 1338/1338/1338 466/466/466
f 1451/1451/1451 1814/1814/1814 1399/1399/1399
f 472/472/472 1332/1332/1332 1815/1815/1815
f 1332/1332/1332 521/521/521 1463/1463/1463
f 1815/1815/1815 1463/1463/1463 520/520/520
f 1409/1409/1409 1815/1815/1815 1400/1400/1400
f 577/577/577 1368/1368/1368 1816/1816/1816
f 1368/1368/1368 455/455/455 1395/1395/1395
f 1816/1816/1816 1395/1395/1395 452/452/452
f 1341/1341/1341 1816/1816/1816 1324/1324/1324
f 544/544/544 1500/1500/1500 1817/1817/1817
f 1500/1500/1500 539/539/539 1441/1441/1441
f 1817/1817/1817 1441/1441/1441 517/517/517
f 1471/1471/1471 1817/1817/1817 1458/1458/1458
f 472/472/472 1304/1304/1304 1818/1818/1818
f 1304/1304/1304 473/473/473 1347/1347/1347
f 1818/1818/1818 1347/1347/1347 525/525/525
f 1332/1332/1332 1818/1818/1818 1454/1454/1454
f 581/581/581 1366/1366/1366 1819/1819/1819
f 1366/1366/1366 433/433/433 1373/1373/1373
f 1819/1819/1819 1373/1373/1373 427/427/427
f 1320/1320/1320 1819/1819/1819 1308/1308/1308
f 541/541/541 1443/1443/1443 1820/1820/1820
f 1443/1443/1443 519/519/519 1466/1466/1466
f 1820/1820/1820 1466/1466/1466 535/535/535
f 1494/1494/1494 1820/1820/1820 1448/1448/1448
f 440/440/440 1325/1325/1325 1821/1821/1821
f 1325/1325/1325 572/572/572 1317/1317/1317
f 1821/1821/1821 1317/1317/1317 574/574/574
f 1387/1387/1387 1821/1821/1821 1369/1369/1369
f 580/580/580 1308/1308/1308 1822/1822/1822
f 1308/1308/1308 427/427/427 1379/1379/1379
f 1822/1822/1822 1379/1379/1379 423/423/423
f 1359/1359/1359 1822/1822/1822 1114/1114/1114
f 593/593/593 1000/1000/1000 1823/1823/1823
f 1000/1000/1000 425/425/425 1327/1327/1327
f 1823/1823/1823 1327/1327/1327 429/429/429
f 1362/1362/1362 1823/1823/1823 1322/1322/1322
f 548/548/548 1447/1447/1447 1824/1824/1824
f 1447/1447/1447 529/529/529 1452/1452/1452
f 1824/1824/1824 1452/1452/1452 515/515/515
f 1490/1490/1490 1824/1824/1824 1442/1442/1442
f 424/424/424 1006/1006/1006 1825/1825/1825
f 1006/1006/1006 458/458/458 1312/1312/1312
f 1825/1825/1825 1312/1312/1312 462/462/462
f 1326/1326/1326 1825/1825/1825 1371/1371/1371
f 459/459/459 1118/1118/1118 1826/1826/1826
f 1118/1118/1118 537/537/537 1449/1449/1449
f 1826/1826/1826 1449/1449/1449 510/510/510
f 1311/1311/1311 1826/1826/1826 1414/1414/1414
f 508/508/508 1529/1529/1529 1827/1827/1827
f 1529/1529/1529 574/574/574 1317/1317/1317
f 1827/1827/1827 1317/1317/1317 572/572/572
f 1509/1509/1509 1827/1827/1827 1530/1530/1530
f 498/498/498 1531/1531/1531 1828/1828/1828
f 1531/1531/1531 575/575/575 1318/1318/1318
f 1828/1828/1828 1318/1318/1318 577/577/577
f 1511/1511/1511 1828/1828/1828 1533/1533/1533
f 496/496/496 1534/1534/1534 1829/1829/1829
f 1534/1534/1534 581/581/581 1320/1320/1320
f 1829/1829/1829 1320/1320/1320 580/580/580
f 1512/1512/1512 1829/1829/1829 1536/1536/1536
f 502/502/502 1533/1533/1533 1830/1830/1830
f 1533/1533/1533 577/577/577 1341/1341/1341
f 1830/1830/1830 1341/1341/1341 583/583/583
f 1515/1515/1515 1830/1830/1830 1537/1537/1537
f 509/509/509 1530/1530/1530 1831/1831/1831
f 1530/1530/1530 572/572/572 1343/1343/1343
f 1831/1831/1831 1343/1343/1343 585/585/585
f 1516/1516/1516 1831/1831/1831 1538/1538/1538
f 503/503/503 1539/1539/1539 1832/1832/1832
f 1539/1539/1539 590/590/590 1355/1355/1355
f 1832/1832/1832 1355/1355/1355 588/588/588
f 1518/1518/1518 1832/1832/1832 1540/1540/1540
f 505/505/505 1540/1540/1540 1833/1833/1833
f 1540/1540/1540 588/588/588 1357/1357/1357
f 1833/1833/1833 1357/1357/1357 574/574/574
f 1519/1519/1519 1833/1833/1833 1529/1529/1529
f 494/494/494 1535/1535/1535 1834/1834/1834
f 1535/1535/1535 579/579/579 1358/1358/1358
f 1834/1834/1834 1358/1358/1358 571/571/571
f 1520/1520/1520 1834/1834/1834 1239/1239/1239
f 488/488/488 1541/1541/1541 1835/1835/1835
f 1541/1541/1541 592/592/592 1361/1361/1361
f 1835/1835/1835 1361/1361/1361 581/581/581
f 1522/1522/1522 1835/1835/1835 1534/1534/1534
f 485/485/485 1256/1256/1256 1836/1836/1836
f 1256/1256/1256 595/595/595 1362/1362/1362
f 1836/1836/1836 1362/1362/1362 576/576/576
f 1524/1524/1524 1836/1836/1836 1532/1532/1532
f 492/492/492 1538/1538/1538 1837/1837/1837
f 1538/1538/1538 585/585/585 1364/1364/1364
f 1837/1837/1837 1364/1364/1364 591/591/591
f 1526/1526/1526 1837/1837/1837 1541/1541/1541
f 500/500/500 1537/1537/1537 1838/1838/1838
f 1537/1537/1537 582/582/582 1423/1423/1423
f 1838/1838/1838 1423/1423/1423 590/590/590
f 1527/1527/1527 1838/1838/1838 1539/1539/1539
f 597/597/597 1546/1546/1546 1839/1839/1839
f 1546/1546/1546 598/598/598 1257/1257/1257
f 1839/1839/1839 1257/1257/1257 484/484/484
f 1545/1545/1545 1839/1839/1839 1525/1525/1525
f 597/597/597 1544/1544/1544 1840/1840/1840
f 1544/1544/1544 498/498/498 1511/1511/1511
f 1840/1840/1840 1511/1511/1511 502/502/502
f 1547/1547/1547 1840/1840/1840 1514/1514/1514
f 601/601/601 1551/1551/1551 1841/1841/1841
f 1551/1551/1551 602/602/602 1263/1263/1263
f 1841/1841/1841 1263/1263/1263 598/598/598
f 1549/1549/1549 1841/1841/1841 1546/1546/1546
f 600/600/600 1550/1550/1550 1842/1842/1842
f 1550/1550/1550 596/596/596 1548/1548/1548
f 1842/1842/1842 1548/1548/1548 500/500/500
f 1552/1552/1552 1842/1842/1842 1528/1528/1528
f 603/603/603 1555/1555/1555 1843/1843/1843
f 1555/1555/1555 606/606/606 1270/1270/1270
f 1843/1843/1843 1270/1270/1270 602/602/602
f 1554/1554/1554 1843/1843/1843 1551/1551/1551
f 604/604/604 1553/1553/1553 1844/1844/1844
f 1553/1553/1553 600/600/600 1552/1552/1552
f 1844/1844/1844 1552/1552/1552 504/504/504
f 1556/1556/1556 1844/1844/1844 1518/1518/1518
f 608/608/608 1558/1558/1558 1845/1845/1845
f 1558/1558/1558 609/609/609 1275/1275/1275
f 1845/1845/1845 1275/1275/1275 606/606/606
f 1557/1557/1557 1845/1845/1845 1555/1555/1555
f 607/607/607 1557/1557/1557 1846/1846/1846
f 1557/1557/1557 604/604/604 1556/1556/1556
f 1846/1846/1846 1556/1556/1556 506/506/506
f 1559/1559/1559 1846/1846/1846 1519/1519/1519
f 612/612/612 1562/1562/1562 1847/1847/1847
f 1562/1562/1562 614/614/614 1281/1281/1281
f 1847/1847/1847 1281/1281/1281 609/609/609
f 1561/1561/1561 1847/1847/1847 1558/1558/1558
f 611/611/611 1560/1560/1560 1848/1848/1848
f 1560/1560/1560 607/607/607 1559/1559/1559
f 1848/1848/1848 1559/1559/1559 507/507/507
f 1563/1563/1563 1848/1848/1848 1510/1510/1510
f 619/619/619 1569/1569/1569 1849/1849/1849
f 1569/1569/1569 620/620/620 1286/1286/1286
f 1849/1849/1849 1286/1286/1286 614/614/614
f 1568/1568/1568 1849/1849/1849 1562/1562/1562
f 491/491/491 1570/1570/1570 1850/1850/1850
f 1570/1570/1570 619/619/619 1568/1568/1568
f 1850/1850/1850 1568/1568/1568 612/612/612
f 1517/1517/1517 1850/1850/1850 1563/1563/1563
f 494/494/494 1521/1521/1521 1851/1851/1851
f 1521/1521/1521 487/487/487 1292/1292/1292
f 1851/1851/1851 1292/1292/1292 618/618/618
f 1542/1542/1542 1851/1851/1851 1565/1565/1565
f 496/496/496 1513/1513/1513 1852/1852/1852
f 1513/1513/1513 495/495/495 1543/1543/1543
f 1852/1852/1852 1543/1543/1543 615/615/615
f 1523/1523/1523 1852/1852/1852 1567/1567/1567
f 616/616/616 1565/1565/1565 1853/1853/1853
f 1565/1565/1565 618/618/618 1297/1297/1297
f 1853/1853/1853 1297/1297/1297 620/620/620
f 1564/1564/1564 1853/1853/1853 1569/1569/1569
f 488/488/488 1566/1566/1566 1854/1854/1854
f 1566/1566/1566 616/616/616 1564/1564/1564
f 1854/1854/1854 1564/1564/1564 619/619/619
f 1526/1526/1526 1854/1854/1854 1570/1570/1570
f 1571/1571/1571 724/724/724 92/92/92
f 634/634/634 1571/1571/1571 719/719/719
f 55/55/55 713/713/713 1571/1571/1571
f 713/713/713 101/101/101 724/724/724
f 1572/1572/1572 714/714/714 89/89/89
f 648/648/648 1572/1572/1572 786/786/786
f 28/28/28 789/789/789 1572/1572/1572
f 789/789/789 96/96/96 714/714/714
f 1573/1573/1573 637/637/637 172/172/172
f 699/699/699 1573/1573/1573 670/670/670
f 37/37/37 691/691/691 1573/1573/1573
f 691/691/691 153/153/153 637/637/637
f 1574/1574/1574 721/721/721 97/97/97
f 636/636/636 1574/1574/1574 728/728/728
f 57/57/57 628/628/628 1574/1574/1574
f 628/628/628 3/3/3 721/721/721
f 1575/1575/1575 699/699/699 39/39/39
f 649/649/649 1575/1575/1575 630/630/630
f 27/27/27 693/693/693 1575/1575/1575
f 693/693/693 37/37/37 699/699/699
f 1576/1576/1576 659/659/659 56/56/56
f 740/740/740 1576/1576/1576 718/718/718
f 3/3/3 628/628/628 1576/1576/1576
f 628/628/628 57/57/57 659/659/659
f 1577/1577/1577 739/739/739 90/90/90
f 744/744/744 1577/1577/1577 715/715/715
f 62/62/62 677/677/677 1577/1577/1577
f 677/677/677 61/61/61 739/739/739
f 1578/1578/1578 632/632/632 43/43/43
f 686/686/686 1578/1578/1578 700/700/700
f 17/17/17 671/671/671 1578/1578/1578
f 671/671/671 45/45/45 632/632/632
f 1579/1579/1579 644/644/644 125/125/125
f 708/708/708 1579/1579/1579 796/796/796
f 2/2/2 800/800/800 1579/1579/1579
f 800/800/800 12/12/12 644/644/644
f 1580/1580/1580 729/729/729 86/86/86
f 739/739/739 1580/1580/1580 705/705/705
f 61/61/61 676/676/676 1580/1580/1580
f 676/676/676 59/59/59 729/729/729
f 1581/1581/1581 788/788/788 16/16/16
f 798/798/798 1581/1581/1581 657/657/657
f 4/4/4 741/741/741 1581/1581/1581
f 741/741/741 91/91/91 788/788/788
f 1582/1582/1582 750/750/750 101/101/101
f 675/675/675 1582/1582/1582 713/713/713
f 53/53/53 742/742/742 1582/1582/1582
f 742/742/742 99/99/99 750/750/750
f 1583/1583/1583 792/792/792 23/23/23
f 787/787/787 1583/1583/1583 626/626/626
f 89/89/89 706/706/706 1583/1583/1583
f 706/706/706 88/88/88 792/792/792
f 1584/1584/1584 797/797/797 34/34/34
f 799/799/799 1584/1584/1584 663/663/663
f 2/2/2 683/683/683 1584/1584/1584
f 683/683/683 8/8/8 797/797/797
f 1585/1585/1585 798/798/798 18/18/18
f 793/793/793 1585/1585/1585 685/685/685
f 98/98/98 720/720/720 1585/1585/1585
f 720/720/720 4/4/4 798/798/798
f 1586/1586/1586 785/785/785 14/14/14
f 788/788/788 1586/1586/1586 661/661/661
f 91/91/91 725/725/725 1586/1586/1586
f 725/725/725 102/102/102 785/785/785
f 1587/1587/1587 707/707/707 218/218/218
f 658/658/658 1587/1587/1587 738/738/738
f 54/54/54 681/681/681 1587/1587/1587
f 681/681/681 1/1/1 707/707/707
f 1588/1588/1588 627/627/627 23/23/23
f 698/698/698 1588/1588/1588 650/650/650
f 37/37/37 694/694/694 1588/1588/1588
f 694/694/694 26/26/26 627/627/627
f 1589/1589/1589 726/726/726 107/107/107
f 623/623/623 1589/1589/1589 736/736/736
f 66/66/66 655/655/655 1589/1589/1589
f 655/655/655 68/68/68 726/726/726
f 1590/1590/1590 666/666/666 11/11/11
f 641/641/641 1590/1590/1590 664/664/664
f 33/33/33 695/695/695 1590/1590/1590
f 695/695/695 36/36/36 666/666/666
f 1591/1591/1591 669/669/669 173/173/173
f 762/762/762 1591/1591/1591 653/653/653
f 35/35/35 667/667/667 1591/1591/1591
f 667/667/667 38/38/38 669/669/669
f 1592/1592/1592 629/629/629 38/38/38
f 696/696/696 1592/1592/1592 667/667/667
f 32/32/32 690/690/690 1592/1592/1592
f 690/690/690 30/30/30 629/629/629
f 1593/1593/1593 734/734/734 98/98/98
f 687/687/687 1593/1593/1593 794/794/794
f 23/23/23 791/791/791 1593/1593/1593
f 791/791/791 88/88/88 734/734/734
f 1594/1594/1594 701/701/701 126/126/126
f 665/665/665 1594/1594/1594 645/645/645
f 35/35/35 763/763/763 1594/1594/1594
f 763/763/763 170/170/170 701/701/701
f 1595/1595/1595 700/700/700 44/44/44
f 651/651/651 1595/1595/1595 631/631/631
f 24/24/24 688/688/688 1595/1595/1595
f 688/688/688 19/19/19 700/700/700
f 1596/1596/1596 668/668/668 48/48/48
f 662/662/662 1596/1596/1596 654/654/654
f 14/14/14 638/638/638 1596/1596/1596
f 638/638/638 9/9/9 668/668/668
f 1597/1597/1597 923/923/923 204/204/204
f 917/917/917 1597/1597/1597 998/998/998
f 241/241/241 997/997/997 1597/1597/1597
f 997/997/997 243/243/243 923/923/923
f 1598/1598/1598 682/682/682 5/5/5
f 622/622/622 1598/1598/1598 753/753/753
f 64/64/64 679/679/679 1598/1598/1598
f 679/679/679 63/63/63 682/682/682
f 1599/1599/1599 744/744/744 95/95/95
f 682/682/682 1599/1599/1599 751/751/751
f 63/63/63 678/678/678 1599/1599/1599
f 678/678/678 62/62/62 744/744/744
f 1600/1600/1600 622/622/622 7/7/7
f 680/680/680 1600/1600/1600 684/684/684
f 54/54/54 635/635/635 1600/1600/1600
f 635/635/635 64/64/64 622/622/622
f 1601/1601/1601 656/656/656 16/16/16
f 673/673/673 1601/1601/1601 654/654/654
f 45/45/45 672/672/672 1601/1601/1601
f 672/672/672 18/18/18 656/656/656
f 1602/1602/1602 760/760/760 246/246/246
f 710/710/710 1602/1602/1602 703/703/703
f 83/83/83 702/702/702 1602/1602/1602
f 702/702/702 212/212/212 760/760/760
f 1603/1603/1603 769/769/769 113/113/113
f 709/709/709 1603/1603/1603 660/660/660
f 103/103/103 746/746/746 1603/1603/1603
f 746/746/746 78/78/78 769/769/769
f 1604/1604/1604 806/806/806 104/104/104
f 808/808/808 1604/1604/1604 704/704/704
f 151/151/151 692/692/692 1604/1604/1604
f 692/692/692 37/37/37 806/806/806
f 1605/1605/1605 711/711/711 93/93/93
f 633/633/633 1605/1605/1605 747/747/747
f 66/66/66 623/623/623 1605/1605/1605
f 623/623/623 50/50/50 711/711/711
f 1606/1606/1606 689/689/689 33/33/33
f 752/752/752 1606/1606/1606 801/801/801
f 96/96/96 790/790/790 1606/1606/1606
f 790/790/790 29/29/29 689/689/689
f 1607/1607/1607 774/774/774 9/9/9
f 757/757/757 1607/1607/1607 759/759/759
f 51/51/51 717/717/717 1607/1607/1607
f 717/717/717 94/94/94 774/774/774
f 1608/1608/1608 745/745/745 104/104/104
f 697/697/697 1608/1608/1608 807/807/807
f 42/42/42 811/811/811 1608/1608/1608
f 811/811/811 77/77/77 745/745/745
f 1609/1609/1609 748/748/748 93/93/93
f 624/624/624 1609/1609/1609 716/716/716
f 67/67/67 647/647/647 1609/1609/1609
f 647/647/647 65/65/65 748/748/748
f 1610/1610/1610 727/727/727 97/97/97
f 730/730/730 1610/1610/1610 733/733/733
f 60/60/60 646/646/646 1610/1610/1610
f 646/646/646 58/58/58 727/727/727
f 1611/1611/1611 755/755/755 105/105/105
f 632/632/632 1611/1611/1611 805/805/805
f 45/45/45 810/810/810 1611/1611/1611
f 810/810/810 80/80/80 755/755/755
f 1612/1612/1612 775/775/775 46/46/46
f 774/774/774 1612/1612/1612 668/668/668
f 94/94/94 712/712/712 1612/1612/1612
f 712/712/712 49/49/49 775/775/775
f 1613/1613/1613 766/766/766 114/114/114
f 768/768/768 1613/1613/1613 764/764/764
f 106/106/106 756/756/756 1613/1613/1613
f 756/756/756 79/79/79 766/766/766
f 1614/1614/1614 768/768/768 112/112/112
f 769/769/769 1614/1614/1614 765/765/765
f 78/78/78 722/722/722 1614/1614/1614
f 722/722/722 106/106/106 768/768/768
f 1615/1615/1615 735/735/735 108/108/108
f 674/674/674 1615/1615/1615 773/773/773
f 48/48/48 776/776/776 1615/1615/1615
f 776/776/776 49/49/49 735/735/735
f 1616/1616/1616 723/723/723 77/77/77
f 631/631/631 1616/1616/1616 811/811/811
f 43/43/43 805/805/805 1616/1616/1616
f 805/805/805 105/105/105 723/723/723
f 1617/1617/1617 757/757/757 100/100/100
f 779/779/779 1617/1617/1617 781/781/781
f 69/69/69 771/771/771 1617/1617/1617
f 771/771/771 51/51/51 757/757/757
f 1618/1618/1618 780/780/780 67/67/67
f 770/770/770 1618/1618/1618 625/625/625
f 70/70/70 639/639/639 1618/1618/1618
f 639/639/639 84/84/84 780/780/780
f 1619/1619/1619 783/783/783 82/82/82
f 782/782/782 1619/1619/1619 643/643/643
f 99/99/99 743/743/743 1619/1619/1619
f 743/743/743 53/53/53 783/783/783
f 1620/1620/1620 784/784/784 85/85/85
f 778/778/778 1620/1620/1620 640/640/640
f 74/74/74 642/642/642 1620/1620/1620
f 642/642/642 81/81/81 784/784/784
f 1621/1621/1621 809/809/809 45/45/45
f 813/813/813 1621/1621/1621 772/772/772
f 110/110/110 804/804/804 1621/1621/1621
f 804/804/804 80/80/80 809/809/809
f 1622/1622/1622 777/777/777 114/114/114
f 803/803/803 1622/1622/1622 767/767/767
f 111/111/111 732/732/732 1622/1622/1622
f 732/732/732 75/75/75 777/777/777
f 1623/1623/1623 802/802/802 31/31/31
f 797/797/797 1623/1623/1623 641/641/641
f 8/8/8 754/754/754 1623/1623/1623
f 754/754/754 6/6/6 802/802/802
f 1624/1624/1624 758/758/758 9/9/9
f 785/785/785 1624/1624/1624 638/638/638
f 102/102/102 749/749/749 1624/1624/1624
f 749/749/749 100/100/100 758/758/758
f 1625/1625/1625 909/909/909 225/225/225
f 904/904/904 1625/1625/1625 915/915/915
f 183/183/183 829/829/829 1625/1625/1625
f 829/829/829 184/184/184 909/909/909
f 1626/1626/1626 974/974/974 223/223/223
f 976/976/976 1626/1626/1626 906/906/906
f 146/146/146 842/842/842 1626/1626/1626
f 842/842/842 144/144/144 974/974/974
f 1627/1627/1627 861/861/861 174/174/174
f 882/882/882 1627/1627/1627 637/637/637
f 156/156/156 890/890/890 1627/1627/1627
f 890/890/890 157/157/157 861/861/861
f 1628/1628/1628 919/919/919 231/231/231
f 822/822/822 1628/1628/1628 912/912/912
f 185/185/185 831/831/831 1628/1628/1628
f 831/831/831 186/186/186 919/919/919
f 1629/1629/1629 824/824/824 157/157/157
f 884/884/884 1629/1629/1629 890/890/890
f 144/144/144 843/843/843 1629/1629/1629
f 843/843/843 146/146/146 824/824/824
f 1630/1630/1630 910/910/910 184/184/184
f 821/821/821 1630/1630/1630 852/852/852
f 118/118/118 930/930/930 1630/1630/1630
f 930/930/930 225/225/225 910/910/910
f 1631/1631/1631 905/905/905 222/222/222
f 869/869/869 1631/1631/1631 929/929/929
f 190/190/190 934/934/934 1631/1631/1631
f 934/934/934 229/229/229 905/905/905
f 1632/1632/1632 891/891/891 163/163/163
f 863/863/863 1632/1632/1632 827/827/827
f 136/136/136 878/878/878 1632/1632/1632
f 878/878/878 138/138/138 891/891/891
f 1633/1633/1633 795/795/795 124/124/124
f 985/985/985 1633/1633/1633 838/838/838
f 116/116/116 899/899/899 1633/1633/1633
f 899/899/899 216/216/216 795/795/795
f 1634/1634/1634 897/897/897 221/221/221
f 868/868/868 1634/1634/1634 921/921/921
f 189/189/189 929/929/929 1634/1634/1634
f 929/929/929 222/222/222 897/897/897
f 1635/1635/1635 849/849/849 133/133/133
f 931/931/931 1635/1635/1635 975/975/975
f 117/117/117 983/983/983 1635/1635/1635
f 983/983/983 137/137/137 849/849/849
f 1636/1636/1636 904/904/904 235/235/235
f 933/933/933 1636/1636/1636 940/940/940
f 181/181/181 867/867/867 1636/1636/1636
f 867/867/867 183/183/183 904/904/904
f 1637/1637/1637 820/820/820 142/142/142
f 896/896/896 1637/1637/1637 978/978/978
f 223/223/223 974/974/974 1637/1637/1637
f 974/974/974 143/143/143 820/820/820
f 1638/1638/1638 856/856/856 150/150/150
f 876/876/876 1638/1638/1638 982/982/982
f 116/116/116 984/984/984 1638/1638/1638
f 984/984/984 128/128/128 856/856/856
f 1639/1639/1639 877/877/877 137/137/137
f 911/911/911 1639/1639/1639 983/983/983
f 230/230/230 981/981/981 1639/1639/1639
f 981/981/981 139/139/139 877/877/877
f 1640/1640/1640 854/854/854 132/132/132
f 916/916/916 1640/1640/1640 973/973/973
f 224/224/224 975/975/975 1640/1640/1640
f 975/975/975 133/133/133 854/854/854
f 1641/1641/1641 737/737/737 217/217/217
f 873/873/873 1641/1641/1641 898/898/898
f 182/182/182 851/851/851 1641/1641/1641
f 851/851/851 180/180/180 737/737/737
f 1642/1642/1642 845/845/845 142/142/142
f 885/885/885 1642/1642/1642 820/820/820
f 156/156/156 889/889/889 1642/1642/1642
f 889/889/889 159/159/159 845/845/845
f 1643/1643/1643 927/927/927 241/241/241
f 848/848/848 1643/1643/1643 918/918/918
f 194/194/194 816/816/816 1643/1643/1643
f 816/816/816 176/176/176 927/927/927
f 1644/1644/1644 856/856/856 129/129/129
f 886/886/886 1644/1644/1644 857/857/857
f 148/148/148 835/835/835 1644/1644/1644
f 835/835/835 150/150/150 856/856/856
f 1645/1645/1645 652/652/652 172/172/172
f 858/858/858 1645/1645/1645 862/862/862
f 155/155/155 951/951/951 1645/1645/1645
f 951/951/951 168/168/168 652/652/652
f 1646/1646/1646 858/858/858 158/158/158
f 881/881/881 1646/1646/1646 823/823/823
f 149/149/149 887/887/887 1646/1646/1646
f 887/887/887 155/155/155 858/858/858
f 1647/1647/1647 980/980/980 230/230/230
f 979/979/979 1647/1647/1647 925/925/925
f 142/142/142 879/879/879 1647/1647/1647
f 879/879/879 138/138/138 980/980/980
f 1648/1648/1648 839/839/839 123/123/123
f 950/950/950 1648/1648/1648 701/701/701
f 154/154/154 857/857/857 1648/1648/1648
f 857/857/857 130/130/130 839/839/839
f 1649/1649/1649 825/825/825 162/162/162
f 879/879/879 1649/1649/1649 892/892/892
f 141/141/141 844/844/844 1649/1649/1649
f 844/844/844 161/161/161 825/825/825
f 1650/1650/1650 847/847/847 167/167/167
f 832/832/832 1650/1650/1650 860/860/860
f 132/132/132 855/855/855 1650/1650/1650
f 855/855/855 134/134/134 847/847/847
f 1651/1651/1651 944/944/944 119/119/119
f 871/871/871 1651/1651/1651 874/874/874
f 192/192/192 815/815/815 1651/1651/1651
f 815/815/815 121/121/121 944/944/944
f 1652/1652/1652 941/941/941 229/229/229
f 870/870/870 1652/1652/1652 934/934/934
f 191/191/191 874/874/874 1652/1652/1652
f 874/874/874 119/119/119 941/941/941
f 1653/1653/1653 875/875/875 121/121/121
f 830/830/830 1653/1653/1653 815/815/815
f 182/182/182 872/872/872 1653/1653/1653
f 872/872/872 115/115/115 875/875/875
f 1654/1654/1654 846/846/846 133/133/133
f 864/864/864 1654/1654/1654 850/850/850
f 164/164/164 865/865/865 1654/1654/1654
f 865/865/865 166/166/166 846/846/846
f 1655/1655/1655 894/894/894 245/245/245
f 893/893/893 1655/1655/1655 761/761/761
f 211/211/211 900/900/900 1655/1655/1655
f 900/900/900 236/236/236 894/894/894
f 1656/1656/1656 853/853/853 249/249/249
f 936/936/936 1656/1656/1656 957/957/957
f 236/236/236 901/901/901 1656/1656/1656
f 901/901/901 211/211/211 853/853/853
f 1657/1657/1657 895/895/895 237/237/237
f 883/883/883 1657/1657/1657 992/992/992
f 152/152/152 808/808/808 1657/1657/1657
f 808/808/808 247/247/247 895/895/895
f 1658/1658/1658 938/938/938 226/226/226
f 817/817/817 1658/1658/1658 902/902/902
f 194/194/194 828/828/828 1658/1658/1658
f 828/828/828 193/193/193 938/938/938
f 1659/1659/1659 986/986/986 148/148/148
f 977/977/977 1659/1659/1659 880/880/880
f 228/228/228 942/942/942 1659/1659/1659
f 942/942/942 120/120/120 986/986/986
f 1660/1660/1660 949/949/949 127/127/127
f 907/907/907 1660/1660/1660 962/962/962
f 177/177/177 947/947/947 1660/1660/1660
f 947/947/947 232/232/232 949/949/949
f 1661/1661/1661 991/991/991 237/237/237
f 995/995/995 1661/1661/1661 935/935/935
f 160/160/160 888/888/888 1661/1661/1661
f 888/888/888 156/156/156 991/991/991
f 1662/1662/1662 908/908/908 226/226/226
f 841/841/841 1662/1662/1662 937/937/937
f 195/195/195 818/818/818 1662/1662/1662
f 818/818/818 178/178/178 908/908/908
f 1663/1663/1663 926/926/926 231/231/231
f 840/840/840 1663/1663/1663 920/920/920
f 187/187/187 922/922/922 1663/1663/1663
f 922/922/922 219/219/219 926/926/926
f 1664/1664/1664 990/990/990 239/239/239
f 993/993/993 1664/1664/1664 946/946/946
f 164/164/164 827/827/827 1664/1664/1664
f 827/827/827 163/163/163 990/990/990
f 1665/1665/1665 859/859/859 165/165/165
f 903/903/903 1665/1665/1665 963/963/963
f 227/227/227 962/962/962 1665/1665/1665
f 962/962/962 127/127/127 859/859/859
f 1666/1666/1666 952/952/952 250/250/250
f 945/945/945 1666/1666/1666 955/955/955
f 238/238/238 956/956/956 1666/1666/1666
f 956/956/956 248/248/248 952/952/952
f 1667/1667/1667 953/953/953 248/248/248
f 914/914/914 1667/1667/1667 956/956/956
f 205/205/205 957/957/957 1667/1667/1667
f 957/957/957 249/249/249 953/953/953
f 1668/1668/1668 961/961/961 240/240/240
f 964/964/964 1668/1668/1668 928/928/928
f 167/167/167 866/866/866 1668/1668/1668
f 866/866/866 164/164/164 961/961/961
f 1669/1669/1669 995/995/995 206/206/206
f 990/990/990 1669/1669/1669 913/913/913
f 163/163/163 826/826/826 1669/1669/1669
f 826/826/826 160/160/160 995/995/995
f 1670/1670/1670 970/970/970 232/232/232
f 959/959/959 1670/1670/1670 947/947/947
f 198/198/198 967/967/967 1670/1670/1670
f 967/967/967 201/201/201 970/970/970
f 1671/1671/1671 819/819/819 195/195/195
f 833/833/833 1671/1671/1671 968/968/968
f 199/199/199 958/958/958 1671/1671/1671
f 958/958/958 178/178/178 819/819/819
f 1672/1672/1672 836/836/836 210/210/210
f 932/932/932 1672/1672/1672 971/971/971
f 233/233/233 969/969/969 1672/1672/1672
f 969/969/969 202/202/202 836/836/836
f 1673/1673/1673 834/834/834 214/214/214
f 837/837/837 1673/1673/1673 972/972/972
f 200/200/200 966/966/966 1673/1673/1673
f 966/966/966 197/197/197 834/834/834
f 1674/1674/1674 960/960/960 164/164/164
f 988/988/988 1674/1674/1674 994/994/994
f 244/244/244 996/996/996 1674/1674/1674
f 996/996/996 240/240/240 960/960/960
f 1675/1675/1675 954/954/954 250/250/250
f 924/924/924 1675/1675/1675 965/965/965
f 242/242/242 989/989/989 1675/1675/1675
f 989/989/989 208/208/208 954/954/954
f 1676/1676/1676 835/835/835 147/147/147
f 943/943/943 1676/1676/1676 987/987/987
f 122/122/122 982/982/982 1676/1676/1676
f 982/982/982 150/150/150 835/835/835
f 1677/1677/1677 832/832/832 127/127/127
f 939/939/939 1677/1677/1677 948/948/948
f 234/234/234 973/973/973 1677/1677/1677
f 973/973/973 132/132/132 832/832/832
f 1678/1678/1678 814/814/814 76/76/76
f 812/812/812 1678/1678/1678 731/731/731
f 107/107/107 726/726/726 1678/1678/1678
f 726/726/726 68/68/68 814/814/814
f 1679/1679/1679 1148/1148/1148 382/382/382
f 1151/1151/1151 1679/1679/1679 1196/1196/1196
f 339/339/339 1167/1167/1167 1679/1679/1679
f 1167/1167/1167 334/334/334 1148/1148/1148
f 1680/1680/1680 1144/1144/1144 251/251/251
f 1183/1183/1183 1680/1680/1680 1136/1136/1136
f 371/371/371 1206/1206/1206 1680/1680/1680
f 1206/1206/1206 361/361/361 1144/1144/1144
f 1681/1681/1681 1116/1116/1116 457/457/457
f 1076/1076/1076 1681/1681/1681 1040/1040/1040
f 254/254/254 1078/1078/1078 1681/1681/1681
f 1078/1078/1078 422/422/422 1116/1116/1116
f 1682/1682/1682 1211/1211/1211 381/381/381
f 1164/1164/1164 1682/1682/1682 1147/1147/1147
f 351/351/351 1191/1191/1191 1682/1682/1682
f 1191/1191/1191 379/379/379 1211/1211/1211
f 1683/1683/1683 1209/1209/1209 360/360/360
f 1163/1163/1163 1683/1683/1683 1179/1179/1179
f 335/335/335 1177/1177/1177 1683/1683/1683
f 1177/1177/1177 358/358/358 1209/1209/1209
f 1684/1684/1684 1089/1089/1089 275/275/275
f 1057/1057/1057 1684/1684/1684 1003/1003/1003
f 385/385/385 1070/1070/1070 1684/1684/1684
f 1070/1070/1070 271/271/271 1089/1089/1089
f 1685/1685/1685 1207/1207/1207 354/354/354
f 1134/1134/1134 1685/1685/1685 1175/1175/1175
f 265/265/265 1109/1109/1109 1685/1685/1685
f 1109/1109/1109 357/357/357 1207/1207/1207
f 1686/1686/1686 1094/1094/1094 279/279/279
f 1051/1051/1051 1686/1686/1686 1031/1031/1031
f 307/307/307 1093/1093/1093 1686/1686/1686
f 1093/1093/1093 283/283/283 1094/1094/1094
f 1687/1687/1687 1164/1164/1164 333/333/333
f 1017/1017/1017 1687/1687/1687 1124/1124/1124
f 298/298/298 1102/1102/1102 1687/1687/1687
f 1102/1102/1102 351/351/351 1164/1164/1164
f 1688/1688/1688 1163/1163/1163 341/341/341
f 1105/1105/1105 1688/1688/1688 1101/1101/1101
f 291/291/291 1048/1048/1048 1688/1688/1688
f 1048/1048/1048 335/335/335 1163/1163/1163
f 1689/1689/1689 1165/1165/1165 335/335/335
f 1052/1052/1052 1689/1689/1689 1048/1048/1048
f 287/287/287 1032/1032/1032 1689/1689/1689
f 1032/1032/1032 336/336/336 1165/1165/1165
f 1690/1690/1690 1002/1002/1002 275/275/275
f 1128/1128/1128 1690/1690/1690 1126/1126/1126
f 402/402/402 1056/1056/1056 1690/1690/1690
f 1056/1056/1056 401/401/401 1002/1002/1002
f 1691/1691/1691 1109/1109/1109 265/265/265
f 1144/1144/1144 1691/1691/1691 1135/1135/1135
f 361/361/361 1210/1210/1210 1691/1691/1691
f 1210/1210/1210 359/359/359 1109/1109/1109
f 1692/1692/1692 1085/1085/1085 269/269/269
f 1004/1004/1004 1692/1692/1692 1047/1047/1047
f 296/296/296 1092/1092/1092 1692/1692/1692
f 1092/1092/1092 272/272/272 1085/1085/1085
f 1693/1693/1693 1091/1091/1091 296/296/296
f 1088/1088/1088 1693/1693/1693 1104/1104/1104
f 274/274/274 1090/1090/1090 1693/1693/1693
f 1090/1090/1090 272/272/272 1091/1091/1091
f 1694/1694/1694 1193/1193/1193 383/383/383
f 1111/1111/1111 1694/1694/1694 1212/1212/1212
f 276/276/276 1139/1139/1139 1694/1694/1694
f 1139/1139/1139 252/252/252 1193/1193/1193
f 1695/1695/1695 1138/1138/1138 276/276/276
f 1201/1201/1201 1695/1695/1695 1110/1110/1110
f 372/372/372 1054/1054/1054 1695/1695/1695
f 1054/1054/1054 273/273/273 1138/1138/1138
f 1696/1696/1696 1042/1042/1042 278/278/278
f 1015/1015/1015 1696/1696/1696 1011/1011/1011
f 305/305/305 1031/1031/1031 1696/1696/1696
f 1031/1031/1031 279/279/279 1042/1042/1042
f 1697/1697/1697 1071/1071/1071 257/257/257
f 1093/1093/1093 1697/1697/1697 1097/1097/1097
f 306/306/306 1036/1036/1036 1697/1697/1697
f 1036/1036/1036 284/284/284 1071/1071/1071
f 1698/1698/1698 1204/1204/1204 371/371/371
f 1137/1137/1137 1698/1698/1698 1184/1184/1184
f 273/273/273 1055/1055/1055 1698/1698/1698
f 1055/1055/1055 375/375/375 1204/1204/1204
f 1699/1699/1699 1146/1146/1146 332/332/332
f 1155/1155/1155 1699/1699/1699 1171/1171/1171
f 366/366/366 1198/1198/1198 1699/1699/1699
f 1198/1198/1198 376/376/376 1146/1146/1146
f 1700/1700/1700 1145/1145/1145 417/417/417
f 1180/1180/1180 1700/1700/1700 1132/1132/1132
f 365/365/365 1215/1215/1215 1700/1700/1700
f 1215/1215/1215 556/556/556 1145/1145/1145
f 1701/1701/1701 1096/1096/1096 258/258/258
f 1021/1021/1021 1701/1701/1701 1023/1023/1023
f 390/390/390 1068/1068/1068 1701/1701/1701
f 1068/1068/1068 282/282/282 1096/1096/1096
f 1702/1702/1702 1120/1120/1120 285/285/285
f 1121/1121/1121 1702/1702/1702 1035/1035/1035
f 352/352/352 1171/1171/1171 1702/1702/1702
f 1171/1171/1171 332/332/332 1120/1120/1120
f 1703/1703/1703 1121/1121/1121 308/308/308
f 1122/1122/1122 1703/1703/1703 1050/1050/1050
f 338/338/338 1172/1172/1172 1703/1703/1703
f 1172/1172/1172 352/352/352 1121/1121/1121
f 1704/1704/1704 1037/1037/1037 289/289/289
f 1160/1160/1160 1704/1704/1704 1098/1098/1098
f 337/337/337 1032/1032/1032 1704/1704/1704
f 1032/1032/1032 287/287/287 1037/1037/1037
f 1705/1705/1705 1192/1192/1192 349/349/349
f 1185/1185/1185 1705/1705/1705 1166/1166/1166
f 374/374/374 1201/1201/1201 1705/1705/1705
f 1201/1201/1201 379/379/379 1192/1192/1192
f 1706/1706/1706 1046/1046/1046 290/290/290
f 1082/1082/1082 1706/1706/1706 1106/1106/1106
f 266/266/266 1083/1083/1083 1706/1706/1706
f 1083/1083/1083 263/263/263 1046/1046/1046
f 1707/1707/1707 1152/1152/1152 369/369/369
f 1186/1186/1186 1707/1707/1707 1204/1204/1204
f 346/346/346 1162/1162/1162 1707/1707/1707
f 1162/1162/1162 342/342/342 1152/1152/1152
f 1708/1708/1708 1189/1189/1189 259/259/259
f 1143/1143/1143 1708/1708/1708 1131/1131/1131
f 568/568/568 1214/1214/1214 1708/1708/1708
f 1214/1214/1214 378/378/378 1189/1189/1189
f 1709/1709/1709 1154/1154/1154 348/348/348
f 1188/1188/1188 1709/1709/1709 1159/1159/1159
f 555/555/555 1216/1216/1216 1709/1709/1709
f 1216/1216/1216 364/364/364 1154/1154/1154
f 1710/1710/1710 1180/1180/1180 256/256/256
f 1174/1174/1174 1710/1710/1710 1133/1133/1133
f 355/355/355 1200/1200/1200 1710/1710/1710
f 1200/1200/1200 365/365/365 1180/1180/1180
f 1711/1711/1711 1061/1061/1061 392/392/392
f 1079/1079/1079 1711/1711/1711 1067/1067/1067
f 264/264/264 1001/1001/1001 1711/1711/1711
f 1001/1001/1001 403/403/403 1061/1061/1061
f 1712/1712/1712 1194/1194/1194 536/536/536
f 1146/1146/1146 1712/1712/1712 1157/1157/1157
f 376/376/376 1213/1213/1213 1712/1712/1712
f 1213/1213/1213 569/569/569 1194/1194/1194
f 1713/1713/1713 1008/1008/1008 267/267/267
f 1026/1026/1026 1713/1713/1713 1030/1030/1030
f 384/384/384 1045/1045/1045 1713/1713/1713
f 1045/1045/1045 398/398/398 1008/1008/1008
f 1714/1714/1714 1170/1170/1170 340/340/340
f 1205/1205/1205 1714/1714/1714 1178/1178/1178
f 370/370/370 1153/1153/1153 1714/1714/1714
f 1153/1153/1153 344/344/344 1170/1170/1170
f 1715/1715/1715 1128/1128/1128 277/277/277
f 1024/1024/1024 1715/1715/1715 1041/1041/1041
f 395/395/395 1130/1130/1130 1715/1715/1715
f 1130/1130/1130 402/402/402 1128/1128/1128
f 1716/1716/1716 1009/1009/1009 397/397/397
f 1001/1001/1001 1716/1716/1716 1065/1065/1065
f 264/264/264 1084/1084/1084 1716/1716/1716
f 1084/1084/1084 267/267/267 1009/1009/1009
f 1717/1717/1717 1196/1196/1196 380/380/380
f 1140/1140/1140 1717/1717/1717 1193/1193/1193
f 281/281/281 1176/1176/1176 1717/1717/1717
f 1176/1176/1176 356/356/356 1196/1196/1196
f 1718/1718/1718 1074/1074/1074 286/286/286
f 1046/1046/1046 1718/1718/1718 1053/1053/1053
f 263/263/263 1080/1080/1080 1718/1718/1718
f 1080/1080/1080 261/261/261 1074/1074/1074
f 1719/1719/1719 1014/1014/1014 301/301/301
f 1168/1168/1168 1719/1719/1719 1125/1125/1125
f 338/338/338 1123/1123/1123 1719/1719/1719
f 1123/1123/1123 304/304/304 1014/1014/1014
f 1720/1720/1720 1029/1029/1029 266/266/266
f 1108/1108/1108 1720/1720/1720 1081/1081/1081
f 294/294/294 1047/1047/1047 1720/1720/1720
f 1047/1047/1047 269/269/269 1029/1029/1029
f 1721/1721/1721 1073/1073/1073 254/254/254
f 1038/1038/1038 1721/1721/1721 1076/1076/1076
f 286/286/286 1075/1075/1075 1721/1721/1721
f 1075/1075/1075 261/261/261 1073/1073/1073
f 1722/1722/1722 1016/1016/1016 303/303/303
f 1127/1127/1127 1722/1722/1722 1011/1011/1011
f 274/274/274 1087/1087/1087 1722/1722/1722
f 1087/1087/1087 299/299/299 1016/1016/1016
f 1723/1723/1723 1190/1190/1190 377/377/377
f 1182/1182/1182 1723/1723/1723 1197/1197/1197
f 253/253/253 1142/1142/1142 1723/1723/1723
f 1142/1142/1142 259/259/259 1190/1190/1190
f 1724/1724/1724 1203/1203/1203 356/356/356
f 1141/1141/1141 1724/1724/1724 1176/1176/1176
f 253/253/253 1181/1181/1181 1724/1724/1724
f 1181/1181/1181 366/366/366 1203/1203/1203
f 1725/1725/1725 1103/1103/1103 297/297/297
f 1166/1166/1166 1725/1725/1725 1049/1049/1049
f 350/350/350 1102/1102/1102 1725/1725/1725
f 1102/1102/1102 298/298/298 1103/1103/1103
f 1726/1726/1726 1112/1112/1112 527/527/527
f 1099/1099/1099 1726/1726/1726 1158/1158/1158
f 289/289/289 1039/1039/1039 1726/1726/1726
f 1039/1039/1039 456/456/456 1112/1112/1112
f 1727/1727/1727 1034/1034/1034 295/295/295
f 1100/1100/1100 1727/1727/1727 1107/1107/1107
f 341/341/341 1169/1169/1169 1727/1727/1727
f 1169/1169/1169 343/343/343 1034/1034/1034
f 1728/1728/1728 1069/1069/1069 390/390/390
f 1025/1025/1025 1728/1728/1728 1043/1043/1043
f 280/280/280 1095/1095/1095 1728/1728/1728
f 1095/1095/1095 282/282/282 1069/1069/1069
f 1729/1729/1729 1208/1208/1208 358/358/358
f 1165/1165/1165 1729/1729/1729 1177/1177/1177
f 336/336/336 1149/1149/1149 1729/1729/1729
f 1149/1149/1149 353/353/353 1208/1208/1208
f 1730/1730/1730 1005/1005/1005 295/295/295
f 1162/1162/1162 1730/1730/1730 1033/1033/1033
f 347/347/347 1049/1049/1049 1730/1730/1730
f 1049/1049/1049 297/297/297 1005/1005/1005
f 1731/1731/1731 1066/1066/1066 393/393/393
f 1010/1010/1010 1731/1731/1731 1022/1022/1022
f 255/255/255 1072/1072/1072 1731/1731/1731
f 1072/1072/1072 260/260/260 1066/1066/1066
f 1732/1732/1732 1151/1151/1151 356/356/356
f 1156/1156/1156 1732/1732/1732 1202/1202/1202
f 352/352/352 1173/1173/1173 1732/1732/1732
f 1173/1173/1173 339/339/339 1151/1151/1151
f 1733/1733/1733 1026/1026/1026 268/268/268
f 1070/1070/1070 1733/1733/1733 1086/1086/1086
f 385/385/385 1019/1019/1019 1733/1733/1733
f 1019/1019/1019 384/384/384 1026/1026/1026
f 1734/1734/1734 1010/1010/1010 391/391/391
f 1115/1115/1115 1734/1734/1734 1060/1060/1060
f 423/423/423 1077/1077/1077 1734/1734/1734
f 1077/1077/1077 255/255/255 1010/1010/1010
f 1735/1735/1735 999/999/999 594/594/594
f 1023/1023/1023 1735/1735/1735 1064/1064/1064
f 258/258/258 1027/1027/1027 1735/1735/1735
f 1027/1027/1027 425/425/425 999/999/999
f 1736/1736/1736 1154/1154/1154 363/363/363
f 1150/1150/1150 1736/1736/1736 1199/1199/1199
f 336/336/336 1161/1161/1161 1736/1736/1736
f 1161/1161/1161 348/348/348 1154/1154/1154
f 1737/1737/1737 1007/1007/1007 424/424/424
f 1071/1071/1071 1737/1737/1737 1028/1028/1028
f 284/284/284 1013/1013/1013 1737/1737/1737
f 1013/1013/1013 458/458/458 1007/1007/1007
f 1738/1738/1738 1119/1119/1119 460/460/460
f 1120/1120/1120 1738/1738/1738 1012/1012/1012
f 332/332/332 1157/1157/1157 1738/1738/1738
f 1157/1157/1157 536/536/536 1119/1119/1119
f 1739/1739/1739 1241/1241/1241 328/328/328
f 1242/1242/1242 1739/1739/1739 1218/1218/1218
f 384/384/384 1018/1018/1018 1739/1739/1739
f 1018/1018/1018 386/386/386 1241/1241/1241
f 1740/1740/1740 1244/1244/1244 319/319/319
f 1245/1245/1245 1740/1740/1740 1219/1219/1219
f 390/390/390 1020/1020/1020 1740/1740/1740
f 1020/1020/1020 388/388/388 1244/1244/1244
f 1741/1741/1741 1246/1246/1246 317/317/317
f 1247/1247/1247 1741/1741/1741 1220/1220/1220
f 391/391/391 1022/1022/1022 1741/1741/1741
f 1022/1022/1022 393/393/393 1246/1246/1246
f 1742/1742/1742 1245/1245/1245 324/324/324
f 1249/1249/1249 1742/1742/1742 1223/1223/1223
f 394/394/394 1043/1043/1043 1742/1742/1742
f 1043/1043/1043 390/390/390 1245/1245/1245
f 1743/1743/1743 1242/1242/1242 330/330/330
f 1250/1250/1250 1743/1743/1743 1224/1224/1224
f 398/398/398 1044/1044/1044 1743/1743/1743
f 1044/1044/1044 384/384/384 1242/1242/1242
f 1744/1744/1744 1251/1251/1251 325/325/325
f 1252/1252/1252 1744/1744/1744 1226/1226/1226
f 400/400/400 1056/1056/1056 1744/1744/1744
f 1056/1056/1056 402/402/402 1251/1251/1251
f 1745/1745/1745 1252/1252/1252 327/327/327
f 1241/1241/1241 1745/1745/1745 1228/1228/1228
f 386/386/386 1058/1058/1058 1745/1745/1745
f 1058/1058/1058 400/400/400 1252/1252/1252
f 1746/1746/1746 1248/1248/1248 316/316/316
f 1240/1240/1240 1746/1746/1746 1231/1231/1231
f 570/570/570 1059/1059/1059 1746/1746/1746
f 1059/1059/1059 391/391/391 1248/1248/1248
f 1747/1747/1747 1254/1254/1254 311/311/311
f 1246/1246/1246 1747/1747/1747 1233/1233/1233
f 393/393/393 1062/1062/1062 1747/1747/1747
f 1062/1062/1062 403/403/403 1254/1254/1254
f 1748/1748/1748 1255/1255/1255 484/484/484
f 1243/1243/1243 1748/1748/1748 1235/1235/1235
f 387/387/387 1063/1063/1063 1748/1748/1748
f 1063/1063/1063 595/595/595 1255/1255/1255
f 1749/1749/1749 1250/1250/1250 313/313/313
f 1253/1253/1253 1749/1749/1749 1236/1236/1236
f 404/404/404 1065/1065/1065 1749/1749/1749
f 1065/1065/1065 398/398/398 1250/1250/1250
f 1750/1750/1750 1249/1249/1249 322/322/322
f 1251/1251/1251 1750/1750/1750 1237/1237/1237
f 402/402/402 1129/1129/1129 1750/1750/1750
f 1129/1129/1129 396/396/396 1249/1249/1249
f 1751/1751/1751 1264/1264/1264 405/405/405
f 1234/1234/1234 1751/1751/1751 1261/1261/1261
f 485/485/485 1258/1258/1258 1751/1751/1751
f 1258/1258/1258 599/599/599 1264/1264/1264
f 1752/1752/1752 1261/1261/1261 406/406/406
f 1222/1222/1222 1752/1752/1752 1266/1266/1266
f 324/324/324 1219/1219/1219 1752/1752/1752
f 1219/1219/1219 319/319/319 1261/1261/1261
f 1753/1753/1753 1271/1271/1271 407/407/407
f 1264/1264/1264 1753/1753/1753 1267/1267/1267
f 599/599/599 1262/1262/1262 1753/1753/1753
f 1262/1262/1262 602/602/602 1271/1271/1271
f 1754/1754/1754 1268/1268/1268 407/407/407
f 1238/1238/1238 1754/1754/1754 1272/1272/1272
f 322/322/322 1265/1265/1265 1754/1754/1754
f 1265/1265/1265 406/406/406 1268/1268/1268
f 1755/1755/1755 1277/1277/1277 408/408/408
f 1271/1271/1271 1755/1755/1755 1274/1274/1274
f 602/602/602 1269/1269/1269 1755/1755/1755
f 1269/1269/1269 605/605/605 1277/1277/1277
f 1756/1756/1756 1273/1273/1273 409/409/409
f 1227/1227/1227 1756/1756/1756 1278/1278/1278
f 326/326/326 1272/1272/1272 1756/1756/1756
f 1272/1272/1272 407/407/407 1273/1273/1273
f 1757/1757/1757 1282/1282/1282 411/411/411
f 1277/1277/1277 1757/1757/1757 1279/1279/1279
f 605/605/605 1276/1276/1276 1757/1757/1757
f 1276/1276/1276 610/610/610 1282/1282/1282
f 1758/1758/1758 1280/1280/1280 410/410/410
f 1229/1229/1229 1758/1758/1758 1283/1283/1283
f 327/327/327 1278/1278/1278 1758/1758/1758
f 1278/1278/1278 409/409/409 1280/1280/1280
f 1759/1759/1759 1287/1287/1287 412/412/412
f 1282/1282/1282 1759/1759/1759 1285/1285/1285
f 610/610/610 1281/1281/1281 1759/1759/1759
f 1281/1281/1281 613/613/613 1287/1287/1287
f 1760/1760/1760 1284/1284/1284 413/413/413
f 1217/1217/1217 1760/1760/1760 1289/1289/1289
f 328/328/328 1283/1283/1283 1760/1760/1760
f 1283/1283/1283 410/410/410 1284/1284/1284
f 1761/1761/1761 1299/1299/1299 416/416/416
f 1287/1287/1287 1761/1761/1761 1296/1296/1296
f 613/613/613 1286/1286/1286 1761/1761/1761
f 1286/1286/1286 621/621/621 1299/1299/1299
f 1762/1762/1762 1300/1300/1300 312/312/312
f 1288/1288/1288 1762/1762/1762 1225/1225/1225
f 412/412/412 1296/1296/1296 1762/1762/1762
f 1296/1296/1296 416/416/416 1300/1300/1300
f 1763/1763/1763 1230/1230/1230 314/314/314
f 1293/1293/1293 1763/1763/1763 1260/1260/1260
f 617/617/617 1291/1291/1291 1763/1763/1763
f 1291/1291/1291 486/486/486 1230/1230/1230
f 1764/1764/1764 1221/1221/1221 317/317/317
f 1295/1295/1295 1764/1764/1764 1232/1232/1232
f 415/415/415 1259/1259/1259 1764/1764/1764
f 1259/1259/1259 315/315/315 1221/1221/1221
f 1765/1765/1765 1293/1293/1293 414/414/414
f 1299/1299/1299 1765/1765/1765 1290/1290/1290
f 621/621/621 1298/1298/1298 1765/1765/1765
f 1298/1298/1298 617/617/617 1293/1293/1293
f 1766/1766/1766 1294/1294/1294 311/311/311
f 1300/1300/1300 1766/1766/1766 1236/1236/1236
f 416/416/416 1290/1290/1290 1766/1766/1766
f 1290/1290/1290 414/414/414 1294/1294/1294
f 1767/1767/1767 1485/1485/1485 565/565/565
f 1461/1461/1461 1767/1767/1767 1440/1440/1440
f 519/519/519 1443/1443/1443 1767/1767/1767
f 1443/1443/1443 541/541/541 1485/1485/1485
f 1768/1768/1768 1430/1430/1430 419/419/419
f 1497/1497/1497 1768/1768/1768 1437/1437/1437
f 551/551/551 1476/1476/1476 1768/1768/1768
f 1476/1476/1476 442/442/442 1430/1430/1430
f 1769/1769/1769 1337/1337/1337 457/457/457
f 1378/1378/1378 1769/1769/1769 1117/1117/1117
f 426/426/426 1377/1377/1377 1769/1769/1769
f 1377/1377/1377 465/465/465 1337/1337/1337
f 1770/1770/1770 1439/1439/1439 564/564/564
f 1482/1482/1482 1770/1770/1770 1503/1503/1503
f 532/532/532 1457/1457/1457 1770/1770/1770
f 1457/1457/1457 513/513/513 1439/1439/1439
f 1771/1771/1771 1472/1472/1472 546/546/546
f 1471/1471/1471 1771/1771/1771 1502/1502/1502
f 514/514/514 1456/1456/1456 1771/1771/1771
f 1456/1456/1456 520/520/520 1472/1472/1472
f 1772/1772/1772 1303/1303/1303 446/446/446
f 1370/1370/1370 1772/1772/1772 1390/1390/1390
f 573/573/573 1356/1356/1356 1772/1772/1772
f 1356/1356/1356 587/587/587 1303/1303/1303
f 1773/1773/1773 1468/1468/1468 538/538/538
f 1410/1410/1410 1773/1773/1773 1499/1499/1499
f 437/437/437 1428/1428/1428 1773/1773/1773
f 1428/1428/1428 434/434/434 1468/1468/1468
f 1774/1774/1774 1330/1330/1330 451/451/451
f 1394/1394/1394 1774/1774/1774 1396/1396/1396
f 482/482/482 1348/1348/1348 1774/1774/1774
f 1348/1348/1348 481/481/481 1330/1330/1330
f 1775/1775/1775 1419/1419/1419 513/513/513
f 1403/1403/1403 1775/1775/1775 1457/1457/1457
f 476/476/476 1315/1315/1315 1775/1775/1775
f 1315/1315/1315 478/478/478 1419/1419/1419
f 1776/1776/1776 1401/1401/1401 520/520/520
f 1346/1346/1346 1776/1776/1776 1456/1456/1456
f 468/468/468 1407/1407/1407 1776/1776/1776
f 1407/1407/1407 470/470/470 1401/1401/1401
f 1777/1777/1777 1346/1346/1346 514/514/514
f 1331/1331/1331 1777/1777/1777 1458/1458/1458
f 464/464/464 1351/1351/1351 1777/1777/1777
f 1351/1351/1351 468/468/468 1346/1346/1346
f 1778/1778/1778 1420/1420/1420 446/446/446
f 1354/1354/1354 1778/1778/1778 1302/1302/1302
f 589/589/589 1422/1422/1422 1778/1778/1778
f 1422/1422/1422 449/449/449 1420/1420/1420
f 1779/1779/1779 1429/1429/1429 437/437/437
f 1501/1501/1501 1779/1779/1779 1411/1411/1411
f 546/546/546 1437/1437/1437 1779/1779/1779
f 1437/1437/1437 419/419/419 1429/1429/1429
f 1780/1780/1780 1345/1345/1345 441/441/441
f 1392/1392/1392 1780/1780/1780 1386/1386/1386
f 474/474/474 1305/1305/1305 1780/1780/1780
f 1305/1305/1305 471/471/471 1345/1345/1345
f 1781/1781/1781 1404/1404/1404 474/474/474
f 1389/1389/1389 1781/1781/1781 1391/1391/1391
f 447/447/447 1388/1388/1388 1781/1781/1781
f 1388/1388/1388 477/477/477 1404/1404/1404
f 1782/1782/1782 1504/1504/1504 566/566/566
f 1433/1433/1433 1782/1782/1782 1484/1484/1484
f 448/448/448 1412/1412/1412 1782/1782/1782
f 1412/1412/1412 561/561/561 1504/1504/1504
f 1783/1783/1783 1413/1413/1413 448/448/448
f 1352/1352/1352 1783/1783/1783 1432/1432/1432
f 552/552/552 1491/1491/1491 1783/1783/1783
f 1491/1491/1491 561/561/561 1413/1413/1413
f 1784/1784/1784 1309/1309/1309 450/450/450
f 1330/1330/1330 1784/1784/1784 1339/1339/1339
f 481/481/481 1314/1314/1314 1784/1784/1784
f 1314/1314/1314 479/479/479 1309/1309/1309
f 1785/1785/1785 1398/1398/1398 430/430/430
f 1334/1334/1334 1785/1785/1785 1371/1371/1371
f 482/482/482 1393/1393/1393 1785/1785/1785
f 1393/1393/1393 454/454/454 1398/1398/1398
f 1786/1786/1786 1477/1477/1477 551/551/551
f 1353/1353/1353 1786/1786/1786 1495/1495/1495
f 445/445/445 1431/1431/1431 1786/1786/1786
f 1431/1431/1431 442/442/442 1477/1477/1477
f 1787/1787/1787 1465/1465/1465 510/510/510
f 1488/1488/1488 1787/1787/1787 1438/1438/1438
f 549/549/549 1448/1448/1448 1787/1787/1787
f 1448/1448/1448 535/535/535 1465/1465/1465
f 1788/1788/1788 1426/1426/1426 417/417/417
f 1507/1507/1507 1788/1788/1788 1145/1145/1145
f 548/548/548 1474/1474/1474 1788/1788/1788
f 1474/1474/1474 428/428/428 1426/1426/1426
f 1789/1789/1789 1321/1321/1321 429/429/429
f 1367/1367/1367 1789/1789/1789 1397/1397/1397
f 578/578/578 1319/1319/1319 1789/1789/1789
f 1319/1319/1319 575/575/575 1321/1321/1321
f 1790/1790/1790 1333/1333/1333 461/461/461
f 1465/1465/1465 1790/1790/1790 1414/1414/1414
f 535/535/535 1415/1415/1415 1790/1790/1790
f 1415/1415/1415 483/483/483 1333/1333/1333
f 1791/1791/1791 1349/1349/1349 483/483/483
f 1467/1467/1467 1791/1791/1791 1415/1415/1415
f 518/518/518 1417/1417/1417 1791/1791/1791
f 1417/1417/1417 480/480/480 1349/1349/1349
f 1792/1792/1792 1399/1399/1399 466/466/466
f 1331/1331/1331 1792/1792/1792 1336/1336/1336
f 516/516/516 1453/1453/1453 1792/1792/1792
f 1453/1453/1453 531/531/531 1399/1399/1399
f 1793/1793/1793 1459/1459/1459 533/533/533
f 1492/1492/1492 1793/1793/1793 1483/1483/1483
f 553/553/553 1479/1479/1479 1793/1793/1793
f 1479/1479/1479 524/524/524 1459/1459/1459
f 1794/1794/1794 1406/1406/1406 467/467/467
f 1385/1385/1385 1794/1794/1794 1344/1344/1344
f 438/438/438 1383/1383/1383 1794/1794/1794
f 1383/1383/1383 469/469/469 1406/1406/1406
f 1795/1795/1795 1496/1496/1496 551/551/551
f 1455/1455/1455 1795/1795/1795 1445/1445/1445
f 526/526/526 1478/1478/1478 1795/1795/1795
f 1478/1478/1478 552/552/552 1496/1496/1496
f 1796/1796/1796 1425/1425/1425 431/431/431
f 1506/1506/1506 1796/1796/1796 1481/1481/1481
f 568/568/568 1143/1143/1143 1796/1796/1796
f 1143/1143/1143 418/418/418 1425/1425/1425
f 1797/1797/1797 1450/1450/1450 530/530/530
f 1508/1508/1508 1797/1797/1797 1446/1446/1446
f 554/554/554 1187/1187/1187 1797/1797/1797
f 1187/1187/1187 527/527/527 1450/1450/1450
f 1798/1798/1798 1427/1427/1427 428/428/428
f 1489/1489/1489 1798/1798/1798 1474/1474/1474
f 539/539/539 1469/1469/1469 1798/1798/1798
f 1469/1469/1469 434/434/434 1427/1427/1427
f 1799/1799/1799 1365/1365/1365 581/581/581
f 1301/1301/1301 1799/1799/1799 1360/1360/1360
f 435/435/435 1380/1380/1380 1799/1799/1799
f 1380/1380/1380 433/433/433 1365/1365/1365
f 1800/1800/1800 1449/1449/1449 537/537/537
f 1505/1505/1505 1800/1800/1800 1195/1195/1195
f 559/559/559 1438/1438/1438 1800/1800/1800
f 1438/1438/1438 510/510/510 1449/1449/1449
f 1801/1801/1801 1328/1328/1328 439/439/439
f 1342/1342/1342 1801/1801/1801 1306/1306/1306
f 572/572/572 1325/1325/1325 1801/1801/1801
f 1325/1325/1325 440/440/440 1328/1328/1328
f 1802/1802/1802 1473/1473/1473 520/520/520
f 1444/1444/1444 1802/1802/1802 1464/1464/1464
f 551/551/551 1498/1498/1498 1802/1802/1802
f 1498/1498/1498 545/545/545 1473/1473/1473
f 1803/1803/1803 1340/1340/1340 449/449/449
f 1424/1424/1424 1803/1803/1803 1422/1422/1422
f 583/583/583 1323/1323/1323 1803/1803/1803
f 1323/1323/1323 452/452/452 1340/1340/1340
f 1804/1804/1804 1363/1363/1363 585/585/585
f 1384/1384/1384 1804/1804/1804 1307/1307/1307
f 435/435/435 1301/1301/1301 1804/1804/1804
f 1301/1301/1301 592/592/592 1363/1363/1363
f 1805/1805/1805 1484/1484/1484 563/563/563
f 1470/1470/1470 1805/1805/1805 1486/1486/1486
f 453/453/453 1434/1434/1434 1805/1805/1805
f 1434/1434/1434 420/420/420 1484/1484/1484
f 1806/1806/1806 1350/1350/1350 463/463/463
f 1381/1381/1381 1806/1806/1806 1375/1375/1375
f 436/436/436 1344/1344/1344 1806/1806/1806
f 1344/1344/1344 467/467/467 1350/1350/1350
f 1807/1807/1807 1418/1418/1418 478/478/478
f 1416/1416/1416 1807/1807/1807 1313/1313/1313
f 519/519/519 1462/1462/1462 1807/1807/1807
f 1462/1462/1462 511/511/511 1418/1418/1418
f 1808/1808/1808 1382/1382/1382 438/438/438
f 1345/1345/1345 1808/1808/1808 1329/1329/1329
f 471/471/471 1408/1408/1408 1808/1808/1808
f 1408/1408/1408 469/469/469 1382/1382/1382
f 1809/1809/1809 1376/1376/1376 426/426/426
f 1374/1374/1374 1809/1809/1809 1372/1372/1372
f 463/463/463 1335/1335/1335 1809/1809/1809
f 1335/1335/1335 465/465/465 1376/1376/1376
f 1810/1810/1810 1310/1310/1310 479/479/479
f 1388/1388/1388 1810/1810/1810 1316/1316/1316
f 447/447/447 1421/1421/1421 1810/1810/1810
f 1421/1421/1421 450/450/450 1310/1310/1310
f 1811/1811/1811 1487/1487/1487 557/557/557
f 1436/1436/1436 1811/1811/1811 1480/1480/1480
f 421/421/421 1475/1475/1475 1811/1811/1811
f 1475/1475/1475 550/550/550 1487/1487/1487
f 1812/1812/1812 1470/1470/1470 540/540/540
f 1475/1475/1475 1812/1812/1812 1493/1493/1493
f 421/421/421 1435/1435/1435 1812/1812/1812
f 1435/1435/1435 453/453/453 1470/1470/1470
f 1813/1813/1813 1347/1347/1347 473/473/473
f 1402/1402/1402 1813/1813/1813 1405/1405/1405
f 534/534/534 1460/1460/1460 1813/1813/1813
f 1460/1460/1460 525/525/525 1347/1347/1347
f 1814/1814/1814 1451/1451/1451 528/528/528
f 1338/1338/1338 1814/1814/1814 1113/1113/1113
f 466/466/466 1399/1399/1399 1814/1814/1814
f 1399/1399/1399 529/529/529 1451/1451/1451
f 1815/1815/1815 1409/1409/1409 472/472/472
f 1463/1463/1463 1815/1815/1815 1332/1332/1332
f 520/520/520 1400/1400/1400 1815/1815/1815
f 1400/1400/1400 470/470/470 1409/1409/1409
f 1816/1816/1816 1341/1341/1341 577/577/577
f 1395/1395/1395 1816/1816/1816 1368/1368/1368
f 452/452/452 1324/1324/1324 1816/1816/1816
f 1324/1324/1324 583/583/583 1341/1341/1341
f 1817/1817/1817 1471/1471/1471 544/544/544
f 1441/1441/1441 1817/1817/1817 1500/1500/1500
f 517/517/517 1458/1458/1458 1817/1817/1817
f 1458/1458/1458 514/514/514 1471/1471/1471
f 1818/1818/1818 1332/1332/1332 472/472/472
f 1347/1347/1347 1818/1818/1818 1304/1304/1304
f 525/525/525 1454/1454/1454 1818/1818/1818
f 1454/1454/1454 523/523/523 1332/1332/1332
f 1819/1819/1819 1320/1320/1320 581/581/581
f 1373/1373/1373 1819/1819/1819 1366/1366/1366
f 427/427/427 1308/1308/1308 1819/1819/1819
f 1308/1308/1308 580/580/580 1320/1320/1320
f 1820/1820/1820 1494/1494/1494 541/541/541
f 1466/1466/1466 1820/1820/1820 1443/1443/1443
f 535/535/535 1448/1448/1448 1820/1820/1820
f 1448/1448/1448 550/550/550 1494/1494/1494
f 1821/1821/1821 1387/1387/1387 440/440/440
f 1317/1317/1317 1821/1821/1821 1325/1325/1325
f 574/574/574 1369/1369/1369 1821/1821/1821
f 1369/1369/1369 444/444/444 1387/1387/1387
f 1822/1822/1822 1359/1359/1359 580/580/580
f 1379/1379/1379 1822/1822/1822 1308/1308/1308
f 423/423/423 1114/1114/1114 1822/1822/1822
f 1114/1114/1114 571/571/571 1359/1359/1359
f 1823/1823/1823 1362/1362/1362 593/593/593
f 1327/1327/1327 1823/1823/1823 1000/1000/1000
f 429/429/429 1322/1322/1322 1823/1823/1823
f 1322/1322/1322 575/575/575 1362/1362/1362
f 1824/1824/1824 1490/1490/1490 548/548/548
f 1452/1452/1452 1824/1824/1824 1447/1447/1447
f 515/515/515 1442/1442/1442 1824/1824/1824
f 1442/1442/1442 539/539/539 1490/1490/1490
f 1825/1825/1825 1326/1326/1326 424/424/424
f 1312/1312/1312 1825/1825/1825 1006/1006/1006
f 462/462/462 1371/1371/1371 1825/1825/1825
f 1371/1371/1371 430/430/430 1326/1326/1326
f 1826/1826/1826 1311/1311/1311 459/459/459
f 1449/1449/1449 1826/1826/1826 1118/1118/1118
f 510/510/510 1414/1414/1414 1826/1826/1826
f 1414/1414/1414 461/461/461 1311/1311/1311
f 1827/1827/1827 1509/1509/1509 508/508/508
f 1317/1317/1317 1827/1827/1827 1529/1529/1529
f 572/572/572 1530/1530/1530 1827/1827/1827
f 1530/1530/1530 509/509/509 1509/1509/1509
f 1828/1828/1828 1511/1511/1511 498/498/498
f 1318/1318/1318 1828/1828/1828 1531/1531/1531
f 577/577/577 1533/1533/1533 1828/1828/1828
f 1533/1533/1533 502/502/502 1511/1511/1511
f 1829/1829/1829 1512/1512/1512 496/496/496
f 1320/1320/1320 1829/1829/1829 1534/1534/1534
f 580/580/580 1536/1536/1536 1829/1829/1829
f 1536/1536/1536 493/493/493 1512/1512/1512
f 1830/1830/1830 1515/1515/1515 502/502/502
f 1341/1341/1341 1830/1830/1830 1533/1533/1533
f 583/583/583 1537/1537/1537 1830/1830/1830
f 1537/1537/1537 500/500/500 1515/1515/1515
f 1831/1831/1831 1516/1516/1516 509/509/509
f 1343/1343/1343 1831/1831/1831 1530/1530/1530
f 585/585/585 1538/1538/1538 1831/1831/1831
f 1538/1538/1538 492/492/492 1516/1516/1516
f 1832/1832/1832 1518/1518/1518 503/503/503
f 1355/1355/1355 1832/1832/1832 1539/1539/1539
f 588/588/588 1540/1540/1540 1832/1832/1832
f 1540/1540/1540 505/505/505 1518/1518/1518
f 1833/1833/1833 1519/1519/1519 505/505/505
f 1357/1357/1357 1833/1833/1833 1540/1540/1540
f 574/574/574 1529/1529/1529 1833/1833/1833
f 1529/1529/1529 508/508/508 1519/1519/1519
f 1834/1834/1834 1520/1520/1520 494/494/494
f 1358/1358/1358 1834/1834/1834 1535/1535/1535
f 571/571/571 1239/1239/1239 1834/1834/1834
f 1239/1239/1239 486/486/486 1520/1520/1520
f 1835/1835/1835 1522/1522/1522 488/488/488
f 1361/1361/1361 1835/1835/1835 1541/1541/1541
f 581/581/581 1534/1534/1534 1835/1835/1835
f 1534/1534/1534 496/496/496 1522/1522/1522
f 1836/1836/1836 1524/1524/1524 485/485/485
f 1362/1362/1362 1836/1836/1836 1256/1256/1256
f 576/576/576 1532/1532/1532 1836/1836/1836
f 1532/1532/1532 499/499/499 1524/1524/1524
f 1837/1837/1837 1526/1526/1526 492/492/492
f 1364/1364/1364 1837/1837/1837 1538/1538/1538
f 591/591/591 1541/1541/1541 1837/1837/1837
f 1541/1541/1541 489/489/489 1526/1526/1526
f 1838/1838/1838 1527/1527/1527 500/500/500
f 1423/1423/1423 1838/1838/1838 1537/1537/1537
f 590/590/590 1539/1539/1539 1838/1838/1838
f 1539/1539/1539 503/503/503 1527/1527/1527
f 1839/1839/1839 1545/1545/1545 597/597/597
f 1257/1257/1257 1839/1839/1839 1546/1546/1546
f 484/484/484 1525/1525/1525 1839/1839/1839
f 1525/1525/1525 497/497/497 1545/1545/1545
f 1840/1840/1840 1547/1547/1547 597/597/597
f 1511/1511/1511 1840/1840/1840 1544/1544/1544
f 502/502/502 1514/1514/1514 1840/1840/1840
f 1514/1514/1514 501/501/501 1547/1547/1547
f 1841/1841/1841 1549/1549/1549 601/601/601
f 1263/1263/1263 1841/1841/1841 1551/1551/1551
f 598/598/598 1546/1546/1546 1841/1841/1841
f 1546/1546/1546 597/597/597 1549/1549/1549
f 1842/1842/1842 1552/1552/1552 600/600/600
f 1548/1548/1548 1842/1842/1842 1550/1550/1550
f 500/500/500 1528/1528/1528 1842/1842/1842
f 1528/1528/1528 504/504/504 1552/1552/1552
f 1843/1843/1843 1554/1554/1554 603/603/603
f 1270/1270/1270 1843/1843/1843 1555/1555/1555
f 602/602/602 1551/1551/1551 1843/1843/1843
f 1551/1551/1551 601/601/601 1554/1554/1554
f 1844/1844/1844 1556/1556/1556 604/604/604
f 1552/1552/1552 1844/1844/1844 1553/1553/1553
f 504/504/504 1518/1518/1518 1844/1844/1844
f 1518/1518/1518 506/506/506 1556/1556/1556
f 1845/1845/1845 1557/1557/1557 608/608/608
f 1275/1275/1275 1845/1845/1845 1558/1558/1558
f 606/606/606 1555/1555/1555 1845/1845/1845
f 1555/1555/1555 603/603/603 1557/1557/1557
f 1846/1846/1846 1559/1559/1559 607/607/607
f 1556/1556/1556 1846/1846/1846 1557/1557/1557
f 506/506/506 1519/1519/1519 1846/1846/1846
f 1519/1519/1519 507/507/507 1559/1559/1559
f 1847/1847/1847 1561/1561/1561 612/612/612
f 1281/1281/1281 1847/1847/1847 1562/1562/1562
f 609/609/609 1558/1558/1558 1847/1847/1847
f 1558/1558/1558 608/608/608 1561/1561/1561
f 1848/1848/1848 1563/1563/1563 611/611/611
f 1559/1559/1559 1848/1848/1848 1560/1560/1560
f 507/507/507 1510/1510/1510 1848/1848/1848
f 1510/1510/1510 509/509/509 1563/1563/1563
f 1849/1849/1849 1568/1568/1568 619/619/619
f 1286/1286/1286 1849/1849/1849 1569/1569/1569
f 614/614/614 1562/1562/1562 1849/1849/1849
f 1562/1562/1562 612/612/612 1568/1568/1568
f 1850/1850/1850 1517/1517/1517 491/491/491
f 1568/1568/1568 1850/1850/1850 1570/1570/1570
f 612/612/612 1563/1563/1563 1850/1850/1850
f 1563/1563/1563 509/509/509 1517/1517/1517
f 1851/1851/1851 1542/1542/1542 494/494/494
f 1292/1292/1292 1851/1851/1851 1521/1521/1521
f 618/618/618 1565/1565/1565 1851/1851/1851
f 1565/1565/1565 616/616/616 1542/1542/1542
f 1852/1852/1852 1523/1523/1523 496/496/496
f 1543/1543/1543 1852/1852/1852 1513/1513/1513
f 615/615/615 1567/1567/1567 1852/1852/1852
f 1567/1567/1567 490/490/490 1523/1523/1523
f 1853/1853/1853 1564/1564/1564 616/616/616
f 1297/1297/1297 1853/1853/1853 1565/1565/1565
f 620/620/620 1569/1569/1569 1853/1853/1853
f 1569/1569/1569 619/619/619 1564/1564/1564
f 1854/1854/1854 1526/1526/1526 488/488/488
f 1564/1564/1564 1854/1854/1854 1566/1566/1566
f 619/619/619 1570/1570/1570 1854/1854/1854
f 1570/1570/1570 491/491/491 1526/1526/1526

