mtllib material.mtl
usemtl plastic_grey
v -0.01158000 0.12630400 0.02939300
v -0.00986700 0.12582700 0.02913900
v -0.00835600 0.12488600 0.02887200
v -0.00712300 0.12359300 0.02861000
v -0.00619800 0.12205600 0.02836700
v -0.00559100 0.12036100 0.02815000
v -0.00527800 0.11858200 0.02796200
v -0.00521200 0.11677100 0.02780300
v -0.00536600 0.11496300 0.02767200
v -0.00575800 0.11319000 0.02757300
v -0.00638900 0.11148300 0.02750900
v -0.00726000 0.10988600 0.02748500
v -0.00842700 0.10850800 0.02751600
v -0.00989400 0.10747100 0.02761300
v -0.01159200 0.10690700 0.02777800
v -0.01338100 0.10686500 0.02799800
v -0.01508400 0.10736300 0.02825200
v -0.01656900 0.10834600 0.02851900
v -0.01777600 0.10966600 0.02878000
v -0.01869500 0.11121000 0.02902300
v -0.01933500 0.11289400 0.02924400
v -0.01970900 0.11466200 0.02943800
v -0.01982700 0.11646900 0.02960300
v -0.01969400 0.11827700 0.02973700
v -0.01930600 0.12005000 0.02983600
v -0.01865800 0.12174500 0.02989700
v -0.01773600 0.12330800 0.02991200
v -0.01653300 0.12465700 0.02987400
v -0.01505400 0.12568100 0.02977500
v -0.01336100 0.12625500 0.02961100
v -0.01159700 0.12762400 0.02898500
v -0.01158500 0.12811300 0.02900300
v -0.00959700 0.12711800 0.02869300
v -0.00948000 0.12759500 0.02869700
v -0.00780000 0.12610500 0.02838400
v -0.00758000 0.12655300 0.02837300
v -0.00630400 0.12467700 0.02807800
v -0.00599100 0.12507200 0.02805100
v -0.00516000 0.12294700 0.02779100
v -0.00476800 0.12327000 0.02774800
v -0.00439100 0.12101300 0.02753400
v -0.00394200 0.12124800 0.02747600
v -0.00398700 0.11896300 0.02731300
v -0.00350600 0.11909800 0.02724300
v -0.00389000 0.11686900 0.02712600
v -0.00339800 0.11690000 0.02704600
v -0.00405700 0.11477600 0.02697300
v -0.00356900 0.11470200 0.02688400
v -0.00450400 0.11272400 0.02685700
v -0.00403700 0.11254700 0.02676300
v -0.00523700 0.11074900 0.02678400
v -0.00481000 0.11047600 0.02668700
v -0.00626600 0.10891500 0.02676000
v -0.00589800 0.10855400 0.02666300
v -0.00765200 0.10735400 0.02680300
v -0.00736500 0.10692600 0.02671000
v -0.00938300 0.10620100 0.02692300
v -0.00919100 0.10572600 0.02683800
v -0.01136300 0.10558600 0.02711900
v -0.01127200 0.10508500 0.02704500
v -0.01343700 0.10554000 0.02737400
v -0.01345100 0.10503400 0.02731200
v -0.01542500 0.10607900 0.02766700
v -0.01554300 0.10558600 0.02762000
v -0.01718500 0.10715500 0.02797700
v -0.01740200 0.10669900 0.02794400
v -0.01864600 0.10862300 0.02828100
v -0.01895200 0.10822400 0.02826500
v -0.01978200 0.11036200 0.02856800
v -0.02016500 0.11003800 0.02856800
v -0.02059400 0.11228200 0.02882900
v -0.02103600 0.11204600 0.02884400
v -0.02108700 0.11431200 0.02906000
v -0.02156900 0.11417400 0.02908800
v -0.02126700 0.11639800 0.02925700
v -0.02176900 0.11636300 0.02929500
v -0.02113500 0.11849100 0.02941500
v -0.02163700 0.11856000 0.02946200
v -0.02068900 0.12054300 0.02953000
v -0.02116800 0.12071400 0.02958300
v -0.01991900 0.12249600 0.02959600
v -0.02035500 0.12276200 0.02965200
v -0.01881600 0.12428100 0.02960800
v -0.01918700 0.12462900 0.02966200
v -0.01738100 0.12580300 0.02955500
v -0.01767000 0.12621800 0.02960500
v -0.01563700 0.12694100 0.02943200
v -0.01583200 0.12740200 0.02947400
v -0.01366300 0.12756800 0.02923800
v -0.01375500 0.12805300 0.02926900
v -0.01149400 0.12592800 0.03015500
v -0.00985100 0.12545800 0.02991100
v -0.00841000 0.12453500 0.02965400
v -0.00580100 0.12014800 0.02896300
v -0.00551100 0.11843400 0.02878400
v -0.00560300 0.11495300 0.02850500
v -0.00658800 0.11160700 0.02834900
v -0.00853300 0.10873500 0.02835300
v -0.01491900 0.10762100 0.02905700
v -0.01633700 0.10858100 0.02931400
v -0.01834700 0.11136100 0.02979700
v -0.01894500 0.11298900 0.03000700
v -0.01138400 0.12617300 0.03096600
v -0.00967100 0.12569600 0.03071200
v -0.00816000 0.12475500 0.03044500
v -0.00692600 0.12346200 0.03018400
v -0.00600200 0.12192500 0.02994000
v -0.00539400 0.12023000 0.02972300
v -0.00508200 0.11845100 0.02953600
v -0.00501500 0.11663900 0.02937600
v -0.00517000 0.11483100 0.02924500
v -0.00556200 0.11305900 0.02914600
v -0.00619300 0.11135100 0.02908300
v -0.00706400 0.10975500 0.02905800
v -0.00823000 0.10837700 0.02908900
v -0.00969700 0.10734000 0.02918600
v -0.01139600 0.10677600 0.02935100
v -0.01318400 0.10673400 0.02957100
v -0.01488800 0.10723200 0.02982500
v -0.01637300 0.10821500 0.03009200
v -0.01758000 0.10953500 0.03035300
v -0.01849900 0.11107900 0.03059600
v -0.01913800 0.11276300 0.03081700
v -0.01951300 0.11453100 0.03101100
v -0.01963100 0.11633700 0.03117600
v -0.01949700 0.11814600 0.03131000
v -0.01911000 0.11991900 0.03141000
v -0.01846100 0.12161400 0.03147000
v -0.01754000 0.12317600 0.03148500
v -0.01633600 0.12452600 0.03144700
v -0.01485800 0.12555000 0.03134800
v -0.01316400 0.12612400 0.03118400
v -0.01127300 0.12740800 0.03157600
v -0.01125600 0.12789400 0.03163500
v -0.00927300 0.12690200 0.03128400
v -0.00915100 0.12737600 0.03132900
v -0.00747600 0.12588900 0.03097500
v -0.00725100 0.12633300 0.03100500
v -0.00598100 0.12446100 0.03066900
v -0.00566200 0.12485300 0.03068300
v -0.00483600 0.12273100 0.03038200
v -0.00443900 0.12305100 0.03038000
v -0.00406700 0.12079700 0.03012500
v -0.00361300 0.12102800 0.03010900
v -0.00366400 0.11874700 0.02990400
v -0.00317800 0.11887900 0.02987500
v -0.00356700 0.11665300 0.02971700
v -0.00306900 0.11668000 0.02967800
v -0.00373400 0.11456000 0.02956300
v -0.00324100 0.11448300 0.02951600
v -0.00418000 0.11250800 0.02944800
v -0.00370800 0.11232800 0.02939500
v -0.00491400 0.11053300 0.02937500
v -0.00448200 0.11025600 0.02931900
v -0.00594300 0.10869900 0.02935100
v -0.00557000 0.10833500 0.02929500
v -0.00732900 0.10713800 0.02939400
v -0.00703700 0.10670600 0.02934200
v -0.00906000 0.10598500 0.02951400
v -0.00886200 0.10550700 0.02947000
v -0.01103900 0.10537000 0.02971000
v -0.01094300 0.10486600 0.02967700
v -0.01311400 0.10532400 0.02996500
v -0.01312300 0.10481500 0.02994500
v -0.01510100 0.10586300 0.03025800
v -0.01521400 0.10536700 0.03025200
v -0.01686100 0.10693900 0.03056700
v -0.01707300 0.10648000 0.03057700
v -0.01832200 0.10840700 0.03087200
v -0.01862400 0.10800500 0.03089700
v -0.01945900 0.11014600 0.03115900
v -0.01983700 0.10981900 0.03120000
v -0.02027000 0.11206600 0.03142000
v -0.02070700 0.11182600 0.03147600
v -0.02076300 0.11409600 0.03165100
v -0.02124000 0.11395400 0.03172000
v -0.02094300 0.11618300 0.03184700
v -0.02144000 0.11614300 0.03192700
v -0.02081200 0.11827600 0.03200500
v -0.02130800 0.11834100 0.03209400
v -0.02036500 0.12032700 0.03212100
v -0.02084000 0.12049400 0.03221500
v -0.01959500 0.12228000 0.03218700
v -0.02002600 0.12254300 0.03228400
v -0.01849300 0.12406500 0.03219800
v -0.01885900 0.12441000 0.03229400
v -0.01705800 0.12558700 0.03214600
v -0.01734200 0.12599900 0.03223700
v -0.01531400 0.12672500 0.03202300
v -0.01550300 0.12718300 0.03210600
v -0.01333900 0.12735300 0.03182900
v -0.01342600 0.12783400 0.03190100
v -0.00724000 0.12327400 0.02940300
v -0.00636900 0.12178400 0.02917000
v -0.00545200 0.11669200 0.02863100
v -0.00598200 0.11324900 0.02841000
v -0.00742100 0.11006900 0.02832500
v -0.00993600 0.10772600 0.02844400
v -0.01156600 0.10717500 0.02860100
v -0.01328500 0.10713200 0.02881200
v -0.01748200 0.10986500 0.02956400
v -0.01929000 0.11469200 0.03019200
v -0.01939300 0.11643100 0.03035000
v -0.01925900 0.11817000 0.03047800
v -0.01888600 0.11987500 0.03057400
v -0.01826700 0.12150700 0.03063200
v -0.01739000 0.12301500 0.03064900
v -0.01624300 0.12432300 0.03061400
v -0.01482900 0.12532000 0.03052100
v -0.01320400 0.12588100 0.03036500
v -0.01070600 0.12612900 0.02926900
v -0.00908100 0.12540800 0.02900600
v -0.00770200 0.12427600 0.02874000
v -0.00662100 0.12284900 0.02848600
v -0.00585500 0.12122300 0.02825500
v -0.00540000 0.11947800 0.02805200
v -0.00521700 0.11767800 0.02787900
v -0.00526000 0.11586400 0.02773400
v -0.00553200 0.11407000 0.02761800
v -0.00604500 0.11232600 0.02753700
v -0.00780400 0.10916300 0.02749300
v -0.00912500 0.10793800 0.02755600
v -0.01248600 0.10681900 0.02788200
v -0.01425300 0.10704800 0.02812200
v -0.01585900 0.10780300 0.02838500
v -0.01720900 0.10897200 0.02865100
v -0.01827100 0.11041600 0.02890400
v -0.01904900 0.11203800 0.02913700
v -0.01955400 0.11377100 0.02934400
v -0.01980000 0.11556300 0.02952400
v -0.01979200 0.11737500 0.02967400
v -0.01953200 0.11917000 0.02979100
v -0.01901500 0.12091100 0.02987200
v -0.01823200 0.12254700 0.02991000
v -0.01717000 0.12401500 0.02990000
v -0.01582500 0.12521800 0.02983300
v -0.01422700 0.12603100 0.02970100
v -0.01247200 0.12634700 0.02950800
v -0.01051500 0.12792400 0.02885400
v -0.00951500 0.12746100 0.02867300
v -0.01159100 0.12797400 0.02897500
v -0.01057900 0.12743900 0.02884200
v -0.00849600 0.12713500 0.02853600
v -0.00764300 0.12642700 0.02835300
v -0.00866600 0.12667000 0.02853900
v -0.00674200 0.12586000 0.02821000
v -0.00607800 0.12496200 0.02803500
v -0.00701000 0.12543600 0.02823000
v -0.00533100 0.12420500 0.02789600
v -0.00487600 0.12318000 0.02773700
v -0.00568600 0.12384300 0.02793200
v -0.00430400 0.12228000 0.02760800
v -0.00406500 0.12118300 0.02746900
v -0.00472800 0.12200000 0.02765800
v -0.00367800 0.12018300 0.02735500
v -0.00363800 0.11906100 0.02723900
v -0.00414700 0.11999800 0.02741900
v -0.00341500 0.11800200 0.02714000
v -0.00353200 0.11689100 0.02704500
v -0.00390400 0.11791800 0.02721500
v -0.00344800 0.11579800 0.02696100
v -0.00370200 0.11472300 0.02688500
v -0.00394000 0.11582000 0.02704500
v -0.00376500 0.11361700 0.02681800
v -0.00416400 0.11259600 0.02676500
v -0.00424400 0.11374200 0.02691000
v -0.00438600 0.11149800 0.02671900
v -0.00492500 0.11055100 0.02669000
v -0.00483500 0.11172400 0.02681500
v -0.00599600 0.10865300 0.02666600
v -0.00658300 0.10769500 0.02667700
v -0.00744100 0.10704300 0.02671200
v -0.00691300 0.10809200 0.02677200
v -0.00823800 0.10626300 0.02676400
v -0.00924100 0.10585800 0.02683800
v -0.00847900 0.10671700 0.02685300
v -0.00571100 0.10980700 0.02676500
v -0.01129500 0.10522600 0.02704200
v -0.00531100 0.10948800 0.02666700
v -0.01236100 0.10498500 0.02717200
v -0.01344500 0.10517800 0.02730600
v -0.01240000 0.10549000 0.02724000
v -0.01451900 0.10523500 0.02746200
v -0.01550800 0.10572700 0.02761000
v -0.01445200 0.10573700 0.02751700
v -0.01650800 0.10608100 0.02778100
v -0.01734000 0.10682900 0.02793000
v -0.01633900 0.10655800 0.02782100
v -0.01821800 0.10741900 0.02810600
v -0.01886800 0.10833700 0.02824600
v -0.01795500 0.10784900 0.02813000
v -0.01960200 0.10910100 0.02841900
v -0.02006100 0.11012900 0.02854500
v -0.01925500 0.10946500 0.02842700
v -0.02064300 0.11102300 0.02871000
v -0.02091600 0.11211200 0.02881700
v -0.02022800 0.11130400 0.02870200
v -0.02134400 0.11309900 0.02897000
v -0.02144000 0.11421300 0.02905700
v -0.02088000 0.11328700 0.02894900
v -0.02171000 0.11526400 0.02919600
v -0.02163500 0.11637300 0.02926200
v -0.02121600 0.11535200 0.02916300
v -0.02174500 0.11746400 0.02938400
v -0.02150400 0.11854200 0.02942600
v -0.02124000 0.11744700 0.02934100
v -0.02144500 0.11964600 0.02952800
v -0.02104100 0.12066700 0.02954600
v -0.02095200 0.11952600 0.02947800
v -0.02080500 0.12175600 0.02962400
v -0.02024000 0.12268900 0.02961400
v -0.02034500 0.12153600 0.02957000
v -0.01981600 0.12372400 0.02966500
v -0.01909000 0.12453300 0.02962400
v -0.01940900 0.12341500 0.02960900
v -0.01847200 0.12546600 0.02964200
v -0.01759500 0.12610300 0.02956800
v -0.01814000 0.12508200 0.02959000
v -0.01678800 0.12687000 0.02954900
v -0.01578200 0.12727300 0.02943900
v -0.01654400 0.12642800 0.02950300
v -0.01481500 0.12780000 0.02938000
v -0.01373300 0.12791600 0.02923700
v -0.01467100 0.12732400 0.02934400
v -0.01267200 0.12815700 0.02914200
v -0.01263100 0.12766800 0.02911800
v -0.01159600 0.12695600 0.02912600
v -0.01351700 0.12690400 0.02936200
v -0.00974200 0.12646500 0.02885400
v -0.00809100 0.12548900 0.02856600
v -0.00672800 0.12412900 0.02828300
v -0.00569600 0.12249700 0.02801800
v -0.00500900 0.12068600 0.02778100
v -0.00465200 0.11877400 0.02757700
v -0.00457000 0.11682300 0.02740500
v -0.00473100 0.11487600 0.02726200
v -0.00515000 0.11296600 0.02715500
v -0.00583100 0.11112700 0.02708700
v -0.00677900 0.10941400 0.02706300
v -0.00805400 0.10794600 0.02710000
v -0.00965000 0.10685300 0.02720800
v -0.01148700 0.10626400 0.02738800
v -0.01341600 0.10622000 0.02762500
v -0.01525900 0.10673900 0.02789900
v -0.01687900 0.10776700 0.02818700
v -0.01821100 0.10916000 0.02846900
v -0.01923700 0.11079900 0.02873400
v -0.01996100 0.11259900 0.02897400
v -0.02039300 0.11449600 0.02918600
v -0.02054200 0.11643900 0.02936700
v -0.02041000 0.11838700 0.02951300
v -0.01999300 0.12029700 0.02962000
v -0.01928500 0.12211900 0.02968300
v -0.01827500 0.12379000 0.02969600
v -0.01695700 0.12522400 0.02965100
v -0.01534800 0.12630400 0.02954100
v -0.00679100 0.11066500 0.02749200
v -0.01072100 0.10712600 0.02768700
v -0.01020800 0.10533300 0.02693200
v -0.01035000 0.10582300 0.02701200
v -0.01065400 0.12575500 0.03003600
v -0.00909900 0.12504600 0.02978300
v -0.00562400 0.11929700 0.02887000
v -0.01566000 0.10805100 0.02918500
v -0.01867900 0.11216200 0.02990500
v -0.01497800 0.10761500 0.02864700
v -0.00989100 0.12553000 0.02950500
v -0.01154300 0.12600100 0.02975100
v -0.01640400 0.10857700 0.02890500
v -0.00844200 0.12460400 0.02924700
v -0.01842900 0.11136800 0.02939100
v -0.01903200 0.11300300 0.02960200
v -0.00581400 0.12020000 0.02855200
v -0.00552000 0.11847800 0.02837200
v -0.00561200 0.11498000 0.02809200
v -0.00660200 0.11161700 0.02793500
v -0.00855900 0.10873200 0.02793900
v -0.01050900 0.12599700 0.03084200
v -0.00888400 0.12527700 0.03057900
v -0.00750600 0.12414500 0.03031300
v -0.00642400 0.12271800 0.03005900
v -0.00565900 0.12109200 0.02982800
v -0.00520400 0.11934700 0.02962600
v -0.00502000 0.11754700 0.02945300
v -0.00506400 0.11573300 0.02930700
v -0.00533500 0.11393900 0.02919100
v -0.00584800 0.11219500 0.02911000
v -0.00760800 0.10903100 0.02906600
v -0.00892900 0.10780700 0.02912900
v -0.01229000 0.10668800 0.02945500
v -0.01405700 0.10691700 0.02969500
v -0.01566300 0.10767200 0.02995800
v -0.01701200 0.10884100 0.03022400
v -0.01807500 0.11028500 0.03047700
v -0.01885200 0.11190700 0.03071000
v -0.01935800 0.11364000 0.03091700
v -0.01960300 0.11543200 0.03109700
v -0.01959600 0.11724400 0.03124700
v -0.01933600 0.11903900 0.03136400
v -0.01881900 0.12077900 0.03144500
v -0.01803500 0.12241600 0.03148400
v -0.01697400 0.12388400 0.03147300
v -0.01562900 0.12508700 0.03140600
v -0.01403100 0.12590000 0.03127400
v -0.01227500 0.12621600 0.03108100
v -0.01018600 0.12770400 0.03148600
v -0.00918200 0.12723800 0.03133900
v -0.01125800 0.12775200 0.03164100
v -0.01025600 0.12722300 0.03143300
v -0.00816800 0.12691600 0.03116800
v -0.00731000 0.12620500 0.03101900
v -0.00834200 0.12645400 0.03113000
v -0.00641300 0.12564100 0.03084300
v -0.00574500 0.12474000 0.03070200
v -0.00668700 0.12522000 0.03082100
v -0.00500200 0.12398500 0.03052800
v -0.00454300 0.12295800 0.03040300
v -0.00536300 0.12362700 0.03052200
v -0.00397600 0.12206100 0.03024000
v -0.00373200 0.12096000 0.03013500
v -0.00440400 0.12178400 0.03024900
v -0.00335000 0.11996400 0.02998700
v -0.00330500 0.11883900 0.02990500
v -0.00382300 0.11978200 0.03001000
v -0.00308700 0.11778200 0.02977200
v -0.00319900 0.11666900 0.02971100
v -0.00358100 0.11770300 0.02980600
v -0.00311900 0.11557900 0.02959300
v -0.00337000 0.11450000 0.02955200
v -0.00361700 0.11560400 0.02963600
v -0.00343600 0.11339700 0.02945000
v -0.00383100 0.11237400 0.02943200
v -0.00392100 0.11352600 0.02950100
v -0.00405700 0.11127900 0.02935100
v -0.00459200 0.11032900 0.02935700
v -0.00451200 0.11150800 0.02940600
v -0.00566300 0.10843100 0.02933200
v -0.00625500 0.10747500 0.02930900
v -0.00710800 0.10682100 0.02937800
v -0.00659000 0.10787600 0.02936300
v -0.00791000 0.10604400 0.02939600
v -0.00890800 0.10563600 0.02950400
v -0.00815600 0.10650100 0.02944400
v -0.00538700 0.10959100 0.02935600
v -0.01096200 0.10500400 0.02970800
v -0.00498200 0.10926900 0.02929900
v -0.01203200 0.10476500 0.02980400
v -0.01311200 0.10495600 0.02997300
v -0.01207600 0.10527400 0.02983100
v -0.01419000 0.10501600 0.03009500
v -0.01517500 0.10550500 0.03027600
v -0.01412900 0.10552100 0.03010800
v -0.01617900 0.10586200 0.03041300
v -0.01700700 0.10660700 0.03059700
v -0.01601500 0.10634300 0.03041200
v -0.01788900 0.10720000 0.03073900
v -0.01853500 0.10811500 0.03091300
v -0.01763100 0.10763300 0.03072100
v -0.01927300 0.10888200 0.03105200
v -0.01972800 0.10990700 0.03121100
v -0.01893100 0.10924900 0.03101800
v -0.02031400 0.11080300 0.03134200
v -0.02058400 0.11189000 0.03148300
v -0.01990500 0.11108800 0.03129300
v -0.02101600 0.11287900 0.03160200
v -0.02110700 0.11399000 0.03172400
v -0.02055600 0.11307100 0.03154000
v -0.02138200 0.11504400 0.03182800
v -0.02130200 0.11615100 0.03192800
v -0.02089200 0.11513600 0.03175400
v -0.02141600 0.11724400 0.03201600
v -0.02117100 0.11831900 0.03209300
v -0.02091600 0.11723100 0.03193100
v -0.02111600 0.11942700 0.03216100
v -0.02070900 0.12044500 0.03221200
v -0.02062800 0.11931000 0.03206900
v -0.02047700 0.12153600 0.03225700
v -0.01990700 0.12246700 0.03228000
v -0.02002100 0.12132000 0.03216000
v -0.01948700 0.12350500 0.03229700
v -0.01875700 0.12431100 0.03229100
v -0.01908600 0.12319900 0.03220000
v -0.01814300 0.12524700 0.03227400
v -0.01726200 0.12588000 0.03223500
v -0.01781600 0.12486600 0.03218100
v -0.01645900 0.12665000 0.03218100
v -0.01544900 0.12705100 0.03210600
v -0.01622100 0.12621200 0.03209400
v -0.01448600 0.12758000 0.03201200
v -0.01340000 0.12769400 0.03190400
v -0.01434800 0.12710800 0.03193400
v -0.01234300 0.12793800 0.03177400
v -0.01230800 0.12745200 0.03170800
v -0.01132100 0.12677200 0.03133100
v -0.01324100 0.12672000 0.03156700
v -0.00946700 0.12628100 0.03105900
v -0.00781500 0.12530500 0.03077100
v -0.00645300 0.12394500 0.03048800
v -0.00542100 0.12231400 0.03022300
v -0.00473400 0.12050200 0.02998600
v -0.00437700 0.11859000 0.02978200
v -0.00429500 0.11664000 0.02960900
v -0.00445600 0.11469200 0.02946700
v -0.00487400 0.11278200 0.02936000
v -0.00555600 0.11094400 0.02929200
v -0.00650400 0.10923000 0.02926800
v -0.00777800 0.10776200 0.02930400
v -0.00937500 0.10666900 0.02941300
v -0.01121200 0.10608000 0.02959300
v -0.01314100 0.10603700 0.02983000
v -0.01498400 0.10655500 0.03010400
v -0.01660300 0.10758400 0.03039100
v -0.01793500 0.10897600 0.03067400
v -0.01896100 0.11061500 0.03093900
v -0.01968600 0.11241500 0.03117900
v -0.02011800 0.11431200 0.03139100
v -0.02026700 0.11625600 0.03157200
v -0.02013400 0.11820400 0.03171800
v -0.01971800 0.12011300 0.03182500
v -0.01901000 0.12193500 0.03188800
v -0.01800000 0.12360600 0.03190100
v -0.01668200 0.12504000 0.03185600
v -0.01507300 0.12612000 0.03174500
v -0.00659500 0.11053400 0.02906500
v -0.01052500 0.10699500 0.02926000
v -0.00988000 0.10511300 0.02956500
v -0.01002700 0.10560700 0.02960300
v -0.00676700 0.12255200 0.02928400
v -0.01242500 0.10708800 0.02870100
v -0.01937200 0.11555900 0.03027500
v -0.01935600 0.11730200 0.03041800
v -0.01910300 0.11902900 0.03053000
v -0.01860800 0.12070300 0.03060800
v -0.01786200 0.12228100 0.03064600
v -0.01685100 0.12370000 0.03063800
v -0.01556700 0.12486800 0.03057500
v -0.01403700 0.12566100 0.03045000
v -0.01073000 0.10738900 0.02851500
v -0.01479400 0.12532300 0.03093400
v -0.01621600 0.12432200 0.03102800
v -0.01323400 0.10705700 0.02921600
v -0.01150600 0.10709900 0.02900400
v -0.01316100 0.12588500 0.03077600
v -0.01745600 0.10979800 0.02997200
v -0.00716200 0.12327200 0.02981000
v -0.00628500 0.12177600 0.02957500
v -0.00986800 0.10765200 0.02884600
v -0.01927900 0.11464600 0.03060400
v -0.01938400 0.11639300 0.03076200
v -0.00535900 0.11666000 0.02903300
v -0.01925000 0.11814100 0.03089100
v -0.01887600 0.11985500 0.03098700
v -0.00589100 0.11320000 0.02881100
v -0.01825300 0.12149500 0.03104600
v -0.01737000 0.12301000 0.03106200
v -0.00733700 0.11000400 0.02872600
v -0.00778800 0.12393900 0.02952700
v -0.00604800 0.12098000 0.02906300
v -0.00545500 0.11756400 0.02870400
v -0.00550000 0.11582000 0.02856400
v -0.00576400 0.11409500 0.02845300
v -0.00625800 0.11241900 0.02837500
v -0.00794000 0.10936900 0.02833100
v -0.00920100 0.10818100 0.02839000
v -0.01412200 0.10731200 0.02893200
v -0.01694400 0.10919000 0.02944100
v -0.01794900 0.11059200 0.02968300
v -0.01914800 0.11383400 0.03010300
v -0.01235000 0.12597000 0.03026600
v -0.00697300 0.11081900 0.02833100
v -0.01489600 0.12539100 0.03011800
v -0.01631800 0.12439000 0.03021300
v -0.01333600 0.10712500 0.02840100
v -0.01160800 0.10716700 0.02818900
v -0.01326300 0.12595300 0.02996100
v -0.01755700 0.10986600 0.02915700
v -0.00726400 0.12334000 0.02899500
v -0.00638700 0.12184400 0.02876000
v -0.00996900 0.10772000 0.02803100
v -0.01938100 0.11471400 0.02978900
v -0.01948600 0.11646100 0.02994700
v -0.00546000 0.11672800 0.02821800
v -0.01935200 0.11820900 0.03007600
v -0.01897800 0.11992200 0.03017200
v -0.00599300 0.11326800 0.02799600
v -0.01835500 0.12156300 0.03023100
v -0.01747200 0.12307800 0.03024700
v -0.00743900 0.11007200 0.02791100
v -0.01487700 0.10754700 0.02946200
v -0.00979000 0.12546200 0.03032000
v -0.01144100 0.12593300 0.03056600
v -0.01630300 0.10850900 0.02972100
v -0.00834000 0.12453700 0.03006200
v -0.01832800 0.11130000 0.03020600
v -0.01893100 0.11293500 0.03041800
v -0.00571200 0.12013200 0.02936700
v -0.00541900 0.11841000 0.02918700
v -0.00551000 0.11491200 0.02890700
v -0.00650000 0.11154900 0.02875000
v -0.00845700 0.10866400 0.02875400
v -0.01065200 0.12677500 0.02899300
v -0.00737000 0.12485000 0.02842300
v -0.01618600 0.12581700 0.02960500
v -0.01245100 0.10617200 0.02750100
v -0.00616900 0.12334100 0.02814800
v -0.01445300 0.12667000 0.02945900
v -0.01435800 0.10641100 0.02775900
v -0.00530900 0.12160900 0.02789600
v -0.01610200 0.10719800 0.02804200
v -0.00479200 0.11973800 0.02767500
v -0.01758200 0.10842600 0.02832900
v -0.00458000 0.11780000 0.02748700
v -0.01876200 0.10995400 0.02860400
v -0.00462000 0.11584700 0.02732900
v -0.01963600 0.11168400 0.02885700
v -0.00490700 0.11391400 0.02720400
v -0.02021300 0.11353900 0.02908400
v -0.00545800 0.11203500 0.02711600
v -0.02050300 0.11546400 0.02928100
v -0.02051100 0.11741600 0.02944400
v -0.00626800 0.11024800 0.02706900
v -0.02023700 0.11935000 0.02957100
v -0.00737400 0.10864200 0.02707300
v -0.01967600 0.12122200 0.02965700
v -0.00881500 0.10734300 0.02714500
v -0.01255800 0.12699900 0.02925000
v -0.01881800 0.12297800 0.02969700
v -0.01054700 0.10649100 0.02729000
v -0.00888500 0.12603200 0.02871100
v -0.01765400 0.12454400 0.02968200
v -0.01053500 0.12778600 0.02882700
v -0.00854500 0.12700400 0.02851300
v -0.00681800 0.12574100 0.02819300
v -0.00543000 0.12410400 0.02788300
v -0.00442100 0.12220200 0.02759800
v -0.00380700 0.12013200 0.02734900
v -0.00354900 0.11797900 0.02713700
v -0.00358300 0.11580400 0.02696000
v -0.00389600 0.11365200 0.02682000
v -0.00450700 0.11156100 0.02672200
v -0.00541800 0.10957600 0.02667000
v -0.00667100 0.10780400 0.02667900
v -0.00830100 0.10638800 0.02676500
v -0.01024500 0.10547000 0.02693100
v -0.01236900 0.10512800 0.02716800
v -0.01449800 0.10537900 0.02745400
v -0.01645900 0.10621700 0.02776900
v -0.01814500 0.10754100 0.02809000
v -0.01950600 0.10920400 0.02839900
v -0.02053100 0.11110200 0.02868500
v -0.02121900 0.11315100 0.02894100
v -0.02157800 0.11528900 0.02916400
v -0.02161100 0.11745900 0.02934900
v -0.02131400 0.11961300 0.02949200
v -0.02068400 0.12169500 0.02958700
v -0.01970900 0.12363900 0.02962700
v -0.01838400 0.12535900 0.02960500
v -0.01672400 0.12674600 0.02951300
v -0.01477800 0.12766600 0.02934700
v -0.01266300 0.12801900 0.02911200
v -0.01563800 0.12493800 0.03017300
v -0.01247100 0.10708000 0.02829000
v -0.01409900 0.12573300 0.03004700
v -0.01417700 0.10730400 0.02852100
v -0.01069900 0.12582700 0.02963100
v -0.01240400 0.12604300 0.02986200
v -0.01572300 0.10804500 0.02877600
v -0.00913600 0.12511700 0.02937600
v -0.01701600 0.10918900 0.02903300
v -0.00781600 0.12400700 0.02911900
v -0.01802800 0.11059600 0.02927600
v -0.00678700 0.12261500 0.02887500
v -0.01876400 0.11217300 0.02950000
v -0.01076700 0.10738200 0.02810200
v -0.00606300 0.12103600 0.02865300
v -0.01923800 0.11385200 0.02969900
v -0.00563500 0.11934600 0.02845800
v -0.01946400 0.11558600 0.02987200
v -0.00546400 0.11760400 0.02829200
v -0.01944900 0.11733700 0.03001600
v -0.00550900 0.11585200 0.02815100
v -0.01919500 0.11907200 0.03012900
v -0.00577300 0.11411800 0.02804000
v -0.01869800 0.12075500 0.03020700
v -0.00627000 0.11243300 0.02796100
v -0.01794700 0.12234000 0.03024500
v -0.00796200 0.10936900 0.02791700
v -0.01692900 0.12376500 0.03023700
v -0.00698900 0.11082600 0.02791700
v -0.00923000 0.10817600 0.02797600
v -0.01037600 0.12659200 0.03119800
v -0.00709500 0.12466600 0.03062800
v -0.01591100 0.12563300 0.03180900
v -0.01217600 0.10598900 0.02970600
v -0.00589400 0.12315700 0.03035200
v -0.01417800 0.12648600 0.03166400
v -0.01408300 0.10622700 0.02996400
v -0.00503400 0.12142500 0.03010000
v -0.01582700 0.10701400 0.03024700
v -0.00451700 0.11955400 0.02988000
v -0.01730700 0.10824300 0.03053400
v -0.00430400 0.11761700 0.02969200
v -0.01848700 0.10977100 0.03080900
v -0.00434500 0.11566300 0.02953400
v -0.01936000 0.11150000 0.03106200
v -0.00463200 0.11373000 0.02940900
v -0.01993800 0.11335500 0.03128900
v -0.00518300 0.11185200 0.02932100
v -0.02022800 0.11528100 0.03148600
v -0.02023600 0.11723200 0.03164900
v -0.00599300 0.11006500 0.02927300
v -0.01996200 0.11916600 0.03177600
v -0.00709900 0.10845800 0.02927800
v -0.01940100 0.12103900 0.03186200
v -0.00854000 0.10716000 0.02934900
v -0.01228300 0.12681600 0.03145500
v -0.01854300 0.12279400 0.03190100
v -0.01027100 0.10630800 0.02949400
v -0.00860900 0.12584800 0.03091600
v -0.01737900 0.12436000 0.03188700
v -0.01020300 0.12756400 0.03149400
v -0.00821300 0.12678200 0.03118000
v -0.00648500 0.12551900 0.03085900
v -0.00509700 0.12388200 0.03054900
v -0.00408800 0.12198000 0.03026500
v -0.00347400 0.11991000 0.03001500
v -0.00321600 0.11775700 0.02980400
v -0.00325000 0.11558200 0.02962700
v -0.00356300 0.11342900 0.02948600
v -0.00417500 0.11133800 0.02938900
v -0.00508500 0.10935400 0.02933700
v -0.00633800 0.10758100 0.02934600
v -0.00796800 0.10616600 0.02943100
v -0.00991200 0.10524800 0.02959700
v -0.01203600 0.10490600 0.02983400
v -0.01416500 0.10515600 0.03012100
v -0.01612600 0.10599500 0.03043500
v -0.01781200 0.10731800 0.03075600
v -0.01917400 0.10898100 0.03106500
v -0.02019800 0.11087900 0.03135100
v -0.02088600 0.11292900 0.03160800
v -0.02124500 0.11506600 0.03183100
v -0.02127800 0.11723700 0.03201600
v -0.02098100 0.11939100 0.03215800
v -0.02035100 0.12147300 0.03225300
v -0.01937600 0.12341600 0.03229300
v -0.01805100 0.12513700 0.03227100
v -0.01639100 0.12652400 0.03218000
v -0.01444600 0.12744400 0.03201300
v -0.01233100 0.12779700 0.03177900
v -0.01553600 0.12487000 0.03098800
v -0.01237000 0.10701200 0.02910500
v -0.01399700 0.12566500 0.03086300
v -0.01407600 0.10723700 0.02933600
v -0.01059800 0.12576000 0.03044600
v -0.01230200 0.12597500 0.03067700
v -0.01562200 0.10797700 0.02959100
v -0.00903400 0.12504900 0.03019200
v -0.01691400 0.10912100 0.02984800
v -0.00771500 0.12393900 0.02993400
v -0.01792600 0.11052800 0.03009200
v -0.00668500 0.12254700 0.02969000
v -0.01866200 0.11210500 0.03031500
v -0.01066600 0.10731400 0.02891700
v -0.00596100 0.12096800 0.02946800
v -0.01913600 0.11378400 0.03051400
v -0.00553300 0.11927800 0.02927300
v -0.01936200 0.11551800 0.03068700
v -0.00536200 0.11753600 0.02910700
v -0.01934700 0.11726900 0.03083100
v -0.00540700 0.11578400 0.02896600
v -0.01909400 0.11900400 0.03094400
v -0.00567100 0.11405000 0.02885500
v -0.01859600 0.12068700 0.03102200
v -0.00616800 0.11236500 0.02877600
v -0.01784500 0.12227200 0.03106000
v -0.00786000 0.10930100 0.02873200
v -0.01682800 0.12369800 0.03105200
v -0.00688700 0.11075800 0.02873200
v -0.00912800 0.10810800 0.02879100
v 0.01299600 0.12618400 0.02631400
v 0.01126900 0.12572400 0.02649200
v 0.00973000 0.12479800 0.02660700
v 0.00845700 0.12351700 0.02665900
v 0.00748600 0.12198900 0.02665300
v 0.00682800 0.12030100 0.02659400
v 0.00646200 0.11852400 0.02649200
v 0.00634000 0.11671400 0.02635600
v 0.00644000 0.11490500 0.02619300
v 0.00677900 0.11312900 0.02600300
v 0.00735800 0.11141500 0.02578700
v 0.00818100 0.10981100 0.02555100
v 0.00930500 0.10842100 0.02529500
v 0.01074100 0.10737000 0.02502800
v 0.01242200 0.10679000 0.02477000
v 0.01420900 0.10673000 0.02454100
v 0.01592800 0.10721200 0.02436700
v 0.01744200 0.10817900 0.02425900
v 0.01868900 0.10948800 0.02421200
v 0.01965400 0.11102200 0.02421900
v 0.02034400 0.11270000 0.02427300
v 0.02077200 0.11446400 0.02436700
v 0.02094500 0.11626900 0.02449500
v 0.02086600 0.11807800 0.02465600
v 0.02053200 0.11985500 0.02484600
v 0.01993500 0.12155700 0.02506200
v 0.01906100 0.12312800 0.02530200
v 0.01789800 0.12448900 0.02556100
v 0.01645000 0.12552700 0.02582800
v 0.01477500 0.12611800 0.02608700
v 0.01292400 0.12750400 0.02591300
v 0.01292200 0.12799300 0.02593300
v 0.01090900 0.12701800 0.02612400
v 0.01080100 0.12749600 0.02615600
v 0.00908200 0.12602200 0.02626900
v 0.00887000 0.12647200 0.02631200
v 0.00754300 0.12460900 0.02634400
v 0.00723600 0.12500800 0.02639400
v 0.00634700 0.12289000 0.02635000
v 0.00595900 0.12321700 0.02640400
v 0.00551900 0.12096500 0.02629300
v 0.00507200 0.12120400 0.02634700
v 0.00505400 0.11891900 0.02618000
v 0.00457200 0.11905900 0.02623100
v 0.00489400 0.11682600 0.02602600
v 0.00439700 0.11686200 0.02607000
v 0.00499800 0.11473200 0.02583800
v 0.00450200 0.11466300 0.02587300
v 0.00538200 0.11267500 0.02561900
v 0.00490500 0.11250300 0.02564300
v 0.00605600 0.11069400 0.02537000
v 0.00561500 0.11042500 0.02538100
v 0.00702900 0.10885000 0.02509400
v 0.00664500 0.10849300 0.02509100
v 0.00836800 0.10727500 0.02479600
v 0.00806300 0.10685000 0.02477700
v 0.01006400 0.10610600 0.02448700
v 0.00985200 0.10563300 0.02445300
v 0.01202500 0.10547100 0.02418900
v 0.01191400 0.10497200 0.02414000
v 0.01409800 0.10540500 0.02392500
v 0.01409100 0.10489900 0.02386200
v 0.01610100 0.10592500 0.02371800
v 0.01619900 0.10543100 0.02364300
v 0.01789300 0.10698400 0.02358200
v 0.01809100 0.10652600 0.02349800
v 0.01939800 0.10843700 0.02351500
v 0.01968800 0.10803500 0.02342500
v 0.02058700 0.11016500 0.02351100
v 0.02095500 0.10983700 0.02341700
v 0.02145600 0.11207600 0.02356200
v 0.02188600 0.11183600 0.02346700
v 0.02201000 0.11410200 0.02366100
v 0.02248300 0.11395800 0.02356900
v 0.02225300 0.11618600 0.02380500
v 0.02275000 0.11614500 0.02371800
v 0.02218500 0.11828000 0.02398800
v 0.02268400 0.11834300 0.02391000
v 0.02180100 0.12033500 0.02420700
v 0.02228000 0.12050100 0.02414000
v 0.02109000 0.12229500 0.02445900
v 0.02152900 0.12255700 0.02440500
v 0.02004200 0.12409000 0.02474000
v 0.02041800 0.12443600 0.02470000
v 0.01865300 0.12562700 0.02504100
v 0.01894900 0.12603900 0.02501700
v 0.01694300 0.12678100 0.02535100
v 0.01714700 0.12724100 0.02534300
v 0.01498800 0.12742800 0.02564900
v 0.01509000 0.12791200 0.02565500
v 0.01309600 0.12580800 0.02707500
v 0.00997100 0.12444500 0.02735100
v 0.00677700 0.11663200 0.02709900
v 0.00687500 0.11489200 0.02694200
v 0.00720300 0.11318500 0.02675900
v 0.00961800 0.10864600 0.02607900
v 0.01432000 0.10699700 0.02535400
v 0.01596900 0.10747000 0.02518800
v 0.01859900 0.10968900 0.02504400
v 0.01950900 0.11117600 0.02505400
v 0.02015600 0.11279700 0.02510900
v 0.02055300 0.11449700 0.02520100
v 0.02070800 0.11623400 0.02532600
v 0.01973600 0.12132100 0.02587200
v 0.01779700 0.12415600 0.02635000
v 0.01641300 0.12516700 0.02660700
v 0.01144000 0.12535400 0.02724400
v 0.00876300 0.12319600 0.02739800
v 0.00784800 0.12171500 0.02738900
v 0.00723000 0.12008400 0.02733000
v 0.00688800 0.11837300 0.02723000
v 0.00775900 0.11153700 0.02655200
v 0.00854500 0.10999000 0.02632500
v 0.01099000 0.10762400 0.02582200
v 0.01260200 0.10705600 0.02557400
v 0.01741500 0.10841500 0.02508600
v 0.02062700 0.11797400 0.02548200
v 0.02030500 0.11968300 0.02566400
v 0.01890400 0.12283800 0.02610200
v 0.01480600 0.12574400 0.02685600
v 0.01211600 0.12601700 0.02641000
v 0.01047000 0.12531300 0.02655700
v 0.00905700 0.12419400 0.02664000
v 0.00793300 0.12277800 0.02666300
v 0.00711900 0.12116000 0.02662900
v 0.00661100 0.11942000 0.02654800
v 0.00637300 0.11762100 0.02642800
v 0.00636200 0.11580700 0.02627800
v 0.00657900 0.11401100 0.02610100
v 0.00703900 0.11226200 0.02589800
v 0.00870300 0.10908200 0.02542500
v 0.00998700 0.10784400 0.02516100
v 0.01331300 0.10669300 0.02465000
v 0.01508700 0.10690400 0.02444600
v 0.01671600 0.10764300 0.02430500
v 0.01810000 0.10879900 0.02422800
v 0.01920600 0.11023200 0.02420900
v 0.02003300 0.11184700 0.02424100
v 0.02059000 0.11357400 0.02431500
v 0.02089000 0.11536400 0.02442700
v 0.02093700 0.11717600 0.02457200
v 0.02073100 0.11897300 0.02474700
v 0.02026700 0.12071800 0.02495100
v 0.01953300 0.12236300 0.02518000
v 0.01851600 0.12384100 0.02543000
v 0.01720800 0.12505600 0.02569400
v 0.01563400 0.12588500 0.02596000
v 0.01388800 0.12621800 0.02620600
v 0.01184600 0.12781400 0.02605200
v 0.01082800 0.12736100 0.02612400
v 0.01291900 0.12785500 0.02590400
v 0.01190100 0.12732900 0.02602600
v 0.00980400 0.12704600 0.02624300
v 0.00892500 0.12634600 0.02627700
v 0.00996400 0.12657900 0.02620500
v 0.00801100 0.12578800 0.02636200
v 0.00731600 0.12489700 0.02635700
v 0.00827200 0.12536100 0.02631500
v 0.00655100 0.12414700 0.02640800
v 0.00606100 0.12312700 0.02636700
v 0.00690000 0.12378100 0.02635500
v 0.00546600 0.12223200 0.02638400
v 0.00518900 0.12113700 0.02631000
v 0.00588600 0.12194800 0.02632900
v 0.00477700 0.12014200 0.02629600
v 0.00469800 0.11902000 0.02619400
v 0.00524500 0.11995200 0.02624200
v 0.00444800 0.11796300 0.02615500
v 0.00452700 0.11685200 0.02603500
v 0.00494000 0.11787500 0.02610700
v 0.00441400 0.11576000 0.02597600
v 0.00463200 0.11468200 0.02584100
v 0.00491200 0.11577600 0.02593600
v 0.00466500 0.11357600 0.02576200
v 0.00502900 0.11255100 0.02561400
v 0.00515400 0.11369600 0.02573200
v 0.00522200 0.11145100 0.02551600
v 0.00572800 0.11049900 0.02535600
v 0.00568300 0.11167300 0.02549800
v 0.00674200 0.10859100 0.02507000
v 0.00730400 0.10762700 0.02493700
v 0.00813800 0.10696700 0.02476000
v 0.00765100 0.10802000 0.02494700
v 0.00891600 0.10617900 0.02461500
v 0.00990200 0.10576400 0.02444000
v 0.00917600 0.10663100 0.02464100
v 0.00650100 0.10974700 0.02523500
v 0.01193600 0.10511300 0.02413200
v 0.00608600 0.10943200 0.02523900
v 0.01299900 0.10486100 0.02399500
v 0.01408500 0.10504400 0.02385700
v 0.01305900 0.10536600 0.02405100
v 0.01516400 0.10509000 0.02374400
v 0.01616400 0.10557200 0.02364200
v 0.01511800 0.10559300 0.02381300
v 0.01717800 0.10591600 0.02356100
v 0.01802900 0.10665600 0.02349900
v 0.01702900 0.10639500 0.02364100
v 0.01892900 0.10723700 0.02345300
v 0.01960200 0.10814900 0.02342700
v 0.01868400 0.10766900 0.02354100
v 0.02036300 0.10890600 0.02341300
v 0.02084900 0.10992900 0.02342000
v 0.02003300 0.10927200 0.02350600
v 0.02146200 0.11081700 0.02343500
v 0.02176400 0.11190300 0.02347000
v 0.02106100 0.11110200 0.02353000
v 0.02222600 0.11288500 0.02351200
v 0.02235100 0.11399800 0.02357200
v 0.02177300 0.11307800 0.02360600
v 0.02265800 0.11504700 0.02363800
v 0.02261200 0.11615700 0.02371900
v 0.02217100 0.11513900 0.02372800
v 0.02275800 0.11724600 0.02380900
v 0.02254600 0.11832600 0.02390800
v 0.02225800 0.11723400 0.02389200
v 0.02252500 0.11943100 0.02402000
v 0.02214800 0.12045600 0.02413500
v 0.02203300 0.11931500 0.02409300
v 0.02194900 0.12154600 0.02426800
v 0.02140700 0.12248500 0.02439700
v 0.02148700 0.12133100 0.02432900
v 0.02101900 0.12352400 0.02454900
v 0.02031300 0.12434000 0.02468800
v 0.02060800 0.12321900 0.02459600
v 0.01972700 0.12527900 0.02485700
v 0.01886500 0.12592400 0.02500100
v 0.01938900 0.12489800 0.02488900
v 0.01808600 0.12669900 0.02518000
v 0.01708800 0.12711200 0.02532200
v 0.01783500 0.12626000 0.02519600
v 0.01614200 0.12764800 0.02550200
v 0.01505900 0.12777500 0.02563000
v 0.01598900 0.12717400 0.02550300
v 0.01401000 0.12802700 0.02580000
v 0.01396000 0.12753800 0.02578700
v 0.01295200 0.12683600 0.02605100
v 0.01487000 0.12676500 0.02580600
v 0.01108300 0.12636300 0.02624500
v 0.00940300 0.12540300 0.02637500
v 0.00799900 0.12405700 0.02643800
v 0.00691800 0.12243600 0.02643800
v 0.00617600 0.12063100 0.02638000
v 0.00576200 0.11872300 0.02627300
v 0.00562100 0.11677300 0.02612800
v 0.00572300 0.11482400 0.02595300
v 0.00608400 0.11291100 0.02574800
v 0.00671000 0.11106600 0.02551600
v 0.00760600 0.10934400 0.02526100
v 0.00883600 0.10786400 0.02498400
v 0.01039900 0.10675500 0.02469600
v 0.01221800 0.10614800 0.02441900
v 0.01414500 0.10608600 0.02417300
v 0.01600400 0.10658600 0.02398200
v 0.01765400 0.10759800 0.02386100
v 0.01902800 0.10897800 0.02380400
v 0.02010300 0.11060700 0.02380600
v 0.02088200 0.11239900 0.02385800
v 0.02137200 0.11429100 0.02395400
v 0.02157900 0.11623300 0.02409000
v 0.02150500 0.11818200 0.02426200
v 0.02114700 0.12009600 0.02446600
v 0.02049400 0.12192400 0.02470000
v 0.01953400 0.12360500 0.02496000
v 0.01826000 0.12505200 0.02524000
v 0.01668400 0.12614700 0.02552800
v 0.00773600 0.11059400 0.02567200
v 0.01155800 0.10701700 0.02489600
v 0.01085700 0.10523000 0.02429300
v 0.01102000 0.10571800 0.02433500
v 0.00679900 0.11576000 0.02702400
v 0.00701000 0.11403300 0.02685300
v 0.01516300 0.10716800 0.02526300
v 0.01908800 0.11041100 0.02504300
v 0.01986500 0.11197400 0.02507700
v 0.02038500 0.11364000 0.02515100
v 0.02066000 0.11536300 0.02526000
v 0.01713700 0.12470800 0.02647800
v 0.01637900 0.12523800 0.02620100
v 0.01777100 0.12422400 0.02594200
v 0.01426800 0.10698900 0.02494300
v 0.01592500 0.10746300 0.02477600
v 0.01304500 0.12588000 0.02667000
v 0.00990200 0.12451500 0.02694900
v 0.01857100 0.10968900 0.02463100
v 0.01948900 0.11118200 0.02464100
v 0.02014100 0.11281100 0.02469500
v 0.02054100 0.11451900 0.02478800
v 0.02069900 0.11626500 0.02491300
v 0.00668300 0.11666800 0.02669700
v 0.00678200 0.11492000 0.02653900
v 0.00711100 0.11320400 0.02635500
v 0.01972200 0.12137700 0.02546100
v 0.00954000 0.10864400 0.02567200
v 0.00826800 0.12247900 0.02740000
v 0.00750300 0.12091300 0.02736500
v 0.00702800 0.11923500 0.02728500
v 0.02049600 0.11883500 0.02557000
v 0.00812000 0.11074500 0.02644100
v 0.01177300 0.10727900 0.02569600
v 0.01225200 0.12564300 0.02716600
v 0.01067600 0.12495000 0.02730500
v 0.00933200 0.12385600 0.02738200
v 0.00680600 0.11750400 0.02716800
v 0.00745300 0.11235200 0.02665800
v 0.00904300 0.10928600 0.02620400
v 0.01026800 0.10808500 0.02595100
v 0.01345900 0.10696100 0.02545900
v 0.01672200 0.10789200 0.02512900
v 0.01804100 0.10901900 0.02505800
v 0.02069700 0.11710600 0.02540000
v 0.02005200 0.12051400 0.02576500
v 0.01935400 0.12209900 0.02598400
v 0.01838500 0.12352800 0.02622400
v 0.01563100 0.12551600 0.02673400
v 0.01395400 0.12584200 0.02697000
v 0.01254100 0.10704900 0.02516400
v 0.01476300 0.12581600 0.02645100
v 0.01138000 0.12542600 0.02684100
v 0.01738000 0.10841200 0.02467300
v 0.00868600 0.12326200 0.02699600
v 0.00776400 0.12177500 0.02698800
v 0.01092000 0.10761800 0.02541400
v 0.00714100 0.12013700 0.02692900
v 0.00679600 0.11841800 0.02682900
v 0.02061800 0.11801300 0.02506900
v 0.02029500 0.11973000 0.02525300
v 0.00767000 0.11154700 0.02614700
v 0.01888500 0.12290000 0.02569300
v 0.00846100 0.10999400 0.02591900
v 0.01200200 0.12666500 0.02615600
v 0.00866300 0.12477100 0.02641500
v 0.01750700 0.12565200 0.02538400
v 0.01317900 0.10604700 0.02429000
v 0.00741700 0.12327500 0.02644600
v 0.01580000 0.12652200 0.02566900
v 0.01509300 0.10626600 0.02406900
v 0.00650400 0.12155100 0.02641600
v 0.01686000 0.10703700 0.02391300
v 0.00593100 0.11968500 0.02633200
v 0.01837800 0.10825000 0.02382500
v 0.00566000 0.11775000 0.02620400
v 0.01960300 0.10976700 0.02379800
v 0.00564100 0.11579700 0.02604400
v 0.02052900 0.11148700 0.02382600
v 0.00587000 0.11386100 0.02585400
v 0.02116200 0.11333600 0.02390100
v 0.00636400 0.11197800 0.02563500
v 0.02151000 0.11525900 0.02401800
v 0.02157800 0.11721000 0.02417200
v 0.00712000 0.11018300 0.02539100
v 0.02136200 0.11914600 0.02436000
v 0.00817800 0.10856600 0.02512500
v 0.02085800 0.12102400 0.02458000
v 0.00957900 0.10725300 0.02484000
v 0.01391500 0.12687000 0.02593400
v 0.02005300 0.12278800 0.02482700
v 0.01128500 0.10638500 0.02455500
v 0.01021300 0.12593800 0.02631800
v 0.01893600 0.12436500 0.02509800
v 0.01185800 0.12767700 0.02602200
v 0.00984500 0.12691400 0.02621000
v 0.00807900 0.12566900 0.02632600
v 0.00664200 0.12404500 0.02637000
v 0.00557600 0.12215400 0.02634600
v 0.00489900 0.12009000 0.02625800
v 0.00457700 0.11793900 0.02611900
v 0.00454500 0.11576400 0.02594200
v 0.00479300 0.11360900 0.02573200
v 0.00534100 0.11151200 0.02548800
v 0.00619200 0.10951900 0.02521600
v 0.00739100 0.10773500 0.02491800
v 0.00897800 0.10630400 0.02460000
v 0.01089400 0.10536600 0.02428300
v 0.01300800 0.10500400 0.02398900
v 0.01514300 0.10523400 0.02374100
v 0.01713000 0.10605300 0.02356100
v 0.01885500 0.10736000 0.02345500
v 0.02026700 0.10900900 0.02341600
v 0.02134800 0.11089700 0.02343800
v 0.02209900 0.11293900 0.02351500
v 0.02252200 0.11507300 0.02364000
v 0.02262000 0.11724300 0.02380900
v 0.02238900 0.11939900 0.02401700
v 0.02182100 0.12148700 0.02426200
v 0.02090500 0.12344000 0.02453900
v 0.01963300 0.12517300 0.02484200
v 0.01801400 0.12657600 0.02516100
v 0.01609700 0.12751500 0.02547900
v 0.01399300 0.12788800 0.02577300
v 0.01710800 0.12477800 0.02607100
v 0.01340200 0.10695300 0.02504800
v 0.01559300 0.12558800 0.02632800
v 0.01511500 0.10716100 0.02485200
v 0.01219600 0.12571500 0.02676300
v 0.01390700 0.12591400 0.02656600
v 0.01668300 0.10788700 0.02471700
v 0.01061100 0.12502100 0.02690300
v 0.01801000 0.10901700 0.02464500
v 0.00925900 0.12392400 0.02698000
v 0.01906400 0.11041500 0.02463000
v 0.00818800 0.12254200 0.02699900
v 0.01984700 0.11198400 0.02466300
v 0.01170700 0.10727200 0.02528700
v 0.00741600 0.12097000 0.02696400
v 0.02037200 0.11365800 0.02473700
v 0.00693700 0.11928400 0.02688300
v 0.02065000 0.11538900 0.02484600
v 0.00671300 0.11754500 0.02676600
v 0.02068800 0.11714100 0.02498800
v 0.00670600 0.11579200 0.02662100
v 0.02048700 0.11887800 0.02515800
v 0.00691700 0.11405600 0.02645000
v 0.02004100 0.12056500 0.02535400
v 0.00736300 0.11236600 0.02625400
v 0.01933700 0.12215800 0.02557400
v 0.00896200 0.10928600 0.02579700
v 0.01836300 0.12359300 0.02581600
v 0.00803400 0.11075200 0.02603500
v 0.01019400 0.10808100 0.02554300
vn -0.17870000 -0.57720000 -0.79680000
vn -0.35760000 -0.52780000 -0.77050000
vn -0.49980000 -0.43390000 -0.74960000
vn -0.59700000 -0.32290000 -0.73440000
vn -0.65890000 -0.20840000 -0.72280000
vn -0.69430000 -0.09900000 -0.71290000
vn -0.71010000 -0.00510000 -0.70410000
vn -0.71250000 0.07310000 -0.69780000
vn -0.70320000 0.15100000 -0.69480000
vn -0.68110000 0.23270000 -0.69420000
vn -0.64790000 0.31040000 -0.69560000
vn -0.59240000 0.39960000 -0.69960000
vn -0.50030000 0.50430000 -0.70380000
vn -0.36450000 0.60270000 -0.70990000
vn -0.19530000 0.66850000 -0.71760000
vn -0.01100000 0.68240000 -0.73090000
vn 0.17620000 0.63830000 -0.74940000
vn 0.32490000 0.55140000 -0.76840000
vn 0.42070000 0.44910000 -0.78820000
vn 0.47830000 0.34570000 -0.80730000
vn 0.50890000 0.24790000 -0.82430000
vn 0.52150000 0.15610000 -0.83880000
vn 0.52140000 0.06850000 -0.85050000
vn 0.51100000 -0.01770000 -0.85940000
vn 0.49010000 -0.10560000 -0.86530000
vn 0.45560000 -0.19800000 -0.86790000
vn 0.40110000 -0.29690000 -0.86660000
vn 0.31460000 -0.40110000 -0.86030000
vn 0.18320000 -0.49900000 -0.84700000
vn 0.01090000 -0.56560000 -0.82460000
vn -0.14450000 -0.11200000 -0.98310000
vn -0.13210000 0.01150000 -0.99120000
vn -0.19470000 -0.09900000 -0.97580000
vn -0.15060000 0.01610000 -0.98850000
vn -0.23590000 -0.07230000 -0.96910000
vn -0.16660000 0.02490000 -0.98570000
vn -0.26540000 -0.03960000 -0.96330000
vn -0.17860000 0.03650000 -0.98320000
vn -0.28470000 -0.00530000 -0.95860000
vn -0.18740000 0.04910000 -0.98110000
vn -0.29650000 0.02840000 -0.95460000
vn -0.19340000 0.06210000 -0.97920000
vn -0.30260000 0.05800000 -0.95140000
vn -0.19560000 0.07380000 -0.97790000
vn -0.30380000 0.08240000 -0.94920000
vn -0.19640000 0.08320000 -0.97700000
vn -0.30060000 0.10580000 -0.94780000
vn -0.19480000 0.09220000 -0.97650000
vn -0.29310000 0.13030000 -0.94720000
vn -0.18740000 0.10020000 -0.97720000
vn -0.28190000 0.15380000 -0.94700000
vn -0.17750000 0.10610000 -0.97840000
vn -0.26320000 0.18050000 -0.94770000
vn -0.17430000 0.11660000 -0.97780000
vn -0.23460000 0.21090000 -0.94890000
vn -0.16460000 0.12780000 -0.97800000
vn -0.19550000 0.23880000 -0.95120000
vn -0.15000000 0.13620000 -0.97930000
vn -0.14860000 0.25810000 -0.95460000
vn -0.13280000 0.13680000 -0.98170000
vn -0.09800000 0.26360000 -0.95960000
vn -0.11660000 0.14000000 -0.98330000
vn -0.04540000 0.25350000 -0.96630000
vn -0.09840000 0.13940000 -0.98530000
vn -0.00140000 0.23120000 -0.97290000
vn -0.08290000 0.13280000 -0.98770000
vn 0.02840000 0.20230000 -0.97890000
vn -0.07090000 0.12480000 -0.98960000
vn 0.04700000 0.17140000 -0.98410000
vn -0.06180000 0.11550000 -0.99140000
vn 0.05700000 0.14120000 -0.98830000
vn -0.05510000 0.10560000 -0.99290000
vn 0.06120000 0.11240000 -0.99180000
vn -0.05070000 0.09520000 -0.99420000
vn 0.06110000 0.08480000 -0.99450000
vn -0.04840000 0.08440000 -0.99530000
vn 0.05760000 0.05770000 -0.99670000
vn -0.04800000 0.07320000 -0.99620000
vn 0.05070000 0.03030000 -0.99830000
vn -0.04990000 0.06140000 -0.99690000
vn 0.03960000 0.00170000 -0.99920000
vn -0.05460000 0.04930000 -0.99730000
vn 0.02250000 -0.02840000 -0.99930000
vn -0.06330000 0.03760000 -0.99730000
vn -0.00380000 -0.05930000 -0.99820000
vn -0.07520000 0.02600000 -0.99680000
vn -0.04220000 -0.08760000 -0.99530000
vn -0.09180000 0.01620000 -0.99560000
vn -0.09120000 -0.10740000 -0.99000000
vn -0.11200000 0.01120000 -0.99360000
vn -0.13460000 -0.98870000 -0.06560000
vn -0.41780000 -0.90820000 -0.02350000
vn -0.64310000 -0.76560000 0.01650000
vn -0.96210000 -0.25390000 0.09900000
vn -0.98760000 -0.10750000 0.11440000
vn -0.98090000 0.14090000 0.13420000
vn -0.90460000 0.40040000 0.14630000
vn -0.67520000 0.72340000 0.14460000
vn 0.43630000 0.89960000 0.02050000
vn 0.66160000 0.74960000 -0.02010000
vn 0.90000000 0.42910000 -0.07660000
vn 0.95520000 0.28000000 -0.09590000
vn 0.00960000 -0.70290000 0.71130000
vn -0.16920000 -0.65350000 0.73780000
vn -0.31030000 -0.56040000 0.76790000
vn -0.40610000 -0.45040000 0.79520000
vn -0.46650000 -0.33680000 0.81790000
vn -0.50100000 -0.22800000 0.83490000
vn -0.51660000 -0.13430000 0.84560000
vn -0.51890000 -0.05610000 0.85300000
vn -0.50900000 0.02140000 0.86050000
vn -0.48600000 0.10250000 0.86790000
vn -0.45200000 0.17960000 0.87380000
vn -0.39540000 0.26800000 0.87850000
vn -0.30290000 0.37260000 0.87720000
vn -0.16770000 0.47140000 0.86590000
vn -0.00050000 0.53850000 0.84260000
vn 0.18170000 0.55380000 0.81260000
vn 0.36680000 0.51100000 0.77740000
vn 0.51390000 0.42520000 0.74510000
vn 0.60960000 0.32300000 0.72390000
vn 0.66790000 0.21920000 0.71120000
vn 0.69980000 0.12050000 0.70410000
vn 0.71370000 0.02790000 0.69990000
vn 0.71470000 -0.06050000 0.69690000
vn 0.70500000 -0.14720000 0.69380000
vn 0.68430000 -0.23520000 0.69020000
vn 0.64970000 -0.32750000 0.68610000
vn 0.59450000 -0.42600000 0.68200000
vn 0.50690000 -0.52950000 0.68020000
vn 0.37440000 -0.62660000 0.68360000
vn 0.20040000 -0.69210000 0.69340000
vn 0.09780000 -0.27370000 0.95680000
vn 0.11420000 -0.15300000 0.98160000
vn 0.04750000 -0.26070000 0.96420000
vn 0.09580000 -0.14830000 0.98430000
vn 0.00650000 -0.23410000 0.97220000
vn 0.07970000 -0.13950000 0.98700000
vn -0.02290000 -0.20150000 0.97920000
vn 0.06770000 -0.12790000 0.98950000
vn -0.04200000 -0.16730000 0.98500000
vn 0.05890000 -0.11530000 0.99160000
vn -0.05370000 -0.13360000 0.98960000
vn 0.05290000 -0.10230000 0.99330000
vn -0.05980000 -0.10400000 0.99280000
vn 0.05070000 -0.09060000 0.99460000
vn -0.06110000 -0.07960000 0.99500000
vn 0.04990000 -0.08120000 0.99550000
vn -0.05780000 -0.05620000 0.99670000
vn 0.05150000 -0.07220000 0.99610000
vn -0.05020000 -0.03180000 0.99820000
vn 0.05900000 -0.06430000 0.99620000
vn -0.03890000 -0.00840000 0.99920000
vn 0.06900000 -0.05840000 0.99590000
vn -0.02000000 0.01820000 0.99960000
vn 0.07220000 -0.04790000 0.99620000
vn 0.00860000 0.04860000 0.99880000
vn 0.08190000 -0.03670000 0.99600000
vn 0.04760000 0.07650000 0.99590000
vn 0.09650000 -0.02840000 0.99490000
vn 0.09430000 0.09600000 0.99090000
vn 0.11380000 -0.02780000 0.99310000
vn 0.14480000 0.10160000 0.98420000
vn 0.12990000 -0.02450000 0.99120000
vn 0.19710000 0.09160000 0.97610000
vn 0.14810000 -0.02510000 0.98870000
vn 0.24100000 0.06940000 0.96800000
vn 0.16350000 -0.03170000 0.98600000
vn 0.27070000 0.04050000 0.96180000
vn 0.17550000 -0.03970000 0.98370000
vn 0.28940000 0.00960000 0.95720000
vn 0.18460000 -0.04890000 0.98160000
vn 0.29950000 -0.02070000 0.95390000
vn 0.19120000 -0.05880000 0.97980000
vn 0.30380000 -0.04960000 0.95140000
vn 0.19550000 -0.06920000 0.97830000
vn 0.30390000 -0.07720000 0.94960000
vn 0.19790000 -0.08000000 0.97700000
vn 0.30040000 -0.10440000 0.94810000
vn 0.19820000 -0.09120000 0.97590000
vn 0.29360000 -0.13180000 0.94680000
vn 0.19630000 -0.10290000 0.97510000
vn 0.28240000 -0.16040000 0.94580000
vn 0.19160000 -0.11500000 0.97470000
vn 0.26530000 -0.19050000 0.94520000
vn 0.18300000 -0.12680000 0.97490000
vn 0.23890000 -0.22130000 0.94550000
vn 0.17110000 -0.13840000 0.97550000
vn 0.20030000 -0.24960000 0.94740000
vn 0.15450000 -0.14820000 0.97680000
vn 0.15110000 -0.26920000 0.95120000
vn 0.13430000 -0.15320000 0.97900000
vn -0.79980000 -0.59820000 0.05000000
vn -0.90270000 -0.42320000 0.07740000
vn -0.99200000 0.01590000 0.12520000
vn -0.95140000 0.27340000 0.14160000
vn -0.82290000 0.54850000 0.14850000
vn -0.44750000 0.88480000 0.12960000
vn -0.16260000 0.98140000 0.10210000
vn 0.14000000 0.98800000 0.06490000
vn 0.80760000 0.58750000 -0.05190000
vn 0.98410000 0.13850000 -0.11130000
vn 0.99230000 0.00140000 -0.12380000
vn 0.98180000 -0.13500000 -0.13380000
vn 0.95110000 -0.27440000 -0.14160000
vn 0.89550000 -0.42010000 -0.14680000
vn 0.80500000 -0.57450000 -0.14840000
vn 0.66200000 -0.73550000 -0.14400000
vn 0.44740000 -0.88490000 -0.12960000
vn 0.16820000 -0.98040000 -0.10270000
vn -0.27110000 -0.55970000 -0.78310000
vn -0.43460000 -0.48450000 -0.75920000
vn -0.55350000 -0.37940000 -0.74140000
vn -0.63170000 -0.26560000 -0.72830000
vn -0.67950000 -0.15240000 -0.71770000
vn -0.70420000 -0.04950000 -0.70820000
vn -0.71270000 0.03520000 -0.70060000
vn -0.70940000 0.11110000 -0.69600000
vn -0.69370000 0.19210000 -0.69420000
vn -0.66580000 0.27200000 -0.69470000
vn -0.55110000 0.45160000 -0.70170000
vn -0.43850000 0.55560000 -0.70650000
vn -0.10520000 0.68250000 -0.72330000
vn 0.08450000 0.66750000 -0.73980000
vn 0.25790000 0.59810000 -0.75880000
vn 0.37830000 0.50110000 -0.77830000
vn 0.45360000 0.39690000 -0.79790000
vn 0.49630000 0.29600000 -0.81610000
vn 0.51710000 0.20140000 -0.83190000
vn 0.52290000 0.11200000 -0.84500000
vn 0.51750000 0.02540000 -0.85530000
vn 0.50200000 -0.06130000 -0.86270000
vn 0.47480000 -0.15110000 -0.86700000
vn 0.43150000 -0.24660000 -0.86780000
vn 0.36280000 -0.34870000 -0.86420000
vn 0.25500000 -0.45210000 -0.85470000
vn 0.10100000 -0.53810000 -0.83680000
vn -0.08360000 -0.57920000 -0.81090000
vn -0.14160000 0.01330000 -0.98980000
vn -0.11870000 0.09340000 -0.98850000
vn -0.12180000 0.09390000 -0.98810000
vn -0.17040000 -0.10760000 -0.97950000
vn -0.15900000 0.02010000 -0.98710000
vn -0.11560000 0.09240000 -0.98900000
vn -0.21680000 -0.08690000 -0.97230000
vn -0.17310000 0.03050000 -0.98440000
vn -0.11300000 0.09070000 -0.98940000
vn -0.25220000 -0.05630000 -0.96600000
vn -0.18330000 0.04270000 -0.98210000
vn -0.11080000 0.08870000 -0.98990000
vn -0.27610000 -0.02260000 -0.96090000
vn -0.19080000 0.05560000 -0.98010000
vn -0.10920000 0.08630000 -0.99030000
vn -0.29140000 0.01180000 -0.95650000
vn -0.19480000 0.06830000 -0.97850000
vn -0.10890000 0.08400000 -0.99050000
vn -0.30020000 0.04400000 -0.95290000
vn -0.19630000 0.07870000 -0.97740000
vn -0.10900000 0.08220000 -0.99060000
vn -0.30370000 0.07070000 -0.95010000
vn -0.19610000 0.08770000 -0.97670000
vn -0.10870000 0.08050000 -0.99080000
vn -0.30280000 0.09390000 -0.94840000
vn -0.19190000 0.09660000 -0.97670000
vn -0.10880000 0.07840000 -0.99100000
vn -0.29740000 0.11810000 -0.94740000
vn -0.18190000 0.10310000 -0.97790000
vn -0.10910000 0.07620000 -0.99110000
vn -0.28800000 0.14220000 -0.94700000
vn -0.10930000 0.07300000 -0.99130000
vn -0.17030000 0.12250000 -0.97770000
vn -0.11200000 0.06970000 -0.99130000
vn -0.25010000 0.19570000 -0.94820000
vn -0.15790000 0.13270000 -0.97850000
vn -0.11640000 0.06760000 -0.99090000
vn -0.21650000 0.22550000 -0.94990000
vn -0.27390000 0.16630000 -0.94730000
vn -0.12140000 0.06840000 -0.99020000
vn -0.17580000 0.11070000 -0.97820000
vn -0.12490000 0.13810000 -0.98250000
vn -0.12540000 0.06980000 -0.98960000
vn -0.12380000 0.26280000 -0.95690000
vn -0.10770000 0.14060000 -0.98420000
vn -0.12890000 0.07150000 -0.98910000
vn -0.07150000 0.26050000 -0.96280000
vn -0.09010000 0.13640000 -0.98660000
vn -0.13120000 0.07370000 -0.98860000
vn -0.02150000 0.24350000 -0.96970000
vn -0.07660000 0.12890000 -0.98870000
vn -0.13300000 0.07520000 -0.98830000
vn 0.01510000 0.21720000 -0.97600000
vn -0.06600000 0.12030000 -0.99050000
vn -0.13450000 0.07680000 -0.98790000
vn 0.03890000 0.18680000 -0.98160000
vn -0.05820000 0.11070000 -0.99220000
vn -0.13560000 0.07850000 -0.98760000
vn 0.05290000 0.15610000 -0.98630000
vn -0.05270000 0.10050000 -0.99350000
vn -0.13640000 0.08020000 -0.98740000
vn 0.05970000 0.12660000 -0.99020000
vn -0.04930000 0.08990000 -0.99470000
vn -0.13690000 0.08210000 -0.98720000
vn 0.06160000 0.09850000 -0.99320000
vn -0.04790000 0.07890000 -0.99570000
vn -0.13690000 0.08410000 -0.98700000
vn 0.05980000 0.07120000 -0.99570000
vn -0.04870000 0.06740000 -0.99650000
vn -0.13650000 0.08610000 -0.98690000
vn 0.05460000 0.04410000 -0.99750000
vn -0.05180000 0.05540000 -0.99710000
vn -0.13560000 0.08820000 -0.98680000
vn 0.04570000 0.01620000 -0.99880000
vn -0.05850000 0.04340000 -0.99730000
vn -0.13410000 0.09030000 -0.98690000
vn 0.03190000 -0.01320000 -0.99940000
vn -0.06880000 0.03170000 -0.99710000
vn -0.13180000 0.09220000 -0.98700000
vn 0.01070000 -0.04390000 -0.99900000
vn -0.08290000 0.02070000 -0.99630000
vn -0.12870000 0.09370000 -0.98720000
vn -0.02140000 -0.07410000 -0.99700000
vn -0.10180000 0.01300000 -0.99470000
vn -0.12510000 0.09420000 -0.98770000
vn -0.06580000 -0.09910000 -0.99290000
vn -0.12220000 0.01070000 -0.99240000
vn -0.11780000 -0.11190000 -0.98670000
vn -0.16090000 -0.28770000 -0.94410000
vn -0.05700000 -0.27930000 -0.95850000
vn -0.25890000 -0.26120000 -0.92990000
vn -0.33740000 -0.20840000 -0.91800000
vn -0.39160000 -0.14530000 -0.90860000
vn -0.42600000 -0.08020000 -0.90120000
vn -0.44610000 -0.01750000 -0.89480000
vn -0.45550000 0.03650000 -0.88950000
vn -0.45700000 0.08100000 -0.88580000
vn -0.45120000 0.12440000 -0.88370000
vn -0.43760000 0.16970000 -0.88300000
vn -0.41740000 0.21290000 -0.88340000
vn -0.38450000 0.26240000 -0.88510000
vn -0.33250000 0.31990000 -0.88720000
vn -0.25890000 0.37390000 -0.89060000
vn -0.16860000 0.41160000 -0.89570000
vn -0.06970000 0.42230000 -0.90380000
vn 0.03270000 0.40200000 -0.91510000
vn 0.11640000 0.35690000 -0.92690000
vn 0.17130000 0.30050000 -0.93830000
vn 0.20430000 0.24180000 -0.94860000
vn 0.22130000 0.18550000 -0.95740000
vn 0.22770000 0.13250000 -0.96470000
vn 0.22680000 0.08210000 -0.97050000
vn 0.22020000 0.03280000 -0.97490000
vn 0.20790000 -0.01730000 -0.97800000
vn 0.18820000 -0.07000000 -0.97960000
vn 0.15770000 -0.12630000 -0.97940000
vn 0.10970000 -0.18520000 -0.97660000
vn 0.03740000 -0.24070000 -0.96990000
vn -0.62450000 0.35180000 -0.69730000
vn -0.28190000 0.64160000 -0.71340000
vn -0.14120000 0.13690000 -0.98050000
vn -0.17250000 0.25000000 -0.95280000
vn -0.28100000 -0.95870000 -0.04480000
vn -0.53970000 -0.84180000 -0.00280000
vn -0.97830000 -0.17700000 0.10740000
vn 0.56080000 0.82790000 -0.00100000
vn 0.93140000 0.35340000 -0.08680000
vn 0.36190000 0.86880000 -0.33790000
vn -0.43320000 -0.82150000 -0.37070000
vn -0.16930000 -0.89630000 -0.41000000
vn 0.57390000 0.73090000 -0.36930000
vn -0.64330000 -0.68710000 -0.33770000
vn 0.79560000 0.43180000 -0.42490000
vn 0.84500000 0.29230000 -0.44790000
vn -0.93860000 -0.20610000 -0.27660000
vn -0.96210000 -0.06950000 -0.26360000
vn -0.95520000 0.16120000 -0.24830000
vn -0.88260000 0.40130000 -0.24470000
vn -0.66900000 0.69900000 -0.25250000
vn -0.08300000 -0.68530000 0.72360000
vn -0.24580000 -0.61060000 0.75290000
vn -0.36330000 -0.50630000 0.78210000
vn -0.44000000 -0.39360000 0.80710000
vn -0.48660000 -0.28120000 0.82720000
vn -0.51080000 -0.17870000 0.84090000
vn -0.51910000 -0.09400000 0.84950000
vn -0.51560000 -0.01830000 0.85660000
vn -0.49910000 0.06220000 0.86430000
vn -0.47030000 0.14150000 0.87110000
vn -0.35380000 0.31990000 0.87890000
vn -0.24130000 0.42390000 0.87300000
vn 0.08850000 0.55310000 0.82840000
vn 0.27610000 0.53960000 0.79530000
vn 0.44750000 0.47150000 0.75990000
vn 0.56710000 0.37510000 0.73330000
vn 0.64270000 0.27070000 0.71670000
vn 0.68650000 0.16910000 0.70720000
vn 0.70860000 0.07350000 0.70180000
vn 0.71560000 -0.01670000 0.69830000
vn 0.71110000 -0.10390000 0.69540000
vn 0.69610000 -0.19090000 0.69210000
vn 0.66900000 -0.28070000 0.68820000
vn 0.62520000 -0.37590000 0.68400000
vn 0.55570000 -0.47740000 0.68070000
vn 0.44680000 -0.58010000 0.68110000
vn 0.29130000 -0.66510000 0.68750000
vn 0.10520000 -0.70520000 0.70120000
vn 0.10480000 -0.15120000 0.98290000
vn 0.12830000 -0.07150000 0.98920000
vn 0.12520000 -0.07100000 0.98960000
vn 0.07180000 -0.26930000 0.96040000
vn 0.08740000 -0.14430000 0.98570000
vn 0.13140000 -0.07240000 0.98870000
vn 0.02560000 -0.24870000 0.96830000
vn 0.07320000 -0.13390000 0.98830000
vn 0.13390000 -0.07410000 0.98820000
vn -0.00970000 -0.21820000 0.97590000
vn 0.06300000 -0.12170000 0.99060000
vn 0.13610000 -0.07610000 0.98780000
vn -0.03350000 -0.18450000 0.98230000
vn 0.05550000 -0.10880000 0.99250000
vn 0.13770000 -0.07850000 0.98740000
vn -0.04870000 -0.15020000 0.98750000
vn 0.05150000 -0.09610000 0.99400000
vn 0.13810000 -0.08080000 0.98710000
vn -0.05750000 -0.11810000 0.99130000
vn 0.05000000 -0.08570000 0.99510000
vn 0.13790000 -0.08260000 0.98700000
vn -0.06090000 -0.09130000 0.99400000
vn 0.05020000 -0.07670000 0.99580000
vn 0.13820000 -0.08440000 0.98680000
vn -0.06000000 -0.06820000 0.99590000
vn 0.05440000 -0.06790000 0.99620000
vn 0.13820000 -0.08640000 0.98660000
vn -0.05460000 -0.04400000 0.99750000
vn 0.06460000 -0.06150000 0.99600000
vn 0.13790000 -0.08860000 0.98650000
vn -0.04500000 -0.02000000 0.99880000
vn 0.13770000 -0.09180000 0.98620000
vn 0.07610000 -0.04200000 0.99620000
vn 0.13490000 -0.09510000 0.98630000
vn -0.00690000 0.03340000 0.99940000
vn 0.08860000 -0.03190000 0.99560000
vn 0.13050000 -0.09720000 0.98670000
vn 0.02670000 0.06320000 0.99760000
vn -0.03080000 0.00400000 0.99950000
vn 0.12550000 -0.09650000 0.98740000
vn 0.07070000 -0.05380000 0.99600000
vn 0.12170000 -0.02650000 0.99220000
vn 0.12150000 -0.09500000 0.98800000
vn 0.11900000 0.10070000 0.98780000
vn 0.13880000 -0.02390000 0.99000000
vn 0.11810000 -0.09330000 0.98860000
vn 0.17120000 0.09850000 0.98030000
vn 0.15640000 -0.02810000 0.98730000
vn 0.11580000 -0.09110000 0.98910000
vn 0.22090000 0.08170000 0.97190000
vn 0.16980000 -0.03560000 0.98480000
vn 0.11390000 -0.08960000 0.98940000
vn 0.25740000 0.05550000 0.96470000
vn 0.18040000 -0.04420000 0.98260000
vn 0.11250000 -0.08800000 0.98970000
vn 0.28130000 0.02510000 0.95930000
vn 0.18820000 -0.05380000 0.98070000
vn 0.11130000 -0.08640000 0.99000000
vn 0.29530000 -0.00570000 0.95540000
vn 0.19360000 -0.06390000 0.97900000
vn 0.11050000 -0.08460000 0.99030000
vn 0.30230000 -0.03530000 0.95260000
vn 0.19700000 -0.07450000 0.97760000
vn 0.11000000 -0.08270000 0.99050000
vn 0.30430000 -0.06350000 0.95050000
vn 0.19830000 -0.08550000 0.97640000
vn 0.11000000 -0.08080000 0.99060000
vn 0.30260000 -0.09080000 0.94880000
vn 0.19760000 -0.09700000 0.97550000
vn 0.11040000 -0.07870000 0.99080000
vn 0.29750000 -0.11800000 0.94740000
vn 0.19440000 -0.10900000 0.97480000
vn 0.11140000 -0.07660000 0.99080000
vn 0.28860000 -0.14590000 0.94630000
vn 0.18770000 -0.12100000 0.97470000
vn 0.11290000 -0.07450000 0.99080000
vn 0.27480000 -0.17530000 0.94540000
vn 0.17750000 -0.13260000 0.97510000
vn 0.11510000 -0.07270000 0.99070000
vn 0.25350000 -0.20590000 0.94520000
vn 0.16340000 -0.14370000 0.97600000
vn 0.11820000 -0.07110000 0.99040000
vn 0.22120000 -0.23610000 0.94620000
vn 0.14450000 -0.15140000 0.97790000
vn 0.12180000 -0.07070000 0.99000000
vn 0.17670000 -0.26100000 0.94900000
vn 0.12410000 -0.15370000 0.98030000
vn 0.12450000 -0.27360000 0.95370000
vn 0.06870000 -0.44100000 0.89490000
vn 0.17310000 -0.43300000 0.88460000
vn -0.02920000 -0.41450000 0.90960000
vn -0.10720000 -0.36210000 0.92600000
vn -0.16080000 -0.29940000 0.94050000
vn -0.19460000 -0.23470000 0.95240000
vn -0.21430000 -0.17230000 0.96150000
vn -0.22360000 -0.11830000 0.96750000
vn -0.22510000 -0.07380000 0.97150000
vn -0.21910000 -0.03050000 0.97520000
vn -0.20510000 0.01460000 0.97860000
vn -0.18460000 0.05750000 0.98110000
vn -0.15130000 0.10670000 0.98270000
vn -0.09920000 0.16410000 0.98140000
vn -0.02590000 0.21830000 0.97550000
vn 0.06370000 0.25650000 0.96440000
vn 0.16180000 0.26780000 0.94980000
vn 0.26340000 0.24800000 0.93230000
vn 0.34650000 0.20330000 0.91570000
vn 0.40140000 0.14700000 0.90400000
vn 0.43460000 0.08800000 0.89630000
vn 0.45210000 0.03140000 0.89140000
vn 0.45910000 -0.02190000 0.88810000
vn 0.45860000 -0.07260000 0.88570000
vn 0.45230000 -0.12210000 0.88350000
vn 0.44010000 -0.17230000 0.88130000
vn 0.42030000 -0.22490000 0.87910000
vn 0.38950000 -0.28100000 0.87710000
vn 0.34100000 -0.33970000 0.87650000
vn 0.26820000 -0.39480000 0.87880000
vn -0.42800000 0.22060000 0.87650000
vn -0.08600000 0.51080000 0.85540000
vn 0.10530000 -0.02760000 0.99410000
vn 0.07050000 0.08780000 0.99360000
vn -0.85720000 -0.51100000 0.06440000
vn -0.01360000 0.99630000 0.08470000
vn 0.99060000 0.06960000 -0.11790000
vn 0.98940000 -0.06670000 -0.12910000
vn 0.96920000 -0.20410000 -0.13800000
vn 0.92690000 -0.34630000 -0.14460000
vn 0.85550000 -0.49620000 -0.14820000
vn 0.74150000 -0.65470000 -0.14710000
vn 0.56450000 -0.81380000 -0.13830000
vn 0.31370000 -0.94220000 -0.11770000
vn -0.30770000 0.94420000 0.11710000
vn 0.46050000 -0.85490000 0.23880000
vn 0.65990000 -0.71510000 0.23070000
vn 0.17610000 0.88740000 0.42610000
vn -0.10270000 0.87720000 0.46900000
vn 0.20040000 -0.94530000 0.25750000
vn 0.79800000 0.52160000 0.30190000
vn -0.69930000 -0.58900000 0.40510000
vn -0.79290000 -0.42540000 0.43630000
vn -0.36360000 0.78460000 0.50220000
vn 0.96030000 0.09970000 0.26060000
vn 0.96690000 -0.02860000 0.25360000
vn -0.87360000 -0.01640000 0.48640000
vn 0.95630000 -0.15570000 0.24740000
vn 0.92750000 -0.28540000 0.24130000
vn -0.83300000 0.22130000 0.50710000
vn 0.87600000 -0.42100000 0.23560000
vn 0.79230000 -0.56470000 0.23110000
vn -0.71000000 0.47380000 0.52090000
vn -0.72920000 -0.68350000 0.03410000
vn -0.93740000 -0.33680000 0.08900000
vn -0.99180000 -0.04410000 0.12020000
vn -0.98860000 0.07650000 0.12980000
vn -0.96850000 0.20740000 0.13820000
vn -0.93020000 0.33760000 0.14430000
vn -0.75800000 0.63540000 0.14760000
vn -0.57220000 0.80830000 0.13880000
vn 0.29290000 0.95520000 0.04300000
vn 0.74250000 0.66880000 -0.03700000
vn 0.85930000 0.50720000 -0.06500000
vn 0.97250000 0.20840000 -0.10410000
vn 0.01670000 -0.99620000 -0.08510000
vn -0.87090000 0.46880000 0.14780000
vn 0.37070000 -0.79500000 -0.48010000
vn 0.56880000 -0.65430000 -0.49830000
vn 0.08470000 0.94840000 -0.30560000
vn -0.19620000 0.93960000 -0.28030000
vn 0.11210000 -0.88640000 -0.44920000
vn 0.71050000 0.58000000 -0.39850000
vn -0.78890000 -0.52910000 -0.31250000
vn -0.88390000 -0.36460000 -0.29270000
vn -0.45920000 0.84840000 -0.26340000
vn 0.86940000 0.16030000 -0.46730000
vn 0.87490000 0.03280000 -0.48320000
vn -0.96610000 0.04530000 -0.25430000
vn 0.86360000 -0.09380000 -0.49540000
vn 0.83450000 -0.22330000 -0.50380000
vn -0.92700000 0.28390000 -0.24520000
vn 0.78320000 -0.35900000 -0.50770000
vn 0.70020000 -0.50330000 -0.50640000
vn -0.80590000 0.53790000 -0.24730000
vn 0.45100000 0.80930000 0.37630000
vn -0.34620000 -0.87960000 0.32620000
vn -0.08230000 -0.95440000 0.28710000
vn 0.66150000 0.67250000 0.33200000
vn -0.55520000 -0.74590000 0.36790000
vn 0.88390000 0.37290000 0.28220000
vn 0.93450000 0.23250000 0.26940000
vn -0.84660000 -0.26750000 0.46000000
vn -0.86980000 -0.13110000 0.47560000
vn -0.86210000 0.09910000 0.49690000
vn -0.78780000 0.33800000 0.51490000
vn -0.57270000 0.63480000 0.51870000
vn -0.21150000 -0.27870000 -0.93680000
vn -0.36740000 -0.17740000 -0.91300000
vn 0.07680000 -0.21410000 -0.97380000
vn -0.12030000 0.42060000 -0.89920000
vn -0.41090000 -0.11270000 -0.90470000
vn -0.00770000 -0.26310000 -0.96470000
vn -0.01790000 0.41610000 -0.90920000
vn -0.43760000 -0.04820000 -0.89790000
vn 0.07850000 0.38160000 -0.92100000
vn -0.45200000 0.01090000 -0.89200000
vn 0.14700000 0.32950000 -0.93260000
vn -0.45710000 0.05960000 -0.88740000
vn 0.19020000 0.27100000 -0.94360000
vn -0.45510000 0.10220000 -0.88460000
vn 0.21440000 0.21320000 -0.95320000
vn -0.44530000 0.14720000 -0.88320000
vn 0.22560000 0.15860000 -0.96120000
vn -0.42820000 0.19150000 -0.88310000
vn 0.22810000 0.10710000 -0.96770000
vn 0.22420000 0.05740000 -0.97280000
vn -0.40340000 0.23590000 -0.88410000
vn 0.21480000 0.00790000 -0.97660000
vn -0.36090000 0.29100000 -0.88610000
vn 0.19910000 -0.04320000 -0.97900000
vn -0.29880000 0.34790000 -0.88860000
vn -0.10880000 -0.28790000 -0.95150000
vn 0.17460000 -0.09760000 -0.97980000
vn -0.21480000 0.39570000 -0.89290000
vn -0.30130000 -0.23710000 -0.92360000
vn 0.13630000 -0.15560000 -0.97840000
vn -0.12020000 0.09360000 -0.98830000
vn -0.11710000 0.09300000 -0.98880000
vn -0.11420000 0.09160000 -0.98920000
vn -0.11190000 0.08980000 -0.98970000
vn -0.10990000 0.08760000 -0.99010000
vn -0.10890000 0.08510000 -0.99040000
vn -0.10890000 0.08310000 -0.99060000
vn -0.10890000 0.08140000 -0.99070000
vn -0.10870000 0.07950000 -0.99090000
vn -0.10890000 0.07740000 -0.99100000
vn -0.10900000 0.07480000 -0.99120000
vn -0.11040000 0.07120000 -0.99130000
vn -0.11400000 0.06840000 -0.99110000
vn -0.11910000 0.06770000 -0.99060000
vn -0.12350000 0.06910000 -0.98990000
vn -0.12720000 0.07060000 -0.98940000
vn -0.13010000 0.07270000 -0.98880000
vn -0.13210000 0.07450000 -0.98840000
vn -0.13380000 0.07600000 -0.98810000
vn -0.13510000 0.07760000 -0.98780000
vn -0.13610000 0.07930000 -0.98750000
vn -0.13670000 0.08110000 -0.98730000
vn -0.13700000 0.08310000 -0.98710000
vn -0.13680000 0.08510000 -0.98690000
vn -0.13610000 0.08720000 -0.98690000
vn -0.13490000 0.08930000 -0.98680000
vn -0.13310000 0.09130000 -0.98690000
vn -0.13040000 0.09300000 -0.98710000
vn -0.12690000 0.09400000 -0.98740000
vn -0.12340000 0.09410000 -0.98790000
vn 0.47890000 -0.72790000 -0.49070000
vn -0.05810000 0.95470000 -0.29170000
vn 0.24700000 -0.84960000 -0.46610000
vn 0.22730000 0.91930000 -0.32130000
vn -0.30570000 -0.86870000 -0.38990000
vn -0.02850000 -0.90240000 -0.43000000
vn 0.47900000 0.80330000 -0.35390000
vn -0.54680000 -0.75910000 -0.35310000
vn 0.64980000 0.65590000 -0.38420000
vn -0.72330000 -0.60960000 -0.32430000
vn 0.75850000 0.50490000 -0.41210000
vn -0.84190000 -0.44710000 -0.30210000
vn 0.82400000 0.36100000 -0.43680000
vn -0.33030000 0.90410000 -0.27110000
vn -0.91580000 -0.28360000 -0.28430000
vn 0.85980000 0.22550000 -0.45810000
vn -0.95360000 -0.13430000 -0.26960000
vn 0.87430000 0.09620000 -0.47570000
vn -0.96590000 -0.01050000 -0.25850000
vn 0.87130000 -0.03040000 -0.48980000
vn -0.96270000 0.10160000 -0.25090000
vn 0.85140000 -0.15800000 -0.50010000
vn -0.94320000 0.22280000 -0.24630000
vn 0.81200000 -0.29020000 -0.50630000
vn -0.90680000 0.34330000 -0.24470000
vn 0.74650000 -0.43000000 -0.50780000
vn -0.74560000 0.61790000 -0.24950000
vn 0.64190000 -0.57840000 -0.50340000
vn -0.85090000 0.46440000 -0.24560000
vn -0.57410000 0.77740000 -0.25700000
vn 0.01800000 -0.43190000 0.90170000
vn -0.13690000 -0.33130000 0.93360000
vn 0.30790000 -0.36840000 0.87720000
vn 0.11150000 0.26590000 0.95750000
vn -0.17970000 -0.26700000 0.94680000
vn 0.22280000 -0.41700000 0.88120000
vn 0.21320000 0.26180000 0.94130000
vn -0.20590000 -0.20280000 0.95730000
vn 0.30880000 0.22790000 0.92340000
vn -0.22010000 -0.14380000 0.96480000
vn 0.37700000 0.17600000 0.90930000
vn -0.22520000 -0.09520000 0.96960000
vn 0.42040000 0.11740000 0.89970000
vn -0.22310000 -0.05260000 0.97340000
vn 0.44500000 0.05930000 0.89360000
vn -0.21310000 -0.00780000 0.97700000
vn 0.45670000 0.00440000 0.88960000
vn -0.19560000 0.03630000 0.98000000
vn 0.45960000 -0.04750000 0.88680000
vn 0.45610000 -0.09740000 0.88460000
vn -0.17030000 0.08040000 0.98210000
vn 0.44700000 -0.14700000 0.88240000
vn -0.12750000 0.13520000 0.98260000
vn 0.43130000 -0.19820000 0.88020000
vn -0.06550000 0.19220000 0.97920000
vn 0.12110000 -0.44130000 0.88920000
vn 0.40660000 -0.25250000 0.87800000
vn 0.01790000 0.24040000 0.97050000
vn -0.07140000 -0.39060000 0.91780000
vn 0.36800000 -0.31020000 0.87660000
vn 0.12670000 -0.07120000 0.98940000
vn 0.12980000 -0.07190000 0.98890000
vn 0.13270000 -0.07320000 0.98840000
vn 0.13510000 -0.07500000 0.98800000
vn 0.13700000 -0.07730000 0.98760000
vn 0.13800000 -0.07970000 0.98720000
vn 0.13800000 -0.08170000 0.98710000
vn 0.13810000 -0.08340000 0.98690000
vn 0.13820000 -0.08540000 0.98670000
vn 0.13800000 -0.08750000 0.98660000
vn 0.13800000 -0.09010000 0.98630000
vn 0.13650000 -0.09360000 0.98620000
vn 0.13290000 -0.09640000 0.98640000
vn 0.12790000 -0.09710000 0.98700000
vn 0.12340000 -0.09580000 0.98770000
vn 0.11980000 -0.09420000 0.98830000
vn 0.11680000 -0.09210000 0.98890000
vn 0.11480000 -0.09040000 0.98930000
vn 0.11310000 -0.08880000 0.98960000
vn 0.11180000 -0.08720000 0.98990000
vn 0.11090000 -0.08550000 0.99020000
vn 0.11020000 -0.08370000 0.99040000
vn 0.11000000 -0.08180000 0.99060000
vn 0.11020000 -0.07970000 0.99070000
vn 0.11080000 -0.07770000 0.99080000
vn 0.11200000 -0.07550000 0.99080000
vn 0.11390000 -0.07360000 0.99080000
vn 0.11660000 -0.07180000 0.99060000
vn 0.12000000 -0.07080000 0.99020000
vn 0.12360000 -0.07080000 0.98980000
vn 0.56930000 -0.78830000 0.23350000
vn 0.03430000 0.89300000 0.44870000
vn 0.33600000 -0.90900000 0.24670000
vn 0.31760000 0.85900000 0.40150000
vn -0.21880000 -0.92660000 0.30570000
vn 0.05900000 -0.96080000 0.27090000
vn 0.56720000 0.74440000 0.35230000
vn -0.45940000 -0.81750000 0.34730000
vn 0.73710000 0.59760000 0.31550000
vn -0.63450000 -0.66890000 0.38730000
vn 0.84620000 0.44630000 0.29100000
vn -0.75160000 -0.50740000 0.42150000
vn 0.91290000 0.30160000 0.27520000
vn -0.23570000 0.84090000 0.48720000
vn -0.82420000 -0.34480000 0.44920000
vn 0.95010000 0.16530000 0.26460000
vn -0.86140000 -0.19580000 0.46870000
vn 0.96580000 0.03520000 0.25690000
vn -0.87360000 -0.07220000 0.48130000
vn 0.96370000 -0.09210000 0.25050000
vn -0.87000000 0.03970000 0.49150000
vn 0.94440000 -0.22000000 0.24440000
vn -0.84980000 0.16040000 0.50210000
vn 0.90500000 -0.35230000 0.23840000
vn -0.81240000 0.28030000 0.51130000
vn 0.83900000 -0.49180000 0.23300000
vn -0.64930000 0.55370000 0.52130000
vn 0.73350000 -0.63960000 0.23010000
vn -0.75550000 0.40080000 0.51830000
vn -0.47800000 0.71330000 0.51260000
vn -0.02890000 -0.57790000 -0.81560000
vn 0.15140000 -0.53020000 -0.83420000
vn 0.29520000 -0.43780000 -0.84920000
vn 0.39430000 -0.32780000 -0.85850000
vn 0.45820000 -0.21390000 -0.86270000
vn 0.49600000 -0.10480000 -0.86200000
vn 0.51440000 -0.01110000 -0.85750000
vn 0.51900000 0.06710000 -0.85210000
vn 0.51150000 0.14510000 -0.84690000
vn 0.49100000 0.22700000 -0.84110000
vn 0.45930000 0.30490000 -0.83430000
vn 0.40540000 0.39470000 -0.82460000
vn 0.31610000 0.50030000 -0.80610000
vn 0.18390000 0.60000000 -0.77860000
vn 0.01870000 0.66750000 -0.74440000
vn -0.16300000 0.68310000 -0.71190000
vn -0.34940000 0.64080000 -0.68350000
vn -0.49910000 0.55540000 -0.66520000
vn -0.59780000 0.45410000 -0.66060000
vn -0.65930000 0.35130000 -0.66470000
vn -0.69410000 0.25380000 -0.67360000
vn -0.71080000 0.16220000 -0.68440000
vn -0.71440000 0.07450000 -0.69570000
vn -0.70740000 -0.01180000 -0.70680000
vn -0.68930000 -0.09980000 -0.71750000
vn -0.65750000 -0.19250000 -0.72840000
vn -0.60530000 -0.29200000 -0.74050000
vn -0.52090000 -0.39700000 -0.75570000
vn -0.39130000 -0.49620000 -0.77500000
vn -0.21940000 -0.56450000 -0.79580000
vn -0.10360000 -0.11220000 -0.98830000
vn -0.11640000 0.01140000 -0.99310000
vn -0.05300000 -0.09970000 -0.99360000
vn -0.09780000 0.01590000 -0.99510000
vn -0.01110000 -0.07340000 -0.99720000
vn -0.08150000 0.02450000 -0.99640000
vn 0.01920000 -0.04100000 -0.99900000
vn -0.06910000 0.03600000 -0.99700000
vn 0.03940000 -0.00690000 -0.99920000
vn -0.05990000 0.04850000 -0.99700000
vn 0.05210000 0.02670000 -0.99830000
vn -0.05350000 0.06140000 -0.99670000
vn 0.05910000 0.05630000 -0.99670000
vn -0.05090000 0.07310000 -0.99600000
vn 0.06110000 0.08060000 -0.99490000
vn -0.04980000 0.08250000 -0.99530000
vn 0.05860000 0.10410000 -0.99280000
vn -0.05120000 0.09150000 -0.99450000
vn 0.05170000 0.12860000 -0.99030000
vn -0.05850000 0.09960000 -0.99330000
vn 0.04110000 0.15220000 -0.98750000
vn -0.06830000 0.10560000 -0.99210000
vn 0.02300000 0.17910000 -0.98360000
vn -0.07120000 0.11610000 -0.99070000
vn -0.00470000 0.20980000 -0.97770000
vn -0.08050000 0.12740000 -0.98860000
vn -0.04290000 0.23800000 -0.97030000
vn -0.09490000 0.13590000 -0.98620000
vn -0.08900000 0.25790000 -0.96210000
vn -0.11210000 0.13670000 -0.98420000
vn -0.13930000 0.26380000 -0.95450000
vn -0.12820000 0.14010000 -0.98180000
vn -0.19190000 0.25420000 -0.94790000
vn -0.14630000 0.13960000 -0.97930000
vn -0.23640000 0.23230000 -0.94350000
vn -0.16200000 0.13320000 -0.97780000
vn -0.26700000 0.20370000 -0.94190000
vn -0.17420000 0.12530000 -0.97670000
vn -0.28660000 0.17300000 -0.94230000
vn -0.18360000 0.11610000 -0.97610000
vn -0.29770000 0.14290000 -0.94390000
vn -0.19050000 0.10630000 -0.97590000
vn -0.30280000 0.11420000 -0.94620000
vn -0.19510000 0.09590000 -0.97610000
vn -0.30370000 0.08660000 -0.94880000
vn -0.19780000 0.08520000 -0.97650000
vn -0.30110000 0.05950000 -0.95170000
vn -0.19850000 0.07390000 -0.97730000
vn -0.29510000 0.03200000 -0.95490000
vn -0.19690000 0.06220000 -0.97840000
vn -0.28480000 0.00330000 -0.95860000
vn -0.19260000 0.05000000 -0.98000000
vn -0.26860000 -0.02700000 -0.96290000
vn -0.18430000 0.03820000 -0.98210000
vn -0.24310000 -0.05810000 -0.96830000
vn -0.17270000 0.02650000 -0.98460000
vn -0.20540000 -0.08690000 -0.97480000
vn -0.15640000 0.01650000 -0.98750000
vn -0.15680000 -0.10710000 -0.98180000
vn -0.13640000 0.01130000 -0.99060000
vn 0.10480000 -0.98990000 -0.09560000
vn 0.61990000 -0.77180000 -0.14170000
vn 0.99230000 0.00620000 -0.12340000
vn 0.98500000 0.13130000 -0.11210000
vn 0.95950000 0.26410000 -0.09780000
vn 0.69690000 0.71660000 -0.02730000
vn -0.11020000 0.98920000 0.09620000
vn -0.40910000 0.90370000 0.12640000
vn -0.78970000 0.59530000 0.14820000
vn -0.88690000 0.43790000 0.14720000
vn -0.94660000 0.28930000 0.14230000
vn -0.97980000 0.14810000 0.13470000
vn -0.99210000 0.01110000 0.12480000
vn -0.90810000 -0.41130000 0.07910000
vn -0.68420000 -0.72890000 0.02470000
vn -0.47410000 -0.88040000 -0.01420000
vn 0.39030000 -0.91220000 -0.12480000
vn 0.78160000 -0.60590000 -0.14810000
vn 0.88980000 -0.43200000 -0.14710000
vn 0.95430000 -0.26330000 -0.14110000
vn 0.98420000 -0.11720000 -0.13270000
vn 0.91660000 0.39140000 -0.08180000
vn 0.83930000 0.54040000 -0.05980000
vn 0.47420000 0.88030000 0.01420000
vn 0.19220000 0.97970000 0.05760000
vn -0.63890000 0.75590000 0.14280000
vn -0.98570000 -0.12540000 0.11260000
vn -0.95930000 -0.26510000 0.09770000
vn -0.82220000 -0.56650000 0.05540000
vn -0.19770000 -0.97860000 -0.05690000
vn 0.06420000 -0.56130000 -0.82510000
vn 0.22920000 -0.48780000 -0.84230000
vn 0.34990000 -0.38380000 -0.85460000
vn 0.43000000 -0.27080000 -0.86130000
vn 0.47990000 -0.15810000 -0.86290000
vn 0.50730000 -0.05550000 -0.86000000
vn 0.51810000 0.02920000 -0.85480000
vn 0.51690000 0.10510000 -0.84960000
vn 0.50280000 0.18630000 -0.84410000
vn 0.47650000 0.26640000 -0.83780000
vn 0.36530000 0.44710000 -0.81650000
vn 0.25600000 0.55220000 -0.79350000
vn -0.06990000 0.68230000 -0.72770000
vn -0.25790000 0.66920000 -0.69690000
vn -0.43130000 0.60140000 -0.67250000
vn -0.55380000 0.50570000 -0.66150000
vn -0.63260000 0.40220000 -0.66190000
vn -0.67940000 0.30180000 -0.66880000
vn -0.70430000 0.20730000 -0.67890000
vn -0.71400000 0.11800000 -0.69010000
vn -0.71220000 0.03140000 -0.70130000
vn -0.69980000 -0.05540000 -0.71220000
vn -0.67540000 -0.14540000 -0.72290000
vn -0.63460000 -0.24130000 -0.73420000
vn -0.56810000 -0.34410000 -0.74760000
vn -0.46230000 -0.44860000 -0.76490000
vn -0.30950000 -0.53610000 -0.78540000
vn -0.12460000 -0.57900000 -0.80580000
vn -0.10690000 0.01310000 -0.99420000
vn -0.12800000 0.09340000 -0.98740000
vn -0.12480000 0.09390000 -0.98770000
vn -0.07750000 -0.10810000 -0.99110000
vn -0.08920000 0.01970000 -0.99580000
vn -0.13110000 0.09250000 -0.98710000
vn -0.03060000 -0.08780000 -0.99570000
vn -0.07480000 0.03010000 -0.99670000
vn -0.13370000 0.09080000 -0.98690000
vn 0.00550000 -0.05760000 -0.99830000
vn -0.06420000 0.04210000 -0.99700000
vn -0.13590000 0.08880000 -0.98670000
vn 0.03040000 -0.02410000 -0.99920000
vn -0.05630000 0.05490000 -0.99690000
vn -0.13760000 0.08650000 -0.98670000
vn 0.04650000 0.01010000 -0.99890000
vn -0.05190000 0.06760000 -0.99640000
vn -0.13800000 0.08420000 -0.98680000
vn 0.05630000 0.04220000 -0.99750000
vn -0.05010000 0.07800000 -0.99570000
vn -0.13790000 0.08240000 -0.98700000
vn 0.06060000 0.06890000 -0.99580000
vn -0.05000000 0.08690000 -0.99500000
vn -0.13830000 0.08060000 -0.98710000
vn 0.06040000 0.09210000 -0.99390000
vn -0.05400000 0.09590000 -0.99390000
vn -0.13830000 0.07860000 -0.98730000
vn 0.05570000 0.11640000 -0.99160000
vn -0.06400000 0.10250000 -0.99270000
vn -0.13800000 0.07640000 -0.98750000
vn 0.04680000 0.14050000 -0.98900000
vn -0.13790000 0.07310000 -0.98770000
vn -0.07490000 0.12200000 -0.98970000
vn -0.13530000 0.06980000 -0.98830000
vn 0.01030000 0.19450000 -0.98090000
vn -0.08710000 0.13230000 -0.98740000
vn -0.13090000 0.06770000 -0.98910000
vn -0.02230000 0.22450000 -0.97420000
vn 0.03330000 0.16480000 -0.98580000
vn -0.12590000 0.06840000 -0.98970000
vn -0.06980000 0.11020000 -0.99150000
vn -0.12000000 0.13800000 -0.98310000
vn -0.12190000 0.06980000 -0.99010000
vn -0.11350000 0.26270000 -0.95820000
vn -0.13710000 0.14080000 -0.98050000
vn -0.11840000 0.07150000 -0.99040000
vn -0.16570000 0.26100000 -0.95100000
vn -0.15470000 0.13670000 -0.97850000
vn -0.11600000 0.07360000 -0.99050000
vn -0.21600000 0.24440000 -0.94530000
vn -0.16840000 0.12940000 -0.97720000
vn -0.11410000 0.07510000 -0.99060000
vn -0.25330000 0.21850000 -0.94240000
vn -0.17920000 0.12080000 -0.97640000
vn -0.11260000 0.07670000 -0.99070000
vn -0.27810000 0.18840000 -0.94190000
vn -0.18730000 0.11130000 -0.97600000
vn -0.11140000 0.07830000 -0.99070000
vn -0.29300000 0.15780000 -0.94300000
vn -0.19310000 0.10120000 -0.97600000
vn -0.11060000 0.08010000 -0.99060000
vn -0.30090000 0.12840000 -0.94500000
vn -0.19670000 0.09060000 -0.97630000
vn -0.11010000 0.08200000 -0.99050000
vn -0.30370000 0.10030000 -0.94750000
vn -0.19840000 0.07960000 -0.97690000
vn -0.11000000 0.08390000 -0.99040000
vn -0.30280000 0.07300000 -0.95020000
vn -0.19800000 0.06810000 -0.97780000
vn -0.11030000 0.08600000 -0.99020000
vn -0.29860000 0.04580000 -0.95330000
vn -0.19520000 0.05610000 -0.97920000
vn -0.11120000 0.08810000 -0.98990000
vn -0.29050000 0.01780000 -0.95670000
vn -0.18890000 0.04400000 -0.98100000
vn -0.11260000 0.09020000 -0.98950000
vn -0.27760000 -0.01170000 -0.96060000
vn -0.17900000 0.03230000 -0.98330000
vn -0.11480000 0.09210000 -0.98910000
vn -0.25720000 -0.04260000 -0.96540000
vn -0.16520000 0.02110000 -0.98600000
vn -0.11790000 0.09360000 -0.98860000
vn -0.22590000 -0.07310000 -0.97140000
vn -0.14660000 0.01330000 -0.98910000
vn -0.12150000 0.09420000 -0.98810000
vn -0.18210000 -0.09850000 -0.97830000
vn -0.12620000 0.01080000 -0.99190000
vn -0.13030000 -0.11180000 -0.98510000
vn -0.07980000 -0.28810000 -0.95430000
vn -0.18390000 -0.27870000 -0.94260000
vn 0.01900000 -0.26260000 -0.96470000
vn 0.09860000 -0.21060000 -0.97260000
vn 0.15400000 -0.14790000 -0.97690000
vn 0.18980000 -0.08320000 -0.97830000
vn 0.21140000 -0.02080000 -0.97720000
vn 0.22240000 0.03320000 -0.97440000
vn 0.22510000 0.07770000 -0.97120000
vn 0.22050000 0.12120000 -0.96780000
vn 0.20780000 0.16660000 -0.96390000
vn 0.18860000 0.20990000 -0.95940000
vn 0.15680000 0.25970000 -0.95290000
vn 0.10650000 0.31770000 -0.94220000
vn 0.03480000 0.37240000 -0.92740000
vn -0.05360000 0.41100000 -0.91010000
vn -0.15130000 0.42270000 -0.89350000
vn -0.25350000 0.40340000 -0.87920000
vn -0.33800000 0.35910000 -0.86990000
vn -0.39460000 0.30330000 -0.86740000
vn -0.42960000 0.24490000 -0.86920000
vn -0.44880000 0.18880000 -0.87350000
vn -0.45730000 0.13590000 -0.87880000
vn -0.45840000 0.08550000 -0.88460000
vn -0.45360000 0.03610000 -0.89050000
vn -0.44290000 -0.01420000 -0.89650000
vn -0.42470000 -0.06700000 -0.90280000
vn -0.39560000 -0.12350000 -0.91010000
vn -0.34890000 -0.18300000 -0.91910000
vn -0.27780000 -0.23920000 -0.93040000
vn 0.43650000 0.34660000 -0.83030000
vn 0.10340000 0.63970000 -0.76160000
vn -0.10370000 0.13680000 -0.98520000
vn -0.06540000 0.24950000 -0.96620000
vn 0.99070000 0.06690000 -0.11810000
vn 0.97460000 0.19790000 -0.10520000
vn -0.26400000 0.95790000 0.11280000
vn -0.84390000 0.51560000 0.14830000
vn -0.92060000 0.36250000 0.14520000
vn -0.96600000 0.21790000 0.13880000
vn -0.98830000 0.07930000 0.13000000
vn -0.58890000 -0.80810000 0.00620000
vn -0.48530000 -0.79080000 -0.37290000
vn -0.68050000 -0.64820000 -0.34180000
vn -0.14830000 0.94950000 -0.27640000
vn -0.42560000 0.87270000 -0.23930000
vn 0.05430000 -0.89740000 -0.43800000
vn 0.53340000 -0.69290000 -0.48510000
vn -0.78120000 0.58730000 -0.21160000
vn -0.87160000 0.44000000 -0.21600000
vn -0.92650000 0.30100000 -0.22600000
vn -0.95620000 0.16930000 -0.23860000
vn -0.96670000 0.04180000 -0.25250000
vn 0.87390000 0.03630000 -0.48480000
vn 0.86590000 0.15230000 -0.47640000
vn 0.84050000 0.27530000 -0.46660000
vn -0.88760000 -0.35080000 -0.29840000
vn 0.59280000 0.69290000 -0.41060000
vn 0.84160000 -0.51930000 -0.14840000
vn 0.92710000 -0.34590000 -0.14460000
vn 0.97280000 -0.18650000 -0.13700000
vn -0.97520000 -0.19460000 0.10550000
vn 0.88490000 0.46020000 -0.07210000
vn 0.33620000 0.94110000 0.03650000
vn 0.25200000 -0.96130000 -0.11160000
vn 0.51420000 -0.84700000 -0.13480000
vn 0.70840000 -0.69050000 -0.14600000
vn 0.99030000 -0.05380000 -0.12810000
vn 0.94020000 0.32840000 -0.09000000
vn 0.77700000 0.62790000 -0.04470000
vn 0.59650000 0.80250000 -0.00760000
vn 0.04370000 0.99600000 0.07760000
vn -0.53570000 0.83330000 0.13630000
vn -0.72220000 0.67600000 0.14650000
vn -0.99130000 -0.05700000 0.11900000
vn -0.93720000 -0.33720000 0.08890000
vn -0.87030000 -0.48770000 0.06800000
vn -0.76110000 -0.64730000 0.04110000
vn -0.34210000 -0.93900000 -0.03550000
vn -0.04680000 -0.99590000 -0.07720000
vn 0.13010000 0.93800000 -0.32120000
vn -0.22800000 -0.88470000 -0.40660000
vn 0.32050000 -0.82520000 -0.46510000
vn -0.64020000 0.73690000 -0.21720000
vn 0.68230000 -0.53630000 -0.49680000
vn 0.78090000 -0.37280000 -0.50130000
vn 0.38820000 0.84420000 -0.36960000
vn 0.83940000 -0.21480000 -0.49930000
vn 0.86670000 -0.07850000 -0.49270000
vn -0.96000000 -0.08490000 -0.26700000
vn -0.93510000 -0.21460000 -0.28210000
vn 0.79880000 0.39310000 -0.45530000
vn -0.80830000 -0.49590000 -0.31750000
vn 0.72520000 0.53040000 -0.43910000
vn -0.02880000 -0.27950000 -0.95970000
vn 0.12920000 -0.17980000 -0.97520000
vn -0.31670000 -0.21220000 -0.92450000
vn -0.10110000 0.42050000 -0.90160000
vn 0.17390000 -0.11560000 -0.97800000
vn -0.23300000 -0.26200000 -0.93650000
vn -0.20300000 0.41700000 -0.88600000
vn 0.20210000 -0.05140000 -0.97800000
vn -0.29950000 0.38340000 -0.87360000
vn 0.21810000 0.00760000 -0.97590000
vn -0.36930000 0.33200000 -0.86800000
vn 0.22460000 0.05620000 -0.97280000
vn -0.41440000 0.27400000 -0.86780000
vn 0.22380000 0.09890000 -0.96960000
vn -0.44080000 0.21640000 -0.87110000
vn 0.21510000 0.14400000 -0.96590000
vn -0.45420000 0.16200000 -0.87610000
vn 0.19900000 0.18850000 -0.96170000
vn -0.45870000 0.11050000 -0.88170000
vn -0.45670000 0.06080000 -0.88750000
vn 0.17510000 0.23310000 -0.95660000
vn -0.44900000 0.01120000 -0.89350000
vn 0.13390000 0.28860000 -0.94800000
vn -0.43490000 -0.04010000 -0.89960000
vn 0.07370000 0.34610000 -0.93530000
vn -0.13210000 -0.28780000 -0.94860000
vn -0.41190000 -0.09480000 -0.90630000
vn -0.00830000 0.39470000 -0.91880000
vn 0.06190000 -0.23890000 -0.96910000
vn -0.37500000 -0.15310000 -0.91430000
vn -0.12640000 0.09370000 -0.98760000
vn -0.12950000 0.09300000 -0.98720000
vn -0.13240000 0.09170000 -0.98690000
vn -0.13480000 0.08990000 -0.98680000
vn -0.13680000 0.08770000 -0.98670000
vn -0.13790000 0.08530000 -0.98680000
vn -0.13800000 0.08320000 -0.98690000
vn -0.13810000 0.08150000 -0.98710000
vn -0.13830000 0.07960000 -0.98720000
vn -0.13820000 0.07750000 -0.98740000
vn -0.13820000 0.07490000 -0.98760000
vn -0.13690000 0.07140000 -0.98800000
vn -0.13330000 0.06850000 -0.98870000
vn -0.12830000 0.06780000 -0.98940000
vn -0.12380000 0.06910000 -0.98990000
vn -0.12010000 0.07060000 -0.99020000
vn -0.11710000 0.07260000 -0.99050000
vn -0.11510000 0.07440000 -0.99060000
vn -0.11330000 0.07590000 -0.99070000
vn -0.11200000 0.07750000 -0.99070000
vn -0.11090000 0.07920000 -0.99070000
vn -0.11030000 0.08100000 -0.99060000
vn -0.11000000 0.08290000 -0.99050000
vn -0.11010000 0.08500000 -0.99030000
vn -0.11070000 0.08700000 -0.99000000
vn -0.11180000 0.08920000 -0.98970000
vn -0.11360000 0.09120000 -0.98930000
vn -0.11620000 0.09290000 -0.98890000
vn -0.11970000 0.09400000 -0.98840000
vn -0.12320000 0.09410000 -0.98790000
vn -0.59210000 -0.72270000 -0.35660000
vn -0.00640000 0.95450000 -0.29820000
vn -0.36250000 -0.84660000 -0.38970000
vn -0.29070000 0.92180000 -0.25640000
vn 0.19170000 -0.87110000 -0.45220000
vn -0.08710000 -0.90210000 -0.42270000
vn -0.54380000 0.80830000 -0.22580000
vn 0.43550000 -0.76390000 -0.47620000
vn -0.71810000 0.66260000 -0.21280000
vn 0.61510000 -0.61620000 -0.49200000
vn -0.83180000 0.51270000 -0.21290000
vn 0.73700000 -0.45480000 -0.49990000
vn -0.90270000 0.36940000 -0.22050000
vn 0.26200000 0.90120000 -0.34530000
vn 0.81460000 -0.29210000 -0.50110000
vn -0.94400000 0.23440000 -0.23210000
vn 0.85630000 -0.14310000 -0.49630000
vn -0.96370000 0.10520000 -0.24550000
vn 0.87220000 -0.01950000 -0.48880000
vn -0.96550000 -0.02140000 -0.25970000
vn 0.87190000 0.09260000 -0.48080000
vn -0.95000000 -0.14920000 -0.27440000
vn 0.85540000 0.21400000 -0.47160000
vn -0.91460000 -0.28180000 -0.29000000
vn 0.82170000 0.33480000 -0.46120000
vn -0.85280000 -0.42220000 -0.30750000
vn 0.66690000 0.61100000 -0.42640000
vn -0.75180000 -0.57160000 -0.32880000
vn 0.76840000 0.45650000 -0.44850000
vn 0.50040000 0.77220000 -0.39160000
vt 0.00000000 0.00000000
vt 0.00000000 0.00000000
vt 0.00000000 0.00000000
vt 0.00000000 0.00000000
vt 0.00000000 0.00000000
vt 0.00000000 0.00000000
vt 0.00000000 0.00000000
vt 0.00000000 0.00000000
vt 0.00000000 0.00000000
vt 0.00000000 0.00000000
vt 0.00000000 0.00000000
vt 0.00000000 0.00000000
vt 0.00000000 0.00000000
vt 0.00000000 0.00000000
vt 0.00000000 0.00000000
vt 0.00000000 0.00000000
vt 0.00000000 0.00000000
vt 0.00000000 0.00000000
vt 0.00000000 0.00000000
vt 0.00000000 0.00000000
vt 0.00000000 0.00000000
vt 0.00000000 0.00000000
vt 0.00000000 0.00000000
vt 0.00000000 0.00000000
vt 0.00000000 0.00000000
vt 0.00000000 0.00000000
vt 0.00000000 0.00000000
vt 0.00000000 0.00000000
vt 0.00000000 0.00000000
vt 0.00000000 0.00000000
vt 0.00000000 0.00000000
vt 0.00000000 0.00000000
vt 0.00000000 0.00000000
vt 0.00000000 0.00000000
vt 0.00000000 0.00000000
vt 0.00000000 0.00000000
vt 0.00000000 0.00000000
vt 0.00000000 0.00000000
vt 0.00000000 0.00000000
vt 0.00000000 0.00000000
vt 0.00000000 0.00000000
vt 0.00000000 0.00000000
vt 0.00000000 0.00000000
vt 0.00000000 0.00000000
vt 0.00000000 0.00000000
vt 0.00000000 0.00000000
vt 0.00000000 0.00000000
vt 0.00000000 0.00000000
vt 0.00000000 0.00000000
vt 0.00000000 0.00000000
vt 0.00000000 0.00000000
vt 0.00000000 0.00000000
vt 0.00000000 0.00000000
vt 0.00000000 0.00000000
vt 0.00000000 0.00000000
vt 0.00000000 0.00000000
vt 0.00000000 0.00000000
vt 0.00000000 0.00000000
vt 0.00000000 0.00000000
vt 0.00000000 0.00000000
vt 0.00000000 0.00000000
vt 0.00000000 0.00000000
vt 0.00000000 0.00000000
vt 0.00000000 0.00000000
vt 0.00000000 0.00000000
vt 0.00000000 0.00000000
vt 0.00000000 0.00000000
vt 0.00000000 0.00000000
vt 0.00000000 0.00000000
vt 0.00000000 0.00000000
vt 0.00000000 0.00000000
vt 0.00000000 0.00000000
vt 0.00000000 0.00000000
vt 0.00000000 0.00000000
vt 0.00000000 0.00000000
vt 0.00000000 0.00000000
vt 0.00000000 0.00000000
vt 0.00000000 0.00000000
vt 0.00000000 0.00000000
vt 0.00000000 0.00000000
vt 0.00000000 0.00000000
vt 0.00000000 0.00000000
vt 0.00000000 0.00000000
vt 0.00000000 0.00000000
vt 0.00000000 0.00000000
vt 0.00000000 0.00000000
vt 0.00000000 0.00000000
vt 0.00000000 0.00000000
vt 0.00000000 0.00000000
vt 0.00000000 0.00000000
vt 0.00000000 0.00000000
vt 0.00000000 0.00000000
vt 0.00000000 0.00000000
vt 0.00000000 0.00000000
vt 0.00000000 0.00000000
vt 0.00000000 0.00000000
vt 0.00000000 0.00000000
vt 0.00000000 0.00000000
vt 0.00000000 0.00000000
vt 0.00000000 0.00000000
vt 0.00000000 0.00000000
vt 0.00000000 0.00000000
vt 0.00000000 0.00000000
vt 0.00000000 0.00000000
vt 0.00000000 0.00000000
vt 0.00000000 0.00000000
vt 0.00000000 0.00000000
vt 0.00000000 0.00000000
vt 0.00000000 0.00000000
vt 0.00000000 0.00000000
vt 0.00000000 0.00000000
vt 0.00000000 0.00000000
vt 0.00000000 0.00000000
vt 0.00000000 0.00000000
vt 0.00000000 0.00000000
vt 0.00000000 0.00000000
vt 0.00000000 0.00000000
vt 0.00000000 0.00000000
vt 0.00000000 0.00000000
vt 0.00000000 0.00000000
vt 0.00000000 0.00000000
vt 0.00000000 0.00000000
vt 0.00000000 0.00000000
vt 0.00000000 0.00000000
vt 0.00000000 0.00000000
vt 0.00000000 0.00000000
vt 0.00000000 0.00000000
vt 0.00000000 0.00000000
vt 0.00000000 0.00000000
vt 0.00000000 0.00000000
vt 0.00000000 0.00000000
vt 0.00000000 0.00000000
vt 0.00000000 0.00000000
vt 0.00000000 0.00000000
vt 0.00000000 0.00000000
vt 0.00000000 0.00000000
vt 0.00000000 0.00000000
vt 0.00000000 0.00000000
vt 0.00000000 0.00000000
vt 0.00000000 0.00000000
vt 0.00000000 0.00000000
vt 0.00000000 0.00000000
vt 0.00000000 0.00000000
vt 0.00000000 0.00000000
vt 0.00000000 0.00000000
vt 0.00000000 0.00000000
vt 0.00000000 0.00000000
vt 0.00000000 0.00000000
vt 0.00000000 0.00000000
vt 0.00000000 0.00000000
vt 0.00000000 0.00000000
vt 0.00000000 0.00000000
vt 0.00000000 0.00000000
vt 0.00000000 0.00000000
vt 0.00000000 0.00000000
vt 0.00000000 0.00000000
vt 0.00000000 0.00000000
vt 0.00000000 0.00000000
vt 0.00000000 0.00000000
vt 0.00000000 0.00000000
vt 0.00000000 0.00000000
vt 0.00000000 0.00000000
vt 0.00000000 0.00000000
vt 0.00000000 0.00000000
vt 0.00000000 0.00000000
vt 0.00000000 0.00000000
vt 0.00000000 0.00000000
vt 0.00000000 0.00000000
vt 0.00000000 0.00000000
vt 0.00000000 0.00000000
vt 0.00000000 0.00000000
vt 0.00000000 0.00000000
vt 0.00000000 0.00000000
vt 0.00000000 0.00000000
vt 0.00000000 0.00000000
vt 0.00000000 0.00000000
vt 0.00000000 0.00000000
vt 0.00000000 0.00000000
vt 0.00000000 0.00000000
vt 0.00000000 0.00000000
vt 0.00000000 0.00000000
vt 0.00000000 0.00000000
vt 0.00000000 0.00000000
vt 0.00000000 0.00000000
vt 0.00000000 0.00000000
vt 0.00000000 0.00000000
vt 0.00000000 0.00000000
vt 0.00000000 0.00000000
vt 0.00000000 0.00000000
vt 0.00000000 0.00000000
vt 0.00000000 0.00000000
vt 0.00000000 0.00000000
vt 0.00000000 0.00000000
vt 0.00000000 0.00000000
vt 0.00000000 0.00000000
vt 0.00000000 0.00000000
vt 0.00000000 0.00000000
vt 0.00000000 0.00000000
vt 0.00000000 0.00000000
vt 0.00000000 0.00000000
vt 0.00000000 0.00000000
vt 0.00000000 0.00000000
vt 0.00000000 0.00000000
vt 0.00000000 0.00000000
vt 0.00000000 0.00000000
vt 0.00000000 0.00000000
vt 0.00000000 0.00000000
vt 0.00000000 0.00000000
vt 0.00000000 0.00000000
vt 0.00000000 0.00000000
vt 0.00000000 0.00000000
vt 0.00000000 0.00000000
vt 0.00000000 0.00000000
vt 0.00000000 0.00000000
vt 0.00000000 0.00000000
vt 0.00000000 0.00000000
vt 0.00000000 0.00000000
vt 0.00000000 0.00000000
vt 0.00000000 0.00000000
vt 0.00000000 0.00000000
vt 0.00000000 0.00000000
vt 0.00000000 0.00000000
vt 0.00000000 0.00000000
vt 0.00000000 0.00000000
vt 0.00000000 0.00000000
vt 0.00000000 0.00000000
vt 0.00000000 0.00000000
vt 0.00000000 0.00000000
vt 0.00000000 0.00000000
vt 0.00000000 0.00000000
vt 0.00000000 0.00000000
vt 0.00000000 0.00000000
vt 0.00000000 0.00000000
vt 0.00000000 0.00000000
vt 0.00000000 0.00000000
vt 0.00000000 0.00000000
vt 0.00000000 0.00000000
vt 0.00000000 0.00000000
vt 0.00000000 0.00000000
vt 0.00000000 0.00000000
vt 0.00000000 0.00000000
vt 0.00000000 0.00000000
vt 0.00000000 0.00000000
vt 0.00000000 0.00000000
vt 0.00000000 0.00000000
vt 0.00000000 0.00000000
vt 0.00000000 0.00000000
vt 0.00000000 0.00000000
vt 0.00000000 0.00000000
vt 0.00000000 0.00000000
vt 0.00000000 0.00000000
vt 0.00000000 0.00000000
vt 0.00000000 0.00000000
vt 0.00000000 0.00000000
vt 0.00000000 0.00000000
vt 0.00000000 0.00000000
vt 0.00000000 0.00000000
vt 0.00000000 0.00000000
vt 0.00000000 0.00000000
vt 0.00000000 0.00000000
vt 0.00000000 0.00000000
vt 0.00000000 0.00000000
vt 0.00000000 0.00000000
vt 0.00000000 0.00000000
vt 0.00000000 0.00000000
vt 0.00000000 0.00000000
vt 0.00000000 0.00000000
vt 0.00000000 0.00000000
vt 0.00000000 0.00000000
vt 0.00000000 0.00000000
vt 0.00000000 0.00000000
vt 0.00000000 0.00000000
vt 0.00000000 0.00000000
vt 0.00000000 0.00000000
vt 0.00000000 0.00000000
vt 0.00000000 0.00000000
vt 0.00000000 0.00000000
vt 0.00000000 0.00000000
vt 0.00000000 0.00000000
vt 0.00000000 0.00000000
vt 0.00000000 0.00000000
vt 0.00000000 0.00000000
vt 0.00000000 0.00000000
vt 0.00000000 0.00000000
vt 0.00000000 0.00000000
vt 0.00000000 0.00000000
vt 0.00000000 0.00000000
vt 0.00000000 0.00000000
vt 0.00000000 0.00000000
vt 0.00000000 0.00000000
vt 0.00000000 0.00000000
vt 0.00000000 0.00000000
vt 0.00000000 0.00000000
vt 0.00000000 0.00000000
vt 0.00000000 0.00000000
vt 0.00000000 0.00000000
vt 0.00000000 0.00000000
vt 0.00000000 0.00000000
vt 0.00000000 0.00000000
vt 0.00000000 0.00000000
vt 0.00000000 0.00000000
vt 0.00000000 0.00000000
vt 0.00000000 0.00000000
vt 0.00000000 0.00000000
vt 0.00000000 0.00000000
vt 0.00000000 0.00000000
vt 0.00000000 0.00000000
vt 0.00000000 0.00000000
vt 0.00000000 0.00000000
vt 0.00000000 0.00000000
vt 0.00000000 0.00000000
vt 0.00000000 0.00000000
vt 0.00000000 0.00000000
vt 0.00000000 0.00000000
vt 0.00000000 0.00000000
vt 0.00000000 0.00000000
vt 0.00000000 0.00000000
vt 0.00000000 0.00000000
vt 0.00000000 0.00000000
vt 0.00000000 0.00000000
vt 0.00000000 0.00000000
vt 0.00000000 0.00000000
vt 0.00000000 0.00000000
vt 0.00000000 0.00000000
vt 0.00000000 0.00000000
vt 0.00000000 0.00000000
vt 0.00000000 0.00000000
vt 0.00000000 0.00000000
vt 0.00000000 0.00000000
vt 0.00000000 0.00000000
vt 0.00000000 0.00000000
vt 0.00000000 0.00000000
vt 0.00000000 0.00000000
vt 0.00000000 0.00000000
vt 0.00000000 0.00000000
vt 0.00000000 0.00000000
vt 0.00000000 0.00000000
vt 0.00000000 0.00000000
vt 0.00000000 0.00000000
vt 0.00000000 0.00000000
vt 0.00000000 0.00000000
vt 0.00000000 0.00000000
vt 0.00000000 0.00000000
vt 0.00000000 0.00000000
vt 0.00000000 0.00000000
vt 0.00000000 0.00000000
vt 0.00000000 0.00000000
vt 0.00000000 0.00000000
vt 0.00000000 0.00000000
vt 0.00000000 0.00000000
vt 0.00000000 0.00000000
vt 0.00000000 0.00000000
vt 0.00000000 0.00000000
vt 0.00000000 0.00000000
vt 0.00000000 0.00000000
vt 0.00000000 0.00000000
vt 0.00000000 0.00000000
vt 0.00000000 0.00000000
vt 0.00000000 0.00000000
vt 0.00000000 0.00000000
vt 0.00000000 0.00000000
vt 0.00000000 0.00000000
vt 0.00000000 0.00000000
vt 0.00000000 0.00000000
vt 0.00000000 0.00000000
vt 0.00000000 0.00000000
vt 0.00000000 0.00000000
vt 0.00000000 0.00000000
vt 0.00000000 0.00000000
vt 0.00000000 0.00000000
vt 0.00000000 0.00000000
vt 0.00000000 0.00000000
vt 0.00000000 0.00000000
vt 0.00000000 0.00000000
vt 0.00000000 0.00000000
vt 0.00000000 0.00000000
vt 0.00000000 0.00000000
vt 0.00000000 0.00000000
vt 0.00000000 0.00000000
vt 0.00000000 0.00000000
vt 0.00000000 0.00000000
vt 0.00000000 0.00000000
vt 0.00000000 0.00000000
vt 0.00000000 0.00000000
vt 0.00000000 0.00000000
vt 0.00000000 0.00000000
vt 0.00000000 0.00000000
vt 0.00000000 0.00000000
vt 0.00000000 0.00000000
vt 0.00000000 0.00000000
vt 0.00000000 0.00000000
vt 0.00000000 0.00000000
vt 0.00000000 0.00000000
vt 0.00000000 0.00000000
vt 0.00000000 0.00000000
vt 0.00000000 0.00000000
vt 0.00000000 0.00000000
vt 0.00000000 0.00000000
vt 0.00000000 0.00000000
vt 0.00000000 0.00000000
vt 0.00000000 0.00000000
vt 0.00000000 0.00000000
vt 0.00000000 0.00000000
vt 0.00000000 0.00000000
vt 0.00000000 0.00000000
vt 0.00000000 0.00000000
vt 0.00000000 0.00000000
vt 0.00000000 0.00000000
vt 0.00000000 0.00000000
vt 0.00000000 0.00000000
vt 0.00000000 0.00000000
vt 0.00000000 0.00000000
vt 0.00000000 0.00000000
vt 0.00000000 0.00000000
vt 0.00000000 0.00000000
vt 0.00000000 0.00000000
vt 0.00000000 0.00000000
vt 0.00000000 0.00000000
vt 0.00000000 0.00000000
vt 0.00000000 0.00000000
vt 0.00000000 0.00000000
vt 0.00000000 0.00000000
vt 0.00000000 0.00000000
vt 0.00000000 0.00000000
vt 0.00000000 0.00000000
vt 0.00000000 0.00000000
vt 0.00000000 0.00000000
vt 0.00000000 0.00000000
vt 0.00000000 0.00000000
vt 0.00000000 0.00000000
vt 0.00000000 0.00000000
vt 0.00000000 0.00000000
vt 0.00000000 0.00000000
vt 0.00000000 0.00000000
vt 0.00000000 0.00000000
vt 0.00000000 0.00000000
vt 0.00000000 0.00000000
vt 0.00000000 0.00000000
vt 0.00000000 0.00000000
vt 0.00000000 0.00000000
vt 0.00000000 0.00000000
vt 0.00000000 0.00000000
vt 0.00000000 0.00000000
vt 0.00000000 0.00000000
vt 0.00000000 0.00000000
vt 0.00000000 0.00000000
vt 0.00000000 0.00000000
vt 0.00000000 0.00000000
vt 0.00000000 0.00000000
vt 0.00000000 0.00000000
vt 0.00000000 0.00000000
vt 0.00000000 0.00000000
vt 0.00000000 0.00000000
vt 0.00000000 0.00000000
vt 0.00000000 0.00000000
vt 0.00000000 0.00000000
vt 0.00000000 0.00000000
vt 0.00000000 0.00000000
vt 0.00000000 0.00000000
vt 0.00000000 0.00000000
vt 0.00000000 0.00000000
vt 0.00000000 0.00000000
vt 0.00000000 0.00000000
vt 0.00000000 0.00000000
vt 0.00000000 0.00000000
vt 0.00000000 0.00000000
vt 0.00000000 0.00000000
vt 0.00000000 0.00000000
vt 0.00000000 0.00000000
vt 0.00000000 0.00000000
vt 0.00000000 0.00000000
vt 0.00000000 0.00000000
vt 0.00000000 0.00000000
vt 0.00000000 0.00000000
vt 0.00000000 0.00000000
vt 0.00000000 0.00000000
vt 0.00000000 0.00000000
vt 0.00000000 0.00000000
vt 0.00000000 0.00000000
vt 0.00000000 0.00000000
vt 0.00000000 0.00000000
vt 0.00000000 0.00000000
vt 0.00000000 0.00000000
vt 0.00000000 0.00000000
vt 0.00000000 0.00000000
vt 0.00000000 0.00000000
vt 0.00000000 0.00000000
vt 0.00000000 0.00000000
vt 0.00000000 0.00000000
vt 0.00000000 0.00000000
vt 0.00000000 0.00000000
vt 0.00000000 0.00000000
vt 0.00000000 0.00000000
vt 0.00000000 0.00000000
vt 0.00000000 0.00000000
vt 0.00000000 0.00000000
vt 0.00000000 0.00000000
vt 0.00000000 0.00000000
vt 0.00000000 0.00000000
vt 0.00000000 0.00000000
vt 0.00000000 0.00000000
vt 0.00000000 0.00000000
vt 0.00000000 0.00000000
vt 0.00000000 0.00000000
vt 0.00000000 0.00000000
vt 0.00000000 0.00000000
vt 0.00000000 0.00000000
vt 0.00000000 0.00000000
vt 0.00000000 0.00000000
vt 0.00000000 0.00000000
vt 0.00000000 0.00000000
vt 0.00000000 0.00000000
vt 0.00000000 0.00000000
vt 0.00000000 0.00000000
vt 0.00000000 0.00000000
vt 0.00000000 0.00000000
vt 0.00000000 0.00000000
vt 0.00000000 0.00000000
vt 0.00000000 0.00000000
vt 0.00000000 0.00000000
vt 0.00000000 0.00000000
vt 0.00000000 0.00000000
vt 0.00000000 0.00000000
vt 0.00000000 0.00000000
vt 0.00000000 0.00000000
vt 0.00000000 0.00000000
vt 0.00000000 0.00000000
vt 0.00000000 0.00000000
vt 0.00000000 0.00000000
vt 0.00000000 0.00000000
vt 0.00000000 0.00000000
vt 0.00000000 0.00000000
vt 0.00000000 0.00000000
vt 0.00000000 0.00000000
vt 0.00000000 0.00000000
vt 0.00000000 0.00000000
vt 0.00000000 0.00000000
vt 0.00000000 0.00000000
vt 0.00000000 0.00000000
vt 0.00000000 0.00000000
vt 0.00000000 0.00000000
vt 0.00000000 0.00000000
vt 0.00000000 0.00000000
vt 0.00000000 0.00000000
vt 0.00000000 0.00000000
vt 0.00000000 0.00000000
vt 0.00000000 0.00000000
vt 0.00000000 0.00000000
vt 0.00000000 0.00000000
vt 0.00000000 0.00000000
vt 0.00000000 0.00000000
vt 0.00000000 0.00000000
vt 0.00000000 0.00000000
vt 0.00000000 0.00000000
vt 0.00000000 0.00000000
vt 0.00000000 0.00000000
vt 0.00000000 0.00000000
vt 0.00000000 0.00000000
vt 0.00000000 0.00000000
vt 0.00000000 0.00000000
vt 0.00000000 0.00000000
vt 0.00000000 0.00000000
vt 0.00000000 0.00000000
vt 0.00000000 0.00000000
vt 0.00000000 0.00000000
vt 0.00000000 0.00000000
vt 0.00000000 0.00000000
vt 0.00000000 0.00000000
vt 0.00000000 0.00000000
vt 0.00000000 0.00000000
vt 0.00000000 0.00000000
vt 0.00000000 0.00000000
vt 0.00000000 0.00000000
vt 0.00000000 0.00000000
vt 0.00000000 0.00000000
vt 0.00000000 0.00000000
vt 0.00000000 0.00000000
vt 0.00000000 0.00000000
vt 0.00000000 0.00000000
vt 0.00000000 0.00000000
vt 0.00000000 0.00000000
vt 0.00000000 0.00000000
vt 0.00000000 0.00000000
vt 0.00000000 0.00000000
vt 0.00000000 0.00000000
vt 0.00000000 0.00000000
vt 0.00000000 0.00000000
vt 0.00000000 0.00000000
vt 0.00000000 0.00000000
vt 0.00000000 0.00000000
vt 0.00000000 0.00000000
vt 0.00000000 0.00000000
vt 0.00000000 0.00000000
vt 0.00000000 0.00000000
vt 0.00000000 0.00000000
vt 0.00000000 0.00000000
vt 0.00000000 0.00000000
vt 0.00000000 0.00000000
vt 0.00000000 0.00000000
vt 0.00000000 0.00000000
vt 0.00000000 0.00000000
vt 0.00000000 0.00000000
vt 0.00000000 0.00000000
vt 0.00000000 0.00000000
vt 0.00000000 0.00000000
vt 0.00000000 0.00000000
vt 0.00000000 0.00000000
vt 0.00000000 0.00000000
vt 0.00000000 0.00000000
vt 0.00000000 0.00000000
vt 0.00000000 0.00000000
vt 0.00000000 0.00000000
vt 0.00000000 0.00000000
vt 0.00000000 0.00000000
vt 0.00000000 0.00000000
vt 0.00000000 0.00000000
vt 0.00000000 0.00000000
vt 0.00000000 0.00000000
vt 0.00000000 0.00000000
vt 0.00000000 0.00000000
vt 0.00000000 0.00000000
vt 0.00000000 0.00000000
vt 0.00000000 0.00000000
vt 0.00000000 0.00000000
vt 0.00000000 0.00000000
vt 0.00000000 0.00000000
vt 0.00000000 0.00000000
vt 0.00000000 0.00000000
vt 0.00000000 0.00000000
vt 0.00000000 0.00000000
vt 0.00000000 0.00000000
vt 0.00000000 0.00000000
vt 0.00000000 0.00000000
vt 0.00000000 0.00000000
vt 0.00000000 0.00000000
vt 0.00000000 0.00000000
vt 0.00000000 0.00000000
vt 0.00000000 0.00000000
vt 0.00000000 0.00000000
vt 0.00000000 0.00000000
vt 0.00000000 0.00000000
vt 0.00000000 0.00000000
vt 0.00000000 0.00000000
vt 0.00000000 0.00000000
vt 0.00000000 0.00000000
vt 0.00000000 0.00000000
vt 0.00000000 0.00000000
vt 0.00000000 0.00000000
vt 0.00000000 0.00000000
vt 0.00000000 0.00000000
vt 0.00000000 0.00000000
vt 0.00000000 0.00000000
vt 0.00000000 0.00000000
vt 0.00000000 0.00000000
vt 0.00000000 0.00000000
vt 0.00000000 0.00000000
vt 0.00000000 0.00000000
vt 0.00000000 0.00000000
vt 0.00000000 0.00000000
vt 0.00000000 0.00000000
vt 0.00000000 0.00000000
vt 0.00000000 0.00000000
vt 0.00000000 0.00000000
vt 0.00000000 0.00000000
vt 0.00000000 0.00000000
vt 0.00000000 0.00000000
vt 0.00000000 0.00000000
vt 0.00000000 0.00000000
vt 0.00000000 0.00000000
vt 0.00000000 0.00000000
vt 0.00000000 0.00000000
vt 0.00000000 0.00000000
vt 0.00000000 0.00000000
vt 0.00000000 0.00000000
vt 0.00000000 0.00000000
vt 0.00000000 0.00000000
vt 0.00000000 0.00000000
vt 0.00000000 0.00000000
vt 0.00000000 0.00000000
vt 0.00000000 0.00000000
vt 0.00000000 0.00000000
vt 0.00000000 0.00000000
vt 0.00000000 0.00000000
vt 0.00000000 0.00000000
vt 0.00000000 0.00000000
vt 0.00000000 0.00000000
vt 0.00000000 0.00000000
vt 0.00000000 0.00000000
vt 0.00000000 0.00000000
vt 0.00000000 0.00000000
vt 0.00000000 0.00000000
vt 0.00000000 0.00000000
vt 0.00000000 0.00000000
vt 0.00000000 0.00000000
vt 0.00000000 0.00000000
vt 0.00000000 0.00000000
vt 0.00000000 0.00000000
vt 0.00000000 0.00000000
vt 0.00000000 0.00000000
vt 0.00000000 0.00000000
vt 0.00000000 0.00000000
vt 0.00000000 0.00000000
vt 0.00000000 0.00000000
vt 0.00000000 0.00000000
vt 0.00000000 0.00000000
vt 0.00000000 0.00000000
vt 0.00000000 0.00000000
vt 0.00000000 0.00000000
vt 0.00000000 0.00000000
vt 0.00000000 0.00000000
vt 0.00000000 0.00000000
vt 0.00000000 0.00000000
vt 0.00000000 0.00000000
vt 0.00000000 0.00000000
vt 0.00000000 0.00000000
vt 0.00000000 0.00000000
vt 0.00000000 0.00000000
vt 0.00000000 0.00000000
vt 0.00000000 0.00000000
vt 0.00000000 0.00000000
vt 0.00000000 0.00000000
vt 0.00000000 0.00000000
vt 0.00000000 0.00000000
vt 0.00000000 0.00000000
vt 0.00000000 0.00000000
vt 0.00000000 0.00000000
vt 0.00000000 0.00000000
vt 0.00000000 0.00000000
vt 0.00000000 0.00000000
vt 0.00000000 0.00000000
vt 0.00000000 0.00000000
vt 0.00000000 0.00000000
vt 0.00000000 0.00000000
vt 0.00000000 0.00000000
vt 0.00000000 0.00000000
vt 0.00000000 0.00000000
vt 0.00000000 0.00000000
vt 0.00000000 0.00000000
vt 0.00000000 0.00000000
vt 0.00000000 0.00000000
vt 0.00000000 0.00000000
vt 0.00000000 0.00000000
vt 0.00000000 0.00000000
vt 0.00000000 0.00000000
vt 0.00000000 0.00000000
vt 0.00000000 0.00000000
vt 0.00000000 0.00000000
vt 0.00000000 0.00000000
vt 0.00000000 0.00000000
vt 0.00000000 0.00000000
vt 0.00000000 0.00000000
vt 0.00000000 0.00000000
vt 0.00000000 0.00000000
vt 0.00000000 0.00000000
vt 0.00000000 0.00000000
vt 0.00000000 0.00000000
vt 0.00000000 0.00000000
vt 0.00000000 0.00000000
vt 0.00000000 0.00000000
vt 0.00000000 0.00000000
vt 0.00000000 0.00000000
vt 0.00000000 0.00000000
vt 0.00000000 0.00000000
vt 0.00000000 0.00000000
vt 0.00000000 0.00000000
vt 0.00000000 0.00000000
vt 0.00000000 0.00000000
vt 0.00000000 0.00000000
vt 0.00000000 0.00000000
vt 0.00000000 0.00000000
vt 0.00000000 0.00000000
vt 0.00000000 0.00000000
vt 0.00000000 0.00000000
vt 0.00000000 0.00000000
vt 0.00000000 0.00000000
vt 0.00000000 0.00000000
vt 0.00000000 0.00000000
vt 0.00000000 0.00000000
vt 0.00000000 0.00000000
vt 0.00000000 0.00000000
vt 0.00000000 0.00000000
vt 0.00000000 0.00000000
vt 0.00000000 0.00000000
vt 0.00000000 0.00000000
vt 0.00000000 0.00000000
vt 0.00000000 0.00000000
vt 0.00000000 0.00000000
vt 0.00000000 0.00000000
vt 0.00000000 0.00000000
vt 0.00000000 0.00000000
vt 0.00000000 0.00000000
vt 0.00000000 0.00000000
vt 0.00000000 0.00000000
vt 0.00000000 0.00000000
vt 0.00000000 0.00000000
vt 0.00000000 0.00000000
vt 0.00000000 0.00000000
vt 0.00000000 0.00000000
vt 0.00000000 0.00000000
vt 0.00000000 0.00000000
vt 0.00000000 0.00000000
vt 0.00000000 0.00000000
vt 0.00000000 0.00000000
vt 0.00000000 0.00000000
vt 0.00000000 0.00000000
vt 0.00000000 0.00000000
vt 0.00000000 0.00000000
vt 0.00000000 0.00000000
vt 0.00000000 0.00000000
vt 0.00000000 0.00000000
vt 0.00000000 0.00000000
vt 0.00000000 0.00000000
vt 0.00000000 0.00000000
vt 0.00000000 0.00000000
vt 0.00000000 0.00000000
vt 0.00000000 0.00000000
vt 0.00000000 0.00000000
vt 0.00000000 0.00000000
vt 0.00000000 0.00000000
vt 0.00000000 0.00000000
vt 0.00000000 0.00000000
vt 0.00000000 0.00000000
vt 0.00000000 0.00000000
vt 0.00000000 0.00000000
vt 0.00000000 0.00000000
vt 0.00000000 0.00000000
vt 0.00000000 0.00000000
vt 0.00000000 0.00000000
vt 0.00000000 0.00000000
vt 0.00000000 0.00000000
vt 0.00000000 0.00000000
vt 0.00000000 0.00000000
vt 0.00000000 0.00000000
vt 0.00000000 0.00000000
vt 0.00000000 0.00000000
vt 0.00000000 0.00000000
vt 0.00000000 0.00000000
vt 0.00000000 0.00000000
vt 0.00000000 0.00000000
vt 0.00000000 0.00000000
vt 0.00000000 0.00000000
vt 0.00000000 0.00000000
vt 0.00000000 0.00000000
vt 0.00000000 0.00000000
vt 0.00000000 0.00000000
vt 0.00000000 0.00000000
vt 0.00000000 0.00000000
vt 0.00000000 0.00000000
vt 0.00000000 0.00000000
vt 0.00000000 0.00000000
vt 0.00000000 0.00000000
vt 0.00000000 0.00000000
vt 0.00000000 0.00000000
vt 0.00000000 0.00000000
vt 0.00000000 0.00000000
vt 0.00000000 0.00000000
vt 0.00000000 0.00000000
vt 0.00000000 0.00000000
vt 0.00000000 0.00000000
vt 0.00000000 0.00000000
vt 0.00000000 0.00000000
vt 0.00000000 0.00000000
vt 0.00000000 0.00000000
vt 0.00000000 0.00000000
vt 0.00000000 0.00000000
vt 0.00000000 0.00000000
vt 0.00000000 0.00000000
vt 0.00000000 0.00000000
vt 0.00000000 0.00000000
vt 0.00000000 0.00000000
vt 0.00000000 0.00000000
vt 0.00000000 0.00000000
vt 0.00000000 0.00000000
vt 0.00000000 0.00000000
vt 0.00000000 0.00000000
vt 0.00000000 0.00000000
vt 0.00000000 0.00000000
vt 0.00000000 0.00000000
vt 0.00000000 0.00000000
vt 0.00000000 0.00000000
vt 0.00000000 0.00000000
vt 0.00000000 0.00000000
vt 0.00000000 0.00000000
vt 0.00000000 0.00000000
vt 0.00000000 0.00000000
vt 0.00000000 0.00000000
vt 0.00000000 0.00000000
vt 0.00000000 0.00000000
vt 0.00000000 0.00000000
vt 0.00000000 0.00000000
vt 0.00000000 0.00000000
vt 0.00000000 0.00000000
vt 0.00000000 0.00000000
vt 0.00000000 0.00000000
vt 0.00000000 0.00000000
vt 0.00000000 0.00000000
vt 0.00000000 0.00000000
vt 0.00000000 0.00000000
vt 0.00000000 0.00000000
vt 0.00000000 0.00000000
vt 0.00000000 0.00000000
vt 0.00000000 0.00000000
vt 0.00000000 0.00000000
vt 0.00000000 0.00000000
vt 0.00000000 0.00000000
vt 0.00000000 0.00000000
vt 0.00000000 0.00000000
vt 0.00000000 0.00000000
vt 0.00000000 0.00000000
vt 0.00000000 0.00000000
vt 0.00000000 0.00000000
vt 0.00000000 0.00000000
vt 0.00000000 0.00000000
vt 0.00000000 0.00000000
vt 0.00000000 0.00000000
vt 0.00000000 0.00000000
vt 0.00000000 0.00000000
vt 0.00000000 0.00000000
vt 0.00000000 0.00000000
vt 0.00000000 0.00000000
vt 0.00000000 0.00000000
vt 0.00000000 0.00000000
vt 0.00000000 0.00000000
vt 0.00000000 0.00000000
vt 0.00000000 0.00000000
vt 0.00000000 0.00000000
vt 0.00000000 0.00000000
vt 0.00000000 0.00000000
vt 0.00000000 0.00000000
vt 0.00000000 0.00000000
vt 0.00000000 0.00000000
vt 0.00000000 0.00000000
vt 0.00000000 0.00000000
vt 0.00000000 0.00000000
vt 0.00000000 0.00000000
vt 0.00000000 0.00000000
vt 0.00000000 0.00000000
vt 0.00000000 0.00000000
vt 0.00000000 0.00000000
vt 0.00000000 0.00000000
vt 0.00000000 0.00000000
vt 0.00000000 0.00000000
vt 0.00000000 0.00000000
vt 0.00000000 0.00000000
vt 0.00000000 0.00000000
vt 0.00000000 0.00000000
vt 0.00000000 0.00000000
vt 0.00000000 0.00000000
vt 0.00000000 0.00000000
vt 0.00000000 0.00000000
vt 0.00000000 0.00000000
vt 0.00000000 0.00000000
vt 0.00000000 0.00000000
vt 0.00000000 0.00000000
vt 0.00000000 0.00000000
vt 0.00000000 0.00000000
vt 0.00000000 0.00000000
vt 0.00000000 0.00000000
vt 0.00000000 0.00000000
vt 0.00000000 0.00000000
vt 0.00000000 0.00000000
vt 0.00000000 0.00000000
vt 0.00000000 0.00000000
vt 0.00000000 0.00000000
vt 0.00000000 0.00000000
vt 0.00000000 0.00000000
vt 0.00000000 0.00000000
vt 0.00000000 0.00000000
vt 0.00000000 0.00000000
vt 0.00000000 0.00000000
vt 0.00000000 0.00000000
vt 0.00000000 0.00000000
vt 0.00000000 0.00000000
vt 0.00000000 0.00000000
vt 0.00000000 0.00000000
vt 0.00000000 0.00000000
vt 0.00000000 0.00000000
vt 0.00000000 0.00000000
vt 0.00000000 0.00000000
vt 0.00000000 0.00000000
vt 0.00000000 0.00000000
vt 0.00000000 0.00000000
vt 0.00000000 0.00000000
vt 0.00000000 0.00000000
vt 0.00000000 0.00000000
vt 0.00000000 0.00000000
vt 0.00000000 0.00000000
vt 0.00000000 0.00000000
vt 0.00000000 0.00000000
vt 0.00000000 0.00000000
vt 0.00000000 0.00000000
vt 0.00000000 0.00000000
vt 0.00000000 0.00000000
vt 0.00000000 0.00000000
vt 0.00000000 0.00000000
vt 0.00000000 0.00000000
vt 0.00000000 0.00000000
vt 0.00000000 0.00000000
vt 0.00000000 0.00000000
vt 0.00000000 0.00000000
vt 0.00000000 0.00000000
vt 0.00000000 0.00000000
vt 0.00000000 0.00000000
vt 0.00000000 0.00000000
vt 0.00000000 0.00000000
vt 0.00000000 0.00000000
vt 0.00000000 0.00000000
vt 0.00000000 0.00000000
vt 0.00000000 0.00000000
vt 0.00000000 0.00000000
vt 0.00000000 0.00000000
vt 0.00000000 0.00000000
vt 0.00000000 0.00000000
vt 0.00000000 0.00000000
vt 0.00000000 0.00000000
vt 0.00000000 0.00000000
vt 0.00000000 0.00000000
vt 0.00000000 0.00000000
vt 0.00000000 0.00000000
vt 0.00000000 0.00000000
vt 0.00000000 0.00000000
vt 0.00000000 0.00000000
vt 0.00000000 0.00000000
vt 0.00000000 0.00000000
vt 0.00000000 0.00000000
vt 0.00000000 0.00000000
vt 0.00000000 0.00000000
vt 0.00000000 0.00000000
vt 0.00000000 0.00000000
vt 0.00000000 0.00000000
vt 0.00000000 0.00000000
vt 0.00000000 0.00000000
vt 0.00000000 0.00000000
vt 0.00000000 0.00000000
vt 0.00000000 0.00000000
vt 0.00000000 0.00000000
vt 0.00000000 0.00000000
vt 0.00000000 0.00000000
vt 0.00000000 0.00000000
vt 0.00000000 0.00000000
vt 0.00000000 0.00000000
vt 0.00000000 0.00000000
vt 0.00000000 0.00000000
vt 0.00000000 0.00000000
vt 0.00000000 0.00000000
vt 0.00000000 0.00000000
vt 0.00000000 0.00000000
vt 0.00000000 0.00000000
vt 0.00000000 0.00000000
vt 0.00000000 0.00000000
vt 0.00000000 0.00000000
vt 0.00000000 0.00000000
vt 0.00000000 0.00000000
vt 0.00000000 0.00000000
vt 0.00000000 0.00000000
vt 0.00000000 0.00000000
vt 0.00000000 0.00000000
vt 0.00000000 0.00000000
vt 0.00000000 0.00000000
vt 0.00000000 0.00000000
vt 0.00000000 0.00000000
vt 0.00000000 0.00000000
vt 0.00000000 0.00000000
vt 0.00000000 0.00000000
vt 0.00000000 0.00000000
vt 0.00000000 0.00000000
vt 0.00000000 0.00000000
vt 0.00000000 0.00000000
vt 0.00000000 0.00000000
vt 0.00000000 0.00000000
vt 0.00000000 0.00000000
vt 0.00000000 0.00000000
vt 0.00000000 0.00000000
vt 0.00000000 0.00000000
vt 0.00000000 0.00000000
vt 0.00000000 0.00000000
vt 0.00000000 0.00000000
vt 0.00000000 0.00000000
vt 0.00000000 0.00000000
vt 0.00000000 0.00000000
vt 0.00000000 0.00000000
vt 0.00000000 0.00000000
vt 0.00000000 0.00000000
vt 0.00000000 0.00000000
vt 0.00000000 0.00000000
vt 0.00000000 0.00000000
vt 0.00000000 0.00000000
vt 0.00000000 0.00000000
vt 0.00000000 0.00000000
vt 0.00000000 0.00000000
vt 0.00000000 0.00000000
vt 0.00000000 0.00000000
vt 0.00000000 0.00000000
vt 0.00000000 0.00000000
vt 0.00000000 0.00000000
vt 0.00000000 0.00000000
vt 0.00000000 0.00000000
vt 0.00000000 0.00000000
vt 0.00000000 0.00000000
vt 0.00000000 0.00000000
vt 0.00000000 0.00000000
vt 0.00000000 0.00000000
vt 0.00000000 0.00000000
vt 0.00000000 0.00000000
vt 0.00000000 0.00000000
vt 0.00000000 0.00000000
vt 0.00000000 0.00000000
vt 0.00000000 0.00000000
vt 0.00000000 0.00000000
vt 0.00000000 0.00000000
vt 0.00000000 0.00000000
vt 0.00000000 0.00000000
vt 0.00000000 0.00000000
vt 0.00000000 0.00000000
vt 0.00000000 0.00000000
vt 0.00000000 0.00000000
vt 0.00000000 0.00000000
vt 0.00000000 0.00000000
vt 0.00000000 0.00000000
vt 0.00000000 0.00000000
vt 0.00000000 0.00000000
vt 0.00000000 0.00000000
vt 0.00000000 0.00000000
vt 0.00000000 0.00000000
vt 0.00000000 0.00000000
vt 0.00000000 0.00000000
vt 0.00000000 0.00000000
vt 0.00000000 0.00000000
vt 0.00000000 0.00000000
vt 0.00000000 0.00000000
vt 0.00000000 0.00000000
vt 0.00000000 0.00000000
vt 0.00000000 0.00000000
vt 0.00000000 0.00000000
vt 0.00000000 0.00000000
vt 0.00000000 0.00000000
vt 0.00000000 0.00000000
vt 0.00000000 0.00000000
vt 0.00000000 0.00000000
vt 0.00000000 0.00000000
vt 0.00000000 0.00000000
vt 0.00000000 0.00000000
vt 0.00000000 0.00000000
vt 0.00000000 0.00000000
vt 0.00000000 0.00000000
vt 0.00000000 0.00000000
vt 0.00000000 0.00000000
vt 0.00000000 0.00000000
vt 0.00000000 0.00000000
vt 0.00000000 0.00000000
vt 0.00000000 0.00000000
vt 0.00000000 0.00000000
vt 0.00000000 0.00000000
vt 0.00000000 0.00000000
vt 0.00000000 0.00000000
vt 0.00000000 0.00000000
vt 0.00000000 0.00000000
vt 0.00000000 0.00000000
vt 0.00000000 0.00000000
vt 0.00000000 0.00000000
vt 0.00000000 0.00000000
vt 0.00000000 0.00000000
vt 0.00000000 0.00000000
vt 0.00000000 0.00000000
vt 0.00000000 0.00000000
vt 0.00000000 0.00000000
vt 0.00000000 0.00000000
vt 0.00000000 0.00000000
vt 0.00000000 0.00000000
vt 0.00000000 0.00000000
vt 0.00000000 0.00000000
vt 0.00000000 0.00000000
vt 0.00000000 0.00000000
vt 0.00000000 0.00000000
vt 0.00000000 0.00000000
vt 0.00000000 0.00000000
vt 0.00000000 0.00000000
vt 0.00000000 0.00000000
vt 0.00000000 0.00000000
vt 0.00000000 0.00000000
vt 0.00000000 0.00000000
vt 0.00000000 0.00000000
vt 0.00000000 0.00000000
vt 0.00000000 0.00000000
vt 0.00000000 0.00000000
vt 0.00000000 0.00000000
vt 0.00000000 0.00000000
vt 0.00000000 0.00000000
vt 0.00000000 0.00000000
vt 0.00000000 0.00000000
vt 0.00000000 0.00000000
vt 0.00000000 0.00000000
vt 0.00000000 0.00000000
vt 0.00000000 0.00000000
vt 0.00000000 0.00000000
vt 0.00000000 0.00000000
vt 0.00000000 0.00000000
vt 0.00000000 0.00000000
vt 0.00000000 0.00000000
vt 0.00000000 0.00000000
f 2/2/2 211/211/211 601/601/601
f 211/211/211 1/1/1 327/327/327
f 601/601/601 327/327/327 31/31/31
f 329/329/329 601/601/601 242/242/242
f 4/4/4 213/213/213 602/602/602
f 213/213/213 3/3/3 330/330/330
f 602/602/602 330/330/330 35/35/35
f 331/331/331 602/602/602 248/248/248
f 29/29/29 236/236/236 603/603/603
f 236/236/236 28/28/28 355/355/355
f 603/603/603 355/355/355 85/85/85
f 356/356/356 603/603/603 321/321/321
f 16/16/16 223/223/223 604/604/604
f 223/223/223 15/15/15 342/342/342
f 604/604/604 342/342/342 59/59/59
f 343/343/343 604/604/604 282/282/282
f 5/5/5 214/214/214 605/605/605
f 214/214/214 4/4/4 331/331/331
f 605/605/605 331/331/331 37/37/37
f 332/332/332 605/605/605 251/251/251
f 30/30/30 237/237/237 606/606/606
f 237/237/237 29/29/29 356/356/356
f 606/606/606 356/356/356 87/87/87
f 328/328/328 606/606/606 324/324/324
f 17/17/17 224/224/224 607/607/607
f 224/224/224 16/16/16 343/343/343
f 607/607/607 343/343/343 61/61/61
f 344/344/344 607/607/607 285/285/285
f 6/6/6 215/215/215 608/608/608
f 215/215/215 5/5/5 332/332/332
f 608/608/608 332/332/332 39/39/39
f 333/333/333 608/608/608 254/254/254
f 18/18/18 225/225/225 609/609/609
f 225/225/225 17/17/17 344/344/344
f 609/609/609 344/344/344 63/63/63
f 345/345/345 609/609/609 288/288/288
f 7/7/7 216/216/216 610/610/610
f 216/216/216 6/6/6 333/333/333
f 610/610/610 333/333/333 41/41/41
f 334/334/334 610/610/610 257/257/257
f 19/19/19 226/226/226 611/611/611
f 226/226/226 18/18/18 345/345/345
f 611/611/611 345/345/345 65/65/65
f 346/346/346 611/611/611 291/291/291
f 8/8/8 217/217/217 612/612/612
f 217/217/217 7/7/7 334/334/334
f 612/612/612 334/334/334 43/43/43
f 335/335/335 612/612/612 260/260/260
f 20/20/20 227/227/227 613/613/613
f 227/227/227 19/19/19 346/346/346
f 613/613/613 346/346/346 67/67/67
f 347/347/347 613/613/613 294/294/294
f 9/9/9 218/218/218 614/614/614
f 218/218/218 8/8/8 335/335/335
f 614/614/614 335/335/335 45/45/45
f 336/336/336 614/614/614 263/263/263
f 21/21/21 228/228/228 615/615/615
f 228/228/228 20/20/20 347/347/347
f 615/615/615 347/347/347 69/69/69
f 348/348/348 615/615/615 297/297/297
f 10/10/10 219/219/219 616/616/616
f 219/219/219 9/9/9 336/336/336
f 616/616/616 336/336/336 47/47/47
f 337/337/337 616/616/616 266/266/266
f 22/22/22 229/229/229 617/617/617
f 229/229/229 21/21/21 348/348/348
f 617/617/617 348/348/348 71/71/71
f 349/349/349 617/617/617 300/300/300
f 11/11/11 220/220/220 618/618/618
f 220/220/220 10/10/10 337/337/337
f 618/618/618 337/337/337 49/49/49
f 338/338/338 618/618/618 269/269/269
f 23/23/23 230/230/230 619/619/619
f 230/230/230 22/22/22 349/349/349
f 619/619/619 349/349/349 73/73/73
f 350/350/350 619/619/619 303/303/303
f 24/24/24 231/231/231 620/620/620
f 231/231/231 23/23/23 350/350/350
f 620/620/620 350/350/350 75/75/75
f 351/351/351 620/620/620 306/306/306
f 12/12/12 357/357/357 621/621/621
f 357/357/357 11/11/11 338/338/338
f 621/621/621 338/338/338 51/51/51
f 339/339/339 621/621/621 277/277/277
f 25/25/25 232/232/232 622/622/622
f 232/232/232 24/24/24 351/351/351
f 622/622/622 351/351/351 77/77/77
f 352/352/352 622/622/622 309/309/309
f 13/13/13 221/221/221 623/623/623
f 221/221/221 12/12/12 339/339/339
f 623/623/623 339/339/339 53/53/53
f 340/340/340 623/623/623 273/273/273
f 26/26/26 233/233/233 624/624/624
f 233/233/233 25/25/25 352/352/352
f 624/624/624 352/352/352 79/79/79
f 353/353/353 624/624/624 312/312/312
f 14/14/14 222/222/222 625/625/625
f 222/222/222 13/13/13 340/340/340
f 625/625/625 340/340/340 55/55/55
f 341/341/341 625/625/625 276/276/276
f 1/1/1 238/238/238 626/626/626
f 238/238/238 30/30/30 328/328/328
f 626/626/626 328/328/328 89/89/89
f 327/327/327 626/626/626 326/326/326
f 27/27/27 234/234/234 627/627/627
f 234/234/234 26/26/26 353/353/353
f 627/627/627 353/353/353 81/81/81
f 354/354/354 627/627/627 315/315/315
f 15/15/15 358/358/358 628/628/628
f 358/358/358 14/14/14 341/341/341
f 628/628/628 341/341/341 57/57/57
f 342/342/342 628/628/628 360/360/360
f 3/3/3 212/212/212 629/629/629
f 212/212/212 2/2/2 329/329/329
f 629/629/629 329/329/329 33/33/33
f 330/330/330 629/629/629 245/245/245
f 28/28/28 235/235/235 630/630/630
f 235/235/235 27/27/27 354/354/354
f 630/630/630 354/354/354 83/83/83
f 355/355/355 630/630/630 318/318/318
f 34/34/34 240/240/240 631/631/631
f 240/240/240 33/33/33 242/242/242
f 631/631/631 242/242/242 31/31/31
f 239/239/239 631/631/631 241/241/241
f 36/36/36 244/244/244 632/632/632
f 244/244/244 35/35/35 245/245/245
f 632/632/632 245/245/245 33/33/33
f 243/243/243 632/632/632 240/240/240
f 38/38/38 247/247/247 633/633/633
f 247/247/247 37/37/37 248/248/248
f 633/633/633 248/248/248 35/35/35
f 246/246/246 633/633/633 244/244/244
f 40/40/40 250/250/250 634/634/634
f 250/250/250 39/39/39 251/251/251
f 634/634/634 251/251/251 37/37/37
f 249/249/249 634/634/634 247/247/247
f 42/42/42 253/253/253 635/635/635
f 253/253/253 41/41/41 254/254/254
f 635/635/635 254/254/254 39/39/39
f 252/252/252 635/635/635 250/250/250
f 44/44/44 256/256/256 636/636/636
f 256/256/256 43/43/43 257/257/257
f 636/636/636 257/257/257 41/41/41
f 255/255/255 636/636/636 253/253/253
f 46/46/46 259/259/259 637/637/637
f 259/259/259 45/45/45 260/260/260
f 637/637/637 260/260/260 43/43/43
f 258/258/258 637/637/637 256/256/256
f 48/48/48 262/262/262 638/638/638
f 262/262/262 47/47/47 263/263/263
f 638/638/638 263/263/263 45/45/45
f 261/261/261 638/638/638 259/259/259
f 50/50/50 265/265/265 639/639/639
f 265/265/265 49/49/49 266/266/266
f 639/639/639 266/266/266 47/47/47
f 264/264/264 639/639/639 262/262/262
f 52/52/52 268/268/268 640/640/640
f 268/268/268 51/51/51 269/269/269
f 640/640/640 269/269/269 49/49/49
f 267/267/267 640/640/640 265/265/265
f 54/54/54 270/270/270 641/641/641
f 270/270/270 53/53/53 277/277/277
f 641/641/641 277/277/277 51/51/51
f 279/279/279 641/641/641 268/268/268
f 56/56/56 272/272/272 642/642/642
f 272/272/272 55/55/55 273/273/273
f 642/642/642 273/273/273 53/53/53
f 271/271/271 642/642/642 270/270/270
f 58/58/58 275/275/275 643/643/643
f 275/275/275 57/57/57 276/276/276
f 643/643/643 276/276/276 55/55/55
f 274/274/274 643/643/643 272/272/272
f 60/60/60 278/278/278 644/644/644
f 278/278/278 59/59/59 360/360/360
f 644/644/644 360/360/360 57/57/57
f 359/359/359 644/644/644 275/275/275
f 62/62/62 281/281/281 645/645/645
f 281/281/281 61/61/61 282/282/282
f 645/645/645 282/282/282 59/59/59
f 280/280/280 645/645/645 278/278/278
f 64/64/64 284/284/284 646/646/646
f 284/284/284 63/63/63 285/285/285
f 646/646/646 285/285/285 61/61/61
f 283/283/283 646/646/646 281/281/281
f 66/66/66 287/287/287 647/647/647
f 287/287/287 65/65/65 288/288/288
f 647/647/647 288/288/288 63/63/63
f 286/286/286 647/647/647 284/284/284
f 68/68/68 290/290/290 648/648/648
f 290/290/290 67/67/67 291/291/291
f 648/648/648 291/291/291 65/65/65
f 289/289/289 648/648/648 287/287/287
f 70/70/70 293/293/293 649/649/649
f 293/293/293 69/69/69 294/294/294
f 649/649/649 294/294/294 67/67/67
f 292/292/292 649/649/649 290/290/290
f 72/72/72 296/296/296 650/650/650
f 296/296/296 71/71/71 297/297/297
f 650/650/650 297/297/297 69/69/69
f 295/295/295 650/650/650 293/293/293
f 74/74/74 299/299/299 651/651/651
f 299/299/299 73/73/73 300/300/300
f 651/651/651 300/300/300 71/71/71
f 298/298/298 651/651/651 296/296/296
f 76/76/76 302/302/302 652/652/652
f 302/302/302 75/75/75 303/303/303
f 652/652/652 303/303/303 73/73/73
f 301/301/301 652/652/652 299/299/299
f 78/78/78 305/305/305 653/653/653
f 305/305/305 77/77/77 306/306/306
f 653/653/653 306/306/306 75/75/75
f 304/304/304 653/653/653 302/302/302
f 80/80/80 308/308/308 654/654/654
f 308/308/308 79/79/79 309/309/309
f 654/654/654 309/309/309 77/77/77
f 307/307/307 654/654/654 305/305/305
f 82/82/82 311/311/311 655/655/655
f 311/311/311 81/81/81 312/312/312
f 655/655/655 312/312/312 79/79/79
f 310/310/310 655/655/655 308/308/308
f 84/84/84 314/314/314 656/656/656
f 314/314/314 83/83/83 315/315/315
f 656/656/656 315/315/315 81/81/81
f 313/313/313 656/656/656 311/311/311
f 86/86/86 317/317/317 657/657/657
f 317/317/317 85/85/85 318/318/318
f 657/657/657 318/318/318 83/83/83
f 316/316/316 657/657/657 314/314/314
f 88/88/88 320/320/320 658/658/658
f 320/320/320 87/87/87 321/321/321
f 658/658/658 321/321/321 85/85/85
f 319/319/319 658/658/658 317/317/317
f 90/90/90 323/323/323 659/659/659
f 323/323/323 89/89/89 324/324/324
f 659/659/659 324/324/324 87/87/87
f 322/322/322 659/659/659 320/320/320
f 32/32/32 241/241/241 660/660/660
f 241/241/241 31/31/31 326/326/326
f 660/660/660 326/326/326 89/89/89
f 325/325/325 660/660/660 323/323/323
f 29/29/29 571/571/571 661/661/661
f 571/571/571 209/209/209 536/536/536
f 661/661/661 536/536/536 208/208/208
f 236/236/236 661/661/661 572/572/572
f 16/16/16 573/573/573 662/662/662
f 573/573/573 200/200/200 529/529/529
f 662/662/662 529/529/529 199/199/199
f 223/223/223 662/662/662 574/574/574
f 30/30/30 575/575/575 663/663/663
f 575/575/575 210/210/210 537/537/537
f 663/663/663 537/537/537 209/209/209
f 237/237/237 663/663/663 571/571/571
f 17/17/17 366/366/366 664/664/664
f 366/366/366 99/99/99 565/565/565
f 664/664/664 565/565/565 200/200/200
f 224/224/224 664/664/664 573/573/573
f 2/2/2 367/367/367 665/665/665
f 367/367/367 92/92/92 361/361/361
f 665/665/665 361/361/361 91/91/91
f 211/211/211 665/665/665 368/368/368
f 1/1/1 368/368/368 666/666/666
f 368/368/368 91/91/91 569/569/569
f 666/666/666 569/569/569 210/210/210
f 238/238/238 666/666/666 575/575/575
f 18/18/18 369/369/369 667/667/667
f 369/369/369 100/100/100 364/364/364
f 667/667/667 364/364/364 99/99/99
f 225/225/225 667/667/667 366/366/366
f 3/3/3 370/370/370 668/668/668
f 370/370/370 93/93/93 362/362/362
f 668/668/668 362/362/362 92/92/92
f 212/212/212 668/668/668 367/367/367
f 19/19/19 576/576/576 669/669/669
f 576/576/576 201/201/201 566/566/566
f 669/669/669 566/566/566 100/100/100
f 226/226/226 669/669/669 369/369/369
f 4/4/4 577/577/577 670/670/670
f 577/577/577 193/193/193 557/557/557
f 670/670/670 557/557/557 93/93/93
f 213/213/213 670/670/670 370/370/370
f 20/20/20 371/371/371 671/671/671
f 371/371/371 101/101/101 567/567/567
f 671/671/671 567/567/567 201/201/201
f 227/227/227 671/671/671 576/576/576
f 5/5/5 578/578/578 672/672/672
f 578/578/578 194/194/194 528/528/528
f 672/672/672 528/528/528 193/193/193
f 214/214/214 672/672/672 577/577/577
f 21/21/21 372/372/372 673/673/673
f 372/372/372 102/102/102 365/365/365
f 673/673/673 365/365/365 101/101/101
f 228/228/228 673/673/673 371/371/371
f 15/15/15 574/574/574 674/674/674
f 574/574/574 199/199/199 538/538/538
f 674/674/674 538/538/538 198/198/198
f 358/358/358 674/674/674 579/579/579
f 6/6/6 373/373/373 675/675/675
f 373/373/373 94/94/94 558/558/558
f 675/675/675 558/558/558 194/194/194
f 215/215/215 675/675/675 578/578/578
f 22/22/22 580/580/580 676/676/676
f 580/580/580 202/202/202 568/568/568
f 676/676/676 568/568/568 102/102/102
f 229/229/229 676/676/676 372/372/372
f 7/7/7 374/374/374 677/677/677
f 374/374/374 95/95/95 363/363/363
f 677/677/677 363/363/363 94/94/94
f 216/216/216 677/677/677 373/373/373
f 23/23/23 581/581/581 678/678/678
f 581/581/581 203/203/203 530/530/530
f 678/678/678 530/530/530 202/202/202
f 230/230/230 678/678/678 580/580/580
f 8/8/8 582/582/582 679/679/679
f 582/582/582 195/195/195 559/559/559
f 679/679/679 559/559/559 95/95/95
f 217/217/217 679/679/679 374/374/374
f 24/24/24 583/583/583 680/680/680
f 583/583/583 204/204/204 531/531/531
f 680/680/680 531/531/531 203/203/203
f 231/231/231 680/680/680 581/581/581
f 9/9/9 375/375/375 681/681/681
f 375/375/375 96/96/96 560/560/560
f 681/681/681 560/560/560 195/195/195
f 218/218/218 681/681/681 582/582/582
f 25/25/25 584/584/584 682/682/682
f 584/584/584 205/205/205 532/532/532
f 682/682/682 532/532/532 204/204/204
f 232/232/232 682/682/682 583/583/583
f 10/10/10 585/585/585 683/683/683
f 585/585/585 196/196/196 561/561/561
f 683/683/683 561/561/561 96/96/96
f 219/219/219 683/683/683 375/375/375
f 26/26/26 586/586/586 684/684/684
f 586/586/586 206/206/206 533/533/533
f 684/684/684 533/533/533 205/205/205
f 233/233/233 684/684/684 584/584/584
f 11/11/11 376/376/376 685/685/685
f 376/376/376 97/97/97 562/562/562
f 685/685/685 562/562/562 196/196/196
f 220/220/220 685/685/685 585/585/585
f 27/27/27 587/587/587 686/686/686
f 587/587/587 207/207/207 534/534/534
f 686/686/686 534/534/534 206/206/206
f 234/234/234 686/686/686 586/586/586
f 13/13/13 377/377/377 687/687/687
f 377/377/377 98/98/98 563/563/563
f 687/687/687 563/563/563 197/197/197
f 221/221/221 687/687/687 588/588/588
f 28/28/28 572/572/572 688/688/688
f 572/572/572 208/208/208 535/535/535
f 688/688/688 535/535/535 207/207/207
f 235/235/235 688/688/688 587/587/587
f 12/12/12 588/588/588 689/689/689
f 588/588/588 197/197/197 570/570/570
f 689/689/689 570/570/570 97/97/97
f 357/357/357 689/689/689 376/376/376
f 14/14/14 579/579/579 690/690/690
f 579/579/579 198/198/198 564/564/564
f 690/690/690 564/564/564 98/98/98
f 222/222/222 690/690/690 377/377/377
f 104/104/104 496/496/496 691/691/691
f 496/496/496 135/135/135 409/409/409
f 691/691/691 409/409/409 133/133/133
f 378/378/378 691/691/691 494/494/494
f 106/106/106 498/498/498 692/692/692
f 498/498/498 139/139/139 415/415/415
f 692/692/692 415/415/415 137/137/137
f 380/380/380 692/692/692 497/497/497
f 131/131/131 523/523/523 693/693/693
f 523/523/523 189/189/189 488/488/488
f 693/693/693 488/488/488 187/187/187
f 403/403/403 693/693/693 522/522/522
f 118/118/118 510/510/510 694/694/694
f 510/510/510 163/163/163 449/449/449
f 694/694/694 449/449/449 161/161/161
f 390/390/390 694/694/694 509/509/509
f 107/107/107 499/499/499 695/695/695
f 499/499/499 141/141/141 418/418/418
f 695/695/695 418/418/418 139/139/139
f 381/381/381 695/695/695 498/498/498
f 132/132/132 495/495/495 696/696/696
f 495/495/495 191/191/191 491/491/491
f 696/696/696 491/491/491 189/189/189
f 404/404/404 696/696/696 523/523/523
f 119/119/119 511/511/511 697/697/697
f 511/511/511 165/165/165 452/452/452
f 697/697/697 452/452/452 163/163/163
f 391/391/391 697/697/697 510/510/510
f 108/108/108 500/500/500 698/698/698
f 500/500/500 143/143/143 421/421/421
f 698/698/698 421/421/421 141/141/141
f 382/382/382 698/698/698 499/499/499
f 120/120/120 512/512/512 699/699/699
f 512/512/512 167/167/167 455/455/455
f 699/699/699 455/455/455 165/165/165
f 392/392/392 699/699/699 511/511/511
f 109/109/109 501/501/501 700/700/700
f 501/501/501 145/145/145 424/424/424
f 700/700/700 424/424/424 143/143/143
f 383/383/383 700/700/700 500/500/500
f 121/121/121 513/513/513 701/701/701
f 513/513/513 169/169/169 458/458/458
f 701/701/701 458/458/458 167/167/167
f 393/393/393 701/701/701 512/512/512
f 110/110/110 502/502/502 702/702/702
f 502/502/502 147/147/147 427/427/427
f 702/702/702 427/427/427 145/145/145
f 384/384/384 702/702/702 501/501/501
f 122/122/122 514/514/514 703/703/703
f 514/514/514 171/171/171 461/461/461
f 703/703/703 461/461/461 169/169/169
f 394/394/394 703/703/703 513/513/513
f 111/111/111 503/503/503 704/704/704
f 503/503/503 149/149/149 430/430/430
f 704/704/704 430/430/430 147/147/147
f 385/385/385 704/704/704 502/502/502
f 123/123/123 515/515/515 705/705/705
f 515/515/515 173/173/173 464/464/464
f 705/705/705 464/464/464 171/171/171
f 395/395/395 705/705/705 514/514/514
f 112/112/112 504/504/504 706/706/706
f 504/504/504 151/151/151 433/433/433
f 706/706/706 433/433/433 149/149/149
f 386/386/386 706/706/706 503/503/503
f 124/124/124 516/516/516 707/707/707
f 516/516/516 175/175/175 467/467/467
f 707/707/707 467/467/467 173/173/173
f 396/396/396 707/707/707 515/515/515
f 113/113/113 505/505/505 708/708/708
f 505/505/505 153/153/153 436/436/436
f 708/708/708 436/436/436 151/151/151
f 387/387/387 708/708/708 504/504/504
f 125/125/125 517/517/517 709/709/709
f 517/517/517 177/177/177 470/470/470
f 709/709/709 470/470/470 175/175/175
f 397/397/397 709/709/709 516/516/516
f 126/126/126 518/518/518 710/710/710
f 518/518/518 179/179/179 473/473/473
f 710/710/710 473/473/473 177/177/177
f 398/398/398 710/710/710 517/517/517
f 114/114/114 506/506/506 711/711/711
f 506/506/506 155/155/155 444/444/444
f 711/711/711 444/444/444 153/153/153
f 524/524/524 711/711/711 505/505/505
f 127/127/127 519/519/519 712/712/712
f 519/519/519 181/181/181 476/476/476
f 712/712/712 476/476/476 179/179/179
f 399/399/399 712/712/712 518/518/518
f 115/115/115 507/507/507 713/713/713
f 507/507/507 157/157/157 440/440/440
f 713/713/713 440/440/440 155/155/155
f 388/388/388 713/713/713 506/506/506
f 128/128/128 520/520/520 714/714/714
f 520/520/520 183/183/183 479/479/479
f 714/714/714 479/479/479 181/181/181
f 400/400/400 714/714/714 519/519/519
f 116/116/116 508/508/508 715/715/715
f 508/508/508 159/159/159 443/443/443
f 715/715/715 443/443/443 157/157/157
f 389/389/389 715/715/715 507/507/507
f 103/103/103 494/494/494 716/716/716
f 494/494/494 133/133/133 493/493/493
f 716/716/716 493/493/493 191/191/191
f 405/405/405 716/716/716 495/495/495
f 129/129/129 521/521/521 717/717/717
f 521/521/521 185/185/185 482/482/482
f 717/717/717 482/482/482 183/183/183
f 401/401/401 717/717/717 520/520/520
f 117/117/117 509/509/509 718/718/718
f 509/509/509 161/161/161 527/527/527
f 718/718/718 527/527/527 159/159/159
f 525/525/525 718/718/718 508/508/508
f 105/105/105 497/497/497 719/719/719
f 497/497/497 137/137/137 412/412/412
f 719/719/719 412/412/412 135/135/135
f 379/379/379 719/719/719 496/496/496
f 130/130/130 522/522/522 720/720/720
f 522/522/522 187/187/187 485/485/485
f 720/720/720 485/485/485 185/185/185
f 402/402/402 720/720/720 521/521/521
f 136/136/136 406/406/406 721/721/721
f 406/406/406 134/134/134 408/408/408
f 721/721/721 408/408/408 133/133/133
f 407/407/407 721/721/721 409/409/409
f 138/138/138 410/410/410 722/722/722
f 410/410/410 136/136/136 407/407/407
f 722/722/722 407/407/407 135/135/135
f 411/411/411 722/722/722 412/412/412
f 140/140/140 413/413/413 723/723/723
f 413/413/413 138/138/138 411/411/411
f 723/723/723 411/411/411 137/137/137
f 414/414/414 723/723/723 415/415/415
f 142/142/142 416/416/416 724/724/724
f 416/416/416 140/140/140 414/414/414
f 724/724/724 414/414/414 139/139/139
f 417/417/417 724/724/724 418/418/418
f 144/144/144 419/419/419 725/725/725
f 419/419/419 142/142/142 417/417/417
f 725/725/725 417/417/417 141/141/141
f 420/420/420 725/725/725 421/421/421
f 146/146/146 422/422/422 726/726/726
f 422/422/422 144/144/144 420/420/420
f 726/726/726 420/420/420 143/143/143
f 423/423/423 726/726/726 424/424/424
f 148/148/148 425/425/425 727/727/727
f 425/425/425 146/146/146 423/423/423
f 727/727/727 423/423/423 145/145/145
f 426/426/426 727/727/727 427/427/427
f 150/150/150 428/428/428 728/728/728
f 428/428/428 148/148/148 426/426/426
f 728/728/728 426/426/426 147/147/147
f 429/429/429 728/728/728 430/430/430
f 152/152/152 431/431/431 729/729/729
f 431/431/431 150/150/150 429/429/429
f 729/729/729 429/429/429 149/149/149
f 432/432/432 729/729/729 433/433/433
f 154/154/154 434/434/434 730/730/730
f 434/434/434 152/152/152 432/432/432
f 730/730/730 432/432/432 151/151/151
f 435/435/435 730/730/730 436/436/436
f 156/156/156 446/446/446 731/731/731
f 446/446/446 154/154/154 435/435/435
f 731/731/731 435/435/435 153/153/153
f 437/437/437 731/731/731 444/444/444
f 158/158/158 438/438/438 732/732/732
f 438/438/438 156/156/156 437/437/437
f 732/732/732 437/437/437 155/155/155
f 439/439/439 732/732/732 440/440/440
f 160/160/160 441/441/441 733/733/733
f 441/441/441 158/158/158 439/439/439
f 733/733/733 439/439/439 157/157/157
f 442/442/442 733/733/733 443/443/443
f 162/162/162 526/526/526 734/734/734
f 526/526/526 160/160/160 442/442/442
f 734/734/734 442/442/442 159/159/159
f 445/445/445 734/734/734 527/527/527
f 164/164/164 447/447/447 735/735/735
f 447/447/447 162/162/162 445/445/445
f 735/735/735 445/445/445 161/161/161
f 448/448/448 735/735/735 449/449/449
f 166/166/166 450/450/450 736/736/736
f 450/450/450 164/164/164 448/448/448
f 736/736/736 448/448/448 163/163/163
f 451/451/451 736/736/736 452/452/452
f 168/168/168 453/453/453 737/737/737
f 453/453/453 166/166/166 451/451/451
f 737/737/737 451/451/451 165/165/165
f 454/454/454 737/737/737 455/455/455
f 170/170/170 456/456/456 738/738/738
f 456/456/456 168/168/168 454/454/454
f 738/738/738 454/454/454 167/167/167
f 457/457/457 738/738/738 458/458/458
f 172/172/172 459/459/459 739/739/739
f 459/459/459 170/170/170 457/457/457
f 739/739/739 457/457/457 169/169/169
f 460/460/460 739/739/739 461/461/461
f 174/174/174 462/462/462 740/740/740
f 462/462/462 172/172/172 460/460/460
f 740/740/740 460/460/460 171/171/171
f 463/463/463 740/740/740 464/464/464
f 176/176/176 465/465/465 741/741/741
f 465/465/465 174/174/174 463/463/463
f 741/741/741 463/463/463 173/173/173
f 466/466/466 741/741/741 467/467/467
f 178/178/178 468/468/468 742/742/742
f 468/468/468 176/176/176 466/466/466
f 742/742/742 466/466/466 175/175/175
f 469/469/469 742/742/742 470/470/470
f 180/180/180 471/471/471 743/743/743
f 471/471/471 178/178/178 469/469/469
f 743/743/743 469/469/469 177/177/177
f 472/472/472 743/743/743 473/473/473
f 182/182/182 474/474/474 744/744/744
f 474/474/474 180/180/180 472/472/472
f 744/744/744 472/472/472 179/179/179
f 475/475/475 744/744/744 476/476/476
f 184/184/184 477/477/477 745/745/745
f 477/477/477 182/182/182 475/475/475
f 745/745/745 475/475/475 181/181/181
f 478/478/478 745/745/745 479/479/479
f 186/186/186 480/480/480 746/746/746
f 480/480/480 184/184/184 478/478/478
f 746/746/746 478/478/478 183/183/183
f 481/481/481 746/746/746 482/482/482
f 188/188/188 483/483/483 747/747/747
f 483/483/483 186/186/186 481/481/481
f 747/747/747 481/481/481 185/185/185
f 484/484/484 747/747/747 485/485/485
f 190/190/190 486/486/486 748/748/748
f 486/486/486 188/188/188 484/484/484
f 748/748/748 484/484/484 187/187/187
f 487/487/487 748/748/748 488/488/488
f 192/192/192 489/489/489 749/749/749
f 489/489/489 190/190/190 487/487/487
f 749/749/749 487/487/487 189/189/189
f 490/490/490 749/749/749 491/491/491
f 134/134/134 492/492/492 750/750/750
f 492/492/492 192/192/192 490/490/490
f 750/750/750 490/490/490 191/191/191
f 408/408/408 750/750/750 493/493/493
f 131/131/131 403/403/403 751/751/751
f 403/403/403 130/130/130 540/540/540
f 751/751/751 540/540/540 208/208/208
f 539/539/539 751/751/751 536/536/536
f 118/118/118 390/390/390 752/752/752
f 390/390/390 117/117/117 542/542/542
f 752/752/752 542/542/542 199/199/199
f 541/541/541 752/752/752 529/529/529
f 132/132/132 404/404/404 753/753/753
f 404/404/404 131/131/131 539/539/539
f 753/753/753 539/539/539 209/209/209
f 543/543/543 753/753/753 537/537/537
f 119/119/119 391/391/391 754/754/754
f 391/391/391 118/118/118 541/541/541
f 754/754/754 541/541/541 200/200/200
f 589/589/589 754/754/754 565/565/565
f 104/104/104 378/378/378 755/755/755
f 378/378/378 103/103/103 591/591/591
f 755/755/755 591/591/591 91/91/91
f 590/590/590 755/755/755 361/361/361
f 103/103/103 405/405/405 756/756/756
f 405/405/405 132/132/132 543/543/543
f 756/756/756 543/543/543 210/210/210
f 591/591/591 756/756/756 569/569/569
f 120/120/120 392/392/392 757/757/757
f 392/392/392 119/119/119 589/589/589
f 757/757/757 589/589/589 99/99/99
f 592/592/592 757/757/757 364/364/364
f 105/105/105 379/379/379 758/758/758
f 379/379/379 104/104/104 590/590/590
f 758/758/758 590/590/590 92/92/92
f 593/593/593 758/758/758 362/362/362
f 121/121/121 393/393/393 759/759/759
f 393/393/393 120/120/120 592/592/592
f 759/759/759 592/592/592 100/100/100
f 544/544/544 759/759/759 566/566/566
f 106/106/106 380/380/380 760/760/760
f 380/380/380 105/105/105 593/593/593
f 760/760/760 593/593/593 93/93/93
f 545/545/545 760/760/760 557/557/557
f 122/122/122 394/394/394 761/761/761
f 394/394/394 121/121/121 544/544/544
f 761/761/761 544/544/544 201/201/201
f 594/594/594 761/761/761 567/567/567
f 107/107/107 381/381/381 762/762/762
f 381/381/381 106/106/106 545/545/545
f 762/762/762 545/545/545 193/193/193
f 546/546/546 762/762/762 528/528/528
f 123/123/123 395/395/395 763/763/763
f 395/395/395 122/122/122 594/594/594
f 763/763/763 594/594/594 101/101/101
f 595/595/595 763/763/763 365/365/365
f 117/117/117 525/525/525 764/764/764
f 525/525/525 116/116/116 547/547/547
f 764/764/764 547/547/547 198/198/198
f 542/542/542 764/764/764 538/538/538
f 108/108/108 382/382/382 765/765/765
f 382/382/382 107/107/107 546/546/546
f 765/765/765 546/546/546 194/194/194
f 596/596/596 765/765/765 558/558/558
f 124/124/124 396/396/396 766/766/766
f 396/396/396 123/123/123 595/595/595
f 766/766/766 595/595/595 102/102/102
f 548/548/548 766/766/766 568/568/568
f 109/109/109 383/383/383 767/767/767
f 383/383/383 108/108/108 596/596/596
f 767/767/767 596/596/596 94/94/94
f 597/597/597 767/767/767 363/363/363
f 125/125/125 397/397/397 768/768/768
f 397/397/397 124/124/124 548/548/548
f 768/768/768 548/548/548 202/202/202
f 549/549/549 768/768/768 530/530/530
f 110/110/110 384/384/384 769/769/769
f 384/384/384 109/109/109 597/597/597
f 769/769/769 597/597/597 95/95/95
f 550/550/550 769/769/769 559/559/559
f 126/126/126 398/398/398 770/770/770
f 398/398/398 125/125/125 549/549/549
f 770/770/770 549/549/549 203/203/203
f 551/551/551 770/770/770 531/531/531
f 111/111/111 385/385/385 771/771/771
f 385/385/385 110/110/110 550/550/550
f 771/771/771 550/550/550 195/195/195
f 598/598/598 771/771/771 560/560/560
f 127/127/127 399/399/399 772/772/772
f 399/399/399 126/126/126 551/551/551
f 772/772/772 551/551/551 204/204/204
f 552/552/552 772/772/772 532/532/532
f 112/112/112 386/386/386 773/773/773
f 386/386/386 111/111/111 598/598/598
f 773/773/773 598/598/598 96/96/96
f 553/553/553 773/773/773 561/561/561
f 128/128/128 400/400/400 774/774/774
f 400/400/400 127/127/127 552/552/552
f 774/774/774 552/552/552 205/205/205
f 554/554/554 774/774/774 533/533/533
f 113/113/113 387/387/387 775/775/775
f 387/387/387 112/112/112 553/553/553
f 775/775/775 553/553/553 196/196/196
f 599/599/599 775/775/775 562/562/562
f 129/129/129 401/401/401 776/776/776
f 401/401/401 128/128/128 554/554/554
f 776/776/776 554/554/554 206/206/206
f 555/555/555 776/776/776 534/534/534
f 115/115/115 388/388/388 777/777/777
f 388/388/388 114/114/114 556/556/556
f 777/777/777 556/556/556 197/197/197
f 600/600/600 777/777/777 563/563/563
f 130/130/130 402/402/402 778/778/778
f 402/402/402 129/129/129 555/555/555
f 778/778/778 555/555/555 207/207/207
f 540/540/540 778/778/778 535/535/535
f 114/114/114 524/524/524 779/779/779
f 524/524/524 113/113/113 599/599/599
f 779/779/779 599/599/599 97/97/97
f 556/556/556 779/779/779 570/570/570
f 116/116/116 389/389/389 780/780/780
f 389/389/389 115/115/115 600/600/600
f 780/780/780 600/600/600 98/98/98
f 547/547/547 780/780/780 564/564/564
f 782/782/782 1019/1019/1019 1111/1111/1111
f 1019/1019/1019 813/813/813 932/932/932
f 1111/1111/1111 932/932/932 811/811/811
f 901/901/901 1111/1111/1111 1017/1017/1017
f 784/784/784 1021/1021/1021 1112/1112/1112
f 1021/1021/1021 817/817/817 938/938/938
f 1112/1112/1112 938/938/938 815/815/815
f 903/903/903 1112/1112/1112 1020/1020/1020
f 809/809/809 1046/1046/1046 1113/1113/1113
f 1046/1046/1046 867/867/867 1011/1011/1011
f 1113/1113/1113 1011/1011/1011 865/865/865
f 926/926/926 1113/1113/1113 1045/1045/1045
f 796/796/796 1033/1033/1033 1114/1114/1114
f 1033/1033/1033 841/841/841 972/972/972
f 1114/1114/1114 972/972/972 839/839/839
f 913/913/913 1114/1114/1114 1032/1032/1032
f 785/785/785 1022/1022/1022 1115/1115/1115
f 1022/1022/1022 819/819/819 941/941/941
f 1115/1115/1115 941/941/941 817/817/817
f 904/904/904 1115/1115/1115 1021/1021/1021
f 810/810/810 1018/1018/1018 1116/1116/1116
f 1018/1018/1018 869/869/869 1014/1014/1014
f 1116/1116/1116 1014/1014/1014 867/867/867
f 927/927/927 1116/1116/1116 1046/1046/1046
f 797/797/797 1034/1034/1034 1117/1117/1117
f 1034/1034/1034 843/843/843 975/975/975
f 1117/1117/1117 975/975/975 841/841/841
f 914/914/914 1117/1117/1117 1033/1033/1033
f 786/786/786 1023/1023/1023 1118/1118/1118
f 1023/1023/1023 821/821/821 944/944/944
f 1118/1118/1118 944/944/944 819/819/819
f 905/905/905 1118/1118/1118 1022/1022/1022
f 798/798/798 1035/1035/1035 1119/1119/1119
f 1035/1035/1035 845/845/845 978/978/978
f 1119/1119/1119 978/978/978 843/843/843
f 915/915/915 1119/1119/1119 1034/1034/1034
f 787/787/787 1024/1024/1024 1120/1120/1120
f 1024/1024/1024 823/823/823 947/947/947
f 1120/1120/1120 947/947/947 821/821/821
f 906/906/906 1120/1120/1120 1023/1023/1023
f 799/799/799 1036/1036/1036 1121/1121/1121
f 1036/1036/1036 847/847/847 981/981/981
f 1121/1121/1121 981/981/981 845/845/845
f 916/916/916 1121/1121/1121 1035/1035/1035
f 788/788/788 1025/1025/1025 1122/1122/1122
f 1025/1025/1025 825/825/825 950/950/950
f 1122/1122/1122 950/950/950 823/823/823
f 907/907/907 1122/1122/1122 1024/1024/1024
f 800/800/800 1037/1037/1037 1123/1123/1123
f 1037/1037/1037 849/849/849 984/984/984
f 1123/1123/1123 984/984/984 847/847/847
f 917/917/917 1123/1123/1123 1036/1036/1036
f 789/789/789 1026/1026/1026 1124/1124/1124
f 1026/1026/1026 827/827/827 953/953/953
f 1124/1124/1124 953/953/953 825/825/825
f 908/908/908 1124/1124/1124 1025/1025/1025
f 801/801/801 1038/1038/1038 1125/1125/1125
f 1038/1038/1038 851/851/851 987/987/987
f 1125/1125/1125 987/987/987 849/849/849
f 918/918/918 1125/1125/1125 1037/1037/1037
f 790/790/790 1027/1027/1027 1126/1126/1126
f 1027/1027/1027 829/829/829 956/956/956
f 1126/1126/1126 956/956/956 827/827/827
f 909/909/909 1126/1126/1126 1026/1026/1026
f 802/802/802 1039/1039/1039 1127/1127/1127
f 1039/1039/1039 853/853/853 990/990/990
f 1127/1127/1127 990/990/990 851/851/851
f 919/919/919 1127/1127/1127 1038/1038/1038
f 791/791/791 1028/1028/1028 1128/1128/1128
f 1028/1028/1028 831/831/831 959/959/959
f 1128/1128/1128 959/959/959 829/829/829
f 910/910/910 1128/1128/1128 1027/1027/1027
f 803/803/803 1040/1040/1040 1129/1129/1129
f 1040/1040/1040 855/855/855 993/993/993
f 1129/1129/1129 993/993/993 853/853/853
f 920/920/920 1129/1129/1129 1039/1039/1039
f 804/804/804 1041/1041/1041 1130/1130/1130
f 1041/1041/1041 857/857/857 996/996/996
f 1130/1130/1130 996/996/996 855/855/855
f 921/921/921 1130/1130/1130 1040/1040/1040
f 792/792/792 1029/1029/1029 1131/1131/1131
f 1029/1029/1029 833/833/833 967/967/967
f 1131/1131/1131 967/967/967 831/831/831
f 1047/1047/1047 1131/1131/1131 1028/1028/1028
f 805/805/805 1042/1042/1042 1132/1132/1132
f 1042/1042/1042 859/859/859 999/999/999
f 1132/1132/1132 999/999/999 857/857/857
f 922/922/922 1132/1132/1132 1041/1041/1041
f 793/793/793 1030/1030/1030 1133/1133/1133
f 1030/1030/1030 835/835/835 963/963/963
f 1133/1133/1133 963/963/963 833/833/833
f 911/911/911 1133/1133/1133 1029/1029/1029
f 806/806/806 1043/1043/1043 1134/1134/1134
f 1043/1043/1043 861/861/861 1002/1002/1002
f 1134/1134/1134 1002/1002/1002 859/859/859
f 923/923/923 1134/1134/1134 1042/1042/1042
f 794/794/794 1031/1031/1031 1135/1135/1135
f 1031/1031/1031 837/837/837 966/966/966
f 1135/1135/1135 966/966/966 835/835/835
f 912/912/912 1135/1135/1135 1030/1030/1030
f 781/781/781 1017/1017/1017 1136/1136/1136
f 1017/1017/1017 811/811/811 1016/1016/1016
f 1136/1136/1136 1016/1016/1016 869/869/869
f 928/928/928 1136/1136/1136 1018/1018/1018
f 807/807/807 1044/1044/1044 1137/1137/1137
f 1044/1044/1044 863/863/863 1005/1005/1005
f 1137/1137/1137 1005/1005/1005 861/861/861
f 924/924/924 1137/1137/1137 1043/1043/1043
f 795/795/795 1032/1032/1032 1138/1138/1138
f 1032/1032/1032 839/839/839 1050/1050/1050
f 1138/1138/1138 1050/1050/1050 837/837/837
f 1048/1048/1048 1138/1138/1138 1031/1031/1031
f 783/783/783 1020/1020/1020 1139/1139/1139
f 1020/1020/1020 815/815/815 935/935/935
f 1139/1139/1139 935/935/935 813/813/813
f 902/902/902 1139/1139/1139 1019/1019/1019
f 808/808/808 1045/1045/1045 1140/1140/1140
f 1045/1045/1045 865/865/865 1008/1008/1008
f 1140/1140/1140 1008/1008/1008 863/863/863
f 925/925/925 1140/1140/1140 1044/1044/1044
f 814/814/814 929/929/929 1141/1141/1141
f 929/929/929 812/812/812 931/931/931
f 1141/1141/1141 931/931/931 811/811/811
f 930/930/930 1141/1141/1141 932/932/932
f 816/816/816 933/933/933 1142/1142/1142
f 933/933/933 814/814/814 930/930/930
f 1142/1142/1142 930/930/930 813/813/813
f 934/934/934 1142/1142/1142 935/935/935
f 818/818/818 936/936/936 1143/1143/1143
f 936/936/936 816/816/816 934/934/934
f 1143/1143/1143 934/934/934 815/815/815
f 937/937/937 1143/1143/1143 938/938/938
f 820/820/820 939/939/939 1144/1144/1144
f 939/939/939 818/818/818 937/937/937
f 1144/1144/1144 937/937/937 817/817/817
f 940/940/940 1144/1144/1144 941/941/941
f 822/822/822 942/942/942 1145/1145/1145
f 942/942/942 820/820/820 940/940/940
f 1145/1145/1145 940/940/940 819/819/819
f 943/943/943 1145/1145/1145 944/944/944
f 824/824/824 945/945/945 1146/1146/1146
f 945/945/945 822/822/822 943/943/943
f 1146/1146/1146 943/943/943 821/821/821
f 946/946/946 1146/1146/1146 947/947/947
f 826/826/826 948/948/948 1147/1147/1147
f 948/948/948 824/824/824 946/946/946
f 1147/1147/1147 946/946/946 823/823/823
f 949/949/949 1147/1147/1147 950/950/950
f 828/828/828 951/951/951 1148/1148/1148
f 951/951/951 826/826/826 949/949/949
f 1148/1148/1148 949/949/949 825/825/825
f 952/952/952 1148/1148/1148 953/953/953
f 830/830/830 954/954/954 1149/1149/1149
f 954/954/954 828/828/828 952/952/952
f 1149/1149/1149 952/952/952 827/827/827
f 955/955/955 1149/1149/1149 956/956/956
f 832/832/832 957/957/957 1150/1150/1150
f 957/957/957 830/830/830 955/955/955
f 1150/1150/1150 955/955/955 829/829/829
f 958/958/958 1150/1150/1150 959/959/959
f 834/834/834 969/969/969 1151/1151/1151
f 969/969/969 832/832/832 958/958/958
f 1151/1151/1151 958/958/958 831/831/831
f 960/960/960 1151/1151/1151 967/967/967
f 836/836/836 961/961/961 1152/1152/1152
f 961/961/961 834/834/834 960/960/960
f 1152/1152/1152 960/960/960 833/833/833
f 962/962/962 1152/1152/1152 963/963/963
f 838/838/838 964/964/964 1153/1153/1153
f 964/964/964 836/836/836 962/962/962
f 1153/1153/1153 962/962/962 835/835/835
f 965/965/965 1153/1153/1153 966/966/966
f 840/840/840 1049/1049/1049 1154/1154/1154
f 1049/1049/1049 838/838/838 965/965/965
f 1154/1154/1154 965/965/965 837/837/837
f 968/968/968 1154/1154/1154 1050/1050/1050
f 842/842/842 970/970/970 1155/1155/1155
f 970/970/970 840/840/840 968/968/968
f 1155/1155/1155 968/968/968 839/839/839
f 971/971/971 1155/1155/1155 972/972/972
f 844/844/844 973/973/973 1156/1156/1156
f 973/973/973 842/842/842 971/971/971
f 1156/1156/1156 971/971/971 841/841/841
f 974/974/974 1156/1156/1156 975/975/975
f 846/846/846 976/976/976 1157/1157/1157
f 976/976/976 844/844/844 974/974/974
f 1157/1157/1157 974/974/974 843/843/843
f 977/977/977 1157/1157/1157 978/978/978
f 848/848/848 979/979/979 1158/1158/1158
f 979/979/979 846/846/846 977/977/977
f 1158/1158/1158 977/977/977 845/845/845
f 980/980/980 1158/1158/1158 981/981/981
f 850/850/850 982/982/982 1159/1159/1159
f 982/982/982 848/848/848 980/980/980
f 1159/1159/1159 980/980/980 847/847/847
f 983/983/983 1159/1159/1159 984/984/984
f 852/852/852 985/985/985 1160/1160/1160
f 985/985/985 850/850/850 983/983/983
f 1160/1160/1160 983/983/983 849/849/849
f 986/986/986 1160/1160/1160 987/987/987
f 854/854/854 988/988/988 1161/1161/1161
f 988/988/988 852/852/852 986/986/986
f 1161/1161/1161 986/986/986 851/851/851
f 989/989/989 1161/1161/1161 990/990/990
f 856/856/856 991/991/991 1162/1162/1162
f 991/991/991 854/854/854 989/989/989
f 1162/1162/1162 989/989/989 853/853/853
f 992/992/992 1162/1162/1162 993/993/993
f 858/858/858 994/994/994 1163/1163/1163
f 994/994/994 856/856/856 992/992/992
f 1163/1163/1163 992/992/992 855/855/855
f 995/995/995 1163/1163/1163 996/996/996
f 860/860/860 997/997/997 1164/1164/1164
f 997/997/997 858/858/858 995/995/995
f 1164/1164/1164 995/995/995 857/857/857
f 998/998/998 1164/1164/1164 999/999/999
f 862/862/862 1000/1000/1000 1165/1165/1165
f 1000/1000/1000 860/860/860 998/998/998
f 1165/1165/1165 998/998/998 859/859/859
f 1001/1001/1001 1165/1165/1165 1002/1002/1002
f 864/864/864 1003/1003/1003 1166/1166/1166
f 1003/1003/1003 862/862/862 1001/1001/1001
f 1166/1166/1166 1001/1001/1001 861/861/861
f 1004/1004/1004 1166/1166/1166 1005/1005/1005
f 866/866/866 1006/1006/1006 1167/1167/1167
f 1006/1006/1006 864/864/864 1004/1004/1004
f 1167/1167/1167 1004/1004/1004 863/863/863
f 1007/1007/1007 1167/1167/1167 1008/1008/1008
f 868/868/868 1009/1009/1009 1168/1168/1168
f 1009/1009/1009 866/866/866 1007/1007/1007
f 1168/1168/1168 1007/1007/1007 865/865/865
f 1010/1010/1010 1168/1168/1168 1011/1011/1011
f 870/870/870 1012/1012/1012 1169/1169/1169
f 1012/1012/1012 868/868/868 1010/1010/1010
f 1169/1169/1169 1010/1010/1010 867/867/867
f 1013/1013/1013 1169/1169/1169 1014/1014/1014
f 812/812/812 1015/1015/1015 1170/1170/1170
f 1015/1015/1015 870/870/870 1013/1013/1013
f 1170/1170/1170 1013/1013/1013 869/869/869
f 931/931/931 1170/1170/1170 1016/1016/1016
f 809/809/809 926/926/926 1171/1171/1171
f 926/926/926 808/808/808 1060/1060/1060
f 1171/1171/1171 1060/1060/1060 885/885/885
f 1059/1059/1059 1171/1171/1171 1058/1058/1058
f 796/796/796 913/913/913 1172/1172/1172
f 913/913/913 795/795/795 1097/1097/1097
f 1172/1172/1172 1097/1097/1097 895/895/895
f 1061/1061/1061 1172/1172/1172 1088/1088/1088
f 810/810/810 927/927/927 1173/1173/1173
f 927/927/927 809/809/809 1059/1059/1059
f 1173/1173/1173 1059/1059/1059 886/886/886
f 1098/1098/1098 1173/1173/1173 1095/1095/1095
f 797/797/797 914/914/914 1174/1174/1174
f 914/914/914 796/796/796 1061/1061/1061
f 1174/1174/1174 1061/1061/1061 877/877/877
f 1062/1062/1062 1174/1174/1174 1053/1053/1053
f 782/782/782 901/901/901 1175/1175/1175
f 901/901/901 781/781/781 1063/1063/1063
f 1175/1175/1175 1063/1063/1063 871/871/871
f 1099/1099/1099 1175/1175/1175 1081/1081/1081
f 781/781/781 928/928/928 1176/1176/1176
f 928/928/928 810/810/810 1098/1098/1098
f 1176/1176/1176 1098/1098/1098 900/900/900
f 1063/1063/1063 1176/1176/1176 1096/1096/1096
f 798/798/798 915/915/915 1177/1177/1177
f 915/915/915 797/797/797 1062/1062/1062
f 1177/1177/1177 1062/1062/1062 878/878/878
f 1100/1100/1100 1177/1177/1177 1089/1089/1089
f 783/783/783 902/902/902 1178/1178/1178
f 902/902/902 782/782/782 1099/1099/1099
f 1178/1178/1178 1099/1099/1099 887/887/887
f 1064/1064/1064 1178/1178/1178 1082/1082/1082
f 799/799/799 916/916/916 1179/1179/1179
f 916/916/916 798/798/798 1100/1100/1100
f 1179/1179/1179 1100/1100/1100 896/896/896
f 1065/1065/1065 1179/1179/1179 1090/1090/1090
f 784/784/784 903/903/903 1180/1180/1180
f 903/903/903 783/783/783 1064/1064/1064
f 1180/1180/1180 1064/1064/1064 872/872/872
f 1101/1101/1101 1180/1180/1180 1083/1083/1083
f 800/800/800 917/917/917 1181/1181/1181
f 917/917/917 799/799/799 1065/1065/1065
f 1181/1181/1181 1065/1065/1065 879/879/879
f 1066/1066/1066 1181/1181/1181 1054/1054/1054
f 785/785/785 904/904/904 1182/1182/1182
f 904/904/904 784/784/784 1101/1101/1101
f 1182/1182/1182 1101/1101/1101 888/888/888
f 1102/1102/1102 1182/1182/1182 1075/1075/1075
f 801/801/801 918/918/918 1183/1183/1183
f 918/918/918 800/800/800 1066/1066/1066
f 1183/1183/1183 1066/1066/1066 880/880/880
f 1067/1067/1067 1183/1183/1183 1055/1055/1055
f 795/795/795 1048/1048/1048 1184/1184/1184
f 1048/1048/1048 794/794/794 1103/1103/1103
f 1184/1184/1184 1103/1103/1103 894/894/894
f 1097/1097/1097 1184/1184/1184 1080/1080/1080
f 786/786/786 905/905/905 1185/1185/1185
f 905/905/905 785/785/785 1102/1102/1102
f 1185/1185/1185 1102/1102/1102 889/889/889
f 1104/1104/1104 1185/1185/1185 1076/1076/1076
f 802/802/802 919/919/919 1186/1186/1186
f 919/919/919 801/801/801 1067/1067/1067
f 1186/1186/1186 1067/1067/1067 881/881/881
f 1068/1068/1068 1186/1186/1186 1056/1056/1056
f 787/787/787 906/906/906 1187/1187/1187
f 906/906/906 786/786/786 1104/1104/1104
f 1187/1187/1187 1104/1104/1104 890/890/890
f 1105/1105/1105 1187/1187/1187 1077/1077/1077
f 803/803/803 920/920/920 1188/1188/1188
f 920/920/920 802/802/802 1068/1068/1068
f 1188/1188/1188 1068/1068/1068 882/882/882
f 1069/1069/1069 1188/1188/1188 1057/1057/1057
f 788/788/788 907/907/907 1189/1189/1189
f 907/907/907 787/787/787 1105/1105/1105
f 1189/1189/1189 1105/1105/1105 891/891/891
f 1070/1070/1070 1189/1189/1189 1084/1084/1084
f 804/804/804 921/921/921 1190/1190/1190
f 921/921/921 803/803/803 1069/1069/1069
f 1190/1190/1190 1069/1069/1069 883/883/883
f 1106/1106/1106 1190/1190/1190 1091/1091/1091
f 789/789/789 908/908/908 1191/1191/1191
f 908/908/908 788/788/788 1070/1070/1070
f 1191/1191/1191 1070/1070/1070 873/873/873
f 1071/1071/1071 1191/1191/1191 1051/1051/1051
f 805/805/805 922/922/922 1192/1192/1192
f 922/922/922 804/804/804 1106/1106/1106
f 1192/1192/1192 1106/1106/1106 897/897/897
f 1107/1107/1107 1192/1192/1192 1078/1078/1078
f 790/790/790 909/909/909 1193/1193/1193
f 909/909/909 789/789/789 1071/1071/1071
f 1193/1193/1193 1071/1071/1071 874/874/874
f 1072/1072/1072 1193/1193/1193 1052/1052/1052
f 806/806/806 923/923/923 1194/1194/1194
f 923/923/923 805/805/805 1107/1107/1107
f 1194/1194/1194 1107/1107/1107 898/898/898
f 1073/1073/1073 1194/1194/1194 1092/1092/1092
f 791/791/791 910/910/910 1195/1195/1195
f 910/910/910 790/790/790 1072/1072/1072
f 1195/1195/1195 1072/1072/1072 875/875/875
f 1108/1108/1108 1195/1195/1195 1085/1085/1085
f 807/807/807 924/924/924 1196/1196/1196
f 924/924/924 806/806/806 1073/1073/1073
f 1196/1196/1196 1073/1073/1073 884/884/884
f 1109/1109/1109 1196/1196/1196 1093/1093/1093
f 793/793/793 911/911/911 1197/1197/1197
f 911/911/911 792/792/792 1110/1110/1110
f 1197/1197/1197 1110/1110/1110 893/893/893
f 1074/1074/1074 1197/1197/1197 1086/1086/1086
f 808/808/808 925/925/925 1198/1198/1198
f 925/925/925 807/807/807 1109/1109/1109
f 1198/1198/1198 1109/1109/1109 899/899/899
f 1060/1060/1060 1198/1198/1198 1094/1094/1094
f 792/792/792 1047/1047/1047 1199/1199/1199
f 1047/1047/1047 791/791/791 1108/1108/1108
f 1199/1199/1199 1108/1108/1108 892/892/892
f 1110/1110/1110 1199/1199/1199 1079/1079/1079
f 794/794/794 912/912/912 1200/1200/1200
f 912/912/912 793/793/793 1074/1074/1074
f 1200/1200/1200 1074/1074/1074 876/876/876
f 1103/1103/1103 1200/1200/1200 1087/1087/1087
f 601/601/601 329/329/329 2/2/2
f 327/327/327 601/601/601 211/211/211
f 31/31/31 242/242/242 601/601/601
f 242/242/242 33/33/33 329/329/329
f 602/602/602 331/331/331 4/4/4
f 330/330/330 602/602/602 213/213/213
f 35/35/35 248/248/248 602/602/602
f 248/248/248 37/37/37 331/331/331
f 603/603/603 356/356/356 29/29/29
f 355/355/355 603/603/603 236/236/236
f 85/85/85 321/321/321 603/603/603
f 321/321/321 87/87/87 356/356/356
f 604/604/604 343/343/343 16/16/16
f 342/342/342 604/604/604 223/223/223
f 59/59/59 282/282/282 604/604/604
f 282/282/282 61/61/61 343/343/343
f 605/605/605 332/332/332 5/5/5
f 331/331/331 605/605/605 214/214/214
f 37/37/37 251/251/251 605/605/605
f 251/251/251 39/39/39 332/332/332
f 606/606/606 328/328/328 30/30/30
f 356/356/356 606/606/606 237/237/237
f 87/87/87 324/324/324 606/606/606
f 324/324/324 89/89/89 328/328/328
f 607/607/607 344/344/344 17/17/17
f 343/343/343 607/607/607 224/224/224
f 61/61/61 285/285/285 607/607/607
f 285/285/285 63/63/63 344/344/344
f 608/608/608 333/333/333 6/6/6
f 332/332/332 608/608/608 215/215/215
f 39/39/39 254/254/254 608/608/608
f 254/254/254 41/41/41 333/333/333
f 609/609/609 345/345/345 18/18/18
f 344/344/344 609/609/609 225/225/225
f 63/63/63 288/288/288 609/609/609
f 288/288/288 65/65/65 345/345/345
f 610/610/610 334/334/334 7/7/7
f 333/333/333 610/610/610 216/216/216
f 41/41/41 257/257/257 610/610/610
f 257/257/257 43/43/43 334/334/334
f 611/611/611 346/346/346 19/19/19
f 345/345/345 611/611/611 226/226/226
f 65/65/65 291/291/291 611/611/611
f 291/291/291 67/67/67 346/346/346
f 612/612/612 335/335/335 8/8/8
f 334/334/334 612/612/612 217/217/217
f 43/43/43 260/260/260 612/612/612
f 260/260/260 45/45/45 335/335/335
f 613/613/613 347/347/347 20/20/20
f 346/346/346 613/613/613 227/227/227
f 67/67/67 294/294/294 613/613/613
f 294/294/294 69/69/69 347/347/347
f 614/614/614 336/336/336 9/9/9
f 335/335/335 614/614/614 218/218/218
f 45/45/45 263/263/263 614/614/614
f 263/263/263 47/47/47 336/336/336
f 615/615/615 348/348/348 21/21/21
f 347/347/347 615/615/615 228/228/228
f 69/69/69 297/297/297 615/615/615
f 297/297/297 71/71/71 348/348/348
f 616/616/616 337/337/337 10/10/10
f 336/336/336 616/616/616 219/219/219
f 47/47/47 266/266/266 616/616/616
f 266/266/266 49/49/49 337/337/337
f 617/617/617 349/349/349 22/22/22
f 348/348/348 617/617/617 229/229/229
f 71/71/71 300/300/300 617/617/617
f 300/300/300 73/73/73 349/349/349
f 618/618/618 338/338/338 11/11/11
f 337/337/337 618/618/618 220/220/220
f 49/49/49 269/269/269 618/618/618
f 269/269/269 51/51/51 338/338/338
f 619/619/619 350/350/350 23/23/23
f 349/349/349 619/619/619 230/230/230
f 73/73/73 303/303/303 619/619/619
f 303/303/303 75/75/75 350/350/350
f 620/620/620 351/351/351 24/24/24
f 350/350/350 620/620/620 231/231/231
f 75/75/75 306/306/306 620/620/620
f 306/306/306 77/77/77 351/351/351
f 621/621/621 339/339/339 12/12/12
f 338/338/338 621/621/621 357/357/357
f 51/51/51 277/277/277 621/621/621
f 277/277/277 53/53/53 339/339/339
f 622/622/622 352/352/352 25/25/25
f 351/351/351 622/622/622 232/232/232
f 77/77/77 309/309/309 622/622/622
f 309/309/309 79/79/79 352/352/352
f 623/623/623 340/340/340 13/13/13
f 339/339/339 623/623/623 221/221/221
f 53/53/53 273/273/273 623/623/623
f 273/273/273 55/55/55 340/340/340
f 624/624/624 353/353/353 26/26/26
f 352/352/352 624/624/624 233/233/233
f 79/79/79 312/312/312 624/624/624
f 312/312/312 81/81/81 353/353/353
f 625/625/625 341/341/341 14/14/14
f 340/340/340 625/625/625 222/222/222
f 55/55/55 276/276/276 625/625/625
f 276/276/276 57/57/57 341/341/341
f 626/626/626 327/327/327 1/1/1
f 328/328/328 626/626/626 238/238/238
f 89/89/89 326/326/326 626/626/626
f 326/326/326 31/31/31 327/327/327
f 627/627/627 354/354/354 27/27/27
f 353/353/353 627/627/627 234/234/234
f 81/81/81 315/315/315 627/627/627
f 315/315/315 83/83/83 354/354/354
f 628/628/628 342/342/342 15/15/15
f 341/341/341 628/628/628 358/358/358
f 57/57/57 360/360/360 628/628/628
f 360/360/360 59/59/59 342/342/342
f 629/629/629 330/330/330 3/3/3
f 329/329/329 629/629/629 212/212/212
f 33/33/33 245/245/245 629/629/629
f 245/245/245 35/35/35 330/330/330
f 630/630/630 355/355/355 28/28/28
f 354/354/354 630/630/630 235/235/235
f 83/83/83 318/318/318 630/630/630
f 318/318/318 85/85/85 355/355/355
f 631/631/631 239/239/239 34/34/34
f 242/242/242 631/631/631 240/240/240
f 31/31/31 241/241/241 631/631/631
f 241/241/241 32/32/32 239/239/239
f 632/632/632 243/243/243 36/36/36
f 245/245/245 632/632/632 244/244/244
f 33/33/33 240/240/240 632/632/632
f 240/240/240 34/34/34 243/243/243
f 633/633/633 246/246/246 38/38/38
f 248/248/248 633/633/633 247/247/247
f 35/35/35 244/244/244 633/633/633
f 244/244/244 36/36/36 246/246/246
f 634/634/634 249/249/249 40/40/40
f 251/251/251 634/634/634 250/250/250
f 37/37/37 247/247/247 634/634/634
f 247/247/247 38/38/38 249/249/249
f 635/635/635 252/252/252 42/42/42
f 254/254/254 635/635/635 253/253/253
f 39/39/39 250/250/250 635/635/635
f 250/250/250 40/40/40 252/252/252
f 636/636/636 255/255/255 44/44/44
f 257/257/257 636/636/636 256/256/256
f 41/41/41 253/253/253 636/636/636
f 253/253/253 42/42/42 255/255/255
f 637/637/637 258/258/258 46/46/46
f 260/260/260 637/637/637 259/259/259
f 43/43/43 256/256/256 637/637/637
f 256/256/256 44/44/44 258/258/258
f 638/638/638 261/261/261 48/48/48
f 263/263/263 638/638/638 262/262/262
f 45/45/45 259/259/259 638/638/638
f 259/259/259 46/46/46 261/261/261
f 639/639/639 264/264/264 50/50/50
f 266/266/266 639/639/639 265/265/265
f 47/47/47 262/262/262 639/639/639
f 262/262/262 48/48/48 264/264/264
f 640/640/640 267/267/267 52/52/52
f 269/269/269 640/640/640 268/268/268
f 49/49/49 265/265/265 640/640/640
f 265/265/265 50/50/50 267/267/267
f 641/641/641 279/279/279 54/54/54
f 277/277/277 641/641/641 270/270/270
f 51/51/51 268/268/268 641/641/641
f 268/268/268 52/52/52 279/279/279
f 642/642/642 271/271/271 56/56/56
f 273/273/273 642/642/642 272/272/272
f 53/53/53 270/270/270 642/642/642
f 270/270/270 54/54/54 271/271/271
f 643/643/643 274/274/274 58/58/58
f 276/276/276 643/643/643 275/275/275
f 55/55/55 272/272/272 643/643/643
f 272/272/272 56/56/56 274/274/274
f 644/644/644 359/359/359 60/60/60
f 360/360/360 644/644/644 278/278/278
f 57/57/57 275/275/275 644/644/644
f 275/275/275 58/58/58 359/359/359
f 645/645/645 280/280/280 62/62/62
f 282/282/282 645/645/645 281/281/281
f 59/59/59 278/278/278 645/645/645
f 278/278/278 60/60/60 280/280/280
f 646/646/646 283/283/283 64/64/64
f 285/285/285 646/646/646 284/284/284
f 61/61/61 281/281/281 646/646/646
f 281/281/281 62/62/62 283/283/283
f 647/647/647 286/286/286 66/66/66
f 288/288/288 647/647/647 287/287/287
f 63/63/63 284/284/284 647/647/647
f 284/284/284 64/64/64 286/286/286
f 648/648/648 289/289/289 68/68/68
f 291/291/291 648/648/648 290/290/290
f 65/65/65 287/287/287 648/648/648
f 287/287/287 66/66/66 289/289/289
f 649/649/649 292/292/292 70/70/70
f 294/294/294 649/649/649 293/293/293
f 67/67/67 290/290/290 649/649/649
f 290/290/290 68/68/68 292/292/292
f 650/650/650 295/295/295 72/72/72
f 297/297/297 650/650/650 296/296/296
f 69/69/69 293/293/293 650/650/650
f 293/293/293 70/70/70 295/295/295
f 651/651/651 298/298/298 74/74/74
f 300/300/300 651/651/651 299/299/299
f 71/71/71 296/296/296 651/651/651
f 296/296/296 72/72/72 298/298/298
f 652/652/652 301/301/301 76/76/76
f 303/303/303 652/652/652 302/302/302
f 73/73/73 299/299/299 652/652/652
f 299/299/299 74/74/74 301/301/301
f 653/653/653 304/304/304 78/78/78
f 306/306/306 653/653/653 305/305/305
f 75/75/75 302/302/302 653/653/653
f 302/302/302 76/76/76 304/304/304
f 654/654/654 307/307/307 80/80/80
f 309/309/309 654/654/654 308/308/308
f 77/77/77 305/305/305 654/654/654
f 305/305/305 78/78/78 307/307/307
f 655/655/655 310/310/310 82/82/82
f 312/312/312 655/655/655 311/311/311
f 79/79/79 308/308/308 655/655/655
f 308/308/308 80/80/80 310/310/310
f 656/656/656 313/313/313 84/84/84
f 315/315/315 656/656/656 314/314/314
f 81/81/81 311/311/311 656/656/656
f 311/311/311 82/82/82 313/313/313
f 657/657/657 316/316/316 86/86/86
f 318/318/318 657/657/657 317/317/317
f 83/83/83 314/314/314 657/657/657
f 314/314/314 84/84/84 316/316/316
f 658/658/658 319/319/319 88/88/88
f 321/321/321 658/658/658 320/320/320
f 85/85/85 317/317/317 658/658/658
f 317/317/317 86/86/86 319/319/319
f 659/659/659 322/322/322 90/90/90
f 324/324/324 659/659/659 323/323/323
f 87/87/87 320/320/320 659/659/659
f 320/320/320 88/88/88 322/322/322
f 660/660/660 325/325/325 32/32/32
f 326/326/326 660/660/660 241/241/241
f 89/89/89 323/323/323 660/660/660
f 323/323/323 90/90/90 325/325/325
f 661/661/661 236/236/236 29/29/29
f 536/536/536 661/661/661 571/571/571
f 208/208/208 572/572/572 661/661/661
f 572/572/572 28/28/28 236/236/236
f 662/662/662 223/223/223 16/16/16
f 529/529/529 662/662/662 573/573/573
f 199/199/199 574/574/574 662/662/662
f 574/574/574 15/15/15 223/223/223
f 663/663/663 237/237/237 30/30/30
f 537/537/537 663/663/663 575/575/575
f 209/209/209 571/571/571 663/663/663
f 571/571/571 29/29/29 237/237/237
f 664/664/664 224/224/224 17/17/17
f 565/565/565 664/664/664 366/366/366
f 200/200/200 573/573/573 664/664/664
f 573/573/573 16/16/16 224/224/224
f 665/665/665 211/211/211 2/2/2
f 361/361/361 665/665/665 367/367/367
f 91/91/91 368/368/368 665/665/665
f 368/368/368 1/1/1 211/211/211
f 666/666/666 238/238/238 1/1/1
f 569/569/569 666/666/666 368/368/368
f 210/210/210 575/575/575 666/666/666
f 575/575/575 30/30/30 238/238/238
f 667/667/667 225/225/225 18/18/18
f 364/364/364 667/667/667 369/369/369
f 99/99/99 366/366/366 667/667/667
f 366/366/366 17/17/17 225/225/225
f 668/668/668 212/212/212 3/3/3
f 362/362/362 668/668/668 370/370/370
f 92/92/92 367/367/367 668/668/668
f 367/367/367 2/2/2 212/212/212
f 669/669/669 226/226/226 19/19/19
f 566/566/566 669/669/669 576/576/576
f 100/100/100 369/369/369 669/669/669
f 369/369/369 18/18/18 226/226/226
f 670/670/670 213/213/213 4/4/4
f 557/557/557 670/670/670 577/577/577
f 93/93/93 370/370/370 670/670/670
f 370/370/370 3/3/3 213/213/213
f 671/671/671 227/227/227 20/20/20
f 567/567/567 671/671/671 371/371/371
f 201/201/201 576/576/576 671/671/671
f 576/576/576 19/19/19 227/227/227
f 672/672/672 214/214/214 5/5/5
f 528/528/528 672/672/672 578/578/578
f 193/193/193 577/577/577 672/672/672
f 577/577/577 4/4/4 214/214/214
f 673/673/673 228/228/228 21/21/21
f 365/365/365 673/673/673 372/372/372
f 101/101/101 371/371/371 673/673/673
f 371/371/371 20/20/20 228/228/228
f 674/674/674 358/358/358 15/15/15
f 538/538/538 674/674/674 574/574/574
f 198/198/198 579/579/579 674/674/674
f 579/579/579 14/14/14 358/358/358
f 675/675/675 215/215/215 6/6/6
f 558/558/558 675/675/675 373/373/373
f 194/194/194 578/578/578 675/675/675
f 578/578/578 5/5/5 215/215/215
f 676/676/676 229/229/229 22/22/22
f 568/568/568 676/676/676 580/580/580
f 102/102/102 372/372/372 676/676/676
f 372/372/372 21/21/21 229/229/229
f 677/677/677 216/216/216 7/7/7
f 363/363/363 677/677/677 374/374/374
f 94/94/94 373/373/373 677/677/677
f 373/373/373 6/6/6 216/216/216
f 678/678/678 230/230/230 23/23/23
f 530/530/530 678/678/678 581/581/581
f 202/202/202 580/580/580 678/678/678
f 580/580/580 22/22/22 230/230/230
f 679/679/679 217/217/217 8/8/8
f 559/559/559 679/679/679 582/582/582
f 95/95/95 374/374/374 679/679/679
f 374/374/374 7/7/7 217/217/217
f 680/680/680 231/231/231 24/24/24
f 531/531/531 680/680/680 583/583/583
f 203/203/203 581/581/581 680/680/680
f 581/581/581 23/23/23 231/231/231
f 681/681/681 218/218/218 9/9/9
f 560/560/560 681/681/681 375/375/375
f 195/195/195 582/582/582 681/681/681
f 582/582/582 8/8/8 218/218/218
f 682/682/682 232/232/232 25/25/25
f 532/532/532 682/682/682 584/584/584
f 204/204/204 583/583/583 682/682/682
f 583/583/583 24/24/24 232/232/232
f 683/683/683 219/219/219 10/10/10
f 561/561/561 683/683/683 585/585/585
f 96/96/96 375/375/375 683/683/683
f 375/375/375 9/9/9 219/219/219
f 684/684/684 233/233/233 26/26/26
f 533/533/533 684/684/684 586/586/586
f 205/205/205 584/584/584 684/684/684
f 584/584/584 25/25/25 233/233/233
f 685/685/685 220/220/220 11/11/11
f 562/562/562 685/685/685 376/376/376
f 196/196/196 585/585/585 685/685/685
f 585/585/585 10/10/10 220/220/220
f 686/686/686 234/234/234 27/27/27
f 534/534/534 686/686/686 587/587/587
f 206/206/206 586/586/586 686/686/686
f 586/586/586 26/26/26 234/234/234
f 687/687/687 221/221/221 13/13/13
f 563/563/563 687/687/687 377/377/377
f 197/197/197 588/588/588 687/687/687
f 588/588/588 12/12/12 221/221/221
f 688/688/688 235/235/235 28/28/28
f 535/535/535 688/688/688 572/572/572
f 207/207/207 587/587/587 688/688/688
f 587/587/587 27/27/27 235/235/235
f 689/689/689 357/357/357 12/12/12
f 570/570/570 689/689/689 588/588/588
f 97/97/97 376/376/376 689/689/689
f 376/376/376 11/11/11 357/357/357
f 690/690/690 222/222/222 14/14/14
f 564/564/564 690/690/690 579/579/579
f 98/98/98 377/377/377 690/690/690
f 377/377/377 13/13/13 222/222/222
f 691/691/691 378/378/378 104/104/104
f 409/409/409 691/691/691 496/496/496
f 133/133/133 494/494/494 691/691/691
f 494/494/494 103/103/103 378/378/378
f 692/692/692 380/380/380 106/106/106
f 415/415/415 692/692/692 498/498/498
f 137/137/137 497/497/497 692/692/692
f 497/497/497 105/105/105 380/380/380
f 693/693/693 403/403/403 131/131/131
f 488/488/488 693/693/693 523/523/523
f 187/187/187 522/522/522 693/693/693
f 522/522/522 130/130/130 403/403/403
f 694/694/694 390/390/390 118/118/118
f 449/449/449 694/694/694 510/510/510
f 161/161/161 509/509/509 694/694/694
f 509/509/509 117/117/117 390/390/390
f 695/695/695 381/381/381 107/107/107
f 418/418/418 695/695/695 499/499/499
f 139/139/139 498/498/498 695/695/695
f 498/498/498 106/106/106 381/381/381
f 696/696/696 404/404/404 132/132/132
f 491/491/491 696/696/696 495/495/495
f 189/189/189 523/523/523 696/696/696
f 523/523/523 131/131/131 404/404/404
f 697/697/697 391/391/391 119/119/119
f 452/452/452 697/697/697 511/511/511
f 163/163/163 510/510/510 697/697/697
f 510/510/510 118/118/118 391/391/391
f 698/698/698 382/382/382 108/108/108
f 421/421/421 698/698/698 500/500/500
f 141/141/141 499/499/499 698/698/698
f 499/499/499 107/107/107 382/382/382
f 699/699/699 392/392/392 120/120/120
f 455/455/455 699/699/699 512/512/512
f 165/165/165 511/511/511 699/699/699
f 511/511/511 119/119/119 392/392/392
f 700/700/700 383/383/383 109/109/109
f 424/424/424 700/700/700 501/501/501
f 143/143/143 500/500/500 700/700/700
f 500/500/500 108/108/108 383/383/383
f 701/701/701 393/393/393 121/121/121
f 458/458/458 701/701/701 513/513/513
f 167/167/167 512/512/512 701/701/701
f 512/512/512 120/120/120 393/393/393
f 702/702/702 384/384/384 110/110/110
f 427/427/427 702/702/702 502/502/502
f 145/145/145 501/501/501 702/702/702
f 501/501/501 109/109/109 384/384/384
f 703/703/703 394/394/394 122/122/122
f 461/461/461 703/703/703 514/514/514
f 169/169/169 513/513/513 703/703/703
f 513/513/513 121/121/121 394/394/394
f 704/704/704 385/385/385 111/111/111
f 430/430/430 704/704/704 503/503/503
f 147/147/147 502/502/502 704/704/704
f 502/502/502 110/110/110 385/385/385
f 705/705/705 395/395/395 123/123/123
f 464/464/464 705/705/705 515/515/515
f 171/171/171 514/514/514 705/705/705
f 514/514/514 122/122/122 395/395/395
f 706/706/706 386/386/386 112/112/112
f 433/433/433 706/706/706 504/504/504
f 149/149/149 503/503/503 706/706/706
f 503/503/503 111/111/111 386/386/386
f 707/707/707 396/396/396 124/124/124
f 467/467/467 707/707/707 516/516/516
f 173/173/173 515/515/515 707/707/707
f 515/515/515 123/123/123 396/396/396
f 708/708/708 387/387/387 113/113/113
f 436/436/436 708/708/708 505/505/505
f 151/151/151 504/504/504 708/708/708
f 504/504/504 112/112/112 387/387/387
f 709/709/709 397/397/397 125/125/125
f 470/470/470 709/709/709 517/517/517
f 175/175/175 516/516/516 709/709/709
f 516/516/516 124/124/124 397/397/397
f 710/710/710 398/398/398 126/126/126
f 473/473/473 710/710/710 518/518/518
f 177/177/177 517/517/517 710/710/710
f 517/517/517 125/125/125 398/398/398
f 711/711/711 524/524/524 114/114/114
f 444/444/444 711/711/711 506/506/506
f 153/153/153 505/505/505 711/711/711
f 505/505/505 113/113/113 524/524/524
f 712/712/712 399/399/399 127/127/127
f 476/476/476 712/712/712 519/519/519
f 179/179/179 518/518/518 712/712/712
f 518/518/518 126/126/126 399/399/399
f 713/713/713 388/388/388 115/115/115
f 440/440/440 713/713/713 507/507/507
f 155/155/155 506/506/506 713/713/713
f 506/506/506 114/114/114 388/388/388
f 714/714/714 400/400/400 128/128/128
f 479/479/479 714/714/714 520/520/520
f 181/181/181 519/519/519 714/714/714
f 519/519/519 127/127/127 400/400/400
f 715/715/715 389/389/389 116/116/116
f 443/443/443 715/715/715 508/508/508
f 157/157/157 507/507/507 715/715/715
f 507/507/507 115/115/115 389/389/389
f 716/716/716 405/405/405 103/103/103
f 493/493/493 716/716/716 494/494/494
f 191/191/191 495/495/495 716/716/716
f 495/495/495 132/132/132 405/405/405
f 717/717/717 401/401/401 129/129/129
f 482/482/482 717/717/717 521/521/521
f 183/183/183 520/520/520 717/717/717
f 520/520/520 128/128/128 401/401/401
f 718/718/718 525/525/525 117/117/117
f 527/527/527 718/718/718 509/509/509
f 159/159/159 508/508/508 718/718/718
f 508/508/508 116/116/116 525/525/525
f 719/719/719 379/379/379 105/105/105
f 412/412/412 719/719/719 497/497/497
f 135/135/135 496/496/496 719/719/719
f 496/496/496 104/104/104 379/379/379
f 720/720/720 402/402/402 130/130/130
f 485/485/485 720/720/720 522/522/522
f 185/185/185 521/521/521 720/720/720
f 521/521/521 129/129/129 402/402/402
f 721/721/721 407/407/407 136/136/136
f 408/408/408 721/721/721 406/406/406
f 133/133/133 409/409/409 721/721/721
f 409/409/409 135/135/135 407/407/407
f 722/722/722 411/411/411 138/138/138
f 407/407/407 722/722/722 410/410/410
f 135/135/135 412/412/412 722/722/722
f 412/412/412 137/137/137 411/411/411
f 723/723/723 414/414/414 140/140/140
f 411/411/411 723/723/723 413/413/413
f 137/137/137 415/415/415 723/723/723
f 415/415/415 139/139/139 414/414/414
f 724/724/724 417/417/417 142/142/142
f 414/414/414 724/724/724 416/416/416
f 139/139/139 418/418/418 724/724/724
f 418/418/418 141/141/141 417/417/417
f 725/725/725 420/420/420 144/144/144
f 417/417/417 725/725/725 419/419/419
f 141/141/141 421/421/421 725/725/725
f 421/421/421 143/143/143 420/420/420
f 726/726/726 423/423/423 146/146/146
f 420/420/420 726/726/726 422/422/422
f 143/143/143 424/424/424 726/726/726
f 424/424/424 145/145/145 423/423/423
f 727/727/727 426/426/426 148/148/148
f 423/423/423 727/727/727 425/425/425
f 145/145/145 427/427/427 727/727/727
f 427/427/427 147/147/147 426/426/426
f 728/728/728 429/429/429 150/150/150
f 426/426/426 728/728/728 428/428/428
f 147/147/147 430/430/430 728/728/728
f 430/430/430 149/149/149 429/429/429
f 729/729/729 432/432/432 152/152/152
f 429/429/429 729/729/729 431/431/431
f 149/149/149 433/433/433 729/729/729
f 433/433/433 151/151/151 432/432/432
f 730/730/730 435/435/435 154/154/154
f 432/432/432 730/730/730 434/434/434
f 151/151/151 436/436/436 730/730/730
f 436/436/436 153/153/153 435/435/435
f 731/731/731 437/437/437 156/156/156
f 435/435/435 731/731/731 446/446/446
f 153/153/153 444/444/444 731/731/731
f 444/444/444 155/155/155 437/437/437
f 732/732/732 439/439/439 158/158/158
f 437/437/437 732/732/732 438/438/438
f 155/155/155 440/440/440 732/732/732
f 440/440/440 157/157/157 439/439/439
f 733/733/733 442/442/442 160/160/160
f 439/439/439 733/733/733 441/441/441
f 157/157/157 443/443/443 733/733/733
f 443/443/443 159/159/159 442/442/442
f 734/734/734 445/445/445 162/162/162
f 442/442/442 734/734/734 526/526/526
f 159/159/159 527/527/527 734/734/734
f 527/527/527 161/161/161 445/445/445
f 735/735/735 448/448/448 164/164/164
f 445/445/445 735/735/735 447/447/447
f 161/161/161 449/449/449 735/735/735
f 449/449/449 163/163/163 448/448/448
f 736/736/736 451/451/451 166/166/166
f 448/448/448 736/736/736 450/450/450
f 163/163/163 452/452/452 736/736/736
f 452/452/452 165/165/165 451/451/451
f 737/737/737 454/454/454 168/168/168
f 451/451/451 737/737/737 453/453/453
f 165/165/165 455/455/455 737/737/737
f 455/455/455 167/167/167 454/454/454
f 738/738/738 457/457/457 170/170/170
f 454/454/454 738/738/738 456/456/456
f 167/167/167 458/458/458 738/738/738
f 458/458/458 169/169/169 457/457/457
f 739/739/739 460/460/460 172/172/172
f 457/457/457 739/739/739 459/459/459
f 169/169/169 461/461/461 739/739/739
f 461/461/461 171/171/171 460/460/460
f 740/740/740 463/463/463 174/174/174
f 460/460/460 740/740/740 462/462/462
f 171/171/171 464/464/464 740/740/740
f 464/464/464 173/173/173 463/463/463
f 741/741/741 466/466/466 176/176/176
f 463/463/463 741/741/741 465/465/465
f 173/173/173 467/467/467 741/741/741
f 467/467/467 175/175/175 466/466/466
f 742/742/742 469/469/469 178/178/178
f 466/466/466 742/742/742 468/468/468
f 175/175/175 470/470/470 742/742/742
f 470/470/470 177/177/177 469/469/469
f 743/743/743 472/472/472 180/180/180
f 469/469/469 743/743/743 471/471/471
f 177/177/177 473/473/473 743/743/743
f 473/473/473 179/179/179 472/472/472
f 744/744/744 475/475/475 182/182/182
f 472/472/472 744/744/744 474/474/474
f 179/179/179 476/476/476 744/744/744
f 476/476/476 181/181/181 475/475/475
f 745/745/745 478/478/478 184/184/184
f 475/475/475 745/745/745 477/477/477
f 181/181/181 479/479/479 745/745/745
f 479/479/479 183/183/183 478/478/478
f 746/746/746 481/481/481 186/186/186
f 478/478/478 746/746/746 480/480/480
f 183/183/183 482/482/482 746/746/746
f 482/482/482 185/185/185 481/481/481
f 747/747/747 484/484/484 188/188/188
f 481/481/481 747/747/747 483/483/483
f 185/185/185 485/485/485 747/747/747
f 485/485/485 187/187/187 484/484/484
f 748/748/748 487/487/487 190/190/190
f 484/484/484 748/748/748 486/486/486
f 187/187/187 488/488/488 748/748/748
f 488/488/488 189/189/189 487/487/487
f 749/749/749 490/490/490 192/192/192
f 487/487/487 749/749/749 489/489/489
f 189/189/189 491/491/491 749/749/749
f 491/491/491 191/191/191 490/490/490
f 750/750/750 408/408/408 134/134/134
f 490/490/490 750/750/750 492/492/492
f 191/191/191 493/493/493 750/750/750
f 493/493/493 133/133/133 408/408/408
f 751/751/751 539/539/539 131/131/131
f 540/540/540 751/751/751 403/403/403
f 208/208/208 536/536/536 751/751/751
f 536/536/536 209/209/209 539/539/539
f 752/752/752 541/541/541 118/118/118
f 542/542/542 752/752/752 390/390/390
f 199/199/199 529/529/529 752/752/752
f 529/529/529 200/200/200 541/541/541
f 753/753/753 543/543/543 132/132/132
f 539/539/539 753/753/753 404/404/404
f 209/209/209 537/537/537 753/753/753
f 537/537/537 210/210/210 543/543/543
f 754/754/754 589/589/589 119/119/119
f 541/541/541 754/754/754 391/391/391
f 200/200/200 565/565/565 754/754/754
f 565/565/565 99/99/99 589/589/589
f 755/755/755 590/590/590 104/104/104
f 591/591/591 755/755/755 378/378/378
f 91/91/91 361/361/361 755/755/755
f 361/361/361 92/92/92 590/590/590
f 756/756/756 591/591/591 103/103/103
f 543/543/543 756/756/756 405/405/405
f 210/210/210 569/569/569 756/756/756
f 569/569/569 91/91/91 591/591/591
f 757/757/757 592/592/592 120/120/120
f 589/589/589 757/757/757 392/392/392
f 99/99/99 364/364/364 757/757/757
f 364/364/364 100/100/100 592/592/592
f 758/758/758 593/593/593 105/105/105
f 590/590/590 758/758/758 379/379/379
f 92/92/92 362/362/362 758/758/758
f 362/362/362 93/93/93 593/593/593
f 759/759/759 544/544/544 121/121/121
f 592/592/592 759/759/759 393/393/393
f 100/100/100 566/566/566 759/759/759
f 566/566/566 201/201/201 544/544/544
f 760/760/760 545/545/545 106/106/106
f 593/593/593 760/760/760 380/380/380
f 93/93/93 557/557/557 760/760/760
f 557/557/557 193/193/193 545/545/545
f 761/761/761 594/594/594 122/122/122
f 544/544/544 761/761/761 394/394/394
f 201/201/201 567/567/567 761/761/761
f 567/567/567 101/101/101 594/594/594
f 762/762/762 546/546/546 107/107/107
f 545/545/545 762/762/762 381/381/381
f 193/193/193 528/528/528 762/762/762
f 528/528/528 194/194/194 546/546/546
f 763/763/763 595/595/595 123/123/123
f 594/594/594 763/763/763 395/395/395
f 101/101/101 365/365/365 763/763/763
f 365/365/365 102/102/102 595/595/595
f 764/764/764 542/542/542 117/117/117
f 547/547/547 764/764/764 525/525/525
f 198/198/198 538/538/538 764/764/764
f 538/538/538 199/199/199 542/542/542
f 765/765/765 596/596/596 108/108/108
f 546/546/546 765/765/765 382/382/382
f 194/194/194 558/558/558 765/765/765
f 558/558/558 94/94/94 596/596/596
f 766/766/766 548/548/548 124/124/124
f 595/595/595 766/766/766 396/396/396
f 102/102/102 568/568/568 766/766/766
f 568/568/568 202/202/202 548/548/548
f 767/767/767 597/597/597 109/109/109
f 596/596/596 767/767/767 383/383/383
f 94/94/94 363/363/363 767/767/767
f 363/363/363 95/95/95 597/597/597
f 768/768/768 549/549/549 125/125/125
f 548/548/548 768/768/768 397/397/397
f 202/202/202 530/530/530 768/768/768
f 530/530/530 203/203/203 549/549/549
f 769/769/769 550/550/550 110/110/110
f 597/597/597 769/769/769 384/384/384
f 95/95/95 559/559/559 769/769/769
f 559/559/559 195/195/195 550/550/550
f 770/770/770 551/551/551 126/126/126
f 549/549/549 770/770/770 398/398/398
f 203/203/203 531/531/531 770/770/770
f 531/531/531 204/204/204 551/551/551
f 771/771/771 598/598/598 111/111/111
f 550/550/550 771/771/771 385/385/385
f 195/195/195 560/560/560 771/771/771
f 560/560/560 96/96/96 598/598/598
f 772/772/772 552/552/552 127/127/127
f 551/551/551 772/772/772 399/399/399
f 204/204/204 532/532/532 772/772/772
f 532/532/532 205/205/205 552/552/552
f 773/773/773 553/553/553 112/112/112
f 598/598/598 773/773/773 386/386/386
f 96/96/96 561/561/561 773/773/773
f 561/561/561 196/196/196 553/553/553
f 774/774/774 554/554/554 128/128/128
f 552/552/552 774/774/774 400/400/400
f 205/205/205 533/533/533 774/774/774
f 533/533/533 206/206/206 554/554/554
f 775/775/775 599/599/599 113/113/113
f 553/553/553 775/775/775 387/387/387
f 196/196/196 562/562/562 775/775/775
f 562/562/562 97/97/97 599/599/599
f 776/776/776 555/555/555 129/129/129
f 554/554/554 776/776/776 401/401/401
f 206/206/206 534/534/534 776/776/776
f 534/534/534 207/207/207 555/555/555
f 777/777/777 600/600/600 115/115/115
f 556/556/556 777/777/777 388/388/388
f 197/197/197 563/563/563 777/777/777
f 563/563/563 98/98/98 600/600/600
f 778/778/778 540/540/540 130/130/130
f 555/555/555 778/778/778 402/402/402
f 207/207/207 535/535/535 778/778/778
f 535/535/535 208/208/208 540/540/540
f 779/779/779 556/556/556 114/114/114
f 599/599/599 779/779/779 524/524/524
f 97/97/97 570/570/570 779/779/779
f 570/570/570 197/197/197 556/556/556
f 780/780/780 547/547/547 116/116/116
f 600/600/600 780/780/780 389/389/389
f 98/98/98 564/564/564 780/780/780
f 564/564/564 198/198/198 547/547/547
f 1111/1111/1111 901/901/901 782/782/782
f 932/932/932 1111/1111/1111 1019/1019/1019
f 811/811/811 1017/1017/1017 1111/1111/1111
f 1017/1017/1017 781/781/781 901/901/901
f 1112/1112/1112 903/903/903 784/784/784
f 938/938/938 1112/1112/1112 1021/1021/1021
f 815/815/815 1020/1020/1020 1112/1112/1112
f 1020/1020/1020 783/783/783 903/903/903
f 1113/1113/1113 926/926/926 809/809/809
f 1011/1011/1011 1113/1113/1113 1046/1046/1046
f 865/865/865 1045/1045/1045 1113/1113/1113
f 1045/1045/1045 808/808/808 926/926/926
f 1114/1114/1114 913/913/913 796/796/796
f 972/972/972 1114/1114/1114 1033/1033/1033
f 839/839/839 1032/1032/1032 1114/1114/1114
f 1032/1032/1032 795/795/795 913/913/913
f 1115/1115/1115 904/904/904 785/785/785
f 941/941/941 1115/1115/1115 1022/1022/1022
f 817/817/817 1021/1021/1021 1115/1115/1115
f 1021/1021/1021 784/784/784 904/904/904
f 1116/1116/1116 927/927/927 810/810/810
f 1014/1014/1014 1116/1116/1116 1018/1018/1018
f 867/867/867 1046/1046/1046 1116/1116/1116
f 1046/1046/1046 809/809/809 927/927/927
f 1117/1117/1117 914/914/914 797/797/797
f 975/975/975 1117/1117/1117 1034/1034/1034
f 841/841/841 1033/1033/1033 1117/1117/1117
f 1033/1033/1033 796/796/796 914/914/914
f 1118/1118/1118 905/905/905 786/786/786
f 944/944/944 1118/1118/1118 1023/1023/1023
f 819/819/819 1022/1022/1022 1118/1118/1118
f 1022/1022/1022 785/785/785 905/905/905
f 1119/1119/1119 915/915/915 798/798/798
f 978/978/978 1119/1119/1119 1035/1035/1035
f 843/843/843 1034/1034/1034 1119/1119/1119
f 1034/1034/1034 797/797/797 915/915/915
f 1120/1120/1120 906/906/906 787/787/787
f 947/947/947 1120/1120/1120 1024/1024/1024
f 821/821/821 1023/1023/1023 1120/1120/1120
f 1023/1023/1023 786/786/786 906/906/906
f 1121/1121/1121 916/916/916 799/799/799
f 981/981/981 1121/1121/1121 1036/1036/1036
f 845/845/845 1035/1035/1035 1121/1121/1121
f 1035/1035/1035 798/798/798 916/916/916
f 1122/1122/1122 907/907/907 788/788/788
f 950/950/950 1122/1122/1122 1025/1025/1025
f 823/823/823 1024/1024/1024 1122/1122/1122
f 1024/1024/1024 787/787/787 907/907/907
f 1123/1123/1123 917/917/917 800/800/800
f 984/984/984 1123/1123/1123 1037/1037/1037
f 847/847/847 1036/1036/1036 1123/1123/1123
f 1036/1036/1036 799/799/799 917/917/917
f 1124/1124/1124 908/908/908 789/789/789
f 953/953/953 1124/1124/1124 1026/1026/1026
f 825/825/825 1025/1025/1025 1124/1124/1124
f 1025/1025/1025 788/788/788 908/908/908
f 1125/1125/1125 918/918/918 801/801/801
f 987/987/987 1125/1125/1125 1038/1038/1038
f 849/849/849 1037/1037/1037 1125/1125/1125
f 1037/1037/1037 800/800/800 918/918/918
f 1126/1126/1126 909/909/909 790/790/790
f 956/956/956 1126/1126/1126 1027/1027/1027
f 827/827/827 1026/1026/1026 1126/1126/1126
f 1026/1026/1026 789/789/789 909/909/909
f 1127/1127/1127 919/919/919 802/802/802
f 990/990/990 1127/1127/1127 1039/1039/1039
f 851/851/851 1038/1038/1038 1127/1127/1127
f 1038/1038/1038 801/801/801 919/919/919
f 1128/1128/1128 910/910/910 791/791/791
f 959/959/959 1128/1128/1128 1028/1028/1028
f 829/829/829 1027/1027/1027 1128/1128/1128
f 1027/1027/1027 790/790/790 910/910/910
f 1129/1129/1129 920/920/920 803/803/803
f 993/993/993 1129/1129/1129 1040/1040/1040
f 853/853/853 1039/1039/1039 1129/1129/1129
f 1039/1039/1039 802/802/802 920/920/920
f 1130/1130/1130 921/921/921 804/804/804
f 996/996/996 1130/1130/1130 1041/1041/1041
f 855/855/855 1040/1040/1040 1130/1130/1130
f 1040/1040/1040 803/803/803 921/921/921
f 1131/1131/1131 1047/1047/1047 792/792/792
f 967/967/967 1131/1131/1131 1029/1029/1029
f 831/831/831 1028/1028/1028 1131/1131/1131
f 1028/1028/1028 791/791/791 1047/1047/1047
f 1132/1132/1132 922/922/922 805/805/805
f 999/999/999 1132/1132/1132 1042/1042/1042
f 857/857/857 1041/1041/1041 1132/1132/1132
f 1041/1041/1041 804/804/804 922/922/922
f 1133/1133/1133 911/911/911 793/793/793
f 963/963/963 1133/1133/1133 1030/1030/1030
f 833/833/833 1029/1029/1029 1133/1133/1133
f 1029/1029/1029 792/792/792 911/911/911
f 1134/1134/1134 923/923/923 806/806/806
f 1002/1002/1002 1134/1134/1134 1043/1043/1043
f 859/859/859 1042/1042/1042 1134/1134/1134
f 1042/1042/1042 805/805/805 923/923/923
f 1135/1135/1135 912/912/912 794/794/794
f 966/966/966 1135/1135/1135 1031/1031/1031
f 835/835/835 1030/1030/1030 1135/1135/1135
f 1030/1030/1030 793/793/793 912/912/912
f 1136/1136/1136 928/928/928 781/781/781
f 1016/1016/1016 1136/1136/1136 1017/1017/1017
f 869/869/869 1018/1018/1018 1136/1136/1136
f 1018/1018/1018 810/810/810 928/928/928
f 1137/1137/1137 924/924/924 807/807/807
f 1005/1005/1005 1137/1137/1137 1044/1044/1044
f 861/861/861 1043/1043/1043 1137/1137/1137
f 1043/1043/1043 806/806/806 924/924/924
f 1138/1138/1138 1048/1048/1048 795/795/795
f 1050/1050/1050 1138/1138/1138 1032/1032/1032
f 837/837/837 1031/1031/1031 1138/1138/1138
f 1031/1031/1031 794/794/794 1048/1048/1048
f 1139/1139/1139 902/902/902 783/783/783
f 935/935/935 1139/1139/1139 1020/1020/1020
f 813/813/813 1019/1019/1019 1139/1139/1139
f 1019/1019/1019 782/782/782 902/902/902
f 1140/1140/1140 925/925/925 808/808/808
f 1008/1008/1008 1140/1140/1140 1045/1045/1045
f 863/863/863 1044/1044/1044 1140/1140/1140
f 1044/1044/1044 807/807/807 925/925/925
f 1141/1141/1141 930/930/930 814/814/814
f 931/931/931 1141/1141/1141 929/929/929
f 811/811/811 932/932/932 1141/1141/1141
f 932/932/932 813/813/813 930/930/930
f 1142/1142/1142 934/934/934 816/816/816
f 930/930/930 1142/1142/1142 933/933/933
f 813/813/813 935/935/935 1142/1142/1142
f 935/935/935 815/815/815 934/934/934
f 1143/1143/1143 937/937/937 818/818/818
f 934/934/934 1143/1143/1143 936/936/936
f 815/815/815 938/938/938 1143/1143/1143
f 938/938/938 817/817/817 937/937/937
f 1144/1144/1144 940/940/940 820/820/820
f 937/937/937 1144/1144/1144 939/939/939
f 817/817/817 941/941/941 1144/1144/1144
f 941/941/941 819/819/819 940/940/940
f 1145/1145/1145 943/943/943 822/822/822
f 940/940/940 1145/1145/1145 942/942/942
f 819/819/819 944/944/944 1145/1145/1145
f 944/944/944 821/821/821 943/943/943
f 1146/1146/1146 946/946/946 824/824/824
f 943/943/943 1146/1146/1146 945/945/945
f 821/821/821 947/947/947 1146/1146/1146
f 947/947/947 823/823/823 946/946/946
f 1147/1147/1147 949/949/949 826/826/826
f 946/946/946 1147/1147/1147 948/948/948
f 823/823/823 950/950/950 1147/1147/1147
f 950/950/950 825/825/825 949/949/949
f 1148/1148/1148 952/952/952 828/828/828
f 949/949/949 1148/1148/1148 951/951/951
f 825/825/825 953/953/953 1148/1148/1148
f 953/953/953 827/827/827 952/952/952
f 1149/1149/1149 955/955/955 830/830/830
f 952/952/952 1149/1149/1149 954/954/954
f 827/827/827 956/956/956 1149/1149/1149
f 956/956/956 829/829/829 955/955/955
f 1150/1150/1150 958/958/958 832/832/832
f 955/955/955 1150/1150/1150 957/957/957
f 829/829/829 959/959/959 1150/1150/1150
f 959/959/959 831/831/831 958/958/958
f 1151/1151/1151 960/960/960 834/834/834
f 958/958/958 1151/1151/1151 969/969/969
f 831/831/831 967/967/967 1151/1151/1151
f 967/967/967 833/833/833 960/960/960
f 1152/1152/1152 962/962/962 836/836/836
f 960/960/960 1152/1152/1152 961/961/961
f 833/833/833 963/963/963 1152/1152/1152
f 963/963/963 835/835/835 962/962/962
f 1153/1153/1153 965/965/965 838/838/838
f 962/962/962 1153/1153/1153 964/964/964
f 835/835/835 966/966/966 1153/1153/1153
f 966/966/966 837/837/837 965/965/965
f 1154/1154/1154 968/968/968 840/840/840
f 965/965/965 1154/1154/1154 1049/1049/1049
f 837/837/837 1050/1050/1050 1154/1154/1154
f 1050/1050/1050 839/839/839 968/968/968
f 1155/1155/1155 971/971/971 842/842/842
f 968/968/968 1155/1155/1155 970/970/970
f 839/839/839 972/972/972 1155/1155/1155
f 972/972/972 841/841/841 971/971/971
f 1156/1156/1156 974/974/974 844/844/844
f 971/971/971 1156/1156/1156 973/973/973
f 841/841/841 975/975/975 1156/1156/1156
f 975/975/975 843/843/843 974/974/974
f 1157/1157/1157 977/977/977 846/846/846
f 974/974/974 1157/1157/1157 976/976/976
f 843/843/843 978/978/978 1157/1157/1157
f 978/978/978 845/845/845 977/977/977
f 1158/1158/1158 980/980/980 848/848/848
f 977/977/977 1158/1158/1158 979/979/979
f 845/845/845 981/981/981 1158/1158/1158
f 981/981/981 847/847/847 980/980/980
f 1159/1159/1159 983/983/983 850/850/850
f 980/980/980 1159/1159/1159 982/982/982
f 847/847/847 984/984/984 1159/1159/1159
f 984/984/984 849/849/849 983/983/983
f 1160/1160/1160 986/986/986 852/852/852
f 983/983/983 1160/1160/1160 985/985/985
f 849/849/849 987/987/987 1160/1160/1160
f 987/987/987 851/851/851 986/986/986
f 1161/1161/1161 989/989/989 854/854/854
f 986/986/986 1161/1161/1161 988/988/988
f 851/851/851 990/990/990 1161/1161/1161
f 990/990/990 853/853/853 989/989/989
f 1162/1162/1162 992/992/992 856/856/856
f 989/989/989 1162/1162/1162 991/991/991
f 853/853/853 993/993/993 1162/1162/1162
f 993/993/993 855/855/855 992/992/992
f 1163/1163/1163 995/995/995 858/858/858
f 992/992/992 1163/1163/1163 994/994/994
f 855/855/855 996/996/996 1163/1163/1163
f 996/996/996 857/857/857 995/995/995
f 1164/1164/1164 998/998/998 860/860/860
f 995/995/995 1164/1164/1164 997/997/997
f 857/857/857 999/999/999 1164/1164/1164
f 999/999/999 859/859/859 998/998/998
f 1165/1165/1165 1001/1001/1001 862/862/862
f 998/998/998 1165/1165/1165 1000/1000/1000
f 859/859/859 1002/1002/1002 1165/1165/1165
f 1002/1002/1002 861/861/861 1001/1001/1001
f 1166/1166/1166 1004/1004/1004 864/864/864
f 1001/1001/1001 1166/1166/1166 1003/1003/1003
f 861/861/861 1005/1005/1005 1166/1166/1166
f 1005/1005/1005 863/863/863 1004/1004/1004
f 1167/1167/1167 1007/1007/1007 866/866/866
f 1004/1004/1004 1167/1167/1167 1006/1006/1006
f 863/863/863 1008/1008/1008 1167/1167/1167
f 1008/1008/1008 865/865/865 1007/1007/1007
f 1168/1168/1168 1010/1010/1010 868/868/868
f 1007/1007/1007 1168/1168/1168 1009/1009/1009
f 865/865/865 1011/1011/1011 1168/1168/1168
f 1011/1011/1011 867/867/867 1010/1010/1010
f 1169/1169/1169 1013/1013/1013 870/870/870
f 1010/1010/1010 1169/1169/1169 1012/1012/1012
f 867/867/867 1014/1014/1014 1169/1169/1169
f 1014/1014/1014 869/869/869 1013/1013/1013
f 1170/1170/1170 931/931/931 812/812/812
f 1013/1013/1013 1170/1170/1170 1015/1015/1015
f 869/869/869 1016/1016/1016 1170/1170/1170
f 1016/1016/1016 811/811/811 931/931/931
f 1171/1171/1171 1059/1059/1059 809/809/809
f 1060/1060/1060 1171/1171/1171 926/926/926
f 885/885/885 1058/1058/1058 1171/1171/1171
f 1058/1058/1058 886/886/886 1059/1059/1059
f 1172/1172/1172 1061/1061/1061 796/796/796
f 1097/1097/1097 1172/1172/1172 913/913/913
f 895/895/895 1088/1088/1088 1172/1172/1172
f 1088/1088/1088 877/877/877 1061/1061/1061
f 1173/1173/1173 1098/1098/1098 810/810/810
f 1059/1059/1059 1173/1173/1173 927/927/927
f 886/886/886 1095/1095/1095 1173/1173/1173
f 1095/1095/1095 900/900/900 1098/1098/1098
f 1174/1174/1174 1062/1062/1062 797/797/797
f 1061/1061/1061 1174/1174/1174 914/914/914
f 877/877/877 1053/1053/1053 1174/1174/1174
f 1053/1053/1053 878/878/878 1062/1062/1062
f 1175/1175/1175 1099/1099/1099 782/782/782
f 1063/1063/1063 1175/1175/1175 901/901/901
f 871/871/871 1081/1081/1081 1175/1175/1175
f 1081/1081/1081 887/887/887 1099/1099/1099
f 1176/1176/1176 1063/1063/1063 781/781/781
f 1098/1098/1098 1176/1176/1176 928/928/928
f 900/900/900 1096/1096/1096 1176/1176/1176
f 1096/1096/1096 871/871/871 1063/1063/1063
f 1177/1177/1177 1100/1100/1100 798/798/798
f 1062/1062/1062 1177/1177/1177 915/915/915
f 878/878/878 1089/1089/1089 1177/1177/1177
f 1089/1089/1089 896/896/896 1100/1100/1100
f 1178/1178/1178 1064/1064/1064 783/783/783
f 1099/1099/1099 1178/1178/1178 902/902/902
f 887/887/887 1082/1082/1082 1178/1178/1178
f 1082/1082/1082 872/872/872 1064/1064/1064
f 1179/1179/1179 1065/1065/1065 799/799/799
f 1100/1100/1100 1179/1179/1179 916/916/916
f 896/896/896 1090/1090/1090 1179/1179/1179
f 1090/1090/1090 879/879/879 1065/1065/1065
f 1180/1180/1180 1101/1101/1101 784/784/784
f 1064/1064/1064 1180/1180/1180 903/903/903
f 872/872/872 1083/1083/1083 1180/1180/1180
f 1083/1083/1083 888/888/888 1101/1101/1101
f 1181/1181/1181 1066/1066/1066 800/800/800
f 1065/1065/1065 1181/1181/1181 917/917/917
f 879/879/879 1054/1054/1054 1181/1181/1181
f 1054/1054/1054 880/880/880 1066/1066/1066
f 1182/1182/1182 1102/1102/1102 785/785/785
f 1101/1101/1101 1182/1182/1182 904/904/904
f 888/888/888 1075/1075/1075 1182/1182/1182
f 1075/1075/1075 889/889/889 1102/1102/1102
f 1183/1183/1183 1067/1067/1067 801/801/801
f 1066/1066/1066 1183/1183/1183 918/918/918
f 880/880/880 1055/1055/1055 1183/1183/1183
f 1055/1055/1055 881/881/881 1067/1067/1067
f 1184/1184/1184 1097/1097/1097 795/795/795
f 1103/1103/1103 1184/1184/1184 1048/1048/1048
f 894/894/894 1080/1080/1080 1184/1184/1184
f 1080/1080/1080 895/895/895 1097/1097/1097
f 1185/1185/1185 1104/1104/1104 786/786/786
f 1102/1102/1102 1185/1185/1185 905/905/905
f 889/889/889 1076/1076/1076 1185/1185/1185
f 1076/1076/1076 890/890/890 1104/1104/1104
f 1186/1186/1186 1068/1068/1068 802/802/802
f 1067/1067/1067 1186/1186/1186 919/919/919
f 881/881/881 1056/1056/1056 1186/1186/1186
f 1056/1056/1056 882/882/882 1068/1068/1068
f 1187/1187/1187 1105/1105/1105 787/787/787
f 1104/1104/1104 1187/1187/1187 906/906/906
f 890/890/890 1077/1077/1077 1187/1187/1187
f 1077/1077/1077 891/891/891 1105/1105/1105
f 1188/1188/1188 1069/1069/1069 803/803/803
f 1068/1068/1068 1188/1188/1188 920/920/920
f 882/882/882 1057/1057/1057 1188/1188/1188
f 1057/1057/1057 883/883/883 1069/1069/1069
f 1189/1189/1189 1070/1070/1070 788/788/788
f 1105/1105/1105 1189/1189/1189 907/907/907
f 891/891/891 1084/1084/1084 1189/1189/1189
f 1084/1084/1084 873/873/873 1070/1070/1070
f 1190/1190/1190 1106/1106/1106 804/804/804
f 1069/1069/1069 1190/1190/1190 921/921/921
f 883/883/883 1091/1091/1091 1190/1190/1190
f 1091/1091/1091 897/897/897 1106/1106/1106
f 1191/1191/1191 1071/1071/1071 789/789/789
f 1070/1070/1070 1191/1191/1191 908/908/908
f 873/873/873 1051/1051/1051 1191/1191/1191
f 1051/1051/1051 874/874/874 1071/1071/1071
f 1192/1192/1192 1107/1107/1107 805/805/805
f 1106/1106/1106 1192/1192/1192 922/922/922
f 897/897/897 1078/1078/1078 1192/1192/1192
f 1078/1078/1078 898/898/898 1107/1107/1107
f 1193/1193/1193 1072/1072/1072 790/790/790
f 1071/1071/1071 1193/1193/1193 909/909/909
f 874/874/874 1052/1052/1052 1193/1193/1193
f 1052/1052/1052 875/875/875 1072/1072/1072
f 1194/1194/1194 1073/1073/1073 806/806/806
f 1107/1107/1107 1194/1194/1194 923/923/923
f 898/898/898 1092/1092/1092 1194/1194/1194
f 1092/1092/1092 884/884/884 1073/1073/1073
f 1195/1195/1195 1108/1108/1108 791/791/791
f 1072/1072/1072 1195/1195/1195 910/910/910
f 875/875/875 1085/1085/1085 1195/1195/1195
f 1085/1085/1085 892/892/892 1108/1108/1108
f 1196/1196/1196 1109/1109/1109 807/807/807
f 1073/1073/1073 1196/1196/1196 924/924/924
f 884/884/884 1093/1093/1093 1196/1196/1196
f 1093/1093/1093 899/899/899 1109/1109/1109
f 1197/1197/1197 1074/1074/1074 793/793/793
f 1110/1110/1110 1197/1197/1197 911/911/911
f 893/893/893 1086/1086/1086 1197/1197/1197
f 1086/1086/1086 876/876/876 1074/1074/1074
f 1198/1198/1198 1060/1060/1060 808/808/808
f 1109/1109/1109 1198/1198/1198 925/925/925
f 899/899/899 1094/1094/1094 1198/1198/1198
f 1094/1094/1094 885/885/885 1060/1060/1060
f 1199/1199/1199 1110/1110/1110 792/792/792
f 1108/1108/1108 1199/1199/1199 1047/1047/1047
f 892/892/892 1079/1079/1079 1199/1199/1199
f 1079/1079/1079 893/893/893 1110/1110/1110
f 1200/1200/1200 1103/1103/1103 794/794/794
f 1074/1074/1074 1200/1200/1200 912/912/912
f 876/876/876 1087/1087/1087 1200/1200/1200
f 1087/1087/1087 894/894/894 1103/1103/1103

