mtllib material.mtl
usemtl calculator_mat.001
v 0.07022300 0.00114800 0.09302700
v 0.07150000 0.00114800 -0.02945100
v 0.06669600 0.00114800 -0.06227800
v 0.07513200 0.00114800 -0.02945100
v 0.07118200 0.01288800 -0.02320000
v 0.07118200 0.01288800 -0.02320000
v 0.07118200 0.01288800 -0.02320000
v 0.07650000 0.01103200 -0.02945100
v 0.07650000 0.01103200 -0.02945100
v 0.07118100 0.01301600 -0.02919900
v 0.07118100 0.01301600 -0.02919900
v 0.07118100 0.01301600 -0.02919900
v 0.07650000 0.00540700 -0.02945100
v 0.07650000 0.00540700 -0.02945100
v 0.05933700 0.01034100 0.09654300
v 0.05939900 0.02904400 -0.09709400
v 0.05939900 0.02904400 -0.09709400
v 0.07513200 0.00114800 0.09302700
v 0.07022300 0.00114800 0.09802700
v 0.07475900 0.00114800 0.09494000
v 0.07369400 0.00114800 0.09656200
v 0.07210200 0.00114800 0.09764600
v 0.06666000 0.00114800 -0.06621900
v 0.07136000 0.00114800 -0.06227800
v 0.06844300 0.00114800 -0.06593800
v 0.06995600 0.00114800 -0.06513800
v 0.07096600 0.00114800 -0.06394100
v 0.05941900 0.01032000 0.09754300
v 0.05941900 0.01032000 0.09754300
v 0.07350000 0.01288800 -0.02320100
v 0.07450000 0.01288800 -0.02319600
v 0.07450000 0.01288800 -0.02319600
v 0.07450000 0.01090300 -0.02343800
v 0.07450000 0.01090300 -0.02343800
v 0.07341300 0.00114800 -0.02342800
v 0.05931700 0.01301600 -0.02919900
v 0.05931700 0.01301600 -0.02919900
v 0.07650000 0.01090300 -0.02342800
v 0.07650000 0.01090300 -0.02342800
v 0.05939900 0.02709800 -0.09755300
v 0.05939900 0.02709800 -0.09755300
v 0.07650000 0.00527800 -0.02342800
v 0.07650000 0.00527800 -0.02342800
v 0.07513200 0.00114800 -0.02342800
v 0.07150000 0.00114800 -0.02342800
v 0.07150000 0.00114800 -0.02342800
v 0.07150000 0.00114800 -0.02342800
v 0.07130300 0.00832000 0.09750000
v 0.07130300 0.00832000 0.09750000
v 0.07450000 0.00838800 0.09430300
v 0.07450000 0.00838800 0.09430300
v 0.07450000 0.00838800 0.09430300
v 0.07450000 0.00838800 0.09430300
v 0.07263300 0.00832600 0.09723600
v 0.07263300 0.00832600 0.09723600
v 0.07359300 0.00833900 0.09659400
v 0.07359300 0.00833900 0.09659400
v 0.07423500 0.00836000 0.09563300
v 0.07423500 0.00836000 0.09563300
v 0.05941900 0.00832000 0.09750000
v 0.05941900 0.00832000 0.09750000
v 0.05958300 0.00114800 0.09494000
v 0.07450000 0.02610800 -0.09335800
v 0.07450000 0.02610800 -0.09335800
v 0.07127900 0.02709800 -0.09755300
v 0.07127900 0.02709800 -0.09755300
v 0.07421300 0.02659600 -0.09542800
v 0.07421300 0.02659600 -0.09542800
v 0.07421300 0.02659600 -0.09542800
v 0.07421300 0.02659600 -0.09542800
v 0.07351700 0.02686600 -0.09657000
v 0.07351700 0.02686600 -0.09657000
v 0.07255500 0.02703200 -0.09727500
v 0.07255500 0.02703200 -0.09727500
v 0.05555000 0.00114800 -0.06394100
v 0.07150000 0.02193200 -0.09950000
v 0.07150000 0.02193200 -0.09950000
v 0.07650000 0.02050500 -0.09344900
v 0.07650000 0.02050500 -0.09344900
v 0.07341300 0.02183300 -0.09907700
v 0.07341300 0.02183300 -0.09907700
v 0.07503600 0.02154800 -0.09787100
v 0.07503600 0.02154800 -0.09787100
v 0.07611900 0.02112300 -0.09606700
v 0.07611900 0.02112300 -0.09606700
v 0.07611900 0.02112300 -0.09606700
v 0.07150000 0.00265300 0.09950000
v 0.07150000 0.00265300 0.09950000
v 0.07650000 0.00275900 0.09450000
v 0.07650000 0.00275900 0.09450000
v 0.07650000 0.00275900 0.09450000
v 0.07341300 0.00266100 0.09911900
v 0.07341300 0.00266100 0.09911900
v 0.07503600 0.00268400 0.09803600
v 0.07503600 0.00268400 0.09803600
v 0.07611900 0.00271900 0.09641300
v 0.07611900 0.00271900 0.09641300
v 0.05958300 0.02755700 -0.09950000
v 0.05958300 0.02755700 -0.09950000
v 0.06666000 0.00114800 -0.06394100
v 0.05958300 0.02193200 -0.09950000
v 0.05958300 0.02193200 -0.09950000
v 0.06844300 0.00114800 -0.06394100
v 0.06848100 0.00114800 -0.06227800
v 0.07341300 0.00114800 -0.02945100
v 0.07210200 0.00114800 0.09302700
v 0.07210200 0.00114800 0.09494000
v 0.07022300 0.00114800 0.09494000
v 0.05958300 0.00114800 -0.02342800
v 0.05958300 0.00114800 -0.02342800
v 0.07150000 0.00827700 0.09950000
v 0.07150000 0.00827700 0.09950000
v 0.05931800 0.01288800 -0.02319700
v 0.05931800 0.01288800 -0.02319700
v 0.07611900 0.02675900 -0.09611600
v 0.07611900 0.02675900 -0.09611600
v 0.07611900 0.02675900 -0.09611600
v 0.07611900 0.02675900 -0.09611600
v 0.07650000 0.02614800 -0.09352700
v 0.07650000 0.02614800 -0.09352700
v 0.07503600 0.02717800 -0.09789400
v 0.07503600 0.02717800 -0.09789400
v 0.07341300 0.02745900 -0.09908300
v 0.07341300 0.02745900 -0.09908300
v 0.07150000 0.02755700 -0.09950000
v 0.07150000 0.02755700 -0.09950000
v 0.07650000 0.00838400 0.09450000
v 0.07650000 0.00838400 0.09450000
v 0.07650000 0.00838400 0.09450000
v 0.07650000 0.00838400 0.09450000
v 0.07611900 0.00834300 0.09641300
v 0.07611900 0.00834300 0.09641300
v 0.07503600 0.00830900 0.09803600
v 0.07503600 0.00830900 0.09803600
v 0.07341300 0.00828500 0.09911900
v 0.07341300 0.00828500 0.09911900
v 0.07450000 0.01103200 -0.02945100
v 0.07450000 0.01103200 -0.02945100
v 0.07450000 0.01301600 -0.02919900
v 0.07450000 0.01301600 -0.02919900
v 0.07120400 0.01034100 0.09654300
v 0.05555000 0.00114800 -0.06621900
v 0.05558000 0.00114800 -0.06227800
v 0.07326000 0.02846200 -0.09462500
v 0.07350000 0.02803500 -0.09281600
v 0.07275800 0.02865600 -0.09544900
v 0.07212600 0.02876500 -0.09591200
v 0.07116800 0.02881500 -0.09612100
v 0.07350000 0.01039000 0.09424700
v 0.07329300 0.01036800 0.09528600
v 0.07287200 0.01035400 0.09591600
v 0.07224300 0.01034500 0.09633700
v 0.07130300 0.01032000 0.09754300
v 0.07130300 0.01032000 0.09754300
v 0.05958300 0.00114800 0.09802700
v 0.07421300 0.02854300 -0.09496800
v 0.07421300 0.02854300 -0.09496800
v 0.07421300 0.02854300 -0.09496800
v 0.07450000 0.02805500 -0.09290000
v 0.07450000 0.02805500 -0.09290000
v 0.07351700 0.02881300 -0.09611100
v 0.07351700 0.02881300 -0.09611100
v 0.07255500 0.02897900 -0.09681600
v 0.07255500 0.02897900 -0.09681600
v 0.07127900 0.02904400 -0.09709400
v 0.07127900 0.02904400 -0.09709400
v 0.07450000 0.01038800 0.09434600
v 0.07450000 0.01038800 0.09434600
v 0.07450000 0.01038800 0.09434600
v 0.07423500 0.01035900 0.09567600
v 0.07423500 0.01035900 0.09567600
v 0.07359300 0.01033900 0.09663700
v 0.07359300 0.01033900 0.09663700
v 0.07263300 0.01032500 0.09727900
v 0.07263300 0.01032500 0.09727900
v 0.05958300 0.00265300 0.09950000
v 0.05958300 0.00265300 0.09950000
v 0.05958300 0.00827700 0.09950000
v 0.05958300 0.00827700 0.09950000
v 0.07350000 0.01301600 -0.02919900
v 0.05958300 0.00114800 0.09302700
v 0.07120400 0.01039000 0.09424700
v 0.07224100 0.01039000 0.09424700
v 0.07217200 0.01288800 -0.02320000
v 0.07216800 0.01301600 -0.02919900
v 0.07212800 0.02803500 -0.09281600
v 0.07120400 0.01036800 0.09528600
v 0.07224200 0.01036800 0.09528600
v 0.05958300 0.00114800 -0.02945100
v 0.07212700 0.02846200 -0.09462500
v 0.07116800 0.02846100 -0.09462500
v 0.05930700 0.02881500 -0.09612100
v 0.05933700 0.01039000 0.09424700
v 0.05930700 0.02814900 -0.09330300
v 0.05930700 0.02814900 -0.09330300
v 0.05933700 0.01036800 0.09528600
v 0.05930700 0.02846100 -0.09462500
v -0.07350000 0.01299000 -0.02798900
v 0.07118200 0.01258200 -0.02320700
v 0.07118200 0.01258200 -0.02320700
v 0.07118200 0.01258200 -0.02320700
v 0.07118100 0.01270900 -0.02920500
v 0.07118100 0.01270900 -0.02920500
v 0.07118100 0.01270900 -0.02920500
v -0.07150000 0.00114800 -0.02823600
v 0.07450000 0.01450400 -0.04417000
v 0.07450000 0.01450400 -0.04417000
v 0.07450000 0.02144900 -0.07360800
v 0.07450000 0.02144900 -0.07360800
v 0.07450000 0.01647900 -0.04387000
v 0.07450000 0.01647900 -0.04387000
v 0.07450000 0.02340700 -0.07321400
v 0.07450000 0.02340700 -0.07321400
v 0.07350000 0.01647500 -0.04385100
v 0.07350000 0.02339300 -0.07315500
v 0.05632600 0.00114800 -0.05616500
v 0.07213500 0.02523800 -0.08096900
v 0.05800500 0.00114800 -0.04239800
v 0.07350000 0.02523800 -0.08096900
v 0.05681700 0.00114800 -0.05213300
v 0.07450000 0.02525400 -0.08103800
v 0.07450000 0.02525400 -0.08103800
v 0.07214000 0.02339300 -0.07315600
v 0.07450000 0.02330100 -0.08145700
v 0.07450000 0.02330100 -0.08145700
v 0.07215900 0.01647500 -0.04385100
v 0.06940000 0.00114800 -0.05616500
v 0.07650000 0.02333300 -0.08159500
v 0.07650000 0.02333300 -0.08159500
v 0.07650000 0.01769300 -0.08153100
v 0.07650000 0.01769300 -0.08153100
v 0.07231700 0.00114800 -0.05616500
v 0.05930900 0.02512300 -0.08048200
v 0.05930900 0.02512300 -0.08048200
v 0.06759100 0.00114800 -0.05616500
v 0.05930700 0.02717600 -0.09353200
v 0.05930700 0.02717600 -0.09353200
v 0.05930900 0.02414900 -0.08071200
v 0.05930900 0.02414900 -0.08071200
v 0.07000500 0.00114800 -0.05213300
v 0.07146800 0.00114800 -0.04239800
v 0.07650000 0.02147600 -0.07372500
v 0.07650000 0.02147600 -0.07372500
v 0.07650000 0.01451300 -0.04420900
v 0.07650000 0.01451300 -0.04420900
v 0.07650000 0.01583900 -0.07367100
v 0.07650000 0.01583900 -0.07367100
v 0.07650000 0.00888400 -0.04419100
v 0.07650000 0.00888400 -0.04419100
v 0.07294900 0.00114800 -0.05213300
v 0.07376700 0.00114800 -0.04239800
v 0.05931500 0.01647500 -0.04385100
v 0.05931500 0.01647500 -0.04385100
v 0.05931000 0.02339300 -0.07315600
v 0.05931000 0.02339300 -0.07315600
v 0.06818100 0.00114800 -0.05213300
v 0.06960500 0.00114800 -0.04239800
v 0.05931500 0.01320700 -0.04551200
v 0.05931500 0.01320700 -0.04551200
v 0.05931000 0.02244500 -0.07195400
v 0.05931000 0.02244500 -0.07195400
v 0.05931100 0.02074300 -0.06885200
v 0.05931100 0.02074300 -0.06885200
v 0.05931500 0.01322600 -0.04834000
v 0.05931500 0.01322600 -0.04834000
v 0.05931500 0.01275700 -0.04851200
v 0.05931500 0.01275700 -0.04851200
v 0.05931100 0.02027300 -0.06902400
v 0.05931100 0.02027300 -0.06902400
v -0.07513200 0.00114800 -0.02823600
v -0.07450000 0.01100600 -0.02823800
v -0.07450000 0.01100600 -0.02823800
v 0.05575100 0.00114800 -0.06087500
v 0.05615500 0.00114800 -0.05756700
v 0.07350000 0.02739300 -0.09009700
v 0.07350000 0.02588000 -0.08368700
v 0.07450000 0.02741200 -0.09017800
v 0.07450000 0.02741200 -0.09017800
v 0.07450000 0.02589700 -0.08375900
v 0.07450000 0.02589700 -0.08375900
v 0.07450000 0.02546400 -0.09062700
v 0.07450000 0.02546400 -0.09062700
v 0.07450000 0.02394500 -0.08418800
v 0.07450000 0.02394500 -0.08418800
v 0.06869200 0.00114800 -0.06087500
v 0.06918900 0.00114800 -0.05756700
v 0.07650000 0.02550200 -0.09078900
v 0.07650000 0.02550200 -0.09078900
v 0.07650000 0.02397900 -0.08433200
v 0.07650000 0.02397900 -0.08433200
v 0.07650000 0.01986000 -0.09071400
v 0.07650000 0.01986000 -0.09071400
v 0.07650000 0.01833800 -0.08426600
v 0.07650000 0.01833800 -0.08426600
v 0.07158000 0.00114800 -0.06087500
v 0.07209800 0.00114800 -0.05756700
v 0.06690200 0.00114800 -0.06087500
v 0.06738600 0.00114800 -0.05756700
v 0.07117000 0.02587900 -0.08368700
v 0.07117000 0.02587900 -0.08368700
v 0.07116900 0.02739300 -0.09009700
v 0.07116900 0.02739300 -0.09009700
v 0.07213400 0.02587900 -0.08368700
v 0.07213000 0.02739300 -0.09009700
v 0.05930900 0.02490600 -0.08391700
v 0.05930900 0.02490600 -0.08391700
v 0.05930900 0.02490600 -0.08391700
v 0.05930800 0.02641900 -0.09032700
v 0.05930800 0.02641900 -0.09032700
v 0.05930800 0.02641900 -0.09032700
v 0.07117000 0.02490600 -0.08391700
v 0.07117000 0.02490600 -0.08391700
v 0.07116900 0.02641900 -0.09032700
v 0.07116900 0.02641900 -0.09032700
v 0.02965400 0.02641900 -0.09032700
v 0.02965400 0.02641900 -0.09032700
v 0.02965400 0.02641900 -0.09032700
v 0.02965400 0.02490600 -0.08391700
v 0.02965400 0.02490600 -0.08391700
v 0.02965400 0.02490600 -0.08391700
v 0.05930900 0.02441900 -0.08403200
v 0.05930900 0.02441900 -0.08403200
v 0.05930900 0.02441900 -0.08403200
v 0.05930800 0.02593300 -0.09044200
v 0.05930800 0.02593300 -0.09044200
v 0.05930800 0.02593300 -0.09044200
v 0.02965400 0.02593300 -0.09044200
v 0.02965400 0.02593300 -0.09044200
v 0.02965400 0.02593300 -0.09044200
v 0.02965400 0.02441900 -0.08403200
v 0.02965400 0.02441900 -0.08403200
v 0.02965400 0.02441900 -0.08403200
v 0.07066900 0.02814900 -0.09330300
v 0.07066900 0.02814900 -0.09330300
v 0.07066900 0.02814900 -0.09330300
v 0.07116900 0.02803400 -0.09281600
v 0.07116900 0.02803400 -0.09281600
v 0.07102200 0.02811600 -0.09316000
v 0.07102200 0.02811600 -0.09316000
v 0.07067200 0.02339300 -0.07315600
v 0.07067200 0.02339300 -0.07315600
v 0.07067200 0.02339300 -0.07315600
v 0.07117300 0.02327800 -0.07266900
v 0.07117300 0.02327800 -0.07266900
v 0.07102600 0.02335900 -0.07301300
v 0.07102600 0.02335900 -0.07301300
v 0.07117800 0.01659200 -0.04434600
v 0.07117800 0.01659200 -0.04434600
v 0.07067800 0.01647500 -0.04385100
v 0.07067800 0.01647500 -0.04385100
v 0.07067800 0.01647500 -0.04385100
v 0.07103200 0.01650900 -0.04399600
v 0.07103200 0.01650900 -0.04399600
v 0.07116900 0.02706100 -0.09304600
v 0.07116900 0.02706100 -0.09304600
v 0.07066900 0.02717600 -0.09353200
v 0.07066900 0.02717600 -0.09353200
v 0.07066900 0.02717600 -0.09353200
v 0.07102200 0.02714200 -0.09339000
v 0.07102200 0.02714200 -0.09339000
v 0.07067800 0.01320700 -0.04551200
v 0.07067800 0.01320700 -0.04551200
v 0.07067800 0.01320700 -0.04551200
v 0.07117800 0.01336200 -0.04595600
v 0.07117800 0.01336200 -0.04595600
v 0.07103200 0.01325300 -0.04564200
v 0.07103200 0.01325300 -0.04564200
v 0.07117300 0.02229600 -0.07152800
v 0.07117300 0.02229600 -0.07152800
v 0.07067200 0.02244500 -0.07195400
v 0.07067200 0.02244500 -0.07195400
v 0.07067200 0.02244500 -0.07195400
v 0.07102600 0.02240200 -0.07182900
v 0.07102600 0.02240200 -0.07182900
v 0.07117100 0.02523700 -0.08096800
v 0.07117100 0.02523700 -0.08096800
v 0.07067100 0.02512300 -0.08048200
v 0.07067100 0.02512300 -0.08048200
v 0.07067100 0.02512300 -0.08048200
v 0.07102500 0.02515600 -0.08062400
v 0.07102500 0.02515600 -0.08062400
v 0.07067100 0.02414900 -0.08071200
v 0.07067100 0.02414900 -0.08071200
v 0.07067100 0.02414900 -0.08071200
v 0.07117100 0.02426400 -0.08119800
v 0.07117100 0.02426400 -0.08119800
v 0.07102500 0.02418300 -0.08085400
v 0.07102500 0.02418300 -0.08085400
v 0.06911100 0.01339800 -0.04881000
v 0.06911100 0.01339800 -0.04881000
v 0.06861100 0.01322600 -0.04834000
v 0.06861100 0.01322600 -0.04834000
v 0.06861100 0.01322600 -0.04834000
v 0.06896500 0.01327700 -0.04847800
v 0.06896500 0.01327700 -0.04847800
v 0.06860700 0.02074300 -0.06885200
v 0.06860700 0.02074300 -0.06885200
v 0.06860700 0.02074300 -0.06885200
v 0.06910700 0.02057100 -0.06838300
v 0.06910700 0.02057100 -0.06838300
v 0.06896100 0.02069200 -0.06871500
v 0.06896100 0.02069200 -0.06871500
v 0.06861100 0.01275700 -0.04851200
v 0.06861100 0.01275700 -0.04851200
v 0.06861100 0.01275700 -0.04851200
v 0.06911100 0.01292900 -0.04898200
v 0.06911100 0.01292900 -0.04898200
v 0.06896500 0.01280700 -0.04865000
v 0.06896500 0.01280700 -0.04865000
v 0.06910700 0.02010100 -0.06855500
v 0.06910700 0.02010100 -0.06855500
v 0.06860700 0.02027300 -0.06902400
v 0.06860700 0.02027300 -0.06902400
v 0.06860700 0.02027300 -0.06902400
v 0.06896100 0.02022300 -0.06888700
v 0.06896100 0.02022300 -0.06888700
v 0.06860700 0.02010100 -0.06855500
v 0.05931100 0.02010100 -0.06855500
v 0.06861100 0.01292900 -0.04898200
v 0.05931500 0.01292900 -0.04898200
v 0.05930700 0.02706100 -0.09304600
v 0.05930900 0.02426400 -0.08119800
v 0.07067100 0.02426400 -0.08119800
v 0.07067000 0.02490600 -0.08391700
v 0.07066900 0.02641900 -0.09032700
v 0.07066900 0.02706100 -0.09304600
v 0.07150000 0.00114800 -0.02221000
v 0.07150000 0.00114800 -0.02221000
v 0.07150000 0.00114800 -0.02221000
v 0.07118200 0.01286200 -0.02198700
v 0.07513200 0.00114800 -0.02221000
v 0.07650000 0.00525200 -0.02221000
v 0.07650000 0.00525200 -0.02221000
v 0.05931900 0.01286200 -0.02198400
v 0.07650000 0.01087700 -0.02221000
v 0.07650000 0.01087700 -0.02221000
v 0.05958300 0.00114800 -0.02221000
v 0.05958300 0.00114800 -0.02221000
v 0.07341300 0.00114800 -0.02221000
v 0.07450000 0.01087700 -0.02222100
v 0.07450000 0.01087700 -0.02222100
v 0.07450000 0.01286200 -0.02198100
v 0.07450000 0.01286200 -0.02198100
v 0.07350000 0.01286200 -0.02198700
v 0.07217200 0.01286200 -0.02198700
v 0.05958300 -0.00000000 -0.02342800
v 0.05958300 -0.00000000 -0.02342800
v 0.06873100 -0.00000000 -0.02342800
v 0.06873100 -0.00000000 -0.02342800
v 0.06873100 -0.00000000 -0.02221000
v 0.06873100 -0.00000000 -0.02221000
v 0.05958300 -0.00000000 -0.02221000
v 0.05958300 -0.00000000 -0.02221000
v -0.07022300 0.00114800 0.09302700
v -0.07150000 0.00114800 -0.02945100
v -0.06669600 0.00114800 -0.06227800
v -0.07513200 0.00114800 -0.02945100
v -0.07118200 0.01288800 -0.02320000
v -0.07118200 0.01288800 -0.02320000
v -0.07118200 0.01288800 -0.02320000
v -0.07650000 0.01103200 -0.02945100
v -0.07650000 0.01103200 -0.02945100
v -0.07118100 0.01301600 -0.02919900
v -0.07118100 0.01301600 -0.02919900
v -0.07118100 0.01301600 -0.02919900
v -0.07650000 0.00540700 -0.02945100
v -0.07650000 0.00540700 -0.02945100
v -0.06741600 0.01034100 0.09654300
v -0.06747800 0.02904400 -0.09709400
v -0.06747800 0.02904400 -0.09709400
v -0.07513200 0.00114800 0.09302700
v -0.07022300 0.00114800 0.09802700
v -0.07475900 0.00114800 0.09494000
v -0.07369400 0.00114800 0.09656200
v -0.07210200 0.00114800 0.09764600
v -0.06666000 0.00114800 -0.06621900
v -0.07136000 0.00114800 -0.06227800
v -0.06844300 0.00114800 -0.06593800
v -0.06995600 0.00114800 -0.06513800
v -0.07096600 0.00114800 -0.06394100
v -0.06749900 0.01032000 0.09754300
v -0.06749900 0.01032000 0.09754300
v -0.07350000 0.01288800 -0.02320100
v -0.07450000 0.01288800 -0.02319600
v -0.07450000 0.01288800 -0.02319600
v -0.07450000 0.01090300 -0.02343800
v -0.07450000 0.01090300 -0.02343800
v -0.07341300 0.00114800 -0.02342800
v -0.07650000 0.01090300 -0.02342800
v -0.07650000 0.01090300 -0.02342800
v -0.06747800 0.02709800 -0.09755300
v -0.06747800 0.02709800 -0.09755300
v -0.07650000 0.00527800 -0.02342800
v -0.07650000 0.00527800 -0.02342800
v -0.07513200 0.00114800 -0.02342800
v -0.07150000 0.00114800 -0.02342800
v -0.07150000 0.00114800 -0.02342800
v -0.07150000 0.00114800 -0.02342800
v -0.07130300 0.00832000 0.09750000
v -0.07130300 0.00832000 0.09750000
v -0.07450000 0.00838800 0.09430300
v -0.07450000 0.00838800 0.09430300
v -0.07450000 0.00838800 0.09430300
v -0.07450000 0.00838800 0.09430300
v -0.07263300 0.00832600 0.09723600
v -0.07263300 0.00832600 0.09723600
v -0.07359300 0.00833900 0.09659400
v -0.07359300 0.00833900 0.09659400
v -0.07423500 0.00836000 0.09563300
v -0.07423500 0.00836000 0.09563300
v -0.06749900 0.00832000 0.09750000
v -0.06749900 0.00832000 0.09750000
v -0.06766300 0.00114800 0.09494000
v -0.07450000 0.02610800 -0.09335800
v -0.07450000 0.02610800 -0.09335800
v -0.07127900 0.02709800 -0.09755300
v -0.07127900 0.02709800 -0.09755300
v -0.07421300 0.02659600 -0.09542800
v -0.07421300 0.02659600 -0.09542800
v -0.07421300 0.02659600 -0.09542800
v -0.07421300 0.02659600 -0.09542800
v -0.07351700 0.02686600 -0.09657000
v -0.07351700 0.02686600 -0.09657000
v -0.07255500 0.02703200 -0.09727500
v -0.07255500 0.02703200 -0.09727500
v -0.06361800 0.00114800 -0.06394100
v -0.07150000 0.02193200 -0.09950000
v -0.07150000 0.02193200 -0.09950000
v -0.07650000 0.02050500 -0.09344900
v -0.07650000 0.02050500 -0.09344900
v -0.07341300 0.02183300 -0.09907700
v -0.07341300 0.02183300 -0.09907700
v -0.07503600 0.02154800 -0.09787100
v -0.07503600 0.02154800 -0.09787100
v -0.07611900 0.02112300 -0.09606700
v -0.07611900 0.02112300 -0.09606700
v -0.07611900 0.02112300 -0.09606700
v -0.07150000 0.00265300 0.09950000
v -0.07150000 0.00265300 0.09950000
v -0.07650000 0.00275900 0.09450000
v -0.07650000 0.00275900 0.09450000
v -0.07650000 0.00275900 0.09450000
v -0.07341300 0.00266100 0.09911900
v -0.07341300 0.00266100 0.09911900
v -0.07503600 0.00268400 0.09803600
v -0.07503600 0.00268400 0.09803600
v -0.07611900 0.00271900 0.09641300
v -0.07611900 0.00271900 0.09641300
v -0.06766300 0.02755700 -0.09950000
v -0.06766300 0.02755700 -0.09950000
v -0.06666000 0.00114800 -0.06394100
v -0.06766300 0.02193200 -0.09950000
v -0.06766300 0.02193200 -0.09950000
v -0.06844300 0.00114800 -0.06394100
v -0.06848100 0.00114800 -0.06227800
v -0.07341300 0.00114800 -0.02945100
v -0.07210200 0.00114800 0.09302700
v -0.07210200 0.00114800 0.09494000
v -0.07022300 0.00114800 0.09494000
v -0.06766300 0.00114800 -0.02342800
v -0.06766300 0.00114800 -0.02342800
v -0.07150000 0.00827700 0.09950000
v -0.07150000 0.00827700 0.09950000
v -0.07611900 0.02675900 -0.09611600
v -0.07611900 0.02675900 -0.09611600
v -0.07611900 0.02675900 -0.09611600
v -0.07611900 0.02675900 -0.09611600
v -0.07650000 0.02614800 -0.09352700
v -0.07650000 0.02614800 -0.09352700
v -0.07503600 0.02717800 -0.09789400
v -0.07503600 0.02717800 -0.09789400
v -0.07341300 0.02745900 -0.09908300
v -0.07341300 0.02745900 -0.09908300
v -0.07150000 0.02755700 -0.09950000
v -0.07150000 0.02755700 -0.09950000
v -0.07650000 0.00838400 0.09450000
v -0.07650000 0.00838400 0.09450000
v -0.07650000 0.00838400 0.09450000
v -0.07650000 0.00838400 0.09450000
v -0.07611900 0.00834300 0.09641300
v -0.07611900 0.00834300 0.09641300
v -0.07503600 0.00830900 0.09803600
v -0.07503600 0.00830900 0.09803600
v -0.07341300 0.00828500 0.09911900
v -0.07341300 0.00828500 0.09911900
v -0.07450000 0.01103200 -0.02945100
v -0.07450000 0.01103200 -0.02945100
v -0.07450000 0.01301600 -0.02919900
v -0.07450000 0.01301600 -0.02919900
v -0.07120400 0.01034100 0.09654300
v -0.06361800 0.00114800 -0.06621900
v -0.06364800 0.00114800 -0.06227800
v -0.07326000 0.02846200 -0.09462500
v -0.07350000 0.02803500 -0.09281600
v -0.07275800 0.02865600 -0.09544900
v -0.07212600 0.02876500 -0.09591200
v -0.07116800 0.02881500 -0.09612100
v -0.07350000 0.01039000 0.09424700
v -0.07329300 0.01036800 0.09528600
v -0.07287200 0.01035400 0.09591600
v -0.07224300 0.01034500 0.09633700
v -0.07130300 0.01032000 0.09754300
v -0.07130300 0.01032000 0.09754300
v -0.06766400 0.00114800 0.09802700
v -0.07421300 0.02854300 -0.09496800
v -0.07421300 0.02854300 -0.09496800
v -0.07421300 0.02854300 -0.09496800
v -0.07450000 0.02805500 -0.09290000
v -0.07450000 0.02805500 -0.09290000
v -0.07351700 0.02881300 -0.09611100
v -0.07351700 0.02881300 -0.09611100
v -0.07255500 0.02897900 -0.09681600
v -0.07255500 0.02897900 -0.09681600
v -0.07127900 0.02904400 -0.09709400
v -0.07127900 0.02904400 -0.09709400
v -0.07450000 0.01038800 0.09434600
v -0.07450000 0.01038800 0.09434600
v -0.07450000 0.01038800 0.09434600
v -0.07423500 0.01035900 0.09567600
v -0.07423500 0.01035900 0.09567600
v -0.07359300 0.01033900 0.09663700
v -0.07359300 0.01033900 0.09663700
v -0.07263300 0.01032500 0.09727900
v -0.07263300 0.01032500 0.09727900
v -0.06766300 0.00265300 0.09950000
v -0.06766300 0.00265300 0.09950000
v -0.06766300 0.00827700 0.09950000
v -0.06766300 0.00827700 0.09950000
v -0.07350000 0.01301600 -0.02919900
v -0.06543000 0.00114800 0.09302700
v -0.07120400 0.01039000 0.09424700
v -0.07224100 0.01039000 0.09424700
v -0.07217200 0.01288800 -0.02320000
v -0.07216800 0.01301600 -0.02919900
v -0.07212800 0.02803500 -0.09281600
v -0.07120400 0.01036800 0.09528600
v -0.07224200 0.01036800 0.09528600
v -0.06766300 0.00114800 -0.02945100
v -0.07212700 0.02846200 -0.09462500
v -0.07116800 0.02846100 -0.09462500
v -0.06738600 0.02881500 -0.09612100
v -0.06741600 0.01039000 0.09424700
v -0.06738600 0.02814900 -0.09330300
v -0.06738600 0.02814900 -0.09330300
v -0.06741600 0.01036800 0.09528600
v -0.06738600 0.02846100 -0.09462500
v -0.07450000 0.01299000 -0.02798800
v -0.07450000 0.01299000 -0.02798800
v -0.07650000 0.00538100 -0.02823600
v -0.07650000 0.00538100 -0.02823600
v -0.07450000 0.01450400 -0.04417000
v -0.07450000 0.01450400 -0.04417000
v -0.07450000 0.02144900 -0.07360800
v -0.07450000 0.02144900 -0.07360800
v -0.07450000 0.01647900 -0.04387000
v -0.07450000 0.01647900 -0.04387000
v -0.07450000 0.02340700 -0.07321400
v -0.07450000 0.02340700 -0.07321400
v -0.07350000 0.01647500 -0.04385100
v -0.07350000 0.02339300 -0.07315500
v -0.06439600 0.00114800 -0.05616500
v -0.07213500 0.02523800 -0.08096900
v -0.06608000 0.00114800 -0.04239800
v -0.07350000 0.02523800 -0.08096900
v -0.06488900 0.00114800 -0.05213300
v -0.07450000 0.02525400 -0.08103800
v -0.07450000 0.02525400 -0.08103800
v -0.07214000 0.02339300 -0.07315600
v -0.07450000 0.02330100 -0.08145700
v -0.07450000 0.02330100 -0.08145700
v -0.07215900 0.01647500 -0.04385100
v -0.06940000 0.00114800 -0.05616500
v -0.07650000 0.02333300 -0.08159500
v -0.07650000 0.02333300 -0.08159500
v -0.07650000 0.01769300 -0.08153100
v -0.07650000 0.01769300 -0.08153100
v -0.07231700 0.00114800 -0.05616500
v -0.06738800 0.02512300 -0.08048200
v -0.06738800 0.02512300 -0.08048200
v -0.06759100 0.00114800 -0.05616500
v -0.06738600 0.02717600 -0.09353200
v -0.06738600 0.02717600 -0.09353200
v -0.06738800 0.02414900 -0.08071200
v -0.06738800 0.02414900 -0.08071200
v -0.07000500 0.00114800 -0.05213300
v -0.07146800 0.00114800 -0.04239800
v -0.07650000 0.02147600 -0.07372500
v -0.07650000 0.02147600 -0.07372500
v -0.07650000 0.01451300 -0.04420900
v -0.07650000 0.01451300 -0.04420900
v -0.07650000 0.01583900 -0.07367100
v -0.07650000 0.01583900 -0.07367100
v -0.07650000 0.00888400 -0.04419100
v -0.07650000 0.00888400 -0.04419100
v -0.07294900 0.00114800 -0.05213300
v -0.07376700 0.00114800 -0.04239800
v -0.06739400 0.01647500 -0.04385100
v -0.06739400 0.01647500 -0.04385100
v -0.06739000 0.02339300 -0.07315600
v -0.06739000 0.02339300 -0.07315600
v -0.06818100 0.00114800 -0.05213300
v -0.06960500 0.00114800 -0.04239800
v -0.06739400 0.01320700 -0.04551200
v -0.06739400 0.01320700 -0.04551200
v -0.06739000 0.02244500 -0.07195400
v -0.06739000 0.02244500 -0.07195400
v -0.06739000 0.02074300 -0.06885200
v -0.06739000 0.02074300 -0.06885200
v -0.06739400 0.01322600 -0.04834000
v -0.06739400 0.01322600 -0.04834000
v -0.06739400 0.01275700 -0.04851200
v -0.06739400 0.01275700 -0.04851200
v -0.06739000 0.02027300 -0.06902400
v -0.06739000 0.02027300 -0.06902400
v -0.06382000 0.00114800 -0.06087500
v -0.06422500 0.00114800 -0.05756700
v -0.07350000 0.02739300 -0.09009700
v -0.07350000 0.02588000 -0.08368700
v -0.07450000 0.02741200 -0.09017800
v -0.07450000 0.02741200 -0.09017800
v -0.07450000 0.02589700 -0.08375900
v -0.07450000 0.02589700 -0.08375900
v -0.07450000 0.02546400 -0.09062700
v -0.07450000 0.02546400 -0.09062700
v -0.07450000 0.02394500 -0.08418800
v -0.07450000 0.02394500 -0.08418800
v -0.06869200 0.00114800 -0.06087500
v -0.06918900 0.00114800 -0.05756700
v -0.07650000 0.02550200 -0.09078900
v -0.07650000 0.02550200 -0.09078900
v -0.07650000 0.02397900 -0.08433200
v -0.07650000 0.02397900 -0.08433200
v -0.07650000 0.01986000 -0.09071400
v -0.07650000 0.01986000 -0.09071400
v -0.07650000 0.01833800 -0.08426600
v -0.07650000 0.01833800 -0.08426600
v -0.07158000 0.00114800 -0.06087500
v -0.07209800 0.00114800 -0.05756700
v -0.06690200 0.00114800 -0.06087500
v -0.06738600 0.00114800 -0.05756700
v -0.07117000 0.02587900 -0.08368700
v -0.07117000 0.02587900 -0.08368700
v -0.07116900 0.02739300 -0.09009700
v -0.07116900 0.02739300 -0.09009700
v -0.07213400 0.02587900 -0.08368700
v -0.07213000 0.02739300 -0.09009700
v -0.06738800 0.02490600 -0.08391700
v -0.06738700 0.02641900 -0.09032700
v -0.07117000 0.02490600 -0.08391700
v -0.07117000 0.02490600 -0.08391700
v -0.07116900 0.02641900 -0.09032700
v -0.07116900 0.02641900 -0.09032700
v -0.04593700 0.01039000 0.09424700
v -0.07066900 0.02814900 -0.09330300
v -0.07066900 0.02814900 -0.09330300
v -0.07066900 0.02814900 -0.09330300
v -0.07116900 0.02803400 -0.09281600
v -0.07116900 0.02803400 -0.09281600
v -0.07102200 0.02811600 -0.09316000
v -0.07102200 0.02811600 -0.09316000
v -0.07067200 0.02339300 -0.07315600
v -0.07067200 0.02339300 -0.07315600
v -0.07067200 0.02339300 -0.07315600
v -0.07117300 0.02327800 -0.07266900
v -0.07117300 0.02327800 -0.07266900
v -0.07102600 0.02335900 -0.07301300
v -0.07102600 0.02335900 -0.07301300
v -0.07117800 0.01659200 -0.04434600
v -0.07117800 0.01659200 -0.04434600
v -0.07067800 0.01647500 -0.04385100
v -0.07067800 0.01647500 -0.04385100
v -0.07067800 0.01647500 -0.04385100
v -0.07103200 0.01650900 -0.04399600
v -0.07103200 0.01650900 -0.04399600
v -0.07116900 0.02706100 -0.09304600
v -0.07116900 0.02706100 -0.09304600
v -0.07066900 0.02717600 -0.09353200
v -0.07066900 0.02717600 -0.09353200
v -0.07066900 0.02717600 -0.09353200
v -0.07102200 0.02714200 -0.09339000
v -0.07102200 0.02714200 -0.09339000
v -0.07067800 0.01320700 -0.04551200
v -0.07067800 0.01320700 -0.04551200
v -0.07067800 0.01320700 -0.04551200
v -0.07117800 0.01336200 -0.04595600
v -0.07117800 0.01336200 -0.04595600
v -0.07103200 0.01325300 -0.04564200
v -0.07103200 0.01325300 -0.04564200
v -0.07117300 0.02229600 -0.07152800
v -0.07117300 0.02229600 -0.07152800
v -0.07067200 0.02244500 -0.07195400
v -0.07067200 0.02244500 -0.07195400
v -0.07067200 0.02244500 -0.07195400
v -0.07102600 0.02240200 -0.07182900
v -0.07102600 0.02240200 -0.07182900
v -0.07117100 0.02523700 -0.08096800
v -0.07117100 0.02523700 -0.08096800
v -0.07067100 0.02512300 -0.08048200
v -0.07067100 0.02512300 -0.08048200
v -0.07067100 0.02512300 -0.08048200
v -0.07102500 0.02515600 -0.08062400
v -0.07102500 0.02515600 -0.08062400
v -0.07067100 0.02414900 -0.08071200
v -0.07067100 0.02414900 -0.08071200
v -0.07067100 0.02414900 -0.08071200
v -0.07117100 0.02426400 -0.08119800
v -0.07117100 0.02426400 -0.08119800
v -0.07102500 0.02418300 -0.08085400
v -0.07102500 0.02418300 -0.08085400
v -0.06911100 0.01339800 -0.04881000
v -0.06911100 0.01339800 -0.04881000
v -0.06861100 0.01322600 -0.04834000
v -0.06861100 0.01322600 -0.04834000
v -0.06861100 0.01322600 -0.04834000
v -0.06896500 0.01327700 -0.04847800
v -0.06896500 0.01327700 -0.04847800
v -0.06860700 0.02074300 -0.06885200
v -0.06860700 0.02074300 -0.06885200
v -0.06860700 0.02074300 -0.06885200
v -0.06910700 0.02057100 -0.06838300
v -0.06910700 0.02057100 -0.06838300
v -0.06896100 0.02069200 -0.06871500
v -0.06896100 0.02069200 -0.06871500
v -0.06861100 0.01275700 -0.04851200
v -0.06861100 0.01275700 -0.04851200
v -0.06861100 0.01275700 -0.04851200
v -0.06911100 0.01292900 -0.04898200
v -0.06911100 0.01292900 -0.04898200
v -0.06896500 0.01280700 -0.04865000
v -0.06896500 0.01280700 -0.04865000
v -0.06910700 0.02010100 -0.06855500
v -0.06910700 0.02010100 -0.06855500
v -0.06860700 0.02027300 -0.06902400
v -0.06860700 0.02027300 -0.06902400
v -0.06860700 0.02027300 -0.06902400
v -0.06896100 0.02022300 -0.06888700
v -0.06896100 0.02022300 -0.06888700
v -0.06860700 0.02010100 -0.06855500
v -0.06739000 0.02010100 -0.06855500
v -0.06861100 0.01292900 -0.04898200
v -0.06739400 0.01292900 -0.04898200
v -0.06738600 0.02706100 -0.09304600
v -0.06738800 0.02426400 -0.08119800
v -0.07067100 0.02426400 -0.08119800
v -0.07067000 0.02490600 -0.08391700
v -0.07066900 0.02641900 -0.09032700
v -0.07066900 0.02706100 -0.09304600
v -0.07150000 0.00114800 -0.02221000
v -0.07150000 0.00114800 -0.02221000
v -0.07150000 0.00114800 -0.02221000
v -0.07118200 0.01286200 -0.02198700
v -0.07513200 0.00114800 -0.02221000
v -0.07650000 0.00525200 -0.02221000
v -0.07650000 0.00525200 -0.02221000
v -0.06601000 0.01286200 -0.02198400
v -0.07650000 0.01087700 -0.02221000
v -0.07650000 0.01087700 -0.02221000
v -0.06766300 0.00114800 -0.02221000
v -0.06766300 0.00114800 -0.02221000
v -0.07341300 0.00114800 -0.02221000
v -0.07450000 0.01087700 -0.02222100
v -0.07450000 0.01087700 -0.02222100
v -0.07450000 0.01286200 -0.02198100
v -0.07450000 0.01286200 -0.02198100
v -0.07350000 0.01286200 -0.02198700
v -0.07217200 0.01286200 -0.02198700
v -0.06766300 -0.00000000 -0.02342800
v -0.06766300 -0.00000000 -0.02342800
v -0.06873100 -0.00000000 -0.02342800
v -0.06873100 -0.00000000 -0.02342800
v -0.06873100 -0.00000000 -0.02221000
v -0.06873100 -0.00000000 -0.02221000
v -0.06766300 -0.00000000 -0.02221000
v -0.06766300 -0.00000000 -0.02221000
v -0.04593700 0.02881500 -0.09612100
v -0.04593700 0.02755700 -0.09950000
v -0.04593700 0.02755700 -0.09950000
v -0.04593700 0.02904400 -0.09709400
v -0.04593700 0.02904400 -0.09709400
v -0.04593700 0.00114800 0.09494000
v -0.04593700 0.00114800 -0.06394100
v -0.04593700 0.02709800 -0.09755300
v -0.04593700 0.02709800 -0.09755300
v -0.04593700 0.01036800 0.09528600
v -0.04593700 0.02193200 -0.09950000
v -0.04593700 0.02193200 -0.09950000
v -0.04593700 0.00114800 -0.02945100
v -0.04593700 0.00114800 -0.06227800
v -0.04593700 0.00114800 0.09302700
v -0.04593700 0.00114800 -0.02342800
v -0.04593700 0.00114800 -0.02342800
v -0.07118100 0.01299000 -0.02798900
v -0.07118100 0.01299000 -0.02798900
v -0.04593700 0.00114800 -0.05616500
v -0.04593700 0.02339300 -0.07315600
v -0.04593700 0.02339300 -0.07315600
v -0.04593700 0.01647500 -0.04385100
v -0.04593700 0.01647500 -0.04385100
v -0.04593700 0.00114800 -0.04239800
v -0.04593700 0.00114800 -0.05213300
v -0.04593700 0.02244500 -0.07195400
v -0.04593700 0.02244500 -0.07195400
v -0.04593700 0.01320700 -0.04551200
v -0.04593700 0.01320700 -0.04551200
v -0.04593700 0.02074300 -0.06885200
v -0.04593700 0.02074300 -0.06885200
v -0.04593700 0.01322600 -0.04834000
v -0.04593700 0.01322600 -0.04834000
v -0.04593700 0.02027300 -0.06902400
v -0.04593700 0.02027300 -0.06902400
v -0.04593700 0.01275700 -0.04851200
v -0.04593700 0.01275700 -0.04851200
v -0.04593700 0.01034100 0.09654300
v -0.04593700 0.01032000 0.09754300
v -0.04593700 0.01032000 0.09754300
v -0.04593700 0.00832000 0.09750000
v -0.04593700 0.00832000 0.09750000
v -0.04593700 0.02814900 -0.09330300
v -0.04593700 0.02814900 -0.09330300
v -0.04593700 0.02846100 -0.09462500
v -0.04593700 0.00114800 0.09802700
v -0.04593700 0.00265300 0.09950000
v -0.04593700 0.00265300 0.09950000
v -0.04593700 0.00827700 0.09950000
v -0.04593700 0.00827700 0.09950000
v -0.04593700 0.00114800 -0.06621900
v -0.07650000 0.01100600 -0.02823600
v -0.07650000 0.01100600 -0.02823600
v -0.04593700 0.02512300 -0.08048200
v -0.04593700 0.02512300 -0.08048200
v -0.04593700 0.02717600 -0.09353200
v -0.04593700 0.02717600 -0.09353200
v -0.04593700 0.02414900 -0.08071200
v -0.04593700 0.02414900 -0.08071200
v -0.04593700 0.02490600 -0.08391700
v -0.04593700 0.02641900 -0.09032700
v -0.04593700 0.00114800 -0.05756700
v -0.04593700 0.00114800 -0.06087500
v -0.04593700 0.02010100 -0.06855500
v -0.04593700 0.01292900 -0.04898200
v -0.04593700 0.02706100 -0.09304600
v -0.04593700 0.02426400 -0.08119800
v -0.04593700 0.00114800 -0.02221000
v -0.04593700 0.00114800 -0.02221000
v -0.04911000 0.01286200 -0.02198000
v -0.04593700 -0.00000000 -0.02342800
v -0.04593700 -0.00000000 -0.02342800
v -0.04593700 -0.00000000 -0.02221000
v -0.04593700 -0.00000000 -0.02221000
v 0.05931800 0.01188800 -0.02321900
v 0.05931800 0.01188800 -0.02321900
v 0.05931700 0.01201600 -0.02922000
v 0.05931700 0.01201600 -0.02922000
v -0.06739800 0.01188800 -0.02321900
v -0.06739800 0.01188800 -0.02321900
v -0.06737100 0.01201700 -0.02928200
v -0.06737100 0.01201700 -0.02928200
v -0.07341300 0.00114800 -0.02823600
v 0.05931800 0.01199000 -0.02801000
v 0.07118100 0.01268300 -0.02799500
v 0.07118100 0.01268300 -0.02799500
v 0.05958300 0.00114800 -0.02823600
v 0.07216900 0.01299000 -0.02798900
v 0.07350000 0.01299000 -0.02798900
v 0.05810600 0.01200100 -0.02850800
v 0.05810600 0.01200100 -0.02850800
v 0.05860600 0.01199000 -0.02800900
v 0.05860600 0.01199000 -0.02800900
v 0.07118100 0.01299000 -0.02798900
v 0.07118100 0.01299000 -0.02798900
v 0.05846000 0.01199800 -0.02836200
v 0.05846000 0.01199800 -0.02836200
v 0.05860700 0.01191400 -0.02443000
v 0.05860700 0.01191400 -0.02443000
v 0.05810700 0.01190300 -0.02393000
v 0.05810700 0.01190300 -0.02393000
v 0.07650000 0.00538100 -0.02823600
v 0.07650000 0.00538100 -0.02823600
v 0.05846000 0.01190600 -0.02407600
v 0.05846000 0.01190600 -0.02407600
v 0.03037000 0.01199000 -0.02800900
v 0.03037000 0.01199000 -0.02800900
v 0.03092700 0.01200100 -0.02850800
v 0.03092700 0.01200100 -0.02850800
v 0.03092700 0.01200100 -0.02850800
v 0.07650000 0.01100600 -0.02823600
v 0.07650000 0.01100600 -0.02823600
v 0.03051700 0.01199800 -0.02836200
v 0.03051700 0.01199800 -0.02836200
v 0.03092700 0.01190300 -0.02392300
v 0.03092700 0.01190300 -0.02392300
v 0.03037100 0.01191400 -0.02442300
v 0.03037100 0.01191400 -0.02442300
v 0.07341300 0.00114800 -0.02823600
v 0.03051700 0.01190600 -0.02407000
v 0.03051700 0.01190600 -0.02407000
v -0.06650900 0.01199000 -0.02800900
v -0.06650900 0.01199000 -0.02800900
v -0.06600900 0.01200100 -0.02850800
v -0.06600900 0.01200100 -0.02850800
v -0.06600900 0.01200100 -0.02850800
v 0.07513200 0.00114800 -0.02823600
v -0.06636300 0.01199800 -0.02836200
v -0.06636300 0.01199800 -0.02836200
v -0.06601000 0.01190300 -0.02393000
v -0.06601000 0.01190300 -0.02393000
v -0.06651000 0.01191400 -0.02443000
v -0.06651000 0.01191400 -0.02443000
v 0.07450000 0.01100600 -0.02823800
v 0.07450000 0.01100600 -0.02823800
v -0.06636400 0.01190600 -0.02407600
v -0.06636400 0.01190600 -0.02407600
v -0.04861000 0.01191400 -0.02442600
v -0.04861000 0.01191400 -0.02442600
v -0.04911000 0.01190300 -0.02392600
v -0.04911000 0.01190300 -0.02392600
v 0.07450000 0.01299000 -0.02798800
v 0.07450000 0.01299000 -0.02798800
v -0.04875600 0.01190600 -0.02407200
v -0.04875600 0.01190600 -0.02407200
v -0.04911000 0.01200100 -0.02850800
v -0.04911000 0.01200100 -0.02850800
v -0.04861000 0.01199000 -0.02800900
v -0.04861000 0.01199000 -0.02800900
v 0.07150000 0.00114800 -0.02823600
v -0.04875600 0.01199800 -0.02836200
v -0.04875600 0.01199800 -0.02836200
v 0.03037100 0.00991400 -0.02446600
v 0.03037100 0.00991400 -0.02446600
v 0.03092700 0.00990400 -0.02396600
v 0.03092700 0.00990400 -0.02396600
v 0.03051700 0.00990700 -0.02411200
v 0.03051700 0.00990700 -0.02411200
v 0.05810700 0.00990400 -0.02397200
v 0.05810700 0.00990400 -0.02397200
v 0.05860700 0.00991400 -0.02447200
v 0.05860700 0.00991400 -0.02447200
v 0.05846000 0.00990700 -0.02411900
v 0.05846000 0.00990700 -0.02411900
v 0.05860600 0.00999000 -0.02805100
v 0.05860600 0.00999000 -0.02805100
v 0.05810600 0.01000100 -0.02855100
v 0.05810600 0.01000100 -0.02855100
v 0.05846000 0.00999800 -0.02840500
v 0.05846000 0.00999800 -0.02840500
v 0.03092700 0.01000100 -0.02855100
v 0.03092700 0.01000100 -0.02855100
v 0.03092700 0.01000100 -0.02855100
v 0.03037000 0.00999000 -0.02805100
v 0.03037000 0.00999000 -0.02805100
v 0.03051700 0.00999800 -0.02840500
v 0.03051700 0.00999800 -0.02840500
v -0.06651000 0.00991400 -0.02447200
v -0.06651000 0.00991400 -0.02447200
v -0.06601000 0.00990400 -0.02397200
v -0.06601000 0.00990400 -0.02397200
v -0.06636400 0.00990700 -0.02411900
v -0.06636400 0.00990700 -0.02411900
v -0.06600900 0.01000100 -0.02855100
v -0.06600900 0.01000100 -0.02855100
v -0.06600900 0.01000100 -0.02855100
v -0.06650900 0.00999000 -0.02805100
v -0.06650900 0.00999000 -0.02805100
v -0.06636300 0.00999800 -0.02840500
v -0.06636300 0.00999800 -0.02840500
v -0.04911000 0.00990400 -0.02396900
v -0.04911000 0.00990400 -0.02396900
v -0.04861000 0.00991400 -0.02446800
v -0.04861000 0.00991400 -0.02446800
v -0.04875600 0.00990700 -0.02411500
v -0.04875600 0.00990700 -0.02411500
v -0.04861000 0.00999000 -0.02805100
v -0.04861000 0.00999000 -0.02805100
v -0.04911000 0.01000100 -0.02855100
v -0.04911000 0.01000100 -0.02855100
v -0.04875600 0.00999800 -0.02840500
v -0.04875600 0.00999800 -0.02840500
v -0.07216900 0.01299000 -0.02798900
v -0.06766300 0.00114800 -0.02823600
v -0.06732400 0.01199000 -0.02801000
v -0.04593700 0.00114800 -0.02823600
v 0.07341300 0.00114800 -0.02464400
v 0.07650000 0.01092900 -0.02464400
v 0.07650000 0.01092900 -0.02464400
v 0.07650000 0.00530400 -0.02464400
v 0.07650000 0.00530400 -0.02464400
v 0.07450000 0.01291400 -0.02440700
v 0.07450000 0.01291400 -0.02440700
v 0.07450000 0.01092900 -0.02465100
v 0.07450000 0.01092900 -0.02465100
v 0.07513200 0.00114800 -0.02464400
v 0.07150000 0.00114800 -0.02464400
v 0.07350000 0.01291400 -0.02441100
v 0.05958300 0.00114800 -0.02464400
v -0.07341300 0.00114800 -0.02464400
v -0.07650000 0.01092900 -0.02464400
v -0.07650000 0.01092900 -0.02464400
v -0.07650000 0.00530400 -0.02464400
v -0.07650000 0.00530400 -0.02464400
v -0.07450000 0.01291400 -0.02440700
v -0.07450000 0.01291400 -0.02440700
v -0.07450000 0.01092900 -0.02465100
v -0.07450000 0.01092900 -0.02465100
v -0.07513200 0.00114800 -0.02464400
v -0.07150000 0.00114800 -0.02464400
v -0.07350000 0.01291400 -0.02441100
v -0.06766300 0.00114800 -0.02464400
v -0.04593700 0.00114800 -0.02464400
v 0.05931800 0.01191400 -0.02443000
v 0.07118200 0.01260700 -0.02441700
v 0.07118200 0.01260700 -0.02441700
v 0.07118200 0.01291400 -0.02441100
v 0.07118200 0.01291400 -0.02441100
v -0.07118200 0.01291400 -0.02441100
v -0.07118200 0.01291400 -0.02441100
v -0.06732500 0.01191400 -0.02443000
v 0.07217100 0.01291400 -0.02441100
v -0.07217100 0.01291400 -0.02441100
v -0.06601000 0.01288800 -0.02319700
v -0.06601000 0.01288800 -0.02319700
v -0.06601000 0.01188800 -0.02321800
v -0.06601000 0.01188800 -0.02321800
v -0.06600900 0.01301600 -0.02919900
v -0.06600900 0.01301600 -0.02919900
v -0.06600900 0.01201600 -0.02922000
v -0.06600900 0.01201600 -0.02922000
v -0.04911000 0.01301600 -0.02919900
v -0.04911000 0.01301600 -0.02919900
v -0.04911000 0.01201600 -0.02922000
v -0.04911000 0.01201600 -0.02922000
v -0.04911000 0.01288800 -0.02319400
v -0.04911000 0.01288800 -0.02319400
v -0.04911000 0.01188800 -0.02321500
v -0.04911000 0.01188800 -0.02321500
v -0.04911000 0.00999000 -0.02805100
v -0.04911000 0.00991400 -0.02446900
v 0.05812500 0.01039000 0.09424700
v 0.05809500 0.02881500 -0.09612100
v 0.05836700 0.02755700 -0.09950000
v 0.05836700 0.02755700 -0.09950000
v 0.05818600 0.02904400 -0.09709400
v 0.05818600 0.02904400 -0.09709400
v 0.05836700 0.00114800 0.09494000
v 0.05441500 0.00114800 -0.06394100
v 0.05818600 0.02709800 -0.09755300
v 0.05818600 0.02709800 -0.09755300
v 0.05812500 0.01036800 0.09528600
v 0.05810700 0.01288800 -0.02319700
v 0.05810700 0.01288800 -0.02319700
v 0.05836700 0.02193200 -0.09950000
v 0.05836700 0.02193200 -0.09950000
v 0.05836700 0.00114800 -0.02945100
v 0.05444500 0.00114800 -0.06227800
v 0.05836700 0.00114800 0.09302700
v 0.05836700 0.00114800 -0.02342800
v 0.05836700 0.00114800 -0.02342800
v 0.05810700 0.01188800 -0.02321800
v 0.05810700 0.01188800 -0.02321800
v 0.05517500 0.00114800 -0.05616500
v 0.05809900 0.02339300 -0.07315600
v 0.05809900 0.02339300 -0.07315600
v 0.05810400 0.01647500 -0.04385100
v 0.05810400 0.01647500 -0.04385100
v 0.05682000 0.00114800 -0.04239800
v 0.05565700 0.00114800 -0.05213300
v 0.05809900 0.02244500 -0.07195400
v 0.05809900 0.02244500 -0.07195400
v 0.05810400 0.01320700 -0.04551200
v 0.05810400 0.01320700 -0.04551200
v 0.05810000 0.02074300 -0.06885200
v 0.05810000 0.02074300 -0.06885200
v 0.05810300 0.01322600 -0.04834000
v 0.05810300 0.01322600 -0.04834000
v 0.05810000 0.02027300 -0.06902400
v 0.05810000 0.02027300 -0.06902400
v 0.05810300 0.01275700 -0.04851200
v 0.05810300 0.01275700 -0.04851200
v 0.05810600 0.01301600 -0.02919900
v 0.05810600 0.01301600 -0.02919900
v 0.05812500 0.01034100 0.09654300
v 0.05820600 0.01032000 0.09754300
v 0.05820600 0.01032000 0.09754300
v 0.05820600 0.00832000 0.09750000
v 0.05820600 0.00832000 0.09750000
v 0.05809600 0.02814900 -0.09330300
v 0.05809600 0.02814900 -0.09330300
v 0.05809600 0.02846100 -0.09462500
v 0.05836100 0.00114800 0.09802700
v 0.05836700 0.00265300 0.09950000
v 0.05836700 0.00265300 0.09950000
v 0.05836700 0.00827700 0.09950000
v 0.05836700 0.00827700 0.09950000
v 0.05441500 0.00114800 -0.06621900
v 0.05810600 0.01201600 -0.02922000
v 0.05810600 0.01201600 -0.02922000
v 0.05809800 0.02512300 -0.08048200
v 0.05809800 0.02512300 -0.08048200
v 0.05809600 0.02717600 -0.09353200
v 0.05809600 0.02717600 -0.09353200
v 0.05809800 0.02414900 -0.08071200
v 0.05809800 0.02414900 -0.08071200
v 0.05809700 0.02490600 -0.08391700
v 0.05809700 0.02490600 -0.08391700
v 0.05809600 0.02641900 -0.09032700
v 0.05809600 0.02641900 -0.09032700
v 0.05500800 0.00114800 -0.05756700
v 0.05461300 0.00114800 -0.06087500
v 0.05809700 0.02441900 -0.08403200
v 0.05809700 0.02441900 -0.08403200
v 0.05809600 0.02593300 -0.09044200
v 0.05809600 0.02593300 -0.09044200
v 0.05810000 0.02010100 -0.06855500
v 0.05810300 0.01292900 -0.04898200
v 0.05809600 0.02706100 -0.09304600
v 0.05809800 0.02426400 -0.08119800
v 0.05836700 0.00114800 -0.02221000
v 0.05836700 0.00114800 -0.02221000
v 0.05810700 0.01286200 -0.02198400
v 0.05836700 -0.00000000 -0.02342800
v 0.05836700 -0.00000000 -0.02342800
v 0.05836700 -0.00000000 -0.02221000
v 0.05836700 -0.00000000 -0.02221000
v 0.05836700 0.00114800 -0.02823600
v 0.05836700 0.00114800 -0.02464400
v 0.05810600 0.00999000 -0.02805100
v 0.05810700 0.00991400 -0.02447200
v 0.03092700 0.01301600 -0.02919900
v 0.03092700 0.01301600 -0.02919900
v 0.03092700 0.01034100 0.09654300
v 0.03092700 0.01032000 0.09754300
v 0.03092700 0.01032000 0.09754300
v 0.03092700 0.00832000 0.09750000
v 0.03092700 0.00832000 0.09750000
v 0.03092700 0.02814900 -0.09330300
v 0.03092700 0.02814900 -0.09330300
v 0.03092700 0.02846100 -0.09462500
v 0.03092700 0.00114800 0.09802700
v 0.03092700 0.00265300 0.09950000
v 0.03092700 0.00265300 0.09950000
v 0.03092700 0.00827700 0.09950000
v 0.03092700 0.00827700 0.09950000
v 0.03092700 0.00114800 -0.06621900
v 0.03092700 0.01201600 -0.02922000
v 0.03092700 0.01201600 -0.02922000
v 0.03092700 0.02512300 -0.08048200
v 0.03092700 0.02512300 -0.08048200
v 0.03092700 0.02717600 -0.09353200
v 0.03092700 0.02717600 -0.09353200
v 0.03092700 0.02414900 -0.08071200
v 0.03092700 0.02414900 -0.08071200
v 0.03092700 0.02706100 -0.09304600
v 0.03092700 0.02426400 -0.08119800
v 0.03092700 0.00114800 -0.02221000
v 0.03092700 0.00114800 -0.02221000
v 0.03092700 0.01286200 -0.02197700
v 0.03092700 -0.00000000 -0.02221000
v 0.03092700 -0.00000000 -0.02221000
v 0.03092700 0.01039000 0.09424700
v 0.03092700 0.02881500 -0.09612100
v 0.03092700 0.02755700 -0.09950000
v 0.03092700 0.02755700 -0.09950000
v 0.03092700 0.02904400 -0.09709400
v 0.03092700 0.02904400 -0.09709400
v 0.03092700 0.00114800 0.09494000
v 0.03092700 0.00114800 -0.06394100
v 0.03092700 0.02709800 -0.09755300
v 0.03092700 0.02709800 -0.09755300
v 0.03092700 0.01036800 0.09528600
v 0.03092700 0.01288800 -0.02319100
v 0.03092700 0.01288800 -0.02319100
v 0.03092700 0.02193200 -0.09950000
v 0.03092700 0.02193200 -0.09950000
v 0.03092700 0.00114800 -0.02945100
v 0.03092700 0.00114800 -0.06227800
v 0.03092700 0.00114800 0.09302700
v 0.03092700 0.00114800 -0.02342800
v 0.03092700 0.00114800 -0.02342800
v 0.03092700 0.01188800 -0.02321200
v 0.03092700 0.01188800 -0.02321200
v 0.03092700 0.00114800 -0.05616500
v 0.03092700 0.02339300 -0.07315600
v 0.03092700 0.02339300 -0.07315600
v 0.03092700 0.01647500 -0.04385100
v 0.03092700 0.01647500 -0.04385100
v 0.03092700 0.00114800 -0.04239800
v 0.03092700 0.00114800 -0.05213300
v 0.03092700 0.02244500 -0.07195400
v 0.03092700 0.02244500 -0.07195400
v 0.03092700 0.01320700 -0.04551200
v 0.03092700 0.01320700 -0.04551200
v 0.03092700 0.02074300 -0.06885200
v 0.03092700 0.02074300 -0.06885200
v 0.03092700 0.01322600 -0.04834000
v 0.03092700 0.01322600 -0.04834000
v 0.03092700 0.02027300 -0.06902400
v 0.03092700 0.02027300 -0.06902400
v 0.03092700 0.01275700 -0.04851200
v 0.03092700 0.01275700 -0.04851200
v 0.03092700 0.00114800 -0.05756700
v 0.03092700 0.00114800 -0.06087500
v 0.03092700 0.02010100 -0.06855500
v 0.03092700 0.01292900 -0.04898200
v 0.03092700 -0.00000000 -0.02342800
v 0.03092700 -0.00000000 -0.02342800
v 0.03092700 0.00114800 -0.02823600
v 0.03092700 0.00114800 -0.02464400
v -0.04110300 0.02490600 -0.08391700
v -0.04110300 0.02641900 -0.09032700
v -0.04110300 0.02881500 -0.09612100
v -0.04110300 0.01039000 0.09424700
v -0.04110300 0.02706100 -0.09304600
v -0.04110300 0.02755700 -0.09950000
v -0.04110300 0.02755700 -0.09950000
v -0.04110300 0.02904400 -0.09709400
v -0.04110300 0.02904400 -0.09709400
v -0.04110300 0.00114800 0.09494000
v -0.04110300 0.00114800 -0.06394100
v -0.04110300 0.02709800 -0.09755300
v -0.04110300 0.02709800 -0.09755300
v -0.04110300 0.01036800 0.09528600
v -0.04110300 0.01288800 -0.02319200
v -0.04110300 0.01288800 -0.02319200
v -0.04110300 0.02193200 -0.09950000
v -0.04110300 0.02193200 -0.09950000
v -0.04110300 0.00114800 -0.02945100
v -0.04110300 0.00114800 -0.06227800
v -0.04110300 0.00114800 0.09302700
v -0.04110300 0.00114800 -0.02342800
v -0.04110300 0.00114800 -0.02342800
v -0.04110300 0.01188800 -0.02321300
v -0.04110300 0.01188800 -0.02321300
v -0.04110300 0.00114800 -0.05616500
v -0.04110300 0.02339300 -0.07315600
v -0.04110300 0.02339300 -0.07315600
v -0.04110300 0.01647500 -0.04385100
v -0.04110300 0.01647500 -0.04385100
v -0.04110300 0.00114800 -0.04239800
v -0.04110300 0.00114800 -0.05213300
v -0.04110300 0.02244500 -0.07195400
v -0.04110300 0.02244500 -0.07195400
v -0.04110300 0.01320700 -0.04551200
v -0.04110300 0.01320700 -0.04551200
v -0.04110300 0.02074300 -0.06885200
v -0.04110300 0.02074300 -0.06885200
v -0.04110300 0.01322600 -0.04834000
v -0.04110300 0.01322600 -0.04834000
v -0.04110300 0.02027300 -0.06902400
v -0.04110300 0.02027300 -0.06902400
v -0.04110300 0.01275700 -0.04851200
v -0.04110300 0.01275700 -0.04851200
v -0.04110300 0.01301600 -0.02919900
v -0.04110300 0.01301600 -0.02919900
v -0.04110300 0.01034100 0.09654300
v -0.04110300 0.01032000 0.09754300
v -0.04110300 0.01032000 0.09754300
v -0.04110300 0.00832000 0.09750000
v -0.04110300 0.00832000 0.09750000
v -0.04110300 0.02814900 -0.09330300
v -0.04110300 0.02814900 -0.09330300
v -0.04110300 0.02846100 -0.09462500
v -0.04110300 0.00114800 0.09802700
v -0.04110300 0.00265300 0.09950000
v -0.04110300 0.00265300 0.09950000
v -0.04110300 0.00827700 0.09950000
v -0.04110300 0.00827700 0.09950000
v -0.04110300 0.00114800 -0.06621900
v -0.04110300 0.01201600 -0.02922000
v -0.04110300 0.01201600 -0.02922000
v -0.04110300 0.02512300 -0.08048200
v -0.04110300 0.02512300 -0.08048200
v -0.04110300 0.02717600 -0.09353200
v -0.04110300 0.02717600 -0.09353200
v -0.04110300 0.02414900 -0.08071200
v -0.04110300 0.02414900 -0.08071200
v -0.04110300 0.00114800 -0.05756700
v -0.04110300 0.00114800 -0.06087500
v -0.04110300 0.02010100 -0.06855500
v -0.04110300 0.01292900 -0.04898200
v -0.04110300 0.02426400 -0.08119800
v -0.04110300 0.00114800 -0.02221000
v -0.04110300 0.00114800 -0.02221000
v -0.04110300 0.01286200 -0.02197900
v -0.04110300 -0.00000000 -0.02342800
v -0.04110300 -0.00000000 -0.02342800
v -0.04110300 -0.00000000 -0.02221000
v -0.04110300 -0.00000000 -0.02221000
v -0.04110300 0.00114800 -0.02823600
v -0.04110300 0.00114800 -0.02464400
v -0.04110300 0.01199000 -0.02800900
v -0.04110300 0.01191400 -0.02442600
v -0.02631200 0.02490600 -0.08391700
v -0.02631200 0.02641900 -0.09032700
v -0.02631200 0.02706100 -0.09304600
v -0.02631200 0.01301600 -0.02919900
v -0.02631200 0.01301600 -0.02919900
v -0.02631200 0.01034100 0.09654300
v -0.02631200 0.01032000 0.09754300
v -0.02631200 0.01032000 0.09754300
v -0.02631200 0.00832000 0.09750000
v -0.02631200 0.00832000 0.09750000
v -0.02631200 0.02814900 -0.09330300
v -0.02631200 0.02814900 -0.09330300
v -0.02631200 0.02846100 -0.09462500
v -0.02631200 0.00114800 0.09802700
v -0.02631200 0.00265300 0.09950000
v -0.02631200 0.00265300 0.09950000
v -0.02631200 0.00827700 0.09950000
v -0.02631200 0.00827700 0.09950000
v -0.02631200 0.00114800 -0.06621900
v -0.02631200 0.01201600 -0.02922000
v -0.02631200 0.01201600 -0.02922000
v -0.02631200 0.02512300 -0.08048200
v -0.02631200 0.02512300 -0.08048200
v -0.02631200 0.02717600 -0.09353200
v -0.02631200 0.02717600 -0.09353200
v -0.02631200 0.02414900 -0.08071200
v -0.02631200 0.02414900 -0.08071200
v -0.02631200 0.02426400 -0.08119800
v -0.02631200 0.00114800 -0.02221000
v -0.02631200 0.00114800 -0.02221000
v -0.02631200 0.01286200 -0.02197500
v -0.02631200 -0.00000000 -0.02221000
v -0.02631200 -0.00000000 -0.02221000
v -0.02631200 0.00114800 -0.02823600
v -0.02631200 0.00114800 -0.02464400
v -0.02631200 0.01199000 -0.02800900
v -0.02631200 0.01191400 -0.02442500
v -0.02631200 0.02881500 -0.09612100
v -0.02631200 0.01039000 0.09424700
v -0.02631200 0.02755700 -0.09950000
v -0.02631200 0.02755700 -0.09950000
v -0.02631200 0.02904400 -0.09709400
v -0.02631200 0.02904400 -0.09709400
v -0.02631200 0.00114800 0.09494000
v -0.02631200 0.00114800 -0.06394100
v -0.02631200 0.02709800 -0.09755300
v -0.02631200 0.02709800 -0.09755300
v -0.02631200 0.01036800 0.09528600
v -0.02631200 0.01288800 -0.02318900
v -0.02631200 0.01288800 -0.02318900
v -0.02631200 0.02193200 -0.09950000
v -0.02631200 0.02193200 -0.09950000
v -0.02631200 0.00114800 -0.02945100
v -0.02631200 0.00114800 -0.06227800
v -0.02631200 0.00114800 0.09302700
v -0.02631200 0.00114800 -0.02342800
v -0.02631200 0.00114800 -0.02342800
v -0.02631200 0.01188800 -0.02321000
v -0.02631200 0.01188800 -0.02321000
v -0.02631200 0.00114800 -0.05616500
v -0.02631200 0.02339300 -0.07315600
v -0.02631200 0.02339300 -0.07315600
v -0.02631200 0.01647500 -0.04385100
v -0.02631200 0.01647500 -0.04385100
v -0.02631200 0.00114800 -0.04239800
v -0.02631200 0.00114800 -0.05213300
v -0.02631200 0.02244500 -0.07195400
v -0.02631200 0.02244500 -0.07195400
v -0.02631200 0.01320700 -0.04551200
v -0.02631200 0.01320700 -0.04551200
v -0.02631200 0.02074300 -0.06885200
v -0.02631200 0.02074300 -0.06885200
v -0.02631200 0.01322600 -0.04834000
v -0.02631200 0.01322600 -0.04834000
v -0.02631200 0.02027300 -0.06902400
v -0.02631200 0.02027300 -0.06902400
v -0.02631200 0.01275700 -0.04851200
v -0.02631200 0.01275700 -0.04851200
v -0.02631200 0.00114800 -0.05756700
v -0.02631200 0.00114800 -0.06087500
v -0.02631200 0.02010100 -0.06855500
v -0.02631200 0.01292900 -0.04898200
v -0.02631200 -0.00000000 -0.02342800
v -0.02631200 -0.00000000 -0.02342800
v -0.01862600 0.02490600 -0.08391700
v -0.01862600 0.02641900 -0.09032700
v -0.01862600 0.02706100 -0.09304600
v -0.01862600 0.01301600 -0.02919900
v -0.01862600 0.01301600 -0.02919900
v -0.01862600 0.01034100 0.09654300
v -0.01862600 0.01032000 0.09754300
v -0.01862600 0.01032000 0.09754300
v -0.01862600 0.00832000 0.09750000
v -0.01862600 0.00832000 0.09750000
v -0.01862600 0.02814900 -0.09330300
v -0.01862600 0.02814900 -0.09330300
v -0.01862600 0.02846100 -0.09462500
v -0.01862600 0.00114800 0.09802700
v -0.01862600 0.00265300 0.09950000
v -0.01862600 0.00265300 0.09950000
v -0.01862600 0.00827700 0.09950000
v -0.01862600 0.00827700 0.09950000
v -0.01862600 0.00114800 -0.06621900
v -0.01862600 0.01201600 -0.02922000
v -0.01862600 0.01201600 -0.02922000
v -0.01862600 0.02512300 -0.08048200
v -0.01862600 0.02512300 -0.08048200
v -0.01862600 0.02717600 -0.09353200
v -0.01862600 0.02717600 -0.09353200
v -0.01862600 0.02414900 -0.08071200
v -0.01862600 0.02414900 -0.08071200
v -0.01862600 0.02426400 -0.08119800
v -0.01862600 0.00114800 -0.02221000
v -0.01862600 0.00114800 -0.02221000
v -0.01862600 0.01286200 -0.02197400
v -0.01862600 -0.00000000 -0.02221000
v -0.01862600 -0.00000000 -0.02221000
v -0.01862600 0.00114800 -0.02823600
v -0.01862600 0.00114800 -0.02464400
v -0.01862600 0.01199000 -0.02800900
v -0.01862600 0.01191400 -0.02442500
v -0.01862600 0.02881500 -0.09612100
v -0.01862600 0.01039000 0.09424700
v -0.01862600 0.02755700 -0.09950000
v -0.01862600 0.02755700 -0.09950000
v -0.01862600 0.02904400 -0.09709400
v -0.01862600 0.02904400 -0.09709400
v -0.01862600 0.00114800 0.09494000
v -0.01862600 0.00114800 -0.06394100
v -0.01862600 0.02709800 -0.09755300
v -0.01862600 0.02709800 -0.09755300
v -0.01862600 0.01036800 0.09528600
v -0.01862600 0.01288800 -0.02318800
v -0.01862600 0.01288800 -0.02318800
v -0.01862600 0.02193200 -0.09950000
v -0.01862600 0.02193200 -0.09950000
v -0.01862600 0.00114800 -0.02945100
v -0.01862600 0.00114800 -0.06227800
v -0.01862600 0.00114800 0.09302700
v -0.01862600 0.00114800 -0.02342800
v -0.01862600 0.00114800 -0.02342800
v -0.01862600 0.01188800 -0.02320900
v -0.01862600 0.01188800 -0.02320900
v -0.01862600 0.00114800 -0.05616500
v -0.01862600 0.02339300 -0.07315600
v -0.01862600 0.02339300 -0.07315600
v -0.01862600 0.01647500 -0.04385100
v -0.01862600 0.01647500 -0.04385100
v -0.01862600 0.00114800 -0.04239800
v -0.01862600 0.00114800 -0.05213300
v -0.01862600 0.02244500 -0.07195400
v -0.01862600 0.02244500 -0.07195400
v -0.01862600 0.01320700 -0.04551200
v -0.01862600 0.01320700 -0.04551200
v -0.01862600 0.02074300 -0.06885200
v -0.01862600 0.02074300 -0.06885200
v -0.01862600 0.01322600 -0.04834000
v -0.01862600 0.01322600 -0.04834000
v -0.01862600 0.02027300 -0.06902400
v -0.01862600 0.02027300 -0.06902400
v -0.01862600 0.01275700 -0.04851200
v -0.01862600 0.01275700 -0.04851200
v -0.01862600 0.00114800 -0.05756700
v -0.01862600 0.00114800 -0.06087500
v -0.01862600 0.02010100 -0.06855500
v -0.01862600 0.01292900 -0.04898200
v -0.01862600 -0.00000000 -0.02342800
v -0.01862600 -0.00000000 -0.02342800
v -0.00384000 0.02490600 -0.08391700
v -0.00384000 0.02641900 -0.09032700
v -0.00384000 0.02706100 -0.09304600
v -0.00384000 0.01301600 -0.02919900
v -0.00384000 0.01301600 -0.02919900
v -0.00384000 0.01034100 0.09654300
v -0.00384000 0.01032000 0.09754300
v -0.00384000 0.01032000 0.09754300
v -0.00384000 0.00832000 0.09750000
v -0.00384000 0.00832000 0.09750000
v -0.00384000 0.02814900 -0.09330300
v -0.00384000 0.02814900 -0.09330300
v -0.00384000 0.02846100 -0.09462500
v -0.00384000 0.00114800 0.09802700
v -0.00384000 0.00265300 0.09950000
v -0.00384000 0.00265300 0.09950000
v -0.00384000 0.00827700 0.09950000
v -0.00384000 0.00827700 0.09950000
v -0.00384000 0.00114800 -0.06621900
v -0.00384000 0.01201600 -0.02922000
v -0.00384000 0.01201600 -0.02922000
v -0.00384000 0.02512300 -0.08048200
v -0.00384000 0.02512300 -0.08048200
v -0.00384000 0.02717600 -0.09353200
v -0.00384000 0.02717600 -0.09353200
v -0.00384000 0.02414900 -0.08071200
v -0.00384000 0.02414900 -0.08071200
v -0.00384000 0.02426400 -0.08119800
v -0.00384000 0.00114800 -0.02221000
v -0.00384000 0.00114800 -0.02221000
v -0.00384000 0.01286200 -0.02197100
v -0.00384000 -0.00000000 -0.02221000
v -0.00384000 -0.00000000 -0.02221000
v -0.00384000 0.00114800 -0.02823600
v -0.00384000 0.00114800 -0.02464400
v -0.00384000 0.01199000 -0.02800900
v -0.00384000 0.01191400 -0.02442400
v -0.00384000 0.02881500 -0.09612100
v -0.00384000 0.01039000 0.09424700
v -0.00384000 0.02755700 -0.09950000
v -0.00384000 0.02755700 -0.09950000
v -0.00384000 0.02904400 -0.09709400
v -0.00384000 0.02904400 -0.09709400
v -0.00384000 0.00114800 0.09494000
v -0.00384000 0.00114800 -0.06394100
v -0.00384000 0.02709800 -0.09755300
v -0.00384000 0.02709800 -0.09755300
v -0.00384000 0.01036800 0.09528600
v -0.00384000 0.01288800 -0.02318400
v -0.00384000 0.01288800 -0.02318400
v -0.00384000 0.02193200 -0.09950000
v -0.00384000 0.02193200 -0.09950000
v -0.00384000 0.00114800 -0.02945100
v -0.00384000 0.00114800 -0.06227800
v -0.00384000 0.00114800 0.09302700
v -0.00384000 0.00114800 -0.02342800
v -0.00384000 0.00114800 -0.02342800
v -0.00384000 0.01188800 -0.02320600
v -0.00384000 0.01188800 -0.02320600
v -0.00384000 0.00114800 -0.05616500
v -0.00384000 0.02339300 -0.07315600
v -0.00384000 0.02339300 -0.07315600
v -0.00384000 0.01647500 -0.04385100
v -0.00384000 0.01647500 -0.04385100
v -0.00384000 0.00114800 -0.04239800
v -0.00384000 0.00114800 -0.05213300
v -0.00384000 0.02244500 -0.07195400
v -0.00384000 0.02244500 -0.07195400
v -0.00384000 0.01320700 -0.04551200
v -0.00384000 0.01320700 -0.04551200
v -0.00384000 0.02074300 -0.06885200
v -0.00384000 0.02074300 -0.06885200
v -0.00384000 0.01322600 -0.04834000
v -0.00384000 0.01322600 -0.04834000
v -0.00384000 0.02027300 -0.06902400
v -0.00384000 0.02027300 -0.06902400
v -0.00384000 0.01275700 -0.04851200
v -0.00384000 0.01275700 -0.04851200
v -0.00384000 0.00114800 -0.05756700
v -0.00384000 0.00114800 -0.06087500
v -0.00384000 0.02010100 -0.06855500
v -0.00384000 0.01292900 -0.04898200
v -0.00384000 -0.00000000 -0.02342800
v -0.00384000 -0.00000000 -0.02342800
v 0.00384100 0.01301600 -0.02919900
v 0.00384100 0.01301600 -0.02919900
v 0.00384100 0.01034100 0.09654300
v 0.00384100 0.01032000 0.09754300
v 0.00384100 0.01032000 0.09754300
v 0.00384100 0.00832000 0.09750000
v 0.00384100 0.00832000 0.09750000
v 0.00384100 0.02814900 -0.09330300
v 0.00384100 0.02814900 -0.09330300
v 0.00384100 0.02846100 -0.09462500
v 0.00384100 0.00114800 0.09802700
v 0.00384100 0.00265300 0.09950000
v 0.00384100 0.00265300 0.09950000
v 0.00384100 0.00827700 0.09950000
v 0.00384100 0.00827700 0.09950000
v 0.00384100 0.00114800 -0.06621900
v 0.00384100 0.01201600 -0.02922000
v 0.00384100 0.01201600 -0.02922000
v 0.00384100 0.02512300 -0.08048200
v 0.00384100 0.02512300 -0.08048200
v 0.00384100 0.02717600 -0.09353200
v 0.00384100 0.02717600 -0.09353200
v 0.00384100 0.02414900 -0.08071200
v 0.00384100 0.02414900 -0.08071200
v 0.00384100 0.01039000 0.09424700
v 0.00384100 0.02881500 -0.09612100
v 0.00384100 0.02755700 -0.09950000
v 0.00384100 0.02755700 -0.09950000
v 0.00384100 0.02904400 -0.09709400
v 0.00384100 0.02904400 -0.09709400
v 0.00384100 0.00114800 0.09494000
v 0.00384100 0.00114800 -0.06394100
v 0.00384100 0.02709800 -0.09755300
v 0.00384100 0.02709800 -0.09755300
v 0.00384100 0.01036800 0.09528600
v 0.00384100 0.01288800 -0.02318400
v 0.00384100 0.01288800 -0.02318400
v 0.00384100 0.02193200 -0.09950000
v 0.00384100 0.02193200 -0.09950000
v 0.00384100 0.00114800 -0.02945100
v 0.00384100 0.00114800 -0.06227800
v 0.00384100 0.00114800 0.09302700
v 0.00384100 0.00114800 -0.02342800
v 0.00384100 0.00114800 -0.02342800
v 0.00384100 0.01188800 -0.02320600
v 0.00384100 0.01188800 -0.02320600
v 0.00384100 0.00114800 -0.05616500
v 0.00384100 0.02339300 -0.07315600
v 0.00384100 0.02339300 -0.07315600
v 0.00384100 0.01647500 -0.04385100
v 0.00384100 0.01647500 -0.04385100
v 0.00384100 0.00114800 -0.04239800
v 0.00384100 0.00114800 -0.05213300
v 0.00384100 0.02244500 -0.07195400
v 0.00384100 0.02244500 -0.07195400
v 0.00384100 0.01320700 -0.04551200
v 0.00384100 0.01320700 -0.04551200
v 0.00384100 0.02074300 -0.06885200
v 0.00384100 0.02074300 -0.06885200
v 0.00384100 0.01322600 -0.04834000
v 0.00384100 0.01322600 -0.04834000
v 0.00384100 0.02027300 -0.06902400
v 0.00384100 0.02027300 -0.06902400
v 0.00384100 0.01275700 -0.04851200
v 0.00384100 0.01275700 -0.04851200
v 0.00384100 0.00114800 -0.05756700
v 0.00384100 0.00114800 -0.06087500
v 0.00384100 0.02490600 -0.08391700
v 0.00384100 0.02641900 -0.09032700
v 0.00384100 0.02010100 -0.06855500
v 0.00384100 0.01292900 -0.04898200
v 0.00384100 0.02706100 -0.09304600
v 0.00384100 0.02426400 -0.08119800
v 0.00384100 0.01286200 -0.02197100
v 0.00384100 0.00114800 -0.02221000
v 0.00384100 0.00114800 -0.02221000
v 0.00384100 -0.00000000 -0.02342800
v 0.00384100 -0.00000000 -0.02342800
v 0.00384100 -0.00000000 -0.02221000
v 0.00384100 -0.00000000 -0.02221000
v 0.00384100 0.00114800 -0.02823600
v 0.00384100 0.00114800 -0.02464400
v 0.00384100 0.01199000 -0.02800900
v 0.00384100 0.01191400 -0.02442400
v 0.01862500 0.01039000 0.09424700
v 0.01862500 0.02881500 -0.09612100
v 0.01862500 0.02755700 -0.09950000
v 0.01862500 0.02755700 -0.09950000
v 0.01862500 0.02904400 -0.09709400
v 0.01862500 0.02904400 -0.09709400
v 0.01862500 0.00114800 0.09494000
v 0.01862500 0.00114800 -0.06394100
v 0.01862500 0.02709800 -0.09755300
v 0.01862500 0.02709800 -0.09755300
v 0.01862500 0.01036800 0.09528600
v 0.01862500 0.01288800 -0.02318800
v 0.01862500 0.01288800 -0.02318800
v 0.01862500 0.02193200 -0.09950000
v 0.01862500 0.02193200 -0.09950000
v 0.01862500 0.00114800 -0.02945100
v 0.01862500 0.00114800 -0.06227800
v 0.01862500 0.00114800 0.09302700
v 0.01862500 0.00114800 -0.02342800
v 0.01862500 0.00114800 -0.02342800
v 0.01862500 0.01188800 -0.02321000
v 0.01862500 0.01188800 -0.02321000
v 0.01862500 0.00114800 -0.05616500
v 0.01862500 0.02339300 -0.07315600
v 0.01862500 0.02339300 -0.07315600
v 0.01862500 0.01647500 -0.04385100
v 0.01862500 0.01647500 -0.04385100
v 0.01862500 0.00114800 -0.04239800
v 0.01862500 0.00114800 -0.05213300
v 0.01862500 0.02244500 -0.07195400
v 0.01862500 0.02244500 -0.07195400
v 0.01862500 0.01320700 -0.04551200
v 0.01862500 0.01320700 -0.04551200
v 0.01862500 0.02074300 -0.06885200
v 0.01862500 0.02074300 -0.06885200
v 0.01862500 0.01322600 -0.04834000
v 0.01862500 0.01322600 -0.04834000
v 0.01862500 0.02027300 -0.06902400
v 0.01862500 0.02027300 -0.06902400
v 0.01862500 0.01275700 -0.04851200
v 0.01862500 0.01275700 -0.04851200
v 0.01862500 0.00114800 -0.05756700
v 0.01862500 0.00114800 -0.06087500
v 0.01862500 0.02010100 -0.06855500
v 0.01862500 0.01292900 -0.04898200
v 0.01862500 -0.00000000 -0.02342800
v 0.01862500 -0.00000000 -0.02342800
v 0.01862500 0.00114800 -0.02823600
v 0.01862500 0.00114800 -0.02464400
v 0.01862500 0.01199000 -0.02800900
v 0.01862500 0.01191400 -0.02442400
v 0.01862500 0.01301600 -0.02919900
v 0.01862500 0.01301600 -0.02919900
v 0.01862500 0.01034100 0.09654300
v 0.01862500 0.01032000 0.09754300
v 0.01862500 0.01032000 0.09754300
v 0.01862500 0.00832000 0.09750000
v 0.01862500 0.00832000 0.09750000
v 0.01862500 0.02814900 -0.09330300
v 0.01862500 0.02814900 -0.09330300
v 0.01862500 0.02846100 -0.09462500
v 0.01862500 0.00114800 0.09802700
v 0.01862500 0.00265300 0.09950000
v 0.01862500 0.00265300 0.09950000
v 0.01862500 0.00827700 0.09950000
v 0.01862500 0.00827700 0.09950000
v 0.01862500 0.00114800 -0.06621900
v 0.01862500 0.01201600 -0.02922000
v 0.01862500 0.01201600 -0.02922000
v 0.01862500 0.02512300 -0.08048200
v 0.01862500 0.02512300 -0.08048200
v 0.01862500 0.02717600 -0.09353200
v 0.01862500 0.02717600 -0.09353200
v 0.01862500 0.02414900 -0.08071200
v 0.01862500 0.02414900 -0.08071200
v 0.01862500 0.02490600 -0.08391700
v 0.01862500 0.02641900 -0.09032700
v 0.01862500 0.02706100 -0.09304600
v 0.01862500 0.02426400 -0.08119800
v 0.01862500 0.01286200 -0.02197500
v 0.01862500 0.00114800 -0.02221000
v 0.01862500 0.00114800 -0.02221000
v 0.01862500 -0.00000000 -0.02221000
v 0.01862500 -0.00000000 -0.02221000
v 0.02630700 0.01039000 0.09424700
v 0.02630700 0.02881500 -0.09612100
v 0.02630700 0.02755700 -0.09950000
v 0.02630700 0.02755700 -0.09950000
v 0.02630700 0.02904400 -0.09709400
v 0.02630700 0.02904400 -0.09709400
v 0.02630700 0.00114800 0.09494000
v 0.02630700 0.00114800 -0.06394100
v 0.02630700 0.02709800 -0.09755300
v 0.02630700 0.02709800 -0.09755300
v 0.02630700 0.01036800 0.09528600
v 0.02630700 0.01288800 -0.02319000
v 0.02630700 0.01288800 -0.02319000
v 0.02630700 0.02193200 -0.09950000
v 0.02630700 0.02193200 -0.09950000
v 0.02630700 0.00114800 -0.02945100
v 0.02630700 0.00114800 -0.06227800
v 0.02630700 0.00114800 0.09302700
v 0.02630700 0.00114800 -0.02342800
v 0.02630700 0.00114800 -0.02342800
v 0.02630700 0.01188800 -0.02321100
v 0.02630700 0.01188800 -0.02321100
v 0.02630700 0.00114800 -0.05616500
v 0.02630700 0.02339300 -0.07315600
v 0.02630700 0.02339300 -0.07315600
v 0.02630700 0.01647500 -0.04385100
v 0.02630700 0.01647500 -0.04385100
v 0.02630700 0.00114800 -0.04239800
v 0.02630700 0.00114800 -0.05213300
v 0.02630700 0.02244500 -0.07195400
v 0.02630700 0.02244500 -0.07195400
v 0.02630700 0.01320700 -0.04551200
v 0.02630700 0.01320700 -0.04551200
v 0.02630700 0.02074300 -0.06885200
v 0.02630700 0.02074300 -0.06885200
v 0.02630700 0.01322600 -0.04834000
v 0.02630700 0.01322600 -0.04834000
v 0.02630700 0.02027300 -0.06902400
v 0.02630700 0.02027300 -0.06902400
v 0.02630700 0.01275700 -0.04851200
v 0.02630700 0.01275700 -0.04851200
v 0.02630700 0.00114800 -0.05756700
v 0.02630700 0.00114800 -0.06087500
v 0.02630700 0.02010100 -0.06855500
v 0.02630700 0.01292900 -0.04898200
v 0.02630700 -0.00000000 -0.02342800
v 0.02630700 -0.00000000 -0.02342800
v 0.02630700 0.00114800 -0.02823600
v 0.02630700 0.00114800 -0.02464400
v 0.02630700 0.01199000 -0.02800900
v 0.02630700 0.01191400 -0.02442300
v 0.02630700 0.01301600 -0.02919900
v 0.02630700 0.01301600 -0.02919900
v 0.02630700 0.01034100 0.09654300
v 0.02630700 0.01032000 0.09754300
v 0.02630700 0.01032000 0.09754300
v 0.02630700 0.00832000 0.09750000
v 0.02630700 0.00832000 0.09750000
v 0.02630700 0.02814900 -0.09330300
v 0.02630700 0.02814900 -0.09330300
v 0.02630700 0.02846100 -0.09462500
v 0.02630700 0.00114800 0.09802700
v 0.02630700 0.00265300 0.09950000
v 0.02630700 0.00265300 0.09950000
v 0.02630700 0.00827700 0.09950000
v 0.02630700 0.00827700 0.09950000
v 0.02630700 0.00114800 -0.06621900
v 0.02630700 0.01201600 -0.02922000
v 0.02630700 0.01201600 -0.02922000
v 0.02630700 0.02512300 -0.08048200
v 0.02630700 0.02512300 -0.08048200
v 0.02630700 0.02717600 -0.09353200
v 0.02630700 0.02717600 -0.09353200
v 0.02630700 0.02414900 -0.08071200
v 0.02630700 0.02414900 -0.08071200
v 0.02630700 0.02490600 -0.08391700
v 0.02630700 0.02641900 -0.09032700
v 0.02630700 0.02706100 -0.09304600
v 0.02630700 0.02426400 -0.08119800
v 0.02630700 0.01286200 -0.02197600
v 0.02630700 0.00114800 -0.02221000
v 0.02630700 0.00114800 -0.02221000
v 0.02630700 -0.00000000 -0.02221000
v 0.02630700 -0.00000000 -0.02221000
v 0.04109200 0.01200100 -0.02850800
v 0.04109200 0.01200100 -0.02850800
v 0.04109200 0.01000100 -0.02855100
v 0.04109200 0.01000100 -0.02855100
v 0.04109200 0.01190300 -0.02392600
v 0.04109200 0.01190300 -0.02392600
v 0.04109200 0.00990400 -0.02396900
v 0.04109200 0.00990400 -0.02396900
v 0.04109200 0.01039000 0.09424700
v 0.04109200 0.02881500 -0.09612100
v 0.04109200 0.02755700 -0.09950000
v 0.04109200 0.02755700 -0.09950000
v 0.04109200 0.02904400 -0.09709400
v 0.04109200 0.02904400 -0.09709400
v 0.04109200 0.00114800 0.09494000
v 0.04109200 0.00114800 -0.06394100
v 0.04109200 0.02709800 -0.09755300
v 0.04109200 0.02709800 -0.09755300
v 0.04109200 0.01036800 0.09528600
v 0.04109200 0.01288800 -0.02319300
v 0.04109200 0.01288800 -0.02319300
v 0.04109200 0.02193200 -0.09950000
v 0.04109200 0.02193200 -0.09950000
v 0.04109200 0.00114800 -0.02945100
v 0.04109200 0.00114800 -0.06227800
v 0.04109200 0.00114800 0.09302700
v 0.04109200 0.00114800 -0.02342800
v 0.04109200 0.00114800 -0.02342800
v 0.04109200 0.01188800 -0.02321500
v 0.04109200 0.01188800 -0.02321500
v 0.04109200 0.00114800 -0.05616500
v 0.04109200 0.02339300 -0.07315600
v 0.04109200 0.02339300 -0.07315600
v 0.04109200 0.01647500 -0.04385100
v 0.04109200 0.01647500 -0.04385100
v 0.04109200 0.00114800 -0.04239800
v 0.04109200 0.00114800 -0.05213300
v 0.04109200 0.02244500 -0.07195400
v 0.04109200 0.02244500 -0.07195400
v 0.04109200 0.01320700 -0.04551200
v 0.04109200 0.01320700 -0.04551200
v 0.04109200 0.02074300 -0.06885200
v 0.04109200 0.02074300 -0.06885200
v 0.04109200 0.01322600 -0.04834000
v 0.04109200 0.01322600 -0.04834000
v 0.04109200 0.02027300 -0.06902400
v 0.04109200 0.02027300 -0.06902400
v 0.04109200 0.01275700 -0.04851200
v 0.04109200 0.01275700 -0.04851200
v 0.04109200 0.00114800 -0.05756700
v 0.04109200 0.00114800 -0.06087500
v 0.04109200 0.02010100 -0.06855500
v 0.04109200 0.01292900 -0.04898200
v 0.04109200 -0.00000000 -0.02342800
v 0.04109200 -0.00000000 -0.02342800
v 0.04109200 0.00114800 -0.02823600
v 0.04109200 0.00114800 -0.02464400
v 0.04109200 0.00999000 -0.02805100
v 0.04109200 0.00991400 -0.02446800
v 0.04109200 0.01301600 -0.02919900
v 0.04109200 0.01301600 -0.02919900
v 0.04109200 0.01034100 0.09654300
v 0.04109200 0.01032000 0.09754300
v 0.04109200 0.01032000 0.09754300
v 0.04109200 0.00832000 0.09750000
v 0.04109200 0.00832000 0.09750000
v 0.04109200 0.02814900 -0.09330300
v 0.04109200 0.02814900 -0.09330300
v 0.04109200 0.02846100 -0.09462500
v 0.04109200 0.00114800 0.09802700
v 0.04109200 0.00265300 0.09950000
v 0.04109200 0.00265300 0.09950000
v 0.04109200 0.00827700 0.09950000
v 0.04109200 0.00827700 0.09950000
v 0.04109200 0.00114800 -0.06621900
v 0.04109200 0.01201600 -0.02922000
v 0.04109200 0.01201600 -0.02922000
v 0.04109200 0.02512300 -0.08048200
v 0.04109200 0.02512300 -0.08048200
v 0.04109200 0.02717600 -0.09353200
v 0.04109200 0.02717600 -0.09353200
v 0.04109200 0.02414900 -0.08071200
v 0.04109200 0.02414900 -0.08071200
v 0.04109200 0.02490600 -0.08391700
v 0.04109200 0.02490600 -0.08391700
v 0.04109200 0.02641900 -0.09032700
v 0.04109200 0.02641900 -0.09032700
v 0.04109200 0.02441900 -0.08403200
v 0.04109200 0.02441900 -0.08403200
v 0.04109200 0.02593300 -0.09044200
v 0.04109200 0.02593300 -0.09044200
v 0.04109200 0.02706100 -0.09304600
v 0.04109200 0.02426400 -0.08119800
v 0.04109200 0.00114800 -0.02221000
v 0.04109200 0.00114800 -0.02221000
v 0.04109200 0.01286200 -0.02198000
v 0.04109200 -0.00000000 -0.02221000
v 0.04109200 -0.00000000 -0.02221000
v 0.04878700 0.01000100 -0.02855100
v 0.04878700 0.01000100 -0.02855100
v 0.04878700 0.01190300 -0.02392700
v 0.04878700 0.01190300 -0.02392700
v 0.04878700 0.01039000 0.09424700
v 0.04878700 0.02881500 -0.09612100
v 0.04878700 0.02755700 -0.09950000
v 0.04878700 0.02755700 -0.09950000
v 0.04878700 0.02904400 -0.09709400
v 0.04878700 0.02904400 -0.09709400
v 0.04878700 0.00114800 0.09494000
v 0.04878700 0.00114800 -0.06394100
v 0.04878700 0.02709800 -0.09755300
v 0.04878700 0.02709800 -0.09755300
v 0.04878700 0.01036800 0.09528600
v 0.04878700 0.01288800 -0.02319500
v 0.04878700 0.01288800 -0.02319500
v 0.04878700 0.02193200 -0.09950000
v 0.04878700 0.02193200 -0.09950000
v 0.04878700 0.00114800 -0.02945100
v 0.04878700 0.00114800 -0.06227800
v 0.04878700 0.00114800 0.09302700
v 0.04878700 0.00114800 -0.02342800
v 0.04878700 0.00114800 -0.02342800
v 0.04878700 0.01188800 -0.02321600
v 0.04878700 0.01188800 -0.02321600
v 0.04878700 0.00114800 -0.05616500
v 0.04878700 0.02339300 -0.07315600
v 0.04878700 0.02339300 -0.07315600
v 0.04878700 0.01647500 -0.04385100
v 0.04878700 0.01647500 -0.04385100
v 0.04878700 0.00114800 -0.04239800
v 0.04878700 0.00114800 -0.05213300
v 0.04878700 0.02244500 -0.07195400
v 0.04878700 0.02244500 -0.07195400
v 0.04878700 0.01320700 -0.04551200
v 0.04878700 0.01320700 -0.04551200
v 0.04878700 0.02074300 -0.06885200
v 0.04878700 0.02074300 -0.06885200
v 0.04878700 0.01322600 -0.04834000
v 0.04878700 0.01322600 -0.04834000
v 0.04878700 0.02027300 -0.06902400
v 0.04878700 0.02027300 -0.06902400
v 0.04878700 0.01275700 -0.04851200
v 0.04878700 0.01275700 -0.04851200
v 0.04878700 0.00114800 -0.05756700
v 0.04878700 0.00114800 -0.06087500
v 0.04878700 0.02010100 -0.06855500
v 0.04878700 0.01292900 -0.04898200
v 0.04878700 -0.00000000 -0.02342800
v 0.04878700 -0.00000000 -0.02342800
v 0.04878700 0.00114800 -0.02823600
v 0.04878700 0.00114800 -0.02464400
v 0.04878700 0.00999000 -0.02805100
v 0.04878700 0.00991400 -0.02447000
v 0.04878700 0.01200100 -0.02850800
v 0.04878700 0.01200100 -0.02850800
v 0.04878700 0.00990400 -0.02397000
v 0.04878700 0.00990400 -0.02397000
v 0.04878700 0.01301600 -0.02919900
v 0.04878700 0.01301600 -0.02919900
v 0.04878700 0.01034100 0.09654300
v 0.04878700 0.01032000 0.09754300
v 0.04878700 0.01032000 0.09754300
v 0.04878700 0.00832000 0.09750000
v 0.04878700 0.00832000 0.09750000
v 0.04878700 0.02814900 -0.09330300
v 0.04878700 0.02814900 -0.09330300
v 0.04878700 0.02846100 -0.09462500
v 0.04878700 0.00114800 0.09802700
v 0.04878700 0.00265300 0.09950000
v 0.04878700 0.00265300 0.09950000
v 0.04878700 0.00827700 0.09950000
v 0.04878700 0.00827700 0.09950000
v 0.04878700 0.00114800 -0.06621900
v 0.04878700 0.01201600 -0.02922000
v 0.04878700 0.01201600 -0.02922000
v 0.04878700 0.02512300 -0.08048200
v 0.04878700 0.02512300 -0.08048200
v 0.04878700 0.02717600 -0.09353200
v 0.04878700 0.02717600 -0.09353200
v 0.04878700 0.02414900 -0.08071200
v 0.04878700 0.02414900 -0.08071200
v 0.04878700 0.02490600 -0.08391700
v 0.04878700 0.02490600 -0.08391700
v 0.04878700 0.02641900 -0.09032700
v 0.04878700 0.02641900 -0.09032700
v 0.04878700 0.02441900 -0.08403200
v 0.04878700 0.02441900 -0.08403200
v 0.04878700 0.02593300 -0.09044200
v 0.04878700 0.02593300 -0.09044200
v 0.04878700 0.02706100 -0.09304600
v 0.04878700 0.02426400 -0.08119800
v 0.04878700 0.00114800 -0.02221000
v 0.04878700 0.00114800 -0.02221000
v 0.04878700 0.01286200 -0.02198100
v 0.04878700 -0.00000000 -0.02221000
v 0.04878700 -0.00000000 -0.02221000
v 0.06769200 0.00114800 -0.02945100
v 0.06682300 0.00114800 0.09302700
v 0.06314400 0.00114800 -0.06227800
v 0.06739100 0.01288800 -0.02319900
v 0.06739100 0.01288800 -0.02319900
v 0.06750600 0.00832000 0.09750000
v 0.06750600 0.00832000 0.09750000
v 0.06741200 0.01034100 0.09654300
v 0.06769200 0.00114800 -0.02342800
v 0.06769200 0.00114800 -0.02342800
v 0.06750600 0.01032000 0.09754300
v 0.06750600 0.01032000 0.09754300
v 0.06769200 0.02193200 -0.09950000
v 0.06769200 0.02193200 -0.09950000
v 0.06769200 0.02755700 -0.09950000
v 0.06769200 0.02755700 -0.09950000
v 0.06739000 0.01301600 -0.02919900
v 0.06739000 0.01301600 -0.02919900
v 0.06310900 0.00114800 -0.06394100
v 0.06682300 0.00114800 0.09494000
v 0.06737800 0.02846100 -0.09462500
v 0.06748300 0.02709800 -0.09755300
v 0.06748300 0.02709800 -0.09755300
v 0.06769200 0.00265300 0.09950000
v 0.06769200 0.00265300 0.09950000
v 0.06682300 0.00114800 0.09802700
v 0.06748300 0.02904400 -0.09709400
v 0.06748300 0.02904400 -0.09709400
v 0.06737800 0.02881500 -0.09612100
v 0.06310900 0.00114800 -0.06621900
v 0.06741200 0.01039000 0.09424700
v 0.06741200 0.01036800 0.09528600
v 0.06769200 0.00827700 0.09950000
v 0.06769200 0.00827700 0.09950000
v 0.06739100 0.01236000 -0.02321000
v 0.06739100 0.01236000 -0.02321000
v 0.06739000 0.01248800 -0.02921000
v 0.06739000 0.01248800 -0.02921000
v 0.06399100 0.00114800 -0.05616500
v 0.06455000 0.00114800 -0.05213300
v 0.06589800 0.00114800 -0.04239800
v 0.06704000 0.02490600 -0.08391700
v 0.06703900 0.02641900 -0.09032700
v 0.06379700 0.00114800 -0.05756700
v 0.06333900 0.00114800 -0.06087500
v 0.06703800 0.02814900 -0.09330300
v 0.06703800 0.02814900 -0.09330300
v 0.06703800 0.02717600 -0.09353200
v 0.06703800 0.02717600 -0.09353200
v 0.06704200 0.02339300 -0.07315600
v 0.06704200 0.02339300 -0.07315600
v 0.06704200 0.02244500 -0.07195400
v 0.06704200 0.02244500 -0.07195400
v 0.06704700 0.01647500 -0.04385100
v 0.06704700 0.01647500 -0.04385100
v 0.06704700 0.01320700 -0.04551200
v 0.06704700 0.01320700 -0.04551200
v 0.06704000 0.02512300 -0.08048200
v 0.06704000 0.02512300 -0.08048200
v 0.06704000 0.02414900 -0.08071200
v 0.06704000 0.02414900 -0.08071200
v 0.06564100 0.01322600 -0.04834000
v 0.06564100 0.01322600 -0.04834000
v 0.06564100 0.01275700 -0.04851200
v 0.06564100 0.01275700 -0.04851200
v 0.06563700 0.02074300 -0.06885200
v 0.06563700 0.02074300 -0.06885200
v 0.06563700 0.02027300 -0.06902400
v 0.06563700 0.02027300 -0.06902400
v 0.06563700 0.02010100 -0.06855500
v 0.06564000 0.01292900 -0.04898200
v 0.06703800 0.02706100 -0.09304600
v 0.06704000 0.02426400 -0.08119800
v 0.06739100 0.01286200 -0.02198600
v 0.06769200 0.00114800 -0.02221000
v 0.06769200 0.00114800 -0.02221000
v 0.06769200 -0.00000000 -0.02342800
v 0.06769200 -0.00000000 -0.02342800
v 0.06769200 -0.00000000 -0.02221000
v 0.06769200 -0.00000000 -0.02221000
v 0.06769200 0.00114800 -0.02823600
v 0.06739000 0.01246200 -0.02800000
v 0.06769200 0.00114800 -0.02464400
v 0.06739100 0.01238600 -0.02442100
v 0.07095100 0.00114800 0.02736400
v 0.07513200 0.00114800 0.02736400
v 0.07650000 0.00418000 0.02799800
v 0.07650000 0.00418000 0.02799800
v 0.07650000 0.00980400 0.02799800
v 0.07650000 0.00980400 0.02799800
v 0.05958300 0.00114800 0.02736400
v 0.07284900 0.00114800 0.02736400
v 0.07450000 0.00980600 0.02790600
v 0.07450000 0.00980600 0.02790600
v 0.07450000 0.01179800 0.02806200
v 0.07450000 0.01179800 0.02806200
v 0.07350000 0.01179900 0.02801600
v 0.07119200 0.01179800 0.02801600
v 0.05932600 0.01182000 0.02701800
v 0.05932600 0.01182000 0.02701800
v 0.07220200 0.01179900 0.02801600
v -0.07095100 0.00114800 0.02736400
v -0.07513200 0.00114800 0.02736400
v -0.07650000 0.00418000 0.02799800
v -0.07650000 0.00418000 0.02799800
v -0.07650000 0.00980400 0.02799800
v -0.07650000 0.00980400 0.02799800
v -0.06543000 0.00114800 0.02736400
v -0.07284900 0.00114800 0.02736400
v -0.07450000 0.00980600 0.02790600
v -0.07450000 0.00980600 0.02790600
v -0.07450000 0.01179800 0.02806200
v -0.07450000 0.01179800 0.02806200
v -0.07350000 0.01179900 0.02801600
v -0.07119200 0.01179800 0.02801600
v -0.07220200 0.01179900 0.02801600
v -0.04593700 0.00114800 0.02736400
v 0.05811500 0.01182000 0.02701800
v 0.05811500 0.01182000 0.02701800
v 0.05836700 0.00114800 0.02736400
v 0.03092700 0.00114800 0.02736400
v 0.03092700 0.01182000 0.02702100
v 0.03092700 0.01182000 0.02702100
v -0.04110300 0.00114800 0.02736400
v -0.02631200 0.00114800 0.02736400
v -0.01862600 0.00114800 0.02736400
v -0.00384000 0.00114800 0.02736400
v 0.00384100 0.00114800 0.02736400
v 0.01862500 0.00114800 0.02736400
v 0.02630700 0.00114800 0.02736400
v 0.04109200 0.00114800 0.02736400
v 0.04878700 0.00114800 0.02736400
v 0.06524200 0.00114800 0.02736400
v 0.07118600 0.01239000 0.00021900
v 0.05932200 0.01236800 0.00122000
v 0.05932200 0.01236800 0.00122000
v 0.07218600 0.01239000 0.00021900
v -0.07118600 0.01239000 0.00021900
v -0.07218600 0.01239000 0.00021900
v -0.04593700 0.00114800 -0.00019400
v 0.05811100 0.01236800 0.00122100
v 0.05811100 0.01236800 0.00122100
v 0.03092700 0.01236800 0.00122500
v 0.03092700 0.01236800 0.00122500
v -0.04110300 0.00114800 -0.00019400
v -0.02631200 0.00114800 -0.00019400
v -0.01862600 0.00114800 -0.00019400
v -0.00384000 0.00114800 -0.00019400
v 0.07125600 0.00114800 -0.00019400
v 0.07513200 0.00114800 -0.00019400
v 0.07650000 0.00477600 0.00008700
v 0.07650000 0.00477600 0.00008700
v 0.07650000 0.01040100 0.00008700
v 0.07650000 0.01040100 0.00008700
v 0.05958300 0.00114800 -0.00019400
v 0.07316300 0.00114800 -0.00019400
v 0.07450000 0.01040200 0.00004000
v 0.07450000 0.01040200 0.00004000
v 0.07450000 0.01238900 0.00024200
v 0.07450000 0.01238900 0.00024200
v 0.07350000 0.01239000 0.00021900
v -0.07125600 0.00114800 -0.00019400
v -0.07513200 0.00114800 -0.00019400
v -0.07650000 0.00477600 0.00008700
v -0.07650000 0.00477600 0.00008700
v -0.07650000 0.01040100 0.00008700
v -0.07650000 0.01040100 0.00008700
v -0.06543000 0.00114800 -0.00019400
v -0.07316300 0.00114800 -0.00019400
v -0.07450000 0.01040200 0.00004000
v -0.07450000 0.01040200 0.00004000
v -0.07450000 0.01238900 0.00024200
v -0.07450000 0.01238900 0.00024200
v -0.07350000 0.01239000 0.00021900
v 0.05836700 0.00114800 -0.00019400
v 0.03092700 0.00114800 -0.00019400
v 0.00384100 0.00114800 -0.00019400
v 0.01862500 0.00114800 -0.00019400
v 0.02630700 0.00114800 -0.00019400
v 0.04109200 0.00114800 -0.00019400
v 0.04878700 0.00114800 -0.00019400
v 0.06544900 0.00114800 -0.00019400
v 0.07118300 0.01279600 -0.01890000
v 0.05931900 0.01279600 -0.01889800
v 0.07217400 0.01279700 -0.01890100
v -0.07118300 0.01279600 -0.01890000
v -0.06601100 0.01279600 -0.01889800
v -0.07217400 0.01279700 -0.01890100
v -0.04593700 0.00114800 -0.01915000
v 0.05810800 0.01279600 -0.01889800
v 0.03092700 0.01279600 -0.01889200
v -0.04110300 0.00114800 -0.01915000
v -0.02631200 0.00114800 -0.01915000
v -0.01862600 0.00114800 -0.01915000
v -0.00384000 0.00114800 -0.01915000
v 0.00384100 0.01279600 -0.01888500
v 0.01862500 0.01279600 -0.01888900
v 0.02630700 0.01279600 -0.01889000
v 0.04109200 0.01279600 -0.01889400
v 0.04878700 0.01279600 -0.01889500
v 0.06739200 0.01279600 -0.01890000
v 0.07146600 0.00114800 -0.01915000
v 0.07513200 0.00114800 -0.01915000
v 0.07650000 0.00518600 -0.01911100
v 0.07650000 0.00518600 -0.01911100
v 0.07650000 0.01081100 -0.01911100
v 0.07650000 0.01081100 -0.01911100
v 0.05958300 0.00114800 -0.01915000
v 0.07337900 0.00114800 -0.01915000
v 0.07450000 0.01081100 -0.01912800
v 0.07450000 0.01081100 -0.01912800
v 0.07450000 0.01279600 -0.01889300
v 0.07450000 0.01279600 -0.01889300
v 0.07350000 0.01279700 -0.01890100
v -0.07146600 0.00114800 -0.01915000
v -0.07513200 0.00114800 -0.01915000
v -0.07650000 0.00518600 -0.01911100
v -0.07650000 0.00518600 -0.01911100
v -0.07650000 0.01081100 -0.01911100
v -0.07650000 0.01081100 -0.01911100
v -0.06766300 0.00114800 -0.01915000
v -0.07337900 0.00114800 -0.01915000
v -0.07450000 0.01081100 -0.01912800
v -0.07450000 0.01081100 -0.01912800
v -0.07450000 0.01279600 -0.01889300
v -0.07450000 0.01279600 -0.01889300
v -0.07350000 0.01279700 -0.01890100
v -0.04911100 0.01279600 -0.01889400
v 0.05836700 0.00114800 -0.01915000
v 0.03092700 0.00114800 -0.01915000
v -0.04110300 0.01279600 -0.01889300
v -0.02631200 0.01279600 -0.01889000
v -0.01862600 0.01279600 -0.01888900
v -0.00384000 0.01279600 -0.01888500
v 0.00384100 0.00114800 -0.01915000
v 0.01862500 0.00114800 -0.01915000
v 0.02630700 0.00114800 -0.01915000
v 0.04109200 0.00114800 -0.01915000
v 0.04878700 0.00114800 -0.01915000
v 0.06766900 0.00114800 -0.01915000
v 0.07119300 0.00114800 0.00554200
v 0.07513200 0.00114800 0.00554200
v 0.07650000 0.00465200 0.00589700
v 0.07650000 0.00465200 0.00589700
v 0.07650000 0.01027700 0.00589700
v 0.07650000 0.01027700 0.00589700
v 0.05958300 0.00114800 0.00554200
v 0.07309800 0.00114800 0.00554200
v 0.07450000 0.01027800 0.00584100
v 0.07450000 0.01027800 0.00584100
v 0.07450000 0.01226600 0.00603300
v 0.07450000 0.01226600 0.00603300
v 0.07350000 0.01226700 0.00600500
v -0.07119300 0.00114800 0.00554200
v -0.07513200 0.00114800 0.00554200
v -0.07650000 0.00465200 0.00589700
v -0.07650000 0.00465200 0.00589700
v -0.07650000 0.01027700 0.00589700
v -0.07650000 0.01027700 0.00589700
v -0.06543000 0.00114800 0.00554200
v -0.07309800 0.00114800 0.00554200
v -0.07450000 0.01027800 0.00584100
v -0.07450000 0.01027800 0.00584100
v -0.07450000 0.01226600 0.00603300
v -0.07450000 0.01226600 0.00603300
v -0.07350000 0.01226700 0.00600500
v 0.05836700 0.00114800 0.00554200
v 0.03092700 0.00114800 0.00554200
v 0.00384100 0.00114800 0.00554200
v 0.01862500 0.00114800 0.00554200
v 0.02630700 0.00114800 0.00554200
v 0.04109200 0.00114800 0.00554200
v 0.04878700 0.00114800 0.00554200
v 0.06540600 0.00114800 0.00554200
v 0.07118800 0.01226700 0.00600600
v 0.05932300 0.01228800 0.00500700
v 0.05932300 0.01228800 0.00500700
v 0.07218900 0.01226700 0.00600500
v -0.07118800 0.01226700 0.00600600
v -0.07218900 0.01226700 0.00600500
v -0.04593700 0.00114800 0.00554200
v 0.05811100 0.01228800 0.00500700
v 0.05811100 0.01228800 0.00500700
v 0.03092700 0.01228800 0.00501200
v 0.03092700 0.01228800 0.00501200
v -0.04110300 0.00114800 0.00554200
v -0.02631200 0.00114800 0.00554200
v -0.01862600 0.00114800 0.00554200
v -0.00384000 0.00114800 0.00554200
v 0.07101400 0.00114800 0.02162600
v 0.07513200 0.00114800 0.02162600
v 0.07650000 0.00430400 0.02218600
v 0.07650000 0.00430400 0.02218600
v 0.07650000 0.00992900 0.02218600
v 0.07650000 0.00992900 0.02218600
v 0.05958300 0.00114800 0.02162600
v 0.07291500 0.00114800 0.02162600
v 0.07450000 0.00993000 0.02210400
v 0.07450000 0.00993000 0.02210400
v 0.07450000 0.01192100 0.02226900
v 0.07450000 0.01192100 0.02226900
v 0.07350000 0.01192200 0.02222800
v -0.07101400 0.00114800 0.02162600
v -0.07513200 0.00114800 0.02162600
v -0.07650000 0.00430400 0.02218600
v -0.07650000 0.00430400 0.02218600
v -0.07650000 0.00992900 0.02218600
v -0.07650000 0.00992900 0.02218600
v -0.06543000 0.00114800 0.02162600
v -0.07291500 0.00114800 0.02162600
v -0.07450000 0.00993000 0.02210400
v -0.07450000 0.00993000 0.02210400
v -0.07450000 0.01192100 0.02226900
v -0.07450000 0.01192100 0.02226900
v -0.07350000 0.01192200 0.02222800
v 0.05836700 0.00114800 0.02162600
v 0.03092700 0.00114800 0.02162600
v 0.00384100 0.00114800 0.02162600
v 0.01862500 0.00114800 0.02162600
v 0.02630700 0.00114800 0.02162600
v 0.04109200 0.00114800 0.02162600
v 0.04878700 0.00114800 0.02162600
v 0.06528500 0.00114800 0.02162600
v 0.07119100 0.01192200 0.02222800
v 0.05932600 0.01190000 0.02323200
v 0.05932600 0.01190000 0.02323200
v 0.07219900 0.01192200 0.02222800
v -0.07119100 0.01192200 0.02222800
v -0.07219900 0.01192200 0.02222800
v -0.04593700 0.00114800 0.02162600
v 0.05811400 0.01190000 0.02323200
v 0.05811400 0.01190000 0.02323200
v 0.03092700 0.01190000 0.02323600
v 0.03092700 0.01190000 0.02323600
v -0.04110300 0.00114800 0.02162600
v -0.02631200 0.00114800 0.02162600
v -0.01862600 0.00114800 0.02162600
v -0.00384000 0.00114800 0.02162600
v 0.07077300 0.00114800 0.04344800
v 0.07513200 0.00114800 0.04344800
v 0.07650000 0.00383200 0.04428700
v 0.07650000 0.00383200 0.04428700
v 0.07650000 0.00945700 0.04428700
v 0.07650000 0.00945700 0.04428700
v 0.05958300 0.00114800 0.04344800
v 0.07266600 0.00114800 0.04344800
v 0.07450000 0.00945900 0.04417000
v 0.07450000 0.00945900 0.04417000
v 0.07450000 0.01145200 0.04429800
v 0.07450000 0.01145200 0.04429800
v 0.07350000 0.01145400 0.04423900
v -0.07077300 0.00114800 0.04344800
v -0.07513200 0.00114800 0.04344800
v -0.07650000 0.00383200 0.04428700
v -0.07650000 0.00383200 0.04428700
v -0.07650000 0.00945700 0.04428700
v -0.07650000 0.00945700 0.04428700
v -0.06543000 0.00114800 0.04344800
v -0.07266600 0.00114800 0.04344800
v -0.07450000 0.00945900 0.04417000
v -0.07450000 0.00945900 0.04417000
v -0.07450000 0.01145200 0.04429800
v -0.07450000 0.01145200 0.04429800
v -0.07350000 0.01145400 0.04423900
v 0.05836700 0.00114800 0.04344800
v 0.03092700 0.00114800 0.04344800
v 0.00384100 0.00114800 0.04344800
v 0.01862500 0.00114800 0.04344800
v 0.02630700 0.00114800 0.04344800
v 0.04109200 0.00114800 0.04344800
v 0.04878700 0.00114800 0.04344800
v 0.06512000 0.00114800 0.04344800
v 0.07119500 0.01145300 0.04423900
v 0.05932900 0.01143200 0.04524300
v 0.05932900 0.01143200 0.04524300
v 0.07221200 0.01145300 0.04423900
v -0.07119500 0.01145300 0.04423900
v -0.07221200 0.01145300 0.04423900
v -0.04593700 0.00114800 0.04344800
v 0.05811700 0.01143200 0.04524300
v 0.05811700 0.01143200 0.04524300
v 0.03092700 0.01143200 0.04524500
v 0.03092700 0.01143200 0.04524500
v -0.04110300 0.00114800 0.04344800
v -0.02631200 0.00114800 0.04344800
v -0.01862600 0.00114800 0.04344800
v -0.00384000 0.00114800 0.04344800
v 0.07053100 0.00114800 0.06527000
v 0.07513200 0.00114800 0.06527000
v 0.07650000 0.00336000 0.06638800
v 0.07650000 0.00336000 0.06638800
v 0.07650000 0.00898400 0.06638800
v 0.07650000 0.00898400 0.06638800
v 0.05958300 0.00114800 0.06527000
v 0.07241800 0.00114800 0.06527000
v 0.07450000 0.00898800 0.06623600
v 0.07450000 0.00898800 0.06623600
v 0.07450000 0.01098400 0.06632600
v 0.07450000 0.01098400 0.06632600
v 0.07350000 0.01098500 0.06625000
v -0.07053100 0.00114800 0.06527000
v -0.07513200 0.00114800 0.06527000
v -0.07650000 0.00336000 0.06638800
v -0.07650000 0.00336000 0.06638800
v -0.07650000 0.00898400 0.06638800
v -0.07650000 0.00898400 0.06638800
v -0.06543000 0.00114800 0.06527000
v -0.07241800 0.00114800 0.06527000
v -0.07450000 0.00898800 0.06623600
v -0.07450000 0.00898800 0.06623600
v -0.07450000 0.01098400 0.06632600
v -0.07450000 0.01098400 0.06632600
v -0.07350000 0.01098500 0.06625000
v 0.05836700 0.00114800 0.06527000
v 0.03092700 0.00114800 0.06527000
v 0.00384100 0.00114800 0.06527000
v 0.01862500 0.00114800 0.06527000
v 0.02630700 0.00114800 0.06527000
v 0.04109200 0.00114800 0.06527000
v 0.04878700 0.00114800 0.06527000
v 0.06495600 0.00114800 0.06527000
v 0.07119900 0.01098500 0.06625100
v 0.07222500 0.01098500 0.06625000
v -0.07119900 0.01098500 0.06625100
v -0.07222500 0.01098500 0.06625000
v -0.04593700 0.00114800 0.06527000
v -0.04110300 0.00114800 0.06527000
v -0.02631200 0.00114800 0.06527000
v -0.01862600 0.00114800 0.06527000
v -0.00384000 0.00114800 0.06527000
v 0.04210100 0.01098500 0.06625200
v 0.04210100 0.01098500 0.06625200
v 0.04778400 0.01098500 0.06625200
v 0.04778400 0.01098500 0.06625200
v 0.06533000 0.01098500 0.06625100
v 0.06533000 0.01098500 0.06625100
v 0.02246900 0.01098500 0.06625300
v 0.02246900 0.01098500 0.06625300
v 0.07119600 0.01133000 0.05002600
v 0.05933000 0.01135100 0.04903000
v 0.05933000 0.01135100 0.04903000
v 0.07221500 0.01133000 0.05002600
v -0.07119600 0.01133000 0.05002600
v -0.07221500 0.01133000 0.05002600
v -0.04593700 0.00114800 0.04918400
v 0.05811800 0.01135100 0.04903000
v 0.05811800 0.01135100 0.04903000
v 0.03092700 0.01135100 0.04903200
v 0.03092700 0.01135100 0.04903200
v -0.04110300 0.00114800 0.04918400
v -0.02631200 0.00114800 0.04918400
v -0.01862600 0.00114800 0.04918400
v -0.00384000 0.00114800 0.04918400
v 0.07070900 0.00114800 0.04918400
v 0.07513200 0.00114800 0.04918400
v 0.07650000 0.00370800 0.05009700
v 0.07650000 0.00370800 0.05009700
v 0.07650000 0.00933200 0.05009700
v 0.07650000 0.00933200 0.05009700
v 0.05958300 0.00114800 0.04918400
v 0.07260100 0.00114800 0.04918400
v 0.07450000 0.00933500 0.04997100
v 0.07450000 0.00933500 0.04997100
v 0.07450000 0.01132900 0.05008900
v 0.07450000 0.01132900 0.05008900
v 0.07350000 0.01133000 0.05002600
v -0.07070900 0.00114800 0.04918400
v -0.07513200 0.00114800 0.04918400
v -0.07650000 0.00370800 0.05009700
v -0.07650000 0.00370800 0.05009700
v -0.07650000 0.00933200 0.05009700
v -0.07650000 0.00933200 0.05009700
v -0.06543000 0.00114800 0.04918400
v -0.07260100 0.00114800 0.04918400
v -0.07450000 0.00933500 0.04997100
v -0.07450000 0.00933500 0.04997100
v -0.07450000 0.01132900 0.05008900
v -0.07450000 0.01132900 0.05008900
v -0.07350000 0.01133000 0.05002600
v 0.05836700 0.00114800 0.04918400
v 0.03092700 0.00114800 0.04918400
v 0.00384100 0.00114800 0.04918400
v 0.01862500 0.00114800 0.04918400
v 0.02630700 0.00114800 0.04918400
v 0.04109200 0.00114800 0.04918400
v 0.04878700 0.00114800 0.04918400
v 0.06507700 0.00114800 0.04918400
v 0.07046700 0.00114800 0.07100900
v 0.07513200 0.00114800 0.07100900
v 0.07650000 0.00323600 0.07220100
v 0.07650000 0.00323600 0.07220100
v 0.07650000 0.00886000 0.07220100
v 0.07650000 0.00886000 0.07220100
v 0.05958300 0.00114800 0.07100900
v 0.07235200 0.00114800 0.07100900
v 0.07450000 0.00886400 0.07203900
v 0.07450000 0.00886400 0.07203900
v 0.07450000 0.01086100 0.07212000
v 0.07450000 0.01086100 0.07212000
v 0.07350000 0.01086200 0.07203900
v -0.07046700 0.00114800 0.07100900
v -0.07513200 0.00114800 0.07100900
v -0.07650000 0.00323600 0.07220100
v -0.07650000 0.00323600 0.07220100
v -0.07650000 0.00886000 0.07220100
v -0.07650000 0.00886000 0.07220100
v -0.06543000 0.00114800 0.07100900
v -0.07235200 0.00114800 0.07100900
v -0.07450000 0.00886400 0.07203900
v -0.07450000 0.00886400 0.07203900
v -0.07450000 0.01086100 0.07212000
v -0.07450000 0.01086100 0.07212000
v -0.07350000 0.01086200 0.07203900
v 0.05836700 0.00114800 0.07100900
v 0.03092700 0.00114800 0.07100900
v 0.00384100 0.00114800 0.07100900
v 0.01862500 0.00114800 0.07100900
v 0.02630700 0.00114800 0.07100900
v 0.04109200 0.00114800 0.07100900
v 0.04878700 0.00114800 0.07100900
v 0.06491300 0.00114800 0.07100900
v 0.07120000 0.01086200 0.07203900
v 0.07222800 0.01086200 0.07203900
v -0.07120000 0.01086200 0.07203900
v -0.07222800 0.01086200 0.07203900
v -0.04593700 0.00114800 0.07100900
v -0.04110300 0.00114800 0.07100900
v -0.02631200 0.00114800 0.07100900
v -0.01862600 0.00114800 0.07100900
v -0.00384000 0.00114800 0.07100900
v 0.04210100 0.01086300 0.07198600
v 0.04210100 0.01086300 0.07198600
v 0.04778500 0.01086300 0.07198500
v 0.04778500 0.01086300 0.07198500
v 0.06533100 0.01086300 0.07198400
v 0.06533100 0.01086300 0.07198400
v 0.02246900 0.01086300 0.07198600
v 0.02246900 0.01086300 0.07198600
v 0.07025700 0.00114800 0.08996400
v 0.07025700 0.00114800 0.08996400
v 0.07025700 0.00114800 0.08996400
v 0.07513200 0.00114800 0.08996400
v 0.07650000 0.00282600 0.09139800
v 0.07650000 0.00282600 0.09139800
v 0.07650000 0.00845000 0.09139800
v 0.07650000 0.00845000 0.09139800
v 0.05958300 0.00114800 0.08996400
v 0.05958300 0.00114800 0.08996400
v 0.07213700 0.00114800 0.08996400
v 0.07450000 0.00845400 0.09120600
v 0.07450000 0.00845400 0.09120600
v 0.07450000 0.01045400 0.09125400
v 0.07450000 0.01045400 0.09125400
v 0.07350000 0.01045600 0.09115800
v -0.07025700 0.00114800 0.08996400
v -0.07025700 0.00114800 0.08996400
v -0.07025700 0.00114800 0.08996400
v -0.07513200 0.00114800 0.08996400
v -0.07650000 0.00282600 0.09139800
v -0.07650000 0.00282600 0.09139800
v -0.07650000 0.00845000 0.09139800
v -0.07650000 0.00845000 0.09139800
v -0.06543000 0.00114800 0.08996400
v -0.06543000 0.00114800 0.08996400
v -0.07213700 0.00114800 0.08996400
v -0.07450000 0.00845400 0.09120600
v -0.07450000 0.00845400 0.09120600
v -0.07450000 0.01045400 0.09125400
v -0.07450000 0.01045400 0.09125400
v -0.07350000 0.01045600 0.09115800
v -0.04593700 0.01049800 0.08930500
v -0.04593700 0.01049800 0.08930500
v 0.05836700 0.00114800 0.08996400
v 0.05836700 0.00114800 0.08996400
v 0.03092700 0.00114800 0.08996400
v 0.03092700 0.00114800 0.08996400
v -0.04110300 0.01045500 0.09115800
v -0.02631200 0.01045500 0.09115800
v -0.01862600 0.01045500 0.09115800
v -0.00384000 0.01045500 0.09115900
v 0.00384100 0.00114800 0.08996400
v 0.00384100 0.00114800 0.08996400
v 0.01862500 0.00114800 0.08996400
v 0.01862500 0.00114800 0.08996400
v 0.02630700 0.00114800 0.08996400
v 0.02630700 0.00114800 0.08996400
v 0.04109200 0.00114800 0.08996400
v 0.04109200 0.00114800 0.08996400
v 0.04878700 0.00114800 0.08996400
v 0.04878700 0.00114800 0.08996400
v 0.06477000 0.00114800 0.08996400
v 0.06477000 0.00114800 0.08996400
v 0.07120300 0.01045500 0.09115800
v 0.05933600 0.01045500 0.09115800
v 0.07224000 0.01045500 0.09115800
v -0.07120300 0.01045500 0.09115800
v -0.06518300 0.01045500 0.09115800
v -0.07224000 0.01045500 0.09115800
v -0.04593700 0.00114800 0.08996400
v -0.04593700 0.00114800 0.08996400
v 0.05812400 0.01045500 0.09115800
v 0.03092700 0.01045500 0.09115800
v -0.04110300 0.00114800 0.08996400
v -0.04110300 0.00114800 0.08996400
v -0.02631200 0.00114800 0.08996400
v -0.02631200 0.00114800 0.08996400
v -0.01862600 0.00114800 0.08996400
v -0.01862600 0.00114800 0.08996400
v -0.00384000 0.00114800 0.08996400
v -0.00384000 0.00114800 0.08996400
v 0.00384100 0.01045500 0.09115900
v 0.01862500 0.01045500 0.09115800
v 0.02630700 0.01045500 0.09115800
v 0.04109200 0.01045500 0.09115800
v 0.04878700 0.01045500 0.09115800
v 0.06533400 0.01045500 0.09115800
v 0.05932900 0.01543100 0.04532800
v 0.05932900 0.01543100 0.04532800
v 0.05932600 0.01581900 0.02710300
v 0.05932600 0.01581900 0.02710300
v 0.05811700 0.01543100 0.04532800
v 0.05811700 0.01543100 0.04532800
v 0.05811500 0.01581900 0.02710300
v 0.05811500 0.01581900 0.02710300
v 0.03092700 0.01543100 0.04533000
v 0.03092700 0.01543100 0.04533000
v 0.03092700 0.01581900 0.02710600
v 0.03092700 0.01581900 0.02710600
v 0.05932200 0.01636800 0.00130500
v 0.05932200 0.01636800 0.00130500
v 0.03092700 0.01636700 0.00131100
v 0.03092700 0.01636700 0.00131100
v 0.05811100 0.01636800 0.00130600
v 0.05811100 0.01636800 0.00130600
v 0.05932600 0.01589900 0.02331700
v 0.05932600 0.01589900 0.02331700
v 0.05932300 0.01628700 0.00509200
v 0.05932300 0.01628700 0.00509200
v 0.05811400 0.01589900 0.02331700
v 0.05811400 0.01589900 0.02331700
v 0.05811100 0.01628700 0.00509200
v 0.05811100 0.01628700 0.00509200
v 0.03092700 0.01589900 0.02332100
v 0.03092700 0.01589900 0.02332100
v 0.03092700 0.01628700 0.00509700
v 0.03092700 0.01628700 0.00509700
v 0.05933300 0.01486200 0.07207000
v 0.05933200 0.01498400 0.06633600
v 0.05812200 0.01486200 0.07207000
v 0.05812100 0.01498400 0.06633600
v 0.03092700 0.01486200 0.07207100
v 0.03092700 0.01498400 0.06633800
v 0.04210100 0.01486200 0.07207100
v 0.04210100 0.01486200 0.07207100
v 0.04210100 0.01498400 0.06633700
v 0.04210100 0.01498400 0.06633700
v 0.04778500 0.01486200 0.07207000
v 0.04778500 0.01486200 0.07207000
v 0.04778400 0.01498400 0.06633700
v 0.04778400 0.01498400 0.06633700
v 0.06533100 0.01486200 0.07207000
v 0.06533100 0.01486200 0.07207000
v 0.06533000 0.01498400 0.06633600
v 0.06533000 0.01498400 0.06633600
v 0.02246900 0.01486200 0.07207100
v 0.02246900 0.01486200 0.07207100
v 0.02246900 0.01498400 0.06633800
v 0.02246900 0.01498400 0.06633800
v 0.05933000 0.01535100 0.04911500
v 0.05933000 0.01535100 0.04911500
v 0.05811800 0.01535100 0.04911500
v 0.05811800 0.01535100 0.04911500
v 0.03092700 0.01535100 0.04911700
v 0.03092700 0.01535100 0.04911700
v 0.07144100 0.00114800 -0.01684900
v 0.07513200 0.00114800 -0.01684900
v 0.07650000 0.00513600 -0.01678000
v 0.07650000 0.00513600 -0.01678000
v 0.07650000 0.01076100 -0.01678000
v 0.07650000 0.01076100 -0.01678000
v 0.05958300 0.00114800 -0.01684900
v 0.07335200 0.00114800 -0.01684900
v 0.07450000 0.01076100 -0.01680000
v 0.07450000 0.01076100 -0.01680000
v 0.07450000 0.01274700 -0.01656900
v 0.07450000 0.01274700 -0.01656900
v 0.07350000 0.01274700 -0.01657900
v -0.07144100 0.00114800 -0.01684900
v -0.07513200 0.00114800 -0.01684900
v -0.07650000 0.00513600 -0.01678000
v -0.07650000 0.00513600 -0.01678000
v -0.07650000 0.01076100 -0.01678000
v -0.07650000 0.01076100 -0.01678000
v -0.06543000 0.00114800 -0.01684900
v -0.07335200 0.00114800 -0.01684900
v -0.07450000 0.01076100 -0.01680000
v -0.07450000 0.01076100 -0.01680000
v -0.07450000 0.01274700 -0.01656900
v -0.07450000 0.01274700 -0.01656900
v -0.07350000 0.01274700 -0.01657900
v 0.05836700 0.00114800 -0.01684900
v 0.03092700 0.00114800 -0.01684900
v 0.00384100 0.00114800 -0.01684900
v 0.01862500 0.00114800 -0.01684900
v 0.02630700 0.00114800 -0.01684900
v 0.04109200 0.00114800 -0.01684900
v 0.04878700 0.00114800 -0.01684900
v 0.06557500 0.00114800 -0.01684900
v 0.07118300 0.01274700 -0.01657900
v 0.07217600 0.01274700 -0.01657900
v -0.07118300 0.01274700 -0.01657900
v -0.07217600 0.01274700 -0.01657900
v -0.04593700 0.00114800 -0.01684900
v -0.04110300 0.00114800 -0.01684900
v -0.02631200 0.00114800 -0.01684900
v -0.01862600 0.00114800 -0.01684900
v -0.00384000 0.00114800 -0.01684900
v 0.05931900 0.01674600 -0.01649100
v 0.05931900 0.01674600 -0.01649100
v 0.05810800 0.01674600 -0.01649100
v 0.05810800 0.01674600 -0.01649100
v 0.03092700 0.01674600 -0.01648500
v 0.03092700 0.01674600 -0.01648500
v 0.07120300 0.01052400 0.08793400
v 0.07223800 0.01052400 0.08793400
v -0.07120300 0.01051600 0.08829800
v -0.07223800 0.01051600 0.08829800
v -0.04593700 0.00114800 0.08812300
v -0.04593700 0.00114800 0.08812300
v -0.04110300 0.00114800 0.08812300
v -0.04110300 0.00114800 0.08812300
v -0.02631200 0.00114800 0.08812300
v -0.02631200 0.00114800 0.08812300
v -0.01862600 0.00114800 0.08812300
v -0.01862600 0.00114800 0.08812300
v -0.00384000 0.00114800 0.08812300
v -0.00384000 0.00114800 0.08812300
v 0.07027800 0.00114800 0.08812300
v 0.07027800 0.00114800 0.08812300
v 0.07027800 0.00114800 0.08812300
v 0.07513200 0.00114800 0.08812300
v 0.07650000 0.00289500 0.08816100
v 0.07650000 0.00289500 0.08816100
v 0.07650000 0.00851900 0.08816100
v 0.07650000 0.00851900 0.08816100
v 0.05958300 0.00114800 0.08812300
v 0.05958300 0.00114800 0.08812300
v 0.07215800 0.00114800 0.08812300
v 0.07450000 0.00852300 0.08797400
v 0.07450000 0.00852300 0.08797400
v 0.07450000 0.01052200 0.08802700
v 0.07450000 0.01052200 0.08802700
v 0.07350000 0.01052400 0.08793400
v -0.07027800 0.00114800 0.08812300
v -0.07027800 0.00114800 0.08812300
v -0.07027800 0.00114800 0.08812300
v -0.07513200 0.00114800 0.08814500
v -0.07650000 0.00288700 0.08852700
v -0.07650000 0.00288700 0.08852700
v -0.07650000 0.00851200 0.08852700
v -0.07650000 0.00851200 0.08852700
v -0.06543000 0.00114800 0.08812300
v -0.06543000 0.00114800 0.08812300
v -0.07215700 0.00114800 0.08814500
v -0.07450000 0.00851600 0.08833900
v -0.07450000 0.00851600 0.08833900
v -0.07450000 0.01051400 0.08839200
v -0.07450000 0.01051400 0.08839200
v -0.07350000 0.01051600 0.08829800
v 0.05836700 0.00114800 0.08812300
v 0.05836700 0.00114800 0.08812300
v 0.03092700 0.00114800 0.08812300
v 0.03092700 0.00114800 0.08812300
v 0.00384100 0.00114800 0.08812300
v 0.00384100 0.00114800 0.08812300
v 0.01862500 0.00114800 0.08812300
v 0.01862500 0.00114800 0.08812300
v 0.02630700 0.00114800 0.08812300
v 0.02630700 0.00114800 0.08812300
v 0.04109200 0.00114800 0.08812300
v 0.04109200 0.00114800 0.08812300
v 0.04878700 0.00114800 0.08812300
v 0.04878700 0.00114800 0.08812300
v 0.06478300 0.00114800 0.08812300
v 0.06478300 0.00114800 0.08812300
v 0.05933600 0.01449400 0.08938700
v 0.05933600 0.01449400 0.08938700
v 0.05812400 0.01449400 0.08938700
v 0.05812400 0.01449400 0.08938700
v 0.03092700 0.01449400 0.08938700
v 0.03092700 0.01449400 0.08938700
v 0.05933600 0.01045500 0.08930200
v 0.05933600 0.01045500 0.08930200
v 0.03092700 0.01279600 -0.01657000
v 0.03092700 0.01279600 -0.01657000
v 0.05812400 0.01045500 0.08930200
v 0.05812400 0.01045500 0.08930200
v 0.03092700 0.01045500 0.08930200
v 0.03092700 0.01045500 0.08930200
v 0.05810800 0.01279600 -0.01657600
v 0.05810800 0.01279600 -0.01657600
v 0.05931900 0.01279600 -0.01657600
v 0.05931900 0.01279600 -0.01657600
v -0.06517300 0.01179800 0.02801700
v -0.06517300 0.01179800 0.02801700
v -0.06417200 0.01182000 0.02701800
v -0.06417200 0.01182000 0.02701800
v -0.06417200 0.01182000 0.02701800
v -0.06488000 0.01181300 0.02731100
v -0.06488000 0.01181300 0.02731100
v -0.04890400 0.01182000 0.02702000
v -0.04890400 0.01182000 0.02702000
v -0.04790400 0.01179800 0.02802000
v -0.04790400 0.01179800 0.02802000
v -0.04819700 0.01181300 0.02731300
v -0.04819700 0.01181300 0.02731300
v -0.04209700 0.01179800 0.02802000
v -0.04209700 0.01179800 0.02802000
v -0.04109700 0.01182000 0.02702100
v -0.04109700 0.01182000 0.02702100
v -0.04180400 0.01181300 0.02731400
v -0.04180400 0.01181300 0.02731400
v -0.02630900 0.01182000 0.02702200
v -0.02630900 0.01182000 0.02702200
v -0.02530900 0.01179800 0.02802200
v -0.02530900 0.01179800 0.02802200
v -0.02560200 0.01181300 0.02731500
v -0.02560200 0.01181300 0.02731500
v -0.01962800 0.01179800 0.02802300
v -0.01962800 0.01179800 0.02802300
v -0.01862800 0.01182000 0.02702300
v -0.01862800 0.01182000 0.02702300
v -0.01933500 0.01181300 0.02731600
v -0.01933500 0.01181300 0.02731600
v -0.00384000 0.01182000 0.02702500
v -0.00384000 0.01182000 0.02702500
v -0.00284000 0.01179800 0.02802500
v -0.00284000 0.01179800 0.02802500
v -0.00313300 0.01181300 0.02731800
v -0.00313300 0.01181300 0.02731800
v 0.00284100 0.01179800 0.02802500
v 0.00284100 0.01179800 0.02802500
v 0.00384100 0.01182000 0.02702500
v 0.00384100 0.01182000 0.02702500
v 0.00313400 0.01181300 0.02731800
v 0.00313400 0.01181300 0.02731800
v 0.01862700 0.01182000 0.02702300
v 0.01862700 0.01182000 0.02702300
v 0.01862700 0.01182000 0.02702300
v 0.01962700 0.01179800 0.02802300
v 0.01962700 0.01179800 0.02802300
v 0.01933400 0.01181300 0.02731600
v 0.01933400 0.01181300 0.02731600
v 0.02531000 0.01179800 0.02802200
v 0.02531000 0.01179800 0.02802200
v 0.02631000 0.01182000 0.02702200
v 0.02631000 0.01182000 0.02702200
v 0.02560300 0.01181300 0.02731500
v 0.02560300 0.01181300 0.02731500
v 0.04109600 0.01182000 0.02702000
v 0.04109600 0.01182000 0.02702000
v 0.04109600 0.01182000 0.02702000
v 0.04209700 0.01179800 0.02802000
v 0.04209700 0.01179800 0.02802000
v 0.04180400 0.01181300 0.02731300
v 0.04180400 0.01181300 0.02731300
v 0.04777900 0.01179800 0.02801900
v 0.04777900 0.01179800 0.02801900
v 0.04877900 0.01182000 0.02701900
v 0.04877900 0.01182000 0.02701900
v 0.04807200 0.01181300 0.02731200
v 0.04807200 0.01181300 0.02731200
v 0.06432300 0.01182000 0.02701700
v 0.06432300 0.01182000 0.02701700
v 0.06432300 0.01182000 0.02701700
v 0.06532300 0.01179800 0.02801600
v 0.06532300 0.01179800 0.02801600
v 0.06503000 0.01181400 0.02730900
v 0.06503000 0.01181400 0.02730900
v -0.06416800 0.01236800 0.00122100
v -0.06416800 0.01236800 0.00122100
v -0.06416800 0.01236800 0.00122100
v -0.06516800 0.01239000 0.00022100
v -0.06516800 0.01239000 0.00022100
v -0.06487600 0.01237500 0.00092800
v -0.06487600 0.01237500 0.00092800
v 0.00384100 0.01236800 0.00123000
v 0.00384100 0.01236800 0.00123000
v 0.00284100 0.01239000 0.00023100
v 0.00284100 0.01239000 0.00023100
v 0.02346900 0.01498400 0.06633800
v 0.00313400 0.01237400 0.00093800
v 0.00313400 0.01237400 0.00093800
v 0.01962600 0.01239000 0.00022800
v 0.01962600 0.01239000 0.00022800
v 0.01862600 0.01236800 0.00122800
v 0.01862600 0.01236800 0.00122800
v 0.04109900 0.01532900 0.05011600
v 0.04110100 0.01498400 0.06633700
v 0.01933300 0.01237500 0.00093500
v 0.01933300 0.01237500 0.00093500
v 0.02630800 0.01236800 0.00122600
v 0.02630800 0.01236800 0.00122600
v 0.02530800 0.01239000 0.00022700
v 0.02530800 0.01239000 0.00022700
v 0.04110100 0.01486200 0.07207100
v 0.04110300 0.01451500 0.08838700
v 0.02560100 0.01237500 0.00093400
v 0.02560100 0.01237500 0.00093400
v 0.04209300 0.01239000 0.00022400
v 0.04209300 0.01239000 0.00022400
v 0.04109400 0.01236800 0.00122400
v 0.04109400 0.01236800 0.00122400
v 0.04180100 0.01237500 0.00093100
v 0.04180100 0.01237500 0.00093100
v 0.04877600 0.01236800 0.00122200
v 0.04877600 0.01236800 0.00122200
v 0.04777600 0.01239000 0.00022300
v 0.04777600 0.01239000 0.00022300
v 0.04806900 0.01237500 0.00093000
v 0.04806900 0.01237500 0.00093000
v 0.06531800 0.01239000 0.00021900
v 0.06531800 0.01239000 0.00021900
v 0.06431900 0.01236900 0.00121900
v 0.06431900 0.01236900 0.00121900
v 0.06502600 0.01237500 0.00092600
v 0.06502600 0.01237500 0.00092600
v -0.04790100 0.01239000 0.00022400
v -0.04790100 0.01239000 0.00022400
v -0.04890100 0.01236800 0.00122300
v -0.04890100 0.01236800 0.00122300
v -0.04819400 0.01237500 0.00093100
v -0.04819400 0.01237500 0.00093100
v -0.04109400 0.01236800 0.00122500
v -0.04109400 0.01236800 0.00122500
v -0.04109400 0.01236800 0.00122500
v -0.04209400 0.01239000 0.00022500
v -0.04209400 0.01239000 0.00022500
v -0.04180200 0.01237500 0.00093200
v -0.04180200 0.01237500 0.00093200
v -0.02530700 0.01239000 0.00022700
v -0.02530700 0.01239000 0.00022700
v -0.02630700 0.01236800 0.00122700
v -0.02630700 0.01236800 0.00122700
v -0.02560000 0.01237500 0.00093400
v -0.02560000 0.01237500 0.00093400
v -0.01862700 0.01236800 0.00122800
v -0.01862700 0.01236800 0.00122800
v -0.01862700 0.01236800 0.00122800
v -0.01962700 0.01239000 0.00022800
v -0.01962700 0.01239000 0.00022800
v -0.01933400 0.01237500 0.00093500
v -0.01933400 0.01237500 0.00093500
v -0.00284000 0.01239000 0.00023100
v -0.00284000 0.01239000 0.00023100
v -0.00384000 0.01236800 0.00123000
v -0.00384000 0.01236800 0.00123000
v 0.02346900 0.01486200 0.07207100
v -0.00313300 0.01237400 0.00093800
v -0.00313300 0.01237400 0.00093800
v -0.04890200 0.01228800 0.00501000
v -0.04890200 0.01228800 0.00501000
v -0.04790200 0.01226700 0.00601000
v -0.04790200 0.01226700 0.00601000
v -0.04819500 0.01228200 0.00530300
v -0.04819500 0.01228200 0.00530300
v -0.04209500 0.01226700 0.00601100
v -0.04209500 0.01226700 0.00601100
v -0.04109500 0.01228800 0.00501100
v -0.04109500 0.01228800 0.00501100
v -0.04180200 0.01228200 0.00530400
v -0.04180200 0.01228200 0.00530400
v -0.02630800 0.01228800 0.00501300
v -0.02630800 0.01228800 0.00501300
v -0.02530800 0.01226700 0.00601300
v -0.02530800 0.01226700 0.00601300
v -0.02560000 0.01228200 0.00530600
v -0.02560000 0.01228200 0.00530600
v -0.01962700 0.01226700 0.00601400
v -0.01962700 0.01226700 0.00601400
v -0.01862700 0.01228800 0.00501400
v -0.01862700 0.01228800 0.00501400
v -0.01933400 0.01228200 0.00530700
v -0.01933400 0.01228200 0.00530700
v -0.00384000 0.01228800 0.00501700
v -0.00384000 0.01228800 0.00501700
v -0.00284000 0.01226600 0.00601700
v -0.00284000 0.01226600 0.00601700
v 0.02347000 0.01451500 0.08838700
v -0.00313300 0.01228100 0.00531000
v -0.00313300 0.01228100 0.00531000
v -0.06516900 0.01226700 0.00600700
v -0.06516900 0.01226700 0.00600700
v -0.06416900 0.01228800 0.00500700
v -0.06416900 0.01228800 0.00500700
v -0.06487600 0.01228200 0.00530000
v -0.06487600 0.01228200 0.00530000
v 0.00284100 0.01226600 0.00601600
v 0.00284100 0.01226600 0.00601600
v 0.00384100 0.01228800 0.00501700
v 0.00384100 0.01228800 0.00501700
v 0.03092700 0.01451500 0.08838700
v 0.00313400 0.01228100 0.00530900
v 0.00313400 0.01228100 0.00530900
v 0.01862600 0.01228800 0.00501400
v 0.01862600 0.01228800 0.00501400
v 0.01862600 0.01228800 0.00501400
v 0.01962600 0.01226700 0.00601400
v 0.01962600 0.01226700 0.00601400
v 0.03092700 0.01532900 0.05011700
v 0.01933300 0.01228200 0.00530700
v 0.01933300 0.01228200 0.00530700
v 0.02530900 0.01226700 0.00601300
v 0.02530900 0.01226700 0.00601300
v 0.02630900 0.01228800 0.00501300
v 0.02630900 0.01228800 0.00501300
v 0.02346800 0.01532900 0.05011800
v 0.02560200 0.01228200 0.00530600
v 0.02560200 0.01228200 0.00530600
v 0.04109400 0.01228800 0.00501000
v 0.04109400 0.01228800 0.00501000
v 0.04209400 0.01226700 0.00601000
v 0.04209400 0.01226700 0.00601000
v 0.04180100 0.01228200 0.00530300
v 0.04180100 0.01228200 0.00530300
v 0.04777700 0.01226700 0.00600900
v 0.04777700 0.01226700 0.00600900
v 0.04877600 0.01228800 0.00500900
v 0.04877600 0.01228800 0.00500900
v 0.04806900 0.01228200 0.00530200
v 0.04806900 0.01228200 0.00530200
v 0.06431900 0.01228800 0.00500600
v 0.06431900 0.01228800 0.00500600
v 0.06431900 0.01228800 0.00500600
v 0.06531900 0.01226700 0.00600500
v 0.06531900 0.01226700 0.00600500
v 0.06502600 0.01228200 0.00529800
v 0.06502600 0.01228200 0.00529800
v -0.04790400 0.01192100 0.02223400
v -0.04790400 0.01192100 0.02223400
v -0.04890400 0.01190000 0.02323400
v -0.04890400 0.01190000 0.02323400
v -0.04819700 0.01190600 0.02294100
v -0.04819700 0.01190600 0.02294100
v -0.04109700 0.01190000 0.02323500
v -0.04109700 0.01190000 0.02323500
v -0.04109700 0.01190000 0.02323500
v -0.04209700 0.01192100 0.02223500
v -0.04209700 0.01192100 0.02223500
v -0.04180400 0.01190600 0.02294200
v -0.04180400 0.01190600 0.02294200
v -0.02530900 0.01192100 0.02223700
v -0.02530900 0.01192100 0.02223700
v -0.02630900 0.01190000 0.02323700
v -0.02630900 0.01190000 0.02323700
v -0.02560100 0.01190600 0.02294400
v -0.02560100 0.01190600 0.02294400
v -0.01862800 0.01190000 0.02323800
v -0.01862800 0.01190000 0.02323800
v -0.01962800 0.01192100 0.02223800
v -0.01962800 0.01192100 0.02223800
v -0.01933500 0.01190600 0.02294500
v -0.01933500 0.01190600 0.02294500
v -0.00284000 0.01192100 0.02224000
v -0.00284000 0.01192100 0.02224000
v -0.00384000 0.01190000 0.02323900
v -0.00384000 0.01190000 0.02323900
v -0.00384000 0.01190000 0.02323900
v -0.00313300 0.01190600 0.02294700
v -0.00313300 0.01190600 0.02294700
v -0.06417200 0.01190000 0.02323200
v -0.06417200 0.01190000 0.02323200
v -0.06417200 0.01190000 0.02323200
v -0.06517200 0.01192200 0.02223200
v -0.06517200 0.01192200 0.02223200
v -0.06487900 0.01190600 0.02293900
v -0.06487900 0.01190600 0.02293900
v 0.00384100 0.01190000 0.02323900
v 0.00384100 0.01190000 0.02323900
v 0.00284100 0.01192100 0.02224000
v 0.00284100 0.01192100 0.02224000
v 0.00313400 0.01190600 0.02294700
v 0.00313400 0.01190600 0.02294700
v 0.01962700 0.01192100 0.02223700
v 0.01962700 0.01192100 0.02223700
v 0.01862700 0.01190000 0.02323700
v 0.01862700 0.01190000 0.02323700
v 0.01933400 0.01190600 0.02294400
v 0.01933400 0.01190600 0.02294400
v 0.02631000 0.01190000 0.02323600
v 0.02631000 0.01190000 0.02323600
v 0.02531000 0.01192100 0.02223700
v 0.02531000 0.01192100 0.02223700
v 0.02560300 0.01190600 0.02294400
v 0.02560300 0.01190600 0.02294400
v 0.04209600 0.01192100 0.02223400
v 0.04209600 0.01192100 0.02223400
v 0.04109600 0.01190000 0.02323400
v 0.04109600 0.01190000 0.02323400
v 0.04109600 0.01190000 0.02323400
v 0.04180300 0.01190600 0.02294100
v 0.04180300 0.01190600 0.02294100
v 0.04877900 0.01190000 0.02323300
v 0.04877900 0.01190000 0.02323300
v 0.04777900 0.01192100 0.02223400
v 0.04777900 0.01192100 0.02223400
v 0.04807200 0.01190600 0.02294000
v 0.04807200 0.01190600 0.02294000
v 0.06532200 0.01192200 0.02223100
v 0.06532200 0.01192200 0.02223100
v 0.06432200 0.01190000 0.02323100
v 0.06432200 0.01190000 0.02323100
v 0.06503000 0.01190700 0.02293800
v 0.06503000 0.01190700 0.02293800
v -0.04790600 0.01145300 0.04424500
v -0.04790600 0.01145300 0.04424500
v -0.04890600 0.01143200 0.04524400
v -0.04890600 0.01143200 0.04524400
v -0.04819900 0.01143800 0.04495200
v -0.04819900 0.01143800 0.04495200
v -0.04109900 0.01143200 0.04524500
v -0.04109900 0.01143200 0.04524500
v -0.04109900 0.01143200 0.04524500
v -0.04209900 0.01145300 0.04424500
v -0.04209900 0.01145300 0.04424500
v -0.04180600 0.01143800 0.04495200
v -0.04180600 0.01143800 0.04495200
v -0.02531000 0.01145300 0.04424600
v -0.02531000 0.01145300 0.04424600
v -0.02631000 0.01143200 0.04524600
v -0.02631000 0.01143200 0.04524600
v -0.02560300 0.01143800 0.04495300
v -0.02560300 0.01143800 0.04495300
v -0.01862900 0.01143200 0.04524700
v -0.01862900 0.01143200 0.04524700
v -0.01862900 0.01143200 0.04524700
v -0.01962900 0.01145300 0.04424700
v -0.01962900 0.01145300 0.04424700
v -0.01933600 0.01143800 0.04495400
v -0.01933600 0.01143800 0.04495400
v -0.00284000 0.01145300 0.04424800
v -0.00284000 0.01145300 0.04424800
v -0.00384000 0.01143200 0.04524800
v -0.00384000 0.01143200 0.04524800
v -0.00313300 0.01143800 0.04495500
v -0.00313300 0.01143800 0.04495500
v -0.06417500 0.01143200 0.04524300
v -0.06417500 0.01143200 0.04524300
v -0.06517500 0.01145300 0.04424300
v -0.06517500 0.01145300 0.04424300
v -0.06488200 0.01143800 0.04495000
v -0.06488200 0.01143800 0.04495000
v 0.00384100 0.01143200 0.04524800
v 0.00384100 0.01143200 0.04524800
v 0.00284100 0.01145300 0.04424800
v 0.00284100 0.01145300 0.04424800
v 0.00313400 0.01143800 0.04495500
v 0.00313400 0.01143800 0.04495500
v 0.01962800 0.01145300 0.04424700
v 0.01962800 0.01145300 0.04424700
v 0.01862800 0.01143200 0.04524700
v 0.01862800 0.01143200 0.04524700
v 0.01933500 0.01143800 0.04495400
v 0.01933500 0.01143800 0.04495400
v 0.02631100 0.01143200 0.04524600
v 0.02631100 0.01143200 0.04524600
v 0.02531100 0.01145300 0.04424600
v 0.02531100 0.01145300 0.04424600
v 0.02560400 0.01143800 0.04495300
v 0.02560400 0.01143800 0.04495300
v 0.04209800 0.01145300 0.04424500
v 0.04209800 0.01145300 0.04424500
v 0.04109800 0.01143200 0.04524400
v 0.04109800 0.01143200 0.04524400
v 0.04180600 0.01143800 0.04495200
v 0.04180600 0.01143800 0.04495200
v 0.04878100 0.01143200 0.04524400
v 0.04878100 0.01143200 0.04524400
v 0.04778100 0.01145300 0.04424400
v 0.04778100 0.01145300 0.04424400
v 0.04807400 0.01143800 0.04495100
v 0.04807400 0.01143800 0.04495100
v 0.06532600 0.01145300 0.04424200
v 0.06532600 0.01145300 0.04424200
v 0.06432600 0.01143200 0.04524200
v 0.06432600 0.01143200 0.04524200
v 0.06503300 0.01143800 0.04494900
v 0.06503300 0.01143800 0.04494900
v -0.04790800 0.01098500 0.06625500
v -0.04790800 0.01098500 0.06625500
v -0.04890800 0.01096400 0.06725500
v -0.04890800 0.01096400 0.06725500
v -0.04820100 0.01097000 0.06696200
v -0.04820100 0.01097000 0.06696200
v -0.04110100 0.01096400 0.06725500
v -0.04110100 0.01096400 0.06725500
v -0.04210100 0.01098500 0.06625500
v -0.04210100 0.01098500 0.06625500
v -0.04180800 0.01097000 0.06696200
v -0.04180800 0.01097000 0.06696200
v -0.02531100 0.01098500 0.06625600
v -0.02531100 0.01098500 0.06625600
v -0.02631100 0.01096400 0.06725600
v -0.02631100 0.01096400 0.06725600
v -0.02560400 0.01097000 0.06696300
v -0.02560400 0.01097000 0.06696300
v -0.01863000 0.01096400 0.06725600
v -0.01863000 0.01096400 0.06725600
v -0.01963000 0.01098500 0.06625600
v -0.01963000 0.01098500 0.06625600
v -0.01933700 0.01097000 0.06696300
v -0.01933700 0.01097000 0.06696300
v -0.00284000 0.01098500 0.06625700
v -0.00284000 0.01098500 0.06625700
v -0.00384000 0.01096400 0.06725700
v -0.00384000 0.01096400 0.06725700
v -0.00313300 0.01097000 0.06696400
v -0.00313300 0.01097000 0.06696400
v -0.06417900 0.01096400 0.06725400
v -0.06417900 0.01096400 0.06725400
v -0.06417900 0.01096400 0.06725400
v -0.06517900 0.01098500 0.06625400
v -0.06517900 0.01098500 0.06625400
v -0.06488600 0.01097000 0.06696100
v -0.06488600 0.01097000 0.06696100
v 0.00384100 0.01096400 0.06725700
v 0.00384100 0.01096400 0.06725700
v 0.00284100 0.01098500 0.06625700
v 0.00284100 0.01098500 0.06625700
v 0.00313400 0.01097000 0.06696400
v 0.00313400 0.01097000 0.06696400
v 0.01962900 0.01098500 0.06625600
v 0.01962900 0.01098500 0.06625600
v 0.01862900 0.01096400 0.06725600
v 0.01862900 0.01096400 0.06725600
v 0.01862900 0.01096400 0.06725600
v 0.01933600 0.01097000 0.06696300
v 0.01933600 0.01097000 0.06696300
v -0.06517600 0.01133000 0.05002900
v -0.06517600 0.01133000 0.05002900
v -0.06417600 0.01135100 0.04903000
v -0.06417600 0.01135100 0.04903000
v -0.06488300 0.01134500 0.04932200
v -0.06488300 0.01134500 0.04932200
v 0.00284100 0.01133000 0.05003400
v 0.00284100 0.01133000 0.05003400
v 0.00384100 0.01135100 0.04903400
v 0.00384100 0.01135100 0.04903400
v 0.00313400 0.01134500 0.04932700
v 0.00313400 0.01134500 0.04932700
v 0.01862800 0.01135100 0.04903300
v 0.01862800 0.01135100 0.04903300
v 0.01962900 0.01133000 0.05003300
v 0.01962900 0.01133000 0.05003300
v 0.01933600 0.01134500 0.04932600
v 0.01933600 0.01134500 0.04932600
v 0.04109900 0.01135100 0.04903100
v 0.04109900 0.01135100 0.04903100
v 0.04109900 0.01135100 0.04903100
v 0.04209900 0.01133000 0.05003100
v 0.04209900 0.01133000 0.05003100
v 0.04180600 0.01134500 0.04932400
v 0.04180600 0.01134500 0.04932400
v 0.04778200 0.01133000 0.05003000
v 0.04778200 0.01133000 0.05003000
v 0.04878200 0.01135100 0.04903000
v 0.04878200 0.01135100 0.04903000
v 0.04807500 0.01134500 0.04932300
v 0.04807500 0.01134500 0.04932300
v 0.06432700 0.01135200 0.04902900
v 0.06432700 0.01135200 0.04902900
v 0.06432700 0.01135200 0.04902900
v 0.06532700 0.01133000 0.05002900
v 0.06532700 0.01133000 0.05002900
v 0.06503400 0.01134500 0.04932200
v 0.06503400 0.01134500 0.04932200
v 0.02246800 0.01133000 0.05003300
v 0.02246800 0.01133000 0.05003300
v 0.02346800 0.01135100 0.04903300
v 0.02346800 0.01135100 0.04903300
v 0.02276100 0.01134500 0.04932600
v 0.02276100 0.01134500 0.04932600
v -0.04890600 0.01135100 0.04903100
v -0.04890600 0.01135100 0.04903100
v -0.04790700 0.01133000 0.05003100
v -0.04790700 0.01133000 0.05003100
v -0.04819900 0.01134500 0.04932400
v -0.04819900 0.01134500 0.04932400
v -0.04209900 0.01133000 0.05003100
v -0.04209900 0.01133000 0.05003100
v -0.04109900 0.01135100 0.04903200
v -0.04109900 0.01135100 0.04903200
v -0.04109900 0.01135100 0.04903200
v -0.04180600 0.01134500 0.04932400
v -0.04180600 0.01134500 0.04932400
v -0.02631000 0.01135100 0.04903300
v -0.02631000 0.01135100 0.04903300
v -0.02531000 0.01133000 0.05003300
v -0.02531000 0.01133000 0.05003300
v -0.02560300 0.01134500 0.04932600
v -0.02560300 0.01134500 0.04932600
v -0.01962900 0.01133000 0.05003300
v -0.01962900 0.01133000 0.05003300
v -0.01862900 0.01135100 0.04903300
v -0.01862900 0.01135100 0.04903300
v -0.01862900 0.01135100 0.04903300
v -0.01933600 0.01134500 0.04932600
v -0.01933600 0.01134500 0.04932600
v -0.00384000 0.01135100 0.04903400
v -0.00384000 0.01135100 0.04903400
v -0.00284000 0.01133000 0.05003400
v -0.00284000 0.01133000 0.05003400
v -0.00313300 0.01134500 0.04932700
v -0.00313300 0.01134500 0.04932700
v -0.04210100 0.01086200 0.07204100
v -0.04210100 0.01086200 0.07204100
v -0.04110100 0.01088300 0.07104100
v -0.04110100 0.01088300 0.07104100
v -0.04110100 0.01088300 0.07104100
v -0.04180800 0.01087700 0.07133400
v -0.04180800 0.01087700 0.07133400
v -0.02631100 0.01088300 0.07104200
v -0.02631100 0.01088300 0.07104200
v -0.02531100 0.01086200 0.07204200
v -0.02531100 0.01086200 0.07204200
v -0.02560400 0.01087700 0.07133500
v -0.02560400 0.01087700 0.07133500
v -0.01963000 0.01086200 0.07204200
v -0.01963000 0.01086200 0.07204200
v -0.01863000 0.01088300 0.07104200
v -0.01863000 0.01088300 0.07104200
v -0.01933700 0.01087700 0.07133500
v -0.01933700 0.01087700 0.07133500
v -0.00384000 0.01088300 0.07104300
v -0.00384000 0.01088300 0.07104300
v -0.00284000 0.01086200 0.07204300
v -0.00284000 0.01086200 0.07204300
v -0.00313300 0.01087700 0.07133600
v -0.00313300 0.01087700 0.07133600
v -0.04594100 0.01088300 0.07104100
v -0.04594100 0.01088300 0.07104100
v -0.04594100 0.01088300 0.07104100
v -0.04494100 0.01086200 0.07204100
v -0.04494100 0.01086200 0.07204100
v -0.04523400 0.01087700 0.07133400
v -0.04523400 0.01087700 0.07133400
v -0.06518000 0.01086200 0.07204000
v -0.06518000 0.01086200 0.07204000
v -0.06417900 0.01088300 0.07104000
v -0.06417900 0.01088300 0.07104000
v -0.06488700 0.01087700 0.07133300
v -0.06488700 0.01087700 0.07133300
v 0.00284100 0.01086200 0.07204300
v 0.00284100 0.01086200 0.07204300
v 0.00284100 0.01086200 0.07204300
v 0.00384100 0.01088300 0.07104300
v 0.00384100 0.01088300 0.07104300
v 0.00313400 0.01087700 0.07133600
v 0.00313400 0.01087700 0.07133600
v 0.01863000 0.01088300 0.07104200
v 0.01863000 0.01088300 0.07104200
v 0.01963000 0.01086200 0.07204200
v 0.01963000 0.01086200 0.07204200
v 0.01933700 0.01087700 0.07133500
v 0.01933700 0.01087700 0.07133500
v -0.06517500 0.01545200 0.04432800
v -0.06517500 0.01545200 0.04432800
v -0.06417500 0.01543100 0.04532800
v -0.06417500 0.01543100 0.04532800
v -0.06488200 0.01543700 0.04503500
v -0.06488200 0.01543700 0.04503500
v -0.06417200 0.01581900 0.02710300
v -0.06417200 0.01581900 0.02710300
v -0.06417200 0.01581900 0.02710300
v -0.06517300 0.01579800 0.02810200
v -0.06517300 0.01579800 0.02810200
v -0.06488000 0.01581300 0.02739600
v -0.06488000 0.01581300 0.02739600
v 0.00284100 0.01545200 0.04433300
v 0.00284100 0.01545200 0.04433300
v 0.00384100 0.01543100 0.04533300
v 0.00384100 0.01543100 0.04533300
v 0.00313400 0.01543700 0.04504000
v 0.00313400 0.01543700 0.04504000
v 0.00384100 0.01581900 0.02711000
v 0.00384100 0.01581900 0.02711000
v 0.00284100 0.01579700 0.02811000
v 0.00284100 0.01579700 0.02811000
v 0.00313400 0.01581200 0.02740300
v 0.00313400 0.01581200 0.02740300
v 0.01862800 0.01543100 0.04533200
v 0.01862800 0.01543100 0.04533200
v 0.01962800 0.01545200 0.04433200
v 0.01962800 0.01545200 0.04433200
v 0.01933500 0.01543700 0.04503900
v 0.01933500 0.01543700 0.04503900
v 0.01962700 0.01579700 0.02810800
v 0.01962700 0.01579700 0.02810800
v 0.01862700 0.01581900 0.02710800
v 0.01862700 0.01581900 0.02710800
v 0.01862700 0.01581900 0.02710800
v 0.01933400 0.01581200 0.02740100
v 0.01933400 0.01581200 0.02740100
v 0.02531100 0.01545200 0.04433100
v 0.02531100 0.01545200 0.04433100
v 0.02631100 0.01543100 0.04533100
v 0.02631100 0.01543100 0.04533100
v 0.02560400 0.01543700 0.04503800
v 0.02560400 0.01543700 0.04503800
v 0.02631000 0.01581900 0.02710700
v 0.02631000 0.01581900 0.02710700
v 0.02531000 0.01579700 0.02810700
v 0.02531000 0.01579700 0.02810700
v 0.02560300 0.01581200 0.02740000
v 0.02560300 0.01581200 0.02740000
v 0.04109800 0.01543100 0.04532900
v 0.04109800 0.01543100 0.04532900
v 0.04209800 0.01545200 0.04433000
v 0.04209800 0.01545200 0.04433000
v 0.04180600 0.01543700 0.04503700
v 0.04180600 0.01543700 0.04503700
v 0.04209700 0.01579800 0.02810500
v 0.04209700 0.01579800 0.02810500
v 0.04109600 0.01581900 0.02710500
v 0.04109600 0.01581900 0.02710500
v 0.04109600 0.01581900 0.02710500
v 0.04180400 0.01581300 0.02739800
v 0.04180400 0.01581300 0.02739800
v 0.04778100 0.01545200 0.04432900
v 0.04778100 0.01545200 0.04432900
v 0.04878100 0.01543100 0.04532900
v 0.04878100 0.01543100 0.04532900
v 0.04807400 0.01543700 0.04503600
v 0.04807400 0.01543700 0.04503600
v 0.04877900 0.01581900 0.02710400
v 0.04877900 0.01581900 0.02710400
v 0.04777900 0.01579800 0.02810400
v 0.04777900 0.01579800 0.02810400
v 0.04807200 0.01581300 0.02739700
v 0.04807200 0.01581300 0.02739700
v 0.06432600 0.01543100 0.04532700
v 0.06432600 0.01543100 0.04532700
v 0.06532600 0.01545200 0.04432700
v 0.06532600 0.01545200 0.04432700
v 0.06503300 0.01543700 0.04503400
v 0.06503300 0.01543700 0.04503400
v 0.06532300 0.01579800 0.02810100
v 0.06532300 0.01579800 0.02810100
v 0.06432300 0.01581900 0.02710200
v 0.06432300 0.01581900 0.02710200
v 0.06432300 0.01581900 0.02710200
v 0.06503000 0.01581300 0.02739500
v 0.06503000 0.01581300 0.02739500
v -0.01862800 0.01581900 0.02710800
v -0.01862800 0.01581900 0.02710800
v -0.01962800 0.01579700 0.02810800
v -0.01962800 0.01579700 0.02810800
v -0.01933500 0.01581200 0.02740100
v -0.01933500 0.01581200 0.02740100
v -0.00284000 0.01579700 0.02811000
v -0.00284000 0.01579700 0.02811000
v -0.00384000 0.01581900 0.02711000
v -0.00384000 0.01581900 0.02711000
v -0.00313300 0.01581200 0.02740300
v -0.00313300 0.01581200 0.02740300
v -0.04109700 0.01581900 0.02710600
v -0.04109700 0.01581900 0.02710600
v -0.04209700 0.01579700 0.02810500
v -0.04209700 0.01579700 0.02810500
v -0.04180400 0.01581300 0.02739900
v -0.04180400 0.01581300 0.02739900
v -0.02530900 0.01579700 0.02810700
v -0.02530900 0.01579700 0.02810700
v -0.02630900 0.01581900 0.02710800
v -0.02630900 0.01581900 0.02710800
v -0.02560200 0.01581200 0.02740000
v -0.02560200 0.01581200 0.02740000
v -0.04790400 0.01579800 0.02810500
v -0.04790400 0.01579800 0.02810500
v -0.04890400 0.01581900 0.02710500
v -0.04890400 0.01581900 0.02710500
v -0.04819700 0.01581300 0.02739800
v -0.04819700 0.01581300 0.02739800
v -0.04890100 0.01636800 0.00130800
v -0.04890100 0.01636800 0.00130800
v -0.04790100 0.01638900 0.00030900
v -0.04790100 0.01638900 0.00030900
v -0.04819400 0.01637400 0.00101600
v -0.04819400 0.01637400 0.00101600
v -0.04209400 0.01638900 0.00031000
v -0.04209400 0.01638900 0.00031000
v -0.04109400 0.01636700 0.00131000
v -0.04109400 0.01636700 0.00131000
v -0.04109400 0.01636700 0.00131000
v -0.04180200 0.01637400 0.00101700
v -0.04180200 0.01637400 0.00101700
v -0.02630700 0.01636700 0.00131200
v -0.02630700 0.01636700 0.00131200
v -0.02530700 0.01638900 0.00031200
v -0.02530700 0.01638900 0.00031200
v -0.02560000 0.01637400 0.00101900
v -0.02560000 0.01637400 0.00101900
v -0.01962700 0.01638900 0.00031300
v -0.01962700 0.01638900 0.00031300
v -0.01862700 0.01636700 0.00131300
v -0.01862700 0.01636700 0.00131300
v -0.01862700 0.01636700 0.00131300
v -0.01933400 0.01637400 0.00102000
v -0.01933400 0.01637400 0.00102000
v -0.00384000 0.01636700 0.00131600
v -0.00384000 0.01636700 0.00131600
v -0.00284000 0.01638900 0.00031600
v -0.00284000 0.01638900 0.00031600
v -0.00313300 0.01637400 0.00102300
v -0.00313300 0.01637400 0.00102300
v -0.06516800 0.01638900 0.00030600
v -0.06516800 0.01638900 0.00030600
v -0.06416800 0.01636800 0.00130600
v -0.06416800 0.01636800 0.00130600
v -0.06416800 0.01636800 0.00130600
v -0.06487600 0.01637400 0.00101300
v -0.06487600 0.01637400 0.00101300
v 0.06431900 0.01636800 0.00130400
v 0.06431900 0.01636800 0.00130400
v 0.06531800 0.01638900 0.00030400
v 0.06531800 0.01638900 0.00030400
v 0.06502600 0.01637400 0.00101100
v 0.06502600 0.01637400 0.00101100
v 0.04109400 0.01636800 0.00130900
v 0.04109400 0.01636800 0.00130900
v 0.04209300 0.01638900 0.00030900
v 0.04209300 0.01638900 0.00030900
v 0.04180100 0.01637400 0.00101600
v 0.04180100 0.01637400 0.00101600
v 0.01862600 0.01636700 0.00131300
v 0.01862600 0.01636700 0.00131300
v 0.01962600 0.01638900 0.00031300
v 0.01962600 0.01638900 0.00031300
v 0.01933300 0.01637400 0.00102000
v 0.01933300 0.01637400 0.00102000
v 0.00284100 0.01638900 0.00031600
v 0.00284100 0.01638900 0.00031600
v 0.00384100 0.01636700 0.00131500
v 0.00384100 0.01636700 0.00131500
v 0.00313400 0.01637400 0.00102300
v 0.00313400 0.01637400 0.00102300
v 0.04777600 0.01638900 0.00030800
v 0.04777600 0.01638900 0.00030800
v 0.04877600 0.01636800 0.00130700
v 0.04877600 0.01636800 0.00130700
v 0.04806900 0.01637400 0.00101500
v 0.04806900 0.01637400 0.00101500
v 0.02530800 0.01638900 0.00031200
v 0.02530800 0.01638900 0.00031200
v 0.02630800 0.01636700 0.00131100
v 0.02630800 0.01636700 0.00131100
v 0.02560100 0.01637400 0.00101900
v 0.02560100 0.01637400 0.00101900
v -0.06517200 0.01592100 0.02231700
v -0.06517200 0.01592100 0.02231700
v -0.06417200 0.01589900 0.02331700
v -0.06417200 0.01589900 0.02331700
v -0.06417200 0.01589900 0.02331700
v -0.06487900 0.01590600 0.02302400
v -0.06487900 0.01590600 0.02302400
v -0.06416900 0.01628700 0.00509200
v -0.06416900 0.01628700 0.00509200
v -0.06516900 0.01626600 0.00609200
v -0.06516900 0.01626600 0.00609200
v -0.06487600 0.01628100 0.00538500
v -0.06487600 0.01628100 0.00538500
v 0.00284100 0.01592000 0.02232500
v 0.00284100 0.01592000 0.02232500
v 0.00384100 0.01589900 0.02332400
v 0.00384100 0.01589900 0.02332400
v 0.00313400 0.01590500 0.02303200
v 0.00313400 0.01590500 0.02303200
v 0.00384100 0.01628700 0.00510200
v 0.00384100 0.01628700 0.00510200
v 0.00284100 0.01626600 0.00610200
v 0.00284100 0.01626600 0.00610200
v 0.00313400 0.01628100 0.00539500
v 0.00313400 0.01628100 0.00539500
v 0.01862700 0.01589900 0.02332200
v 0.01862700 0.01589900 0.02332200
v 0.01962700 0.01592100 0.02232300
v 0.01962700 0.01592100 0.02232300
v 0.01933400 0.01590500 0.02303000
v 0.01933400 0.01590500 0.02303000
v 0.01962600 0.01626600 0.00609900
v 0.01962600 0.01626600 0.00609900
v 0.01862600 0.01628700 0.00509900
v 0.01862600 0.01628700 0.00509900
v 0.01862600 0.01628700 0.00509900
v 0.01933300 0.01628100 0.00539200
v 0.01933300 0.01628100 0.00539200
v 0.02531000 0.01592100 0.02232200
v 0.02531000 0.01592100 0.02232200
v 0.02631000 0.01589900 0.02332100
v 0.02631000 0.01589900 0.02332100
v 0.02560300 0.01590500 0.02302900
v 0.02560300 0.01590500 0.02302900
v 0.02630900 0.01628700 0.00509800
v 0.02630900 0.01628700 0.00509800
v 0.02530900 0.01626600 0.00609800
v 0.02530900 0.01626600 0.00609800
v 0.02560200 0.01628100 0.00539100
v 0.02560200 0.01628100 0.00539100
v 0.04109600 0.01589900 0.02331900
v 0.04109600 0.01589900 0.02331900
v 0.04109600 0.01589900 0.02331900
v 0.04209600 0.01592100 0.02231900
v 0.04209600 0.01592100 0.02231900
v 0.04180300 0.01590600 0.02302600
v 0.04180300 0.01590600 0.02302600
v 0.04209400 0.01626600 0.00609500
v 0.04209400 0.01626600 0.00609500
v 0.04109400 0.01628700 0.00509500
v 0.04109400 0.01628700 0.00509500
v 0.04180100 0.01628100 0.00538800
v 0.04180100 0.01628100 0.00538800
v 0.04777900 0.01592100 0.02231900
v 0.04777900 0.01592100 0.02231900
v 0.04877900 0.01589900 0.02331800
v 0.04877900 0.01589900 0.02331800
v 0.04807200 0.01590600 0.02302600
v 0.04807200 0.01590600 0.02302600
v 0.04877600 0.01628700 0.00509400
v 0.04877600 0.01628700 0.00509400
v 0.04777700 0.01626600 0.00609400
v 0.04777700 0.01626600 0.00609400
v 0.04806900 0.01628100 0.00538700
v 0.04806900 0.01628100 0.00538700
v 0.06432200 0.01589900 0.02331600
v 0.06432200 0.01589900 0.02331600
v 0.06532200 0.01592100 0.02231600
v 0.06532200 0.01592100 0.02231600
v 0.06503000 0.01590600 0.02302300
v 0.06503000 0.01590600 0.02302300
v 0.06531900 0.01626600 0.00609000
v 0.06531900 0.01626600 0.00609000
v 0.06431900 0.01628700 0.00509100
v 0.06431900 0.01628700 0.00509100
v 0.06431900 0.01628700 0.00509100
v 0.06502600 0.01628100 0.00538300
v 0.06502600 0.01628100 0.00538300
v -0.04790200 0.01626600 0.00609500
v -0.04790200 0.01626600 0.00609500
v -0.04890200 0.01628700 0.00509500
v -0.04890200 0.01628700 0.00509500
v -0.04819500 0.01628100 0.00538800
v -0.04819500 0.01628100 0.00538800
v -0.04109500 0.01628700 0.00509600
v -0.04109500 0.01628700 0.00509600
v -0.04209500 0.01626600 0.00609600
v -0.04209500 0.01626600 0.00609600
v -0.04180200 0.01628100 0.00538900
v -0.04180200 0.01628100 0.00538900
v -0.02530800 0.01626600 0.00609800
v -0.02530800 0.01626600 0.00609800
v -0.02630800 0.01628700 0.00509800
v -0.02630800 0.01628700 0.00509800
v -0.02560000 0.01628100 0.00539100
v -0.02560000 0.01628100 0.00539100
v -0.01862700 0.01628700 0.00509900
v -0.01862700 0.01628700 0.00509900
v -0.01962700 0.01626600 0.00609900
v -0.01962700 0.01626600 0.00609900
v -0.01933400 0.01628100 0.00539200
v -0.01933400 0.01628100 0.00539200
v -0.00284000 0.01626600 0.00610200
v -0.00284000 0.01626600 0.00610200
v -0.00384000 0.01628700 0.00510200
v -0.00384000 0.01628700 0.00510200
v -0.00313300 0.01628100 0.00539500
v -0.00313300 0.01628100 0.00539500
v -0.04890400 0.01589900 0.02331900
v -0.04890400 0.01589900 0.02331900
v -0.04790400 0.01592100 0.02231900
v -0.04790400 0.01592100 0.02231900
v -0.04819700 0.01590600 0.02302600
v -0.04819700 0.01590600 0.02302600
v -0.04209700 0.01592100 0.02232000
v -0.04209700 0.01592100 0.02232000
v -0.04109700 0.01589900 0.02332000
v -0.04109700 0.01589900 0.02332000
v -0.04109700 0.01589900 0.02332000
v -0.04180400 0.01590600 0.02302700
v -0.04180400 0.01590600 0.02302700
v -0.02630900 0.01589900 0.02332200
v -0.02630900 0.01589900 0.02332200
v -0.02530900 0.01592100 0.02232200
v -0.02530900 0.01592100 0.02232200
v -0.02560100 0.01590500 0.02302900
v -0.02560100 0.01590500 0.02302900
v -0.01962800 0.01592000 0.02232300
v -0.01962800 0.01592000 0.02232300
v -0.01862800 0.01589900 0.02332300
v -0.01862800 0.01589900 0.02332300
v -0.01933500 0.01590500 0.02303000
v -0.01933500 0.01590500 0.02303000
v -0.00384000 0.01589900 0.02332500
v -0.00384000 0.01589900 0.02332500
v -0.00384000 0.01589900 0.02332500
v -0.00284000 0.01592000 0.02232500
v -0.00284000 0.01592000 0.02232500
v -0.00313300 0.01590500 0.02303200
v -0.00313300 0.01590500 0.02303200
v -0.04890600 0.01543100 0.04532900
v -0.04890600 0.01543100 0.04532900
v -0.04790600 0.01545200 0.04433000
v -0.04790600 0.01545200 0.04433000
v -0.04819900 0.01543700 0.04503700
v -0.04819900 0.01543700 0.04503700
v -0.04209900 0.01545200 0.04433000
v -0.04209900 0.01545200 0.04433000
v -0.04109900 0.01543100 0.04533000
v -0.04109900 0.01543100 0.04533000
v -0.04109900 0.01543100 0.04533000
v -0.04180600 0.01543700 0.04503700
v -0.04180600 0.01543700 0.04503700
v -0.02631000 0.01543100 0.04533100
v -0.02631000 0.01543100 0.04533100
v -0.02531000 0.01545200 0.04433200
v -0.02531000 0.01545200 0.04433200
v -0.02560300 0.01543700 0.04503800
v -0.02560300 0.01543700 0.04503800
v -0.01962900 0.01545200 0.04433200
v -0.01962900 0.01545200 0.04433200
v -0.01862900 0.01543100 0.04533200
v -0.01862900 0.01543100 0.04533200
v -0.01862900 0.01543100 0.04533200
v -0.01933600 0.01543700 0.04503900
v -0.01933600 0.01543700 0.04503900
v -0.00384000 0.01543100 0.04533300
v -0.00384000 0.01543100 0.04533300
v -0.00284000 0.01545200 0.04433300
v -0.00284000 0.01545200 0.04433300
v -0.00313300 0.01543700 0.04504000
v -0.00313300 0.01543700 0.04504000
v -0.04790700 0.01532900 0.05011600
v -0.04790700 0.01532900 0.05011600
v -0.04890600 0.01535100 0.04911600
v -0.04890600 0.01535100 0.04911600
v -0.04819900 0.01534400 0.04940900
v -0.04819900 0.01534400 0.04940900
v -0.04890800 0.01496300 0.06734000
v -0.04890800 0.01496300 0.06734000
v -0.04790800 0.01498400 0.06634000
v -0.04790800 0.01498400 0.06634000
v -0.04820100 0.01496900 0.06704700
v -0.04820100 0.01496900 0.06704700
v -0.04109900 0.01535100 0.04911700
v -0.04109900 0.01535100 0.04911700
v -0.04109900 0.01535100 0.04911700
v -0.04209900 0.01532900 0.05011600
v -0.04209900 0.01532900 0.05011600
v -0.04180600 0.01534400 0.04940900
v -0.04180600 0.01534400 0.04940900
v -0.04210100 0.01498400 0.06634000
v -0.04210100 0.01498400 0.06634000
v -0.04110100 0.01496300 0.06734000
v -0.04110100 0.01496300 0.06734000
v -0.04180800 0.01496900 0.06704700
v -0.04180800 0.01496900 0.06704700
v -0.02531000 0.01532900 0.05011800
v -0.02531000 0.01532900 0.05011800
v -0.02631000 0.01535100 0.04911800
v -0.02631000 0.01535100 0.04911800
v -0.02560300 0.01534400 0.04941100
v -0.02560300 0.01534400 0.04941100
v -0.02631100 0.01496300 0.06734100
v -0.02631100 0.01496300 0.06734100
v -0.02531100 0.01498400 0.06634100
v -0.02531100 0.01498400 0.06634100
v -0.02560400 0.01496900 0.06704800
v -0.02560400 0.01496900 0.06704800
v -0.01862900 0.01535100 0.04911800
v -0.01862900 0.01535100 0.04911800
v -0.01862900 0.01535100 0.04911800
v -0.01962900 0.01532900 0.05011800
v -0.01962900 0.01532900 0.05011800
v -0.01933600 0.01534400 0.04941100
v -0.01933600 0.01534400 0.04941100
v -0.01963000 0.01498400 0.06634100
v -0.01963000 0.01498400 0.06634100
v -0.01863000 0.01496300 0.06734100
v -0.01863000 0.01496300 0.06734100
v -0.01933700 0.01496900 0.06704800
v -0.01933700 0.01496900 0.06704800
v -0.00284000 0.01532900 0.05011900
v -0.00284000 0.01532900 0.05011900
v -0.00384000 0.01535000 0.04912000
v -0.00384000 0.01535000 0.04912000
v -0.00313300 0.01534400 0.04941200
v -0.00313300 0.01534400 0.04941200
v -0.00384000 0.01496300 0.06734200
v -0.00384000 0.01496300 0.06734200
v -0.00284000 0.01498400 0.06634200
v -0.00284000 0.01498400 0.06634200
v -0.00313300 0.01496900 0.06704900
v -0.00313300 0.01496900 0.06704900
v 0.01862900 0.01496300 0.06734100
v 0.01862900 0.01496300 0.06734100
v 0.01862900 0.01496300 0.06734100
v 0.01962900 0.01498400 0.06634100
v 0.01962900 0.01498400 0.06634100
v 0.01933600 0.01496900 0.06704800
v 0.01933600 0.01496900 0.06704800
v 0.00284100 0.01498400 0.06634200
v 0.00284100 0.01498400 0.06634200
v 0.00384100 0.01496300 0.06734200
v 0.00384100 0.01496300 0.06734200
v 0.00313400 0.01496900 0.06704900
v 0.00313400 0.01496900 0.06704900
v -0.06517900 0.01498400 0.06633900
v -0.06517900 0.01498400 0.06633900
v -0.06417900 0.01496300 0.06733900
v -0.06417900 0.01496300 0.06733900
v -0.06417900 0.01496300 0.06733900
v -0.06488600 0.01496900 0.06704600
v -0.06488600 0.01496900 0.06704600
v -0.06247200 0.01200100 -0.02850800
v -0.06247200 0.01200100 -0.02850800
v -0.06517600 0.01532900 0.05011400
v -0.06517600 0.01532900 0.05011400
v -0.06488300 0.01534400 0.04940700
v -0.06488300 0.01534400 0.04940700
v 0.00384100 0.01535000 0.04911900
v 0.00384100 0.01535000 0.04911900
v 0.00284100 0.01532900 0.05011900
v 0.00284100 0.01532900 0.05011900
v 0.00313400 0.01534400 0.04941200
v 0.00313400 0.01534400 0.04941200
v 0.01962900 0.01532900 0.05011800
v 0.01962900 0.01532900 0.05011800
v 0.01862800 0.01535100 0.04911800
v 0.01862800 0.01535100 0.04911800
v 0.01933600 0.01534400 0.04941100
v 0.01933600 0.01534400 0.04941100
v 0.04209900 0.01532900 0.05011600
v 0.04209900 0.01532900 0.05011600
v 0.04109900 0.01535100 0.04911600
v 0.04109900 0.01535100 0.04911600
v 0.04109900 0.01535100 0.04911600
v 0.04180600 0.01534400 0.04940900
v 0.04180600 0.01534400 0.04940900
v 0.04878200 0.01535100 0.04911600
v 0.04878200 0.01535100 0.04911600
v 0.04778200 0.01532900 0.05011500
v 0.04778200 0.01532900 0.05011500
v 0.04807500 0.01534400 0.04940800
v 0.04807500 0.01534400 0.04940800
v 0.06532700 0.01532900 0.05011400
v 0.06532700 0.01532900 0.05011400
v 0.06432700 0.01535100 0.04911400
v 0.06432700 0.01535100 0.04911400
v 0.06432700 0.01535100 0.04911400
v 0.06503400 0.01534400 0.04940700
v 0.06503400 0.01534400 0.04940700
v 0.02346800 0.01535100 0.04911800
v 0.02346800 0.01535100 0.04911800
v 0.02246800 0.01532900 0.05011800
v 0.02246800 0.01532900 0.05011800
v 0.02276100 0.01534400 0.04941100
v 0.02276100 0.01534400 0.04941100
v -0.06417900 0.01488200 0.07112500
v -0.06417900 0.01488200 0.07112500
v -0.06518000 0.01486100 0.07212500
v -0.06518000 0.01486100 0.07212500
v -0.06488700 0.01487600 0.07141800
v -0.06488700 0.01487600 0.07141800
v 0.00384100 0.01488200 0.07112800
v 0.00384100 0.01488200 0.07112800
v 0.00284100 0.01486100 0.07212800
v 0.00284100 0.01486100 0.07212800
v 0.00284100 0.01486100 0.07212800
v 0.00313400 0.01487600 0.07142100
v 0.00313400 0.01487600 0.07142100
v 0.01963000 0.01486100 0.07212700
v 0.01963000 0.01486100 0.07212700
v 0.01863000 0.01488200 0.07112700
v 0.01863000 0.01488200 0.07112700
v 0.01933700 0.01487600 0.07142000
v 0.01933700 0.01487600 0.07142000
v -0.01863000 0.01488200 0.07112700
v -0.01863000 0.01488200 0.07112700
v -0.01963000 0.01486100 0.07212700
v -0.01963000 0.01486100 0.07212700
v -0.01933700 0.01487600 0.07142000
v -0.01933700 0.01487600 0.07142000
v -0.00284000 0.01486100 0.07212800
v -0.00284000 0.01486100 0.07212800
v -0.00384000 0.01488200 0.07112800
v -0.00384000 0.01488200 0.07112800
v -0.00313300 0.01487600 0.07142100
v -0.00313300 0.01487600 0.07142100
v -0.04110100 0.01488200 0.07112600
v -0.04110100 0.01488200 0.07112600
v -0.04110100 0.01488200 0.07112600
v -0.04210100 0.01486100 0.07212600
v -0.04210100 0.01486100 0.07212600
v -0.04180800 0.01487600 0.07141900
v -0.04180800 0.01487600 0.07141900
v -0.02531100 0.01486100 0.07212700
v -0.02531100 0.01486100 0.07212700
v -0.02631100 0.01488200 0.07112700
v -0.02631100 0.01488200 0.07112700
v -0.02560400 0.01487600 0.07142000
v -0.02560400 0.01487600 0.07142000
v -0.04494100 0.01486100 0.07212600
v -0.04494100 0.01486100 0.07212600
v -0.04594100 0.01488200 0.07112600
v -0.04594100 0.01488200 0.07112600
v -0.04594100 0.01488200 0.07112600
v -0.04523400 0.01487600 0.07141900
v -0.04523400 0.01487600 0.07141900
v -0.04889900 0.01278800 -0.01657300
v -0.04889900 0.01278800 -0.01657300
v -0.04789900 0.01272600 -0.01557300
v -0.04789900 0.01272600 -0.01557300
v -0.04819200 0.01275300 -0.01628000
v -0.04819200 0.01275300 -0.01628000
v -0.04209300 0.01272600 -0.01557200
v -0.04209300 0.01272600 -0.01557200
v -0.04109300 0.01274700 -0.01657100
v -0.04109300 0.01274700 -0.01657100
v -0.04180000 0.01274100 -0.01627900
v -0.04180000 0.01274100 -0.01627900
v -0.02630600 0.01274700 -0.01656900
v -0.02630600 0.01274700 -0.01656900
v -0.02530600 0.01272600 -0.01556900
v -0.02530600 0.01272600 -0.01556900
v -0.02559900 0.01274100 -0.01627600
v -0.02559900 0.01274100 -0.01627600
v -0.01962600 0.01272600 -0.01556800
v -0.01962600 0.01272600 -0.01556800
v -0.01862600 0.01274700 -0.01656700
v -0.01862600 0.01274700 -0.01656700
v -0.01933300 0.01274100 -0.01627400
v -0.01933300 0.01274100 -0.01627400
v -0.00384000 0.01274700 -0.01656400
v -0.00384000 0.01274700 -0.01656400
v -0.00284000 0.01272600 -0.01556400
v -0.00284000 0.01272600 -0.01556400
v -0.00313300 0.01274100 -0.01627100
v -0.00313300 0.01274100 -0.01627100
v -0.06516600 0.01272600 -0.01557700
v -0.06516600 0.01272600 -0.01557700
v -0.06416600 0.01278300 -0.01657600
v -0.06416600 0.01278300 -0.01657600
v -0.06487300 0.01275100 -0.01628400
v -0.06487300 0.01275100 -0.01628400
v 0.00284100 0.01272600 -0.01556400
v 0.00284100 0.01272600 -0.01556400
v 0.00284100 0.01272600 -0.01556400
v 0.00384100 0.01274700 -0.01656400
v 0.00384100 0.01274700 -0.01656400
v 0.00313400 0.01274100 -0.01627100
v 0.00313400 0.01274100 -0.01627100
v 0.01862500 0.01274700 -0.01656800
v 0.01862500 0.01274700 -0.01656800
v 0.01962500 0.01272600 -0.01556800
v 0.01962500 0.01272600 -0.01556800
v 0.01933200 0.01274100 -0.01627500
v 0.01933200 0.01274100 -0.01627500
v 0.02530700 0.01272600 -0.01556900
v 0.02530700 0.01272600 -0.01556900
v 0.02630700 0.01275800 -0.01656900
v 0.02630700 0.01275800 -0.01656900
v 0.02560000 0.01274400 -0.01627600
v 0.02560000 0.01274400 -0.01627600
v 0.04109200 0.01275100 -0.01657200
v 0.04109200 0.01275100 -0.01657200
v 0.04109200 0.01275100 -0.01657200
v 0.04209200 0.01272600 -0.01557300
v 0.04209200 0.01272600 -0.01557300
v 0.04179900 0.01274200 -0.01628000
v 0.04179900 0.01274200 -0.01628000
v 0.04777400 0.01272600 -0.01557400
v 0.04777400 0.01272600 -0.01557400
v 0.04877400 0.01275200 -0.01657400
v 0.04877400 0.01275200 -0.01657400
v 0.04806700 0.01274200 -0.01628100
v 0.04806700 0.01274200 -0.01628100
v 0.06431500 0.01275300 -0.01657800
v 0.06431500 0.01275300 -0.01657800
v 0.06431500 0.01275300 -0.01657800
v 0.06531600 0.01272600 -0.01557800
v 0.06531600 0.01272600 -0.01557800
v 0.06502300 0.01274300 -0.01628500
v 0.06502300 0.01274300 -0.01628500
v -0.04789900 0.01672500 -0.01548800
v -0.04789900 0.01672500 -0.01548800
v -0.04889900 0.01674600 -0.01648800
v -0.04889900 0.01674600 -0.01648800
v -0.04819200 0.01674000 -0.01619500
v -0.04819200 0.01674000 -0.01619500
v -0.04109300 0.01674600 -0.01648600
v -0.04109300 0.01674600 -0.01648600
v -0.04209300 0.01672500 -0.01548700
v -0.04209300 0.01672500 -0.01548700
v -0.04180000 0.01674000 -0.01619400
v -0.04180000 0.01674000 -0.01619400
v -0.02530600 0.01672500 -0.01548300
v -0.02530600 0.01672500 -0.01548300
v -0.02630600 0.01674600 -0.01648300
v -0.02630600 0.01674600 -0.01648300
v -0.02559900 0.01674000 -0.01619000
v -0.02559900 0.01674000 -0.01619000
v -0.01862600 0.01674600 -0.01648200
v -0.01862600 0.01674600 -0.01648200
v -0.01962600 0.01672500 -0.01548200
v -0.01962600 0.01672500 -0.01548200
v -0.01933300 0.01674000 -0.01618900
v -0.01933300 0.01674000 -0.01618900
v -0.00284000 0.01672500 -0.01547900
v -0.00284000 0.01672500 -0.01547900
v -0.00384000 0.01674600 -0.01647900
v -0.00384000 0.01674600 -0.01647900
v -0.00313300 0.01674000 -0.01618600
v -0.00313300 0.01674000 -0.01618600
v -0.06416600 0.01674600 -0.01649100
v -0.06416600 0.01674600 -0.01649100
v -0.06516600 0.01672500 -0.01549200
v -0.06516600 0.01672500 -0.01549200
v -0.06487300 0.01674000 -0.01619800
v -0.06487300 0.01674000 -0.01619800
v 0.00384100 0.01674600 -0.01647900
v 0.00384100 0.01674600 -0.01647900
v 0.00284100 0.01672500 -0.01547900
v 0.00284100 0.01672500 -0.01547900
v 0.00284100 0.01672500 -0.01547900
v 0.00313400 0.01674000 -0.01618600
v 0.00313400 0.01674000 -0.01618600
v 0.01962500 0.01672500 -0.01548300
v 0.01962500 0.01672500 -0.01548300
v 0.01862500 0.01674600 -0.01648300
v 0.01862500 0.01674600 -0.01648300
v 0.01933200 0.01674000 -0.01619000
v 0.01933200 0.01674000 -0.01619000
v 0.02630700 0.01674600 -0.01648400
v 0.02630700 0.01674600 -0.01648400
v 0.02530700 0.01672500 -0.01548400
v 0.02530700 0.01672500 -0.01548400
v 0.02560000 0.01674000 -0.01619100
v 0.02560000 0.01674000 -0.01619100
v 0.04209200 0.01672500 -0.01548800
v 0.04209200 0.01672500 -0.01548800
v 0.04109200 0.01674600 -0.01648700
v 0.04109200 0.01674600 -0.01648700
v 0.04109200 0.01674600 -0.01648700
v 0.04179900 0.01674000 -0.01619500
v 0.04179900 0.01674000 -0.01619500
v 0.04877400 0.01674600 -0.01648900
v 0.04877400 0.01674600 -0.01648900
v 0.04777400 0.01672500 -0.01548900
v 0.04777400 0.01672500 -0.01548900
v 0.04806700 0.01674000 -0.01619600
v 0.04806700 0.01674000 -0.01619600
v 0.06531600 0.01672500 -0.01549300
v 0.06531600 0.01672500 -0.01549300
v 0.06431500 0.01674600 -0.01649300
v 0.06431500 0.01674600 -0.01649300
v 0.06431500 0.01674600 -0.01649300
v 0.06502300 0.01674000 -0.01620000
v 0.06502300 0.01674000 -0.01620000
v -0.06418200 0.01046600 0.08930200
v -0.06418200 0.01046600 0.08930200
v -0.06518200 0.01051600 0.08830200
v -0.06518200 0.01051600 0.08830200
v -0.06488900 0.01049300 0.08900900
v -0.06488900 0.01049300 0.08900900
v 0.00384100 0.01049500 0.08930200
v 0.00384100 0.01049500 0.08930200
v 0.00284100 0.01051600 0.08830300
v 0.00284100 0.01051600 0.08830300
v 0.00313400 0.01050100 0.08901000
v 0.00313400 0.01050100 0.08901000
v 0.01963000 0.01051600 0.08830200
v 0.01963000 0.01051600 0.08830200
v 0.01863100 0.01049500 0.08930200
v 0.01863100 0.01049500 0.08930200
v 0.01933800 0.01050100 0.08900900
v 0.01933800 0.01050100 0.08900900
v 0.04210300 0.01051600 0.08830200
v 0.04210300 0.01051600 0.08830200
v 0.04110300 0.01049100 0.08930200
v 0.04110300 0.01049100 0.08930200
v 0.04181000 0.01050000 0.08900900
v 0.04181000 0.01050000 0.08900900
v 0.04878700 0.01049100 0.08930200
v 0.04878700 0.01049100 0.08930200
v 0.04778700 0.01051600 0.08830200
v 0.04778700 0.01051600 0.08830200
v 0.04808000 0.01050000 0.08900900
v 0.04808000 0.01050000 0.08900900
v 0.06533400 0.01051600 0.08830200
v 0.06533400 0.01051600 0.08830200
v 0.06433400 0.01049000 0.08930200
v 0.06433400 0.01049000 0.08930200
v 0.06504100 0.01050000 0.08900900
v 0.06504100 0.01050000 0.08900900
v 0.02347000 0.01048100 0.08930200
v 0.02347000 0.01048100 0.08930200
v 0.02247000 0.01051600 0.08830200
v 0.02247000 0.01051600 0.08830200
v 0.02276300 0.01049700 0.08900900
v 0.02276300 0.01049700 0.08900900
v -0.04110300 0.01049500 0.08930200
v -0.04110300 0.01049500 0.08930200
v -0.04210300 0.01051600 0.08830200
v -0.04210300 0.01051600 0.08830200
v -0.04181000 0.01050100 0.08900900
v -0.04181000 0.01050100 0.08900900
v -0.02531200 0.01051600 0.08830200
v -0.02531200 0.01051600 0.08830200
v -0.02631200 0.01049500 0.08930200
v -0.02631200 0.01049500 0.08930200
v -0.02560500 0.01050100 0.08900900
v -0.02560500 0.01050100 0.08900900
v -0.01863100 0.01049500 0.08930200
v -0.01863100 0.01049500 0.08930200
v -0.01963100 0.01051600 0.08830200
v -0.01963100 0.01051600 0.08830200
v -0.01933800 0.01050100 0.08900900
v -0.01933800 0.01050100 0.08900900
v -0.00284000 0.01051600 0.08830300
v -0.00284000 0.01051600 0.08830300
v -0.00384000 0.01049500 0.08930200
v -0.00384000 0.01049500 0.08930200
v -0.00384000 0.01049500 0.08930200
v -0.00313300 0.01050100 0.08901000
v -0.00313300 0.01050100 0.08901000
v -0.04494300 0.01051600 0.08830200
v -0.04494300 0.01051600 0.08830200
v -0.04593700 0.01045700 0.09115800
v -0.04523600 0.01049700 0.08900900
v -0.04523600 0.01049700 0.08900900
v -0.06518200 0.01451500 0.08838700
v -0.06518200 0.01451500 0.08838700
v -0.06418200 0.01449400 0.08938700
v -0.06418200 0.01449400 0.08938700
v -0.06488900 0.01450000 0.08909400
v -0.06488900 0.01450000 0.08909400
v 0.00284100 0.01451500 0.08838800
v 0.00284100 0.01451500 0.08838800
v 0.00384100 0.01449400 0.08938700
v 0.00384100 0.01449400 0.08938700
v 0.00313400 0.01450000 0.08909500
v 0.00313400 0.01450000 0.08909500
v 0.01863100 0.01449400 0.08938700
v 0.01863100 0.01449400 0.08938700
v 0.01963000 0.01451500 0.08838800
v 0.01963000 0.01451500 0.08838800
v 0.01933800 0.01450000 0.08909400
v 0.01933800 0.01450000 0.08909400
v 0.04110300 0.01449400 0.08938700
v 0.04110300 0.01449400 0.08938700
v 0.04210300 0.01451500 0.08838700
v 0.04210300 0.01451500 0.08838700
v 0.04181000 0.01450000 0.08909400
v 0.04181000 0.01450000 0.08909400
v 0.04778700 0.01451500 0.08838700
v 0.04778700 0.01451500 0.08838700
v 0.04878700 0.01449400 0.08938700
v 0.04878700 0.01449400 0.08938700
v 0.04808000 0.01450000 0.08909400
v 0.04808000 0.01450000 0.08909400
v 0.06433400 0.01449400 0.08938700
v 0.06433400 0.01449400 0.08938700
v 0.06533400 0.01451500 0.08838700
v 0.06533400 0.01451500 0.08838700
v 0.06504100 0.01450000 0.08909400
v 0.06504100 0.01450000 0.08909400
v 0.02247000 0.01451500 0.08838700
v 0.02247000 0.01451500 0.08838700
v 0.02347000 0.01449400 0.08938700
v 0.02347000 0.01449400 0.08938700
v 0.02276300 0.01450000 0.08909400
v 0.02276300 0.01450000 0.08909400
v -0.04210300 0.01451500 0.08838700
v -0.04210300 0.01451500 0.08838700
v -0.04110300 0.01449400 0.08938700
v -0.04110300 0.01449400 0.08938700
v -0.04181000 0.01450000 0.08909400
v -0.04181000 0.01450000 0.08909400
v -0.02631200 0.01449400 0.08938700
v -0.02631200 0.01449400 0.08938700
v -0.02531200 0.01451500 0.08838700
v -0.02531200 0.01451500 0.08838700
v -0.02560500 0.01450000 0.08909400
v -0.02560500 0.01450000 0.08909400
v -0.01963100 0.01451500 0.08838800
v -0.01963100 0.01451500 0.08838800
v -0.01863100 0.01449400 0.08938700
v -0.01863100 0.01449400 0.08938700
v -0.01933800 0.01450000 0.08909400
v -0.01933800 0.01450000 0.08909400
v -0.00384000 0.01449400 0.08938700
v -0.00384000 0.01449400 0.08938700
v -0.00384000 0.01449400 0.08938700
v -0.00284000 0.01451500 0.08838800
v -0.00284000 0.01451500 0.08838800
v -0.00313300 0.01450000 0.08909500
v -0.00313300 0.01450000 0.08909500
v -0.04594300 0.01449400 0.08938700
v -0.04594300 0.01449400 0.08938700
v -0.04494300 0.01451500 0.08838700
v -0.04494300 0.01451500 0.08838700
v -0.04523600 0.01450000 0.08909400
v -0.04523600 0.01450000 0.08909400
v 0.05933600 0.01451500 0.08838700
v 0.05812400 0.01451500 0.08838700
v 0.06433400 0.01451500 0.08838700
v 0.06433100 0.01486200 0.07207000
v 0.06433000 0.01498400 0.06633600
v 0.04878400 0.01498400 0.06633700
v 0.05811100 0.01638900 0.00030600
v 0.05810800 0.01672500 -0.01549100
v 0.05932900 0.01545300 0.04430400
v 0.05932600 0.01579800 0.02810300
v 0.04878700 0.01451500 0.08838700
v 0.06432700 0.01532900 0.05011400
v 0.05811800 0.01532900 0.05011400
v 0.05932200 0.01638900 0.00030600
v 0.05932000 0.01672500 -0.01549200
v 0.05811700 0.01545300 0.04430000
v 0.05811500 0.01579800 0.02810300
v 0.05811400 0.01592100 0.02231700
v 0.05811100 0.01626600 0.00609200
v 0.05932500 0.01592100 0.02231700
v 0.05932300 0.01626600 0.00609200
v 0.05933000 0.01532900 0.05011400
v 0.04878500 0.01486200 0.07207000
v 0.04877900 0.01579800 0.02810400
v 0.04878100 0.01545400 0.04427300
v 0.06432300 0.01579800 0.02810200
v 0.06432600 0.01545200 0.04432400
v 0.06432200 0.01592100 0.02231600
v 0.06431900 0.01626600 0.00609100
v 0.04878200 0.01532900 0.05011500
v 0.06431600 0.01672500 -0.01549300
v 0.06431800 0.01638900 0.00030400
v 0.04877900 0.01672500 -0.01548900
v 0.04877600 0.01638900 0.00030800
v 0.04877900 0.01592100 0.02231900
v 0.04877600 0.01626600 0.00609400
v -0.00384000 0.01486100 0.07212800
v -0.00384000 0.01451500 0.08838800
v -0.01863000 0.01486100 0.07212700
v -0.01863100 0.01451500 0.08838800
v -0.02631200 0.01451500 0.08838700
v -0.04110300 0.01451500 0.08838700
v -0.02631100 0.01486100 0.07212700
v -0.04110100 0.01486100 0.07212600
v -0.04594300 0.01451500 0.08838700
v -0.04594100 0.01486100 0.07212300
v 0.01863000 0.01486100 0.07212700
v 0.01863000 0.01451500 0.08838800
v 0.00384100 0.01486100 0.07212800
v 0.00384100 0.01451500 0.08838800
v -0.06417200 0.01592100 0.02231500
v -0.06415600 0.01451500 0.08837500
v -0.06417800 0.01486300 0.07205100
v -0.06421400 0.01532900 0.05011400
v -0.06421600 0.01535000 0.04914500
v -0.06421600 0.01535000 0.04914500
v -0.06418100 0.01498400 0.06633900
v -0.04890600 0.01545200 0.04433000
v -0.04890400 0.01579800 0.02810500
v -0.04890700 0.01532900 0.05011600
v -0.04890800 0.01498400 0.06634000
v -0.06417500 0.01545200 0.04432800
v -0.06417300 0.01579800 0.02810300
v -0.04890400 0.01592100 0.02228300
v -0.02630700 0.01638900 0.00031200
v -0.04109400 0.01638900 0.00031000
v -0.02630600 0.01672500 -0.01548400
v -0.04109300 0.01672500 -0.01548600
v -0.00384000 0.01532900 0.05011900
v -0.01862900 0.01532900 0.05011800
v -0.00384000 0.01498400 0.06634200
v -0.01863000 0.01498400 0.06634100
v -0.06416800 0.01638900 0.00030600
v -0.06416600 0.01672500 -0.01549100
v -0.04890200 0.01626600 0.00609500
v -0.02630800 0.01626600 0.00609800
v -0.04109500 0.01626600 0.00609600
v -0.02630900 0.01592100 0.02232200
v -0.04109700 0.01592100 0.02232000
v -0.02630900 0.01579700 0.02810700
v -0.04109700 0.01579700 0.02810600
v -0.02631000 0.01545200 0.04433100
v -0.04109900 0.01545200 0.04433000
v -0.06416900 0.01626600 0.00609200
v -0.04890100 0.01638900 0.00030900
v -0.04889900 0.01672500 -0.01548800
v -0.02631000 0.01532900 0.05011800
v -0.04109900 0.01532900 0.05011600
v -0.02631100 0.01498400 0.06634100
v -0.04110100 0.01498400 0.06634000
v 0.03092700 0.01545200 0.04433100
v 0.03092700 0.01579700 0.02810600
v 0.03092700 0.01638900 0.00031100
v 0.03092700 0.01672500 -0.01548500
v 0.03092700 0.01592100 0.02232100
v 0.03092700 0.01626600 0.00609700
v 0.01862600 0.01626600 0.00609900
v 0.00384100 0.01626600 0.00610100
v 0.01862700 0.01592100 0.02232300
v 0.00384100 0.01592000 0.02232500
v 0.01862700 0.01579700 0.02810800
v 0.00384100 0.01579700 0.02811000
v 0.01862800 0.01545200 0.04433200
v 0.00384100 0.01545200 0.04433300
v 0.04109300 0.01638900 0.00030900
v 0.04109200 0.01672500 -0.01548800
v 0.02631000 0.01592100 0.02232200
v 0.02630900 0.01626600 0.00609700
v -0.00384000 0.01638900 0.00031600
v -0.01862700 0.01638900 0.00031300
v -0.00384000 0.01672500 -0.01547900
v -0.01862600 0.01672500 -0.01548200
v 0.01862900 0.01532900 0.05011800
v 0.00384100 0.01532900 0.05011900
v 0.01862900 0.01498400 0.06634100
v 0.00384100 0.01498400 0.06634200
v 0.04109600 0.01592100 0.02232000
v 0.04109400 0.01626600 0.00609500
v 0.04109700 0.01579800 0.02810500
v 0.04109800 0.01545200 0.04433000
v 0.02631000 0.01579700 0.02810700
v 0.02631100 0.01545200 0.04433100
v -0.00384000 0.01545200 0.04433300
v -0.01862900 0.01545200 0.04433200
v -0.00384000 0.01579700 0.02811000
v -0.01862800 0.01579700 0.02810800
v 0.01862500 0.01672500 -0.01548300
v 0.00384100 0.01672500 -0.01548000
v 0.01862600 0.01638900 0.00031300
v 0.00384100 0.01638900 0.00031600
v -0.00384000 0.01592000 0.02232500
v -0.01862800 0.01592000 0.02232300
v -0.00384000 0.01626600 0.00610100
v -0.01862700 0.01626600 0.00609900
v 0.02630800 0.01638900 0.00031200
v 0.02630700 0.01672500 -0.01548400
v 0.07650000 0.00990700 -0.02945100
v 0.07650000 0.00990700 -0.02945100
v -0.07701300 0.00738700 0.08852700
v -0.07701300 0.00738700 0.08852700
v -0.07701300 0.00401200 0.08852700
v -0.07701300 0.00401200 0.08852700
v 0.07650000 0.00653200 -0.02945100
v 0.07650000 0.00653200 -0.02945100
v 0.05958300 0.00715200 0.09950000
v 0.05958300 0.00715200 0.09950000
v 0.07701300 0.00402000 0.08816100
v 0.07701300 0.00402000 0.08816100
v 0.07701300 0.00739500 0.08816100
v 0.07701300 0.00739500 0.08816100
v 0.05958300 0.00377800 0.09950000
v 0.05958300 0.00377800 0.09950000
v 0.07650000 0.00388400 0.09450000
v 0.07650000 0.00388400 0.09450000
v 0.07650000 0.00388400 0.09450000
v 0.07650000 0.00388400 0.09450000
v 0.07701300 0.00626100 -0.01678000
v 0.07701300 0.00626100 -0.01678000
v 0.07701300 0.00963600 -0.01678000
v 0.07701300 0.00963600 -0.01678000
v 0.07650000 0.00725900 0.09450000
v 0.07650000 0.00725900 0.09450000
v 0.07650000 0.00725900 0.09450000
v 0.07650000 0.00725900 0.09450000
v 0.07611900 0.00721800 0.09641300
v 0.07611900 0.00721800 0.09641300
v -0.07701300 0.00963600 -0.01678000
v -0.07701300 0.00963600 -0.01678000
v -0.07701300 0.00626100 -0.01678000
v -0.07701300 0.00626100 -0.01678000
v 0.07611900 0.00384300 0.09641300
v 0.07611900 0.00384300 0.09641300
v 0.07503600 0.00718400 0.09803600
v 0.07503600 0.00718400 0.09803600
v 0.07701300 0.00395100 0.09139800
v 0.07701300 0.00395100 0.09139800
v 0.07701300 0.00732500 0.09139800
v 0.07701300 0.00732500 0.09139800
v 0.07503600 0.00380900 0.09803600
v 0.07503600 0.00380900 0.09803600
v 0.07341300 0.00716000 0.09911900
v 0.07341300 0.00716000 0.09911900
v -0.07701300 0.00732500 0.09139800
v -0.07701300 0.00732500 0.09139800
v -0.07701300 0.00395100 0.09139800
v -0.07701300 0.00395100 0.09139800
v 0.07341300 0.00378600 0.09911900
v 0.07341300 0.00378600 0.09911900
v 0.07150000 0.00715200 0.09950000
v 0.07150000 0.00715200 0.09950000
v 0.07701300 0.00436100 0.07220100
v 0.07701300 0.00436100 0.07220100
v 0.07701300 0.00773500 0.07220100
v 0.07701300 0.00773500 0.07220100
v 0.07150000 0.00377800 0.09950000
v 0.07150000 0.00377800 0.09950000
v 0.07650000 0.02501900 -0.09351200
v 0.07650000 0.02501900 -0.09351200
v -0.07701300 0.00773500 0.07220100
v -0.07701300 0.00773500 0.07220100
v -0.07701300 0.00436100 0.07220100
v -0.07701300 0.00436100 0.07220100
v 0.07650000 0.02163400 -0.09346500
v 0.07650000 0.02163400 -0.09346500
v 0.07611900 0.02225000 -0.09607700
v 0.07611900 0.02225000 -0.09607700
v 0.07611900 0.02225000 -0.09607700
v 0.07611900 0.02225000 -0.09607700
v -0.07701300 0.00820800 0.05009700
v -0.07701300 0.00820800 0.05009700
v -0.07701300 0.00483300 0.05009700
v -0.07701300 0.00483300 0.05009700
v 0.07611900 0.02563100 -0.09610600
v 0.07611900 0.02563100 -0.09610600
v 0.07611900 0.02563100 -0.09610600
v 0.07611900 0.02563100 -0.09610600
v 0.07503600 0.02267400 -0.09787600
v 0.07503600 0.02267400 -0.09787600
v 0.07701300 0.00483300 0.05009700
v 0.07701300 0.00483300 0.05009700
v 0.07701300 0.00820800 0.05009700
v 0.07701300 0.00820800 0.05009700
v 0.07503600 0.02605200 -0.09789000
v 0.07503600 0.02605200 -0.09789000
v 0.07341300 0.02295800 -0.09907800
v 0.07341300 0.02295800 -0.09907800
v 0.07701300 0.00448500 0.06638800
v 0.07701300 0.00448500 0.06638800
v 0.07701300 0.00786000 0.06638800
v 0.07701300 0.00786000 0.06638800
v 0.07341300 0.02633300 -0.09908100
v 0.07341300 0.02633300 -0.09908100
v 0.07150000 0.02305700 -0.09950000
v 0.07150000 0.02305700 -0.09950000
v -0.07701300 0.00786000 0.06638800
v -0.07701300 0.00786000 0.06638800
v -0.07701300 0.00448500 0.06638800
v -0.07701300 0.00448500 0.06638800
v 0.07150000 0.02643200 -0.09950000
v 0.07150000 0.02643200 -0.09950000
v 0.05958300 0.02305700 -0.09950000
v 0.05958300 0.02305700 -0.09950000
v 0.07701300 0.00495700 0.04428700
v 0.07701300 0.00495700 0.04428700
v 0.07701300 0.00833200 0.04428700
v 0.07701300 0.00833200 0.04428700
v 0.05958300 0.02643200 -0.09950000
v 0.05958300 0.02643200 -0.09950000
v 0.07650000 0.00977800 -0.02342800
v 0.07650000 0.00977800 -0.02342800
v -0.07701300 0.00833200 0.04428700
v -0.07701300 0.00833200 0.04428700
v -0.07701300 0.00495700 0.04428700
v -0.07701300 0.00495700 0.04428700
v 0.07650000 0.00640300 -0.02342800
v 0.07650000 0.00640300 -0.02342800
v 0.07650000 0.01882100 -0.08154400
v 0.07650000 0.01882100 -0.08154400
v -0.07701300 0.00880400 0.02218600
v -0.07701300 0.00880400 0.02218600
v -0.07701300 0.00542900 0.02218600
v -0.07701300 0.00542900 0.02218600
v 0.07650000 0.02220500 -0.08158200
v 0.07650000 0.02220500 -0.08158200
v 0.07650000 0.01001000 -0.04419500
v 0.07650000 0.01001000 -0.04419500
v 0.07701300 0.00542900 0.02218600
v 0.07701300 0.00542900 0.02218600
v 0.07701300 0.00880400 0.02218600
v 0.07701300 0.00880400 0.02218600
v 0.07650000 0.01338700 -0.04420500
v 0.07650000 0.01338700 -0.04420500
v 0.07650000 0.01696700 -0.07368200
v 0.07650000 0.01696700 -0.07368200
v -0.07701300 0.00915200 0.00589700
v -0.07701300 0.00915200 0.00589700
v -0.07701300 0.00577700 0.00589700
v -0.07701300 0.00577700 0.00589700
v 0.07650000 0.02034900 -0.07371400
v 0.07650000 0.02034900 -0.07371400
v 0.07650000 0.01946700 -0.08427900
v 0.07650000 0.01946700 -0.08427900
v 0.07701300 0.00577700 0.00589700
v 0.07701300 0.00577700 0.00589700
v 0.07701300 0.00915200 0.00589700
v 0.07701300 0.00915200 0.00589700
v 0.07650000 0.02285100 -0.08431900
v 0.07650000 0.02285100 -0.08431900
v 0.07650000 0.02098800 -0.09072900
v 0.07650000 0.02098800 -0.09072900
v 0.07701300 0.00631100 -0.01911100
v 0.07701300 0.00631100 -0.01911100
v 0.07701300 0.00968600 -0.01911100
v 0.07701300 0.00968600 -0.01911100
v 0.07650000 0.02437400 -0.09077400
v 0.07650000 0.02437400 -0.09077400
v 0.07650000 0.00975200 -0.02221000
v 0.07650000 0.00975200 -0.02221000
v -0.07701300 0.00968600 -0.01911100
v -0.07701300 0.00968600 -0.01911100
v -0.07701300 0.00631100 -0.01911100
v -0.07701300 0.00631100 -0.01911100
v 0.07650000 0.00637700 -0.02221000
v 0.07650000 0.00637700 -0.02221000
v -0.07650000 0.00990700 -0.02945100
v -0.07650000 0.00990700 -0.02945100
v -0.07701300 0.00927600 0.00008700
v -0.07701300 0.00927600 0.00008700
v -0.07701300 0.00590100 0.00008700
v -0.07701300 0.00590100 0.00008700
v -0.07650000 0.00653200 -0.02945100
v -0.07650000 0.00653200 -0.02945100
v -0.06766300 0.00715200 0.09950000
v -0.06766300 0.00715200 0.09950000
v 0.07701300 0.00590100 0.00008700
v 0.07701300 0.00590100 0.00008700
v 0.07701300 0.00927600 0.00008700
v 0.07701300 0.00927600 0.00008700
v -0.06766300 0.00377800 0.09950000
v -0.06766300 0.00377800 0.09950000
v -0.07650000 0.00388400 0.09450000
v -0.07650000 0.00388400 0.09450000
v -0.07650000 0.00388400 0.09450000
v -0.07650000 0.00388400 0.09450000
v 0.07701300 0.00530500 0.02799800
v 0.07701300 0.00530500 0.02799800
v 0.07701300 0.00868000 0.02799800
v 0.07701300 0.00868000 0.02799800
v -0.07650000 0.00725900 0.09450000
v -0.07650000 0.00725900 0.09450000
v -0.07650000 0.00725900 0.09450000
v -0.07650000 0.00725900 0.09450000
v -0.07611900 0.00721800 0.09641300
v -0.07611900 0.00721800 0.09641300
v -0.07701300 0.00868000 0.02799800
v -0.07701300 0.00868000 0.02799800
v -0.07701300 0.00530500 0.02799800
v -0.07701300 0.00530500 0.02799800
v -0.07611900 0.00384300 0.09641300
v -0.07611900 0.00384300 0.09641300
v -0.07503600 0.00718400 0.09803600
v -0.07503600 0.00718400 0.09803600
v 0.06769200 0.00377800 0.10001300
v 0.06769200 0.00377800 0.10001300
v 0.06769200 0.00715200 0.10001300
v 0.06769200 0.00715200 0.10001300
v -0.07503600 0.00380900 0.09803600
v -0.07503600 0.00380900 0.09803600
v -0.07341300 0.00716000 0.09911900
v -0.07341300 0.00716000 0.09911900
v 0.06769200 0.02643200 -0.10001300
v 0.06769200 0.02643200 -0.10001300
v 0.06769200 0.02305700 -0.10001300
v 0.06769200 0.02305700 -0.10001300
v -0.07341300 0.00378600 0.09911900
v -0.07341300 0.00378600 0.09911900
v -0.07150000 0.00715200 0.09950000
v -0.07150000 0.00715200 0.09950000
v 0.04878700 0.02305700 -0.10001300
v 0.04878700 0.02305700 -0.10001300
v 0.04878700 0.02643200 -0.10001300
v 0.04878700 0.02643200 -0.10001300
v -0.07150000 0.00377800 0.09950000
v -0.07150000 0.00377800 0.09950000
v -0.07650000 0.02501900 -0.09351200
v -0.07650000 0.02501900 -0.09351200
v 0.04878700 0.00377800 0.10001300
v 0.04878700 0.00377800 0.10001300
v 0.04878700 0.00715200 0.10001300
v 0.04878700 0.00715200 0.10001300
v -0.07650000 0.02163400 -0.09346500
v -0.07650000 0.02163400 -0.09346500
v -0.07611900 0.02225000 -0.09607700
v -0.07611900 0.02225000 -0.09607700
v -0.07611900 0.02225000 -0.09607700
v -0.07611900 0.02225000 -0.09607700
v 0.04109200 0.02305700 -0.10001300
v 0.04109200 0.02305700 -0.10001300
v 0.04109200 0.02643200 -0.10001300
v 0.04109200 0.02643200 -0.10001300
v -0.07611900 0.02563100 -0.09610600
v -0.07611900 0.02563100 -0.09610600
v -0.07611900 0.02563100 -0.09610600
v -0.07611900 0.02563100 -0.09610600
v -0.07503600 0.02267400 -0.09787600
v -0.07503600 0.02267400 -0.09787600
v 0.04109200 0.00377800 0.10001300
v 0.04109200 0.00377800 0.10001300
v 0.04109200 0.00715200 0.10001300
v 0.04109200 0.00715200 0.10001300
v -0.07503600 0.02605200 -0.09789000
v -0.07503600 0.02605200 -0.09789000
v -0.07341300 0.02295800 -0.09907800
v -0.07341300 0.02295800 -0.09907800
v 0.02630700 0.02305700 -0.10001300
v 0.02630700 0.02305700 -0.10001300
v 0.02630700 0.02643200 -0.10001300
v 0.02630700 0.02643200 -0.10001300
v -0.07341300 0.02633300 -0.09908100
v -0.07341300 0.02633300 -0.09908100
v -0.07150000 0.02305700 -0.09950000
v -0.07150000 0.02305700 -0.09950000
v 0.02630700 0.00377800 0.10001300
v 0.02630700 0.00377800 0.10001300
v 0.02630700 0.00715200 0.10001300
v 0.02630700 0.00715200 0.10001300
v -0.07150000 0.02643200 -0.09950000
v -0.07150000 0.02643200 -0.09950000
v -0.06766300 0.02305700 -0.09950000
v -0.06766300 0.02305700 -0.09950000
v 0.01862500 0.02305700 -0.10001300
v 0.01862500 0.02305700 -0.10001300
v 0.01862500 0.02643200 -0.10001300
v 0.01862500 0.02643200 -0.10001300
v -0.06766300 0.02643200 -0.09950000
v -0.06766300 0.02643200 -0.09950000
v -0.07650000 0.00977800 -0.02342800
v -0.07650000 0.00977800 -0.02342800
v 0.01862500 0.00377800 0.10001300
v 0.01862500 0.00377800 0.10001300
v 0.01862500 0.00715200 0.10001300
v 0.01862500 0.00715200 0.10001300
v -0.07650000 0.00640300 -0.02342800
v -0.07650000 0.00640300 -0.02342800
v -0.07650000 0.01882100 -0.08154400
v -0.07650000 0.01882100 -0.08154400
v 0.00384100 0.00377800 0.10001300
v 0.00384100 0.00377800 0.10001300
v 0.00384100 0.00715200 0.10001300
v 0.00384100 0.00715200 0.10001300
v -0.07650000 0.02220500 -0.08158200
v -0.07650000 0.02220500 -0.08158200
v -0.07650000 0.01001000 -0.04419500
v -0.07650000 0.01001000 -0.04419500
v 0.00384100 0.02305700 -0.10001300
v 0.00384100 0.02305700 -0.10001300
v 0.00384100 0.02643200 -0.10001300
v 0.00384100 0.02643200 -0.10001300
v -0.07650000 0.01338700 -0.04420500
v -0.07650000 0.01338700 -0.04420500
v -0.07650000 0.01696700 -0.07368200
v -0.07650000 0.01696700 -0.07368200
v -0.00384000 0.02643200 -0.10001300
v -0.00384000 0.02643200 -0.10001300
v -0.00384000 0.02305700 -0.10001300
v -0.00384000 0.02305700 -0.10001300
v -0.07650000 0.02034900 -0.07371400
v -0.07650000 0.02034900 -0.07371400
v -0.07650000 0.01946700 -0.08427900
v -0.07650000 0.01946700 -0.08427900
v -0.00384000 0.00377800 0.10001300
v -0.00384000 0.00377800 0.10001300
v -0.00384000 0.00715200 0.10001300
v -0.00384000 0.00715200 0.10001300
v -0.07650000 0.02285100 -0.08431900
v -0.07650000 0.02285100 -0.08431900
v -0.07650000 0.02098800 -0.09072900
v -0.07650000 0.02098800 -0.09072900
v -0.01862600 0.00377800 0.10001300
v -0.01862600 0.00377800 0.10001300
v -0.01862600 0.00715200 0.10001300
v -0.01862600 0.00715200 0.10001300
v -0.07650000 0.02437400 -0.09077400
v -0.07650000 0.02437400 -0.09077400
v -0.07650000 0.00975200 -0.02221000
v -0.07650000 0.00975200 -0.02221000
v -0.01862600 0.02643200 -0.10001300
v -0.01862600 0.02643200 -0.10001300
v -0.01862600 0.02305700 -0.10001300
v -0.01862600 0.02305700 -0.10001300
v -0.07650000 0.00637700 -0.02221000
v -0.07650000 0.00637700 -0.02221000
v -0.04593700 0.00377800 0.09950000
v -0.04593700 0.00377800 0.09950000
v -0.02631200 0.02643200 -0.10001300
v -0.02631200 0.02643200 -0.10001300
v -0.02631200 0.02305700 -0.10001300
v -0.02631200 0.02305700 -0.10001300
v -0.04593700 0.00715200 0.09950000
v -0.04593700 0.00715200 0.09950000
v -0.04593700 0.02305700 -0.09950000
v -0.04593700 0.02305700 -0.09950000
v -0.02631200 0.00377800 0.10001300
v -0.02631200 0.00377800 0.10001300
v -0.02631200 0.00715200 0.10001300
v -0.02631200 0.00715200 0.10001300
v -0.04593700 0.02643200 -0.09950000
v -0.04593700 0.02643200 -0.09950000
v -0.07650000 0.00650600 -0.02823600
v -0.07650000 0.00650600 -0.02823600
v -0.04110300 0.00377800 0.10001300
v -0.04110300 0.00377800 0.10001300
v -0.04110300 0.00715200 0.10001300
v -0.04110300 0.00715200 0.10001300
v -0.07650000 0.00988100 -0.02823600
v -0.07650000 0.00988100 -0.02823600
v 0.07650000 0.00988100 -0.02823600
v 0.07650000 0.00988100 -0.02823600
v -0.04110300 0.02643200 -0.10001300
v -0.04110300 0.02643200 -0.10001300
v -0.04110300 0.02305700 -0.10001300
v -0.04110300 0.02305700 -0.10001300
v 0.07650000 0.00650600 -0.02823600
v 0.07650000 0.00650600 -0.02823600
v -0.07650000 0.00642900 -0.02464400
v -0.07650000 0.00642900 -0.02464400
v 0.03092700 0.00377800 0.10001300
v 0.03092700 0.00377800 0.10001300
v 0.03092700 0.00715200 0.10001300
v 0.03092700 0.00715200 0.10001300
v -0.07650000 0.00980400 -0.02464400
v -0.07650000 0.00980400 -0.02464400
v 0.07650000 0.00980400 -0.02464400
v 0.07650000 0.00980400 -0.02464400
v 0.03092700 0.02305700 -0.10001300
v 0.03092700 0.02305700 -0.10001300
v 0.03092700 0.02643200 -0.10001300
v 0.03092700 0.02643200 -0.10001300
v 0.07650000 0.00642900 -0.02464400
v 0.07650000 0.00642900 -0.02464400
v 0.05836700 0.00715200 0.09950000
v 0.05836700 0.00715200 0.09950000
v 0.05836700 0.02305700 -0.10001300
v 0.05836700 0.02305700 -0.10001300
v 0.05836700 0.02643200 -0.10001300
v 0.05836700 0.02643200 -0.10001300
v 0.05836700 0.00377800 0.09950000
v 0.05836700 0.00377800 0.09950000
v 0.05836700 0.02643200 -0.09950000
v 0.05836700 0.02643200 -0.09950000
v 0.05836700 0.00377800 0.10001300
v 0.05836700 0.00377800 0.10001300
v 0.05836700 0.00715200 0.10001300
v 0.05836700 0.00715200 0.10001300
v 0.05836700 0.02305700 -0.09950000
v 0.05836700 0.02305700 -0.09950000
v 0.03092700 0.02643200 -0.09950000
v 0.03092700 0.02643200 -0.09950000
v 0.07701300 0.00642900 -0.02464400
v 0.07701300 0.00642900 -0.02464400
v 0.07701300 0.00980400 -0.02464400
v 0.07701300 0.00980400 -0.02464400
v 0.03092700 0.02305700 -0.09950000
v 0.03092700 0.02305700 -0.09950000
v 0.03092700 0.00715200 0.09950000
v 0.03092700 0.00715200 0.09950000
v -0.07701300 0.00980400 -0.02464400
v -0.07701300 0.00980400 -0.02464400
v -0.07701300 0.00642900 -0.02464400
v -0.07701300 0.00642900 -0.02464400
v 0.03092700 0.00377800 0.09950000
v 0.03092700 0.00377800 0.09950000
v -0.04110300 0.02305700 -0.09950000
v -0.04110300 0.02305700 -0.09950000
v 0.07701300 0.00650600 -0.02823600
v 0.07701300 0.00650600 -0.02823600
v 0.07701300 0.00988100 -0.02823600
v 0.07701300 0.00988100 -0.02823600
v -0.04110300 0.02643200 -0.09950000
v -0.04110300 0.02643200 -0.09950000
v -0.04110300 0.00715200 0.09950000
v -0.04110300 0.00715200 0.09950000
v -0.07701300 0.00988100 -0.02823600
v -0.07701300 0.00988100 -0.02823600
v -0.07701300 0.00650600 -0.02823600
v -0.07701300 0.00650600 -0.02823600
v -0.04110300 0.00377800 0.09950000
v -0.04110300 0.00377800 0.09950000
v -0.02631200 0.00715200 0.09950000
v -0.02631200 0.00715200 0.09950000
v -0.04593700 0.02643200 -0.10001300
v -0.04593700 0.02643200 -0.10001300
v -0.04593700 0.02305700 -0.10001300
v -0.04593700 0.02305700 -0.10001300
v -0.02631200 0.00377800 0.09950000
v -0.02631200 0.00377800 0.09950000
v -0.02631200 0.02305700 -0.09950000
v -0.02631200 0.02305700 -0.09950000
v -0.04593700 0.00715200 0.10001300
v -0.04593700 0.00715200 0.10001300
v -0.04593700 0.00377800 0.10001300
v -0.04593700 0.00377800 0.10001300
v -0.02631200 0.02643200 -0.09950000
v -0.02631200 0.02643200 -0.09950000
v -0.01862600 0.02305700 -0.09950000
v -0.01862600 0.02305700 -0.09950000
v -0.07701300 0.00637700 -0.02221000
v -0.07701300 0.00637700 -0.02221000
v -0.07701300 0.00975200 -0.02221000
v -0.07701300 0.00975200 -0.02221000
v -0.01862600 0.02643200 -0.09950000
v -0.01862600 0.02643200 -0.09950000
v -0.01862600 0.00715200 0.09950000
v -0.01862600 0.00715200 0.09950000
v -0.07701300 0.02437400 -0.09077400
v -0.07701300 0.02437400 -0.09077400
v -0.07701300 0.02098800 -0.09072900
v -0.07701300 0.02098800 -0.09072900
v -0.01862600 0.00377800 0.09950000
v -0.01862600 0.00377800 0.09950000
v -0.00384000 0.00715200 0.09950000
v -0.00384000 0.00715200 0.09950000
v -0.07701300 0.02285100 -0.08431900
v -0.07701300 0.02285100 -0.08431900
v -0.07701300 0.01946700 -0.08427900
v -0.07701300 0.01946700 -0.08427900
v -0.00384000 0.00377800 0.09950000
v -0.00384000 0.00377800 0.09950000
v -0.00384000 0.02305700 -0.09950000
v -0.00384000 0.02305700 -0.09950000
v -0.07701300 0.02034900 -0.07371400
v -0.07701300 0.02034900 -0.07371400
v -0.07701300 0.01696700 -0.07368200
v -0.07701300 0.01696700 -0.07368200
v -0.00384000 0.02643200 -0.09950000
v -0.00384000 0.02643200 -0.09950000
v 0.00384100 0.02643200 -0.09950000
v 0.00384100 0.02643200 -0.09950000
v -0.07701300 0.01338700 -0.04420500
v -0.07701300 0.01338700 -0.04420500
v -0.07701300 0.01001000 -0.04419500
v -0.07701300 0.01001000 -0.04419500
v 0.00384100 0.02305700 -0.09950000
v 0.00384100 0.02305700 -0.09950000
v 0.00384100 0.00715200 0.09950000
v 0.00384100 0.00715200 0.09950000
v -0.07701300 0.02220500 -0.08158200
v -0.07701300 0.02220500 -0.08158200
v -0.07701300 0.01882100 -0.08154400
v -0.07701300 0.01882100 -0.08154400
v 0.00384100 0.00377800 0.09950000
v 0.00384100 0.00377800 0.09950000
v 0.01862500 0.00715200 0.09950000
v 0.01862500 0.00715200 0.09950000
v -0.07701300 0.00640300 -0.02342800
v -0.07701300 0.00640300 -0.02342800
v -0.07701300 0.00977800 -0.02342800
v -0.07701300 0.00977800 -0.02342800
v 0.01862500 0.00377800 0.09950000
v 0.01862500 0.00377800 0.09950000
v 0.01862500 0.02643200 -0.09950000
v 0.01862500 0.02643200 -0.09950000
v -0.06766300 0.02643200 -0.10001300
v -0.06766300 0.02643200 -0.10001300
v -0.06766300 0.02305700 -0.10001300
v -0.06766300 0.02305700 -0.10001300
v 0.01862500 0.02305700 -0.09950000
v 0.01862500 0.02305700 -0.09950000
v 0.02630700 0.00715200 0.09950000
v 0.02630700 0.00715200 0.09950000
v -0.07155400 0.02643200 -0.10001000
v -0.07155400 0.02643200 -0.10001000
v -0.07155600 0.02305700 -0.10001000
v -0.07155600 0.02305700 -0.10001000
v 0.02630700 0.00377800 0.09950000
v 0.02630700 0.00377800 0.09950000
v 0.02630700 0.02643200 -0.09950000
v 0.02630700 0.02643200 -0.09950000
v -0.07361900 0.02633300 -0.09955100
v -0.07361900 0.02633300 -0.09955100
v -0.07363100 0.02295700 -0.09954200
v -0.07363100 0.02295700 -0.09954200
v 0.02630700 0.02305700 -0.09950000
v 0.02630700 0.02305700 -0.09950000
v 0.04109200 0.00715200 0.09950000
v 0.04109200 0.00715200 0.09950000
v -0.07540600 0.02605100 -0.09824400
v -0.07540600 0.02605100 -0.09824400
v -0.07542100 0.02267300 -0.09821300
v -0.07542100 0.02267300 -0.09821300
v 0.04109200 0.00377800 0.09950000
v 0.04109200 0.00377800 0.09950000
v 0.04109200 0.02643200 -0.09950000
v 0.04109200 0.02643200 -0.09950000
v -0.07659400 0.02563000 -0.09630000
v -0.07659400 0.02563000 -0.09630000
v -0.07659400 0.02563000 -0.09630000
v -0.07659400 0.02563000 -0.09630000
v -0.07660400 0.02224800 -0.09624600
v -0.07660400 0.02224800 -0.09624600
v -0.07660400 0.02224800 -0.09624600
v -0.07660400 0.02224800 -0.09624600
v 0.04109200 0.02305700 -0.09950000
v 0.04109200 0.02305700 -0.09950000
v 0.04878700 0.00715200 0.09950000
v 0.04878700 0.00715200 0.09950000
v -0.07701200 0.02163300 -0.09349800
v -0.07701200 0.02163300 -0.09349800
v -0.07701000 0.02501900 -0.09355700
v -0.07701000 0.02501900 -0.09355700
v 0.04878700 0.00377800 0.09950000
v 0.04878700 0.00377800 0.09950000
v 0.04878700 0.02643200 -0.09950000
v 0.04878700 0.02643200 -0.09950000
v -0.07155000 0.00377800 0.10001000
v -0.07155000 0.00377800 0.10001000
v -0.07155000 0.00715200 0.10001000
v -0.07155000 0.00715200 0.10001000
v 0.04878700 0.02305700 -0.09950000
v 0.04878700 0.02305700 -0.09950000
v 0.06769200 0.02305700 -0.09950000
v 0.06769200 0.02305700 -0.09950000
v -0.07360900 0.00378600 0.09959300
v -0.07360900 0.00378600 0.09959300
v -0.07361000 0.00716000 0.09959300
v -0.07361000 0.00716000 0.09959300
v 0.06769200 0.02643200 -0.09950000
v 0.06769200 0.02643200 -0.09950000
v 0.06769200 0.00715200 0.09950000
v 0.06769200 0.00715200 0.09950000
v -0.07539700 0.00380900 0.09839900
v -0.07539700 0.00380900 0.09839900
v -0.07539900 0.00718400 0.09839700
v -0.07539900 0.00718400 0.09839700
v 0.06769200 0.00377800 0.09950000
v 0.06769200 0.00377800 0.09950000
v -0.07650000 0.00530500 0.02799800
v -0.07650000 0.00530500 0.02799800
v -0.07659300 0.00384300 0.09661100
v -0.07659300 0.00384300 0.09661100
v -0.07659400 0.00721800 0.09660900
v -0.07659400 0.00721800 0.09660900
v -0.07650000 0.00868000 0.02799800
v -0.07650000 0.00868000 0.02799800
v 0.07650000 0.00868000 0.02799800
v 0.07650000 0.00868000 0.02799800
v -0.07701000 0.00725900 0.09455000
v -0.07701000 0.00725900 0.09455000
v -0.07701000 0.00725900 0.09455000
v -0.07701000 0.00725900 0.09455000
v -0.07701000 0.00388400 0.09455100
v -0.07701000 0.00388400 0.09455100
v -0.07701000 0.00388400 0.09455100
v -0.07701000 0.00388400 0.09455100
v 0.07650000 0.00530500 0.02799800
v 0.07650000 0.00530500 0.02799800
v 0.07650000 0.00927600 0.00008700
v 0.07650000 0.00927600 0.00008700
v -0.06766300 0.00377800 0.10001300
v -0.06766300 0.00377800 0.10001300
v -0.06766300 0.00715200 0.10001300
v -0.06766300 0.00715200 0.10001300
v 0.07650000 0.00590100 0.00008700
v 0.07650000 0.00590100 0.00008700
v -0.07650000 0.00590100 0.00008700
v -0.07650000 0.00590100 0.00008700
v -0.07701300 0.00653200 -0.02945100
v -0.07701300 0.00653200 -0.02945100
v -0.07701300 0.00990700 -0.02945100
v -0.07701300 0.00990700 -0.02945100
v -0.07650000 0.00927600 0.00008700
v -0.07650000 0.00927600 0.00008700
v -0.07650000 0.00631100 -0.01911100
v -0.07650000 0.00631100 -0.01911100
v 0.07701300 0.00637700 -0.02221000
v 0.07701300 0.00637700 -0.02221000
v 0.07701300 0.00975200 -0.02221000
v 0.07701300 0.00975200 -0.02221000
v -0.07650000 0.00968600 -0.01911100
v -0.07650000 0.00968600 -0.01911100
v 0.07650000 0.00968600 -0.01911100
v 0.07650000 0.00968600 -0.01911100
v 0.07701300 0.02437400 -0.09077400
v 0.07701300 0.02437400 -0.09077400
v 0.07701300 0.02098800 -0.09072900
v 0.07701300 0.02098800 -0.09072900
v 0.07650000 0.00631100 -0.01911100
v 0.07650000 0.00631100 -0.01911100
v 0.07650000 0.00915200 0.00589700
v 0.07650000 0.00915200 0.00589700
v 0.07701300 0.02285100 -0.08431900
v 0.07701300 0.02285100 -0.08431900
v 0.07701300 0.01946700 -0.08427900
v 0.07701300 0.01946700 -0.08427900
v 0.07650000 0.00577700 0.00589700
v 0.07650000 0.00577700 0.00589700
v -0.07650000 0.00577700 0.00589700
v -0.07650000 0.00577700 0.00589700
v 0.07701300 0.02034900 -0.07371400
v 0.07701300 0.02034900 -0.07371400
v 0.07701300 0.01696700 -0.07368200
v 0.07701300 0.01696700 -0.07368200
v -0.07650000 0.00915200 0.00589700
v -0.07650000 0.00915200 0.00589700
v 0.07650000 0.00880400 0.02218600
v 0.07650000 0.00880400 0.02218600
v 0.07701300 0.01338700 -0.04420500
v 0.07701300 0.01338700 -0.04420500
v 0.07701300 0.01001000 -0.04419500
v 0.07701300 0.01001000 -0.04419500
v 0.07650000 0.00542900 0.02218600
v 0.07650000 0.00542900 0.02218600
v -0.07650000 0.00542900 0.02218600
v -0.07650000 0.00542900 0.02218600
v 0.07701300 0.02220500 -0.08158200
v 0.07701300 0.02220500 -0.08158200
v 0.07701300 0.01882100 -0.08154400
v 0.07701300 0.01882100 -0.08154400
v -0.07650000 0.00880400 0.02218600
v -0.07650000 0.00880400 0.02218600
v -0.07650000 0.00495700 0.04428700
v -0.07650000 0.00495700 0.04428700
v 0.07701300 0.00640300 -0.02342800
v 0.07701300 0.00640300 -0.02342800
v 0.07701300 0.00977800 -0.02342800
v 0.07701300 0.00977800 -0.02342800
v -0.07650000 0.00833200 0.04428700
v -0.07650000 0.00833200 0.04428700
v 0.07650000 0.00833200 0.04428700
v 0.07650000 0.00833200 0.04428700
v 0.05958300 0.02643200 -0.10001300
v 0.05958300 0.02643200 -0.10001300
v 0.05958300 0.02305700 -0.10001300
v 0.05958300 0.02305700 -0.10001300
v 0.07650000 0.00495700 0.04428700
v 0.07650000 0.00495700 0.04428700
v -0.07650000 0.00448500 0.06638800
v -0.07650000 0.00448500 0.06638800
v 0.07155400 0.02643200 -0.10001000
v 0.07155400 0.02643200 -0.10001000
v 0.07155600 0.02305700 -0.10001000
v 0.07155600 0.02305700 -0.10001000
v -0.07650000 0.00786000 0.06638800
v -0.07650000 0.00786000 0.06638800
v 0.07650000 0.00786000 0.06638800
v 0.07650000 0.00786000 0.06638800
v 0.07361900 0.02633300 -0.09955100
v 0.07361900 0.02633300 -0.09955100
v 0.07363100 0.02295700 -0.09954200
v 0.07363100 0.02295700 -0.09954200
v 0.07650000 0.00448500 0.06638800
v 0.07650000 0.00448500 0.06638800
v 0.07650000 0.00820800 0.05009700
v 0.07650000 0.00820800 0.05009700
v 0.07540600 0.02605100 -0.09824400
v 0.07540600 0.02605100 -0.09824400
v 0.07542100 0.02267300 -0.09821300
v 0.07542100 0.02267300 -0.09821300
v 0.07650000 0.00483300 0.05009700
v 0.07650000 0.00483300 0.05009700
v -0.07650000 0.00483300 0.05009700
v -0.07650000 0.00483300 0.05009700
v 0.07659400 0.02563000 -0.09630000
v 0.07659400 0.02563000 -0.09630000
v 0.07659400 0.02563000 -0.09630000
v 0.07659400 0.02563000 -0.09630000
v 0.07660400 0.02224800 -0.09624600
v 0.07660400 0.02224800 -0.09624600
v 0.07660400 0.02224800 -0.09624600
v 0.07660400 0.02224800 -0.09624600
v -0.07650000 0.00820800 0.05009700
v -0.07650000 0.00820800 0.05009700
v -0.07650000 0.00436100 0.07220100
v -0.07650000 0.00436100 0.07220100
v 0.07701200 0.02163300 -0.09349800
v 0.07701200 0.02163300 -0.09349800
v 0.07701000 0.02501900 -0.09355700
v 0.07701000 0.02501900 -0.09355700
v -0.07650000 0.00773500 0.07220100
v -0.07650000 0.00773500 0.07220100
v 0.07650000 0.00773500 0.07220100
v 0.07650000 0.00773500 0.07220100
v 0.07155000 0.00377800 0.10001000
v 0.07155000 0.00377800 0.10001000
v 0.07155000 0.00715200 0.10001000
v 0.07155000 0.00715200 0.10001000
v 0.07650000 0.00436100 0.07220100
v 0.07650000 0.00436100 0.07220100
v -0.07650000 0.00395100 0.09139800
v -0.07650000 0.00395100 0.09139800
v 0.07360900 0.00378600 0.09959300
v 0.07360900 0.00378600 0.09959300
v 0.07361000 0.00716000 0.09959300
v 0.07361000 0.00716000 0.09959300
v -0.07650000 0.00732500 0.09139800
v -0.07650000 0.00732500 0.09139800
v 0.07650000 0.00732500 0.09139800
v 0.07650000 0.00732500 0.09139800
v 0.07539700 0.00380900 0.09839900
v 0.07539700 0.00380900 0.09839900
v 0.07539900 0.00718400 0.09839700
v 0.07539900 0.00718400 0.09839700
v 0.07650000 0.00395100 0.09139800
v 0.07650000 0.00395100 0.09139800
v -0.07650000 0.00626100 -0.01678000
v -0.07650000 0.00626100 -0.01678000
v 0.07659300 0.00384300 0.09661100
v 0.07659300 0.00384300 0.09661100
v 0.07659400 0.00721800 0.09660900
v 0.07659400 0.00721800 0.09660900
v -0.07650000 0.00963600 -0.01678000
v -0.07650000 0.00963600 -0.01678000
v 0.07650000 0.00963600 -0.01678000
v 0.07650000 0.00963600 -0.01678000
v 0.07701000 0.00725900 0.09455000
v 0.07701000 0.00725900 0.09455000
v 0.07701000 0.00725900 0.09455000
v 0.07701000 0.00725900 0.09455000
v 0.07701000 0.00388400 0.09455100
v 0.07701000 0.00388400 0.09455100
v 0.07701000 0.00388400 0.09455100
v 0.07701000 0.00388400 0.09455100
v 0.07650000 0.00626100 -0.01678000
v 0.07650000 0.00626100 -0.01678000
v 0.07650000 0.00739500 0.08816100
v 0.07650000 0.00739500 0.08816100
v 0.05958300 0.00377800 0.10001300
v 0.05958300 0.00377800 0.10001300
v 0.05958300 0.00715200 0.10001300
v 0.05958300 0.00715200 0.10001300
v 0.07650000 0.00402000 0.08816100
v 0.07650000 0.00402000 0.08816100
v -0.07650000 0.00401200 0.08852700
v -0.07650000 0.00401200 0.08852700
v 0.07701300 0.00653200 -0.02945100
v 0.07701300 0.00653200 -0.02945100
v 0.07701300 0.00990700 -0.02945100
v 0.07701300 0.00990700 -0.02945100
v -0.07650000 0.00738700 0.08852700
v -0.07650000 0.00738700 0.08852700
v -0.06247200 0.01000100 -0.02855100
v -0.06247200 0.01000100 -0.02855100
v -0.06247300 0.01190300 -0.02392900
v -0.06247300 0.01190300 -0.02392900
v -0.06247300 0.00990400 -0.02397100
v -0.06247300 0.00990400 -0.02397100
v -0.06247300 0.01288800 -0.02319600
v -0.06247300 0.01288800 -0.02319600
v -0.06247300 0.01188800 -0.02321800
v -0.06247300 0.01188800 -0.02321800
v -0.06247200 0.01301600 -0.02919900
v -0.06247200 0.01301600 -0.02919900
v -0.06247200 0.01201600 -0.02922000
v -0.06247200 0.01201600 -0.02922000
v -0.06311600 0.02193200 -0.09950000
v -0.06311600 0.02193200 -0.09950000
v -0.06311600 0.00114800 -0.02945100
v -0.05994100 0.00114800 -0.06227800
v -0.06135000 0.00114800 0.09302700
v -0.06036300 0.01047300 0.08930200
v -0.06036300 0.01047300 0.08930200
v -0.06135000 0.00114800 0.08812300
v -0.06135000 0.00114800 0.08812300
v -0.06311600 0.00114800 -0.02342800
v -0.06311600 0.00114800 -0.02342800
v -0.06135000 0.00114800 -0.01684900
v -0.06053200 0.00114800 -0.05616500
v -0.06289900 0.02339300 -0.07315600
v -0.06289900 0.02339300 -0.07315600
v -0.06135000 0.00114800 0.08996400
v -0.06135000 0.00114800 0.08996400
v -0.06135000 0.00114800 0.07100900
v -0.06290300 0.01647500 -0.04385100
v -0.06290300 0.01647500 -0.04385100
v -0.06186400 0.00114800 -0.04239800
v -0.06135000 0.00114800 0.04918400
v -0.06135000 0.00114800 0.06527000
v -0.06092200 0.00114800 -0.05213300
v -0.06289900 0.02244500 -0.07195400
v -0.06289900 0.02244500 -0.07195400
v -0.06135000 0.00114800 0.04344800
v -0.06135000 0.00114800 0.02162600
v -0.06135000 0.00114800 0.00554200
v -0.06311600 0.00114800 -0.01915000
v -0.06135000 0.00114800 -0.00019400
v -0.06135000 0.00114800 0.02736400
v -0.06311600 0.00114800 -0.02464400
v -0.06311600 0.00114800 -0.02823600
v -0.06311600 -0.00000000 -0.02221000
v -0.06311600 -0.00000000 -0.02221000
v -0.06311600 0.00114800 -0.02221000
v -0.06311600 0.00114800 -0.02221000
v -0.06289800 0.02426400 -0.08119800
v -0.06289700 0.02706100 -0.09304600
v -0.06289700 0.02641900 -0.09032700
v -0.06289800 0.02490600 -0.08391700
v -0.06289800 0.02414900 -0.08071200
v -0.06289800 0.02414900 -0.08071200
v -0.06289700 0.02717600 -0.09353200
v -0.06289700 0.02717600 -0.09353200
v -0.06289800 0.02512300 -0.08048200
v -0.06289800 0.02512300 -0.08048200
v -0.05991700 0.00114800 -0.06621900
v -0.06311600 0.00827700 0.09950000
v -0.06311600 0.00827700 0.09950000
v -0.06311600 0.00265300 0.09950000
v -0.06311600 0.00265300 0.09950000
v -0.06311600 0.00114800 0.09802700
v -0.06289600 0.02846100 -0.09462500
v -0.06289700 0.02814900 -0.09330300
v -0.06289700 0.02814900 -0.09330300
v -0.06298600 0.00832000 0.09750000
v -0.06298600 0.00832000 0.09750000
v -0.06298600 0.01032000 0.09754300
v -0.06298600 0.01032000 0.09754300
v -0.06292000 0.01034100 0.09654300
v -0.06311600 -0.00000000 -0.02342800
v -0.06311600 -0.00000000 -0.02342800
v -0.06290300 0.01292900 -0.04898200
v -0.06290000 0.02010100 -0.06855500
v -0.06007700 0.00114800 -0.06087500
v -0.06289600 0.02881500 -0.09612100
v -0.06292000 0.01039000 0.09424700
v -0.06311600 0.02755700 -0.09950000
v -0.06311600 0.02755700 -0.09950000
v -0.06296900 0.02904400 -0.09709400
v -0.06296900 0.02904400 -0.09709400
v -0.06311600 0.00114800 0.09494000
v -0.05991700 0.00114800 -0.06394100
v -0.06296900 0.02709800 -0.09755300
v -0.06296900 0.02709800 -0.09755300
v -0.06292000 0.01036800 0.09528600
v -0.06036100 0.01486200 0.07206600
v -0.06034400 0.01451500 0.08837800
v -0.06036500 0.01449400 0.08938700
v -0.06036500 0.01449400 0.08938700
v -0.06036200 0.01488200 0.07112600
v -0.06036200 0.01488200 0.07112600
v -0.06036200 0.01088300 0.07104100
v -0.06036200 0.01088300 0.07104100
v -0.06115400 0.01045600 0.09115800
v -0.06290300 0.01320700 -0.04551200
v -0.06290300 0.01320700 -0.04551200
v -0.06247300 0.01286200 -0.02198300
v -0.06097700 0.01182000 0.02701800
v -0.06097700 0.01182000 0.02701800
v -0.06097300 0.01236800 0.00122100
v -0.06097300 0.01236800 0.00122100
v -0.06247300 0.01279600 -0.01889700
v -0.06097300 0.01228800 0.00500800
v -0.06097300 0.01228800 0.00500800
v -0.06097600 0.01190000 0.02323200
v -0.06097600 0.01190000 0.02323200
v -0.06097900 0.01143200 0.04524300
v -0.06097900 0.01143200 0.04524300
v -0.06098200 0.01096400 0.06725400
v -0.06098200 0.01096400 0.06725400
v -0.06098000 0.01135100 0.04903000
v -0.06098000 0.01135100 0.04903000
v -0.06290000 0.02074300 -0.06885200
v -0.06290000 0.02074300 -0.06885200
v -0.06097700 0.01581900 0.02710300
v -0.06097700 0.01581900 0.02710300
v -0.06097300 0.01636800 0.00130600
v -0.06097300 0.01636800 0.00130600
v -0.06097300 0.01628700 0.00509300
v -0.06097300 0.01628700 0.00509300
v -0.06097600 0.01589900 0.02331700
v -0.06097600 0.01589900 0.02331700
v -0.06097900 0.01543100 0.04532800
v -0.06097900 0.01543100 0.04532800
v -0.06098200 0.01496300 0.06733900
v -0.06098200 0.01496300 0.06733900
v -0.06290300 0.01322600 -0.04834000
v -0.06290300 0.01322600 -0.04834000
v -0.06097000 0.01674600 -0.01649000
v -0.06097000 0.01674600 -0.01649000
v -0.06290000 0.02027300 -0.06902400
v -0.06290000 0.02027300 -0.06902400
v -0.06290300 0.01275700 -0.04851200
v -0.06290300 0.01275700 -0.04851200
v -0.06097000 0.01278400 -0.01657500
v -0.06097000 0.01278400 -0.01657500
v -0.06039700 0.00114800 -0.05756700
v -0.06101000 0.01532900 0.05011500
v -0.06098400 0.01498400 0.06633900
v -0.06097600 0.01592100 0.02230800
v -0.06097900 0.01545200 0.04432800
v -0.06097700 0.01579800 0.02810300
v -0.06097300 0.01638900 0.00030600
v -0.06097000 0.01672500 -0.01549100
v -0.06097300 0.01626600 0.00609200
v -0.06311600 0.02643200 -0.10001300
v -0.06311600 0.02643200 -0.10001300
v -0.06311600 0.02305700 -0.10001300
v -0.06311600 0.02305700 -0.10001300
v -0.06311600 0.00715200 0.10001300
v -0.06311600 0.00715200 0.10001300
v -0.06311600 0.00377800 0.10001300
v -0.06311600 0.00377800 0.10001300
v -0.06311600 0.00377800 0.09950000
v -0.06311600 0.00377800 0.09950000
v -0.06311600 0.00715200 0.09950000
v -0.06311600 0.00715200 0.09950000
v -0.06311600 0.02305700 -0.09950000
v -0.06311600 0.02305700 -0.09950000
v -0.06311600 0.02643200 -0.09950000
v -0.06311600 0.02643200 -0.09950000
v -0.06101200 0.01535000 0.04913900
v -0.06101200 0.01535000 0.04913900
v 0.03466700 0.01200100 -0.02850800
v 0.03466700 0.01200100 -0.02850800
v 0.03466700 0.00990400 -0.02396700
v 0.03466700 0.00990400 -0.02396700
v 0.03466700 0.01301600 -0.02919900
v 0.03466700 0.01301600 -0.02919900
v 0.03466700 0.01034100 0.09654300
v 0.03466700 0.01032000 0.09754300
v 0.03466700 0.01032000 0.09754300
v 0.03466700 0.00832000 0.09750000
v 0.03466700 0.00832000 0.09750000
v 0.03466700 0.02814900 -0.09330300
v 0.03466700 0.02814900 -0.09330300
v 0.03466700 0.02846100 -0.09462500
v 0.03466700 0.00114800 0.09802700
v 0.03466700 0.00265300 0.09950000
v 0.03466700 0.00265300 0.09950000
v 0.03466700 0.00827700 0.09950000
v 0.03466700 0.00827700 0.09950000
v 0.03466700 0.00114800 -0.06621900
v 0.03466700 0.01201600 -0.02922000
v 0.03466700 0.01201600 -0.02922000
v 0.03466700 0.02512300 -0.08048200
v 0.03466700 0.02512300 -0.08048200
v 0.03466700 0.02717600 -0.09353200
v 0.03466700 0.02717600 -0.09353200
v 0.03466700 0.02414900 -0.08071200
v 0.03466700 0.02414900 -0.08071200
v 0.03466700 0.02706100 -0.09304600
v 0.03466700 0.02426400 -0.08119800
v 0.03466700 0.00114800 -0.02221000
v 0.03466700 0.00114800 -0.02221000
v 0.03466700 0.01286200 -0.02197800
v 0.03466700 -0.00000000 -0.02221000
v 0.03466700 -0.00000000 -0.02221000
v 0.03466700 0.01000100 -0.02855100
v 0.03466700 0.01000100 -0.02855100
v 0.03466700 0.01190300 -0.02392400
v 0.03466700 0.01190300 -0.02392400
v 0.03466700 0.01039000 0.09424700
v 0.03466700 0.02881500 -0.09612100
v 0.03466700 0.02755700 -0.09950000
v 0.03466700 0.02755700 -0.09950000
v 0.03466700 0.02904400 -0.09709400
v 0.03466700 0.02904400 -0.09709400
v 0.03466700 0.00114800 0.09494000
v 0.03466700 0.00114800 -0.06394100
v 0.03466700 0.02709800 -0.09755300
v 0.03466700 0.02709800 -0.09755300
v 0.03466700 0.01036800 0.09528600
v 0.03466700 0.01288800 -0.02319200
v 0.03466700 0.01288800 -0.02319200
v 0.03466700 0.02193200 -0.09950000
v 0.03466700 0.02193200 -0.09950000
v 0.03466700 0.00114800 -0.02945100
v 0.03466700 0.00114800 -0.06227800
v 0.03466700 0.00114800 0.09302700
v 0.03466700 0.00114800 -0.02342800
v 0.03466700 0.00114800 -0.02342800
v 0.03466700 0.01188800 -0.02321300
v 0.03466700 0.01188800 -0.02321300
v 0.03466700 0.00114800 -0.05616500
v 0.03466700 0.02339300 -0.07315600
v 0.03466700 0.02339300 -0.07315600
v 0.03466700 0.01647500 -0.04385100
v 0.03466700 0.01647500 -0.04385100
v 0.03466700 0.00114800 -0.04239800
v 0.03466700 0.00114800 -0.05213300
v 0.03466700 0.02244500 -0.07195400
v 0.03466700 0.02244500 -0.07195400
v 0.03466700 0.01320700 -0.04551200
v 0.03466700 0.01320700 -0.04551200
v 0.03466700 0.02074300 -0.06885200
v 0.03466700 0.02074300 -0.06885200
v 0.03466700 0.01322600 -0.04834000
v 0.03466700 0.01322600 -0.04834000
v 0.03466700 0.02027300 -0.06902400
v 0.03466700 0.02027300 -0.06902400
v 0.03466700 0.01275700 -0.04851200
v 0.03466700 0.01275700 -0.04851200
v 0.03466700 0.00114800 -0.05756700
v 0.03466700 0.00114800 -0.06087500
v 0.03466700 0.02010100 -0.06855500
v 0.03466700 0.01292900 -0.04898200
v 0.03466700 -0.00000000 -0.02342800
v 0.03466700 -0.00000000 -0.02342800
v 0.03466700 0.00114800 -0.02823600
v 0.03466700 0.00114800 -0.02464400
v 0.03466700 0.00114800 0.02736400
v 0.03466700 0.00114800 -0.00019400
v 0.03466700 0.00114800 -0.01915000
v 0.03466700 0.01279600 -0.01889300
v 0.03466700 0.00114800 0.00554200
v 0.03466700 0.00114800 0.02162600
v 0.03466700 0.00114800 0.04344800
v 0.03466700 0.00114800 0.06527000
v 0.03466700 0.00114800 0.04918400
v 0.03466700 0.00114800 0.07100900
v 0.03466700 0.01045500 0.09115800
v 0.03466700 0.00114800 0.08996400
v 0.03466700 0.00114800 0.08996400
v 0.03467000 0.01498400 0.06633800
v 0.03467000 0.01486200 0.07207100
v 0.03466700 0.00114800 -0.01684900
v 0.03466700 0.00114800 0.08812300
v 0.03466700 0.00114800 0.08812300
v 0.03467100 0.01451500 0.08838700
v 0.03466800 0.01182000 0.02702100
v 0.03466800 0.01182000 0.02702100
v 0.03466800 0.01581900 0.02710600
v 0.03466800 0.01581900 0.02710600
v 0.03466800 0.01190000 0.02323500
v 0.03466800 0.01190000 0.02323500
v 0.03466800 0.01228800 0.00501100
v 0.03466800 0.01228800 0.00501100
v 0.03466700 0.01236800 0.00122500
v 0.03466700 0.01236800 0.00122500
v 0.03466700 0.01636700 0.00131000
v 0.03466700 0.01636700 0.00131000
v 0.03466800 0.01628700 0.00509600
v 0.03466800 0.01628700 0.00509600
v 0.03466800 0.01589900 0.02332000
v 0.03466800 0.01589900 0.02332000
v 0.03466900 0.01143200 0.04524500
v 0.03466900 0.01143200 0.04524500
v 0.03466900 0.01543100 0.04533000
v 0.03466900 0.01543100 0.04533000
v 0.03466900 0.01135100 0.04903200
v 0.03466900 0.01135100 0.04903200
v 0.03466900 0.01535100 0.04911700
v 0.03466900 0.01535100 0.04911700
v 0.03466700 0.01674600 -0.01648600
v 0.03466700 0.01674600 -0.01648600
v 0.03466700 0.01278000 -0.01657100
v 0.03466700 0.01278000 -0.01657100
v 0.03467100 0.01046900 0.08930200
v 0.03467100 0.01046900 0.08930200
v 0.03467100 0.01449400 0.08938700
v 0.03467100 0.01449400 0.08938700
v 0.03466900 0.01532900 0.05011700
v 0.03466700 0.01638900 0.00031000
v 0.03466700 0.01672500 -0.01548600
v 0.03466800 0.01592100 0.02232000
v 0.03466800 0.01626600 0.00609600
v 0.03466900 0.01579700 0.02810600
v 0.03466900 0.01545200 0.04433000
v 0.03386200 0.02490600 -0.08391700
v 0.03386200 0.02490600 -0.08391700
v 0.03386200 0.02641900 -0.09032700
v 0.03386200 0.02641900 -0.09032700
v 0.03386200 0.02441900 -0.08403200
v 0.03386200 0.02441900 -0.08403200
v 0.03386200 0.02593300 -0.09044200
v 0.03386200 0.02593300 -0.09044200
v 0.03466700 0.00377800 0.10001300
v 0.03466700 0.00377800 0.10001300
v 0.03466700 0.00715200 0.10001300
v 0.03466700 0.00715200 0.10001300
v 0.03466700 0.02643200 -0.10001300
v 0.03466700 0.02643200 -0.10001300
v 0.03466700 0.02305700 -0.10001300
v 0.03466700 0.02305700 -0.10001300
v 0.03466700 0.02305700 -0.09950000
v 0.03466700 0.02305700 -0.09950000
v 0.03466700 0.02643200 -0.09950000
v 0.03466700 0.02643200 -0.09950000
v 0.03466700 0.00715200 0.09950000
v 0.03466700 0.00715200 0.09950000
v 0.03466700 0.00377800 0.09950000
v 0.03466700 0.00377800 0.09950000
v -0.06601000 0.00997400 -0.02727200
v -0.06601000 0.00997400 -0.02727200
v -0.06523000 0.00999000 -0.02805100
v -0.06523000 0.00999000 -0.02805100
v -0.06523000 0.00999000 -0.02805100
v -0.06578100 0.00998600 -0.02782300
v -0.06578100 0.00998600 -0.02782300
v -0.06523100 0.00991400 -0.02447200
v -0.06523100 0.00991400 -0.02447200
v -0.06601000 0.00993100 -0.02525100
v -0.06601000 0.00993100 -0.02525100
v -0.06578200 0.00991900 -0.02470000
v -0.06578200 0.00991900 -0.02470000
v 0.03092700 0.00997400 -0.02727200
v 0.03092700 0.00997400 -0.02727200
v 0.03170600 0.00999000 -0.02805100
v 0.03170600 0.00999000 -0.02805100
v 0.03170600 0.00999000 -0.02805100
v 0.03115500 0.00998600 -0.02782300
v 0.03115500 0.00998600 -0.02782300
v 0.03170600 0.00991400 -0.02446600
v 0.03170600 0.00991400 -0.02446600
v 0.03092700 0.00993100 -0.02524500
v 0.03092700 0.00993100 -0.02524500
v 0.03115500 0.00991900 -0.02469400
v 0.03115500 0.00991900 -0.02469400
v -0.06325100 0.00999000 -0.02805100
v -0.06325100 0.00999000 -0.02805100
v -0.06247200 0.00997400 -0.02727200
v -0.06247200 0.00997400 -0.02727200
v 0.03170600 0.01538700 -0.02715700
v -0.06270000 0.00998600 -0.02782300
v -0.06270000 0.00998600 -0.02782300
v -0.06247200 0.00993100 -0.02525000
v -0.06247200 0.00993100 -0.02525000
v -0.06325100 0.00991400 -0.02447100
v -0.06325100 0.00991400 -0.02447100
v 0.03388800 0.01538700 -0.02715700
v -0.06270100 0.00991900 -0.02469900
v -0.06270100 0.00991900 -0.02469900
v 0.03388800 0.00999000 -0.02805100
v 0.03388800 0.00999000 -0.02805100
v 0.03466700 0.00997400 -0.02727200
v 0.03466700 0.00997400 -0.02727200
v 0.03443900 0.00998600 -0.02782300
v 0.03443900 0.00998600 -0.02782300
v 0.03466700 0.00993100 -0.02524600
v 0.03466700 0.00993100 -0.02524600
v 0.03388800 0.00991400 -0.02446700
v 0.03388800 0.00991400 -0.02446700
v 0.03443900 0.00991900 -0.02469500
v 0.03443900 0.00991900 -0.02469500
v -0.06523000 0.01540300 -0.02793600
v -0.06523000 0.01540300 -0.02793600
v -0.06523000 0.01540300 -0.02793600
v -0.06601000 0.01538700 -0.02715700
v -0.06601000 0.01538700 -0.02715700
v -0.06578100 0.01539800 -0.02770800
v -0.06578100 0.01539800 -0.02770800
v -0.06601000 0.01534400 -0.02513600
v -0.06601000 0.01534400 -0.02513600
v -0.06523100 0.01532700 -0.02435700
v -0.06523100 0.01532700 -0.02435700
v -0.06578200 0.01533200 -0.02458500
v -0.06578200 0.01533200 -0.02458500
v 0.03170600 0.01540300 -0.02793600
v 0.03170600 0.01540300 -0.02793600
v 0.03170600 0.01540300 -0.02793600
v 0.03092700 0.01538700 -0.02715700
v 0.03092700 0.01538700 -0.02715700
v 0.03115500 0.01539800 -0.02770800
v 0.03115500 0.01539800 -0.02770800
v 0.03092700 0.01534300 -0.02512900
v 0.03092700 0.01534300 -0.02512900
v 0.03170600 0.01532700 -0.02435100
v 0.03170600 0.01532700 -0.02435100
v 0.03115500 0.01533200 -0.02457900
v 0.03115500 0.01533200 -0.02457900
v -0.06247200 0.01538700 -0.02715700
v -0.06247200 0.01538700 -0.02715700
v -0.06325100 0.01540300 -0.02793600
v -0.06325100 0.01540300 -0.02793600
v -0.06270000 0.01539800 -0.02770800
v -0.06270000 0.01539800 -0.02770800
v -0.06325100 0.01532700 -0.02435600
v -0.06325100 0.01532700 -0.02435600
v -0.06247200 0.01534400 -0.02513500
v -0.06247200 0.01534400 -0.02513500
v -0.06270100 0.01533200 -0.02458400
v -0.06270100 0.01533200 -0.02458400
v 0.03466700 0.01538700 -0.02715700
v 0.03466700 0.01538700 -0.02715700
v 0.03388800 0.01540300 -0.02793600
v 0.03388800 0.01540300 -0.02793600
v 0.03443900 0.01539800 -0.02770800
v 0.03443900 0.01539800 -0.02770800
v 0.03388800 0.01532700 -0.02435100
v 0.03388800 0.01532700 -0.02435100
v 0.03466700 0.01534300 -0.02513000
v 0.03466700 0.01534300 -0.02513000
v 0.03443900 0.01533200 -0.02458000
v 0.03443900 0.01533200 -0.02458000
v -0.06325100 0.01538700 -0.02715700
v -0.06325100 0.01534400 -0.02513500
v -0.06523100 0.01534400 -0.02513600
v -0.06523100 0.01538700 -0.02715700
v 0.03388800 0.01534300 -0.02513000
v 0.03170600 0.01534300 -0.02513000
v 0.06769000 -0.00000000 0.08812300
v 0.06769000 -0.00000000 0.08812300
v 0.06767000 -0.00000000 0.08996400
v 0.06767000 -0.00000000 0.08996400
v 0.05958300 -0.00000000 0.08812300
v 0.05958300 -0.00000000 0.08812300
v 0.05958300 -0.00000000 0.08996400
v 0.05958300 -0.00000000 0.08996400
v -0.06769000 -0.00000000 0.08812300
v -0.06769000 -0.00000000 0.08812300
v -0.06767000 -0.00000000 0.08996400
v -0.06767000 -0.00000000 0.08996400
v -0.06543000 -0.00000000 0.08812300
v -0.06543000 -0.00000000 0.08812300
v -0.06543000 -0.00000000 0.08996400
v -0.06543000 -0.00000000 0.08996400
v 0.05836700 -0.00000000 0.08812300
v 0.05836700 -0.00000000 0.08812300
v 0.05836700 -0.00000000 0.08996400
v 0.05836700 -0.00000000 0.08996400
v 0.03092700 -0.00000000 0.08812300
v 0.03092700 -0.00000000 0.08812300
v 0.03092700 -0.00000000 0.08996400
v 0.03092700 -0.00000000 0.08996400
v 0.00384100 -0.00000000 0.08812300
v 0.00384100 -0.00000000 0.08812300
v 0.00384100 -0.00000000 0.08996400
v 0.00384100 -0.00000000 0.08996400
v 0.01862500 -0.00000000 0.08812300
v 0.01862500 -0.00000000 0.08812300
v 0.01862500 -0.00000000 0.08996400
v 0.01862500 -0.00000000 0.08996400
v 0.02630700 -0.00000000 0.08812300
v 0.02630700 -0.00000000 0.08812300
v 0.02630700 -0.00000000 0.08996400
v 0.02630700 -0.00000000 0.08996400
v 0.04109200 -0.00000000 0.08812300
v 0.04109200 -0.00000000 0.08812300
v 0.04109200 -0.00000000 0.08996400
v 0.04109200 -0.00000000 0.08996400
v 0.04878700 -0.00000000 0.08812300
v 0.04878700 -0.00000000 0.08812300
v 0.04878700 -0.00000000 0.08996400
v 0.04878700 -0.00000000 0.08996400
v 0.06478300 -0.00000000 0.08812300
v 0.06478300 -0.00000000 0.08812300
v 0.06477000 -0.00000000 0.08996400
v 0.06477000 -0.00000000 0.08996400
v -0.01862600 -0.00000000 0.08996400
v -0.01862600 -0.00000000 0.08996400
v -0.00384000 -0.00000000 0.08996400
v -0.00384000 -0.00000000 0.08996400
v -0.02631200 -0.00000000 0.08996400
v -0.02631200 -0.00000000 0.08996400
v -0.04110300 -0.00000000 0.08996400
v -0.04110300 -0.00000000 0.08996400
v -0.04593700 -0.00000000 0.08996400
v -0.04593700 -0.00000000 0.08996400
v 0.03466700 -0.00000000 0.08996400
v 0.03466700 -0.00000000 0.08996400
v -0.04593700 -0.00000000 0.08812300
v -0.04593700 -0.00000000 0.08812300
v -0.04110300 -0.00000000 0.08812300
v -0.04110300 -0.00000000 0.08812300
v -0.02631200 -0.00000000 0.08812300
v -0.02631200 -0.00000000 0.08812300
v -0.01862600 -0.00000000 0.08812300
v -0.01862600 -0.00000000 0.08812300
v -0.00384000 -0.00000000 0.08812300
v -0.00384000 -0.00000000 0.08812300
v 0.03466700 -0.00000000 0.08812300
v 0.03466700 -0.00000000 0.08812300
v -0.06135000 -0.00000000 0.08812300
v -0.06135000 -0.00000000 0.08812300
v -0.06135000 -0.00000000 0.08996400
v -0.06135000 -0.00000000 0.08996400
vn -0.00000000 -1.00000000 -0.00000000
vn -0.00000000 -1.00000000 -0.00000000
vn -0.00000000 -1.00000000 -0.00000000
vn 0.59450000 -0.80350000 -0.02910000
vn -0.00020000 0.02130000 -0.99980000
vn -1.00000000 -0.00000000 0.00020000
vn -0.00000000 0.99980000 0.02130000
vn -0.00000000 0.99200000 0.12620000
vn 1.00000000 -0.00000000 -0.00000000
vn -0.00000000 0.98690000 0.16110000
vn -1.00000000 -0.00000000 0.00020000
vn -0.00000000 -0.02130000 0.99980000
vn 1.00000000 -0.00000000 -0.00000000
vn 0.94560000 -0.32160000 -0.04890000
vn -0.00000000 0.99980000 0.02130000
vn -0.00000000 0.22960000 -0.97330000
vn -0.00000000 0.97320000 0.22980000
vn 0.43030000 -0.90240000 0.02220000
vn 0.02680000 -0.91860000 0.39420000
vn 0.37260000 -0.91920000 0.12730000
vn 0.25890000 -0.93340000 0.24830000
vn 0.13270000 -0.92740000 0.34970000
vn 0.02000000 -0.95810000 -0.28560000
vn 0.52550000 -0.84690000 -0.08180000
vn 0.09320000 -0.95320000 -0.28750000
vn 0.21450000 -0.94110000 -0.26140000
vn 0.43510000 -0.88290000 -0.17660000
vn -0.00000000 0.99980000 0.02130000
vn -0.00000000 -0.02140000 0.99980000
vn -0.00000000 0.99980000 0.02130000
vn 1.00000000 -0.00000000 -0.00000000
vn -0.00000000 0.99980000 0.02130000
vn -0.00000000 0.99980000 0.02140000
vn 1.00000000 -0.00000000 -0.00000000
vn -0.00000000 -1.00000000 -0.00000000
vn -0.00000000 -0.02130000 0.99980000
vn -0.00000000 0.97320000 0.22980000
vn 1.00000000 -0.00000000 -0.00000000
vn -0.00000000 0.99980000 0.02140000
vn -0.00000000 0.22960000 -0.97330000
vn -0.00000000 0.97330000 0.22960000
vn 0.94930000 -0.31430000 -0.00340000
vn 1.00000000 -0.00000000 -0.00000000
vn 0.58550000 -0.81070000 -0.00210000
vn 0.38280000 -0.92380000 -0.00000000
vn -0.00000000 -0.00000000 -1.00000000
vn -0.00000000 -1.00000000 -0.00000000
vn -0.00000000 0.99980000 0.02140000
vn 0.09800000 -0.02130000 0.99500000
vn -0.00000000 0.99980000 0.02140000
vn 0.99520000 -0.00210000 0.09800000
vn -0.00000000 0.99980000 0.02140000
vn 0.99520000 -0.00210000 0.09800000
vn 0.38280000 -0.01970000 0.92360000
vn -0.00000000 0.99980000 0.02140000
vn 0.70720000 -0.01510000 0.70690000
vn -0.00000000 0.99980000 0.02140000
vn -0.00000000 0.99980000 0.02140000
vn 0.92390000 -0.00820000 0.38250000
vn -0.00000000 0.99980000 0.02140000
vn -0.00000000 -0.02140000 0.99980000
vn -0.00000000 -1.00000000 -0.00000000
vn -0.00000000 0.97330000 0.22960000
vn 0.99780000 0.01530000 -0.06520000
vn -0.00000000 0.97330000 0.22960000
vn 0.11000000 0.22820000 -0.96740000
vn -0.00000000 0.97330000 0.22960000
vn -0.00000000 0.97330000 0.22960000
vn 0.94450000 0.07540000 -0.31970000
vn 0.94450000 0.07540000 -0.31970000
vn -0.00000000 0.97330000 0.22960000
vn 0.74490000 0.15320000 -0.64940000
vn 0.41950000 0.20840000 -0.88350000
vn -0.00000000 0.97330000 0.22960000
vn -0.00000000 -1.00000000 -0.00000000
vn 0.11020000 -0.00030000 -0.99390000
vn 0.03850000 -0.85010000 -0.52520000
vn 0.80520000 -0.55350000 -0.21290000
vn 0.99810000 -0.00070000 -0.06110000
vn 0.13970000 -0.84940000 -0.50900000
vn 0.42630000 -0.00140000 -0.90460000
vn 0.29200000 -0.83120000 -0.47310000
vn 0.75430000 -0.00280000 -0.65650000
vn 0.95070000 -0.00240000 -0.31020000
vn 0.95070000 -0.00240000 -0.31020000
vn 0.50280000 -0.76740000 -0.39770000
vn 0.08720000 -0.73350000 0.67400000
vn 0.09790000 -0.00000000 0.99520000
vn 0.99510000 -0.00000000 0.09930000
vn 0.99510000 -0.00000000 0.09930000
vn 0.71960000 -0.68910000 0.08480000
vn 0.26170000 -0.77950000 0.56910000
vn 0.38170000 -0.00000000 0.92430000
vn 0.70580000 -0.00000000 0.70840000
vn 0.43780000 -0.79090000 0.42760000
vn 0.59530000 -0.76010000 0.26040000
vn 0.92290000 -0.00000000 0.38490000
vn -0.00000000 -0.00000000 -1.00000000
vn -0.00000000 0.97330000 0.22960000
vn -0.00000000 -1.00000000 -0.00000000
vn -0.00000000 -0.84820000 -0.52970000
vn -0.00000000 -0.00000000 -1.00000000
vn -0.00000000 -1.00000000 -0.00000000
vn -0.00000000 -1.00000000 -0.00000000
vn -0.00000000 -1.00000000 -0.00000000
vn -0.00000000 -1.00000000 -0.00000000
vn -0.00000000 -1.00000000 -0.00000000
vn -0.00000000 -1.00000000 -0.00000000
vn -0.00000000 -1.00000000 -0.00000000
vn -0.00000000 -0.00000000 -1.00000000
vn -0.00000000 0.99980000 0.02140000
vn 0.09810000 -0.00000000 0.99520000
vn -0.00000000 0.99980000 0.02130000
vn -0.00020000 0.02130000 -0.99980000
vn 0.93020000 -0.00260000 -0.36700000
vn 0.93020000 -0.00260000 -0.36700000
vn -0.00000000 0.97330000 0.22960000
vn -0.00000000 0.97330000 0.22960000
vn -0.00000000 0.97330000 0.22960000
vn 0.99640000 -0.00090000 -0.08440000
vn 0.72160000 -0.00270000 -0.69240000
vn -0.00000000 0.97330000 0.22960000
vn 0.39930000 -0.00130000 -0.91680000
vn -0.00000000 0.97330000 0.22960000
vn -0.00000000 0.97330000 0.22960000
vn 0.10560000 -0.00030000 -0.99440000
vn 0.99530000 -0.00000000 0.09670000
vn -0.00000000 0.99980000 0.02140000
vn 0.99530000 -0.00000000 0.09670000
vn -0.00000000 0.99980000 0.02140000
vn 0.92480000 -0.00000000 0.38040000
vn -0.00000000 0.99980000 0.02140000
vn -0.00000000 0.99980000 0.02140000
vn 0.70840000 -0.00000000 0.70580000
vn 0.38360000 -0.00000000 0.92350000
vn -0.00000000 0.99980000 0.02140000
vn -0.00000000 0.99200000 0.12620000
vn 1.00000000 -0.00000000 -0.00000000
vn 1.00000000 -0.00000000 -0.00000000
vn -0.00000000 0.99200000 0.12620000
vn -0.00000000 0.99980000 0.02130000
vn -0.00000000 -0.96130000 -0.27550000
vn -0.00000000 -1.00000000 -0.00000000
vn -0.00010000 0.97330000 0.22970000
vn -0.00010000 0.97330000 0.22970000
vn -0.00010000 0.97330000 0.22970000
vn -0.00010000 0.97330000 0.22970000
vn -0.00000000 0.97320000 0.22980000
vn -0.00010000 0.99980000 0.02130000
vn -0.00010000 0.99980000 0.02130000
vn -0.00010000 0.99980000 0.02130000
vn -0.00000000 0.99980000 0.02130000
vn 0.09800000 -0.02130000 0.99500000
vn -0.00000000 0.99980000 0.02130000
vn -0.00000000 -0.92180000 0.38760000
vn 0.94450000 0.07540000 -0.31970000
vn -0.00010000 0.97330000 0.22960000
vn 0.94450000 0.07540000 -0.31970000
vn -0.00000000 0.97330000 0.22970000
vn 0.99780000 0.01540000 -0.06530000
vn 0.74490000 0.15320000 -0.64940000
vn -0.00010000 0.97330000 0.22970000
vn -0.00010000 0.97330000 0.22970000
vn 0.41950000 0.20840000 -0.88350000
vn 0.11000000 0.22820000 -0.96740000
vn -0.00000000 0.97320000 0.22980000
vn 0.99520000 -0.00210000 0.09800000
vn -0.00000000 0.99980000 0.02130000
vn 0.99520000 -0.00210000 0.09800000
vn -0.00000000 0.99980000 0.02130000
vn 0.92390000 -0.00820000 0.38250000
vn 0.70720000 -0.01510000 0.70690000
vn -0.00010000 0.99980000 0.02130000
vn 0.38280000 -0.01970000 0.92360000
vn -0.00000000 0.99980000 0.02130000
vn -0.00000000 -0.69950000 0.71460000
vn -0.00000000 -0.00000000 1.00000000
vn -0.00000000 0.99980000 0.02140000
vn -0.00000000 -0.00000000 1.00000000
vn -0.00000000 0.99200000 0.12620000
vn -0.00000000 -1.00000000 -0.00000000
vn -0.00010000 0.99980000 0.02130000
vn -0.00010000 0.99980000 0.02130000
vn -0.00000000 0.99980000 0.02130000
vn -0.00000000 0.99200000 0.12620000
vn -0.00020000 0.97330000 0.22970000
vn -0.00000000 0.99980000 0.02130000
vn -0.00010000 0.99980000 0.02130000
vn -0.00000000 -1.00000000 -0.00000000
vn -0.00020000 0.97330000 0.22970000
vn -0.00010000 0.97320000 0.22980000
vn -0.00000000 0.97320000 0.22980000
vn -0.00000000 0.99980000 0.02130000
vn -0.00000000 -0.22980000 0.97320000
vn -0.00000000 0.97320000 0.22980000
vn -0.00000000 0.99980000 0.02130000
vn -0.00000000 0.97320000 0.22980000
vn -0.00000000 0.99980000 0.02130000
vn -0.05840000 0.99810000 0.02120000
vn -0.00020000 0.02130000 -0.99980000
vn -1.00000000 -0.00000000 0.00020000
vn -0.05840000 0.99810000 0.02120000
vn -1.00000000 -0.00000000 0.00020000
vn -0.00000000 -0.02130000 0.99980000
vn -0.00000000 -1.00000000 -0.00000000
vn 1.00000000 -0.00000000 -0.00000000
vn -0.00000000 0.97330000 0.22960000
vn 1.00000000 -0.00000000 -0.00000000
vn -0.00000000 0.97330000 0.22960000
vn 1.00000000 -0.00000000 -0.00000000
vn -0.00000000 0.97320000 0.22980000
vn -0.00000000 0.97320000 0.22980000
vn 1.00000000 -0.00000000 -0.00000000
vn -0.00000000 0.97320000 0.22980000
vn -0.00010000 0.97320000 0.22980000
vn -0.00000000 -1.00000000 -0.00000000
vn -0.00020000 0.97320000 0.22980000
vn -0.00000000 -1.00000000 -0.00000000
vn -0.00010000 0.97320000 0.22980000
vn -0.00000000 -1.00000000 -0.00000000
vn 1.00000000 -0.00000000 -0.00000000
vn -0.00000000 0.97320000 0.22980000
vn -0.00020000 0.97320000 0.22980000
vn -0.00000000 0.97330000 0.22960000
vn 1.00000000 -0.00000000 -0.00000000
vn -0.00010000 0.97320000 0.22980000
vn -0.00000000 -1.00000000 -0.00000000
vn -0.00000000 0.97330000 0.22960000
vn 1.00000000 -0.00000000 -0.00000000
vn 0.90930000 -0.40110000 -0.11080000
vn 1.00000000 -0.00000000 -0.00000000
vn 0.54690000 -0.83460000 -0.06580000
vn -0.00000000 0.22980000 -0.97320000
vn -0.00000000 0.97320000 0.22980000
vn -0.00000000 -1.00000000 -0.00000000
vn -0.00000000 0.97320000 0.22980000
vn -0.00000000 -0.22980000 0.97320000
vn -0.00000000 0.22980000 -0.97320000
vn -0.00000000 0.97320000 0.22980000
vn -0.00000000 -1.00000000 -0.00000000
vn -0.00000000 -1.00000000 -0.00000000
vn 1.00000000 -0.00000000 -0.00000000
vn -0.00000000 0.97330000 0.22960000
vn -0.00000000 0.97330000 0.22960000
vn 1.00000000 -0.00000000 -0.00000000
vn 0.91680000 -0.38510000 -0.10590000
vn 1.00000000 -0.00000000 -0.00000000
vn 1.00000000 -0.00000000 -0.00000000
vn 0.93610000 -0.34170000 -0.08350000
vn 0.57410000 -0.81700000 -0.05360000
vn 0.56980000 -0.82020000 -0.05170000
vn -0.00000000 0.97320000 0.22980000
vn -0.00000000 0.45310000 -0.89140000
vn -0.00000000 0.78510000 0.61940000
vn -0.00000000 0.97320000 0.22980000
vn -0.00000000 -1.00000000 -0.00000000
vn -0.00000000 -1.00000000 -0.00000000
vn -0.00000000 1.00000000 0.00670000
vn -0.00000000 0.45310000 -0.89140000
vn -0.00000000 0.78510000 0.61940000
vn -0.00000000 0.87660000 0.48110000
vn -0.00000000 0.87660000 0.48110000
vn -0.00000000 -0.34410000 0.93890000
vn -0.00000000 1.00000000 0.00670000
vn -0.00000000 0.34410000 -0.93890000
vn -0.00000000 0.93890000 0.34410000
vn -0.00000000 0.34410000 -0.93890000
vn -0.00000000 0.93890000 0.34410000
vn -0.00000000 -0.34410000 0.93890000
vn -0.58810000 -0.80880000 -0.00200000
vn -0.00000000 0.99980000 0.02140000
vn -1.00000000 -0.00000000 -0.00000000
vn -0.00000000 -1.00000000 -0.00000000
vn -0.00000000 -1.00000000 -0.00000000
vn -0.00010000 0.97320000 0.22980000
vn -0.00010000 0.97320000 0.22980000
vn 1.00000000 -0.00000000 -0.00000000
vn -0.00000000 0.97320000 0.22980000
vn 1.00000000 -0.00000000 -0.00000000
vn -0.00000000 0.97320000 0.22980000
vn 1.00000000 -0.00000000 -0.00000000
vn -0.00000000 0.97330000 0.22960000
vn -0.00000000 0.97330000 0.22960000
vn 1.00000000 -0.00000000 -0.00000000
vn -0.00000000 -1.00000000 -0.00000000
vn -0.00000000 -1.00000000 -0.00000000
vn -0.00000000 0.97330000 0.22960000
vn 1.00000000 -0.00000000 -0.00000000
vn -0.00000000 0.97330000 0.22960000
vn 1.00000000 -0.00000000 -0.00000000
vn 0.90110000 -0.41850000 -0.11310000
vn 1.00000000 -0.00000000 -0.00000000
vn 1.00000000 -0.00000000 -0.00000000
vn 0.90500000 -0.41050000 -0.11200000
vn 0.53760000 -0.84060000 -0.06690000
vn 0.54170000 -0.83800000 -0.06640000
vn -0.00000000 -1.00000000 -0.00000000
vn -0.00000000 -1.00000000 -0.00000000
vn -1.00000000 -0.00000000 0.00020000
vn -0.00020000 0.97320000 0.22980000
vn -1.00000000 -0.00000000 0.00020000
vn -0.00020000 0.97320000 0.22980000
vn -0.00020000 0.97320000 0.22980000
vn -0.00020000 0.97320000 0.22980000
vn -1.00000000 -0.00000000 0.00020000
vn -0.00000000 0.97320000 0.22980000
vn -0.00000000 0.22980000 -0.97320000
vn -0.00000000 -0.22980000 0.97320000
vn -0.00000000 0.97320000 0.22980000
vn -1.00000000 -0.00000000 0.00020000
vn -1.00000000 -0.00000000 0.00020000
vn -0.00000000 0.97320000 0.22980000
vn -1.00000000 -0.00000000 0.00020000
vn -0.00000000 0.97320000 0.22980000
vn -0.00000000 -0.22980000 0.97320000
vn 1.00000000 -0.00000000 -0.00010000
vn -0.00000000 0.97320000 0.22980000
vn -0.00000000 0.97320000 0.22980000
vn 1.00000000 -0.00000000 -0.00010000
vn -0.00000000 0.22980000 -0.97320000
vn -1.00000000 -0.00000000 0.00020000
vn -0.00000000 0.97320000 0.22980000
vn -0.00000000 0.22980000 -0.97320000
vn -0.00000000 0.97320000 0.22980000
vn -0.00000000 -0.22980000 0.97320000
vn -1.00000000 -0.00000000 0.00020000
vn -0.00000000 -0.22980000 0.97320000
vn 1.00000000 -0.00000000 -0.00010000
vn -0.00000000 0.97320000 0.22980000
vn -0.00000000 0.22980000 -0.97320000
vn 1.00000000 -0.00000000 -0.00010000
vn -0.00000000 0.97320000 0.22980000
vn -0.19510000 -0.22540000 0.95450000
vn -0.00000000 0.97320000 0.22980000
vn -0.19510000 -0.22540000 0.95450000
vn -0.00020000 0.97320000 0.22980000
vn -0.98070000 -0.04490000 0.19000000
vn -0.00020000 0.97330000 0.22970000
vn -0.70700000 -0.16250000 0.68830000
vn -0.06520000 0.78180000 0.62010000
vn -0.06520000 0.78180000 0.62010000
vn -0.00000000 0.97320000 0.22980000
vn -0.76290000 0.49640000 0.41420000
vn -0.00010000 0.97320000 0.22980000
vn -0.00000000 0.97320000 0.22980000
vn -0.28170000 0.74730000 0.60180000
vn -0.97310000 0.10340000 -0.20600000
vn -0.00010000 0.97320000 0.22980000
vn -0.00000000 0.97320000 0.22980000
vn -0.18250000 0.44500000 -0.87670000
vn -0.18250000 0.44500000 -0.87670000
vn -0.00000000 0.97320000 0.22980000
vn -0.66600000 0.33660000 -0.66570000
vn -0.98070000 -0.04490000 0.19000000
vn -0.00000000 0.97320000 0.22980000
vn -0.00000000 0.97320000 0.22980000
vn -0.19510000 -0.22540000 0.95450000
vn -0.19510000 -0.22540000 0.95450000
vn -0.70700000 -0.16250000 0.68830000
vn -0.00000000 0.97320000 0.22980000
vn -0.19110000 0.44430000 -0.87530000
vn -0.06840000 0.99600000 0.05720000
vn -0.19110000 0.44430000 -0.87530000
vn -0.29290000 0.92620000 0.23770000
vn -0.98250000 0.08360000 -0.16650000
vn -0.71250000 0.31650000 -0.62630000
vn -0.18330000 0.97280000 0.14200000
vn -0.99150000 0.09990000 0.08350000
vn -0.19170000 0.90460000 0.38080000
vn -0.03160000 0.88490000 0.46470000
vn -0.08200000 0.78040000 0.61990000
vn -0.08200000 0.78040000 0.61990000
vn -0.52800000 0.65660000 0.53860000
vn -0.09290000 0.89750000 0.43110000
vn -0.00020000 0.97320000 0.22980000
vn -0.98080000 0.04480000 -0.18970000
vn -0.00000000 0.97320000 0.22980000
vn -0.19510000 0.22540000 -0.95450000
vn -0.19510000 0.22540000 -0.95450000
vn -0.70720000 0.16250000 -0.68810000
vn -0.00000000 0.97320000 0.22980000
vn -0.19510000 0.22540000 -0.95450000
vn -0.00000000 0.97320000 0.22980000
vn -0.19510000 0.22540000 -0.95450000
vn -0.98080000 0.04480000 -0.18970000
vn -0.00000000 0.97320000 0.22980000
vn -0.70720000 0.16250000 -0.68810000
vn -0.00000000 0.97320000 0.22980000
vn -0.32120000 0.90330000 0.28450000
vn -0.98080000 0.06710000 -0.18300000
vn -0.19510000 0.33750000 -0.92090000
vn -0.03860000 0.99860000 0.03520000
vn -0.19510000 0.33750000 -0.92090000
vn -0.70720000 0.24330000 -0.66390000
vn -0.19630000 0.96880000 0.15160000
vn -0.02050000 0.88210000 0.47050000
vn -0.19510000 -0.33750000 0.92090000
vn -0.19510000 -0.33750000 0.92090000
vn -0.98080000 -0.06720000 0.18330000
vn -0.29220000 0.89450000 0.33830000
vn -0.70700000 -0.24330000 0.66400000
vn -0.10890000 0.90000000 0.42200000
vn -0.00000000 0.93890000 0.34410000
vn -0.19510000 0.33750000 -0.92090000
vn -0.19510000 0.33750000 -0.92090000
vn -0.00000000 0.93890000 0.34410000
vn -0.98080000 0.06710000 -0.18300000
vn -0.70720000 0.24330000 -0.66390000
vn -0.00000000 0.93890000 0.34410000
vn -0.98080000 -0.06720000 0.18330000
vn -0.00000000 0.93890000 0.34410000
vn -0.19510000 -0.33750000 0.92090000
vn -0.19510000 -0.33750000 0.92090000
vn -0.00000000 0.93890000 0.34410000
vn -0.70700000 -0.24330000 0.66400000
vn -0.00000000 0.93890000 0.34410000
vn -0.00000000 0.93890000 0.34410000
vn -0.00000000 0.93890000 0.34410000
vn -0.00000000 0.93890000 0.34410000
vn -0.00000000 0.93890000 0.34410000
vn -0.00000000 0.97320000 0.22980000
vn -0.00000000 0.97320000 0.22980000
vn -0.00000000 0.97320000 0.22980000
vn -0.00000000 0.97320000 0.22980000
vn -0.00000000 0.97320000 0.22980000
vn -0.00000000 0.97320000 0.22980000
vn -0.00000000 -0.00000000 1.00000000
vn 0.38280000 -0.92380000 -0.00000000
vn -0.00000000 -1.00000000 -0.00000000
vn -0.00000000 0.99980000 0.02130000
vn 0.58440000 -0.81140000 -0.00210000
vn 1.00000000 -0.00000000 -0.00000000
vn 0.94850000 -0.31680000 -0.00340000
vn -0.00000000 0.99980000 0.02130000
vn 1.00000000 -0.00000000 -0.00000000
vn -0.00000000 0.99980000 0.02140000
vn -0.00000000 -0.00000000 1.00000000
vn -0.00000000 -1.00000000 -0.00000000
vn -0.00000000 -1.00000000 -0.00000000
vn -0.00000000 0.99980000 0.02140000
vn 1.00000000 -0.00000000 -0.00000000
vn 1.00000000 -0.00000000 -0.00000000
vn -0.00000000 0.99980000 0.02130000
vn -0.00000000 0.99980000 0.02130000
vn -0.00000000 0.99980000 0.02130000
vn -0.00000000 -0.00000000 -1.00000000
vn -0.00000000 -1.00000000 -0.00000000
vn -0.00000000 -0.00000000 -1.00000000
vn 0.19520000 -0.98080000 -0.00000000
vn 0.19520000 -0.98080000 -0.00000000
vn -0.00000000 -0.00000000 1.00000000
vn -0.00000000 -0.00000000 1.00000000
vn -0.00000000 -1.00000000 -0.00000000
vn -0.00000000 -1.00000000 -0.00000000
vn -0.00000000 -1.00000000 -0.00000000
vn -0.00000000 -1.00000000 -0.00000000
vn -0.59450000 -0.80350000 -0.02910000
vn 0.00050000 0.02080000 -0.99980000
vn -0.00000000 0.99980000 0.02130000
vn 0.25320000 0.96700000 0.02820000
vn -0.00000000 0.99200000 0.12620000
vn -1.00000000 -0.00000000 -0.00000000
vn -0.00950000 -0.07050000 0.99750000
vn -0.00000000 0.98690000 0.16110000
vn 0.25240000 0.96750000 0.01590000
vn -1.00000000 -0.00000000 -0.00000000
vn -0.94560000 -0.32160000 -0.04890000
vn -0.00000000 0.99980000 0.02130000
vn -0.00000000 0.22960000 -0.97330000
vn -0.00000000 0.97320000 0.22980000
vn -0.43030000 -0.90240000 0.02220000
vn -0.02680000 -0.91860000 0.39420000
vn -0.37260000 -0.91920000 0.12730000
vn -0.25890000 -0.93340000 0.24830000
vn -0.13270000 -0.92740000 0.34970000
vn -0.02000000 -0.95810000 -0.28560000
vn -0.52550000 -0.84690000 -0.08180000
vn -0.09320000 -0.95320000 -0.28750000
vn -0.21450000 -0.94110000 -0.26140000
vn -0.43510000 -0.88290000 -0.17660000
vn -0.00000000 0.99980000 0.02130000
vn -0.00000000 -0.02140000 0.99980000
vn -0.00000000 0.99980000 0.02130000
vn -1.00000000 -0.00000000 -0.00000000
vn -0.00000000 0.99980000 0.02130000
vn -1.00000000 -0.00000000 -0.00000000
vn -0.00000000 0.99980000 0.02140000
vn -0.00000000 -1.00000000 -0.00000000
vn -1.00000000 -0.00000000 -0.00000000
vn -0.00000000 0.99980000 0.02140000
vn -0.00000000 0.97330000 0.22960000
vn -0.00000000 0.22960000 -0.97330000
vn -0.94930000 -0.31430000 -0.00340000
vn -1.00000000 -0.00000000 -0.00000000
vn -0.58550000 -0.81070000 -0.00210000
vn -0.00000000 -0.00000000 -1.00000000
vn -0.38280000 -0.92380000 -0.00000000
vn -0.00000000 -1.00000000 -0.00000000
vn -0.09800000 -0.02120000 0.99500000
vn -0.00000000 0.99980000 0.02140000
vn -0.99520000 -0.00210000 0.09800000
vn -0.99520000 -0.00210000 0.09800000
vn -0.00000000 0.99980000 0.02140000
vn -0.00000000 0.99980000 0.02140000
vn -0.38280000 -0.01970000 0.92360000
vn -0.00000000 0.99980000 0.02140000
vn -0.00000000 0.99980000 0.02140000
vn -0.70720000 -0.01510000 0.70690000
vn -0.00000000 0.99980000 0.02140000
vn -0.92390000 -0.00820000 0.38250000
vn -0.00000000 -0.02140000 0.99980000
vn -0.00000000 0.99980000 0.02140000
vn -0.00000000 -1.00000000 -0.00000000
vn -0.00000000 0.97330000 0.22960000
vn -0.99780000 0.01530000 -0.06520000
vn -0.11000000 0.22820000 -0.96740000
vn -0.00000000 0.97330000 0.22960000
vn -0.94450000 0.07540000 -0.31970000
vn -0.00000000 0.97330000 0.22960000
vn -0.00000000 0.97330000 0.22960000
vn -0.94450000 0.07540000 -0.31970000
vn -0.00000000 0.97330000 0.22960000
vn -0.74490000 0.15320000 -0.64940000
vn -0.41950000 0.20840000 -0.88350000
vn -0.00000000 0.97330000 0.22960000
vn -0.00000000 -1.00000000 -0.00000000
vn -0.11020000 -0.00030000 -0.99390000
vn -0.03850000 -0.85010000 -0.52520000
vn -0.99810000 -0.00070000 -0.06110000
vn -0.80520000 -0.55350000 -0.21290000
vn -0.42630000 -0.00140000 -0.90460000
vn -0.13970000 -0.84940000 -0.50900000
vn -0.29200000 -0.83120000 -0.47310000
vn -0.75430000 -0.00280000 -0.65650000
vn -0.95070000 -0.00240000 -0.31020000
vn -0.95070000 -0.00240000 -0.31020000
vn -0.50280000 -0.76740000 -0.39770000
vn -0.09790000 -0.00000000 0.99520000
vn -0.08720000 -0.73350000 0.67400000
vn -0.99510000 -0.00000000 0.09930000
vn -0.71960000 -0.68910000 0.08480000
vn -0.99510000 -0.00000000 0.09930000
vn -0.26170000 -0.77950000 0.56910000
vn -0.38170000 -0.00000000 0.92430000
vn -0.70580000 -0.00000000 0.70840000
vn -0.43780000 -0.79090000 0.42760000
vn -0.59530000 -0.76010000 0.26040000
vn -0.92290000 -0.00000000 0.38490000
vn -0.00000000 0.97330000 0.22960000
vn -0.00000000 -0.00000000 -1.00000000
vn -0.00000000 -1.00000000 -0.00000000
vn -0.00000000 -0.00000000 -1.00000000
vn -0.00000000 -0.84820000 -0.52970000
vn -0.00000000 -1.00000000 -0.00000000
vn -0.00000000 -1.00000000 -0.00000000
vn -0.00000000 -1.00000000 -0.00000000
vn -0.00000000 -1.00000000 -0.00000000
vn -0.00000000 -1.00000000 -0.00000000
vn -0.00000000 -1.00000000 -0.00000000
vn -0.00000000 -1.00000000 -0.00000000
vn -0.00000000 -0.00000000 -1.00000000
vn -0.00000000 0.99980000 0.02140000
vn -0.09810000 -0.00000000 0.99520000
vn -0.93020000 -0.00260000 -0.36700000
vn -0.00000000 0.97330000 0.22960000
vn -0.93020000 -0.00260000 -0.36700000
vn -0.00000000 0.97330000 0.22960000
vn -0.99640000 -0.00090000 -0.08440000
vn -0.00000000 0.97330000 0.22960000
vn -0.00000000 0.97330000 0.22960000
vn -0.72160000 -0.00270000 -0.69240000
vn -0.00000000 0.97330000 0.22960000
vn -0.39930000 -0.00130000 -0.91680000
vn -0.00000000 0.97330000 0.22960000
vn -0.10560000 -0.00030000 -0.99440000
vn -0.99530000 -0.00000000 0.09670000
vn -0.00000000 0.99980000 0.02140000
vn -0.00000000 0.99980000 0.02140000
vn -0.99530000 -0.00000000 0.09670000
vn -0.00000000 0.99980000 0.02140000
vn -0.92480000 -0.00000000 0.38040000
vn -0.70840000 -0.00000000 0.70580000
vn -0.00000000 0.99980000 0.02140000
vn -0.38360000 -0.00000000 0.92350000
vn -0.00000000 0.99980000 0.02140000
vn -0.00000000 0.99200000 0.12620000
vn -1.00000000 -0.00000000 -0.00000000
vn -0.00000000 0.99200000 0.12620000
vn -1.00000000 -0.00000000 -0.00000000
vn -0.00000000 0.99980000 0.02130000
vn -0.00000000 -0.96130000 -0.27550000
vn -0.00000000 -1.00000000 -0.00000000
vn 0.00010000 0.97330000 0.22970000
vn 0.00010000 0.97330000 0.22970000
vn 0.00010000 0.97330000 0.22970000
vn 0.00010000 0.97330000 0.22970000
vn -0.00000000 0.97320000 0.22980000
vn 0.00010000 0.99980000 0.02130000
vn 0.00010000 0.99980000 0.02130000
vn 0.00010000 0.99980000 0.02130000
vn -0.00000000 0.99980000 0.02130000
vn -0.09800000 -0.02120000 0.99500000
vn -0.00000000 0.99980000 0.02130000
vn -0.00000000 -0.92180000 0.38760000
vn -0.94450000 0.07540000 -0.31970000
vn -0.94450000 0.07540000 -0.31970000
vn 0.00010000 0.97330000 0.22960000
vn -0.00000000 0.97330000 0.22970000
vn -0.99780000 0.01540000 -0.06530000
vn -0.74490000 0.15320000 -0.64940000
vn 0.00010000 0.97330000 0.22970000
vn -0.41950000 0.20840000 -0.88350000
vn 0.00010000 0.97330000 0.22970000
vn -0.00000000 0.97320000 0.22980000
vn -0.11000000 0.22820000 -0.96740000
vn -0.99520000 -0.00210000 0.09800000
vn -0.99520000 -0.00210000 0.09800000
vn -0.00000000 0.99980000 0.02130000
vn -0.00000000 0.99980000 0.02130000
vn -0.92390000 -0.00820000 0.38250000
vn -0.00000000 0.99980000 0.02130000
vn -0.70720000 -0.01510000 0.70690000
vn -0.38280000 -0.01970000 0.92360000
vn -0.00000000 0.99980000 0.02130000
vn -0.00000000 -0.00000000 1.00000000
vn -0.00000000 -0.69950000 0.71460000
vn -0.00000000 0.99980000 0.02140000
vn -0.00000000 -0.00000000 1.00000000
vn -0.00000000 0.99200000 0.12620000
vn -0.00000000 -1.00000000 -0.00000000
vn 0.00010000 0.99980000 0.02130000
vn 0.00010000 0.99980000 0.02130000
vn -0.00000000 0.99980000 0.02130000
vn -0.00000000 0.99200000 0.12620000
vn 0.00020000 0.97330000 0.22970000
vn -0.00000000 0.99980000 0.02130000
vn 0.00010000 0.99980000 0.02130000
vn -0.00000000 -1.00000000 -0.00000000
vn 0.00020000 0.97330000 0.22970000
vn 0.00010000 0.97320000 0.22980000
vn -0.00000000 0.97320000 0.22980000
vn -0.00000000 0.99980000 0.02130000
vn -0.00000000 0.97320000 0.22980000
vn -0.00000000 -0.22980000 0.97320000
vn -0.00000000 0.99980000 0.02130000
vn -0.00000000 0.97320000 0.22980000
vn -0.00000000 0.99980000 0.02130000
vn -1.00000000 -0.00000000 -0.00000000
vn -1.00000000 -0.00000000 -0.00000000
vn -0.95130000 -0.30830000 -0.00330000
vn -1.00000000 -0.00000000 -0.00000000
vn -0.00000000 0.97330000 0.22960000
vn -0.00000000 0.97330000 0.22960000
vn -1.00000000 -0.00000000 -0.00000000
vn -1.00000000 -0.00000000 -0.00000000
vn -0.00000000 0.97320000 0.22980000
vn -0.00000000 0.97320000 0.22980000
vn -1.00000000 -0.00000000 -0.00000000
vn -0.00000000 0.97320000 0.22980000
vn 0.00010000 0.97320000 0.22980000
vn -0.00000000 -1.00000000 -0.00000000
vn 0.00020000 0.97320000 0.22980000
vn -0.00000000 -1.00000000 -0.00000000
vn 0.00010000 0.97320000 0.22980000
vn -0.00000000 -1.00000000 -0.00000000
vn -0.00000000 0.97320000 0.22980000
vn -1.00000000 -0.00000000 -0.00000000
vn 0.00020000 0.97320000 0.22980000
vn -1.00000000 -0.00000000 -0.00000000
vn -0.00000000 0.97330000 0.22960000
vn 0.00010000 0.97320000 0.22980000
vn -0.00000000 -1.00000000 -0.00000000
vn -0.00000000 0.97330000 0.22960000
vn -1.00000000 -0.00000000 -0.00000000
vn -1.00000000 -0.00000000 -0.00000000
vn -0.90930000 -0.40110000 -0.11080000
vn -0.54690000 -0.83460000 -0.06580000
vn -0.00000000 0.22980000 -0.97320000
vn -0.00000000 0.97320000 0.22980000
vn -0.00000000 -1.00000000 -0.00000000
vn -0.00000000 0.97320000 0.22980000
vn -0.00000000 -0.22980000 0.97320000
vn -0.00000000 0.22980000 -0.97320000
vn -0.00000000 0.97320000 0.22980000
vn -0.00000000 -1.00000000 -0.00000000
vn -0.00000000 -1.00000000 -0.00000000
vn -1.00000000 -0.00000000 -0.00000000
vn -0.00000000 0.97330000 0.22960000
vn -1.00000000 -0.00000000 -0.00000000
vn -0.00000000 0.97330000 0.22960000
vn -1.00000000 -0.00000000 -0.00000000
vn -0.91680000 -0.38510000 -0.10590000
vn -0.93610000 -0.34170000 -0.08350000
vn -1.00000000 -0.00000000 -0.00000000
vn -0.57410000 -0.81700000 -0.05360000
vn -0.56980000 -0.82020000 -0.05170000
vn -0.00000000 0.97320000 0.22980000
vn -0.00000000 0.45310000 -0.89140000
vn -0.00000000 0.97320000 0.22980000
vn -0.00000000 0.78510000 0.61940000
vn -0.00000000 -1.00000000 -0.00000000
vn -0.00000000 -1.00000000 -0.00000000
vn -0.00000000 0.45310000 -0.89140000
vn -0.00000000 1.00000000 0.00670000
vn -0.00000000 0.78510000 0.61940000
vn -0.00000000 0.87660000 0.48110000
vn -0.00000000 -0.34410000 0.93890000
vn -0.00000000 0.87660000 0.48110000
vn -0.00000000 0.34410000 -0.93890000
vn -0.00000000 1.00000000 0.00670000
vn -0.00000000 0.34410000 -0.93890000
vn -0.00000000 0.93890000 0.34410000
vn -0.00000000 0.93890000 0.34410000
vn -0.00000000 -0.34410000 0.93890000
vn -0.00000000 -1.00000000 -0.00000000
vn -0.00000000 -1.00000000 -0.00000000
vn 0.00010000 0.97320000 0.22980000
vn 0.00010000 0.97320000 0.22980000
vn -0.00000000 0.97320000 0.22980000
vn -1.00000000 -0.00000000 -0.00000000
vn -0.00000000 0.97320000 0.22980000
vn -1.00000000 -0.00000000 -0.00000000
vn -0.00000000 0.97330000 0.22960000
vn -1.00000000 -0.00000000 -0.00000000
vn -1.00000000 -0.00000000 -0.00000000
vn -0.00000000 0.97330000 0.22960000
vn -0.00000000 -1.00000000 -0.00000000
vn -0.00000000 -1.00000000 -0.00000000
vn -1.00000000 -0.00000000 -0.00000000
vn -0.00000000 0.97330000 0.22960000
vn -0.00000000 0.97330000 0.22960000
vn -1.00000000 -0.00000000 -0.00000000
vn -1.00000000 -0.00000000 -0.00000000
vn -0.90110000 -0.41850000 -0.11310000
vn -0.90500000 -0.41050000 -0.11200000
vn -1.00000000 -0.00000000 -0.00000000
vn -0.53760000 -0.84060000 -0.06690000
vn -0.54170000 -0.83800000 -0.06640000
vn -0.00000000 -1.00000000 -0.00000000
vn -0.00000000 -1.00000000 -0.00000000
vn 1.00000000 -0.00000000 0.00020000
vn 0.00020000 0.97320000 0.22980000
vn 1.00000000 -0.00000000 0.00020000
vn 0.00020000 0.97320000 0.22980000
vn 0.00020000 0.97320000 0.22980000
vn 0.00020000 0.97320000 0.22980000
vn -0.00000000 0.97320000 0.22980000
vn -0.00000000 0.97320000 0.22980000
vn 1.00000000 -0.00000000 0.00020000
vn -0.00000000 0.97320000 0.22980000
vn 1.00000000 -0.00000000 0.00020000
vn -0.00000000 0.97320000 0.22980000
vn -0.00000000 0.99980000 0.02140000
vn -0.00000000 0.97320000 0.22980000
vn 0.19510000 -0.22540000 0.95450000
vn 0.19510000 -0.22540000 0.95450000
vn 0.98070000 -0.04490000 0.19000000
vn 0.00020000 0.97320000 0.22970000
vn 0.00020000 0.97330000 0.22970000
vn 0.70700000 -0.16250000 0.68830000
vn 0.06520000 0.78180000 0.62010000
vn 0.06520000 0.78180000 0.62010000
vn -0.00000000 0.97320000 0.22980000
vn 0.00010000 0.97320000 0.22980000
vn 0.76290000 0.49640000 0.41420000
vn 0.28170000 0.74730000 0.60180000
vn -0.00000000 0.97320000 0.22980000
vn 0.00010000 0.97320000 0.22980000
vn 0.97310000 0.10340000 -0.20600000
vn -0.00000000 0.97320000 0.22980000
vn 0.18250000 0.44500000 -0.87670000
vn 0.18250000 0.44500000 -0.87670000
vn -0.00000000 0.97320000 0.22980000
vn 0.66600000 0.33660000 -0.66570000
vn -0.00000000 0.97320000 0.22980000
vn 0.98070000 -0.04490000 0.19000000
vn 0.19510000 -0.22540000 0.95450000
vn 0.19510000 -0.22540000 0.95450000
vn -0.00000000 0.97320000 0.22980000
vn 0.70700000 -0.16250000 0.68830000
vn -0.00000000 0.97320000 0.22980000
vn 0.19110000 0.44430000 -0.87530000
vn 0.06840000 0.99600000 0.05720000
vn 0.19110000 0.44430000 -0.87530000
vn 0.29290000 0.92620000 0.23770000
vn 0.98250000 0.08360000 -0.16650000
vn 0.18330000 0.97280000 0.14200000
vn 0.71250000 0.31650000 -0.62630000
vn 0.99150000 0.09990000 0.08350000
vn 0.19160000 0.90460000 0.38080000
vn 0.08200000 0.78040000 0.61990000
vn 0.08200000 0.78040000 0.61990000
vn 0.03160000 0.88490000 0.46470000
vn 0.52800000 0.65660000 0.53860000
vn 0.09290000 0.89750000 0.43110000
vn 0.00020000 0.97320000 0.22980000
vn 0.98080000 0.04480000 -0.18970000
vn 0.19510000 0.22540000 -0.95450000
vn 0.19510000 0.22540000 -0.95450000
vn -0.00000000 0.97320000 0.22980000
vn 0.70720000 0.16250000 -0.68810000
vn -0.00000000 0.97320000 0.22980000
vn -0.00000000 0.97320000 0.22980000
vn 0.19510000 0.22540000 -0.95450000
vn 0.19510000 0.22540000 -0.95450000
vn -0.00000000 0.97320000 0.22980000
vn 0.98080000 0.04480000 -0.18970000
vn 0.70720000 0.16250000 -0.68810000
vn -0.00000000 0.97320000 0.22980000
vn 0.98080000 0.06710000 -0.18300000
vn 0.32120000 0.90330000 0.28450000
vn 0.19510000 0.33750000 -0.92090000
vn 0.03860000 0.99860000 0.03520000
vn 0.19510000 0.33750000 -0.92090000
vn 0.70720000 0.24330000 -0.66390000
vn 0.19630000 0.96880000 0.15160000
vn 0.19510000 -0.33750000 0.92090000
vn 0.02050000 0.88210000 0.47050000
vn 0.19510000 -0.33750000 0.92090000
vn 0.98080000 -0.06720000 0.18330000
vn 0.29220000 0.89450000 0.33830000
vn 0.70700000 -0.24330000 0.66400000
vn 0.10890000 0.90000000 0.42200000
vn -0.00000000 0.93890000 0.34410000
vn 0.19510000 0.33750000 -0.92090000
vn 0.19510000 0.33750000 -0.92090000
vn 0.98080000 0.06710000 -0.18300000
vn -0.00000000 0.93890000 0.34410000
vn -0.00000000 0.93890000 0.34410000
vn 0.70720000 0.24330000 -0.66390000
vn -0.00000000 0.93890000 0.34410000
vn 0.98080000 -0.06720000 0.18330000
vn -0.00000000 0.93890000 0.34410000
vn 0.19510000 -0.33750000 0.92090000
vn 0.19510000 -0.33750000 0.92090000
vn -0.00000000 0.93890000 0.34410000
vn 0.70700000 -0.24330000 0.66400000
vn -0.00000000 0.93890000 0.34410000
vn -0.00000000 0.93890000 0.34410000
vn -0.00000000 0.93890000 0.34410000
vn -0.00000000 0.93890000 0.34410000
vn -0.00000000 0.97320000 0.22980000
vn -0.00000000 0.97320000 0.22980000
vn -0.00000000 0.97320000 0.22980000
vn -0.00000000 0.97320000 0.22980000
vn -0.00000000 0.97320000 0.22980000
vn -0.00000000 0.97320000 0.22980000
vn -0.00000000 -1.00000000 -0.00000000
vn -0.00000000 -0.00000000 1.00000000
vn -0.38280000 -0.92380000 -0.00000000
vn -0.00000000 0.99980000 0.02130000
vn -0.58440000 -0.81140000 -0.00210000
vn -0.94850000 -0.31680000 -0.00340000
vn -1.00000000 -0.00000000 -0.00000000
vn -0.00000000 0.99980000 0.02130000
vn -0.00000000 0.99980000 0.02140000
vn -1.00000000 -0.00000000 -0.00000000
vn -0.00000000 -1.00000000 -0.00000000
vn -0.00000000 -0.00000000 1.00000000
vn -0.00000000 -1.00000000 -0.00000000
vn -0.00000000 0.99980000 0.02140000
vn -1.00000000 -0.00000000 -0.00000000
vn -0.00000000 0.99980000 0.02130000
vn -1.00000000 -0.00000000 -0.00000000
vn -0.00000000 0.99980000 0.02130000
vn -0.00000000 0.99980000 0.02130000
vn -0.00000000 -0.00000000 -1.00000000
vn -0.00000000 -1.00000000 -0.00000000
vn -0.19520000 -0.98080000 -0.00000000
vn -0.00000000 -0.00000000 -1.00000000
vn -0.00000000 -0.00000000 1.00000000
vn -0.19520000 -0.98080000 -0.00000000
vn -0.00000000 -0.00000000 1.00000000
vn -0.00000000 -1.00000000 -0.00000000
vn -0.00000000 0.97320000 0.22980000
vn -0.00000000 0.97330000 0.22960000
vn -0.00000000 -0.00000000 -1.00000000
vn -0.00000000 0.22960000 -0.97330000
vn -0.00000000 0.97320000 0.22980000
vn -0.00000000 -1.00000000 -0.00000000
vn -0.00000000 -1.00000000 -0.00000000
vn -0.00000000 0.22960000 -0.97330000
vn -0.00000000 0.97330000 0.22960000
vn -0.00000000 0.99980000 0.02130000
vn -0.00000000 -0.84820000 -0.52970000
vn -0.00000000 -0.00000000 -1.00000000
vn -0.00000000 -1.00000000 -0.00000000
vn -0.00000000 -1.00000000 -0.00000000
vn -0.00000000 -1.00000000 -0.00000000
vn -0.00000000 -0.00000000 -1.00000000
vn -0.00000000 -1.00000000 -0.00000000
vn -0.00000000 0.99980000 0.02130000
vn 0.25170000 0.96760000 0.01820000
vn -0.00000000 -1.00000000 -0.00000000
vn -0.00000000 0.97320000 0.22980000
vn -0.00000000 0.78510000 0.61940000
vn -0.00000000 0.97320000 0.22980000
vn -0.00000000 0.45310000 -0.89140000
vn -0.00000000 -1.00000000 -0.00000000
vn -0.00000000 -1.00000000 -0.00000000
vn -0.00000000 0.78510000 0.61940000
vn -0.00000000 0.87660000 0.48110000
vn -0.00000000 0.45310000 -0.89140000
vn -0.00000000 1.00000000 0.00670000
vn -0.00000000 0.87660000 0.48110000
vn -0.00000000 -0.34410000 0.93890000
vn -0.00000000 0.34410000 -0.93890000
vn -0.00000000 1.00000000 0.00670000
vn -0.00000000 -0.34410000 0.93890000
vn -0.00000000 0.93890000 0.34410000
vn -0.00000000 0.93890000 0.34410000
vn -0.00000000 0.34410000 -0.93890000
vn -0.00000000 0.99980000 0.02130000
vn -0.00000000 -0.02140000 0.99980000
vn -0.00000000 0.99980000 0.02130000
vn -0.00000000 0.99980000 0.02140000
vn -0.00000000 -0.02140000 0.99980000
vn -0.00000000 0.97320000 0.22980000
vn -0.00000000 -0.22980000 0.97320000
vn -0.00000000 0.97320000 0.22980000
vn -0.00000000 -0.92180000 0.38760000
vn -0.00000000 -0.69950000 0.71460000
vn -0.00000000 -0.00000000 1.00000000
vn -0.00000000 0.99980000 0.02140000
vn -0.00000000 -0.00000000 1.00000000
vn -0.00000000 -0.96130000 -0.27550000
vn -0.00000000 0.99980000 0.02140000
vn -1.00000000 -0.00000000 -0.00000000
vn -0.00000000 0.97320000 0.22980000
vn -0.00000000 0.22980000 -0.97320000
vn -0.00000000 0.97320000 0.22980000
vn -0.00000000 -0.22980000 0.97320000
vn -0.00000000 0.22980000 -0.97320000
vn -0.00000000 0.97320000 0.22980000
vn -0.00000000 0.97320000 0.22980000
vn -0.00000000 0.97320000 0.22980000
vn -0.00000000 -1.00000000 -0.00000000
vn -0.00000000 -1.00000000 -0.00000000
vn -0.00000000 0.93890000 0.34410000
vn -0.00000000 0.93890000 0.34410000
vn -0.00000000 0.97320000 0.22980000
vn -0.00000000 0.97320000 0.22980000
vn -0.00000000 -1.00000000 -0.00000000
vn -0.00000000 -0.00000000 1.00000000
vn -0.00000000 0.99980000 0.02130000
vn -0.00000000 -0.00000000 -1.00000000
vn -0.00000000 -1.00000000 -0.00000000
vn -0.00000000 -0.00000000 1.00000000
vn -0.00000000 -1.00000000 -0.00000000
vn -0.00020000 0.02130000 -0.99980000
vn -0.02920000 0.99930000 0.02130000
vn -0.00000000 -0.02130000 0.99980000
vn -0.02920000 0.99930000 0.02130000
vn 0.13240000 0.99090000 0.02510000
vn 0.00050000 0.02080000 -0.99980000
vn -0.00950000 -0.07050000 0.99750000
vn 0.13140000 0.99110000 0.01860000
vn -0.00000000 -1.00000000 -0.00000000
vn -0.02920000 0.99930000 0.02130000
vn -0.05840000 0.99810000 0.02120000
vn -1.00000000 -0.00000000 0.00020000
vn -0.00000000 -1.00000000 -0.00000000
vn -0.00000000 0.99980000 0.02130000
vn -0.00000000 0.99980000 0.02130000
vn -0.19510000 -0.02090000 0.98060000
vn -0.00000000 0.99980000 0.02130000
vn -0.98080000 -0.00420000 0.19520000
vn -0.00000000 0.99980000 0.02130000
vn -0.00000000 0.99980000 0.02130000
vn -1.00000000 -0.00000000 0.00020000
vn -0.70710000 -0.01500000 0.70700000
vn -0.00000000 0.99980000 0.02130000
vn -0.98080000 0.00410000 -0.19490000
vn -0.00000000 0.99980000 0.02130000
vn -0.00000000 0.99980000 0.02130000
vn -0.19530000 0.02090000 -0.98050000
vn 0.95130000 -0.30830000 -0.00330000
vn 1.00000000 -0.00000000 -0.00000000
vn -0.70720000 0.01500000 -0.70680000
vn -0.00000000 0.99980000 0.02130000
vn -0.00000000 0.99980000 0.02130000
vn 0.98080000 -0.00410000 0.19500000
vn -0.00000000 0.99980000 0.02130000
vn 0.17060000 -0.02100000 0.98510000
vn 0.17060000 -0.02100000 0.98510000
vn 1.00000000 -0.00000000 -0.00000000
vn -0.00000000 0.99980000 0.02140000
vn -0.00000000 0.99980000 0.02130000
vn 0.68930000 -0.01540000 0.72430000
vn 0.17060000 0.02100000 -0.98510000
vn -0.00000000 0.99980000 0.02130000
vn 0.98080000 0.00420000 -0.19510000
vn -0.00000000 0.99980000 0.02130000
vn -0.00000000 -1.00000000 -0.00000000
vn 0.68930000 0.01540000 -0.72430000
vn -0.00000000 0.99980000 0.02130000
vn -0.00000000 0.99980000 0.02130000
vn 0.98080000 -0.00420000 0.19520000
vn 0.19510000 -0.02090000 0.98060000
vn 0.19510000 -0.02090000 0.98060000
vn -0.00000000 0.99980000 0.02130000
vn 0.58810000 -0.80880000 -0.00200000
vn -0.00000000 0.99980000 0.02130000
vn 0.70700000 -0.01500000 0.70700000
vn -0.00000000 0.99980000 0.02130000
vn 0.19530000 0.02090000 -0.98050000
vn -0.00000000 0.99980000 0.02130000
vn 0.98080000 0.00410000 -0.19490000
vn -0.00000000 0.99980000 0.02140000
vn 1.00000000 -0.00000000 -0.00000000
vn -0.00000000 0.99980000 0.02130000
vn 0.70720000 0.01500000 -0.70680000
vn -0.00000000 0.99980000 0.02130000
vn -0.98080000 0.00420000 -0.19520000
vn -0.19490000 0.02090000 -0.98060000
vn -0.00000000 0.99980000 0.02130000
vn 1.00000000 -0.00000000 -0.00000000
vn -0.00000000 0.99980000 0.02130000
vn -0.00000000 0.99980000 0.02130000
vn -0.70700000 0.01500000 -0.70710000
vn -0.00000000 0.99980000 0.02130000
vn -0.19510000 -0.02090000 0.98060000
vn -0.98080000 -0.00410000 0.19490000
vn -0.00000000 0.99980000 0.02130000
vn -0.00000000 -1.00000000 -0.00000000
vn -0.00000000 0.99980000 0.02130000
vn -0.70710000 -0.01500000 0.70690000
vn 0.98080000 0.00420000 -0.19510000
vn -0.00000000 0.99980000 0.02130000
vn 0.17060000 0.02100000 -0.98510000
vn -0.00000000 0.99980000 0.02130000
vn 0.68930000 0.01540000 -0.72430000
vn -0.00000000 0.99980000 0.02130000
vn -0.00000000 0.99980000 0.02130000
vn -0.19530000 0.02090000 -0.98050000
vn -0.98080000 0.00410000 -0.19490000
vn -0.00000000 0.99980000 0.02130000
vn -0.00000000 0.99980000 0.02130000
vn -0.70720000 0.01500000 -0.70680000
vn -0.98080000 -0.00420000 0.19520000
vn -0.00000000 0.99980000 0.02130000
vn -0.00000000 0.99980000 0.02130000
vn -0.19510000 -0.02090000 0.98060000
vn -0.70710000 -0.01500000 0.70700000
vn -0.00000000 0.99980000 0.02130000
vn -0.00000000 0.99980000 0.02130000
vn 0.17060000 -0.02100000 0.98510000
vn 0.17060000 -0.02100000 0.98510000
vn -0.00000000 0.99980000 0.02130000
vn 0.98080000 -0.00410000 0.19500000
vn 0.68930000 -0.01540000 0.72430000
vn -0.00000000 0.99980000 0.02130000
vn 0.98080000 0.00410000 -0.19490000
vn -0.00000000 0.99980000 0.02130000
vn -0.00000000 0.99980000 0.02130000
vn 0.19530000 0.02090000 -0.98050000
vn 0.70720000 0.01500000 -0.70680000
vn -0.00000000 0.99980000 0.02130000
vn 0.19510000 -0.02090000 0.98060000
vn -0.00000000 0.99980000 0.02130000
vn 0.19510000 -0.02090000 0.98060000
vn -0.00000000 0.99980000 0.02130000
vn 0.98080000 -0.00420000 0.19520000
vn -0.00000000 0.99980000 0.02130000
vn 0.70700000 -0.01500000 0.70700000
vn -0.00000000 0.99980000 0.02130000
vn -0.19490000 0.02090000 -0.98060000
vn -0.98080000 0.00420000 -0.19520000
vn -0.00000000 0.99980000 0.02130000
vn -0.00000000 0.99980000 0.02130000
vn -0.70700000 0.01500000 -0.70710000
vn -0.98080000 -0.00410000 0.19490000
vn -0.00000000 0.99980000 0.02130000
vn -0.00000000 0.99980000 0.02130000
vn -0.19510000 -0.02090000 0.98060000
vn -0.70710000 -0.01500000 0.70690000
vn -0.00000000 0.99980000 0.02130000
vn -0.00000000 0.99980000 0.02130000
vn -0.00000000 -1.00000000 -0.00000000
vn 0.12540000 0.99190000 0.01990000
vn -0.00000000 -1.00000000 -0.00000000
vn -0.00000000 -1.00000000 -0.00000000
vn 1.00000000 -0.00000000 -0.00000000
vn -0.00000000 0.99980000 0.02140000
vn 0.95020000 -0.31170000 -0.00330000
vn 1.00000000 -0.00000000 -0.00000000
vn -0.00000000 0.99980000 0.02130000
vn 1.00000000 -0.00000000 -0.00000000
vn -0.00000000 0.99980000 0.02140000
vn 1.00000000 -0.00000000 -0.00000000
vn 0.58660000 -0.80990000 -0.00210000
vn -0.00000000 -1.00000000 -0.00000000
vn -0.00000000 0.99980000 0.02130000
vn -0.00000000 -1.00000000 -0.00000000
vn -0.00000000 -1.00000000 -0.00000000
vn -1.00000000 -0.00000000 -0.00000000
vn -0.00000000 0.99980000 0.02140000
vn -1.00000000 -0.00000000 -0.00000000
vn -0.95020000 -0.31170000 -0.00330000
vn -1.00000000 -0.00000000 -0.00000000
vn -0.00000000 0.99980000 0.02130000
vn -0.00000000 0.99980000 0.02140000
vn -1.00000000 -0.00000000 -0.00000000
vn -0.58660000 -0.80990000 -0.00210000
vn -0.00000000 -1.00000000 -0.00000000
vn -0.00000000 0.99980000 0.02130000
vn -0.00000000 -1.00000000 -0.00000000
vn -0.00000000 -1.00000000 -0.00000000
vn -0.02920000 0.99930000 0.02130000
vn -1.00000000 -0.00000000 0.00020000
vn -0.05840000 0.99810000 0.02120000
vn -0.00000000 0.99980000 0.02130000
vn -1.00000000 -0.00000000 0.00020000
vn 0.25210000 0.96740000 0.02440000
vn -0.00000000 0.99980000 0.02130000
vn 0.12470000 0.99190000 0.02300000
vn -0.00000000 0.99980000 0.02130000
vn -0.00000000 0.99980000 0.02130000
vn -0.00000000 0.99980000 0.02130000
vn 0.00030000 0.02100000 -0.99980000
vn -0.00000000 0.99980000 0.02130000
vn 0.00030000 0.02100000 -0.99980000
vn -0.00000000 0.97320000 0.22980000
vn -0.00480000 -0.04590000 0.99890000
vn -0.00480000 -0.04590000 0.99890000
vn -0.00000000 0.99980000 0.02130000
vn -0.00000000 0.97320000 0.22980000
vn -0.00000000 -0.02130000 0.99980000
vn -0.00000000 -0.02130000 0.99980000
vn -0.00000000 0.99980000 0.02130000
vn -0.00000000 0.99980000 0.02130000
vn 0.00020000 0.02130000 -0.99980000
vn -0.00000000 0.99980000 0.02130000
vn 0.00020000 0.02130000 -0.99980000
vn -0.00000000 0.99980000 0.02130000
vn -0.00000000 0.99980000 0.02130000
vn -0.00000000 0.99980000 0.02130000
vn -0.00000000 0.97320000 0.22980000
vn -0.00000000 0.97330000 0.22960000
vn -0.00000000 -0.00000000 -1.00000000
vn -0.00000000 0.22960000 -0.97330000
vn -0.00000000 0.97320000 0.22980000
vn -0.00000000 -1.00000000 -0.00000000
vn -0.00000000 -1.00000000 -0.00000000
vn -0.00000000 0.22960000 -0.97330000
vn -0.00000000 0.97330000 0.22960000
vn -0.00000000 0.99980000 0.02130000
vn -0.00000000 0.99980000 0.02130000
vn -0.00020000 0.02130000 -0.99980000
vn -0.00000000 -0.00000000 -1.00000000
vn -0.00000000 -0.84820000 -0.52970000
vn -0.00000000 -1.00000000 -0.00000000
vn -0.00000000 -1.00000000 -0.00000000
vn -0.00000000 -1.00000000 -0.00000000
vn -0.00000000 -1.00000000 -0.00000000
vn -0.00000000 -0.00000000 -1.00000000
vn -0.00020000 0.02130000 -0.99980000
vn -0.00000000 0.99980000 0.02130000
vn -0.00000000 -1.00000000 -0.00000000
vn -0.00000000 0.78510000 0.61940000
vn -0.00000000 0.97320000 0.22980000
vn -0.00000000 0.45310000 -0.89140000
vn -0.00000000 0.97320000 0.22980000
vn -0.00000000 -1.00000000 -0.00000000
vn -0.00000000 -1.00000000 -0.00000000
vn -0.00000000 0.87660000 0.48110000
vn -0.00000000 0.78510000 0.61940000
vn -0.00000000 1.00000000 0.00670000
vn -0.00000000 0.45310000 -0.89140000
vn -0.00000000 0.87660000 0.48110000
vn -0.00000000 -0.34410000 0.93890000
vn -0.00000000 0.34410000 -0.93890000
vn -0.00000000 1.00000000 0.00670000
vn -0.00000000 -0.34410000 0.93890000
vn -0.00000000 0.93890000 0.34410000
vn -0.00000000 0.93890000 0.34410000
vn -0.00000000 0.34410000 -0.93890000
vn -0.00000000 -0.02130000 0.99980000
vn -0.00000000 0.97320000 0.22980000
vn -0.00000000 0.99980000 0.02130000
vn -0.00000000 0.99980000 0.02130000
vn -0.00000000 -0.02140000 0.99980000
vn -0.00000000 -0.02140000 0.99980000
vn -0.00000000 0.99980000 0.02140000
vn -0.00000000 0.97320000 0.22980000
vn -0.00000000 -0.22980000 0.97320000
vn -0.00000000 0.97320000 0.22980000
vn -0.00000000 -0.92180000 0.38760000
vn -0.00000000 -0.69950000 0.71460000
vn -0.00000000 -0.00000000 1.00000000
vn -0.00000000 0.99980000 0.02140000
vn -0.00000000 -0.00000000 1.00000000
vn -0.00000000 -0.96130000 -0.27550000
vn -0.00000000 0.99980000 0.02130000
vn -0.00000000 -0.02130000 0.99980000
vn -0.00000000 0.22980000 -0.97320000
vn -0.00000000 0.97320000 0.22980000
vn -0.00000000 0.97320000 0.22980000
vn -0.00000000 -0.22980000 0.97320000
vn -0.00000000 0.97320000 0.22980000
vn -0.00000000 0.22980000 -0.97320000
vn -0.00000000 0.22980000 -0.97320000
vn -0.00000000 0.97320000 0.22980000
vn -0.00000000 0.97320000 0.22980000
vn -0.00000000 -0.22980000 0.97320000
vn -0.00000000 -1.00000000 -0.00000000
vn -0.00000000 -1.00000000 -0.00000000
vn -0.00000000 0.22980000 -0.97320000
vn -0.00000000 0.97320000 0.22980000
vn -0.00000000 0.97320000 0.22980000
vn -0.00000000 -0.22980000 0.97320000
vn -0.00000000 0.93890000 0.34410000
vn -0.00000000 0.93890000 0.34410000
vn -0.00000000 0.97320000 0.22980000
vn -0.00000000 0.97320000 0.22980000
vn -0.00000000 -1.00000000 -0.00000000
vn -0.00000000 -0.00000000 1.00000000
vn -0.00000000 0.99980000 0.02130000
vn -0.00000000 -1.00000000 -0.00000000
vn -0.00000000 -0.00000000 -1.00000000
vn -0.00000000 -0.00000000 1.00000000
vn -0.00000000 -1.00000000 -0.00000000
vn -0.00000000 -1.00000000 -0.00000000
vn -0.00000000 -1.00000000 -0.00000000
vn -0.00000000 0.99980000 0.02130000
vn -0.00000000 0.99980000 0.02130000
vn -0.00000000 -0.02130000 0.99980000
vn -0.00000000 0.97320000 0.22980000
vn -0.00000000 0.99980000 0.02130000
vn -0.00000000 0.99980000 0.02130000
vn -0.00000000 -0.02140000 0.99980000
vn -0.00000000 0.99980000 0.02140000
vn -0.00000000 -0.02140000 0.99980000
vn -0.00000000 -0.22980000 0.97320000
vn -0.00000000 0.97320000 0.22980000
vn -0.00000000 0.97320000 0.22980000
vn -0.00000000 -0.92180000 0.38760000
vn -0.00000000 -0.00000000 1.00000000
vn -0.00000000 -0.69950000 0.71460000
vn -0.00000000 0.99980000 0.02140000
vn -0.00000000 -0.00000000 1.00000000
vn -0.00000000 -0.96130000 -0.27550000
vn -0.00000000 0.99980000 0.02130000
vn -0.00000000 -0.02130000 0.99980000
vn -0.00000000 0.22980000 -0.97320000
vn -0.00000000 0.97320000 0.22980000
vn -0.00000000 -0.22980000 0.97320000
vn -0.00000000 0.97320000 0.22980000
vn -0.00000000 0.97320000 0.22980000
vn -0.00000000 0.22980000 -0.97320000
vn -0.00000000 0.97320000 0.22980000
vn -0.00000000 0.97320000 0.22980000
vn -0.00000000 -0.00000000 1.00000000
vn -0.00000000 -1.00000000 -0.00000000
vn -0.00000000 0.99980000 0.02130000
vn -0.00000000 -0.00000000 1.00000000
vn -0.00000000 -1.00000000 -0.00000000
vn -0.00000000 0.99980000 0.02130000
vn -0.00000000 0.97320000 0.22980000
vn -0.00000000 0.97330000 0.22960000
vn -0.00000000 -0.00000000 -1.00000000
vn -0.00000000 0.97320000 0.22980000
vn -0.00000000 0.22960000 -0.97330000
vn -0.00000000 -1.00000000 -0.00000000
vn -0.00000000 -1.00000000 -0.00000000
vn -0.00000000 0.97330000 0.22960000
vn -0.00000000 0.22960000 -0.97330000
vn -0.00000000 0.99980000 0.02130000
vn -0.00030000 0.02130000 -0.99980000
vn -0.00000000 0.99980000 0.02130000
vn -0.00000000 -0.00000000 -1.00000000
vn -0.00000000 -0.84820000 -0.52970000
vn -0.00000000 -1.00000000 -0.00000000
vn -0.00000000 -1.00000000 -0.00000000
vn -0.00000000 -1.00000000 -0.00000000
vn -0.00000000 -0.00000000 -1.00000000
vn -0.00000000 -1.00000000 -0.00000000
vn -0.00000000 0.99980000 0.02130000
vn -0.00030000 0.02130000 -0.99980000
vn -0.00000000 -1.00000000 -0.00000000
vn -0.00000000 0.97320000 0.22980000
vn -0.00000000 0.78510000 0.61940000
vn -0.00000000 0.97320000 0.22980000
vn -0.00000000 0.45310000 -0.89140000
vn -0.00000000 -1.00000000 -0.00000000
vn -0.00000000 -1.00000000 -0.00000000
vn -0.00000000 0.78510000 0.61940000
vn -0.00000000 0.87660000 0.48110000
vn -0.00000000 1.00000000 0.00670000
vn -0.00000000 0.45310000 -0.89140000
vn -0.00000000 -0.34410000 0.93890000
vn -0.00000000 0.87660000 0.48110000
vn -0.00000000 0.34410000 -0.93890000
vn -0.00000000 1.00000000 0.00670000
vn -0.00000000 0.93890000 0.34410000
vn -0.00000000 -0.34410000 0.93890000
vn -0.00000000 0.34410000 -0.93890000
vn -0.00000000 0.93890000 0.34410000
vn -0.00000000 -1.00000000 -0.00000000
vn -0.00000000 -1.00000000 -0.00000000
vn -0.00000000 0.93890000 0.34410000
vn -0.00000000 0.93890000 0.34410000
vn -0.00000000 -1.00000000 -0.00000000
vn -0.00000000 -0.00000000 -1.00000000
vn -0.00000000 -1.00000000 -0.00000000
vn -0.00000000 -1.00000000 -0.00000000
vn -0.00000000 0.97320000 0.22980000
vn -0.00000000 0.97320000 0.22980000
vn -0.00000000 0.97320000 0.22980000
vn -0.00000000 0.99980000 0.02130000
vn -0.00000000 0.97320000 0.22980000
vn -0.00000000 0.97330000 0.22960000
vn -0.00000000 -0.00000000 -1.00000000
vn -0.00000000 0.97320000 0.22980000
vn -0.00000000 0.22960000 -0.97330000
vn -0.00000000 -1.00000000 -0.00000000
vn -0.00000000 -1.00000000 -0.00000000
vn -0.00000000 0.22960000 -0.97330000
vn -0.00000000 0.97330000 0.22960000
vn -0.00000000 0.99980000 0.02130000
vn -0.00000000 0.99980000 0.02130000
vn 0.00020000 0.02130000 -0.99980000
vn -0.00000000 -0.00000000 -1.00000000
vn -0.00000000 -0.84820000 -0.52970000
vn -0.00000000 -1.00000000 -0.00000000
vn -0.00000000 -1.00000000 -0.00000000
vn -0.00000000 -1.00000000 -0.00000000
vn -0.00000000 -1.00000000 -0.00000000
vn -0.00000000 -0.00000000 -1.00000000
vn -0.00000000 0.99980000 0.02130000
vn 0.00020000 0.02130000 -0.99980000
vn -0.00000000 -1.00000000 -0.00000000
vn -0.00000000 0.78510000 0.61940000
vn -0.00000000 0.97320000 0.22980000
vn -0.00000000 0.97320000 0.22980000
vn -0.00000000 0.45310000 -0.89140000
vn -0.00000000 -1.00000000 -0.00000000
vn -0.00000000 -1.00000000 -0.00000000
vn -0.00000000 0.78510000 0.61940000
vn -0.00000000 0.87660000 0.48110000
vn -0.00000000 0.45310000 -0.89140000
vn -0.00000000 1.00000000 0.00670000
vn -0.00000000 -0.34410000 0.93890000
vn -0.00000000 0.87660000 0.48110000
vn -0.00000000 1.00000000 0.00670000
vn -0.00000000 0.34410000 -0.93890000
vn -0.00000000 -0.34410000 0.93890000
vn -0.00000000 0.93890000 0.34410000
vn -0.00000000 0.34410000 -0.93890000
vn -0.00000000 0.93890000 0.34410000
vn -0.00000000 -0.02130000 0.99980000
vn -0.00000000 0.97320000 0.22980000
vn -0.00000000 0.99980000 0.02130000
vn -0.00000000 -0.02140000 0.99980000
vn -0.00000000 0.99980000 0.02130000
vn -0.00000000 0.99980000 0.02140000
vn -0.00000000 -0.02140000 0.99980000
vn -0.00000000 0.97320000 0.22980000
vn -0.00000000 -0.22980000 0.97320000
vn -0.00000000 0.97320000 0.22980000
vn -0.00000000 -0.92180000 0.38760000
vn -0.00000000 -0.69950000 0.71460000
vn -0.00000000 -0.00000000 1.00000000
vn -0.00000000 -0.00000000 1.00000000
vn -0.00000000 0.99980000 0.02140000
vn -0.00000000 -0.96130000 -0.27550000
vn -0.00000000 -0.02130000 0.99980000
vn -0.00000000 0.99980000 0.02130000
vn -0.00000000 0.22980000 -0.97320000
vn -0.00000000 0.97320000 0.22980000
vn -0.00000000 0.97320000 0.22980000
vn -0.00000000 -0.22980000 0.97320000
vn -0.00000000 0.22980000 -0.97320000
vn -0.00000000 0.97320000 0.22980000
vn -0.00000000 -1.00000000 -0.00000000
vn -0.00000000 -1.00000000 -0.00000000
vn -0.00000000 0.93890000 0.34410000
vn -0.00000000 0.93890000 0.34410000
vn -0.00000000 0.97320000 0.22980000
vn -0.00000000 -1.00000000 -0.00000000
vn -0.00000000 -0.00000000 1.00000000
vn -0.00000000 0.99980000 0.02130000
vn -0.00000000 -1.00000000 -0.00000000
vn -0.00000000 -0.00000000 -1.00000000
vn -0.00000000 -0.00000000 1.00000000
vn -0.00000000 -1.00000000 -0.00000000
vn -0.00000000 -1.00000000 -0.00000000
vn -0.00000000 -1.00000000 -0.00000000
vn -0.00000000 0.99980000 0.02130000
vn -0.00000000 0.99980000 0.02130000
vn -0.00000000 0.97320000 0.22980000
vn -0.00000000 0.97320000 0.22980000
vn -0.00000000 0.97320000 0.22980000
vn -0.00000000 0.97320000 0.22980000
vn -0.00000000 -0.02130000 0.99980000
vn -0.00000000 0.99980000 0.02130000
vn -0.00000000 -0.02140000 0.99980000
vn -0.00000000 0.99980000 0.02130000
vn -0.00000000 0.99980000 0.02140000
vn -0.00000000 -0.02140000 0.99980000
vn -0.00000000 0.97320000 0.22980000
vn -0.00000000 -0.22980000 0.97320000
vn -0.00000000 0.97320000 0.22980000
vn -0.00000000 -0.92180000 0.38760000
vn -0.00000000 -0.69950000 0.71460000
vn -0.00000000 -0.00000000 1.00000000
vn -0.00000000 -0.00000000 1.00000000
vn -0.00000000 0.99980000 0.02140000
vn -0.00000000 -0.96130000 -0.27550000
vn -0.00000000 -0.02130000 0.99980000
vn -0.00000000 0.99980000 0.02130000
vn -0.00000000 0.97320000 0.22980000
vn -0.00000000 0.22980000 -0.97320000
vn -0.00000000 -0.22980000 0.97320000
vn -0.00000000 0.97320000 0.22980000
vn -0.00000000 0.22980000 -0.97320000
vn -0.00000000 0.97320000 0.22980000
vn -0.00000000 0.97320000 0.22980000
vn -0.00000000 -1.00000000 -0.00000000
vn -0.00000000 -0.00000000 1.00000000
vn -0.00000000 0.99980000 0.02130000
vn -0.00000000 -1.00000000 -0.00000000
vn -0.00000000 -0.00000000 1.00000000
vn -0.00000000 -1.00000000 -0.00000000
vn -0.00000000 -1.00000000 -0.00000000
vn -0.00000000 0.99980000 0.02130000
vn -0.00000000 0.99980000 0.02130000
vn -0.00000000 0.97320000 0.22980000
vn -0.00000000 0.99980000 0.02130000
vn -0.00000000 -0.00000000 -1.00000000
vn -0.00000000 0.97330000 0.22960000
vn -0.00000000 0.22960000 -0.97330000
vn -0.00000000 0.97320000 0.22980000
vn -0.00000000 -1.00000000 -0.00000000
vn -0.00000000 -1.00000000 -0.00000000
vn -0.00000000 0.22960000 -0.97330000
vn -0.00000000 0.97330000 0.22960000
vn -0.00000000 0.99980000 0.02130000
vn 0.00020000 0.02130000 -0.99980000
vn -0.00000000 0.99980000 0.02130000
vn -0.00000000 -0.84820000 -0.52970000
vn -0.00000000 -0.00000000 -1.00000000
vn -0.00000000 -1.00000000 -0.00000000
vn -0.00000000 -1.00000000 -0.00000000
vn -0.00000000 -1.00000000 -0.00000000
vn -0.00000000 -0.00000000 -1.00000000
vn -0.00000000 -1.00000000 -0.00000000
vn 0.00020000 0.02130000 -0.99980000
vn -0.00000000 0.99980000 0.02130000
vn -0.00000000 -1.00000000 -0.00000000
vn -0.00000000 0.78510000 0.61940000
vn -0.00000000 0.97320000 0.22980000
vn -0.00000000 0.97320000 0.22980000
vn -0.00000000 0.45310000 -0.89140000
vn -0.00000000 -1.00000000 -0.00000000
vn -0.00000000 -1.00000000 -0.00000000
vn -0.00000000 0.87660000 0.48110000
vn -0.00000000 0.78510000 0.61940000
vn -0.00000000 0.45310000 -0.89140000
vn -0.00000000 1.00000000 0.00670000
vn -0.00000000 0.87660000 0.48110000
vn -0.00000000 -0.34410000 0.93890000
vn -0.00000000 0.34410000 -0.93890000
vn -0.00000000 1.00000000 0.00670000
vn -0.00000000 0.93890000 0.34410000
vn -0.00000000 -0.34410000 0.93890000
vn -0.00000000 0.34410000 -0.93890000
vn -0.00000000 0.93890000 0.34410000
vn -0.00000000 -1.00000000 -0.00000000
vn -0.00000000 -1.00000000 -0.00000000
vn -0.00000000 0.93890000 0.34410000
vn -0.00000000 0.93890000 0.34410000
vn -0.00000000 -1.00000000 -0.00000000
vn -0.00000000 -0.00000000 -1.00000000
vn -0.00000000 0.97320000 0.22980000
vn -0.00000000 0.97320000 0.22980000
vn -0.00000000 0.97320000 0.22980000
vn -0.00000000 -0.02130000 0.99980000
vn -0.00000000 0.97320000 0.22980000
vn -0.00000000 0.99980000 0.02130000
vn -0.00000000 -0.02140000 0.99980000
vn -0.00000000 0.99980000 0.02130000
vn -0.00000000 -0.02140000 0.99980000
vn -0.00000000 0.99980000 0.02140000
vn -0.00000000 0.97320000 0.22980000
vn -0.00000000 -0.22980000 0.97320000
vn -0.00000000 0.97320000 0.22980000
vn -0.00000000 -0.92180000 0.38760000
vn -0.00000000 -0.69950000 0.71460000
vn -0.00000000 -0.00000000 1.00000000
vn -0.00000000 -0.00000000 1.00000000
vn -0.00000000 0.99980000 0.02140000
vn -0.00000000 -0.96130000 -0.27550000
vn -0.00000000 -0.02130000 0.99980000
vn -0.00000000 0.99980000 0.02130000
vn -0.00000000 0.22980000 -0.97320000
vn -0.00000000 0.97320000 0.22980000
vn -0.00000000 0.97320000 0.22980000
vn -0.00000000 -0.22980000 0.97320000
vn -0.00000000 0.97320000 0.22980000
vn -0.00000000 0.22980000 -0.97320000
vn -0.00000000 0.97320000 0.22980000
vn -0.00000000 -0.00000000 1.00000000
vn -0.00000000 -1.00000000 -0.00000000
vn -0.00000000 0.99980000 0.02130000
vn -0.00000000 -0.00000000 1.00000000
vn -0.00000000 -1.00000000 -0.00000000
vn -0.00000000 -1.00000000 -0.00000000
vn -0.00000000 -1.00000000 -0.00000000
vn -0.00000000 0.99980000 0.02130000
vn -0.00000000 0.99980000 0.02130000
vn -0.00000000 0.97320000 0.22980000
vn -0.00000000 0.99980000 0.02130000
vn -0.00000000 0.97330000 0.22960000
vn -0.00000000 -0.00000000 -1.00000000
vn -0.00000000 0.22960000 -0.97330000
vn -0.00000000 0.97320000 0.22980000
vn -0.00000000 -1.00000000 -0.00000000
vn -0.00000000 -1.00000000 -0.00000000
vn -0.00000000 0.22960000 -0.97330000
vn -0.00000000 0.97330000 0.22960000
vn -0.00000000 0.99980000 0.02130000
vn 0.00020000 0.02130000 -0.99980000
vn -0.00000000 0.99980000 0.02130000
vn -0.00000000 -0.00000000 -1.00000000
vn -0.00000000 -0.84820000 -0.52970000
vn -0.00000000 -1.00000000 -0.00000000
vn -0.00000000 -1.00000000 -0.00000000
vn -0.00000000 -1.00000000 -0.00000000
vn -0.00000000 -1.00000000 -0.00000000
vn -0.00000000 -0.00000000 -1.00000000
vn -0.00000000 0.99980000 0.02130000
vn 0.00020000 0.02130000 -0.99980000
vn -0.00000000 -1.00000000 -0.00000000
vn -0.00000000 0.97320000 0.22980000
vn -0.00000000 0.78510000 0.61940000
vn -0.00000000 0.97320000 0.22980000
vn -0.00000000 0.45310000 -0.89140000
vn -0.00000000 -1.00000000 -0.00000000
vn -0.00000000 -1.00000000 -0.00000000
vn -0.00000000 0.78510000 0.61940000
vn -0.00000000 0.87660000 0.48110000
vn -0.00000000 0.45310000 -0.89140000
vn -0.00000000 1.00000000 0.00670000
vn -0.00000000 -0.34410000 0.93890000
vn -0.00000000 0.87660000 0.48110000
vn -0.00000000 0.34410000 -0.93890000
vn -0.00000000 1.00000000 0.00670000
vn -0.00000000 0.93890000 0.34410000
vn -0.00000000 -0.34410000 0.93890000
vn -0.00000000 0.34410000 -0.93890000
vn -0.00000000 0.93890000 0.34410000
vn -0.00000000 -1.00000000 -0.00000000
vn -0.00000000 -1.00000000 -0.00000000
vn -0.00000000 0.93890000 0.34410000
vn -0.00000000 0.93890000 0.34410000
vn -0.00000000 -1.00000000 -0.00000000
vn -0.00000000 -0.00000000 -1.00000000
vn -0.00000000 0.97320000 0.22980000
vn -0.00000000 0.97320000 0.22980000
vn -0.00000000 0.97320000 0.22980000
vn -0.00000000 0.97320000 0.22980000
vn -0.00000000 -0.02130000 0.99980000
vn -0.00000000 0.99980000 0.02130000
vn -0.00000000 -0.02140000 0.99980000
vn -0.00000000 0.99980000 0.02130000
vn -0.00000000 0.99980000 0.02140000
vn -0.00000000 -0.02140000 0.99980000
vn -0.00000000 0.97320000 0.22980000
vn -0.00000000 -0.22980000 0.97320000
vn -0.00000000 0.97320000 0.22980000
vn -0.00000000 -0.92180000 0.38760000
vn -0.00000000 -0.00000000 1.00000000
vn -0.00000000 -0.69950000 0.71460000
vn -0.00000000 -0.00000000 1.00000000
vn -0.00000000 0.99980000 0.02140000
vn -0.00000000 -0.96130000 -0.27550000
vn -0.00000000 -0.02130000 0.99980000
vn -0.00000000 0.99980000 0.02130000
vn -0.00000000 0.97320000 0.22980000
vn -0.00000000 0.22980000 -0.97320000
vn -0.00000000 -0.22980000 0.97320000
vn -0.00000000 0.97320000 0.22980000
vn -0.00000000 0.97320000 0.22980000
vn -0.00000000 0.22980000 -0.97320000
vn -0.00000000 0.97320000 0.22980000
vn -0.00000000 -0.00000000 1.00000000
vn -0.00000000 -1.00000000 -0.00000000
vn -0.00000000 0.99980000 0.02130000
vn -0.00000000 -0.00000000 1.00000000
vn -0.00000000 -1.00000000 -0.00000000
vn -0.00000000 -1.00000000 -0.00000000
vn -0.00000000 -1.00000000 -0.00000000
vn -0.00000000 0.99980000 0.02130000
vn -0.00000000 0.99980000 0.02130000
vn -0.00000000 0.97320000 0.22980000
vn -0.00000000 0.99980000 0.02130000
vn -0.00000000 -0.00000000 -1.00000000
vn -0.00000000 0.97330000 0.22960000
vn -0.00000000 0.97320000 0.22980000
vn -0.00000000 0.22960000 -0.97330000
vn -0.00000000 -1.00000000 -0.00000000
vn -0.00000000 -1.00000000 -0.00000000
vn -0.00000000 0.22960000 -0.97330000
vn -0.00000000 0.97330000 0.22960000
vn -0.00000000 0.99980000 0.02130000
vn 0.00010000 0.02130000 -0.99980000
vn -0.00000000 0.99980000 0.02130000
vn -0.00000000 -0.00000000 -1.00000000
vn -0.00000000 -0.84820000 -0.52970000
vn -0.00000000 -1.00000000 -0.00000000
vn -0.00000000 -1.00000000 -0.00000000
vn -0.00000000 -1.00000000 -0.00000000
vn -0.00000000 -1.00000000 -0.00000000
vn -0.00000000 -0.00000000 -1.00000000
vn 0.00010000 0.02130000 -0.99980000
vn -0.00000000 0.99980000 0.02130000
vn -0.00000000 -1.00000000 -0.00000000
vn -0.00000000 0.78510000 0.61940000
vn -0.00000000 0.97320000 0.22980000
vn -0.00000000 0.97320000 0.22980000
vn -0.00000000 0.45310000 -0.89140000
vn -0.00000000 -1.00000000 -0.00000000
vn -0.00000000 -1.00000000 -0.00000000
vn -0.00000000 0.78510000 0.61940000
vn -0.00000000 0.87660000 0.48110000
vn -0.00000000 0.45310000 -0.89140000
vn -0.00000000 1.00000000 0.00670000
vn -0.00000000 -0.34410000 0.93890000
vn -0.00000000 0.87660000 0.48110000
vn -0.00000000 1.00000000 0.00670000
vn -0.00000000 0.34410000 -0.93890000
vn -0.00000000 0.93890000 0.34410000
vn -0.00000000 -0.34410000 0.93890000
vn -0.00000000 0.34410000 -0.93890000
vn -0.00000000 0.93890000 0.34410000
vn -0.00000000 -1.00000000 -0.00000000
vn -0.00000000 -1.00000000 -0.00000000
vn -0.00000000 0.93890000 0.34410000
vn -0.00000000 0.93890000 0.34410000
vn -0.00000000 -1.00000000 -0.00000000
vn -0.00000000 -0.00000000 -1.00000000
vn -0.00000000 -0.02130000 0.99980000
vn -0.00000000 0.97320000 0.22980000
vn -0.00000000 0.99980000 0.02130000
vn -0.00000000 -0.02140000 0.99980000
vn -0.00000000 0.99980000 0.02130000
vn -0.00000000 -0.02140000 0.99980000
vn -0.00000000 0.99980000 0.02140000
vn -0.00000000 0.97320000 0.22980000
vn -0.00000000 -0.22980000 0.97320000
vn -0.00000000 0.97320000 0.22980000
vn -0.00000000 -0.92180000 0.38760000
vn -0.00000000 -0.00000000 1.00000000
vn -0.00000000 -0.69950000 0.71460000
vn -0.00000000 -0.00000000 1.00000000
vn -0.00000000 0.99980000 0.02140000
vn -0.00000000 -0.96130000 -0.27550000
vn -0.00000000 0.99980000 0.02130000
vn -0.00000000 -0.02130000 0.99980000
vn -0.00000000 0.97320000 0.22980000
vn -0.00000000 0.22980000 -0.97320000
vn -0.00000000 0.97320000 0.22980000
vn -0.00000000 -0.22980000 0.97320000
vn -0.00000000 0.22980000 -0.97320000
vn -0.00000000 0.97320000 0.22980000
vn -0.00000000 0.99980000 0.02130000
vn -0.00000000 0.97320000 0.22980000
vn -0.00000000 0.97330000 0.22960000
vn -0.00000000 -0.00000000 -1.00000000
vn -0.00000000 0.97320000 0.22980000
vn -0.00000000 0.22960000 -0.97330000
vn -0.00000000 -1.00000000 -0.00000000
vn -0.00000000 -1.00000000 -0.00000000
vn -0.00000000 0.97330000 0.22960000
vn -0.00000000 0.22960000 -0.97330000
vn -0.00000000 0.99980000 0.02130000
vn -0.00010000 0.02130000 -0.99980000
vn -0.00000000 0.99980000 0.02130000
vn -0.00000000 -0.84820000 -0.52970000
vn -0.00000000 -0.00000000 -1.00000000
vn -0.00000000 -1.00000000 -0.00000000
vn -0.00000000 -1.00000000 -0.00000000
vn -0.00000000 -1.00000000 -0.00000000
vn -0.00000000 -1.00000000 -0.00000000
vn -0.00000000 -0.00000000 -1.00000000
vn -0.00010000 0.02130000 -0.99980000
vn -0.00000000 0.99980000 0.02130000
vn -0.00000000 -1.00000000 -0.00000000
vn -0.00000000 0.78510000 0.61940000
vn -0.00000000 0.97320000 0.22980000
vn -0.00000000 0.97320000 0.22980000
vn -0.00000000 0.45310000 -0.89140000
vn -0.00000000 -1.00000000 -0.00000000
vn -0.00000000 -1.00000000 -0.00000000
vn -0.00000000 0.78510000 0.61940000
vn -0.00000000 0.87660000 0.48110000
vn -0.00000000 0.45310000 -0.89140000
vn -0.00000000 1.00000000 0.00670000
vn -0.00000000 -0.34410000 0.93890000
vn -0.00000000 0.87660000 0.48110000
vn -0.00000000 1.00000000 0.00670000
vn -0.00000000 0.34410000 -0.93890000
vn -0.00000000 -0.34410000 0.93890000
vn -0.00000000 0.93890000 0.34410000
vn -0.00000000 0.93890000 0.34410000
vn -0.00000000 0.34410000 -0.93890000
vn -0.00000000 -1.00000000 -0.00000000
vn -0.00000000 -1.00000000 -0.00000000
vn -0.00000000 0.97320000 0.22980000
vn -0.00000000 0.97320000 0.22980000
vn -0.00000000 0.93890000 0.34410000
vn -0.00000000 0.93890000 0.34410000
vn -0.00000000 0.97320000 0.22980000
vn -0.00000000 0.97320000 0.22980000
vn -0.00000000 0.99980000 0.02130000
vn -0.00000000 -0.00000000 1.00000000
vn -0.00000000 -1.00000000 -0.00000000
vn -0.00000000 -1.00000000 -0.00000000
vn -0.00000000 -0.00000000 -1.00000000
vn -0.00000000 -1.00000000 -0.00000000
vn -0.00000000 -0.00000000 1.00000000
vn -0.00000000 -1.00000000 -0.00000000
vn -0.00000000 -1.00000000 -0.00000000
vn -0.00000000 0.99980000 0.02130000
vn -0.00000000 0.99980000 0.02130000
vn -0.00000000 0.99980000 0.02130000
vn -0.00000000 0.97320000 0.22980000
vn -0.00000000 -0.00000000 -1.00000000
vn -0.00000000 0.97330000 0.22960000
vn -0.00000000 0.22960000 -0.97330000
vn -0.00000000 0.97320000 0.22980000
vn -0.00000000 -1.00000000 -0.00000000
vn -0.00000000 -1.00000000 -0.00000000
vn -0.00000000 0.22960000 -0.97330000
vn -0.00000000 0.97330000 0.22960000
vn -0.00000000 0.99980000 0.02130000
vn -0.00000000 0.99980000 0.02130000
vn -0.00020000 0.02130000 -0.99980000
vn -0.00000000 -0.84820000 -0.52970000
vn -0.00000000 -0.00000000 -1.00000000
vn -0.00000000 -1.00000000 -0.00000000
vn -0.00000000 -1.00000000 -0.00000000
vn -0.00000000 -1.00000000 -0.00000000
vn -0.00000000 -1.00000000 -0.00000000
vn -0.00000000 -0.00000000 -1.00000000
vn -0.00000000 0.99980000 0.02130000
vn -0.00020000 0.02130000 -0.99980000
vn -0.00000000 -1.00000000 -0.00000000
vn -0.00000000 0.78510000 0.61940000
vn -0.00000000 0.97320000 0.22980000
vn -0.00000000 0.45310000 -0.89140000
vn -0.00000000 0.97320000 0.22980000
vn -0.00000000 -1.00000000 -0.00000000
vn -0.00000000 -1.00000000 -0.00000000
vn -0.00000000 0.78510000 0.61940000
vn -0.00000000 0.87660000 0.48110000
vn -0.00000000 0.45310000 -0.89140000
vn -0.00000000 1.00000000 0.00670000
vn -0.00000000 -0.34410000 0.93890000
vn -0.00000000 0.87660000 0.48110000
vn -0.00000000 1.00000000 0.00670000
vn -0.00000000 0.34410000 -0.93890000
vn -0.00000000 0.93890000 0.34410000
vn -0.00000000 -0.34410000 0.93890000
vn -0.00000000 0.93890000 0.34410000
vn -0.00000000 0.34410000 -0.93890000
vn -0.00000000 -1.00000000 -0.00000000
vn -0.00000000 -1.00000000 -0.00000000
vn -0.00000000 0.93890000 0.34410000
vn -0.00000000 0.93890000 0.34410000
vn -0.00000000 -0.00000000 -1.00000000
vn -0.00000000 -1.00000000 -0.00000000
vn -0.00000000 -1.00000000 -0.00000000
vn -0.00000000 -1.00000000 -0.00000000
vn -0.00000000 0.99980000 0.02130000
vn -0.00000000 0.99980000 0.02130000
vn -0.00000000 0.97320000 0.22980000
vn -0.00000000 -0.02130000 0.99980000
vn -0.00000000 0.99980000 0.02130000
vn -0.00000000 0.99980000 0.02130000
vn -0.00000000 -0.02140000 0.99980000
vn -0.00000000 0.99980000 0.02140000
vn -0.00000000 -0.02140000 0.99980000
vn -0.00000000 0.97320000 0.22980000
vn -0.00000000 -0.22980000 0.97320000
vn -0.00000000 0.97320000 0.22980000
vn -0.00000000 -0.92180000 0.38760000
vn -0.00000000 -0.00000000 1.00000000
vn -0.00000000 -0.69950000 0.71460000
vn -0.00000000 0.99980000 0.02140000
vn -0.00000000 -0.00000000 1.00000000
vn -0.00000000 -0.96130000 -0.27550000
vn -0.00000000 0.99980000 0.02130000
vn -0.00000000 -0.02130000 0.99980000
vn -0.00000000 0.97320000 0.22980000
vn -0.00000000 0.22980000 -0.97320000
vn -0.00000000 -0.22980000 0.97320000
vn -0.00000000 0.97320000 0.22980000
vn -0.00000000 0.22980000 -0.97320000
vn -0.00000000 0.97320000 0.22980000
vn -0.00000000 0.97320000 0.22980000
vn -0.00000000 0.97320000 0.22980000
vn -0.00000000 0.97320000 0.22980000
vn -0.00000000 0.97320000 0.22980000
vn -0.00000000 0.99980000 0.02130000
vn -0.00000000 -0.00000000 1.00000000
vn -0.00000000 -1.00000000 -0.00000000
vn -0.00000000 -1.00000000 -0.00000000
vn -0.00000000 -0.00000000 1.00000000
vn -0.00000000 0.99980000 0.02130000
vn -0.00000000 0.97320000 0.22980000
vn -0.00000000 -0.00000000 -1.00000000
vn -0.00000000 0.97330000 0.22960000
vn -0.00000000 0.22960000 -0.97330000
vn -0.00000000 0.97320000 0.22980000
vn -0.00000000 -1.00000000 -0.00000000
vn -0.00000000 -1.00000000 -0.00000000
vn -0.00000000 0.22960000 -0.97330000
vn -0.00000000 0.97330000 0.22960000
vn -0.00000000 0.99980000 0.02130000
vn -0.00000000 0.99980000 0.02130000
vn -0.00020000 0.02130000 -0.99980000
vn -0.00000000 -0.00000000 -1.00000000
vn -0.00000000 -0.84820000 -0.52970000
vn -0.00000000 -1.00000000 -0.00000000
vn -0.00000000 -1.00000000 -0.00000000
vn -0.00000000 -1.00000000 -0.00000000
vn -0.00000000 -0.00000000 -1.00000000
vn -0.00000000 -1.00000000 -0.00000000
vn -0.00020000 0.02130000 -0.99980000
vn -0.00000000 0.99980000 0.02130000
vn -0.00000000 -1.00000000 -0.00000000
vn -0.00000000 0.97320000 0.22980000
vn -0.00000000 0.78510000 0.61940000
vn -0.00000000 0.97320000 0.22980000
vn -0.00000000 0.45310000 -0.89140000
vn -0.00000000 -1.00000000 -0.00000000
vn -0.00000000 -1.00000000 -0.00000000
vn -0.00000000 0.87660000 0.48110000
vn -0.00000000 0.78510000 0.61940000
vn -0.00000000 1.00000000 0.00670000
vn -0.00000000 0.45310000 -0.89140000
vn -0.00000000 -0.34410000 0.93890000
vn -0.00000000 0.87660000 0.48110000
vn -0.00000000 1.00000000 0.00670000
vn -0.00000000 0.34410000 -0.93890000
vn -0.00000000 -0.34410000 0.93890000
vn -0.00000000 0.93890000 0.34410000
vn -0.00000000 0.34410000 -0.93890000
vn -0.00000000 0.93890000 0.34410000
vn -0.00000000 -1.00000000 -0.00000000
vn -0.00000000 -1.00000000 -0.00000000
vn -0.00000000 0.93890000 0.34410000
vn -0.00000000 0.93890000 0.34410000
vn -0.00000000 -1.00000000 -0.00000000
vn -0.00000000 -0.00000000 -1.00000000
vn -0.00000000 -1.00000000 -0.00000000
vn -0.00000000 -1.00000000 -0.00000000
vn -0.00000000 0.99980000 0.02130000
vn -0.00000000 0.99980000 0.02130000
vn -0.00000000 -0.02130000 0.99980000
vn -0.00000000 0.97320000 0.22980000
vn -0.00000000 0.99980000 0.02130000
vn -0.00000000 -0.02140000 0.99980000
vn -0.00000000 0.99980000 0.02130000
vn -0.00000000 0.99980000 0.02140000
vn -0.00000000 -0.02140000 0.99980000
vn -0.00000000 0.97320000 0.22980000
vn -0.00000000 -0.22980000 0.97320000
vn -0.00000000 0.97320000 0.22980000
vn -0.00000000 -0.92180000 0.38760000
vn -0.00000000 -0.69950000 0.71460000
vn -0.00000000 -0.00000000 1.00000000
vn -0.00000000 -0.00000000 1.00000000
vn -0.00000000 0.99980000 0.02140000
vn -0.00000000 -0.96130000 -0.27550000
vn -0.00000000 0.99980000 0.02130000
vn -0.00000000 -0.02130000 0.99980000
vn -0.00000000 0.97320000 0.22980000
vn -0.00000000 0.22980000 -0.97320000
vn -0.00000000 -0.22980000 0.97320000
vn -0.00000000 0.97320000 0.22980000
vn -0.00000000 0.97320000 0.22980000
vn -0.00000000 0.22980000 -0.97320000
vn -0.00000000 0.97320000 0.22980000
vn -0.00000000 0.97320000 0.22980000
vn -0.00000000 0.97320000 0.22980000
vn -0.00000000 0.97320000 0.22980000
vn -0.00000000 0.99980000 0.02130000
vn -0.00000000 -1.00000000 -0.00000000
vn -0.00000000 -0.00000000 1.00000000
vn -0.00000000 -1.00000000 -0.00000000
vn -0.00000000 -0.00000000 1.00000000
vn -0.00000000 -0.02130000 0.99980000
vn -0.00000000 0.99980000 0.02130000
vn -0.00000000 -0.02130000 0.99980000
vn -0.00000000 0.99980000 0.02130000
vn -0.00000000 0.99980000 0.02130000
vn -0.00020000 0.02130000 -0.99980000
vn -0.00020000 0.02130000 -0.99980000
vn -0.00000000 0.99980000 0.02130000
vn -0.00000000 0.99980000 0.02130000
vn -0.00000000 0.97320000 0.22980000
vn -0.00000000 -0.00000000 -1.00000000
vn -0.00000000 0.97330000 0.22960000
vn -0.00000000 0.22960000 -0.97330000
vn -0.00000000 0.97320000 0.22980000
vn -0.00000000 -1.00000000 -0.00000000
vn -0.00000000 -1.00000000 -0.00000000
vn -0.00000000 0.97330000 0.22960000
vn -0.00000000 0.22960000 -0.97330000
vn -0.00000000 0.99980000 0.02130000
vn -0.00000000 0.99980000 0.02130000
vn -0.00020000 0.02130000 -0.99980000
vn -0.00000000 -0.00000000 -1.00000000
vn -0.00000000 -0.84820000 -0.52970000
vn -0.00000000 -1.00000000 -0.00000000
vn -0.00000000 -1.00000000 -0.00000000
vn -0.00000000 -1.00000000 -0.00000000
vn -0.00000000 -1.00000000 -0.00000000
vn -0.00000000 -0.00000000 -1.00000000
vn -0.00000000 0.99980000 0.02130000
vn -0.00020000 0.02130000 -0.99980000
vn -0.00000000 -1.00000000 -0.00000000
vn -0.00000000 0.97320000 0.22980000
vn -0.00000000 0.78510000 0.61940000
vn -0.00000000 0.97320000 0.22980000
vn -0.00000000 0.45310000 -0.89140000
vn -0.00000000 -1.00000000 -0.00000000
vn -0.00000000 -1.00000000 -0.00000000
vn -0.00000000 0.87660000 0.48110000
vn -0.00000000 0.78510000 0.61940000
vn -0.00000000 1.00000000 0.00670000
vn -0.00000000 0.45310000 -0.89140000
vn -0.00000000 0.87660000 0.48110000
vn -0.00000000 -0.34410000 0.93890000
vn -0.00000000 1.00000000 0.00670000
vn -0.00000000 0.34410000 -0.93890000
vn -0.00000000 0.93890000 0.34410000
vn -0.00000000 -0.34410000 0.93890000
vn -0.00000000 0.93890000 0.34410000
vn -0.00000000 0.34410000 -0.93890000
vn -0.00000000 -1.00000000 -0.00000000
vn -0.00000000 -1.00000000 -0.00000000
vn -0.00000000 0.93890000 0.34410000
vn -0.00000000 0.93890000 0.34410000
vn -0.00000000 -1.00000000 -0.00000000
vn -0.00000000 -0.00000000 -1.00000000
vn -0.00000000 -1.00000000 -0.00000000
vn -0.00000000 -1.00000000 -0.00000000
vn -0.00000000 0.99980000 0.02130000
vn -0.00000000 0.99980000 0.02130000
vn -0.00000000 -0.02130000 0.99980000
vn -0.00000000 0.97320000 0.22980000
vn -0.00000000 0.99980000 0.02130000
vn -0.00000000 -0.02140000 0.99980000
vn -0.00000000 0.99980000 0.02130000
vn -0.00000000 0.99980000 0.02140000
vn -0.00000000 -0.02140000 0.99980000
vn -0.00000000 0.97320000 0.22980000
vn -0.00000000 -0.22980000 0.97320000
vn -0.00000000 0.97320000 0.22980000
vn -0.00000000 -0.92180000 0.38760000
vn -0.00000000 -0.00000000 1.00000000
vn -0.00000000 -0.69950000 0.71460000
vn -0.00000000 -0.00000000 1.00000000
vn -0.00000000 0.99980000 0.02140000
vn -0.00000000 -0.96130000 -0.27550000
vn -0.00000000 -0.02130000 0.99980000
vn -0.00000000 0.99980000 0.02130000
vn -0.00000000 0.97320000 0.22980000
vn -0.00000000 0.22980000 -0.97320000
vn -0.00000000 -0.22980000 0.97320000
vn -0.00000000 0.97320000 0.22980000
vn -0.00000000 0.22980000 -0.97320000
vn -0.00000000 0.97320000 0.22980000
vn -0.00000000 0.22980000 -0.97320000
vn -0.00000000 0.97320000 0.22980000
vn -0.00000000 -0.22980000 0.97320000
vn -0.00000000 0.97320000 0.22980000
vn -0.00000000 0.22980000 -0.97320000
vn -0.00000000 0.97320000 0.22980000
vn -0.00000000 0.97320000 0.22980000
vn -0.00000000 -0.22980000 0.97320000
vn -0.00000000 0.97320000 0.22980000
vn -0.00000000 0.97320000 0.22980000
vn -0.00000000 -0.00000000 1.00000000
vn -0.00000000 -1.00000000 -0.00000000
vn -0.00000000 0.99980000 0.02130000
vn -0.00000000 -0.00000000 1.00000000
vn -0.00000000 -1.00000000 -0.00000000
vn -0.00000000 0.99980000 0.02130000
vn -0.00000000 -0.02130000 0.99980000
vn -0.00020000 0.02130000 -0.99980000
vn -0.00000000 0.99980000 0.02130000
vn -0.00000000 0.99980000 0.02130000
vn -0.00000000 0.97320000 0.22980000
vn -0.00000000 -0.00000000 -1.00000000
vn -0.00000000 0.97330000 0.22960000
vn -0.00000000 0.22960000 -0.97330000
vn -0.00000000 0.97320000 0.22980000
vn -0.00000000 -1.00000000 -0.00000000
vn -0.00000000 -1.00000000 -0.00000000
vn -0.00000000 0.22960000 -0.97330000
vn -0.00000000 0.97330000 0.22960000
vn -0.00000000 0.99980000 0.02130000
vn -0.00000000 0.99980000 0.02130000
vn -0.00020000 0.02130000 -0.99980000
vn -0.00000000 -0.00000000 -1.00000000
vn -0.00000000 -0.84820000 -0.52970000
vn -0.00000000 -1.00000000 -0.00000000
vn -0.00000000 -1.00000000 -0.00000000
vn -0.00000000 -1.00000000 -0.00000000
vn -0.00000000 -1.00000000 -0.00000000
vn -0.00000000 -0.00000000 -1.00000000
vn -0.00020000 0.02130000 -0.99980000
vn -0.00000000 0.99980000 0.02130000
vn -0.00000000 -1.00000000 -0.00000000
vn -0.00000000 0.97320000 0.22980000
vn -0.00000000 0.78510000 0.61940000
vn -0.00000000 0.97320000 0.22980000
vn -0.00000000 0.45310000 -0.89140000
vn -0.00000000 -1.00000000 -0.00000000
vn -0.00000000 -1.00000000 -0.00000000
vn -0.00000000 0.78510000 0.61940000
vn -0.00000000 0.87660000 0.48110000
vn -0.00000000 1.00000000 0.00670000
vn -0.00000000 0.45310000 -0.89140000
vn -0.00000000 0.87660000 0.48110000
vn -0.00000000 -0.34410000 0.93890000
vn -0.00000000 1.00000000 0.00670000
vn -0.00000000 0.34410000 -0.93890000
vn -0.00000000 0.93890000 0.34410000
vn -0.00000000 -0.34410000 0.93890000
vn -0.00000000 0.34410000 -0.93890000
vn -0.00000000 0.93890000 0.34410000
vn -0.00000000 -1.00000000 -0.00000000
vn -0.00000000 -1.00000000 -0.00000000
vn -0.00000000 0.93890000 0.34410000
vn -0.00000000 0.93890000 0.34410000
vn -0.00000000 -0.00000000 -1.00000000
vn -0.00000000 -1.00000000 -0.00000000
vn -0.00000000 -1.00000000 -0.00000000
vn -0.00000000 -1.00000000 -0.00000000
vn -0.00000000 0.99980000 0.02130000
vn -0.00000000 0.99980000 0.02130000
vn -0.00000000 0.99980000 0.02130000
vn -0.00000000 -0.02130000 0.99980000
vn -0.00020000 0.02130000 -0.99980000
vn -0.00000000 0.99980000 0.02130000
vn -0.00000000 -0.02130000 0.99980000
vn -0.00000000 0.97320000 0.22980000
vn -0.00000000 0.99980000 0.02130000
vn -0.00000000 0.99980000 0.02130000
vn -0.00000000 -0.02140000 0.99980000
vn -0.00000000 -0.02140000 0.99980000
vn -0.00000000 0.99980000 0.02140000
vn -0.00000000 0.97320000 0.22980000
vn -0.00000000 -0.22980000 0.97320000
vn -0.00000000 0.97320000 0.22980000
vn -0.00000000 -0.92180000 0.38760000
vn -0.00000000 -0.00000000 1.00000000
vn -0.00000000 -0.69950000 0.71460000
vn -0.00000000 0.99980000 0.02140000
vn -0.00000000 -0.00000000 1.00000000
vn -0.00000000 -0.96130000 -0.27550000
vn -0.00000000 -0.02130000 0.99980000
vn -0.00000000 0.99980000 0.02130000
vn -0.00000000 0.97320000 0.22980000
vn -0.00000000 0.22980000 -0.97320000
vn -0.00000000 -0.22980000 0.97320000
vn -0.00000000 0.97320000 0.22980000
vn -0.00000000 0.22980000 -0.97320000
vn -0.00000000 0.97320000 0.22980000
vn -0.00000000 0.97320000 0.22980000
vn -0.00000000 0.22980000 -0.97320000
vn -0.00000000 0.97320000 0.22980000
vn -0.00000000 -0.22980000 0.97320000
vn -0.00000000 0.97320000 0.22980000
vn -0.00000000 0.22980000 -0.97320000
vn -0.00000000 -0.22980000 0.97320000
vn -0.00000000 0.97320000 0.22980000
vn -0.00000000 0.97320000 0.22980000
vn -0.00000000 0.97320000 0.22980000
vn -0.00000000 -1.00000000 -0.00000000
vn -0.00000000 -0.00000000 1.00000000
vn -0.00000000 0.99980000 0.02130000
vn -0.00000000 -0.00000000 1.00000000
vn -0.00000000 -1.00000000 -0.00000000
vn -0.00000000 -1.00000000 -0.00000000
vn -0.00000000 -1.00000000 -0.00000000
vn -0.00000000 -1.00000000 -0.00000000
vn -0.00020000 0.02130000 -0.99980000
vn -0.00000000 0.99980000 0.02130000
vn -0.00000000 0.99980000 0.02140000
vn -0.00000000 -0.02140000 0.99980000
vn -0.00000000 0.99980000 0.02130000
vn -0.00000000 -0.00000000 -1.00000000
vn -0.00000000 -1.00000000 -0.00000000
vn -0.00000000 -0.02140000 0.99980000
vn -0.00000000 0.99980000 0.02130000
vn -0.00000000 -0.84820000 -0.52970000
vn -0.00000000 -0.00000000 -1.00000000
vn -0.00000000 0.97330000 0.22960000
vn -0.00000000 -0.00000000 -1.00000000
vn -0.00000000 0.97320000 0.22980000
vn -0.00000000 -0.02130000 0.99980000
vn -0.00000000 -1.00000000 -0.00000000
vn -0.00000000 -1.00000000 -0.00000000
vn -0.00000000 0.97320000 0.22980000
vn -0.00000000 0.97330000 0.22960000
vn -0.00000000 0.22960000 -0.97330000
vn -0.00000000 -0.69950000 0.71460000
vn -0.00000000 -0.00000000 1.00000000
vn -0.00000000 -0.92180000 0.38760000
vn -0.00000000 0.97320000 0.22980000
vn -0.00000000 0.22960000 -0.97330000
vn -0.00000000 0.97320000 0.22980000
vn -0.00000000 -0.96130000 -0.27550000
vn -0.00000000 0.99980000 0.02130000
vn -0.00000000 0.99980000 0.02130000
vn -0.00000000 -0.00000000 1.00000000
vn -0.00000000 0.99980000 0.02140000
vn -0.00020000 0.02130000 -0.99980000
vn -0.05840000 0.99810000 0.02120000
vn -0.00000000 -0.02130000 0.99980000
vn -0.05840000 0.99810000 0.02120000
vn -0.00000000 -1.00000000 -0.00000000
vn -0.00000000 -1.00000000 -0.00000000
vn -0.00000000 -1.00000000 -0.00000000
vn -0.00000000 0.97320000 0.22980000
vn -0.00000000 0.97320000 0.22980000
vn -0.00000000 -1.00000000 -0.00000000
vn -0.00000000 -1.00000000 -0.00000000
vn -0.00000000 0.97320000 0.22980000
vn -0.00000000 -0.22980000 0.97320000
vn -0.00000000 0.97320000 0.22980000
vn -0.00000000 -0.22980000 0.97320000
vn -0.00000000 0.78510000 0.61940000
vn -0.00000000 0.97320000 0.22980000
vn -0.00000000 0.87660000 0.48110000
vn -0.00000000 0.78510000 0.61940000
vn -0.00000000 0.45310000 -0.89140000
vn -0.00000000 0.97320000 0.22980000
vn -0.00000000 1.00000000 0.00670000
vn -0.00000000 0.45310000 -0.89140000
vn -0.00000000 0.97320000 0.22980000
vn -0.00000000 0.22980000 -0.97320000
vn -0.00000000 0.22980000 -0.97320000
vn -0.00000000 0.97320000 0.22980000
vn -0.00000000 0.34410000 -0.93890000
vn -0.00000000 1.00000000 0.00670000
vn -0.00000000 0.93890000 0.34410000
vn -0.00000000 0.34410000 -0.93890000
vn -0.00000000 -0.34410000 0.93890000
vn -0.00000000 0.87660000 0.48110000
vn -0.00000000 0.93890000 0.34410000
vn -0.00000000 -0.34410000 0.93890000
vn -0.00000000 0.93890000 0.34410000
vn -0.00000000 0.93890000 0.34410000
vn -0.00000000 0.97320000 0.22980000
vn -0.00000000 0.97320000 0.22980000
vn -0.00000000 0.99980000 0.02130000
vn -0.00000000 -1.00000000 -0.00000000
vn -0.00000000 -0.00000000 1.00000000
vn -0.00000000 -0.00000000 -1.00000000
vn -0.00000000 -1.00000000 -0.00000000
vn -0.00000000 -1.00000000 -0.00000000
vn -0.00000000 -0.00000000 1.00000000
vn -0.00000000 -1.00000000 -0.00000000
vn -0.05840000 0.99810000 0.02120000
vn -0.00000000 -1.00000000 -0.00000000
vn -0.05840000 0.99810000 0.02120000
vn -0.00000000 -1.00000000 -0.00000000
vn 0.54050000 -0.84130000 -0.00270000
vn 0.90810000 -0.41870000 -0.00450000
vn 1.00000000 -0.00000000 -0.00000000
vn 1.00000000 -0.00000000 -0.00000000
vn -0.00000000 0.99980000 0.02140000
vn -0.00000000 -1.00000000 -0.00000000
vn -0.00000000 -1.00000000 -0.00000000
vn 1.00000000 -0.00000000 -0.00000000
vn -0.00000000 0.99980000 0.02140000
vn -0.00000000 0.99980000 0.02130000
vn 1.00000000 -0.00000000 -0.00000000
vn -0.00000000 0.99980000 0.02130000
vn -0.00000000 0.99980000 0.02130000
vn -0.00000000 0.99980000 0.02130000
vn -0.00020000 0.02130000 -0.99980000
vn -0.00010000 0.99980000 0.02130000
vn -0.00000000 -1.00000000 -0.00000000
vn -0.54050000 -0.84130000 -0.00270000
vn -1.00000000 -0.00000000 -0.00000000
vn -0.90810000 -0.41870000 -0.00450000
vn -1.00000000 -0.00000000 -0.00000000
vn -0.00000000 0.99980000 0.02140000
vn -0.00000000 -1.00000000 -0.00000000
vn -0.00000000 -1.00000000 -0.00000000
vn -0.00000000 0.99980000 0.02140000
vn -1.00000000 -0.00000000 -0.00000000
vn -1.00000000 -0.00000000 -0.00000000
vn -0.00000000 0.99980000 0.02130000
vn -0.00000000 0.99980000 0.02130000
vn -0.00000000 0.99980000 0.02130000
vn 0.00010000 0.99980000 0.02130000
vn -0.00000000 -1.00000000 -0.00000000
vn -0.00000000 0.99980000 0.02130000
vn -0.00010000 0.02130000 -0.99980000
vn -0.00000000 -1.00000000 -0.00000000
vn -0.00000000 -1.00000000 -0.00000000
vn -0.00010000 0.02130000 -0.99980000
vn -0.00000000 0.99980000 0.02130000
vn -0.00000000 -1.00000000 -0.00000000
vn -0.00000000 -1.00000000 -0.00000000
vn -0.00000000 -1.00000000 -0.00000000
vn -0.00000000 -1.00000000 -0.00000000
vn -0.00000000 -1.00000000 -0.00000000
vn -0.00000000 -1.00000000 -0.00000000
vn -0.00000000 -1.00000000 -0.00000000
vn -0.00000000 -1.00000000 -0.00000000
vn -0.00000000 -1.00000000 -0.00000000
vn -0.00000000 -1.00000000 -0.00000000
vn -0.00000000 0.99980000 0.02130000
vn 0.00020000 -0.02130000 0.99980000
vn -0.00000000 0.99980000 0.02130000
vn -0.00000000 0.99980000 0.02130000
vn -0.00000000 0.99980000 0.02130000
vn -0.00000000 0.99980000 0.02130000
vn -0.00000000 -1.00000000 -0.00000000
vn 0.00020000 -0.02130000 0.99980000
vn -0.00000000 0.99980000 0.02130000
vn -0.00000000 0.99980000 0.02130000
vn 0.00020000 -0.02130000 0.99980000
vn -0.00000000 -1.00000000 -0.00000000
vn -0.00000000 -1.00000000 -0.00000000
vn -0.00000000 -1.00000000 -0.00000000
vn -0.00000000 -1.00000000 -0.00000000
vn -0.00000000 -1.00000000 -0.00000000
vn 0.57120000 -0.82080000 -0.00230000
vn 0.93740000 -0.34820000 -0.00370000
vn 1.00000000 -0.00000000 -0.00000000
vn 1.00000000 -0.00000000 -0.00000000
vn -0.00000000 0.99980000 0.02140000
vn -0.00000000 -1.00000000 -0.00000000
vn -0.00000000 -1.00000000 -0.00000000
vn -0.00000000 0.99980000 0.02140000
vn 1.00000000 -0.00000000 -0.00000000
vn 1.00000000 -0.00000000 -0.00000000
vn -0.00000000 0.99980000 0.02130000
vn -0.00000000 0.99980000 0.02130000
vn -0.00000000 -1.00000000 -0.00000000
vn -0.57120000 -0.82080000 -0.00230000
vn -0.93740000 -0.34820000 -0.00370000
vn -1.00000000 -0.00000000 -0.00000000
vn -0.00000000 0.99980000 0.02140000
vn -1.00000000 -0.00000000 -0.00000000
vn -0.00000000 -1.00000000 -0.00000000
vn -0.00000000 -1.00000000 -0.00000000
vn -0.00000000 0.99980000 0.02140000
vn -1.00000000 -0.00000000 -0.00000000
vn -0.00000000 0.99980000 0.02130000
vn -1.00000000 -0.00000000 -0.00000000
vn -0.00000000 0.99980000 0.02130000
vn -0.00000000 -1.00000000 -0.00000000
vn -0.00000000 -1.00000000 -0.00000000
vn -0.00000000 -1.00000000 -0.00000000
vn -0.00000000 -1.00000000 -0.00000000
vn -0.00000000 -1.00000000 -0.00000000
vn -0.00000000 -1.00000000 -0.00000000
vn -0.00000000 -1.00000000 -0.00000000
vn -0.00000000 -1.00000000 -0.00000000
vn 0.00010000 0.99980000 0.02140000
vn 0.00080000 0.99990000 0.01350000
vn -0.00000000 0.99980000 0.02130000
vn -0.00060000 0.99980000 0.02170000
vn -0.00160000 0.99980000 0.01830000
vn -0.00000000 0.99980000 0.02130000
vn -0.00000000 -1.00000000 -0.00000000
vn -0.00060000 0.99990000 0.01300000
vn -0.00050000 0.99990000 0.01360000
vn -0.00000000 -1.00000000 -0.00000000
vn -0.00000000 -1.00000000 -0.00000000
vn -0.00000000 -1.00000000 -0.00000000
vn -0.00000000 -1.00000000 -0.00000000
vn -0.00000000 0.99980000 0.02130000
vn -0.00020000 0.99980000 0.02070000
vn -0.00120000 0.99980000 0.01740000
vn 0.00050000 0.99980000 0.01880000
vn -0.00060000 0.99980000 0.01780000
vn 0.00070000 0.99980000 0.02030000
vn -0.00000000 -1.00000000 -0.00000000
vn 0.58290000 -0.81260000 -0.00210000
vn 1.00000000 -0.00000000 -0.00000000
vn 0.94720000 -0.32050000 -0.00340000
vn 1.00000000 -0.00000000 -0.00000000
vn -0.00000000 0.99980000 0.02140000
vn -0.00000000 -1.00000000 -0.00000000
vn -0.00000000 -1.00000000 -0.00000000
vn 1.00000000 -0.00000000 -0.00000000
vn -0.00000000 0.99980000 0.02140000
vn -0.00000000 0.99980000 0.02130000
vn 1.00000000 -0.00000000 -0.00000000
vn -0.00000000 0.99980000 0.02130000
vn -0.00000000 -1.00000000 -0.00000000
vn -0.58290000 -0.81260000 -0.00210000
vn -1.00000000 -0.00000000 -0.00000000
vn -0.94720000 -0.32050000 -0.00340000
vn -0.00000000 0.99980000 0.02140000
vn -1.00000000 -0.00000000 -0.00000000
vn -0.00000000 -1.00000000 -0.00000000
vn -0.00000000 -1.00000000 -0.00000000
vn -1.00000000 -0.00000000 -0.00000000
vn -0.00000000 0.99980000 0.02140000
vn -1.00000000 -0.00000000 -0.00000000
vn -0.00000000 0.99980000 0.02130000
vn -0.00000000 0.99980000 0.02130000
vn 0.00060000 0.99990000 0.01480000
vn -0.00000000 -1.00000000 -0.00000000
vn -0.00000000 -1.00000000 -0.00000000
vn 0.00060000 0.99980000 0.01900000
vn -0.00000000 0.99980000 0.02130000
vn -0.00000000 0.99980000 0.02130000
vn -0.00000000 0.99980000 0.02130000
vn -0.00000000 -1.00000000 -0.00000000
vn -0.00000000 -1.00000000 -0.00000000
vn -0.00000000 -1.00000000 -0.00000000
vn -0.00000000 -1.00000000 -0.00000000
vn -0.00000000 -1.00000000 -0.00000000
vn -0.00000000 -1.00000000 -0.00000000
vn -0.00000000 -1.00000000 -0.00000000
vn 0.56210000 -0.82710000 -0.00240000
vn 1.00000000 -0.00000000 -0.00000000
vn 0.92940000 -0.36920000 -0.00400000
vn -0.00000000 0.99980000 0.02140000
vn 1.00000000 -0.00000000 -0.00000000
vn -0.00000000 -1.00000000 -0.00000000
vn -0.00000000 -1.00000000 -0.00000000
vn 1.00000000 -0.00000000 -0.00000000
vn -0.00000000 0.99980000 0.02140000
vn 1.00000000 -0.00000000 -0.00000000
vn -0.00000000 0.99980000 0.02130000
vn -0.00000000 0.99980000 0.02130000
vn -0.00000000 -1.00000000 -0.00000000
vn -0.56210000 -0.82710000 -0.00240000
vn -0.92940000 -0.36920000 -0.00400000
vn -1.00000000 -0.00000000 -0.00000000
vn -0.00000000 0.99980000 0.02140000
vn -1.00000000 -0.00000000 -0.00000000
vn -0.00000000 -1.00000000 -0.00000000
vn -0.00000000 -1.00000000 -0.00000000
vn -0.00000000 0.99980000 0.02140000
vn -1.00000000 -0.00000000 -0.00000000
vn -1.00000000 -0.00000000 -0.00000000
vn -0.00000000 0.99980000 0.02130000
vn -0.00000000 0.99980000 0.02130000
vn -0.00000000 -1.00000000 -0.00000000
vn -0.00000000 -1.00000000 -0.00000000
vn -0.00000000 -1.00000000 -0.00000000
vn -0.00000000 -1.00000000 -0.00000000
vn -0.00000000 -1.00000000 -0.00000000
vn -0.00000000 -1.00000000 -0.00000000
vn -0.00000000 -1.00000000 -0.00000000
vn -0.00000000 -1.00000000 -0.00000000
vn -0.00000000 0.99980000 0.02130000
vn -0.00020000 0.02130000 -0.99980000
vn -0.00000000 0.99980000 0.02130000
vn -0.00000000 0.99980000 0.02130000
vn -0.00000000 0.99980000 0.02130000
vn -0.00000000 0.99980000 0.02130000
vn -0.00000000 -1.00000000 -0.00000000
vn -0.00020000 0.02130000 -0.99980000
vn -0.00000000 0.99980000 0.02130000
vn -0.00020000 0.02130000 -0.99980000
vn -0.00000000 0.99980000 0.02130000
vn -0.00000000 -1.00000000 -0.00000000
vn -0.00000000 -1.00000000 -0.00000000
vn -0.00000000 -1.00000000 -0.00000000
vn -0.00000000 -1.00000000 -0.00000000
vn -0.00000000 -1.00000000 -0.00000000
vn 0.55210000 -0.83380000 -0.00250000
vn 1.00000000 -0.00000000 -0.00000000
vn 0.91970000 -0.39270000 -0.00420000
vn -0.00000000 0.99980000 0.02140000
vn 1.00000000 -0.00000000 -0.00000000
vn -0.00000000 -1.00000000 -0.00000000
vn -0.00000000 -1.00000000 -0.00000000
vn -0.00000000 0.99980000 0.02140000
vn 1.00000000 -0.00000000 -0.00000000
vn 1.00000000 -0.00000000 -0.00000000
vn -0.00000000 0.99980000 0.02130000
vn -0.00000000 0.99980000 0.02130000
vn -0.00000000 -1.00000000 -0.00000000
vn -0.55210000 -0.83380000 -0.00250000
vn -1.00000000 -0.00000000 -0.00000000
vn -0.91970000 -0.39270000 -0.00420000
vn -0.00000000 0.99980000 0.02140000
vn -1.00000000 -0.00000000 -0.00000000
vn -0.00000000 -1.00000000 -0.00000000
vn -0.00000000 -1.00000000 -0.00000000
vn -0.00000000 0.99980000 0.02140000
vn -1.00000000 -0.00000000 -0.00000000
vn -0.00000000 0.99980000 0.02130000
vn -1.00000000 -0.00000000 -0.00000000
vn -0.00000000 0.99980000 0.02130000
vn -0.00000000 -1.00000000 -0.00000000
vn -0.00000000 -1.00000000 -0.00000000
vn -0.00000000 -1.00000000 -0.00000000
vn -0.00000000 -1.00000000 -0.00000000
vn -0.00000000 -1.00000000 -0.00000000
vn -0.00000000 -1.00000000 -0.00000000
vn -0.00000000 -1.00000000 -0.00000000
vn -0.00000000 -1.00000000 -0.00000000
vn -0.00000000 0.99980000 0.02130000
vn 0.00020000 -0.02130000 0.99980000
vn -0.00000000 0.99980000 0.02130000
vn -0.00000000 0.99980000 0.02130000
vn -0.00000000 0.99980000 0.02130000
vn -0.00000000 0.99980000 0.02130000
vn -0.00000000 -1.00000000 -0.00000000
vn -0.00000000 0.99980000 0.02130000
vn 0.00010000 -0.02130000 0.99980000
vn 0.00010000 -0.02130000 0.99980000
vn -0.00000000 0.99980000 0.02130000
vn -0.00000000 -1.00000000 -0.00000000
vn -0.00000000 -1.00000000 -0.00000000
vn -0.00000000 -1.00000000 -0.00000000
vn -0.00000000 -1.00000000 -0.00000000
vn -0.00000000 -1.00000000 -0.00000000
vn 0.52750000 -0.84950000 -0.00280000
vn 0.89380000 -0.44850000 -0.00480000
vn 1.00000000 -0.00000000 -0.00000000
vn -0.00000000 0.99980000 0.02140000
vn 1.00000000 -0.00000000 -0.00000000
vn -0.00000000 -1.00000000 -0.00000000
vn -0.00000000 -1.00000000 -0.00000000
vn 1.00000000 -0.00000000 -0.00000000
vn -0.00000000 0.99980000 0.02140000
vn 1.00000000 -0.00000000 -0.00000000
vn -0.00000000 0.99980000 0.02130000
vn -0.00000000 0.99980000 0.02130000
vn -0.00000000 -1.00000000 -0.00000000
vn -0.52750000 -0.84950000 -0.00280000
vn -1.00000000 -0.00000000 -0.00000000
vn -0.89380000 -0.44850000 -0.00480000
vn -1.00000000 -0.00000000 -0.00000000
vn -0.00000000 0.99980000 0.02140000
vn -0.00000000 -1.00000000 -0.00000000
vn -0.00000000 -1.00000000 -0.00000000
vn -1.00000000 -0.00000000 -0.00000000
vn -0.00000000 0.99980000 0.02140000
vn -0.00000000 0.99980000 0.02130000
vn -1.00000000 -0.00000000 -0.00000000
vn -0.00000000 0.99980000 0.02130000
vn -0.00000000 -1.00000000 -0.00000000
vn -0.00000000 -1.00000000 -0.00000000
vn -0.00000000 -1.00000000 -0.00000000
vn -0.00000000 -1.00000000 -0.00000000
vn -0.00000000 -1.00000000 -0.00000000
vn -0.00000000 -1.00000000 -0.00000000
vn -0.00000000 -1.00000000 -0.00000000
vn -0.00000000 -1.00000000 -0.00000000
vn -0.00000000 0.99980000 0.02130000
vn -0.00000000 0.99980000 0.02130000
vn 0.00010000 -0.02130000 0.99980000
vn -0.00010000 0.99980000 0.02130000
vn -0.00000000 0.99980000 0.02130000
vn 0.00010000 0.99980000 0.02130000
vn -0.00000000 -1.00000000 -0.00000000
vn -0.00000000 0.99980000 0.02130000
vn 0.00010000 -0.02130000 0.99980000
vn 0.00010000 -0.02130000 0.99980000
vn -0.00000000 0.99980000 0.02130000
vn -0.00000000 -1.00000000 -0.00000000
vn -0.00000000 -1.00000000 -0.00000000
vn -0.00000000 -1.00000000 -0.00000000
vn -0.00000000 -1.00000000 -0.00000000
vn -0.00000000 -1.00000000 -0.00000000
vn 0.49480000 -0.86900000 -0.00320000
vn 0.85410000 -0.52000000 -0.00560000
vn 1.00000000 -0.00000000 -0.00000000
vn -0.00000000 0.99980000 0.02140000
vn 1.00000000 -0.00000000 -0.00000000
vn -0.00000000 -1.00000000 -0.00000000
vn -0.00000000 -1.00000000 -0.00000000
vn 1.00000000 -0.00000000 -0.00000000
vn -0.00000000 0.99980000 0.02140000
vn -0.00000000 0.99980000 0.02130000
vn 1.00000000 -0.00000000 -0.00000000
vn -0.00000000 0.99980000 0.02130000
vn -0.00000000 -1.00000000 -0.00000000
vn -0.49480000 -0.86900000 -0.00320000
vn -0.85410000 -0.52000000 -0.00560000
vn -1.00000000 -0.00000000 -0.00000000
vn -1.00000000 -0.00000000 -0.00000000
vn -0.00000000 0.99980000 0.02140000
vn -0.00000000 -1.00000000 -0.00000000
vn -0.00000000 -1.00000000 -0.00000000
vn -0.00000000 0.99980000 0.02140000
vn -1.00000000 -0.00000000 -0.00000000
vn -0.00000000 0.99980000 0.02130000
vn -1.00000000 -0.00000000 -0.00000000
vn -0.00000000 0.99980000 0.02130000
vn -0.00000000 -1.00000000 -0.00000000
vn -0.00000000 -1.00000000 -0.00000000
vn -0.00000000 -1.00000000 -0.00000000
vn -0.00000000 -1.00000000 -0.00000000
vn -0.00000000 -1.00000000 -0.00000000
vn -0.00000000 -1.00000000 -0.00000000
vn -0.00000000 -1.00000000 -0.00000000
vn -0.00000000 -1.00000000 -0.00000000
vn -0.00000000 0.99980000 0.02130000
vn -0.00010000 0.99980000 0.02130000
vn -0.00000000 0.99980000 0.02130000
vn 0.00010000 0.99980000 0.02130000
vn -0.00000000 -1.00000000 -0.00000000
vn -0.00000000 -1.00000000 -0.00000000
vn -0.00000000 -1.00000000 -0.00000000
vn -0.00000000 -1.00000000 -0.00000000
vn -0.00000000 -1.00000000 -0.00000000
vn -0.00000000 0.99980000 0.02130000
vn 1.00000000 -0.00000000 -0.00010000
vn -0.00000000 0.99980000 0.02130000
vn -1.00000000 -0.00000000 0.00010000
vn 1.00000000 -0.00000000 -0.00020000
vn -0.00000000 0.99980000 0.02130000
vn -0.00000000 0.99980000 0.02130000
vn -1.00000000 -0.00000000 0.00010000
vn -0.00000000 0.99980000 0.02130000
vn -0.00000000 0.99980000 0.02130000
vn -0.00010000 0.02130000 -0.99980000
vn -0.00010000 0.99980000 0.02130000
vn -0.00000000 0.99980000 0.02130000
vn 0.00010000 0.99980000 0.02130000
vn -0.00000000 -1.00000000 -0.00000000
vn -0.00010000 0.02130000 -0.99980000
vn -0.00000000 0.99980000 0.02130000
vn -0.00000000 0.99980000 0.02130000
vn -0.00010000 0.02130000 -0.99980000
vn -0.00000000 -1.00000000 -0.00000000
vn -0.00000000 -1.00000000 -0.00000000
vn -0.00000000 -1.00000000 -0.00000000
vn -0.00000000 -1.00000000 -0.00000000
vn -0.00000000 -1.00000000 -0.00000000
vn 0.51220000 -0.85880000 -0.00300000
vn 0.87640000 -0.48160000 -0.00520000
vn 1.00000000 -0.00000000 -0.00000000
vn 1.00000000 -0.00000000 -0.00000000
vn -0.00000000 0.99980000 0.02140000
vn -0.00000000 -1.00000000 -0.00000000
vn -0.00000000 -1.00000000 -0.00000000
vn -0.00000000 0.99980000 0.02140000
vn 1.00000000 -0.00000000 -0.00000000
vn 1.00000000 -0.00000000 -0.00000000
vn -0.00000000 0.99980000 0.02130000
vn -0.00000000 0.99980000 0.02130000
vn -0.00000000 -1.00000000 -0.00000000
vn -0.51220000 -0.85880000 -0.00300000
vn -1.00000000 -0.00000000 -0.00000000
vn -0.87640000 -0.48160000 -0.00520000
vn -0.00000000 0.99980000 0.02140000
vn -1.00000000 -0.00000000 -0.00000000
vn -0.00000000 -1.00000000 -0.00000000
vn -0.00000000 -1.00000000 -0.00000000
vn -0.00000000 0.99980000 0.02140000
vn -1.00000000 -0.00000000 -0.00000000
vn -0.00000000 0.99980000 0.02130000
vn -1.00000000 -0.00000000 -0.00000000
vn -0.00000000 0.99980000 0.02130000
vn -0.00000000 -1.00000000 -0.00000000
vn -0.00000000 -1.00000000 -0.00000000
vn -0.00000000 -1.00000000 -0.00000000
vn -0.00000000 -1.00000000 -0.00000000
vn -0.00000000 -1.00000000 -0.00000000
vn -0.00000000 -1.00000000 -0.00000000
vn -0.00000000 -1.00000000 -0.00000000
vn -0.00000000 -1.00000000 -0.00000000
vn -0.00000000 -1.00000000 -0.00000000
vn 0.47380000 -0.88060000 -0.00330000
vn 0.82620000 -0.56330000 -0.00590000
vn 1.00000000 -0.00000000 -0.00000000
vn 1.00000000 -0.00000000 -0.00000000
vn -0.00000000 0.99980000 0.02140000
vn -0.00000000 -1.00000000 -0.00000000
vn -0.00000000 -1.00000000 -0.00000000
vn 1.00000000 -0.00000000 -0.00000000
vn -0.00000000 0.99980000 0.02140000
vn -0.00000000 0.99980000 0.02130000
vn 1.00000000 -0.00000000 -0.00000000
vn -0.00010000 0.99980000 0.02130000
vn -0.00000000 -1.00000000 -0.00000000
vn -0.47370000 -0.88070000 -0.00330000
vn -1.00000000 -0.00000000 -0.00000000
vn -0.82610000 -0.56350000 -0.00590000
vn -1.00000000 -0.00000000 -0.00000000
vn -0.00000000 0.99980000 0.02140000
vn -0.00000000 -1.00000000 -0.00000000
vn -0.00000000 -1.00000000 -0.00000000
vn -0.00000000 0.99980000 0.02140000
vn -1.00000000 -0.00000000 -0.00000000
vn -1.00000000 -0.00000000 -0.00000000
vn -0.00000000 0.99980000 0.02130000
vn 0.00010000 0.99980000 0.02130000
vn -0.00000000 -1.00000000 -0.00000000
vn -0.00000000 -1.00000000 -0.00000000
vn -0.00000000 -1.00000000 -0.00000000
vn -0.00000000 -1.00000000 -0.00000000
vn -0.00000000 -1.00000000 -0.00000000
vn -0.00000000 -1.00000000 -0.00000000
vn -0.00000000 -1.00000000 -0.00000000
vn -0.00000000 -1.00000000 -0.00000000
vn -0.00000000 0.99980000 0.02130000
vn -0.00010000 0.99980000 0.02130000
vn -0.00000000 0.99980000 0.02130000
vn 0.00010000 0.99980000 0.02130000
vn -0.00000000 -1.00000000 -0.00000000
vn -0.00000000 -1.00000000 -0.00000000
vn -0.00000000 -1.00000000 -0.00000000
vn -0.00000000 -1.00000000 -0.00000000
vn -0.00000000 -1.00000000 -0.00000000
vn 1.00000000 -0.00000000 -0.00010000
vn -0.00000000 0.99980000 0.02130000
vn -0.00000000 0.99980000 0.02130000
vn -1.00000000 -0.00000000 0.00010000
vn 1.00000000 -0.00000000 -0.00020000
vn -0.00000000 0.99980000 0.02130000
vn -0.00000000 0.99980000 0.02130000
vn -1.00000000 -0.00000000 0.00010000
vn 0.40550000 -0.91410000 0.00440000
vn -0.00000000 -1.00000000 -0.00000000
vn -0.00000000 -0.00000000 1.00000000
vn 0.43230000 -0.90170000 -0.00440000
vn 1.00000000 -0.00000000 -0.00000000
vn 0.77550000 -0.63140000 -0.00740000
vn -0.00000000 0.99980000 0.02140000
vn 1.00000000 -0.00000000 -0.00000000
vn -0.00000000 -0.00000000 1.00000000
vn -0.00000000 -1.00000000 -0.00000000
vn -0.00000000 -1.00000000 -0.00000000
vn 1.00000000 -0.00000000 -0.00000000
vn -0.00000000 0.99980000 0.02140000
vn 1.00000000 -0.00000000 -0.00000000
vn -0.00000000 0.99980000 0.02130000
vn -0.00010000 0.99980000 0.02130000
vn -0.40550000 -0.91410000 0.00440000
vn -0.00000000 -0.00000000 1.00000000
vn -0.00000000 -1.00000000 -0.00000000
vn -0.43210000 -0.90180000 -0.00430000
vn -1.00000000 -0.00000000 -0.00000000
vn -0.77530000 -0.63150000 -0.00720000
vn -1.00000000 -0.00000000 -0.00000000
vn -0.00000000 0.99980000 0.02140000
vn -0.00000000 -1.00000000 -0.00000000
vn -0.00000000 -0.00000000 1.00000000
vn -0.00000000 -1.00000000 -0.00000000
vn -0.00000000 0.99980000 0.02140000
vn -1.00000000 -0.00000000 -0.00000000
vn -1.00000000 -0.00000000 -0.00000000
vn -0.00000000 0.99980000 0.02130000
vn 0.00010000 0.99980000 0.02130000
vn -0.00020000 0.99980000 0.01750000
vn 0.19720000 -0.02030000 0.98020000
vn -0.00000000 -1.00000000 -0.00000000
vn -0.00000000 -0.00000000 1.00000000
vn -0.00000000 -0.00000000 1.00000000
vn -0.00000000 -1.00000000 -0.00000000
vn 0.00020000 0.99980000 0.02140000
vn -0.00000000 0.99980000 0.02130000
vn -0.00000000 0.99980000 0.02130000
vn -0.00000000 0.99980000 0.02130000
vn -0.00000000 -1.00000000 -0.00000000
vn -0.00000000 -0.00000000 1.00000000
vn -0.00000000 -0.00000000 1.00000000
vn -0.00000000 -1.00000000 -0.00000000
vn -0.00000000 -1.00000000 -0.00000000
vn -0.00000000 -0.00000000 1.00000000
vn -0.00000000 -0.00000000 1.00000000
vn -0.00000000 -1.00000000 -0.00000000
vn -0.00000000 -1.00000000 -0.00000000
vn -0.00000000 -0.00000000 1.00000000
vn -0.00000000 -0.00000000 1.00000000
vn -0.00000000 -1.00000000 -0.00000000
vn -0.00010000 0.99980000 0.02130000
vn -0.00080000 0.99990000 0.01320000
vn -0.00010000 0.99980000 0.02130000
vn 0.00040000 0.99980000 0.02150000
vn 0.00090000 0.99980000 0.01770000
vn 0.00010000 0.99980000 0.02130000
vn -0.00000000 -0.00000000 1.00000000
vn -0.00000000 -1.00000000 -0.00000000
vn 0.00050000 0.99990000 0.01300000
vn 0.00010000 0.99990000 0.01280000
vn -0.00000000 -1.00000000 -0.00000000
vn -0.00000000 -0.00000000 1.00000000
vn -0.00000000 -0.00000000 1.00000000
vn -0.00000000 -1.00000000 -0.00000000
vn -0.00000000 -1.00000000 -0.00000000
vn -0.00000000 -0.00000000 1.00000000
vn -0.00000000 -0.00000000 1.00000000
vn -0.00000000 -1.00000000 -0.00000000
vn -0.00000000 0.99980000 0.02130000
vn 0.00030000 0.99980000 0.02010000
vn 0.00100000 0.99990000 0.01430000
vn -0.00040000 0.99980000 0.01880000
vn 0.00050000 0.99980000 0.01790000
vn -0.00070000 0.99980000 0.01920000
vn 0.00010000 -0.02130000 0.99980000
vn -0.00000000 0.99980000 0.02130000
vn -0.00000000 0.99980000 0.02130000
vn -0.00020000 0.02130000 -0.99980000
vn 0.00010000 -0.02130000 0.99980000
vn -0.00000000 0.99980000 0.02130000
vn -0.00010000 0.02130000 -0.99980000
vn -0.00000000 0.99980000 0.02130000
vn -0.00000000 0.99980000 0.02130000
vn 0.00010000 -0.02130000 0.99980000
vn -0.00010000 0.02130000 -0.99980000
vn -0.00000000 0.99980000 0.02130000
vn 0.00020000 -0.02130000 0.99980000
vn -0.00000000 0.99980000 0.02130000
vn -0.00000000 0.99980000 0.02130000
vn 0.00020000 -0.02130000 0.99980000
vn 0.00020000 -0.02130000 0.99980000
vn -0.00000000 0.99980000 0.02130000
vn -0.00000000 0.99980000 0.02130000
vn 0.00020000 -0.02130000 0.99980000
vn -0.00020000 0.02130000 -0.99980000
vn -0.00000000 0.99980000 0.02130000
vn 0.00010000 -0.02130000 0.99980000
vn -0.00000000 0.99980000 0.02130000
vn -0.00020000 0.02130000 -0.99980000
vn -0.00000000 0.99980000 0.02130000
vn -0.00000000 0.99980000 0.02130000
vn 0.00010000 -0.02130000 0.99980000
vn -0.00000000 0.99980000 0.02130000
vn -0.00020000 0.02130000 -0.99980000
vn -0.00000000 0.99980000 0.02130000
vn -0.00000000 0.99980000 0.02130000
vn -0.00000000 0.99980000 0.02130000
vn -0.00000000 0.99980000 0.02130000
vn -0.00000000 0.99980000 0.02130000
vn -0.00000000 0.99980000 0.02130000
vn -0.00000000 0.99980000 0.02130000
vn 1.00000000 -0.00000000 -0.00010000
vn 1.00000000 -0.00000000 -0.00010000
vn -0.00000000 0.99980000 0.02130000
vn -0.00000000 0.99980000 0.02130000
vn -1.00000000 -0.00000000 0.00010000
vn -1.00000000 -0.00000000 0.00010000
vn -0.00000000 0.99980000 0.02130000
vn -0.00000000 0.99980000 0.02130000
vn 1.00000000 -0.00000000 -0.00020000
vn 1.00000000 -0.00000000 -0.00020000
vn -0.00000000 0.99980000 0.02130000
vn -0.00000000 0.99980000 0.02130000
vn -1.00000000 -0.00000000 0.00010000
vn -1.00000000 -0.00000000 0.00010000
vn -0.00000000 0.99980000 0.02130000
vn -0.00000000 0.99980000 0.02130000
vn -0.00010000 0.02130000 -0.99980000
vn -0.00010000 0.02130000 -0.99980000
vn -0.00000000 0.99980000 0.02130000
vn -0.00000000 0.99980000 0.02130000
vn -0.00010000 0.02130000 -0.99980000
vn -0.00000000 -1.00000000 -0.00000000
vn 0.57870000 -0.81550000 -0.00220000
vn 1.00000000 -0.00000000 -0.00000000
vn 0.94390000 -0.33020000 -0.00350000
vn 1.00000000 -0.00000000 -0.00000000
vn -0.00000000 0.99980000 0.02140000
vn -0.00000000 -1.00000000 -0.00000000
vn -0.00000000 -1.00000000 -0.00000000
vn -0.00000000 0.99980000 0.02140000
vn 1.00000000 -0.00000000 -0.00000000
vn -0.00000000 0.99980000 0.02130000
vn 1.00000000 -0.00000000 -0.00000000
vn -0.00000000 0.99980000 0.02130000
vn -0.00000000 -1.00000000 -0.00000000
vn -0.57870000 -0.81550000 -0.00220000
vn -1.00000000 -0.00000000 -0.00000000
vn -0.94390000 -0.33020000 -0.00350000
vn -1.00000000 -0.00000000 -0.00000000
vn -0.00000000 0.99980000 0.02140000
vn -0.00000000 -1.00000000 -0.00000000
vn -0.00000000 -1.00000000 -0.00000000
vn -0.00000000 0.99980000 0.02140000
vn -1.00000000 -0.00000000 -0.00000000
vn -1.00000000 -0.00000000 -0.00000000
vn -0.00000000 0.99980000 0.02130000
vn -0.00000000 0.99980000 0.02130000
vn -0.00000000 -1.00000000 -0.00000000
vn -0.00000000 -1.00000000 -0.00000000
vn -0.00000000 -1.00000000 -0.00000000
vn -0.00000000 -1.00000000 -0.00000000
vn -0.00000000 -1.00000000 -0.00000000
vn -0.00000000 -1.00000000 -0.00000000
vn -0.00000000 -1.00000000 -0.00000000
vn -0.00000000 -1.00000000 -0.00000000
vn 0.00010000 0.99980000 0.02140000
vn -0.00000000 0.99980000 0.02130000
vn -0.00050000 0.99980000 0.02220000
vn -0.00000000 0.99980000 0.02130000
vn -0.00000000 -1.00000000 -0.00000000
vn -0.00000000 -1.00000000 -0.00000000
vn -0.00000000 -1.00000000 -0.00000000
vn -0.00000000 -1.00000000 -0.00000000
vn -0.00000000 -1.00000000 -0.00000000
vn -0.00020000 0.02150000 -0.99980000
vn -0.00000000 0.99980000 0.02130000
vn -0.00020000 0.02150000 -0.99980000
vn -0.00000000 0.99980000 0.02130000
vn -0.00020000 0.02140000 -0.99980000
vn -0.00000000 0.99980000 0.02130000
vn -0.00010000 0.99980000 0.02140000
vn -0.00010000 0.99980000 0.02130000
vn 0.00030000 0.99980000 0.02180000
vn 0.00010000 0.99980000 0.02130000
vn -0.00000000 -1.00000000 -0.00000000
vn -0.00000000 -0.00000000 -1.00000000
vn -0.00000000 -0.00000000 -1.00000000
vn -0.00000000 -1.00000000 -0.00000000
vn -0.00000000 -1.00000000 -0.00000000
vn -0.00000000 -0.00000000 -1.00000000
vn -0.00000000 -1.00000000 -0.00000000
vn -0.00000000 -0.00000000 -1.00000000
vn -0.00000000 -1.00000000 -0.00000000
vn -0.00000000 -0.00000000 -1.00000000
vn -0.00000000 -0.00000000 -1.00000000
vn -0.00000000 -1.00000000 -0.00000000
vn 0.40550000 -0.91410000 0.00440000
vn 0.44680000 -0.89460000 -0.00400000
vn 1.00000000 -0.00000000 -0.00000000
vn 0.79930000 -0.60080000 -0.00720000
vn 1.00000000 -0.00000000 -0.00000000
vn -0.00000000 0.99980000 0.02140000
vn -0.00000000 -1.00000000 -0.00000000
vn -0.00000000 -0.00000000 -1.00000000
vn -0.00000000 -1.00000000 -0.00000000
vn 1.00000000 -0.00000000 -0.00000000
vn -0.00000000 0.99980000 0.02140000
vn -0.00000000 0.99980000 0.02130000
vn 1.00000000 -0.00000000 -0.00000000
vn -0.00010000 0.99980000 0.02130000
vn -0.40550000 -0.91410000 0.00440000
vn -0.00000000 -1.00000000 -0.00000000
vn -0.00000000 -0.00000000 -1.00000000
vn -0.44770000 -0.89420000 -0.00390000
vn -0.79740000 -0.60340000 -0.00720000
vn -1.00000000 -0.00000000 -0.00000000
vn -1.00000000 -0.00000000 -0.00000000
vn -0.00000000 0.99980000 0.02140000
vn -0.00000000 -1.00000000 -0.00000000
vn -0.00000000 -0.00000000 -1.00000000
vn -0.00000000 -1.00000000 -0.00000000
vn -0.00000000 0.99980000 0.02140000
vn -1.00000000 -0.00000000 -0.00000000
vn -1.00000000 -0.00000000 -0.00000000
vn -0.00000000 0.99980000 0.02130000
vn 0.00010000 0.99980000 0.02130000
vn -0.00000000 -0.00000000 -1.00000000
vn -0.00000000 -1.00000000 -0.00000000
vn -0.00000000 -1.00000000 -0.00000000
vn -0.00000000 -0.00000000 -1.00000000
vn -0.00000000 -0.00000000 -1.00000000
vn -0.00000000 -1.00000000 -0.00000000
vn -0.00000000 -1.00000000 -0.00000000
vn -0.00000000 -0.00000000 -1.00000000
vn -0.00000000 -0.00000000 -1.00000000
vn -0.00000000 -1.00000000 -0.00000000
vn -0.00000000 -1.00000000 -0.00000000
vn -0.00000000 -0.00000000 -1.00000000
vn -0.00000000 -1.00000000 -0.00000000
vn -0.00000000 -0.00000000 -1.00000000
vn -0.00000000 -1.00000000 -0.00000000
vn -0.00000000 -0.00000000 -1.00000000
vn -0.00000000 -0.02110000 0.99980000
vn -0.00000000 0.99980000 0.02130000
vn -0.00000000 -0.02110000 0.99980000
vn -0.00000000 0.99980000 0.02130000
vn -0.00000000 0.99980000 0.02130000
vn -0.00000000 -0.02110000 0.99980000
vn -0.00160000 1.00000000 0.00510000
vn -0.00000000 -0.02110000 0.99980000
vn -0.00100000 1.00000000 0.00590000
vn -0.00020000 0.02140000 -0.99980000
vn -0.00000000 -0.02110000 0.99980000
vn 0.00100000 1.00000000 0.00480000
vn -0.00000000 -0.02110000 0.99980000
vn 0.00020000 1.00000000 0.00440000
vn -0.00120000 1.00000000 0.00480000
vn -0.00020000 0.02150000 -0.99980000
vn 0.00170000 1.00000000 0.00580000
vn -0.00020000 0.02150000 -0.99980000
vn -0.98080000 0.00420000 -0.19520000
vn -0.00000000 0.99980000 0.02130000
vn -0.00000000 0.99980000 0.02130000
vn -0.19500000 0.02090000 -0.98060000
vn -0.19500000 0.02090000 -0.98060000
vn -0.00000000 0.99980000 0.02130000
vn -0.70700000 0.01500000 -0.70710000
vn 0.19520000 0.02090000 -0.98050000
vn -0.00000000 0.99980000 0.02130000
vn -0.00000000 0.99980000 0.02130000
vn 0.98080000 0.00410000 -0.19490000
vn -0.00000000 0.99980000 0.02130000
vn 0.70720000 0.01500000 -0.70690000
vn -0.98080000 0.00420000 -0.19510000
vn -0.00000000 0.99980000 0.02130000
vn -0.00000000 0.99980000 0.02130000
vn -0.19500000 0.02090000 -0.98060000
vn -0.70700000 0.01500000 -0.70700000
vn -0.00000000 0.99980000 0.02130000
vn -0.00000000 0.99980000 0.02130000
vn 0.19520000 0.02090000 -0.98050000
vn 0.98080000 0.00410000 -0.19500000
vn -0.00000000 0.99980000 0.02130000
vn -0.00000000 0.99980000 0.02130000
vn 0.70720000 0.01500000 -0.70690000
vn -0.98080000 0.00420000 -0.19510000
vn -0.00000000 0.99980000 0.02130000
vn -0.00000000 0.99980000 0.02130000
vn -0.19500000 0.02090000 -0.98060000
vn -0.70710000 0.01500000 -0.70700000
vn -0.00000000 0.99980000 0.02130000
vn -0.00000000 0.99980000 0.02130000
vn 0.19520000 0.02090000 -0.98050000
vn -0.00000000 0.99980000 0.02130000
vn 0.98080000 0.00410000 -0.19500000
vn -0.00000000 0.99980000 0.02130000
vn 0.70710000 0.01500000 -0.70690000
vn -0.98080000 0.00410000 -0.19500000
vn -0.00000000 0.99980000 0.02130000
vn -0.19520000 0.02090000 -0.98050000
vn -0.00000000 0.99980000 0.02130000
vn -0.00000000 0.99980000 0.02130000
vn -0.70720000 0.01500000 -0.70690000
vn -0.00000000 0.99980000 0.02130000
vn 0.19500000 0.02090000 -0.98060000
vn 0.19500000 0.02090000 -0.98060000
vn -0.00000000 0.99980000 0.02130000
vn 0.98080000 0.00420000 -0.19510000
vn -0.00000000 0.99980000 0.02130000
vn 0.70700000 0.01500000 -0.70700000
vn -0.98080000 0.00410000 -0.19500000
vn -0.00000000 0.99980000 0.02130000
vn -0.19520000 0.02090000 -0.98050000
vn -0.00000000 0.99980000 0.02130000
vn -0.70720000 0.01500000 -0.70690000
vn -0.00000000 0.99980000 0.02130000
vn 0.19500000 0.02090000 -0.98060000
vn -0.00000000 0.99980000 0.02130000
vn 0.19500000 0.02090000 -0.98060000
vn 0.98080000 0.00420000 -0.19520000
vn -0.00000000 0.99980000 0.02130000
vn -0.00000000 0.99980000 0.02130000
vn 0.70700000 0.01500000 -0.70700000
vn -0.98080000 0.00410000 -0.19490000
vn -0.00000000 0.99980000 0.02130000
vn -0.19520000 0.02090000 -0.98050000
vn -0.00000000 0.99980000 0.02130000
vn -0.00000000 0.99980000 0.02130000
vn -0.70720000 0.01500000 -0.70690000
vn 0.19490000 0.02090000 -0.98060000
vn 0.19490000 0.02090000 -0.98060000
vn -0.00000000 0.99980000 0.02130000
vn 0.98080000 0.00420000 -0.19520000
vn -0.00000000 0.99980000 0.02130000
vn -0.00000000 0.99980000 0.02130000
vn 0.70700000 0.01500000 -0.70710000
vn -0.19530000 -0.02090000 0.98050000
vn -0.00000000 0.99980000 0.02130000
vn -0.19530000 -0.02090000 0.98050000
vn -0.98080000 -0.00410000 0.19490000
vn -0.00000000 0.99980000 0.02130000
vn -0.70720000 -0.01500000 0.70680000
vn -0.00000000 0.99980000 0.02130000
vn -0.00000000 0.99980000 0.02130000
vn -0.19490000 -0.02090000 0.98060000
vn -0.98080000 -0.00410000 0.19510000
vn -0.00000000 0.99980000 0.02130000
vn -0.00000000 0.99980000 0.02130000
vn -0.70700000 -0.01500000 0.70700000
vn -0.00000000 0.99980000 0.02130000
vn 0.98080000 -0.00410000 0.19500000
vn -0.00000000 0.99980000 0.02130000
vn -0.00000000 0.99980000 0.02130000
vn 0.19530000 -0.02090000 0.98050000
vn -0.00000000 0.99980000 0.02130000
vn -0.00000000 0.99980000 0.02130000
vn -0.00000000 0.99980000 0.02130000
vn 0.70720000 -0.01500000 0.70690000
vn -0.00000000 0.99980000 0.02130000
vn -0.19490000 -0.02090000 0.98060000
vn -0.98080000 -0.00420000 0.19510000
vn -0.00000000 0.99980000 0.02130000
vn -0.00000000 0.99980000 0.02130000
vn -0.00000000 0.99980000 0.02130000
vn -0.00000000 0.99980000 0.02130000
vn -0.70700000 -0.01500000 0.70700000
vn 0.98080000 -0.00410000 0.19490000
vn -0.00000000 0.99980000 0.02130000
vn -0.00000000 0.99980000 0.02130000
vn 0.19530000 -0.02090000 0.98050000
vn -0.00000000 0.99980000 0.02130000
vn 0.70720000 -0.01500000 0.70680000
vn -0.19490000 -0.02090000 0.98060000
vn -0.00000000 0.99980000 0.02130000
vn -0.98080000 -0.00420000 0.19520000
vn -0.00000000 0.99980000 0.02130000
vn -0.70700000 -0.01500000 0.70710000
vn -0.00000000 0.99980000 0.02130000
vn -0.00000000 0.99980000 0.02130000
vn 0.98080000 -0.00410000 0.19490000
vn 0.19530000 -0.02090000 0.98050000
vn -0.00000000 0.99980000 0.02130000
vn 0.70720000 -0.01500000 0.70680000
vn -0.00000000 0.99980000 0.02130000
vn -0.00000000 0.99980000 0.02130000
vn 0.98080000 -0.00420000 0.19520000
vn 0.19490000 -0.02090000 0.98060000
vn -0.00000000 0.99980000 0.02130000
vn 0.70700000 -0.01500000 0.70700000
vn -0.00000000 0.99980000 0.02130000
vn -0.00000000 0.99980000 0.02130000
vn -0.19520000 -0.02090000 0.98050000
vn -0.19520000 -0.02090000 0.98050000
vn -0.98080000 -0.00410000 0.19490000
vn -0.00000000 0.99980000 0.02130000
vn -0.00000000 0.99980000 0.02130000
vn -0.70720000 -0.01500000 0.70690000
vn 0.98080000 -0.00420000 0.19510000
vn -0.00000000 0.99980000 0.02130000
vn 0.19490000 -0.02090000 0.98060000
vn -0.00000000 0.99980000 0.02130000
vn -0.00000000 0.99980000 0.02130000
vn 0.70700000 -0.01500000 0.70700000
vn -0.19520000 -0.02090000 0.98050000
vn -0.19520000 -0.02090000 0.98050000
vn -0.00000000 0.99980000 0.02130000
vn -0.98080000 -0.00410000 0.19500000
vn -0.00000000 0.99980000 0.02130000
vn -0.00000000 0.99980000 0.02130000
vn -0.70720000 -0.01500000 0.70690000
vn -0.00000000 0.99980000 0.02130000
vn 0.98080000 -0.00410000 0.19510000
vn 0.19490000 -0.02090000 0.98060000
vn -0.00000000 0.99980000 0.02130000
vn -0.00000000 0.99980000 0.02130000
vn -0.00000000 0.99980000 0.02130000
vn 0.70700000 -0.01500000 0.70700000
vn 0.19530000 0.02090000 -0.98050000
vn -0.00000000 0.99980000 0.02130000
vn 0.98080000 0.00410000 -0.19490000
vn -0.00000000 0.99980000 0.02130000
vn 0.70720000 0.01500000 -0.70680000
vn -0.00000000 0.99980000 0.02130000
vn -0.98080000 0.00420000 -0.19510000
vn -0.00000000 0.99980000 0.02130000
vn -0.19490000 0.02090000 -0.98060000
vn -0.00000000 0.99980000 0.02130000
vn -0.70700000 0.01500000 -0.70700000
vn -0.00000000 0.99980000 0.02130000
vn -0.00000000 0.99980000 0.02130000
vn 0.19520000 0.02090000 -0.98050000
vn 0.98080000 0.00410000 -0.19500000
vn -0.00000000 0.99980000 0.02130000
vn -0.00000000 0.99980000 0.02130000
vn 0.70720000 0.01500000 -0.70690000
vn -0.00000000 0.99980000 0.02130000
vn -0.98080000 0.00420000 -0.19510000
vn -0.19490000 0.02090000 -0.98060000
vn -0.00000000 0.99980000 0.02130000
vn -0.70700000 0.01500000 -0.70700000
vn -0.00000000 0.99980000 0.02130000
vn 0.19520000 0.02090000 -0.98050000
vn -0.00000000 0.99980000 0.02130000
vn -0.00000000 0.99980000 0.02130000
vn 0.98080000 0.00410000 -0.19500000
vn -0.00000000 0.99980000 0.02130000
vn -0.00000000 0.99980000 0.02130000
vn 0.70720000 0.01500000 -0.70690000
vn -0.00000000 0.99980000 0.02130000
vn -0.98080000 0.00420000 -0.19520000
vn -0.19490000 0.02090000 -0.98060000
vn -0.00000000 0.99980000 0.02130000
vn -0.70700000 0.01500000 -0.70710000
vn -0.00000000 0.99980000 0.02130000
vn -0.98080000 0.00410000 -0.19500000
vn -0.00000000 0.99980000 0.02130000
vn -0.00000000 0.99980000 0.02130000
vn -0.19520000 0.02090000 -0.98050000
vn -0.00000000 0.99980000 0.02130000
vn -0.70720000 0.01500000 -0.70690000
vn -0.00000000 0.99980000 0.02130000
vn 0.19490000 0.02090000 -0.98060000
vn -0.00000000 0.99980000 0.02130000
vn 0.19490000 0.02090000 -0.98060000
vn 0.98080000 0.00420000 -0.19510000
vn -0.00000000 0.99980000 0.02130000
vn -0.00000000 0.99980000 0.02130000
vn -0.00000000 0.99980000 0.02130000
vn 0.70700000 0.01500000 -0.70700000
vn -0.98080000 0.00410000 -0.19500000
vn -0.00000000 0.99980000 0.02130000
vn -0.19530000 0.02090000 -0.98050000
vn -0.00000000 0.99980000 0.02130000
vn -0.00000000 0.99980000 0.02130000
vn -0.70720000 0.01500000 -0.70690000
vn -0.00000000 0.99980000 0.02130000
vn -0.00000000 0.99980000 0.02130000
vn 0.19490000 0.02090000 -0.98060000
vn -0.00000000 0.99980000 0.02130000
vn 0.98080000 0.00420000 -0.19520000
vn 0.70700000 0.01500000 -0.70700000
vn -0.00000000 0.99980000 0.02130000
vn -0.98080000 0.00410000 -0.19490000
vn -0.00000000 0.99980000 0.02130000
vn -0.00000000 0.99980000 0.02130000
vn -0.19530000 0.02090000 -0.98050000
vn -0.70720000 0.01500000 -0.70680000
vn -0.00000000 0.99980000 0.02130000
vn 0.19490000 0.02090000 -0.98060000
vn 0.19490000 0.02090000 -0.98060000
vn -0.00000000 0.99980000 0.02130000
vn 0.98070000 0.00420000 -0.19520000
vn -0.00000000 0.99980000 0.02130000
vn 0.70700000 0.01500000 -0.70710000
vn -0.00000000 0.99980000 0.02130000
vn 0.98080000 -0.00420000 0.19520000
vn -0.00000000 0.99980000 0.02130000
vn 0.19500000 -0.02090000 0.98060000
vn -0.00000000 0.99980000 0.02130000
vn -0.00000000 0.99980000 0.02130000
vn 0.70700000 -0.01500000 0.70700000
vn -0.00000000 0.99980000 0.02130000
vn -0.19520000 -0.02090000 0.98050000
vn -0.19520000 -0.02090000 0.98050000
vn -0.98080000 -0.00410000 0.19490000
vn -0.00000000 0.99980000 0.02130000
vn -0.00000000 0.99980000 0.02130000
vn -0.70720000 -0.01500000 0.70690000
vn 0.98080000 -0.00420000 0.19510000
vn -0.00000000 0.99980000 0.02130000
vn -0.00000000 0.99980000 0.02130000
vn 0.19500000 -0.02090000 0.98060000
vn 0.70700000 -0.01500000 0.70700000
vn -0.00000000 0.99980000 0.02130000
vn -0.00000000 0.99980000 0.02130000
vn -0.19520000 -0.02090000 0.98050000
vn -0.00000000 0.99980000 0.02130000
vn -0.98080000 -0.00410000 0.19500000
vn -0.00000000 0.99980000 0.02130000
vn -0.70720000 -0.01500000 0.70690000
vn 0.98080000 -0.00410000 0.19510000
vn -0.00000000 0.99980000 0.02130000
vn -0.00000000 0.99980000 0.02130000
vn 0.19500000 -0.02090000 0.98060000
vn 0.19500000 -0.02090000 0.98060000
vn 0.70710000 -0.01500000 0.70700000
vn -0.00000000 0.99980000 0.02130000
vn -0.19520000 -0.02090000 0.98050000
vn -0.19520000 -0.02090000 0.98050000
vn -0.00000000 0.99980000 0.02130000
vn -0.98080000 -0.00410000 0.19490000
vn -0.00000000 0.99980000 0.02130000
vn -0.00000000 0.99980000 0.02130000
vn -0.70720000 -0.01500000 0.70680000
vn -0.19500000 -0.02090000 0.98060000
vn -0.00000000 0.99980000 0.02130000
vn -0.00000000 0.99980000 0.02130000
vn -0.98080000 -0.00410000 0.19510000
vn -0.70710000 -0.01500000 0.70700000
vn -0.00000000 0.99980000 0.02130000
vn -0.00000000 0.99980000 0.02130000
vn 0.98080000 -0.00410000 0.19500000
vn 0.19520000 -0.02090000 0.98050000
vn -0.00000000 0.99980000 0.02130000
vn 0.70720000 -0.01500000 0.70690000
vn -0.00000000 0.99980000 0.02130000
vn -0.00000000 0.99980000 0.02130000
vn -0.19500000 -0.02090000 0.98060000
vn -0.00000000 0.99980000 0.02130000
vn -0.98080000 -0.00420000 0.19510000
vn -0.70700000 -0.01500000 0.70700000
vn -0.00000000 0.99980000 0.02130000
vn 0.98080000 -0.00410000 0.19490000
vn -0.00000000 0.99980000 0.02130000
vn 0.19520000 -0.02090000 0.98050000
vn -0.00000000 0.99980000 0.02130000
vn 0.19520000 -0.02090000 0.98050000
vn 0.70720000 -0.01500000 0.70690000
vn -0.00000000 0.99980000 0.02130000
vn -0.19500000 -0.02090000 0.98060000
vn -0.00000000 0.99980000 0.02130000
vn -0.98080000 -0.00420000 0.19520000
vn -0.00000000 0.99980000 0.02130000
vn -0.00000000 0.99980000 0.02130000
vn -0.70700000 -0.01500000 0.70700000
vn 0.98080000 -0.00410000 0.19490000
vn -0.00000000 0.99980000 0.02130000
vn 0.19530000 -0.02090000 0.98050000
vn -0.00000000 0.99980000 0.02130000
vn -0.00000000 0.99980000 0.02130000
vn 0.70720000 -0.01500000 0.70680000
vn -0.00000000 0.99980000 0.02130000
vn 0.98080000 -0.00420000 0.19520000
vn 0.19500000 -0.02090000 0.98060000
vn -0.00000000 0.99980000 0.02130000
vn 0.70700000 -0.01500000 0.70700000
vn -0.00000000 0.99980000 0.02130000
vn -0.19520000 -0.02090000 0.98050000
vn -0.00000000 0.99980000 0.02130000
vn -0.19520000 -0.02090000 0.98050000
vn -0.98080000 -0.00410000 0.19490000
vn -0.00000000 0.99980000 0.02130000
vn -0.00000000 0.99980000 0.02130000
vn -0.70720000 -0.01500000 0.70690000
vn 0.98080000 -0.00420000 0.19510000
vn -0.00000000 0.99980000 0.02130000
vn -0.00000000 0.99980000 0.02130000
vn 0.19500000 -0.02090000 0.98060000
vn -0.00000000 0.99980000 0.02130000
vn 0.70710000 -0.01500000 0.70700000
vn -0.19520000 -0.02090000 0.98050000
vn -0.00000000 0.99980000 0.02130000
vn -0.19520000 -0.02090000 0.98050000
vn -0.98080000 -0.00410000 0.19500000
vn -0.00000000 0.99980000 0.02130000
vn -0.70720000 -0.01500000 0.70690000
vn -0.00000000 0.99980000 0.02130000
vn 0.98080000 -0.00410000 0.19510000
vn -0.00000000 0.99980000 0.02130000
vn 0.19500000 -0.02090000 0.98060000
vn -0.00000000 0.99980000 0.02130000
vn -0.00000000 0.99980000 0.02130000
vn 0.70710000 -0.01500000 0.70700000
vn -0.19520000 -0.02090000 0.98050000
vn -0.00000000 0.99980000 0.02130000
vn -0.98080000 -0.00410000 0.19490000
vn -0.00000000 0.99980000 0.02130000
vn -0.70720000 -0.01500000 0.70690000
vn -0.00000000 0.99980000 0.02130000
vn -0.19500000 -0.02090000 0.98060000
vn -0.00000000 0.99980000 0.02130000
vn -0.98080000 -0.00410000 0.19510000
vn -0.00000000 0.99980000 0.02130000
vn -0.00000000 0.99980000 0.02130000
vn -0.70710000 -0.01500000 0.70700000
vn -0.00000000 0.99980000 0.02130000
vn 0.98080000 -0.00410000 0.19500000
vn 0.19520000 -0.02090000 0.98050000
vn -0.00000000 0.99980000 0.02130000
vn -0.00000000 0.99980000 0.02130000
vn 0.70720000 -0.01500000 0.70690000
vn -0.19500000 -0.02090000 0.98060000
vn -0.00000000 0.99980000 0.02130000
vn -0.98080000 -0.00420000 0.19510000
vn -0.00000000 0.99980000 0.02130000
vn -0.00000000 0.99980000 0.02130000
vn -0.70700000 -0.01500000 0.70700000
vn -0.00000000 0.99980000 0.02130000
vn 0.98080000 -0.00410000 0.19490000
vn 0.19520000 -0.02090000 0.98050000
vn -0.00000000 0.99980000 0.02130000
vn 0.70720000 -0.01500000 0.70690000
vn -0.00000000 0.99980000 0.02130000
vn -0.00000000 0.99980000 0.02130000
vn -0.19500000 -0.02090000 0.98060000
vn -0.98080000 -0.00420000 0.19520000
vn -0.00000000 0.99980000 0.02130000
vn -0.70700000 -0.01500000 0.70700000
vn -0.00000000 0.99980000 0.02130000
vn 0.98080000 -0.00410000 0.19490000
vn -0.00000000 0.99980000 0.02130000
vn -0.00000000 0.99980000 0.02130000
vn 0.19520000 -0.02090000 0.98050000
vn 0.70720000 -0.01500000 0.70690000
vn -0.00000000 0.99980000 0.02130000
vn 0.98080000 -0.00420000 0.19510000
vn -0.00000000 0.99980000 0.02130000
vn 0.19500000 -0.02090000 0.98060000
vn -0.00000000 0.99980000 0.02130000
vn 0.70710000 -0.01500000 0.70700000
vn -0.00000000 0.99980000 0.02130000
vn -0.19510000 -0.02090000 0.98060000
vn -0.00000000 0.99980000 0.02130000
vn -0.00000000 0.99980000 0.02130000
vn -0.98080000 -0.00410000 0.19500000
vn -0.70720000 -0.01500000 0.70690000
vn -0.00000000 0.99980000 0.02130000
vn 0.98080000 -0.00420000 0.19510000
vn -0.00000000 0.99980000 0.02130000
vn 0.19500000 -0.02090000 0.98060000
vn -0.00000000 0.99980000 0.02130000
vn -0.00000000 0.99980000 0.02130000
vn 0.70710000 -0.01500000 0.70700000
vn -0.00000000 0.99980000 0.02130000
vn -0.19510000 -0.02090000 0.98060000
vn -0.00000000 0.99980000 0.02130000
vn -0.98080000 -0.00410000 0.19500000
vn -0.00000000 0.99980000 0.02130000
vn -0.70710000 -0.01500000 0.70690000
vn -0.00000000 0.99980000 0.02130000
vn 0.98080000 -0.00410000 0.19510000
vn 0.19500000 -0.02090000 0.98060000
vn -0.00000000 0.99980000 0.02130000
vn -0.00000000 0.99980000 0.02130000
vn 0.70710000 -0.01500000 0.70700000
vn -0.00000000 0.99980000 0.02130000
vn -0.19520000 -0.02090000 0.98060000
vn -0.19520000 -0.02090000 0.98060000
vn -0.00000000 0.99980000 0.02130000
vn -0.98080000 -0.00410000 0.19490000
vn -0.00000000 0.99980000 0.02130000
vn -0.70720000 -0.01500000 0.70690000
vn -0.19500000 -0.02090000 0.98060000
vn -0.00000000 0.99980000 0.02130000
vn -0.98080000 -0.00410000 0.19510000
vn -0.00000000 0.99980000 0.02130000
vn -0.70710000 -0.01500000 0.70700000
vn -0.00000000 0.99980000 0.02130000
vn 0.98080000 -0.00410000 0.19500000
vn -0.00000000 0.99980000 0.02130000
vn 0.19510000 -0.02090000 0.98060000
vn 0.19510000 -0.02090000 0.98060000
vn -0.00000000 0.99980000 0.02130000
vn -0.00000000 0.99980000 0.02130000
vn 0.70710000 -0.01500000 0.70690000
vn -0.98080000 0.00420000 -0.19520000
vn -0.00000000 0.99980000 0.02130000
vn -0.00000000 0.99980000 0.02130000
vn -0.18980000 0.02520000 -0.98150000
vn -0.00000000 0.99980000 0.02130000
vn -0.70390000 0.01600000 -0.71010000
vn -0.98080000 0.00410000 -0.19500000
vn -0.00000000 0.99980000 0.02130000
vn -0.19520000 0.02090000 -0.98050000
vn -0.00000000 0.99980000 0.02130000
vn -0.70710000 0.01500000 -0.70690000
vn -0.00000000 0.99980000 0.02130000
vn -0.00000000 0.99980000 0.02130000
vn 0.19500000 0.02090000 -0.98060000
vn 0.98080000 0.00420000 -0.19510000
vn -0.00000000 0.99980000 0.02130000
vn -0.00000000 0.99980000 0.02130000
vn 0.70710000 0.01500000 -0.70700000
vn 0.19500000 0.02090000 -0.98060000
vn 0.19500000 0.02090000 -0.98060000
vn -0.00000000 0.99980000 0.02130000
vn -0.00000000 0.99980000 0.02130000
vn 0.98080000 0.00420000 -0.19520000
vn 0.70700000 0.01500000 -0.70700000
vn -0.00000000 0.99980000 0.02130000
vn -0.00000000 0.99980000 0.02130000
vn -0.98080000 0.00410000 -0.19490000
vn -0.00000000 0.99980000 0.02130000
vn -0.19520000 0.02090000 -0.98050000
vn -0.70720000 0.01500000 -0.70690000
vn -0.00000000 0.99980000 0.02130000
vn -0.00000000 0.99980000 0.02130000
vn 0.19500000 0.02090000 -0.98060000
vn 0.19500000 0.02090000 -0.98060000
vn 0.98080000 0.00420000 -0.19520000
vn -0.00000000 0.99980000 0.02130000
vn -0.00000000 0.99980000 0.02130000
vn 0.70700000 0.01500000 -0.70700000
vn -0.00000000 0.99980000 0.02130000
vn -0.98080000 0.00410000 -0.19500000
vn -0.00000000 0.99980000 0.02130000
vn -0.19520000 0.02090000 -0.98050000
vn -0.70720000 0.01500000 -0.70690000
vn -0.00000000 0.99980000 0.02130000
vn -0.00000000 0.99980000 0.02130000
vn 0.19470000 0.02240000 -0.98060000
vn -0.00000000 0.99980000 0.02130000
vn 0.98080000 0.00410000 -0.19490000
vn 0.70720000 0.01500000 -0.70690000
vn -0.00000000 0.99980000 0.02130000
vn -0.00000000 0.99980000 0.02130000
vn -0.98080000 0.00420000 -0.19510000
vn -0.19500000 0.02090000 -0.98060000
vn -0.00000000 0.99980000 0.02130000
vn -0.19500000 0.02090000 -0.98060000
vn -0.00000000 0.99980000 0.02130000
vn -0.70700000 0.01500000 -0.70700000
vn 0.19520000 0.02090000 -0.98050000
vn -0.00000000 0.99980000 0.02130000
vn -0.00000000 0.99980000 0.02130000
vn 0.98080000 0.00410000 -0.19500000
vn 0.70720000 0.01500000 -0.70690000
vn -0.00000000 0.99980000 0.02130000
vn -0.98080000 0.00410000 -0.19510000
vn -0.00000000 0.99980000 0.02130000
vn -0.19500000 0.02090000 -0.98060000
vn -0.00000000 0.99980000 0.02130000
vn -0.19500000 0.02090000 -0.98060000
vn -0.70710000 0.01500000 -0.70700000
vn -0.00000000 0.99980000 0.02130000
vn -0.00000000 0.99980000 0.02130000
vn 0.19520000 0.02090000 -0.98050000
vn 0.98080000 0.00410000 -0.19500000
vn -0.00000000 0.99980000 0.02130000
vn -0.00000000 0.99980000 0.02130000
vn 0.70710000 0.01500000 -0.70690000
vn -0.98080000 0.00420000 -0.19510000
vn -0.00000000 0.99980000 0.02130000
vn -0.19500000 0.02090000 -0.98060000
vn -0.00000000 0.99980000 0.02130000
vn -0.19500000 0.02090000 -0.98060000
vn -0.00000000 0.99980000 0.02130000
vn -0.70710000 0.01500000 -0.70700000
vn -0.00000000 0.99980000 0.02130000
vn 0.19510000 0.02090000 -0.98060000
vn -0.00000000 0.99980000 0.02130000
vn 0.98080000 0.00410000 -0.19500000
vn 0.70710000 0.01500000 -0.70690000
vn -0.00000000 0.99980000 0.02130000
vn -0.98080000 0.00410000 -0.19510000
vn -0.00000000 0.99980000 0.02130000
vn -0.19510000 0.02090000 -0.98060000
vn -0.00000000 0.99980000 0.02130000
vn -0.70710000 0.01500000 -0.70700000
vn -0.00000000 0.99980000 0.02130000
vn 0.19510000 0.02090000 -0.98060000
vn -0.00000000 0.99980000 0.02130000
vn 0.98080000 0.00410000 -0.19500000
vn -0.00000000 0.99980000 0.02130000
vn 0.70710000 0.01500000 -0.70690000
vn -0.00000000 0.99980000 0.02130000
vn 0.19510000 0.02090000 -0.98060000
vn -0.00000000 0.99980000 0.02130000
vn 0.19510000 0.02090000 -0.98060000
vn -0.00000000 0.99980000 0.02130000
vn 0.98080000 0.00410000 -0.19500000
vn -0.00000000 0.99980000 0.02130000
vn 0.70720000 0.01500000 -0.70690000
vn -0.98080000 0.00420000 -0.19520000
vn -0.00000000 0.99980000 0.02130000
vn -0.00000000 0.99980000 0.02130000
vn -0.19500000 0.02090000 -0.98060000
vn -0.00000000 0.99980000 0.02130000
vn -0.70700000 0.01500000 -0.70700000
vn -0.98080000 0.00410000 -0.19500000
vn -0.00000000 0.99980000 0.02130000
vn -0.98080000 0.00410000 -0.19500000
vn -0.19510000 0.02090000 -0.98060000
vn -0.00000000 0.99980000 0.02130000
vn -0.70710000 0.01500000 -0.70690000
vn -0.00000000 0.99980000 0.02130000
vn 0.19500000 0.02090000 -0.98060000
vn -0.00000000 0.99980000 0.02130000
vn 0.98080000 0.00420000 -0.19510000
vn -0.00000000 0.99980000 0.02130000
vn 0.70710000 0.01500000 -0.70700000
vn -0.00000000 0.99980000 0.02130000
vn -0.00000000 0.99980000 0.02130000
vn -0.98080000 -0.00410000 0.19490000
vn -0.00000000 0.99980000 0.02130000
vn -0.19520000 -0.02090000 0.98050000
vn -0.70720000 -0.01500000 0.70690000
vn -0.00000000 0.99980000 0.02130000
vn -0.19500000 0.02090000 -0.98060000
vn -0.00000000 0.99980000 0.02130000
vn -0.19500000 0.02090000 -0.98060000
vn -0.98080000 0.00420000 -0.19520000
vn -0.00000000 0.99980000 0.02130000
vn -0.70700000 0.01500000 -0.70710000
vn -0.00000000 0.99980000 0.02130000
vn -0.98080000 -0.00410000 0.19510000
vn -0.00000000 0.99980000 0.02130000
vn -0.19500000 -0.02090000 0.98060000
vn -0.00000000 0.99980000 0.02130000
vn -0.70710000 -0.01500000 0.70700000
vn -0.00000000 0.99980000 0.02130000
vn -0.00000000 0.99980000 0.02130000
vn -0.19520000 0.02090000 -0.98050000
vn -0.00000000 0.99980000 0.02130000
vn -0.98080000 0.00410000 -0.19500000
vn -0.70720000 0.01500000 -0.70690000
vn -0.00000000 0.99980000 0.02130000
vn 0.19520000 -0.02090000 0.98050000
vn -0.00000000 0.99980000 0.02130000
vn 0.98080000 -0.00410000 0.19500000
vn -0.00000000 0.99980000 0.02130000
vn -0.00000000 0.99980000 0.02130000
vn 0.70720000 -0.01500000 0.70690000
vn -0.00000000 0.99980000 0.02130000
vn 0.98080000 0.00420000 -0.19510000
vn -0.00000000 0.99980000 0.02130000
vn 0.19500000 0.02090000 -0.98060000
vn 0.19500000 0.02090000 -0.98060000
vn -0.00000000 0.99980000 0.02130000
vn 0.70700000 0.01500000 -0.70700000
vn -0.00000000 0.99980000 0.02130000
vn -0.98080000 -0.00420000 0.19510000
vn -0.19500000 -0.02090000 0.98060000
vn -0.00000000 0.99980000 0.02130000
vn -0.00000000 0.99980000 0.02130000
vn -0.70700000 -0.01500000 0.70700000
vn -0.19520000 0.02090000 -0.98050000
vn -0.00000000 0.99980000 0.02130000
vn -0.98080000 0.00410000 -0.19500000
vn -0.00000000 0.99980000 0.02130000
vn -0.00000000 0.99980000 0.02130000
vn -0.70720000 0.01500000 -0.70690000
vn 0.19520000 -0.02090000 0.98050000
vn -0.00000000 0.99980000 0.02130000
vn -0.00000000 0.99980000 0.02130000
vn 0.98080000 -0.00410000 0.19490000
vn 0.70720000 -0.01500000 0.70690000
vn -0.00000000 0.99980000 0.02130000
vn 0.98080000 0.00420000 -0.19520000
vn -0.00000000 0.99980000 0.02130000
vn -0.00000000 0.99980000 0.02130000
vn 0.19500000 0.02090000 -0.98060000
vn 0.19500000 0.02090000 -0.98060000
vn 0.70700000 0.01500000 -0.70700000
vn -0.00000000 0.99980000 0.02130000
vn -0.00000000 0.99980000 0.02130000
vn -0.98080000 -0.00420000 0.19520000
vn -0.00000000 0.99980000 0.02130000
vn -0.19500000 -0.02090000 0.98060000
vn -0.70700000 -0.01500000 0.70700000
vn -0.00000000 0.99980000 0.02130000
vn -0.00000000 0.99980000 0.02130000
vn -0.19520000 0.02090000 -0.98050000
vn -0.98080000 0.00410000 -0.19490000
vn -0.00000000 0.99980000 0.02130000
vn -0.70720000 0.01500000 -0.70690000
vn -0.00000000 0.99980000 0.02130000
vn 0.19520000 -0.02090000 0.98050000
vn -0.00000000 0.99980000 0.02130000
vn -0.00000000 0.99980000 0.02130000
vn 0.98080000 -0.00410000 0.19490000
vn 0.70720000 -0.01500000 0.70690000
vn -0.00000000 0.99980000 0.02130000
vn -0.00000000 0.99980000 0.02130000
vn 0.98080000 0.00420000 -0.19520000
vn 0.19490000 0.02090000 -0.98060000
vn 0.19490000 0.02090000 -0.98060000
vn -0.00000000 0.99980000 0.02130000
vn 0.70700000 0.01500000 -0.70710000
vn -0.00000000 0.99980000 0.02130000
vn -0.00000000 0.99980000 0.02130000
vn -0.19500000 0.02090000 -0.98060000
vn -0.98080000 0.00420000 -0.19510000
vn -0.00000000 0.99980000 0.02130000
vn -0.00000000 0.99980000 0.02130000
vn -0.70710000 0.01500000 -0.70700000
vn 0.98080000 0.00410000 -0.19500000
vn -0.00000000 0.99980000 0.02130000
vn 0.19520000 0.02090000 -0.98050000
vn -0.00000000 0.99980000 0.02130000
vn -0.00000000 0.99980000 0.02130000
vn 0.70710000 0.01500000 -0.70690000
vn -0.00000000 0.99980000 0.02130000
vn -0.19500000 0.02090000 -0.98060000
vn -0.00000000 0.99980000 0.02130000
vn -0.98080000 0.00420000 -0.19510000
vn -0.70700000 0.01500000 -0.70700000
vn -0.00000000 0.99980000 0.02130000
vn -0.00000000 0.99980000 0.02130000
vn 0.98080000 0.00410000 -0.19500000
vn -0.00000000 0.99980000 0.02130000
vn 0.19520000 0.02090000 -0.98050000
vn 0.70720000 0.01500000 -0.70690000
vn -0.00000000 0.99980000 0.02130000
vn 0.98080000 0.00410000 -0.19490000
vn -0.00000000 0.99980000 0.02130000
vn 0.19520000 0.02090000 -0.98050000
vn -0.00000000 0.99980000 0.02130000
vn -0.00000000 0.99980000 0.02130000
vn 0.70720000 0.01500000 -0.70690000
vn 0.19490000 -0.02090000 0.98060000
vn -0.00000000 0.99980000 0.02130000
vn -0.00000000 0.99980000 0.02130000
vn 0.98080000 -0.00420000 0.19520000
vn 0.70700000 -0.01500000 0.70700000
vn -0.00000000 0.99980000 0.02130000
vn -0.00000000 0.99980000 0.02130000
vn -0.98080000 -0.00410000 0.19490000
vn -0.19520000 -0.02090000 0.98050000
vn -0.00000000 0.99980000 0.02130000
vn -0.19520000 -0.02090000 0.98050000
vn -0.70720000 -0.01500000 0.70690000
vn -0.00000000 0.99980000 0.02130000
vn -0.00000000 0.99980000 0.02130000
vn 0.19490000 -0.02090000 0.98060000
vn 0.98080000 -0.00420000 0.19510000
vn -0.00000000 0.99980000 0.02130000
vn 0.70700000 -0.01500000 0.70700000
vn -0.00000000 0.99980000 0.02130000
vn -0.98080000 -0.00410000 0.19500000
vn -0.00000000 0.99980000 0.02130000
vn -0.00000000 0.99980000 0.02130000
vn -0.19520000 -0.02090000 0.98050000
vn -0.19520000 -0.02090000 0.98050000
vn -0.70720000 -0.01500000 0.70690000
vn -0.00000000 0.99980000 0.02130000
vn -0.00000000 0.99980000 0.02130000
vn 0.19490000 -0.02090000 0.98060000
vn -0.00000000 0.99980000 0.02130000
vn 0.98080000 -0.00410000 0.19510000
vn -0.00000000 0.99980000 0.02130000
vn 0.70700000 -0.01500000 0.70700000
vn -0.00000000 0.99980000 0.02130000
vn -0.98080000 -0.00410000 0.19490000
vn -0.19530000 -0.02090000 0.98050000
vn -0.19530000 -0.02090000 0.98050000
vn -0.00000000 0.99980000 0.02130000
vn -0.00000000 0.99980000 0.02130000
vn -0.70720000 -0.01500000 0.70680000
vn -0.00000000 0.99980000 0.02130000
vn 0.19530000 -0.02090000 0.98050000
vn -0.00000000 0.99980000 0.02130000
vn 0.98080000 -0.00410000 0.19490000
vn -0.00000000 0.99980000 0.02130000
vn 0.70720000 -0.01500000 0.70680000
vn -0.00000000 0.99980000 0.02130000
vn 0.19530000 -0.02090000 0.98050000
vn -0.00000000 0.99980000 0.02130000
vn 0.98080000 -0.00410000 0.19490000
vn 0.70720000 -0.01500000 0.70680000
vn -0.00000000 0.99980000 0.02130000
vn 0.19530000 -0.02090000 0.98050000
vn -0.00000000 0.99980000 0.02130000
vn 0.98080000 -0.00410000 0.19500000
vn -0.00000000 0.99980000 0.02130000
vn -0.00000000 0.99980000 0.02130000
vn 0.70720000 -0.01500000 0.70690000
vn -0.98080000 -0.00410000 0.19510000
vn -0.00000000 0.99980000 0.02130000
vn -0.00000000 0.99980000 0.02130000
vn -0.19490000 -0.02090000 0.98060000
vn -0.70700000 -0.01500000 0.70700000
vn -0.00000000 0.99980000 0.02130000
vn -0.98080000 -0.00420000 0.19520000
vn -0.00000000 0.99980000 0.02130000
vn -0.00000000 0.99980000 0.02130000
vn -0.19490000 -0.02090000 0.98060000
vn -0.70700000 -0.01500000 0.70710000
vn -0.00000000 0.99980000 0.02130000
vn -0.00000000 0.99980000 0.02130000
vn -0.98080000 -0.00420000 0.19510000
vn -0.19490000 -0.02090000 0.98060000
vn -0.00000000 0.99980000 0.02130000
vn -0.00000000 0.99980000 0.02130000
vn -0.70700000 -0.01500000 0.70700000
vn -0.00000000 0.99980000 0.02130000
vn -0.98080000 -0.00410000 0.19490000
vn -0.00000000 0.99980000 0.02130000
vn -0.19520000 -0.02090000 0.98050000
vn -0.19520000 -0.02090000 0.98050000
vn -0.70720000 -0.01500000 0.70680000
vn -0.00000000 0.99980000 0.02130000
vn -0.00000000 0.99980000 0.02130000
vn -0.19490000 0.02090000 -0.98060000
vn -0.98080000 0.00420000 -0.19520000
vn -0.00000000 0.99980000 0.02130000
vn -0.70700000 0.01500000 -0.70710000
vn -0.00000000 0.99980000 0.02130000
vn -0.00000000 0.99980000 0.02130000
vn -0.98080000 -0.00410000 0.19510000
vn -0.19500000 -0.02090000 0.98060000
vn -0.00000000 0.99980000 0.02130000
vn -0.00000000 0.99980000 0.02130000
vn -0.70710000 -0.01500000 0.70700000
vn -0.19520000 0.02090000 -0.98050000
vn -0.00000000 0.99980000 0.02130000
vn -0.98080000 0.00410000 -0.19500000
vn -0.00000000 0.99980000 0.02130000
vn -0.00000000 0.99980000 0.02130000
vn -0.70720000 0.01500000 -0.70690000
vn -0.00000000 0.99980000 0.02130000
vn 0.19520000 -0.02090000 0.98050000
vn 0.98080000 -0.00410000 0.19500000
vn -0.00000000 0.99980000 0.02130000
vn -0.00000000 0.99980000 0.02130000
vn 0.70720000 -0.01500000 0.70690000
vn -0.00000000 0.99980000 0.02130000
vn 0.98080000 0.00420000 -0.19510000
vn -0.00000000 0.99980000 0.02130000
vn 0.19490000 0.02090000 -0.98060000
vn 0.19490000 0.02090000 -0.98060000
vn -0.00000000 0.99980000 0.02130000
vn 0.70700000 0.01500000 -0.70700000
vn -0.98080000 -0.00420000 0.19510000
vn -0.00000000 0.99980000 0.02130000
vn -0.19500000 -0.02090000 0.98060000
vn -0.00000000 0.99980000 0.02130000
vn -0.00000000 0.99980000 0.02130000
vn -0.70700000 -0.01500000 0.70700000
vn -0.19530000 0.02090000 -0.98050000
vn -0.00000000 0.99980000 0.02130000
vn -0.98080000 0.00410000 -0.19500000
vn -0.00000000 0.99980000 0.02130000
vn -0.70720000 0.01500000 -0.70690000
vn -0.00000000 0.99980000 0.02130000
vn -0.00000000 0.99980000 0.02130000
vn 0.19520000 -0.02090000 0.98050000
vn 0.19520000 -0.02090000 0.98050000
vn -0.00000000 0.99980000 0.02130000
vn 0.98080000 -0.00410000 0.19490000
vn 0.70720000 -0.01500000 0.70690000
vn -0.00000000 0.99980000 0.02130000
vn 0.98080000 0.00420000 -0.19520000
vn -0.00000000 0.99980000 0.02130000
vn 0.19490000 0.02090000 -0.98060000
vn -0.00000000 0.99980000 0.02130000
vn -0.00000000 0.99980000 0.02130000
vn 0.70700000 0.01500000 -0.70700000
vn -0.98080000 -0.00420000 0.19520000
vn -0.00000000 0.99980000 0.02130000
vn -0.00000000 0.99980000 0.02130000
vn -0.19500000 -0.02090000 0.98060000
vn -0.70700000 -0.01500000 0.70700000
vn -0.00000000 0.99980000 0.02130000
vn -0.00000000 0.99980000 0.02130000
vn -0.19530000 0.02090000 -0.98050000
vn -0.00000000 0.99980000 0.02130000
vn -0.98080000 0.00410000 -0.19490000
vn -0.00000000 0.99980000 0.02130000
vn -0.70720000 0.01500000 -0.70680000
vn -0.00000000 0.99980000 0.02130000
vn 0.19530000 -0.02090000 0.98050000
vn 0.98080000 -0.00410000 0.19490000
vn -0.00000000 0.99980000 0.02130000
vn -0.00000000 0.99980000 0.02130000
vn 0.70720000 -0.01500000 0.70680000
vn -0.00000000 0.99980000 0.02130000
vn 0.98070000 0.00420000 -0.19520000
vn 0.19490000 0.02090000 -0.98060000
vn -0.00000000 0.99980000 0.02130000
vn 0.19490000 0.02090000 -0.98060000
vn -0.00000000 0.99980000 0.02130000
vn 0.70700000 0.01500000 -0.70710000
vn -0.00000000 0.99980000 0.02130000
vn 0.98080000 0.00410000 -0.19490000
vn 0.19530000 0.02090000 -0.98050000
vn -0.00000000 0.99980000 0.02130000
vn 0.70720000 0.01500000 -0.70680000
vn -0.00000000 0.99980000 0.02130000
vn -0.19490000 0.02090000 -0.98060000
vn -0.00000000 0.99980000 0.02130000
vn -0.00000000 0.99980000 0.02130000
vn -0.98080000 0.00420000 -0.19510000
vn -0.70700000 0.01500000 -0.70700000
vn -0.00000000 0.99980000 0.02130000
vn 0.98080000 0.00410000 -0.19500000
vn -0.00000000 0.99980000 0.02130000
vn -0.00000000 0.99980000 0.02130000
vn 0.19520000 0.02090000 -0.98050000
vn 0.70720000 0.01500000 -0.70690000
vn -0.00000000 0.99980000 0.02130000
vn -0.00000000 0.99980000 0.02130000
vn -0.19490000 0.02090000 -0.98060000
vn -0.98080000 0.00420000 -0.19510000
vn -0.00000000 0.99980000 0.02130000
vn -0.70700000 0.01500000 -0.70700000
vn -0.00000000 0.99980000 0.02130000
vn -0.00000000 0.99980000 0.02130000
vn 0.98080000 0.00410000 -0.19500000
vn 0.19520000 0.02090000 -0.98050000
vn -0.00000000 0.99980000 0.02130000
vn 0.70720000 0.01500000 -0.70690000
vn -0.00000000 0.99980000 0.02130000
vn -0.00000000 0.99980000 0.02130000
vn 0.19500000 -0.02090000 0.98060000
vn -0.00000000 0.99980000 0.02130000
vn 0.98080000 -0.00420000 0.19520000
vn -0.00000000 0.99980000 0.02130000
vn 0.70700000 -0.01500000 0.70700000
vn -0.98080000 -0.00410000 0.19490000
vn -0.00000000 0.99980000 0.02130000
vn -0.19520000 -0.02090000 0.98050000
vn -0.00000000 0.99980000 0.02130000
vn -0.19520000 -0.02090000 0.98050000
vn -0.70720000 -0.01500000 0.70690000
vn -0.00000000 0.99980000 0.02130000
vn 0.19500000 -0.02090000 0.98060000
vn -0.00000000 0.99980000 0.02130000
vn -0.00000000 0.99980000 0.02130000
vn 0.98080000 -0.00420000 0.19510000
vn -0.00000000 0.99980000 0.02130000
vn 0.70700000 -0.01500000 0.70700000
vn -0.00000000 0.99980000 0.02130000
vn -0.98080000 -0.00410000 0.19500000
vn -0.00000000 0.99980000 0.02130000
vn -0.19520000 -0.02090000 0.98050000
vn -0.70720000 -0.01500000 0.70690000
vn -0.00000000 0.99980000 0.02130000
vn 0.19500000 -0.02090000 0.98060000
vn -0.00000000 0.99980000 0.02130000
vn 0.19500000 -0.02090000 0.98060000
vn 0.98080000 -0.00410000 0.19510000
vn -0.00000000 0.99980000 0.02130000
vn 0.70710000 -0.01500000 0.70700000
vn -0.00000000 0.99980000 0.02130000
vn 0.19500000 -0.02090000 0.98060000
vn -0.00000000 0.99980000 0.02130000
vn -0.00000000 0.99980000 0.02130000
vn 0.98080000 -0.00420000 0.19520000
vn 0.70700000 -0.01500000 0.70700000
vn -0.00000000 0.99980000 0.02130000
vn -0.00000000 0.99980000 0.02130000
vn -0.98080000 -0.00410000 0.19490000
vn -0.19520000 -0.02090000 0.98050000
vn -0.00000000 0.99980000 0.02130000
vn -0.19520000 -0.02090000 0.98050000
vn -0.70720000 -0.01500000 0.70690000
vn -0.00000000 0.99980000 0.02130000
vn 0.19500000 -0.02090000 0.98060000
vn -0.00000000 0.99980000 0.02130000
vn 0.98080000 -0.00420000 0.19510000
vn -0.00000000 0.99980000 0.02130000
vn -0.00000000 0.99980000 0.02130000
vn 0.70710000 -0.01500000 0.70700000
vn -0.00000000 0.99980000 0.02130000
vn -0.98080000 -0.00410000 0.19500000
vn -0.19520000 -0.02090000 0.98050000
vn -0.00000000 0.99980000 0.02130000
vn -0.19520000 -0.02090000 0.98050000
vn -0.00000000 0.99980000 0.02130000
vn -0.70720000 -0.01500000 0.70690000
vn -0.00000000 0.99980000 0.02130000
vn 0.19500000 -0.02090000 0.98060000
vn -0.00000000 0.99980000 0.02130000
vn 0.98080000 -0.00410000 0.19510000
vn -0.00000000 0.99980000 0.02130000
vn 0.70710000 -0.01500000 0.70700000
vn -0.00000000 0.99980000 0.02130000
vn 0.98080000 0.00410000 -0.19490000
vn 0.19470000 0.02240000 -0.98060000
vn -0.00000000 0.99980000 0.02130000
vn 0.70720000 0.01500000 -0.70690000
vn -0.00000000 0.99980000 0.02130000
vn 0.19500000 -0.02090000 0.98060000
vn -0.00000000 0.99980000 0.02130000
vn -0.00000000 0.99980000 0.02130000
vn 0.98080000 -0.00420000 0.19510000
vn -0.00000000 0.99980000 0.02130000
vn 0.70710000 -0.01500000 0.70700000
vn -0.00000000 0.99980000 0.02130000
vn -0.19500000 0.02090000 -0.98060000
vn -0.19500000 0.02090000 -0.98060000
vn -0.00000000 0.99980000 0.02130000
vn -0.98080000 0.00420000 -0.19510000
vn -0.70700000 0.01500000 -0.70700000
vn -0.00000000 0.99980000 0.02130000
vn -0.00000000 0.99980000 0.02130000
vn -0.98080000 -0.00410000 0.19500000
vn -0.00000000 0.99980000 0.02130000
vn -0.19510000 -0.02090000 0.98060000
vn -0.00000000 0.99980000 0.02130000
vn -0.70720000 -0.01500000 0.70690000
vn -0.00000000 0.99980000 0.02130000
vn 0.98080000 0.00410000 -0.19500000
vn -0.00000000 0.99980000 0.02130000
vn 0.19520000 0.02090000 -0.98050000
vn 0.70720000 0.01500000 -0.70690000
vn -0.00000000 0.99980000 0.02130000
vn 0.19500000 -0.02090000 0.98060000
vn -0.00000000 0.99980000 0.02130000
vn 0.98080000 -0.00420000 0.19510000
vn -0.00000000 0.99980000 0.02130000
vn 0.70710000 -0.01500000 0.70700000
vn -0.00000000 0.99980000 0.02130000
vn -0.19500000 0.02090000 -0.98060000
vn -0.19500000 0.02090000 -0.98060000
vn -0.00000000 0.99980000 0.02130000
vn -0.98080000 0.00410000 -0.19510000
vn -0.00000000 0.99980000 0.02130000
vn -0.70710000 0.01500000 -0.70700000
vn -0.00000000 0.99980000 0.02130000
vn -0.00000000 0.99980000 0.02130000
vn -0.98080000 -0.00410000 0.19500000
vn -0.19510000 -0.02090000 0.98060000
vn -0.00000000 0.99980000 0.02130000
vn -0.00000000 0.99980000 0.02130000
vn -0.70710000 -0.01500000 0.70690000
vn 0.98080000 0.00410000 -0.19500000
vn -0.00000000 0.99980000 0.02130000
vn 0.19520000 0.02090000 -0.98050000
vn -0.00000000 0.99980000 0.02130000
vn -0.00000000 0.99980000 0.02130000
vn 0.70710000 0.01500000 -0.70690000
vn 0.19500000 -0.02090000 0.98060000
vn -0.00000000 0.99980000 0.02130000
vn 0.98080000 -0.00410000 0.19510000
vn -0.00000000 0.99980000 0.02130000
vn 0.70710000 -0.01500000 0.70700000
vn -0.00000000 0.99980000 0.02130000
vn -0.00000000 0.99980000 0.02130000
vn 0.19510000 -0.02090000 0.98060000
vn 0.19510000 -0.02090000 0.98060000
vn -0.00000000 0.99980000 0.02130000
vn 0.98080000 -0.00410000 0.19500000
vn -0.00000000 0.99980000 0.02130000
vn 0.70710000 -0.01500000 0.70690000
vn -0.00000000 0.99980000 0.02130000
vn -0.98080000 -0.00410000 0.19510000
vn -0.19500000 -0.02090000 0.98060000
vn -0.00000000 0.99980000 0.02130000
vn -0.00000000 0.99980000 0.02130000
vn -0.70710000 -0.01500000 0.70700000
vn -0.98080000 -0.00410000 0.19490000
vn -0.00000000 0.99980000 0.02130000
vn -0.00000000 0.99980000 0.02130000
vn -0.19520000 -0.02090000 0.98060000
vn -0.19520000 -0.02090000 0.98060000
vn -0.70720000 -0.01500000 0.70690000
vn -0.00000000 0.99980000 0.02130000
vn -0.00000000 -0.02130000 0.99980000
vn -0.00000000 0.99980000 0.02130000
vn -0.00000000 0.99980000 0.02130000
vn -0.98080000 0.00420000 -0.19520000
vn -0.00000000 0.99980000 0.02130000
vn -0.70390000 0.01600000 -0.71010000
vn -0.00000000 0.99980000 0.02130000
vn -0.19520000 0.02090000 -0.98050000
vn -0.00000000 0.99980000 0.02130000
vn -0.98080000 0.00410000 -0.19500000
vn -0.70710000 0.01500000 -0.70690000
vn -0.00000000 0.99980000 0.02130000
vn -0.00000000 0.99980000 0.02130000
vn 0.98080000 0.00420000 -0.19510000
vn -0.00000000 0.99980000 0.02130000
vn 0.19500000 0.02090000 -0.98060000
vn 0.70710000 0.01500000 -0.70700000
vn -0.00000000 0.99980000 0.02130000
vn 0.98080000 0.00420000 -0.19520000
vn -0.00000000 0.99980000 0.02130000
vn 0.19500000 0.02090000 -0.98060000
vn 0.19500000 0.02090000 -0.98060000
vn -0.00000000 0.99980000 0.02130000
vn 0.70700000 0.01500000 -0.70700000
vn -0.00000000 0.99980000 0.02130000
vn -0.00000000 0.99980000 0.02130000
vn -0.19520000 0.02090000 -0.98050000
vn -0.00000000 0.99980000 0.02130000
vn -0.98080000 0.00410000 -0.19490000
vn -0.00000000 0.99980000 0.02130000
vn -0.70720000 0.01500000 -0.70690000
vn -0.00000000 0.99980000 0.02130000
vn 0.98080000 0.00420000 -0.19520000
vn 0.19500000 0.02090000 -0.98060000
vn -0.00000000 0.99980000 0.02130000
vn 0.19500000 0.02090000 -0.98060000
vn -0.00000000 0.99980000 0.02130000
vn 0.70700000 0.01500000 -0.70700000
vn -0.19520000 0.02090000 -0.98050000
vn -0.00000000 0.99980000 0.02130000
vn -0.98080000 0.00410000 -0.19500000
vn -0.00000000 0.99980000 0.02130000
vn -0.00000000 0.99980000 0.02130000
vn -0.70720000 0.01500000 -0.70690000
vn -0.19500000 0.02090000 -0.98060000
vn -0.00000000 0.99980000 0.02130000
vn -0.00000000 0.99980000 0.02130000
vn -0.98080000 0.00420000 -0.19520000
vn -0.00000000 0.99980000 0.02130000
vn -0.70700000 0.01500000 -0.70700000
vn -0.19510000 0.02090000 -0.98060000
vn -0.00000000 0.99980000 0.02130000
vn -0.00000000 0.99980000 0.02130000
vn -0.98080000 0.00410000 -0.19500000
vn -0.98080000 0.00410000 -0.19500000
vn -0.00000000 0.99980000 0.02130000
vn -0.70710000 0.01500000 -0.70690000
vn -0.00000000 0.99980000 0.02130000
vn 0.98080000 0.00420000 -0.19510000
vn 0.19500000 0.02090000 -0.98060000
vn -0.00000000 0.99980000 0.02130000
vn -0.00000000 0.99980000 0.02130000
vn 0.70710000 0.01500000 -0.70700000
vn -0.00000000 0.99980000 0.02130000
vn -0.19510000 0.02090000 -0.98060000
vn -0.98080000 0.00410000 -0.19510000
vn -0.00000000 0.99980000 0.02130000
vn -0.70710000 0.01500000 -0.70700000
vn -0.00000000 0.99980000 0.02130000
vn 0.98080000 0.00410000 -0.19500000
vn -0.00000000 0.99980000 0.02130000
vn -0.00000000 0.99980000 0.02130000
vn 0.19510000 0.02090000 -0.98060000
vn -0.00000000 0.99980000 0.02130000
vn 0.70710000 0.01500000 -0.70690000
vn -0.19500000 0.02090000 -0.98060000
vn -0.19500000 0.02090000 -0.98060000
vn -0.00000000 0.99980000 0.02130000
vn -0.98080000 0.00420000 -0.19510000
vn -0.00000000 0.99980000 0.02130000
vn -0.70710000 0.01500000 -0.70700000
vn -0.00000000 0.99980000 0.02130000
vn -0.00000000 0.99980000 0.02130000
vn 0.98080000 0.00410000 -0.19500000
vn -0.00000000 0.99980000 0.02130000
vn 0.19510000 0.02090000 -0.98060000
vn -0.00000000 0.99980000 0.02130000
vn 0.70710000 0.01500000 -0.70690000
vn -0.00000000 0.99980000 0.02130000
vn 0.98080000 0.00410000 -0.19500000
vn -0.00000000 0.99980000 0.02130000
vn 0.19510000 0.02090000 -0.98060000
vn 0.19510000 0.02090000 -0.98060000
vn -0.00000000 0.99980000 0.02130000
vn 0.70720000 0.01500000 -0.70690000
vn 0.00160000 0.99990000 0.01560000
vn 0.19770000 0.02100000 -0.98000000
vn 0.98100000 0.00410000 -0.19390000
vn 0.00050000 0.99970000 0.02600000
vn 0.00290000 0.99830000 0.05810000
vn 0.71230000 0.01500000 -0.70170000
vn 0.00050000 0.99970000 0.02600000
vn -0.98080000 0.00420000 -0.19510000
vn 0.00160000 0.99970000 0.02280000
vn -0.19490000 0.02090000 -0.98060000
vn -0.70700000 0.01500000 -0.70700000
vn 0.00290000 0.99830000 0.05810000
vn 0.19530000 0.02090000 -0.98050000
vn -0.00000000 0.99980000 0.02130000
vn 0.98080000 0.00410000 -0.19500000
vn -0.00000000 0.99980000 0.02130000
vn -0.00000000 0.99980000 0.02130000
vn 0.70720000 0.01500000 -0.70690000
vn -0.98080000 0.00420000 -0.19510000
vn -0.00000000 0.99980000 0.02130000
vn -0.19490000 0.02090000 -0.98060000
vn -0.00000000 0.99980000 0.02130000
vn -0.00000000 0.99980000 0.02130000
vn -0.70700000 0.01500000 -0.70700000
vn 0.19530000 0.02090000 -0.98050000
vn -0.00000000 0.99980000 0.02130000
vn -0.00000000 0.99980000 0.02130000
vn 0.98080000 0.00410000 -0.19500000
vn -0.00000000 0.99980000 0.02130000
vn 0.70720000 0.01500000 -0.70690000
vn -0.98090000 0.00410000 -0.19430000
vn -0.00090000 0.99970000 0.02290000
vn -0.00170000 0.99990000 0.01070000
vn -0.19710000 0.02100000 -0.98020000
vn -0.00330000 0.99980000 0.02130000
vn -0.71140000 0.01500000 -0.70260000
vn -0.00000000 0.99980000 0.02130000
vn -0.98080000 0.00410000 -0.19500000
vn -0.98080000 0.00410000 -0.19500000
vn -0.19530000 0.02090000 -0.98050000
vn -0.00000000 0.99980000 0.02130000
vn -0.70720000 0.01500000 -0.70690000
vn -0.00000000 0.99980000 0.02130000
vn 0.19490000 0.02090000 -0.98060000
vn -0.00040000 0.99980000 0.02170000
vn 0.98080000 0.00420000 -0.19510000
vn -0.00020000 0.99970000 0.02260000
vn -0.00080000 0.99950000 0.03160000
vn 0.70700000 0.01500000 -0.70700000
vn -0.00020000 0.99970000 0.02260000
vn -0.98090000 0.00410000 -0.19470000
vn -0.00230000 0.99990000 0.01590000
vn -0.19650000 0.02090000 -0.98030000
vn -0.70860000 0.01500000 -0.70540000
vn -0.00080000 0.99950000 0.03160000
vn 0.00100000 0.99980000 0.01810000
vn 0.19540000 0.02090000 -0.98050000
vn 0.19540000 0.02090000 -0.98050000
vn -0.00000000 0.99980000 0.02230000
vn 0.98080000 0.00410000 -0.19510000
vn -0.00000000 0.99960000 0.02960000
vn 0.70750000 0.01500000 -0.70650000
vn -0.98080000 0.00410000 -0.19480000
vn -0.00000000 0.99980000 0.02230000
vn -0.00110000 0.99990000 0.01650000
vn -0.19590000 0.02090000 -0.98040000
vn -0.00000000 0.99960000 0.02960000
vn -0.70780000 0.01500000 -0.70620000
vn 0.00260000 0.99990000 0.01440000
vn 0.19580000 0.02090000 -0.98040000
vn 0.19580000 0.02090000 -0.98040000
vn 0.00020000 0.99980000 0.02160000
vn 0.98080000 0.00420000 -0.19510000
vn 0.00070000 0.99980000 0.02160000
vn 0.70770000 0.01500000 -0.70630000
vn -0.00000000 0.99980000 0.02130000
vn 0.98080000 0.00420000 -0.19490000
vn 0.19550000 0.02100000 -0.98050000
vn -0.00000000 0.99980000 0.02130000
vn -0.00000000 0.99980000 0.02130000
vn 0.70740000 0.01510000 -0.70670000
vn -0.00000000 0.99980000 0.02130000
vn -0.19490000 0.02090000 -0.98060000
vn -0.00000000 0.99980000 0.02130000
vn -0.98080000 0.00420000 -0.19510000
vn -0.70700000 0.01500000 -0.70700000
vn -0.00000000 0.99980000 0.02130000
vn -0.00000000 0.99980000 0.02130000
vn 0.98080000 0.00410000 -0.19500000
vn 0.19530000 0.02090000 -0.98050000
vn -0.00000000 0.99980000 0.02130000
vn 0.70720000 0.01500000 -0.70690000
vn -0.00000000 0.99980000 0.02130000
vn -0.19490000 0.02090000 -0.98060000
vn -0.00000000 0.99980000 0.02130000
vn -0.98080000 0.00420000 -0.19510000
vn -0.00000000 0.99980000 0.02130000
vn -0.00000000 0.99980000 0.02130000
vn -0.70700000 0.01500000 -0.70700000
vn 0.98080000 0.00410000 -0.19500000
vn -0.00000000 0.99980000 0.02130000
vn 0.19530000 0.02090000 -0.98050000
vn -0.00000000 0.99980000 0.02130000
vn 0.70720000 0.01500000 -0.70690000
vn -0.00000000 0.99980000 0.02130000
vn -0.00000000 0.99980000 0.02130000
vn -0.19500000 0.02100000 -0.98060000
vn -0.98080000 0.00420000 -0.19520000
vn -0.00000000 0.99980000 0.02130000
vn -0.00000000 0.99980000 0.02130000
vn -0.70710000 0.01510000 -0.70690000
vn -0.19530000 0.02090000 -0.98050000
vn -0.00000000 0.99980000 0.02130000
vn -0.98080000 0.00410000 -0.19500000
vn -0.98080000 0.00410000 -0.19500000
vn -0.00000000 0.99980000 0.02130000
vn -0.00000000 0.99980000 0.02130000
vn -0.70720000 0.01500000 -0.70690000
vn 0.98080000 0.00420000 -0.19510000
vn -0.00000000 0.99980000 0.02130000
vn -0.00000000 0.99980000 0.02130000
vn 0.19490000 0.02090000 -0.98060000
vn -0.00000000 0.99980000 0.02130000
vn 0.70700000 0.01500000 -0.70700000
vn -0.19540000 0.02090000 -0.98050000
vn -0.00000000 0.99980000 0.02130000
vn -0.00000000 0.99980000 0.02130000
vn -0.98080000 0.00410000 -0.19500000
vn -0.00000000 0.99980000 0.02130000
vn -0.70720000 0.01510000 -0.70680000
vn -0.00000000 0.99980000 0.02130000
vn 0.98080000 0.00420000 -0.19520000
vn 0.19490000 0.02090000 -0.98060000
vn 0.19490000 0.02090000 -0.98060000
vn -0.00000000 0.99980000 0.02130000
vn -0.00000000 0.99980000 0.02130000
vn 0.70700000 0.01500000 -0.70700000
vn -0.00000000 0.99980000 0.02130000
vn -0.19530000 0.02090000 -0.98050000
vn -0.98080000 0.00410000 -0.19490000
vn -0.00000000 0.99980000 0.02130000
vn -0.00000000 0.99980000 0.02130000
vn -0.70720000 0.01500000 -0.70680000
vn 0.98080000 0.00420000 -0.19520000
vn -0.00000000 0.99980000 0.02130000
vn 0.19490000 0.02090000 -0.98060000
vn 0.19490000 0.02090000 -0.98060000
vn -0.00000000 0.99980000 0.02130000
vn -0.00000000 0.99980000 0.02130000
vn 0.70700000 0.01510000 -0.70710000
vn -0.19370000 -0.02070000 0.98080000
vn 0.00080000 0.99990000 0.01160000
vn -0.98070000 -0.00420000 0.19560000
vn 0.00060000 0.99970000 0.02250000
vn -0.70380000 -0.01510000 0.71020000
vn 0.00230000 0.99980000 0.02000000
vn -0.00000000 0.99980000 0.02130000
vn -0.19510000 -0.02090000 0.98060000
vn -0.98080000 -0.00410000 0.19510000
vn -0.00000000 0.99980000 0.02130000
vn -0.70710000 -0.01500000 0.70700000
vn -0.00000000 0.99980000 0.02130000
vn 0.98080000 -0.00410000 0.19500000
vn 0.00040000 0.99970000 0.02290000
vn 0.00070000 0.99980000 0.02110000
vn 0.19510000 -0.02090000 0.98060000
vn 0.70710000 -0.01500000 0.70690000
vn 0.00170000 0.99940000 0.03380000
vn 0.98080000 -0.00410000 0.19500000
vn -0.00000000 0.99980000 0.02210000
vn 0.19470000 -0.02080000 0.98060000
vn -0.00080000 0.99980000 0.01780000
vn -0.00000000 0.99960000 0.02790000
vn 0.70670000 -0.01500000 0.70730000
vn -0.19470000 -0.02080000 0.98070000
vn 0.00090000 0.99990000 0.01620000
vn -0.00000000 0.99980000 0.02210000
vn -0.98070000 -0.00420000 0.19530000
vn -0.70660000 -0.01500000 0.70740000
vn -0.00000000 0.99960000 0.02790000
vn 0.98080000 -0.00410000 0.19500000
vn -0.00010000 0.99980000 0.02150000
vn -0.00210000 0.99990000 0.01450000
vn 0.19450000 -0.02080000 0.98070000
vn -0.00040000 0.99980000 0.02100000
vn 0.70660000 -0.01500000 0.70750000
vn 0.00140000 0.99990000 0.01720000
vn -0.19410000 -0.02080000 0.98080000
vn -0.98070000 -0.00420000 0.19540000
vn 0.00040000 0.99970000 0.02290000
vn -0.70540000 -0.01510000 0.70860000
vn 0.00170000 0.99940000 0.03380000
vn 0.00020000 0.99980000 0.02010000
vn -0.19510000 -0.02090000 0.98060000
vn -0.98080000 -0.00410000 0.19500000
vn -0.00030000 0.99970000 0.02280000
vn -0.70710000 -0.01500000 0.70690000
vn -0.00030000 0.99990000 0.01380000
vn -0.00000000 0.99980000 0.02130000
vn 0.98080000 -0.00420000 0.19510000
vn 0.19510000 -0.02090000 0.98060000
vn -0.00000000 0.99980000 0.02130000
vn 0.70710000 -0.01500000 0.70700000
vn -0.00000000 0.99980000 0.02130000
vn -0.19510000 -0.02090000 0.98060000
vn -0.00000000 0.99980000 0.02130000
vn -0.98080000 -0.00410000 0.19500000
vn -0.00000000 0.99980000 0.02130000
vn -0.70710000 -0.01500000 0.70690000
vn -0.00000000 0.99980000 0.02130000
vn 0.98080000 -0.00410000 0.19510000
vn -0.00000000 0.99980000 0.02130000
vn -0.00000000 0.99980000 0.02130000
vn 0.19510000 -0.02090000 0.98060000
vn 0.19510000 -0.02090000 0.98060000
vn 0.70710000 -0.01500000 0.70700000
vn -0.00000000 0.99980000 0.02130000
vn 0.98070000 -0.00420000 0.19540000
vn -0.00030000 0.99970000 0.02280000
vn -0.00010000 0.99980000 0.02000000
vn -0.00030000 0.99990000 0.01390000
vn 0.70850000 -0.01470000 0.70550000
vn -0.00000000 0.99980000 0.02130000
vn -0.98080000 -0.00410000 0.19490000
vn -0.00000000 0.99980000 0.02130000
vn -0.19530000 -0.02070000 0.98050000
vn -0.00000000 0.99980000 0.02130000
vn -0.70730000 -0.01500000 0.70680000
vn -0.98080000 -0.00410000 0.19510000
vn -0.00000000 0.99980000 0.02130000
vn -0.19510000 -0.02090000 0.98060000
vn -0.00000000 0.99980000 0.02130000
vn -0.00000000 0.99980000 0.02130000
vn -0.70710000 -0.01500000 0.70700000
vn -0.00000000 0.99980000 0.02130000
vn 0.19510000 -0.02090000 0.98060000
vn -0.00000000 0.99980000 0.02130000
vn 0.98080000 -0.00410000 0.19500000
vn -0.00000000 0.99980000 0.02130000
vn 0.70710000 -0.01500000 0.70690000
vn -0.00000000 0.99980000 0.02130000
vn 0.19510000 -0.02080000 0.98060000
vn 0.98080000 -0.00410000 0.19490000
vn -0.00000000 0.99980000 0.02130000
vn -0.00000000 0.99980000 0.02130000
vn 0.70720000 -0.01500000 0.70690000
vn -0.98080000 -0.00420000 0.19520000
vn -0.00000000 0.99980000 0.02130000
vn -0.19510000 -0.02080000 0.98060000
vn -0.00000000 0.99980000 0.02130000
vn -0.00000000 0.99980000 0.02130000
vn -0.70710000 -0.01500000 0.70700000
vn -0.00000000 0.99980000 0.02130000
vn 0.19520000 -0.02080000 0.98050000
vn 0.98080000 -0.00410000 0.19490000
vn -0.00000000 0.99980000 0.02130000
vn 0.70720000 -0.01500000 0.70690000
vn -0.00000000 0.99980000 0.02130000
vn -0.98080000 -0.00410000 0.19510000
vn -0.00000000 0.99980000 0.02130000
vn -0.00000000 0.99980000 0.02130000
vn -0.19510000 -0.02080000 0.98060000
vn -0.70710000 -0.01500000 0.70690000
vn -0.00000000 0.99980000 0.02130000
vn -0.98080000 -0.00410000 0.19500000
vn -0.00000000 0.99980000 0.02130000
vn -0.19510000 -0.02090000 0.98060000
vn -0.00000000 0.99980000 0.02130000
vn -0.00000000 0.99980000 0.02130000
vn -0.70710000 -0.01500000 0.70690000
vn 0.19510000 -0.02090000 0.98060000
vn -0.00000000 0.99980000 0.02130000
vn 0.98080000 -0.00420000 0.19510000
vn -0.00000000 0.99980000 0.02130000
vn 0.70710000 -0.01500000 0.70700000
vn -0.00000000 0.99980000 0.02130000
vn -0.98080000 -0.00410000 0.19500000
vn -0.00000000 0.99980000 0.02130000
vn -0.19510000 -0.02090000 0.98060000
vn -0.00000000 0.99980000 0.02130000
vn -0.00000000 0.99980000 0.02130000
vn -0.70710000 -0.01500000 0.70690000
vn -0.00000000 0.99980000 0.02130000
vn 0.19510000 -0.02090000 0.98060000
vn 0.19510000 -0.02090000 0.98060000
vn -0.00000000 0.99980000 0.02130000
vn 0.98080000 -0.00410000 0.19510000
vn 0.70710000 -0.01500000 0.70700000
vn -0.00000000 0.99980000 0.02130000
vn -0.00000000 0.99980000 0.02130000
vn 0.19640000 -0.02030000 0.98030000
vn -0.00000000 0.99980000 0.02130000
vn 0.98080000 -0.00410000 0.19510000
vn 0.70820000 -0.01470000 0.70590000
vn -0.00000000 0.99980000 0.02130000
vn -0.00000000 0.99980000 0.02130000
vn -0.00000000 0.99980000 0.02130000
vn -0.00000000 0.99980000 0.02130000
vn -0.00000000 0.99980000 0.02130000
vn -0.00000000 0.99980000 0.02130000
vn -0.00000000 0.99980000 0.02130000
vn -0.00000000 0.99980000 0.02130000
vn -0.00000000 0.99980000 0.02130000
vn -0.00000000 0.99980000 0.02130000
vn -0.00000000 0.99980000 0.02130000
vn -0.00000000 0.99980000 0.02130000
vn -0.00000000 0.99980000 0.02130000
vn -0.00000000 0.99980000 0.02130000
vn -0.00000000 0.99980000 0.02130000
vn -0.00000000 0.99980000 0.02130000
vn -0.00000000 0.99980000 0.02130000
vn -0.00000000 0.99980000 0.02130000
vn -0.00000000 0.99980000 0.02130000
vn -0.00000000 0.99980000 0.02130000
vn -0.00000000 0.99980000 0.02130000
vn -0.00000000 0.99980000 0.02130000
vn -0.00000000 0.99980000 0.02130000
vn -0.00000000 0.99980000 0.02130000
vn -0.00000000 0.99980000 0.02130000
vn -0.00000000 0.99980000 0.02130000
vn -0.00000000 0.99980000 0.02130000
vn -0.00000000 0.99980000 0.02130000
vn -0.00000000 0.99980000 0.02130000
vn -0.00000000 0.99980000 0.02130000
vn -0.00000000 0.99980000 0.02130000
vn -0.00000000 0.99980000 0.02130000
vn -0.00000000 0.99980000 0.02130000
vn -0.00000000 0.99980000 0.02130000
vn -0.00000000 0.99980000 0.02130000
vn -0.00000000 0.99980000 0.02130000
vn -0.00000000 0.99980000 0.02130000
vn -0.00000000 0.99980000 0.02130000
vn -0.00000000 0.99980000 0.02130000
vn -0.00000000 0.99980000 0.02130000
vn -0.00000000 0.99980000 0.02130000
vn -0.00000000 0.99980000 0.02130000
vn -0.00000000 0.99980000 0.02130000
vn -0.00000000 0.99980000 0.02130000
vn -0.00000000 0.99980000 0.02130000
vn -0.00000000 0.99980000 0.02130000
vn -0.00000000 0.99980000 0.02130000
vn -0.00000000 0.99980000 0.02130000
vn -0.00000000 0.99980000 0.02130000
vn -0.00000000 0.99980000 0.02130000
vn -0.00000000 0.99980000 0.02130000
vn -0.00000000 0.99980000 0.02130000
vn -0.00000000 0.99980000 0.02130000
vn -0.00000000 0.99980000 0.02130000
vn -0.00000000 0.99980000 0.02130000
vn -0.19250000 0.02520000 -0.98100000
vn -0.00000000 0.99980000 0.02130000
vn -0.00000000 0.99980000 0.02130000
vn -0.00000000 0.99980000 0.02130000
vn -0.00000000 0.99980000 0.02130000
vn -0.00000000 0.99980000 0.02130000
vn -0.00000000 0.99980000 0.02130000
vn -0.00000000 0.99980000 0.02130000
vn -0.00000000 0.99980000 0.02130000
vn -0.00000000 0.99980000 0.02130000
vn -0.00000000 0.99980000 0.02130000
vn -0.00000000 0.99980000 0.02130000
vn -0.00000000 0.99980000 0.02130000
vn -0.00000000 0.99980000 0.02130000
vn -0.00000000 0.99980000 0.02130000
vn -0.00000000 0.99980000 0.02130000
vn -0.00000000 0.99980000 0.02130000
vn -0.00000000 0.99980000 0.02130000
vn -0.00000000 0.99980000 0.02130000
vn -0.00000000 0.99980000 0.02130000
vn -0.00000000 0.99980000 0.02130000
vn -0.00000000 0.99980000 0.02130000
vn -0.00000000 0.99980000 0.02130000
vn -0.00000000 0.99980000 0.02130000
vn -0.00000000 0.99980000 0.02130000
vn -0.00000000 0.99980000 0.02130000
vn -0.00000000 0.99980000 0.02130000
vn -0.00000000 0.99980000 0.02130000
vn -0.00000000 0.99980000 0.02130000
vn -0.00000000 0.99980000 0.02130000
vn -0.00000000 0.99980000 0.02130000
vn -0.00000000 0.99980000 0.02130000
vn -0.00000000 0.99980000 0.02130000
vn -0.00000000 0.99980000 0.02130000
vn -0.00000000 0.99980000 0.02130000
vn -0.00000000 0.99980000 0.02130000
vn -0.00000000 0.99980000 0.02130000
vn -0.00000000 0.99980000 0.02130000
vn -0.00000000 0.99980000 0.02130000
vn -0.00000000 0.99980000 0.02130000
vn -0.00000000 0.99980000 0.02130000
vn -0.00000000 0.99980000 0.02130000
vn -0.00000000 0.99980000 0.02130000
vn -0.00000000 0.99980000 0.02130000
vn -0.00000000 0.99980000 0.02130000
vn -0.00000000 0.99980000 0.02130000
vn -0.00000000 0.99980000 0.02130000
vn -0.00000000 0.99980000 0.02130000
vn -0.00000000 0.99980000 0.02130000
vn -0.00000000 0.99980000 0.02130000
vn -0.00000000 0.99980000 0.02130000
vn -0.00000000 0.99980000 0.02130000
vn -0.00000000 0.99980000 0.02130000
vn -0.00000000 0.99980000 0.02130000
vn -0.00000000 0.99980000 0.02130000
vn -0.00000000 0.99980000 0.02130000
vn -0.00000000 0.99980000 0.02130000
vn -0.00000000 0.99980000 0.02130000
vn -0.00000000 0.99980000 0.02130000
vn -0.00000000 0.99980000 0.02130000
vn -0.00000000 0.99980000 0.02130000
vn -0.00000000 0.99980000 0.02130000
vn -0.00000000 0.99980000 0.02130000
vn -0.00000000 0.99980000 0.02130000
vn -0.00000000 0.99980000 0.02130000
vn -0.00000000 0.99980000 0.02130000
vn -0.00000000 0.99980000 0.02130000
vn -0.00000000 0.99980000 0.02130000
vn -0.00000000 0.99980000 0.02130000
vn -0.00000000 0.99980000 0.02130000
vn -0.00000000 0.99980000 0.02130000
vn -0.00000000 0.99980000 0.02130000
vn -0.00000000 0.99980000 0.02130000
vn -0.00000000 0.99980000 0.02130000
vn -0.00000000 0.99980000 0.02130000
vn -0.00000000 0.99980000 0.02130000
vn -0.00000000 0.99980000 0.02130000
vn -0.00000000 0.99980000 0.02130000
vn -0.00000000 0.99980000 0.02130000
vn -0.00000000 0.99980000 0.02130000
vn -0.00000000 0.99980000 0.02130000
vn -0.00000000 0.99980000 0.02130000
vn 1.00000000 -0.00000000 -0.00000000
vn -0.00000000 0.99200000 0.12620000
vn -1.00000000 -0.00000000 -0.00000000
vn -0.00000000 0.99980000 0.02140000
vn -1.00000000 -0.00000000 -0.00000000
vn -0.00000000 -0.99980000 -0.02140000
vn 1.00000000 -0.00000000 -0.00000000
vn -0.00000000 -0.99200000 -0.12620000
vn -0.00000000 -0.00000000 1.00000000
vn -0.00000000 1.00000000 -0.00000000
vn -0.00000000 -0.99980000 -0.02140000
vn 1.00000000 -0.00000000 -0.00000000
vn 1.00000000 -0.00000000 -0.00000000
vn -0.00000000 0.99980000 0.02140000
vn -0.00000000 -0.00000000 1.00000000
vn -0.00000000 -1.00000000 -0.00000000
vn 0.00300000 -0.99980000 -0.02040000
vn 0.99530000 -0.00000000 0.09670000
vn 0.00300000 -0.99980000 -0.02040000
vn 0.99530000 -0.00000000 0.09670000
vn -0.00000000 -0.99980000 -0.02140000
vn 1.00000000 -0.00000000 -0.00000000
vn 1.00000000 -0.00000000 -0.00000000
vn -0.00000000 0.99980000 0.02140000
vn 0.99510000 -0.00000000 0.09930000
vn 0.99510000 -0.00000000 0.09930000
vn -0.00290000 0.99980000 0.02040000
vn -0.00290000 0.99980000 0.02040000
vn 0.92290000 -0.00000000 0.38490000
vn -0.00710000 0.99980000 0.01680000
vn -0.00000000 0.99980000 0.02140000
vn -1.00000000 -0.00000000 -0.00000000
vn -0.00000000 -0.99980000 -0.02140000
vn -1.00000000 -0.00000000 -0.00000000
vn 0.92480000 -0.00000000 0.38040000
vn 0.00720000 -0.99980000 -0.01680000
vn -0.00940000 0.99990000 0.01020000
vn 0.70580000 -0.00000000 0.70840000
vn 0.00050000 -0.99980000 -0.02130000
vn 1.00000000 -0.00000000 0.00040000
vn 1.00000000 -0.00000000 0.00040000
vn -0.00050000 0.99980000 0.02130000
vn 0.70840000 -0.00000000 0.70580000
vn 0.00940000 -0.99990000 -0.01010000
vn -0.00660000 1.00000000 0.00360000
vn 0.38170000 -0.00000000 0.92430000
vn 0.00050000 0.99980000 0.02130000
vn -1.00000000 -0.00000000 0.00040000
vn -0.00050000 -0.99980000 -0.02130000
vn -1.00000000 -0.00000000 0.00040000
vn 0.38360000 -0.00000000 0.92350000
vn 0.00660000 -1.00000000 -0.00360000
vn -0.00190000 1.00000000 0.00050000
vn 0.09790000 -0.00000000 0.99520000
vn 1.00000000 -0.00000000 -0.00000000
vn -0.00000000 -0.99980000 -0.02140000
vn 1.00000000 -0.00000000 -0.00000000
vn -0.00000000 0.99980000 0.02140000
vn 0.09810000 -0.00000000 0.99520000
vn 0.00190000 -1.00000000 -0.00050000
vn 0.03210000 0.97460000 0.22170000
vn 0.99810000 -0.00070000 -0.06170000
vn -0.00000000 0.99980000 0.02140000
vn -1.00000000 -0.00000000 -0.00000000
vn -0.00000000 -0.99980000 -0.02140000
vn -1.00000000 -0.00000000 -0.00000000
vn 0.99650000 -0.00090000 -0.08370000
vn -0.02680000 -0.97450000 -0.22280000
vn -0.07190000 -0.97920000 -0.18990000
vn 0.93150000 -0.00260000 -0.36380000
vn 0.93150000 -0.00260000 -0.36380000
vn -0.07190000 -0.97920000 -0.18990000
vn -1.00000000 -0.00000000 -0.00000000
vn -0.00000000 0.99980000 0.02140000
vn -1.00000000 -0.00000000 -0.00000000
vn -0.00000000 -0.99980000 -0.02140000
vn 0.94980000 -0.00240000 -0.31300000
vn 0.94980000 -0.00240000 -0.31300000
vn 0.07920000 0.97910000 0.18720000
vn 0.07920000 0.97910000 0.18720000
vn -0.10260000 -0.98750000 -0.11980000
vn 0.72510000 -0.00270000 -0.68860000
vn 1.00000000 -0.00000000 -0.00000000
vn -0.00000000 -0.99980000 -0.02140000
vn 1.00000000 -0.00000000 -0.00000000
vn -0.00000000 0.99980000 0.02140000
vn 0.10740000 0.98740000 0.11640000
vn 0.75080000 -0.00280000 -0.66050000
vn 0.40270000 -0.00130000 -0.91540000
vn -0.07710000 -0.99600000 -0.04500000
vn -0.00000000 -0.99980000 -0.02140000
vn 1.00000000 -0.00000000 -0.00000000
vn -0.00000000 0.99980000 0.02140000
vn 1.00000000 -0.00000000 -0.00000000
vn 0.07850000 0.99600000 0.04310000
vn 0.42260000 -0.00140000 -0.90630000
vn -0.02360000 -0.99970000 -0.00610000
vn 0.10670000 -0.00030000 -0.99430000
vn -1.00000000 -0.00000000 -0.00000000
vn -0.00000000 0.99980000 0.02140000
vn -0.00000000 -0.99980000 -0.02140000
vn -1.00000000 -0.00000000 -0.00000000
vn 0.10900000 -0.00030000 -0.99400000
vn 0.02360000 0.99970000 0.00580000
vn -0.00000000 -1.00000000 -0.00000000
vn -0.00000000 -0.00000000 -1.00000000
vn 1.00000000 -0.00000000 -0.00000000
vn -0.00000000 -0.99980000 -0.02140000
vn 1.00000000 -0.00000000 -0.00000000
vn -0.00000000 0.99980000 0.02140000
vn -0.00000000 -0.00000000 -1.00000000
vn -0.00000000 1.00000000 -0.00000000
vn 1.00000000 -0.00000000 -0.00000000
vn -0.00000000 0.99980000 0.02140000
vn -0.00000000 0.99980000 0.02140000
vn -1.00000000 -0.00000000 -0.00000000
vn -0.00000000 -0.99980000 -0.02140000
vn -1.00000000 -0.00000000 -0.00000000
vn -0.00000000 -0.99980000 -0.02140000
vn 1.00000000 -0.00000000 -0.00000000
vn 1.00000000 -0.00000000 -0.00000000
vn -0.00000000 -0.97330000 -0.22960000
vn -1.00000000 -0.00000000 -0.00000000
vn -0.00000000 0.99980000 0.02140000
vn -0.00000000 -0.99980000 -0.02140000
vn -1.00000000 -0.00000000 -0.00000000
vn -0.00000000 0.97330000 0.22960000
vn 1.00000000 -0.00000000 -0.00000000
vn 1.00000000 -0.00000000 -0.00000000
vn -0.00000000 -0.97330000 -0.22960000
vn -0.00000000 -0.99980000 -0.02140000
vn 1.00000000 -0.00000000 -0.00000000
vn 1.00000000 -0.00000000 -0.00000000
vn -0.00000000 0.99980000 0.02140000
vn 1.00000000 -0.00000000 -0.00000000
vn -0.00000000 0.97330000 0.22960000
vn -0.00000000 -0.97330000 -0.22960000
vn 1.00000000 -0.00000000 -0.00000000
vn -0.00000000 0.99980000 0.02140000
vn -1.00000000 -0.00000000 -0.00000000
vn -1.00000000 -0.00000000 -0.00000000
vn -0.00000000 -0.99980000 -0.02140000
vn 1.00000000 -0.00000000 -0.00000000
vn -0.00000000 0.97330000 0.22960000
vn -0.00000000 -0.97330000 -0.22960000
vn 1.00000000 -0.00000000 -0.00000000
vn 1.00000000 -0.00000000 -0.00000000
vn -0.00000000 -0.99980000 -0.02140000
vn -0.00000000 0.99980000 0.02140000
vn 1.00000000 -0.00000000 -0.00000000
vn 1.00000000 -0.00000000 -0.00000000
vn -0.00000000 0.97330000 0.22960000
vn 1.00000000 -0.00000000 -0.00000000
vn -0.00380000 -0.97340000 -0.22890000
vn -0.00000000 -0.99980000 -0.02140000
vn 1.00000000 -0.00000000 -0.00000000
vn -0.00000000 0.99980000 0.02140000
vn 1.00000000 -0.00000000 -0.00000000
vn 0.00520000 0.97350000 0.22870000
vn 1.00000000 -0.00000000 -0.00000000
vn -0.00000000 0.99980000 0.02140000
vn 1.00000000 -0.00000000 -0.00000000
vn -0.00000000 0.99980000 0.02140000
vn -1.00000000 -0.00000000 -0.00000000
vn -1.00000000 -0.00000000 -0.00000000
vn -0.00000000 -0.99980000 -0.02140000
vn -0.00000000 -0.99980000 -0.02140000
vn 1.00000000 -0.00000000 -0.00000000
vn -0.00000000 0.99200000 0.12620000
vn -1.00000000 -0.00000000 -0.00000000
vn -0.00000000 0.99980000 0.02140000
vn -1.00000000 -0.00000000 -0.00000000
vn -1.00000000 -0.00000000 -0.00000000
vn -0.00000000 -0.99980000 -0.02140000
vn -0.00000000 -0.99200000 -0.12620000
vn -1.00000000 -0.00000000 -0.00000000
vn -0.00000000 -0.00000000 1.00000000
vn -0.00000000 1.00000000 -0.00000000
vn 1.00000000 -0.00000000 -0.00000000
vn -0.00000000 -0.99980000 -0.02140000
vn -0.00000000 0.99980000 0.02140000
vn 1.00000000 -0.00000000 -0.00000000
vn -0.00000000 -0.00000000 1.00000000
vn -0.00000000 -1.00000000 -0.00000000
vn -0.00300000 -0.99980000 -0.02040000
vn -0.99530000 -0.00000000 0.09670000
vn -0.99530000 -0.00000000 0.09670000
vn -0.00300000 -0.99980000 -0.02040000
vn 1.00000000 -0.00000000 -0.00000000
vn -0.00000000 -0.99980000 -0.02140000
vn -0.00000000 0.99980000 0.02140000
vn 1.00000000 -0.00000000 -0.00000000
vn -0.99510000 -0.00000000 0.09930000
vn 0.00290000 0.99980000 0.02040000
vn 0.00290000 0.99980000 0.02040000
vn -0.99510000 -0.00000000 0.09930000
vn -0.92290000 -0.00000000 0.38490000
vn 0.00710000 0.99980000 0.01680000
vn -0.00000000 0.99980000 0.02140000
vn -1.00000000 -0.00000000 -0.00000000
vn -1.00000000 -0.00000000 -0.00000000
vn -0.00000000 -0.99980000 -0.02140000
vn -0.00720000 -0.99980000 -0.01680000
vn -0.92480000 -0.00000000 0.38040000
vn -0.70580000 -0.00000000 0.70840000
vn 0.00940000 0.99990000 0.01020000
vn -0.00000000 -1.00000000 -0.00000000
vn 0.00030000 -0.00000000 1.00000000
vn 0.00030000 -0.00000000 1.00000000
vn -0.00000000 1.00000000 -0.00000000
vn -0.00940000 -0.99990000 -0.01010000
vn -0.70840000 -0.00000000 0.70580000
vn 0.00660000 1.00000000 0.00360000
vn -0.38170000 -0.00000000 0.92430000
vn -0.00000000 1.00000000 -0.00010000
vn 0.00040000 -0.00000000 -1.00000000
vn -0.00000000 -1.00000000 0.00010000
vn 0.00040000 -0.00000000 -1.00000000
vn -0.38360000 -0.00000000 0.92350000
vn -0.00660000 -1.00000000 -0.00360000
vn 0.00190000 1.00000000 0.00050000
vn -0.09790000 -0.00000000 0.99520000
vn -0.00000000 -0.00000000 -1.00000000
vn -0.00000000 -1.00000000 -0.00000000
vn -0.00000000 1.00000000 -0.00000000
vn -0.00000000 -0.00000000 -1.00000000
vn -0.00190000 -1.00000000 -0.00050000
vn -0.09810000 -0.00000000 0.99520000
vn -0.03210000 0.97460000 0.22170000
vn -0.99810000 -0.00070000 -0.06170000
vn -0.00000000 -1.00000000 -0.00000000
vn -0.00000000 -0.00000000 1.00000000
vn -0.00000000 1.00000000 -0.00000000
vn -0.00000000 -0.00000000 1.00000000
vn -0.99650000 -0.00090000 -0.08370000
vn 0.02680000 -0.97450000 -0.22280000
vn 0.07190000 -0.97920000 -0.18990000
vn -0.93150000 -0.00260000 -0.36380000
vn 0.07190000 -0.97920000 -0.18990000
vn -0.93150000 -0.00260000 -0.36380000
vn -0.00000000 -1.00000000 -0.00000000
vn -0.00000000 -0.00000000 -1.00000000
vn -0.00000000 -0.00000000 -1.00000000
vn -0.00000000 1.00000000 -0.00000000
vn -0.94980000 -0.00240000 -0.31300000
vn -0.07920000 0.97910000 0.18720000
vn -0.07920000 0.97910000 0.18720000
vn -0.94980000 -0.00240000 -0.31300000
vn 0.10260000 -0.98750000 -0.11980000
vn -0.72510000 -0.00270000 -0.68860000
vn -0.00000000 -1.00000000 -0.00000000
vn -0.00000000 -0.00000000 1.00000000
vn -0.00000000 -0.00000000 1.00000000
vn -0.00000000 1.00000000 -0.00000000
vn -0.75080000 -0.00280000 -0.66050000
vn -0.10740000 0.98740000 0.11640000
vn -0.40270000 -0.00130000 -0.91540000
vn 0.07710000 -0.99600000 -0.04500000
vn -0.00000000 -1.00000000 -0.00000000
vn -0.00000000 -0.00000000 -1.00000000
vn -0.00000000 1.00000000 -0.00000000
vn -0.00000000 -0.00000000 -1.00000000
vn -0.07850000 0.99600000 0.04310000
vn -0.42260000 -0.00140000 -0.90630000
vn -0.10670000 -0.00030000 -0.99430000
vn 0.02360000 -0.99970000 -0.00610000
vn -0.00000000 -1.00000000 -0.00000000
vn -0.00000000 -0.00000000 1.00000000
vn -0.00000000 1.00000000 -0.00000000
vn -0.00000000 -0.00000000 1.00000000
vn -0.02360000 0.99970000 0.00580000
vn -0.10900000 -0.00030000 -0.99400000
vn -0.00000000 -0.00000000 -1.00000000
vn -0.00000000 -1.00000000 0.00010000
vn -0.00000000 -0.00000000 -1.00000000
vn -0.00000000 -1.00000000 -0.00000000
vn -0.00000000 1.00000000 -0.00000000
vn -0.00000000 -0.00000000 -1.00000000
vn -0.00000000 -0.00000000 -1.00000000
vn -0.00000000 1.00000000 -0.00010000
vn -1.00000000 -0.00000000 -0.00000000
vn -0.00000000 0.99980000 0.02140000
vn -0.00000000 -1.00000000 -0.00000000
vn -0.00000000 -0.00000000 1.00000000
vn -0.00000000 -0.00000000 1.00000000
vn -0.00000000 1.00000000 -0.00000000
vn -1.00000000 -0.00000000 -0.00000000
vn -0.00000000 -0.99980000 -0.02140000
vn -0.00000000 -0.97330000 -0.22960000
vn -1.00000000 -0.00000000 -0.00000000
vn -0.00000000 -0.00000000 1.00000000
vn -0.00000000 -1.00000000 -0.00000000
vn -0.00000000 -0.00000000 1.00000000
vn -0.00000000 1.00000000 -0.00000000
vn -1.00000000 -0.00000000 -0.00000000
vn -0.00000000 0.97330000 0.22960000
vn -0.00000000 -0.97330000 -0.22960000
vn -1.00000000 -0.00000000 -0.00000000
vn -0.00000000 -0.00000000 -1.00000000
vn -0.00000000 -1.00000000 -0.00000000
vn -0.00000000 1.00000000 -0.00000000
vn -0.00000000 -0.00000000 -1.00000000
vn -0.00000000 0.97330000 0.22960000
vn -1.00000000 -0.00000000 -0.00000000
vn -0.00000000 -0.97330000 -0.22960000
vn -1.00000000 -0.00000000 -0.00000000
vn -0.00000000 1.00000000 -0.00000000
vn -0.00000000 -0.00000000 -1.00000000
vn -0.00000000 -0.00000000 -1.00000000
vn -0.00000000 -1.00000000 -0.00000000
vn -1.00000000 -0.00000000 -0.00000000
vn -0.00000000 0.97330000 0.22960000
vn -0.00000000 -0.97330000 -0.22960000
vn -1.00000000 -0.00000000 -0.00000000
vn -0.00000000 -0.00000000 1.00000000
vn -0.00000000 -1.00000000 -0.00000000
vn -0.00000000 1.00000000 -0.00000000
vn -0.00000000 -0.00000000 1.00000000
vn -0.00000000 0.97330000 0.22960000
vn -1.00000000 -0.00000000 -0.00000000
vn -1.00000000 -0.00000000 -0.00000000
vn 0.00380000 -0.97340000 -0.22890000
vn -0.00000000 -0.00000000 1.00000000
vn -0.00000000 -1.00000000 -0.00000000
vn -0.00000000 1.00000000 -0.00000000
vn -0.00000000 -0.00000000 1.00000000
vn -1.00000000 -0.00000000 -0.00000000
vn -0.00520000 0.97350000 0.22870000
vn -0.00000000 0.99980000 0.02140000
vn -1.00000000 -0.00000000 -0.00000000
vn -0.00000000 1.00000000 -0.00000000
vn -0.00000000 -0.00000000 -1.00000000
vn -0.00000000 -1.00000000 -0.00000000
vn -0.00000000 -0.00000000 -1.00000000
vn -0.00000000 -0.99980000 -0.02140000
vn -1.00000000 -0.00000000 -0.00000000
vn -0.00000000 -1.00000000 -0.00000000
vn -0.00000000 -0.00000000 1.00000000
vn -0.00000000 1.00000000 -0.00000000
vn -0.00000000 -0.00000000 -1.00000000
vn -0.00000000 -1.00000000 -0.00000000
vn -0.00000000 -0.00000000 -1.00000000
vn -0.00000000 1.00000000 -0.00000000
vn -0.00000000 -0.00000000 1.00000000
vn -0.00000000 -0.00000000 -1.00000000
vn -0.00000000 -1.00000000 -0.00000000
vn -0.00000000 -1.00000000 -0.00000000
vn -0.00000000 -0.00000000 1.00000000
vn -0.00000000 -0.00000000 1.00000000
vn -0.00000000 1.00000000 -0.00000000
vn -0.00000000 1.00000000 -0.00000000
vn -0.00000000 -0.00000000 -1.00000000
vn -0.00000000 -0.99980000 -0.02140000
vn -1.00000000 -0.00000000 -0.00000000
vn -0.00000000 -0.00000000 1.00000000
vn -0.00000000 -1.00000000 -0.00000000
vn -0.00000000 1.00000000 -0.00000000
vn -0.00000000 -0.00000000 1.00000000
vn -0.00000000 0.99980000 0.02140000
vn -1.00000000 -0.00000000 -0.00000000
vn 1.00000000 -0.00000000 -0.00000000
vn -0.00000000 0.99980000 0.02140000
vn -0.00000000 1.00000000 -0.00000000
vn -0.00000000 -0.00000000 -1.00000000
vn -0.00000000 -0.00000000 -1.00000000
vn -0.00000000 -1.00000000 -0.00000000
vn -0.00000000 -0.99980000 -0.02140000
vn 1.00000000 -0.00000000 -0.00000000
vn -1.00000000 -0.00000000 -0.00000000
vn -0.00000000 -0.99980000 -0.02140000
vn -0.00000000 -1.00000000 -0.00000000
vn -0.00000000 -0.00000000 1.00000000
vn -0.00000000 1.00000000 -0.00000000
vn -0.00000000 -0.00000000 1.00000000
vn -1.00000000 -0.00000000 -0.00000000
vn -0.00000000 0.99980000 0.02140000
vn -0.00000000 0.99980000 0.02140000
vn 1.00000000 -0.00000000 -0.00000000
vn -0.00000000 -0.00000000 -1.00000000
vn -0.00000000 -1.00000000 -0.00000000
vn -0.00000000 -0.00000000 -1.00000000
vn -0.00000000 1.00000000 -0.00000000
vn 1.00000000 -0.00000000 -0.00000000
vn -0.00000000 -0.99980000 -0.02140000
vn -0.00000000 -0.00000000 1.00000000
vn -0.00000000 1.00000000 -0.00000000
vn -0.00000000 -0.00000000 -1.00000000
vn -0.00000000 -1.00000000 -0.00000000
vn -0.00000000 1.00000000 -0.00000000
vn -0.00000000 -0.00000000 -1.00000000
vn -0.00000000 -0.00000000 1.00000000
vn -0.00000000 -1.00000000 -0.00000000
vn -0.00000000 1.00000000 -0.00000000
vn -0.00000000 -0.00000000 -1.00000000
vn -0.00000000 -1.00000000 -0.00000000
vn -0.00000000 -0.00000000 1.00000000
vn -0.00000000 1.00000000 -0.00000000
vn -0.00000000 -0.00000000 1.00000000
vn -0.00000000 -1.00000000 -0.00000000
vn -0.00000000 -0.00000000 -1.00000000
vn -0.00000000 1.00000000 -0.00000000
vn -0.00000000 -0.00000000 -1.00000000
vn 1.00000000 -0.00000000 -0.00000000
vn -0.00000000 -0.99980000 -0.02140000
vn -0.00000000 0.99980000 0.02140000
vn 1.00000000 -0.00000000 -0.00000000
vn -0.00000000 -0.00000000 -1.00000000
vn -0.00000000 -1.00000000 -0.00000000
vn -0.00000000 -0.00000000 1.00000000
vn -0.00000000 1.00000000 -0.00000000
vn -1.00000000 -0.00000000 -0.00000000
vn -0.00000000 0.99980000 0.02140000
vn -1.00000000 -0.00000000 -0.00000000
vn -0.00000000 -0.99980000 -0.02140000
vn -0.00000000 -0.00000000 1.00000000
vn -0.00000000 -1.00000000 -0.00000000
vn -0.00000000 -1.00000000 -0.00000000
vn -0.00000000 -0.00000000 -1.00000000
vn -0.00000000 -0.99980000 -0.02140000
vn 1.00000000 -0.00000000 -0.00000000
vn 1.00000000 -0.00000000 -0.00000000
vn -0.00000000 0.99980000 0.02140000
vn -0.00000000 -0.00000000 -1.00000000
vn -0.00000000 1.00000000 -0.00000000
vn -0.00000000 -0.00000000 1.00000000
vn -0.00000000 1.00000000 -0.00000000
vn -0.00000000 0.99980000 0.02140000
vn -1.00000000 -0.00000000 -0.00000000
vn -0.00000000 -0.99980000 -0.02140000
vn -1.00000000 -0.00000000 -0.00000000
vn -0.00000000 -0.00000000 1.00000000
vn -0.00000000 -1.00000000 -0.00000000
vn -0.00000000 1.00000000 -0.00000000
vn -0.00000000 -0.00000000 1.00000000
vn -0.00000000 -0.00000000 -1.00000000
vn -0.00000000 1.00000000 -0.00000000
vn -0.00000000 -1.00000000 -0.00000000
vn -0.00000000 -0.00000000 -1.00000000
vn -0.00000000 -1.00000000 -0.00000000
vn -0.00000000 -0.00000000 1.00000000
vn -0.00000000 -1.00000000 -0.00000000
vn -0.00000000 -0.00000000 -1.00000000
vn -0.00000000 1.00000000 -0.00000000
vn -0.00000000 -0.00000000 1.00000000
vn -0.00000000 -0.00000000 1.00000000
vn -0.00000000 -1.00000000 -0.00000000
vn -0.00000000 -0.00000000 -1.00000000
vn -0.00000000 1.00000000 -0.00000000
vn -0.00000000 -1.00000000 -0.00000000
vn -0.00000000 -0.00000000 -1.00000000
vn -0.00000000 -0.99980000 -0.02140000
vn -1.00000000 -0.00000000 -0.00000000
vn -1.00000000 -0.00000000 -0.00000000
vn -0.00000000 0.99980000 0.02140000
vn -0.00000000 -0.00000000 -1.00000000
vn -0.00000000 1.00000000 -0.00000000
vn -0.00000000 1.00000000 -0.00000000
vn -0.00000000 -0.00000000 1.00000000
vn -1.00000000 0.00010000 -0.00030000
vn -0.00520000 0.97350000 0.22870000
vn 0.00380000 -0.97340000 -0.22890000
vn -1.00000000 0.00010000 -0.00030000
vn -0.00000000 -1.00000000 -0.00000000
vn -0.00000000 -0.00000000 1.00000000
vn -0.00000000 -0.00000000 1.00000000
vn -0.00000000 1.00000000 -0.00000000
vn -0.00000000 0.97330000 0.22960000
vn -1.00000000 -0.00000000 -0.00000000
vn -1.00000000 -0.00000000 -0.00000000
vn -0.00000000 -0.97330000 -0.22960000
vn -0.00000000 -1.00000000 -0.00000000
vn -0.00000000 -0.00000000 1.00000000
vn -0.00000000 -0.00000000 -1.00000000
vn -0.00000000 -1.00000000 -0.00000000
vn -1.00000000 -0.00000000 -0.00000000
vn -0.00000000 0.97330000 0.22960000
vn -0.00000000 -0.97330000 -0.22960000
vn -1.00000000 -0.00000000 -0.00000000
vn -0.00000000 1.00000000 -0.00000000
vn -0.00000000 -0.00000000 -1.00000000
vn -0.00000000 -0.00000000 -1.00000000
vn -0.00000000 1.00000000 -0.00000000
vn -1.00000000 -0.00000000 -0.00000000
vn -0.00000000 0.97330000 0.22960000
vn -1.00000000 -0.00000000 -0.00000000
vn -0.00000000 -0.97330000 -0.22960000
vn -0.00000000 -1.00000000 -0.00000000
vn -0.00000000 -0.00000000 -1.00000000
vn -0.00000000 -0.00000000 1.00000000
vn -0.00000000 1.00000000 -0.00000000
vn -0.00000000 0.97330000 0.22960000
vn -1.00000000 -0.00000000 -0.00000000
vn -0.00000000 -0.97330000 -0.22960000
vn -1.00000000 -0.00000000 -0.00000000
vn -0.00000000 -1.00000000 -0.00000000
vn -0.00000000 -0.00000000 1.00000000
vn -0.00000000 1.00000000 -0.00000000
vn -0.00000000 -0.00000000 1.00000000
vn -1.00000000 -0.00000000 -0.00000000
vn -0.00000000 -0.99980000 -0.02140000
vn -1.00000000 -0.00000000 -0.00000000
vn -0.00000000 0.99980000 0.02140000
vn -0.00000000 -1.00000000 -0.00000000
vn -0.00000000 -0.00000000 1.00000000
vn -0.00000000 1.00000000 -0.00000000
vn -0.00000000 -0.00000000 -1.00000000
vn -0.00000000 1.00000000 -0.00010000
vn -0.00040000 -0.00000000 -1.00000000
vn -0.00000000 -1.00000000 0.00010000
vn -0.00040000 -0.00000000 -1.00000000
vn -0.00000000 -0.00000000 -1.00000000
vn -0.00000000 -1.00000000 -0.00000000
vn -0.00000000 -0.00000000 1.00000000
vn -0.00000000 1.00000000 -0.00000000
vn -0.02350000 0.99970000 0.00580000
vn -0.10850000 -0.00050000 -0.99410000
vn -0.11190000 -0.00050000 -0.99370000
vn 0.02360000 -0.99970000 -0.00610000
vn -0.00000000 -1.00000000 -0.00000000
vn -0.00000000 -0.00000000 1.00000000
vn -0.00000000 -0.00000000 -1.00000000
vn -0.00000000 1.00000000 -0.00000000
vn -0.07810000 0.99600000 0.04270000
vn -0.40310000 -0.00160000 -0.91520000
vn 0.07750000 -0.99600000 -0.04550000
vn -0.42530000 -0.00170000 -0.90500000
vn -0.00000000 -0.00000000 -1.00000000
vn -0.00000000 -1.00000000 -0.00000000
vn -0.00000000 -0.00000000 1.00000000
vn -0.00000000 1.00000000 -0.00000000
vn -0.10750000 0.98750000 0.11540000
vn -0.72360000 -0.00280000 -0.69020000
vn -0.75160000 -0.00300000 -0.65970000
vn 0.10250000 -0.98740000 -0.12090000
vn -0.00000000 -0.00000000 1.00000000
vn -0.00000000 -1.00000000 -0.00000000
vn -0.00000000 1.00000000 -0.00000000
vn -0.00000000 -0.00000000 -1.00000000
vn -0.08050000 0.97930000 0.18580000
vn -0.93050000 -0.00240000 -0.36640000
vn -0.93050000 -0.00240000 -0.36640000
vn -0.08050000 0.97930000 0.18580000
vn -0.94920000 -0.00200000 -0.31450000
vn 0.07160000 -0.97910000 -0.19020000
vn 0.07160000 -0.97910000 -0.19020000
vn -0.94920000 -0.00200000 -0.31450000
vn -0.00000000 -1.00000000 -0.00000000
vn -0.00000000 -0.00000000 -1.00000000
vn -0.00000000 1.00000000 -0.00000000
vn -0.00000000 -0.00000000 1.00000000
vn -0.99800000 -0.00030000 -0.06350000
vn 0.02660000 -0.97450000 -0.22280000
vn -0.03250000 0.97460000 0.22160000
vn -0.99630000 -0.00050000 -0.08620000
vn -0.00000000 -0.00000000 1.00000000
vn -0.00000000 -1.00000000 -0.00000000
vn -0.00000000 -0.00000000 -1.00000000
vn -0.00000000 1.00000000 -0.00000000
vn -0.00190000 -1.00000000 -0.00050000
vn -0.10000000 -0.00000000 0.99500000
vn 0.00190000 1.00000000 0.00050000
vn -0.10020000 -0.00000000 0.99500000
vn -0.00000000 -0.00000000 -1.00000000
vn -0.00000000 -1.00000000 -0.00000000
vn -0.00000000 -0.00000000 -1.00000000
vn -0.00000000 -1.00000000 0.00010000
vn -0.38340000 -0.00000000 0.92360000
vn -0.00660000 -1.00000000 -0.00360000
vn 0.00660000 1.00000000 0.00360000
vn -0.38520000 -0.00000000 0.92280000
vn -0.00000000 -0.00000000 -1.00000000
vn -0.00000000 1.00000000 -0.00010000
vn -0.00000000 1.00000000 -0.00000000
vn -0.00000000 -0.00000000 1.00000000
vn -0.70590000 -0.00000000 0.70840000
vn -0.00940000 -0.99990000 -0.01010000
vn -0.70840000 -0.00000000 0.70590000
vn 0.00940000 0.99990000 0.01020000
vn -0.00000000 -0.00000000 1.00000000
vn -0.00000000 -1.00000000 -0.00000000
vn -1.00000000 -0.00000000 -0.00000000
vn -0.00000000 -0.99980000 -0.02140000
vn -0.00720000 -0.99980000 -0.01680000
vn -0.92230000 -0.00000000 0.38640000
vn -0.92410000 -0.00000000 0.38220000
vn 0.00710000 0.99980000 0.01680000
vn -1.00000000 -0.00000000 -0.00000000
vn -0.00000000 0.99980000 0.02140000
vn -0.00000000 0.99980000 0.02140000
vn 1.00000000 -0.00000000 -0.00000000
vn 0.00290000 0.99980000 0.02040000
vn 0.00290000 0.99980000 0.02040000
vn -0.99510000 -0.00000000 0.09890000
vn -0.99510000 -0.00000000 0.09890000
vn -0.99480000 -0.00000000 0.10150000
vn -0.99480000 -0.00000000 0.10150000
vn -0.00300000 -0.99980000 -0.02040000
vn -0.00300000 -0.99980000 -0.02040000
vn -0.00000000 -0.99980000 -0.02140000
vn 1.00000000 -0.00000000 -0.00000000
vn 1.00000000 -0.00000000 -0.00000000
vn -0.00000000 0.99980000 0.02140000
vn -0.00030000 -0.00000000 1.00000000
vn -0.00000000 -1.00000000 -0.00000000
vn -0.00000000 1.00000000 -0.00000000
vn -0.00030000 -0.00000000 1.00000000
vn 1.00000000 -0.00000000 -0.00000000
vn -0.00000000 -0.99980000 -0.02140000
vn -1.00000000 -0.00000000 -0.00000000
vn -0.00000000 -0.99980000 -0.02140000
vn -0.00000000 -0.99200000 -0.12620000
vn -1.00000000 -0.00000000 -0.00000000
vn -1.00000000 -0.00000000 -0.00000000
vn -0.00000000 0.99200000 0.12620000
vn -1.00000000 -0.00000000 -0.00000000
vn -0.00000000 0.99980000 0.02140000
vn -0.00000000 -0.99980000 -0.02140000
vn -1.00000000 -0.00000000 -0.00000000
vn -0.00000000 -0.99980000 -0.02140000
vn 1.00000000 -0.00000000 -0.00000000
vn -0.00000000 0.99980000 0.02140000
vn 1.00000000 -0.00000000 -0.00000000
vn -0.00000000 0.99980000 0.02140000
vn -1.00000000 -0.00000000 -0.00000000
vn 1.00000000 -0.00000000 -0.00000000
vn -0.00000000 0.99980000 0.02140000
vn 0.00520000 0.97350000 0.22870000
vn 1.00000000 0.00010000 -0.00030000
vn 1.00000000 0.00010000 -0.00030000
vn -0.00380000 -0.97340000 -0.22890000
vn -0.00000000 -0.99980000 -0.02140000
vn 1.00000000 -0.00000000 -0.00000000
vn -0.00000000 0.99980000 0.02140000
vn 1.00000000 -0.00000000 -0.00000000
vn -0.00000000 0.97330000 0.22960000
vn 1.00000000 -0.00000000 -0.00000000
vn 1.00000000 -0.00000000 -0.00000000
vn -0.00000000 -0.97330000 -0.22960000
vn 1.00000000 -0.00000000 -0.00000000
vn -0.00000000 -0.99980000 -0.02140000
vn -0.00000000 -0.99980000 -0.02140000
vn -1.00000000 -0.00000000 -0.00000000
vn -0.00000000 0.97330000 0.22960000
vn 1.00000000 -0.00000000 -0.00000000
vn 1.00000000 -0.00000000 -0.00000000
vn -0.00000000 -0.97330000 -0.22960000
vn -0.00000000 0.99980000 0.02140000
vn -1.00000000 -0.00000000 -0.00000000
vn -0.00000000 0.99980000 0.02140000
vn 1.00000000 -0.00000000 -0.00000000
vn -0.00000000 0.97330000 0.22960000
vn 1.00000000 -0.00000000 -0.00000000
vn 1.00000000 -0.00000000 -0.00000000
vn -0.00000000 -0.97330000 -0.22960000
vn -0.00000000 -0.99980000 -0.02140000
vn 1.00000000 -0.00000000 -0.00000000
vn -1.00000000 -0.00000000 -0.00000000
vn -0.00000000 -0.99980000 -0.02140000
vn -0.00000000 0.97330000 0.22960000
vn 1.00000000 -0.00000000 -0.00000000
vn -0.00000000 -0.97330000 -0.22960000
vn 1.00000000 -0.00000000 -0.00000000
vn -0.00000000 0.99980000 0.02140000
vn -1.00000000 -0.00000000 -0.00000000
vn -1.00000000 -0.00000000 -0.00000000
vn -0.00000000 -0.99980000 -0.02140000
vn 1.00000000 -0.00000000 -0.00000000
vn -0.00000000 -0.99980000 -0.02140000
vn 1.00000000 -0.00000000 -0.00000000
vn -0.00000000 0.99980000 0.02140000
vn -0.00000000 0.99980000 0.02140000
vn -1.00000000 -0.00000000 -0.00000000
vn -0.00000000 0.99980000 0.02140000
vn 1.00000000 -0.00000000 -0.00000000
vn -0.00000000 -0.00000000 -1.00000000
vn -0.00000000 1.00000000 -0.00000000
vn -0.00000000 -0.00000000 -1.00000000
vn -0.00000000 -1.00000000 -0.00000000
vn 1.00000000 -0.00000000 -0.00000000
vn -0.00000000 -0.99980000 -0.02140000
vn -0.00000000 -0.99980000 -0.02140000
vn -1.00000000 -0.00000000 -0.00000000
vn 0.02350000 0.99970000 0.00580000
vn 0.10850000 -0.00050000 -0.99410000
vn 0.11190000 -0.00050000 -0.99370000
vn -0.02360000 -0.99970000 -0.00610000
vn -1.00000000 -0.00000000 -0.00000000
vn -0.00000000 0.99980000 0.02140000
vn 1.00000000 -0.00000000 -0.00000000
vn -0.00000000 0.99980000 0.02140000
vn 0.07810000 0.99600000 0.04270000
vn 0.40310000 -0.00160000 -0.91520000
vn -0.07750000 -0.99600000 -0.04550000
vn 0.42530000 -0.00170000 -0.90500000
vn -0.00000000 -0.99980000 -0.02140000
vn 1.00000000 -0.00000000 -0.00000000
vn -0.00000000 0.99980000 0.02140000
vn 1.00000000 -0.00000000 -0.00000000
vn 0.72360000 -0.00280000 -0.69020000
vn 0.10750000 0.98750000 0.11540000
vn -0.10250000 -0.98740000 -0.12090000
vn 0.75160000 -0.00300000 -0.65970000
vn 1.00000000 -0.00000000 -0.00000000
vn -0.00000000 -0.99980000 -0.02140000
vn -0.00000000 -0.99980000 -0.02140000
vn -1.00000000 -0.00000000 -0.00000000
vn 0.08050000 0.97930000 0.18580000
vn 0.08050000 0.97930000 0.18580000
vn 0.93050000 -0.00240000 -0.36640000
vn 0.93050000 -0.00240000 -0.36640000
vn 0.94920000 -0.00200000 -0.31450000
vn 0.94920000 -0.00200000 -0.31450000
vn -0.07160000 -0.97910000 -0.19020000
vn -0.07160000 -0.97910000 -0.19020000
vn -1.00000000 -0.00000000 -0.00000000
vn -0.00000000 0.99980000 0.02140000
vn -0.00000000 -0.99980000 -0.02140000
vn -1.00000000 -0.00000000 -0.00000000
vn -0.02660000 -0.97450000 -0.22280000
vn 0.99800000 -0.00030000 -0.06350000
vn 0.99630000 -0.00050000 -0.08620000
vn 0.03250000 0.97460000 0.22160000
vn -1.00000000 -0.00000000 -0.00000000
vn -0.00000000 0.99980000 0.02140000
vn -0.00000000 0.99980000 0.02140000
vn 1.00000000 -0.00000000 -0.00000000
vn 0.00190000 -1.00000000 -0.00050000
vn 0.10000000 -0.00000000 0.99500000
vn 0.10020000 -0.00000000 0.99500000
vn -0.00190000 1.00000000 0.00050000
vn -0.00000000 -0.99980000 -0.02140000
vn 1.00000000 -0.00000000 -0.00000000
vn -1.00000000 -0.00000000 -0.00000000
vn -0.00050000 -0.99980000 -0.02130000
vn 0.00660000 -1.00000000 -0.00360000
vn 0.38340000 -0.00000000 0.92360000
vn 0.38520000 -0.00000000 0.92280000
vn -0.00660000 1.00000000 0.00360000
vn -1.00000000 -0.00000000 -0.00000000
vn 0.00050000 0.99980000 0.02130000
vn 1.00000000 -0.00000000 -0.00000000
vn -0.00050000 0.99980000 0.02130000
vn 0.00940000 -0.99990000 -0.01010000
vn 0.70590000 -0.00000000 0.70840000
vn -0.00940000 0.99990000 0.01020000
vn 0.70840000 -0.00000000 0.70590000
vn 1.00000000 -0.00000000 -0.00000000
vn 0.00050000 -0.99980000 -0.02130000
vn -1.00000000 -0.00000000 -0.00000000
vn -0.00000000 -0.99980000 -0.02140000
vn 0.00720000 -0.99980000 -0.01680000
vn 0.92230000 -0.00000000 0.38640000
vn 0.92410000 -0.00000000 0.38220000
vn -0.00710000 0.99980000 0.01680000
vn -1.00000000 -0.00000000 -0.00000000
vn -0.00000000 0.99980000 0.02140000
vn -0.00000000 0.99980000 0.02140000
vn 1.00000000 -0.00000000 -0.00000000
vn 0.99510000 -0.00000000 0.09890000
vn 0.99510000 -0.00000000 0.09890000
vn -0.00290000 0.99980000 0.02040000
vn -0.00290000 0.99980000 0.02040000
vn 0.99480000 -0.00000000 0.10150000
vn 0.99480000 -0.00000000 0.10150000
vn 0.00300000 -0.99980000 -0.02040000
vn 0.00300000 -0.99980000 -0.02040000
vn 1.00000000 -0.00000000 -0.00000000
vn -0.00000000 -0.99980000 -0.02140000
vn -0.00000000 0.99980000 0.02140000
vn 1.00000000 -0.00000000 -0.00000000
vn -0.00000000 -1.00000000 -0.00000000
vn -0.00000000 -0.00000000 1.00000000
vn -0.00000000 1.00000000 -0.00000000
vn -0.00000000 -0.00000000 1.00000000
vn -0.00000000 -0.99980000 -0.02140000
vn 1.00000000 -0.00000000 -0.00000000
vn -0.00000000 -0.99980000 -0.02140000
vn -1.00000000 -0.00000000 -0.00000000
vn 1.00000000 -0.00000000 -0.00000000
vn -0.00000000 -0.99200000 -0.12620000
vn 1.00000000 -0.00000000 -0.00000000
vn -0.00000000 0.99200000 0.12620000
vn -1.00000000 -0.00000000 -0.00000000
vn -0.00000000 0.99980000 0.02140000
vn -0.00000000 -0.02130000 0.99980000
vn -0.00000000 0.99980000 0.02130000
vn -0.00000000 0.99980000 0.02130000
vn 0.00020000 0.02130000 -0.99980000
vn -0.00000000 0.99980000 0.02130000
vn 0.00020000 0.02130000 -0.99980000
vn 0.00020000 0.02130000 -0.99980000
vn -0.00000000 0.99980000 0.02130000
vn -0.00000000 0.99980000 0.02130000
vn 0.00020000 0.02130000 -0.99980000
vn -0.00000000 0.97320000 0.22980000
vn -0.00000000 -0.02130000 0.99980000
vn -0.00000000 0.99980000 0.02130000
vn -0.00000000 -0.02130000 0.99980000
vn -0.00000000 -0.00000000 -1.00000000
vn -0.00000000 -0.84820000 -0.52970000
vn -0.00000000 -1.00000000 -0.00000000
vn -0.00000000 -1.00000000 -0.00000000
vn -0.00000000 -1.00000000 -0.00000000
vn -0.00010000 -0.02090000 0.99980000
vn -0.00090000 0.99990000 0.01230000
vn -0.00000000 -1.00000000 -0.00000000
vn -0.00000000 -0.00000000 -1.00000000
vn -0.00000000 -1.00000000 -0.00000000
vn -0.00000000 -0.00000000 -1.00000000
vn -0.00000000 -1.00000000 -0.00000000
vn -0.00000000 -1.00000000 -0.00000000
vn -0.00000000 0.78510000 0.61940000
vn -0.00000000 0.97320000 0.22980000
vn -0.00000000 -1.00000000 -0.00000000
vn -0.00000000 -0.00000000 1.00000000
vn -0.00000000 -1.00000000 -0.00000000
vn -0.00000000 0.45310000 -0.89140000
vn -0.00000000 0.97320000 0.22980000
vn -0.00000000 -1.00000000 -0.00000000
vn -0.00000000 -1.00000000 -0.00000000
vn -0.00000000 -1.00000000 -0.00000000
vn -0.00000000 -1.00000000 -0.00000000
vn -0.00000000 0.78510000 0.61940000
vn -0.00000000 0.87660000 0.48110000
vn -0.00000000 -1.00000000 -0.00000000
vn -0.00000000 -1.00000000 -0.00000000
vn -0.00000000 -1.00000000 -0.00000000
vn -0.00000000 -1.00000000 -0.00000000
vn -0.00000000 -1.00000000 -0.00000000
vn -0.00000000 -1.00000000 -0.00000000
vn -0.00000000 -1.00000000 -0.00000000
vn -0.00000000 -1.00000000 -0.00000000
vn -0.00000000 -1.00000000 -0.00000000
vn -0.00000000 -0.00000000 1.00000000
vn -0.00000000 -0.00000000 1.00000000
vn -0.00000000 -1.00000000 -0.00000000
vn -0.00000000 0.97320000 0.22980000
vn -0.00000000 0.97320000 0.22980000
vn -0.00000000 0.97320000 0.22980000
vn -0.00000000 0.97320000 0.22980000
vn -0.00000000 0.22980000 -0.97320000
vn -0.00000000 0.97320000 0.22980000
vn -0.00000000 -0.22980000 0.97320000
vn -0.00000000 0.97320000 0.22980000
vn -0.00000000 0.97320000 0.22980000
vn -0.00000000 0.22980000 -0.97320000
vn -0.00000000 -0.96130000 -0.27550000
vn -0.00000000 0.99980000 0.02140000
vn -0.00000000 -0.00000000 1.00000000
vn -0.00000000 -0.69950000 0.71460000
vn -0.00000000 -0.00000000 1.00000000
vn -0.00000000 -0.92180000 0.38760000
vn -0.00000000 0.97320000 0.22980000
vn -0.00000000 -0.22980000 0.97320000
vn -0.00000000 0.97320000 0.22980000
vn -0.00000000 -0.02140000 0.99980000
vn -0.00000000 0.99980000 0.02140000
vn -0.00000000 -0.02140000 0.99980000
vn -0.00000000 0.99980000 0.02130000
vn -0.00000000 0.99980000 0.02130000
vn -0.00000000 -1.00000000 -0.00000000
vn -0.00000000 -0.00000000 -1.00000000
vn -0.00000000 0.93890000 0.34410000
vn -0.00000000 0.93890000 0.34410000
vn -0.00000000 -1.00000000 -0.00000000
vn -0.00000000 0.97320000 0.22980000
vn -0.00000000 0.99980000 0.02130000
vn -0.00000000 0.97330000 0.22960000
vn -0.00000000 -0.00000000 -1.00000000
vn -0.00000000 0.97320000 0.22980000
vn -0.00000000 0.22960000 -0.97330000
vn -0.00000000 -1.00000000 -0.00000000
vn -0.00000000 -1.00000000 -0.00000000
vn -0.00000000 0.22960000 -0.97330000
vn -0.00000000 0.97330000 0.22960000
vn -0.00000000 0.99980000 0.02130000
vn -0.00000000 0.99980000 0.02130000
vn -0.00000000 0.99980000 0.02130000
vn -0.00000000 0.99980000 0.02130000
vn -0.00010000 -0.02090000 0.99980000
vn -0.00000000 0.99980000 0.02130000
vn -0.00000000 0.02130000 -0.99980000
vn -0.00000000 0.02130000 -0.99980000
vn -0.00000000 0.99980000 0.02130000
vn -0.00050000 0.99990000 0.01590000
vn -0.00000000 1.00000000 0.00670000
vn -0.00000000 0.45310000 -0.89140000
vn -0.00000000 0.99980000 0.02130000
vn 0.00010000 0.02130000 -0.99980000
vn -0.00000000 0.99980000 0.02130000
vn -0.00020000 -0.02130000 0.99980000
vn -0.00000000 0.99980000 0.02130000
vn -0.00010000 0.99990000 0.01340000
vn -0.00000000 0.99980000 0.02130000
vn 0.00020000 0.02130000 -0.99980000
vn -0.00000000 0.99980000 0.02130000
vn -0.00010000 -0.02130000 0.99980000
vn -0.00010000 -0.02130000 0.99980000
vn -0.00000000 0.99980000 0.02130000
vn -0.00000000 0.99980000 0.02130000
vn -0.00010000 -0.02130000 0.99980000
vn -0.00000000 0.99980000 0.02130000
vn -0.00090000 0.02620000 -0.99970000
vn -0.00000000 0.87660000 0.48110000
vn -0.00000000 -0.34410000 0.93890000
vn -0.00000000 0.99980000 0.02130000
vn 0.00010000 0.02130000 -0.99980000
vn -0.00000000 0.99980000 0.02130000
vn -0.00020000 -0.02130000 0.99980000
vn -0.00000000 0.99980000 0.02130000
vn 0.00020000 0.02130000 -0.99980000
vn -0.00000000 0.99980000 0.02130000
vn -0.00010000 -0.02130000 0.99980000
vn -0.00010000 -0.02130000 0.99980000
vn -0.00000000 0.99980000 0.02130000
vn -0.00010000 -0.02130000 0.99980000
vn -0.00000000 0.99980000 0.02130000
vn -0.00000000 0.34410000 -0.93890000
vn -0.00000000 1.00000000 0.00670000
vn 0.00020000 0.02150000 -0.99980000
vn -0.00000000 0.99980000 0.02130000
vn -0.00000000 -0.34410000 0.93890000
vn -0.00000000 0.93890000 0.34410000
vn -0.00000000 0.93890000 0.34410000
vn -0.00000000 0.34410000 -0.93890000
vn -0.00020000 1.00000000 0.00500000
vn 0.00020000 0.02150000 -0.99980000
vn -0.00000000 -1.00000000 -0.00000000
vn -0.00000000 0.99980000 0.02130000
vn -0.00000000 0.99980000 0.02130000
vn -0.00000000 0.99980000 0.02130000
vn -0.00000000 0.99980000 0.02130000
vn -0.00000000 0.99980000 0.02130000
vn -0.00000000 0.99980000 0.02130000
vn -0.00000000 0.99980000 0.02130000
vn -0.00000000 0.99980000 0.02130000
vn -0.00000000 1.00000000 -0.00000000
vn -0.00000000 -0.00000000 -1.00000000
vn -0.00000000 -1.00000000 -0.00000000
vn -0.00000000 -0.00000000 -1.00000000
vn -0.00000000 -0.00000000 1.00000000
vn -0.00000000 1.00000000 -0.00000000
vn -0.00000000 -0.00000000 1.00000000
vn -0.00000000 -1.00000000 -0.00000000
vn -0.00000000 -1.00000000 -0.00000000
vn -0.00000000 -0.00000000 1.00000000
vn -0.00000000 -0.00000000 1.00000000
vn -0.00000000 1.00000000 -0.00000000
vn -0.00000000 -0.00000000 -1.00000000
vn -0.00000000 -1.00000000 -0.00000000
vn -0.00000000 1.00000000 -0.00000000
vn -0.00000000 -0.00000000 -1.00000000
vn -0.00090000 0.02620000 -0.99970000
vn -0.00000000 0.99980000 0.02130000
vn -0.00000000 -0.02130000 0.99980000
vn -0.00000000 0.99980000 0.02130000
vn -0.00030000 0.02130000 -0.99980000
vn -0.00000000 0.99980000 0.02130000
vn -0.00000000 -0.02130000 0.99980000
vn -0.00000000 0.97320000 0.22980000
vn -0.00000000 0.99980000 0.02130000
vn -0.00000000 -0.02140000 0.99980000
vn -0.00000000 0.99980000 0.02130000
vn -0.00000000 0.99980000 0.02140000
vn -0.00000000 -0.02140000 0.99980000
vn -0.00000000 -0.22980000 0.97320000
vn -0.00000000 0.97320000 0.22980000
vn -0.00000000 0.97320000 0.22980000
vn -0.00000000 -0.92180000 0.38760000
vn -0.00000000 -0.69950000 0.71460000
vn -0.00000000 -0.00000000 1.00000000
vn -0.00000000 0.99980000 0.02140000
vn -0.00000000 -0.00000000 1.00000000
vn -0.00000000 -0.96130000 -0.27550000
vn -0.00000000 -0.02130000 0.99980000
vn -0.00000000 0.99980000 0.02130000
vn -0.00000000 0.22980000 -0.97320000
vn -0.00000000 0.97320000 0.22980000
vn -0.00000000 0.97320000 0.22980000
vn -0.00000000 -0.22980000 0.97320000
vn -0.00000000 0.22980000 -0.97320000
vn -0.00000000 0.97320000 0.22980000
vn -0.00000000 0.97320000 0.22980000
vn -0.00000000 0.97320000 0.22980000
vn -0.00000000 -1.00000000 -0.00000000
vn -0.00000000 -0.00000000 1.00000000
vn -0.00000000 0.99980000 0.02130000
vn -0.00000000 -1.00000000 -0.00000000
vn -0.00000000 -0.00000000 1.00000000
vn -0.00000000 -0.02130000 0.99980000
vn -0.00000000 0.99980000 0.02130000
vn -0.00000000 0.99980000 0.02130000
vn -0.00030000 0.02130000 -0.99980000
vn -0.00000000 0.99980000 0.02130000
vn -0.00000000 0.97320000 0.22980000
vn -0.00000000 0.97330000 0.22960000
vn -0.00000000 -0.00000000 -1.00000000
vn -0.00000000 0.97320000 0.22980000
vn -0.00000000 0.22960000 -0.97330000
vn -0.00000000 -1.00000000 -0.00000000
vn -0.00000000 -1.00000000 -0.00000000
vn -0.00000000 0.97330000 0.22960000
vn -0.00000000 0.22960000 -0.97330000
vn -0.00000000 0.99980000 0.02130000
vn -0.00030000 0.02130000 -0.99980000
vn -0.00000000 0.99980000 0.02130000
vn -0.00000000 -0.84820000 -0.52970000
vn -0.00000000 -0.00000000 -1.00000000
vn -0.00000000 -1.00000000 -0.00000000
vn -0.00000000 -1.00000000 -0.00000000
vn -0.00000000 -1.00000000 -0.00000000
vn -0.00000000 -1.00000000 -0.00000000
vn -0.00000000 -0.00000000 -1.00000000
vn -0.00000000 0.99980000 0.02130000
vn -0.00030000 0.02130000 -0.99980000
vn -0.00000000 -1.00000000 -0.00000000
vn -0.00000000 0.97320000 0.22980000
vn -0.00000000 0.78510000 0.61940000
vn -0.00000000 0.45310000 -0.89140000
vn -0.00000000 0.97320000 0.22980000
vn -0.00000000 -1.00000000 -0.00000000
vn -0.00000000 -1.00000000 -0.00000000
vn -0.00000000 0.87660000 0.48110000
vn -0.00000000 0.78510000 0.61940000
vn -0.00000000 1.00000000 0.00670000
vn -0.00000000 0.45310000 -0.89140000
vn -0.00000000 0.87660000 0.48110000
vn -0.00000000 -0.34410000 0.93890000
vn -0.00000000 0.34410000 -0.93890000
vn -0.00000000 1.00000000 0.00670000
vn -0.00000000 -0.34410000 0.93890000
vn -0.00000000 0.93890000 0.34410000
vn -0.00000000 0.34410000 -0.93890000
vn -0.00000000 0.93890000 0.34410000
vn -0.00000000 -1.00000000 -0.00000000
vn -0.00000000 -1.00000000 -0.00000000
vn -0.00000000 0.93890000 0.34410000
vn -0.00000000 0.93890000 0.34410000
vn -0.00000000 -0.00000000 -1.00000000
vn -0.00000000 -1.00000000 -0.00000000
vn -0.00000000 -1.00000000 -0.00000000
vn -0.00000000 -1.00000000 -0.00000000
vn -0.00000000 -1.00000000 -0.00000000
vn -0.00000000 -1.00000000 -0.00000000
vn -0.00000000 -1.00000000 -0.00000000
vn 0.00110000 0.99990000 0.01480000
vn -0.00000000 -1.00000000 -0.00000000
vn -0.00000000 -1.00000000 -0.00000000
vn -0.00000000 -1.00000000 -0.00000000
vn -0.00000000 -1.00000000 -0.00000000
vn -0.00000000 -1.00000000 -0.00000000
vn -0.00000000 -1.00000000 -0.00000000
vn -0.00090000 0.99990000 0.01480000
vn -0.00000000 -0.00000000 1.00000000
vn -0.00000000 -1.00000000 -0.00000000
vn -0.00000000 0.99980000 0.02130000
vn -0.00000000 0.99980000 0.02130000
vn -0.00000000 -1.00000000 -0.00000000
vn -0.00000000 -1.00000000 -0.00000000
vn -0.00000000 -0.00000000 -1.00000000
vn -0.00000000 0.99980000 0.02130000
vn -0.00010000 0.02130000 -0.99980000
vn -0.00000000 0.99980000 0.02130000
vn -0.00000000 0.99980000 0.02130000
vn -0.00010000 0.02130000 -0.99980000
vn -0.00000000 0.99980000 0.02130000
vn 0.00010000 -0.02130000 0.99980000
vn -0.00020000 0.02130000 -0.99980000
vn -0.00000000 0.99980000 0.02130000
vn 0.00020000 -0.02130000 0.99980000
vn -0.00000000 0.99980000 0.02130000
vn -0.00000000 0.99980000 0.02130000
vn 0.00020000 -0.02130000 0.99980000
vn -0.00000000 0.99980000 0.02130000
vn -0.00020000 0.02130000 -0.99980000
vn 0.00010000 -0.02130000 0.99980000
vn -0.00000000 0.99980000 0.02130000
vn -0.00000000 0.99980000 0.02130000
vn 0.00010000 -0.02130000 0.99980000
vn 0.00010000 -0.02130000 0.99980000
vn -0.00000000 0.99980000 0.02130000
vn -0.00000000 0.99980000 0.02130000
vn -0.00010000 0.02130000 -0.99980000
vn -0.00010000 0.02130000 -0.99980000
vn -0.00000000 0.99980000 0.02130000
vn -0.00020000 0.02140000 -0.99980000
vn -0.00000000 0.99980000 0.02130000
vn -0.00020000 0.02140000 -0.99980000
vn 0.00220000 1.00000000 0.00840000
vn -0.00180000 1.00000000 0.00840000
vn -0.00000000 -0.02120000 0.99980000
vn -0.00000000 -0.02120000 0.99980000
vn -0.00000000 0.99980000 0.02130000
vn -0.00000000 0.99980000 0.02130000
vn -0.00000000 0.99980000 0.02130000
vn -0.00000000 0.99980000 0.02130000
vn -0.00000000 0.99980000 0.02130000
vn -0.00000000 0.99980000 0.02130000
vn -0.00000000 0.99980000 0.02130000
vn -0.00000000 0.99980000 0.02130000
vn -0.00000000 0.22980000 -0.97320000
vn -0.00000000 0.97320000 0.22980000
vn -0.00000000 0.97320000 0.22980000
vn -0.00000000 -0.22980000 0.97320000
vn -0.00000000 0.97320000 0.22980000
vn -0.00000000 0.22980000 -0.97320000
vn -0.00000000 -0.22980000 0.97320000
vn -0.00000000 0.97320000 0.22980000
vn -0.00000000 -1.00000000 -0.00000000
vn -0.00000000 -0.00000000 1.00000000
vn -0.00000000 1.00000000 -0.00000000
vn -0.00000000 -0.00000000 1.00000000
vn -0.00000000 -0.00000000 -1.00000000
vn -0.00000000 1.00000000 -0.00000000
vn -0.00000000 -0.00000000 -1.00000000
vn -0.00000000 -1.00000000 -0.00000000
vn -0.00000000 -0.00000000 -1.00000000
vn -0.00000000 -1.00000000 -0.00000000
vn -0.00000000 -0.00000000 -1.00000000
vn -0.00000000 1.00000000 -0.00000000
vn -0.00000000 1.00000000 -0.00000000
vn -0.00000000 -0.00000000 1.00000000
vn -0.00000000 -1.00000000 -0.00000000
vn -0.00000000 -0.00000000 1.00000000
vn -0.00000000 0.99980000 0.02130000
vn -0.98080000 0.00420000 -0.19520000
vn -0.19510000 0.02090000 -0.98060000
vn -0.19510000 0.02090000 -0.98060000
vn -0.00000000 0.99980000 0.02130000
vn -0.70710000 0.01500000 -0.70700000
vn -0.00000000 0.99980000 0.02130000
vn -0.00000000 0.99980000 0.02130000
vn -0.19530000 -0.02090000 0.98050000
vn -0.00000000 0.99980000 0.02130000
vn -0.98080000 -0.00410000 0.19490000
vn -0.00000000 0.99980000 0.02130000
vn -0.70720000 -0.01500000 0.70680000
vn -0.00000000 0.99980000 0.02130000
vn -0.98080000 0.00410000 -0.19500000
vn -0.19510000 0.02090000 -0.98060000
vn -0.00000000 0.99980000 0.02130000
vn -0.19510000 0.02090000 -0.98060000
vn -0.70710000 0.01500000 -0.70690000
vn -0.00000000 0.99980000 0.02130000
vn -0.19490000 -0.02090000 0.98060000
vn -0.00000000 0.99980000 0.02130000
vn -0.00000000 0.99980000 0.02130000
vn -0.98080000 -0.00410000 0.19510000
vn -0.70700000 -0.01500000 0.70700000
vn -0.00000000 0.99980000 0.02130000
vn -0.00000000 0.99980000 0.02130000
vn 0.19510000 0.02090000 -0.98060000
vn 0.98080000 0.00410000 -0.19490000
vn -0.00000000 0.99980000 0.02130000
vn -0.00000000 0.99980000 0.02130000
vn -0.00000000 0.99980000 0.02130000
vn 0.70720000 0.01500000 -0.70690000
vn -0.00000000 0.99980000 0.02130000
vn 0.98080000 -0.00420000 0.19520000
vn -0.00000000 0.99980000 0.02130000
vn 0.19490000 -0.02090000 0.98060000
vn -0.00000000 0.99980000 0.02130000
vn 0.70700000 -0.01500000 0.70710000
vn -0.00000000 0.99980000 0.02130000
vn -0.00000000 0.99980000 0.02130000
vn 0.19510000 0.02090000 -0.98060000
vn 0.98080000 0.00410000 -0.19500000
vn -0.00000000 0.99980000 0.02130000
vn 0.70710000 0.01500000 -0.70690000
vn -0.00000000 0.99980000 0.02130000
vn -0.00000000 0.99980000 0.02130000
vn 0.98080000 -0.00410000 0.19500000
vn 0.19530000 -0.02090000 0.98050000
vn -0.00000000 0.99980000 0.02130000
vn -0.00000000 0.99980000 0.02130000
vn 0.70720000 -0.01500000 0.70690000
vn -0.19510000 0.02090000 -0.98060000
vn -0.00000000 0.99980000 0.02130000
vn -0.19510000 0.02090000 -0.98060000
vn -0.00000000 0.99980000 0.02130000
vn -0.98080000 0.00420000 -0.19520000
vn -0.70710000 0.01500000 -0.70700000
vn -0.00000000 0.99980000 0.02130000
vn -0.00000000 0.99980000 0.02130000
vn -0.98080000 -0.00410000 0.19490000
vn -0.00000000 0.99980000 0.02130000
vn -0.19530000 -0.02090000 0.98050000
vn -0.70720000 -0.01500000 0.70680000
vn -0.00000000 0.99980000 0.02130000
vn -0.19510000 0.02090000 -0.98060000
vn -0.19510000 0.02090000 -0.98060000
vn -0.00000000 0.99980000 0.02130000
vn -0.00000000 0.99980000 0.02130000
vn -0.98080000 0.00410000 -0.19500000
vn -0.70710000 0.01500000 -0.70690000
vn -0.00000000 0.99980000 0.02130000
vn -0.00000000 0.99980000 0.02130000
vn -0.98080000 -0.00410000 0.19510000
vn -0.00000000 0.99980000 0.02130000
vn -0.19490000 -0.02090000 0.98060000
vn -0.70700000 -0.01500000 0.70700000
vn -0.00000000 0.99980000 0.02130000
vn 0.98080000 0.00410000 -0.19490000
vn -0.00000000 0.99980000 0.02130000
vn -0.00000000 0.99980000 0.02130000
vn 0.19510000 0.02090000 -0.98060000
vn -0.00000000 0.99980000 0.02130000
vn 0.70720000 0.01500000 -0.70690000
vn 0.19490000 -0.02090000 0.98060000
vn -0.00000000 0.99980000 0.02130000
vn 0.98080000 -0.00420000 0.19520000
vn -0.00000000 0.99980000 0.02130000
vn 0.70700000 -0.01500000 0.70710000
vn -0.00000000 0.99980000 0.02130000
vn -0.00000000 0.99980000 0.02130000
vn 0.98080000 0.00410000 -0.19500000
vn -0.00000000 0.99980000 0.02130000
vn 0.19510000 0.02090000 -0.98060000
vn 0.70710000 0.01500000 -0.70690000
vn -0.00000000 0.99980000 0.02130000
vn -0.00000000 0.99980000 0.02130000
vn 0.19530000 -0.02090000 0.98050000
vn 0.98080000 -0.00410000 0.19500000
vn -0.00000000 0.99980000 0.02130000
vn -0.00000000 0.99980000 0.02130000
vn 0.70720000 -0.01500000 0.70690000
vn -0.00000000 0.99980000 0.02130000
vn -0.00000000 0.99980000 0.02130000
vn -0.00000000 0.99980000 0.02130000
vn -0.00000000 0.99980000 0.02130000
vn -0.00000000 0.99980000 0.02130000
vn -0.00000000 0.99980000 0.02130000
vn -0.00000000 -0.00000000 -1.00000000
vn 0.20860000 -0.97800000 0.00230000
vn -0.00000000 -0.00000000 1.00000000
vn 0.20590000 -0.97860000 0.00220000
vn -0.00000000 -1.00000000 -0.00000000
vn -0.00000000 -0.00000000 -1.00000000
vn -0.00000000 -0.00000000 1.00000000
vn -0.00000000 -1.00000000 -0.00000000
vn -0.20860000 -0.97800000 0.00230000
vn -0.00000000 -0.00000000 -1.00000000
vn -0.20590000 -0.97860000 0.00220000
vn -0.00000000 -0.00000000 1.00000000
vn -0.00000000 -0.00000000 -1.00000000
vn -0.00000000 -1.00000000 -0.00000000
vn -0.00000000 -0.00000000 1.00000000
vn -0.00000000 -1.00000000 -0.00000000
vn -0.00000000 -1.00000000 -0.00000000
vn -0.00000000 -0.00000000 -1.00000000
vn -0.00000000 -1.00000000 -0.00000000
vn -0.00000000 -0.00000000 1.00000000
vn -0.00000000 -0.00000000 -1.00000000
vn -0.00000000 -1.00000000 -0.00000000
vn -0.00000000 -1.00000000 -0.00000000
vn -0.00000000 -0.00000000 1.00000000
vn -0.00000000 -1.00000000 -0.00000000
vn -0.00000000 -0.00000000 -1.00000000
vn -0.00000000 -0.00000000 1.00000000
vn -0.00000000 -1.00000000 -0.00000000
vn -0.00000000 -1.00000000 -0.00000000
vn -0.00000000 -0.00000000 -1.00000000
vn -0.00000000 -0.00000000 1.00000000
vn -0.00000000 -1.00000000 -0.00000000
vn -0.00000000 -0.00000000 -1.00000000
vn -0.00000000 -1.00000000 -0.00000000
vn -0.00000000 -1.00000000 -0.00000000
vn -0.00000000 -0.00000000 1.00000000
vn -0.00000000 -0.00000000 -1.00000000
vn -0.00000000 -1.00000000 -0.00000000
vn -0.00000000 -1.00000000 -0.00000000
vn -0.00000000 -0.00000000 1.00000000
vn -0.00000000 -1.00000000 -0.00000000
vn -0.00000000 -0.00000000 -1.00000000
vn -0.00000000 -1.00000000 -0.00000000
vn -0.00000000 -0.00000000 1.00000000
vn -0.00000000 -0.00000000 -1.00000000
vn -0.00000000 -1.00000000 -0.00000000
vn -0.00000000 -1.00000000 -0.00000000
vn -0.00000000 -0.00000000 1.00000000
vn -0.00000000 -0.00000000 1.00000000
vn -0.00000000 -1.00000000 -0.00000000
vn -0.00000000 -0.00000000 1.00000000
vn -0.00000000 -1.00000000 -0.00000000
vn -0.00000000 -1.00000000 -0.00000000
vn -0.00000000 -0.00000000 1.00000000
vn -0.00000000 -0.00000000 1.00000000
vn -0.00000000 -1.00000000 -0.00000000
vn -0.00000000 -1.00000000 -0.00000000
vn -0.00000000 -0.00000000 1.00000000
vn -0.00000000 -0.00000000 1.00000000
vn -0.00000000 -1.00000000 -0.00000000
vn -0.00000000 -1.00000000 -0.00000000
vn -0.00000000 -0.00000000 -1.00000000
vn -0.00000000 -1.00000000 -0.00000000
vn -0.00000000 -0.00000000 -1.00000000
vn -0.00000000 -0.00000000 -1.00000000
vn -0.00000000 -1.00000000 -0.00000000
vn -0.00000000 -1.00000000 -0.00000000
vn -0.00000000 -0.00000000 -1.00000000
vn -0.00000000 -0.00000000 -1.00000000
vn -0.00000000 -1.00000000 -0.00000000
vn -0.00000000 -1.00000000 -0.00000000
vn -0.00000000 -0.00000000 -1.00000000
vn -0.00000000 -1.00000000 -0.00000000
vn -0.00000000 -0.00000000 -1.00000000
vn -0.00000000 -0.00000000 1.00000000
vn -0.00000000 -1.00000000 -0.00000000
vt 0.42274900 0.54458400
vt 0.41662200 0.19749800
vt 0.39458100 0.11273900
vt 0.42661700 0.19660400
vt 0.88428200 0.96245400
vt 0.06154300 0.00157400
vt 0.97694600 0.44098800
vt 0.21369400 0.76834100
vt 0.21313300 0.88080700
vt 0.97694300 0.46281900
vt 0.08007400 0.00157500
vt 0.00156800 0.96245700
vt 0.38437400 0.90593300
vt 0.43914400 0.19502200
vt 0.93385100 0.00520200
vt 0.89177600 0.80334900
vt 0.93407100 0.71665400
vt 0.43631500 0.54454600
vt 0.42307300 0.55840400
vt 0.43522300 0.54974300
vt 0.43240900 0.55415700
vt 0.42815300 0.55715700
vt 0.39377000 0.10336300
vt 0.40542100 0.11132800
vt 0.39792900 0.10387400
vt 0.40139700 0.10544300
vt 0.40383000 0.10783200
vt 0.93415000 0.00156300
vt 0.42083300 0.80952700
vt 0.98538000 0.44098900
vt 0.36509300 0.77812800
vt 0.98901900 0.44097200
vt 0.23225900 0.76213100
vt 0.36509300 0.77195400
vt 0.42332100 0.21382300
vt 0.03821000 0.96245800
vt 0.93377600 0.46281900
vt 0.23173200 0.88080700
vt 0.23230000 0.76830800
vt 0.89177600 0.80952700
vt 0.53808900 0.79905700
vt 0.44056900 0.21239500
vt 0.36577400 0.90593300
vt 0.42816600 0.21343900
vt 0.44465400 0.92268000
vt 0.48454400 0.93460000
vt 0.41795600 0.21423000
vt 0.46289900 0.79905900
vt 0.45753700 0.80334900
vt 0.59599800 0.76148700
vt 0.47305300 0.80334900
vt 0.48272900 0.79905900
vt 0.00156900 0.77195400
vt 0.46172500 0.80334900
vt 0.46801100 0.79905900
vt 0.46529300 0.80334900
vt 0.47281300 0.79905900
vt 0.47761500 0.79905900
vt 0.46886300 0.80334900
vt 0.42610800 0.79905900
vt 0.42083300 0.80334900
vt 0.39286700 0.55057600
vt 0.01088100 0.76252200
vt 0.58619000 0.77195400
vt 0.50131800 0.79905700
vt 0.92846800 0.80952700
vt 0.00431200 0.76164800
vt 0.48587600 0.79905700
vt 0.94044300 0.80952700
vt 0.59281600 0.77195400
vt 0.49126900 0.79905700
vt 0.93622700 0.80952700
vt 0.93250900 0.80952700
vt 0.49626600 0.79905700
vt 0.36704800 0.11037900
vt 0.02055400 0.93104800
vt 0.41286400 0.00939300
vt 0.42542200 0.02538000
vt 0.58743000 0.90593300
vt 0.41753600 0.01081400
vt 0.01449400 0.93104800
vt 0.42143800 0.01410500
vt 0.00819300 0.93104800
vt 0.00156800 0.93104800
vt 0.59580800 0.90593300
vt 0.42406400 0.01876100
vt 0.42721300 0.56398100
vt 0.46536800 0.89301900
vt 0.00156600 0.90593300
vt 0.44126600 0.89268900
vt 0.44193100 0.54912300
vt 0.43266500 0.56245500
vt 0.45934300 0.89299400
vt 0.45331700 0.89292200
vt 0.43723700 0.55919400
vt 0.44044500 0.55458000
vt 0.44729100 0.89281500
vt 0.42531700 0.93943000
vt 0.53808900 0.79288400
vt 0.39412300 0.10878300
vt 0.38201600 0.00660700
vt 0.05735800 0.93104800
vt 0.39828000 0.10843300
vt 0.39880800 0.11228900
vt 0.42189400 0.19704600
vt 0.42796700 0.54452800
vt 0.42801600 0.54980900
vt 0.42283000 0.54989900
vt 0.38488700 0.21640200
vt 0.52135000 0.93460000
vt 0.46289900 0.79288800
vt 0.47189900 0.92304000
vt 0.93378000 0.44097800
vt 0.84764000 0.96245400
vt 0.48102200 0.93943000
vt 0.00157500 0.88080700
vt 0.48587600 0.79288400
vt 0.00213900 0.76753900
vt 0.01035500 0.76870000
vt 0.00987800 0.88080700
vt 0.47445200 0.93943000
vt 0.49126900 0.79288400
vt 0.46817900 0.93943000
vt 0.49626600 0.79288400
vt 0.50131800 0.79288400
vt 0.46212200 0.93943000
vt 0.59594100 0.88080700
vt 0.48272900 0.79288800
vt 0.44779700 0.92271000
vt 0.59661700 0.76766400
vt 0.45382300 0.92283600
vt 0.47761500 0.79288800
vt 0.47281300 0.79288800
vt 0.45984800 0.92294300
vt 0.46587400 0.92301400
vt 0.46801100 0.79288800
vt 0.21368300 0.76216300
vt 0.38365800 0.77195400
vt 0.38365800 0.77812800
vt 0.98901900 0.46281800
vt 0.97703100 0.00520400
vt 0.36688300 0.10475200
vt 0.36730700 0.11452200
vt 0.98450700 0.70742200
vt 0.98538000 0.70066000
vt 0.98267800 0.71050500
vt 0.98038100 0.71223400
vt 0.97689400 0.71301500
vt 0.98538300 0.01356000
vt 0.98463100 0.00978000
vt 0.98310000 0.00748700
vt 0.98080800 0.00595500
vt 0.45753700 0.80952700
vt 0.97738900 0.00156500
vt 0.39304800 0.55935900
vt 0.94044300 0.80334900
vt 0.98797500 0.70870700
vt 0.59281600 0.77812800
vt 0.98901800 0.70097600
vt 0.58619000 0.77812800
vt 0.93622700 0.80334900
vt 0.98544100 0.71297900
vt 0.98194200 0.71561300
vt 0.93250900 0.80334900
vt 0.92846800 0.80334900
vt 0.97729700 0.71665400
vt 0.00156900 0.77812700
vt 0.98902100 0.01320200
vt 0.47305300 0.80952700
vt 0.98805900 0.00836000
vt 0.46886300 0.80952700
vt 0.46529300 0.80952700
vt 0.98572300 0.00486400
vt 0.46172500 0.80952700
vt 0.98222900 0.00252800
vt 0.39317900 0.56536700
vt 0.50217400 0.89301900
vt 0.42610800 0.79288800
vt 0.50870500 0.92304000
vt 0.98538100 0.46281900
vt 0.39276500 0.54514400
vt 0.97702900 0.01356000
vt 0.98080300 0.01356000
vt 0.98054700 0.44098800
vt 0.98053400 0.46281900
vt 0.98038800 0.70065900
vt 0.97703000 0.00977900
vt 0.98080600 0.00977900
vt 0.38387500 0.19988100
vt 0.98038400 0.70742100
vt 0.97689600 0.70742100
vt 0.93373600 0.71301500
vt 0.93384900 0.01355800
vt 0.03665800 0.95617100
vt 0.93373800 0.70247800
vt 0.93385000 0.00977800
vt 0.93373700 0.70742100
vt 0.45052600 0.45841300
vt 0.00201500 0.65879200
vt 0.88428200 0.96340100
vt 0.06154300 0.00252100
vt 0.00201900 0.64026100
vt 0.08007400 0.00252100
vt 0.00156800 0.96340300
vt 0.02832300 0.20135100
vt 0.43030500 0.77195400
vt 0.16697400 0.76224600
vt 0.52359900 0.77195400
vt 0.07355500 0.76241100
vt 0.43030500 0.77812800
vt 0.98902000 0.51767100
vt 0.98901900 0.62737600
vt 0.52359900 0.77812800
vt 0.98538100 0.51759800
vt 0.98538100 0.62715700
vt 0.37007300 0.12987500
vt 0.98041500 0.65636800
vt 0.37716200 0.16536300
vt 0.98538000 0.65636800
vt 0.37204500 0.14017200
vt 0.54847400 0.77812800
vt 0.98901900 0.65662600
vt 0.98043400 0.62715700
vt 0.04864700 0.76245500
vt 0.54847400 0.77195400
vt 0.98050100 0.51759800
vt 0.40325200 0.12681200
vt 0.04822100 0.76863300
vt 0.04772900 0.88080700
vt 0.42905800 0.05451700
vt 0.54961700 0.90593300
vt 0.41068900 0.12554500
vt 0.47633000 0.95926300
vt 0.93374600 0.65454600
vt 0.39866400 0.12745800
vt 0.86513200 0.69959600
vt 0.03665800 0.95925900
vt 0.47633000 0.95617400
vt 0.86513800 0.65890900
vt 0.40637300 0.13691700
vt 0.41334000 0.16213600
vt 0.07269200 0.88080700
vt 0.07319500 0.76858900
vt 0.16686100 0.76842400
vt 0.16631900 0.88080700
vt 0.43147100 0.07364400
vt 0.52467800 0.90593300
vt 0.43114200 0.90593300
vt 0.44110300 0.15137500
vt 0.41423300 0.13570800
vt 0.41936600 0.16119600
vt 0.93376800 0.51759900
vt 0.40307300 0.66308800
vt 0.40303400 0.89391000
vt 0.93375000 0.62715700
vt 0.40157700 0.13755100
vt 0.40832900 0.16268800
vt 0.49915000 0.60787900
vt 0.40307300 0.67440900
vt 0.40303400 0.88918400
vt 0.49922200 0.52079200
vt 0.49924000 0.53172300
vt 0.99688200 0.39665600
vt 0.49920500 0.59911900
vt 0.99842800 0.82374600
vt 0.03182500 0.63845100
vt 0.99688300 0.82374600
vt 0.03183700 0.57097800
vt 0.99842600 0.39665600
vt 0.01830800 0.20049100
vt 0.38092900 0.75168400
vt 0.21446500 0.78241700
vt 0.36791900 0.11801200
vt 0.36941000 0.12633500
vt 0.98538000 0.69049600
vt 0.98538000 0.66653000
vt 0.57753500 0.77812800
vt 0.98901800 0.69079900
vt 0.55712700 0.77812800
vt 0.98901900 0.66680100
vt 0.57753500 0.77195400
vt 0.01954700 0.76250700
vt 0.03998300 0.76247100
vt 0.55712700 0.77195400
vt 0.39975400 0.11553900
vt 0.40218000 0.12338400
vt 0.01904400 0.76868500
vt 0.01856400 0.88080700
vt 0.03953400 0.76864900
vt 0.03904500 0.88080700
vt 0.42625900 0.03211900
vt 0.57875300 0.90593300
vt 0.55829200 0.90593300
vt 0.42825300 0.04788400
vt 0.40663700 0.11446100
vt 0.40942300 0.12217300
vt 0.39543800 0.11606600
vt 0.39769400 0.12400600
vt 0.40211700 0.00465500
vt 0.97690400 0.66653000
vt 0.38177400 0.00465500
vt 0.97689900 0.69049600
vt 0.98040900 0.66653000
vt 0.98039400 0.69049600
vt 0.55113000 0.03715600
vt 0.86513700 0.66908100
vt 0.97361800 0.61442100
vt 0.47220800 0.58563600
vt 0.86513400 0.68942400
vt 0.55113000 0.05749900
vt 0.40211700 0.00156700
vt 0.90177300 0.66908100
vt 0.38177400 0.00156700
vt 0.90176900 0.68942400
vt 0.56379700 0.58563600
vt 0.55112900 0.06228000
vt 0.77354400 0.68942500
vt 0.77354600 0.66908100
vt 0.55112900 0.08262400
vt 0.97361800 0.52283000
vt 0.54958500 0.03715600
vt 0.96893400 0.61442000
vt 0.97207400 0.61442100
vt 0.94859100 0.61441800
vt 0.47220800 0.58718000
vt 0.54958500 0.05749900
vt 0.56379700 0.58718000
vt 0.54958500 0.06228000
vt 0.94858500 0.52282900
vt 0.97207400 0.52283000
vt 0.54958500 0.08262400
vt 0.96892900 0.52282900
vt 0.37078200 0.00465500
vt 0.97507700 0.70247900
vt 0.00156700 0.95617100
vt 0.97689700 0.70065900
vt 0.37314600 0.00465500
vt 0.97636400 0.70194600
vt 0.37196400 0.00465500
vt 0.00355800 0.09562500
vt 0.43812700 0.89391000
vt 0.97509200 0.62715700
vt 0.00470600 0.09369300
vt 0.97691200 0.62533800
vt 0.97637900 0.62662400
vt 0.00444700 0.09484600
vt 0.01289700 0.00418300
vt 0.97693200 0.51944900
vt 0.97511400 0.51759800
vt 0.01292200 0.00180400
vt 0.43816900 0.66308800
vt 0.97640000 0.51814000
vt 0.01298600 0.00298700
vt 0.37314600 0.00156700
vt 0.90176800 0.69805200
vt 0.90022300 0.69959600
vt 0.00156700 0.95926000
vt 0.37078200 0.00156700
vt 0.37196400 0.00156700
vt 0.90131500 0.69914400
vt 0.00172100 0.00344300
vt 0.46364800 0.60702400
vt 0.43816900 0.67440900
vt 0.46213200 0.60550000
vt 0.00186100 0.00573100
vt 0.00183400 0.00461000
vt 0.46256800 0.60654300
vt 0.00294900 0.08938700
vt 0.46254300 0.52241100
vt 0.46408200 0.52100400
vt 0.43812700 0.88918400
vt 0.00187100 0.09121100
vt 0.00276000 0.09045700
vt 0.46299400 0.52142400
vt 0.97690600 0.65636600
vt 0.41074500 0.00465500
vt 0.97508700 0.65454700
vt 0.44123800 0.95926300
vt 0.41310800 0.00465500
vt 0.41192700 0.00465500
vt 0.97637300 0.65508000
vt 0.44123800 0.95617400
vt 0.90023100 0.65890900
vt 0.41310800 0.00156700
vt 0.41074500 0.00156700
vt 0.90177400 0.66045300
vt 0.41192700 0.00156700
vt 0.90132200 0.65936100
vt 0.46906300 0.59711700
vt 0.43162700 0.63354800
vt 0.99842800 0.85246000
vt 0.47056500 0.59869300
vt 0.43162700 0.63591200
vt 0.43162700 0.63473000
vt 0.46948800 0.59821500
vt 0.47059700 0.53182000
vt 0.99688200 0.42536900
vt 0.43162700 0.56679900
vt 0.43162700 0.56916300
vt 0.46906200 0.53336300
vt 0.43162700 0.56798100
vt 0.46951200 0.53227700
vt 0.00311100 0.63845100
vt 0.43317100 0.63591200
vt 0.99688400 0.85246000
vt 0.00156700 0.63690700
vt 0.43317100 0.63354800
vt 0.43317100 0.63473000
vt 0.00201900 0.63799900
vt 0.43317100 0.56916300
vt 0.00157900 0.57252200
vt 0.43317100 0.56679900
vt 0.99842600 0.42536900
vt 0.00312400 0.57097800
vt 0.43317100 0.56798100
vt 0.00203200 0.57143000
vt 0.00312300 0.57252200
vt 0.03183600 0.57252200
vt 0.00311200 0.63690700
vt 0.03182500 0.63690700
vt 0.86513200 0.69805200
vt 0.86513800 0.66045300
vt 0.90023000 0.66045300
vt 0.90022900 0.66908100
vt 0.90022500 0.68942400
vt 0.90022300 0.69805200
vt 0.00179500 0.94780600
vt 0.44465400 0.92644300
vt 0.41820300 0.21764100
vt 0.97694700 0.43657100
vt 0.42843600 0.21689000
vt 0.36201100 0.90593300
vt 0.44078500 0.21589700
vt 0.93378000 0.43656200
vt 0.23549600 0.88080700
vt 0.23606400 0.76830100
vt 0.03860100 0.94780700
vt 0.38507900 0.21976500
vt 0.42358200 0.21725300
vt 0.23601800 0.76212400
vt 0.36133700 0.77195400
vt 0.36133700 0.77812800
vt 0.98901900 0.43655200
vt 0.98538000 0.43657300
vt 0.98054900 0.43657200
vt 0.52135000 0.93105600
vt 0.40714300 0.92268000
vt 0.49309700 0.93105600
vt 0.43539500 0.92268000
vt 0.43539500 0.92644300
vt 0.01034900 0.95135100
vt 0.03860100 0.95135100
vt 0.40714300 0.92644300
vt 0.02292400 0.54522200
vt 0.02859000 0.19801500
vt 0.04999100 0.11328400
vt 0.01864700 0.19714500
vt 0.44457400 0.96245400
vt 0.45895900 0.44098600
vt 0.44218200 0.65878900
vt 0.38466400 0.75786800
vt 0.38437800 0.89755700
vt 0.44126800 0.96244900
vt 0.45896300 0.46281500
vt 0.44217700 0.64026200
vt 0.38437700 0.91778300
vt 0.00619400 0.19559000
vt 0.47265400 0.00520800
vt 0.49990200 0.80334900
vt 0.47242800 0.71663900
vt 0.00931100 0.54521800
vt 0.02261000 0.55909000
vt 0.01041700 0.55042500
vt 0.01324600 0.55484700
vt 0.01751800 0.55784900
vt 0.05061300 0.10390100
vt 0.03913000 0.11206800
vt 0.04647500 0.10449000
vt 0.04304300 0.10612000
vt 0.04065600 0.10854900
vt 0.47235400 0.00157000
vt 0.02883300 0.80952600
vt 0.45052600 0.44098700
vt 0.22928500 0.78859000
vt 0.44688800 0.44097000
vt 0.22928500 0.78241700
vt 0.36609900 0.75165800
vt 0.02195400 0.21427300
vt 0.36577800 0.89755700
vt 0.36605900 0.75783500
vt 0.93077600 0.79905700
vt 0.49990200 0.80952700
vt 0.00478500 0.21286700
vt 0.36577700 0.91778300
vt 0.01713000 0.21389700
vt 0.92621500 0.93460000
vt 0.00157200 0.92268000
vt 0.02729600 0.21466900
vt 0.01708300 0.80334900
vt 0.02140400 0.79905900
vt 0.00156700 0.80334900
vt 0.59280700 0.78241700
vt 0.00236000 0.75101900
vt 0.00157400 0.79905900
vt 0.01289500 0.80334900
vt 0.01629200 0.79905900
vt 0.01149000 0.79905900
vt 0.00932600 0.80334900
vt 0.00668700 0.79905900
vt 0.00575700 0.80334900
vt 0.02883300 0.80334900
vt 0.03321500 0.79905900
vt 0.03000100 0.55070500
vt 0.58747800 0.75204600
vt 0.00819200 0.78241700
vt 0.48816400 0.80952700
vt 0.94257700 0.79905700
vt 0.00156600 0.78241700
vt 0.59404700 0.75117200
vt 0.95801900 0.79905700
vt 0.47619000 0.80952600
vt 0.95262600 0.79905700
vt 0.48040600 0.80952700
vt 0.48412400 0.80952600
vt 0.94762900 0.79905700
vt 0.05767900 0.10967600
vt 0.46221100 0.93104800
vt 0.02992100 0.01066500
vt 0.58743300 0.91778200
vt 0.01770500 0.02677700
vt 0.46827100 0.93104800
vt 0.02529800 0.01215700
vt 0.02147400 0.01549500
vt 0.47457100 0.93104800
vt 0.59581100 0.91778200
vt 0.48119700 0.93104800
vt 0.01894200 0.02016900
vt 0.90704000 0.89301900
vt 0.01847500 0.56469800
vt 0.93114200 0.89268900
vt 0.00369000 0.54981700
vt 0.00156800 0.91778200
vt 0.01300100 0.56317300
vt 0.91306500 0.89299400
vt 0.91909100 0.89292300
vt 0.00841100 0.55990700
vt 0.00518900 0.55528500
vt 0.92511600 0.89281600
vt 0.93077600 0.79288400
vt 0.03231400 0.93943000
vt 0.05037500 0.10931800
vt 0.45036200 0.93104800
vt 0.03952400 0.00964100
vt 0.04621200 0.10904800
vt 0.04575500 0.11291100
vt 0.02334500 0.19757500
vt 0.01768600 0.54518000
vt 0.01764700 0.55047800
vt 0.02285500 0.55055700
vt 0.03795200 0.21540100
vt 0.91436500 0.93460000
vt 0.02140400 0.79288800
vt 0.91357100 0.92304000
vt 0.59593600 0.89755700
vt 0.59622000 0.75706300
vt 0.00156500 0.93943000
vt 0.95801900 0.79288400
vt 0.58763200 0.89755700
vt 0.58800400 0.75822400
vt 0.95262600 0.79288400
vt 0.00813400 0.93943000
vt 0.94762900 0.79288400
vt 0.01440800 0.93943000
vt 0.94257700 0.79288400
vt 0.02046500 0.93943000
vt 0.93767300 0.92271000
vt 0.00157400 0.79288800
vt 0.00174100 0.75719600
vt 0.00157000 0.89755800
vt 0.00668700 0.79288800
vt 0.93164800 0.92283600
vt 0.92562200 0.92294300
vt 0.01149000 0.79288800
vt 0.91959600 0.92301500
vt 0.01629200 0.79288800
vt 0.38467500 0.75169000
vt 0.21072100 0.78241700
vt 0.44688700 0.46281500
vt 0.21072100 0.78859000
vt 0.45887100 0.00520900
vt 0.05789800 0.10408200
vt 0.05738500 0.11376100
vt 0.45139200 0.70740600
vt 0.45052000 0.70064400
vt 0.45322000 0.71048900
vt 0.45551800 0.71221900
vt 0.45900400 0.71300000
vt 0.45051900 0.01356400
vt 0.45127100 0.00978400
vt 0.45280200 0.00749200
vt 0.45509300 0.00596000
vt 0.01708300 0.80952600
vt 0.45851200 0.00157000
vt 0.02975800 0.55939800
vt 0.47619000 0.80334900
vt 0.00156600 0.78859000
vt 0.44792400 0.70869100
vt 0.44688100 0.70096000
vt 0.00819200 0.78859000
vt 0.48040600 0.80334900
vt 0.45045700 0.71296300
vt 0.48412400 0.80334900
vt 0.45395600 0.71559700
vt 0.45860100 0.71663800
vt 0.48816400 0.80334900
vt 0.00156700 0.80952600
vt 0.59280700 0.78859100
vt 0.44688000 0.01320600
vt 0.44784300 0.00836500
vt 0.00575700 0.80952600
vt 0.45017900 0.00486900
vt 0.00932600 0.80952600
vt 0.01289500 0.80952600
vt 0.45367400 0.00253300
vt 0.89519000 0.89301900
vt 0.02950100 0.56543000
vt 0.03321500 0.79288800
vt 0.90172100 0.92304000
vt 0.45052600 0.46281500
vt 0.03639400 0.54541800
vt 0.45887200 0.01356400
vt 0.45509800 0.01356400
vt 0.45535900 0.44098600
vt 0.45537200 0.46281500
vt 0.45551100 0.70064400
vt 0.45887200 0.00978400
vt 0.45509600 0.00978400
vt 0.03909800 0.19882800
vt 0.45551500 0.70740600
vt 0.45900300 0.70740600
vt 0.47276500 0.71300000
vt 0.47265500 0.01356400
vt 0.47276400 0.70246400
vt 0.42796500 0.95617000
vt 0.47265400 0.00978400
vt 0.47276400 0.70740700
vt 0.44688700 0.45840900
vt 0.21446500 0.78859000
vt 0.38062600 0.91778300
vt 0.00584500 0.19906500
vt 0.16407400 0.78241700
vt 0.43138500 0.75177200
vt 0.52480400 0.75193600
vt 0.07078200 0.78241700
vt 0.16407400 0.78859000
vt 0.44688600 0.51766400
vt 0.44688300 0.62736400
vt 0.07078200 0.78859000
vt 0.45052400 0.51759200
vt 0.45052100 0.62714500
vt 0.05426900 0.12890500
vt 0.45548600 0.65635500
vt 0.04619500 0.16424100
vt 0.45052100 0.65635500
vt 0.05197900 0.13913000
vt 0.44688200 0.65661200
vt 0.04590700 0.78859000
vt 0.45546800 0.62714500
vt 0.04590700 0.78241700
vt 0.54971200 0.75198000
vt 0.45540400 0.51759200
vt 0.04154400 0.12750000
vt 0.55013800 0.75815800
vt 0.54978100 0.89755700
vt 0.54961900 0.91778200
vt 0.01458300 0.05582800
vt 0.03410800 0.12634400
vt 0.86765000 0.95926300
vt 0.47275700 0.65453400
vt 0.04613900 0.12808400
vt 0.47382500 0.69959600
vt 0.42796500 0.95925800
vt 0.86765000 0.95617400
vt 0.47381900 0.65890900
vt 0.03855400 0.13762600
vt 0.03175300 0.16281000
vt 0.52481800 0.89755700
vt 0.52516400 0.75811400
vt 0.43119100 0.89755700
vt 0.43149800 0.75795000
vt 0.52468000 0.91778200
vt 0.01250300 0.07490900
vt 0.00413800 0.15230700
vt 0.43114400 0.91778300
vt 0.03072100 0.13650300
vt 0.02575100 0.16192200
vt 0.47273900 0.51759200
vt 0.01171700 0.66308800
vt 0.47275400 0.62714600
vt 0.01170800 0.89391000
vt 0.04334400 0.13821400
vt 0.03674700 0.16333700
vt 0.01171700 0.67440900
vt 0.89078600 0.60768200
vt 0.01170800 0.88918400
vt 0.89158900 0.52120300
vt 0.99688200 0.00532600
vt 0.89137900 0.53215700
vt 0.99842700 0.43239300
vt 0.89061000 0.59896200
vt 0.99688300 0.43239300
vt 0.42317800 0.63845100
vt 0.42316600 0.57097800
vt 0.99842600 0.00532600
vt 0.05673700 0.11719900
vt 0.05502200 0.12538900
vt 0.45052000 0.69048100
vt 0.45052100 0.66651600
vt 0.44688100 0.69078400
vt 0.01684700 0.78859000
vt 0.44688200 0.66678700
vt 0.03725400 0.78859000
vt 0.57881100 0.75203100
vt 0.01684700 0.78241700
vt 0.03725400 0.78241700
vt 0.55837600 0.75199500
vt 0.04486600 0.11617600
vt 0.04256600 0.12406000
vt 0.57894600 0.89755700
vt 0.57931500 0.75820900
vt 0.55882500 0.75817300
vt 0.55846500 0.89755700
vt 0.57875500 0.91778200
vt 0.01698700 0.03349700
vt 0.01527400 0.04921000
vt 0.55829500 0.91778200
vt 0.03797100 0.11521700
vt 0.03531400 0.12296000
vt 0.04919200 0.11662900
vt 0.04706500 0.12461600
vt 0.04741800 0.00157100
vt 0.45899700 0.66651600
vt 0.02707500 0.00157100
vt 0.45900000 0.69048100
vt 0.45549100 0.66651600
vt 0.45550500 0.69048100
vt 0.47382000 0.66908100
vt 0.47382400 0.68942400
vt 0.04741800 0.00465900
vt 0.46213800 0.66908100
vt 0.02707500 0.00465900
vt 0.46214200 0.68942400
vt 0.55080600 0.01356300
vt 0.46082200 0.70246400
vt 0.01608300 0.00157100
vt 0.43810200 0.95617000
vt 0.01844700 0.00157100
vt 0.45900200 0.70064400
vt 0.45953500 0.70193100
vt 0.01726500 0.00157100
vt 0.00156800 0.89391000
vt 0.43847200 0.09771800
vt 0.46080900 0.62714500
vt 0.45899000 0.62532600
vt 0.43732500 0.09578600
vt 0.43758300 0.09693900
vt 0.45952300 0.62661200
vt 0.45897300 0.51944200
vt 0.42913900 0.00627600
vt 0.46079200 0.51759200
vt 0.00157500 0.66308800
vt 0.42911400 0.00389700
vt 0.45950500 0.51813400
vt 0.42905000 0.00508000
vt 0.46214300 0.69805200
vt 0.01844700 0.00465900
vt 0.43810200 0.95925800
vt 0.01608300 0.00465900
vt 0.46368800 0.69959600
vt 0.01726500 0.00465900
vt 0.46259600 0.69914400
vt 0.44031500 0.00553600
vt 0.90108500 0.60733300
vt 0.00157500 0.67440900
vt 0.90262200 0.60583900
vt 0.44017500 0.00782400
vt 0.90217000 0.60687200
vt 0.44020200 0.00670300
vt 0.43908100 0.09148000
vt 0.90331400 0.52290100
vt 0.00156800 0.88918400
vt 0.44016000 0.09330500
vt 0.90179200 0.52147200
vt 0.43927000 0.09255000
vt 0.90287500 0.52190600
vt 0.45899500 0.65635300
vt 0.05604600 0.00157100
vt 0.05840900 0.00157100
vt 0.87778900 0.95926300
vt 0.46081400 0.65453400
vt 0.05722700 0.00157100
vt 0.45952800 0.65506700
vt 0.46368000 0.65890900
vt 0.05840900 0.00465900
vt 0.87778900 0.95617400
vt 0.46213600 0.66045300
vt 0.05604600 0.00465900
vt 0.05722700 0.00465900
vt 0.46258800 0.65936100
vt 0.94103600 0.52310700
vt 0.89584200 0.59737700
vt 0.94103600 0.52074400
vt 0.89431500 0.59892600
vt 0.99842700 0.42863300
vt 0.94103600 0.52192500
vt 0.89539100 0.59846100
vt 0.99688200 0.00156700
vt 0.89513000 0.53221900
vt 0.94103600 0.58985700
vt 0.94103600 0.58749200
vt 0.89664400 0.53378600
vt 0.94103600 0.58867500
vt 0.89621100 0.53269000
vt 0.42693800 0.63845100
vt 0.94258100 0.52074400
vt 0.99688300 0.42863300
vt 0.94258100 0.52310700
vt 0.42848200 0.63690700
vt 0.42803000 0.63799900
vt 0.94258100 0.52192500
vt 0.42847000 0.57252200
vt 0.94258100 0.58749200
vt 0.42692600 0.57097800
vt 0.99842600 0.00156700
vt 0.94258100 0.58985700
vt 0.42801800 0.57143000
vt 0.94258100 0.58867500
vt 0.42692600 0.57252200
vt 0.42316700 0.57252200
vt 0.42693800 0.63690700
vt 0.42317800 0.63690700
vt 0.47382500 0.69805200
vt 0.47381900 0.66045300
vt 0.46368000 0.66045300
vt 0.46368200 0.66908100
vt 0.46368600 0.68942400
vt 0.46368700 0.69805200
vt 0.02705700 0.21806700
vt 0.44346700 0.94780700
vt 0.00157200 0.92644300
vt 0.45895900 0.43656900
vt 0.01686400 0.21733200
vt 0.00457000 0.21635300
vt 0.36201400 0.91778300
vt 0.47777600 0.43656000
vt 0.36229500 0.75782900
vt 0.36201500 0.89755700
vt 0.03773600 0.21877700
vt 0.43161700 0.94780700
vt 0.02169900 0.21768900
vt 0.36234100 0.75165100
vt 0.23304100 0.78241700
vt 0.44688800 0.43655000
vt 0.23304100 0.78859000
vt 0.45052600 0.43657100
vt 0.45535600 0.43657000
vt 0.91436500 0.93105500
vt 0.01412700 0.92268000
vt 0.01083100 0.92268000
vt 0.91766200 0.93105500
vt 0.43491300 0.95135100
vt 0.01083100 0.92644300
vt 0.43161700 0.95135100
vt 0.01412700 0.92644300
vt 0.55080500 0.71300300
vt 0.86391600 0.79288400
vt 0.09941700 0.93943000
vt 0.56643400 0.80334900
vt 0.55080400 0.71664100
vt 0.09179600 0.55158900
vt 0.10209500 0.11124800
vt 0.56643400 0.80952700
vt 0.86391600 0.79905700
vt 0.55080500 0.00978300
vt 0.09800700 0.00378700
vt 0.38326000 0.93104800
vt 0.09835300 0.20210100
vt 0.10199500 0.11549600
vt 0.09185200 0.54613100
vt 0.84726100 0.93460000
vt 0.09766100 0.21849200
vt 0.45896300 0.45841300
vt 0.44217700 0.64399900
vt 0.10151800 0.13124100
vt 0.55080700 0.62714800
vt 0.07796600 0.89391000
vt 0.55081000 0.51759400
vt 0.07799100 0.66308800
vt 0.09995600 0.16737300
vt 0.10111900 0.14172200
vt 0.07796600 0.88918400
vt 0.82464000 0.52074200
vt 0.07799100 0.67440900
vt 0.82451600 0.60790100
vt 0.82459900 0.53174600
vt 0.99688200 0.07158600
vt 0.99842700 0.49866500
vt 0.82450800 0.59917000
vt 0.99842600 0.07158600
vt 0.35690600 0.57097800
vt 0.35690600 0.63845100
vt 0.99688300 0.49866500
vt 0.55080500 0.00520700
vt 0.09542800 0.80952600
vt 0.55080500 0.00156900
vt 0.10013100 0.79905900
vt 0.09542800 0.80334900
vt 0.55080500 0.70246700
vt 0.36171600 0.95617000
vt 0.55080500 0.70740900
vt 0.09170600 0.56040200
vt 0.09164000 0.56641900
vt 0.82808600 0.89301900
vt 0.10013100 0.79288800
vt 0.83461700 0.92304000
vt 0.10219400 0.10545600
vt 0.38091200 0.75786100
vt 0.38062700 0.89755700
vt 0.55080600 0.65453700
vt 0.80139500 0.95926300
vt 0.54007400 0.69959600
vt 0.36171600 0.95925800
vt 0.80139500 0.95617400
vt 0.54007400 0.65890900
vt 0.54007400 0.66908100
vt 0.54007400 0.68942400
vt 0.10164600 0.12762200
vt 0.10189600 0.11908700
vt 0.35690600 0.57252200
vt 0.35690600 0.63690700
vt 0.54007400 0.69805200
vt 0.54007400 0.66045300
vt 0.09752300 0.22182800
vt 0.36451300 0.94780700
vt 0.53926600 0.43654500
vt 0.84726100 0.93105500
vt 0.08123100 0.92268000
vt 0.36451300 0.95135100
vt 0.08123100 0.92644300
vt 0.84764000 0.96554300
vt 0.03872000 0.65880000
vt 0.03820900 0.96554700
vt 0.03872300 0.64026100
vt 0.43009400 0.65880300
vt 0.45626200 0.96554300
vt 0.42950500 0.96556000
vt 0.43001200 0.64006600
vt 0.02305400 0.20091500
vt 0.03872200 0.64399900
vt 0.00201800 0.64399800
vt 0.07633700 0.00252100
vt 0.38409200 0.20320400
vt 0.98053700 0.45841600
vt 0.98538100 0.45841600
vt 0.96115600 0.80566000
vt 0.04246400 0.64245800
vt 0.96115600 0.80802400
vt 0.04092000 0.64400300
vt 0.97694300 0.45841600
vt 0.07633700 0.00157500
vt 0.96115600 0.80684200
vt 0.04137300 0.64291000
vt 0.96115600 0.81908000
vt 0.04091800 0.65505900
vt 0.04246200 0.65660400
vt 0.96115600 0.82144400
vt 0.43949700 0.19851800
vt 0.38062300 0.90593300
vt 0.96115600 0.82026200
vt 0.04137000 0.65615100
vt 0.12812900 0.64400200
vt 0.96115600 0.91899500
vt 0.12641000 0.64245800
vt 0.96115600 0.92152200
vt 0.96115600 0.72171400
vt 0.21688300 0.88080700
vt 0.21744700 0.76833400
vt 0.12767700 0.64291000
vt 0.96115600 0.92017700
vt 0.96115600 0.90539300
vt 0.12641000 0.65662300
vt 0.96115600 0.90791900
vt 0.12812800 0.65507900
vt 0.42219300 0.20040300
vt 0.96115600 0.90673700
vt 0.12767600 0.65617100
vt 0.42735200 0.64400100
vt 0.84100600 0.57506400
vt 0.84337000 0.57506400
vt 0.70739500 0.57506400
vt 0.42580700 0.64245700
vt 0.42696300 0.19996800
vt 0.42689900 0.64290900
vt 0.84218800 0.57506400
vt 0.42581000 0.65660500
vt 0.82758600 0.57506400
vt 0.42735400 0.65506100
vt 0.82995000 0.57506400
vt 0.21743000 0.76215700
vt 0.37991400 0.77195400
vt 0.42690100 0.65615300
vt 0.82876800 0.57506400
vt 0.37206800 0.65507000
vt 0.77302400 0.57506400
vt 0.77538800 0.57506400
vt 0.37361200 0.65661400
vt 0.37991400 0.77812800
vt 0.98901900 0.45841300
vt 0.37252000 0.65616200
vt 0.77420600 0.57506400
vt 0.37361000 0.64245800
vt 0.75959200 0.57506400
vt 0.76195600 0.57506400
vt 0.37206600 0.64400200
vt 0.41689800 0.20085100
vt 0.37251800 0.64291000
vt 0.76077400 0.57506400
vt 0.96733300 0.90791900
vt 0.90798400 0.60794700
vt 0.96733300 0.90539300
vt 0.90644000 0.60622900
vt 0.96733300 0.90673700
vt 0.90689200 0.60749500
vt 0.90645200 0.52228100
vt 0.96733300 0.82144400
vt 0.96733300 0.81908000
vt 0.90799700 0.52073600
vt 0.90690500 0.52118800
vt 0.96733300 0.82026200
vt 0.96733300 0.80802400
vt 0.91905300 0.52073700
vt 0.92059800 0.52228200
vt 0.96733300 0.80566000
vt 0.96733300 0.80684200
vt 0.92014600 0.52119000
vt 0.92060500 0.60622800
vt 0.96733300 0.92152200
vt 0.96733300 0.72171400
vt 0.91906000 0.60794700
vt 0.96733300 0.91899500
vt 0.96733300 0.92017700
vt 0.92015200 0.60749500
vt 0.82995000 0.56888700
vt 0.93634700 0.52073600
vt 0.93789200 0.52228000
vt 0.82758600 0.56888700
vt 0.82876800 0.56888700
vt 0.93743900 0.52118800
vt 0.84337000 0.56888700
vt 0.92374600 0.52228000
vt 0.70739500 0.56888700
vt 0.92529100 0.52073600
vt 0.84100600 0.56888700
vt 0.92419900 0.52118800
vt 0.84218800 0.56888700
vt 0.93789500 0.57447800
vt 0.77538800 0.56888700
vt 0.77302400 0.56888700
vt 0.93635000 0.57602200
vt 0.93744200 0.57557000
vt 0.77420600 0.56888700
vt 0.76195600 0.56888700
vt 0.92528200 0.57602200
vt 0.92373800 0.57447700
vt 0.75959200 0.56888700
vt 0.76077400 0.56888700
vt 0.92419000 0.57556900
vt 0.45536900 0.45841300
vt 0.03885800 0.20215300
vt 0.42986900 0.64399700
vt 0.09820500 0.20540100
vt 0.42305000 0.21041100
vt 0.22797900 0.88080700
vt 0.22854500 0.76831500
vt 0.44034000 0.20890300
vt 0.36952800 0.90593300
vt 0.98901900 0.44538100
vt 0.36884000 0.77812800
vt 0.22851000 0.76213800
vt 0.36884000 0.77195400
vt 0.42787700 0.21000500
vt 0.41770200 0.21083500
vt 0.98538100 0.44539500
vt 0.38468900 0.21305300
vt 0.02221900 0.21087600
vt 0.36953200 0.89755700
vt 0.36981400 0.75784200
vt 0.36953000 0.91778300
vt 0.00501100 0.20939100
vt 0.22553900 0.78859000
vt 0.44688700 0.44537900
vt 0.36984800 0.75166400
vt 0.22553900 0.78241700
vt 0.01741300 0.21047900
vt 0.02754300 0.21128900
vt 0.45052600 0.44539300
vt 0.03817300 0.21203900
vt 0.09780000 0.21517100
vt 0.03872100 0.65505900
vt 0.06528300 0.00252100
vt 0.00201600 0.65505200
vt 0.97694600 0.44539300
vt 0.06528300 0.00157400
vt 0.44217900 0.65505000
vt 0.45896000 0.44539100
vt 0.42987200 0.65506100
vt 0.98054400 0.44539400
vt 0.45536200 0.44539200
vt 0.47777600 0.44097500
vt 0.46054800 0.96245400
vt 0.42581000 0.65880200
vt 0.46054800 0.96554300
vt 0.47778000 0.46281600
vt 0.42529500 0.96247100
vt 0.42529500 0.96556000
vt 0.42580700 0.64026000
vt 0.53926800 0.46281600
vt 0.37309800 0.96246900
vt 0.37309800 0.96555800
vt 0.37361000 0.64026100
vt 0.53926600 0.44096200
vt 0.51274600 0.96245400
vt 0.37361200 0.65881200
vt 0.51274600 0.96554300
vt 0.92528300 0.57447700
vt 0.93635000 0.57447800
vt 0.92944000 0.01355700
vt 0.92932900 0.71301500
vt 0.54184400 0.79288400
vt 0.42155900 0.93943000
vt 0.88803000 0.80334900
vt 0.92965800 0.71665400
vt 0.38940800 0.55064300
vt 0.36421900 0.11047600
vt 0.88803000 0.80952700
vt 0.54184400 0.79905700
vt 0.92944100 0.00977700
vt 0.92937200 0.44097700
vt 0.84389800 0.96245400
vt 0.06111600 0.93104800
vt 0.37893000 0.00644600
vt 0.38056700 0.20009600
vt 0.36446200 0.11464700
vt 0.38931000 0.54520400
vt 0.38153500 0.21659200
vt 0.52510800 0.93460000
vt 0.84389800 0.96554300
vt 0.04246200 0.65880100
vt 0.36712300 0.13005900
vt 0.39929300 0.89391000
vt 0.92934300 0.62715700
vt 0.39933200 0.66308800
vt 0.92936100 0.51759900
vt 0.37407500 0.16560500
vt 0.36901900 0.14038100
vt 0.50296500 0.52078600
vt 0.39929300 0.88918400
vt 0.50290600 0.60789600
vt 0.39933200 0.67440900
vt 0.50297900 0.53172000
vt 0.99688200 0.39291500
vt 0.99842800 0.82000500
vt 0.50294700 0.59913300
vt 0.99842600 0.39291500
vt 0.03557800 0.57097800
vt 0.03556600 0.63845100
vt 0.99688300 0.82000500
vt 0.04195100 0.96245800
vt 0.92936900 0.46281900
vt 0.92944200 0.00520100
vt 0.92973400 0.00156300
vt 0.41708500 0.80952700
vt 0.41708500 0.80334900
vt 0.42235100 0.79905900
vt 0.92933100 0.70247800
vt 0.04039900 0.95617100
vt 0.92933000 0.70742100
vt 0.38956700 0.55943100
vt 0.38970200 0.56544000
vt 0.50593200 0.89301900
vt 0.42235100 0.79288800
vt 0.51246400 0.92304000
vt 0.36405000 0.10475300
vt 0.04246400 0.64026100
vt 0.04195100 0.96554700
vt 0.48007100 0.95926300
vt 0.92933900 0.65454600
vt 0.86139100 0.69959600
vt 0.04039900 0.95925900
vt 0.86139700 0.65890900
vt 0.48007100 0.95617400
vt 0.97361800 0.61068000
vt 0.86139600 0.66908100
vt 0.86139300 0.68942400
vt 0.47594900 0.58563600
vt 0.36649600 0.12649900
vt 0.36504500 0.11816200
vt 0.97207400 0.61068000
vt 0.96893400 0.61067900
vt 0.94859100 0.61067700
vt 0.47594900 0.58718000
vt 0.03557800 0.57252200
vt 0.03556600 0.63690700
vt 0.86139100 0.69805200
vt 0.86139700 0.66045300
vt 0.38171900 0.21994800
vt 0.04236000 0.94780700
vt 0.92937200 0.43656100
vt 0.40338500 0.92268000
vt 0.52510800 0.93105600
vt 0.04236000 0.95135100
vt 0.40338500 0.92644300
vt 0.38076400 0.20340800
vt 0.38134800 0.21325200
vt 0.91905400 0.52228100
vt 0.90799700 0.52228100
vt 0.12589700 0.96246100
vt 0.83047700 0.46282200
vt 0.83047600 0.00519600
vt 0.83047600 0.00155700
vt 0.33283100 0.80952700
vt 0.33776600 0.79905900
vt 0.33283100 0.80334900
vt 0.12431400 0.95617100
vt 0.83047400 0.70247600
vt 0.83047400 0.70741900
vt 0.31126700 0.56046500
vt 0.59068300 0.89301900
vt 0.31132000 0.56648200
vt 0.33776600 0.79288800
vt 0.59721400 0.92304000
vt 0.30398200 0.10575300
vt 0.12641000 0.64026100
vt 0.12589700 0.96555000
vt 0.56399200 0.95926300
vt 0.83047500 0.65454500
vt 0.12431400 0.95925900
vt 0.77747600 0.69959600
vt 0.77747600 0.65890900
vt 0.56399200 0.95617400
vt 0.77747600 0.69805200
vt 0.77747600 0.66045300
vt 0.12711000 0.94780600
vt 0.30662000 0.22294100
vt 0.83047800 0.43654400
vt 0.12711000 0.95135100
vt 0.31863400 0.92644300
vt 0.83047700 0.01355200
vt 0.83047400 0.71301300
vt 0.62636700 0.79288400
vt 0.33681200 0.93942900
vt 0.83047300 0.71665100
vt 0.80383700 0.80334900
vt 0.31119000 0.55165300
vt 0.30402300 0.11170400
vt 0.62636700 0.79905700
vt 0.80383700 0.80952700
vt 0.83047700 0.00977200
vt 0.75994900 0.96245400
vt 0.83047800 0.44095900
vt 0.14586400 0.93104800
vt 0.30605800 0.00298200
vt 0.30611100 0.20329500
vt 0.30406400 0.11605300
vt 0.31114200 0.54619400
vt 0.60985800 0.93460000
vt 0.30653700 0.21962400
vt 0.12641000 0.65882000
vt 0.75994900 0.96554300
vt 0.30429500 0.13207700
vt 0.83047600 0.62715500
vt 0.31536900 0.89391000
vt 0.83047700 0.51759900
vt 0.31539300 0.66308800
vt 0.30517700 0.16851600
vt 0.30449700 0.14269400
vt 0.31536900 0.88918400
vt 0.58694700 0.52074600
vt 0.58696200 0.60795200
vt 0.31539300 0.67440900
vt 0.99688200 0.30898900
vt 0.58694900 0.53168400
vt 0.99842800 0.73606800
vt 0.58696100 0.59920900
vt 0.11950400 0.57097800
vt 0.99842600 0.30898900
vt 0.99688300 0.73606800
vt 0.11950400 0.63845100
vt 0.30423300 0.12839300
vt 0.30410700 0.11972200
vt 0.11950400 0.57252200
vt 0.11950400 0.63690700
vt 0.31863400 0.92268000
vt 0.60985800 0.93105600
vt 0.30619800 0.20657900
vt 0.30645200 0.21632000
vt 0.55500400 0.66908100
vt 0.55500400 0.68942400
vt 0.56839300 0.71300400
vt 0.56839400 0.01356300
vt 0.55500400 0.69805200
vt 0.84897600 0.79288400
vt 0.11434700 0.93943000
vt 0.56839300 0.71664200
vt 0.58136500 0.80334900
vt 0.10559400 0.55171700
vt 0.11451500 0.11142600
vt 0.58136500 0.80952700
vt 0.84897600 0.79905700
vt 0.56839400 0.00978200
vt 0.56839900 0.44095700
vt 0.53747700 0.96245400
vt 0.36832900 0.93104800
vt 0.11079900 0.00324100
vt 0.11142400 0.20262600
vt 0.11444500 0.11573700
vt 0.10563900 0.54625600
vt 0.11085400 0.21898000
vt 0.83233100 0.93460000
vt 0.34888100 0.65881600
vt 0.53747700 0.96554300
vt 0.11408600 0.13162600
vt 0.09289700 0.89391000
vt 0.56839600 0.62714800
vt 0.56839800 0.51759400
vt 0.09292100 0.66308800
vt 0.11274400 0.16788900
vt 0.11378700 0.14216800
vt 0.09289700 0.88918400
vt 0.80964400 0.52073500
vt 0.09292100 0.67440900
vt 0.80958600 0.60791000
vt 0.99688200 0.08651600
vt 0.80963300 0.53170000
vt 0.80958300 0.59917300
vt 0.99842700 0.51359500
vt 0.99842600 0.08651600
vt 0.34197600 0.57097800
vt 0.99688300 0.51359500
vt 0.34197600 0.63845100
vt 0.34836900 0.96246800
vt 0.56839900 0.46281600
vt 0.56839400 0.00520700
vt 0.11035900 0.80952600
vt 0.56839400 0.00156800
vt 0.11507600 0.79905900
vt 0.11035900 0.80334900
vt 0.56839300 0.70246700
vt 0.34678600 0.95617000
vt 0.56839300 0.70741000
vt 0.10552000 0.56053100
vt 0.10547000 0.56655100
vt 0.81315500 0.89301900
vt 0.81968600 0.92304000
vt 0.11507600 0.79288800
vt 0.11459000 0.10551700
vt 0.34836900 0.96555700
vt 0.34888100 0.64026100
vt 0.78646400 0.95926300
vt 0.56839500 0.65453700
vt 0.55500400 0.69959600
vt 0.34678600 0.95925800
vt 0.78646400 0.95617400
vt 0.55500400 0.65890900
vt 0.11417600 0.12797100
vt 0.11437600 0.11937500
vt 0.34197600 0.57252200
vt 0.34197600 0.63690700
vt 0.55500400 0.66045300
vt 0.11074700 0.22230300
vt 0.34958200 0.94780700
vt 0.56840000 0.43654100
vt 0.09616200 0.92268000
vt 0.83233100 0.93105500
vt 0.34958200 0.95135100
vt 0.09616200 0.92644300
vt 0.11131200 0.20591300
vt 0.11096400 0.21567000
vt 0.34888100 0.64400200
vt 0.34888100 0.65507100
vt 0.60068700 0.66908100
vt 0.60068700 0.68942400
vt 0.60068600 0.69805200
vt 0.62221300 0.46281800
vt 0.30268700 0.96246700
vt 0.62220900 0.00520600
vt 0.15604100 0.80952600
vt 0.62220900 0.00156700
vt 0.16080300 0.79905900
vt 0.15604100 0.80334900
vt 0.62220800 0.70246900
vt 0.30110400 0.95617000
vt 0.62220800 0.70741200
vt 0.14777600 0.56080300
vt 0.14774600 0.56682200
vt 0.76747300 0.89301900
vt 0.77400400 0.92304000
vt 0.16080300 0.79288800
vt 0.15307900 0.10593300
vt 0.30268700 0.96555600
vt 0.30319900 0.64026100
vt 0.62220900 0.65453900
vt 0.74078200 0.95926300
vt 0.30110400 0.95925900
vt 0.60068600 0.69959600
vt 0.74078200 0.95617400
vt 0.60068700 0.65890900
vt 0.60068700 0.66045300
vt 0.15103200 0.22334500
vt 0.30390000 0.94780700
vt 0.62221400 0.43653100
vt 0.14184400 0.92644300
vt 0.30390000 0.95135100
vt 0.15136700 0.20698800
vt 0.15116900 0.21672700
vt 0.30319900 0.64400200
vt 0.30319900 0.65507300
vt 0.62220700 0.71300600
vt 0.62220900 0.01356100
vt 0.16002800 0.93943000
vt 0.80326600 0.79288400
vt 0.62704700 0.80334900
vt 0.62220700 0.71664400
vt 0.14781800 0.55198700
vt 0.15303700 0.11189500
vt 0.62704700 0.80952700
vt 0.80326600 0.79905700
vt 0.62220900 0.00978100
vt 0.58315900 0.96245400
vt 0.62221400 0.44094700
vt 0.15117500 0.00202500
vt 0.32264900 0.93104800
vt 0.15143800 0.20370200
vt 0.15299700 0.11625300
vt 0.14784400 0.54652500
vt 0.78664800 0.93460000
vt 0.15110100 0.22003000
vt 0.58315900 0.96554300
vt 0.30319900 0.65882700
vt 0.15280600 0.13232000
vt 0.13857900 0.89391000
vt 0.62221100 0.62715000
vt 0.62221300 0.51759500
vt 0.13860300 0.66308800
vt 0.15216200 0.16888700
vt 0.15264400 0.14296700
vt 0.76388400 0.52071900
vt 0.13857900 0.88918400
vt 0.13860300 0.67440900
vt 0.76388500 0.60792100
vt 0.76388100 0.53166300
vt 0.99688200 0.13219900
vt 0.99842700 0.55927800
vt 0.76388300 0.59918100
vt 0.29629300 0.57097800
vt 0.99842600 0.13219900
vt 0.99688300 0.55927800
vt 0.29629400 0.63845100
vt 0.15285800 0.12863200
vt 0.15295700 0.11993100
vt 0.29629300 0.57252200
vt 0.29629400 0.63690700
vt 0.14184400 0.92268000
vt 0.78664800 0.93105500
vt 0.62442700 0.66908100
vt 0.62442700 0.68942500
vt 0.62442700 0.69805200
vt 0.27894600 0.96246600
vt 0.65018100 0.46281800
vt 0.65017600 0.00520500
vt 0.17978200 0.80952600
vt 0.65017600 0.00156700
vt 0.17978200 0.80334900
vt 0.18456700 0.79905900
vt 0.65017500 0.70247000
vt 0.27736300 0.95617000
vt 0.65017500 0.70741300
vt 0.16974100 0.56088200
vt 0.16972700 0.56690100
vt 0.74373200 0.89301900
vt 0.75026300 0.92304000
vt 0.18456700 0.79288800
vt 0.17326400 0.10599000
vt 0.27894600 0.96555500
vt 0.27945900 0.64026100
vt 0.71704100 0.95926300
vt 0.65017700 0.65454000
vt 0.62442700 0.69959600
vt 0.27736300 0.95925900
vt 0.62442700 0.65890900
vt 0.71704100 0.95617400
vt 0.62442700 0.66045300
vt 0.28015900 0.94780700
vt 0.17194700 0.22368100
vt 0.65018100 0.43652700
vt 0.28015900 0.95135100
vt 0.16558500 0.92644300
vt 0.17215700 0.20733400
vt 0.17202800 0.21707000
vt 0.27945900 0.64400200
vt 0.27945900 0.65507300
vt 0.65017500 0.71300700
vt 0.65017600 0.01356100
vt 0.77951100 0.79288400
vt 0.18376800 0.93943000
vt 0.65078800 0.80334900
vt 0.65017500 0.71664500
vt 0.16976400 0.55206700
vt 0.17324000 0.11199900
vt 0.65078800 0.80952700
vt 0.77951100 0.79905700
vt 0.65017600 0.00978100
vt 0.60690000 0.96245400
vt 0.65018100 0.44094300
vt 0.29890900 0.93104800
vt 0.17191200 0.00168600
vt 0.17219800 0.20405100
vt 0.17321800 0.11638700
vt 0.16977800 0.54660600
vt 0.17198700 0.22036900
vt 0.76290800 0.93460000
vt 0.27945900 0.65883000
vt 0.60690000 0.96554300
vt 0.17310600 0.13254100
vt 0.65017800 0.62715100
vt 0.16232000 0.89391000
vt 0.65018000 0.51759600
vt 0.16234400 0.66308800
vt 0.17266700 0.16920800
vt 0.17301200 0.14322800
vt 0.16232000 0.88918400
vt 0.74011800 0.52072000
vt 0.16234400 0.67440900
vt 0.74012800 0.60792600
vt 0.99688200 0.15594000
vt 0.74011900 0.53166100
vt 0.99842700 0.58301800
vt 0.74012700 0.59918400
vt 0.27255300 0.57097800
vt 0.99842600 0.15594000
vt 0.99688300 0.58301800
vt 0.27255300 0.63845100
vt 0.17313500 0.12883100
vt 0.17319700 0.12008900
vt 0.27255300 0.57252200
vt 0.27255300 0.63690700
vt 0.16558500 0.92268000
vt 0.76290800 0.93105500
vt 0.67009600 0.66908100
vt 0.67009600 0.68942500
vt 0.67009600 0.69805200
vt 0.70398000 0.46281800
vt 0.23327800 0.96246400
vt 0.70397500 0.00520300
vt 0.22545000 0.80952600
vt 0.70397500 0.00156500
vt 0.23028000 0.79905900
vt 0.22545000 0.80334900
vt 0.70397500 0.70247200
vt 0.23169400 0.95617000
vt 0.70397400 0.70741500
vt 0.21197700 0.56092200
vt 0.69806300 0.89301900
vt 0.21197900 0.56694000
vt 0.70459500 0.92304000
vt 0.23028000 0.79288800
vt 0.21230600 0.10607300
vt 0.23327700 0.96555300
vt 0.23379000 0.64026100
vt 0.70397600 0.65454100
vt 0.67137300 0.95926300
vt 0.23169400 0.95925900
vt 0.67009600 0.69959600
vt 0.67009600 0.65890900
vt 0.67137300 0.95617400
vt 0.67009600 0.66045300
vt 0.23449100 0.94780700
vt 0.21211800 0.22396600
vt 0.70398000 0.43651500
vt 0.23449100 0.95135100
vt 0.21125400 0.92644300
vt 0.21215500 0.20762400
vt 0.21213500 0.21735800
vt 0.23379000 0.64400200
vt 0.23379000 0.65507500
vt 0.70397400 0.71300900
vt 0.70397600 0.01355900
vt 0.22943500 0.93943000
vt 0.73381400 0.79288400
vt 0.70397400 0.71664700
vt 0.69645600 0.80334900
vt 0.21197200 0.55210900
vt 0.21230300 0.11209900
vt 0.69645600 0.80952700
vt 0.73381400 0.79905700
vt 0.70397500 0.00977900
vt 0.65256900 0.96245400
vt 0.70398000 0.44093100
vt 0.25324100 0.93104800
vt 0.21230400 0.00156800
vt 0.21216400 0.20434000
vt 0.21229900 0.11650200
vt 0.21196900 0.54664800
vt 0.21212600 0.22065700
vt 0.71723900 0.93460000
vt 0.65256900 0.96554300
vt 0.23379000 0.65884000
vt 0.21227900 0.13270800
vt 0.20798800 0.89391000
vt 0.70397700 0.62715200
vt 0.70397900 0.51759700
vt 0.20801300 0.66308800
vt 0.21223500 0.16947000
vt 0.21225700 0.14342800
vt 0.20798800 0.88918400
vt 0.69441200 0.52072700
vt 0.20801300 0.67440900
vt 0.69442600 0.60793400
vt 0.99688200 0.20160800
vt 0.69441300 0.53166600
vt 0.69442400 0.59919100
vt 0.99842800 0.62868700
vt 0.22688400 0.57097800
vt 0.99842600 0.20160800
vt 0.99688300 0.62868700
vt 0.22688400 0.63845100
vt 0.21228500 0.12898800
vt 0.21229500 0.12021600
vt 0.22688400 0.57252200
vt 0.22688400 0.63690700
vt 0.21125400 0.92268000
vt 0.71723900 0.93105500
vt 0.20955300 0.96246400
vt 0.73192800 0.46281900
vt 0.73192400 0.00520200
vt 0.24917400 0.80952600
vt 0.73192300 0.00156400
vt 0.24917400 0.80334900
vt 0.25402800 0.79905900
vt 0.73192300 0.70247300
vt 0.20797000 0.95617100
vt 0.73192200 0.70741600
vt 0.23391900 0.56088700
vt 0.67433900 0.89301900
vt 0.23393600 0.56690300
vt 0.68087100 0.92304000
vt 0.25402800 0.79288800
vt 0.23261400 0.10606200
vt 0.21006600 0.64026100
vt 0.20955300 0.96555200
vt 0.73192400 0.65454200
vt 0.64764900 0.95926300
vt 0.69382000 0.69959600
vt 0.20797000 0.95925900
vt 0.64764900 0.95617400
vt 0.69382000 0.65890900
vt 0.73192400 0.01355800
vt 0.73192200 0.71301000
vt 0.71007500 0.79288400
vt 0.25315800 0.93943000
vt 0.73192200 0.71664800
vt 0.72018100 0.80334900
vt 0.23389600 0.55207500
vt 0.23262600 0.11208800
vt 0.71007500 0.79905700
vt 0.72018100 0.80952700
vt 0.73192400 0.00977800
vt 0.67629300 0.96245400
vt 0.73192800 0.44093100
vt 0.23302600 0.00163000
vt 0.22951800 0.93104800
vt 0.23291200 0.20431800
vt 0.23263500 0.11649000
vt 0.23388100 0.54661600
vt 0.23297900 0.22063000
vt 0.69351500 0.93460000
vt 0.67629300 0.96554300
vt 0.21006600 0.65884000
vt 0.23267500 0.13269700
vt 0.23171300 0.89391000
vt 0.73192500 0.62715300
vt 0.73192700 0.51759700
vt 0.23173700 0.66308800
vt 0.23278100 0.16945600
vt 0.23270600 0.14341800
vt 0.23171300 0.88918400
vt 0.67066900 0.52073100
vt 0.23173700 0.67440900
vt 0.67068300 0.60793800
vt 0.99688200 0.22533200
vt 0.67067100 0.53167000
vt 0.67068200 0.59919500
vt 0.99842800 0.65241100
vt 0.99842600 0.22533200
vt 0.20316000 0.57097800
vt 0.20316000 0.63845100
vt 0.99688300 0.65241100
vt 0.23266400 0.12897700
vt 0.23264500 0.12020400
vt 0.69382000 0.66908100
vt 0.69382000 0.68942500
vt 0.20316000 0.57252200
vt 0.20316000 0.63690700
vt 0.69382000 0.69805200
vt 0.69382000 0.66045300
vt 0.73192800 0.43651500
vt 0.21076600 0.94780700
vt 0.23299500 0.22393900
vt 0.23497800 0.92268000
vt 0.69351500 0.93105500
vt 0.23497800 0.92644400
vt 0.21076600 0.95135100
vt 0.23292700 0.20760200
vt 0.23296400 0.21733200
vt 0.21006600 0.64400200
vt 0.21006600 0.65507600
vt 0.78571500 0.01355600
vt 0.78571300 0.71301200
vt 0.29881800 0.93942900
vt 0.66438600 0.79288400
vt 0.76584200 0.80334900
vt 0.78571300 0.71665000
vt 0.27608400 0.55190100
vt 0.27169700 0.11191300
vt 0.76584200 0.80952700
vt 0.66438600 0.79905700
vt 0.78571500 0.00977600
vt 0.78571800 0.44094600
vt 0.72195400 0.96245400
vt 0.27323500 0.00219400
vt 0.18385800 0.93104800
vt 0.27287600 0.20396200
vt 0.27172100 0.11630600
vt 0.27605400 0.54644200
vt 0.27310600 0.22027800
vt 0.64785400 0.93460000
vt 0.16440500 0.65882800
vt 0.72195400 0.96554300
vt 0.27184000 0.13247400
vt 0.27737400 0.89391000
vt 0.78571500 0.62715400
vt 0.27739800 0.66308800
vt 0.78571700 0.51759800
vt 0.27234800 0.16913700
vt 0.27194000 0.14316600
vt 0.27737400 0.88918400
vt 0.62497200 0.52073900
vt 0.27739800 0.67440900
vt 0.62498700 0.60794600
vt 0.99688200 0.27099300
vt 0.62497400 0.53167700
vt 0.62498600 0.59920300
vt 0.99842800 0.69807200
vt 0.15749900 0.57097800
vt 0.99842600 0.27099300
vt 0.15749900 0.63845100
vt 0.99688300 0.69807200
vt 0.27180900 0.12876300
vt 0.27174400 0.12001200
vt 0.15749900 0.57252200
vt 0.15749900 0.63690700
vt 0.64785400 0.93105500
vt 0.28063900 0.92268000
vt 0.27292100 0.20724600
vt 0.27306100 0.21697900
vt 0.16440500 0.64400200
vt 0.16440500 0.65507800
vt 0.78571700 0.46282000
vt 0.16389300 0.96246200
vt 0.78571500 0.00520000
vt 0.78571500 0.00156100
vt 0.29483600 0.80952700
vt 0.29973300 0.79905900
vt 0.29483600 0.80334900
vt 0.78571300 0.70247500
vt 0.16230900 0.95617100
vt 0.78571300 0.70741800
vt 0.27613200 0.56071200
vt 0.62867800 0.89301900
vt 0.27616400 0.56672800
vt 0.29973300 0.79288800
vt 0.63521000 0.92304000
vt 0.27166800 0.10589700
vt 0.16440500 0.64026100
vt 0.16389200 0.96555100
vt 0.78571400 0.65454400
vt 0.60198800 0.95926300
vt 0.16230900 0.95925900
vt 0.73948100 0.69959600
vt 0.60198800 0.95617400
vt 0.73948100 0.65890900
vt 0.73948100 0.66908100
vt 0.73948100 0.68942500
vt 0.73948100 0.69805200
vt 0.73948100 0.66045300
vt 0.78571900 0.43653000
vt 0.16510600 0.94780700
vt 0.27315000 0.22358800
vt 0.28063900 0.92644300
vt 0.16510500 0.95135100
vt 0.81366800 0.01355300
vt 0.81366500 0.71301200
vt 0.32254400 0.93942900
vt 0.64064400 0.79288400
vt 0.78956900 0.80334900
vt 0.81366400 0.71665100
vt 0.29800700 0.55175900
vt 0.29192500 0.11178800
vt 0.78956900 0.80952700
vt 0.64064400 0.79905700
vt 0.81366700 0.00977300
vt 0.81366900 0.44095300
vt 0.74568100 0.96245400
vt 0.16013200 0.93104800
vt 0.29380000 0.00267500
vt 0.29363100 0.20359400
vt 0.29195700 0.11616100
vt 0.29796600 0.54630000
vt 0.62412700 0.93460000
vt 0.29397600 0.21991700
vt 0.74568100 0.96554300
vt 0.14067900 0.65882400
vt 0.29213200 0.13225900
vt 0.81366600 0.62715500
vt 0.30110000 0.89391000
vt 0.81366800 0.51759900
vt 0.30112500 0.66308800
vt 0.29286300 0.16879500
vt 0.29228700 0.14291400
vt 0.60122700 0.52074300
vt 0.30110000 0.88918400
vt 0.60124200 0.60794900
vt 0.30112500 0.67440900
vt 0.99688200 0.29472000
vt 0.60122900 0.53168200
vt 0.60124000 0.59920700
vt 0.99842800 0.72179900
vt 0.99842600 0.29472000
vt 0.13377200 0.57097800
vt 0.99688300 0.72179900
vt 0.13377200 0.63845100
vt 0.29208500 0.12856100
vt 0.29199000 0.11984900
vt 0.13377200 0.57252200
vt 0.13377200 0.63690700
vt 0.30436600 0.92268000
vt 0.62412700 0.93105500
vt 0.29370000 0.20687700
vt 0.29390800 0.21661600
vt 0.14067900 0.64400300
vt 0.14067900 0.65507800
vt 0.14016600 0.96246100
vt 0.81366800 0.46282100
vt 0.81366700 0.00519700
vt 0.31856200 0.80952700
vt 0.81366700 0.00155900
vt 0.32348400 0.79905900
vt 0.31856200 0.80334900
vt 0.81366500 0.70247600
vt 0.13858200 0.95617100
vt 0.81366500 0.70741800
vt 0.29807200 0.56057000
vt 0.29811500 0.56658800
vt 0.60495100 0.89301900
vt 0.61148300 0.92304000
vt 0.32348400 0.79288800
vt 0.29189100 0.10579900
vt 0.14067900 0.64026100
vt 0.14016600 0.96555000
vt 0.81366600 0.65454400
vt 0.57826100 0.95926300
vt 0.13858200 0.95925900
vt 0.76320800 0.69959600
vt 0.76320800 0.65890900
vt 0.57826100 0.95617400
vt 0.76320800 0.66908100
vt 0.76320800 0.68942500
vt 0.76320800 0.69805200
vt 0.76320800 0.66045300
vt 0.81367000 0.43653700
vt 0.29404400 0.22323000
vt 0.14137900 0.94780700
vt 0.30436600 0.92644300
vt 0.14137900 0.95135100
vt 0.96115600 0.75310900
vt 0.09501500 0.64245800
vt 0.96733300 0.75310900
vt 0.92060200 0.57483300
vt 0.09501500 0.65661500
vt 0.96115600 0.87399800
vt 0.96733300 0.87399800
vt 0.90644500 0.57483400
vt 0.86746200 0.01355400
vt 0.86745900 0.71301400
vt 0.36820600 0.93942900
vt 0.59495300 0.79288400
vt 0.83523200 0.80334900
vt 0.86745900 0.71665200
vt 0.34019100 0.55135600
vt 0.33036100 0.11136800
vt 0.59495300 0.79905700
vt 0.83523200 0.80952700
vt 0.86746200 0.00977400
vt 0.86746000 0.44096700
vt 0.79134400 0.96245400
vt 0.11447000 0.93104800
vt 0.33301000 0.00381300
vt 0.33360300 0.20240800
vt 0.33044800 0.11565100
vt 0.34012700 0.54590000
vt 0.33421900 0.21877300
vt 0.57846400 0.93460000
vt 0.09501500 0.65881200
vt 0.79134400 0.96554300
vt 0.33085100 0.13148100
vt 0.86746100 0.62715600
vt 0.34676400 0.89391000
vt 0.86746100 0.51759900
vt 0.34678800 0.66308800
vt 0.33221500 0.16767100
vt 0.33118100 0.14199900
vt 0.55552800 0.52075300
vt 0.34676400 0.88918400
vt 0.55554000 0.60795500
vt 0.34678800 0.67440900
vt 0.55553100 0.53169100
vt 0.99688200 0.34038400
vt 0.55554100 0.59921100
vt 0.99842800 0.76746300
vt 0.08810900 0.57097800
vt 0.99842600 0.34038400
vt 0.08810900 0.63845100
vt 0.99688300 0.76746300
vt 0.33074700 0.12784100
vt 0.33052900 0.11927100
vt 0.08810900 0.57252200
vt 0.08810900 0.63690700
vt 0.35002900 0.92268000
vt 0.57846400 0.93105600
vt 0.33372900 0.20570000
vt 0.33409700 0.21546000
vt 0.91905800 0.57483300
vt 0.90799000 0.57483400
vt 0.09450200 0.96246000
vt 0.86746100 0.46282100
vt 0.86746300 0.00519800
vt 0.36422600 0.80952700
vt 0.86746300 0.00155900
vt 0.36919200 0.79905900
vt 0.36422600 0.80334900
vt 0.86745900 0.70247700
vt 0.09291900 0.95617100
vt 0.86745900 0.70742000
vt 0.34029500 0.56016400
vt 0.55928800 0.89301900
vt 0.34036700 0.56617900
vt 0.56581900 0.92304000
vt 0.36919200 0.79288800
vt 0.33025900 0.10551300
vt 0.09450200 0.96554900
vt 0.09501500 0.64026100
vt 0.86746000 0.65454500
vt 0.53259700 0.95926300
vt 0.09291900 0.95925900
vt 0.80887100 0.69959600
vt 0.53259700 0.95617400
vt 0.80887100 0.65890900
vt 0.97361800 0.55815500
vt 0.80887100 0.66908100
vt 0.52847000 0.58563600
vt 0.80887200 0.68942500
vt 0.97207400 0.55815500
vt 0.96893100 0.55815400
vt 0.94858700 0.55815600
vt 0.52847000 0.58718000
vt 0.80887100 0.69805200
vt 0.80887100 0.66045300
vt 0.09571500 0.94780700
vt 0.33434000 0.22209900
vt 0.86746000 0.43655000
vt 0.09571500 0.95135100
vt 0.35002900 0.92644300
vt 0.92060000 0.55106500
vt 0.96733300 0.77687700
vt 0.96115600 0.85023000
vt 0.07124800 0.65661100
vt 0.89546300 0.01355600
vt 0.89545900 0.71301400
vt 0.39197300 0.93943000
vt 0.57117100 0.79288400
vt 0.85900000 0.80334900
vt 0.89545900 0.71665300
vt 0.36213300 0.55107500
vt 0.35004200 0.11090700
vt 0.85900000 0.80952700
vt 0.57117100 0.79905700
vt 0.89546300 0.00977600
vt 0.89546000 0.44096900
vt 0.81511200 0.96245400
vt 0.09070300 0.93104800
vt 0.35343100 0.00469900
vt 0.35447000 0.20151500
vt 0.35016400 0.11514300
vt 0.36205500 0.54562300
vt 0.35524000 0.21792300
vt 0.55469600 0.93460000
vt 0.81511200 0.96554300
vt 0.07124700 0.65880800
vt 0.35073700 0.13082300
vt 0.89546000 0.62715600
vt 0.37053200 0.89391000
vt 0.89546100 0.51759900
vt 0.37055600 0.66308800
vt 0.35265400 0.16679600
vt 0.35120000 0.14126900
vt 0.37053200 0.88918400
vt 0.53174200 0.52076300
vt 0.53174400 0.60794900
vt 0.37055600 0.67440900
vt 0.53174900 0.53169900
vt 0.99688200 0.36415200
vt 0.53175400 0.59920000
vt 0.99842800 0.79123000
vt 0.06434100 0.57097800
vt 0.99842600 0.36415200
vt 0.99688400 0.79123000
vt 0.06434100 0.63845100
vt 0.35059200 0.12721300
vt 0.35027900 0.11872200
vt 0.06434100 0.57252200
vt 0.06434100 0.63690700
vt 0.55469600 0.93105600
vt 0.37379700 0.92268000
vt 0.35463000 0.20481600
vt 0.35508800 0.21459900
vt 0.91905600 0.55106500
vt 0.90799200 0.55106600
vt 0.07124700 0.64245800
vt 0.96115600 0.77687700
vt 0.96733300 0.85023000
vt 0.90644700 0.55106600
vt 0.07073400 0.96245900
vt 0.89546100 0.46282000
vt 0.89546300 0.00520000
vt 0.89546300 0.00156100
vt 0.38799400 0.80952700
vt 0.38799400 0.80334900
vt 0.39298300 0.79905900
vt 0.89545900 0.70247800
vt 0.06915100 0.95617100
vt 0.89545900 0.70742000
vt 0.36226000 0.55987700
vt 0.53552000 0.89301900
vt 0.36234800 0.56589000
vt 0.39298300 0.79288800
vt 0.54205100 0.92304000
vt 0.34989700 0.10511000
vt 0.07073400 0.96554800
vt 0.07124700 0.64026100
vt 0.89546000 0.65454600
vt 0.50883000 0.95926300
vt 0.06915100 0.95925900
vt 0.83263900 0.69959600
vt 0.50883000 0.95617400
vt 0.83263900 0.65890900
vt 0.83263900 0.66908100
vt 0.97361800 0.58192300
vt 0.83263900 0.68942500
vt 0.50470200 0.58563600
vt 0.96893200 0.58192200
vt 0.97207400 0.58192300
vt 0.50470200 0.58718000
vt 0.94858900 0.58192400
vt 0.83263900 0.69805200
vt 0.83263900 0.66045300
vt 0.35539000 0.22126000
vt 0.07194700 0.94780700
vt 0.89546000 0.43655300
vt 0.07194700 0.95135100
vt 0.37379700 0.92644300
vt 0.40614100 0.19833200
vt 0.41322700 0.54474400
vt 0.38599400 0.11343800
vt 0.87257300 0.96245400
vt 0.96315200 0.44098500
vt 0.45114200 0.79905900
vt 0.44580800 0.80334900
vt 0.96323300 0.00520300
vt 0.49630500 0.93460000
vt 0.40733800 0.21498200
vt 0.44580800 0.80952700
vt 0.96357200 0.00156500
vt 0.40325600 0.00853900
vt 0.03231400 0.93104800
vt 0.51306800 0.79288400
vt 0.45036100 0.93943000
vt 0.96314900 0.46281900
vt 0.01327700 0.96245700
vt 0.38562300 0.10936900
vt 0.41333900 0.55012800
vt 0.96310400 0.70742100
vt 0.51306800 0.79905700
vt 0.91674300 0.80952700
vt 0.41632900 0.56474300
vt 0.47712900 0.89301900
vt 0.41360500 0.55883500
vt 0.96348400 0.71665400
vt 0.91674300 0.80334900
vt 0.96310300 0.71301500
vt 0.38527000 0.10378300
vt 0.96323100 0.01355900
vt 0.96323200 0.00977900
vt 0.48366100 0.92304000
vt 0.45114200 0.79288800
vt 0.87257300 0.96408500
vt 0.01374400 0.65879500
vt 0.01327700 0.96408800
vt 0.01374800 0.64026100
vt 0.38952800 0.12847400
vt 0.39206000 0.13863100
vt 0.39836800 0.16368200
vt 0.88901500 0.66908100
vt 0.88901100 0.68942400
vt 0.38869700 0.12498200
vt 0.38674200 0.11685500
vt 0.96186700 0.70247900
vt 0.01278000 0.95617100
vt 0.88901000 0.69959600
vt 0.01278000 0.95926000
vt 0.42691300 0.89391000
vt 0.96188100 0.62715700
vt 0.47532200 0.52087400
vt 0.42691300 0.88918400
vt 0.42695500 0.66308800
vt 0.96190200 0.51759800
vt 0.47507700 0.60761200
vt 0.42695500 0.67440900
vt 0.96187600 0.65454700
vt 0.45245200 0.95926300
vt 0.45245200 0.95617400
vt 0.88901700 0.65890900
vt 0.99842800 0.84328500
vt 0.47969300 0.59890100
vt 0.01228700 0.63845100
vt 0.99688400 0.84328500
vt 0.99688200 0.41619400
vt 0.47972900 0.53177400
vt 0.01229900 0.57097800
vt 0.99842600 0.41619400
vt 0.01229900 0.57252200
vt 0.01228700 0.63690700
vt 0.88901000 0.69805200
vt 0.88901700 0.66045300
vt 0.96315300 0.43656800
vt 0.40756300 0.21837100
vt 0.01355700 0.94780600
vt 0.49630500 0.93105600
vt 0.43218800 0.92268000
vt 0.43218800 0.92644300
vt 0.01355700 0.95135100
vt 0.40638800 0.20167400
vt 0.01374700 0.64399800
vt 0.40710800 0.21160900
vt 0.01374500 0.65505400
vt 0.42229300 0.35809400
vt 0.43419100 0.35782200
vt 0.44371200 0.35941400
vt 0.20695100 0.90593300
vt 0.39055600 0.88080700
vt 0.39117100 0.76802700
vt 0.39005200 0.35882300
vt 0.42769200 0.35797100
vt 0.20656800 0.77195400
vt 0.39087800 0.76185000
vt 0.98901600 0.25443000
vt 0.20656800 0.77812700
vt 0.98537800 0.25459600
vt 0.97697900 0.25459500
vt 0.93380700 0.25822900
vt 0.23532100 0.67775000
vt 0.98065500 0.25459500
vt 0.02301600 0.35838800
vt 0.01110500 0.35812100
vt 0.20695300 0.91778200
vt 0.00157300 0.35971600
vt 0.20695500 0.89755800
vt 0.20718800 0.75755600
vt 0.03870200 0.35874100
vt 0.01761100 0.35826800
vt 0.20748000 0.75138000
vt 0.38781000 0.78241700
vt 0.38781000 0.78859000
vt 0.44688300 0.25443400
vt 0.45052100 0.25460000
vt 0.45892100 0.25459900
vt 0.45524400 0.25459900
vt 0.09382300 0.35983800
vt 0.92939900 0.25822800
vt 0.23906300 0.67775000
vt 0.38660900 0.35889500
vt 0.30932100 0.36028900
vt 0.67413000 0.81382400
vt 0.83047700 0.25821600
vt 0.10744200 0.36005200
vt 0.14899400 0.36058100
vt 0.17054900 0.36075900
vt 0.21194200 0.36091900
vt 0.23344600 0.36090100
vt 0.27483100 0.36066900
vt 0.29636100 0.36045100
vt 0.33788400 0.35985300
vt 0.35955800 0.35945500
vt 0.40608200 0.35846800
vt 0.97696100 0.35575600
vt 0.73862300 0.72170800
vt 0.93379300 0.35211300
vt 0.98059600 0.35575600
vt 0.45894200 0.35575900
vt 0.45530700 0.35575900
vt 0.09552800 0.28260800
vt 0.73488100 0.72170800
vt 0.92938500 0.35211200
vt 0.83047800 0.35209500
vt 0.75534900 0.86406300
vt 0.10896000 0.28296400
vt 0.14996900 0.28377400
vt 0.17120600 0.28405500
vt 0.21202600 0.28429600
vt 0.42078400 0.27985600
vt 0.43178200 0.27939100
vt 0.44287000 0.27973200
vt 0.29315000 0.90593300
vt 0.30435700 0.88080700
vt 0.30494600 0.76818000
vt 0.38786600 0.28112400
vt 0.42618800 0.27962800
vt 0.30479000 0.76200200
vt 0.29260500 0.77195400
vt 0.29260500 0.77812800
vt 0.98901700 0.35567200
vt 0.98537900 0.35575700
vt 0.02452000 0.28014600
vt 0.01353700 0.27968100
vt 0.00246400 0.28001500
vt 0.29315200 0.91778300
vt 0.29341300 0.75770800
vt 0.29315300 0.89755800
vt 0.04097000 0.28078700
vt 0.01912300 0.27991900
vt 0.29356800 0.75153000
vt 0.30177300 0.78241700
vt 0.44688600 0.35567500
vt 0.30177300 0.78859000
vt 0.45052400 0.35576100
vt 0.38445700 0.28125400
vt 0.30803900 0.28342900
vt 0.23321100 0.28427800
vt 0.27402400 0.28397200
vt 0.29525600 0.28366300
vt 0.33623100 0.28276300
vt 0.35765900 0.28214400
vt 0.40436900 0.28050200
vt 0.97694900 0.42534000
vt 0.93378200 0.42533100
vt 0.98055600 0.42534000
vt 0.45895600 0.42533900
vt 0.47777500 0.42532900
vt 0.45535000 0.42533900
vt 0.09720100 0.23021600
vt 0.92937400 0.42533000
vt 0.83047900 0.42531600
vt 0.11047300 0.23066800
vt 0.15086800 0.23168500
vt 0.17184300 0.23201100
vt 0.21209900 0.23229000
vt 0.73192800 0.42528600
vt 0.78571900 0.42529900
vt 0.81367100 0.42530600
vt 0.86745900 0.42532000
vt 0.89546000 0.42532200
vt 0.96315500 0.42533700
vt 0.41869100 0.22624400
vt 0.42905400 0.22556500
vt 0.35244100 0.90593300
vt 0.44126200 0.22484700
vt 0.24506600 0.88080700
vt 0.24563700 0.76828400
vt 0.38553700 0.22822200
vt 0.42408600 0.22589500
vt 0.35178500 0.77195400
vt 0.24557500 0.76210700
vt 0.98901900 0.42531100
vt 0.35178500 0.77812800
vt 0.98538000 0.42534100
vt 0.02658600 0.22663900
vt 0.01625700 0.22597500
vt 0.35244400 0.91778300
vt 0.00409400 0.22526400
vt 0.35272200 0.75781200
vt 0.35244500 0.89755700
vt 0.03722100 0.22728100
vt 0.02120800 0.22629800
vt 0.24259300 0.78241700
vt 0.35278300 0.75163500
vt 0.24259300 0.78859000
vt 0.44688800 0.42531100
vt 0.45052600 0.42534000
vt 0.53926600 0.42531400
vt 0.38216900 0.22839700
vt 0.30682900 0.23128600
vt 0.56840000 0.42531100
vt 0.62221400 0.42530100
vt 0.65018100 0.42529700
vt 0.70398000 0.42528500
vt 0.23302900 0.23226500
vt 0.27326400 0.23191700
vt 0.29421300 0.23156800
vt 0.33463700 0.23046600
vt 0.35575600 0.22965400
vt 0.40804100 0.22690900
vt 0.42121800 0.29611200
vt 0.43241100 0.29572000
vt 0.27520700 0.90593300
vt 0.44316500 0.29635600
vt 0.32289400 0.76814800
vt 0.32230000 0.88080700
vt 0.38842300 0.29724000
vt 0.42662600 0.29592300
vt 0.27469600 0.77195400
vt 0.32271000 0.76197100
vt 0.27469600 0.77812800
vt 0.98901700 0.33459700
vt 0.98537900 0.33469900
vt 0.02408800 0.29638800
vt 0.01290000 0.29599500
vt 0.00215100 0.29662400
vt 0.27520900 0.91778300
vt 0.27546400 0.75767600
vt 0.27521100 0.89755800
vt 0.04038800 0.29695800
vt 0.01868300 0.29620000
vt 0.27564900 0.75149900
vt 0.31968200 0.78241700
vt 0.31968200 0.78859000
vt 0.44688500 0.33460200
vt 0.45052300 0.33470400
vt 0.38499900 0.29734700
vt 0.30834500 0.29933800
vt 0.23327000 0.30013600
vt 0.27420300 0.29984300
vt 0.29551100 0.29955600
vt 0.33664000 0.29873200
vt 0.35813400 0.29816700
vt 0.40483900 0.29668900
vt 0.97696500 0.33469800
vt 0.01699700 0.67774800
vt 0.93379500 0.33833300
vt 0.98060800 0.33469900
vt 0.45893700 0.33470200
vt 0.45529400 0.33470300
vt 0.09509600 0.29860700
vt 0.02073900 0.67774800
vt 0.92938700 0.33833200
vt 0.33471800 0.85967100
vt 0.83047800 0.33831500
vt 0.10859300 0.29892300
vt 0.14972300 0.29967700
vt 0.17105400 0.29992600
vt 0.21199500 0.30015300
vt 0.42207600 0.34178800
vt 0.43378600 0.34147600
vt 0.22489900 0.90593300
vt 0.44363300 0.34281300
vt 0.37321700 0.76805800
vt 0.37260700 0.88080700
vt 0.38968200 0.34259700
vt 0.42747600 0.34164500
vt 0.37295300 0.76188200
vt 0.22448300 0.77195400
vt 0.22448300 0.77812700
vt 0.98901600 0.27551000
vt 0.98537800 0.27565900
vt 0.02322700 0.34207100
vt 0.01151200 0.34175900
vt 0.22490200 0.91778300
vt 0.00165600 0.34309500
vt 0.22514200 0.75758800
vt 0.22490300 0.89755800
vt 0.03907900 0.34246900
vt 0.01782500 0.34192800
vt 0.22540600 0.75141100
vt 0.36989500 0.78241700
vt 0.44688300 0.27551500
vt 0.36989500 0.78859000
vt 0.45052200 0.27566400
vt 0.38624600 0.34268300
vt 0.30909600 0.34420600
vt 0.23339800 0.34486000
vt 0.27469500 0.34461700
vt 0.29617100 0.34438300
vt 0.33759100 0.34372200
vt 0.35922800 0.34328800
vt 0.40581800 0.34220100
vt 0.97697500 0.27565800
vt 0.14172500 0.67774800
vt 0.93380500 0.27200700
vt 0.98064300 0.27565900
vt 0.45892500 0.27566300
vt 0.45525700 0.27566300
vt 0.09412300 0.34367600
vt 0.92939700 0.27200600
vt 0.13798400 0.67774800
vt 0.24661600 0.85967100
vt 0.83047700 0.27199300
vt 0.10769300 0.34393200
vt 0.14917100 0.34449700
vt 0.17065800 0.34470300
vt 0.21196200 0.34487800
vt 0.42269800 0.40385000
vt 0.43510900 0.40362800
vt 0.44374100 0.40586800
vt 0.15664200 0.90593300
vt 0.44149400 0.76793800
vt 0.44086400 0.88080700
vt 0.39090900 0.40439200
vt 0.42808600 0.40375400
vt 0.15635400 0.77195400
vt 0.44112100 0.76176100
vt 0.15635400 0.77812700
vt 0.98901600 0.19534200
vt 0.98537800 0.19555500
vt 0.02264500 0.40420500
vt 0.01021400 0.40399500
vt 0.15664500 0.91778200
vt 0.00156700 0.40624700
vt 0.15664600 0.89755800
vt 0.15686400 0.75746800
vt 0.03785400 0.40444900
vt 0.01724800 0.40411400
vt 0.43802300 0.78241700
vt 0.15723700 0.75129100
vt 0.44688200 0.19534600
vt 0.43802300 0.78859000
vt 0.45052100 0.19555900
vt 0.38745900 0.40445100
vt 0.30986900 0.40554300
vt 0.23355400 0.40605400
vt 0.27519800 0.40586000
vt 0.29684500 0.40567800
vt 0.33856200 0.40518900
vt 0.36032300 0.40487900
vt 0.40662700 0.40412700
vt 0.97699000 0.19555500
vt 0.93381800 0.19190300
vt 0.36005500 0.67775000
vt 0.98069100 0.19555500
vt 0.45890800 0.19555800
vt 0.45520800 0.19555900
vt 0.09317300 0.40524600
vt 0.92941000 0.19190200
vt 0.35631300 0.67775000
vt 0.76222300 0.81382400
vt 0.83047700 0.19189300
vt 0.10684000 0.40541700
vt 0.14860800 0.40582600
vt 0.17027300 0.40596700
vt 0.21193100 0.40607300
vt 0.42291500 0.46596200
vt 0.43601400 0.46580400
vt 0.44346600 0.46890600
vt 0.08838500 0.90593300
vt 0.50977200 0.76781700
vt 0.50912100 0.88080700
vt 0.39178600 0.46634400
vt 0.42828500 0.46589600
vt 0.08822500 0.77195400
vt 0.50929100 0.76164100
vt 0.98901800 0.11517400
vt 0.08822500 0.77812800
vt 0.98537900 0.11545000
vt 0.02253300 0.46642700
vt 0.00940700 0.46629700
vt 0.00194500 0.46942100
vt 0.08838800 0.91778200
vt 0.08838900 0.89755800
vt 0.08858700 0.75734800
vt 0.03706600 0.46656900
vt 0.01715200 0.46637200
vt 0.08906800 0.75117200
vt 0.50615200 0.78241700
vt 0.44688100 0.11517700
vt 0.50615200 0.78859100
vt 0.45052000 0.11545300
vt 0.38833000 0.46638800
vt 0.31046500 0.46726400
vt 0.23369600 0.46769700
vt 0.27559600 0.46752000
vt 0.29737000 0.46737500
vt 0.33929200 0.46697700
vt 0.36112800 0.46672500
vt 0.40705600 0.46615400
vt 0.97700600 0.11545000
vt 0.98073900 0.11545000
vt 0.45889300 0.11545300
vt 0.45516000 0.11545300
vt 0.09252100 0.46713200
vt 0.10624800 0.46725400
vt 0.14822500 0.46755300
vt 0.17001800 0.46765300
vt 0.21193400 0.46772400
vt 0.87113300 0.11544200
vt 0.52704600 0.56449500
vt 0.89181200 0.11544300
vt 0.72076200 0.54774500
vt 0.52704400 0.54774400
vt 0.95565300 0.11544800
vt 0.79970300 0.11543800
vt 0.72720000 0.56449600
vt 0.97699400 0.17449600
vt 0.93382000 0.17812100
vt 0.80818100 0.54774400
vt 0.98070300 0.17449700
vt 0.45890400 0.17450000
vt 0.45519500 0.17450000
vt 0.09297200 0.42149700
vt 0.80443900 0.54774400
vt 0.92941200 0.17812100
vt 0.83047700 0.17811200
vt 0.80507700 0.56449500
vt 0.10666800 0.42164100
vt 0.14848700 0.42202400
vt 0.17020100 0.42214300
vt 0.21192300 0.42224600
vt 0.42278800 0.42017400
vt 0.43538400 0.41997700
vt 0.44369700 0.42245300
vt 0.13869900 0.90593300
vt 0.45880800 0.88080700
vt 0.45944300 0.76790600
vt 0.39116800 0.42066900
vt 0.42817300 0.42009000
vt 0.45904200 0.76172900
vt 0.13844400 0.77195400
vt 0.13844400 0.77812700
vt 0.98901700 0.17426700
vt 0.98537800 0.17449700
vt 0.02257500 0.42055400
vt 0.00995700 0.42037500
vt 0.13870100 0.91778200
vt 0.00163100 0.42286800
vt 0.13891500 0.75743600
vt 0.13870200 0.89755800
vt 0.03761100 0.42077000
vt 0.01718100 0.42047800
vt 0.13931700 0.75126000
vt 0.45593300 0.78241700
vt 0.44688200 0.17427100
vt 0.45593300 0.78859000
vt 0.45052100 0.17450000
vt 0.38771500 0.42072000
vt 0.31003900 0.42173700
vt 0.23359600 0.42222300
vt 0.27530400 0.42203200
vt 0.29699000 0.42186100
vt 0.33877400 0.42140800
vt 0.36055600 0.42111900
vt 0.40677100 0.42042800
vt 0.42292200 0.48228400
vt 0.43619200 0.48215100
vt 0.44332900 0.48548300
vt 0.07043500 0.90593300
vt 0.52707200 0.88080700
vt 0.52772700 0.76778600
vt 0.39198500 0.48264400
vt 0.42828100 0.48222900
vt 0.07030900 0.77195400
vt 0.52721800 0.76160900
vt 0.98901800 0.09409100
vt 0.07030900 0.77812800
vt 0.98538000 0.09438400
vt 0.02256500 0.48277900
vt 0.00926700 0.48268000
vt 0.07043700 0.91778200
vt 0.00212300 0.48603700
vt 0.07043900 0.89755800
vt 0.07063100 0.75731700
vt 0.03691200 0.48290400
vt 0.01719500 0.48273800
vt 0.07114100 0.75114000
vt 0.52406800 0.78241700
vt 0.52406800 0.78859100
vt 0.44688100 0.09409300
vt 0.45052000 0.09438700
vt 0.38853000 0.48268500
vt 0.31060700 0.48354600
vt 0.23373700 0.48397100
vt 0.27568700 0.48379700
vt 0.29749100 0.48365200
vt 0.33946800 0.48326500
vt 0.36132000 0.48301800
vt 0.40712800 0.48246300
vt 0.97701100 0.09438400
vt 0.98075200 0.09438400
vt 0.45888800 0.09438700
vt 0.45514700 0.09438700
vt 0.09237400 0.48344200
vt 0.10611800 0.48355700
vt 0.14813600 0.48384200
vt 0.16996700 0.48393400
vt 0.21193400 0.48399900
vt 0.54475800 0.56449600
vt 0.87113500 0.09457700
vt 0.89181500 0.09457800
vt 0.70305000 0.54774500
vt 0.54475700 0.54774500
vt 0.95565700 0.09458200
vt 0.79970400 0.09457300
vt 0.70948800 0.56449600
vt 0.00165000 0.71124700
vt 0.42276500 0.53600900
vt 0.91837900 0.94297200
vt 0.43649400 0.53602300
vt 0.01114600 0.90593300
vt 0.44258100 0.54023800
vt 0.58703400 0.76768100
vt 0.58636100 0.88080700
vt 0.88541100 0.94297200
vt 0.39262200 0.53644900
vt 0.42804800 0.53598200
vt 0.01113100 0.77195400
vt 0.58643000 0.76150400
vt 0.01113100 0.77812800
vt 0.98902100 0.02445400
vt 0.98538200 0.02480300
vt 0.43714700 0.71124700
vt 0.48438400 0.94297100
vt 0.02287400 0.53662100
vt 0.00911000 0.53667200
vt 0.01114800 0.91778200
vt 0.00301800 0.54091400
vt 0.01115000 0.89755800
vt 0.01132400 0.75721300
vt 0.03650800 0.53674800
vt 0.49929300 0.94297100
vt 0.01757700 0.53660900
vt 0.01192800 0.75103600
vt 0.58324600 0.78241700
vt 0.58324600 0.78859100
vt 0.44688000 0.02445800
vt 0.45051900 0.02480700
vt 0.55080600 0.03155100
vt 0.53187900 0.58125500
vt 0.38916800 0.53650300
vt 0.88165300 0.94297200
vt 0.79690300 0.94297200
vt 0.31106700 0.53746200
vt 0.56839400 0.02480500
vt 0.62220900 0.02480300
vt 0.65017700 0.02480200
vt 0.70397600 0.02480100
vt 0.23385900 0.53788200
vt 0.71324600 0.94297200
vt 0.75890700 0.94297100
vt 0.27600700 0.53770900
vt 0.29790200 0.53756800
vt 0.78263400 0.94297200
vt 0.82829800 0.94297200
vt 0.34002600 0.53717200
vt 0.36193700 0.53690200
vt 0.85206600 0.94297200
vt 0.90143000 0.94297200
vt 0.40730100 0.53620800
vt 0.97702600 0.02480300
vt 0.93384700 0.02480000
vt 0.98079600 0.02480300
vt 0.45887500 0.02480700
vt 0.48078200 0.02480700
vt 0.45510500 0.02480700
vt 0.55950000 0.94297100
vt 0.09193800 0.53740200
vt 0.92943800 0.02480000
vt 0.83047700 0.02479300
vt 0.10571000 0.53752100
vt 0.57443100 0.94297100
vt 0.62011300 0.94297100
vt 0.14788600 0.53778800
vt 0.16980100 0.53787000
vt 0.64385400 0.94297100
vt 0.68952200 0.94297200
vt 0.21196500 0.53791400
vt 0.73192400 0.02480000
vt 0.78571600 0.02479800
vt 0.81366900 0.02479600
vt 0.86746100 0.02479700
vt 0.89546200 0.02479900
vt 0.95567200 0.02480200
vt 0.36005500 0.69010400
vt 0.60356500 0.03506700
vt 0.60356400 0.09137000
vt 0.23532100 0.69010400
vt 0.35631300 0.69010400
vt 0.59982300 0.03506700
vt 0.23906300 0.69010400
vt 0.59982200 0.09137000
vt 0.68418400 0.33211300
vt 0.76222300 0.82617800
vt 0.67413000 0.82617800
vt 0.68417800 0.27581300
vt 0.73862300 0.73406300
vt 0.53893900 0.23192300
vt 0.92940900 0.41033300
vt 0.75534800 0.87641800
vt 0.73488100 0.73406300
vt 0.53893900 0.22818100
vt 0.66818100 0.09136400
vt 0.14172500 0.69010200
vt 0.01699700 0.69010200
vt 0.66818200 0.03506200
vt 0.13798400 0.69010200
vt 0.67192300 0.09136400
vt 0.02073900 0.69010200
vt 0.67192400 0.03506200
vt 0.84768000 0.33211400
vt 0.24661600 0.84731600
vt 0.84767200 0.27581500
vt 0.33471800 0.84731600
vt 0.93063300 0.08856700
vt 0.93063200 0.10628000
vt 0.92689000 0.08856700
vt 0.92689000 0.10628000
vt 0.83736200 0.10597400
vt 0.83736100 0.08826300
vt 0.80284800 0.10597500
vt 0.54475800 0.55214100
vt 0.52704600 0.55214100
vt 0.80284900 0.08826300
vt 0.89496400 0.08857000
vt 0.70305000 0.53539000
vt 0.72076200 0.53539000
vt 0.89496400 0.10628200
vt 0.94915700 0.08856600
vt 0.54475700 0.53539000
vt 0.52704500 0.53539000
vt 0.94915600 0.10627900
vt 0.86348400 0.10597400
vt 0.70948800 0.55214200
vt 0.72719900 0.55214200
vt 0.86348400 0.08826300
vt 0.93063000 0.15948300
vt 0.80818100 0.53538900
vt 0.80443900 0.53538900
vt 0.92688800 0.15948300
vt 0.83735800 0.03506200
vt 0.80507600 0.55214000
vt 0.41901600 0.23272600
vt 0.42947300 0.23211500
vt 0.34524200 0.90593300
vt 0.44154100 0.23156900
vt 0.25226500 0.88080700
vt 0.25283800 0.76827200
vt 0.38586800 0.23460700
vt 0.42442000 0.23241200
vt 0.25276500 0.76209400
vt 0.34460000 0.77195400
vt 0.98901800 0.41685600
vt 0.34460000 0.77812800
vt 0.98538000 0.41689200
vt 0.02627200 0.23310400
vt 0.01584200 0.23250300
vt 0.34524400 0.91778300
vt 0.00381500 0.23196000
vt 0.34524600 0.89755700
vt 0.34552100 0.75779900
vt 0.04309100 0.23404700
vt 0.02088100 0.23279600
vt 0.34559400 0.75162200
vt 0.24977900 0.78241700
vt 0.24977900 0.78859000
vt 0.44688800 0.41685500
vt 0.45052600 0.41689200
vt 0.38248400 0.23476900
vt 0.30698100 0.23758000
vt 0.23305700 0.23854000
vt 0.27334500 0.23819500
vt 0.29433600 0.23785600
vt 0.33485400 0.23677900
vt 0.35602300 0.23598900
vt 0.40256400 0.23368200
vt 0.97695000 0.41689100
vt 0.98056100 0.41689100
vt 0.45895500 0.41689000
vt 0.45534500 0.41689100
vt 0.09695900 0.23654200
vt 0.11027900 0.23698000
vt 0.15074400 0.23797400
vt 0.17177000 0.23829000
vt 0.21208300 0.23856500
vt 0.61522100 0.73406300
vt 0.48396000 0.23193300
vt 0.61896200 0.73406300
vt 0.48395900 0.22819100
vt 0.66856100 0.87641700
vt 0.92939900 0.35535600
vt 0.97702400 0.03653600
vt 0.98078900 0.03653600
vt 0.45887700 0.03521400
vt 0.45511100 0.03521400
vt 0.09198900 0.53216200
vt 0.80193400 0.95134100
vt 0.78700300 0.95134100
vt 0.10575000 0.53227700
vt 0.14791200 0.53254200
vt 0.74132100 0.95134100
vt 0.16981400 0.53262300
vt 0.71758000 0.95134100
vt 0.21196400 0.53266700
vt 0.67191100 0.95134100
vt 0.44299200 0.95134100
vt 0.42278300 0.53082200
vt 0.00158800 0.71693100
vt 0.43652700 0.53080900
vt 0.02114400 0.90593300
vt 0.44285200 0.53094500
vt 0.57636300 0.88080700
vt 0.57703400 0.76769800
vt 0.39254400 0.53122900
vt 0.47602200 0.95134100
vt 0.42810100 0.53079500
vt 0.02111000 0.77195400
vt 0.57644500 0.76152200
vt 0.98902000 0.03619700
vt 0.02111000 0.77812800
vt 0.98538200 0.03653700
vt 0.43721000 0.71693100
vt 0.02284000 0.53142200
vt 0.87711200 0.95134100
vt 0.00906400 0.53150600
vt 0.00274400 0.53264600
vt 0.02001600 0.91778200
vt 0.02001700 0.89755800
vt 0.02019500 0.75722800
vt 0.03656100 0.53153500
vt 0.86214100 0.95134100
vt 0.01751100 0.53147000
vt 0.02078400 0.75105200
vt 0.57439500 0.78241700
vt 0.57439500 0.78859100
vt 0.44688000 0.03487300
vt 0.45051900 0.03521400
vt 0.47978100 0.95134100
vt 0.38909100 0.53127600
vt 0.31102200 0.53221900
vt 0.56453100 0.95134100
vt 0.64818700 0.95134100
vt 0.23384500 0.53263600
vt 0.27597900 0.53246300
vt 0.60252600 0.95134100
vt 0.57879900 0.95134100
vt 0.29786400 0.53232300
vt 0.33996700 0.53193100
vt 0.53313600 0.95134100
vt 0.36186700 0.53166600
vt 0.50936800 0.95134100
vt 0.40726700 0.53100700
vt 0.45996100 0.95134100
vt 0.61533200 0.53539100
vt 0.93063400 0.03506900
vt 0.61907500 0.53539100
vt 0.92689100 0.03507000
vt 0.83736500 0.15946900
vt 0.63132400 0.55214300
vt 0.93384600 0.03155500
vt 0.61533200 0.54786700
vt 0.83048000 0.41687400
vt 0.66856000 0.86421500
vt 0.61907400 0.54786700
vt 0.92943700 0.03155500
vt 0.63132400 0.56461900
vt 0.83047700 0.03154700
vt 0.92937400 0.41688300
vt 0.61896300 0.72186100
vt 0.93378200 0.41688400
vt 0.61522200 0.72186100
vt 0.22291400 0.69449000
vt 0.48082100 0.25459400
vt 0.48446000 0.25823200
vt 0.43166600 0.69449000
vt 0.21818700 0.69449000
vt 0.48188700 0.25716700
vt 0.22055100 0.69449000
vt 0.38450800 0.69449000
vt 0.54001400 0.25822400
vt 0.54365200 0.25458500
vt 0.37978000 0.69449000
vt 0.54258600 0.25715800
vt 0.38214400 0.69449000
vt 0.48370300 0.84291800
vt 0.56478100 0.25458200
vt 0.56842000 0.25822000
vt 0.48843000 0.84291800
vt 0.48606700 0.84291800
vt 0.56584700 0.25715500
vt 0.62222600 0.25821400
vt 0.53410500 0.84291700
vt 0.53883300 0.84291700
vt 0.62586400 0.25457400
vt 0.62479900 0.25714700
vt 0.53646900 0.84291700
vt 0.05641900 0.82618000
vt 0.64653500 0.25457200
vt 0.65017300 0.25821000
vt 0.06114700 0.82618000
vt 0.05878300 0.82618000
vt 0.64760000 0.25714500
vt 0.70397800 0.25820400
vt 0.10682100 0.82618000
vt 0.70761700 0.25456500
vt 0.11154900 0.82618000
vt 0.70655100 0.25713700
vt 0.10918500 0.82618000
vt 0.47948600 0.81382300
vt 0.72828700 0.25456500
vt 0.47475800 0.81382300
vt 0.73192600 0.25820400
vt 0.72935300 0.25713700
vt 0.47712200 0.81382300
vt 0.78572600 0.25821000
vt 0.42908900 0.81382300
vt 0.63958200 0.81382300
vt 0.78936400 0.25457200
vt 0.63485400 0.81382300
vt 0.78829900 0.25714500
vt 0.63721800 0.81382300
vt 0.69311800 0.81382400
vt 0.81004100 0.25457500
vt 0.68839000 0.81382400
vt 0.81367900 0.25821400
vt 0.69075400 0.81382400
vt 0.81110600 0.25714800
vt 0.85321800 0.81382400
vt 0.86747900 0.25822000
vt 0.64272100 0.81382400
vt 0.84849100 0.81382400
vt 0.87111800 0.25458300
vt 0.87005200 0.25715500
vt 0.85085400 0.81382400
vt 0.27262500 0.67775000
vt 0.89179400 0.25458500
vt 0.26789700 0.67775000
vt 0.89543200 0.25822400
vt 0.89286000 0.25715800
vt 0.27026100 0.67775000
vt 0.43507100 0.67775000
vt 0.21988800 0.67775000
vt 0.95198800 0.25823200
vt 0.43034400 0.67775000
vt 0.95562700 0.25459400
vt 0.95456100 0.25716700
vt 0.43270700 0.67775000
vt 0.59965900 0.75080700
vt 0.48447500 0.35211500
vt 0.81048200 0.75080700
vt 0.60438700 0.75080700
vt 0.48083800 0.35575400
vt 0.60202300 0.75080700
vt 0.48190300 0.35318100
vt 0.73192600 0.35207800
vt 0.69599200 0.84731800
vt 0.69126500 0.84731800
vt 0.72828700 0.35571600
vt 0.86039600 0.08826300
vt 0.69362900 0.84731800
vt 0.72935300 0.35314300
vt 0.74638600 0.84731800
vt 0.78936000 0.35572700
vt 0.78572200 0.35208800
vt 0.74165800 0.84731800
vt 0.80594000 0.03815000
vt 0.80593800 0.08826300
vt 0.78829500 0.35315300
vt 0.74402200 0.84731800
vt 0.81367400 0.35209200
vt 0.74108400 0.86406300
vt 0.73635600 0.86406300
vt 0.81003500 0.35573000
vt 0.80593700 0.10597500
vt 0.80593400 0.15638200
vt 0.81110100 0.35315700
vt 0.73872000 0.86406300
vt 0.79147700 0.86406300
vt 0.87110700 0.35574000
vt 0.86746800 0.35210100
vt 0.78675000 0.86406300
vt 0.87004100 0.35316700
vt 0.78911300 0.86406300
vt 0.70604900 0.72170800
vt 0.89542000 0.35210600
vt 0.70132200 0.72170800
vt 0.89178100 0.35574400
vt 0.70368600 0.72170800
vt 0.89284700 0.35317100
vt 0.95561000 0.35575700
vt 0.75878200 0.72170800
vt 0.75405500 0.72170800
vt 0.95197200 0.35211800
vt 0.75641800 0.72170800
vt 0.95454500 0.35318400
vt 0.54366400 0.35574200
vt 0.75860000 0.75081100
vt 0.76332800 0.75081100
vt 0.54002500 0.35210400
vt 0.76096400 0.75081100
vt 0.54259800 0.35316900
vt 0.56843000 0.35209900
vt 0.00156700 0.86406200
vt 0.20941800 0.86406200
vt 0.20469000 0.86406200
vt 0.56479200 0.35573800
vt 0.56585700 0.35316500
vt 0.20705400 0.86406200
vt 0.05196600 0.86406200
vt 0.62587100 0.35572900
vt 0.04723900 0.86406200
vt 0.62223200 0.35209100
vt 0.62480500 0.35315600
vt 0.04960200 0.86406200
vt 0.42618400 0.86406100
vt 0.63402900 0.86406100
vt 0.65017800 0.35208600
vt 0.62930100 0.86406100
vt 0.64654000 0.35572500
vt 0.64760500 0.35315200
vt 0.63166400 0.86406100
vt 0.70761800 0.35571600
vt 0.47658200 0.86406100
vt 0.47185500 0.86406100
vt 0.70398000 0.35207800
vt 0.86039600 0.10597400
vt 0.70655300 0.35314300
vt 0.47421800 0.86406100
vt 0.10830700 0.70685100
vt 0.54002400 0.33832400
vt 0.11303500 0.70685100
vt 0.54366200 0.33468500
vt 0.11067100 0.70685100
vt 0.54259600 0.33725800
vt 0.58448700 0.84731300
vt 0.56479000 0.33468200
vt 0.57975900 0.84731300
vt 0.56842900 0.33832000
vt 0.58212300 0.84731300
vt 0.56585600 0.33725400
vt 0.62223200 0.33831100
vt 0.53408600 0.84731300
vt 0.52935800 0.84731300
vt 0.62587000 0.33467200
vt 0.62480400 0.33724500
vt 0.53172200 0.84731300
vt 0.64653900 0.33466900
vt 0.10209200 0.85967100
vt 0.10682000 0.85967100
vt 0.65017700 0.33830700
vt 0.10445600 0.85967100
vt 0.64760500 0.33724200
vt 0.15249100 0.85967100
vt 0.70398000 0.33829900
vt 0.70761800 0.33466000
vt 0.15721900 0.85967100
vt 0.86039600 0.15637900
vt 0.70655200 0.33723300
vt 0.15485500 0.85967100
vt 0.48083400 0.33469800
vt 0.05642500 0.70685100
vt 0.06115200 0.70685100
vt 0.48447300 0.33833600
vt 0.05878800 0.70685100
vt 0.48190000 0.33727000
vt 0.26295100 0.86406400
vt 0.72828700 0.33466000
vt 0.73192600 0.33829900
vt 0.25822300 0.86406400
vt 0.83736500 0.15638100
vt 0.26058700 0.86406400
vt 0.72935300 0.33723300
vt 0.42304300 0.86406400
vt 0.78572300 0.33830800
vt 0.21255700 0.86406400
vt 0.41831500 0.86406400
vt 0.78936100 0.33467000
vt 0.83735800 0.03815100
vt 0.78829500 0.33724300
vt 0.42067900 0.86406400
vt 0.31572600 0.85967100
vt 0.81003600 0.33467400
vt 0.32045400 0.85967100
vt 0.81367500 0.33831300
vt 0.86039600 0.03815200
vt 0.31809000 0.85967100
vt 0.81110200 0.33724700
vt 0.86747000 0.33832100
vt 0.36612000 0.85967100
vt 0.87110900 0.33468400
vt 0.37084800 0.85967100
vt 0.36848400 0.85967100
vt 0.87004300 0.33725600
vt 0.05429800 0.67774800
vt 0.89178400 0.33468700
vt 0.89542200 0.33832600
vt 0.04957100 0.67774800
vt 0.05193500 0.67774800
vt 0.89284900 0.33726000
vt 0.21674000 0.67774800
vt 0.00156500 0.67774800
vt 0.95197400 0.33833700
vt 0.21201200 0.67774800
vt 0.95561400 0.33469900
vt 0.21437600 0.67774800
vt 0.95454700 0.33727200
vt 0.16315800 0.70685100
vt 0.54365400 0.27563900
vt 0.16788600 0.70685100
vt 0.54001500 0.27200100
vt 0.54258800 0.27306700
vt 0.16552200 0.70685100
vt 0.56842100 0.27199800
vt 0.63933700 0.84731300
vt 0.42883500 0.84731300
vt 0.63460900 0.84731300
vt 0.56478300 0.27563600
vt 0.56584800 0.27306400
vt 0.63697300 0.84731300
vt 0.47923800 0.84731300
vt 0.62586600 0.27562900
vt 0.62222700 0.27199100
vt 0.47451000 0.84731300
vt 0.47687400 0.84731300
vt 0.62480000 0.27305600
vt 0.65017400 0.27198700
vt 0.04724400 0.85967100
vt 0.64653600 0.27562600
vt 0.05197100 0.85967100
vt 0.64760100 0.27305300
vt 0.04960700 0.85967100
vt 0.20733700 0.85967100
vt 0.70761700 0.27561800
vt 0.70397900 0.27198000
vt 0.21206500 0.85967100
vt 0.00157000 0.85967100
vt 0.20970100 0.85967100
vt 0.70655100 0.27304500
vt 0.00157200 0.70685100
vt 0.21504400 0.70685100
vt 0.48446200 0.27201000
vt 0.00630000 0.70685100
vt 0.48082400 0.27564900
vt 0.48188900 0.27307600
vt 0.00393600 0.70685100
vt 0.31779800 0.86406400
vt 0.73192600 0.27198000
vt 0.72828700 0.27561800
vt 0.31307000 0.86406400
vt 0.31543400 0.86406400
vt 0.72935300 0.27304600
vt 0.78936300 0.27562600
vt 0.36819400 0.86406400
vt 0.36346600 0.86406400
vt 0.78572500 0.27198700
vt 0.36583000 0.86406400
vt 0.78829800 0.27305300
vt 0.81367800 0.27199100
vt 0.26087700 0.85967100
vt 0.81004000 0.27562900
vt 0.26560500 0.85967100
vt 0.26324100 0.85967100
vt 0.81110500 0.27305600
vt 0.42097100 0.85967100
vt 0.87111600 0.27563700
vt 0.42569900 0.85967100
vt 0.86747700 0.27199800
vt 0.21520800 0.85967100
vt 0.42333500 0.85967100
vt 0.87005000 0.27306400
vt 0.10915000 0.67774800
vt 0.89543000 0.27200200
vt 0.10442200 0.67774800
vt 0.89179200 0.27564000
vt 0.89285800 0.27306700
vt 0.10678600 0.67774800
vt 0.16188700 0.67774800
vt 0.95562400 0.27564900
vt 0.15715900 0.67774800
vt 0.95198600 0.27201100
vt 0.95455900 0.27307700
vt 0.15952300 0.67774800
vt 0.54364400 0.19553800
vt 0.32965600 0.69449000
vt 0.32492800 0.69449000
vt 0.54000500 0.19190000
vt 0.32729200 0.69449000
vt 0.54257800 0.19296500
vt 0.63936000 0.84291700
vt 0.56841200 0.19189700
vt 0.42885200 0.84291800
vt 0.43358000 0.84291800
vt 0.56477400 0.19553600
vt 0.56584000 0.19296300
vt 0.43121600 0.84291800
vt 0.58895500 0.84291700
vt 0.62586000 0.19553000
vt 0.62222200 0.19189200
vt 0.59368200 0.84291700
vt 0.62479400 0.19295700
vt 0.59131900 0.84291700
vt 0.00157100 0.82618000
vt 0.65016900 0.19188900
vt 0.21207200 0.82618000
vt 0.00629900 0.82618000
vt 0.64653100 0.19552800
vt 0.00393400 0.82618000
vt 0.64759700 0.19295500
vt 0.16166800 0.82618000
vt 0.70761600 0.19552200
vt 0.16639600 0.82618000
vt 0.70397700 0.19188400
vt 0.70655000 0.19295000
vt 0.16403200 0.82618000
vt 0.27776800 0.69449000
vt 0.48444800 0.19190600
vt 0.27304000 0.69449000
vt 0.48081000 0.19554500
vt 0.27540400 0.69449000
vt 0.48187600 0.19297200
vt 0.53433300 0.81382300
vt 0.73192600 0.19188400
vt 0.52960500 0.81382300
vt 0.72828700 0.19552200
vt 0.72935300 0.19295000
vt 0.53196900 0.81382300
vt 0.78936700 0.19552800
vt 0.58473300 0.81382300
vt 0.58000500 0.81382300
vt 0.78572900 0.19188900
vt 0.78830100 0.19295500
vt 0.58236900 0.81382300
vt 0.74796800 0.81382400
vt 0.81368300 0.19189100
vt 0.74324000 0.81382400
vt 0.81004500 0.19553000
vt 0.81111000 0.19295700
vt 0.74560400 0.81382400
vt 0.87112400 0.19553500
vt 0.79836700 0.81382400
vt 0.79363900 0.81382400
vt 0.86748600 0.19189600
vt 0.79600300 0.81382400
vt 0.87005900 0.19296200
vt 0.89544100 0.19189900
vt 0.32747700 0.67775000
vt 0.32274900 0.67775000
vt 0.89180200 0.19553700
vt 0.32511300 0.67775000
vt 0.89286800 0.19296400
vt 0.38021700 0.67775000
vt 0.95563800 0.19554400
vt 0.95200000 0.19190500
vt 0.37548900 0.67775000
vt 0.37785300 0.67775000
vt 0.95457300 0.19297100
vt 0.63799800 0.58360700
vt 0.54363500 0.11543500
vt 0.63327000 0.58361000
vt 0.53999600 0.11179700
vt 0.63563400 0.58360900
vt 0.54256900 0.11286300
vt 0.27477600 0.83057200
vt 0.56840400 0.11179500
vt 0.56476600 0.11543400
vt 0.27004900 0.83057200
vt 0.27241300 0.83057200
vt 0.56583100 0.11286100
vt 0.32518400 0.83057200
vt 0.62585400 0.11543000
vt 0.32045600 0.83057200
vt 0.62221600 0.11179200
vt 0.62478900 0.11285800
vt 0.32282000 0.83057200
vt 0.65016500 0.11179100
vt 0.70208200 0.83056600
vt 0.64652600 0.11542900
vt 0.69735400 0.83056600
vt 0.64759200 0.11285600
vt 0.69971800 0.83056600
vt 0.70761400 0.11542500
vt 0.75248800 0.83056600
vt 0.74776100 0.83056600
vt 0.70397600 0.11178700
vt 0.70654900 0.11285300
vt 0.75012400 0.83056600
vt 0.48443500 0.11180100
vt 0.79958700 0.58363800
vt 0.58610600 0.58363800
vt 0.48079700 0.11544000
vt 0.79486000 0.58363100
vt 0.48186200 0.11286700
vt 0.79722300 0.58363400
vt 0.04724900 0.84292600
vt 0.73192500 0.11178700
vt 0.05197700 0.84292600
vt 0.72828700 0.11542500
vt 0.04961300 0.84292600
vt 0.72935300 0.11285300
vt 0.20734100 0.84292600
vt 0.78937100 0.11542800
vt 0.21206900 0.84292600
vt 0.00157500 0.84292600
vt 0.78573200 0.11178900
vt 0.78830500 0.11285500
vt 0.20970500 0.84292600
vt 0.74473600 0.58355400
vt 0.48080700 0.17448600
vt 0.48444600 0.17812400
vt 0.74000800 0.58354700
vt 0.48187300 0.17705900
vt 0.74237200 0.58355000
vt 0.10209400 0.84292600
vt 0.72828700 0.17446500
vt 0.10682200 0.84292600
vt 0.73192600 0.17810400
vt 0.10445800 0.84292600
vt 0.72935300 0.17703800
vt 0.78572900 0.17810800
vt 0.15249500 0.84292600
vt 0.15722200 0.84292600
vt 0.78936800 0.17447000
vt 0.78830200 0.17704300
vt 0.15485800 0.84292600
vt 0.83649400 0.56449400
vt 0.47220500 0.56449400
vt 0.86748800 0.17811500
vt 0.87112700 0.17447700
vt 0.47693300 0.56449400
vt 0.47456900 0.56449400
vt 0.87006100 0.17705000
vt 0.89180400 0.17447900
vt 0.77087600 0.54774400
vt 0.89544200 0.17811800
vt 0.77560400 0.54774400
vt 0.77324000 0.54774400
vt 0.89287000 0.17705200
vt 0.95200300 0.17812400
vt 0.47220100 0.54774400
vt 0.82361600 0.54774400
vt 0.47692900 0.54774400
vt 0.95564200 0.17448500
vt 0.95457600 0.17705800
vt 0.47456500 0.54774400
vt 0.79969900 0.17447100
vt 0.77731000 0.56449500
vt 0.80333700 0.17811000
vt 0.78203900 0.56449500
vt 0.77967500 0.56449500
vt 0.80076500 0.17704400
vt 0.54000400 0.17811900
vt 0.69284700 0.58357500
vt 0.54364200 0.17448000
vt 0.68811900 0.58357800
vt 0.69048300 0.58357600
vt 0.54257600 0.17705300
vt 0.56477200 0.17447800
vt 0.21992800 0.83057200
vt 0.42570900 0.83057200
vt 0.56841100 0.17811600
vt 0.21520000 0.83057200
vt 0.56583800 0.17705100
vt 0.21756400 0.83057200
vt 0.38003100 0.83057200
vt 0.62222000 0.17811100
vt 0.62585900 0.17447200
vt 0.37530300 0.83057200
vt 0.37766700 0.83057200
vt 0.62479300 0.17704500
vt 0.64723500 0.83056600
vt 0.64653000 0.17447100
vt 0.85301000 0.83056600
vt 0.65016900 0.17810900
vt 0.64250700 0.83056600
vt 0.64487100 0.83056600
vt 0.64759600 0.17704300
vt 0.70397700 0.17810400
vt 0.80733300 0.83056600
vt 0.80260500 0.83056600
vt 0.70761600 0.17446500
vt 0.70655000 0.17703800
vt 0.80496900 0.83056600
vt 0.80584700 0.76756000
vt 0.56476300 0.09437800
vt 0.81057500 0.76756000
vt 0.56840200 0.09801600
vt 0.59983100 0.76756000
vt 0.56582900 0.09695000
vt 0.80821100 0.76756000
vt 0.62221500 0.09801300
vt 0.64551100 0.76756000
vt 0.62585300 0.09437400
vt 0.65023900 0.76756000
vt 0.64787500 0.76756000
vt 0.62478700 0.09694700
vt 0.32531300 0.81382300
vt 0.64652500 0.09437300
vt 0.32058500 0.81382300
vt 0.65016400 0.09801100
vt 0.32294800 0.81382300
vt 0.64759100 0.09694600
vt 0.27490600 0.81382400
vt 0.70397600 0.09800800
vt 0.27017800 0.81382400
vt 0.70761400 0.09437000
vt 0.27254200 0.81382400
vt 0.70654800 0.09694300
vt 0.70425600 0.58124400
vt 0.55079200 0.09801700
vt 0.47220100 0.58124400
vt 0.55442900 0.09437800
vt 0.47692900 0.58124600
vt 0.55336400 0.09695100
vt 0.47456500 0.58124500
vt 0.64319800 0.58125300
vt 0.48079300 0.09438200
vt 0.48443300 0.09802100
vt 0.64792600 0.58125200
vt 0.48185900 0.09695500
vt 0.64556200 0.58125200
vt 0.59596000 0.77195300
vt 0.72828700 0.09437000
vt 0.80669100 0.77195300
vt 0.80196300 0.77195300
vt 0.73192500 0.09800800
vt 0.80432700 0.77195300
vt 0.72935300 0.09694200
vt 0.75628800 0.77195300
vt 0.78573300 0.09801000
vt 0.75156000 0.77195300
vt 0.78937200 0.09437100
vt 0.75392400 0.77195300
vt 0.78830600 0.09694400
vt 0.78477100 0.08828300
vt 0.27304000 0.70684400
vt 0.78168200 0.09137100
vt 0.27776800 0.70684400
vt 0.27540400 0.70684400
vt 0.78386600 0.09046700
vt 0.43166600 0.70684400
vt 0.78168100 0.03506900
vt 0.21818700 0.70684400
vt 0.22291400 0.70684400
vt 0.78477000 0.03815800
vt 0.22055100 0.70684400
vt 0.78386500 0.03597300
vt 0.52960500 0.82617800
vt 0.53583600 0.40856400
vt 0.53433300 0.82617800
vt 0.53274800 0.41165300
vt 0.53196900 0.82617800
vt 0.53493200 0.41074800
vt 0.53274300 0.35535600
vt 0.47475800 0.82617800
vt 0.53583200 0.35844500
vt 0.47948600 0.82617800
vt 0.47712200 0.82617800
vt 0.53492700 0.35626100
vt 0.58000500 0.82617800
vt 0.48707600 0.41165300
vt 0.58473300 0.82617800
vt 0.48398700 0.40856400
vt 0.48489200 0.41074800
vt 0.58236900 0.82617800
vt 0.48398500 0.35844300
vt 0.63485400 0.82617800
vt 0.48707400 0.35535500
vt 0.63958200 0.82617800
vt 0.42908900 0.82617800
vt 0.48489000 0.35625900
vt 0.63721800 0.82617800
vt 0.70152800 0.32902400
vt 0.74324000 0.82617800
vt 0.74796700 0.82617800
vt 0.69843900 0.33211300
vt 0.70062300 0.33120800
vt 0.74560400 0.82617800
vt 0.68839000 0.82617800
vt 0.69843800 0.27581400
vt 0.69311800 0.82617800
vt 0.70152700 0.27890300
vt 0.70062200 0.27671800
vt 0.69075400 0.82617800
vt 0.79363900 0.82617800
vt 0.65276800 0.33211300
vt 0.64967900 0.32902400
vt 0.79836700 0.82617800
vt 0.79600300 0.82617800
vt 0.65058400 0.33120800
vt 0.84849100 0.82617800
vt 0.64968000 0.27890100
vt 0.65276800 0.27581200
vt 0.64272100 0.82617800
vt 0.85321800 0.82617800
vt 0.85085400 0.82617800
vt 0.65058400 0.27671700
vt 0.56789900 0.03815700
vt 0.32274900 0.69010400
vt 0.57098700 0.03506900
vt 0.32747700 0.69010400
vt 0.32511300 0.69010400
vt 0.56880400 0.03597300
vt 0.57098800 0.09137000
vt 0.26789700 0.69010400
vt 0.27262500 0.69010400
vt 0.56789900 0.08828100
vt 0.27026100 0.69010400
vt 0.56880400 0.09046500
vt 0.37548900 0.69010400
vt 0.61900000 0.03506700
vt 0.62208800 0.03815600
vt 0.38021700 0.69010400
vt 0.37785300 0.69010400
vt 0.62118400 0.03597200
vt 0.62208600 0.08828200
vt 0.43034400 0.69010400
vt 0.43507100 0.69010400
vt 0.21988800 0.69010400
vt 0.61899700 0.09137100
vt 0.43270700 0.69010400
vt 0.62118100 0.09046600
vt 0.89801500 0.33210400
vt 0.06114700 0.81382500
vt 0.05641900 0.81382500
vt 0.89492700 0.32901600
vt 0.89583100 0.33120000
vt 0.05878300 0.81382500
vt 0.11154900 0.81382500
vt 0.94677800 0.32901200
vt 0.10682100 0.81382500
vt 0.94368900 0.33210100
vt 0.94587300 0.33119600
vt 0.10918500 0.81382500
vt 0.73452100 0.25256000
vt 0.48843000 0.83056300
vt 0.73143200 0.24947200
vt 0.48370300 0.83056300
vt 0.48606700 0.83056300
vt 0.73233700 0.25165500
vt 0.78328500 0.24947100
vt 0.53883300 0.83056300
vt 0.78019600 0.25255900
vt 0.53410500 0.83056300
vt 0.53646900 0.83056300
vt 0.78238000 0.25165500
vt 0.37978000 0.70684400
vt 0.73143400 0.03815700
vt 0.38450800 0.70684400
vt 0.73452300 0.03506900
vt 0.73233900 0.03597300
vt 0.38214400 0.70684400
vt 0.76332700 0.73845600
vt 0.65275900 0.17168800
vt 0.64967000 0.16860000
vt 0.75859900 0.73845700
vt 0.76096300 0.73845600
vt 0.65057500 0.17078400
vt 0.73143100 0.35845100
vt 0.20469000 0.87641600
vt 0.20941800 0.87641600
vt 0.73451900 0.35536200
vt 0.00156700 0.87641600
vt 0.20705400 0.87641600
vt 0.73233500 0.35626700
vt 0.78019100 0.35535900
vt 0.04723900 0.87641600
vt 0.05196600 0.87641600
vt 0.78328000 0.35844800
vt 0.04960200 0.87641600
vt 0.78237500 0.35626400
vt 0.62930100 0.87641600
vt 0.70153500 0.40724700
vt 0.69844600 0.41033600
vt 0.63402900 0.87641600
vt 0.42618400 0.87641600
vt 0.63166400 0.87641600
vt 0.70063000 0.40943100
vt 0.65277500 0.41034100
vt 0.47185500 0.87641600
vt 0.64968700 0.40725300
vt 0.47658200 0.87641600
vt 0.65059200 0.40943700
vt 0.47421800 0.87641600
vt 0.70300200 0.16859800
vt 0.60438900 0.73845300
vt 0.59966100 0.73845200
vt 0.81048100 0.73845200
vt 0.69991300 0.17168700
vt 0.70209700 0.17078300
vt 0.60202500 0.73845200
vt 0.53894100 0.24735500
vt 0.75405400 0.73406300
vt 0.53585300 0.25044400
vt 0.75878200 0.73406300
vt 0.53803600 0.24953900
vt 0.75641800 0.73406300
vt 0.89800800 0.41033300
vt 0.78675000 0.87641800
vt 0.89491900 0.40724400
vt 0.79147700 0.87641800
vt 0.78911300 0.87641800
vt 0.89582300 0.40942800
vt 0.74165800 0.85967200
vt 0.81626700 0.41033100
vt 0.74638600 0.85967200
vt 0.81317900 0.40724100
vt 0.81408300 0.40942500
vt 0.74402200 0.85967200
vt 0.69126500 0.85967200
vt 0.86502100 0.40725300
vt 0.86193300 0.41034000
vt 0.69599200 0.85967200
vt 0.69362900 0.85967200
vt 0.86411700 0.40943600
vt 0.70132200 0.73406200
vt 0.53584500 0.19626200
vt 0.53893400 0.19934900
vt 0.70604900 0.73406200
vt 0.70368500 0.73406200
vt 0.53802900 0.19716600
vt 0.94676200 0.40724400
vt 0.73635600 0.87641700
vt 0.74108400 0.87641700
vt 0.94367300 0.41033300
vt 0.94585700 0.40942800
vt 0.73872000 0.87641700
vt 0.56791000 0.11980100
vt 0.00630000 0.69449700
vt 0.57099900 0.11671300
vt 0.00157200 0.69449700
vt 0.21504400 0.69449700
vt 0.00393600 0.69449700
vt 0.56881500 0.11761700
vt 0.57099900 0.17301500
vt 0.06115200 0.69449700
vt 0.05642500 0.69449700
vt 0.56791000 0.16992600
vt 0.05878800 0.69449700
vt 0.56881500 0.17211000
vt 0.61978500 0.40856600
vt 0.31307000 0.87641800
vt 0.31779800 0.87641800
vt 0.61669700 0.41165400
vt 0.61888100 0.41075000
vt 0.31543400 0.87641800
vt 0.25822300 0.87641800
vt 0.61669000 0.35535800
vt 0.26295100 0.87641800
vt 0.61977900 0.35844700
vt 0.61887400 0.35626300
vt 0.26058700 0.87641800
vt 0.57102800 0.41165400
vt 0.36346600 0.87641800
vt 0.36819400 0.87641800
vt 0.56794000 0.40856600
vt 0.56884400 0.41075000
vt 0.36583000 0.87641800
vt 0.56793500 0.35844500
vt 0.41831500 0.87641800
vt 0.57102300 0.35535700
vt 0.42304300 0.87641800
vt 0.21255700 0.87641800
vt 0.56884000 0.35626100
vt 0.42067900 0.87641800
vt 0.26560500 0.84731600
vt 0.86502900 0.32902500
vt 0.26087700 0.84731600
vt 0.86194000 0.33211400
vt 0.86412400 0.33120900
vt 0.26324100 0.84731600
vt 0.32045400 0.84731600
vt 0.86193600 0.27581500
vt 0.31572600 0.84731600
vt 0.86502500 0.27890400
vt 0.31809000 0.84731600
vt 0.86412000 0.27672000
vt 0.81627100 0.33211400
vt 0.21520800 0.84731600
vt 0.42569900 0.84731700
vt 0.81318300 0.32902500
vt 0.42097100 0.84731700
vt 0.42333500 0.84731700
vt 0.81408700 0.33121000
vt 0.37084800 0.84731700
vt 0.81318100 0.27890200
vt 0.36612000 0.84731700
vt 0.81627000 0.27581400
vt 0.81408600 0.27671800
vt 0.36848400 0.84731700
vt 0.10442200 0.69010200
vt 0.70384500 0.08827500
vt 0.70075700 0.09136400
vt 0.10915000 0.69010200
vt 0.10678600 0.69010200
vt 0.70294000 0.09045900
vt 0.70075600 0.03506300
vt 0.04957100 0.69010200
vt 0.70384400 0.03815100
vt 0.05429800 0.69010200
vt 0.70294000 0.03596800
vt 0.05193500 0.69010200
vt 0.65274800 0.09136300
vt 0.15715900 0.69010200
vt 0.16188700 0.69010200
vt 0.64965900 0.08827400
vt 0.65056400 0.09045800
vt 0.15952300 0.69010200
vt 0.64966100 0.03814900
vt 0.21201200 0.69010200
vt 0.00156500 0.69010200
vt 0.65275000 0.03506000
vt 0.21674000 0.69010200
vt 0.65056600 0.03596500
vt 0.21437600 0.69010200
vt 0.62124200 0.16992500
vt 0.11303500 0.69449700
vt 0.10830700 0.69449700
vt 0.61815400 0.17301400
vt 0.11067100 0.69449700
vt 0.62033800 0.17210900
vt 0.57975900 0.85966800
vt 0.89803100 0.25256000
vt 0.89494300 0.24947100
vt 0.58448700 0.85966800
vt 0.58212300 0.85966800
vt 0.89584700 0.25165600
vt 0.52935800 0.85966800
vt 0.94679200 0.24946900
vt 0.94370400 0.25255700
vt 0.53408600 0.85966800
vt 0.53172200 0.85966800
vt 0.94588800 0.25165300
vt 0.53273800 0.27580700
vt 0.10682000 0.84731700
vt 0.10209200 0.84731700
vt 0.53582600 0.27889500
vt 0.10445600 0.84731700
vt 0.53492200 0.27671100
vt 0.48397800 0.27890100
vt 0.15721900 0.84731700
vt 0.15249100 0.84731700
vt 0.48706600 0.27581200
vt 0.15485500 0.84731700
vt 0.48488200 0.27671700
vt 0.61815600 0.11671300
vt 0.16788600 0.69449700
vt 0.62124500 0.11980200
vt 0.16315800 0.69449700
vt 0.62034000 0.11761800
vt 0.16552200 0.69449700
vt 0.63460900 0.85966800
vt 0.89494300 0.19934900
vt 0.42883500 0.85966800
vt 0.89803100 0.19626100
vt 0.63933700 0.85966800
vt 0.63697300 0.85966800
vt 0.89584700 0.19716500
vt 0.47451000 0.85966800
vt 0.94370600 0.19625900
vt 0.94679400 0.19934800
vt 0.47923800 0.85966800
vt 0.94589000 0.19716400
vt 0.47687400 0.85966800
vt 0.53582600 0.32901600
vt 0.05197100 0.84731700
vt 0.53273800 0.33210500
vt 0.04724400 0.84731700
vt 0.04960700 0.84731700
vt 0.53492200 0.33120000
vt 0.00157000 0.84731700
vt 0.48706400 0.33210800
vt 0.21206500 0.84731700
vt 0.20733700 0.84731700
vt 0.48397600 0.32902000
vt 0.20970100 0.84731700
vt 0.48488000 0.33120300
vt 0.32492800 0.70684400
vt 0.73452100 0.09136900
vt 0.73143300 0.08828100
vt 0.32965600 0.70684400
vt 0.32729200 0.70684400
vt 0.73233800 0.09046500
vt 0.73143300 0.19934900
vt 0.43358000 0.83056300
vt 0.63936000 0.83056300
vt 0.73452100 0.19626000
vt 0.42885200 0.83056300
vt 0.43121600 0.83056300
vt 0.73233700 0.19716500
vt 0.59368200 0.83056300
vt 0.78019800 0.19626100
vt 0.58895500 0.83056300
vt 0.78328700 0.19934900
vt 0.78238200 0.19716500
vt 0.59131900 0.83056300
vt 0.89492700 0.27889500
vt 0.00629900 0.81382500
vt 0.21207200 0.81382500
vt 0.89801500 0.27580600
vt 0.00157100 0.81382500
vt 0.89583100 0.27671100
vt 0.00393500 0.81382500
vt 0.94369100 0.27580500
vt 0.16639600 0.81382500
vt 0.94678000 0.27889300
vt 0.16166800 0.81382500
vt 0.94587500 0.27670900
vt 0.16403200 0.81382500
vt 0.53715700 0.11670400
vt 0.68812700 0.59593200
vt 0.69285400 0.59592900
vt 0.54024500 0.11979200
vt 0.69049000 0.59593100
vt 0.53934100 0.11760800
vt 0.63327700 0.59596400
vt 0.48394700 0.11979500
vt 0.48703500 0.11670600
vt 0.63800500 0.59596200
vt 0.48485200 0.11761100
vt 0.63564100 0.59596300
vt 0.86194800 0.19626400
vt 0.21520000 0.84292700
vt 0.42570900 0.84292700
vt 0.86503600 0.19935200
vt 0.21992800 0.84292700
vt 0.21756400 0.84292700
vt 0.86413200 0.19716800
vt 0.86503800 0.24947300
vt 0.27004900 0.84292700
vt 0.86194900 0.25256100
vt 0.27477600 0.84292700
vt 0.86413300 0.25165700
vt 0.27241300 0.84292700
vt 0.81318200 0.19935200
vt 0.37530300 0.84292700
vt 0.81627000 0.19626400
vt 0.38003100 0.84292700
vt 0.37766700 0.84292700
vt 0.81408700 0.19716800
vt 0.32045600 0.84292700
vt 0.81626900 0.25256000
vt 0.32518400 0.84292700
vt 0.81318100 0.24947200
vt 0.32282000 0.84292700
vt 0.81408500 0.25165500
vt 0.85301000 0.84292000
vt 0.64250700 0.84292000
vt 0.73452100 0.33210100
vt 0.64723500 0.84292000
vt 0.73143200 0.32901200
vt 0.64487100 0.84292000
vt 0.73233700 0.33119600
vt 0.73143200 0.27889300
vt 0.69735400 0.84292000
vt 0.70208200 0.84292000
vt 0.73452100 0.27580500
vt 0.73233700 0.27671000
vt 0.69971800 0.84292000
vt 0.80260500 0.84292000
vt 0.78328600 0.32901100
vt 0.80733300 0.84292000
vt 0.78019700 0.33209900
vt 0.78238100 0.33119500
vt 0.80496900 0.84292000
vt 0.74776000 0.84292000
vt 0.78019900 0.27580500
vt 0.75248800 0.84292000
vt 0.78328800 0.27889300
vt 0.75012400 0.84292000
vt 0.78238300 0.27670900
vt 0.57102700 0.33211000
vt 0.21206900 0.83057200
vt 0.00157500 0.83057200
vt 0.56793800 0.32902100
vt 0.20734100 0.83057200
vt 0.56884300 0.33120500
vt 0.20970500 0.83057200
vt 0.61979000 0.32902100
vt 0.05197700 0.83057200
vt 0.04724900 0.83057200
vt 0.61670100 0.33211000
vt 0.61888500 0.33120500
vt 0.04961300 0.83057200
vt 0.79484100 0.59598500
vt 0.48703500 0.17004700
vt 0.48394700 0.16695900
vt 0.58611300 0.59599300
vt 0.79956800 0.59599300
vt 0.79720400 0.59598900
vt 0.48485100 0.16914300
vt 0.71832100 0.57506400
vt 0.41488100 0.64245800
vt 0.53715900 0.17004200
vt 0.74471700 0.59590800
vt 0.53934300 0.16913700
vt 0.74235300 0.59590500
vt 0.61669900 0.27581500
vt 0.10682200 0.83057200
vt 0.61978800 0.27890400
vt 0.10209400 0.83057200
vt 0.10445800 0.83057200
vt 0.61888300 0.27672000
vt 0.56793800 0.27890200
vt 0.15722200 0.83057200
vt 0.57102700 0.27581400
vt 0.15249500 0.83057200
vt 0.15485800 0.83057200
vt 0.56884300 0.27671800
vt 0.47693300 0.55214000
vt 0.80285200 0.03815000
vt 0.83649400 0.55214000
vt 0.47220500 0.55214000
vt 0.80594000 0.03506100
vt 0.47456900 0.55214000
vt 0.80375600 0.03596600
vt 0.89805200 0.15948400
vt 0.77560300 0.53539000
vt 0.89496400 0.15639600
vt 0.77087600 0.53539000
vt 0.89586800 0.15858000
vt 0.77324000 0.53539000
vt 0.94915400 0.15639400
vt 0.47692900 0.53538900
vt 0.82361600 0.53538900
vt 0.94606500 0.15948300
vt 0.47220100 0.53538900
vt 0.94824900 0.15857800
vt 0.47456500 0.53538900
vt 0.78203800 0.55214000
vt 0.86039600 0.03506300
vt 0.77731000 0.55214100
vt 0.86348400 0.03815200
vt 0.86258000 0.03596800
vt 0.77967400 0.55214000
vt 0.64792400 0.56889800
vt 0.48702600 0.09147900
vt 0.48393700 0.08839000
vt 0.64319600 0.56889900
vt 0.48484200 0.09057400
vt 0.64556000 0.56889800
vt 0.80196300 0.78430700
vt 0.69844400 0.19626000
vt 0.70153200 0.19934900
vt 0.80669100 0.78430700
vt 0.59596000 0.78430700
vt 0.70062800 0.19716500
vt 0.80432700 0.78430700
vt 0.64968000 0.19934700
vt 0.75156000 0.78430700
vt 0.75628800 0.78430700
vt 0.65276800 0.19625900
vt 0.65058400 0.19716300
vt 0.75392400 0.78430700
vt 0.57100900 0.25266500
vt 0.32058500 0.82617800
vt 0.32531300 0.82617800
vt 0.56792000 0.24957700
vt 0.32294800 0.82617800
vt 0.56882500 0.25176100
vt 0.27017800 0.82617800
vt 0.61977600 0.24957700
vt 0.61668800 0.25266500
vt 0.27490600 0.82617800
vt 0.61887200 0.25176100
vt 0.27254200 0.82617800
vt 0.59983100 0.75520500
vt 0.81057500 0.75520500
vt 0.78020500 0.11670600
vt 0.80584700 0.75520500
vt 0.78329300 0.11979500
vt 0.80821100 0.75520500
vt 0.78238900 0.11761100
vt 0.73143600 0.11979500
vt 0.65023900 0.75520500
vt 0.73452500 0.11670600
vt 0.64551200 0.75520500
vt 0.73234100 0.11761100
vt 0.64787500 0.75520500
vt 0.54644500 0.08839000
vt 0.47693300 0.56889200
vt 0.54335600 0.09147900
vt 0.70425400 0.56889000
vt 0.47220500 0.56889000
vt 0.54554000 0.09057400
vt 0.47456900 0.56889100
vt 0.54003400 0.41686900
vt 0.70507000 0.75068900
vt 0.70980000 0.75081500
vt 0.54367300 0.41322300
vt 0.54260700 0.41579700
vt 0.70743500 0.75077900
vt 0.56479800 0.41322500
vt 0.15589000 0.86406200
vt 0.56843700 0.41686300
vt 0.15116200 0.86406200
vt 0.15352600 0.86406200
vt 0.56586400 0.41579800
vt 0.10549300 0.86406200
vt 0.62223600 0.41685400
vt 0.10076500 0.86406200
vt 0.62587500 0.41321500
vt 0.62480900 0.41578800
vt 0.10312900 0.86406200
vt 0.58050300 0.86406100
vt 0.64654200 0.41321100
vt 0.57577500 0.86406100
vt 0.65018100 0.41684900
vt 0.64760800 0.41578300
vt 0.57813900 0.86406100
vt 0.53010600 0.86406100
vt 0.70398000 0.41683800
vt 0.70761800 0.41319900
vt 0.52537800 0.86406100
vt 0.70655300 0.41577200
vt 0.52774300 0.86406100
vt 0.65319000 0.75081400
vt 0.48084900 0.41324200
vt 0.48448900 0.41688400
vt 0.65791900 0.75070400
vt 0.48191500 0.41581600
vt 0.65555400 0.75078200
vt 0.72828700 0.41320000
vt 0.64246900 0.84731800
vt 0.85030400 0.84731800
vt 0.84557500 0.84731800
vt 0.73192500 0.41683900
vt 0.84793900 0.84731800
vt 0.72935300 0.41577300
vt 0.79991200 0.84731800
vt 0.78572000 0.41685100
vt 0.79518500 0.84731800
vt 0.78935800 0.41321300
vt 0.78829300 0.41578500
vt 0.79754900 0.84731800
vt 0.81003500 0.41321700
vt 0.68755700 0.86406300
vt 0.81367300 0.41685700
vt 0.68282900 0.86409800
vt 0.68519300 0.86407300
vt 0.81110000 0.41579000
vt 0.86745800 0.41687000
vt 0.84500600 0.86407700
vt 0.63716500 0.86407700
vt 0.87109700 0.41323100
vt 0.84027800 0.86406400
vt 0.87003100 0.41580500
vt 0.84264200 0.86406800
vt 0.65252000 0.72170800
vt 0.89177300 0.41323400
vt 0.89541100 0.41687400
vt 0.64779200 0.72172300
vt 0.89283800 0.41580800
vt 0.65015600 0.72171200
vt 0.95196100 0.41688800
vt 0.59979000 0.72172700
vt 0.81231400 0.72172700
vt 0.95560100 0.41325000
vt 0.80758600 0.72170900
vt 0.95453400 0.41582200
vt 0.80995000 0.72171400
vt 0.64967300 0.11979900
vt 0.70979900 0.73846100
vt 0.70507100 0.73846100
vt 0.65276100 0.11671100
vt 0.65057700 0.11761500
vt 0.70743500 0.73846100
vt 0.73451900 0.41033900
vt 0.15116200 0.87641600
vt 0.73143100 0.40725100
vt 0.15589000 0.87641600
vt 0.15352600 0.87641600
vt 0.73233500 0.40943500
vt 0.78327800 0.40724600
vt 0.10076500 0.87641600
vt 0.10549300 0.87641600
vt 0.78018900 0.41033500
vt 0.10312900 0.87641600
vt 0.78237300 0.40943000
vt 0.57577500 0.87641600
vt 0.69844600 0.35536100
vt 0.58050300 0.87641600
vt 0.70153500 0.35844900
vt 0.70063000 0.35626500
vt 0.57813900 0.87641600
vt 0.52537800 0.87641600
vt 0.64968900 0.35845600
vt 0.53010600 0.87641600
vt 0.65277800 0.35536800
vt 0.52774300 0.87641600
vt 0.65059400 0.35627200
vt 0.69991300 0.11670700
vt 0.65791900 0.73846000
vt 0.65319100 0.73845900
vt 0.70300200 0.11979600
vt 0.70209700 0.11761200
vt 0.65555500 0.73845900
vt 0.84557500 0.85967200
vt 0.86193500 0.35536700
vt 0.64246900 0.85967200
vt 0.85030400 0.85967200
vt 0.86502300 0.35845600
vt 0.86411900 0.35627200
vt 0.84793900 0.85967200
vt 0.79518500 0.85967200
vt 0.81318300 0.35844300
vt 0.81627200 0.35535500
vt 0.79991200 0.85967200
vt 0.81408800 0.35625900
vt 0.79754900 0.85967200
vt 0.68282900 0.87641700
vt 0.94366700 0.35535700
vt 0.94675600 0.35844600
vt 0.68755700 0.87641700
vt 0.94585100 0.35626200
vt 0.68519300 0.87641700
vt 0.89491500 0.35844400
vt 0.84027800 0.87641800
vt 0.63716600 0.87641800
vt 0.84500600 0.87641800
vt 0.89800400 0.35535500
vt 0.89582000 0.35626000
vt 0.84264200 0.87641800
vt 0.48395600 0.19936100
vt 0.64779200 0.73406200
vt 0.65252000 0.73406200
vt 0.48704400 0.19627200
vt 0.48486000 0.19717700
vt 0.65015600 0.73406200
vt 0.80758600 0.73406300
vt 0.48704900 0.25045200
vt 0.81231300 0.73406300
vt 0.59979000 0.73406300
vt 0.48396000 0.24736400
vt 0.48486500 0.24954800
vt 0.80995000 0.73406300
vt 0.58823100 0.58134900
vt 0.48442200 0.03156100
vt 0.59295900 0.58126000
vt 0.48078300 0.03520200
vt 0.59059500 0.58128600
vt 0.48184800 0.03262800
vt 0.73192400 0.03155500
vt 0.65092000 0.77195300
vt 0.64619200 0.77195300
vt 0.72828600 0.03519400
vt 0.64855600 0.77195300
vt 0.72935200 0.03262100
vt 0.70132600 0.77195300
vt 0.78937500 0.03519200
vt 0.78573600 0.03155400
vt 0.69659800 0.77195300
vt 0.69896200 0.77195300
vt 0.78830900 0.03261900
vt 0.59516500 0.56449700
vt 0.87114100 0.03519200
vt 0.59989300 0.56450700
vt 0.86750300 0.03155300
vt 0.87007600 0.03261900
vt 0.59752900 0.56450000
vt 0.64791400 0.54775700
vt 0.89546200 0.03155500
vt 0.89182200 0.03519400
vt 0.65264200 0.54774500
vt 0.65027800 0.54774900
vt 0.89288900 0.03262100
vt 0.59516700 0.54774500
vt 0.95567000 0.03519600
vt 0.95203200 0.03155700
vt 0.59989500 0.54776000
vt 0.95460500 0.03262400
vt 0.59753100 0.54775000
vt 0.80334600 0.03155200
vt 0.65435500 0.56454000
vt 0.65908300 0.56449700
vt 0.79970700 0.03519200
vt 0.65671900 0.56451000
vt 0.80077300 0.03261900
vt 0.56839500 0.03156000
vt 0.75088400 0.76756000
vt 0.75561100 0.76756000
vt 0.56475600 0.03519900
vt 0.75324700 0.76756000
vt 0.56582200 0.03262600
vt 0.62584800 0.03519700
vt 0.70047300 0.76756000
vt 0.70520100 0.76756000
vt 0.62220900 0.03155900
vt 0.70283700 0.76756000
vt 0.62478200 0.03262400
vt 0.38027400 0.81382300
vt 0.65016000 0.03155800
vt 0.37554600 0.81382400
vt 0.64652100 0.03519600
vt 0.37791000 0.81382400
vt 0.64758700 0.03262400
vt 0.21994600 0.81382300
vt 0.70761300 0.03519400
vt 0.70397400 0.03155600
vt 0.42595500 0.81382300
vt 0.21521800 0.81382300
vt 0.21758200 0.81382300
vt 0.70654700 0.03262200
vt 0.52716500 0.58126200
vt 0.55442200 0.03519900
vt 0.55080600 0.02480500
vt 0.55335600 0.03262600
vt 0.52952900 0.58127500
vt 0.48393100 0.03815200
vt 0.59295800 0.56890600
vt 0.48702000 0.03506300
vt 0.58823000 0.56890600
vt 0.48483600 0.03596800
vt 0.59059400 0.56890600
vt 0.64619200 0.78430700
vt 0.70153200 0.24958100
vt 0.65092000 0.78430700
vt 0.69844400 0.25267000
vt 0.70062800 0.25176500
vt 0.64855600 0.78430700
vt 0.65276600 0.25267000
vt 0.69659800 0.78430700
vt 0.64967800 0.24958100
vt 0.70132600 0.78430700
vt 0.65058200 0.25176500
vt 0.69896200 0.78430700
vt 0.80593400 0.15947100
vt 0.59989300 0.55214200
vt 0.59516500 0.55214200
vt 0.80284500 0.15638200
vt 0.80375000 0.15856600
vt 0.59752900 0.55214200
vt 0.65264200 0.53539100
vt 0.89496400 0.03816200
vt 0.64791400 0.53539100
vt 0.89805200 0.03507300
vt 0.89586900 0.03597800
vt 0.65027800 0.53539100
vt 0.94607200 0.03506800
vt 0.59989500 0.53539100
vt 0.59516700 0.53539100
vt 0.94916000 0.03815600
vt 0.59753100 0.53539100
vt 0.94825500 0.03597200
vt 0.65908300 0.55214300
vt 0.86348400 0.15637900
vt 0.86039600 0.15946800
vt 0.65435500 0.55214300
vt 0.65671900 0.55214300
vt 0.86258000 0.15856300
vt 0.75561100 0.75520500
vt 0.78329600 0.17003100
vt 0.75088400 0.75520500
vt 0.78020800 0.17311900
vt 0.78239200 0.17221400
vt 0.75324700 0.75520500
vt 0.70520100 0.75520500
vt 0.73452600 0.17311800
vt 0.70047300 0.75520500
vt 0.73143700 0.17002900
vt 0.70283700 0.75520500
vt 0.73234200 0.17221300
vt 0.37554600 0.82617800
vt 0.56791900 0.19934300
vt 0.38027400 0.82617800
vt 0.57100800 0.19625500
vt 0.56882400 0.19715900
vt 0.37791000 0.82617800
vt 0.61668900 0.19625600
vt 0.21521800 0.82617800
vt 0.42595500 0.82617800
vt 0.61977800 0.19934500
vt 0.21994600 0.82617800
vt 0.21758200 0.82617800
vt 0.61887300 0.19716100
vt 0.54335300 0.03506500
vt 0.53189700 0.56891000
vt 0.54644200 0.03815400
vt 0.52716900 0.56890800
vt 0.52953300 0.56890900
vt 0.54553700 0.03597000
vt 0.93063400 0.03815800
vt 0.92689100 0.03815800
vt 0.94607200 0.03815600
vt 0.94606900 0.08856600
vt 0.94606800 0.10627900
vt 0.89805200 0.10628200
vt 0.53585000 0.22818200
vt 0.48704800 0.22819100
vt 0.60356500 0.03823100
vt 0.60356400 0.08828100
vt 0.89805200 0.03816200
vt 0.94606500 0.15639400
vt 0.92688800 0.15639400
vt 0.53585100 0.23192400
vt 0.48704800 0.23193300
vt 0.59982300 0.03824300
vt 0.59982200 0.08828100
vt 0.67192300 0.08827500
vt 0.67192400 0.03815000
vt 0.66818100 0.08827500
vt 0.66818200 0.03815000
vt 0.93063100 0.15639400
vt 0.89805200 0.08857000
vt 0.57098800 0.08828100
vt 0.57098700 0.03833100
vt 0.61899800 0.08828200
vt 0.61900000 0.03816500
vt 0.65274800 0.08827400
vt 0.65275000 0.03814900
vt 0.89805300 0.15639600
vt 0.48704900 0.24736300
vt 0.53585200 0.24735500
vt 0.48704400 0.19937800
vt 0.53584600 0.19935100
vt 0.70075700 0.08827500
vt 0.70075600 0.03815100
vt 0.61668800 0.24957700
vt 0.61668900 0.19934500
vt 0.57100900 0.24957700
vt 0.57100800 0.19934300
vt 0.73452600 0.17002900
vt 0.78020800 0.17003000
vt 0.73452500 0.11979500
vt 0.78020500 0.11979500
vt 0.54335300 0.03815600
vt 0.54335600 0.08840100
vt 0.65276800 0.19934700
vt 0.65276600 0.24958100
vt 0.69844400 0.19934900
vt 0.69844400 0.24958100
vt 0.57099900 0.11980900
vt 0.48710000 0.03818800
vt 0.48703000 0.08861900
vt 0.53715900 0.16707100
vt 0.74014000 0.59590100
vt 0.54015200 0.16707800
vt 0.48703500 0.16696600
vt 0.73452100 0.08828100
vt 0.73452300 0.03815700
vt 0.53715700 0.11979200
vt 0.48703500 0.11979500
vt 0.78168200 0.08828300
vt 0.78168100 0.03815700
vt 0.61815600 0.11991300
vt 0.78019100 0.35844800
vt 0.73451900 0.35845100
vt 0.78018900 0.40724600
vt 0.73451900 0.40725100
vt 0.78019700 0.32901100
vt 0.73452100 0.32901200
vt 0.78019900 0.27889300
vt 0.73452100 0.27889300
vt 0.69991300 0.16859800
vt 0.69991300 0.11979600
vt 0.61815400 0.16992500
vt 0.94370400 0.24946900
vt 0.89803100 0.24947100
vt 0.94370600 0.19934800
vt 0.89803100 0.19934900
vt 0.78019600 0.24947100
vt 0.73452100 0.24947200
vt 0.78019800 0.19934900
vt 0.73452100 0.19934900
vt 0.57099900 0.16992600
vt 0.65275900 0.16860000
vt 0.65276100 0.11979900
vt 0.81627000 0.19935200
vt 0.86194800 0.19935200
vt 0.81627000 0.24947200
vt 0.86194900 0.24947300
vt 0.68418300 0.32902400
vt 0.68417800 0.27890200
vt 0.92940800 0.40724500
vt 0.92939900 0.35844500
vt 0.84768000 0.32902500
vt 0.84767300 0.27890400
vt 0.57102400 0.35844500
vt 0.61669000 0.35844700
vt 0.57102800 0.40856600
vt 0.61669700 0.40856600
vt 0.48707400 0.35844300
vt 0.53274300 0.35844500
vt 0.48707600 0.40856400
vt 0.53274800 0.40856400
vt 0.89800700 0.40724500
vt 0.89800400 0.35844400
vt 0.86194000 0.32902500
vt 0.86193600 0.27890400
vt 0.65277600 0.40725300
vt 0.69844600 0.40724700
vt 0.65277700 0.35845600
vt 0.69844600 0.35845000
vt 0.57102700 0.27890200
vt 0.61669900 0.27890400
vt 0.57102700 0.32902100
vt 0.61670100 0.32902100
vt 0.81627100 0.32902500
vt 0.81627000 0.27890200
vt 0.65276800 0.27890100
vt 0.65276800 0.32902400
vt 0.69843800 0.27890200
vt 0.69843900 0.32902400
vt 0.94369100 0.27889300
vt 0.89801500 0.27889500
vt 0.94368900 0.32901300
vt 0.89801500 0.32901600
vt 0.81627100 0.35844400
vt 0.86193500 0.35845500
vt 0.81626700 0.40724200
vt 0.86193300 0.40725200
vt 0.48706400 0.32901900
vt 0.53273800 0.32901600
vt 0.48706600 0.27890000
vt 0.53273800 0.27889600
vt 0.94367300 0.40724400
vt 0.94366800 0.35844500
vt 0.21313300 0.88428300
vt 0.21428300 0.96959600
vt 0.02017700 0.72170500
vt 0.02034600 0.97663800
vt 0.02017700 0.73213300
vt 0.02010400 0.98129000
vt 0.38437400 0.90940800
vt 0.38457200 0.98757500
vt 0.50870500 0.92651400
vt 0.99215900 0.43174800
vt 0.02123100 0.98915900
vt 0.02129700 0.73636400
vt 0.02129700 0.74678900
vt 0.57762500 0.97037400
vt 0.50217400 0.88954500
vt 0.99215800 0.55978500
vt 0.99215800 0.49771000
vt 0.00156600 0.90940800
vt 0.00156800 0.98757600
vt 0.44126600 0.88921500
vt 0.34542800 0.98915900
vt 0.34536100 0.73636400
vt 0.34536100 0.74678900
vt 0.25343000 0.97109300
vt 0.59594100 0.88428300
vt 0.44779700 0.92618400
vt 0.59720500 0.96874700
vt 0.99215900 0.49382500
vt 0.45382300 0.92631000
vt 0.99215900 0.48756700
vt 0.34567200 0.97737100
vt 0.34544100 0.72170600
vt 0.34543000 0.98129000
vt 0.34544100 0.73213300
vt 0.44729100 0.88934100
vt 0.99215800 0.50397000
vt 0.99215900 0.48123000
vt 0.45984800 0.92641700
vt 0.01123000 0.98915900
vt 0.01130000 0.73636400
vt 0.01130000 0.74678900
vt 0.58762600 0.97035200
vt 0.45331700 0.88944800
vt 0.99215800 0.51030600
vt 0.99215900 0.47489400
vt 0.46587400 0.92648900
vt 0.01147600 0.97661900
vt 0.01130800 0.72170500
vt 0.01123300 0.98129000
vt 0.01130800 0.73213300
vt 0.45934300 0.88952000
vt 0.99215800 0.51664100
vt 0.99215900 0.46863500
vt 0.47189900 0.92651400
vt 0.07058300 0.73636400
vt 0.07053700 0.98915900
vt 0.07058300 0.74678900
vt 0.52831900 0.97048400
vt 0.46536800 0.88954500
vt 0.99215800 0.52289800
vt 0.01099200 0.97004600
vt 0.00987800 0.88428300
vt 0.07078200 0.97675200
vt 0.07060400 0.72170500
vt 0.07054000 0.98129000
vt 0.07060400 0.73213300
vt 0.58743000 0.90940800
vt 0.58776200 0.98757500
vt 0.59634200 0.98757500
vt 0.59580800 0.90940800
vt 0.00156800 0.93452200
vt 0.96768500 0.99543400
vt 0.13887500 0.72170500
vt 0.13906600 0.97690600
vt 0.13887500 0.73213300
vt 0.13882400 0.98129000
vt 0.48102200 0.94290400
vt 0.00157500 0.88428300
vt 0.48295000 0.99385600
vt 0.00275800 0.96888900
vt 0.96077100 0.99543400
vt 0.00819300 0.93452200
vt 0.13884000 0.73636400
vt 0.13882100 0.98915900
vt 0.13884000 0.74678900
vt 0.46003500 0.97063500
vt 0.47608400 0.99385600
vt 0.47445200 0.94290400
vt 0.01449400 0.93452200
vt 0.95415100 0.99543400
vt 0.08849300 0.98915900
vt 0.08853100 0.73636400
vt 0.51036400 0.97052300
vt 0.08853100 0.74678900
vt 0.46949700 0.99385600
vt 0.46817900 0.94290400
vt 0.94783200 0.99543400
vt 0.02055400 0.93452200
vt 0.08855600 0.72170500
vt 0.08873800 0.97679300
vt 0.08849500 0.98129000
vt 0.08855600 0.73213300
vt 0.46212200 0.94290400
vt 0.46319800 0.99385600
vt 0.91093700 0.99543400
vt 0.05735800 0.93452200
vt 0.15678200 0.73636400
vt 0.15677100 0.98915900
vt 0.15678200 0.74678900
vt 0.44208600 0.97067500
vt 0.42531700 0.94290400
vt 0.42630600 0.99385600
vt 0.23173200 0.88428300
vt 0.23288800 0.96955500
vt 0.15701600 0.97694600
vt 0.15682100 0.72170500
vt 0.15677400 0.98129000
vt 0.15682100 0.73213300
vt 0.36596600 0.98757500
vt 0.36577400 0.90940800
vt 0.54961700 0.90940800
vt 0.54988400 0.98757500
vt 0.22508500 0.72170500
vt 0.22529300 0.97710000
vt 0.22505100 0.98129000
vt 0.22508500 0.73213300
vt 0.04885000 0.96996300
vt 0.04772900 0.88428300
vt 0.43114200 0.90940800
vt 0.43135900 0.98757500
vt 0.22504800 0.98915900
vt 0.22503100 0.73636400
vt 0.22503100 0.74678900
vt 0.37380900 0.97082600
vt 0.16631900 0.88428300
vt 0.16746100 0.96970000
vt 0.52493400 0.98757500
vt 0.52467800 0.90940800
vt 0.27561500 0.97721300
vt 0.27539800 0.72170500
vt 0.27539800 0.73213300
vt 0.27537400 0.98129000
vt 0.07269200 0.88428300
vt 0.07381800 0.96990700
vt 0.55856300 0.98757500
vt 0.55829200 0.90940800
vt 0.27533300 0.73636400
vt 0.27537100 0.98915900
vt 0.32348600 0.97093800
vt 0.27533300 0.74678900
vt 0.03904500 0.88428300
vt 0.04016400 0.96998200
vt 0.57875300 0.90940800
vt 0.57903200 0.98757500
vt 0.35262900 0.98915900
vt 0.35256000 0.73636400
vt 0.24622900 0.97110900
vt 0.35256000 0.74678900
vt 0.01968000 0.97002700
vt 0.01856400 0.88428300
vt 0.23665200 0.96954600
vt 0.23549600 0.88428300
vt 0.35287300 0.97738700
vt 0.35264100 0.72170600
vt 0.35264100 0.73213300
vt 0.35263100 0.98129000
vt 0.36220200 0.98757500
vt 0.36201100 0.90940800
vt 0.38481900 0.97587500
vt 0.38437800 0.90103300
vt 0.29356400 0.97725300
vt 0.29334300 0.72170600
vt 0.29334300 0.73213300
vt 0.29332200 0.98129000
vt 0.38457400 0.98287400
vt 0.38437700 0.91430700
vt 0.90172100 0.92651400
vt 0.99215900 0.03869400
vt 0.29327500 0.73636400
vt 0.29331900 0.98915900
vt 0.30553800 0.97097700
vt 0.29327500 0.74678900
vt 0.89519000 0.88954500
vt 0.99215700 0.95284000
vt 0.99215700 0.98995700
vt 0.93114200 0.88921500
vt 0.00156800 0.91430700
vt 0.00157200 0.98287400
vt 0.20708500 0.73636400
vt 0.20709400 0.98915900
vt 0.39176300 0.97078600
vt 0.20708500 0.74678900
vt 0.93767300 0.92618400
vt 0.99215900 0.00157400
vt 0.00189600 0.97501300
vt 0.00157000 0.90103300
vt 0.93164800 0.92631100
vt 0.99215900 0.00783300
vt 0.20733900 0.97705900
vt 0.20713500 0.72170500
vt 0.20713500 0.73213300
vt 0.20709700 0.98129000
vt 0.99215700 0.98369700
vt 0.92511600 0.88934100
vt 0.92562200 0.92641700
vt 0.99215900 0.01417000
vt 0.99374200 0.53473800
vt 0.91843900 0.44535300
vt 0.91843900 0.45577600
vt 0.99374300 0.45679500
vt 0.99215700 0.97736100
vt 0.91909100 0.88944800
vt 0.99215900 0.02050600
vt 0.91959600 0.92648900
vt 0.45135200 0.99544000
vt 0.49472500 0.62327200
vt 0.93598300 0.99385000
vt 0.49472500 0.61284800
vt 0.91306500 0.88952000
vt 0.99215700 0.97102600
vt 0.99215900 0.02676500
vt 0.91357100 0.92651400
vt 0.55311400 0.61284800
vt 0.87758800 0.99385000
vt 0.39295800 0.99544000
vt 0.55311400 0.62327200
vt 0.99215700 0.96476800
vt 0.90704000 0.88954500
vt 0.58810900 0.97633300
vt 0.58763200 0.90103300
vt 0.99374200 0.59313500
vt 0.86004900 0.44535300
vt 0.99374300 0.39839900
vt 0.86004900 0.45577600
vt 0.58743300 0.91430700
vt 0.58776500 0.98287400
vt 0.59634500 0.98287400
vt 0.48119700 0.93452200
vt 0.48609700 0.99543400
vt 0.59581100 0.91430700
vt 0.85381800 0.99385000
vt 0.57688100 0.61284800
vt 0.57688100 0.62327200
vt 0.36918800 0.99544000
vt 0.00156500 0.94290400
vt 0.00157300 0.99385600
vt 0.59634300 0.97517600
vt 0.59593600 0.90103300
vt 0.49301200 0.99543400
vt 0.47457100 0.93452200
vt 0.99374200 0.61690500
vt 0.83628100 0.44535300
vt 0.83628100 0.45577600
vt 0.99374300 0.37462900
vt 0.00813400 0.94290400
vt 0.00843900 0.99385600
vt 0.46827100 0.93452200
vt 0.49963200 0.99543400
vt 0.80815100 0.99385000
vt 0.62254200 0.61284800
vt 0.32352100 0.99544000
vt 0.62254200 0.62327200
vt 0.01502600 0.99385600
vt 0.01440800 0.94290400
vt 0.46221100 0.93452200
vt 0.50595100 0.99543400
vt 0.99374200 0.66257300
vt 0.79061800 0.44535300
vt 0.99374300 0.32896100
vt 0.79061800 0.45577600
vt 0.02132500 0.99385600
vt 0.02046500 0.94290400
vt 0.45036200 0.93452200
vt 0.51788800 0.99543400
vt 0.64626900 0.61284800
vt 0.78442200 0.99385000
vt 0.29979200 0.99544000
vt 0.64626900 0.62327200
vt 0.03231400 0.94290400
vt 0.03326000 0.99385600
vt 0.36577800 0.90103300
vt 0.36621300 0.97583400
vt 0.99374100 0.68630200
vt 0.76689100 0.44535300
vt 0.76689100 0.45577600
vt 0.99374300 0.30523200
vt 0.36577700 0.91430700
vt 0.36596800 0.98287400
vt 0.54988600 0.98287400
vt 0.54961900 0.91430700
vt 0.72123000 0.44535300
vt 0.99374100 0.73196700
vt 0.72123000 0.45577600
vt 0.99374300 0.25956600
vt 0.54978100 0.90103300
vt 0.55025200 0.97624700
vt 0.43136100 0.98287400
vt 0.43114400 0.91430700
vt 0.69192800 0.61284800
vt 0.73875700 0.99385000
vt 0.25412800 0.99544000
vt 0.69192800 0.62327200
vt 0.43164000 0.97598000
vt 0.43119100 0.90103300
vt 0.52493700 0.98287400
vt 0.52468000 0.91430700
vt 0.23040200 0.99544000
vt 0.71565100 0.62327200
vt 0.71565100 0.61284800
vt 0.71503100 0.99385000
vt 0.52481800 0.90103300
vt 0.52528400 0.97619100
vt 0.55856500 0.98287400
vt 0.55829500 0.91430700
vt 0.69750600 0.44535300
vt 0.99374100 0.75569400
vt 0.99374300 0.23583900
vt 0.69750600 0.45577600
vt 0.55893700 0.97626700
vt 0.55846500 0.90103300
vt 0.57875500 0.91430700
vt 0.57903500 0.98287400
vt 0.65183700 0.44535300
vt 0.99374200 0.80136700
vt 0.99374300 0.19016600
vt 0.65183700 0.45577600
vt 0.57894600 0.90103300
vt 0.57942100 0.97631300
vt 0.36244900 0.97582500
vt 0.36201500 0.90103300
vt 0.18472900 0.99544000
vt 0.76131800 0.62327200
vt 0.66935800 0.99385000
vt 0.76131800 0.61284800
vt 0.36220400 0.98287400
vt 0.36201400 0.91430700
vt 0.99215700 0.88572900
vt 0.82808600 0.88954500
vt 0.16098700 0.99544000
vt 0.78505800 0.62327200
vt 0.64561600 0.99385000
vt 0.78505800 0.61284800
vt 0.99215900 0.10580400
vt 0.83461700 0.92651400
vt 0.38326000 0.93452200
vt 0.58499800 0.99543400
vt 0.99374200 0.82511000
vt 0.62809600 0.44535300
vt 0.62809600 0.45577600
vt 0.99374300 0.16642300
vt 0.10036900 0.99385600
vt 0.09941700 0.94290400
vt 0.38082200 0.98287400
vt 0.38062600 0.91430700
vt 0.58241400 0.44535300
vt 0.99374200 0.87079700
vt 0.99374300 0.12073700
vt 0.58241400 0.45577600
vt 0.38106700 0.97586600
vt 0.38062700 0.90103300
vt 0.21688300 0.88428300
vt 0.21803500 0.96958800
vt 0.11530100 0.99544000
vt 0.83073800 0.62327200
vt 0.83073800 0.61284800
vt 0.59993000 0.99385000
vt 0.38082000 0.98757500
vt 0.38062300 0.90940800
vt 0.36953000 0.91430700
vt 0.36972300 0.98287400
vt 0.99374200 0.64830300
vt 0.80488600 0.44535300
vt 0.99374300 0.34323100
vt 0.80488600 0.45577600
vt 0.36953200 0.90103300
vt 0.36996800 0.97584200
vt 0.22913300 0.96956300
vt 0.22797900 0.88428300
vt 0.60827400 0.61284800
vt 0.82242000 0.99385000
vt 0.60827400 0.62327200
vt 0.33779100 0.99544000
vt 0.36952800 0.90940800
vt 0.36972100 0.98757500
vt 0.51246400 0.92651400
vt 0.99215900 0.42799000
vt 0.52352700 0.61284800
vt 0.90717800 0.99385000
vt 0.42254700 0.99544000
vt 0.52352700 0.62327200
vt 0.50593200 0.88954500
vt 0.99215800 0.56354400
vt 0.42254700 0.99385600
vt 0.42155900 0.94290400
vt 0.99374200 0.56354400
vt 0.88963600 0.44535300
vt 0.99374300 0.42799000
vt 0.88963600 0.45577600
vt 0.90717800 0.99543400
vt 0.06111600 0.93452200
vt 0.33779100 0.99385600
vt 0.33681200 0.94290400
vt 0.36964500 0.73636400
vt 0.36972100 0.98915900
vt 0.22913700 0.97114700
vt 0.36964500 0.74678900
vt 0.14586400 0.93452200
vt 0.82242000 0.99543400
vt 0.59721400 0.92651400
vt 0.99215900 0.34323100
vt 0.36973000 0.72170600
vt 0.36996500 0.97742600
vt 0.36973000 0.73213300
vt 0.36972300 0.98129000
vt 0.59068300 0.88954500
vt 0.99215800 0.64830300
vt 0.59993000 0.99543400
vt 0.36832900 0.93452200
vt 0.38082000 0.98915900
vt 0.38073900 0.73636400
vt 0.38073900 0.74678900
vt 0.21803800 0.97117100
vt 0.11434700 0.94290400
vt 0.11530100 0.99385600
vt 0.81968600 0.92651400
vt 0.99215900 0.12073700
vt 0.38106300 0.97745000
vt 0.38082600 0.72170600
vt 0.38082200 0.98129000
vt 0.38082600 0.73213300
vt 0.81315500 0.88954500
vt 0.99215700 0.87079700
vt 0.99215900 0.16642300
vt 0.77400400 0.92651400
vt 0.84566800 0.62327200
vt 0.10036900 0.99544000
vt 0.58499800 0.99385000
vt 0.84566800 0.61284800
vt 0.99215700 0.82511000
vt 0.76747300 0.88954500
vt 0.64561600 0.99543400
vt 0.32264900 0.93452200
vt 0.99374300 0.10580400
vt 0.56748300 0.45577600
vt 0.56748300 0.44535300
vt 0.99374200 0.88572900
vt 0.16002800 0.94290400
vt 0.16098700 0.99385600
vt 0.66935800 0.99543400
vt 0.29890900 0.93452200
vt 0.36220400 0.98129000
vt 0.36221200 0.73213300
vt 0.36221200 0.72170600
vt 0.36244600 0.97740900
vt 0.18376800 0.94290400
vt 0.18472900 0.99385600
vt 0.99215900 0.19016600
vt 0.75026300 0.92651400
vt 0.57907100 0.72170600
vt 0.57941800 0.97789700
vt 0.57903500 0.98129000
vt 0.57907100 0.73213300
vt 0.99215700 0.80136700
vt 0.74373200 0.88954500
vt 0.70459500 0.92651400
vt 0.99215900 0.23583900
vt 0.55893300 0.97785100
vt 0.55859800 0.72170600
vt 0.55859800 0.73213300
vt 0.55856500 0.98129000
vt 0.99215700 0.75569400
vt 0.69806300 0.88954500
vt 0.25324100 0.93452200
vt 0.71503100 0.99543400
vt 0.52496400 0.72170600
vt 0.52528000 0.97777500
vt 0.52493700 0.98129000
vt 0.52496400 0.73213300
vt 0.23040200 0.99385600
vt 0.22943500 0.94290400
vt 0.25315800 0.94290400
vt 0.25412800 0.99385600
vt 0.43137300 0.72170600
vt 0.43163700 0.97756400
vt 0.43137300 0.73213300
vt 0.43136100 0.98129000
vt 0.73875700 0.99543400
vt 0.22951800 0.93452200
vt 0.68087100 0.92651400
vt 0.99215900 0.25956600
vt 0.55024800 0.97783100
vt 0.54991800 0.72170600
vt 0.54988600 0.98129000
vt 0.54991800 0.73213300
vt 0.99215700 0.73196700
vt 0.67433900 0.88954500
vt 0.99215900 0.30523200
vt 0.63521000 0.92651400
vt 0.36597500 0.73213300
vt 0.36596800 0.98129000
vt 0.36597500 0.72170600
vt 0.36621000 0.97741700
vt 0.99215800 0.68630200
vt 0.62867800 0.88954500
vt 0.29979200 0.99385600
vt 0.29881800 0.94290400
vt 0.03326000 0.99544000
vt 0.91277000 0.62327200
vt 0.51788800 0.99385000
vt 0.91277000 0.61284800
vt 0.18385800 0.93452200
vt 0.78442200 0.99543400
vt 0.61148300 0.92651400
vt 0.99215900 0.32896100
vt 0.02132500 0.99544000
vt 0.92479100 0.62327200
vt 0.92479100 0.61284800
vt 0.50595100 0.99385000
vt 0.99215800 0.66257300
vt 0.60495100 0.88954500
vt 0.32254400 0.94290400
vt 0.32352100 0.99385600
vt 0.01502600 0.99544000
vt 0.93134800 0.62327200
vt 0.49963200 0.99385000
vt 0.93134800 0.61284800
vt 0.16013200 0.93452200
vt 0.80815100 0.99543400
vt 0.56581900 0.92651400
vt 0.99215900 0.37462900
vt 0.00843900 0.99544000
vt 0.93826700 0.62327200
vt 0.93826700 0.61284800
vt 0.49301200 0.99385000
vt 0.55928800 0.88954500
vt 0.99215800 0.61690500
vt 0.36918800 0.99385600
vt 0.36820600 0.94290400
vt 0.00157300 0.99544000
vt 0.94544900 0.62327200
vt 0.59665000 0.72170600
vt 0.59692400 0.97664900
vt 0.59665000 0.73213300
vt 0.48609700 0.99385000
vt 0.59634500 0.98129000
vt 0.94544900 0.61284800
vt 0.85381800 0.99543400
vt 0.11447000 0.93452200
vt 0.99215900 0.39839900
vt 0.54205100 0.92651400
vt 0.58787000 0.73213300
vt 0.58776500 0.98129000
vt 0.58823900 0.97791000
vt 0.58787000 0.72170600
vt 0.53552000 0.88954500
vt 0.99215800 0.59313500
vt 0.39197300 0.94290400
vt 0.39295800 0.99385600
vt 0.99374200 0.96476800
vt 0.48837400 0.44535300
vt 0.99374300 0.02676500
vt 0.48837400 0.45577600
vt 0.09070300 0.93452200
vt 0.87758800 0.99543400
vt 0.03231400 0.93452200
vt 0.93598300 0.99543400
vt 0.48188600 0.44537800
vt 0.99374200 0.97102600
vt 0.99374300 0.02050600
vt 0.48188300 0.45580200
vt 0.45036100 0.94290400
vt 0.45135200 0.99385600
vt 0.99215900 0.45679500
vt 0.48366100 0.92651400
vt 0.47524300 0.44544900
vt 0.99374200 0.97736100
vt 0.47523800 0.45587300
vt 0.99374300 0.01417000
vt 0.47712900 0.88954500
vt 0.99215800 0.53473800
vt 0.20695300 0.91430700
vt 0.20709700 0.98287400
vt 0.99374200 0.98369700
vt 0.46860100 0.44555700
vt 0.46859300 0.45598000
vt 0.99374300 0.00783300
vt 0.20695500 0.90103300
vt 0.20734200 0.97547600
vt 0.39175900 0.96920300
vt 0.39055600 0.88428300
vt 0.00174000 0.97658900
vt 0.99374300 0.00157400
vt 0.00157200 0.72170500
vt 0.46210500 0.45610600
vt 0.00157200 0.73213300
vt 0.46210900 0.44568300
vt 0.99374200 0.98995700
vt 0.00157200 0.98129000
vt 0.20709400 0.98757500
vt 0.20695100 0.90940800
vt 0.30435700 0.88428300
vt 0.30553400 0.96939300
vt 0.50037900 0.44535300
vt 0.99374200 0.95284000
vt 0.99374300 0.03869400
vt 0.50037900 0.45577600
vt 0.29315000 0.90940800
vt 0.29331900 0.98757500
vt 0.29315200 0.91430700
vt 0.29332200 0.98287400
vt 0.38457400 0.98129000
vt 0.38457700 0.73213300
vt 0.38457700 0.72170600
vt 0.38481500 0.97745900
vt 0.29315300 0.90103300
vt 0.29356700 0.97567000
vt 0.35263100 0.98287400
vt 0.35244400 0.91430700
vt 0.36220200 0.98915900
vt 0.36212900 0.73636400
vt 0.23665600 0.97113000
vt 0.36212900 0.74678900
vt 0.35287600 0.97580300
vt 0.35244500 0.90103300
vt 0.24506600 0.88428300
vt 0.24622500 0.96952500
vt 0.01968300 0.97161100
vt 0.57894200 0.74678900
vt 0.57894200 0.73636400
vt 0.57903200 0.98915900
vt 0.35262900 0.98757500
vt 0.35244100 0.90940800
vt 0.32348200 0.96935400
vt 0.32230000 0.88428300
vt 0.04016800 0.97156600
vt 0.55847400 0.74678900
vt 0.55847400 0.73636400
vt 0.55856300 0.98915900
vt 0.27520700 0.90940800
vt 0.27537100 0.98757500
vt 0.27537400 0.98287400
vt 0.27520900 0.91430700
vt 0.07382100 0.97149100
vt 0.52484700 0.74678900
vt 0.52484700 0.73636400
vt 0.52493400 0.98915900
vt 0.27561900 0.97562900
vt 0.27521100 0.90103300
vt 0.37380500 0.96924200
vt 0.37260700 0.88428300
vt 0.16746400 0.97128400
vt 0.43127500 0.74678900
vt 0.43127500 0.73636400
vt 0.43135900 0.98915900
vt 0.22504800 0.98757500
vt 0.22489900 0.90940800
vt 0.22490200 0.91430700
vt 0.22505100 0.98287400
vt 0.04885300 0.97154600
vt 0.54979500 0.74678900
vt 0.54988400 0.98915900
vt 0.54979500 0.73636400
vt 0.22529600 0.97551600
vt 0.22490300 0.90103300
vt 0.15664500 0.91430700
vt 0.15677400 0.98287400
vt 0.36589100 0.73636400
vt 0.36596600 0.98915900
vt 0.36589100 0.74678900
vt 0.23289100 0.97113800
vt 0.15701900 0.97536200
vt 0.15664600 0.90103300
vt 0.44208200 0.96909100
vt 0.44086400 0.88428300
vt 0.51976900 0.62327200
vt 0.42630600 0.99544000
vt 0.51976900 0.61284800
vt 0.91093700 0.99385000
vt 0.15664200 0.90940800
vt 0.15677100 0.98757500
vt 0.08849500 0.98287400
vt 0.08838800 0.91430700
vt 0.46319800 0.99544000
vt 0.48279400 0.62327200
vt 0.48279400 0.61284800
vt 0.94783200 0.99385000
vt 0.08838900 0.90103300
vt 0.08874100 0.97520900
vt 0.50912100 0.88428300
vt 0.51036000 0.96894000
vt 0.46949700 0.99544000
vt 0.47623600 0.62327200
vt 0.95415100 0.99385100
vt 0.47623600 0.61284800
vt 0.08849300 0.98757600
vt 0.08838500 0.90940800
vt 0.46003100 0.96905100
vt 0.45880800 0.88428300
vt 0.46931800 0.62327200
vt 0.47608400 0.99544000
vt 0.96077100 0.99385100
vt 0.46931800 0.61284800
vt 0.13869900 0.90940800
vt 0.13882100 0.98757500
vt 0.13882400 0.98287400
vt 0.13870100 0.91430700
vt 0.00217700 0.97036300
vt 0.48295000 0.99544000
vt 0.59651800 0.74678900
vt 0.46213500 0.62327200
vt 0.46213500 0.61284800
vt 0.59651800 0.73636400
vt 0.59634200 0.98915900
vt 0.96768500 0.99385100
vt 0.13870200 0.90103300
vt 0.13907000 0.97532200
vt 0.07054000 0.98287400
vt 0.07043700 0.91430700
vt 0.58776200 0.98915900
vt 0.58773900 0.73636400
vt 0.58773900 0.74678900
vt 0.01086200 0.97162400
vt 0.07043900 0.90103300
vt 0.07078600 0.97516800
vt 0.52831600 0.96890000
vt 0.52707200 0.88428300
vt 0.99374200 0.52289800
vt 0.93035600 0.44535300
vt 0.93035600 0.45577600
vt 0.99374300 0.46863500
vt 0.07053700 0.98757600
vt 0.07043500 0.90940800
vt 0.01114800 0.91430700
vt 0.01123300 0.98287400
vt 0.99374200 0.51664100
vt 0.93684400 0.44537800
vt 0.93684700 0.45580200
vt 0.99374300 0.47489400
vt 0.01115000 0.90103300
vt 0.01147900 0.97503500
vt 0.58636100 0.88428300
vt 0.58762200 0.96876800
vt 0.99374200 0.51030600
vt 0.94348600 0.44545000
vt 0.99374300 0.48123000
vt 0.94349200 0.45587300
vt 0.01114600 0.90940800
vt 0.01123000 0.98757600
vt 0.34524400 0.91430700
vt 0.34543000 0.98287400
vt 0.99374200 0.50397000
vt 0.95012900 0.44555700
vt 0.95013700 0.45598000
vt 0.99374300 0.48756700
vt 0.34524600 0.90103300
vt 0.34567500 0.97578700
vt 0.25342600 0.96950900
vt 0.25226500 0.88428300
vt 0.95662500 0.45610600
vt 0.00156600 0.74678900
vt 0.99374300 0.49382500
vt 0.59736200 0.97032300
vt 0.00156600 0.73636400
vt 0.95662000 0.44568300
vt 0.99374200 0.49771000
vt 0.00156800 0.98915900
vt 0.34524200 0.90940800
vt 0.34542800 0.98757500
vt 0.57762200 0.96879000
vt 0.57636300 0.88428300
vt 0.99374200 0.55978500
vt 0.89339500 0.44535300
vt 0.99374300 0.43174800
vt 0.89339500 0.45577600
vt 0.02123100 0.98757600
vt 0.02114400 0.90940800
vt 0.02010400 0.98287400
vt 0.02001600 0.91430700
vt 0.38448900 0.73636400
vt 0.38457200 0.98915900
vt 0.38448900 0.74678900
vt 0.21428600 0.97118000
vt 0.02001700 0.90103300
vt 0.02035000 0.97505500
vt 0.71832100 0.56888700
vt 0.92374500 0.53320600
vt 0.41488400 0.65660600
vt 0.81666000 0.57506400
vt 0.93789200 0.53320600
vt 0.81666000 0.56888700
vt 0.47147400 0.96245400
vt 0.49064700 0.44097200
vt 0.41488400 0.65880300
vt 0.47147400 0.96554300
vt 0.49065000 0.46281600
vt 0.41437000 0.96247100
vt 0.41488100 0.64026000
vt 0.41437000 0.96555900
vt 0.43631600 0.93104800
vt 0.05095800 0.00846600
vt 0.05150300 0.19968300
vt 0.06658800 0.11421000
vt 0.04796700 0.54558600
vt 0.57643500 0.58132900
vt 0.49831700 0.03155900
vt 0.04814000 0.53165500
vt 0.84953900 0.95134100
vt 0.05051200 0.21617400
vt 0.90031900 0.93460000
vt 0.05445300 0.23459700
vt 0.06415600 0.12966100
vt 0.02557600 0.89391000
vt 0.48909200 0.62714600
vt 0.04808000 0.53688500
vt 0.51189500 0.94297100
vt 0.04852100 0.48301000
vt 0.02558900 0.66308800
vt 0.48908100 0.51759200
vt 0.05740600 0.16517800
vt 0.04921800 0.42092800
vt 0.04868000 0.46668900
vt 0.06236300 0.14000700
vt 0.02557600 0.88918400
vt 0.87761700 0.52098100
vt 0.04945000 0.40463400
vt 0.05062900 0.34275300
vt 0.05189400 0.29733000
vt 0.04986600 0.22798700
vt 0.05243600 0.28122500
vt 0.05027500 0.35898400
vt 0.05070300 0.21283200
vt 0.05130100 0.20299500
vt 0.02817300 0.92644300
vt 0.41757100 0.95135100
vt 0.41757100 0.94780700
vt 0.05032500 0.21953000
vt 0.48768700 0.66045300
vt 0.48769200 0.69805200
vt 0.48769100 0.68942400
vt 0.48768800 0.66908100
vt 0.85378200 0.95617400
vt 0.48768700 0.65890900
vt 0.41409800 0.95925800
vt 0.48769200 0.69959600
vt 0.48909400 0.65453500
vt 0.85378200 0.95926300
vt 0.06701500 0.10426600
vt 0.04722200 0.79288800
vt 0.88767500 0.92304000
vt 0.04256800 0.56577600
vt 0.88114400 0.89301900
vt 0.04269500 0.55975400
vt 0.48909900 0.70740700
vt 0.41409800 0.95617000
vt 0.48909900 0.70246500
vt 0.04277200 0.80334900
vt 0.04722200 0.79905900
vt 0.04277200 0.80952600
vt 0.48877500 0.00157000
vt 0.48901200 0.00520800
vt 0.02817300 0.92268000
vt 0.90031900 0.93105500
vt 0.40930600 0.63690700
vt 0.40929700 0.57252200
vt 0.06607900 0.11773100
vt 0.48910000 0.71300100
vt 0.48901300 0.01356400
vt 0.91678100 0.79288400
vt 0.04636000 0.93943000
vt 0.48883300 0.71663900
vt 0.51382800 0.80334900
vt 0.04286600 0.55096000
vt 0.06681900 0.11002300
vt 0.51382800 0.80952700
vt 0.91678100 0.79905700
vt 0.48901300 0.00978400
vt 0.49882000 0.08857300
vt 0.49887500 0.03818100
vt 0.49881100 0.03506400
vt 0.57643900 0.56890700
vt 0.49881700 0.09147900
vt 0.65971500 0.56889600
vt 0.65971600 0.58125100
vt 0.49832300 0.09802000
vt 0.49543900 0.02480600
vt 0.87687600 0.60779200
vt 0.02558900 0.67440900
vt 0.49064700 0.43655700
vt 0.42179500 0.69449000
vt 0.49608800 0.25823100
vt 0.80061200 0.75080800
vt 0.49610200 0.35211300
vt 0.49064500 0.42532700
vt 0.49610000 0.33833300
vt 0.07102300 0.70685100
vt 0.49609000 0.27200900
vt 0.20517300 0.70685100
vt 0.28763900 0.69449000
vt 0.49607700 0.19190500
vt 0.49606500 0.11180000
vt 0.59597800 0.58363200
vt 0.49607500 0.17812300
vt 0.73013700 0.58355200
vt 0.87750200 0.53197800
vt 0.99688200 0.01919500
vt 0.77181000 0.03506900
vt 0.42179500 0.70684400
vt 0.69004300 0.17168700
vt 0.80061100 0.73845300
vt 0.58086900 0.17301500
vt 0.07102300 0.69449700
vt 0.58087000 0.11671300
vt 0.20517300 0.69449700
vt 0.28763900 0.70684400
vt 0.77181100 0.09137100
vt 0.59598500 0.59598700
vt 0.48394700 0.15708700
vt 0.99842700 0.44626500
vt 0.87683100 0.59904900
vt 0.66778900 0.73846000
vt 0.69004300 0.11670800
vt 0.99842600 0.01919500
vt 0.40929700 0.57097800
vt 0.40930700 0.63845100
vt 0.99688300 0.44626500
vt 0.49611400 0.41687900
vt 0.66778800 0.75070100
vt 0.06472800 0.12609800
vt 0.53715800 0.15717500
vt 0.48703500 0.15709200
vt 0.58087000 0.11983000
vt 0.77181100 0.08828200
vt 0.77181000 0.03815700
vt 0.69004300 0.16859900
vt 0.69004300 0.11979700
vt 0.58086900 0.16992600
vt 0.04730700 0.99544000
vt 0.89872500 0.62327200
vt 0.53193500 0.99385000
vt 0.89872500 0.61284800
vt 0.51442500 0.45577600
vt 0.99374300 0.05274100
vt 0.51442500 0.44535300
vt 0.99374200 0.93879300
vt 0.99215700 0.93879300
vt 0.88114400 0.88954500
vt 0.88767500 0.92651400
vt 0.99215900 0.05274100
vt 0.43631600 0.93452200
vt 0.53193500 0.99543400
vt 0.04730700 0.99385600
vt 0.04636000 0.94290400
vt 0.73024200 0.59590700
vt 0.54017200 0.15718000
vt 0.96115600 0.73326400
vt 0.11485900 0.64245800
vt 0.96733300 0.89384200
vt 0.90644200 0.59467800
vt 0.11434600 0.96246100
vt 0.84408400 0.46282200
vt 0.84408400 0.00519600
vt 0.34438200 0.80952700
vt 0.84408400 0.00155800
vt 0.34932800 0.79905900
vt 0.34438200 0.80334900
vt 0.11276300 0.95617100
vt 0.84408100 0.70247600
vt 0.84408100 0.70741900
vt 0.32194900 0.56036500
vt 0.32200900 0.56638100
vt 0.57913200 0.89301900
vt 0.34932800 0.79288800
vt 0.58566300 0.92304000
vt 0.31370300 0.10571200
vt 0.11434600 0.96554900
vt 0.11485900 0.64026100
vt 0.55244100 0.95926300
vt 0.84408200 0.65454500
vt 0.78902700 0.69959600
vt 0.11276300 0.95925900
vt 0.55244100 0.95617400
vt 0.78902700 0.65890900
vt 0.78902700 0.69805200
vt 0.78902700 0.66045300
vt 0.31681200 0.22266500
vt 0.11555900 0.94780700
vt 0.84408400 0.43654700
vt 0.33018500 0.92644300
vt 0.11555900 0.95135100
vt 0.96733300 0.73326400
vt 0.92060400 0.59467700
vt 0.11485900 0.65662000
vt 0.96115600 0.89384200
vt 0.84408400 0.01355200
vt 0.84408100 0.71301300
vt 0.61480900 0.79288400
vt 0.34836200 0.93942900
vt 0.84408100 0.71665200
vt 0.81538800 0.80334900
vt 0.32186100 0.55155300
vt 0.31375900 0.11161600
vt 0.61480900 0.79905700
vt 0.81538800 0.80952700
vt 0.84408400 0.00977200
vt 0.77150000 0.96245400
vt 0.84408400 0.44096300
vt 0.31594400 0.00324200
vt 0.13431400 0.93104800
vt 0.31621600 0.20300400
vt 0.31381600 0.11593700
vt 0.32180700 0.54609500
vt 0.31671300 0.21934500
vt 0.59830700 0.93460000
vt 0.11485900 0.65881700
vt 0.77150000 0.96554300
vt 0.31410400 0.13188700
vt 0.84408300 0.62715500
vt 0.32692000 0.89391000
vt 0.32694400 0.66308800
vt 0.84408400 0.51759900
vt 0.31512600 0.16824200
vt 0.31435600 0.14246800
vt 0.57538700 0.52074800
vt 0.32692000 0.88918400
vt 0.57540200 0.60795400
vt 0.32694400 0.67440900
vt 0.57539000 0.53168600
vt 0.99688200 0.32053900
vt 0.99842800 0.74761800
vt 0.57540100 0.59921000
vt 0.99842600 0.32053900
vt 0.10795300 0.57097800
vt 0.99688300 0.74761800
vt 0.10795300 0.63845100
vt 0.31402700 0.12822000
vt 0.31387200 0.11958600
vt 0.10795300 0.57252200
vt 0.10795300 0.63690700
vt 0.59830800 0.93105600
vt 0.33018500 0.92268000
vt 0.31631900 0.20629100
vt 0.31661400 0.21603800
vt 0.31982200 0.36014000
vt 0.31839400 0.28320500
vt 0.31705300 0.23101700
vt 0.84408300 0.42531800
vt 0.31874600 0.29913500
vt 0.31956900 0.34404300
vt 0.32041800 0.40542000
vt 0.32106800 0.46716600
vt 0.32060800 0.42162500
vt 0.32122600 0.48345000
vt 0.84408300 0.02479400
vt 0.80845400 0.94297200
vt 0.32172200 0.53736500
vt 0.82580000 0.08826300
vt 0.82580000 0.10597500
vt 0.31723200 0.23731700
vt 0.32167100 0.53212200
vt 0.55298000 0.95134100
vt 0.82580100 0.15638100
vt 0.66257400 0.81382400
vt 0.84409100 0.25821800
vt 0.67262200 0.27581300
vt 0.66257400 0.82617800
vt 0.84409100 0.27199500
vt 0.23506000 0.85967100
vt 0.34627100 0.85967100
vt 0.84408800 0.33831800
vt 0.76690200 0.86406300
vt 0.84408800 0.35209700
vt 0.91785500 0.41033300
vt 0.76690200 0.87641800
vt 0.83611800 0.27581500
vt 0.34627100 0.84731600
vt 0.23506000 0.84731600
vt 0.83612400 0.33211400
vt 0.84409300 0.19189400
vt 0.77378200 0.81382400
vt 0.77378200 0.82617800
vt 0.67262500 0.33211300
vt 0.84409400 0.17811300
vt 0.81663600 0.56449400
vt 0.81663500 0.55214000
vt 0.82579900 0.03506200
vt 0.65701000 0.87641800
vt 0.91784800 0.35535600
vt 0.65700900 0.86416400
vt 0.84408100 0.41687300
vt 0.84409800 0.03154900
vt 0.61976000 0.56457800
vt 0.61976000 0.55214300
vt 0.82580100 0.15947000
vt 0.82579900 0.03815100
vt 0.91785500 0.40724400
vt 0.91784800 0.35844500
vt 0.83612400 0.32902500
vt 0.83611900 0.27890300
vt 0.67262200 0.27890200
vt 0.67262500 0.32902400
vt 0.97361800 0.53582700
vt 0.78654300 0.66908100
vt 0.78654200 0.68942500
vt 0.55079900 0.58563600
vt 0.96893000 0.53582600
vt 0.97207400 0.53582700
vt 0.55079900 0.58718000
vt 0.94858600 0.53582600
vt 0.99374200 0.63675100
vt 0.81643700 0.44535300
vt 0.99374300 0.35478300
vt 0.81643700 0.45577600
vt 0.59672400 0.62327200
vt 0.34934200 0.99544000
vt 0.59672400 0.61284800
vt 0.83397200 0.99385000
vt 0.13431400 0.93452200
vt 0.83397200 0.99543400
vt 0.34836200 0.94290400
vt 0.34934200 0.99385600
vt 0.99215900 0.35478300
vt 0.58566300 0.92651400
vt 0.99215800 0.63675100
vt 0.57913200 0.88954500
vt 0.92769600 0.52228000
vt 0.88308900 0.53907500
vt 0.88308900 0.53539200
vt 0.88308900 0.57484300
vt 0.92529000 0.52468600
vt 0.88308900 0.53723300
vt 0.92599500 0.52298500
vt 0.93634800 0.52468600
vt 0.88308900 0.54900300
vt 0.93394200 0.52228000
vt 0.88308900 0.54532000
vt 0.93564300 0.52298500
vt 0.88308900 0.54716100
vt 0.91665400 0.60622800
vt 0.86323000 0.53907300
vt 0.86323000 0.53539000
vt 0.91906000 0.60382200
vt 0.86323000 0.57612500
vt 0.86323000 0.53723100
vt 0.91835500 0.60552300
vt 0.86323000 0.54901900
vt 0.90798500 0.60382300
vt 0.91039000 0.60622900
vt 0.86323000 0.54533700
vt 0.86323000 0.54717800
vt 0.90868900 0.60552400
vt 0.92528900 0.53080000
vt 0.88308900 0.56872900
vt 0.88308900 0.56504700
vt 0.92769500 0.53320600
vt 0.80524200 0.17143400
vt 0.92599400 0.53250100
vt 0.88308900 0.56688800
vt 0.93394200 0.53320600
vt 0.88308900 0.55879900
vt 0.93634800 0.53080000
vt 0.88308900 0.55511700
vt 0.81198200 0.17143400
vt 0.88308900 0.55695800
vt 0.93564300 0.53250100
vt 0.91905900 0.59708300
vt 0.86323000 0.56938600
vt 0.86323000 0.56570300
vt 0.91665300 0.59467700
vt 0.86323000 0.56754500
vt 0.91835500 0.59538200
vt 0.91039200 0.59467800
vt 0.86323000 0.55944200
vt 0.86323000 0.55575900
vt 0.90798600 0.59708400
vt 0.90869100 0.59538200
vt 0.86323000 0.55760000
vt 0.86636700 0.53539200
vt 0.81993600 0.17382000
vt 0.86636700 0.57484300
vt 0.81753000 0.17141400
vt 0.86636700 0.53907500
vt 0.86636700 0.53723300
vt 0.81823500 0.17311500
vt 0.81753000 0.16516900
vt 0.86636700 0.54532000
vt 0.81993600 0.16276300
vt 0.86636700 0.54900300
vt 0.86636700 0.54716100
vt 0.81823500 0.16346800
vt 0.84650900 0.57612500
vt 0.84650900 0.53539000
vt 0.80524200 0.17384000
vt 0.80283700 0.17143400
vt 0.84650900 0.53907300
vt 0.84650900 0.53723100
vt 0.80354100 0.17313600
vt 0.80283700 0.16517000
vt 0.84650900 0.54533700
vt 0.80524200 0.16276500
vt 0.84650900 0.54901900
vt 0.84650900 0.54717800
vt 0.80354100 0.16346900
vt 0.86636700 0.56504700
vt 0.82845600 0.17141600
vt 0.82605000 0.17382100
vt 0.86636700 0.56872900
vt 0.82775100 0.17311700
vt 0.86636700 0.56688800
vt 0.86636700 0.55511700
vt 0.82605000 0.16276300
vt 0.86636700 0.55879900
vt 0.82845600 0.16516800
vt 0.86636700 0.55695800
vt 0.82775100 0.16346700
vt 0.81438700 0.17143400
vt 0.84650900 0.56570300
vt 0.81198200 0.17384000
vt 0.84650900 0.56938600
vt 0.84650900 0.56754500
vt 0.81368300 0.17313600
vt 0.81198200 0.16276600
vt 0.84650900 0.55575900
vt 0.84650900 0.55944200
vt 0.81438700 0.16517300
vt 0.81368300 0.16347100
vt 0.84650900 0.55760000
vt 0.82605000 0.17141500
vt 0.82605000 0.16516900
vt 0.81993600 0.16516900
vt 0.81993600 0.17141400
vt 0.81198200 0.16517200
vt 0.80524200 0.16517100
vt 0.45098400 0.94779700
vt 0.01033100 0.71693900
vt 0.91038900 0.93942700
vt 0.01039100 0.71125500
vt 0.03536900 0.71693900
vt 0.47602200 0.94779700
vt 0.88541100 0.93942700
vt 0.03536900 0.71125500
vt 0.42846700 0.71693900
vt 0.86912000 0.94779700
vt 0.42840600 0.71125500
vt 0.49237400 0.93942700
vt 0.86214100 0.94779700
vt 0.42148800 0.71693900
vt 0.49929300 0.93942700
vt 0.42148800 0.71125500
vt 0.03912700 0.71693900
vt 0.47978100 0.94779700
vt 0.03912700 0.71125500
vt 0.88165300 0.93942700
vt 0.56453100 0.94779700
vt 0.12387800 0.71693900
vt 0.12387800 0.71125500
vt 0.79690300 0.93942700
vt 0.20753400 0.71693900
vt 0.64818700 0.94779700
vt 0.71324600 0.93942700
vt 0.20753400 0.71125500
vt 0.16187300 0.71693900
vt 0.60252600 0.94779700
vt 0.75890700 0.93942700
vt 0.16187300 0.71125500
vt 0.57879900 0.94779700
vt 0.13814600 0.71693900
vt 0.13814600 0.71125500
vt 0.78263400 0.93942700
vt 0.53313600 0.94779700
vt 0.09248300 0.71693900
vt 0.09248300 0.71125500
vt 0.82829800 0.93942700
vt 0.06871500 0.71693900
vt 0.50936800 0.94779700
vt 0.06871500 0.71125500
vt 0.85206600 0.93942700
vt 0.45996100 0.94779700
vt 0.01930800 0.71693900
vt 0.01935100 0.71125500
vt 0.90143000 0.93942700
vt 0.64385400 0.93942700
vt 0.27692700 0.71125500
vt 0.68952200 0.93942700
vt 0.23125800 0.71125500
vt 0.30066800 0.71125500
vt 0.62011300 0.93942700
vt 0.57443100 0.93942700
vt 0.34635000 0.71125500
vt 0.36128100 0.71125500
vt 0.55950000 0.93942700
vt 0.80845400 0.93942700
vt 0.11232700 0.71125500
vt 0.36128100 0.71693900
vt 0.80193400 0.94779700
vt 0.34635000 0.71693900
vt 0.78700300 0.94779700
vt 0.74132100 0.94779700
vt 0.30066800 0.71693900
vt 0.27692700 0.71693900
vt 0.71758000 0.94779700
vt 0.67191100 0.94779700
vt 0.23125800 0.71693900
vt 0.11232700 0.71693900
vt 0.55298000 0.94779700
vt 0.40888600 0.71693900
vt 0.84953900 0.94779700
vt 0.51189500 0.93942700
vt 0.40888600 0.71125500
f 970/970/970 11/11/11 203/203/203
f 2129/2129/2129 235/235/235 256/256/256
f 2171/2171/2171 2091/2091/2091 2/2/2
f 2109/2109/2109 2120/2120/2120 23/23/23
f 56/56/56 59/59/59 171/171/171
f 2120/2120/2120 142/142/142 101/101/101
f 5179/5179/5179 2636/2636/2636 127/127/127
f 1605/1605/1605 1675/1675/1675 1669/1669/1669
f 2122/2122/2122 2098/2098/2098 141/141/141
f 2110/2110/2110 2092/2092/2092 1/1/1
f 107/107/107 106/106/106 18/18/18
f 4464/4464/4464 129/129/129 131/131/131
f 78/78/78 24/24/24 27/27/27
f 86/86/86 27/27/27 26/26/26
f 82/82/82 26/26/26 25/25/25
f 80/80/80 25/25/25 23/23/23
f 4467/4467/4467 131/131/131 134/134/134
f 4476/4476/4476 134/134/134 135/135/135
f 4484/4484/4484 135/135/135 112/112/112
f 4505/4505/4505 79/79/79 85/85/85
f 1143/1143/1143 1154/1154/1154 181/181/181
f 2111/2111/2111 191/191/191 148/148/148
f 4509/4509/4509 84/84/84 83/83/83
f 4520/4520/4520 83/83/83 81/81/81
f 4527/4527/4527 81/81/81 76/76/76
f 1138/1138/1138 192/192/192 17/17/17
f 1117/1117/1117 184/184/184 30/30/30
f 2098/2098/2098 15/15/15 28/28/28
f 4832/4832/4832 1140/1140/1140 98/98/98
f 1253/1253/1253 1892/1892/1892 1894/1894/1894
f 4816/4816/4816 1083/1083/1083 38/38/38
f 18/18/18 91/91/91 96/96/96
f 20/20/20 96/96/96 95/95/95
f 21/21/21 95/95/95 92/92/92
f 22/22/22 92/92/92 87/87/87
f 439/439/439 35/35/35 44/44/44
f 431/431/431 44/44/44 42/42/42
f 994/994/994 105/105/105 4/4/4
f 2116/2116/2116 19/19/19 87/87/87
f 1002/1002/1002 4/4/4 14/14/14
f 1146/1146/1146 41/41/41 99/99/99
f 103/103/103 25/25/25 26/26/26
f 1623/1623/1623 1694/1694/1694 1682/1682/1682
f 429/429/429 47/47/47 35/35/35
f 1218/1218/1218 434/434/434 113/113/113
f 1147/1147/1147 1180/1180/1180 15/15/15
f 1089/1089/1089 33/33/33 39/39/39
f 241/241/241 240/240/240 250/250/250
f 441/441/441 34/34/34 31/31/31
f 1093/1093/1093 30/30/30 32/32/32
f 59/59/59 51/51/51 169/169/169
f 2093/2093/2093 2109/2109/2109 100/100/100
f 104/104/104 103/103/103 27/27/27
f 1655/1655/1655 1574/1574/1574 1572/1572/1572
f 1025/1025/1025 2/2/2 105/105/105
f 3/3/3 100/100/100 103/103/103
f 100/100/100 23/23/23 25/25/25
f 108/108/108 1/1/1 106/106/106
f 2116/2116/2116 2110/2110/2110 108/108/108
f 19/19/19 108/108/108 107/107/107
f 22/22/22 107/107/107 20/20/20
f 1147/1147/1147 196/196/196 193/193/193
f 1187/1187/1187 197/197/197 192/192/192
f 1601/1601/1601 1672/1672/1672 1676/1676/1676
f 1596/1596/1596 1668/1668/1668 1671/1671/1671
f 67/67/67 63/63/63 119/119/119
f 71/71/71 68/68/68 117/117/117
f 74/74/74 71/71/71 122/122/122
f 65/65/65 74/74/74 124/124/124
f 52/52/52 58/58/58 132/132/132
f 58/58/58 57/57/57 133/133/133
f 57/57/57 55/55/55 136/136/136
f 55/55/55 48/48/48 111/111/111
f 1145/1145/1145 1141/1141/1141 16/16/16
f 2641/2641/2641 50/50/50 130/130/130
f 2112/2112/2112 65/65/65 125/125/125
f 188/188/188 152/152/152 151/151/151
f 190/190/190 144/144/144 146/146/146
f 54/54/54 56/56/56 172/172/172
f 1010/1010/1010 138/138/138 139/139/139
f 49/49/49 54/54/54 174/174/174
f 64/64/64 70/70/70 158/158/158
f 69/69/69 72/72/72 161/161/161
f 2113/2113/2113 40/40/40 16/16/16
f 2097/2097/2097 49/49/49 153/153/153
f 2096/2096/2096 60/60/60 178/178/178
f 72/72/72 73/73/73 164/164/164
f 4439/4439/4439 4573/4573/4573 245/245/245
f 1144/1144/1144 75/75/75 143/143/143
f 73/73/73 66/66/66 165/165/165
f 5012/5012/5012 2123/2123/2123 179/179/179
f 2663/2663/2663 2638/2638/2638 181/181/181
f 1143/1143/1143 62/62/62 155/155/155
f 144/144/144 145/145/145 159/159/159
f 146/146/146 144/144/144 157/157/157
f 147/147/147 146/146/146 162/162/162
f 148/148/148 147/147/147 163/163/163
f 149/149/149 150/150/150 170/170/170
f 150/150/150 151/151/151 173/173/173
f 151/151/151 152/152/152 175/175/175
f 152/152/152 141/141/141 154/154/154
f 4911/4911/4911 4926/4926/4926 1681/1681/1681
f 5009/5009/5009 4549/4549/4549 98/98/98
f 4934/4934/4934 4910/4910/4910 1573/1573/1573
f 2644/2644/2644 149/149/149 168/168/168
f 2119/2119/2119 148/148/148 166/166/166
f 251/251/251 250/250/250 246/246/246
f 2706/2706/2706 2121/2121/2121 182/182/182
f 2685/2685/2685 183/183/183 149/149/149
f 2/2/2 257/257/257 241/241/241
f 4573/4573/4573 4581/4581/4581 242/242/242
f 137/137/137 8/8/8 244/244/244
f 1112/1112/1112 7/7/7 184/184/184
f 2683/2683/2683 182/182/182 183/183/183
f 187/187/187 141/141/141 152/152/152
f 191/191/191 190/190/190 147/147/147
f 182/182/182 187/187/187 188/188/188
f 2121/2121/2121 2122/2122/2122 187/187/187
f 183/183/183 188/188/188 150/150/150
f 1607/1607/1607 1678/1678/1678 1687/1687/1687
f 186/186/186 145/145/145 144/144/144
f 1144/1144/1144 1193/1193/1193 142/142/142
f 1223/1223/1223 1152/1152/1152 189/189/189
f 257/257/257 256/256/256 240/240/240
f 1113/1113/1113 970/970/970 961/961/961
f 2174/2174/2174 2126/2126/2126 199/199/199
f 1149/1149/1149 114/114/114 950/950/950
f 2094/2094/2094 5/5/5 200/200/200
f 1637/1637/1637 1708/1708/1708 1689/1689/1689
f 2108/2108/2108 36/36/36 952/952/952
f 138/138/138 206/206/206 210/210/210
f 207/207/207 244/244/244 243/243/243
f 180/180/180 140/140/140 211/211/211
f 2099/2099/2099 46/46/46 448/448/448
f 206/206/206 208/208/208 213/213/213
f 214/214/214 211/211/211 212/212/212
f 214/214/214 215/215/215 223/223/223
f 1164/1164/1164 1165/1165/1165 220/220/220
f 1165/1165/1165 1159/1159/1159 216/216/216
f 1207/1207/1207 1153/1153/1153 143/143/143
f 1152/1152/1152 1164/1164/1164 218/218/218
f 215/215/215 219/219/219 217/217/217
f 275/275/275 145/145/145 186/186/186
f 180/180/180 214/214/214 226/226/226
f 215/215/215 212/212/212 222/222/222
f 276/276/276 219/219/219 222/222/222
f 208/208/208 225/225/225 221/221/221
f 281/281/281 64/64/64 160/160/160
f 209/209/209 243/243/243 228/228/228
f 283/283/283 224/224/224 228/228/228
f 256/256/256 235/235/235 227/227/227
f 297/297/297 3/3/3 104/104/104
f 1630/1630/1630 1701/1701/1701 1697/1697/1697
f 4581/4581/4581 4566/4566/4566 229/229/229
f 4598/4598/4598 4500/4500/4500 120/120/120
f 1621/1621/1621 1562/1562/1562 1644/1644/1644
f 250/250/250 232/232/232 230/230/230
f 295/295/295 24/24/24 78/78/78
f 4/4/4 251/251/251 249/249/249
f 240/240/240 227/227/227 232/232/232
f 285/285/285 104/104/104 24/24/24
f 2130/2130/2130 256/256/256 257/257/257
f 105/105/105 241/241/241 251/251/251
f 2135/2135/2135 2093/2093/2093 3/3/3
f 1651/1651/1651 1570/1570/1570 1582/1582/1582
f 1196/1196/1196 233/233/233 238/238/238
f 1662/1662/1662 1665/1665/1665 1585/1585/1585
f 338/338/338 190/190/190 191/191/191
f 2131/2131/2131 257/257/257 2/2/2
f 1162/1162/1162 253/253/253 259/259/259
f 1170/1170/1170 262/262/262 261/261/261
f 1633/1633/1633 1639/1639/1639 1712/1712/1712
f 1560/1560/1560 1711/1711/1711 1714/1714/1714
f 1612/1612/1612 1683/1683/1683 1709/1709/1709
f 1172/1172/1172 265/265/265 267/267/267
f 1844/1844/1844 1848/1848/1848 1296/1296/1296
f 1855/1855/1855 1851/1851/1851 1298/1298/1298
f 1846/1846/1846 1842/1842/1842 1289/1289/1289
f 1845/1845/1845 1292/1292/1292 1288/1288/1288
f 1837/1837/1837 1284/1284/1284 1290/1290/1290
f 1234/1234/1234 1870/1870/1870 1882/1882/1882
f 1245/1245/1245 1250/1250/1250 1885/1885/1885
f 1252/1252/1252 1889/1889/1889 1884/1884/1884
f 318/318/318 1886/1886/1886 1889/1889/1889
f 1835/1835/1835 1841/1841/1841 1287/1287/1287
f 1838/1838/1838 1285/1285/1285 1273/1273/1273
f 1852/1852/1852 1299/1299/1299 1280/1280/1280
f 1853/1853/1853 1300/1300/1300 1299/1299/1299
f 1839/1839/1839 1286/1286/1286 1285/1285/1285
f 1227/1227/1227 1862/1862/1862 1879/1879/1879
f 1823/1823/1823 1269/1269/1269 1279/1279/1279
f 1878/1878/1878 1860/1860/1860 981/981/981
f 2410/2410/2410 2407/2407/2407 2211/2211/2211
f 1858/1858/1858 1305/1305/1305 1306/1306/1306
f 1236/1236/1236 1871/1871/1871 1869/1869/1869
f 1239/1239/1239 1873/1873/1873 1872/1872/1872
f 4853/4853/4853 4958/4958/4958 1874/1874/1874
f 1817/1817/1817 1264/1264/1264 1237/1237/1237
f 2666/2666/2666 1275/1275/1275 1828/1828/1828
f 1818/1818/1818 1265/1265/1265 1274/1274/1274
f 1815/1815/1815 1263/1263/1263 1267/1267/1267
f 1229/1229/1229 1864/1864/1864 1866/1866/1866
f 1231/1231/1231 1865/1865/1865 1868/1868/1868
f 1236/1236/1236 1259/1259/1259 1812/1812/1812
f 1821/1821/1821 1268/1268/1268 1258/1258/1258
f 1242/1242/1242 1877/1877/1877 1825/1825/1825
f 1229/1229/1229 1268/1268/1268 1821/1821/1821
f 1255/1255/1255 1270/1270/1270 1822/1822/1822
f 1836/1836/1836 1863/1863/1863 1228/1228/1228
f 1820/1820/1820 1266/1266/1266 1260/1260/1260
f 4965/4965/4965 4845/4845/4845 1271/1271/1271
f 1812/1812/1812 1259/1259/1259 1262/1262/1262
f 1828/1828/1828 1275/1275/1275 1264/1264/1264
f 1232/1232/1232 1867/1867/1867 1876/1876/1876
f 1251/1251/1251 1888/1888/1888 1887/1887/1887
f 1833/1833/1833 1280/1280/1280 1286/1286/1286
f 316/316/316 319/319/319 331/331/331
f 2281/2281/2281 1255/1255/1255 1890/1890/1890
f 299/299/299 301/301/301 313/313/313
f 1639/1639/1639 1640/1640/1640 1713/1713/1713
f 1559/1559/1559 1710/1710/1710 1711/1711/1711
f 2132/2132/2132 2133/2133/2133 309/309/309
f 2134/2134/2134 2135/2135/2135 297/297/297
f 2129/2129/2129 2134/2134/2134 298/298/298
f 286/286/286 285/285/285 295/295/295
f 227/227/227 286/286/286 296/296/296
f 296/296/296 295/295/295 291/291/291
f 232/232/232 296/296/296 294/294/294
f 4589/4589/4589 4598/4598/4598 288/288/288
f 4566/4566/4566 4589/4589/4589 290/290/290
f 298/298/298 297/297/297 285/285/285
f 235/235/235 298/298/298 286/286/286
f 282/282/282 283/283/283 289/289/289
f 63/63/63 282/282/282 287/287/287
f 284/284/284 281/281/281 277/277/277
f 225/225/225 284/284/284 279/279/279
f 275/275/275 276/276/276 280/280/280
f 145/145/145 275/275/275 278/278/278
f 276/276/276 275/275/275 304/304/304
f 219/219/219 276/276/276 303/303/303
f 303/303/303 304/304/304 302/302/302
f 1206/1206/1206 1207/1207/1207 273/273/273
f 1159/1159/1159 1206/1206/1206 274/274/274
f 1849/1849/1849 1854/1854/1854 1301/1301/1301
f 1202/1202/1202 307/307/307 323/323/323
f 305/305/305 310/310/310 326/326/326
f 336/336/336 186/186/186 190/190/190
f 375/375/375 381/381/381 345/345/345
f 226/226/226 348/348/348 352/352/352
f 364/364/364 389/389/389 395/395/395
f 185/185/185 352/352/352 349/349/349
f 2157/2157/2157 396/396/396 370/370/370
f 354/354/354 337/337/337 339/339/339
f 359/359/359 339/339/339 333/333/333
f 368/368/368 343/343/343 346/346/346
f 373/373/373 346/346/346 340/340/340
f 361/361/361 350/350/350 353/353/353
f 366/366/366 353/353/353 347/347/347
f 2137/2137/2137 194/194/194 237/237/237
f 2136/2136/2136 334/334/334 191/191/191
f 304/304/304 186/186/186 336/336/336
f 301/301/301 337/337/337 354/354/354
f 347/347/347 343/343/343 368/368/368
f 223/223/223 344/344/344 348/348/348
f 2140/2140/2140 254/254/254 260/260/260
f 2145/2145/2145 252/252/252 37/37/37
f 2144/2144/2144 351/351/351 363/363/363
f 396/396/396 402/402/402 374/374/374
f 2162/2162/2162 2138/2138/2138 236/236/236
f 345/345/345 381/381/381 377/377/377
f 376/376/376 385/385/385 387/387/387
f 380/380/380 387/387/387 384/384/384
f 217/217/217 303/303/303 300/300/300
f 2148/2148/2148 234/234/234 255/255/255
f 2149/2149/2149 378/378/378 382/382/382
f 376/376/376 299/299/299 311/311/311
f 423/423/423 386/386/386 312/312/312
f 2146/2146/2146 2153/2153/2153 264/264/264
f 367/367/367 395/395/395 392/392/392
f 369/369/369 400/400/400 389/389/389
f 374/374/374 402/402/402 400/400/400
f 410/410/410 399/399/399 401/401/401
f 415/415/415 401/401/401 398/398/398
f 404/404/404 393/393/393 394/394/394
f 408/408/408 394/394/394 390/390/390
f 390/390/390 399/399/399 410/410/410
f 2152/2152/2152 391/391/391 405/405/405
f 2156/2156/2156 263/263/263 269/269/269
f 2160/2160/2160 2158/2158/2158 268/268/268
f 411/411/411 416/416/416 414/414/414
f 1629/1629/1629 1634/1634/1634 1704/1704/1704
f 1854/1854/1854 1855/1855/1855 1302/1302/1302
f 2161/2161/2161 2160/2160/2160 418/418/418
f 406/406/406 411/411/411 417/417/417
f 1640/1640/1640 1636/1636/1636 1706/1706/1706
f 1248/1248/1248 1883/1883/1883 1888/1888/1888
f 2154/2154/2154 2161/2161/2161 420/420/420
f 409/409/409 406/406/406 419/419/419
f 1827/1827/1827 1274/1274/1274 1300/1300/1300
f 1715/1715/1715 1586/1586/1586 1584/1584/1584
f 2133/2133/2133 2162/2162/2162 421/421/421
f 1716/1716/1716 1589/1589/1589 2324/2324/2324
f 1246/1246/1246 1880/1880/1880 1834/1834/1834
f 383/383/383 388/388/388 386/386/386
f 314/314/314 355/355/355 426/426/426
f 312/312/312 314/314/314 425/425/425
f 2163/2163/2163 423/423/423 424/424/424
f 2151/2151/2151 383/383/383 423/423/423
f 355/355/355 360/360/360 356/356/356
f 217/217/217 375/375/375 344/344/344
f 1856/1856/1856 1303/1303/1303 1257/1257/1257
f 45/45/45 428/428/428 450/450/450
f 7/7/7 430/430/430 445/445/445
f 184/184/184 445/445/445 444/444/444
f 2095/2095/2095 2164/2164/2164 430/430/430
f 30/30/30 444/444/444 443/443/443
f 33/33/33 440/440/440 436/436/436
f 2300/2300/2300 441/441/441 442/442/442
f 2280/2280/2280 2274/2274/2274 434/434/434
f 2292/2292/2292 429/429/429 439/439/439
f 2293/2293/2293 431/431/431 433/433/433
f 2299/2299/2299 439/439/439 431/431/431
f 2330/2330/2330 2165/2165/2165 429/429/429
f 4551/4551/4551 38/38/38 435/435/435
f 2169/2169/2169 2168/2168/2168 449/449/449
f 1829/1829/1829 1276/1276/1276 1304/1304/1304
f 1219/1219/1219 447/447/447 453/453/453
f 1611/1611/1611 1682/1682/1682 1723/1723/1723
f 1826/1826/1826 1273/1273/1273 1305/1305/1305
f 2166/2166/2166 437/437/437 452/452/452
f 1156/1156/1156 110/110/110 446/446/446
f 661/661/661 665/665/665 701/701/701
f 1079/1079/1079 205/205/205 455/455/455
f 526/526/526 551/551/551 476/476/476
f 508/508/508 622/622/622 620/620/620
f 476/476/476 528/528/528 553/553/553
f 5177/5177/5177 4634/4634/4634 579/579/579
f 645/645/645 636/636/636 590/590/590
f 513/513/513 559/559/559 454/454/454
f 558/558/558 473/473/473 471/471/471
f 4631/4631/4631 4635/4635/4635 581/581/581
f 530/530/530 537/537/537 480/480/480
f 537/537/537 533/533/533 479/479/479
f 533/533/533 532/532/532 478/478/478
f 532/532/532 528/528/528 476/476/476
f 4635/4635/4635 4643/4643/4643 582/582/582
f 4643/4643/4643 4652/4652/4652 584/584/584
f 4652/4652/4652 4660/4660/4660 563/563/563
f 4673/4673/4673 4678/4678/4678 535/535/535
f 646/646/646 641/641/641 597/597/597
f 4676/4676/4676 4688/4688/4688 534/534/534
f 4688/4688/4688 4695/4695/4695 531/531/531
f 4695/4695/4695 4703/4703/4703 527/527/527
f 1118/1118/1118 1106/1106/1106 483/483/483
f 590/590/590 603/603/603 481/481/481
f 4813/4813/4813 4719/4719/4719 489/489/489
f 471/471/471 473/473/473 547/547/547
f 473/473/473 474/474/474 546/546/546
f 474/474/474 475/475/475 543/543/543
f 475/475/475 472/472/472 539/539/539
f 860/860/860 852/852/852 495/495/495
f 852/852/852 853/853/853 493/493/493
f 958/958/958 270/270/270 457/457/457
f 604/604/604 626/626/626 539/539/539
f 270/270/270 650/650/650 467/467/467
f 554/554/554 480/480/480 479/479/479
f 848/848/848 860/860/860 488/488/488
f 1102/1102/1102 1097/1097/1097 490/490/490
f 686/686/686 696/696/696 695/695/695
f 862/862/862 864/864/864 484/484/484
f 1106/1106/1106 1101/1101/1101 485/485/485
f 510/510/510 620/620/620 616/616/616
f 592/592/592 456/456/456 551/551/551
f 555/555/555 477/477/477 480/480/480
f 205/205/205 958/958/958 556/556/556
f 456/456/456 555/555/555 554/554/554
f 551/551/551 554/554/554 478/478/478
f 559/559/559 558/558/558 557/557/557
f 604/604/604 472/472/472 559/559/559
f 472/472/472 475/475/475 558/558/558
f 475/475/475 474/474/474 473/473/473
f 519/519/519 565/565/565 569/569/569
f 522/522/522 570/570/570 567/567/567
f 525/525/525 572/572/572 570/570/570
f 517/517/517 574/574/574 572/572/572
f 504/504/504 577/577/577 580/580/580
f 509/509/509 580/580/580 583/583/583
f 507/507/507 583/583/583 585/585/585
f 506/506/506 585/585/585 562/562/562
f 2656/2656/2656 2652/2652/2652 578/578/578
f 491/491/491 549/549/549 574/574/574
f 637/637/637 599/599/599 600/600/600
f 639/639/639 596/596/596 595/595/595
f 505/505/505 623/623/623 622/622/622
f 272/272/272 648/648/648 589/589/589
f 499/499/499 602/602/602 623/623/623
f 515/515/515 609/609/609 606/606/606
f 521/521/521 605/605/605 610/610/610
f 516/516/516 615/615/615 469/469/469
f 511/511/511 482/482/482 602/602/602
f 500/500/500 562/562/562 627/627/627
f 523/523/523 610/610/610 612/612/612
f 4608/4608/4608 462/462/462 689/689/689
f 524/524/524 612/612/612 615/615/615
f 4660/4660/4660 4615/4615/4615 628/628/628
f 593/593/593 607/607/607 608/608/608
f 595/595/595 611/611/611 607/607/607
f 596/596/596 613/613/613 611/611/611
f 597/597/597 614/614/614 613/613/613
f 598/598/598 618/618/618 619/619/619
f 599/599/599 619/619/619 621/621/621
f 600/600/600 621/621/621 624/624/624
f 601/601/601 624/624/624 603/603/603
f 4710/4710/4710 575/575/575 550/550/550
f 2660/2660/2660 2659/2659/2659 618/618/618
f 641/641/641 470/470/470 614/614/614
f 696/696/696 693/693/693 692/692/692
f 2687/2687/2687 2686/2686/2686 631/631/631
f 2688/2688/2688 2660/2660/2660 598/598/598
f 455/455/455 556/556/556 686/686/686
f 4742/4742/4742 689/689/689 687/687/687
f 586/586/586 652/652/652 690/690/690
f 1115/1115/1115 1118/1118/1118 633/633/633
f 2686/2686/2686 2688/2688/2688 632/632/632
f 636/636/636 637/637/637 601/601/601
f 640/640/640 597/597/597 596/596/596
f 631/631/631 632/632/632 637/637/637
f 642/642/642 631/631/631 636/636/636
f 632/632/632 598/598/598 599/599/599
f 635/635/635 639/639/639 593/593/593
f 702/702/702 686/686/686 685/685/685
f 1116/1116/1116 1114/1114/1114 460/460/460
f 587/587/587 589/589/589 655/655/655
f 652/652/652 653/653/653 688/688/688
f 629/629/629 659/659/659 656/656/656
f 561/561/561 867/867/867 870/870/870
f 651/651/651 655/655/655 658/658/658
f 659/659/659 660/660/660 657/657/657
f 659/659/659 671/671/671 668/668/668
f 660/660/660 668/668/668 662/662/662
f 717/717/717 746/746/746 635/635/635
f 629/629/629 634/634/634 671/671/671
f 660/660/660 664/664/664 666/666/666
f 718/718/718 721/721/721 666/666/666
f 654/654/654 658/658/658 667/667/667
f 724/724/724 720/720/720 609/609/609
f 653/653/653 670/670/670 673/673/673
f 726/726/726 731/731/731 673/673/673
f 701/701/701 685/685/685 672/672/672
f 739/739/739 727/727/727 555/555/555
f 4749/4749/4749 687/687/687 674/674/674
f 4765/4765/4765 729/729/729 568/568/568
f 695/695/695 692/692/692 676/676/676
f 737/737/737 734/734/734 530/530/530
f 457/457/457 467/467/467 693/693/693
f 685/685/685 695/695/695 677/677/677
f 727/727/727 737/737/737 477/477/477
f 665/665/665 663/663/663 702/702/702
f 556/556/556 457/457/457 696/696/696
f 715/715/715 739/739/739 456/456/456
f 759/759/759 754/754/754 640/640/640
f 663/663/663 638/638/638 455/455/455
f 741/741/741 749/749/749 751/751/751
f 845/845/845 747/747/747 748/748/748
f 716/716/716 740/740/740 739/739/739
f 661/661/661 680/680/680 740/740/740
f 728/728/728 738/738/738 737/737/737
f 672/672/672 677/677/677 738/738/738
f 738/738/738 735/735/735 734/734/734
f 677/677/677 676/676/676 735/735/735
f 4758/4758/4758 732/732/732 729/729/729
f 4733/4733/4733 674/674/674 732/732/732
f 740/740/740 728/728/728 727/727/727
f 680/680/680 672/672/672 728/728/728
f 723/723/723 730/730/730 731/731/731
f 514/514/514 569/569/569 730/730/730
f 725/725/725 722/722/722 720/720/720
f 669/669/669 667/667/667 722/722/722
f 717/717/717 719/719/719 721/721/721
f 594/594/594 608/608/608 719/719/719
f 718/718/718 745/745/745 746/746/746
f 664/664/664 662/662/662 745/745/745
f 745/745/745 742/742/742 744/744/744
f 2469/2469/2469 2207/2207/2207 2214/2214/2214
f 758/758/758 759/759/759 639/639/639
f 796/796/796 764/764/764 767/767/767
f 671/671/671 634/634/634 773/773/773
f 785/785/785 787/787/787 816/816/816
f 634/634/634 464/464/464 770/770/770
f 708/708/708 706/706/706 793/793/793
f 776/776/776 780/780/780 760/760/760
f 780/780/780 778/778/778 755/755/755
f 789/789/789 794/794/794 766/766/766
f 794/794/794 792/792/792 762/762/762
f 782/782/782 788/788/788 774/774/774
f 788/788/788 786/786/786 769/769/769
f 756/756/756 777/777/777 682/682/682
f 643/643/643 646/646/646 640/640/640
f 746/746/746 744/744/744 758/758/758
f 743/743/743 751/751/751 776/776/776
f 769/769/769 786/786/786 789/789/789
f 668/668/668 671/671/671 768/768/768
f 761/761/761 791/791/791 705/705/705
f 1119/1119/1119 459/459/459 851/851/851
f 698/698/698 703/703/703 784/784/784
f 818/818/818 793/793/793 795/795/795
f 847/847/847 842/842/842 681/681/681
f 767/767/767 763/763/763 800/800/800
f 797/797/797 801/801/801 808/808/808
f 801/801/801 798/798/798 804/804/804
f 662/662/662 796/796/796 742/742/742
f 800/800/800 763/763/763 699/699/699
f 678/678/678 683/683/683 805/805/805
f 797/797/797 807/807/807 749/749/749
f 844/844/844 845/845/845 750/750/750
f 783/783/783 704/704/704 710/710/710
f 787/787/787 783/783/783 813/813/813
f 790/790/790 785/785/785 811/811/811
f 795/795/795 790/790/790 821/821/821
f 832/832/832 837/837/837 822/822/822
f 837/837/837 835/835/835 819/819/819
f 825/825/825 830/830/830 815/815/815
f 830/830/830 827/827/827 810/810/810
f 810/810/810 827/827/827 832/832/832
f 709/709/709 711/711/711 826/826/826
f 817/817/817 834/834/834 714/714/714
f 838/838/838 839/839/839 713/713/713
f 831/831/831 838/838/838 833/833/833
f 840/840/840 841/841/841 839/839/839
f 828/828/828 840/840/840 838/838/838
f 824/824/824 712/712/712 841/841/841
f 829/829/829 824/824/824 840/840/840
f 846/846/846 748/748/748 842/842/842
f 803/803/803 844/844/844 806/806/806
f 752/752/752 846/846/846 847/847/847
f 750/750/750 845/845/845 846/846/846
f 843/843/843 747/747/747 845/845/845
f 684/684/684 843/843/843 844/844/844
f 775/775/775 847/847/847 779/779/779
f 662/662/662 668/668/668 764/764/764
f 497/497/497 869/869/869 872/872/872
f 459/459/459 633/633/633 866/866/866
f 633/633/633 483/483/483 865/865/865
f 483/483/483 485/485/485 863/863/863
f 487/487/487 490/490/490 856/856/856
f 2313/2313/2313 2315/2315/2315 864/864/864
f 2305/2305/2305 2312/2312/2312 860/860/860
f 2306/2306/2306 2308/2308/2308 853/853/853
f 2312/2312/2312 2306/2306/2306 852/852/852
f 2311/2311/2311 2305/2305/2305 848/848/848
f 4719/4719/4719 4768/4768/4768 857/857/857
f 874/874/874 872/872/872 869/869/869
f 1385/1385/1385 1381/1381/1381 944/944/944
f 849/849/849 871/871/871 873/873/873
f 1384/1384/1384 946/946/946 890/890/890
f 1386/1386/1386 949/949/949 947/947/947
f 2667/2667/2667 4200/4200/4200 2661/2661/2661
f 1374/1374/1374 1379/1379/1379 942/942/942
f 1378/1378/1378 1377/1377/1377 939/939/939
f 1377/1377/1377 1348/1348/1348 910/910/910
f 1332/1332/1332 894/894/894 937/937/937
f 1375/1375/1375 937/937/937 938/938/938
f 1379/1379/1379 1307/1307/1307 935/935/935
f 1365/1365/1365 1356/1356/1356 916/916/916
f 1324/1324/1324 1366/1366/1366 926/926/926
f 1357/1357/1357 1354/1354/1354 914/914/914
f 1355/1355/1355 1353/1353/1353 913/913/913
f 4863/4863/4863 1364/1364/1364 925/925/925
f 1361/1361/1361 1362/1362/1362 922/922/922
f 1358/1358/1358 1360/1360/1360 920/920/920
f 1129/1129/1129 1367/1367/1367 1351/1351/1351
f 1339/1339/1339 1333/1333/1333 896/896/896
f 1334/1334/1334 1370/1370/1370 929/929/929
f 1372/1372/1372 1359/1359/1359 919/919/919
f 1342/1342/1342 1345/1345/1345 908/908/908
f 1350/1350/1350 1378/1378/1378 940/940/940
f 1347/1347/1347 1343/1343/1343 906/906/906
f 1349/1349/1349 912/912/912 907/907/907
f 1340/1340/1340 902/902/902 905/905/905
f 1341/1341/1341 903/903/903 898/898/898
f 1373/1373/1373 933/933/933 930/930/930
f 1325/1325/1325 887/887/887 899/899/899
f 1376/1376/1376 938/938/938 888/888/888
f 1338/1338/1338 900/900/900 894/894/894
f 1337/1337/1337 899/899/899 900/900/900
f 1122/1122/1122 955/955/955 458/458/458
f 2173/2173/2173 2171/2171/2171 1025/1025/1025
f 1387/1387/1387 1081/1081/1081 887/887/887
f 1317/1317/1317 881/881/881 926/926/926
f 1361/1361/1361 921/921/921 880/880/880
f 2282/2282/2282 2279/2279/2279 943/943/943
f 1326/1326/1326 888/888/888 881/881/881
f 1318/1318/1318 882/882/882 878/878/878
f 1309/1309/1309 875/875/875 920/920/920
f 1310/1310/1310 753/753/753 884/884/884
f 1320/1320/1320 884/884/884 913/913/913
f 1352/1352/1352 1335/1335/1335 897/897/897
f 1312/1312/1312 876/876/876 883/883/883
f 4861/4861/4861 4790/4790/4790 877/877/877
f 1314/1314/1314 879/879/879 875/875/875
f 560/560/560 498/498/498 1105/1105/1105
f 1316/1316/1316 880/880/880 889/889/889
f 34/34/34 1090/1090/1090 1088/1088/1088
f 1155/1155/1155 1224/1224/1224 1094/1094/1094
f 488/488/488 495/495/495 1104/1104/1104
f 486/486/486 484/484/484 1100/1100/1100
f 1242/1242/1242 1265/1265/1265 1818/1818/1818
f 47/47/47 1092/1092/1092 1082/1082/1082
f 185/185/185 963/963/963 964/964/964
f 4439/4439/4439 9/9/9 986/986/986
f 1082/1082/1082 994/994/994 1002/1002/1002
f 1091/1091/1091 1002/1002/1002 977/977/977
f 137/137/137 1009/1009/1009 987/987/987
f 634/634/634 629/629/629 198/198/198
f 1105/1105/1105 1095/1095/1095 958/958/958
f 464/464/464 634/634/634 1078/1078/1078
f 1104/1104/1104 1099/1099/1099 650/650/650
f 629/629/629 588/588/588 647/647/647
f 957/957/957 465/465/465 893/893/893
f 983/983/983 1243/1243/1243 1878/1878/1878
f 1859/1859/1859 1306/1306/1306 1277/1277/1277
f 2128/2128/2128 2172/2172/2172 960/960/960
f 1107/1107/1107 1105/1105/1105 205/205/205
f 1013/1013/1013 1019/1019/1019 1330/1330/1330
f 1005/1005/1005 1011/1011/1011 954/954/954
f 1328/1328/1328 891/891/891 1108/1108/1108
f 1090/1090/1090 1010/1010/1010 1017/1017/1017
f 1224/1224/1224 1223/1223/1223 962/962/962
f 998/998/998 1063/1063/1063 1065/1065/1065
f 1004/1004/1004 1065/1065/1065 1059/1059/1059
f 1072/1072/1072 1023/1023/1023 1027/1027/1027
f 1076/1076/1076 1027/1027/1027 1022/1022/1022
f 1006/1006/1006 1056/1056/1056 1057/1057/1057
f 1012/1012/1012 1057/1057/1057 1053/1053/1053
f 982/982/982 1050/1050/1050 1051/1051/1051
f 989/989/989 1051/1051/1051 1047/1047/1047
f 1040/1040/1040 967/967/967 971/971/971
f 1044/1044/1044 971/971/971 965/965/965
f 973/973/973 1036/1036/1036 1039/1039/1039
f 979/979/979 1039/1039/1039 1035/1035/1035
f 1028/1028/1028 992/992/992 995/995/995
f 1032/1032/1032 995/995/995 990/990/990
f 1067/1067/1067 1015/1015/1015 1020/1020/1020
f 1071/1071/1071 1020/1020/1020 1014/1014/1014
f 973/973/973 967/967/967 1040/1040/1040
f 4608/4608/4608 4798/4798/4798 928/928/928
f 5393/5393/5393 985/985/985 1048/1048/1048
f 586/586/586 461/461/461 927/927/927
f 1995/1995/1995 976/976/976 1035/1035/1035
f 1095/1095/1095 1104/1104/1104 270/270/270
f 982/982/982 992/992/992 1028/1028/1028
f 1103/1103/1103 1100/1100/1100 648/648/648
f 10/10/10 969/969/969 963/963/963
f 3913/3913/3913 1000/1000/1000 1061/1061/1061
f 998/998/998 1008/1008/1008 1053/1053/1053
f 180/180/180 964/964/964 1018/1018/1018
f 5226/5226/5226 1015/1015/1015 1067/1067/1067
f 1860/1860/1860 1861/1861/1861 993/993/993
f 1014/1014/1014 1023/1023/1023 1072/1072/1072
f 1092/1092/1092 1025/1025/1025 994/994/994
f 1226/1226/1226 1034/1034/1034 1038/1038/1038
f 495/495/495 493/493/493 1099/1099/1099
f 498/498/498 488/488/488 1095/1095/1095
f 44/44/44 1091/1091/1091 1085/1085/1085
f 35/35/35 1082/1082/1082 1091/1091/1091
f 2100/2100/2100 2173/2173/2173 1092/1092/1092
f 1080/1080/1080 893/893/893 1114/1114/1114
f 892/892/892 1078/1078/1078 1118/1118/1118
f 198/198/198 647/647/647 1101/1101/1101
f 271/271/271 927/927/927 1097/1097/1097
f 4798/4798/4798 4813/4813/4813 1096/1096/1096
f 1078/1078/1078 198/198/198 1106/1106/1106
f 2172/2172/2172 2174/2174/2174 1111/1111/1111
f 6/6/6 1113/1113/1113 1110/1110/1110
f 969/969/969 1112/1112/1112 1117/1117/1117
f 964/964/964 1093/1093/1093 1087/1087/1087
f 1009/1009/1009 1089/1089/1089 1084/1084/1084
f 4799/4799/4799 986/986/986 1083/1083/1083
f 963/963/963 1117/1117/1117 1093/1093/1093
f 980/980/980 951/951/951 1109/1109/1109
f 974/974/974 1109/1109/1109 959/959/959
f 968/968/968 959/959/959 953/953/953
f 991/991/991 996/996/996 1832/1832/1832
f 1388/1388/1388 1108/1108/1108 1081/1081/1081
f 1026/1026/1026 1024/1024/1024 1389/1389/1389
f 996/996/996 993/993/993 1861/1861/1861
f 1007/1007/1007 1116/1116/1116 954/954/954
f 1024/1024/1024 1013/1013/1013 1390/1390/1390
f 1001/1001/1001 1126/1126/1126 957/957/957
f 1003/1003/1003 957/957/957 1080/1080/1080
f 997/997/997 1080/1080/1080 1116/1116/1116
f 5269/5269/5269 1107/1107/1107 1079/1079/1079
f 5246/5246/5246 560/560/560 1107/1107/1107
f 5310/5310/5310 513/513/513 630/630/630
f 5308/5308/5308 470/470/470 641/641/641
f 5390/5390/5390 4717/4717/4717 550/550/550
f 5306/5306/5306 549/549/549 491/491/491
f 5230/5230/5230 1119/1119/1119 855/855/855
f 5314/5314/5314 645/645/645 468/468/468
f 5312/5312/5312 492/492/492 469/469/469
f 5240/5240/5240 592/592/592 526/526/526
f 5266/5266/5266 2311/2311/2311 858/858/858
f 5311/5311/5311 526/526/526 591/591/591
f 5270/5270/5270 1079/1079/1079 638/638/638
f 5232/5232/5232 1122/1122/1122 1120/1120/1120
f 5257/5257/5257 663/663/663 665/665/665
f 5260/5260/5260 665/665/665 661/661/661
f 5303/5303/5303 715/715/715 592/592/592
f 5239/5239/5239 638/638/638 663/663/663
f 5325/5325/5325 703/703/703 698/698/698
f 5262/5262/5262 706/706/706 708/708/708
f 5363/5363/5363 711/711/711 709/709/709
f 956/956/956 1125/1125/1125 1124/1124/1124
f 5366/5366/5366 716/716/716 715/715/715
f 5249/5249/5249 661/661/661 716/716/716
f 5247/5247/5247 5300/5300/5300 867/867/867
f 1021/1021/1021 1026/1026/1026 1368/1368/1368
f 5225/5225/5225 1005/1005/1005 1121/1121/1121
f 1331/1331/1331 1134/1134/1134 1132/1132/1132
f 5305/5305/5305 5314/5314/5314 884/884/884
f 5304/5304/5304 5291/5291/5291 920/920/920
f 5290/5290/5290 5310/5310/5310 880/880/880
f 5279/5279/5279 5284/5284/5284 930/930/930
f 5360/5360/5360 909/909/909 906/906/906
f 5362/5362/5362 911/911/911 940/940/940
f 5324/5324/5324 904/904/904 908/908/908
f 5281/5281/5281 932/932/932 919/919/919
f 5276/5276/5276 941/941/941 931/931/931
f 5251/5251/5251 895/895/895 929/929/929
f 5261/5261/5261 901/901/901 896/896/896
f 5236/5236/5236 1129/1129/1129 1128/1128/1128
f 5293/5293/5293 918/918/918 920/920/920
f 5290/5290/5290 921/921/921 922/922/922
f 5385/5385/5385 4782/4782/4782 925/925/925
f 5297/5297/5297 915/915/915 913/913/913
f 5294/5294/5294 917/917/917 914/914/914
f 5238/5238/5238 885/885/885 926/926/926
f 5233/5233/5233 1127/1127/1127 897/897/897
f 5286/5286/5286 924/924/924 916/916/916
f 5275/5275/5275 942/942/942 935/935/935
f 5278/5278/5278 935/935/935 936/936/936
f 5302/5302/5302 939/939/939 910/910/910
f 5301/5301/5301 940/940/940 939/939/939
f 5277/5277/5277 936/936/936 941/941/941
f 5280/5280/5280 934/934/934 942/942/942
f 5323/5323/5323 5305/5305/5305 753/753/753
f 5271/5271/5271 5299/5299/5299 947/947/947
f 5272/5272/5272 948/948/948 944/944/944
f 3914/3914/3914 1021/1021/1021 1130/1130/1130
f 1019/1019/1019 1016/1016/1016 1133/1133/1133
f 1074/1074/1074 1135/1135/1135 1073/1073/1073
f 1073/1073/1073 1135/1135/1135 1136/1136/1136
f 1069/1069/1069 1136/1136/1136 1066/1066/1066
f 2045/2045/2045 2044/2044/2044 1223/1223/1223
f 2015/2015/2015 2045/2045/2045 1224/1224/1224
f 2016/2016/2016 1156/1156/1156 1220/1220/1220
f 437/437/437 1217/1217/1217 1221/1221/1221
f 2043/2043/2043 1219/1219/1219 1222/1222/1222
f 2290/2290/2290 2280/2280/2280 1218/1218/1218
f 239/239/239 422/422/422 1215/1215/1215
f 309/309/309 421/421/421 1214/1214/1214
f 418/418/418 1212/1212/1212 1213/1213/1213
f 268/268/268 1175/1175/1175 1212/1212/1212
f 308/308/308 1205/1205/1205 1211/1211/1211
f 2077/2077/2077 1202/1202/1202 1208/1208/1208
f 322/322/322 324/324/324 1210/1210/1210
f 2019/2019/2019 2038/2038/2038 1206/1206/1206
f 2038/2038/2038 2039/2039/2039 1207/1207/1207
f 422/422/422 306/306/306 1203/1203/1203
f 60/60/60 1184/1184/1184 1191/1191/1191
f 252/252/252 1163/1163/1163 1179/1179/1179
f 142/142/142 1193/1193/1193 1151/1151/1151
f 61/61/61 29/29/29 1182/1182/1182
f 15/15/15 1180/1180/1180 1181/1181/1181
f 4453/4453/4453 4829/4829/4829 1190/1190/1190
f 155/155/155 176/176/176 1189/1189/1189
f 195/195/195 197/197/197 1187/1187/1187
f 36/36/36 1178/1178/1178 1195/1195/1195
f 254/254/254 1160/1160/1160 1167/1167/1167
f 234/234/234 1197/1197/1197 1161/1161/1161
f 421/421/421 236/236/236 1198/1198/1198
f 194/194/194 1186/1186/1186 1199/1199/1199
f 264/264/264 1173/1173/1173 1168/1168/1168
f 420/420/420 1213/1213/1213 1176/1176/1176
f 263/263/263 1171/1171/1171 1174/1174/1174
f 2033/2033/2033 1172/1172/1172 1177/1177/1177
f 2030/2030/2030 1170/1170/1170 1166/1166/1166
f 2023/2023/2023 1162/1162/1162 1169/1169/1169
f 2071/2071/2071 1196/1196/1196 1201/1201/1201
f 2012/2012/2012 2024/2024/2024 1164/1164/1164
f 2039/2039/2039 2013/2013/2013 1153/1153/1153
f 2025/2025/2025 2019/2019/2019 1159/1159/1159
f 2024/2024/2024 2025/2025/2025 1165/1165/1165
f 2009/2009/2009 1149/1149/1149 1157/1157/1157
f 2044/2044/2044 2012/2012/2012 1152/1152/1152
f 2004/2004/2004 2067/2067/2067 1193/1193/1193
f 2003/2003/2003 1143/1143/1143 1188/1188/1188
f 2679/2679/2679 2663/2663/2663 1154/1154/1154
f 2004/2004/2004 1144/1144/1144 1153/1153/1153
f 2005/2005/2005 2001/2001/2001 1141/1141/1141
f 2061/2061/2061 1187/1187/1187 1138/1138/1138
f 2007/2007/2007 1147/1147/1147 1137/1137/1137
f 2007/2007/2007 2054/2054/2054 1180/1180/1180
f 2088/2088/2088 1218/1218/1218 1148/1148/1148
f 2006/2006/2006 1146/1146/1146 1139/1139/1139
f 4995/4995/4995 1999/1999/1999 1140/1140/1140
f 1998/1998/1998 1138/1138/1138 1142/1142/1142
f 2003/2003/2003 2014/2014/2014 1154/1154/1154
f 972/972/972 953/953/953 1194/1194/1194
f 980/980/980 975/975/975 1158/1158/1158
f 1042/1042/1042 1225/1225/1225 1041/1041/1041
f 1225/1225/1225 1226/1226/1226 1037/1037/1037
f 5424/5424/5424 1253/1253/1253 1256/1256/1256
f 5420/5420/5420 5422/5422/5422 1252/1252/1252
f 5541/5541/5541 5421/5421/5421 1251/1251/1251
f 5475/5475/5475 1301/1301/1301 1302/1302/1302
f 5470/5470/5470 1295/1295/1295 1301/1301/1301
f 5542/5542/5542 315/315/315 327/327/327
f 5543/5543/5543 5546/5546/5546 329/329/329
f 5422/5422/5422 5540/5540/5540 318/318/318
f 5402/5402/5402 1232/1232/1232 1240/1240/1240
f 5458/5458/5458 1283/1283/1283 1228/1228/1228
f 5412/5412/5412 1242/1242/1242 1272/1272/1272
f 5403/5403/5403 5400/5400/5400 1231/1231/1231
f 5399/5399/5399 1229/1229/1229 1230/1230/1230
f 5562/5562/5562 4853/4853/4853 1238/1238/1238
f 5407/5407/5407 5408/5408/5408 1239/1239/1239
f 5405/5405/5405 5406/5406/5406 1236/1236/1236
f 5397/5397/5397 1227/1227/1227 1244/1244/1244
f 5456/5456/5456 1282/1282/1282 1287/1287/1287
f 5416/5416/5416 1246/1246/1246 1281/1281/1281
f 5421/5421/5421 5417/5417/5417 1248/1248/1248
f 5404/5404/5404 1234/1234/1234 1247/1247/1247
f 5468/5468/5468 1294/1294/1294 1289/1289/1289
f 5476/5476/5476 1302/1302/1302 1298/1298/1298
f 5466/5466/5466 1291/1291/1291 1296/1296/1296
f 5394/5394/5394 5414/5414/5414 1243/1243/1243
f 5430/5430/5430 991/991/991 1278/1278/1278
f 1426/1426/1426 1389/1389/1389 1390/1390/1390
f 1411/1411/1411 1368/1368/1368 1389/1389/1389
f 1425/1425/1425 1388/1388/1388 1387/1387/1387
f 1447/1447/1447 1328/1328/1328 1388/1388/1388
f 1434/1434/1434 1316/1316/1316 1327/1327/1327
f 1433/1433/1433 1314/1314/1314 1309/1309/1309
f 4885/4885/4885 4861/4861/4861 1313/1313/1313
f 1431/1431/1431 1312/1312/1312 1319/1319/1319
f 1440/1440/1440 1321/1321/1321 1382/1382/1382
f 1438/1438/1438 1320/1320/1320 1353/1353/1353
f 1429/1429/1429 1310/1310/1310 1320/1320/1320
f 1428/1428/1428 1309/1309/1309 1360/1360/1360
f 1436/1436/1436 1318/1318/1318 1315/1315/1315
f 1444/1444/1444 1326/1326/1326 1317/1317/1317
f 2283/2283/2283 2282/2282/2282 1380/1380/1380
f 1404/1404/1404 1361/1361/1361 1316/1316/1316
f 1435/1435/1435 1317/1317/1317 1366/1366/1366
f 1424/1424/1424 1387/1387/1387 1325/1325/1325
f 1427/1427/1427 1390/1390/1390 1330/1330/1330
f 1448/1448/1448 1331/1331/1331 1322/1322/1322
f 1455/1455/1455 1337/1337/1337 1338/1338/1338
f 1456/1456/1456 1338/1338/1338 1332/1332/1332
f 1470/1470/1470 1376/1376/1376 1326/1326/1326
f 1443/1443/1443 1325/1325/1325 1337/1337/1337
f 1416/1416/1416 1373/1373/1373 1369/1369/1369
f 1459/1459/1459 1341/1341/1341 1336/1336/1336
f 1457/1457/1457 1340/1340/1340 1344/1344/1344
f 1467/1467/1467 1349/1349/1349 1346/1346/1346
f 1466/1466/1466 1462/1462/1462 1343/1343/1343
f 1468/1468/1468 1472/1472/1472 1378/1378/1378
f 1460/1460/1460 1464/1464/1464 1345/1345/1345
f 1414/1414/1414 1402/1402/1402 1359/1359/1359
f 1321/1321/1321 1131/1131/1131 945/945/945
f 1452/1452/1452 1412/1412/1412 1370/1370/1370
f 1458/1458/1458 1451/1451/1451 1333/1333/1333
f 1410/1410/1410 1395/1395/1395 1351/1351/1351
f 1401/1401/1401 1403/1403/1403 1360/1360/1360
f 1404/1404/1404 1405/1405/1405 1362/1362/1362
f 4872/4872/4872 1407/1407/1407 1364/1364/1364
f 1398/1398/1398 1396/1396/1396 1353/1353/1353
f 1400/1400/1400 1397/1397/1397 1354/1354/1354
f 1441/1441/1441 1409/1409/1409 1366/1366/1366
f 1394/1394/1394 1453/1453/1453 1335/1335/1335
f 1408/1408/1408 1399/1399/1399 1356/1356/1356
f 1418/1418/1418 1391/1391/1391 1307/1307/1307
f 1469/1469/1469 1375/1375/1375 1376/1376/1376
f 1450/1450/1450 1332/1332/1332 1375/1375/1375
f 941/941/941 1311/1311/1311 1371/1371/1371
f 1471/1471/1471 1465/1465/1465 1348/1348/1348
f 1472/1472/1472 1471/1471/1471 1377/1377/1377
f 935/935/935 1307/1307/1307 1308/1308/1308
f 1417/1417/1417 1418/1418/1418 1379/1379/1379
f 2668/2668/2668 2667/2667/2667 1310/1310/1310
f 1422/1422/1422 1386/1386/1386 1383/1383/1383
f 1474/1474/1474 1384/1384/1384 1329/1329/1329
f 1423/1423/1423 1420/1420/1420 1381/1381/1381
f 1506/1506/1506 1503/1503/1503 1420/1420/1420
f 1558/1558/1558 1474/1474/1474 1446/1446/1446
f 1507/1507/1507 1422/1422/1422 1473/1473/1473
f 2669/2669/2669 2668/2668/2668 1429/1429/1429
f 1500/1500/1500 1502/1502/1502 1418/1418/1418
f 1556/1556/1556 1555/1555/1555 1471/1471/1471
f 1555/1555/1555 1549/1549/1549 1465/1465/1465
f 1534/1534/1534 1450/1450/1450 1469/1469/1469
f 1553/1553/1553 1469/1469/1469 1470/1470/1470
f 1502/1502/1502 1475/1475/1475 1391/1391/1391
f 1492/1492/1492 1484/1484/1484 1399/1399/1399
f 1479/1479/1479 1537/1537/1537 1453/1453/1453
f 1526/1526/1526 1493/1493/1493 1409/1409/1409
f 1483/1483/1483 1481/1481/1481 1397/1397/1397
f 1482/1482/1482 1480/1480/1480 1396/1396/1396
f 4896/4896/4896 1491/1491/1491 1407/1407/1407
f 1488/1488/1488 1489/1489/1489 1405/1405/1405
f 1485/1485/1485 1487/1487/1487 1403/1403/1403
f 1494/1494/1494 1478/1478/1478 1395/1395/1395
f 1541/1541/1541 1536/1536/1536 1451/1451/1451
f 1535/1535/1535 1497/1497/1497 1412/1412/1412
f 1499/1499/1499 1486/1486/1486 1402/1402/1402
f 1544/1544/1544 1548/1548/1548 1464/1464/1464
f 1552/1552/1552 1556/1556/1556 1472/1472/1472
f 1550/1550/1550 1545/1545/1545 1462/1462/1462
f 1551/1551/1551 1467/1467/1467 1463/1463/1463
f 1542/1542/1542 1457/1457/1457 1461/1461/1461
f 1543/1543/1543 1459/1459/1459 1454/1454/1454
f 1501/1501/1501 1416/1416/1416 1413/1413/1413
f 1527/1527/1527 1443/1443/1443 1455/1455/1455
f 1554/1554/1554 1470/1470/1470 1444/1444/1444
f 1540/1540/1540 1456/1456/1456 1450/1450/1450
f 1539/1539/1539 1455/1455/1455 1456/1456/1456
f 1533/1533/1533 1448/1448/1448 1439/1439/1439
f 1511/1511/1511 1427/1427/1427 1449/1449/1449
f 1508/1508/1508 1424/1424/1424 1443/1443/1443
f 1519/1519/1519 1435/1435/1435 1409/1409/1409
f 1488/1488/1488 1404/1404/1404 1434/1434/1434
f 2284/2284/2284 2283/2283/2283 1419/1419/1419
f 1528/1528/1528 1444/1444/1444 1435/1435/1435
f 1520/1520/1520 1436/1436/1436 1432/1432/1432
f 1512/1512/1512 1428/1428/1428 1403/1403/1403
f 1513/1513/1513 1429/1429/1429 1438/1438/1438
f 1522/1522/1522 1438/1438/1438 1396/1396/1396
f 1524/1524/1524 1440/1440/1440 1421/1421/1421
f 1514/1514/1514 1431/1431/1431 1437/1437/1437
f 4893/4893/4893 4885/4885/4885 1430/1430/1430
f 1517/1517/1517 1433/1433/1433 1428/1428/1428
f 1518/1518/1518 1434/1434/1434 1445/1445/1445
f 1530/1530/1530 1447/1447/1447 1425/1425/1425
f 1509/1509/1509 1425/1425/1425 1424/1424/1424
f 1495/1495/1495 1411/1411/1411 1426/1426/1426
f 1510/1510/1510 1426/1426/1426 1427/1427/1427
f 1311/1311/1311 1393/1393/1393 1415/1415/1415
f 1307/1307/1307 1391/1391/1391 1392/1392/1392
f 1308/1308/1308 1392/1392/1392 1393/1393/1393
f 1594/1594/1594 1510/1510/1510 1511/1511/1511
f 1579/1579/1579 1495/1495/1495 1510/1510/1510
f 1593/1593/1593 1509/1509/1509 1508/1508/1508
f 1614/1614/1614 1530/1530/1530 1509/1509/1509
f 1602/1602/1602 1518/1518/1518 1529/1529/1529
f 1600/1600/1600 1517/1517/1517 1512/1512/1512
f 4918/4918/4918 4893/4893/4893 1515/1515/1515
f 1599/1599/1599 1514/1514/1514 1521/1521/1521
f 1608/1608/1608 1524/1524/1524 1505/1505/1505
f 1606/1606/1606 1522/1522/1522 1480/1480/1480
f 1597/1597/1597 1513/1513/1513 1522/1522/1522
f 1596/1596/1596 1512/1512/1512 1487/1487/1487
f 1604/1604/1604 1520/1520/1520 1516/1516/1516
f 1612/1612/1612 1528/1528/1528 1519/1519/1519
f 2285/2285/2285 2284/2284/2284 1504/1504/1504
f 1572/1572/1572 1488/1488/1488 1518/1518/1518
f 1603/1603/1603 1519/1519/1519 1493/1493/1493
f 1592/1592/1592 1508/1508/1508 1527/1527/1527
f 1595/1595/1595 1511/1511/1511 1532/1532/1532
f 1616/1616/1616 1533/1533/1533 1523/1523/1523
f 1623/1623/1623 1539/1539/1539 1540/1540/1540
f 1624/1624/1624 1540/1540/1540 1534/1534/1534
f 1638/1638/1638 1554/1554/1554 1528/1528/1528
f 1611/1611/1611 1527/1527/1527 1539/1539/1539
f 1585/1585/1585 1501/1501/1501 1496/1496/1496
f 1627/1627/1627 1543/1543/1543 1538/1538/1538
f 1626/1626/1626 1542/1542/1542 1546/1546/1546
f 1635/1635/1635 1551/1551/1551 1547/1547/1547
f 1634/1634/1634 1629/1629/1629 1545/1545/1545
f 1636/1636/1636 1640/1640/1640 1556/1556/1556
f 1628/1628/1628 1631/1631/1631 1548/1548/1548
f 1582/1582/1582 1570/1570/1570 1486/1486/1486
f 1620/1620/1620 1580/1580/1580 1497/1497/1497
f 1625/1625/1625 1619/1619/1619 1536/1536/1536
f 1578/1578/1578 1563/1563/1563 1478/1478/1478
f 1569/1569/1569 1571/1571/1571 1487/1487/1487
f 1572/1572/1572 1574/1574/1574 1489/1489/1489
f 4903/4903/4903 1575/1575/1575 1491/1491/1491
f 1566/1566/1566 1564/1564/1564 1480/1480/1480
f 1568/1568/1568 1565/1565/1565 1481/1481/1481
f 1610/1610/1610 1577/1577/1577 1493/1493/1493
f 1562/1562/1562 1621/1621/1621 1537/1537/1537
f 1576/1576/1576 1567/1567/1567 1484/1484/1484
f 1586/1586/1586 1559/1559/1559 1475/1475/1475
f 1637/1637/1637 1553/1553/1553 1554/1554/1554
f 1618/1618/1618 1534/1534/1534 1553/1553/1553
f 1639/1639/1639 1633/1633/1633 1549/1549/1549
f 1640/1640/1640 1639/1639/1639 1555/1555/1555
f 1584/1584/1584 1586/1586/1586 1502/1502/1502
f 2670/2670/2670 2669/2669/2669 1513/1513/1513
f 1591/1591/1591 1507/1507/1507 1557/1557/1557
f 1642/1642/1642 1558/1558/1558 1531/1531/1531
f 1590/1590/1590 1587/1587/1587 1503/1503/1503
f 1393/1393/1393 1477/1477/1477 1498/1498/1498
f 1391/1391/1391 1475/1475/1475 1476/1476/1476
f 1392/1392/1392 1476/1476/1476 1477/1477/1477
f 1641/1641/1641 1719/1719/1719 1721/1721/1721
f 1717/1717/1717 1587/1587/1587 1590/1590/1590
f 2325/2325/2325 2793/2793/2793 2807/2807/2807
f 1622/1622/1622 1693/1693/1693 1698/1698/1698
f 1710/1710/1710 1559/1559/1559 1586/1586/1586
f 1619/1619/1619 1625/1625/1625 1696/1696/1696
f 1631/1631/1631 1628/1628/1628 1699/1699/1699
f 1661/1661/1661 1580/1580/1580 1620/1620/1620
f 1632/1632/1632 1703/1703/1703 1707/1707/1707
f 1624/1624/1624 1695/1695/1695 1694/1694/1694
f 1638/1638/1638 1709/1709/1709 1708/1708/1708
f 1561/1561/1561 1714/1714/1714 1663/1663/1663
f 1618/1618/1618 1689/1689/1689 1695/1695/1695
f 1594/1594/1594 1725/1725/1725 1659/1659/1659
f 2218/2218/2218 2217/2217/2217 2428/2428/2428
f 1592/1592/1592 1723/1723/1723 1724/1724/1724
f 1613/1613/1613 1684/1684/1684 1673/1673/1673
f 1603/1603/1603 1674/1674/1674 1683/1683/1683
f 2267/2267/2267 2359/2359/2359 2379/2379/2379
f 1658/1658/1658 1577/1577/1577 1610/1610/1610
f 1645/1645/1645 1564/1564/1564 1566/1566/1566
f 1646/1646/1646 1565/1565/1565 1568/1568/1568
f 1645/1645/1645 1677/1677/1677 1606/1606/1606
f 1652/1652/1652 1571/1571/1571 1569/1569/1569
f 1658/1658/1658 1674/1674/1674 1603/1603/1603
f 1652/1652/1652 1668/1668/1668 1596/1596/1596
f 1593/1593/1593 1724/1724/1724 1685/1685/1685
f 1606/1606/1606 1677/1677/1677 1667/1667/1667
f 1649/1649/1649 1567/1567/1567 1576/1576/1576
f 1716/1716/1716 1679/1679/1679 1608/1608/1608
f 1595/1595/1595 1726/1726/1726 1725/1725/1725
f 1643/1643/1643 1563/1563/1563 1578/1578/1578
f 1617/1617/1617 1688/1688/1688 1726/1726/1726
f 1477/1477/1477 1561/1561/1561 1583/1583/1583
f 1475/1475/1475 1559/1559/1559 1560/1560/1560
f 1476/1476/1476 1560/1560/1560 1561/1561/1561
f 1807/1807/1807 1717/1717/1717 1722/1722/1722
f 1615/1615/1615 1686/1686/1686 1720/1720/1720
f 1801/1801/1801 1805/1805/1805 1715/1715/1715
f 1803/1803/1803 1804/1804/1804 1714/1714/1714
f 1770/1770/1770 1712/1712/1712 1713/1713/1713
f 1764/1764/1764 1705/1705/1705 1712/1712/1712
f 1805/1805/1805 1802/1802/1802 1710/1710/1710
f 1802/1802/1802 1803/1803/1803 1711/1711/1711
f 1602/1602/1602 1673/1673/1673 1653/1653/1653
f 1760/1760/1760 1700/1700/1700 1704/1704/1704
f 1771/1771/1771 1713/1713/1713 1706/1706/1706
f 1762/1762/1762 1702/1702/1702 1699/1699/1699
f 1786/1786/1786 1651/1651/1651 1664/1664/1664
f 1804/1804/1804 1799/1799/1799 1663/1663/1663
f 1796/1796/1796 1661/1661/1661 1691/1691/1691
f 1750/1750/1750 1690/1690/1690 1696/1696/1696
f 1779/1779/1779 1643/1643/1643 1660/1660/1660
f 1785/1785/1785 1787/1787/1787 1652/1652/1652
f 1788/1788/1788 1790/1790/1790 1655/1655/1655
f 4942/4942/4942 4934/4934/4934 1654/1654/1654
f 1780/1780/1780 1645/1645/1645 1647/1647/1647
f 1784/1784/1784 1782/1782/1782 1646/1646/1646
f 1793/1793/1793 1658/1658/1658 1680/1680/1680
f 1753/1753/1753 1692/1692/1692 1644/1644/1644
f 1783/1783/1783 1649/1649/1649 1657/1657/1657
f 2410/2410/2410 2220/2220/2220 2219/2219/2219
f 1867/1867/1867 1783/1783/1783 1791/1791/1791
f 1836/1836/1836 1753/1753/1753 1778/1778/1778
f 1877/1877/1877 1793/1793/1793 1740/1740/1740
f 1868/1868/1868 1865/1865/1865 1782/1782/1782
f 1864/1864/1864 1780/1780/1780 1781/1781/1781
f 4958/4958/4958 4942/4942/4942 1789/1789/1789
f 1872/1872/1872 1873/1873/1873 1790/1790/1790
f 1869/1869/1869 1871/1871/1871 1787/1787/1787
f 1862/1862/1862 1779/1779/1779 1795/1795/1795
f 1835/1835/1835 1750/1750/1750 1756/1756/1756
f 1880/1880/1880 1796/1796/1796 1751/1751/1751
f 1888/1888/1888 1883/1883/1883 1799/1799/1799
f 1870/1870/1870 1786/1786/1786 1798/1798/1798
f 1846/1846/1846 1762/1762/1762 1759/1759/1759
f 1855/1855/1855 1771/1771/1771 1766/1766/1766
f 1844/1844/1844 1760/1760/1760 1765/1765/1765
f 1886/1886/1886 1887/1887/1887 1803/1803/1803
f 1889/1889/1889 1886/1886/1886 1802/1802/1802
f 1849/1849/1849 1764/1764/1764 1770/1770/1770
f 1854/1854/1854 1770/1770/1770 1771/1771/1771
f 1887/1887/1887 1888/1888/1888 1804/1804/1804
f 1884/1884/1884 1889/1889/1889 1805/1805/1805
f 1725/1725/1725 1726/1726/1726 1777/1777/1777
f 1659/1659/1659 1725/1725/1725 1776/1776/1776
f 1724/1724/1724 1723/1723/1723 1774/1774/1774
f 1685/1685/1685 1724/1724/1724 1775/1775/1775
f 1719/1719/1719 1773/1773/1773 1809/1809/1809
f 2286/2286/2286 2287/2287/2287 1806/1806/1806
f 1708/1708/1708 1709/1709/1709 1769/1769/1769
f 1689/1689/1689 1708/1708/1708 1768/1768/1768
f 1673/1673/1673 1684/1684/1684 1744/1744/1744
f 1668/1668/1668 1728/1728/1728 1732/1732/1732
f 4919/4919/4919 1670/1670/1670 1729/1729/1729
f 1675/1675/1675 1736/1736/1736 1730/1730/1730
f 1716/1716/1716 1806/1806/1806 1738/1738/1738
f 1677/1677/1677 1645/1645/1645 1780/1780/1780
f 1677/1677/1677 1737/1737/1737 1727/1727/1727
f 1652/1652/1652 1787/1787/1787 1728/1728/1728
f 1676/1676/1676 1672/1672/1672 1731/1731/1731
f 1674/1674/1674 1734/1734/1734 1743/1743/1743
f 2671/2671/2671 2674/2674/2674 1744/1744/1744
f 1673/1673/1673 1733/1733/1733 1788/1788/1788
f 1674/1674/1674 1658/1658/1658 1793/1793/1793
f 1723/1723/1723 1682/1682/1682 1742/1742/1742
f 1726/1726/1726 1688/1688/1688 1747/1747/1747
f 1678/1678/1678 1739/1739/1739 1748/1748/1748
f 1694/1694/1694 1695/1695/1695 1755/1755/1755
f 1695/1695/1695 1689/1689/1689 1749/1749/1749
f 1709/1709/1709 1683/1683/1683 1743/1743/1743
f 1682/1682/1682 1694/1694/1694 1754/1754/1754
f 1662/1662/1662 1797/1797/1797 1800/1800/1800
f 1693/1693/1693 1752/1752/1752 1758/1758/1758
f 1701/1701/1701 1761/1761/1761 1757/1757/1757
f 1703/1703/1703 1763/1763/1763 1767/1767/1767
f 1686/1686/1686 1746/1746/1746 1772/1772/1772
f 318/318/318 317/317/317 1887/1887/1887
f 1892/1892/1892 1807/1807/1807 1810/1810/1810
f 1776/1776/1776 1777/1777/1777 1861/1861/1861
f 1794/1794/1794 1776/1776/1776 1860/1860/1860
f 1775/1775/1775 1774/1774/1774 1858/1858/1858
f 1745/1745/1745 1775/1775/1775 1859/1859/1859
f 1773/1773/1773 1856/1856/1856 1893/1893/1893
f 2287/2287/2287 2288/2288/2288 1890/1890/1890
f 1768/1768/1768 1769/1769/1769 1853/1853/1853
f 1749/1749/1749 1768/1768/1768 1852/1852/1852
f 1733/1733/1733 1744/1744/1744 1828/1828/1828
f 1728/1728/1728 1812/1812/1812 1816/1816/1816
f 4944/4944/4944 1729/1729/1729 1813/1813/1813
f 1736/1736/1736 1820/1820/1820 1814/1814/1814
f 1806/1806/1806 1890/1890/1890 1822/1822/1822
f 1737/1737/1737 1780/1780/1780 1864/1864/1864
f 1737/1737/1737 1821/1821/1821 1811/1811/1811
f 1787/1787/1787 1871/1871/1871 1812/1812/1812
f 1735/1735/1735 1731/1731/1731 1815/1815/1815
f 1734/1734/1734 1818/1818/1818 1827/1827/1827
f 2674/2674/2674 2675/2675/2675 1828/1828/1828
f 1733/1733/1733 1817/1817/1817 1872/1872/1872
f 1734/1734/1734 1793/1793/1793 1877/1877/1877
f 1774/1774/1774 1742/1742/1742 1826/1826/1826
f 1777/1777/1777 1747/1747/1747 1832/1832/1832
f 1739/1739/1739 1823/1823/1823 1831/1831/1831
f 1754/1754/1754 1755/1755/1755 1839/1839/1839
f 1755/1755/1755 1749/1749/1749 1833/1833/1833
f 1769/1769/1769 1743/1743/1743 1827/1827/1827
f 1742/1742/1742 1754/1754/1754 1838/1838/1838
f 1797/1797/1797 1881/1881/1881 1885/1885/1885
f 1752/1752/1752 1837/1837/1837 1843/1843/1843
f 1761/1761/1761 1845/1845/1845 1840/1840/1840
f 1763/1763/1763 1847/1847/1847 1850/1850/1850
f 1996/1996/1996 1899/1899/1899 1923/1923/1923
f 2048/2048/2048 2069/2069/2069 1971/1971/1971
f 2031/2031/2031 1937/1937/1937 1941/1941/1941
f 2041/2041/2041 1947/1947/1947 1942/1942/1942
f 2032/2032/2032 1938/1938/1938 1934/1934/1934
f 2060/2060/2060 1962/1962/1962 1974/1974/1974
f 2084/2084/2084 2073/2073/2073 1975/1975/1975
f 2070/2070/2070 1972/1972/1972 1926/1926/1926
f 2021/2021/2021 1927/1927/1927 1933/1933/1933
f 2052/2052/2052 1954/1954/1954 1970/1970/1970
f 2059/2059/2059 2061/2061/2061 1963/1963/1963
f 2062/2062/2062 2064/2064/2064 1966/1966/1966
f 4993/4993/4993 4973/4973/4973 1965/1965/1965
f 2054/2054/2054 1956/1956/1956 1958/1958/1958
f 2057/2057/2057 2056/2056/2056 1957/1957/1957
f 2067/2067/2067 1969/1969/1969 1917/1917/1917
f 2022/2022/2022 1928/1928/1928 1955/1955/1955
f 2058/2058/2058 1959/1959/1959 1968/1968/1968
f 2085/2085/2085 2076/2076/2076 1979/1979/1979
f 2080/2080/2080 2083/2083/2083 1984/1984/1984
f 2079/2079/2079 1980/1980/1980 1985/1985/1985
f 2034/2034/2034 1940/1940/1940 1946/1946/1946
f 2040/2040/2040 1946/1946/1946 1947/1947/1947
f 2078/2078/2078 2084/2084/2084 1986/1986/1986
f 2075/2075/2075 2085/2085/2085 1987/1987/1987
f 2087/2087/2087 1988/1988/1988 1991/1991/1991
f 2046/2046/2046 1952/1952/1952 1953/1953/1953
f 2047/2047/2047 1953/1953/1953 1902/1902/1902
f 1993/1993/1993 1898/1898/1898 1952/1952/1952
f 5438/5438/5438 5449/5449/5449 1920/1920/1920
f 5433/5433/5433 1904/1904/1904 1908/1908/1908
f 5557/5557/5557 5435/5435/5435 1905/1905/1905
f 5440/5440/5440 1911/1911/1911 1906/1906/1906
f 5425/5425/5425 1990/1990/1990 1914/1914/1914
f 5442/5442/5442 5399/5399/5399 1956/1956/1956
f 5442/5442/5442 1913/1913/1913 1903/1903/1903
f 5406/5406/5406 1963/1963/1963 1904/1904/1904
f 5441/5441/5441 5437/5437/5437 1907/1907/1907
f 5439/5439/5439 1910/1910/1910 1919/1919/1919
f 5493/5493/5493 2678/2678/2678 1920/1920/1920
f 5438/5438/5438 1909/1909/1909 1964/1964/1964
f 5439/5439/5439 5412/5412/5412 1969/1969/1969
f 5479/5479/5479 5447/5447/5447 1918/1918/1918
f 5443/5443/5443 1915/1915/1915 1924/1924/1924
f 5459/5459/5459 5460/5460/5460 1931/1931/1931
f 5460/5460/5460 5454/5454/5454 1925/1925/1925
f 5474/5474/5474 5448/5448/5448 1919/1919/1919
f 5447/5447/5447 5459/5459/5459 1930/1930/1930
f 5415/5415/5415 1973/1973/1973 1976/1976/1976
f 5457/5457/5457 1929/1929/1929 1935/1935/1935
f 5465/5465/5465 1936/1936/1936 1932/1932/1932
f 5467/5467/5467 1939/1939/1939 1943/1943/1943
f 5473/5473/5473 5474/5474/5474 1945/1945/1945
f 5454/5454/5454 5473/5473/5473 1944/1944/1944
f 5539/5539/5539 1978/1978/1978 1982/1982/1982
f 5484/5484/5484 2289/2289/2289 1990/1990/1990
f 5478/5478/5478 1948/1948/1948 1992/1992/1992
f 5451/5451/5451 1922/1922/1922 1949/1949/1949
f 5450/5450/5450 5480/5480/5480 1951/1951/1951
f 5480/5480/5480 5479/5479/5479 1950/1950/1950
f 5431/5431/5431 1900/1900/1900 1901/1901/1901
f 2049/2049/2049 1895/1895/1895 1897/1897/1897
f 965/965/965 2049/2049/2049 1994/1994/1994
f 1042/1042/1042 1993/1993/1993 2046/2046/2046
f 1226/1226/1226 2047/2047/2047 2051/2051/2051
f 1225/1225/1225 2046/2046/2046 2047/2047/2047
f 1217/1217/1217 2087/2087/2087 2089/2089/2089
f 1200/1200/1200 1215/1215/1215 2085/2085/2085
f 1204/1204/1204 1214/1214/1214 2084/2084/2084
f 1212/1212/1212 2040/2040/2040 2041/2041/2041
f 1175/1175/1175 2034/2034/2034 2040/2040/2040
f 1205/1205/1205 2079/2079/2079 2082/2082/2082
f 1209/1209/1209 1210/1210/1210 2083/2083/2083
f 1215/1215/1215 1203/1203/1203 2076/2076/2076
f 1184/1184/1184 2058/2058/2058 2065/2065/2065
f 1163/1163/1163 2022/2022/2022 2053/2053/2053
f 1193/1193/1193 2067/2067/2067 2011/2011/2011
f 1183/1183/1183 1182/1182/1182 2056/2056/2056
f 1180/1180/1180 2054/2054/2054 2055/2055/2055
f 4829/4829/4829 4993/4993/4993 2063/2063/2063
f 1188/1188/1188 1189/1189/1189 2064/2064/2064
f 1185/1185/1185 1187/1187/1187 2061/2061/2061
f 1178/1178/1178 2052/2052/2052 2068/2068/2068
f 1160/1160/1160 2021/2021/2021 2026/2026/2026
f 1197/1197/1197 2070/2070/2070 2020/2020/2020
f 1214/1214/1214 1198/1198/1198 2073/2073/2073
f 1186/1186/1186 2060/2060/2060 2072/2072/2072
f 1173/1173/1173 2032/2032/2032 2028/2028/2028
f 1213/1213/1213 2041/2041/2041 2037/2037/2037
f 1171/1171/1171 2031/2031/2031 2035/2035/2035
f 966/966/966 1194/1194/1194 2069/2069/2069
f 975/975/975 1996/1996/1996 2018/2018/2018
f 1909/1909/1909 1920/1920/1920 2014/2014/2014
f 1904/1904/1904 1998/1998/1998 2002/2002/2002
f 4976/4976/4976 1905/1905/1905 1999/1999/1999
f 1911/1911/1911 2006/2006/2006 2000/2000/2000
f 1990/1990/1990 2088/2088/2088 2008/2008/2008
f 1913/1913/1913 1956/1956/1956 2054/2054/2054
f 1913/1913/1913 2007/2007/2007 1997/1997/1997
f 1963/1963/1963 2061/2061/2061 1998/1998/1998
f 1912/1912/1912 1907/1907/1907 2001/2001/2001
f 1910/1910/1910 2004/2004/2004 2013/2013/2013
f 2678/2678/2678 2679/2679/2679 2014/2014/2014
f 1909/1909/1909 2003/2003/2003 2062/2062/2062
f 1910/1910/1910 1969/1969/1969 2067/2067/2067
f 1950/1950/1950 1918/1918/1918 2012/2012/2012
f 1915/1915/1915 2009/2009/2009 2017/2017/2017
f 1930/1930/1930 1931/1931/1931 2025/2025/2025
f 1931/1931/1931 1925/1925/1925 2019/2019/2019
f 1945/1945/1945 1919/1919/1919 2013/2013/2013
f 1918/1918/1918 1930/1930/1930 2024/2024/2024
f 1973/1973/1973 2071/2071/2071 2074/2074/2074
f 1929/1929/1929 2023/2023/2023 2029/2029/2029
f 1936/1936/1936 2030/2030/2030 2027/2027/2027
f 1939/1939/1939 2033/2033/2033 2036/2036/2036
f 1944/1944/1944 1945/1945/1945 2039/2039/2039
f 1925/1925/1925 1944/1944/1944 2038/2038/2038
f 1978/1978/1978 2077/2077/2077 2081/2081/2081
f 2289/2289/2289 2290/2290/2290 2088/2088/2088
f 1948/1948/1948 2043/2043/2043 2090/2090/2090
f 1922/1922/1922 2016/2016/2016 2042/2042/2042
f 1921/1921/1921 1951/1951/1951 2045/2045/2045
f 1951/1951/1951 1950/1950/1950 2044/2044/2044
f 1900/1900/1900 1995/1995/1995 2050/2050/2050
f 959/959/959 1109/1109/1109 2174/2174/2174
f 109/109/109 1094/1094/1094 2173/2173/2173
f 953/953/953 959/959/959 2172/2172/2172
f 1094/1094/1094 962/962/962 2171/2171/2171
f 427/427/427 2166/2166/2166 2170/2170/2170
f 453/453/453 447/447/447 2168/2168/2168
f 2298/2298/2298 438/438/438 2165/2165/2165
f 113/113/113 434/434/434 2164/2164/2164
f 239/239/239 2151/2151/2151 2163/2163/2163
f 422/422/422 2163/2163/2163 2132/2132/2132
f 425/425/425 426/426/426 2162/2162/2162
f 403/403/403 419/419/419 2161/2161/2161
f 419/419/419 417/417/417 2160/2160/2160
f 417/417/417 414/414/414 2158/2158/2158
f 397/397/397 2156/2156/2156 2159/2159/2159
f 265/265/265 2152/2152/2152 2155/2155/2155
f 362/362/362 392/392/392 2153/2153/2153
f 233/233/233 2149/2149/2149 2150/2150/2150
f 377/377/377 2148/2148/2148 2141/2141/2141
f 426/426/426 356/356/356 2138/2138/2138
f 253/253/253 2144/2144/2144 2147/2147/2147
f 349/349/349 2145/2145/2145 2107/2107/2107
f 341/341/341 2140/2140/2140 2143/2143/2143
f 195/195/195 2136/2136/2136 2111/2111/2111
f 335/335/335 2137/2137/2137 2139/2139/2139
f 262/262/262 2157/2157/2157 2142/2142/2142
f 216/216/216 274/274/274 2134/2134/2134
f 274/274/274 273/273/273 2135/2135/2135
f 424/424/424 425/425/425 2133/2133/2133
f 218/218/218 2131/2131/2131 2091/2091/2091
f 273/273/273 143/143/143 2093/2093/2093
f 220/220/220 2130/2130/2130 2131/2131/2131
f 110/110/110 2099/2099/2099 2167/2167/2167
f 12/12/12 2108/2108/2108 2127/2127/2127
f 114/114/114 2094/2094/2094 2125/2125/2125
f 1109/1109/1109 951/951/951 2126/2126/2126
f 193/193/193 196/196/196 2122/2122/2122
f 2684/2684/2684 193/193/193 2121/2121/2121
f 192/192/192 2119/2119/2119 2117/2117/2117
f 4541/4541/4541 5009/5009/5009 2106/2106/2106
f 4492/4492/4492 112/112/112 2123/2123/2123
f 48/48/48 2096/2096/2096 2124/2124/2124
f 61/61/61 2097/2097/2097 2101/2101/2101
f 66/66/66 2113/2113/2113 2118/2118/2118
f 41/41/41 2112/2112/2112 2105/2105/2105
f 155/155/155 62/62/62 2110/2110/2110
f 143/143/143 75/75/75 2109/2109/2109
f 155/155/155 2116/2116/2116 2114/2114/2114
f 141/141/141 2098/2098/2098 2102/2102/2102
f 197/197/197 2111/2111/2111 2119/2119/2119
f 62/62/62 181/181/181 2092/2092/2092
f 196/196/196 15/15/15 2098/2098/2098
f 23/23/23 2120/2120/2120 2103/2103/2103
f 75/75/75 142/142/142 2120/2120/2120
f 962/962/962 189/189/189 2091/2091/2091
f 216/216/216 2129/2129/2129 2130/2130/2130
f 2794/2794/2794 2795/2795/2795 2269/2269/2269
f 2371/2371/2371 2230/2230/2230 2235/2235/2235
f 2435/2435/2435 2181/2181/2181 2223/2223/2223
f 2411/2411/2411 2412/2412/2412 2222/2222/2222
f 5486/5486/5486 2411/2411/2411 2221/2221/2221
f 2408/2408/2408 2409/2409/2409 2219/2219/2219
f 3232/3232/3232 3246/3246/3246 2932/2932/2932
f 3232/3232/3232 3235/3235/3235 3247/3247/3247
f 2477/2477/2477 2476/2476/2476 2216/2216/2216
f 2476/2476/2476 2475/2475/2475 2215/2215/2215
f 2475/2475/2475 2474/2474/2474 2214/2214/2214
f 2374/2374/2374 3105/3105/3105 3693/3693/3693
f 2412/2412/2412 2406/2406/2406 2210/2210/2210
f 5334/5334/5334 5328/5328/5328 2902/2902/2902
f 5263/5263/5263 2448/2448/2448 2198/2198/2198
f 2448/2448/2448 2442/2442/2442 2192/2192/2192
f 2449/2449/2449 2443/2443/2443 2193/2193/2193
f 2443/2443/2443 2445/2445/2445 2195/2195/2195
f 2442/2442/2442 2449/2449/2449 2199/2199/2199
f 2450/2450/2450 2453/2453/2453 2202/2202/2202
f 2418/2418/2418 2419/2419/2419 2206/2206/2206
f 2419/2419/2419 2405/2405/2405 2204/2204/2204
f 2405/2405/2405 2403/2403/2403 2203/2203/2203
f 2401/2401/2401 2397/2397/2397 2197/2197/2197
f 5102/5102/5102 5025/5025/5025 2196/2196/2196
f 2462/2462/2462 2223/2223/2223 2175/2175/2175
f 2436/2436/2436 2182/2182/2182 2176/2176/2176
f 2430/2430/2430 2176/2176/2176 2177/2177/2177
f 2429/2429/2429 2175/2175/2175 2182/2182/2182
f 2437/2437/2437 2183/2183/2183 2186/2186/2186
f 2414/2414/2414 2188/2188/2188 2191/2191/2191
f 2417/2417/2417 2191/2191/2191 2187/2187/2187
f 2392/2392/2392 2187/2187/2187 2185/2185/2185
f 2406/2406/2406 2386/2386/2386 2181/2181/2181
f 2388/2388/2388 2184/2184/2184 2180/2180/2180
f 5088/5088/5088 2385/2385/2385 2179/2179/2179
f 5196/5196/5196 2769/2769/2769 2243/2243/2243
f 2773/2773/2773 2247/2247/2247 2244/2244/2244
f 2791/2791/2791 2771/2771/2771 2245/2245/2245
f 2777/2777/2777 2251/2251/2251 2250/2250/2250
f 2800/2800/2800 2227/2227/2227 2251/2251/2251
f 2799/2799/2799 2224/2224/2224 2227/2227/2227
f 1891/1891/1891 1254/1254/1254 2320/2320/2320
f 5193/5193/5193 5053/5053/5053 2257/2257/2257
f 2786/2786/2786 2783/2783/2783 2256/2256/2256
f 2790/2790/2790 2789/2789/2789 2262/2262/2262
f 2802/2802/2802 2790/2790/2790 2264/2264/2264
f 2801/2801/2801 2802/2802/2802 2229/2229/2229
f 2797/2797/2797 2791/2791/2791 2265/2265/2265
f 4048/4048/4048 2286/2286/2286 2324/2324/2324
f 2793/2793/2793 2794/2794/2794 2268/2268/2268
f 1808/1808/1808 1891/1891/1891 2327/2327/2327
f 5496/5496/5496 2796/2796/2796 2270/2270/2270
f 2796/2796/2796 2797/2797/2797 2271/2271/2271
f 2803/2803/2803 2279/2279/2279 2282/2282/2282
f 2337/2337/2337 2245/2245/2245 2272/2272/2272
f 2379/2379/2379 2359/2359/2359 2408/2408/2408
f 2379/2379/2379 2378/2378/2378 2237/2237/2237
f 2378/2378/2378 2377/2377/2377 2236/2236/2236
f 2377/2377/2377 2376/2376/2376 2235/2235/2235
f 2792/2792/2792 2266/2266/2266 2269/2269/2269
f 5265/5265/5265 2350/2350/2350 2258/2258/2258
f 2350/2350/2350 2344/2344/2344 2252/2252/2252
f 2351/2351/2351 2345/2345/2345 2253/2253/2253
f 2345/2345/2345 2346/2346/2346 2254/2254/2254
f 2344/2344/2344 2351/2351/2351 2259/2259/2259
f 2353/2353/2353 2354/2354/2354 2263/2263/2263
f 2364/2364/2364 2272/2272/2272 2239/2239/2239
f 2338/2338/2338 2246/2246/2246 2240/2240/2240
f 2332/2332/2332 2240/2240/2240 2241/2241/2241
f 2331/2331/2331 2239/2239/2239 2246/2246/2246
f 2373/2373/2373 2367/2367/2367 2226/2226/2226
f 2339/2339/2339 2248/2248/2248 2249/2249/2249
f 2268/2268/2268 2269/2269/2269 2361/2361/2361
f 2425/2425/2425 2420/2420/2420 2371/2371/2371
f 434/434/434 2274/2274/2274 2291/2291/2291
f 1989/1989/1989 2086/2086/2086 2329/2329/2329
f 5423/5423/5423 1989/1989/1989 2328/2328/2328
f 1718/1718/1718 1808/1808/1808 2326/2326/2326
f 1589/1589/1589 1505/1505/1505 2323/2323/2323
f 1505/1505/1505 1421/1421/1421 2322/2322/2322
f 1421/1421/1421 1382/1382/1382 2321/2321/2321
f 2269/2269/2269 2266/2266/2266 2358/2358/2358
f 2086/2086/2086 1216/1216/1216 2319/2319/2319
f 5326/5326/5326 5331/5331/5331 2318/2318/2318
f 851/851/851 866/866/866 2278/2278/2278
f 866/866/866 865/865/865 2317/2317/2317
f 855/855/855 851/851/851 2276/2276/2276
f 865/865/865 863/863/863 2316/2316/2316
f 861/861/861 856/856/856 2309/2309/2309
f 4768/4768/4768 5062/5062/5062 2310/2310/2310
f 430/430/430 2273/2273/2273 2275/2275/2275
f 445/445/445 2275/2275/2275 2304/2304/2304
f 2164/2164/2164 2291/2291/2291 2273/2273/2273
f 444/444/444 2304/2304/2304 2302/2302/2302
f 1216/1216/1216 438/438/438 2298/2298/2298
f 440/440/440 2301/2301/2301 2297/2297/2297
f 4600/4600/4600 435/435/435 2296/2296/2296
f 1382/1382/1382 945/945/945 2318/2318/2318
f 2771/2771/2771 2298/2298/2298 2330/2330/2330
f 3044/3044/3044 2980/2980/2980 4044/4044/4044
f 2807/2807/2807 2806/2806/2806 2284/2284/2284
f 2806/2806/2806 2805/2805/2805 2283/2283/2283
f 2805/2805/2805 2804/2804/2804 2282/2282/2282
f 5248/5248/5248 2784/2784/2784 2311/2311/2311
f 2784/2784/2784 2778/2778/2778 2305/2305/2305
f 2785/2785/2785 2779/2779/2779 2306/2306/2306
f 2779/2779/2779 2781/2781/2781 2308/2308/2308
f 2778/2778/2778 2785/2785/2785 2312/2312/2312
f 2787/2787/2787 2788/2788/2788 2315/2315/2315
f 2798/2798/2798 2330/2330/2330 2292/2292/2292
f 2772/2772/2772 2299/2299/2299 2293/2293/2293
f 2766/2766/2766 2293/2293/2293 2295/2295/2295
f 2765/2765/2765 2292/2292/2292 2299/2299/2299
f 5329/5329/5329 3020/3020/3020 3574/3574/3574
f 2774/2774/2774 2300/2300/2300 2303/2303/2303
f 3181/3181/3181 2423/2423/2423 2734/2734/2734
f 2389/2389/2389 2339/2339/2339 2341/2341/2341
f 2380/2380/2380 2331/2331/2331 2338/2338/2338
f 2381/2381/2381 2332/2332/2332 2334/2334/2334
f 2387/2387/2387 2338/2338/2338 2332/2332/2332
f 2413/2413/2413 2364/2364/2364 2331/2331/2331
f 2402/2402/2402 2404/2404/2404 2354/2354/2354
f 2393/2393/2393 2400/2400/2400 2351/2351/2351
f 2394/2394/2394 2396/2396/2396 2346/2346/2346
f 2400/2400/2400 2394/2394/2394 2345/2345/2345
f 2399/2399/2399 2393/2393/2393 2344/2344/2344
f 2214/2214/2214 2207/2207/2207 2420/2420/2420
f 5264/5264/5264 2399/2399/2399 2350/2350/2350
f 2426/2426/2426 2425/2425/2425 2376/2376/2376
f 2427/2427/2427 2426/2426/2426 2377/2377/2377
f 2428/2428/2428 2427/2427/2427 2378/2378/2378
f 3155/3155/3155 3160/3160/3160 3173/3173/3173
f 2386/2386/2386 2337/2337/2337 2364/2364/2364
f 5039/5039/5039 2243/2243/2243 2336/2336/2336
f 2247/2247/2247 2340/2340/2340 2335/2335/2335
f 2265/2265/2265 2245/2245/2245 2337/2337/2337
f 2251/2251/2251 2343/2343/2343 2342/2342/2342
f 2227/2227/2227 2368/2368/2368 2343/2343/2343
f 2224/2224/2224 2365/2365/2365 2368/2368/2368
f 2361/2361/2361 2358/2358/2358 2407/2407/2407
f 5053/5053/5053 5086/5086/5086 2349/2349/2349
f 2260/2260/2260 2256/2256/2256 2348/2348/2348
f 2264/2264/2264 2262/2262/2262 2355/2355/2355
f 2229/2229/2229 2264/2264/2264 2356/2356/2356
f 2228/2228/2228 2229/2229/2229 2370/2370/2370
f 5330/5330/5330 5332/5332/5332 3052/3052/3052
f 2271/2271/2271 2265/2265/2265 2357/2357/2357
f 2267/2267/2267 2268/2268/2268 2360/2360/2360
f 2360/2360/2360 2361/2361/2361 2410/2410/2410
f 5482/5482/5482 2270/2270/2270 2362/2362/2362
f 2270/2270/2270 2271/2271/2271 2363/2363/2363
f 2540/2540/2540 2535/2535/2535 2469/2469/2469
f 2181/2181/2181 2386/2386/2386 2413/2413/2413
f 2217/2217/2217 2216/2216/2216 2427/2427/2427
f 2216/2216/2216 2215/2215/2215 2426/2426/2426
f 2215/2215/2215 2214/2214/2214 2425/2425/2425
f 2220/2220/2220 2211/2211/2211 2456/2456/2456
f 5268/5268/5268 2198/2198/2198 2399/2399/2399
f 2198/2198/2198 2192/2192/2192 2393/2393/2393
f 2199/2199/2199 2193/2193/2193 2394/2394/2394
f 2193/2193/2193 2195/2195/2195 2396/2396/2396
f 2192/2192/2192 2199/2199/2199 2400/2400/2400
f 2201/2201/2201 2202/2202/2202 2404/2404/2404
f 2223/2223/2223 2413/2413/2413 2380/2380/2380
f 2182/2182/2182 2387/2387/2387 2381/2381/2381
f 2176/2176/2176 2381/2381/2381 2383/2383/2383
f 2175/2175/2175 2380/2380/2380 2387/2387/2387
f 2208/2208/2208 2189/2189/2189 2416/2416/2416
f 2183/2183/2183 2389/2389/2389 2390/2390/2390
f 5072/5072/5072 2336/2336/2336 2385/2385/2385
f 2340/2340/2340 2388/2388/2388 2384/2384/2384
f 2357/2357/2357 2337/2337/2337 2386/2386/2386
f 2343/2343/2343 2392/2392/2392 2391/2391/2391
f 2368/2368/2368 2417/2417/2417 2392/2392/2392
f 2365/2365/2365 2414/2414/2414 2417/2417/2417
f 2947/2947/2947 2213/2213/2213 2424/2424/2424
f 5086/5086/5086 5102/5102/5102 2398/2398/2398
f 2352/2352/2352 2348/2348/2348 2397/2397/2397
f 2356/2356/2356 2355/2355/2355 2403/2403/2403
f 2370/2370/2370 2356/2356/2356 2405/2405/2405
f 2369/2369/2369 2370/2370/2370 2419/2419/2419
f 2363/2363/2363 2357/2357/2357 2406/2406/2406
f 2359/2359/2359 2360/2360/2360 2409/2409/2409
f 2219/2219/2219 2220/2220/2220 2459/2459/2459
f 5485/5485/5485 2362/2362/2362 2411/2411/2411
f 2362/2362/2362 2363/2363/2363 2412/2412/2412
f 2553/2553/2553 2437/2437/2437 2439/2439/2439
f 2537/2537/2537 2530/2530/2530 2464/2464/2464
f 2544/2544/2544 2429/2429/2429 2436/2436/2436
f 2545/2545/2545 2430/2430/2430 2431/2431/2431
f 2551/2551/2551 2436/2436/2436 2430/2430/2430
f 2577/2577/2577 2462/2462/2462 2429/2429/2429
f 2566/2566/2566 2568/2568/2568 2453/2453/2453
f 2557/2557/2557 2564/2564/2564 2449/2449/2449
f 2558/2558/2558 2560/2560/2560 2445/2445/2445
f 2564/2564/2564 2558/2558/2558 2443/2443/2443
f 2563/2563/2563 2557/2557/2557 2442/2442/2442
f 2616/2616/2616 2516/2516/2516 2517/2517/2517
f 5258/5258/5258 2563/2563/2563 2448/2448/2448
f 2574/2574/2574 2571/2571/2571 2505/2505/2505
f 2541/2541/2541 2540/2540/2540 2474/2474/2474
f 2542/2542/2542 2541/2541/2541 2475/2475/2475
f 2543/2543/2543 2542/2542/2542 2476/2476/2476
f 2520/2520/2520 2506/2506/2506 2606/2606/2606
f 2550/2550/2550 2435/2435/2435 2462/2462/2462
f 2574/2574/2574 2508/2508/2508 2507/2507/2507
f 2221/2221/2221 2222/2222/2222 2461/2461/2461
f 5481/5481/5481 2221/2221/2221 2460/2460/2460
f 2218/2218/2218 2219/2219/2219 2458/2458/2458
f 3369/3369/3369 2538/2538/2538 2473/2473/2473
f 2222/2222/2222 2210/2210/2210 2455/2455/2455
f 2205/2205/2205 2206/2206/2206 2468/2468/2468
f 2206/2206/2206 2204/2204/2204 2454/2454/2454
f 2204/2204/2204 2203/2203/2203 2452/2452/2452
f 2200/2200/2200 2197/2197/2197 2447/2447/2447
f 5025/5025/5025 5110/5110/5110 2446/2446/2446
f 2188/2188/2188 2463/2463/2463 2466/2466/2466
f 2191/2191/2191 2466/2466/2466 2441/2441/2441
f 2187/2187/2187 2441/2441/2441 2440/2440/2440
f 2210/2210/2210 2181/2181/2181 2435/2435/2435
f 2184/2184/2184 2438/2438/2438 2433/2433/2433
f 5028/5028/5028 2179/2179/2179 2434/2434/2434
f 2517/2517/2517 2516/2516/2516 2535/2535/2535
f 2584/2584/2584 2484/2484/2484 2511/2511/2511
f 2622/2622/2622 2623/2623/2623 2523/2523/2523
f 4219/4219/4219 4167/4167/4167 3444/3444/3444
f 2620/2620/2620 2619/2619/2619 2519/2519/2519
f 2619/2619/2619 2618/2618/2618 2518/2518/2518
f 2618/2618/2618 2617/2617/2617 2517/2517/2517
f 4161/4161/4161 2816/2816/2816 2686/2686/2686
f 5254/5254/5254 2597/2597/2597 2497/2497/2497
f 2597/2597/2597 2591/2591/2591 2491/2491/2491
f 2598/2598/2598 2592/2592/2592 2492/2492/2492
f 2592/2592/2592 2594/2594/2594 2493/2493/2493
f 2591/2591/2591 2598/2598/2598 2498/2498/2498
f 2600/2600/2600 2601/2601/2601 2502/2502/2502
f 2611/2611/2611 2511/2511/2511 2478/2478/2478
f 2585/2585/2585 2485/2485/2485 2479/2479/2479
f 2579/2579/2579 2479/2479/2479 2480/2480/2480
f 2578/2578/2578 2478/2478/2478 2485/2485/2485
f 2586/2586/2586 2486/2486/2486 2489/2489/2489
f 2458/2458/2458 2459/2459/2459 2574/2574/2574
f 2575/2575/2575 2576/2576/2576 2510/2510/2510
f 5489/5489/5489 2575/2575/2575 2509/2509/2509
f 2572/2572/2572 2573/2573/2573 2507/2507/2507
f 3307/3307/3307 3321/3321/3321 3319/3319/3319
f 3106/3106/3106 2375/2375/2375 2233/2233/2233
f 2212/2212/2212 2946/2946/2946 3500/3500/3500
f 2576/2576/2576 2570/2570/2570 2504/2504/2504
f 5335/5335/5335 3131/3131/3131 3768/3768/3768
f 2533/2533/2533 2534/2534/2534 2515/2515/2515
f 2534/2534/2534 2569/2569/2569 2503/2503/2503
f 2569/2569/2569 2567/2567/2567 2501/2501/2501
f 2565/2565/2565 2561/2561/2561 2496/2496/2496
f 5153/5153/5153 5125/5125/5125 2495/2495/2495
f 2529/2529/2529 2512/2512/2512 2513/2513/2513
f 2532/2532/2532 2513/2513/2513 2490/2490/2490
f 2556/2556/2556 2490/2490/2490 2488/2488/2488
f 2570/2570/2570 2550/2550/2550 2484/2484/2484
f 2552/2552/2552 2487/2487/2487 2482/2482/2482
f 5136/5136/5136 2548/2548/2548 2483/2483/2483
f 5112/5112/5112 2434/2434/2434 2548/2548/2548
f 2438/2438/2438 2552/2552/2552 2549/2549/2549
f 2455/2455/2455 2435/2435/2435 2550/2550/2550
f 2441/2441/2441 2556/2556/2556 2555/2555/2555
f 2466/2466/2466 2532/2532/2532 2556/2556/2556
f 2463/2463/2463 2529/2529/2529 2532/2532/2532
f 2508/2508/2508 2505/2505/2505 2605/2605/2605
f 5110/5110/5110 5153/5153/5153 2562/2562/2562
f 2451/2451/2451 2447/2447/2447 2561/2561/2561
f 2454/2454/2454 2452/2452/2452 2567/2567/2567
f 2468/2468/2468 2454/2454/2454 2569/2569/2569
f 2467/2467/2467 2468/2468/2468 2534/2534/2534
f 5337/5337/5337 5340/5340/5340 3373/3373/3373
f 2461/2461/2461 2455/2455/2455 2570/2570/2570
f 2457/2457/2457 2458/2458/2458 2573/2573/2573
f 2507/2507/2507 2508/2508/2508 2608/2608/2608
f 5487/5487/5487 2460/2460/2460 2575/2575/2575
f 2460/2460/2460 2461/2461/2461 2576/2576/2576
f 2821/2821/2821 2818/2818/2818 2616/2616/2616
f 2484/2484/2484 2550/2550/2550 2577/2577/2577
f 2231/2231/2231 2225/2225/2225 2719/2719/2719
f 2520/2520/2520 2519/2519/2519 2542/2542/2542
f 2519/2519/2519 2518/2518/2518 2541/2541/2541
f 2518/2518/2518 2517/2517/2517 2540/2540/2540
f 5327/5327/5327 2897/2897/2897 3462/3462/3462
f 2704/2704/2704 2705/2705/2705 4183/4183/4183
f 5259/5259/5259 2497/2497/2497 2563/2563/2563
f 2497/2497/2497 2491/2491/2491 2557/2557/2557
f 2498/2498/2498 2492/2492/2492 2558/2558/2558
f 2492/2492/2492 2493/2493/2493 2560/2560/2560
f 2491/2491/2491 2498/2498/2498 2564/2564/2564
f 2500/2500/2500 2502/2502/2502 2568/2568/2568
f 2511/2511/2511 2577/2577/2577 2544/2544/2544
f 2485/2485/2485 2551/2551/2551 2545/2545/2545
f 2479/2479/2479 2545/2545/2545 2546/2546/2546
f 2478/2478/2478 2544/2544/2544 2551/2551/2551
f 2486/2486/2486 2553/2553/2553 2554/2554/2554
f 2839/2839/2839 2586/2586/2586 2589/2589/2589
f 2829/2829/2829 2578/2578/2578 2585/2585/2585
f 2831/2831/2831 2579/2579/2579 2580/2580/2580
f 2838/2838/2838 2585/2585/2585 2579/2579/2579
f 2874/2874/2874 2611/2611/2611 2578/2578/2578
f 2856/2856/2856 2857/2857/2857 2601/2601/2601
f 2845/2845/2845 2854/2854/2854 2598/2598/2598
f 2847/2847/2847 2848/2848/2848 2594/2594/2594
f 2854/2854/2854 2847/2847/2847 2592/2592/2592
f 2852/2852/2852 2845/2845/2845 2591/2591/2591
f 889/889/889 2690/2690/2690 2693/2693/2693
f 5244/5244/5244 2852/2852/2852 2597/2597/2597
f 4179/4179/4179 4183/4183/4183 4187/4187/4187
f 2822/2822/2822 2821/2821/2821 2617/2617/2617
f 2824/2824/2824 2822/2822/2822 2618/2618/2618
f 2826/2826/2826 2824/2824/2824 2619/2619/2619
f 3089/3089/3089 3077/3077/3077 3155/3155/3155
f 2456/2456/2456 2571/2571/2571 2574/2574/2574
f 2528/2528/2528 2628/2628/2628 2756/2756/2756
f 2836/2836/2836 2584/2584/2584 2611/2611/2611
f 2871/2871/2871 2873/2873/2873 5712/5712/5712
f 2509/2509/2509 2510/2510/2510 2610/2610/2610
f 5488/5488/5488 2509/2509/2509 2609/2609/2609
f 2506/2506/2506 2507/2507/2507 2607/2607/2607
f 3255/3255/3255 2472/2472/2472 2716/2716/2716
f 2510/2510/2510 2504/2504/2504 2604/2604/2604
f 5338/5338/5338 5322/5322/5322 3431/3431/3431
f 2514/2514/2514 2515/2515/2515 2615/2615/2615
f 2515/2515/2515 2503/2503/2503 2603/2603/2603
f 2503/2503/2503 2501/2501/2501 2602/2602/2602
f 2499/2499/2499 2496/2496/2496 2596/2596/2596
f 5125/5125/5125 5161/5161/5161 2595/2595/2595
f 2512/2512/2512 2612/2612/2612 2613/2613/2613
f 2513/2513/2513 2613/2613/2613 2590/2590/2590
f 2526/2526/2526 2626/2626/2626 2612/2612/2612
f 2490/2490/2490 2590/2590/2590 2588/2588/2588
f 2504/2504/2504 2484/2484/2484 2584/2584/2584
f 2487/2487/2487 2587/2587/2587 2583/2583/2583
f 5127/5127/5127 2483/2483/2483 2582/2582/2582
f 2326/2326/2326 2327/2327/2327 2795/2795/2795
f 2235/2235/2235 2230/2230/2230 2803/2803/2803
f 181/181/181 2638/2638/2638 2682/2682/2682
f 1903/1903/1903 1997/1997/1997 2705/2705/2705
f 5432/5432/5432 1903/1903/1903 2704/2704/2704
f 1667/1667/1667 1727/1727/1727 2702/2702/2702
f 1613/1613/1613 1529/1529/1529 2697/2697/2697
f 1529/1529/1529 1445/1445/1445 2696/2696/2696
f 1445/1445/1445 1327/1327/1327 2693/2693/2693
f 3501/3501/3501 4423/4423/4423 4394/4394/4394
f 1997/1997/1997 1137/1137/1137 2691/2691/2691
f 2701/2701/2701 4164/4164/4164 4220/4220/4220
f 5241/5241/5241 630/630/630 2653/2653/2653
f 630/630/630 454/454/454 2647/2647/2647
f 557/557/557 471/471/471 2648/2648/2648
f 471/471/471 541/541/541 2650/2650/2650
f 454/454/454 557/557/557 2655/2655/2655
f 502/502/502 617/617/617 2658/2658/2658
f 2092/2092/2092 2682/2682/2682 2630/2630/2630
f 106/106/106 2639/2639/2639 2632/2632/2632
f 18/18/18 2632/2632/2632 2634/2634/2634
f 1/1/1 2630/2630/2630 2639/2639/2639
f 1137/1137/1137 193/193/193 2684/2684/2684
f 53/53/53 2640/2640/2640 2642/2642/2642
f 1811/1811/1811 2703/2703/2703 2702/2702/2702
f 2625/2625/2625 2525/2525/2525 2753/2753/2753
f 2689/2689/2689 5253/5253/5253 5745/5745/5745
f 2672/2672/2672 2699/2699/2699 5721/5721/5721
f 2875/2875/2875 2828/2828/2828 5671/5671/5671
f 1597/1597/1597 1667/1667/1667 2701/2701/2701
f 2524/2524/2524 2624/2624/2624 2748/2748/2748
f 2665/2665/2665 2676/2676/2676 5706/5706/5706
f 1811/1811/1811 1258/1258/1258 2692/2692/2692
f 2863/2863/2863 5498/5498/5498 5742/5742/5742
f 2621/2621/2621 2522/2522/2522 2745/2745/2745
f 2816/2816/2816 2817/2817/2817 2688/2688/2688
f 2817/2817/2817 2859/2859/2859 2660/2660/2660
f 2859/2859/2859 2858/2858/2858 2659/2659/2659
f 2855/2855/2855 2851/2851/2851 2652/2652/2652
f 5221/5221/5221 5177/5177/5177 2651/2651/2651
f 2814/2814/2814 2683/2683/2683 2685/2685/2685
f 2815/2815/2815 2685/2685/2685 2644/2644/2644
f 2843/2843/2843 2644/2644/2644 2643/2643/2643
f 2673/2673/2673 2672/2672/2672 5697/5697/5697
f 2840/2840/2840 2641/2641/2641 2635/2635/2635
f 5208/5208/5208 2834/2834/2834 2636/2636/2636
f 4394/4394/4394 4423/4423/4423 4424/4424/4424
f 2712/2712/2712 2708/2708/2708 4311/4311/4311
f 5359/5359/5359 5373/5373/5373 4388/4388/4388
f 2730/2730/2730 2725/2725/2725 4322/4322/4322
f 4409/4409/4409 4397/4397/4397 4398/4398/4398
f 5348/5348/5348 5374/5374/5374 4377/4377/4377
f 5344/5344/5344 5371/5371/5371 4361/4361/4361
f 2996/2996/2996 2743/2743/2743 2746/2746/2746
f 3107/3107/3107 3100/3100/3100 2763/2763/2763
f 2747/2747/2747 4325/4325/4325 4308/4308/4308
f 2739/2739/2739 2737/2737/2737 2738/2738/2738
f 5392/5392/5392 5367/5367/5367 4362/4362/4362
f 3092/3092/3092 2741/2741/2741 3048/3048/3048
f 2740/2740/2740 2738/2738/2738 4324/4324/4324
f 2993/2993/2993 2234/2234/2234 2722/2722/2722
f 4304/4304/4304 4303/4303/4303 2737/2737/2737
f 4307/4307/4307 4306/4306/4306 2751/2751/2751
f 2327/2327/2327 2320/2320/2320 2792/2792/2792
f 5336/5336/5336 3207/3207/3207 3799/3799/3799
f 2190/2190/2190 2209/2209/2209 2713/2713/2713
f 2531/2531/2531 2536/2536/2536 2761/2761/2761
f 2471/2471/2471 2465/2465/2465 2707/2707/2707
f 5333/5333/5333 3084/3084/3084 3657/3657/3657
f 5321/5321/5321 3440/3440/3440 3957/3957/3957
f 2422/2422/2422 2415/2415/2415 2726/2726/2726
f 5341/5341/5341 3332/3332/3332 4357/4357/4357
f 2539/2539/2539 3370/3370/3370 3951/3951/3951
f 2366/2366/2366 2372/2372/2372 2731/2731/2731
f 5339/5339/5339 3281/3281/3281 3837/3837/3837
f 2724/2724/2724 2720/2720/2720 4316/4316/4316
f 4396/4396/4396 4438/4438/4438 4437/4437/4437
f 2248/2248/2248 2774/2774/2774 2776/2776/2776
f 2239/2239/2239 2765/2765/2765 2772/2772/2772
f 2240/2240/2240 2766/2766/2766 2768/2768/2768
f 2246/2246/2246 2772/2772/2772 2766/2766/2766
f 2272/2272/2272 2798/2798/2798 2765/2765/2765
f 2261/2261/2261 2263/2263/2263 2788/2788/2788
f 2252/2252/2252 2259/2259/2259 2785/2785/2785
f 2253/2253/2253 2254/2254/2254 2781/2781/2781
f 2259/2259/2259 2253/2253/2253 2779/2779/2779
f 2258/2258/2258 2252/2252/2252 2778/2778/2778
f 2681/2681/2681 2637/2637/2637 5677/5677/5677
f 5267/5267/5267 2258/2258/2258 2784/2784/2784
f 5243/5243/5243 4159/4159/4159 2687/2687/2687
f 2236/2236/2236 2235/2235/2235 2804/2804/2804
f 2237/2237/2237 2236/2236/2236 2805/2805/2805
f 2238/2238/2238 2237/2237/2237 2806/2806/2806
f 2245/2245/2245 2771/2771/2771 2798/2798/2798
f 4052/4052/4052 4059/4059/4059 2288/2288/2288
f 2328/2328/2328 2329/2329/2329 2797/2797/2797
f 5483/5483/5483 2328/2328/2328 2796/2796/2796
f 2325/2325/2325 2326/2326/2326 2794/2794/2794
f 4133/4133/4133 4438/4438/4438 4396/4396/4396
f 2329/2329/2329 2319/2319/2319 2791/2791/2791
f 2276/2276/2276 2278/2278/2278 2802/2802/2802
f 2278/2278/2278 2317/2317/2317 2790/2790/2790
f 2317/2317/2317 2316/2316/2316 2789/2789/2789
f 2314/2314/2314 2309/2309/2309 2783/2783/2783
f 5062/5062/5062 5193/5193/5193 2782/2782/2782
f 2273/2273/2273 2799/2799/2799 2800/2800/2800
f 2275/2275/2275 2800/2800/2800 2777/2777/2777
f 2304/2304/2304 2777/2777/2777 2775/2775/2775
f 2319/2319/2319 2298/2298/2298 2771/2771/2771
f 2301/2301/2301 2773/2773/2773 2770/2770/2770
f 5063/5063/5063 2296/2296/2296 2769/2769/2769
f 5319/5319/5319 5315/5315/5315 4348/4348/4348
f 5164/5164/5164 2582/2582/2582 2834/2834/2834
f 2587/2587/2587 2840/2840/2840 2835/2835/2835
f 2604/2604/2604 2584/2584/2584 2836/2836/2836
f 2590/2590/2590 2843/2843/2843 2841/2841/2841
f 2613/2613/2613 2815/2815/2815 2843/2843/2843
f 2612/2612/2612 2814/2814/2814 2815/2815/2815
f 2281/2281/2281 2288/2288/2288 4059/4059/4059
f 5161/5161/5161 5221/5221/5221 2850/2850/2850
f 2599/2599/2599 2596/2596/2596 2851/2851/2851
f 2603/2603/2603 2602/2602/2602 2858/2858/2858
f 2615/2615/2615 2603/2603/2603 2859/2859/2859
f 2614/2614/2614 2615/2615/2615 2817/2817/2817
f 2610/2610/2610 2604/2604/2604 2861/2861/2861
f 2606/2606/2606 2607/2607/2607 2866/2866/2866
f 5490/5490/5490 2609/2609/2609 2870/2870/2870
f 2609/2609/2609 2610/2610/2610 2872/2872/2872
f 3435/3435/3435 3433/3433/3433 3406/3406/3406
f 2864/2864/2864 2867/2867/2867 5700/5700/5700
f 2676/2676/2676 2673/2673/2673 5701/5701/5701
f 2868/2868/2868 2863/2863/2863 5691/5691/5691
f 2853/2853/2853 5245/5245/5245 5744/5744/5744
f 1310/1310/1310 2667/2667/2667 4227/4227/4227
f 5492/5492/5492 2665/2665/2665 5694/5694/5694
f 2654/2654/2654 2646/2646/2646 5682/5682/5682
f 2655/2655/2655 2648/2648/2648 2847/2847/2847
f 2648/2648/2648 2650/2650/2650 2848/2848/2848
f 2647/2647/2647 2655/2655/2655 2854/2854/2854
f 2657/2657/2657 2658/2658/2658 2857/2857/2857
f 2873/2873/2873 2860/2860/2860 5688/5688/5688
f 2639/2639/2639 2838/2838/2838 2831/2831/2831
f 2632/2632/2632 2831/2831/2831 2833/2833/2833
f 2630/2630/2630 2829/2829/2829 2838/2838/2838
f 2640/2640/2640 2839/2839/2839 2842/2842/2842
f 2888/2888/2888 2881/2881/2881 4269/4269/4269
f 2691/2691/2691 2684/2684/2684 2882/2882/2882
f 4200/4200/4200 4205/4205/4205 4228/4228/4228
f 4164/4164/4164 4169/4169/4169 4224/4224/4224
f 5318/5318/5318 4233/4233/4233 4158/4158/4158
f 4060/4060/4060 4132/4132/4132 2812/2812/2812
f 2878/2878/2878 2886/2886/2886 2883/2883/2883
f 2703/2703/2703 2692/2692/2692 2889/2889/2889
f 5331/5331/5331 2277/2277/2277 4040/4040/4040
f 2274/2274/2274 2280/2280/2280 2890/2890/2890
f 5358/5358/5358 5365/5365/5365 4041/4041/4041
f 4268/4268/4268 2880/2880/2880 3092/3092/3092
f 2810/2810/2810 2808/2808/2808 2893/2893/2893
f 3165/3165/3165 2418/2418/2418 2205/2205/2205
f 3160/3160/3160 3156/3156/3156 2925/2925/2925
f 2974/2974/2974 2228/2228/2228 2369/2369/2369
f 3094/3094/3094 3090/3090/3090 2977/2977/2977
f 2607/2607/2607 2608/2608/2608 2869/2869/2869
f 3353/3353/3353 3359/3359/3359 3272/3272/3272
f 3359/3359/3359 3356/3356/3356 3267/3267/3267
f 3015/3015/3015 3124/3124/3124 3128/3128/3128
f 4228/4228/4228 4205/4205/4205 4203/4203/4203
f 3080/3080/3080 3077/3077/3077 3089/3089/3089
f 3074/3074/3074 3067/3067/3067 3066/3066/3066
f 2277/2277/2277 2276/2276/2276 4042/4042/4042
f 3049/3049/3049 3047/3047/3047 3076/3076/3076
f 3049/3049/3049 3080/3080/3080 3094/3094/3094
f 3004/3004/3004 3011/3011/3011 3009/3009/3009
f 3350/3350/3350 3354/3354/3354 3359/3359/3359
f 4190/4190/4190 2706/2706/2706 2683/2683/2683
f 3147/3147/3147 3144/3144/3144 2913/2913/2913
f 3173/3173/3173 2935/2935/2935 2934/2934/2934
f 3192/3192/3192 3197/3197/3197 3196/3196/3196
f 3202/3202/3202 2965/2965/2965 2968/2968/2968
f 3240/3240/3240 2467/2467/2467 2533/2533/2533
f 3247/3247/3247 3340/3340/3340 3338/3338/3338
f 3259/3259/3259 3253/3253/3253 3345/3345/3345
f 3275/3275/3275 3360/3360/3360 3365/3365/3365
f 3314/3314/3314 3441/3441/3441 3439/3439/3439
f 3303/3303/3303 3319/3319/3319 3336/3336/3336
f 3455/3455/3455 3327/3327/3327 3326/3326/3326
f 3403/3403/3403 3340/3340/3340 3247/3247/3247
f 2702/2702/2702 2703/2703/2703 4194/4194/4194
f 3266/3266/3266 3272/3272/3272 3270/3270/3270
f 3230/3230/3230 3398/3398/3398 3395/3395/3395
f 3423/3423/3423 3417/3417/3417 3414/3414/3414
f 4030/4030/4030 4024/4024/4024 4023/4023/4023
f 3259/3259/3259 3258/3258/3258 3249/3249/3249
f 4063/4063/4063 4072/4072/4072 2290/2290/2290
f 2291/2291/2291 4076/4076/4076 4081/4081/4081
f 3344/3344/3344 3367/3367/3367 3372/3372/3372
f 4169/4169/4169 4167/4167/4167 4219/4219/4219
f 4175/4175/4175 4199/4199/4199 4197/4197/4197
f 4180/4180/4180 4187/4187/4187 4184/4184/4184
f 4192/4192/4192 2683/2683/2683 2814/2814/2814
f 4163/4163/4163 2686/2686/2686 2687/2687/2687
f 4213/4213/4213 4209/4209/4209 2668/2668/2668
f 1746/1746/1746 1829/1829/1829 1857/1857/1857
f 2894/2894/2894 3465/3465/3465 3467/3467/3467
f 2900/2900/2900 3467/3467/3467 3464/3464/3464
f 3116/3116/3116 3721/3721/3721 3723/3723/3723
f 3120/3120/3120 3723/3723/3723 3719/3719/3719
f 3262/3262/3262 3509/3509/3509 3510/3510/3510
f 3265/3265/3265 3510/3510/3510 3506/3506/3506
f 3650/3650/3650 3164/3164/3164 3167/3167/3167
f 3654/3654/3654 3167/3167/3167 3161/3161/3161
f 3129/3129/3129 3770/3770/3770 3772/3772/3772
f 3134/3134/3134 3772/3772/3772 3768/3768/3768
f 2957/2957/2957 3527/3527/3527 3529/3529/3529
f 2962/2962/2962 3529/3529/3529 3526/3526/3526
f 3469/3469/3469 3245/3245/3245 3248/3248/3248
f 3473/3473/3473 3248/3248/3248 3243/3243/3243
f 3250/3250/3250 3483/3483/3483 3486/3486/3486
f 3254/3254/3254 3486/3486/3486 3481/3481/3481
f 3945/3945/3945 3363/3363/3363 3366/3366/3366
f 3950/3950/3950 3366/3366/3366 3361/3361/3361
f 3563/3563/3563 2915/2915/2915 2918/2918/2918
f 3566/3566/3566 2918/2918/2918 2914/2914/2914
f 2907/2907/2907 3559/3559/3559 3560/3560/3560
f 2911/2911/2911 3560/3560/3560 3557/3557/3557
f 3731/3731/3731 3125/3125/3125 3127/3127/3127
f 3736/3736/3736 3127/3127/3127 3122/3122/3122
f 3520/3520/3520 3269/3269/3269 3271/3271/3271
f 3523/3523/3523 3271/3271/3271 3268/3268/3268
f 3279/3279/3279 3840/3840/3840 3842/3842/3842
f 3283/3283/3283 3842/3842/3842 3837/3837/3837
f 3931/3931/3931 3351/3351/3351 3352/3352/3352
f 3936/3936/3936 3352/3352/3352 3348/3348/3348
f 3322/3322/3322 3897/3897/3897 3899/3899/3899
f 3328/3328/3328 3899/3899/3899 3894/3894/3894
f 3901/3901/3901 3318/3318/3318 3320/3320/3320
f 3905/3905/3905 3320/3320/3320 3316/3316/3316
f 3644/3644/3644 2994/2994/2994 2999/2999/2999
f 3648/3648/3648 2999/2999/2999 2993/2993/2993
f 3368/3368/3368 3953/3953/3953 3956/3956/3956
f 3371/3371/3371 3956/3956/3956 3951/3951/3951
f 3142/3142/3142 3783/3783/3783 3785/3785/3785
f 3146/3146/3146 3785/3785/3785 3780/3780/3780
f 3773/3773/3773 3138/3138/3138 3141/3141/3141
f 3778/3778/3778 3141/3141/3141 3136/3136/3136
f 3335/3335/3335 3922/3922/3922 3923/3923/3923
f 3339/3339/3339 3923/3923/3923 3920/3920/3920
f 3926/3926/3926 3343/3343/3343 3346/3346/3346
f 3929/3929/3929 3346/3346/3346 3342/3342/3342
f 3374/3374/3374 3833/3833/3833 3835/3835/3835
f 3377/3377/3377 3835/3835/3835 3832/3832/3832
f 3568/3568/3568 2904/2904/2904 2906/2906/2906
f 3573/3573/3573 2906/2906/2906 2901/2901/2901
f 3154/3154/3154 3795/3795/3795 3797/3797/3797
f 3159/3159/3159 3797/3797/3797 3794/3794/3794
f 3787/3787/3787 3151/3151/3151 3153/3153/3153
f 3790/3790/3790 3153/3153/3153 3149/3149/3149
f 3273/3273/3273 3534/3534/3534 3535/3535/3535
f 3277/3277/3277 3535/3535/3535 3531/3531/3531
f 3088/3088/3088 3670/3670/3670 3673/3673/3673
f 3093/3093/3093 3673/3673/3673 3668/3668/3668
f 3681/3681/3681 3098/3098/3098 3102/3102/3102
f 3686/3686/3686 3102/3102/3102 3095/3095/3095
f 3476/3476/3476 2933/2933/2933 2936/2936/2936
f 3479/3479/3479 2936/2936/2936 2931/2931/2931
f 3019/3019/3019 3577/3577/3577 3578/3578/3578
f 3022/3022/3022 3578/3578/3578 3574/3574/3574
f 3285/3285/3285 3853/3853/3853 3855/3855/3855
f 3289/3289/3289 3855/3855/3855 3851/3851/3851
f 3844/3844/3844 3383/3383/3383 3385/3385/3385
f 3848/3848/3848 3385/3385/3385 3380/3380/3380
f 3607/3607/3607 2973/2973/2973 2975/2975/2975
f 3612/3612/3612 2975/2975/2975 2970/2970/2970
f 3706/3706/3706 3113/3113/3113 3114/3114/3114
f 3711/3711/3711 3114/3114/3114 3111/3111/3111
f 2939/2939/2939 3490/3490/3490 3493/3493/3493
f 2943/2943/2943 3493/3493/3493 3488/3488/3488
f 3186/3186/3186 3703/3703/3703 3704/3704/3704
f 3191/3191/3191 3704/3704/3704 3701/3701/3701
f 3386/3386/3386 3859/3859/3859 3860/3860/3860
f 3390/3390/3390 3860/3860/3860 3857/3857/3857
f 3862/3862/3862 3293/3293/3293 3296/3296/3296
f 3866/3866/3866 3296/3296/3296 3291/3291/3291
f 3445/3445/3445 3966/3966/3966 3969/3969/3969
f 3448/3448/3448 3969/3969/3969 3963/3963/3963
f 3971/3971/3971 3452/3452/3452 3454/3454/3454
f 3975/3975/3975 3454/3454/3454 3450/3450/3450
f 3298/3298/3298 3877/3877/3877 3880/3880/3880
f 3302/3302/3302 3880/3880/3880 3876/3876/3876
f 3869/3869/3869 3396/3396/3396 3397/3397/3397
f 3873/3873/3873 3397/3397/3397 3392/3392/3392
f 3355/3355/3355 3941/3941/3941 3943/3943/3943
f 3358/3358/3358 3943/3943/3943 3939/3939/3939
f 3255/3255/3255 3496/3496/3496 3499/3499/3499
f 3260/3260/3260 3499/3499/3499 3495/3495/3495
f 3500/3500/3500 2946/2946/2946 2948/2948/2948
f 3505/3505/3505 2948/2948/2948 2944/2944/2944
f 3175/3175/3175 3676/3676/3676 3679/3679/3679
f 3178/3178/3178 3679/3679/3679 3675/3675/3675
f 3663/3663/3663 3171/3171/3171 3172/3172/3172
f 3667/3667/3667 3172/3172/3172 3168/3168/3168
f 3400/3400/3400 3883/3883/3883 3886/3886/3886
f 3404/3404/3404 3886/3886/3886 3881/3881/3881
f 3887/3887/3887 3305/3305/3305 3308/3308/3308
f 3891/3891/3891 3308/3308/3308 3304/3304/3304
f 3310/3310/3310 3910/3910/3910 3911/3911/3911
f 3315/3315/3315 3911/3911/3911 3906/3906/3906
f 4357/4357/4357 3332/3332/3332 3334/3334/3334
f 3918/3918/3918 3334/3334/3334 3329/3329/3329
f 3199/3199/3199 3726/3726/3726 3729/3729/3729
f 3204/3204/3204 3729/3729/3729 3725/3725/3725
f 3031/3031/3031 3589/3589/3589 3591/3591/3591
f 3036/3036/3036 3591/3591/3591 3588/3588/3588
f 3581/3581/3581 3027/3027/3027 3030/3030/3030
f 3585/3585/3585 3030/3030/3030 3026/3026/3026
f 3231/3231/3231 3828/3828/3828 3830/3830/3830
f 3236/3236/3236 3830/3830/3830 3826/3826/3826
f 3819/3819/3819 3227/3227/3227 3229/3229/3229
f 3824/3824/3824 3229/3229/3229 3224/3224/3224
f 2950/2950/2950 3516/3516/3516 3517/3517/3517
f 2956/2956/2956 3517/3517/3517 3512/3512/3512
f 3657/3657/3657 3084/3084/3084 3086/3086/3086
f 3660/3660/3660 3086/3086/3086 3083/3083/3083
f 3051/3051/3051 3739/3739/3739 3741/3741/3741
f 3055/3055/3055 3741/3741/3741 3738/3738/3738
f 3045/3045/3045 3603/3603/3603 3605/3605/3605
f 3050/3050/3050 3605/3605/3605 3601/3601/3601
f 3593/3593/3593 3040/3040/3040 3043/3043/3043
f 3598/3598/3598 3043/3043/3043 3038/3038/3038
f 3218/3218/3218 3814/3814/3814 3817/3817/3817
f 3223/3223/3223 3817/3817/3817 3812/3812/3812
f 3806/3806/3806 3214/3214/3214 3217/3217/3217
f 3810/3810/3810 3217/3217/3217 3213/3213/3213
f 3957/3957/3957 3440/3440/3440 3442/3442/3442
f 3962/3962/3962 3442/3442/3442 3437/3437/3437
f 3743/3743/3743 3059/3059/3059 3061/3061/3061
f 3747/3747/3747 3061/3061/3061 3057/3057/3057
f 3712/3712/3712 3195/3195/3195 3198/3198/3198
f 3716/3716/3716 3198/3198/3198 3193/3193/3193
f 2963/2963/2963 3539/3539/3539 3542/3542/3542
f 2969/2969/2969 3542/3542/3542 3538/3538/3538
f 3064/3064/3064 3752/3752/3752 3753/3753/3753
f 3068/3068/3068 3753/3753/3753 3749/3749/3749
f 3756/3756/3756 3071/3071/3071 3073/3073/3073
f 3759/3759/3759 3073/3073/3073 3070/3070/3070
f 3457/3457/3457 3239/3239/3239 3241/3241/3241
f 3460/3460/3460 3241/3241/3241 3237/3237/3237
f 3075/3075/3075 3763/3763/3763 3765/3765/3765
f 3081/3081/3081 3765/3765/3765 3762/3762/3762
f 3989/3989/3989 3407/3407/3407 3411/3411/3411
f 3993/3993/3993 3411/3411/3411 3405/3405/3405
f 3206/3206/3206 3802/3802/3802 3803/3803/3803
f 3209/3209/3209 3803/3803/3803 3799/3799/3799
f 3413/3413/3413 3998/3998/3998 4000/4000/4000
f 3416/3416/3416 4000/4000/4000 3996/3996/3996
f 3013/3013/3013 3616/3616/3616 3618/3618/3618
f 3016/3016/3016 3618/3618/3618 3614/3614/3614
f 2978/2978/2978 3634/3634/3634 3635/3635/3635
f 2982/2982/2982 3635/3635/3635 3631/3631/3631
f 3977/3977/3977 3420/3420/3420 3422/3422/3422
f 3980/3980/3980 3422/3422/3422 3418/3418/3418
f 3625/3625/3625 2987/2987/2987 2991/2991/2991
f 3630/3630/3630 2991/2991/2991 2984/2984/2984
f 3424/3424/3424 3985/3985/3985 3987/3987/3987
f 3428/3428/3428 3987/3987/3987 3982/3982/3982
f 3620/3620/3620 3003/3003/3003 3005/3005/3005
f 3623/3623/3623 3005/3005/3005 3000/3000/3000
f 3006/3006/3006 3640/3640/3640 3641/3641/3641
f 3010/3010/3010 3641/3641/3641 3637/3637/3637
f 3181/3181/3181 3689/3689/3689 3692/3692/3692
f 3184/3184/3184 3692/3692/3692 3687/3687/3687
f 3693/3693/3693 3105/3105/3105 3108/3108/3108
f 3697/3697/3697 3108/3108/3108 3103/3103/3103
f 3432/3432/3432 4005/4005/4005 4007/4007/4007
f 3436/3436/3436 4007/4007/4007 4002/4002/4002
f 3545/3545/3545 2922/2922/2922 2923/2923/2923
f 3549/3549/3549 2923/2923/2923 2919/2919/2919
f 3550/3550/3550 2928/2928/2928 2930/2930/2930
f 3555/3555/3555 2930/2930/2930 2926/2926/2926
f 4032/4032/4032 4109/4109/4109 4111/4111/4111
f 4037/4037/4037 4111/4111/4111 4107/4107/4107
f 4026/4026/4026 4103/4103/4103 4106/4106/4106
f 4031/4031/4031 4106/4106/4106 4101/4101/4101
f 4020/4020/4020 4097/4097/4097 4099/4099/4099
f 4025/4025/4025 4099/4099/4099 4096/4096/4096
f 4015/4015/4015 4092/4092/4092 4093/4093/4093
f 4018/4018/4018 4093/4093/4093 4090/4090/4090
f 4009/4009/4009 4085/4085/4085 4088/4088/4088
f 4013/4013/4013 4088/4088/4088 4084/4084/4084
f 4078/4078/4078 4153/4153/4153 4157/4157/4157
f 4082/4082/4082 4157/4157/4157 4151/4151/4151
f 4070/4070/4070 4147/4147/4147 4150/4150/4150
f 4075/4075/4075 4150/4150/4150 4146/4146/4146
f 4064/4064/4064 4141/4141/4141 4144/4144/4144
f 4069/4069/4069 4144/4144/4144 4139/4139/4139
f 4058/4058/4058 4135/4135/4135 4137/4137/4137
f 4061/4061/4061 4137/4137/4137 4132/4132/4132
f 4051/4051/4051 4129/4129/4129 4131/4131/4131
f 4056/4056/4056 4131/4131/4131 4126/4126/4126
f 4046/4046/4046 4122/4122/4122 4125/4125/4125
f 4049/4049/4049 4125/4125/4125 4119/4119/4119
f 4038/4038/4038 4115/4115/4115 4118/4118/4118
f 4043/4043/4043 4118/4118/4118 4114/4114/4114
f 4195/4195/4195 4269/4269/4269 4270/4270/4270
f 4198/4198/4198 4270/4270/4270 4266/4266/4266
f 4188/4188/4188 4262/4262/4262 4264/4264/4264
f 4193/4193/4193 4264/4264/4264 4261/4261/4261
f 4182/4182/4182 4256/4256/4256 4259/4259/4259
f 4186/4186/4186 4259/4259/4259 4254/4254/4254
f 4176/4176/4176 4250/4250/4250 4253/4253/4253
f 4181/4181/4181 4253/4253/4253 4249/4249/4249
f 4170/4170/4170 4245/4245/4245 4247/4247/4247
f 4174/4174/4174 4247/4247/4247 4243/4243/4243
f 4225/4225/4225 4300/4300/4300 4301/4301/4301
f 4229/4229/4229 4301/4301/4301 4298/4298/4298
f 4165/4165/4165 4238/4238/4238 4241/4241/4241
f 4168/4168/4168 4241/4241/4241 4236/4236/4236
f 4218/4218/4218 4294/4294/4294 4295/4295/4295
f 4223/4223/4223 4295/4295/4295 4291/4291/4291
f 4212/4212/4212 4286/4286/4286 4289/4289/4289
f 4216/4216/4216 4289/4289/4289 4284/4284/4284
f 4207/4207/4207 4280/4280/4280 4282/4282/4282
f 4210/4210/4210 4282/4282/4282 4278/4278/4278
f 4201/4201/4201 4274/4274/4274 4277/4277/4277
f 4204/4204/4204 4277/4277/4277 4272/4272/4272
f 4158/4158/4158 4233/4233/4233 4235/4235/4235
f 4162/4162/4162 4235/4235/4235 4231/4231/4231
f 2894/2894/2894 3239/3239/3239 3457/3457/3457
f 2895/2895/2895 2205/2205/2205 2467/2467/2467
f 3206/3206/3206 2904/2904/2904 3568/3568/3568
f 3144/3144/3144 3135/3135/3135 2909/2909/2909
f 2907/2907/2907 3214/3214/3214 3806/3806/3806
f 2914/2914/2914 2910/2910/2910 3557/3557/3557
f 2920/2920/2920 2916/2916/2916 3219/3219/3219
f 3218/3218/3218 2915/2915/2915 3563/3563/3563
f 3156/3156/3156 3148/3148/3148 2921/2921/2921
f 2919/2919/2919 3227/3227/3227 3819/3819/3819
f 2926/2926/2926 2922/2922/2922 3545/3545/3545
f 2267/2267/2267 2238/2238/2238 2807/2807/2807
f 3231/3231/3231 2928/2928/2928 3550/3550/3550
f 2931/2931/2931 3245/3245/3245 3469/3469/3469
f 2934/2934/2934 2937/2937/2937 3177/3177/3177
f 2938/2938/2938 2933/2933/2933 3476/3476/3476
f 3250/3250/3250 2941/2941/2941 3488/3488/3488
f 2944/2944/2944 3257/3257/3257 3495/3495/3495
f 3262/3262/3262 2953/2953/2953 3512/3512/3512
f 3261/3261/3261 3270/3270/3270 2958/2958/2958
f 5500/5500/5500 2212/2212/2212 2717/2717/2717
f 5501/5501/5501 2951/2951/2951 3189/3189/3189
f 2957/2957/2957 3269/3269/3269 3520/3520/3520
f 2960/2960/2960 2208/2208/2208 2421/2421/2421
f 2209/2209/2209 2959/2959/2959 3526/3526/3526
f 3273/3273/3273 2966/2966/2966 3538/3538/3538
f 2967/2967/2967 3274/3274/3274 2463/2463/2463
f 2964/2964/2964 2190/2190/2190 2710/2710/2710
f 2416/2416/2416 2189/2189/2189 2965/2965/2965
f 4038/4038/4038 2973/2973/2973 3607/3607/3607
f 4039/4039/4039 2801/2801/2801 2228/2228/2228
f 3049/3049/3049 2983/2983/2983 2980/2980/2980
f 4045/4045/4045 2979/2979/2979 3631/3631/3631
f 3090/3090/3090 3096/3096/3096 2986/2986/2986
f 2978/2978/2978 2987/2987/2987 3625/3625/3625
f 2984/2984/2984 4053/4053/4053 4126/4126/4126
f 936/936/936 1308/1308/1308 1311/1311/1311
f 4058/4058/4058 2994/2994/2994 3644/3644/3644
f 5507/5507/5507 3110/3110/3110 3002/3002/3002
f 5508/5508/5508 3003/3003/3003 3620/3620/3620
f 3000/3000/3000 4067/4067/4067 4139/4139/4139
f 3341/3341/3341 3345/3345/3345 3253/3253/3253
f 3001/3001/3001 3009/3009/3009 4071/4071/4071
f 3118/3118/3118 2373/2373/2373 2232/2232/2232
f 3006/3006/3006 2231/2231/2231 2723/2723/2723
f 4070/4070/4070 3008/3008/3008 3637/3637/3637
f 2226/2226/2226 2367/2367/2367 3124/3124/3124
f 2225/2225/2225 3014/3014/3014 3614/3614/3614
f 3013/3013/3013 4080/4080/4080 4151/4151/4151
f 3349/3349/3349 3353/3353/3353 3266/3266/3266
f 4079/4079/4079 3012/3012/3012 2224/2224/2224
f 3019/3019/3019 4010/4010/4010 4084/4084/4084
f 4015/4015/4015 3027/3027/3027 3581/3581/3581
f 3025/3025/3025 3033/3033/3033 3588/3588/3588
f 3034/3034/3034 3024/3024/3024 3060/3060/3060
f 3031/3031/3031 4022/4022/4022 4096/4096/4096
f 4027/4027/4027 4023/4023/4023 3032/3032/3032
f 4026/4026/4026 3040/3040/3040 3593/3593/3593
f 3037/3037/3037 3046/3046/3046 3601/3601/3601
f 3047/3047/3047 3039/3039/3039 3072/3072/3072
f 3045/3045/3045 4035/4035/4035 4107/4107/4107
f 3402/3402/3402 3336/3336/3336 3340/3340/3340
f 3129/3129/3129 3053/3053/3053 3738/3738/3738
f 3057/3057/3057 3138/3138/3138 3773/3773/3773
f 3064/3064/3064 3059/3059/3059 3743/3743/3743
f 3069/3069/3069 3066/3066/3066 3143/3143/3143
f 3142/3142/3142 3065/3065/3065 3749/3749/3749
f 3070/3070/3070 3151/3151/3151 3787/3787/3787
f 3075/3075/3075 3071/3071/3071 3756/3756/3756
f 3154/3154/3154 3078/3078/3078 3762/3762/3762
f 3083/3083/3083 3164/3164/3164 3650/3650/3650
f 3082/3082/3082 2369/2369/2369 2418/2418/2418
f 3088/3088/3088 3171/3171/3171 3663/3663/3663
f 3097/3097/3097 3091/3091/3091 3668/3668/3668
f 3175/3175/3175 3098/3098/3098 3681/3681/3681
f 3103/3103/3103 3183/3183/3183 3687/3687/3687
f 3187/3187/3187 3196/3196/3196 3117/3117/3117
f 5506/5506/5506 2374/2374/2374 2736/2736/2736
f 3186/3186/3186 3113/3113/3113 3706/3706/3706
f 2372/2372/2372 3119/3119/3119 3719/3719/3719
f 3116/3116/3116 3195/3195/3195 3712/3712/3712
f 3126/3126/3126 3200/3200/3200 2414/2414/2414
f 3123/3123/3123 2366/2366/2366 2727/2727/2727
f 3199/3199/3199 3125/3125/3125 3731/3731/3731
f 3137/3137/3137 3145/3145/3145 3780/3780/3780
f 3149/3149/3149 3158/3158/3158 3792/3792/3792
f 3168/3168/3168 3176/3176/3176 3675/3675/3675
f 5505/5505/5505 3190/3190/3190 3700/3700/3700
f 3193/3193/3193 2422/2422/2422 2729/2729/2729
f 2415/2415/2415 3201/3201/3201 3725/3725/3725
f 3211/3211/3211 3221/3221/3221 3812/3812/3812
f 3220/3220/3220 3212/3212/3212 3382/3382/3382
f 3226/3226/3226 3233/3233/3233 3826/3826/3826
f 3234/3234/3234 3225/3225/3225 3395/3395/3395
f 3338/3338/3338 3341/3341/3341 3252/3252/3252
f 3243/3243/3243 3251/3251/3251 3481/3481/3481
f 5517/5517/5517 3263/3263/3263 3506/3506/3506
f 5520/5520/5520 3349/3349/3349 3264/3264/3264
f 3356/3356/3356 2537/2537/2537 2470/2470/2470
f 3268/3268/3268 2471/2471/2471 2711/2711/2711
f 2464/2464/2464 2530/2530/2530 3360/3360/3360
f 2465/2465/2465 3276/3276/3276 3531/3531/3531
f 3279/3279/3279 3376/3376/3376 3832/3832/3832
f 3285/3285/3285 3293/3293/3293 3862/3862/3862
f 3294/3294/3294 3286/3286/3286 3408/3408/3408
f 3380/3380/3380 3288/3288/3288 3851/3851/3851
f 3393/3393/3393 3388/3388/3388 3292/3292/3292
f 3291/3291/3291 3389/3389/3389 3857/3857/3857
f 3298/3298/3298 3305/3305/3305 3887/3887/3887
f 3306/3306/3306 3297/3297/3297 3421/3421/3421
f 3392/3392/3392 3300/3300/3300 3876/3876/3876
f 2477/2477/2477 2457/2457/2457 2572/2572/2572
f 3304/3304/3304 3401/3401/3401 3881/3881/3881
f 3330/3330/3330 2533/2533/2533 2514/2514/2514
f 3329/3329/3329 3313/3313/3313 3906/3906/3906
f 3335/3335/3335 3318/3318/3318 3901/3901/3901
f 3447/3447/3447 3451/3451/3451 3326/3326/3326
f 3316/3316/3316 3325/3325/3325 3895/3895/3895
f 3322/3322/3322 3343/3343/3343 3926/3926/3926
f 3323/3323/3323 2527/2527/2527 3367/3367/3367
f 3342/3342/3342 3337/3337/3337 3920/3920/3920
f 5521/5521/5521 2539/2539/2539 2764/2764/2764
f 2522/2522/2522 3351/3351/3351 3931/3931/3931
f 2521/2521/2521 2523/2523/2523 3354/3354/3354
f 3355/3355/3355 2524/2524/2524 2749/2749/2749
f 2536/2536/2536 3357/3357/3357 3939/3939/3939
f 2525/2525/2525 3363/3363/3363 3945/3945/3945
f 3364/3364/3364 2526/2526/2526 2512/2512/2512
f 3362/3362/3362 2531/2531/2531 2760/2760/2760
f 3368/3368/3368 2528/2528/2528 2757/2757/2757
f 3386/3386/3386 3381/3381/3381 3845/3845/3845
f 3400/3400/3400 3394/3394/3394 3868/3868/3868
f 3413/3413/3413 3409/3409/3409 3988/3988/3988
f 3405/3405/3405 4202/4202/4202 4272/4272/4272
f 3406/3406/3406 3433/3433/3433 4226/4226/4226
f 4207/4207/4207 3415/3415/3415 3996/3996/3996
f 3419/3419/3419 3414/3414/3414 4206/4206/4206
f 3424/3424/3424 3420/3420/3420 3977/3977/3977
f 3418/3418/3418 4214/4214/4214 4284/4284/4284
f 4218/4218/4218 3426/3426/3426 3982/3982/3982
f 2680/2680/2680 2677/2677/2677 5710/5710/5710
f 4225/4225/4225 3434/3434/3434 4002/4002/4002
f 3437/3437/3437 4160/4160/4160 4231/4231/4231
f 3438/3438/3438 2614/2614/2614 2816/2816/2816
f 3443/3443/3443 4166/4166/4166 4236/4236/4236
f 3450/3450/3450 3446/3446/3446 3963/3963/3963
f 4171/4171/4171 4197/4197/4197 2627/2627/2627
f 4170/4170/4170 3452/3452/3452 3971/3971/3971
f 3470/3470/3470 4406/4406/4406 4404/4404/4404
f 3494/3494/3494 4424/4424/4424 4423/4423/4423
f 5519/5519/5519 3507/3507/3507 4422/4422/4422
f 3519/3519/3519 3524/3524/3524 3521/3521/3521
f 2709/2709/2709 4312/4312/4312 4328/4328/4328
f 3551/3551/3551 4427/4427/4427 4425/4425/4425
f 3562/3562/3562 4382/4382/4382 4384/4384/4384
f 4095/4095/4095 4369/4369/4369 4367/4367/4367
f 4108/4108/4108 4413/4413/4413 4411/4411/4411
f 2809/2809/2809 4317/4317/4317 4333/4333/4333
f 5510/5510/5510 3619/3619/3619 4407/4407/4407
f 3632/3632/3632 4432/4432/4432 4430/4430/4430
f 3638/3638/3638 4336/4336/4336 4335/4335/4335
f 3643/3643/3643 4437/4437/4437 4438/4438/4438
f 3662/3662/3662 4402/4402/4402 4400/4400/4400
f 3688/3688/3688 4409/4409/4409 4410/4410/4410
f 5515/5515/5515 3699/3699/3699 4419/4419/4419
f 3713/3713/3713 4337/4337/4337 4338/4338/4338
f 2728/2728/2728 4323/4323/4323 4331/4331/4331
f 3750/3750/3750 4378/4378/4378 4380/4380/4380
f 3761/3761/3761 4435/4435/4435 4433/4433/4433
f 3856/3856/3856 4389/4389/4389 4391/4391/4391
f 3882/3882/3882 4371/4371/4371 4373/4373/4373
f 3900/3900/3900 4418/4418/4418 4416/4416/4416
f 5041/5041/5041 5381/5381/5381 5379/5379/5379
f 2988/2988/2988 3932/3932/3932 3937/3937/3937
f 2750/2750/2750 4308/4308/4308 4332/4332/4332
f 3947/3947/3947 4314/4314/4314 3944/3944/3944
f 4237/4237/4237 4352/4352/4352 4351/4351/4351
f 3983/3983/3983 4339/4339/4339 4340/4340/4340
f 3995/3995/3995 4345/4345/4345 4343/4343/4343
f 4001/4001/4001 4348/4348/4348 4347/4347/4347
f 4097/4097/4097 4020/4020/4020 4017/4017/4017
f 2322/2322/2322 2321/2321/2321 4016/4016/4016
f 4109/4109/4109 4032/4032/4032 4028/4028/4028
f 2324/2324/2324 2323/2323/2323 4029/4029/4029
f 2287/2287/2287 2286/2286/2286 4048/4048/4048
f 4129/4129/4129 4051/4051/4051 4047/4047/4047
f 5484/5484/5484 2281/2281/2281 2884/2884/2884
f 5526/5526/5526 2885/2885/2885 2812/2812/2812
f 2280/2280/2280 2290/2290/2290 4072/4072/4072
f 4073/4073/4073 4146/4146/4146 2810/2810/2810
f 2291/2291/2291 2274/2274/2274 2892/2892/2892
f 4077/4077/4077 2893/2893/2893 2808/2808/2808
f 4243/4243/4243 4238/4238/4238 4165/4165/4165
f 2701/2701/2701 2702/2702/2702 4172/4172/4172
f 4176/4176/4176 2621/2621/2621 2744/2744/2744
f 5529/5529/5529 5530/5530/5530 2881/2881/2881
f 4177/4177/4177 4184/4184/4184 2623/2623/2623
f 5491/5491/5491 2704/2704/2704 4179/4179/4179
f 2624/2624/2624 4185/4185/4185 4254/4254/4254
f 4182/4182/4182 2886/2886/2886 2878/2878/2878
f 2705/2705/2705 2691/2691/2691 2887/2887/2887
f 2626/2626/2626 4189/4189/4189 2814/2814/2814
f 2684/2684/2684 2706/2706/2706 4190/4190/4190
f 4188/4188/4188 2625/2625/2625 2752/2752/2752
f 4191/4191/4191 4261/4261/4261 2876/2876/2876
f 2628/2628/2628 4196/4196/4196 4266/4266/4266
f 3256/3256/3256 3259/3259/3259 3372/3372/3372
f 2667/2667/2667 2668/2668/2668 4209/4209/4209
f 4278/4278/4278 4274/4274/4274 4201/4201/4201
f 2669/2669/2669 2670/2670/2670 4220/4220/4220
f 4292/4292/4292 4286/4286/4286 4212/4212/4212
f 2997/2997/2997 4251/4251/4251 2743/2743/2743
f 4255/4255/4255 4258/4258/4258 4257/4257/4257
f 4305/4305/4305 4260/4260/4260 4265/4265/4265
f 2620/2620/2620 2606/2606/2606 2865/2865/2865
f 2520/2520/2520 2543/2543/2543 2572/2572/2572
f 3403/3403/3403 3235/3235/3235 3234/3234/3234
f 3173/3173/3173 3160/3160/3160 2929/2929/2929
f 2218/2218/2218 2457/2457/2457 2477/2477/2477
f 2927/2927/2927 2932/2932/2932 2935/2935/2935
f 1718/1718/1718 2325/2325/2325 2285/2285/2285
f 4248/4248/4248 4252/4252/4252 4251/4251/4251
f 2742/2742/2742 3100/3100/3100 3107/3107/3107
f 4267/4267/4267 4271/4271/4271 4268/4268/4268
f 2755/2755/2755 4267/4267/4267 3079/3079/3079
f 3954/3954/3954 3107/3107/3107 3952/3952/3952
f 2755/2755/2755 3048/3048/3048 2981/2981/2981
f 2758/2758/2758 2981/2981/2981 3107/3107/3107
f 4393/4393/4393 4424/4424/4424 3497/3497/3497
f 2989/2989/2989 2746/2746/2746 3932/3932/3932
f 5531/5531/5531 4248/4248/4248 2997/2997/2997
f 5499/5499/5499 2997/2997/2997 2996/2996/2996
f 5495/5495/5495 2996/2996/2996 2989/2989/2989
f 5494/5494/5494 2989/2989/2989 2988/2988/2988
f 5532/5532/5532 2988/2988/2988 3935/3935/3935
f 2879/2879/2879 2877/2877/2877 4303/4303/4303
f 4306/4306/4306 4305/4305/4305 4263/4263/4263
f 2747/2747/2747 4255/4255/4255 4313/4313/4313
f 2738/2738/2738 2737/2737/2737 4306/4306/4306
f 2737/2737/2737 4303/4303/4303 4305/4305/4305
f 4303/4303/4303 2877/2877/2877 4260/4260/4260
f 2759/2759/2759 4324/4324/4324 4314/4314/4314
f 4172/4172/4172 4194/4194/4194 4199/4199/4199
f 4309/4309/4309 4316/4316/4316 4317/4317/4317
f 4310/4310/4310 4317/4317/4317 2809/2809/2809
f 4308/4308/4308 4325/4325/4325 2739/2739/2739
f 4313/4313/4313 4257/4257/4257 2879/2879/2879
f 4318/4318/4318 4311/4311/4311 4312/4312/4312
f 4319/4319/4319 4312/4312/4312 2709/2709/2709
f 3519/3519/3519 4327/4327/4327 4326/4326/4326
f 3528/3528/3528 4326/4326/4326 3525/3525/3525
f 3525/3525/3525 4326/4326/4326 4319/4319/4319
f 4319/4319/4319 4326/4326/4326 4327/4327/4327
f 4318/4318/4318 4327/4327/4327 3521/3521/3521
f 3541/3541/3541 4328/4328/4328 3537/3537/3537
f 3537/3537/3537 4328/4328/4328 4329/4329/4329
f 3533/3533/3533 4329/4329/4329 3532/3532/3532
f 3532/3532/3532 4329/4329/4329 4311/4311/4311
f 4311/4311/4311 4329/4329/4329 4328/4328/4328
f 4320/4320/4320 4322/4322/4322 4323/4323/4323
f 4321/4321/4321 4323/4323/4323 2728/2728/2728
f 3733/3733/3733 4331/4331/4331 3730/3730/3730
f 3730/3730/3730 4331/4331/4331 4330/4330/4330
f 3727/3727/3727 4330/4330/4330 3724/3724/3724
f 3724/3724/3724 4330/4330/4330 4322/4322/4322
f 4322/4322/4322 4330/4330/4330 4331/4331/4331
f 4325/4325/4325 4313/4313/4313 4304/4304/4304
f 3940/3940/3940 4332/4332/4332 3938/3938/3938
f 3938/3938/3938 4332/4332/4332 4315/4315/4315
f 4315/4315/4315 4332/4332/4332 4308/4308/4308
f 4155/4155/4155 4333/4333/4333 4152/4152/4152
f 4152/4152/4152 4333/4333/4333 4334/4334/4334
f 3615/3615/3615 4334/4334/4334 3613/3613/3613
f 3613/3613/3613 4334/4334/4334 4316/4316/4316
f 4316/4316/4316 4334/4334/4334 4333/4333/4333
f 3944/3944/3944 4314/4314/4314 4307/4307/4307
f 4148/4148/4148 4335/4335/4335 4145/4145/4145
f 4145/4145/4145 4335/4335/4335 4310/4310/4310
f 4310/4310/4310 4335/4335/4335 4336/4336/4336
f 4309/4309/4309 4336/4336/4336 3639/3639/3639
f 3639/3639/3639 4336/4336/4336 3638/3638/3638
f 4315/4315/4315 4324/4324/4324 2759/2759/2759
f 3720/3720/3720 4338/4338/4338 3718/3718/3718
f 3718/3718/3718 4338/4338/4338 4321/4321/4321
f 4321/4321/4321 4338/4338/4338 4337/4337/4337
f 4320/4320/4320 4337/4337/4337 3714/3714/3714
f 3714/3714/3714 4337/4337/4337 3713/3713/3713
f 4314/4314/4314 4324/4324/4324 2738/2738/2738
f 3453/3453/3453 2627/2627/2627 2527/2527/2527
f 3455/3455/3455 3453/3453/3453 3323/3323/3323
f 4215/4215/4215 4206/4206/4206 4211/4211/4211
f 4293/4293/4293 4340/4340/4340 4290/4290/4290
f 4290/4290/4290 4340/4340/4340 4342/4342/4342
f 4287/4287/4287 4342/4342/4342 4285/4285/4285
f 4285/4285/4285 4342/4342/4342 4341/4341/4341
f 3979/3979/3979 4341/4341/4341 3976/3976/3976
f 3976/3976/3976 4341/4341/4341 4339/4339/4339
f 3984/3984/3984 4339/4339/4339 3983/3983/3983
f 4341/4341/4341 4342/4342/4342 4340/4340/4340
f 4281/4281/4281 4343/4343/4343 4279/4279/4279
f 4279/4279/4279 4343/4343/4343 4344/4344/4344
f 4275/4275/4275 4344/4344/4344 4273/4273/4273
f 4273/4273/4273 4344/4344/4344 4346/4346/4346
f 3992/3992/3992 4346/4346/4346 3990/3990/3990
f 3990/3990/3990 4346/4346/4346 4345/4345/4345
f 3997/3997/3997 4345/4345/4345 3995/3995/3995
f 4346/4346/4346 4344/4344/4344 4343/4343/4343
f 5315/5315/5315 4355/4355/4355 4354/4354/4354
f 5316/5316/5316 4354/4354/4354 4232/4232/4232
f 4299/4299/4299 4347/4347/4347 4297/4297/4297
f 4003/4003/4003 4348/4348/4348 4001/4001/4001
f 3965/3965/3965 4351/4351/4351 3964/3964/3964
f 3964/3964/3964 4351/4351/4351 4349/4349/4349
f 3973/3973/3973 4349/4349/4349 3970/3970/3970
f 3970/3970/3970 4349/4349/4349 4350/4350/4350
f 4244/4244/4244 4350/4350/4350 4242/4242/4242
f 4242/4242/4242 4350/4350/4350 4352/4352/4352
f 4239/4239/4239 4352/4352/4352 4237/4237/4237
f 4350/4350/4350 4349/4349/4349 4351/4351/4351
f 3908/3908/3908 4359/4359/4359 3907/3907/3907
f 3907/3907/3907 4359/4359/4359 4356/4356/4356
f 3915/3915/3915 4356/4356/4356 4358/4358/4358
f 4354/4354/4354 4355/4355/4355 3959/3959/3959
f 5367/5367/5367 4356/4356/4356 4359/4359/4359
f 5368/5368/5368 4359/4359/4359 3908/3908/3908
f 3769/3769/3769 4366/4366/4366 3767/3767/3767
f 4232/4232/4232 4354/4354/4354 4230/4230/4230
f 5369/5369/5369 4353/4353/4353 3651/3651/3651
f 5371/5371/5371 4365/4365/4365 4364/4364/4364
f 5370/5370/5370 4364/4364/4364 3458/3458/3458
f 3571/3571/3571 4361/4361/4361 3569/3569/3569
f 3569/3569/3569 4361/4361/4361 4360/4360/4360
f 3801/3801/3801 4360/4360/4360 3800/3800/3800
f 4355/4355/4355 3958/3958/3958 3961/3961/3961
f 3834/3834/3834 4362/4362/4362 3831/3831/3831
f 3831/3831/3831 4362/4362/4362 4363/4363/4363
f 3839/3839/3839 4363/4363/4363 3838/3838/3838
f 3458/3458/3458 4364/4364/4364 3456/3456/3456
f 3456/3456/3456 4364/4364/4364 4365/4365/4365
f 3466/3466/3466 4365/4365/4365 3463/3463/3463
f 3590/3590/3590 4367/4367/4367 3587/3587/3587
f 3587/3587/3587 4367/4367/4367 4368/4368/4368
f 3583/3583/3583 4368/4368/4368 3580/3580/3580
f 3580/3580/3580 4368/4368/4368 4370/4370/4370
f 4091/4091/4091 4370/4370/4370 4089/4089/4089
f 4089/4089/4089 4370/4370/4370 4369/4369/4369
f 4098/4098/4098 4369/4369/4369 4095/4095/4095
f 4370/4370/4370 4368/4368/4368 4367/4367/4367
f 3890/3890/3890 4373/4373/4373 3888/3888/3888
f 3888/3888/3888 4373/4373/4373 4374/4374/4374
f 3878/3878/3878 4374/4374/4374 3875/3875/3875
f 3875/3875/3875 4374/4374/4374 4372/4372/4372
f 3872/3872/3872 4372/4372/4372 3870/3870/3870
f 3870/3870/3870 4372/4372/4372 4371/4371/4371
f 3884/3884/3884 4371/4371/4371 3882/3882/3882
f 4372/4372/4372 4374/4374/4374 4373/4373/4373
f 3610/3610/3610 4375/4375/4375 3606/3606/3606
f 3606/3606/3606 4375/4375/4375 4376/4376/4376
f 4116/4116/4116 4376/4376/4376 4113/4113/4113
f 5373/5373/5373 4376/4376/4376 4375/4375/4375
f 5372/5372/5372 4375/4375/4375 3610/3610/3610
f 3651/3651/3651 4353/4353/4353 3649/3649/3649
f 3740/3740/3740 4377/4377/4377 3737/3737/3737
f 3737/3737/3737 4377/4377/4377 4366/4366/4366
f 5374/5374/5374 4386/4386/4386 4353/4353/4353
f 3782/3782/3782 4380/4380/4380 3781/3781/3781
f 3781/3781/3781 4380/4380/4380 4381/4381/4381
f 3776/3776/3776 4381/4381/4381 3774/3774/3774
f 3774/3774/3774 4381/4381/4381 4379/4379/4379
f 3745/3745/3745 4379/4379/4379 3744/3744/3744
f 3744/3744/3744 4379/4379/4379 4378/4378/4378
f 3751/3751/3751 4378/4378/4378 3750/3750/3750
f 4379/4379/4379 4381/4381/4381 4380/4380/4380
f 3815/3815/3815 4384/4384/4384 3813/3813/3813
f 3813/3813/3813 4384/4384/4384 4385/4385/4385
f 3808/3808/3808 4385/4385/4385 3805/3805/3805
f 3805/3805/3805 4385/4385/4385 4383/4383/4383
f 3558/3558/3558 4383/4383/4383 3556/3556/3556
f 3556/3556/3556 4383/4383/4383 4382/4382/4382
f 3564/3564/3564 4382/4382/4382 3562/3562/3562
f 4383/4383/4383 4385/4385/4385 4384/4384/4384
f 4353/4353/4353 4386/4386/4386 3659/3659/3659
f 3659/3659/3659 4386/4386/4386 3656/3656/3656
f 4086/4086/4086 4388/4388/4388 4083/4083/4083
f 4083/4083/4083 4388/4388/4388 4387/4387/4387
f 3576/3576/3576 4387/4387/4387 3575/3575/3575
f 3865/3865/3865 4391/4391/4391 3863/3863/3863
f 3863/3863/3863 4391/4391/4391 4392/4392/4392
f 3852/3852/3852 4392/4392/4392 3850/3850/3850
f 3850/3850/3850 4392/4392/4392 4390/4390/4390
f 3846/3846/3846 4390/4390/4390 3843/3843/3843
f 3843/3843/3843 4390/4390/4390 4389/4389/4389
f 3858/3858/3858 4389/4389/4389 3856/3856/3856
f 4390/4390/4390 4392/4392/4392 4391/4391/4391
f 3671/3671/3671 4400/4400/4400 3669/3669/3669
f 3669/3669/3669 4400/4400/4400 4399/4399/4399
f 3682/3682/3682 4399/4399/4399 3680/3680/3680
f 3680/3680/3680 4399/4399/4399 4401/4401/4401
f 3677/3677/3677 4401/4401/4401 3674/3674/3674
f 3674/3674/3674 4401/4401/4401 4402/4402/4402
f 3665/3665/3665 4402/4402/4402 3662/3662/3662
f 4401/4401/4401 4399/4399/4399 4400/4400/4400
f 3477/3477/3477 4404/4404/4404 3475/3475/3475
f 3475/3475/3475 4404/4404/4404 4403/4403/4403
f 3489/3489/3489 4403/4403/4403 3487/3487/3487
f 3487/3487/3487 4403/4403/4403 4405/4405/4405
f 3484/3484/3484 4405/4405/4405 3482/3482/3482
f 3482/3482/3482 4405/4405/4405 4406/4406/4406
f 3472/3472/3472 4406/4406/4406 3470/3470/3470
f 4405/4405/4405 4403/4403/4403 4404/4404/4404
f 5533/5533/5533 4407/4407/4407 4408/4408/4408
f 5534/5534/5534 4408/4408/4408 4142/4142/4142
f 4142/4142/4142 4408/4408/4408 4138/4138/4138
f 4138/4138/4138 4408/4408/4408 4407/4407/4407
f 3621/3621/3621 4407/4407/4407 3619/3619/3619
f 3696/3696/3696 4410/4410/4410 3694/3694/3694
f 3048/3048/3048 2741/2741/2741 2742/2742/2742
f 3690/3690/3690 4409/4409/4409 3688/3688/3688
f 3602/3602/3602 4411/4411/4411 3600/3600/3600
f 3600/3600/3600 4411/4411/4411 4412/4412/4412
f 3595/3595/3595 4412/4412/4412 3594/3594/3594
f 3594/3594/3594 4412/4412/4412 4414/4414/4414
f 4104/4104/4104 4414/4414/4414 4102/4102/4102
f 4102/4102/4102 4414/4414/4414 4413/4413/4413
f 4110/4110/4110 4413/4413/4413 4108/4108/4108
f 4414/4414/4414 4412/4412/4412 4411/4411/4411
f 4395/4395/4395 4437/4437/4437 3646/3646/3646
f 4410/4410/4410 4398/4398/4398 2735/2735/2735
f 3921/3921/3921 4416/4416/4416 3919/3919/3919
f 3919/3919/3919 4416/4416/4416 4415/4415/4415
f 3927/3927/3927 4415/4415/4415 3925/3925/3925
f 3925/3925/3925 4415/4415/4415 4417/4417/4417
f 3896/3896/3896 4417/4417/4417 3893/3893/3893
f 3893/3893/3893 4417/4417/4417 4418/4418/4418
f 3903/3903/3903 4418/4418/4418 3900/3900/3900
f 4417/4417/4417 4415/4415/4415 4416/4416/4416
f 5535/5535/5535 4419/4419/4419 4420/4420/4420
f 5536/5536/5536 4420/4420/4420 3709/3709/3709
f 3709/3709/3709 4420/4420/4420 3707/3707/3707
f 3707/3707/3707 4420/4420/4420 4419/4419/4419
f 3702/3702/3702 4419/4419/4419 3699/3699/3699
f 5538/5538/5538 4422/4422/4422 4421/4421/4421
f 5537/5537/5537 4421/4421/4421 3514/3514/3514
f 3514/3514/3514 4421/4421/4421 3513/3513/3513
f 3513/3513/3513 4421/4421/4421 4422/4422/4422
f 3508/3508/3508 4422/4422/4422 3507/3507/3507
f 4409/4409/4409 3690/3690/3690 2733/2733/2733
f 2605/2605/2605 2862/2862/2862 2869/2869/2869
f 3503/3503/3503 4423/4423/4423 3501/3501/3501
f 3497/3497/3497 4424/4424/4424 3494/3494/3494
f 3827/3827/3827 4425/4425/4425 3825/3825/3825
f 3825/3825/3825 4425/4425/4425 4426/4426/4426
f 3821/3821/3821 4426/4426/4426 3818/3818/3818
f 3818/3818/3818 4426/4426/4426 4428/4428/4428
f 3547/3547/3547 4428/4428/4428 3544/3544/3544
f 3544/3544/3544 4428/4428/4428 4427/4427/4427
f 3553/3553/3553 4427/4427/4427 3551/3551/3551
f 4428/4428/4428 4426/4426/4426 4425/4425/4425
f 4123/4123/4123 4430/4430/4430 4120/4120/4120
f 4120/4120/4120 4430/4430/4430 4429/4429/4429
f 4128/4128/4128 4429/4429/4429 4127/4127/4127
f 4127/4127/4127 4429/4429/4429 4431/4431/4431
f 3628/3628/3628 4431/4431/4431 3626/3626/3626
f 3626/3626/3626 4431/4431/4431 4432/4432/4432
f 3633/3633/3633 4432/4432/4432 3632/3632/3632
f 4431/4431/4431 4429/4429/4429 4430/4430/4430
f 3796/3796/3796 4433/4433/4433 3793/3793/3793
f 3793/3793/3793 4433/4433/4433 4434/4434/4434
f 3788/3788/3788 4434/4434/4434 3786/3786/3786
f 3786/3786/3786 4434/4434/4434 4436/4436/4436
f 3758/3758/3758 4436/4436/4436 3755/3755/3755
f 3755/3755/3755 4436/4436/4436 4435/4435/4435
f 3764/3764/3764 4435/4435/4435 3761/3761/3761
f 4436/4436/4436 4434/4434/4434 4433/4433/4433
f 4134/4134/4134 4438/4438/4438 4133/4133/4133
f 3646/3646/3646 4437/4437/4437 3643/3643/3643
f 4217/4217/4217 4211/4211/4211 4209/4209/4209
f 1613/1613/1613 2700/2700/2700 2671/2671/2671
f 1847/1847/1847 1293/1293/1293 1297/1297/1297
f 3431/3431/3431 3435/3435/3435 3284/3284/3284
f 3290/3290/3290 3410/3410/3410 3408/3408/3408
f 3284/3284/3284 3435/3435/3435 3410/3410/3410
f 3280/3280/3280 3284/3284/3284 3290/3290/3290
f 3029/3029/3029 3062/3062/3062 3060/3060/3060
f 3301/3301/3301 3423/3423/3423 3421/3421/3421
f 3295/3295/3295 3294/3294/3294 3412/3412/3412
f 3299/3299/3299 3292/3292/3292 3295/3295/3295
f 3301/3301/3301 3295/3295/3295 3417/3417/3417
f 3398/3398/3398 3391/3391/3391 3388/3388/3388
f 3391/3391/3391 3222/3222/3222 3220/3220/3220
f 3230/3230/3230 3222/3222/3222 3391/3391/3391
f 3228/3228/3228 3219/3219/3219 3222/3222/3222
f 3150/3150/3150 3143/3143/3143 3147/3147/3147
f 2924/2924/2924 2917/2917/2917 2916/2916/2916
f 3152/3152/3152 3147/3147/3147 2917/2917/2917
f 3041/3041/3041 3032/3032/3032 3035/3035/3035
f 3039/3039/3039 3042/3042/3042 3074/3074/3074
f 3035/3035/3035 3034/3034/3034 3063/3063/3063
f 3042/3042/3042 3035/3035/3035 3067/3067/3067
f 4029/4029/4029 4021/4021/4021 4024/4024/4024
f 2323/2323/2323 2322/2322/2322 4021/4021/4021
f 4044/4044/4044 4050/4050/4050 4036/4036/4036
f 4050/4050/4050 4048/4048/4048 4033/4033/4033
f 4054/4054/4054 4057/4057/4057 4062/4062/4062
f 4055/4055/4055 4062/4062/4062 4059/4059/4059
f 2985/2985/2985 2995/2995/2995 4057/4057/4057
f 2990/2990/2990 2998/2998/2998 2995/2995/2995
f 3109/3109/3109 3106/3106/3106 2992/2992/2992
f 3099/3099/3099 3104/3104/3104 3109/3109/3109
f 3096/3096/3096 3101/3101/3101 2990/2990/2990
f 3101/3101/3101 3109/3109/3109 2998/2998/2998
f 3174/3174/3174 3182/3182/3182 3104/3104/3104
f 3179/3179/3179 3185/3185/3185 3182/3182/3182
f 3185/3185/3185 2949/2949/2949 2947/2947/2947
f 2942/2942/2942 2949/2949/2949 3185/3185/3185
f 2940/2940/2940 2945/2945/2945 2949/2949/2949
f 2937/2937/2937 2942/2942/2942 3179/3179/3179
f 3249/3249/3249 3258/3258/3258 2945/2945/2945
f 3197/3197/3197 2961/2961/2961 2960/2960/2960
f 2955/2955/2955 2961/2961/2961 3197/3197/3197
f 2954/2954/2954 2958/2958/2958 2961/2961/2961
f 2951/2951/2951 2955/2955/2955 3192/3192/3192
f 3133/3133/3133 3140/3140/3140 3139/3139/3139
f 3140/3140/3140 2912/2912/2912 2909/2909/2909
f 2905/2905/2905 2912/2912/2912 3140/3140/3140
f 2903/2903/2903 2908/2908/2908 2912/2912/2912
f 2902/2902/2902 2905/2905/2905 3133/3133/3133
f 3205/3205/3205 3215/3215/3215 2908/2908/2908
f 3210/3210/3210 3216/3216/3216 3215/3215/3215
f 3378/3378/3378 3210/3210/3210 3208/3208/3208
f 3384/3384/3384 3382/3382/3382 3212/3212/3212
f 3375/3375/3375 3280/3280/3280 3287/3287/3287
f 3378/3378/3378 3384/3384/3384 3216/3216/3216
f 3378/3378/3378 3375/3375/3375 3379/3379/3379
f 4008/4008/4008 4016/4016/4016 2321/2321/2321
f 3054/3054/3054 3058/3058/3058 3062/3062/3062
f 3052/3052/3052 3056/3056/3056 3023/3023/3023
f 3056/3056/3056 3062/3062/3062 3029/3029/3029
f 3023/3023/3023 3029/3029/3029 3028/3028/3028
f 3130/3130/3130 3139/3139/3139 3058/3058/3058
f 3018/3018/3018 3028/3028/3028 4014/4014/4014
f 4011/4011/4011 4014/4014/4014 4019/4019/4019
f 4012/4012/4012 4019/4019/4019 4016/4016/4016
f 4066/4066/4066 4071/4071/4071 4074/4074/4074
f 4068/4068/4068 4074/4074/4074 4072/4072/4072
f 3115/3115/3115 3004/3004/3004 3002/3002/3002
f 3121/3121/3121 3118/3118/3118 3007/3007/3007
f 3112/3112/3112 3117/3117/3117 3121/3121/3121
f 3115/3115/3115 3121/3121/3121 3011/3011/3011
f 3321/3321/3321 3449/3449/3449 3447/3447/3447
f 3278/3278/3278 3365/3365/3365 3364/3364/3364
f 3274/3274/3274 3364/3364/3364 2529/2529/2529
f 3203/3203/3203 2968/2968/2968 2967/2967/2967
f 3200/3200/3200 2967/2967/2967 2188/2188/2188
f 2273/2273/2273 4081/4081/4081 4079/4079/4079
f 3017/3017/3017 3128/3128/3128 3126/3126/3126
f 3012/3012/3012 3126/3126/3126 2365/2365/2365
f 3429/3429/3429 3449/3449/3449 3321/3321/3321
f 3427/3427/3427 3444/3444/3444 3449/3449/3449
f 3425/3425/3425 3429/3429/3429 3307/3307/3307
f 3148/3148/3148 3152/3152/3152 2924/2924/2924
f 3312/3312/3312 2514/2514/2514 2614/2614/2614
f 3314/3314/3314 3312/3312/3312 3438/3438/3438
f 3330/3330/3330 3333/3333/3333 3242/3242/3242
f 3242/3242/3242 3333/3333/3333 3331/3331/3331
f 4042/4042/4042 2276/2276/2276 2801/2801/2801
f 3082/3082/3082 3087/3087/3087 2976/2976/2976
f 2976/2976/2976 3087/3087/3087 3085/3085/3085
f 2895/2895/2895 2899/2899/2899 3166/3166/3166
f 3166/3166/3166 2899/2899/2899 2896/2896/2896
f 2593/2593/2593 2849/2849/2849 5216/5216/5216
f 5020/5020/5020 5104/5104/5104 4555/4555/4555
f 5389/5389/5389 4789/4789/4789 4874/4874/4874
f 2581/2581/2581 5170/5170/5170 5214/5214/5214
f 4952/4952/4952 4935/4935/4935 4724/4724/4724
f 5010/5010/5010 4542/4542/4542 5121/5121/5121
f 4920/4920/4920 4943/4943/4943 4715/4715/4715
f 2294/2294/2294 5070/5070/5070 5205/5205/5205
f 4773/4773/4773 5055/5055/5055 4604/4604/4604
f 4490/4490/4490 4482/4482/4482 5181/5181/5181
f 4599/4599/4599 5064/5064/5064 4595/4595/4595
f 2307/2307/2307 2780/2780/2780 5187/5187/5187
f 5169/5169/5169 5133/5133/5133 4529/4529/4529
f 5155/5155/5155 5215/5215/5215 4444/4444/4444
f 5178/5178/5178 5222/5222/5222 4442/4442/4442
f 2832/2832/2832 5214/5214/5214 5185/5185/5185
f 4557/4557/4557 4822/4822/4822 4842/4842/4842
f 5027/5027/5027 5111/5111/5111 4548/4548/4548
f 4574/4574/4574 4440/4440/4440 5220/5220/5220
f 2849/2849/2849 2649/2649/2649 5171/5171/5171
f 4605/4605/4605 4557/4557/4557 5106/5106/5106
f 4568/4568/4568 4575/4575/4575 5084/5084/5084
f 4633/4633/4633 5178/5178/5178 4485/4485/4485
f 2481/2481/2481 5134/5134/5134 5170/5170/5170
f 4712/4712/4712 4704/4704/4704 4956/4956/4956
f 4483/4483/4483 4491/4491/4491 5168/5168/5168
f 4741/4741/4741 4750/4750/4750 4914/4914/4914
f 2494/2494/2494 2593/2593/2593 5156/5156/5156
f 5388/5388/5388 4712/4712/4712 4947/4947/4947
f 4667/4667/4667 4685/4685/4685 4980/4980/4980
f 5386/5386/5386 4616/4616/4616 5043/5043/5043
f 2444/2444/2444 2559/2559/2559 5144/5144/5144
f 4950/4950/4950 4925/4925/4925 4738/4738/4738
f 4565/4565/4565 4582/4582/4582 5081/5081/5081
f 4943/4943/4943 4960/4960/4960 4699/4699/4699
f 2432/2432/2432 5117/5117/5117 5141/5141/5141
f 5069/5069/5069 4605/4605/4605 5057/5057/5057
f 4726/4726/4726 4773/4773/4773 4889/4889/4889
f 5040/5040/5040 5071/5071/5071 4587/4587/4587
f 2547/2547/2547 5141/5141/5141 5134/5134/5134
f 5215/5215/5215 5172/5172/5172 4487/4487/4487
f 4687/4687/4687 4677/4677/4677 4982/4982/4982
f 5207/5207/5207 5180/5180/5180 4480/4480/4480
f 2559/2559/2559 2494/2494/2494 5120/5120/5120
f 4446/4446/4446 4568/4568/4568 5092/5092/5092
f 4870/4870/4870 4877/4877/4877 4785/4785/4785
f 5011/5011/5011 4448/4448/4448 5211/5211/5211
f 2178/2178/2178 5038/5038/5038 5117/5117/5117
f 5172/5172/5172 4626/4626/4626 5036/5036/5036
f 4864/4864/4864 4781/4781/4781 4881/4881/4881
f 4636/4636/4636 4632/4632/4632 5030/5030/5030
f 2194/2194/2194 2444/2444/2444 5103/5103/5103
f 4743/4743/4743 4735/4735/4735 4924/4924/4924
f 4535/4535/4535 5004/5004/5004 4655/4655/4655
f 4750/4750/4750 4734/4734/4734 4929/4929/4929
f 2347/2347/2347 2395/2395/2395 5095/5095/5095
f 5383/5383/5383 4775/4775/4775 4884/4884/4884
f 4895/4895/4895 4871/4871/4871 4788/4788/4788
f 4830/4830/4830 4454/4454/4454 5209/5209/5209
f 2333/2333/2333 5077/5077/5077 5094/5094/5094
f 4966/4966/4966 4950/4950/4950 4714/4714/4714
f 5118/5118/5118 5037/5037/5037 4628/4628/4628
f 4974/4974/4974 4994/4994/4994 4669/4669/4669
f 2255/2255/2255 2347/2347/2347 5080/5080/5080
f 5078/5078/5078 5046/5046/5046 4618/4618/4618
f 4491/4491/4491 5011/5011/5011 4648/4648/4648
f 5085/5085/5085 5054/5054/5054 4609/4609/4609
f 2242/2242/2242 5045/5045/5045 5077/5077/5077
f 5186/5186/5186 5213/5213/5213 4449/4449/4449
f 4498/4498/4498 4490/4490/4490 5173/5173/5173
f 5180/5180/5180 4465/4465/4465 5200/5200/5200
f 432/432/432 4606/4606/4606 5070/5070/5070
f 4454/4454/4454 5018/5018/5018 4645/4645/4645
f 5126/5126/5126 5154/5154/5154 4512/4512/4512
f 4623/4623/4623 4641/4641/4641 5021/5021/5021
f 854/854/854 2307/2307/2307 5056/5056/5056
f 5194/5194/5194 5061/5061/5061 4601/4601/4601
f 4575/4575/4575 4560/4560/4560 5099/5099/5099
f 4727/4727/4727 4743/4743/4743 4915/4915/4915
f 2780/2780/2780 2255/2255/2255 5047/5047/5047
f 4925/4925/4925 4912/4912/4912 4748/4748/4748
f 4506/4506/4506 4507/4507/4507 5151/5151/5151
f 4448/4448/4448 4824/4824/4824 4835/4835/4835
f 2767/2767/2767 5205/5205/5205 5045/5045/5045
f 4644/4644/4644 4636/4636/4636 5024/5024/5024
f 4684/4684/4684 4694/4694/4694 4969/4969/4969
f 4987/4987/4987 4968/4968/4968 4692/4692/4692
f 2382/2382/2382 5094/5094/5094 5038/5038/5038
f 4766/4766/4766 4667/4667/4667 4991/4991/4991
f 4499/4499/4499 4597/4597/4597 5065/5065/5065
f 5048/5048/5048 5079/5079/5079 4580/4580/4580
f 2395/2395/2395 2194/2194/2194 5019/5019/5019
f 4996/4996/4996 4831/4831/4831 4827/4827/4827
f 4775/4775/4775 4870/4870/4870 4794/4794/4794
f 4457/4457/4457 5186/5186/5186 4477/4477/4477
f 88/88/88 4497/4497/4497 5017/5017/5017
f 5558/5558/5558 4975/4975/4975 4682/4682/4682
f 4696/4696/4696 4687/4687/4687 4972/4972/4972
f 5071/5071/5071 5087/5087/5087 4572/4572/4572
f 76/76/76 2104/2104/2104 5003/5003/5003
f 5055/5055/5055 5188/5188/5188 4471/4471/4471
f 4877/4877/4877 4901/4901/4901 4762/4762/4762
f 4466/4466/4466 4468/4468/4468 5192/5192/5192
f 1916/1916/1916 4986/4986/4986 5001/5001/5001
f 4917/4917/4917 4920/4920/4920 4739/4739/4739
f 4789/4789/4789 4862/4862/4862 4801/4801/4801
f 4641/4641/4641 4649/4649/4649 5014/5014/5014
f 1192/1192/1192 2066/2066/2066 4988/4988/4988
f 5064/5064/5064 5195/5195/5195 4462/4462/4462
f 5018/5018/5018 4498/4498/4498 5165/5165/5165
f 4674/4674/4674 4760/4760/4760 4899/4899/4899
f 5446/5446/5446 5555/5555/5555 4986/4986/4986
f 4550/4550/4550 5010/5010/5010 4653/4653/4653
f 4886/4886/4886 4894/4894/4894 4769/4769/4769
f 4837/4837/4837 5002/5002/5002 4662/4662/4662
f 2066/2066/2066 1967/1967/1967 4967/4967/4967
f 4651/4651/4651 4644/4644/4644 5016/5016/5016
f 5143/5143/5143 5119/5119/5119 4539/4539/4539
f 5556/5556/5556 4846/4846/4846 4818/4818/4818
f 1741/1741/1741 4949/4949/4949 4965/4965/4965
f 4757/4757/4757 4766/4766/4766 4898/4898/4898
f 5026/5026/5026 5101/5101/5101 4562/4562/4562
f 5093/5093/5093 5078/5078/5078 4586/4586/4586
f 1681/1681/1681 4926/4926/4926 4949/4949/4949
f 5561/5561/5561 4974/4974/4974 4689/4689/4689
f 4518/4518/4518 4499/4499/4499 5160/5160/5160
f 4474/4474/4474 4455/4455/4455 5203/5203/5203
f 1875/1875/1875 1792/1792/1792 4936/4936/4936
f 4994/4994/4994 4830/4830/4830 4833/4833/4833
f 5135/5135/5135 5128/5128/5128 4531/4531/4531
f 5101/5101/5101 5085/5085/5085 4577/4577/4577
f 1792/1792/1792 1656/1656/1656 4927/4927/4927
f 5206/5206/5206 5069/5069/5069 4593/4593/4593
f 4592/4592/4592 4506/4506/4506 5157/5157/5157
f 4468/4468/4468 4475/4475/4475 5183/5183/5183
f 1573/1573/1573 4910/4910/4910 4902/4902/4902
f 5004/5004/5004 4543/4543/4543 5116/5116/5116
f 4510/4510/4510 4519/4519/4519 5139/5139/5139
f 4649/4649/4649 4658/4658/4658 5006/5006/5006
f 1609/1609/1609 1525/1525/1525 4888/4888/4888
f 5163/5163/5163 5207/5207/5207 4452/4452/4452
f 4694/4694/4694 4701/4701/4701 4961/4961/4961
f 4760/4760/4760 4751/4751/4751 4908/4908/4908
f 1525/1525/1525 1442/1442/1442 4880/4880/4880
f 4909/4909/4909 4933/4933/4933 4730/4730/4730
f 4957/4957/4957 4854/4854/4854 4809/4809/4809
f 5559/5559/5559 4848/4848/4848 4811/4811/4811
f 1490/1490/1490 4902/4902/4902 4878/4878/4878
f 4659/4659/4659 4651/4651/4651 5007/5007/5007
f 4855/4855/4855 4784/4784/4784 4875/4875/4875
f 4824/4824/4824 4987/4987/4987 4671/4671/4671
f 1406/1406/1406 4878/4878/4878 4869/4869/4869
f 4734/4734/4734 4757/4757/4757 4905/4905/4905
f 4704/4704/4704 4696/4696/4696 4963/4963/4963
f 5079/5079/5079 5096/5096/5096 4563/4563/4563
f 1442/1442/1442 1323/1323/1323 4856/4856/4856
f 4862/4862/4862 4886/4886/4886 4777/4777/4777
f 4887/4887/4887 4879/4879/4879 4779/4779/4779
f 4482/4482/4482 4474/4474/4474 5189/5189/5189
f 5411/5411/5411 1241/1241/1241 4847/4847/4847
f 4975/4975/4975 4996/4996/4996 4663/4663/4663
f 4440/4440/4440 4800/4800/4800 4860/4860/4860
f 5109/5109/5109 5026/5026/5026 4637/4637/4637
f 2010/2010/2010 5001/5001/5001 4838/4838/4838
f 5213/5213/5213 5169/5169/5169 4494/4494/4494
f 5096/5096/5096 5020/5020/5020 4640/4640/4640
f 4475/4475/4475 4483/4483/4483 5176/5176/5176
f 179/179/179 1192/1192/1192 4823/4823/4823
f 4928/4928/4928 4904/4904/4904 4755/4755/4755
f 4894/4894/4894 4917/4917/4917 4745/4745/4745
f 4658/4658/4658 4665/4665/4665 4997/4997/4997
f 5289/5289/5289 923/923/923 4776/4776/4776
f 5222/5222/5222 5162/5162/5162 4501/4501/4501
f 5133/5133/5133 5142/5142/5142 4522/4522/4522
f 4751/4751/4751 4727/4727/4727 4931/4931/4931
f 5237/5237/5237 552/552/552 4711/4711/4711
f 4582/4582/4582 4574/4574/4574 5089/5089/5089
f 5087/5087/5087 5027/5027/5027 4629/4629/4629
f 4879/4879/4879 4855/4855/4855 4804/4804/4804
f 978/978/978 4806/4806/4806 4821/4821/4821
f 4675/4675/4675 4674/4674/4674 4990/4990/4990
f 4525/4525/4525 4517/4517/4517 5146/5146/5146
f 5002/5002/5002 4985/4985/4985 4679/4679/4679
f 649/649/649 1098/1098/1098 4807/4807/4807
f 4767/4767/4767 4720/4720/4720 4940/4940/4940
f 5111/5111/5111 5135/5135/5135 4524/4524/4524
f 4478/4478/4478 4479/4479/4479 5198/5198/5198
f 466/466/466 649/649/649 4792/4792/4792
f 4871/4871/4871 4864/4864/4864 4795/4795/4795
f 4848/4848/4848 4952/4952/4952 4707/4707/4707
f 5190/5190/5190 5191/5191/5191 5184/5184/5184
f 13/13/13 4445/4445/4445 4806/4806/4806
f 5202/5202/5202 5197/5197/5197 5191/5191/5191
f 4519/4519/4519 4528/4528/4528 5131/5131/5131
f 5174/5174/5174 5175/5175/5175 5167/5167/5167
f 1323/1323/1323 886/886/886 4783/4783/4783
f 5182/5182/5182 5184/5184/5184 5175/5175/5175
f 4701/4701/4701 4709/4709/4709 4953/4953/4953
f 5148/5148/5148 5149/5149/5149 5140/5140/5140
f 1363/1363/1363 4869/4869/4869 4776/4776/4776
f 5159/5159/5159 5158/5158/5158 5150/5150/5150
f 4846/4846/4846 4966/4966/4966 4697/4697/4697
f 5130/5130/5130 5132/5132/5132 5123/5123/5123
f 494/494/494 854/854/854 4774/4774/4774
f 5137/5137/5137 5140/5140/5140 5132/5132/5132
f 4805/4805/4805 4446/4446/4446 5218/5218/5218
f 4841/4841/4841 4844/4844/4844 5107/5107/5107
f 675/675/675 4728/4728/4728 4752/4752/4752
f 4825/4825/4825 4828/4828/4828 5113/5113/5113
f 4720/4720/4720 4814/4814/4814 4850/4850/4850
f 4646/4646/4646 4647/4647/4647 5212/5212/5212
f 736/736/736 4752/4752/4752 4759/4759/4759
f 5217/5217/5217 5091/5091/5091 5090/5090/5090
f 4912/4912/4912 4887/4887/4887 4771/4771/4771
f 4656/4656/4656 5115/5115/5115 5113/5113/5113
f 733/733/733 4759/4759/4759 4673/4673/4673
f 4746/4746/4746 4740/4740/4740 4737/4737/4737
f 4797/4797/4797 4607/4607/4607 5052/5052/5052
f 5091/5091/5091 5083/5083/5083 5082/5082/5082
f 691/691/691 4744/4744/4744 4728/4728/4728
f 4731/4731/4731 4756/4756/4756 4753/4753/4753
f 5037/5037/5037 5093/5093/5093 4569/4569/4569
f 5067/5067/5067 5158/5158/5158 5159/5159/5159
f 694/694/694 4736/4736/4736 4744/4744/4744
f 5083/5083/5083 5100/5100/5100 5098/5098/5098
f 4904/4904/4904 4895/4895/4895 4763/4763/4763
f 4700/4700/4700 4819/4819/4819 4817/4817/4817
f 527/527/527 4703/4703/4703 4711/4711/4711
f 4812/4812/4812 4708/4708/4708 4706/4706/4706
f 5142/5142/5142 5118/5118/5118 4546/4546/4546
f 5100/5100/5100 5075/5075/5075 5074/5074/5074
f 538/538/538 625/625/625 4621/4621/4621
f 5075/5075/5075 5067/5067/5067 5066/5066/5066
f 5195/5195/5195 5040/5040/5040 4619/4619/4619
f 4488/4488/4488 5033/5033/5033 5031/5031/5031
f 466/466/466 4614/4614/4614 4736/4736/4736
f 5105/5105/5105 5107/5107/5107 5060/5060/5060
f 4533/4533/4533 4525/4525/4525 5138/5138/5138
f 5022/5022/5022 5013/5013/5013 5015/5015/5015
f 1098/1098/1098 494/494/494 4725/4725/4725
f 5034/5034/5034 5022/5022/5022 5023/5023/5023
f 5154/5154/5154 5109/5109/5109 4553/4553/4553
f 5005/5005/5005 4998/4998/4998 5000/5000/5000
f 573/573/573 575/575/575 4710/4710/4710
f 5013/5013/5013 5005/5005/5005 5008/5008/5008
f 4960/4960/4960 4839/4839/4839 4820/4820/4820
f 4978/4978/4978 4970/4970/4970 4971/4971/4971
f 571/571/571 573/573/573 4702/4702/4702
f 4992/4992/4992 4979/4979/4979 4981/4981/4981
f 4528/4528/4528 4535/4535/4535 5124/5124/5124
f 4962/4962/4962 4954/4954/4954 4955/4955/4955
f 566/566/566 571/571/571 4693/4693/4693
f 4970/4970/4970 4962/4962/4962 4964/4964/4964
f 4808/4808/4808 4726/4726/4726 4938/4938/4938
f 5050/5050/5050 5051/5051/5051 4921/4921/4921
f 568/568/568 564/564/564 4686/4686/4686
f 4851/4851/4851 4937/4937/4937 4939/4939/4939
f 4597/4597/4597 4590/4590/4590 5073/5073/5073
f 4955/4955/4955 4954/4954/4954 4946/4946/4946
f 544/544/544 538/538/538 4666/4666/4666
f 4998/4998/4998 5041/5041/5041 5044/5044/5044
f 4613/4613/4613 4791/4791/4791 4867/4867/4867
f 4916/4916/4916 4913/4913/4913 4930/4930/4930
f 545/545/545 544/544/544 4657/4657/4657
f 4923/4923/4923 4921/4921/4921 4913/4913/4913
f 4607/4607/4607 4741/4741/4741 4922/4922/4922
f 4907/4907/4907 4906/4906/4906 4897/4897/4897
f 548/548/548 545/545/545 4650/4650/4650
f 4900/4900/4900 4897/4897/4897 4992/4992/4992
f 4901/4901/4901 4909/4909/4909 4754/4754/4754
f 4937/4937/4937 4890/4890/4890 4891/4891/4891
f 540/540/540 548/548/548 4642/4642/4642
f 4932/4932/4932 4930/4930/4930 4906/4906/4906
f 4814/4814/4814 4797/4797/4797 4865/4865/4865
f 4803/4803/4803 4876/4876/4876 4873/4873/4873
f 2649/2649/2649 542/542/542 4625/4625/4625
f 4793/4793/4793 4796/4796/4796 4882/4882/4882
f 5046/5046/5046 5206/5206/5206 4459/4459/4459
f 5050/5050/5050 4868/4868/4868 4866/4866/4866
f 43/43/43 4558/4558/4558 4606/4606/4606
f 5217/5217/5217 5219/5219/5219 4859/4859/4859
f 4933/4933/4933 4941/4941/4941 4721/4721/4721
f 4858/4858/4858 4859/4859/4859 4844/4844/4844
f 231/231/231 293/293/293 4584/4584/4584
f 4868/4868/4868 4851/4851/4851 4849/4849/4849
f 5104/5104/5104 5143/5143/5143 4514/4514/4514
f 5381/5381/5381 4883/4883/4883 4882/4882/4882
f 293/293/293 292/292/292 4591/4591/4591
f 5378/5378/5378 4948/4948/4948 4946/4946/4946
f 5054/5054/5054 5194/5194/5194 4469/4469/4469
f 4661/4661/4661 4664/4664/4664 4828/4828/4828
f 1813/1813/1813 1261/1261/1261 4840/4840/4840
f 5212/5212/5212 4836/4836/4836 4834/4834/4834
f 4542/4542/4542 4533/4533/4533 5129/5129/5129
f 4780/4780/4780 4803/4803/4803 4802/4802/4802
f 1241/1241/1241 1875/1875/1875 4951/4951/4951
f 5550/5550/5550 4812/4812/4812 4810/4810/4810
f 5162/5162/5162 5126/5126/5126 4538/4538/4538
f 4761/4761/4761 4764/4764/4764 4787/4787/4787
f 292/292/292 79/79/79 4505/4505/4505
f 4786/4786/4786 4787/4787/4787 4796/4796/4796
f 4583/4583/4583 4592/4592/4592 5068/5068/5068
f 4747/4747/4747 4772/4772/4772 4770/4770/4770
f 247/247/247 231/231/231 4559/4559/4559
f 4772/4772/4772 4780/4780/4780 4778/4778/4778
f 4831/4831/4831 4550/4550/4550 5114/5114/5114
f 4723/4723/4723 4731/4731/4731 4729/4729/4729
f 248/248/248 247/247/247 4576/4576/4576
f 4753/4753/4753 4756/4756/4756 4764/4764/4764
f 4735/4735/4735 4613/4613/4613 5049/5049/5049
f 4737/4737/4737 4740/4740/4740 4716/4716/4716
f 1656/1656/1656 1575/1575/1575 4903/4903/4903
f 4708/4708/4708 4723/4723/4723 4722/4722/4722
f 4590/4590/4590 4565/4565/4565 5097/5097/5097
f 4672/4672/4672 4691/4691/4691 4690/4690/4690
f 2104/2104/2104 102/102/102 4544/4544/4544
f 4713/4713/4713 4716/4716/4716 4700/4700/4700
f 4791/4791/4791 4808/4808/4808 4852/4852/4852
f 4836/4836/4836 4672/4672/4672 4670/4670/4670
f 1598/1598/1598 1670/1670/1670 4919/4919/4919
f 5553/5553/5553 5551/5551/5551 4681/4681/4681
f 4616/4616/4616 4659/4659/4659 4999/4999/4999
f 5123/5123/5123 4656/4656/4656 4654/4654/4654
f 2115/2115/2115 5017/5017/5017 4453/4453/4453
f 4680/4680/4680 4681/4681/4681 4664/4664/4664
f 4935/4935/4935 4928/4928/4928 4732/4732/4732
f 4564/4564/4564 4639/4639/4639 4638/4638/4638
f 13/13/13 248/248/248 4567/4567/4567
f 5166/5166/5166 5167/5167/5167 4647/4647/4647
f 4800/4800/4800 4815/4815/4815 4843/4843/4843
f 4460/4460/4460 4461/4461/4461 4620/4620/4620
f 1086/1086/1086 4821/4821/4821 4558/4558/4558
f 4570/4570/4570 4571/4571/4571 4630/4630/4630
f 5188/5188/5188 5048/5048/5048 4612/4612/4612
f 4890/4890/4890 4603/4603/4603 4602/4602/4602
f 1150/1150/1150 4838/4838/4838 4544/4544/4544
f 4472/4472/4472 4611/4611/4611 4610/4610/4610
f 4941/4941/4941 4957/4957/4957 4705/4705/4705
f 4617/4617/4617 4620/4620/4620 4588/4588/4588
f 123/123/123 4534/4534/4534 4541/4541/4541
f 5058/5058/5058 5060/5060/5060 4596/4596/4596
f 5119/5119/5119 5155/5155/5155 4503/4503/4503
f 4585/4585/4585 4588/4588/4588 4571/4571/4571
f 121/121/121 4526/4526/4526 4534/4534/4534
f 4611/4611/4611 4579/4579/4579 4578/4578/4578
f 5061/5061/5061 4767/4767/4767 4892/4892/4892
f 4639/4639/4639 4556/4556/4556 4554/4554/4554
f 115/115/115 4515/4515/4515 4526/4526/4526
f 4579/4579/4579 4564/4564/4564 4561/4561/4561
f 4543/4543/4543 4837/4837/4837 4826/4826/4826
f 4513/4513/4513 4540/4540/4540 4537/4537/4537
f 120/120/120 4500/4500/4500 4516/4516/4516
f 4627/4627/4627 4630/4630/4630 4547/4547/4547
f 5128/5128/5128 5163/5163/5163 4496/4496/4496
f 4545/4545/4545 4547/4547/4547 4523/4523/4523
f 93/93/93 4489/4489/4489 4497/4497/4497
f 4521/4521/4521 4523/4523/4523 4532/4532/4532
f 4560/4560/4560 4583/4583/4583 5076/5076/5076
f 4540/4540/4540 4504/4504/4504 4502/4502/4502
f 94/94/94 4481/4481/4481 4489/4489/4489
f 4556/4556/4556 4513/4513/4513 4511/4511/4511
f 4815/4815/4815 4552/4552/4552 5108/5108/5108
f 4443/4443/4443 4488/4488/4488 4486/4486/4486
f 97/97/97 4473/4473/4473 4481/4481/4481
f 4530/4530/4530 4532/4532/4532 4495/4495/4495
f 4665/4665/4665 4622/4622/4622 5042/5042/5042
f 4603/4603/4603 4472/4472/4472 4470/4470/4470
f 90/90/90 4458/4458/4458 4473/4473/4473
f 4450/4450/4450 4451/4451/4451 4479/4479/4479
f 4552/4552/4552 4599/4599/4599 5059/5059/5059
f 4493/4493/4493 4495/4495/4495 4451/4451/4451
f 2633/2633/2633 5185/5185/5185 4456/4456/4456
f 4594/4594/4594 4596/4596/4596 4461/4461/4461
f 4822/4822/4822 4805/4805/4805 4857/4857/4857
f 4504/4504/4504 4443/4443/4443 4441/4441/4441
f 4709/4709/4709 4718/4718/4718 4945/4945/4945
f 464/464/464 1123/1123/1123 697/697/697
f 4876/4876/4876 5378/5378/5378 5376/5376/5376
f 886/886/886 5237/5237/5237 5387/5387/5387
f 625/625/625 5289/5289/5289 5384/5384/5384
f 4622/4622/4622 5383/5383/5383 5382/5382/5382
f 4781/4781/4781 5386/5386/5386 5380/5380/5380
f 4784/4784/4784 5388/5388/5388 5377/5377/5377
f 4718/4718/4718 5389/5389/5389 5375/5375/5375
f 4377/4377/4377 5374/5374/5374 5369/5369/5369
f 4387/4387/4387 5372/5372/5372 5346/5346/5346
f 4388/4388/4388 5373/5373/5373 5372/5372/5372
f 4360/4360/4360 5370/5370/5370 5353/5353/5353
f 4361/4361/4361 5371/5371/5371 5370/5370/5370
f 4366/4366/4366 5369/5369/5369 5350/5350/5350
f 4363/4363/4363 5368/5368/5368 5355/5355/5355
f 4362/4362/4362 5367/5367/5367 5368/5368/5368
f 4347/4347/4347 5316/5316/5316 5317/5317/5317
f 4348/4348/4348 5315/5315/5315 5316/5316/5316
f 4085/4085/4085 4009/4009/4009 5365/5365/5365
f 2318/2318/2318 5331/5331/5331 5364/5364/5364
f 4298/4298/4298 5318/5318/5318 5242/5242/5242
f 2694/2694/2694 2689/2689/2689 5728/5728/5728
f 3958/3958/3958 4355/4355/4355 5315/5315/5315
f 2661/2661/2661 5243/5243/5243 5323/5323/5323
f 2230/2230/2230 5267/5267/5267 5248/5248/5248
f 3311/3311/3311 5339/5339/5339 5354/5354/5354
f 3374/3374/3374 5341/5341/5341 5391/5391/5391
f 3430/3430/3430 5321/5321/5321 5320/5320/5320
f 3051/3051/3051 5333/5333/5333 5349/5349/5349
f 3237/3237/3237 5336/5336/5336 5352/5352/5352
f 4358/4358/4358 4356/4356/4356 5367/5367/5367
f 3463/3463/3463 4365/4365/4365 5371/5371/5371
f 3656/3656/3656 4386/4386/4386 5374/5374/5374
f 4113/4113/4113 4376/4376/4376 5373/5373/5373
f 889/889/889 5241/5241/5241 5252/5252/5252
f 3309/3309/3309 3439/3439/3439 5322/5322/5322
f 2818/2818/2818 5244/5244/5244 5254/5254/5254
f 2516/2516/2516 5259/5259/5259 5258/5258/5258
f 2901/2901/2901 5327/5327/5327 5345/5345/5345
f 3238/3238/3238 3331/3331/3331 5340/5340/5340
f 3162/3162/3162 5335/5335/5335 5351/5351/5351
f 2616/2616/2616 5254/5254/5254 5259/5259/5259
f 2535/2535/2535 5258/5258/5258 5263/5263/5263
f 2207/2207/2207 5268/5268/5268 5264/5264/5264
f 2971/2971/2971 3085/3085/3085 5332/5332/5332
f 2420/2420/2420 5264/5264/5264 5265/5265/5265
f 2972/2972/2972 5329/5329/5329 5347/5347/5347
f 2803/2803/2803 5248/5248/5248 5266/5266/5266
f 855/855/855 2277/2277/2277 5331/5331/5331
f 2371/2371/2371 5265/5265/5265 5267/5267/5267
f 2469/2469/2469 5263/5263/5263 5268/5268/5268
f 3163/3163/3163 2896/2896/2896 5328/5328/5328
f 1001/1001/1001 3914/3914/3914 5235/5235/5235
f 873/873/873 5272/5272/5272 5273/5273/5273
f 874/874/874 868/868/868 5299/5299/5299
f 2687/2687/2687 642/642/642 5305/5305/5305
f 684/684/684 5280/5280/5280 5275/5275/5275
f 748/748/748 5277/5277/5277 5276/5276/5276
f 841/841/841 5301/5301/5301 5302/5302/5302
f 839/839/839 5302/5302/5302 5361/5361/5361
f 747/747/747 5278/5278/5278 5277/5277/5277
f 843/843/843 5275/5275/5275 5278/5278/5278
f 627/627/627 5286/5286/5286 5295/5295/5295
f 1123/1123/1123 5233/5233/5233 5256/5256/5256
f 553/553/553 5238/5238/5238 5285/5285/5285
f 511/511/511 5294/5294/5294 5296/5296/5296
f 481/481/481 5297/5297/5297 5298/5298/5298
f 4615/4615/4615 5385/5385/5385 5287/5287/5287
f 604/604/604 5290/5290/5290 5288/5288/5288
f 643/643/643 5293/5293/5293 5291/5291/5291
f 1125/1125/1125 5236/5236/5236 5234/5234/5234
f 705/705/705 5261/5261/5261 5250/5250/5250
f 699/699/699 5251/5251/5251 5283/5283/5283
f 842/842/842 5276/5276/5276 5282/5282/5282
f 682/682/682 5281/5281/5281 5292/5292/5292
f 704/704/704 5324/5324/5324 5357/5357/5357
f 712/712/712 5362/5362/5362 5301/5301/5301
f 714/714/714 5360/5360/5360 5343/5343/5343
f 683/683/683 678/678/678 5284/5284/5284
f 604/604/604 513/513/513 5310/5310/5310
f 641/641/641 646/646/646 5291/5291/5291
f 642/642/642 645/645/645 5314/5314/5314
f 1016/1016/1016 5225/5225/5225 5231/5231/5231
f 890/890/890 946/946/946 5300/5300/5300
f 894/894/894 5249/5249/5249 5366/5366/5366
f 937/937/937 5366/5366/5366 5303/5303/5303
f 912/912/912 5363/5363/5363 5356/5356/5356
f 902/902/902 5262/5262/5262 5342/5342/5342
f 903/903/903 5325/5325/5325 5255/5255/5255
f 887/887/887 5239/5239/5239 5257/5257/5257
f 938/938/938 5303/5303/5303 5240/5240/5240
f 900/900/900 5260/5260/5260 5249/5249/5249
f 899/899/899 5257/5257/5257 5260/5260/5260
f 1134/1134/1134 5232/5232/5232 5229/5229/5229
f 1081/1081/1081 5270/5270/5270 5239/5239/5239
f 881/881/881 5311/5311/5311 5285/5285/5285
f 2279/2279/2279 5266/5266/5266 5274/5274/5274
f 888/888/888 5240/5240/5240 5311/5311/5311
f 882/882/882 5312/5312/5312 5309/5309/5309
f 884/884/884 5314/5314/5314 5298/5298/5298
f 1131/1131/1131 5230/5230/5230 5326/5326/5326
f 876/876/876 5306/5306/5306 5313/5313/5313
f 4790/4790/4790 5390/5390/5390 5307/5307/5307
f 879/879/879 5308/5308/5308 5304/5304/5304
f 880/880/880 5310/5310/5310 5241/5241/5241
f 891/891/891 5246/5246/5246 5269/5269/5269
f 1108/1108/1108 5269/5269/5269 5270/5270/5270
f 1006/1006/1006 5226/5226/5226 5228/5228/5228
f 1022/1022/1022 3913/3913/3913 5223/5223/5223
f 4817/4817/4817 4819/4819/4819 5551/5551/5551
f 4691/4691/4691 5550/5550/5550 5548/5548/5548
f 1967/1967/1967 5411/5411/5411 5560/5560/5560
f 4968/4968/4968 5559/5559/5559 5549/5549/5549
f 4854/4854/4854 5561/5561/5561 5547/5547/5547
f 4985/4985/4985 5556/5556/5556 5554/5554/5554
f 1271/1271/1271 4845/4845/4845 5555/5555/5555
f 4839/4839/4839 5558/5558/5558 5552/5552/5552
f 4394/4394/4394 5537/5537/5537 5502/5502/5502
f 4393/4393/4393 5538/5538/5538 5537/5537/5537
f 4398/4398/4398 5536/5536/5536 5512/5512/5512
f 4397/4397/4397 5535/5535/5535 5536/5536/5536
f 4396/4396/4396 5534/5534/5534 5525/5525/5525
f 4395/4395/4395 5533/5533/5533 5534/5534/5534
f 3100/3100/3100 5532/5532/5532 5523/5523/5523
f 2742/2742/2742 5494/5494/5494 5532/5532/5532
f 2741/2741/2741 5495/5495/5495 5494/5494/5494
f 3092/3092/3092 5499/5499/5499 5495/5495/5495
f 2880/2880/2880 5531/5531/5531 5499/5499/5499
f 2692/2692/2692 5491/5491/5491 5528/5528/5528
f 4178/4178/4178 4249/4249/4249 5530/5530/5530
f 4065/4065/4065 5526/5526/5526 5524/5524/5524
f 2289/2289/2289 5484/5484/5484 5527/5527/5527
f 2733/2733/2733 5515/5515/5515 5535/5535/5535
f 2721/2721/2721 5510/5510/5510 5533/5533/5533
f 2715/2715/2715 5519/5519/5519 5538/5538/5538
f 3347/3347/3347 5521/5521/5521 5522/5522/5522
f 2538/2538/2538 5520/5520/5520 5516/5516/5516
f 2472/2472/2472 5517/5517/5517 5518/5518/5518
f 2423/2423/2423 5505/5505/5505 5514/5514/5514
f 3111/3111/3111 5506/5506/5506 5513/5513/5513
f 2234/2234/2234 5508/5508/5508 5511/5511/5511
f 2375/2375/2375 5507/5507/5507 5509/5509/5509
f 2213/2213/2213 5501/5501/5501 5504/5504/5504
f 2952/2952/2952 5500/5500/5500 5503/5503/5503
f 2605/2605/2605 5490/5490/5490 5497/5497/5497
f 2320/2320/2320 5483/5483/5483 5496/5496/5496
f 5245/5245/5245 2819/2819/2819 5732/5732/5732
f 1258/1258/1258 5432/5432/5432 5491/5491/5491
f 2505/2505/2505 5488/5488/5488 5490/5490/5490
f 2456/2456/2456 5487/5487/5487 5489/5489/5489
f 2571/2571/2571 5489/5489/5489 5488/5488/5488
f 2211/2211/2211 5481/5481/5481 5487/5487/5487
f 2358/2358/2358 5485/5485/5485 5486/5486/5486
f 2266/2266/2266 5482/5482/5482 5485/5485/5485
f 1254/1254/1254 5423/5423/5423 5483/5483/5483
f 2792/2792/2792 5496/5496/5496 5482/5482/5482
f 2407/2407/2407 5486/5486/5486 5481/5481/5481
f 990/990/990 5431/5431/5431 5395/5395/5395
f 1306/1306/1306 1305/1305/1305 5479/5479/5479
f 1277/1277/1277 1306/1306/1306 5480/5480/5480
f 1276/1276/1276 5451/5451/5451 5477/5477/5477
f 1303/1303/1303 5478/5478/5478 5426/5426/5426
f 2281/2281/2281 5484/5484/5484 5425/5425/5425
f 320/320/320 5539/5539/5539 5544/5544/5544
f 1280/1280/1280 1299/1299/1299 5473/5473/5473
f 1299/1299/1299 1300/1300/1300 5474/5474/5474
f 1293/1293/1293 5467/5467/5467 5471/5471/5471
f 1292/1292/1292 5465/5465/5465 5461/5461/5461
f 1284/1284/1284 5457/5457/5457 5464/5464/5464
f 1245/1245/1245 5415/5415/5415 5419/5419/5419
f 1273/1273/1273 1285/1285/1285 5459/5459/5459
f 1300/1300/1300 1274/1274/1274 5448/5448/5448
f 1286/1286/1286 1280/1280/1280 5454/5454/5454
f 1285/1285/1285 1286/1286/1286 5460/5460/5460
f 1269/1269/1269 5443/5443/5443 5453/5453/5453
f 1305/1305/1305 1273/1273/1273 5447/5447/5447
f 1265/1265/1265 1242/1242/1242 5412/5412/5412
f 1264/1264/1264 5438/5438/5438 5407/5407/5407
f 2666/2666/2666 5493/5493/5493 5449/5449/5449
f 1265/1265/1265 5439/5439/5439 5448/5448/5448
f 1267/1267/1267 1263/1263/1263 5437/5437/5437
f 1236/1236/1236 5406/5406/5406 5433/5433/5433
f 1268/1268/1268 5442/5442/5442 5432/5432/5432
f 1268/1268/1268 1229/1229/1229 5399/5399/5399
f 1255/1255/1255 5425/5425/5425 5444/5444/5444
f 1266/1266/1266 5440/5440/5440 5434/5434/5434
f 4840/4840/4840 1261/1261/1261 5435/5435/5435
f 1259/1259/1259 5433/5433/5433 5436/5436/5436
f 1264/1264/1264 1275/1275/1275 5449/5449/5449
f 1899/1899/1899 5430/5430/5430 5452/5452/5452
f 1896/1896/1896 1971/1971/1971 5414/5414/5414
f 1937/1937/1937 5466/5466/5466 5469/5469/5469
f 1947/1947/1947 5476/5476/5476 5472/5472/5472
f 1938/1938/1938 5468/5468/5468 5463/5463/5463
f 1962/1962/1962 5404/5404/5404 5418/5418/5418
f 1986/1986/1986 1975/1975/1975 5417/5417/5417
f 1972/1972/1972 5416/5416/5416 5455/5455/5455
f 1927/1927/1927 5456/5456/5456 5462/5462/5462
f 1954/1954/1954 5397/5397/5397 5413/5413/5413
f 1961/1961/1961 1963/1963/1963 5406/5406/5406
f 1964/1964/1964 1966/1966/1966 5408/5408/5408
f 4973/4973/4973 5562/5562/5562 5409/5409/5409
f 1956/1956/1956 5399/5399/5399 5401/5401/5401
f 1960/1960/1960 1957/1957/1957 5400/5400/5400
f 1969/1969/1969 5412/5412/5412 5445/5445/5445
f 1928/1928/1928 5458/5458/5458 5398/5398/5398
f 1959/1959/1959 5402/5402/5402 5410/5410/5410
f 1987/1987/1987 1979/1979/1979 5540/5540/5540
f 1983/1983/1983 1984/1984/1984 5546/5546/5546
f 1980/1980/1980 5542/5542/5542 5545/5545/5545
f 1940/1940/1940 5470/5470/5470 5475/5475/5475
f 1946/1946/1946 5475/5475/5475 5476/5476/5476
f 1981/1981/1981 1986/1986/1986 5421/5421/5421
f 1977/1977/1977 1987/1987/1987 5422/5422/5422
f 1988/1988/1988 5424/5424/5424 5427/5427/5427
f 1895/1895/1895 5393/5393/5393 5428/5428/5428
f 1060/1060/1060 1064/1064/1064 5569/5569/5569
f 1064/1064/1064 1062/1062/1062 5563/5563/5563
f 1029/1029/1029 1033/1033/1033 5588/5588/5588
f 1052/1052/1052 1049/1049/1049 5576/5576/5576
f 1066/1066/1066 5602/5602/5602 5598/5598/5598
f 1135/1135/1135 1074/1074/1074 5594/5594/5594
f 1902/1902/1902 5613/5613/5613 5612/5612/5612
f 1952/1952/1952 1898/1898/1898 5608/5608/5608
f 5604/5604/5604 5656/5656/5656 5657/5657/5657
f 5607/5607/5607 5657/5657/5657 5654/5654/5654
f 5660/5660/5660 5611/5611/5611 5614/5614/5614
f 5664/5664/5664 5614/5614/5614 5610/5610/5610
f 5577/5577/5577 5632/5632/5632 5633/5633/5633
f 5581/5581/5581 5633/5633/5633 5629/5629/5629
f 5590/5590/5590 5644/5644/5644 5646/5646/5646
f 5595/5595/5595 5646/5646/5646 5641/5641/5641
f 5647/5647/5647 5599/5599/5599 5601/5601/5601
f 5651/5651/5651 5601/5601/5601 5597/5597/5597
f 5583/5583/5583 5638/5638/5638 5639/5639/5639
f 5587/5587/5587 5639/5639/5639 5636/5636/5636
f 5564/5564/5564 5619/5619/5619 5620/5620/5620
f 5568/5568/5568 5620/5620/5620 5615/5615/5615
f 5623/5623/5623 5573/5573/5573 5575/5575/5575
f 5626/5626/5626 5575/5575/5575 5571/5571/5571
f 5667/5667/5667 5668/5668/5668 5618/5618/5618
f 5224/5224/5224 1060/1060/1060 5567/5567/5567
f 5590/5590/5590 5566/5566/5566 5617/5617/5617
f 5563/5563/5563 1062/1062/1062 1054/1054/1054
f 5564/5564/5564 5573/5573/5573 5623/5623/5623
f 5227/5227/5227 5598/5598/5598 5570/5570/5570
f 5571/5571/5571 5599/5599/5599 5647/5647/5647
f 5650/5650/5650 5642/5642/5642 5665/5665/5665
f 5576/5576/5576 1049/1049/1049 1029/1029/1029
f 1046/1046/1046 1052/1052/1052 5582/5582/5582
f 5577/5577/5577 5586/5586/5586 5636/5636/5636
f 5429/5429/5429 1046/1046/1046 5579/5579/5579
f 5604/5604/5604 5580/5580/5580 5628/5628/5628
f 5396/5396/5396 5612/5612/5612 5584/5584/5584
f 1898/1898/1898 5429/5429/5429 5603/5603/5603
f 5583/5583/5583 5611/5611/5611 5660/5660/5660
f 1135/1135/1135 5592/5592/5592 5596/5596/5596
f 5597/5597/5597 5591/5591/5591 5641/5641/5641
f 5670/5670/5670 5593/5593/5593 5631/5631/5631
f 1136/1136/1136 5596/5596/5596 5602/5602/5602
f 1952/1952/1952 5606/5606/5606 5609/5609/5609
f 5610/5610/5610 5605/5605/5605 5654/5654/5654
f 1953/1953/1953 5609/5609/5609 5613/5613/5613
f 5668/5668/5668 5616/5616/5616 5621/5621/5621
f 5593/5593/5593 5630/5630/5630 5634/5634/5634
f 1058/1058/1058 1055/1055/1055 5570/5570/5570
f 5642/5642/5642 5645/5645/5645 5643/5643/5643
f 5652/5652/5652 5650/5650/5650 5666/5666/5666
f 5624/5624/5624 5667/5667/5667 5622/5622/5622
f 5666/5666/5666 5665/5665/5665 5668/5668/5668
f 5648/5648/5648 5666/5666/5666 5667/5667/5667
f 5665/5665/5665 5643/5643/5643 5616/5616/5616
f 1054/1054/1054 1058/1058/1058 5574/5574/5574
f 1074/1074/1074 5224/5224/5224 5589/5589/5589
f 5662/5662/5662 5653/5653/5653 5600/5600/5600
f 5653/5653/5653 5658/5658/5658 5655/5655/5655
f 5600/5600/5600 5655/5655/5655 5630/5630/5630
f 5669/5669/5669 5600/5600/5600 5593/5593/5593
f 5659/5659/5659 5669/5669/5669 5670/5670/5670
f 5663/5663/5663 5662/5662/5662 5669/5669/5669
f 5637/5637/5637 5670/5670/5670 5635/5635/5635
f 1033/1033/1033 1031/1031/1031 5584/5584/5584
f 5704/5704/5704 5705/5705/5705 5702/5702/5702
f 5708/5708/5708 5711/5711/5711 5713/5713/5713
f 5741/5741/5741 5708/5708/5708 5709/5709/5709
f 5695/5695/5695 5699/5699/5699 5702/5702/5702
f 5704/5704/5704 5692/5692/5692 5693/5693/5693
f 5711/5711/5711 5687/5687/5687 5689/5689/5689
f 5687/5687/5687 5675/5675/5675 5678/5678/5678
f 5726/5726/5726 5727/5727/5727 5731/5731/5731
f 5678/5678/5678 5675/5675/5675 5716/5716/5716
f 5722/5722/5722 5720/5720/5720 5737/5737/5737
f 5720/5720/5720 5723/5723/5723 5736/5736/5736
f 5723/5723/5723 5726/5726/5726 5733/5733/5733
f 5746/5746/5746 5686/5686/5686 5684/5684/5684
f 5686/5686/5686 5681/5681/5681 5679/5679/5679
f 5717/5717/5717 5716/5716/5716 5672/5672/5672
f 5722/5722/5722 5740/5740/5740 5695/5695/5695
f 5727/5727/5727 5746/5746/5746 5743/5743/5743
f 5692/5692/5692 5741/5741/5741 5730/5730/5730
f 2860/2860/2860 2837/2837/2837 5676/5676/5676
f 2867/2867/2867 2868/2868/2868 5703/5703/5703
f 2631/2631/2631 2681/2681/2681 5718/5718/5718
f 5253/5253/5253 2654/2654/2654 5685/5685/5685
f 2837/2837/2837 2875/2875/2875 5715/5715/5715
f 2645/2645/2645 2844/2844/2844 5679/5679/5679
f 2677/2677/2677 5492/5492/5492 5729/5729/5729
f 2827/2827/2827 2864/2864/2864 5696/5696/5696
f 2825/2825/2825 2827/2827/2827 5739/5739/5739
f 2637/2637/2637 2664/2664/2664 5690/5690/5690
f 2699/2699/2699 2698/2698/2698 5719/5719/5719
f 2664/2664/2664 2680/2680/2680 5714/5714/5714
f 2823/2823/2823 2825/2825/2825 5738/5738/5738
f 2698/2698/2698 2695/2695/2695 5724/5724/5724
f 2820/2820/2820 2823/2823/2823 5735/5735/5735
f 2695/2695/2695 2694/2694/2694 5725/5725/5725
f 5498/5498/5498 2871/2871/2871 5707/5707/5707
f 2819/2819/2819 2820/2820/2820 5734/5734/5734
f 2830/2830/2830 2629/2629/2629 5674/5674/5674
f 2846/2846/2846 2853/2853/2853 5683/5683/5683
f 203/203/203 961/961/961 970/970/970
f 256/256/256 2130/2130/2130 2129/2129/2129
f 2/2/2 1025/1025/1025 2171/2171/2171
f 23/23/23 100/100/100 2109/2109/2109
f 171/171/171 172/172/172 56/56/56
f 101/101/101 2103/2103/2103 2120/2120/2120
f 127/127/127 4463/4463/4463 5179/5179/5179
f 1669/1669/1669 1599/1599/1599 1605/1605/1605
f 141/141/141 187/187/187 2122/2122/2122
f 1/1/1 108/108/108 2110/2110/2110
f 18/18/18 20/20/20 107/107/107
f 131/131/131 4467/4467/4467 4464/4464/4464
f 27/27/27 86/86/86 78/78/78
f 26/26/26 82/82/82 86/86/86
f 25/25/25 80/80/80 82/82/82
f 23/23/23 77/77/77 80/80/80
f 134/134/134 4476/4476/4476 4467/4467/4467
f 135/135/135 4484/4484/4484 4476/4476/4476
f 112/112/112 4492/4492/4492 4484/4484/4484
f 85/85/85 4508/4508/4508 4505/4505/4505
f 181/181/181 62/62/62 1143/1143/1143
f 148/148/148 2119/2119/2119 2111/2111/2111
f 83/83/83 4520/4520/4520 4509/4509/4509
f 81/81/81 4527/4527/4527 4520/4520/4520
f 76/76/76 4536/4536/4536 4527/4527/4527
f 17/17/17 1142/1142/1142 1138/1138/1138
f 30/30/30 1093/1093/1093 1117/1117/1117
f 28/28/28 2102/2102/2102 2098/2098/2098
f 98/98/98 4549/4549/4549 4832/4832/4832
f 1894/1894/1894 1256/1256/1256 1253/1253/1253
f 38/38/38 4551/4551/4551 4816/4816/4816
f 96/96/96 20/20/20 18/18/18
f 95/95/95 21/21/21 20/20/20
f 92/92/92 22/22/22 21/21/21
f 87/87/87 19/19/19 22/22/22
f 44/44/44 431/431/431 439/439/439
f 42/42/42 433/433/433 431/431/431
f 4/4/4 1002/1002/1002 994/994/994
f 87/87/87 2114/2114/2114 2116/2116/2116
f 14/14/14 977/977/977 1002/1002/1002
f 99/99/99 1139/1139/1139 1146/1146/1146
f 26/26/26 27/27/27 103/103/103
f 1682/1682/1682 1611/1611/1611 1623/1623/1623
f 35/35/35 439/439/439 429/429/429
f 113/113/113 1148/1148/1148 1218/1218/1218
f 15/15/15 196/196/196 1147/1147/1147
f 39/39/39 1084/1084/1084 1089/1089/1089
f 250/250/250 251/251/251 241/241/241
f 31/31/31 442/442/442 441/441/441
f 32/32/32 1087/1087/1087 1093/1093/1093
f 169/169/169 171/171/171 59/59/59
f 100/100/100 3/3/3 2093/2093/2093
f 27/27/27 24/24/24 104/104/104
f 1572/1572/1572 1653/1653/1653 1655/1655/1655
f 105/105/105 994/994/994 1025/1025/1025
f 103/103/103 104/104/104 3/3/3
f 25/25/25 103/103/103 100/100/100
f 106/106/106 107/107/107 108/108/108
f 108/108/108 19/19/19 2116/2116/2116
f 107/107/107 22/22/22 19/19/19
f 20/20/20 21/21/21 22/22/22
f 193/193/193 1137/1137/1137 1147/1147/1147
f 192/192/192 1138/1138/1138 1187/1187/1187
f 1676/1676/1676 1604/1604/1604 1601/1601/1601
f 1671/1671/1671 1600/1600/1600 1596/1596/1596
f 119/119/119 118/118/118 67/67/67
f 117/117/117 122/122/122 71/71/71
f 122/122/122 124/124/124 74/74/74
f 124/124/124 125/125/125 65/65/65
f 132/132/132 128/128/128 52/52/52
f 133/133/133 132/132/132 58/58/58
f 136/136/136 133/133/133 57/57/57
f 111/111/111 136/136/136 55/55/55
f 16/16/16 40/40/40 1145/1145/1145
f 130/130/130 2635/2635/2635 2641/2641/2641
f 125/125/125 2105/2105/2105 2112/2112/2112
f 151/151/151 150/150/150 188/188/188
f 146/146/146 147/147/147 190/190/190
f 172/172/172 174/174/174 54/54/54
f 139/139/139 1017/1017/1017 1010/1010/1010
f 174/174/174 153/153/153 49/49/49
f 158/158/158 160/160/160 64/64/64
f 161/161/161 156/156/156 69/69/69
f 16/16/16 2118/2118/2118 2113/2113/2113
f 153/153/153 2101/2101/2101 2097/2097/2097
f 178/178/178 2124/2124/2124 2096/2096/2096
f 164/164/164 161/161/161 72/72/72
f 245/245/245 9/9/9 4439/4439/4439
f 143/143/143 1153/1153/1153 1144/1144/1144
f 165/165/165 164/164/164 73/73/73
f 179/179/179 4447/4447/4447 5012/5012/5012
f 181/181/181 1154/1154/1154 2663/2663/2663
f 155/155/155 1188/1188/1188 1143/1143/1143
f 159/159/159 157/157/157 144/144/144
f 157/157/157 162/162/162 146/146/146
f 162/162/162 163/163/163 147/147/147
f 163/163/163 166/166/166 148/148/148
f 170/170/170 168/168/168 149/149/149
f 173/173/173 170/170/170 150/150/150
f 175/175/175 173/173/173 151/151/151
f 154/154/154 175/175/175 152/152/152
f 1681/1681/1681 1609/1609/1609 4911/4911/4911
f 98/98/98 2106/2106/2106 5009/5009/5009
f 1573/1573/1573 1654/1654/1654 4934/4934/4934
f 168/168/168 2643/2643/2643 2644/2644/2644
f 166/166/166 2117/2117/2117 2119/2119/2119
f 246/246/246 249/249/249 251/251/251
f 182/182/182 2683/2683/2683 2706/2706/2706
f 149/149/149 2644/2644/2644 2685/2685/2685
f 241/241/241 105/105/105 2/2/2
f 242/242/242 245/245/245 4573/4573/4573
f 244/244/244 207/207/207 137/137/137
f 184/184/184 1117/1117/1117 1112/1112/1112
f 183/183/183 2685/2685/2685 2683/2683/2683
f 152/152/152 188/188/188 187/187/187
f 147/147/147 148/148/148 191/191/191
f 188/188/188 183/183/183 182/182/182
f 187/187/187 182/182/182 2121/2121/2121
f 150/150/150 149/149/149 183/183/183
f 1687/1687/1687 1616/1616/1616 1607/1607/1607
f 144/144/144 190/190/190 186/186/186
f 142/142/142 75/75/75 1144/1144/1144
f 189/189/189 962/962/962 1223/1223/1223
f 240/240/240 241/241/241 257/257/257
f 961/961/961 1110/1110/1110 1113/1113/1113
f 199/199/199 1111/1111/1111 2174/2174/2174
f 950/950/950 1157/1157/1157 1149/1149/1149
f 200/200/200 2125/2125/2125 2094/2094/2094
f 1689/1689/1689 1618/1618/1618 1637/1637/1637
f 952/952/952 2127/2127/2127 2108/2108/2108
f 210/210/210 139/139/139 138/138/138
f 243/243/243 209/209/209 207/207/207
f 211/211/211 214/214/214 180/180/180
f 448/448/448 2167/2167/2167 2099/2099/2099
f 213/213/213 210/210/210 206/206/206
f 212/212/212 215/215/215 214/214/214
f 223/223/223 226/226/226 214/214/214
f 220/220/220 218/218/218 1164/1164/1164
f 216/216/216 220/220/220 1165/1165/1165
f 143/143/143 273/273/273 1207/1207/1207
f 218/218/218 189/189/189 1152/1152/1152
f 217/217/217 223/223/223 215/215/215
f 186/186/186 304/304/304 275/275/275
f 226/226/226 185/185/185 180/180/180
f 222/222/222 219/219/219 215/215/215
f 222/222/222 280/280/280 276/276/276
f 221/221/221 213/213/213 208/208/208
f 160/160/160 277/277/277 281/281/281
f 228/228/228 224/224/224 209/209/209
f 228/228/228 289/289/289 283/283/283
f 227/227/227 240/240/240 256/256/256
f 104/104/104 285/285/285 297/297/297
f 1697/1697/1697 1626/1626/1626 1630/1630/1630
f 229/229/229 242/242/242 4581/4581/4581
f 120/120/120 288/288/288 4598/4598/4598
f 1644/1644/1644 1692/1692/1692 1621/1621/1621
f 230/230/230 246/246/246 250/250/250
f 78/78/78 291/291/291 295/295/295
f 249/249/249 14/14/14 4/4/4
f 232/232/232 250/250/250 240/240/240
f 24/24/24 295/295/295 285/285/285
f 257/257/257 2131/2131/2131 2130/2130/2130
f 251/251/251 4/4/4 105/105/105
f 3/3/3 297/297/297 2135/2135/2135
f 1582/1582/1582 1664/1664/1664 1651/1651/1651
f 238/238/238 1201/1201/1201 1196/1196/1196
f 1585/1585/1585 1581/1581/1581 1662/1662/1662
f 191/191/191 334/334/334 338/338/338
f 2/2/2 2091/2091/2091 2131/2131/2131
f 259/259/259 1169/1169/1169 1162/1162/1162
f 261/261/261 1166/1166/1166 1170/1170/1170
f 1712/1712/1712 1705/1705/1705 1633/1633/1633
f 1714/1714/1714 1561/1561/1561 1560/1560/1560
f 1709/1709/1709 1638/1638/1638 1612/1612/1612
f 267/267/267 1177/1177/1177 1172/1172/1172
f 1296/1296/1296 1291/1291/1291 1844/1844/1844
f 1298/1298/1298 1302/1302/1302 1855/1855/1855
f 1289/1289/1289 1294/1294/1294 1846/1846/1846
f 1288/1288/1288 1840/1840/1840 1845/1845/1845
f 1290/1290/1290 1843/1843/1843 1837/1837/1837
f 1882/1882/1882 1247/1247/1247 1234/1234/1234
f 1885/1885/1885 1881/1881/1881 1245/1245/1245
f 1884/1884/1884 1249/1249/1249 1252/1252/1252
f 1889/1889/1889 1252/1252/1252 318/318/318
f 1287/1287/1287 1282/1282/1282 1835/1835/1835
f 1273/1273/1273 1826/1826/1826 1838/1838/1838
f 1280/1280/1280 1833/1833/1833 1852/1852/1852
f 1299/1299/1299 1852/1852/1852 1853/1853/1853
f 1285/1285/1285 1838/1838/1838 1839/1839/1839
f 1879/1879/1879 1244/1244/1244 1227/1227/1227
f 1279/1279/1279 1831/1831/1831 1823/1823/1823
f 981/981/981 988/988/988 1878/1878/1878
f 2211/2211/2211 2220/2220/2220 2410/2410/2410
f 1306/1306/1306 1859/1859/1859 1858/1858/1858
f 1869/1869/1869 1235/1235/1235 1236/1236/1236
f 1872/1872/1872 1237/1237/1237 1239/1239/1239
f 1874/1874/1874 1238/1238/1238 4853/4853/4853
f 1237/1237/1237 1872/1872/1872 1817/1817/1817
f 1828/1828/1828 2675/2675/2675 2666/2666/2666
f 1274/1274/1274 1827/1827/1827 1818/1818/1818
f 1267/1267/1267 1819/1819/1819 1815/1815/1815
f 1866/1866/1866 1230/1230/1230 1229/1229/1229
f 1868/1868/1868 1233/1233/1233 1231/1231/1231
f 1812/1812/1812 1871/1871/1871 1236/1236/1236
f 1258/1258/1258 1811/1811/1811 1821/1821/1821
f 1825/1825/1825 1272/1272/1272 1242/1242/1242
f 1821/1821/1821 1864/1864/1864 1229/1229/1229
f 1822/1822/1822 1890/1890/1890 1255/1255/1255
f 1228/1228/1228 1283/1283/1283 1836/1836/1836
f 1260/1260/1260 1814/1814/1814 1820/1820/1820
f 1271/1271/1271 1824/1824/1824 4965/4965/4965
f 1262/1262/1262 1816/1816/1816 1812/1812/1812
f 1264/1264/1264 1817/1817/1817 1828/1828/1828
f 1876/1876/1876 1240/1240/1240 1232/1232/1232
f 1887/1887/1887 317/317/317 1251/1251/1251
f 1286/1286/1286 1839/1839/1839 1833/1833/1833
f 331/331/331 328/328/328 316/316/316
f 1890/1890/1890 2288/2288/2288 2281/2281/2281
f 313/313/313 311/311/311 299/299/299
f 1713/1713/1713 1712/1712/1712 1639/1639/1639
f 1711/1711/1711 1560/1560/1560 1559/1559/1559
f 309/309/309 306/306/306 2132/2132/2132
f 297/297/297 298/298/298 2134/2134/2134
f 298/298/298 235/235/235 2129/2129/2129
f 295/295/295 296/296/296 286/286/286
f 296/296/296 232/232/232 227/227/227
f 291/291/291 294/294/294 296/296/296
f 294/294/294 230/230/230 232/232/232
f 288/288/288 290/290/290 4589/4589/4589
f 290/290/290 229/229/229 4566/4566/4566
f 285/285/285 286/286/286 298/298/298
f 286/286/286 227/227/227 235/235/235
f 289/289/289 287/287/287 282/282/282
f 287/287/287 119/119/119 63/63/63
f 277/277/277 279/279/279 284/284/284
f 279/279/279 221/221/221 225/225/225
f 280/280/280 278/278/278 275/275/275
f 278/278/278 159/159/159 145/145/145
f 304/304/304 303/303/303 276/276/276
f 303/303/303 217/217/217 219/219/219
f 302/302/302 300/300/300 303/303/303
f 273/273/273 274/274/274 1206/1206/1206
f 274/274/274 216/216/216 1159/1159/1159
f 1301/1301/1301 1295/1295/1295 1849/1849/1849
f 323/323/323 1208/1208/1208 1202/1202/1202
f 326/326/326 321/321/321 305/305/305
f 190/190/190 338/338/338 336/336/336
f 345/345/345 344/344/344 375/375/375
f 352/352/352 185/185/185 226/226/226
f 395/395/395 367/367/367 364/364/364
f 349/349/349 10/10/10 185/185/185
f 370/370/370 2142/2142/2142 2157/2157/2157
f 339/339/339 359/359/359 354/354/354
f 333/333/333 358/358/358 359/359/359
f 346/346/346 373/373/373 368/368/368
f 340/340/340 372/372/372 373/373/373
f 353/353/353 366/366/366 361/361/361
f 347/347/347 365/365/365 366/366/366
f 237/237/237 2139/2139/2139 2137/2137/2137
f 191/191/191 2111/2111/2111 2136/2136/2136
f 336/336/336 302/302/302 304/304/304
f 354/354/354 313/313/313 301/301/301
f 368/368/368 365/365/365 347/347/347
f 348/348/348 226/226/226 223/223/223
f 260/260/260 2143/2143/2143 2140/2140/2140
f 37/37/37 2107/2107/2107 2145/2145/2145
f 363/363/363 2147/2147/2147 2144/2144/2144
f 374/374/374 370/370/370 396/396/396
f 236/236/236 421/421/421 2162/2162/2162
f 377/377/377 342/342/342 345/345/345
f 387/387/387 380/380/380 376/376/376
f 384/384/384 379/379/379 380/380/380
f 300/300/300 375/375/375 217/217/217
f 255/255/255 2141/2141/2141 2148/2148/2148
f 382/382/382 2150/2150/2150 2149/2149/2149
f 311/311/311 385/385/385 376/376/376
f 312/312/312 424/424/424 423/423/423
f 264/264/264 258/258/258 2146/2146/2146
f 392/392/392 362/362/362 367/367/367
f 389/389/389 364/364/364 369/369/369
f 400/400/400 369/369/369 374/374/374
f 401/401/401 415/415/415 410/410/410
f 398/398/398 412/412/412 415/415/415
f 394/394/394 408/408/408 404/404/404
f 390/390/390 407/407/407 408/408/408
f 410/410/410 407/407/407 390/390/390
f 405/405/405 2155/2155/2155 2152/2152/2152
f 269/269/269 2159/2159/2159 2156/2156/2156
f 268/268/268 418/418/418 2160/2160/2160
f 414/414/414 417/417/417 411/411/411
f 1704/1704/1704 1700/1700/1700 1629/1629/1629
f 1302/1302/1302 1301/1301/1301 1854/1854/1854
f 418/418/418 420/420/420 2161/2161/2161
f 417/417/417 419/419/419 406/406/406
f 1706/1706/1706 1713/1713/1713 1640/1640/1640
f 1888/1888/1888 1251/1251/1251 1248/1248/1248
f 420/420/420 266/266/266 2154/2154/2154
f 419/419/419 403/403/403 409/409/409
f 1300/1300/1300 1853/1853/1853 1827/1827/1827
f 1584/1584/1584 1666/1666/1666 1715/1715/1715
f 421/421/421 309/309/309 2133/2133/2133
f 2324/2324/2324 2286/2286/2286 1716/1716/1716
f 1834/1834/1834 1281/1281/1281 1246/1246/1246
f 386/386/386 423/423/423 383/383/383
f 426/426/426 425/425/425 314/314/314
f 425/425/425 424/424/424 312/312/312
f 424/424/424 2132/2132/2132 2163/2163/2163
f 423/423/423 2163/2163/2163 2151/2151/2151
f 356/356/356 426/426/426 355/355/355
f 344/344/344 223/223/223 217/217/217
f 1257/1257/1257 1893/1893/1893 1856/1856/1856
f 450/450/450 449/449/449 45/45/45
f 445/445/445 184/184/184 7/7/7
f 444/444/444 30/30/30 184/184/184
f 430/430/430 7/7/7 2095/2095/2095
f 443/443/443 32/32/32 30/30/30
f 436/436/436 39/39/39 33/33/33
f 442/442/442 2303/2303/2303 2300/2300/2300
f 434/434/434 1218/1218/1218 2280/2280/2280
f 439/439/439 2299/2299/2299 2292/2292/2292
f 433/433/433 2295/2295/2295 2293/2293/2293
f 431/431/431 2293/2293/2293 2299/2299/2299
f 429/429/429 2292/2292/2292 2330/2330/2330
f 435/435/435 4600/4600/4600 4551/4551/4551
f 449/449/449 450/450/450 2169/2169/2169
f 1304/1304/1304 1857/1857/1857 1829/1829/1829
f 453/453/453 1222/1222/1222 1219/1219/1219
f 1723/1723/1723 1592/1592/1592 1611/1611/1611
f 1305/1305/1305 1858/1858/1858 1826/1826/1826
f 452/452/452 2170/2170/2170 2166/2166/2166
f 446/446/446 1220/1220/1220 1156/1156/1156
f 701/701/701 680/680/680 661/661/661
f 455/455/455 638/638/638 1079/1079/1079
f 476/476/476 591/591/591 526/526/526
f 620/620/620 510/510/510 508/508/508
f 553/553/553 591/591/591 476/476/476
f 579/579/579 2651/2651/2651 5177/5177/5177
f 590/590/590 468/468/468 645/645/645
f 454/454/454 630/630/630 513/513/513
f 471/471/471 557/557/557 558/558/558
f 581/581/581 576/576/576 4631/4631/4631
f 480/480/480 477/477/477 530/530/530
f 479/479/479 480/480/480 537/537/537
f 478/478/478 479/479/479 533/533/533
f 476/476/476 478/478/478 532/532/532
f 582/582/582 581/581/581 4635/4635/4635
f 584/584/584 582/582/582 4643/4643/4643
f 563/563/563 584/584/584 4652/4652/4652
f 535/535/535 529/529/529 4673/4673/4673
f 597/597/597 640/640/640 646/646/646
f 534/534/534 536/536/536 4676/4676/4676
f 531/531/531 534/534/534 4688/4688/4688
f 527/527/527 531/531/531 4695/4695/4695
f 483/483/483 633/633/633 1118/1118/1118
f 481/481/481 468/468/468 590/590/590
f 489/489/489 1096/1096/1096 4813/4813/4813
f 547/547/547 541/541/541 471/471/471
f 546/546/546 547/547/547 473/473/473
f 543/543/543 546/546/546 474/474/474
f 539/539/539 543/543/543 475/475/475
f 495/495/495 488/488/488 860/860/860
f 493/493/493 495/495/495 852/852/852
f 457/457/457 556/556/556 958/958/958
f 539/539/539 472/472/472 604/604/604
f 467/467/467 457/457/457 270/270/270
f 479/479/479 478/478/478 554/554/554
f 488/488/488 498/498/498 848/848/848
f 490/490/490 487/487/487 1102/1102/1102
f 695/695/695 685/685/685 686/686/686
f 484/484/484 486/486/486 862/862/862
f 485/485/485 483/483/483 1106/1106/1106
f 616/616/616 501/501/501 510/510/510
f 551/551/551 526/526/526 592/592/592
f 480/480/480 554/554/554 555/555/555
f 556/556/556 455/455/455 205/205/205
f 554/554/554 551/551/551 456/456/456
f 478/478/478 476/476/476 551/551/551
f 557/557/557 454/454/454 559/559/559
f 559/559/559 513/513/513 604/604/604
f 558/558/558 559/559/559 472/472/472
f 473/473/473 558/558/558 475/475/475
f 569/569/569 514/514/514 519/519/519
f 567/567/567 520/520/520 522/522/522
f 570/570/570 522/522/522 525/525/525
f 572/572/572 525/525/525 517/517/517
f 580/580/580 509/509/509 504/504/504
f 583/583/583 507/507/507 509/509/509
f 585/585/585 506/506/506 507/507/507
f 562/562/562 500/500/500 506/506/506
f 578/578/578 503/503/503 2656/2656/2656
f 574/574/574 517/517/517 491/491/491
f 600/600/600 601/601/601 637/637/637
f 595/595/595 593/593/593 639/639/639
f 622/622/622 508/508/508 505/505/505
f 589/589/589 587/587/587 272/272/272
f 623/623/623 505/505/505 499/499/499
f 606/606/606 518/518/518 515/515/515
f 610/610/610 523/523/523 521/521/521
f 469/469/469 492/492/492 516/516/516
f 602/602/602 499/499/499 511/511/511
f 627/627/627 512/512/512 500/500/500
f 612/612/612 524/524/524 523/523/523
f 689/689/689 4742/4742/4742 4608/4608/4608
f 615/615/615 516/516/516 524/524/524
f 628/628/628 563/563/563 4660/4660/4660
f 608/608/608 594/594/594 593/593/593
f 607/607/607 593/593/593 595/595/595
f 611/611/611 595/595/595 596/596/596
f 613/613/613 596/596/596 597/597/597
f 619/619/619 599/599/599 598/598/598
f 621/621/621 600/600/600 599/599/599
f 624/624/624 601/601/601 600/600/600
f 603/603/603 590/590/590 601/601/601
f 550/550/550 4717/4717/4717 4710/4710/4710
f 618/618/618 598/598/598 2660/2660/2660
f 614/614/614 597/597/597 641/641/641
f 692/692/692 695/695/695 696/696/696
f 631/631/631 642/642/642 2687/2687/2687
f 598/598/598 632/632/632 2688/2688/2688
f 686/686/686 702/702/702 455/455/455
f 687/687/687 4749/4749/4749 4742/4742/4742
f 690/690/690 461/461/461 586/586/586
f 633/633/633 459/459/459 1115/1115/1115
f 632/632/632 631/631/631 2686/2686/2686
f 601/601/601 590/590/590 636/636/636
f 596/596/596 639/639/639 640/640/640
f 637/637/637 636/636/636 631/631/631
f 636/636/636 645/645/645 642/642/642
f 599/599/599 637/637/637 632/632/632
f 593/593/593 594/594/594 635/635/635
f 685/685/685 701/701/701 702/702/702
f 460/460/460 954/954/954 1116/1116/1116
f 655/655/655 651/651/651 587/587/587
f 688/688/688 690/690/690 652/652/652
f 656/656/656 588/588/588 629/629/629
f 870/870/870 496/496/496 561/561/561
f 658/658/658 654/654/654 651/651/651
f 657/657/657 656/656/656 659/659/659
f 668/668/668 660/660/660 659/659/659
f 662/662/662 664/664/664 660/660/660
f 635/635/635 594/594/594 717/717/717
f 671/671/671 659/659/659 629/629/629
f 666/666/666 657/657/657 660/660/660
f 666/666/666 664/664/664 718/718/718
f 667/667/667 669/669/669 654/654/654
f 609/609/609 515/515/515 724/724/724
f 673/673/673 688/688/688 653/653/653
f 673/673/673 670/670/670 726/726/726
f 672/672/672 680/680/680 701/701/701
f 555/555/555 456/456/456 739/739/739
f 674/674/674 4733/4733/4733 4749/4749/4749
f 568/568/568 4668/4668/4668 4765/4765/4765
f 676/676/676 677/677/677 695/695/695
f 530/530/530 477/477/477 737/737/737
f 693/693/693 696/696/696 457/457/457
f 677/677/677 672/672/672 685/685/685
f 477/477/477 555/555/555 727/727/727
f 702/702/702 701/701/701 665/665/665
f 696/696/696 686/686/686 556/556/556
f 456/456/456 592/592/592 715/715/715
f 640/640/640 639/639/639 759/759/759
f 455/455/455 702/702/702 663/663/663
f 751/751/751 743/743/743 741/741/741
f 748/748/748 846/846/846 845/845/845
f 739/739/739 715/715/715 716/716/716
f 740/740/740 716/716/716 661/661/661
f 737/737/737 727/727/727 728/728/728
f 738/738/738 728/728/728 672/672/672
f 734/734/734 737/737/737 738/738/738
f 735/735/735 738/738/738 677/677/677
f 729/729/729 4765/4765/4765 4758/4758/4758
f 732/732/732 4758/4758/4758 4733/4733/4733
f 727/727/727 739/739/739 740/740/740
f 728/728/728 740/740/740 680/680/680
f 731/731/731 726/726/726 723/723/723
f 730/730/730 723/723/723 514/514/514
f 720/720/720 724/724/724 725/725/725
f 722/722/722 725/725/725 669/669/669
f 721/721/721 718/718/718 717/717/717
f 719/719/719 717/717/717 594/594/594
f 746/746/746 717/717/717 718/718/718
f 745/745/745 718/718/718 664/664/664
f 744/744/744 746/746/746 745/745/745
f 2214/2214/2214 2474/2474/2474 2469/2469/2469
f 639/639/639 635/635/635 758/758/758
f 767/767/767 802/802/802 796/796/796
f 773/773/773 768/768/768 671/671/671
f 816/816/816 811/811/811 785/785/785
f 770/770/770 773/773/773 634/634/634
f 793/793/793 818/818/818 708/708/708
f 760/760/760 757/757/757 776/776/776
f 755/755/755 760/760/760 780/780/780
f 766/766/766 765/765/765 789/789/789
f 762/762/762 766/766/766 794/794/794
f 774/774/774 772/772/772 782/782/782
f 769/769/769 774/774/774 788/788/788
f 682/682/682 644/644/644 756/756/756
f 640/640/640 754/754/754 643/643/643
f 758/758/758 635/635/635 746/746/746
f 776/776/776 757/757/757 743/743/743
f 789/789/789 765/765/765 769/769/769
f 768/768/768 764/764/764 668/668/668
f 705/705/705 700/700/700 761/761/761
f 851/851/851 855/855/855 1119/1119/1119
f 784/784/784 771/771/771 698/698/698
f 795/795/795 823/823/823 818/818/818
f 681/681/681 779/779/779 847/847/847
f 800/800/800 802/802/802 767/767/767
f 808/808/808 807/807/807 797/797/797
f 804/804/804 808/808/808 801/801/801
f 742/742/742 745/745/745 662/662/662
f 699/699/699 679/679/679 800/800/800
f 805/805/805 799/799/799 678/678/678
f 749/749/749 741/741/741 797/797/797
f 750/750/750 806/806/806 844/844/844
f 710/710/710 813/813/813 783/783/783
f 813/813/813 816/816/816 787/787/787
f 811/811/811 821/821/821 790/790/790
f 821/821/821 823/823/823 795/795/795
f 822/822/822 820/820/820 832/832/832
f 819/819/819 822/822/822 837/837/837
f 815/815/815 812/812/812 825/825/825
f 810/810/810 815/815/815 830/830/830
f 832/832/832 820/820/820 810/810/810
f 826/826/826 814/814/814 709/709/709
f 714/714/714 707/707/707 817/817/817
f 713/713/713 833/833/833 838/838/838
f 833/833/833 836/836/836 831/831/831
f 839/839/839 838/838/838 840/840/840
f 838/838/838 831/831/831 828/828/828
f 841/841/841 840/840/840 824/824/824
f 840/840/840 828/828/828 829/829/829
f 842/842/842 847/847/847 846/846/846
f 806/806/806 809/809/809 803/803/803
f 847/847/847 775/775/775 752/752/752
f 846/846/846 752/752/752 750/750/750
f 845/845/845 844/844/844 843/843/843
f 844/844/844 803/803/803 684/684/684
f 779/779/779 781/781/781 775/775/775
f 764/764/764 796/796/796 662/662/662
f 872/872/872 850/850/850 497/497/497
f 866/866/866 851/851/851 459/459/459
f 865/865/865 866/866/866 633/633/633
f 863/863/863 865/865/865 483/483/483
f 856/856/856 861/861/861 487/487/487
f 864/864/864 862/862/862 2313/2313/2313
f 860/860/860 848/848/848 2305/2305/2305
f 853/853/853 852/852/852 2306/2306/2306
f 852/852/852 860/860/860 2312/2312/2312
f 848/848/848 858/858/858 2311/2311/2311
f 857/857/857 489/489/489 4719/4719/4719
f 869/869/869 868/868/868 874/874/874
f 944/944/944 948/948/948 1385/1385/1385
f 873/873/873 859/859/859 849/849/849
f 890/890/890 1329/1329/1329 1384/1384/1384
f 947/947/947 1383/1383/1383 1386/1386/1386
f 2661/2661/2661 4227/4227/4227 2667/2667/2667
f 942/942/942 934/934/934 1374/1374/1374
f 939/939/939 940/940/940 1378/1378/1378
f 910/910/910 939/939/939 1377/1377/1377
f 937/937/937 1375/1375/1375 1332/1332/1332
f 938/938/938 1376/1376/1376 1375/1375/1375
f 935/935/935 942/942/942 1379/1379/1379
f 916/916/916 924/924/924 1365/1365/1365
f 926/926/926 885/885/885 1324/1324/1324
f 914/914/914 917/917/917 1357/1357/1357
f 913/913/913 915/915/915 1355/1355/1355
f 925/925/925 4782/4782/4782 4863/4863/4863
f 922/922/922 921/921/921 1361/1361/1361
f 920/920/920 918/918/918 1358/1358/1358
f 1351/1351/1351 1128/1128/1128 1129/1129/1129
f 896/896/896 901/901/901 1339/1339/1339
f 929/929/929 895/895/895 1334/1334/1334
f 919/919/919 932/932/932 1372/1372/1372
f 908/908/908 904/904/904 1342/1342/1342
f 940/940/940 911/911/911 1350/1350/1350
f 906/906/906 909/909/909 1347/1347/1347
f 907/907/907 1346/1346/1346 1349/1349/1349
f 905/905/905 1344/1344/1344 1340/1340/1340
f 898/898/898 1336/1336/1336 1341/1341/1341
f 930/930/930 1369/1369/1369 1373/1373/1373
f 899/899/899 1337/1337/1337 1325/1325/1325
f 888/888/888 1326/1326/1326 1376/1376/1376
f 894/894/894 1332/1332/1332 1338/1338/1338
f 900/900/900 1338/1338/1338 1337/1337/1337
f 458/458/458 1120/1120/1120 1122/1122/1122
f 1025/1025/1025 1092/1092/1092 2173/2173/2173
f 887/887/887 1325/1325/1325 1387/1387/1387
f 926/926/926 1366/1366/1366 1317/1317/1317
f 880/880/880 1316/1316/1316 1361/1361/1361
f 943/943/943 1380/1380/1380 2282/2282/2282
f 881/881/881 1317/1317/1317 1326/1326/1326
f 878/878/878 1315/1315/1315 1318/1318/1318
f 920/920/920 1360/1360/1360 1309/1309/1309
f 884/884/884 1320/1320/1320 1310/1310/1310
f 913/913/913 1353/1353/1353 1320/1320/1320
f 897/897/897 1127/1127/1127 1352/1352/1352
f 883/883/883 1319/1319/1319 1312/1312/1312
f 877/877/877 1313/1313/1313 4861/4861/4861
f 875/875/875 1309/1309/1309 1314/1314/1314
f 1105/1105/1105 1107/1107/1107 560/560/560
f 889/889/889 1327/1327/1327 1316/1316/1316
f 1088/1088/1088 31/31/31 34/34/34
f 1094/1094/1094 109/109/109 1155/1155/1155
f 1104/1104/1104 1095/1095/1095 488/488/488
f 1100/1100/1100 1103/1103/1103 486/486/486
f 1818/1818/1818 1877/1877/1877 1242/1242/1242
f 1082/1082/1082 35/35/35 47/47/47
f 964/964/964 180/180/180 185/185/185
f 986/986/986 4799/4799/4799 4439/4439/4439
f 1002/1002/1002 1091/1091/1091 1082/1082/1082
f 977/977/977 1085/1085/1085 1091/1091/1091
f 987/987/987 8/8/8 137/137/137
f 198/198/198 1078/1078/1078 634/634/634
f 958/958/958 205/205/205 1105/1105/1105
f 1078/1078/1078 892/892/892 464/464/464
f 650/650/650 270/270/270 1104/1104/1104
f 647/647/647 198/198/198 629/629/629
f 893/893/893 1080/1080/1080 957/957/957
f 1878/1878/1878 988/988/988 983/983/983
f 1277/1277/1277 1830/1830/1830 1859/1859/1859
f 960/960/960 202/202/202 2128/2128/2128
f 205/205/205 1079/1079/1079 1107/1107/1107
f 1330/1330/1330 1390/1390/1390 1013/1013/1013
f 954/954/954 1121/1121/1121 1005/1005/1005
f 1108/1108/1108 1388/1388/1388 1328/1328/1328
f 1017/1017/1017 1088/1088/1088 1090/1090/1090
f 962/962/962 1094/1094/1094 1224/1224/1224
f 1065/1065/1065 1004/1004/1004 998/998/998
f 1059/1059/1059 999/999/999 1004/1004/1004
f 1027/1027/1027 1076/1076/1076 1072/1072/1072
f 1022/1022/1022 1075/1075/1075 1076/1076/1076
f 1057/1057/1057 1012/1012/1012 1006/1006/1006
f 1053/1053/1053 1008/1008/1008 1012/1012/1012
f 1051/1051/1051 989/989/989 982/982/982
f 1047/1047/1047 984/984/984 989/989/989
f 971/971/971 1044/1044/1044 1040/1040/1040
f 965/965/965 1043/1043/1043 1044/1044/1044
f 1039/1039/1039 979/979/979 973/973/973
f 1035/1035/1035 976/976/976 979/979/979
f 995/995/995 1032/1032/1032 1028/1028/1028
f 990/990/990 1030/1030/1030 1032/1032/1032
f 1020/1020/1020 1071/1071/1071 1067/1067/1067
f 1014/1014/1014 1068/1068/1068 1071/1071/1071
f 1040/1040/1040 1036/1036/1036 973/973/973
f 928/928/928 462/462/462 4608/4608/4608
f 1048/1048/1048 5428/5428/5428 5393/5393/5393
f 927/927/927 271/271/271 586/586/586
f 1035/1035/1035 2050/2050/2050 1995/1995/1995
f 270/270/270 958/958/958 1095/1095/1095
f 1028/1028/1028 1050/1050/1050 982/982/982
f 648/648/648 272/272/272 1103/1103/1103
f 963/963/963 185/185/185 10/10/10
f 1061/1061/1061 5223/5223/5223 3913/3913/3913
f 1053/1053/1053 1063/1063/1063 998/998/998
f 1018/1018/1018 140/140/140 180/180/180
f 1067/1067/1067 5228/5228/5228 5226/5226/5226
f 993/993/993 981/981/981 1860/1860/1860
f 1072/1072/1072 1068/1068/1068 1014/1014/1014
f 994/994/994 1082/1082/1082 1092/1092/1092
f 1038/1038/1038 1037/1037/1037 1226/1226/1226
f 1099/1099/1099 1104/1104/1104 495/495/495
f 1095/1095/1095 1105/1105/1105 498/498/498
f 1085/1085/1085 42/42/42 44/44/44
f 1091/1091/1091 44/44/44 35/35/35
f 1092/1092/1092 47/47/47 2100/2100/2100
f 1114/1114/1114 1116/1116/1116 1080/1080/1080
f 1118/1118/1118 1115/1115/1115 892/892/892
f 1101/1101/1101 1106/1106/1106 198/198/198
f 1097/1097/1097 1102/1102/1102 271/271/271
f 1096/1096/1096 928/928/928 4798/4798/4798
f 1106/1106/1106 1118/1118/1118 1078/1078/1078
f 1111/1111/1111 960/960/960 2172/2172/2172
f 1110/1110/1110 201/201/201 6/6/6
f 1117/1117/1117 963/963/963 969/969/969
f 1087/1087/1087 1018/1018/1018 964/964/964
f 1084/1084/1084 987/987/987 1009/1009/1009
f 1083/1083/1083 4816/4816/4816 4799/4799/4799
f 1093/1093/1093 964/964/964 963/963/963
f 1109/1109/1109 974/974/974 980/980/980
f 959/959/959 968/968/968 974/974/974
f 953/953/953 972/972/972 968/968/968
f 1832/1832/1832 1278/1278/1278 991/991/991
f 1081/1081/1081 1387/1387/1387 1388/1388/1388
f 1389/1389/1389 1368/1368/1368 1026/1026/1026
f 1861/1861/1861 1832/1832/1832 996/996/996
f 954/954/954 1011/1011/1011 1007/1007/1007
f 1390/1390/1390 1389/1389/1389 1024/1024/1024
f 957/957/957 1003/1003/1003 1001/1001/1001
f 1080/1080/1080 997/997/997 1003/1003/1003
f 1116/1116/1116 1007/1007/1007 997/997/997
f 1079/1079/1079 5270/5270/5270 5269/5269/5269
f 1107/1107/1107 5269/5269/5269 5246/5246/5246
f 630/630/630 5241/5241/5241 5310/5310/5310
f 641/641/641 5304/5304/5304 5308/5308/5308
f 550/550/550 5307/5307/5307 5390/5390/5390
f 491/491/491 5313/5313/5313 5306/5306/5306
f 855/855/855 5326/5326/5326 5230/5230/5230
f 468/468/468 5298/5298/5298 5314/5314/5314
f 469/469/469 5309/5309/5309 5312/5312/5312
f 526/526/526 5311/5311/5311 5240/5240/5240
f 858/858/858 5274/5274/5274 5266/5266/5266
f 591/591/591 5285/5285/5285 5311/5311/5311
f 638/638/638 5239/5239/5239 5270/5270/5270
f 1120/1120/1120 5229/5229/5229 5232/5232/5232
f 665/665/665 5260/5260/5260 5257/5257/5257
f 661/661/661 5249/5249/5249 5260/5260/5260
f 592/592/592 5240/5240/5240 5303/5303/5303
f 663/663/663 5257/5257/5257 5239/5239/5239
f 698/698/698 5255/5255/5255 5325/5325/5325
f 708/708/708 5342/5342/5342 5262/5262/5262
f 709/709/709 5356/5356/5356 5363/5363/5363
f 1124/1124/1124 463/463/463 956/956/956
f 715/715/715 5303/5303/5303 5366/5366/5366
f 716/716/716 5366/5366/5366 5249/5249/5249
f 867/867/867 561/561/561 5247/5247/5247
f 1368/1368/1368 1130/1130/1130 1021/1021/1021
f 1121/1121/1121 5231/5231/5231 5225/5225/5225
f 1132/1132/1132 1322/1322/1322 1331/1331/1331
f 884/884/884 753/753/753 5305/5305/5305
f 920/920/920 875/875/875 5304/5304/5304
f 880/880/880 921/921/921 5290/5290/5290
f 930/930/930 933/933/933 5279/5279/5279
f 906/906/906 5343/5343/5343 5360/5360/5360
f 940/940/940 5301/5301/5301 5362/5362/5362
f 908/908/908 5357/5357/5357 5324/5324/5324
f 919/919/919 5292/5292/5292 5281/5281/5281
f 931/931/931 5282/5282/5282 5276/5276/5276
f 929/929/929 5283/5283/5283 5251/5251/5251
f 896/896/896 5250/5250/5250 5261/5261/5261
f 1128/1128/1128 5234/5234/5234 5236/5236/5236
f 920/920/920 5291/5291/5291 5293/5293/5293
f 922/922/922 5288/5288/5288 5290/5290/5290
f 925/925/925 5287/5287/5287 5385/5385/5385
f 913/913/913 5298/5298/5298 5297/5297/5297
f 914/914/914 5296/5296/5296 5294/5294/5294
f 926/926/926 5285/5285/5285 5238/5238/5238
f 897/897/897 5256/5256/5256 5233/5233/5233
f 916/916/916 5295/5295/5295 5286/5286/5286
f 935/935/935 5278/5278/5278 5275/5275/5275
f 936/936/936 5277/5277/5277 5278/5278/5278
f 910/910/910 5361/5361/5361 5302/5302/5302
f 939/939/939 5302/5302/5302 5301/5301/5301
f 941/941/941 5276/5276/5276 5277/5277/5277
f 942/942/942 5275/5275/5275 5280/5280/5280
f 753/753/753 4227/4227/4227 5323/5323/5323
f 947/947/947 949/949/949 5271/5271/5271
f 944/944/944 5273/5273/5273 5272/5272/5272
f 1130/1130/1130 5235/5235/5235 3914/3914/3914
f 1133/1133/1133 1330/1330/1330 1019/1019/1019
f 1073/1073/1073 1077/1077/1077 1074/1074/1074
f 1136/1136/1136 1069/1069/1069 1073/1073/1073
f 1066/1066/1066 1070/1070/1070 1069/1069/1069
f 1223/1223/1223 1224/1224/1224 2045/2045/2045
f 1224/1224/1224 1155/1155/1155 2015/2015/2015
f 1220/1220/1220 2042/2042/2042 2016/2016/2016
f 1221/1221/1221 452/452/452 437/437/437
f 1222/1222/1222 2090/2090/2090 2043/2043/2043
f 1218/1218/1218 2088/2088/2088 2290/2290/2290
f 1215/1215/1215 1200/1200/1200 239/239/239
f 1214/1214/1214 1204/1204/1204 309/309/309
f 1213/1213/1213 420/420/420 418/418/418
f 1212/1212/1212 418/418/418 268/268/268
f 1211/1211/1211 325/325/325 308/308/308
f 1208/1208/1208 2081/2081/2081 2077/2077/2077
f 1210/1210/1210 1209/1209/1209 322/322/322
f 1206/1206/1206 1159/1159/1159 2019/2019/2019
f 1207/1207/1207 1206/1206/1206 2038/2038/2038
f 1203/1203/1203 1215/1215/1215 422/422/422
f 1191/1191/1191 178/178/178 60/60/60
f 1179/1179/1179 37/37/37 252/252/252
f 1151/1151/1151 101/101/101 142/142/142
f 1182/1182/1182 1183/1183/1183 61/61/61
f 1181/1181/1181 28/28/28 15/15/15
f 1190/1190/1190 177/177/177 4453/4453/4453
f 1189/1189/1189 1188/1188/1188 155/155/155
f 1187/1187/1187 1185/1185/1185 195/195/195
f 1195/1195/1195 952/952/952 36/36/36
f 1167/1167/1167 260/260/260 254/254/254
f 1161/1161/1161 255/255/255 234/234/234
f 1198/1198/1198 1214/1214/1214 421/421/421
f 1199/1199/1199 237/237/237 194/194/194
f 1168/1168/1168 258/258/258 264/264/264
f 1176/1176/1176 266/266/266 420/420/420
f 1174/1174/1174 269/269/269 263/263/263
f 1177/1177/1177 2036/2036/2036 2033/2033/2033
f 1166/1166/1166 2027/2027/2027 2030/2030/2030
f 1169/1169/1169 2029/2029/2029 2023/2023/2023
f 1201/1201/1201 2074/2074/2074 2071/2071/2071
f 1164/1164/1164 1152/1152/1152 2012/2012/2012
f 1153/1153/1153 1207/1207/1207 2039/2039/2039
f 1159/1159/1159 1165/1165/1165 2025/2025/2025
f 1165/1165/1165 1164/1164/1164 2024/2024/2024
f 1157/1157/1157 2017/2017/2017 2009/2009/2009
f 1152/1152/1152 1223/1223/1223 2044/2044/2044
f 1193/1193/1193 1144/1144/1144 2004/2004/2004
f 1188/1188/1188 2062/2062/2062 2003/2003/2003
f 1154/1154/1154 2014/2014/2014 2679/2679/2679
f 1153/1153/1153 2013/2013/2013 2004/2004/2004
f 1141/1141/1141 1145/1145/1145 2005/2005/2005
f 1138/1138/1138 1998/1998/1998 2061/2061/2061
f 1137/1137/1137 1997/1997/1997 2007/2007/2007
f 1180/1180/1180 1147/1147/1147 2007/2007/2007
f 1148/1148/1148 2008/2008/2008 2088/2088/2088
f 1139/1139/1139 2000/2000/2000 2006/2006/2006
f 1140/1140/1140 4832/4832/4832 4995/4995/4995
f 1142/1142/1142 2002/2002/2002 1998/1998/1998
f 1154/1154/1154 1143/1143/1143 2003/2003/2003
f 1194/1194/1194 966/966/966 972/972/972
f 1158/1158/1158 951/951/951 980/980/980
f 1041/1041/1041 1045/1045/1045 1042/1042/1042
f 1037/1037/1037 1041/1041/1041 1225/1225/1225
f 1256/1256/1256 5427/5427/5427 5424/5424/5424
f 1252/1252/1252 1249/1249/1249 5420/5420/5420
f 1251/1251/1251 317/317/317 5541/5541/5541
f 1302/1302/1302 5476/5476/5476 5475/5475/5475
f 1301/1301/1301 5475/5475/5475 5470/5470/5470
f 327/327/327 5545/5545/5545 5542/5542/5542
f 329/329/329 332/332/332 5543/5543/5543
f 318/318/318 1252/1252/1252 5422/5422/5422
f 1240/1240/1240 5410/5410/5410 5402/5402/5402
f 1228/1228/1228 5398/5398/5398 5458/5458/5458
f 1272/1272/1272 5445/5445/5445 5412/5412/5412
f 1231/1231/1231 1233/1233/1233 5403/5403/5403
f 1230/1230/1230 5401/5401/5401 5399/5399/5399
f 1238/1238/1238 5409/5409/5409 5562/5562/5562
f 1239/1239/1239 1237/1237/1237 5407/5407/5407
f 1236/1236/1236 1235/1235/1235 5405/5405/5405
f 1244/1244/1244 5413/5413/5413 5397/5397/5397
f 1287/1287/1287 5462/5462/5462 5456/5456/5456
f 1281/1281/1281 5455/5455/5455 5416/5416/5416
f 1248/1248/1248 1251/1251/1251 5421/5421/5421
f 1247/1247/1247 5418/5418/5418 5404/5404/5404
f 1289/1289/1289 5463/5463/5463 5468/5468/5468
f 1298/1298/1298 5472/5472/5472 5476/5476/5476
f 1296/1296/1296 5469/5469/5469 5466/5466/5466
f 1243/1243/1243 983/983/983 5394/5394/5394
f 1278/1278/1278 5452/5452/5452 5430/5430/5430
f 1390/1390/1390 1427/1427/1427 1426/1426/1426
f 1389/1389/1389 1426/1426/1426 1411/1411/1411
f 1387/1387/1387 1424/1424/1424 1425/1425/1425
f 1388/1388/1388 1425/1425/1425 1447/1447/1447
f 1327/1327/1327 1445/1445/1445 1434/1434/1434
f 1309/1309/1309 1428/1428/1428 1433/1433/1433
f 1313/1313/1313 1430/1430/1430 4885/4885/4885
f 1319/1319/1319 1437/1437/1437 1431/1431/1431
f 1382/1382/1382 1421/1421/1421 1440/1440/1440
f 1353/1353/1353 1396/1396/1396 1438/1438/1438
f 1320/1320/1320 1438/1438/1438 1429/1429/1429
f 1360/1360/1360 1403/1403/1403 1428/1428/1428
f 1315/1315/1315 1432/1432/1432 1436/1436/1436
f 1317/1317/1317 1435/1435/1435 1444/1444/1444
f 1380/1380/1380 1419/1419/1419 2283/2283/2283
f 1316/1316/1316 1434/1434/1434 1404/1404/1404
f 1366/1366/1366 1409/1409/1409 1435/1435/1435
f 1325/1325/1325 1443/1443/1443 1424/1424/1424
f 1330/1330/1330 1449/1449/1449 1427/1427/1427
f 1322/1322/1322 1439/1439/1439 1448/1448/1448
f 1338/1338/1338 1456/1456/1456 1455/1455/1455
f 1332/1332/1332 1450/1450/1450 1456/1456/1456
f 1326/1326/1326 1444/1444/1444 1470/1470/1470
f 1337/1337/1337 1455/1455/1455 1443/1443/1443
f 1369/1369/1369 1413/1413/1413 1416/1416/1416
f 1336/1336/1336 1454/1454/1454 1459/1459/1459
f 1344/1344/1344 1461/1461/1461 1457/1457/1457
f 1346/1346/1346 1463/1463/1463 1467/1467/1467
f 1343/1343/1343 1347/1347/1347 1466/1466/1466
f 1378/1378/1378 1350/1350/1350 1468/1468/1468
f 1345/1345/1345 1342/1342/1342 1460/1460/1460
f 1359/1359/1359 1372/1372/1372 1414/1414/1414
f 945/945/945 1382/1382/1382 1321/1321/1321
f 1370/1370/1370 1334/1334/1334 1452/1452/1452
f 1333/1333/1333 1339/1339/1339 1458/1458/1458
f 1351/1351/1351 1367/1367/1367 1410/1410/1410
f 1360/1360/1360 1358/1358/1358 1401/1401/1401
f 1362/1362/1362 1361/1361/1361 1404/1404/1404
f 1364/1364/1364 4863/4863/4863 4872/4872/4872
f 1353/1353/1353 1355/1355/1355 1398/1398/1398
f 1354/1354/1354 1357/1357/1357 1400/1400/1400
f 1366/1366/1366 1324/1324/1324 1441/1441/1441
f 1335/1335/1335 1352/1352/1352 1394/1394/1394
f 1356/1356/1356 1365/1365/1365 1408/1408/1408
f 1307/1307/1307 1379/1379/1379 1418/1418/1418
f 1376/1376/1376 1470/1470/1470 1469/1469/1469
f 1375/1375/1375 1469/1469/1469 1450/1450/1450
f 1371/1371/1371 931/931/931 941/941/941
f 1348/1348/1348 1377/1377/1377 1471/1471/1471
f 1377/1377/1377 1378/1378/1378 1472/1472/1472
f 1308/1308/1308 936/936/936 935/935/935
f 1379/1379/1379 1374/1374/1374 1417/1417/1417
f 1310/1310/1310 1429/1429/1429 2668/2668/2668
f 1383/1383/1383 1473/1473/1473 1422/1422/1422
f 1329/1329/1329 1446/1446/1446 1474/1474/1474
f 1381/1381/1381 1385/1385/1385 1423/1423/1423
f 1420/1420/1420 1423/1423/1423 1506/1506/1506
f 1446/1446/1446 1531/1531/1531 1558/1558/1558
f 1473/1473/1473 1557/1557/1557 1507/1507/1507
f 1429/1429/1429 1513/1513/1513 2669/2669/2669
f 1418/1418/1418 1417/1417/1417 1500/1500/1500
f 1471/1471/1471 1472/1472/1472 1556/1556/1556
f 1465/1465/1465 1471/1471/1471 1555/1555/1555
f 1469/1469/1469 1553/1553/1553 1534/1534/1534
f 1470/1470/1470 1554/1554/1554 1553/1553/1553
f 1391/1391/1391 1418/1418/1418 1502/1502/1502
f 1399/1399/1399 1408/1408/1408 1492/1492/1492
f 1453/1453/1453 1394/1394/1394 1479/1479/1479
f 1409/1409/1409 1441/1441/1441 1526/1526/1526
f 1397/1397/1397 1400/1400/1400 1483/1483/1483
f 1396/1396/1396 1398/1398/1398 1482/1482/1482
f 1407/1407/1407 4872/4872/4872 4896/4896/4896
f 1405/1405/1405 1404/1404/1404 1488/1488/1488
f 1403/1403/1403 1401/1401/1401 1485/1485/1485
f 1395/1395/1395 1410/1410/1410 1494/1494/1494
f 1451/1451/1451 1458/1458/1458 1541/1541/1541
f 1412/1412/1412 1452/1452/1452 1535/1535/1535
f 1402/1402/1402 1414/1414/1414 1499/1499/1499
f 1464/1464/1464 1460/1460/1460 1544/1544/1544
f 1472/1472/1472 1468/1468/1468 1552/1552/1552
f 1462/1462/1462 1466/1466/1466 1550/1550/1550
f 1463/1463/1463 1547/1547/1547 1551/1551/1551
f 1461/1461/1461 1546/1546/1546 1542/1542/1542
f 1454/1454/1454 1538/1538/1538 1543/1543/1543
f 1413/1413/1413 1496/1496/1496 1501/1501/1501
f 1455/1455/1455 1539/1539/1539 1527/1527/1527
f 1444/1444/1444 1528/1528/1528 1554/1554/1554
f 1450/1450/1450 1534/1534/1534 1540/1540/1540
f 1456/1456/1456 1540/1540/1540 1539/1539/1539
f 1439/1439/1439 1523/1523/1523 1533/1533/1533
f 1449/1449/1449 1532/1532/1532 1511/1511/1511
f 1443/1443/1443 1527/1527/1527 1508/1508/1508
f 1409/1409/1409 1493/1493/1493 1519/1519/1519
f 1434/1434/1434 1518/1518/1518 1488/1488/1488
f 1419/1419/1419 1504/1504/1504 2284/2284/2284
f 1435/1435/1435 1519/1519/1519 1528/1528/1528
f 1432/1432/1432 1516/1516/1516 1520/1520/1520
f 1403/1403/1403 1487/1487/1487 1512/1512/1512
f 1438/1438/1438 1522/1522/1522 1513/1513/1513
f 1396/1396/1396 1480/1480/1480 1522/1522/1522
f 1421/1421/1421 1505/1505/1505 1524/1524/1524
f 1437/1437/1437 1521/1521/1521 1514/1514/1514
f 1430/1430/1430 1515/1515/1515 4893/4893/4893
f 1428/1428/1428 1512/1512/1512 1517/1517/1517
f 1445/1445/1445 1529/1529/1529 1518/1518/1518
f 1425/1425/1425 1509/1509/1509 1530/1530/1530
f 1424/1424/1424 1508/1508/1508 1509/1509/1509
f 1426/1426/1426 1510/1510/1510 1495/1495/1495
f 1427/1427/1427 1511/1511/1511 1510/1510/1510
f 1415/1415/1415 1371/1371/1371 1311/1311/1311
f 1392/1392/1392 1308/1308/1308 1307/1307/1307
f 1393/1393/1393 1311/1311/1311 1308/1308/1308
f 1511/1511/1511 1595/1595/1595 1594/1594/1594
f 1510/1510/1510 1594/1594/1594 1579/1579/1579
f 1508/1508/1508 1592/1592/1592 1593/1593/1593
f 1509/1509/1509 1593/1593/1593 1614/1614/1614
f 1529/1529/1529 1613/1613/1613 1602/1602/1602
f 1512/1512/1512 1596/1596/1596 1600/1600/1600
f 1515/1515/1515 1598/1598/1598 4918/4918/4918
f 1521/1521/1521 1605/1605/1605 1599/1599/1599
f 1505/1505/1505 1589/1589/1589 1608/1608/1608
f 1480/1480/1480 1564/1564/1564 1606/1606/1606
f 1522/1522/1522 1606/1606/1606 1597/1597/1597
f 1487/1487/1487 1571/1571/1571 1596/1596/1596
f 1516/1516/1516 1601/1601/1601 1604/1604/1604
f 1519/1519/1519 1603/1603/1603 1612/1612/1612
f 1504/1504/1504 1588/1588/1588 2285/2285/2285
f 1518/1518/1518 1602/1602/1602 1572/1572/1572
f 1493/1493/1493 1577/1577/1577 1603/1603/1603
f 1527/1527/1527 1611/1611/1611 1592/1592/1592
f 1532/1532/1532 1617/1617/1617 1595/1595/1595
f 1523/1523/1523 1607/1607/1607 1616/1616/1616
f 1540/1540/1540 1624/1624/1624 1623/1623/1623
f 1534/1534/1534 1618/1618/1618 1624/1624/1624
f 1528/1528/1528 1612/1612/1612 1638/1638/1638
f 1539/1539/1539 1623/1623/1623 1611/1611/1611
f 1496/1496/1496 1581/1581/1581 1585/1585/1585
f 1538/1538/1538 1622/1622/1622 1627/1627/1627
f 1546/1546/1546 1630/1630/1630 1626/1626/1626
f 1547/1547/1547 1632/1632/1632 1635/1635/1635
f 1545/1545/1545 1550/1550/1550 1634/1634/1634
f 1556/1556/1556 1552/1552/1552 1636/1636/1636
f 1548/1548/1548 1544/1544/1544 1628/1628/1628
f 1486/1486/1486 1499/1499/1499 1582/1582/1582
f 1497/1497/1497 1535/1535/1535 1620/1620/1620
f 1536/1536/1536 1541/1541/1541 1625/1625/1625
f 1478/1478/1478 1494/1494/1494 1578/1578/1578
f 1487/1487/1487 1485/1485/1485 1569/1569/1569
f 1489/1489/1489 1488/1488/1488 1572/1572/1572
f 1491/1491/1491 4896/4896/4896 4903/4903/4903
f 1480/1480/1480 1482/1482/1482 1566/1566/1566
f 1481/1481/1481 1483/1483/1483 1568/1568/1568
f 1493/1493/1493 1526/1526/1526 1610/1610/1610
f 1537/1537/1537 1479/1479/1479 1562/1562/1562
f 1484/1484/1484 1492/1492/1492 1576/1576/1576
f 1475/1475/1475 1502/1502/1502 1586/1586/1586
f 1554/1554/1554 1638/1638/1638 1637/1637/1637
f 1553/1553/1553 1637/1637/1637 1618/1618/1618
f 1549/1549/1549 1555/1555/1555 1639/1639/1639
f 1555/1555/1555 1556/1556/1556 1640/1640/1640
f 1502/1502/1502 1500/1500/1500 1584/1584/1584
f 1513/1513/1513 1597/1597/1597 2670/2670/2670
f 1557/1557/1557 1641/1641/1641 1591/1591/1591
f 1531/1531/1531 1615/1615/1615 1642/1642/1642
f 1503/1503/1503 1506/1506/1506 1590/1590/1590
f 1498/1498/1498 1415/1415/1415 1393/1393/1393
f 1476/1476/1476 1392/1392/1392 1391/1391/1391
f 1477/1477/1477 1393/1393/1393 1392/1392/1392
f 1721/1721/1721 1591/1591/1591 1641/1641/1641
f 1590/1590/1590 1722/1722/1722 1717/1717/1717
f 2807/2807/2807 2285/2285/2285 2325/2325/2325
f 1698/1698/1698 1627/1627/1627 1622/1622/1622
f 1586/1586/1586 1715/1715/1715 1710/1710/1710
f 1696/1696/1696 1690/1690/1690 1619/1619/1619
f 1699/1699/1699 1702/1702/1702 1631/1631/1631
f 1620/1620/1620 1691/1691/1691 1661/1661/1661
f 1707/1707/1707 1635/1635/1635 1632/1632/1632
f 1694/1694/1694 1623/1623/1623 1624/1624/1624
f 1708/1708/1708 1637/1637/1637 1638/1638/1638
f 1663/1663/1663 1583/1583/1583 1561/1561/1561
f 1695/1695/1695 1624/1624/1624 1618/1618/1618
f 1659/1659/1659 1579/1579/1579 1594/1594/1594
f 2428/2428/2428 2408/2408/2408 2218/2218/2218
f 1724/1724/1724 1593/1593/1593 1592/1592/1592
f 1673/1673/1673 1602/1602/1602 1613/1613/1613
f 1683/1683/1683 1612/1612/1612 1603/1603/1603
f 2379/2379/2379 2238/2238/2238 2267/2267/2267
f 1610/1610/1610 1680/1680/1680 1658/1658/1658
f 1566/1566/1566 1647/1647/1647 1645/1645/1645
f 1568/1568/1568 1648/1648/1648 1646/1646/1646
f 1606/1606/1606 1564/1564/1564 1645/1645/1645
f 1569/1569/1569 1650/1650/1650 1652/1652/1652
f 1603/1603/1603 1577/1577/1577 1658/1658/1658
f 1596/1596/1596 1571/1571/1571 1652/1652/1652
f 1685/1685/1685 1614/1614/1614 1593/1593/1593
f 1667/1667/1667 1597/1597/1597 1606/1606/1606
f 1576/1576/1576 1657/1657/1657 1649/1649/1649
f 1608/1608/1608 1589/1589/1589 1716/1716/1716
f 1725/1725/1725 1594/1594/1594 1595/1595/1595
f 1578/1578/1578 1660/1660/1660 1643/1643/1643
f 1726/1726/1726 1595/1595/1595 1617/1617/1617
f 1583/1583/1583 1498/1498/1498 1477/1477/1477
f 1560/1560/1560 1476/1476/1476 1475/1475/1475
f 1561/1561/1561 1477/1477/1477 1476/1476/1476
f 1722/1722/1722 1810/1810/1810 1807/1807/1807
f 1720/1720/1720 1642/1642/1642 1615/1615/1615
f 1715/1715/1715 1666/1666/1666 1801/1801/1801
f 1714/1714/1714 1711/1711/1711 1803/1803/1803
f 1713/1713/1713 1771/1771/1771 1770/1770/1770
f 1712/1712/1712 1770/1770/1770 1764/1764/1764
f 1710/1710/1710 1715/1715/1715 1805/1805/1805
f 1711/1711/1711 1710/1710/1710 1802/1802/1802
f 1653/1653/1653 1572/1572/1572 1602/1602/1602
f 1704/1704/1704 1765/1765/1765 1760/1760/1760
f 1706/1706/1706 1766/1766/1766 1771/1771/1771
f 1699/1699/1699 1759/1759/1759 1762/1762/1762
f 1664/1664/1664 1798/1798/1798 1786/1786/1786
f 1663/1663/1663 1714/1714/1714 1804/1804/1804
f 1691/1691/1691 1751/1751/1751 1796/1796/1796
f 1696/1696/1696 1756/1756/1756 1750/1750/1750
f 1660/1660/1660 1795/1795/1795 1779/1779/1779
f 1652/1652/1652 1650/1650/1650 1785/1785/1785
f 1655/1655/1655 1653/1653/1653 1788/1788/1788
f 1654/1654/1654 1789/1789/1789 4942/4942/4942
f 1647/1647/1647 1781/1781/1781 1780/1780/1780
f 1646/1646/1646 1648/1648/1648 1784/1784/1784
f 1680/1680/1680 1740/1740/1740 1793/1793/1793
f 1644/1644/1644 1778/1778/1778 1753/1753/1753
f 1657/1657/1657 1791/1791/1791 1783/1783/1783
f 2219/2219/2219 2409/2409/2409 2410/2410/2410
f 1791/1791/1791 1876/1876/1876 1867/1867/1867
f 1778/1778/1778 1863/1863/1863 1836/1836/1836
f 1740/1740/1740 1825/1825/1825 1877/1877/1877
f 1782/1782/1782 1784/1784/1784 1868/1868/1868
f 1781/1781/1781 1866/1866/1866 1864/1864/1864
f 1789/1789/1789 1874/1874/1874 4958/4958/4958
f 1790/1790/1790 1788/1788/1788 1872/1872/1872
f 1787/1787/1787 1785/1785/1785 1869/1869/1869
f 1795/1795/1795 1879/1879/1879 1862/1862/1862
f 1756/1756/1756 1841/1841/1841 1835/1835/1835
f 1751/1751/1751 1834/1834/1834 1880/1880/1880
f 1799/1799/1799 1804/1804/1804 1888/1888/1888
f 1798/1798/1798 1882/1882/1882 1870/1870/1870
f 1759/1759/1759 1842/1842/1842 1846/1846/1846
f 1766/1766/1766 1851/1851/1851 1855/1855/1855
f 1765/1765/1765 1848/1848/1848 1844/1844/1844
f 1803/1803/1803 1802/1802/1802 1886/1886/1886
f 1802/1802/1802 1805/1805/1805 1889/1889/1889
f 1770/1770/1770 1854/1854/1854 1849/1849/1849
f 1771/1771/1771 1855/1855/1855 1854/1854/1854
f 1804/1804/1804 1803/1803/1803 1887/1887/1887
f 1805/1805/1805 1801/1801/1801 1884/1884/1884
f 1777/1777/1777 1776/1776/1776 1725/1725/1725
f 1776/1776/1776 1794/1794/1794 1659/1659/1659
f 1774/1774/1774 1775/1775/1775 1724/1724/1724
f 1775/1775/1775 1745/1745/1745 1685/1685/1685
f 1809/1809/1809 1721/1721/1721 1719/1719/1719
f 1806/1806/1806 1716/1716/1716 2286/2286/2286
f 1769/1769/1769 1768/1768/1768 1708/1708/1708
f 1768/1768/1768 1749/1749/1749 1689/1689/1689
f 1744/1744/1744 1733/1733/1733 1673/1673/1673
f 1732/1732/1732 1671/1671/1671 1668/1668/1668
f 1729/1729/1729 4944/4944/4944 4919/4919/4919
f 1730/1730/1730 1669/1669/1669 1675/1675/1675
f 1738/1738/1738 1679/1679/1679 1716/1716/1716
f 1780/1780/1780 1737/1737/1737 1677/1677/1677
f 1727/1727/1727 1667/1667/1667 1677/1677/1677
f 1728/1728/1728 1668/1668/1668 1652/1652/1652
f 1731/1731/1731 1735/1735/1735 1676/1676/1676
f 1743/1743/1743 1683/1683/1683 1674/1674/1674
f 1744/1744/1744 1684/1684/1684 2671/2671/2671
f 1788/1788/1788 1653/1653/1653 1673/1673/1673
f 1793/1793/1793 1734/1734/1734 1674/1674/1674
f 1742/1742/1742 1774/1774/1774 1723/1723/1723
f 1747/1747/1747 1777/1777/1777 1726/1726/1726
f 1748/1748/1748 1687/1687/1687 1678/1678/1678
f 1755/1755/1755 1754/1754/1754 1694/1694/1694
f 1749/1749/1749 1755/1755/1755 1695/1695/1695
f 1743/1743/1743 1769/1769/1769 1709/1709/1709
f 1754/1754/1754 1742/1742/1742 1682/1682/1682
f 1800/1800/1800 1665/1665/1665 1662/1662/1662
f 1758/1758/1758 1698/1698/1698 1693/1693/1693
f 1757/1757/1757 1697/1697/1697 1701/1701/1701
f 1767/1767/1767 1707/1707/1707 1703/1703/1703
f 1772/1772/1772 1720/1720/1720 1686/1686/1686
f 1887/1887/1887 1886/1886/1886 318/318/318
f 1810/1810/1810 1894/1894/1894 1892/1892/1892
f 1861/1861/1861 1860/1860/1860 1776/1776/1776
f 1860/1860/1860 1878/1878/1878 1794/1794/1794
f 1858/1858/1858 1859/1859/1859 1775/1775/1775
f 1859/1859/1859 1830/1830/1830 1745/1745/1745
f 1893/1893/1893 1809/1809/1809 1773/1773/1773
f 1890/1890/1890 1806/1806/1806 2287/2287/2287
f 1853/1853/1853 1852/1852/1852 1768/1768/1768
f 1852/1852/1852 1833/1833/1833 1749/1749/1749
f 1828/1828/1828 1817/1817/1817 1733/1733/1733
f 1816/1816/1816 1732/1732/1732 1728/1728/1728
f 1813/1813/1813 4959/4959/4959 4944/4944/4944
f 1814/1814/1814 1730/1730/1730 1736/1736/1736
f 1822/1822/1822 1738/1738/1738 1806/1806/1806
f 1864/1864/1864 1821/1821/1821 1737/1737/1737
f 1811/1811/1811 1727/1727/1727 1737/1737/1737
f 1812/1812/1812 1728/1728/1728 1787/1787/1787
f 1815/1815/1815 1819/1819/1819 1735/1735/1735
f 1827/1827/1827 1743/1743/1743 1734/1734/1734
f 1828/1828/1828 1744/1744/1744 2674/2674/2674
f 1872/1872/1872 1788/1788/1788 1733/1733/1733
f 1877/1877/1877 1818/1818/1818 1734/1734/1734
f 1826/1826/1826 1858/1858/1858 1774/1774/1774
f 1832/1832/1832 1861/1861/1861 1777/1777/1777
f 1831/1831/1831 1748/1748/1748 1739/1739/1739
f 1839/1839/1839 1838/1838/1838 1754/1754/1754
f 1833/1833/1833 1839/1839/1839 1755/1755/1755
f 1827/1827/1827 1853/1853/1853 1769/1769/1769
f 1838/1838/1838 1826/1826/1826 1742/1742/1742
f 1885/1885/1885 1800/1800/1800 1797/1797/1797
f 1843/1843/1843 1758/1758/1758 1752/1752/1752
f 1840/1840/1840 1757/1757/1757 1761/1761/1761
f 1850/1850/1850 1767/1767/1767 1763/1763/1763
f 1923/1923/1923 2018/2018/2018 1996/1996/1996
f 1971/1971/1971 1896/1896/1896 2048/2048/2048
f 1941/1941/1941 2035/2035/2035 2031/2031/2031
f 1942/1942/1942 2037/2037/2037 2041/2041/2041
f 1934/1934/1934 2028/2028/2028 2032/2032/2032
f 1974/1974/1974 2072/2072/2072 2060/2060/2060
f 1975/1975/1975 1986/1986/1986 2084/2084/2084
f 1926/1926/1926 2020/2020/2020 2070/2070/2070
f 1933/1933/1933 2026/2026/2026 2021/2021/2021
f 1970/1970/1970 2068/2068/2068 2052/2052/2052
f 1963/1963/1963 1961/1961/1961 2059/2059/2059
f 1966/1966/1966 1964/1964/1964 2062/2062/2062
f 1965/1965/1965 2063/2063/2063 4993/4993/4993
f 1958/1958/1958 2055/2055/2055 2054/2054/2054
f 1957/1957/1957 1960/1960/1960 2057/2057/2057
f 1917/1917/1917 2011/2011/2011 2067/2067/2067
f 1955/1955/1955 2053/2053/2053 2022/2022/2022
f 1968/1968/1968 2065/2065/2065 2058/2058/2058
f 1979/1979/1979 1987/1987/1987 2085/2085/2085
f 1984/1984/1984 1983/1983/1983 2080/2080/2080
f 1985/1985/1985 2082/2082/2082 2079/2079/2079
f 1946/1946/1946 2040/2040/2040 2034/2034/2034
f 1947/1947/1947 2041/2041/2041 2040/2040/2040
f 1986/1986/1986 1981/1981/1981 2078/2078/2078
f 1987/1987/1987 1977/1977/1977 2075/2075/2075
f 1991/1991/1991 2089/2089/2089 2087/2087/2087
f 1953/1953/1953 2047/2047/2047 2046/2046/2046
f 1902/1902/1902 2051/2051/2051 2047/2047/2047
f 1952/1952/1952 2046/2046/2046 1993/1993/1993
f 1920/1920/1920 1909/1909/1909 5438/5438/5438
f 1908/1908/1908 5436/5436/5436 5433/5433/5433
f 1905/1905/1905 4976/4976/4976 5557/5557/5557
f 1906/1906/1906 5434/5434/5434 5440/5440/5440
f 1914/1914/1914 5444/5444/5444 5425/5425/5425
f 1956/1956/1956 1913/1913/1913 5442/5442/5442
f 1903/1903/1903 5432/5432/5432 5442/5442/5442
f 1904/1904/1904 5433/5433/5433 5406/5406/5406
f 1907/1907/1907 1912/1912/1912 5441/5441/5441
f 1919/1919/1919 5448/5448/5448 5439/5439/5439
f 1920/1920/1920 5449/5449/5449 5493/5493/5493
f 1964/1964/1964 5407/5407/5407 5438/5438/5438
f 1969/1969/1969 1910/1910/1910 5439/5439/5439
f 1918/1918/1918 1950/1950/1950 5479/5479/5479
f 1924/1924/1924 5453/5453/5453 5443/5443/5443
f 1931/1931/1931 1930/1930/1930 5459/5459/5459
f 1925/1925/1925 1931/1931/1931 5460/5460/5460
f 1919/1919/1919 1945/1945/1945 5474/5474/5474
f 1930/1930/1930 1918/1918/1918 5447/5447/5447
f 1976/1976/1976 5419/5419/5419 5415/5415/5415
f 1935/1935/1935 5464/5464/5464 5457/5457/5457
f 1932/1932/1932 5461/5461/5461 5465/5465/5465
f 1943/1943/1943 5471/5471/5471 5467/5467/5467
f 1945/1945/1945 1944/1944/1944 5473/5473/5473
f 1944/1944/1944 1925/1925/1925 5454/5454/5454
f 1982/1982/1982 5544/5544/5544 5539/5539/5539
f 1990/1990/1990 5425/5425/5425 5484/5484/5484
f 1992/1992/1992 5426/5426/5426 5478/5478/5478
f 1949/1949/1949 5477/5477/5477 5451/5451/5451
f 1951/1951/1951 1921/1921/1921 5450/5450/5450
f 1950/1950/1950 1951/1951/1951 5480/5480/5480
f 1901/1901/1901 5395/5395/5395 5431/5431/5431
f 1897/1897/1897 1994/1994/1994 2049/2049/2049
f 1994/1994/1994 1043/1043/1043 965/965/965
f 2046/2046/2046 1225/1225/1225 1042/1042/1042
f 2051/2051/2051 1034/1034/1034 1226/1226/1226
f 2047/2047/2047 1226/1226/1226 1225/1225/1225
f 2089/2089/2089 1221/1221/1221 1217/1217/1217
f 2085/2085/2085 2075/2075/2075 1200/1200/1200
f 2084/2084/2084 2078/2078/2078 1204/1204/1204
f 2041/2041/2041 1213/1213/1213 1212/1212/1212
f 2040/2040/2040 1212/1212/1212 1175/1175/1175
f 2082/2082/2082 1211/1211/1211 1205/1205/1205
f 2083/2083/2083 2080/2080/2080 1209/1209/1209
f 2076/2076/2076 2085/2085/2085 1215/1215/1215
f 2065/2065/2065 1191/1191/1191 1184/1184/1184
f 2053/2053/2053 1179/1179/1179 1163/1163/1163
f 2011/2011/2011 1151/1151/1151 1193/1193/1193
f 2056/2056/2056 2057/2057/2057 1183/1183/1183
f 2055/2055/2055 1181/1181/1181 1180/1180/1180
f 2063/2063/2063 1190/1190/1190 4829/4829/4829
f 2064/2064/2064 2062/2062/2062 1188/1188/1188
f 2061/2061/2061 2059/2059/2059 1185/1185/1185
f 2068/2068/2068 1195/1195/1195 1178/1178/1178
f 2026/2026/2026 1167/1167/1167 1160/1160/1160
f 2020/2020/2020 1161/1161/1161 1197/1197/1197
f 2073/2073/2073 2084/2084/2084 1214/1214/1214
f 2072/2072/2072 1199/1199/1199 1186/1186/1186
f 2028/2028/2028 1168/1168/1168 1173/1173/1173
f 2037/2037/2037 1176/1176/1176 1213/1213/1213
f 2035/2035/2035 1174/1174/1174 1171/1171/1171
f 2069/2069/2069 2048/2048/2048 966/966/966
f 2018/2018/2018 1158/1158/1158 975/975/975
f 2014/2014/2014 2003/2003/2003 1909/1909/1909
f 2002/2002/2002 1908/1908/1908 1904/1904/1904
f 1999/1999/1999 4995/4995/4995 4976/4976/4976
f 2000/2000/2000 1906/1906/1906 1911/1911/1911
f 2008/2008/2008 1914/1914/1914 1990/1990/1990
f 2054/2054/2054 2007/2007/2007 1913/1913/1913
f 1997/1997/1997 1903/1903/1903 1913/1913/1913
f 1998/1998/1998 1904/1904/1904 1963/1963/1963
f 2001/2001/2001 2005/2005/2005 1912/1912/1912
f 2013/2013/2013 1919/1919/1919 1910/1910/1910
f 2014/2014/2014 1920/1920/1920 2678/2678/2678
f 2062/2062/2062 1964/1964/1964 1909/1909/1909
f 2067/2067/2067 2004/2004/2004 1910/1910/1910
f 2012/2012/2012 2044/2044/2044 1950/1950/1950
f 2017/2017/2017 1924/1924/1924 1915/1915/1915
f 2025/2025/2025 2024/2024/2024 1930/1930/1930
f 2019/2019/2019 2025/2025/2025 1931/1931/1931
f 2013/2013/2013 2039/2039/2039 1945/1945/1945
f 2024/2024/2024 2012/2012/2012 1918/1918/1918
f 2074/2074/2074 1976/1976/1976 1973/1973/1973
f 2029/2029/2029 1935/1935/1935 1929/1929/1929
f 2027/2027/2027 1932/1932/1932 1936/1936/1936
f 2036/2036/2036 1943/1943/1943 1939/1939/1939
f 2039/2039/2039 2038/2038/2038 1944/1944/1944
f 2038/2038/2038 2019/2019/2019 1925/1925/1925
f 2081/2081/2081 1982/1982/1982 1978/1978/1978
f 2088/2088/2088 1990/1990/1990 2289/2289/2289
f 2090/2090/2090 1992/1992/1992 1948/1948/1948
f 2042/2042/2042 1949/1949/1949 1922/1922/1922
f 2045/2045/2045 2015/2015/2015 1921/1921/1921
f 2044/2044/2044 2045/2045/2045 1951/1951/1951
f 2050/2050/2050 1901/1901/1901 1900/1900/1900
f 2174/2174/2174 2172/2172/2172 959/959/959
f 2173/2173/2173 2100/2100/2100 109/109/109
f 2172/2172/2172 2128/2128/2128 953/953/953
f 2171/2171/2171 2173/2173/2173 1094/1094/1094
f 2170/2170/2170 451/451/451 427/427/427
f 2168/2168/2168 2169/2169/2169 453/453/453
f 2165/2165/2165 2330/2330/2330 2298/2298/2298
f 2164/2164/2164 2095/2095/2095 113/113/113
f 2163/2163/2163 422/422/422 239/239/239
f 2132/2132/2132 306/306/306 422/422/422
f 2162/2162/2162 2133/2133/2133 425/425/425
f 2161/2161/2161 2154/2154/2154 403/403/403
f 2160/2160/2160 2161/2161/2161 419/419/419
f 2158/2158/2158 2160/2160/2160 417/417/417
f 2159/2159/2159 413/413/413 397/397/397
f 2155/2155/2155 267/267/267 265/265/265
f 2153/2153/2153 2146/2146/2146 362/362/362
f 2150/2150/2150 238/238/238 233/233/233
f 2141/2141/2141 342/342/342 377/377/377
f 2138/2138/2138 2162/2162/2162 426/426/426
f 2147/2147/2147 259/259/259 253/253/253
f 2107/2107/2107 10/10/10 349/349/349
f 2143/2143/2143 371/371/371 341/341/341
f 2111/2111/2111 197/197/197 195/195/195
f 2139/2139/2139 357/357/357 335/335/335
f 2142/2142/2142 261/261/261 262/262/262
f 2134/2134/2134 2129/2129/2129 216/216/216
f 2135/2135/2135 2134/2134/2134 274/274/274
f 2133/2133/2133 2132/2132/2132 424/424/424
f 2091/2091/2091 189/189/189 218/218/218
f 2093/2093/2093 2135/2135/2135 273/273/273
f 2131/2131/2131 218/218/218 220/220/220
f 2167/2167/2167 446/446/446 110/110/110
f 2127/2127/2127 204/204/204 12/12/12
f 2125/2125/2125 950/950/950 114/114/114
f 2126/2126/2126 2174/2174/2174 1109/1109/1109
f 2122/2122/2122 2121/2121/2121 193/193/193
f 2121/2121/2121 2706/2706/2706 2684/2684/2684
f 2117/2117/2117 17/17/17 192/192/192
f 2106/2106/2106 126/126/126 4541/4541/4541
f 2123/2123/2123 5012/5012/5012 4492/4492/4492
f 2124/2124/2124 111/111/111 48/48/48
f 2101/2101/2101 29/29/29 61/61/61
f 2118/2118/2118 165/165/165 66/66/66
f 2105/2105/2105 99/99/99 41/41/41
f 2110/2110/2110 2116/2116/2116 155/155/155
f 2109/2109/2109 2093/2093/2093 143/143/143
f 2114/2114/2114 176/176/176 155/155/155
f 2102/2102/2102 154/154/154 141/141/141
f 2119/2119/2119 192/192/192 197/197/197
f 2092/2092/2092 2110/2110/2110 62/62/62
f 2098/2098/2098 2122/2122/2122 196/196/196
f 2103/2103/2103 77/77/77 23/23/23
f 2120/2120/2120 2109/2109/2109 75/75/75
f 2091/2091/2091 2171/2171/2171 962/962/962
f 2130/2130/2130 220/220/220 216/216/216
f 2269/2269/2269 2268/2268/2268 2794/2794/2794
f 2235/2235/2235 2376/2376/2376 2371/2371/2371
f 2223/2223/2223 2462/2462/2462 2435/2435/2435
f 2222/2222/2222 2221/2221/2221 2411/2411/2411
f 2221/2221/2221 5481/5481/5481 5486/5486/5486
f 2219/2219/2219 2218/2218/2218 2408/2408/2408
f 2932/2932/2932 2927/2927/2927 3232/3232/3232
f 3247/3247/3247 3246/3246/3246 3232/3232/3232
f 2216/2216/2216 2217/2217/2217 2477/2477/2477
f 2215/2215/2215 2216/2216/2216 2476/2476/2476
f 2214/2214/2214 2215/2215/2215 2475/2475/2475
f 3693/3693/3693 2736/2736/2736 2374/2374/2374
f 2210/2210/2210 2222/2222/2222 2412/2412/2412
f 2902/2902/2902 3132/3132/3132 5334/5334/5334
f 2198/2198/2198 5268/5268/5268 5263/5263/5263
f 2192/2192/2192 2198/2198/2198 2448/2448/2448
f 2193/2193/2193 2199/2199/2199 2449/2449/2449
f 2195/2195/2195 2193/2193/2193 2443/2443/2443
f 2199/2199/2199 2192/2192/2192 2442/2442/2442
f 2202/2202/2202 2201/2201/2201 2450/2450/2450
f 2206/2206/2206 2205/2205/2205 2418/2418/2418
f 2204/2204/2204 2206/2206/2206 2419/2419/2419
f 2203/2203/2203 2204/2204/2204 2405/2405/2405
f 2197/2197/2197 2200/2200/2200 2401/2401/2401
f 2196/2196/2196 2398/2398/2398 5102/5102/5102
f 2175/2175/2175 2429/2429/2429 2462/2462/2462
f 2176/2176/2176 2430/2430/2430 2436/2436/2436
f 2177/2177/2177 2431/2431/2431 2430/2430/2430
f 2182/2182/2182 2436/2436/2436 2429/2429/2429
f 2186/2186/2186 2439/2439/2439 2437/2437/2437
f 2191/2191/2191 2417/2417/2417 2414/2414/2414
f 2187/2187/2187 2392/2392/2392 2417/2417/2417
f 2185/2185/2185 2391/2391/2391 2392/2392/2392
f 2181/2181/2181 2210/2210/2210 2406/2406/2406
f 2180/2180/2180 2384/2384/2384 2388/2388/2388
f 2179/2179/2179 5028/5028/5028 5088/5088/5088
f 2243/2243/2243 5039/5039/5039 5196/5196/5196
f 2244/2244/2244 2770/2770/2770 2773/2773/2773
f 2245/2245/2245 2265/2265/2265 2791/2791/2791
f 2250/2250/2250 2775/2775/2775 2777/2777/2777
f 2251/2251/2251 2777/2777/2777 2800/2800/2800
f 2227/2227/2227 2800/2800/2800 2799/2799/2799
f 2320/2320/2320 2327/2327/2327 1891/1891/1891
f 2257/2257/2257 2782/2782/2782 5193/5193/5193
f 2256/2256/2256 2260/2260/2260 2786/2786/2786
f 2262/2262/2262 2264/2264/2264 2790/2790/2790
f 2264/2264/2264 2229/2229/2229 2802/2802/2802
f 2229/2229/2229 2228/2228/2228 2801/2801/2801
f 2265/2265/2265 2271/2271/2271 2797/2797/2797
f 2324/2324/2324 4033/4033/4033 4048/4048/4048
f 2268/2268/2268 2267/2267/2267 2793/2793/2793
f 2327/2327/2327 2326/2326/2326 1808/1808/1808
f 2270/2270/2270 5482/5482/5482 5496/5496/5496
f 2271/2271/2271 2270/2270/2270 2796/2796/2796
f 2282/2282/2282 2804/2804/2804 2803/2803/2803
f 2272/2272/2272 2364/2364/2364 2337/2337/2337
f 2408/2408/2408 2428/2428/2428 2379/2379/2379
f 2237/2237/2237 2238/2238/2238 2379/2379/2379
f 2236/2236/2236 2237/2237/2237 2378/2378/2378
f 2235/2235/2235 2236/2236/2236 2377/2377/2377
f 2269/2269/2269 2795/2795/2795 2792/2792/2792
f 2258/2258/2258 5267/5267/5267 5265/5265/5265
f 2252/2252/2252 2258/2258/2258 2350/2350/2350
f 2253/2253/2253 2259/2259/2259 2351/2351/2351
f 2254/2254/2254 2253/2253/2253 2345/2345/2345
f 2259/2259/2259 2252/2252/2252 2344/2344/2344
f 2263/2263/2263 2261/2261/2261 2353/2353/2353
f 2239/2239/2239 2331/2331/2331 2364/2364/2364
f 2240/2240/2240 2332/2332/2332 2338/2338/2338
f 2241/2241/2241 2334/2334/2334 2332/2332/2332
f 2246/2246/2246 2338/2338/2338 2331/2331/2331
f 2226/2226/2226 2232/2232/2232 2373/2373/2373
f 2249/2249/2249 2341/2341/2341 2339/2339/2339
f 2361/2361/2361 2360/2360/2360 2268/2268/2268
f 2371/2371/2371 2376/2376/2376 2425/2425/2425
f 2291/2291/2291 2164/2164/2164 434/434/434
f 2329/2329/2329 2328/2328/2328 1989/1989/1989
f 2328/2328/2328 5483/5483/5483 5423/5423/5423
f 2326/2326/2326 2325/2325/2325 1718/1718/1718
f 2323/2323/2323 2324/2324/2324 1589/1589/1589
f 2322/2322/2322 2323/2323/2323 1505/1505/1505
f 2321/2321/2321 2322/2322/2322 1421/1421/1421
f 2358/2358/2358 2361/2361/2361 2269/2269/2269
f 2319/2319/2319 2329/2329/2329 2086/2086/2086
f 2318/2318/2318 945/945/945 5326/5326/5326
f 2278/2278/2278 2276/2276/2276 851/851/851
f 2317/2317/2317 2278/2278/2278 866/866/866
f 2276/2276/2276 2277/2277/2277 855/855/855
f 2316/2316/2316 2317/2317/2317 865/865/865
f 2309/2309/2309 2314/2314/2314 861/861/861
f 2310/2310/2310 857/857/857 4768/4768/4768
f 2275/2275/2275 445/445/445 430/430/430
f 2304/2304/2304 444/444/444 445/445/445
f 2273/2273/2273 430/430/430 2164/2164/2164
f 2302/2302/2302 443/443/443 444/444/444
f 2298/2298/2298 2319/2319/2319 1216/1216/1216
f 2297/2297/2297 436/436/436 440/440/440
f 2296/2296/2296 5063/5063/5063 4600/4600/4600
f 2318/2318/2318 2321/2321/2321 1382/1382/1382
f 2330/2330/2330 2798/2798/2798 2771/2771/2771
f 4044/4044/4044 4034/4034/4034 3044/3044/3044
f 2284/2284/2284 2285/2285/2285 2807/2807/2807
f 2283/2283/2283 2284/2284/2284 2806/2806/2806
f 2282/2282/2282 2283/2283/2283 2805/2805/2805
f 2311/2311/2311 5266/5266/5266 5248/5248/5248
f 2305/2305/2305 2311/2311/2311 2784/2784/2784
f 2306/2306/2306 2312/2312/2312 2785/2785/2785
f 2308/2308/2308 2306/2306/2306 2779/2779/2779
f 2312/2312/2312 2305/2305/2305 2778/2778/2778
f 2315/2315/2315 2313/2313/2313 2787/2787/2787
f 2292/2292/2292 2765/2765/2765 2798/2798/2798
f 2293/2293/2293 2766/2766/2766 2772/2772/2772
f 2295/2295/2295 2768/2768/2768 2766/2766/2766
f 2299/2299/2299 2772/2772/2772 2765/2765/2765
f 3574/3574/3574 5347/5347/5347 5329/5329/5329
f 2303/2303/2303 2776/2776/2776 2774/2774/2774
f 2734/2734/2734 3689/3689/3689 3181/3181/3181
f 2341/2341/2341 2390/2390/2390 2389/2389/2389
f 2338/2338/2338 2387/2387/2387 2380/2380/2380
f 2334/2334/2334 2383/2383/2383 2381/2381/2381
f 2332/2332/2332 2381/2381/2381 2387/2387/2387
f 2331/2331/2331 2380/2380/2380 2413/2413/2413
f 2354/2354/2354 2353/2353/2353 2402/2402/2402
f 2351/2351/2351 2344/2344/2344 2393/2393/2393
f 2346/2346/2346 2345/2345/2345 2394/2394/2394
f 2345/2345/2345 2351/2351/2351 2400/2400/2400
f 2344/2344/2344 2350/2350/2350 2399/2399/2399
f 2420/2420/2420 2425/2425/2425 2214/2214/2214
f 2350/2350/2350 5265/5265/5265 5264/5264/5264
f 2376/2376/2376 2377/2377/2377 2426/2426/2426
f 2377/2377/2377 2378/2378/2378 2427/2427/2427
f 2378/2378/2378 2379/2379/2379 2428/2428/2428
f 3173/3173/3173 3170/3170/3170 3155/3155/3155
f 2364/2364/2364 2413/2413/2413 2386/2386/2386
f 2336/2336/2336 5072/5072/5072 5039/5039/5039
f 2335/2335/2335 2244/2244/2244 2247/2247/2247
f 2337/2337/2337 2357/2357/2357 2265/2265/2265
f 2342/2342/2342 2250/2250/2250 2251/2251/2251
f 2343/2343/2343 2251/2251/2251 2227/2227/2227
f 2368/2368/2368 2227/2227/2227 2224/2224/2224
f 2407/2407/2407 2410/2410/2410 2361/2361/2361
f 2349/2349/2349 2257/2257/2257 5053/5053/5053
f 2348/2348/2348 2352/2352/2352 2260/2260/2260
f 2355/2355/2355 2356/2356/2356 2264/2264/2264
f 2356/2356/2356 2370/2370/2370 2229/2229/2229
f 2370/2370/2370 2369/2369/2369 2228/2228/2228
f 3052/3052/3052 3021/3021/3021 5330/5330/5330
f 2357/2357/2357 2363/2363/2363 2271/2271/2271
f 2360/2360/2360 2359/2359/2359 2267/2267/2267
f 2410/2410/2410 2409/2409/2409 2360/2360/2360
f 2362/2362/2362 5485/5485/5485 5482/5482/5482
f 2363/2363/2363 2362/2362/2362 2270/2270/2270
f 2469/2469/2469 2474/2474/2474 2540/2540/2540
f 2413/2413/2413 2223/2223/2223 2181/2181/2181
f 2427/2427/2427 2428/2428/2428 2217/2217/2217
f 2426/2426/2426 2427/2427/2427 2216/2216/2216
f 2425/2425/2425 2426/2426/2426 2215/2215/2215
f 2456/2456/2456 2459/2459/2459 2220/2220/2220
f 2399/2399/2399 5264/5264/5264 5268/5268/5268
f 2393/2393/2393 2399/2399/2399 2198/2198/2198
f 2394/2394/2394 2400/2400/2400 2199/2199/2199
f 2396/2396/2396 2394/2394/2394 2193/2193/2193
f 2400/2400/2400 2393/2393/2393 2192/2192/2192
f 2404/2404/2404 2402/2402/2402 2201/2201/2201
f 2380/2380/2380 2175/2175/2175 2223/2223/2223
f 2381/2381/2381 2176/2176/2176 2182/2182/2182
f 2383/2383/2383 2177/2177/2177 2176/2176/2176
f 2387/2387/2387 2182/2182/2182 2175/2175/2175
f 2416/2416/2416 2421/2421/2421 2208/2208/2208
f 2390/2390/2390 2186/2186/2186 2183/2183/2183
f 2385/2385/2385 5088/5088/5088 5072/5072/5072
f 2384/2384/2384 2335/2335/2335 2340/2340/2340
f 2386/2386/2386 2406/2406/2406 2357/2357/2357
f 2391/2391/2391 2342/2342/2342 2343/2343/2343
f 2392/2392/2392 2343/2343/2343 2368/2368/2368
f 2417/2417/2417 2368/2368/2368 2365/2365/2365
f 2424/2424/2424 3180/3180/3180 2947/2947/2947
f 2398/2398/2398 2349/2349/2349 5086/5086/5086
f 2397/2397/2397 2401/2401/2401 2352/2352/2352
f 2403/2403/2403 2405/2405/2405 2356/2356/2356
f 2405/2405/2405 2419/2419/2419 2370/2370/2370
f 2419/2419/2419 2418/2418/2418 2369/2369/2369
f 2406/2406/2406 2412/2412/2412 2363/2363/2363
f 2409/2409/2409 2408/2408/2408 2359/2359/2359
f 2459/2459/2459 2458/2458/2458 2219/2219/2219
f 2411/2411/2411 5486/5486/5486 5485/5485/5485
f 2412/2412/2412 2411/2411/2411 2362/2362/2362
f 2439/2439/2439 2554/2554/2554 2553/2553/2553
f 2464/2464/2464 2470/2470/2470 2537/2537/2537
f 2436/2436/2436 2551/2551/2551 2544/2544/2544
f 2431/2431/2431 2546/2546/2546 2545/2545/2545
f 2430/2430/2430 2545/2545/2545 2551/2551/2551
f 2429/2429/2429 2544/2544/2544 2577/2577/2577
f 2453/2453/2453 2450/2450/2450 2566/2566/2566
f 2449/2449/2449 2442/2442/2442 2557/2557/2557
f 2445/2445/2445 2443/2443/2443 2558/2558/2558
f 2443/2443/2443 2449/2449/2449 2564/2564/2564
f 2442/2442/2442 2448/2448/2448 2563/2563/2563
f 2517/2517/2517 2617/2617/2617 2616/2616/2616
f 2448/2448/2448 5263/5263/5263 5258/5258/5258
f 2505/2505/2505 2508/2508/2508 2574/2574/2574
f 2474/2474/2474 2475/2475/2475 2541/2541/2541
f 2475/2475/2475 2476/2476/2476 2542/2542/2542
f 2476/2476/2476 2477/2477/2477 2543/2543/2543
f 2606/2606/2606 2620/2620/2620 2520/2520/2520
f 2462/2462/2462 2577/2577/2577 2550/2550/2550
f 2507/2507/2507 2573/2573/2573 2574/2574/2574
f 2461/2461/2461 2460/2460/2460 2221/2221/2221
f 2460/2460/2460 5487/5487/5487 5481/5481/5481
f 2458/2458/2458 2457/2457/2457 2218/2218/2218
f 2473/2473/2473 3256/3256/3256 3369/3369/3369
f 2455/2455/2455 2461/2461/2461 2222/2222/2222
f 2468/2468/2468 2467/2467/2467 2205/2205/2205
f 2454/2454/2454 2468/2468/2468 2206/2206/2206
f 2452/2452/2452 2454/2454/2454 2204/2204/2204
f 2447/2447/2447 2451/2451/2451 2200/2200/2200
f 2446/2446/2446 2196/2196/2196 5025/5025/5025
f 2466/2466/2466 2191/2191/2191 2188/2188/2188
f 2441/2441/2441 2187/2187/2187 2191/2191/2191
f 2440/2440/2440 2185/2185/2185 2187/2187/2187
f 2435/2435/2435 2455/2455/2455 2210/2210/2210
f 2433/2433/2433 2180/2180/2180 2184/2184/2184
f 2434/2434/2434 5112/5112/5112 5028/5028/5028
f 2535/2535/2535 2540/2540/2540 2517/2517/2517
f 2511/2511/2511 2611/2611/2611 2584/2584/2584
f 2523/2523/2523 2521/2521/2521 2622/2622/2622
f 3444/3444/3444 3427/3427/3427 4219/4219/4219
f 2519/2519/2519 2520/2520/2520 2620/2620/2620
f 2518/2518/2518 2519/2519/2519 2619/2619/2619
f 2517/2517/2517 2518/2518/2518 2618/2618/2618
f 2686/2686/2686 4163/4163/4163 4161/4161/4161
f 2497/2497/2497 5259/5259/5259 5254/5254/5254
f 2491/2491/2491 2497/2497/2497 2597/2597/2597
f 2492/2492/2492 2498/2498/2498 2598/2598/2598
f 2493/2493/2493 2492/2492/2492 2592/2592/2592
f 2498/2498/2498 2491/2491/2491 2591/2591/2591
f 2502/2502/2502 2500/2500/2500 2600/2600/2600
f 2478/2478/2478 2578/2578/2578 2611/2611/2611
f 2479/2479/2479 2579/2579/2579 2585/2585/2585
f 2480/2480/2480 2580/2580/2580 2579/2579/2579
f 2485/2485/2485 2585/2585/2585 2578/2578/2578
f 2489/2489/2489 2589/2589/2589 2586/2586/2586
f 2574/2574/2574 2573/2573/2573 2458/2458/2458
f 2510/2510/2510 2509/2509/2509 2575/2575/2575
f 2509/2509/2509 5488/5488/5488 5489/5489/5489
f 2507/2507/2507 2506/2506/2506 2572/2572/2572
f 3319/3319/3319 3303/3303/3303 3307/3307/3307
f 2233/2233/2233 2992/2992/2992 3106/3106/3106
f 3500/3500/3500 2717/2717/2717 2212/2212/2212
f 2504/2504/2504 2510/2510/2510 2576/2576/2576
f 3768/3768/3768 5351/5351/5351 5335/5335/5335
f 2515/2515/2515 2514/2514/2514 2533/2533/2533
f 2503/2503/2503 2515/2515/2515 2534/2534/2534
f 2501/2501/2501 2503/2503/2503 2569/2569/2569
f 2496/2496/2496 2499/2499/2499 2565/2565/2565
f 2495/2495/2495 2562/2562/2562 5153/5153/5153
f 2513/2513/2513 2532/2532/2532 2529/2529/2529
f 2490/2490/2490 2556/2556/2556 2532/2532/2532
f 2488/2488/2488 2555/2555/2555 2556/2556/2556
f 2484/2484/2484 2504/2504/2504 2570/2570/2570
f 2482/2482/2482 2549/2549/2549 2552/2552/2552
f 2483/2483/2483 5127/5127/5127 5136/5136/5136
f 2548/2548/2548 5136/5136/5136 5112/5112/5112
f 2549/2549/2549 2433/2433/2433 2438/2438/2438
f 2550/2550/2550 2570/2570/2570 2455/2455/2455
f 2555/2555/2555 2440/2440/2440 2441/2441/2441
f 2556/2556/2556 2441/2441/2441 2466/2466/2466
f 2532/2532/2532 2466/2466/2466 2463/2463/2463
f 2605/2605/2605 2608/2608/2608 2508/2508/2508
f 2562/2562/2562 2446/2446/2446 5110/5110/5110
f 2561/2561/2561 2565/2565/2565 2451/2451/2451
f 2567/2567/2567 2569/2569/2569 2454/2454/2454
f 2569/2569/2569 2534/2534/2534 2468/2468/2468
f 2534/2534/2534 2533/2533/2533 2467/2467/2467
f 3373/3373/3373 3208/3208/3208 5337/5337/5337
f 2570/2570/2570 2576/2576/2576 2461/2461/2461
f 2573/2573/2573 2572/2572/2572 2457/2457/2457
f 2608/2608/2608 2607/2607/2607 2507/2507/2507
f 2575/2575/2575 5489/5489/5489 5487/5487/5487
f 2576/2576/2576 2575/2575/2575 2460/2460/2460
f 2616/2616/2616 2617/2617/2617 2821/2821/2821
f 2577/2577/2577 2511/2511/2511 2484/2484/2484
f 2719/2719/2719 2723/2723/2723 2231/2231/2231
f 2542/2542/2542 2543/2543/2543 2520/2520/2520
f 2541/2541/2541 2542/2542/2542 2519/2519/2519
f 2540/2540/2540 2541/2541/2541 2518/2518/2518
f 3462/3462/3462 5345/5345/5345 5327/5327/5327
f 4183/4183/4183 4179/4179/4179 2704/2704/2704
f 2563/2563/2563 5258/5258/5258 5259/5259/5259
f 2557/2557/2557 2563/2563/2563 2497/2497/2497
f 2558/2558/2558 2564/2564/2564 2498/2498/2498
f 2560/2560/2560 2558/2558/2558 2492/2492/2492
f 2564/2564/2564 2557/2557/2557 2491/2491/2491
f 2568/2568/2568 2566/2566/2566 2500/2500/2500
f 2544/2544/2544 2478/2478/2478 2511/2511/2511
f 2545/2545/2545 2479/2479/2479 2485/2485/2485
f 2546/2546/2546 2480/2480/2480 2479/2479/2479
f 2551/2551/2551 2485/2485/2485 2478/2478/2478
f 2554/2554/2554 2489/2489/2489 2486/2486/2486
f 2589/2589/2589 2842/2842/2842 2839/2839/2839
f 2585/2585/2585 2838/2838/2838 2829/2829/2829
f 2580/2580/2580 2833/2833/2833 2831/2831/2831
f 2579/2579/2579 2831/2831/2831 2838/2838/2838
f 2578/2578/2578 2829/2829/2829 2874/2874/2874
f 2601/2601/2601 2600/2600/2600 2856/2856/2856
f 2598/2598/2598 2591/2591/2591 2845/2845/2845
f 2594/2594/2594 2592/2592/2592 2847/2847/2847
f 2592/2592/2592 2598/2598/2598 2854/2854/2854
f 2591/2591/2591 2597/2597/2597 2852/2852/2852
f 2693/2693/2693 1327/1327/1327 889/889/889
f 2597/2597/2597 5254/5254/5254 5244/5244/5244
f 4187/4187/4187 4180/4180/4180 4179/4179/4179
f 2617/2617/2617 2618/2618/2618 2822/2822/2822
f 2618/2618/2618 2619/2619/2619 2824/2824/2824
f 2619/2619/2619 2620/2620/2620 2826/2826/2826
f 3155/3155/3155 3170/3170/3170 3089/3089/3089
f 2574/2574/2574 2459/2459/2459 2456/2456/2456
f 2756/2756/2756 2757/2757/2757 2528/2528/2528
f 2611/2611/2611 2874/2874/2874 2836/2836/2836
f 5712/5712/5712 5707/5707/5707 2871/2871/2871
f 2610/2610/2610 2609/2609/2609 2509/2509/2509
f 2609/2609/2609 5490/5490/5490 5488/5488/5488
f 2607/2607/2607 2606/2606/2606 2506/2506/2506
f 2716/2716/2716 3496/3496/3496 3255/3255/3255
f 2604/2604/2604 2610/2610/2610 2510/2510/2510
f 3431/3431/3431 3282/3282/3282 5338/5338/5338
f 2615/2615/2615 2614/2614/2614 2514/2514/2514
f 2603/2603/2603 2615/2615/2615 2515/2515/2515
f 2602/2602/2602 2603/2603/2603 2503/2503/2503
f 2596/2596/2596 2599/2599/2599 2499/2499/2499
f 2595/2595/2595 2495/2495/2495 5125/5125/5125
f 2613/2613/2613 2513/2513/2513 2512/2512/2512
f 2590/2590/2590 2490/2490/2490 2513/2513/2513
f 2612/2612/2612 2512/2512/2512 2526/2526/2526
f 2588/2588/2588 2488/2488/2488 2490/2490/2490
f 2584/2584/2584 2604/2604/2604 2504/2504/2504
f 2583/2583/2583 2482/2482/2482 2487/2487/2487
f 2582/2582/2582 5164/5164/5164 5127/5127/5127
f 2795/2795/2795 2794/2794/2794 2326/2326/2326
f 2803/2803/2803 2804/2804/2804 2235/2235/2235
f 2682/2682/2682 2092/2092/2092 181/181/181
f 2705/2705/2705 2704/2704/2704 1903/1903/1903
f 2704/2704/2704 5491/5491/5491 5432/5432/5432
f 2702/2702/2702 2701/2701/2701 1667/1667/1667
f 2697/2697/2697 2700/2700/2700 1613/1613/1613
f 2696/2696/2696 2697/2697/2697 1529/1529/1529
f 2693/2693/2693 2696/2696/2696 1445/1445/1445
f 4394/4394/4394 2718/2718/2718 3501/3501/3501
f 2691/2691/2691 2705/2705/2705 1997/1997/1997
f 4220/4220/4220 2670/2670/2670 2701/2701/2701
f 2653/2653/2653 5252/5252/5252 5241/5241/5241
f 2647/2647/2647 2653/2653/2653 630/630/630
f 2648/2648/2648 2655/2655/2655 557/557/557
f 2650/2650/2650 2648/2648/2648 471/471/471
f 2655/2655/2655 2647/2647/2647 454/454/454
f 2658/2658/2658 2657/2657/2657 502/502/502
f 2630/2630/2630 1/1/1 2092/2092/2092
f 2632/2632/2632 18/18/18 106/106/106
f 2634/2634/2634 91/91/91 18/18/18
f 2639/2639/2639 106/106/106 1/1/1
f 2684/2684/2684 2691/2691/2691 1137/1137/1137
f 2642/2642/2642 167/167/167 53/53/53
f 2702/2702/2702 1727/1727/1727 1811/1811/1811
f 2753/2753/2753 2752/2752/2752 2625/2625/2625
f 5745/5745/5745 5728/5728/5728 2689/2689/2689
f 5721/5721/5721 5697/5697/5697 2672/2672/2672
f 5671/5671/5671 5715/5715/5715 2875/2875/2875
f 2701/2701/2701 2670/2670/2670 1597/1597/1597
f 2748/2748/2748 2749/2749/2749 2524/2524/2524
f 5706/5706/5706 5694/5694/5694 2665/2665/2665
f 2692/2692/2692 2703/2703/2703 1811/1811/1811
f 5742/5742/5742 5691/5691/5691 2863/2863/2863
f 2745/2745/2745 2744/2744/2744 2621/2621/2621
f 2688/2688/2688 2686/2686/2686 2816/2816/2816
f 2660/2660/2660 2688/2688/2688 2817/2817/2817
f 2659/2659/2659 2660/2660/2660 2859/2859/2859
f 2652/2652/2652 2656/2656/2656 2855/2855/2855
f 2651/2651/2651 2850/2850/2850 5221/5221/5221
f 2685/2685/2685 2815/2815/2815 2814/2814/2814
f 2644/2644/2644 2843/2843/2843 2815/2815/2815
f 2643/2643/2643 2841/2841/2841 2843/2843/2843
f 5697/5697/5697 5701/5701/5701 2673/2673/2673
f 2635/2635/2635 2835/2835/2835 2840/2840/2840
f 2636/2636/2636 5179/5179/5179 5208/5208/5208
f 4424/4424/4424 4393/4393/4393 4394/4394/4394
f 4311/4311/4311 4318/4318/4318 2712/2712/2712
f 4388/4388/4388 4086/4086/4086 5359/5359/5359
f 4322/4322/4322 4320/4320/4320 2730/2730/2730
f 4398/4398/4398 4410/4410/4410 4409/4409/4409
f 4377/4377/4377 3740/3740/3740 5348/5348/5348
f 4361/4361/4361 3571/3571/3571 5344/5344/5344
f 2746/2746/2746 2989/2989/2989 2996/2996/2996
f 2763/2763/2763 3952/3952/3952 3107/3107/3107
f 4308/4308/4308 2750/2750/2750 2747/2747/2747
f 2738/2738/2738 2740/2740/2740 2739/2739/2739
f 4362/4362/4362 3834/3834/3834 5392/5392/5392
f 3048/3048/3048 3079/3079/3079 3092/3092/3092
f 4324/4324/4324 4315/4315/4315 2740/2740/2740
f 2722/2722/2722 3645/3645/3645 2993/2993/2993
f 2737/2737/2737 2739/2739/2739 4304/4304/4304
f 2751/2751/2751 2754/2754/2754 4307/4307/4307
f 2792/2792/2792 2795/2795/2795 2327/2327/2327
f 3799/3799/3799 5352/5352/5352 5336/5336/5336
f 2713/2713/2713 2710/2710/2710 2190/2190/2190
f 2761/2761/2761 2760/2760/2760 2531/2531/2531
f 2707/2707/2707 2711/2711/2711 2471/2471/2471
f 3657/3657/3657 5349/5349/5349 5333/5333/5333
f 3957/3957/3957 5320/5320/5320 5321/5321/5321
f 2726/2726/2726 2729/2729/2729 2422/2422/2422
f 4357/4357/4357 5391/5391/5391 5341/5341/5341
f 3951/3951/3951 2764/2764/2764 2539/2539/2539
f 2731/2731/2731 2727/2727/2727 2366/2366/2366
f 3837/3837/3837 5354/5354/5354 5339/5339/5339
f 4316/4316/4316 4309/4309/4309 2724/2724/2724
f 4437/4437/4437 4395/4395/4395 4396/4396/4396
f 2776/2776/2776 2249/2249/2249 2248/2248/2248
f 2772/2772/2772 2246/2246/2246 2239/2239/2239
f 2768/2768/2768 2241/2241/2241 2240/2240/2240
f 2766/2766/2766 2240/2240/2240 2246/2246/2246
f 2765/2765/2765 2239/2239/2239 2272/2272/2272
f 2788/2788/2788 2787/2787/2787 2261/2261/2261
f 2785/2785/2785 2778/2778/2778 2252/2252/2252
f 2781/2781/2781 2779/2779/2779 2253/2253/2253
f 2779/2779/2779 2785/2785/2785 2259/2259/2259
f 2778/2778/2778 2784/2784/2784 2258/2258/2258
f 5677/5677/5677 5718/5718/5718 2681/2681/2681
f 2784/2784/2784 5248/5248/5248 5267/5267/5267
f 2687/2687/2687 5323/5323/5323 5243/5243/5243
f 2804/2804/2804 2805/2805/2805 2236/2236/2236
f 2805/2805/2805 2806/2806/2806 2237/2237/2237
f 2806/2806/2806 2807/2807/2807 2238/2238/2238
f 2798/2798/2798 2272/2272/2272 2245/2245/2245
f 2288/2288/2288 2287/2287/2287 4052/4052/4052
f 2797/2797/2797 2796/2796/2796 2328/2328/2328
f 2796/2796/2796 5496/5496/5496 5483/5483/5483
f 2794/2794/2794 2793/2793/2793 2325/2325/2325
f 4396/4396/4396 2813/2813/2813 4133/4133/4133
f 2791/2791/2791 2797/2797/2797 2329/2329/2329
f 2802/2802/2802 2801/2801/2801 2276/2276/2276
f 2790/2790/2790 2802/2802/2802 2278/2278/2278
f 2789/2789/2789 2790/2790/2790 2317/2317/2317
f 2783/2783/2783 2786/2786/2786 2314/2314/2314
f 2782/2782/2782 2310/2310/2310 5062/5062/5062
f 2800/2800/2800 2275/2275/2275 2273/2273/2273
f 2777/2777/2777 2304/2304/2304 2275/2275/2275
f 2775/2775/2775 2302/2302/2302 2304/2304/2304
f 2771/2771/2771 2791/2791/2791 2319/2319/2319
f 2770/2770/2770 2297/2297/2297 2301/2301/2301
f 2769/2769/2769 5196/5196/5196 5063/5063/5063
f 4348/4348/4348 4003/4003/4003 5319/5319/5319
f 2834/2834/2834 5208/5208/5208 5164/5164/5164
f 2835/2835/2835 2583/2583/2583 2587/2587/2587
f 2836/2836/2836 2861/2861/2861 2604/2604/2604
f 2841/2841/2841 2588/2588/2588 2590/2590/2590
f 2843/2843/2843 2590/2590/2590 2613/2613/2613
f 2815/2815/2815 2613/2613/2613 2612/2612/2612
f 4059/4059/4059 2884/2884/2884 2281/2281/2281
f 2850/2850/2850 2595/2595/2595 5161/5161/5161
f 2851/2851/2851 2855/2855/2855 2599/2599/2599
f 2858/2858/2858 2859/2859/2859 2603/2603/2603
f 2859/2859/2859 2817/2817/2817 2615/2615/2615
f 2817/2817/2817 2816/2816/2816 2614/2614/2614
f 2861/2861/2861 2872/2872/2872 2610/2610/2610
f 2866/2866/2866 2865/2865/2865 2606/2606/2606
f 2870/2870/2870 5497/5497/5497 5490/5490/5490
f 2872/2872/2872 2870/2870/2870 2609/2609/2609
f 3406/3406/3406 3410/3410/3410 3435/3435/3435
f 5700/5700/5700 5696/5696/5696 2864/2864/2864
f 5701/5701/5701 5706/5706/5706 2676/2676/2676
f 5691/5691/5691 5703/5703/5703 2868/2868/2868
f 5744/5744/5744 5683/5683/5683 2853/2853/2853
f 4227/4227/4227 753/753/753 1310/1310/1310
f 5694/5694/5694 5729/5729/5729 5492/5492/5492
f 5682/5682/5682 5685/5685/5685 2654/2654/2654
f 2847/2847/2847 2854/2854/2854 2655/2655/2655
f 2848/2848/2848 2847/2847/2847 2648/2648/2648
f 2854/2854/2854 2845/2845/2845 2647/2647/2647
f 2857/2857/2857 2856/2856/2856 2657/2657/2657
f 5688/5688/5688 5712/5712/5712 2873/2873/2873
f 2831/2831/2831 2632/2632/2632 2639/2639/2639
f 2833/2833/2833 2634/2634/2634 2632/2632/2632
f 2838/2838/2838 2639/2639/2639 2630/2630/2630
f 2842/2842/2842 2642/2642/2642 2640/2640/2640
f 4269/4269/4269 4195/4195/4195 2888/2888/2888
f 2882/2882/2882 2887/2887/2887 2691/2691/2691
f 4228/4228/4228 2661/2661/2661 4200/4200/4200
f 4224/4224/4224 4220/4220/4220 4164/4164/4164
f 4158/4158/4158 5242/5242/5242 5318/5318/5318
f 2812/2812/2812 2885/2885/2885 4060/4060/4060
f 2883/2883/2883 2876/2876/2876 2878/2878/2878
f 2889/2889/2889 4194/4194/4194 2703/2703/2703
f 4040/4040/4040 5364/5364/5364 5331/5331/5331
f 2890/2890/2890 2892/2892/2892 2274/2274/2274
f 4041/4041/4041 4114/4114/4114 5358/5358/5358
f 3092/3092/3092 3079/3079/3079 4268/4268/4268
f 2893/2893/2893 2891/2891/2891 2810/2810/2810
f 2205/2205/2205 2895/2895/2895 3165/3165/3165
f 2925/2925/2925 2929/2929/2929 3160/3160/3160
f 2369/2369/2369 3082/3082/3082 2974/2974/2974
f 2977/2977/2977 2983/2983/2983 3094/3094/3094
f 2869/2869/2869 2866/2866/2866 2607/2607/2607
f 3272/3272/3272 3266/3266/3266 3353/3353/3353
f 3267/3267/3267 3272/3272/3272 3359/3359/3359
f 3128/3128/3128 3017/3017/3017 3015/3015/3015
f 4203/4203/4203 4226/4226/4226 4228/4228/4228
f 3089/3089/3089 3094/3094/3094 3080/3080/3080
f 3066/3066/3066 3069/3069/3069 3074/3074/3074
f 4042/4042/4042 4040/4040/4040 2277/2277/2277
f 3076/3076/3076 3080/3080/3080 3049/3049/3049
f 3094/3094/3094 2983/2983/2983 3049/3049/3049
f 3009/3009/3009 3001/3001/3001 3004/3004/3004
f 3359/3359/3359 3353/3353/3353 3350/3350/3350
f 2683/2683/2683 4192/4192/4192 4190/4190/4190
f 2913/2913/2913 2917/2917/2917 3147/3147/3147
f 2934/2934/2934 3169/3169/3169 3173/3173/3173
f 3196/3196/3196 3187/3187/3187 3192/3192/3192
f 2968/2968/2968 3203/3203/3203 3202/3202/3202
f 2533/2533/2533 3330/3330/3330 3240/3240/3240
f 3338/3338/3338 3244/3244/3244 3247/3247/3247
f 3345/3345/3345 3372/3372/3372 3259/3259/3259
f 3365/3365/3365 3278/3278/3278 3275/3275/3275
f 3439/3439/3439 3309/3309/3309 3314/3314/3314
f 3336/3336/3336 3402/3402/3402 3303/3303/3303
f 3326/3326/3326 3451/3451/3451 3455/3455/3455
f 3247/3247/3247 3235/3235/3235 3403/3403/3403
f 4194/4194/4194 4172/4172/4172 2702/2702/2702
f 3270/3270/3270 3261/3261/3261 3266/3266/3266
f 3395/3395/3395 3225/3225/3225 3230/3230/3230
f 3414/3414/3414 3419/3419/3419 3423/3423/3423
f 4023/4023/4023 4027/4027/4027 4030/4030/4030
f 3249/3249/3249 3253/3253/3253 3259/3259/3259
f 2290/2290/2290 2289/2289/2289 4063/4063/4063
f 4081/4081/4081 2273/2273/2273 2291/2291/2291
f 3372/3372/3372 3345/3345/3345 3344/3344/3344
f 4219/4219/4219 4224/4224/4224 4169/4169/4169
f 4197/4197/4197 4171/4171/4171 4175/4175/4175
f 4184/4184/4184 4177/4177/4177 4180/4180/4180
f 2814/2814/2814 4189/4189/4189 4192/4192/4192
f 2687/2687/2687 4159/4159/4159 4163/4163/4163
f 2668/2668/2668 2669/2669/2669 4213/4213/4213
f 1857/1857/1857 1772/1772/1772 1746/1746/1746
f 3467/3467/3467 2900/2900/2900 2894/2894/2894
f 3464/3464/3464 2898/2898/2898 2900/2900/2900
f 3723/3723/3723 3120/3120/3120 3116/3116/3116
f 3719/3719/3719 3119/3119/3119 3120/3120/3120
f 3510/3510/3510 3265/3265/3265 3262/3262/3262
f 3506/3506/3506 3263/3263/3263 3265/3265/3265
f 3167/3167/3167 3654/3654/3654 3650/3650/3650
f 3161/3161/3161 3652/3652/3652 3654/3654/3654
f 3772/3772/3772 3134/3134/3134 3129/3129/3129
f 3768/3768/3768 3131/3131/3131 3134/3134/3134
f 3529/3529/3529 2962/2962/2962 2957/2957/2957
f 3526/3526/3526 2959/2959/2959 2962/2962/2962
f 3248/3248/3248 3473/3473/3473 3469/3469/3469
f 3243/3243/3243 3471/3471/3471 3473/3473/3473
f 3486/3486/3486 3254/3254/3254 3250/3250/3250
f 3481/3481/3481 3251/3251/3251 3254/3254/3254
f 3366/3366/3366 3950/3950/3950 3945/3945/3945
f 3361/3361/3361 3948/3948/3948 3950/3950/3950
f 2918/2918/2918 3566/3566/3566 3563/3563/3563
f 2914/2914/2914 3565/3565/3565 3566/3566/3566
f 3560/3560/3560 2911/2911/2911 2907/2907/2907
f 3557/3557/3557 2910/2910/2910 2911/2911/2911
f 3127/3127/3127 3736/3736/3736 3731/3731/3731
f 3122/3122/3122 3734/3734/3734 3736/3736/3736
f 3271/3271/3271 3523/3523/3523 3520/3520/3520
f 3268/3268/3268 3522/3522/3522 3523/3523/3523
f 3842/3842/3842 3283/3283/3283 3279/3279/3279
f 3837/3837/3837 3281/3281/3281 3283/3283/3283
f 3352/3352/3352 3936/3936/3936 3931/3931/3931
f 3348/3348/3348 3934/3934/3934 3936/3936/3936
f 3899/3899/3899 3328/3328/3328 3322/3322/3322
f 3894/3894/3894 3324/3324/3324 3328/3328/3328
f 3320/3320/3320 3905/3905/3905 3901/3901/3901
f 3316/3316/3316 3902/3902/3902 3905/3905/3905
f 2999/2999/2999 3648/3648/3648 3644/3644/3644
f 2993/2993/2993 3645/3645/3645 3648/3648/3648
f 3956/3956/3956 3371/3371/3371 3368/3368/3368
f 3951/3951/3951 3370/3370/3370 3371/3371/3371
f 3785/3785/3785 3146/3146/3146 3142/3142/3142
f 3780/3780/3780 3145/3145/3145 3146/3146/3146
f 3141/3141/3141 3778/3778/3778 3773/3773/3773
f 3136/3136/3136 3777/3777/3777 3778/3778/3778
f 3923/3923/3923 3339/3339/3339 3335/3335/3335
f 3920/3920/3920 3337/3337/3337 3339/3339/3339
f 3346/3346/3346 3929/3929/3929 3926/3926/3926
f 3342/3342/3342 3928/3928/3928 3929/3929/3929
f 3835/3835/3835 3377/3377/3377 3374/3374/3374
f 3832/3832/3832 3376/3376/3376 3377/3377/3377
f 2906/2906/2906 3573/3573/3573 3568/3568/3568
f 2901/2901/2901 3570/3570/3570 3573/3573/3573
f 3797/3797/3797 3159/3159/3159 3154/3154/3154
f 3794/3794/3794 3157/3157/3157 3159/3159/3159
f 3153/3153/3153 3790/3790/3790 3787/3787/3787
f 3149/3149/3149 3789/3789/3789 3790/3790/3790
f 3535/3535/3535 3277/3277/3277 3273/3273/3273
f 3531/3531/3531 3276/3276/3276 3277/3277/3277
f 3673/3673/3673 3093/3093/3093 3088/3088/3088
f 3668/3668/3668 3091/3091/3091 3093/3093/3093
f 3102/3102/3102 3686/3686/3686 3681/3681/3681
f 3095/3095/3095 3683/3683/3683 3686/3686/3686
f 2936/2936/2936 3479/3479/3479 3476/3476/3476
f 2931/2931/2931 3478/3478/3478 3479/3479/3479
f 3578/3578/3578 3022/3022/3022 3019/3019/3019
f 3574/3574/3574 3020/3020/3020 3022/3022/3022
f 3855/3855/3855 3289/3289/3289 3285/3285/3285
f 3851/3851/3851 3288/3288/3288 3289/3289/3289
f 3385/3385/3385 3848/3848/3848 3844/3844/3844
f 3380/3380/3380 3847/3847/3847 3848/3848/3848
f 2975/2975/2975 3612/3612/3612 3607/3607/3607
f 2970/2970/2970 3608/3608/3608 3612/3612/3612
f 3114/3114/3114 3711/3711/3711 3706/3706/3706
f 3111/3111/3111 3708/3708/3708 3711/3711/3711
f 3493/3493/3493 2943/2943/2943 2939/2939/2939
f 3488/3488/3488 2941/2941/2941 2943/2943/2943
f 3704/3704/3704 3191/3191/3191 3186/3186/3186
f 3701/3701/3701 3188/3188/3188 3191/3191/3191
f 3860/3860/3860 3390/3390/3390 3386/3386/3386
f 3857/3857/3857 3389/3389/3389 3390/3390/3390
f 3296/3296/3296 3866/3866/3866 3862/3862/3862
f 3291/3291/3291 3864/3864/3864 3866/3866/3866
f 3969/3969/3969 3448/3448/3448 3445/3445/3445
f 3963/3963/3963 3446/3446/3446 3448/3448/3448
f 3454/3454/3454 3975/3975/3975 3971/3971/3971
f 3450/3450/3450 3972/3972/3972 3975/3975/3975
f 3880/3880/3880 3302/3302/3302 3298/3298/3298
f 3876/3876/3876 3300/3300/3300 3302/3302/3302
f 3397/3397/3397 3873/3873/3873 3869/3869/3869
f 3392/3392/3392 3871/3871/3871 3873/3873/3873
f 3943/3943/3943 3358/3358/3358 3355/3355/3355
f 3939/3939/3939 3357/3357/3357 3358/3358/3358
f 3499/3499/3499 3260/3260/3260 3255/3255/3255
f 3495/3495/3495 3257/3257/3257 3260/3260/3260
f 2948/2948/2948 3505/3505/3505 3500/3500/3500
f 2944/2944/2944 3502/3502/3502 3505/3505/3505
f 3679/3679/3679 3178/3178/3178 3175/3175/3175
f 3675/3675/3675 3176/3176/3176 3178/3178/3178
f 3172/3172/3172 3667/3667/3667 3663/3663/3663
f 3168/3168/3168 3664/3664/3664 3667/3667/3667
f 3886/3886/3886 3404/3404/3404 3400/3400/3400
f 3881/3881/3881 3401/3401/3401 3404/3404/3404
f 3308/3308/3308 3891/3891/3891 3887/3887/3887
f 3304/3304/3304 3889/3889/3889 3891/3891/3891
f 3911/3911/3911 3315/3315/3315 3310/3310/3310
f 3906/3906/3906 3313/3313/3313 3315/3315/3315
f 3334/3334/3334 3918/3918/3918 4357/4357/4357
f 3329/3329/3329 3916/3916/3916 3918/3918/3918
f 3729/3729/3729 3204/3204/3204 3199/3199/3199
f 3725/3725/3725 3201/3201/3201 3204/3204/3204
f 3591/3591/3591 3036/3036/3036 3031/3031/3031
f 3588/3588/3588 3033/3033/3033 3036/3036/3036
f 3030/3030/3030 3585/3585/3585 3581/3581/3581
f 3026/3026/3026 3582/3582/3582 3585/3585/3585
f 3830/3830/3830 3236/3236/3236 3231/3231/3231
f 3826/3826/3826 3233/3233/3233 3236/3236/3236
f 3229/3229/3229 3824/3824/3824 3819/3819/3819
f 3224/3224/3224 3822/3822/3822 3824/3824/3824
f 3517/3517/3517 2956/2956/2956 2950/2950/2950
f 3512/3512/3512 2953/2953/2953 2956/2956/2956
f 3086/3086/3086 3660/3660/3660 3657/3657/3657
f 3083/3083/3083 3658/3658/3658 3660/3660/3660
f 3741/3741/3741 3055/3055/3055 3051/3051/3051
f 3738/3738/3738 3053/3053/3053 3055/3055/3055
f 3605/3605/3605 3050/3050/3050 3045/3045/3045
f 3601/3601/3601 3046/3046/3046 3050/3050/3050
f 3043/3043/3043 3598/3598/3598 3593/3593/3593
f 3038/3038/3038 3596/3596/3596 3598/3598/3598
f 3817/3817/3817 3223/3223/3223 3218/3218/3218
f 3812/3812/3812 3221/3221/3221 3223/3223/3223
f 3217/3217/3217 3810/3810/3810 3806/3806/3806
f 3213/3213/3213 3809/3809/3809 3810/3810/3810
f 3442/3442/3442 3962/3962/3962 3957/3957/3957
f 3437/3437/3437 3960/3960/3960 3962/3962/3962
f 3061/3061/3061 3747/3747/3747 3743/3743/3743
f 3057/3057/3057 3746/3746/3746 3747/3747/3747
f 3198/3198/3198 3716/3716/3716 3712/3712/3712
f 3193/3193/3193 3715/3715/3715 3716/3716/3716
f 3542/3542/3542 2969/2969/2969 2963/2963/2963
f 3538/3538/3538 2966/2966/2966 2969/2969/2969
f 3753/3753/3753 3068/3068/3068 3064/3064/3064
f 3749/3749/3749 3065/3065/3065 3068/3068/3068
f 3073/3073/3073 3759/3759/3759 3756/3756/3756
f 3070/3070/3070 3757/3757/3757 3759/3759/3759
f 3241/3241/3241 3460/3460/3460 3457/3457/3457
f 3237/3237/3237 3459/3459/3459 3460/3460/3460
f 3765/3765/3765 3081/3081/3081 3075/3075/3075
f 3762/3762/3762 3078/3078/3078 3081/3081/3081
f 3411/3411/3411 3993/3993/3993 3989/3989/3989
f 3405/3405/3405 3991/3991/3991 3993/3993/3993
f 3803/3803/3803 3209/3209/3209 3206/3206/3206
f 3799/3799/3799 3207/3207/3207 3209/3209/3209
f 4000/4000/4000 3416/3416/3416 3413/3413/3413
f 3996/3996/3996 3415/3415/3415 3416/3416/3416
f 3618/3618/3618 3016/3016/3016 3013/3013/3013
f 3614/3614/3614 3014/3014/3014 3016/3016/3016
f 3635/3635/3635 2982/2982/2982 2978/2978/2978
f 3631/3631/3631 2979/2979/2979 2982/2982/2982
f 3422/3422/3422 3980/3980/3980 3977/3977/3977
f 3418/3418/3418 3978/3978/3978 3980/3980/3980
f 2991/2991/2991 3630/3630/3630 3625/3625/3625
f 2984/2984/2984 3627/3627/3627 3630/3630/3630
f 3987/3987/3987 3428/3428/3428 3424/3424/3424
f 3982/3982/3982 3426/3426/3426 3428/3428/3428
f 3005/3005/3005 3623/3623/3623 3620/3620/3620
f 3000/3000/3000 3622/3622/3622 3623/3623/3623
f 3641/3641/3641 3010/3010/3010 3006/3006/3006
f 3637/3637/3637 3008/3008/3008 3010/3010/3010
f 3692/3692/3692 3184/3184/3184 3181/3181/3181
f 3687/3687/3687 3183/3183/3183 3184/3184/3184
f 3108/3108/3108 3697/3697/3697 3693/3693/3693
f 3103/3103/3103 3695/3695/3695 3697/3697/3697
f 4007/4007/4007 3436/3436/3436 3432/3432/3432
f 4002/4002/4002 3434/3434/3434 3436/3436/3436
f 2923/2923/2923 3549/3549/3549 3545/3545/3545
f 2919/2919/2919 3546/3546/3546 3549/3549/3549
f 2930/2930/2930 3555/3555/3555 3550/3550/3550
f 2926/2926/2926 3552/3552/3552 3555/3555/3555
f 4111/4111/4111 4037/4037/4037 4032/4032/4032
f 4107/4107/4107 4035/4035/4035 4037/4037/4037
f 4106/4106/4106 4031/4031/4031 4026/4026/4026
f 4101/4101/4101 4028/4028/4028 4031/4031/4031
f 4099/4099/4099 4025/4025/4025 4020/4020/4020
f 4096/4096/4096 4022/4022/4022 4025/4025/4025
f 4093/4093/4093 4018/4018/4018 4015/4015/4015
f 4090/4090/4090 4017/4017/4017 4018/4018/4018
f 4088/4088/4088 4013/4013/4013 4009/4009/4009
f 4084/4084/4084 4010/4010/4010 4013/4013/4013
f 4157/4157/4157 4082/4082/4082 4078/4078/4078
f 4151/4151/4151 4080/4080/4080 4082/4082/4082
f 4150/4150/4150 4075/4075/4075 4070/4070/4070
f 4146/4146/4146 4073/4073/4073 4075/4075/4075
f 4144/4144/4144 4069/4069/4069 4064/4064/4064
f 4139/4139/4139 4067/4067/4067 4069/4069/4069
f 4137/4137/4137 4061/4061/4061 4058/4058/4058
f 4132/4132/4132 4060/4060/4060 4061/4061/4061
f 4131/4131/4131 4056/4056/4056 4051/4051/4051
f 4126/4126/4126 4053/4053/4053 4056/4056/4056
f 4125/4125/4125 4049/4049/4049 4046/4046/4046
f 4119/4119/4119 4047/4047/4047 4049/4049/4049
f 4118/4118/4118 4043/4043/4043 4038/4038/4038
f 4114/4114/4114 4041/4041/4041 4043/4043/4043
f 4270/4270/4270 4198/4198/4198 4195/4195/4195
f 4266/4266/4266 4196/4196/4196 4198/4198/4198
f 4264/4264/4264 4193/4193/4193 4188/4188/4188
f 4261/4261/4261 4191/4191/4191 4193/4193/4193
f 4259/4259/4259 4186/4186/4186 4182/4182/4182
f 4254/4254/4254 4185/4185/4185 4186/4186/4186
f 4253/4253/4253 4181/4181/4181 4176/4176/4176
f 4249/4249/4249 4178/4178/4178 4181/4181/4181
f 4247/4247/4247 4174/4174/4174 4170/4170/4170
f 4243/4243/4243 4173/4173/4173 4174/4174/4174
f 4301/4301/4301 4229/4229/4229 4225/4225/4225
f 4298/4298/4298 2662/2662/2662 4229/4229/4229
f 4241/4241/4241 4168/4168/4168 4165/4165/4165
f 4236/4236/4236 4166/4166/4166 4168/4168/4168
f 4295/4295/4295 4223/4223/4223 4218/4218/4218
f 4291/4291/4291 4222/4222/4222 4223/4223/4223
f 4289/4289/4289 4216/4216/4216 4212/4212/4212
f 4284/4284/4284 4214/4214/4214 4216/4216/4216
f 4282/4282/4282 4210/4210/4210 4207/4207/4207
f 4278/4278/4278 4208/4208/4208 4210/4210/4210
f 4277/4277/4277 4204/4204/4204 4201/4201/4201
f 4272/4272/4272 4202/4202/4202 4204/4204/4204
f 4235/4235/4235 4162/4162/4162 4158/4158/4158
f 4231/4231/4231 4160/4160/4160 4162/4162/4162
f 3457/3457/3457 3465/3465/3465 2894/2894/2894
f 2467/2467/2467 3240/3240/3240 2895/2895/2895
f 3568/3568/3568 3802/3802/3802 3206/3206/3206
f 2909/2909/2909 2913/2913/2913 3144/3144/3144
f 3806/3806/3806 3559/3559/3559 2907/2907/2907
f 3557/3557/3557 3565/3565/3565 2914/2914/2914
f 3219/3219/3219 3228/3228/3228 2920/2920/2920
f 3563/3563/3563 3814/3814/3814 3218/3218/3218
f 2921/2921/2921 2925/2925/2925 3156/3156/3156
f 3819/3819/3819 3546/3546/3546 2919/2919/2919
f 3545/3545/3545 3552/3552/3552 2926/2926/2926
f 2807/2807/2807 2793/2793/2793 2267/2267/2267
f 3550/3550/3550 3828/3828/3828 3231/3231/3231
f 3469/3469/3469 3478/3478/3478 2931/2931/2931
f 3177/3177/3177 3169/3169/3169 2934/2934/2934
f 3476/3476/3476 3491/3491/3491 2938/2938/2938
f 3488/3488/3488 3483/3483/3483 3250/3250/3250
f 3495/3495/3495 3502/3502/3502 2944/2944/2944
f 3512/3512/3512 3509/3509/3509 3262/3262/3262
f 2958/2958/2958 2954/2954/2954 3261/3261/3261
f 2717/2717/2717 5503/5503/5503 5500/5500/5500
f 3189/3189/3189 5504/5504/5504 5501/5501/5501
f 3520/3520/3520 3527/3527/3527 2957/2957/2957
f 2421/2421/2421 3194/3194/3194 2960/2960/2960
f 3526/3526/3526 2713/2713/2713 2209/2209/2209
f 3538/3538/3538 3534/3534/3534 3273/3273/3273
f 2463/2463/2463 2188/2188/2188 2967/2967/2967
f 2710/2710/2710 3540/3540/3540 2964/2964/2964
f 2965/2965/2965 3202/3202/3202 2416/2416/2416
f 3607/3607/3607 4115/4115/4115 4038/4038/4038
f 2228/2228/2228 2974/2974/2974 4039/4039/4039
f 2980/2980/2980 3044/3044/3044 3049/3049/3049
f 3631/3631/3631 4121/4121/4121 4045/4045/4045
f 2986/2986/2986 2977/2977/2977 3090/3090/3090
f 3625/3625/3625 3634/3634/3634 2978/2978/2978
f 4126/4126/4126 3627/3627/3627 2984/2984/2984
f 1311/1311/1311 941/941/941 936/936/936
f 3644/3644/3644 4135/4135/4135 4058/4058/4058
f 3002/3002/3002 5509/5509/5509 5507/5507/5507
f 3620/3620/3620 5511/5511/5511 5508/5508/5508
f 4139/4139/4139 3622/3622/3622 3000/3000/3000
f 3253/3253/3253 3252/3252/3252 3341/3341/3341
f 4071/4071/4071 4066/4066/4066 3001/3001/3001
f 2232/2232/2232 3007/3007/3007 3118/3118/3118
f 2723/2723/2723 3640/3640/3640 3006/3006/3006
f 3637/3637/3637 4147/4147/4147 4070/4070/4070
f 3124/3124/3124 3015/3015/3015 2226/2226/2226
f 3614/3614/3614 2719/2719/2719 2225/2225/2225
f 4151/4151/4151 3616/3616/3616 3013/3013/3013
f 3266/3266/3266 3264/3264/3264 3349/3349/3349
f 2224/2224/2224 2799/2799/2799 4079/4079/4079
f 4084/4084/4084 3577/3577/3577 3019/3019/3019
f 3581/3581/3581 4092/4092/4092 4015/4015/4015
f 3588/3588/3588 3584/3584/3584 3025/3025/3025
f 3060/3060/3060 3063/3063/3063 3034/3034/3034
f 4096/4096/4096 3589/3589/3589 3031/3031/3031
f 3032/3032/3032 3041/3041/3041 4027/4027/4027
f 3593/3593/3593 4103/4103/4103 4026/4026/4026
f 3601/3601/3601 3597/3597/3597 3037/3037/3037
f 3072/3072/3072 3076/3076/3076 3047/3047/3047
f 4107/4107/4107 3603/3603/3603 3045/3045/3045
f 3340/3340/3340 3403/3403/3403 3402/3402/3402
f 3738/3738/3738 3770/3770/3770 3129/3129/3129
f 3773/3773/3773 3746/3746/3746 3057/3057/3057
f 3743/3743/3743 3752/3752/3752 3064/3064/3064
f 3143/3143/3143 3150/3150/3150 3069/3069/3069
f 3749/3749/3749 3783/3783/3783 3142/3142/3142
f 3787/3787/3787 3757/3757/3757 3070/3070/3070
f 3756/3756/3756 3763/3763/3763 3075/3075/3075
f 3762/3762/3762 3795/3795/3795 3154/3154/3154
f 3650/3650/3650 3658/3658/3658 3083/3083/3083
f 2418/2418/2418 3165/3165/3165 3082/3082/3082
f 3663/3663/3663 3670/3670/3670 3088/3088/3088
f 3668/3668/3668 3684/3684/3684 3097/3097/3097
f 3681/3681/3681 3676/3676/3676 3175/3175/3175
f 3687/3687/3687 3695/3695/3695 3103/3103/3103
f 3117/3117/3117 3112/3112/3112 3187/3187/3187
f 2736/2736/2736 5513/5513/5513 5506/5506/5506
f 3706/3706/3706 3703/3703/3703 3186/3186/3186
f 3719/3719/3719 2731/2731/2731 2372/2372/2372
f 3712/3712/3712 3721/3721/3721 3116/3116/3116
f 2414/2414/2414 2365/2365/2365 3126/3126/3126
f 2727/2727/2727 3732/3732/3732 3123/3123/3123
f 3731/3731/3731 3726/3726/3726 3199/3199/3199
f 3780/3780/3780 3775/3775/3775 3137/3137/3137
f 3792/3792/3792 3789/3789/3789 3149/3149/3149
f 3675/3675/3675 3664/3664/3664 3168/3168/3168
f 3700/3700/3700 5514/5514/5514 5505/5505/5505
f 2729/2729/2729 3715/3715/3715 3193/3193/3193
f 3725/3725/3725 2726/2726/2726 2415/2415/2415
f 3812/3812/3812 3807/3807/3807 3211/3211/3211
f 3382/3382/3382 3387/3387/3387 3220/3220/3220
f 3826/3826/3826 3820/3820/3820 3226/3226/3226
f 3395/3395/3395 3399/3399/3399 3234/3234/3234
f 3252/3252/3252 3244/3244/3244 3338/3338/3338
f 3481/3481/3481 3471/3471/3471 3243/3243/3243
f 3506/3506/3506 5518/5518/5518 5517/5517/5517
f 3264/3264/3264 5516/5516/5516 5520/5520/5520
f 2470/2470/2470 3267/3267/3267 3356/3356/3356
f 2711/2711/2711 3522/3522/3522 3268/3268/3268
f 3360/3360/3360 3275/3275/3275 2464/2464/2464
f 3531/3531/3531 2707/2707/2707 2465/2465/2465
f 3832/3832/3832 3840/3840/3840 3279/3279/3279
f 3862/3862/3862 3853/3853/3853 3285/3285/3285
f 3408/3408/3408 3412/3412/3412 3294/3294/3294
f 3851/3851/3851 3847/3847/3847 3380/3380/3380
f 3292/3292/3292 3299/3299/3299 3393/3393/3393
f 3857/3857/3857 3864/3864/3864 3291/3291/3291
f 3887/3887/3887 3877/3877/3877 3298/3298/3298
f 3421/3421/3421 3425/3425/3425 3306/3306/3306
f 3876/3876/3876 3871/3871/3871 3392/3392/3392
f 2572/2572/2572 2543/2543/2543 2477/2477/2477
f 3881/3881/3881 3889/3889/3889 3304/3304/3304
f 2514/2514/2514 3312/3312/3312 3330/3330/3330
f 3906/3906/3906 3916/3916/3916 3329/3329/3329
f 3901/3901/3901 3922/3922/3922 3335/3335/3335
f 3326/3326/3326 3317/3317/3317 3447/3447/3447
f 3895/3895/3895 3902/3902/3902 3316/3316/3316
f 3926/3926/3926 3897/3897/3897 3322/3322/3322
f 3367/3367/3367 3344/3344/3344 3323/3323/3323
f 3920/3920/3920 3928/3928/3928 3342/3342/3342
f 2764/2764/2764 5522/5522/5522 5521/5521/5521
f 3931/3931/3931 2745/2745/2745 2522/2522/2522
f 3354/3354/3354 3350/3350/3350 2521/2521/2521
f 2749/2749/2749 3941/3941/3941 3355/3355/3355
f 3939/3939/3939 2761/2761/2761 2536/2536/2536
f 3945/3945/3945 2753/2753/2753 2525/2525/2525
f 2512/2512/2512 2529/2529/2529 3364/3364/3364
f 2760/2760/2760 3946/3946/3946 3362/3362/3362
f 2757/2757/2757 3953/3953/3953 3368/3368/3368
f 3845/3845/3845 3859/3859/3859 3386/3386/3386
f 3868/3868/3868 3883/3883/3883 3400/3400/3400
f 3988/3988/3988 3998/3998/3998 3413/3413/3413
f 4272/4272/4272 3991/3991/3991 3405/3405/3405
f 4226/4226/4226 4203/4203/4203 3406/3406/3406
f 3996/3996/3996 4280/4280/4280 4207/4207/4207
f 4206/4206/4206 4215/4215/4215 3419/3419/3419
f 3977/3977/3977 3985/3985/3985 3424/3424/3424
f 4284/4284/4284 3978/3978/3978 3418/3418/3418
f 3982/3982/3982 4294/4294/4294 4218/4218/4218
f 5710/5710/5710 5714/5714/5714 2680/2680/2680
f 4002/4002/4002 4300/4300/4300 4225/4225/4225
f 4231/4231/4231 3960/3960/3960 3437/3437/3437
f 2816/2816/2816 4161/4161/4161 3438/3438/3438
f 4236/4236/4236 3967/3967/3967 3443/3443/3443
f 3963/3963/3963 3972/3972/3972 3450/3450/3450
f 2627/2627/2627 3453/3453/3453 4171/4171/4171
f 3971/3971/3971 4245/4245/4245 4170/4170/4170
f 4404/4404/4404 3477/3477/3477 3470/3470/3470
f 4423/4423/4423 3503/3503/3503 3494/3494/3494
f 4422/4422/4422 5538/5538/5538 5519/5519/5519
f 3521/3521/3521 4327/4327/4327 3519/3519/3519
f 4328/4328/4328 3541/3541/3541 2709/2709/2709
f 4425/4425/4425 3827/3827/3827 3551/3551/3551
f 4384/4384/4384 3815/3815/3815 3562/3562/3562
f 4367/4367/4367 3590/3590/3590 4095/4095/4095
f 4411/4411/4411 3602/3602/3602 4108/4108/4108
f 4333/4333/4333 4155/4155/4155 2809/2809/2809
f 4407/4407/4407 5533/5533/5533 5510/5510/5510
f 4430/4430/4430 4123/4123/4123 3632/3632/3632
f 4335/4335/4335 4148/4148/4148 3638/3638/3638
f 4438/4438/4438 4134/4134/4134 3643/3643/3643
f 4400/4400/4400 3671/3671/3671 3662/3662/3662
f 4410/4410/4410 3696/3696/3696 3688/3688/3688
f 4419/4419/4419 5535/5535/5535 5515/5515/5515
f 4338/4338/4338 3720/3720/3720 3713/3713/3713
f 4331/4331/4331 3733/3733/3733 2728/2728/2728
f 4380/4380/4380 3782/3782/3782 3750/3750/3750
f 4433/4433/4433 3796/3796/3796 3761/3761/3761
f 4391/4391/4391 3865/3865/3865 3856/3856/3856
f 4373/4373/4373 3890/3890/3890 3882/3882/3882
f 4416/4416/4416 3921/3921/3921 3900/3900/3900
f 5379/5379/5379 5044/5044/5044 5041/5041/5041
f 3937/3937/3937 3935/3935/3935 2988/2988/2988
f 4332/4332/4332 3940/3940/3940 2750/2750/2750
f 3944/3944/3944 3949/3949/3949 3947/3947/3947
f 4351/4351/4351 3965/3965/3965 4237/4237/4237
f 4340/4340/4340 4293/4293/4293 3983/3983/3983
f 4343/4343/4343 4281/4281/4281 3995/3995/3995
f 4347/4347/4347 4299/4299/4299 4001/4001/4001
f 4017/4017/4017 4090/4090/4090 4097/4097/4097
f 4016/4016/4016 4021/4021/4021 2322/2322/2322
f 4028/4028/4028 4101/4101/4101 4109/4109/4109
f 4029/4029/4029 4033/4033/4033 2324/2324/2324
f 4048/4048/4048 4052/4052/4052 2287/2287/2287
f 4047/4047/4047 4119/4119/4119 4129/4129/4129
f 2884/2884/2884 5527/5527/5527 5484/5484/5484
f 2812/2812/2812 5524/5524/5524 5526/5526/5526
f 4072/4072/4072 2890/2890/2890 2280/2280/2280
f 2810/2810/2810 2891/2891/2891 4073/4073/4073
f 2892/2892/2892 4076/4076/4076 2291/2291/2291
f 2808/2808/2808 4154/4154/4154 4077/4077/4077
f 4165/4165/4165 4173/4173/4173 4243/4243/4243
f 4172/4172/4172 4164/4164/4164 2701/2701/2701
f 2744/2744/2744 4250/4250/4250 4176/4176/4176
f 2881/2881/2881 2888/2888/2888 5529/5529/5529
f 2623/2623/2623 2622/2622/2622 4177/4177/4177
f 4179/4179/4179 5528/5528/5528 5491/5491/5491
f 4254/4254/4254 2748/2748/2748 2624/2624/2624
f 2878/2878/2878 4256/4256/4256 4182/4182/4182
f 2887/2887/2887 4183/4183/4183 2705/2705/2705
f 2814/2814/2814 2612/2612/2612 2626/2626/2626
f 4190/4190/4190 2882/2882/2882 2684/2684/2684
f 2752/2752/2752 4262/4262/4262 4188/4188/4188
f 2876/2876/2876 2883/2883/2883 4191/4191/4191
f 4266/4266/4266 2756/2756/2756 2628/2628/2628
f 3372/3372/3372 3369/3369/3369 3256/3256/3256
f 4209/4209/4209 4200/4200/4200 2667/2667/2667
f 4201/4201/4201 4208/4208/4208 4278/4278/4278
f 4220/4220/4220 4213/4213/4213 2669/2669/2669
f 4212/4212/4212 4221/4221/4221 4292/4292/4292
f 2743/2743/2743 2996/2996/2996 2997/2997/2997
f 4257/4257/4257 4313/4313/4313 4255/4255/4255
f 4265/4265/4265 4263/4263/4263 4305/4305/4305
f 2865/2865/2865 2826/2826/2826 2620/2620/2620
f 2572/2572/2572 2506/2506/2506 2520/2520/2520
f 3234/3234/3234 3399/3399/3399 3403/3403/3403
f 2929/2929/2929 2935/2935/2935 3173/3173/3173
f 2477/2477/2477 2217/2217/2217 2218/2218/2218
f 2935/2935/2935 2929/2929/2929 2927/2927/2927
f 2285/2285/2285 1588/1588/1588 1718/1718/1718
f 4251/4251/4251 2997/2997/2997 4248/4248/4248
f 3107/3107/3107 2981/2981/2981 2742/2742/2742
f 4268/4268/4268 3079/3079/3079 4267/4267/4267
f 3079/3079/3079 3048/3048/3048 2755/2755/2755
f 3952/3952/3952 3955/3955/3955 3954/3954/3954
f 2981/2981/2981 2758/2758/2758 2755/2755/2755
f 3107/3107/3107 3954/3954/3954 2758/2758/2758
f 3497/3497/3497 2715/2715/2715 4393/4393/4393
f 3932/3932/3932 2988/2988/2988 2989/2989/2989
f 2997/2997/2997 5499/5499/5499 5531/5531/5531
f 2996/2996/2996 5495/5495/5495 5499/5499/5499
f 2989/2989/2989 5494/5494/5494 5495/5495/5495
f 2988/2988/2988 5532/5532/5532 5494/5494/5494
f 3935/3935/3935 5523/5523/5523 5532/5532/5532
f 4303/4303/4303 4304/4304/4304 2879/2879/2879
f 4263/4263/4263 2751/2751/2751 4306/4306/4306
f 4313/4313/4313 4325/4325/4325 2747/2747/2747
f 4306/4306/4306 4307/4307/4307 2738/2738/2738
f 4305/4305/4305 4306/4306/4306 2737/2737/2737
f 4260/4260/4260 4305/4305/4305 4303/4303/4303
f 4314/4314/4314 3947/3947/3947 2759/2759/2759
f 4199/4199/4199 4175/4175/4175 4172/4172/4172
f 4317/4317/4317 4310/4310/4310 4309/4309/4309
f 2809/2809/2809 2811/2811/2811 4310/4310/4310
f 2739/2739/2739 2740/2740/2740 4308/4308/4308
f 2879/2879/2879 4304/4304/4304 4313/4313/4313
f 4312/4312/4312 4319/4319/4319 4318/4318/4318
f 2709/2709/2709 2714/2714/2714 4319/4319/4319
f 4326/4326/4326 3528/3528/3528 3519/3519/3519
f 3525/3525/3525 3530/3530/3530 3528/3528/3528
f 4319/4319/4319 2714/2714/2714 3525/3525/3525
f 4327/4327/4327 4318/4318/4318 4319/4319/4319
f 3521/3521/3521 2712/2712/2712 4318/4318/4318
f 3537/3537/3537 3543/3543/3543 3541/3541/3541
f 4329/4329/4329 3533/3533/3533 3537/3537/3537
f 3532/3532/3532 3536/3536/3536 3533/3533/3533
f 4311/4311/4311 2708/2708/2708 3532/3532/3532
f 4328/4328/4328 4312/4312/4312 4311/4311/4311
f 4323/4323/4323 4321/4321/4321 4320/4320/4320
f 2728/2728/2728 2732/2732/2732 4321/4321/4321
f 3730/3730/3730 3735/3735/3735 3733/3733/3733
f 4330/4330/4330 3727/3727/3727 3730/3730/3730
f 3724/3724/3724 3728/3728/3728 3727/3727/3727
f 4322/4322/4322 2725/2725/2725 3724/3724/3724
f 4331/4331/4331 4323/4323/4323 4322/4322/4322
f 4304/4304/4304 2739/2739/2739 4325/4325/4325
f 3938/3938/3938 3942/3942/3942 3940/3940/3940
f 4315/4315/4315 2762/2762/2762 3938/3938/3938
f 4308/4308/4308 2740/2740/2740 4315/4315/4315
f 4152/4152/4152 4156/4156/4156 4155/4155/4155
f 4334/4334/4334 3615/3615/3615 4152/4152/4152
f 3613/3613/3613 3617/3617/3617 3615/3615/3615
f 4316/4316/4316 2720/2720/2720 3613/3613/3613
f 4333/4333/4333 4317/4317/4317 4316/4316/4316
f 4307/4307/4307 2754/2754/2754 3944/3944/3944
f 4145/4145/4145 4149/4149/4149 4148/4148/4148
f 4310/4310/4310 2811/2811/2811 4145/4145/4145
f 4336/4336/4336 4309/4309/4309 4310/4310/4310
f 3639/3639/3639 2724/2724/2724 4309/4309/4309
f 3638/3638/3638 3642/3642/3642 3639/3639/3639
f 2759/2759/2759 2762/2762/2762 4315/4315/4315
f 3718/3718/3718 3722/3722/3722 3720/3720/3720
f 4321/4321/4321 2732/2732/2732 3718/3718/3718
f 4337/4337/4337 4320/4320/4320 4321/4321/4321
f 3714/3714/3714 2730/2730/2730 4320/4320/4320
f 3713/3713/3713 3717/3717/3717 3714/3714/3714
f 2738/2738/2738 4307/4307/4307 4314/4314/4314
f 2527/2527/2527 3323/3323/3323 3453/3453/3453
f 3323/3323/3323 3327/3327/3327 3455/3455/3455
f 4211/4211/4211 4217/4217/4217 4215/4215/4215
f 4290/4290/4290 4296/4296/4296 4293/4293/4293
f 4342/4342/4342 4287/4287/4287 4290/4290/4290
f 4285/4285/4285 4288/4288/4288 4287/4287/4287
f 4341/4341/4341 3979/3979/3979 4285/4285/4285
f 3976/3976/3976 3981/3981/3981 3979/3979/3979
f 4339/4339/4339 3984/3984/3984 3976/3976/3976
f 3983/3983/3983 3986/3986/3986 3984/3984/3984
f 4340/4340/4340 4339/4339/4339 4341/4341/4341
f 4279/4279/4279 4283/4283/4283 4281/4281/4281
f 4344/4344/4344 4275/4275/4275 4279/4279/4279
f 4273/4273/4273 4276/4276/4276 4275/4275/4275
f 4346/4346/4346 3992/3992/3992 4273/4273/4273
f 3990/3990/3990 3994/3994/3994 3992/3992/3992
f 4345/4345/4345 3997/3997/3997 3990/3990/3990
f 3995/3995/3995 3999/3999/3999 3997/3997/3997
f 4343/4343/4343 4345/4345/4345 4346/4346/4346
f 4354/4354/4354 5316/5316/5316 5315/5315/5315
f 4232/4232/4232 5317/5317/5317 5316/5316/5316
f 4297/4297/4297 4302/4302/4302 4299/4299/4299
f 4001/4001/4001 4006/4006/4006 4003/4003/4003
f 3964/3964/3964 3968/3968/3968 3965/3965/3965
f 4349/4349/4349 3973/3973/3973 3964/3964/3964
f 3970/3970/3970 3974/3974/3974 3973/3973/3973
f 4350/4350/4350 4244/4244/4244 3970/3970/3970
f 4242/4242/4242 4246/4246/4246 4244/4244/4244
f 4352/4352/4352 4239/4239/4239 4242/4242/4242
f 4237/4237/4237 4240/4240/4240 4239/4239/4239
f 4351/4351/4351 4352/4352/4352 4350/4350/4350
f 3907/3907/3907 3912/3912/3912 3908/3908/3908
f 4356/4356/4356 3915/3915/3915 3907/3907/3907
f 4358/4358/4358 3917/3917/3917 3915/3915/3915
f 3959/3959/3959 4230/4230/4230 4354/4354/4354
f 4359/4359/4359 5368/5368/5368 5367/5367/5367
f 3908/3908/3908 5355/5355/5355 5368/5368/5368
f 3767/3767/3767 3771/3771/3771 3769/3769/3769
f 4230/4230/4230 4234/4234/4234 4232/4232/4232
f 3651/3651/3651 5350/5350/5350 5369/5369/5369
f 4364/4364/4364 5370/5370/5370 5371/5371/5371
f 3458/3458/3458 5353/5353/5353 5370/5370/5370
f 3569/3569/3569 3572/3572/3572 3571/3571/3571
f 4360/4360/4360 3801/3801/3801 3569/3569/3569
f 3800/3800/3800 3804/3804/3804 3801/3801/3801
f 3961/3961/3961 3959/3959/3959 4355/4355/4355
f 3831/3831/3831 3836/3836/3836 3834/3834/3834
f 4363/4363/4363 3839/3839/3839 3831/3831/3831
f 3838/3838/3838 3841/3841/3841 3839/3839/3839
f 3456/3456/3456 3461/3461/3461 3458/3458/3458
f 4365/4365/4365 3466/3466/3466 3456/3456/3456
f 3463/3463/3463 3468/3468/3468 3466/3466/3466
f 3587/3587/3587 3592/3592/3592 3590/3590/3590
f 4368/4368/4368 3583/3583/3583 3587/3587/3587
f 3580/3580/3580 3586/3586/3586 3583/3583/3583
f 4370/4370/4370 4091/4091/4091 3580/3580/3580
f 4089/4089/4089 4094/4094/4094 4091/4091/4091
f 4369/4369/4369 4098/4098/4098 4089/4089/4089
f 4095/4095/4095 4100/4100/4100 4098/4098/4098
f 4367/4367/4367 4369/4369/4369 4370/4370/4370
f 3888/3888/3888 3892/3892/3892 3890/3890/3890
f 4374/4374/4374 3878/3878/3878 3888/3888/3888
f 3875/3875/3875 3879/3879/3879 3878/3878/3878
f 4372/4372/4372 3872/3872/3872 3875/3875/3875
f 3870/3870/3870 3874/3874/3874 3872/3872/3872
f 4371/4371/4371 3884/3884/3884 3870/3870/3870
f 3882/3882/3882 3885/3885/3885 3884/3884/3884
f 4373/4373/4373 4371/4371/4371 4372/4372/4372
f 3606/3606/3606 3611/3611/3611 3610/3610/3610
f 4376/4376/4376 4116/4116/4116 3606/3606/3606
f 4113/4113/4113 4117/4117/4117 4116/4116/4116
f 4375/4375/4375 5372/5372/5372 5373/5373/5373
f 3610/3610/3610 5346/5346/5346 5372/5372/5372
f 3649/3649/3649 3655/3655/3655 3651/3651/3651
f 3737/3737/3737 3742/3742/3742 3740/3740/3740
f 4366/4366/4366 3769/3769/3769 3737/3737/3737
f 4353/4353/4353 5369/5369/5369 5374/5374/5374
f 3781/3781/3781 3784/3784/3784 3782/3782/3782
f 4381/4381/4381 3776/3776/3776 3781/3781/3781
f 3774/3774/3774 3779/3779/3779 3776/3776/3776
f 4379/4379/4379 3745/3745/3745 3774/3774/3774
f 3744/3744/3744 3748/3748/3748 3745/3745/3745
f 4378/4378/4378 3751/3751/3751 3744/3744/3744
f 3750/3750/3750 3754/3754/3754 3751/3751/3751
f 4380/4380/4380 4378/4378/4378 4379/4379/4379
f 3813/3813/3813 3816/3816/3816 3815/3815/3815
f 4385/4385/4385 3808/3808/3808 3813/3813/3813
f 3805/3805/3805 3811/3811/3811 3808/3808/3808
f 4383/4383/4383 3558/3558/3558 3805/3805/3805
f 3556/3556/3556 3561/3561/3561 3558/3558/3558
f 4382/4382/4382 3564/3564/3564 3556/3556/3556
f 3562/3562/3562 3567/3567/3567 3564/3564/3564
f 4384/4384/4384 4382/4382/4382 4383/4383/4383
f 3659/3659/3659 3649/3649/3649 4353/4353/4353
f 3656/3656/3656 3661/3661/3661 3659/3659/3659
f 4083/4083/4083 4087/4087/4087 4086/4086/4086
f 4387/4387/4387 3576/3576/3576 4083/4083/4083
f 3575/3575/3575 3579/3579/3579 3576/3576/3576
f 3863/3863/3863 3867/3867/3867 3865/3865/3865
f 4392/4392/4392 3852/3852/3852 3863/3863/3863
f 3850/3850/3850 3854/3854/3854 3852/3852/3852
f 4390/4390/4390 3846/3846/3846 3850/3850/3850
f 3843/3843/3843 3849/3849/3849 3846/3846/3846
f 4389/4389/4389 3858/3858/3858 3843/3843/3843
f 3856/3856/3856 3861/3861/3861 3858/3858/3858
f 4391/4391/4391 4389/4389/4389 4390/4390/4390
f 3669/3669/3669 3672/3672/3672 3671/3671/3671
f 4399/4399/4399 3682/3682/3682 3669/3669/3669
f 3680/3680/3680 3685/3685/3685 3682/3682/3682
f 4401/4401/4401 3677/3677/3677 3680/3680/3680
f 3674/3674/3674 3678/3678/3678 3677/3677/3677
f 4402/4402/4402 3665/3665/3665 3674/3674/3674
f 3662/3662/3662 3666/3666/3666 3665/3665/3665
f 4400/4400/4400 4402/4402/4402 4401/4401/4401
f 3475/3475/3475 3480/3480/3480 3477/3477/3477
f 4403/4403/4403 3489/3489/3489 3475/3475/3475
f 3487/3487/3487 3492/3492/3492 3489/3489/3489
f 4405/4405/4405 3484/3484/3484 3487/3487/3487
f 3482/3482/3482 3485/3485/3485 3484/3484/3484
f 4406/4406/4406 3472/3472/3472 3482/3482/3482
f 3470/3470/3470 3474/3474/3474 3472/3472/3472
f 4404/4404/4404 4406/4406/4406 4405/4405/4405
f 4408/4408/4408 5534/5534/5534 5533/5533/5533
f 4142/4142/4142 5525/5525/5525 5534/5534/5534
f 4138/4138/4138 4143/4143/4143 4142/4142/4142
f 4407/4407/4407 3621/3621/3621 4138/4138/4138
f 3619/3619/3619 3624/3624/3624 3621/3621/3621
f 3694/3694/3694 3698/3698/3698 3696/3696/3696
f 2742/2742/2742 2981/2981/2981 3048/3048/3048
f 3688/3688/3688 3691/3691/3691 3690/3690/3690
f 3600/3600/3600 3604/3604/3604 3602/3602/3602
f 4412/4412/4412 3595/3595/3595 3600/3600/3600
f 3594/3594/3594 3599/3599/3599 3595/3595/3595
f 4414/4414/4414 4104/4104/4104 3594/3594/3594
f 4102/4102/4102 4105/4105/4105 4104/4104/4104
f 4413/4413/4413 4110/4110/4110 4102/4102/4102
f 4108/4108/4108 4112/4112/4112 4110/4110/4110
f 4411/4411/4411 4413/4413/4413 4414/4414/4414
f 3646/3646/3646 2721/2721/2721 4395/4395/4395
f 2735/2735/2735 3694/3694/3694 4410/4410/4410
f 3919/3919/3919 3924/3924/3924 3921/3921/3921
f 4415/4415/4415 3927/3927/3927 3919/3919/3919
f 3925/3925/3925 3930/3930/3930 3927/3927/3927
f 4417/4417/4417 3896/3896/3896 3925/3925/3925
f 3893/3893/3893 3898/3898/3898 3896/3896/3896
f 4418/4418/4418 3903/3903/3903 3893/3893/3893
f 3900/3900/3900 3904/3904/3904 3903/3903/3903
f 4416/4416/4416 4418/4418/4418 4417/4417/4417
f 4420/4420/4420 5536/5536/5536 5535/5535/5535
f 3709/3709/3709 5512/5512/5512 5536/5536/5536
f 3707/3707/3707 3710/3710/3710 3709/3709/3709
f 4419/4419/4419 3702/3702/3702 3707/3707/3707
f 3699/3699/3699 3705/3705/3705 3702/3702/3702
f 4421/4421/4421 5537/5537/5537 5538/5538/5538
f 3514/3514/3514 5502/5502/5502 5537/5537/5537
f 3513/3513/3513 3518/3518/3518 3514/3514/3514
f 4422/4422/4422 3508/3508/3508 3513/3513/3513
f 3507/3507/3507 3511/3511/3511 3508/3508/3508
f 2733/2733/2733 4397/4397/4397 4409/4409/4409
f 2869/2869/2869 2608/2608/2608 2605/2605/2605
f 3501/3501/3501 3504/3504/3504 3503/3503/3503
f 3494/3494/3494 3498/3498/3498 3497/3497/3497
f 3825/3825/3825 3829/3829/3829 3827/3827/3827
f 4426/4426/4426 3821/3821/3821 3825/3825/3825
f 3818/3818/3818 3823/3823/3823 3821/3821/3821
f 4428/4428/4428 3547/3547/3547 3818/3818/3818
f 3544/3544/3544 3548/3548/3548 3547/3547/3547
f 4427/4427/4427 3553/3553/3553 3544/3544/3544
f 3551/3551/3551 3554/3554/3554 3553/3553/3553
f 4425/4425/4425 4427/4427/4427 4428/4428/4428
f 4120/4120/4120 4124/4124/4124 4123/4123/4123
f 4429/4429/4429 4128/4128/4128 4120/4120/4120
f 4127/4127/4127 4130/4130/4130 4128/4128/4128
f 4431/4431/4431 3628/3628/3628 4127/4127/4127
f 3626/3626/3626 3629/3629/3629 3628/3628/3628
f 4432/4432/4432 3633/3633/3633 3626/3626/3626
f 3632/3632/3632 3636/3636/3636 3633/3633/3633
f 4430/4430/4430 4432/4432/4432 4431/4431/4431
f 3793/3793/3793 3798/3798/3798 3796/3796/3796
f 4434/4434/4434 3788/3788/3788 3793/3793/3793
f 3786/3786/3786 3791/3791/3791 3788/3788/3788
f 4436/4436/4436 3758/3758/3758 3786/3786/3786
f 3755/3755/3755 3760/3760/3760 3758/3758/3758
f 4435/4435/4435 3764/3764/3764 3755/3755/3755
f 3761/3761/3761 3766/3766/3766 3764/3764/3764
f 4433/4433/4433 4435/4435/4435 4436/4436/4436
f 4133/4133/4133 4136/4136/4136 4134/4134/4134
f 3643/3643/3643 3647/3647/3647 3646/3646/3646
f 4209/4209/4209 4213/4213/4213 4217/4217/4217
f 2671/2671/2671 1684/1684/1684 1613/1613/1613
f 1297/1297/1297 1850/1850/1850 1847/1847/1847
f 3284/3284/3284 3282/3282/3282 3431/3431/3431
f 3408/3408/3408 3286/3286/3286 3290/3290/3290
f 3410/3410/3410 3290/3290/3290 3284/3284/3284
f 3290/3290/3290 3287/3287/3287 3280/3280/3280
f 3060/3060/3060 3024/3024/3024 3029/3029/3029
f 3421/3421/3421 3297/3297/3297 3301/3301/3301
f 3412/3412/3412 3417/3417/3417 3295/3295/3295
f 3295/3295/3295 3301/3301/3301 3299/3299/3299
f 3417/3417/3417 3423/3423/3423 3301/3301/3301
f 3388/3388/3388 3393/3393/3393 3398/3398/3398
f 3220/3220/3220 3387/3387/3387 3391/3391/3391
f 3391/3391/3391 3398/3398/3398 3230/3230/3230
f 3222/3222/3222 3230/3230/3230 3228/3228/3228
f 3147/3147/3147 3152/3152/3152 3150/3150/3150
f 2916/2916/2916 2920/2920/2920 2924/2924/2924
f 2917/2917/2917 2924/2924/2924 3152/3152/3152
f 3035/3035/3035 3042/3042/3042 3041/3041/3041
f 3074/3074/3074 3072/3072/3072 3039/3039/3039
f 3063/3063/3063 3067/3067/3067 3035/3035/3035
f 3067/3067/3067 3074/3074/3074 3042/3042/3042
f 4024/4024/4024 4030/4030/4030 4029/4029/4029
f 4021/4021/4021 4029/4029/4029 2323/2323/2323
f 4036/4036/4036 4034/4034/4034 4044/4044/4044
f 4033/4033/4033 4036/4036/4036 4050/4050/4050
f 4062/4062/4062 4055/4055/4055 4054/4054/4054
f 4059/4059/4059 4052/4052/4052 4055/4055/4055
f 4057/4057/4057 4054/4054/4054 2985/2985/2985
f 2995/2995/2995 2985/2985/2985 2990/2990/2990
f 2992/2992/2992 2998/2998/2998 3109/3109/3109
f 3109/3109/3109 3101/3101/3101 3099/3099/3099
f 2990/2990/2990 2986/2986/2986 3096/3096/3096
f 2998/2998/2998 2990/2990/2990 3101/3101/3101
f 3104/3104/3104 3099/3099/3099 3174/3174/3174
f 3182/3182/3182 3174/3174/3174 3179/3179/3179
f 2947/2947/2947 3180/3180/3180 3185/3185/3185
f 3185/3185/3185 3179/3179/3179 2942/2942/2942
f 2949/2949/2949 2942/2942/2942 2940/2940/2940
f 3179/3179/3179 3177/3177/3177 2937/2937/2937
f 2945/2945/2945 2940/2940/2940 3249/3249/3249
f 2960/2960/2960 3194/3194/3194 3197/3197/3197
f 3197/3197/3197 3192/3192/3192 2955/2955/2955
f 2961/2961/2961 2955/2955/2955 2954/2954/2954
f 3192/3192/3192 3189/3189/3189 2951/2951/2951
f 3139/3139/3139 3130/3130/3130 3133/3133/3133
f 2909/2909/2909 3135/3135/3135 3140/3140/3140
f 3140/3140/3140 3133/3133/3133 2905/2905/2905
f 2912/2912/2912 2905/2905/2905 2903/2903/2903
f 3133/3133/3133 3132/3132/3132 2902/2902/2902
f 2908/2908/2908 2903/2903/2903 3205/3205/3205
f 3215/3215/3215 3205/3205/3205 3210/3210/3210
f 3208/3208/3208 3373/3373/3373 3378/3378/3378
f 3212/3212/3212 3216/3216/3216 3384/3384/3384
f 3287/3287/3287 3379/3379/3379 3375/3375/3375
f 3216/3216/3216 3210/3210/3210 3378/3378/3378
f 3379/3379/3379 3384/3384/3384 3378/3378/3378
f 2321/2321/2321 2318/2318/2318 4008/4008/4008
f 3062/3062/3062 3056/3056/3056 3054/3054/3054
f 3023/3023/3023 3021/3021/3021 3052/3052/3052
f 3029/3029/3029 3023/3023/3023 3056/3056/3056
f 3028/3028/3028 3018/3018/3018 3023/3023/3023
f 3058/3058/3058 3054/3054/3054 3130/3130/3130
f 4014/4014/4014 4011/4011/4011 3018/3018/3018
f 4019/4019/4019 4012/4012/4012 4011/4011/4011
f 4016/4016/4016 4008/4008/4008 4012/4012/4012
f 4074/4074/4074 4068/4068/4068 4066/4066/4066
f 4072/4072/4072 4063/4063/4063 4068/4068/4068
f 3002/3002/3002 3110/3110/3110 3115/3115/3115
f 3007/3007/3007 3011/3011/3011 3121/3121/3121
f 3121/3121/3121 3115/3115/3115 3112/3112/3112
f 3011/3011/3011 3004/3004/3004 3115/3115/3115
f 3447/3447/3447 3317/3317/3317 3321/3321/3321
f 3364/3364/3364 3274/3274/3274 3278/3278/3278
f 2529/2529/2529 2463/2463/2463 3274/3274/3274
f 2967/2967/2967 3200/3200/3200 3203/3203/3203
f 2188/2188/2188 2414/2414/2414 3200/3200/3200
f 4079/4079/4079 2799/2799/2799 2273/2273/2273
f 3126/3126/3126 3012/3012/3012 3017/3017/3017
f 2365/2365/2365 2224/2224/2224 3012/3012/3012
f 3321/3321/3321 3307/3307/3307 3429/3429/3429
f 3449/3449/3449 3429/3429/3429 3427/3427/3427
f 3307/3307/3307 3306/3306/3306 3425/3425/3425
f 2924/2924/2924 2921/2921/2921 3148/3148/3148
f 2614/2614/2614 3438/3438/3438 3312/3312/3312
f 3438/3438/3438 3441/3441/3441 3314/3314/3314
f 3242/3242/3242 3240/3240/3240 3330/3330/3330
f 3331/3331/3331 3238/3238/3238 3242/3242/3242
f 2801/2801/2801 4039/4039/4039 4042/4042/4042
f 2976/2976/2976 2974/2974/2974 3082/3082/3082
f 3085/3085/3085 2971/2971/2971 2976/2976/2976
f 3166/3166/3166 3165/3165/3165 2895/2895/2895
f 2896/2896/2896 3163/3163/3163 3166/3166/3166
f 5216/5216/5216 5156/5156/5156 2593/2593/2593
f 4555/4555/4555 4640/4640/4640 5020/5020/5020
f 4874/4874/4874 5375/5375/5375 5389/5389/5389
f 5214/5214/5214 2832/2832/2832 2581/2581/2581
f 4724/4724/4724 4707/4707/4707 4952/4952/4952
f 5121/5121/5121 4653/4653/4653 5010/5010/5010
f 4715/4715/4715 4739/4739/4739 4920/4920/4920
f 5205/5205/5205 2767/2767/2767 2294/2294/2294
f 4604/4604/4604 4889/4889/4889 4773/4773/4773
f 5181/5181/5181 5173/5173/5173 4490/4490/4490
f 4595/4595/4595 5059/5059/5059 4599/4599/4599
f 5187/5187/5187 5056/5056/5056 2307/2307/2307
f 4529/4529/4529 4494/4494/4494 5169/5169/5169
f 4444/4444/4444 4503/4503/4503 5155/5155/5155
f 4442/4442/4442 4485/4485/4485 5178/5178/5178
f 5185/5185/5185 2633/2633/2633 2832/2832/2832
f 4842/4842/4842 5106/5106/5106 4557/4557/4557
f 4548/4548/4548 4629/4629/4629 5027/5027/5027
f 5220/5220/5220 5089/5089/5089 4574/4574/4574
f 5171/5171/5171 5216/5216/5216 2849/2849/2849
f 5106/5106/5106 5057/5057/5057 4605/4605/4605
f 5084/5084/5084 5092/5092/5092 4568/4568/4568
f 4485/4485/4485 5029/5029/5029 4633/4633/4633
f 5170/5170/5170 2581/2581/2581 2481/2481/2481
f 4956/4956/4956 4947/4947/4947 4712/4712/4712
f 5168/5168/5168 5176/5176/5176 4483/4483/4483
f 4914/4914/4914 4922/4922/4922 4741/4741/4741
f 5156/5156/5156 5120/5120/5120 2494/2494/2494
f 4947/4947/4947 5377/5377/5377 5388/5388/5388
f 4980/4980/4980 4991/4991/4991 4667/4667/4667
f 5043/5043/5043 5380/5380/5380 5386/5386/5386
f 5144/5144/5144 5103/5103/5103 2444/2444/2444
f 4738/4738/4738 4714/4714/4714 4950/4950/4950
f 5081/5081/5081 5097/5097/5097 4565/4565/4565
f 4699/4699/4699 4715/4715/4715 4943/4943/4943
f 5141/5141/5141 2547/2547/2547 2432/2432/2432
f 5057/5057/5057 4593/4593/4593 5069/5069/5069
f 4889/4889/4889 4938/4938/4938 4726/4726/4726
f 4587/4587/4587 4619/4619/4619 5040/5040/5040
f 5134/5134/5134 2481/2481/2481 2547/2547/2547
f 4487/4487/4487 4444/4444/4444 5215/5215/5215
f 4982/4982/4982 4972/4972/4972 4687/4687/4687
f 4480/4480/4480 4452/4452/4452 5207/5207/5207
f 5120/5120/5120 5144/5144/5144 2559/2559/2559
f 5092/5092/5092 5218/5218/5218 4446/4446/4446
f 4785/4785/4785 4794/4794/4794 4870/4870/4870
f 5211/5211/5211 4648/4648/4648 5011/5011/5011
f 5117/5117/5117 2432/2432/2432 2178/2178/2178
f 5036/5036/5036 4487/4487/4487 5172/5172/5172
f 4881/4881/4881 4795/4795/4795 4864/4864/4864
f 5030/5030/5030 5024/5024/5024 4636/4636/4636
f 5103/5103/5103 5019/5019/5019 2194/2194/2194
f 4924/4924/4924 4915/4915/4915 4743/4743/4743
f 4655/4655/4655 5124/5124/5124 4535/4535/4535
f 4929/4929/4929 4914/4914/4914 4750/4750/4750
f 5095/5095/5095 5080/5080/5080 2347/2347/2347
f 4884/4884/4884 5382/5382/5382 5383/5383/5383
f 4788/4788/4788 4763/4763/4763 4895/4895/4895
f 5209/5209/5209 4833/4833/4833 4830/4830/4830
f 5094/5094/5094 2382/2382/2382 2333/2333/2333
f 4714/4714/4714 4697/4697/4697 4966/4966/4966
f 4628/4628/4628 4546/4546/4546 5118/5118/5118
f 4669/4669/4669 4689/4689/4689 4974/4974/4974
f 5080/5080/5080 5047/5047/5047 2255/2255/2255
f 4618/4618/4618 4586/4586/4586 5078/5078/5078
f 4648/4648/4648 5168/5168/5168 4491/4491/4491
f 4609/4609/4609 4577/4577/4577 5085/5085/5085
f 5077/5077/5077 2333/2333/2333 2242/2242/2242
f 4449/4449/4449 4477/4477/4477 5186/5186/5186
f 5173/5173/5173 5165/5165/5165 4498/4498/4498
f 5200/5200/5200 4480/4480/4480 5180/5180/5180
f 5070/5070/5070 2294/2294/2294 432/432/432
f 4645/4645/4645 5209/5209/5209 4454/4454/4454
f 4512/4512/4512 4538/4538/4538 5126/5126/5126
f 5021/5021/5021 5035/5035/5035 4623/4623/4623
f 5056/5056/5056 4774/4774/4774 854/854/854
f 4601/4601/4601 4469/4469/4469 5194/5194/5194
f 5099/5099/5099 5084/5084/5084 4575/4575/4575
f 4915/4915/4915 4931/4931/4931 4727/4727/4727
f 5047/5047/5047 5187/5187/5187 2780/2780/2780
f 4748/4748/4748 4738/4738/4738 4925/4925/4925
f 5151/5151/5151 5157/5157/5157 4506/4506/4506
f 4835/4835/4835 5211/5211/5211 4448/4448/4448
f 5045/5045/5045 2242/2242/2242 2767/2767/2767
f 5024/5024/5024 5016/5016/5016 4644/4644/4644
f 4969/4969/4969 4977/4977/4977 4684/4684/4684
f 4692/4692/4692 4671/4671/4671 4987/4987/4987
f 5038/5038/5038 2178/2178/2178 2382/2382/2382
f 4991/4991/4991 4898/4898/4898 4766/4766/4766
f 5065/5065/5065 5160/5160/5160 4499/4499/4499
f 4580/4580/4580 4612/4612/4612 5048/5048/5048
f 5019/5019/5019 5095/5095/5095 2395/2395/2395
f 4827/4827/4827 4663/4663/4663 4996/4996/4996
f 4794/4794/4794 4884/4884/4884 4775/4775/4775
f 4477/4477/4477 5204/5204/5204 4457/4457/4457
f 5017/5017/5017 2115/2115/2115 88/88/88
f 4682/4682/4682 5552/5552/5552 5558/5558/5558
f 4972/4972/4972 4963/4963/4963 4696/4696/4696
f 4572/4572/4572 4587/4587/4587 5071/5071/5071
f 5003/5003/5003 4536/4536/4536 76/76/76
f 4471/4471/4471 4604/4604/4604 5055/5055/5055
f 4762/4762/4762 4785/4785/4785 4877/4877/4877
f 5192/5192/5192 5199/5199/5199 4466/4466/4466
f 5001/5001/5001 2010/2010/2010 1916/1916/1916
f 4739/4739/4739 4745/4745/4745 4917/4917/4917
f 4801/4801/4801 4874/4874/4874 4789/4789/4789
f 5014/5014/5014 5021/5021/5021 4641/4641/4641
f 4988/4988/4988 4823/4823/4823 1192/1192/1192
f 4462/4462/4462 4595/4595/4595 5064/5064/5064
f 5165/5165/5165 4645/4645/4645 5018/5018/5018
f 4899/4899/4899 4990/4990/4990 4674/4674/4674
f 4986/4986/4986 1916/1916/1916 5446/5446/5446
f 4653/4653/4653 5114/5114/5114 4550/4550/4550
f 4769/4769/4769 4777/4777/4777 4886/4886/4886
f 4662/4662/4662 4826/4826/4826 4837/4837/4837
f 4967/4967/4967 4988/4988/4988 2066/2066/2066
f 5016/5016/5016 5007/5007/5007 4651/4651/4651
f 4539/4539/4539 4514/4514/4514 5143/5143/5143
f 4818/4818/4818 5554/5554/5554 5556/5556/5556
f 4965/4965/4965 1824/1824/1824 1741/1741/1741
f 4898/4898/4898 4905/4905/4905 4757/4757/4757
f 4562/4562/4562 4637/4637/4637 5026/5026/5026
f 4586/4586/4586 4569/4569/4569 5093/5093/5093
f 4949/4949/4949 1741/1741/1741 1681/1681/1681
f 4689/4689/4689 5547/5547/5547 5561/5561/5561
f 5160/5160/5160 5145/5145/5145 4518/4518/4518
f 5203/5203/5203 5189/5189/5189 4474/4474/4474
f 4936/4936/4936 4951/4951/4951 1875/1875/1875
f 4833/4833/4833 4669/4669/4669 4994/4994/4994
f 4531/4531/4531 4524/4524/4524 5135/5135/5135
f 4577/4577/4577 4562/4562/4562 5101/5101/5101
f 4927/4927/4927 4936/4936/4936 1792/1792/1792
f 4593/4593/4593 4459/4459/4459 5206/5206/5206
f 5157/5157/5157 5068/5068/5068 4592/4592/4592
f 5183/5183/5183 5192/5192/5192 4468/4468/4468
f 4902/4902/4902 1490/1490/1490 1573/1573/1573
f 5116/5116/5116 4655/4655/4655 5004/5004/5004
f 5139/5139/5139 5152/5152/5152 4510/4510/4510
f 5006/5006/5006 5014/5014/5014 4649/4649/4649
f 4888/4888/4888 4911/4911/4911 1609/1609/1609
f 4452/4452/4452 4496/4496/4496 5163/5163/5163
f 4961/4961/4961 4969/4969/4969 4694/4694/4694
f 4908/4908/4908 4899/4899/4899 4760/4760/4760
f 4880/4880/4880 4888/4888/4888 1525/1525/1525
f 4730/4730/4730 4754/4754/4754 4909/4909/4909
f 4809/4809/4809 4705/4705/4705 4957/4957/4957
f 4811/4811/4811 5549/5549/5549 5559/5559/5559
f 4878/4878/4878 1406/1406/1406 1490/1490/1490
f 5007/5007/5007 4999/4999/4999 4659/4659/4659
f 4875/4875/4875 4804/4804/4804 4855/4855/4855
f 4671/4671/4671 4835/4835/4835 4824/4824/4824
f 4869/4869/4869 1363/1363/1363 1406/1406/1406
f 4905/4905/4905 4929/4929/4929 4734/4734/4734
f 4963/4963/4963 4956/4956/4956 4704/4704/4704
f 4563/4563/4563 4580/4580/4580 5079/5079/5079
f 4856/4856/4856 4880/4880/4880 1442/1442/1442
f 4777/4777/4777 4801/4801/4801 4862/4862/4862
f 4779/4779/4779 4771/4771/4771 4887/4887/4887
f 5189/5189/5189 5181/5181/5181 4482/4482/4482
f 4847/4847/4847 5560/5560/5560 5411/5411/5411
f 4663/4663/4663 4682/4682/4682 4975/4975/4975
f 4860/4860/4860 5220/5220/5220 4440/4440/4440
f 4637/4637/4637 4553/4553/4553 5109/5109/5109
f 4838/4838/4838 1150/1150/1150 2010/2010/2010
f 4494/4494/4494 4449/4449/4449 5213/5213/5213
f 4640/4640/4640 4563/4563/4563 5096/5096/5096
f 5176/5176/5176 5183/5183/5183 4475/4475/4475
f 4823/4823/4823 4447/4447/4447 179/179/179
f 4755/4755/4755 4732/4732/4732 4928/4928/4928
f 4745/4745/4745 4769/4769/4769 4894/4894/4894
f 4997/4997/4997 5006/5006/5006 4658/4658/4658
f 4776/4776/4776 5384/5384/5384 5289/5289/5289
f 4501/4501/4501 4442/4442/4442 5222/5222/5222
f 4522/4522/4522 4529/4529/4529 5133/5133/5133
f 4931/4931/4931 4908/4908/4908 4751/4751/4751
f 4711/4711/4711 5387/5387/5387 5237/5237/5237
f 5089/5089/5089 5081/5081/5081 4582/4582/4582
f 4629/4629/4629 4572/4572/4572 5087/5087/5087
f 4804/4804/4804 4779/4779/4779 4879/4879/4879
f 4821/4821/4821 1086/1086/1086 978/978/978
f 4990/4990/4990 4983/4983/4983 4675/4675/4675
f 5146/5146/5146 5138/5138/5138 4525/4525/4525
f 4679/4679/4679 4662/4662/4662 5002/5002/5002
f 4807/4807/4807 4792/4792/4792 649/649/649
f 4940/4940/4940 4892/4892/4892 4767/4767/4767
f 4524/4524/4524 4548/4548/4548 5111/5111/5111
f 5198/5198/5198 5201/5201/5201 4478/4478/4478
f 4792/4792/4792 4614/4614/4614 466/466/466
f 4795/4795/4795 4788/4788/4788 4871/4871/4871
f 4707/4707/4707 4811/4811/4811 4848/4848/4848
f 5184/5184/5184 5182/5182/5182 5190/5190/5190
f 4806/4806/4806 978/978/978 13/13/13
f 5191/5191/5191 5190/5190/5190 5202/5202/5202
f 5131/5131/5131 5139/5139/5139 4519/4519/4519
f 5167/5167/5167 5166/5166/5166 5174/5174/5174
f 4783/4783/4783 4856/4856/4856 1323/1323/1323
f 5175/5175/5175 5174/5174/5174 5182/5182/5182
f 4953/4953/4953 4961/4961/4961 4701/4701/4701
f 5140/5140/5140 5137/5137/5137 5148/5148/5148
f 4776/4776/4776 923/923/923 1363/1363/1363
f 5150/5150/5150 5147/5147/5147 5159/5159/5159
f 4697/4697/4697 4818/4818/4818 4846/4846/4846
f 5123/5123/5123 5122/5122/5122 5130/5130/5130
f 4774/4774/4774 4725/4725/4725 494/494/494
f 5132/5132/5132 5130/5130/5130 5137/5137/5137
f 5218/5218/5218 4857/4857/4857 4805/4805/4805
f 5107/5107/5107 5105/5105/5105 4841/4841/4841
f 4752/4752/4752 736/736/736 675/675/675
f 5113/5113/5113 5115/5115/5115 4825/4825/4825
f 4850/4850/4850 4940/4940/4940 4720/4720/4720
f 5212/5212/5212 5210/5210/5210 4646/4646/4646
f 4759/4759/4759 733/733/733 736/736/736
f 5090/5090/5090 5219/5219/5219 5217/5217/5217
f 4771/4771/4771 4748/4748/4748 4912/4912/4912
f 5113/5113/5113 4654/4654/4654 4656/4656/4656
f 4673/4673/4673 529/529/529 733/733/733
f 4737/4737/4737 4747/4747/4747 4746/4746/4746
f 5052/5052/5052 4865/4865/4865 4797/4797/4797
f 5082/5082/5082 5090/5090/5090 5091/5091/5091
f 4728/4728/4728 675/675/675 691/691/691
f 4753/4753/4753 4729/4729/4729 4731/4731/4731
f 4569/4569/4569 4628/4628/4628 5037/5037/5037
f 5159/5159/5159 5066/5066/5066 5067/5067/5067
f 4744/4744/4744 691/691/691 694/694/694
f 5098/5098/5098 5082/5082/5082 5083/5083/5083
f 4763/4763/4763 4755/4755/4755 4904/4904/4904
f 4817/4817/4817 4698/4698/4698 4700/4700/4700
f 4711/4711/4711 552/552/552 527/527/527
f 4706/4706/4706 4810/4810/4810 4812/4812/4812
f 4546/4546/4546 4522/4522/4522 5142/5142/5142
f 5074/5074/5074 5098/5098/5098 5100/5100/5100
f 4621/4621/4621 4666/4666/4666 538/538/538
f 5066/5066/5066 5074/5074/5074 5075/5075/5075
f 4619/4619/4619 4462/4462/4462 5195/5195/5195
f 5031/5031/5031 4486/4486/4486 4488/4488/4488
f 4736/4736/4736 694/694/694 466/466/466
f 5060/5060/5060 5058/5058/5058 5105/5105/5105
f 5138/5138/5138 5129/5129/5129 4533/4533/4533
f 5015/5015/5015 5023/5023/5023 5022/5022/5022
f 4725/4725/4725 4807/4807/4807 1098/1098/1098
f 5023/5023/5023 5032/5032/5032 5034/5034/5034
f 4553/4553/4553 4512/4512/4512 5154/5154/5154
f 5000/5000/5000 5008/5008/5008 5005/5005/5005
f 4710/4710/4710 4702/4702/4702 573/573/573
f 5008/5008/5008 5015/5015/5015 5013/5013/5013
f 4820/4820/4820 4699/4699/4699 4960/4960/4960
f 4971/4971/4971 4984/4984/4984 4978/4978/4978
f 4702/4702/4702 4693/4693/4693 571/571/571
f 4981/4981/4981 4989/4989/4989 4992/4992/4992
f 5124/5124/5124 5131/5131/5131 4528/4528/4528
f 4955/4955/4955 4964/4964/4964 4962/4962/4962
f 4693/4693/4693 4683/4683/4683 566/566/566
f 4964/4964/4964 4971/4971/4971 4970/4970/4970
f 4938/4938/4938 4852/4852/4852 4808/4808/4808
f 4921/4921/4921 4923/4923/4923 5050/5050/5050
f 4686/4686/4686 4668/4668/4668 568/568/568
f 4939/4939/4939 4849/4849/4849 4851/4851/4851
f 5073/5073/5073 5065/5065/5065 4597/4597/4597
f 4946/4946/4946 4948/4948/4948 4955/4955/4955
f 4666/4666/4666 4657/4657/4657 544/544/544
f 5044/5044/5044 5000/5000/5000 4998/4998/4998
f 4867/4867/4867 5049/5049/5049 4613/4613/4613
f 4930/4930/4930 4932/4932/4932 4916/4916/4916
f 4657/4657/4657 4650/4650/4650 545/545/545
f 4913/4913/4913 4916/4916/4916 4923/4923/4923
f 4922/4922/4922 5052/5052/5052 4607/4607/4607
f 4897/4897/4897 4900/4900/4900 4907/4907/4907
f 4650/4650/4650 4642/4642/4642 548/548/548
f 4992/4992/4992 4989/4989/4989 4900/4900/4900
f 4754/4754/4754 4762/4762/4762 4901/4901/4901
f 4891/4891/4891 4939/4939/4939 4937/4937/4937
f 4642/4642/4642 4624/4624/4624 540/540/540
f 4906/4906/4906 4907/4907/4907 4932/4932/4932
f 4865/4865/4865 4850/4850/4850 4814/4814/4814
f 4873/4873/4873 4802/4802/4802 4803/4803/4803
f 4625/4625/4625 5171/5171/5171 2649/2649/2649
f 4882/4882/4882 4883/4883/4883 4793/4793/4793
f 4459/4459/4459 4618/4618/4618 5046/5046/5046
f 4866/4866/4866 5051/5051/5051 5050/5050/5050
f 4606/4606/4606 432/432/432 43/43/43
f 4859/4859/4859 4858/4858/4858 5217/5217/5217
f 4721/4721/4721 4730/4730/4730 4933/4933/4933
f 4844/4844/4844 4841/4841/4841 4858/4858/4858
f 4584/4584/4584 4559/4559/4559 231/231/231
f 4849/4849/4849 4866/4866/4866 4868/4868/4868
f 4514/4514/4514 4555/4555/4555 5104/5104/5104
f 4882/4882/4882 5379/5379/5379 5381/5381/5381
f 4591/4591/4591 4584/4584/4584 293/293/293
f 4946/4946/4946 5376/5376/5376 5378/5378/5378
f 4469/4469/4469 4609/4609/4609 5054/5054/5054
f 4828/4828/4828 4825/4825/4825 4661/4661/4661
f 4840/4840/4840 4959/4959/4959 1813/1813/1813
f 4834/4834/4834 5210/5210/5210 5212/5212/5212
f 5129/5129/5129 5121/5121/5121 4542/4542/4542
f 4802/4802/4802 4778/4778/4778 4780/4780/4780
f 4951/4951/4951 4847/4847/4847 1241/1241/1241
f 4810/4810/4810 5548/5548/5548 5550/5550/5550
f 4538/4538/4538 4501/4501/4501 5162/5162/5162
f 4787/4787/4787 4786/4786/4786 4761/4761/4761
f 4505/4505/4505 4591/4591/4591 292/292/292
f 4796/4796/4796 4793/4793/4793 4786/4786/4786
f 5068/5068/5068 5076/5076/5076 4583/4583/4583
f 4770/4770/4770 4746/4746/4746 4747/4747/4747
f 4559/4559/4559 4576/4576/4576 247/247/247
f 4778/4778/4778 4770/4770/4770 4772/4772/4772
f 5114/5114/5114 4827/4827/4827 4831/4831/4831
f 4729/4729/4729 4722/4722/4722 4723/4723/4723
f 4576/4576/4576 4567/4567/4567 248/248/248
f 4764/4764/4764 4761/4761/4761 4753/4753/4753
f 5049/5049/5049 4924/4924/4924 4735/4735/4735
f 4716/4716/4716 4713/4713/4713 4737/4737/4737
f 4903/4903/4903 4927/4927/4927 1656/1656/1656
f 4722/4722/4722 4706/4706/4706 4708/4708/4708
f 5097/5097/5097 5073/5073/5073 4590/4590/4590
f 4690/4690/4690 4670/4670/4670 4672/4672/4672
f 4544/4544/4544 5003/5003/5003 2104/2104/2104
f 4700/4700/4700 4698/4698/4698 4713/4713/4713
f 4852/4852/4852 4867/4867/4867 4791/4791/4791
f 4670/4670/4670 4834/4834/4834 4836/4836/4836
f 4919/4919/4919 4918/4918/4918 1598/1598/1598
f 4681/4681/4681 4680/4680/4680 5553/5553/5553
f 4999/4999/4999 5043/5043/5043 4616/4616/4616
f 4654/4654/4654 5122/5122/5122 5123/5123/5123
f 4453/4453/4453 177/177/177 2115/2115/2115
f 4664/4664/4664 4661/4661/4661 4680/4680/4680
f 4732/4732/4732 4724/4724/4724 4935/4935/4935
f 4638/4638/4638 4561/4561/4561 4564/4564/4564
f 4567/4567/4567 4445/4445/4445 13/13/13
f 4647/4647/4647 4646/4646/4646 5166/5166/5166
f 4843/4843/4843 4860/4860/4860 4800/4800/4800
f 4620/4620/4620 4617/4617/4617 4460/4460/4460
f 4558/4558/4558 43/43/43 1086/1086/1086
f 4630/4630/4630 4627/4627/4627 4570/4570/4570
f 4612/4612/4612 4471/4471/4471 5188/5188/5188
f 4602/4602/4602 4891/4891/4891 4890/4890/4890
f 4544/4544/4544 102/102/102 1150/1150/1150
f 4610/4610/4610 4470/4470/4470 4472/4472/4472
f 4705/4705/4705 4721/4721/4721 4941/4941/4941
f 4588/4588/4588 4585/4585/4585 4617/4617/4617
f 4541/4541/4541 126/126/126 123/123/123
f 4596/4596/4596 4594/4594/4594 5058/5058/5058
f 4503/4503/4503 4539/4539/4539 5119/5119/5119
f 4571/4571/4571 4570/4570/4570 4585/4585/4585
f 4534/4534/4534 123/123/123 121/121/121
f 4578/4578/4578 4610/4610/4610 4611/4611/4611
f 4892/4892/4892 4601/4601/4601 5061/5061/5061
f 4554/4554/4554 4638/4638/4638 4639/4639/4639
f 4526/4526/4526 121/121/121 115/115/115
f 4561/4561/4561 4578/4578/4578 4579/4579/4579
f 4826/4826/4826 5116/5116/5116 4543/4543/4543
f 4537/4537/4537 4511/4511/4511 4513/4513/4513
f 4516/4516/4516 116/116/116 120/120/120
f 4547/4547/4547 4545/4545/4545 4627/4627/4627
f 4496/4496/4496 4531/4531/4531 5128/5128/5128
f 4523/4523/4523 4521/4521/4521 4545/4545/4545
f 4497/4497/4497 88/88/88 93/93/93
f 4532/4532/4532 4530/4530/4530 4521/4521/4521
f 5076/5076/5076 5099/5099/5099 4560/4560/4560
f 4502/4502/4502 4537/4537/4537 4540/4540/4540
f 4489/4489/4489 93/93/93 94/94/94
f 4511/4511/4511 4554/4554/4554 4556/4556/4556
f 5108/5108/5108 4843/4843/4843 4815/4815/4815
f 4486/4486/4486 4441/4441/4441 4443/4443/4443
f 4481/4481/4481 94/94/94 97/97/97
f 4495/4495/4495 4493/4493/4493 4530/4530/4530
f 5042/5042/5042 4997/4997/4997 4665/4665/4665
f 4470/4470/4470 4602/4602/4602 4603/4603/4603
f 4473/4473/4473 97/97/97 90/90/90
f 4479/4479/4479 4478/4478/4478 4450/4450/4450
f 5059/5059/5059 5108/5108/5108 4552/4552/4552
f 4451/4451/4451 4450/4450/4450 4493/4493/4493
f 4456/4456/4456 89/89/89 2633/2633/2633
f 4461/4461/4461 4460/4460/4460 4594/4594/4594
f 4857/4857/4857 4842/4842/4842 4822/4822/4822
f 4441/4441/4441 4502/4502/4502 4504/4504/4504
f 4945/4945/4945 4953/4953/4953 4709/4709/4709
f 697/697/697 770/770/770 464/464/464
f 5376/5376/5376 4873/4873/4873 4876/4876/4876
f 5387/5387/5387 4783/4783/4783 886/886/886
f 5384/5384/5384 4621/4621/4621 625/625/625
f 5382/5382/5382 5042/5042/5042 4622/4622/4622
f 5380/5380/5380 4881/4881/4881 4781/4781/4781
f 5377/5377/5377 4875/4875/4875 4784/4784/4784
f 5375/5375/5375 4945/4945/4945 4718/4718/4718
f 5369/5369/5369 4366/4366/4366 4377/4377/4377
f 5346/5346/5346 3575/3575/3575 4387/4387/4387
f 5372/5372/5372 4387/4387/4387 4388/4388/4388
f 5353/5353/5353 3800/3800/3800 4360/4360/4360
f 5370/5370/5370 4360/4360/4360 4361/4361/4361
f 5350/5350/5350 3767/3767/3767 4366/4366/4366
f 5355/5355/5355 3838/3838/3838 4363/4363/4363
f 5368/5368/5368 4363/4363/4363 4362/4362/4362
f 5317/5317/5317 4297/4297/4297 4347/4347/4347
f 5316/5316/5316 4347/4347/4347 4348/4348/4348
f 5365/5365/5365 5358/5358/5358 4085/4085/4085
f 5364/5364/5364 4008/4008/4008 2318/2318/2318
f 5242/5242/5242 2662/2662/2662 4298/4298/4298
f 5728/5728/5728 5725/5725/5725 2694/2694/2694
f 5315/5315/5315 5319/5319/5319 3958/3958/3958
f 5323/5323/5323 4227/4227/4227 2661/2661/2661
f 5248/5248/5248 2803/2803/2803 2230/2230/2230
f 5354/5354/5354 3909/3909/3909 3311/3311/3311
f 5391/5391/5391 3833/3833/3833 3374/3374/3374
f 5320/5320/5320 4004/4004/4004 3430/3430/3430
f 5349/5349/5349 3739/3739/3739 3051/3051/3051
f 5352/5352/5352 3459/3459/3459 3237/3237/3237
f 5367/5367/5367 5392/5392/5392 4358/4358/4358
f 5371/5371/5371 5344/5344/5344 3463/3463/3463
f 5374/5374/5374 5348/5348/5348 3656/3656/3656
f 5373/5373/5373 5359/5359/5359 4113/4113/4113
f 5252/5252/5252 2690/2690/2690 889/889/889
f 5322/5322/5322 5338/5338/5338 3309/3309/3309
f 5254/5254/5254 2616/2616/2616 2818/2818/2818
f 5258/5258/5258 2535/2535/2535 2516/2516/2516
f 5345/5345/5345 3570/3570/3570 2901/2901/2901
f 5340/5340/5340 5337/5337/5337 3238/3238/3238
f 5351/5351/5351 3653/3653/3653 3162/3162/3162
f 5259/5259/5259 2516/2516/2516 2616/2616/2616
f 5263/5263/5263 2469/2469/2469 2535/2535/2535
f 5264/5264/5264 2420/2420/2420 2207/2207/2207
f 5332/5332/5332 5330/5330/5330 2971/2971/2971
f 5265/5265/5265 2371/2371/2371 2420/2420/2420
f 5347/5347/5347 3609/3609/3609 2972/2972/2972
f 5266/5266/5266 2279/2279/2279 2803/2803/2803
f 5331/5331/5331 5326/5326/5326 855/855/855
f 5267/5267/5267 2230/2230/2230 2371/2371/2371
f 5268/5268/5268 2207/2207/2207 2469/2469/2469
f 5328/5328/5328 5334/5334/5334 3163/3163/3163
f 5235/5235/5235 1126/1126/1126 1001/1001/1001
f 5273/5273/5273 859/859/859 873/873/873
f 5299/5299/5299 5271/5271/5271 874/874/874
f 5305/5305/5305 5323/5323/5323 2687/2687/2687
f 5275/5275/5275 843/843/843 684/684/684
f 5276/5276/5276 842/842/842 748/748/748
f 5302/5302/5302 839/839/839 841/841/841
f 5361/5361/5361 713/713/713 839/839/839
f 5277/5277/5277 748/748/748 747/747/747
f 5278/5278/5278 747/747/747 843/843/843
f 5295/5295/5295 512/512/512 627/627/627
f 5256/5256/5256 697/697/697 1123/1123/1123
f 5285/5285/5285 591/591/591 553/553/553
f 5296/5296/5296 482/482/482 511/511/511
f 5298/5298/5298 468/468/468 481/481/481
f 5287/5287/5287 628/628/628 4615/4615/4615
f 5288/5288/5288 626/626/626 604/604/604
f 5291/5291/5291 646/646/646 643/643/643
f 5234/5234/5234 1124/1124/1124 1125/1125/1125
f 5250/5250/5250 700/700/700 705/705/705
f 5283/5283/5283 679/679/679 699/699/699
f 5282/5282/5282 681/681/681 842/842/842
f 5292/5292/5292 644/644/644 682/682/682
f 5357/5357/5357 710/710/710 704/704/704
f 5301/5301/5301 841/841/841 712/712/712
f 5343/5343/5343 707/707/707 714/714/714
f 5284/5284/5284 5279/5279/5279 683/683/683
f 5310/5310/5310 5290/5290/5290 604/604/604
f 5291/5291/5291 5304/5304/5304 641/641/641
f 5314/5314/5314 5305/5305/5305 642/642/642
f 5231/5231/5231 1133/1133/1133 1016/1016/1016
f 5300/5300/5300 5247/5247/5247 890/890/890
f 5366/5366/5366 937/937/937 894/894/894
f 5303/5303/5303 938/938/938 937/937/937
f 5356/5356/5356 907/907/907 912/912/912
f 5342/5342/5342 905/905/905 902/902/902
f 5255/5255/5255 898/898/898 903/903/903
f 5257/5257/5257 899/899/899 887/887/887
f 5240/5240/5240 888/888/888 938/938/938
f 5249/5249/5249 894/894/894 900/900/900
f 5260/5260/5260 900/900/900 899/899/899
f 5229/5229/5229 1132/1132/1132 1134/1134/1134
f 5239/5239/5239 887/887/887 1081/1081/1081
f 5285/5285/5285 926/926/926 881/881/881
f 5274/5274/5274 943/943/943 2279/2279/2279
f 5311/5311/5311 881/881/881 888/888/888
f 5309/5309/5309 878/878/878 882/882/882
f 5298/5298/5298 913/913/913 884/884/884
f 5326/5326/5326 945/945/945 1131/1131/1131
f 5313/5313/5313 883/883/883 876/876/876
f 5307/5307/5307 877/877/877 4790/4790/4790
f 5304/5304/5304 875/875/875 879/879/879
f 5241/5241/5241 889/889/889 880/880/880
f 5269/5269/5269 1108/1108/1108 891/891/891
f 5270/5270/5270 1081/1081/1081 1108/1108/1108
f 5228/5228/5228 1056/1056/1056 1006/1006/1006
f 5223/5223/5223 1075/1075/1075 1022/1022/1022
f 5551/5551/5551 5553/5553/5553 4817/4817/4817
f 5548/5548/5548 4690/4690/4690 4691/4691/4691
f 5560/5560/5560 4967/4967/4967 1967/1967/1967
f 5549/5549/5549 4692/4692/4692 4968/4968/4968
f 5547/5547/5547 4809/4809/4809 4854/4854/4854
f 5554/5554/5554 4679/4679/4679 4985/4985/4985
f 5555/5555/5555 5446/5446/5446 1271/1271/1271
f 5552/5552/5552 4820/4820/4820 4839/4839/4839
f 5502/5502/5502 2718/2718/2718 4394/4394/4394
f 5537/5537/5537 4394/4394/4394 4393/4393/4393
f 5512/5512/5512 2735/2735/2735 4398/4398/4398
f 5536/5536/5536 4398/4398/4398 4397/4397/4397
f 5525/5525/5525 2813/2813/2813 4396/4396/4396
f 5534/5534/5534 4396/4396/4396 4395/4395/4395
f 5523/5523/5523 2763/2763/2763 3100/3100/3100
f 5532/5532/5532 3100/3100/3100 2742/2742/2742
f 5494/5494/5494 2742/2742/2742 2741/2741/2741
f 5495/5495/5495 2741/2741/2741 3092/3092/3092
f 5499/5499/5499 3092/3092/3092 2880/2880/2880
f 5528/5528/5528 2889/2889/2889 2692/2692/2692
f 5530/5530/5530 5529/5529/5529 4178/4178/4178
f 5524/5524/5524 4140/4140/4140 4065/4065/4065
f 5527/5527/5527 4063/4063/4063 2289/2289/2289
f 5535/5535/5535 4397/4397/4397 2733/2733/2733
f 5533/5533/5533 4395/4395/4395 2721/2721/2721
f 5538/5538/5538 4393/4393/4393 2715/2715/2715
f 5522/5522/5522 3933/3933/3933 3347/3347/3347
f 5516/5516/5516 2473/2473/2473 2538/2538/2538
f 5518/5518/5518 2716/2716/2716 2472/2472/2472
f 5514/5514/5514 2734/2734/2734 2423/2423/2423
f 5513/5513/5513 3708/3708/3708 3111/3111/3111
f 5511/5511/5511 2722/2722/2722 2234/2234/2234
f 5509/5509/5509 2233/2233/2233 2375/2375/2375
f 5504/5504/5504 2424/2424/2424 2213/2213/2213
f 5503/5503/5503 3515/3515/3515 2952/2952/2952
f 5497/5497/5497 2862/2862/2862 2605/2605/2605
f 5496/5496/5496 2792/2792/2792 2320/2320/2320
f 5732/5732/5732 5744/5744/5744 5245/5245/5245
f 5491/5491/5491 2692/2692/2692 1258/1258/1258
f 5490/5490/5490 2605/2605/2605 2505/2505/2505
f 5489/5489/5489 2571/2571/2571 2456/2456/2456
f 5488/5488/5488 2505/2505/2505 2571/2571/2571
f 5487/5487/5487 2456/2456/2456 2211/2211/2211
f 5486/5486/5486 2407/2407/2407 2358/2358/2358
f 5485/5485/5485 2358/2358/2358 2266/2266/2266
f 5483/5483/5483 2320/2320/2320 1254/1254/1254
f 5482/5482/5482 2266/2266/2266 2792/2792/2792
f 5481/5481/5481 2211/2211/2211 2407/2407/2407
f 5395/5395/5395 1030/1030/1030 990/990/990
f 5479/5479/5479 5480/5480/5480 1306/1306/1306
f 5480/5480/5480 5450/5450/5450 1277/1277/1277
f 5477/5477/5477 1304/1304/1304 1276/1276/1276
f 5426/5426/5426 1257/1257/1257 1303/1303/1303
f 5425/5425/5425 1255/1255/1255 2281/2281/2281
f 5544/5544/5544 330/330/330 320/320/320
f 5473/5473/5473 5454/5454/5454 1280/1280/1280
f 5474/5474/5474 5473/5473/5473 1299/1299/1299
f 5471/5471/5471 1297/1297/1297 1293/1293/1293
f 5461/5461/5461 1288/1288/1288 1292/1292/1292
f 5464/5464/5464 1290/1290/1290 1284/1284/1284
f 5419/5419/5419 1250/1250/1250 1245/1245/1245
f 5459/5459/5459 5447/5447/5447 1273/1273/1273
f 5448/5448/5448 5474/5474/5474 1300/1300/1300
f 5454/5454/5454 5460/5460/5460 1286/1286/1286
f 5460/5460/5460 5459/5459/5459 1285/1285/1285
f 5453/5453/5453 1279/1279/1279 1269/1269/1269
f 5447/5447/5447 5479/5479/5479 1305/1305/1305
f 5412/5412/5412 5439/5439/5439 1265/1265/1265
f 5407/5407/5407 1237/1237/1237 1264/1264/1264
f 5449/5449/5449 1275/1275/1275 2666/2666/2666
f 5448/5448/5448 1274/1274/1274 1265/1265/1265
f 5437/5437/5437 5441/5441/5441 1267/1267/1267
f 5433/5433/5433 1259/1259/1259 1236/1236/1236
f 5432/5432/5432 1258/1258/1258 1268/1268/1268
f 5399/5399/5399 5442/5442/5442 1268/1268/1268
f 5444/5444/5444 1270/1270/1270 1255/1255/1255
f 5434/5434/5434 1260/1260/1260 1266/1266/1266
f 5435/5435/5435 5557/5557/5557 4840/4840/4840
f 5436/5436/5436 1262/1262/1262 1259/1259/1259
f 5449/5449/5449 5438/5438/5438 1264/1264/1264
f 5452/5452/5452 1923/1923/1923 1899/1899/1899
f 5414/5414/5414 5394/5394/5394 1896/1896/1896
f 5469/5469/5469 1941/1941/1941 1937/1937/1937
f 5472/5472/5472 1942/1942/1942 1947/1947/1947
f 5463/5463/5463 1934/1934/1934 1938/1938/1938
f 5418/5418/5418 1974/1974/1974 1962/1962/1962
f 5417/5417/5417 5421/5421/5421 1986/1986/1986
f 5455/5455/5455 1926/1926/1926 1972/1972/1972
f 5462/5462/5462 1933/1933/1933 1927/1927/1927
f 5413/5413/5413 1970/1970/1970 1954/1954/1954
f 5406/5406/5406 5405/5405/5405 1961/1961/1961
f 5408/5408/5408 5407/5407/5407 1964/1964/1964
f 5409/5409/5409 1965/1965/1965 4973/4973/4973
f 5401/5401/5401 1958/1958/1958 1956/1956/1956
f 5400/5400/5400 5403/5403/5403 1960/1960/1960
f 5445/5445/5445 1917/1917/1917 1969/1969/1969
f 5398/5398/5398 1955/1955/1955 1928/1928/1928
f 5410/5410/5410 1968/1968/1968 1959/1959/1959
f 5540/5540/5540 5422/5422/5422 1987/1987/1987
f 5546/5546/5546 5543/5543/5543 1983/1983/1983
f 5545/5545/5545 1985/1985/1985 1980/1980/1980
f 5475/5475/5475 1946/1946/1946 1940/1940/1940
f 5476/5476/5476 1947/1947/1947 1946/1946/1946
f 5421/5421/5421 5541/5541/5541 1981/1981/1981
f 5422/5422/5422 5420/5420/5420 1977/1977/1977
f 5427/5427/5427 1991/1991/1991 1988/1988/1988
f 5428/5428/5428 1897/1897/1897 1895/1895/1895
f 5569/5569/5569 5567/5567/5567 1060/1060/1060
f 5563/5563/5563 5569/5569/5569 1064/1064/1064
f 5588/5588/5588 5585/5585/5585 1029/1029/1029
f 5576/5576/5576 5582/5582/5582 1052/1052/1052
f 5598/5598/5598 5227/5227/5227 1066/1066/1066
f 5594/5594/5594 5592/5592/5592 1135/1135/1135
f 5612/5612/5612 5396/5396/5396 1902/1902/1902
f 5608/5608/5608 5606/5606/5606 1952/1952/1952
f 5657/5657/5657 5607/5607/5607 5604/5604/5604
f 5654/5654/5654 5605/5605/5605 5607/5607/5607
f 5614/5614/5614 5664/5664/5664 5660/5660/5660
f 5610/5610/5610 5661/5661/5661 5664/5664/5664
f 5633/5633/5633 5581/5581/5581 5577/5577/5577
f 5629/5629/5629 5578/5578/5578 5581/5581/5581
f 5646/5646/5646 5595/5595/5595 5590/5590/5590
f 5641/5641/5641 5591/5591/5591 5595/5595/5595
f 5601/5601/5601 5651/5651/5651 5647/5647/5647
f 5597/5597/5597 5649/5649/5649 5651/5651/5651
f 5639/5639/5639 5587/5587/5587 5583/5583/5583
f 5636/5636/5636 5586/5586/5586 5587/5587/5587
f 5620/5620/5620 5568/5568/5568 5564/5564/5564
f 5615/5615/5615 5565/5565/5565 5568/5568/5568
f 5575/5575/5575 5626/5626/5626 5623/5623/5623
f 5571/5571/5571 5625/5625/5625 5626/5626/5626
f 5618/5618/5618 5622/5622/5622 5667/5667/5667
f 5567/5567/5567 5589/5589/5589 5224/5224/5224
f 5617/5617/5617 5644/5644/5644 5590/5590/5590
f 1054/1054/1054 5572/5572/5572 5563/5563/5563
f 5623/5623/5623 5619/5619/5619 5564/5564/5564
f 5570/5570/5570 1055/1055/1055 5227/5227/5227
f 5647/5647/5647 5625/5625/5625 5571/5571/5571
f 5665/5665/5665 5666/5666/5666 5650/5650/5650
f 1029/1029/1029 5585/5585/5585 5576/5576/5576
f 5582/5582/5582 5579/5579/5579 1046/1046/1046
f 5636/5636/5636 5632/5632/5632 5577/5577/5577
f 5579/5579/5579 5603/5603/5603 5429/5429/5429
f 5628/5628/5628 5656/5656/5656 5604/5604/5604
f 5584/5584/5584 1031/1031/1031 5396/5396/5396
f 5603/5603/5603 5608/5608/5608 1898/1898/1898
f 5660/5660/5660 5638/5638/5638 5583/5583/5583
f 5596/5596/5596 1136/1136/1136 1135/1135/1135
f 5641/5641/5641 5649/5649/5649 5597/5597/5597
f 5631/5631/5631 5635/5635/5635 5670/5670/5670
f 5602/5602/5602 1066/1066/1066 1136/1136/1136
f 5609/5609/5609 1953/1953/1953 1952/1952/1952
f 5654/5654/5654 5661/5661/5661 5610/5610/5610
f 5613/5613/5613 1902/1902/1902 1953/1953/1953
f 5621/5621/5621 5618/5618/5618 5668/5668/5668
f 5634/5634/5634 5631/5631/5631 5593/5593/5593
f 5570/5570/5570 5574/5574/5574 1058/1058/1058
f 5643/5643/5643 5665/5665/5665 5642/5642/5642
f 5666/5666/5666 5648/5648/5648 5652/5652/5652
f 5622/5622/5622 5627/5627/5627 5624/5624/5624
f 5668/5668/5668 5667/5667/5667 5666/5666/5666
f 5667/5667/5667 5624/5624/5624 5648/5648/5648
f 5616/5616/5616 5668/5668/5668 5665/5665/5665
f 5574/5574/5574 5572/5572/5572 1054/1054/1054
f 5589/5589/5589 5594/5594/5594 1074/1074/1074
f 5600/5600/5600 5669/5669/5669 5662/5662/5662
f 5655/5655/5655 5600/5600/5600 5653/5653/5653
f 5630/5630/5630 5593/5593/5593 5600/5600/5600
f 5593/5593/5593 5670/5670/5670 5669/5669/5669
f 5670/5670/5670 5637/5637/5637 5659/5659/5659
f 5669/5669/5669 5659/5659/5659 5663/5663/5663
f 5635/5635/5635 5640/5640/5640 5637/5637/5637
f 5584/5584/5584 5588/5588/5588 1033/1033/1033
f 5702/5702/5702 5699/5699/5699 5704/5704/5704
f 5713/5713/5713 5709/5709/5709 5708/5708/5708
f 5709/5709/5709 5730/5730/5730 5741/5741/5741
f 5702/5702/5702 5698/5698/5698 5695/5695/5695
f 5693/5693/5693 5705/5705/5705 5704/5704/5704
f 5689/5689/5689 5713/5713/5713 5711/5711/5711
f 5678/5678/5678 5689/5689/5689 5687/5687/5687
f 5731/5731/5731 5733/5733/5733 5726/5726/5726
f 5716/5716/5716 5717/5717/5717 5678/5678/5678
f 5737/5737/5737 5740/5740/5740 5722/5722/5722
f 5736/5736/5736 5737/5737/5737 5720/5720/5720
f 5733/5733/5733 5736/5736/5736 5723/5723/5723
f 5684/5684/5684 5743/5743/5743 5746/5746/5746
f 5679/5679/5679 5684/5684/5684 5686/5686/5686
f 5672/5672/5672 5674/5674/5674 5717/5717/5717
f 5695/5695/5695 5698/5698/5698 5722/5722/5722
f 5743/5743/5743 5731/5731/5731 5727/5727/5727
f 5730/5730/5730 5693/5693/5693 5692/5692/5692
f 5676/5676/5676 5688/5688/5688 2860/2860/2860
f 5703/5703/5703 5700/5700/5700 2867/2867/2867
f 5718/5718/5718 5673/5673/5673 2631/2631/2631
f 5685/5685/5685 5745/5745/5745 5253/5253/5253
f 5715/5715/5715 5676/5676/5676 2837/2837/2837
f 5679/5679/5679 5681/5681/5681 2645/2645/2645
f 5729/5729/5729 5710/5710/5710 2677/2677/2677
f 5696/5696/5696 5739/5739/5739 2827/2827/2827
f 5739/5739/5739 5738/5738/5738 2825/2825/2825
f 5690/5690/5690 5677/5677/5677 2637/2637/2637
f 5719/5719/5719 5721/5721/5721 2699/2699/2699
f 5714/5714/5714 5690/5690/5690 2664/2664/2664
f 5738/5738/5738 5735/5735/5735 2823/2823/2823
f 5724/5724/5724 5719/5719/5719 2698/2698/2698
f 5735/5735/5735 5734/5734/5734 2820/2820/2820
f 5725/5725/5725 5724/5724/5724 2695/2695/2695
f 5707/5707/5707 5742/5742/5742 5498/5498/5498
f 5734/5734/5734 5732/5732/5732 2819/2819/2819
f 5674/5674/5674 5672/5672/5672 2830/2830/2830
f 5683/5683/5683 5680/5680/5680 2846/2846/2846

